recorded_at,wave_height_m,wave_direction_deg,wave_period_s,sea_surface_temp_c,sea_level_height_msl_m
2022-01-01T00:00,1.1,65,5.2,,
2022-01-01T01:00,1.1,64,5.15,,
2022-01-01T02:00,1.08,63,5.1,,
2022-01-01T03:00,1.08,62,5.1,,
2022-01-01T04:00,1.06,62,5.05,,
2022-01-01T05:00,1.06,61,5.05,,
2022-01-01T06:00,1.04,62,5.0,,
2022-01-01T07:00,1.02,62,4.95,,
2022-01-01T08:00,1.0,63,4.95,,
2022-01-01T09:00,1.0,65,5.0,,
2022-01-01T10:00,0.98,66,5.05,,
2022-01-01T11:00,0.98,68,5.05,,
2022-01-01T12:00,1.0,67,5.0,,
2022-01-01T13:00,1.02,67,4.95,,
2022-01-01T14:00,1.04,66,4.9,,
2022-01-01T15:00,1.08,66,4.9,,
2022-01-01T16:00,1.1,65,4.95,,
2022-01-01T17:00,1.14,65,4.95,,
2022-01-01T18:00,1.14,64,4.95,,
2022-01-01T19:00,1.14,64,4.95,,
2022-01-01T20:00,1.14,63,4.95,,
2022-01-01T21:00,1.14,62,5.0,,
2022-01-01T22:00,1.14,61,5.0,,
2022-01-01T23:00,1.14,60,5.05,,
2022-01-02T00:00,1.14,59,5.05,,
2022-01-02T01:00,1.14,58,5.0,,
2022-01-02T02:00,1.14,57,5.0,,
2022-01-02T03:00,1.12,56,5.0,,
2022-01-02T04:00,1.12,54,4.95,,
2022-01-02T05:00,1.1,53,4.95,,
2022-01-02T06:00,1.1,53,4.95,,
2022-01-02T07:00,1.1,52,4.95,,
2022-01-02T08:00,1.1,52,4.95,,
2022-01-02T09:00,1.12,54,4.95,,
2022-01-02T10:00,1.12,56,5.0,,
2022-01-02T11:00,1.14,58,5.0,,
2022-01-02T12:00,1.16,60,5.05,,
2022-01-02T13:00,1.16,62,5.05,,
2022-01-02T14:00,1.18,64,5.1,,
2022-01-02T15:00,1.18,65,5.1,,
2022-01-02T16:00,1.18,67,5.1,,
2022-01-02T17:00,1.18,68,5.1,,
2022-01-02T18:00,1.18,68,5.05,,
2022-01-02T19:00,1.16,69,5.0,,
2022-01-02T20:00,1.16,69,5.0,,
2022-01-02T21:00,1.26,69,5.1,,
2022-01-02T22:00,1.34,68,5.25,,
2022-01-02T23:00,1.44,68,5.4,,
2022-01-03T00:00,1.42,68,5.45,,
2022-01-03T01:00,1.38,68,5.45,,
2022-01-03T02:00,1.36,68,5.45,,
2022-01-03T03:00,1.32,67,5.4,,
2022-01-03T04:00,1.28,66,5.3,,
2022-01-03T05:00,1.24,65,5.25,,
2022-01-03T06:00,1.22,64,5.2,,
2022-01-03T07:00,1.18,63,5.15,,
2022-01-03T08:00,1.16,62,5.1,,
2022-01-03T09:00,1.16,62,5.05,,
2022-01-03T10:00,1.14,61,5.05,,
2022-01-03T11:00,1.14,61,5.0,,
2022-01-03T12:00,1.14,61,4.95,,
2022-01-03T13:00,1.16,62,4.95,,
2022-01-03T14:00,1.16,62,4.95,,
2022-01-03T15:00,1.2,64,4.95,,
2022-01-03T16:00,1.24,65,5.0,,
2022-01-03T17:00,1.28,67,5.05,,
2022-01-03T18:00,1.26,68,5.1,,
2022-01-03T19:00,1.26,68,5.15,,
2022-01-03T20:00,1.24,69,5.15,,
2022-01-03T21:00,1.2,68,5.15,,
2022-01-03T22:00,1.18,67,5.1,,
2022-01-03T23:00,1.14,66,5.1,,
2022-01-04T00:00,1.12,66,5.1,,
2022-01-04T01:00,1.08,66,5.15,,
2022-01-04T02:00,1.06,66,5.15,,
2022-01-04T03:00,1.02,66,5.15,,
2022-01-04T04:00,1.0,67,5.2,,
2022-01-04T05:00,0.96,67,5.2,,
2022-01-04T06:00,0.94,66,5.15,,
2022-01-04T07:00,0.94,65,5.1,,
2022-01-04T08:00,0.92,64,5.05,,
2022-01-04T09:00,0.94,63,5.0,,
2022-01-04T10:00,0.96,61,4.95,,
2022-01-04T11:00,0.98,60,4.9,,
2022-01-04T12:00,1.02,61,4.9,,
2022-01-04T13:00,1.04,63,4.95,,
2022-01-04T14:00,1.08,64,5.0,,
2022-01-04T15:00,1.12,66,5.0,,
2022-01-04T16:00,1.14,68,5.05,,
2022-01-04T17:00,1.18,70,5.05,,
2022-01-04T18:00,1.2,70,5.1,,
2022-01-04T19:00,1.2,71,5.1,,
2022-01-04T20:00,1.22,71,5.15,,
2022-01-04T21:00,1.2,70,5.15,,
2022-01-04T22:00,1.18,70,5.15,,
2022-01-04T23:00,1.16,69,5.15,,
2022-01-05T00:00,1.12,69,5.15,,
2022-01-05T01:00,1.08,69,5.15,,
2022-01-05T02:00,1.04,69,5.15,,
2022-01-05T03:00,1.0,70,5.2,,
2022-01-05T04:00,0.94,71,5.2,,
2022-01-05T05:00,0.9,72,5.25,,
2022-01-05T06:00,0.86,73,5.3,,
2022-01-05T07:00,0.84,74,5.3,,
2022-01-05T08:00,0.8,75,5.35,,
2022-01-05T09:00,0.78,75,5.4,,
2022-01-05T10:00,0.74,76,5.4,,
2022-01-05T11:00,0.72,76,5.4,,
2022-01-05T12:00,0.72,75,5.35,,
2022-01-05T13:00,0.72,75,5.25,,
2022-01-05T14:00,0.72,74,5.15,,
2022-01-05T15:00,0.76,75,5.05,,
2022-01-05T16:00,0.8,76,4.95,,
2022-01-05T17:00,0.84,77,4.9,,
2022-01-05T18:00,0.86,77,4.85,,
2022-01-05T19:00,0.88,78,4.85,,
2022-01-05T20:00,0.9,78,4.85,,
2022-01-05T21:00,0.9,77,4.85,,
2022-01-05T22:00,0.92,76,4.8,,
2022-01-05T23:00,0.92,75,4.8,,
2022-01-06T00:00,0.9,74,4.8,,
2022-01-06T01:00,0.9,73,4.8,,
2022-01-06T02:00,0.88,72,4.8,,
2022-01-06T03:00,0.88,72,4.8,,
2022-01-06T04:00,0.88,71,4.85,,
2022-01-06T05:00,0.88,71,4.85,,
2022-01-06T06:00,0.88,70,4.85,,
2022-01-06T07:00,0.9,68,4.8,,
2022-01-06T08:00,0.9,67,4.8,,
2022-01-06T09:00,0.92,67,4.8,,
2022-01-06T10:00,0.96,66,4.75,,
2022-01-06T11:00,0.98,66,4.75,,
2022-01-06T12:00,1.0,67,4.8,,
2022-01-06T13:00,1.02,68,4.85,,
2022-01-06T14:00,1.04,69,4.9,,
2022-01-06T15:00,1.04,70,4.9,,
2022-01-06T16:00,1.04,70,4.9,,
2022-01-06T17:00,1.04,71,4.9,,
2022-01-06T18:00,1.0,71,4.85,,
2022-01-06T19:00,0.98,70,4.75,,
2022-01-06T20:00,0.94,70,4.7,,
2022-01-06T21:00,0.96,70,4.75,,
2022-01-06T22:00,1.0,70,4.85,,
2022-01-06T23:00,1.02,70,4.95,,
2022-01-07T00:00,1.0,71,5.05,,
2022-01-07T01:00,1.0,71,5.1,,
2022-01-07T02:00,0.98,72,5.2,,
2022-01-07T03:00,0.94,74,5.3,,
2022-01-07T04:00,0.88,75,5.4,,
2022-01-07T05:00,0.84,77,5.5,,
2022-01-07T06:00,0.78,80,5.55,,
2022-01-07T07:00,0.72,84,5.5,,
2022-01-07T08:00,0.66,87,5.55,,
2022-01-07T09:00,0.66,89,5.65,,
2022-01-07T10:00,0.64,90,5.75,,
2022-01-07T11:00,0.64,92,5.85,,
2022-01-07T12:00,0.64,93,5.95,,
2022-01-07T13:00,0.66,94,6.05,,
2022-01-07T14:00,0.66,95,6.1,,
2022-01-07T15:00,0.68,93,6.0,,
2022-01-07T16:00,0.7,91,5.9,,
2022-01-07T17:00,0.72,89,5.75,,
2022-01-07T18:00,0.74,88,5.65,,
2022-01-07T19:00,0.76,87,5.55,,
2022-01-07T20:00,0.78,86,5.5,,
2022-01-07T21:00,0.78,86,5.45,,
2022-01-07T22:00,0.8,86,5.4,,
2022-01-07T23:00,0.8,86,5.4,,
2022-01-08T00:00,0.78,87,5.45,,
2022-01-08T01:00,0.78,88,5.55,,
2022-01-08T02:00,0.76,89,5.65,,
2022-01-08T03:00,0.74,91,5.75,,
2022-01-08T04:00,0.72,93,5.9,,
2022-01-08T05:00,0.7,95,6.0,,
2022-01-08T06:00,0.68,96,6.05,,
2022-01-08T07:00,0.68,97,6.1,,
2022-01-08T08:00,0.66,98,6.15,,
2022-01-08T09:00,0.68,96,6.15,,
2022-01-08T10:00,0.68,95,6.15,,
2022-01-08T11:00,0.7,93,6.1,,
2022-01-08T12:00,0.74,90,6.0,,
2022-01-08T13:00,0.76,88,5.9,,
2022-01-08T14:00,0.8,85,5.75,,
2022-01-08T15:00,0.84,83,5.6,,
2022-01-08T16:00,0.9,81,5.5,,
2022-01-08T17:00,0.94,79,5.4,,
2022-01-08T18:00,0.96,79,5.35,,
2022-01-08T19:00,0.98,78,5.4,,
2022-01-08T20:00,1.0,78,5.4,,
2022-01-08T21:00,1.0,78,5.4,,
2022-01-08T22:00,1.02,77,5.4,,
2022-01-08T23:00,1.02,77,5.45,,
2022-01-09T00:00,1.0,78,5.5,,
2022-01-09T01:00,0.96,79,5.6,,
2022-01-09T02:00,0.94,80,5.7,,
2022-01-09T03:00,0.9,82,5.8,,
2022-01-09T04:00,0.88,84,5.9,,
2022-01-09T05:00,0.84,86,6.0,,
2022-01-09T06:00,0.82,87,6.05,,
2022-01-09T07:00,0.8,89,6.05,,
2022-01-09T08:00,0.78,90,6.05,,
2022-01-09T09:00,0.76,90,6.05,,
2022-01-09T10:00,0.76,90,6.0,,
2022-01-09T11:00,0.74,90,5.95,,
2022-01-09T12:00,0.74,89,5.85,,
2022-01-09T13:00,0.74,87,5.75,,
2022-01-09T14:00,0.74,86,5.65,,
2022-01-09T15:00,0.76,85,5.55,,
2022-01-09T16:00,0.78,85,5.4,,
2022-01-09T17:00,0.8,84,5.35,,
2022-01-09T18:00,0.8,84,5.35,,
2022-01-09T19:00,0.82,85,5.35,,
2022-01-09T20:00,0.82,85,5.4,,
2022-01-09T21:00,0.82,85,5.45,,
2022-01-09T22:00,0.8,86,5.5,,
2022-01-09T23:00,0.8,86,5.55,,
2022-01-10T00:00,0.78,88,5.65,,
2022-01-10T01:00,0.74,90,5.8,,
2022-01-10T02:00,0.72,92,5.9,,
2022-01-10T03:00,0.7,95,6.0,,
2022-01-10T04:00,0.7,97,6.15,,
2022-01-10T05:00,0.68,100,6.25,,
2022-01-10T06:00,0.66,102,6.35,,
2022-01-10T07:00,0.66,105,6.45,,
2022-01-10T08:00,0.64,107,6.55,,
2022-01-10T09:00,0.64,109,6.7,,
2022-01-10T10:00,0.62,110,6.8,,
2022-01-10T11:00,0.62,112,6.8,,
2022-01-10T12:00,0.62,108,6.55,,
2022-01-10T13:00,0.62,104,6.2,,
2022-01-10T14:00,0.62,100,5.85,,
2022-01-10T15:00,0.66,96,5.6,,
2022-01-10T16:00,0.72,93,5.4,,
2022-01-10T17:00,0.76,89,5.25,,
2022-01-10T18:00,0.78,88,5.25,,
2022-01-10T19:00,0.8,88,5.35,,
2022-01-10T20:00,0.82,87,5.4,,
2022-01-10T21:00,0.82,86,5.45,,
2022-01-10T22:00,0.84,84,5.45,,
2022-01-10T23:00,0.84,83,5.5,,
2022-01-11T00:00,0.82,83,5.55,,
2022-01-11T01:00,0.82,83,5.6,,
2022-01-11T02:00,0.8,83,5.65,,
2022-01-11T03:00,0.78,84,5.7,,
2022-01-11T04:00,0.78,85,5.8,,
2022-01-11T05:00,0.76,86,5.85,,
2022-01-11T06:00,0.76,87,5.9,,
2022-01-11T07:00,0.74,89,5.9,,
2022-01-11T08:00,0.74,90,5.95,,
2022-01-11T09:00,0.72,93,6.1,,
2022-01-11T10:00,0.72,95,6.25,,
2022-01-11T11:00,0.7,98,6.35,,
2022-01-11T12:00,0.7,98,6.4,,
2022-01-11T13:00,0.68,98,6.4,,
2022-01-11T14:00,0.68,98,6.35,,
2022-01-11T15:00,0.72,96,6.25,,
2022-01-11T16:00,0.74,93,6.05,,
2022-01-11T17:00,0.78,91,5.95,,
2022-01-11T18:00,0.78,90,5.95,,
2022-01-11T19:00,0.8,90,6.0,,
2022-01-11T20:00,0.8,89,6.05,,
2022-01-11T21:00,0.78,90,6.15,,
2022-01-11T22:00,0.78,91,6.25,,
2022-01-11T23:00,0.76,92,6.35,,
2022-01-12T00:00,0.74,95,6.5,,
2022-01-12T01:00,0.72,97,6.7,,
2022-01-12T02:00,0.7,100,6.85,,
2022-01-12T03:00,0.68,104,7.0,,
2022-01-12T04:00,0.66,108,7.2,,
2022-01-12T05:00,0.64,112,7.35,,
2022-01-12T06:00,0.62,116,7.5,,
2022-01-12T07:00,0.6,119,7.65,,
2022-01-12T08:00,0.58,123,7.8,,
2022-01-12T09:00,0.56,126,8.0,,
2022-01-12T10:00,0.56,130,8.15,,
2022-01-12T11:00,0.54,133,8.35,,
2022-01-12T12:00,0.54,136,8.5,,
2022-01-12T13:00,0.52,139,8.7,,
2022-01-12T14:00,0.52,142,8.8,,
2022-01-12T15:00,0.52,143,8.9,,
2022-01-12T16:00,0.5,145,8.95,,
2022-01-12T17:00,0.5,146,8.95,,
2022-01-12T18:00,0.5,145,8.85,,
2022-01-12T19:00,0.52,145,8.7,,
2022-01-12T20:00,0.52,144,8.55,,
2022-01-12T21:00,0.54,140,8.4,,
2022-01-12T22:00,0.58,137,8.2,,
2022-01-12T23:00,0.6,133,8.15,,
2022-01-13T00:00,0.62,133,8.3,,
2022-01-13T01:00,0.64,132,8.5,,
2022-01-13T02:00,0.66,132,8.7,,
2022-01-13T03:00,0.64,134,8.75,,
2022-01-13T04:00,0.6,136,8.7,,
2022-01-13T05:00,0.58,138,8.7,,
2022-01-13T06:00,0.56,141,8.8,,
2022-01-13T07:00,0.54,144,8.95,,
2022-01-13T08:00,0.52,147,9.1,,
2022-01-13T09:00,0.52,149,9.3,,
2022-01-13T10:00,0.52,152,9.5,,
2022-01-13T11:00,0.52,154,9.65,,
2022-01-13T12:00,0.52,156,9.8,,
2022-01-13T13:00,0.5,157,9.9,,
2022-01-13T14:00,0.5,159,10.0,,
2022-01-13T15:00,0.5,160,10.05,,
2022-01-13T16:00,0.5,160,10.1,,
2022-01-13T17:00,0.5,161,10.1,,
2022-01-13T18:00,0.5,162,10.1,,
2022-01-13T19:00,0.48,162,10.05,,
2022-01-13T20:00,0.48,163,10.0,,
2022-01-13T21:00,0.48,163,10.0,,
2022-01-13T22:00,0.48,164,9.95,,
2022-01-13T23:00,0.48,164,9.9,,
2022-01-14T00:00,0.48,163,9.75,,
2022-01-14T01:00,0.46,163,9.6,,
2022-01-14T02:00,0.46,162,9.45,,
2022-01-14T03:00,0.46,161,9.4,,
2022-01-14T04:00,0.48,160,9.45,,
2022-01-14T05:00,0.48,159,9.5,,
2022-01-14T06:00,0.5,158,9.65,,
2022-01-14T07:00,0.54,158,9.85,,
2022-01-14T08:00,0.56,157,9.95,,
2022-01-14T09:00,0.56,156,9.9,,
2022-01-14T10:00,0.58,155,9.75,,
2022-01-14T11:00,0.58,154,9.65,,
2022-01-14T12:00,0.58,153,9.55,,
2022-01-14T13:00,0.58,152,9.5,,
2022-01-14T14:00,0.58,151,9.45,,
2022-01-14T15:00,0.58,152,9.5,,
2022-01-14T16:00,0.58,153,9.6,,
2022-01-14T17:00,0.58,154,9.7,,
2022-01-14T18:00,0.56,155,9.65,,
2022-01-14T19:00,0.54,157,9.6,,
2022-01-14T20:00,0.52,158,9.65,,
2022-01-14T21:00,0.52,159,9.85,,
2022-01-14T22:00,0.52,160,10.2,,
2022-01-14T23:00,0.52,161,10.45,,
2022-01-15T00:00,0.52,162,10.6,,
2022-01-15T01:00,0.54,162,10.75,,
2022-01-15T02:00,0.54,163,10.8,,
2022-01-15T03:00,0.54,162,10.75,,
2022-01-15T04:00,0.56,162,10.65,,
2022-01-15T05:00,0.56,161,10.55,,
2022-01-15T06:00,0.56,160,10.4,,
2022-01-15T07:00,0.56,159,10.25,,
2022-01-15T08:00,0.56,158,10.05,,
2022-01-15T09:00,0.56,157,9.85,,
2022-01-15T10:00,0.58,155,9.6,,
2022-01-15T11:00,0.58,154,9.3,,
2022-01-15T12:00,0.58,151,8.95,,
2022-01-15T13:00,0.58,149,8.6,,
2022-01-15T14:00,0.58,146,8.25,,
2022-01-15T15:00,0.6,142,7.95,,
2022-01-15T16:00,0.6,139,7.75,,
2022-01-15T17:00,0.62,135,7.5,,
2022-01-15T18:00,0.64,131,7.3,,
2022-01-15T19:00,0.64,127,7.1,,
2022-01-15T20:00,0.66,123,6.9,,
2022-01-15T21:00,0.7,118,6.7,,
2022-01-15T22:00,0.72,113,6.5,,
2022-01-15T23:00,0.76,108,6.35,,
2022-01-16T00:00,0.78,106,6.3,,
2022-01-16T01:00,0.8,105,6.25,,
2022-01-16T02:00,0.82,103,6.25,,
2022-01-16T03:00,0.84,103,6.25,,
2022-01-16T04:00,0.84,103,6.25,,
2022-01-16T05:00,0.86,103,6.25,,
2022-01-16T06:00,0.88,102,6.25,,
2022-01-16T07:00,0.9,102,6.3,,
2022-01-16T08:00,0.92,101,6.3,,
2022-01-16T09:00,0.92,100,6.3,,
2022-01-16T10:00,0.94,100,6.35,,
2022-01-16T11:00,0.94,99,6.3,,
2022-01-16T12:00,0.96,96,6.2,,
2022-01-16T13:00,0.96,94,6.1,,
2022-01-16T14:00,0.98,91,5.95,,
2022-01-16T15:00,1.0,88,5.8,,
2022-01-16T16:00,1.02,86,5.6,,
2022-01-16T17:00,1.04,83,5.45,,
2022-01-16T18:00,1.06,82,5.35,,
2022-01-16T19:00,1.06,80,5.3,,
2022-01-16T20:00,1.08,79,5.3,,
2022-01-16T21:00,1.16,79,5.4,,
2022-01-16T22:00,1.24,78,5.6,,
2022-01-16T23:00,1.32,78,5.75,,
2022-01-17T00:00,1.3,79,5.75,,
2022-01-17T01:00,1.26,79,5.75,,
2022-01-17T02:00,1.24,80,5.7,,
2022-01-17T03:00,1.2,81,5.7,,
2022-01-17T04:00,1.14,81,5.65,,
2022-01-17T05:00,1.1,82,5.65,,
2022-01-17T06:00,1.06,82,5.65,,
2022-01-17T07:00,1.04,83,5.6,,
2022-01-17T08:00,1.0,83,5.6,,
2022-01-17T09:00,0.98,83,5.6,,
2022-01-17T10:00,0.98,83,5.55,,
2022-01-17T11:00,0.96,83,5.5,,
2022-01-17T12:00,0.98,81,5.4,,
2022-01-17T13:00,1.0,78,5.3,,
2022-01-17T14:00,1.02,76,5.2,,
2022-01-17T15:00,1.08,74,5.15,,
2022-01-17T16:00,1.12,73,5.1,,
2022-01-17T17:00,1.18,71,5.1,,
2022-01-17T18:00,1.18,71,5.15,,
2022-01-17T19:00,1.18,71,5.25,,
2022-01-17T20:00,1.18,71,5.3,,
2022-01-17T21:00,1.16,72,5.35,,
2022-01-17T22:00,1.12,72,5.4,,
2022-01-17T23:00,1.1,73,5.45,,
2022-01-18T00:00,1.08,74,5.5,,
2022-01-18T01:00,1.06,75,5.6,,
2022-01-18T02:00,1.04,76,5.65,,
2022-01-18T03:00,1.02,77,5.75,,
2022-01-18T04:00,1.0,79,5.8,,
2022-01-18T05:00,0.98,80,5.9,,
2022-01-18T06:00,0.98,81,6.0,,
2022-01-18T07:00,0.96,82,6.15,,
2022-01-18T08:00,0.96,83,6.2,,
2022-01-18T09:00,0.94,83,6.2,,
2022-01-18T10:00,0.92,84,6.1,,
2022-01-18T11:00,0.9,84,6.05,,
2022-01-18T12:00,0.94,83,6.05,,
2022-01-18T13:00,0.98,82,6.05,,
2022-01-18T14:00,1.02,81,6.05,,
2022-01-18T15:00,1.08,81,6.0,,
2022-01-18T16:00,1.12,80,5.95,,
2022-01-18T17:00,1.18,80,5.9,,
2022-01-18T18:00,1.2,79,5.9,,
2022-01-18T19:00,1.22,79,5.85,,
2022-01-18T20:00,1.24,78,5.85,,
2022-01-18T21:00,1.24,78,5.8,,
2022-01-18T22:00,1.26,77,5.75,,
2022-01-18T23:00,1.26,77,5.75,,
2022-01-19T00:00,1.22,78,5.8,,
2022-01-19T01:00,1.2,78,5.85,,
2022-01-19T02:00,1.16,79,5.9,,
2022-01-19T03:00,1.12,81,6.0,,
2022-01-19T04:00,1.06,83,6.1,,
2022-01-19T05:00,1.02,85,6.2,,
2022-01-19T06:00,0.98,88,6.3,,
2022-01-19T07:00,0.94,90,6.35,,
2022-01-19T08:00,0.9,93,6.45,,
2022-01-19T09:00,0.88,95,6.55,,
2022-01-19T10:00,0.86,97,6.65,,
2022-01-19T11:00,0.84,99,6.65,,
2022-01-19T12:00,0.84,97,6.6,,
2022-01-19T13:00,0.84,96,6.45,,
2022-01-19T14:00,0.84,94,6.3,,
2022-01-19T15:00,0.86,92,6.05,,
2022-01-19T16:00,0.88,91,5.75,,
2022-01-19T17:00,0.9,89,5.5,,
2022-01-19T18:00,0.92,88,5.4,,
2022-01-19T19:00,0.94,88,5.4,,
2022-01-19T20:00,0.96,87,5.4,,
2022-01-19T21:00,0.98,87,5.4,,
2022-01-19T22:00,0.98,86,5.45,,
2022-01-19T23:00,1.0,86,5.5,,
2022-01-20T00:00,0.98,87,5.6,,
2022-01-20T01:00,0.98,88,5.7,,
2022-01-20T02:00,0.96,89,5.8,,
2022-01-20T03:00,0.92,91,5.9,,
2022-01-20T04:00,0.9,92,6.05,,
2022-01-20T05:00,0.86,94,6.2,,
2022-01-20T06:00,0.82,97,6.4,,
2022-01-20T07:00,0.76,101,6.6,,
2022-01-20T08:00,0.72,104,6.85,,
2022-01-20T09:00,0.7,108,7.15,,
2022-01-20T10:00,0.66,112,7.5,,
2022-01-20T11:00,0.64,116,7.75,,
2022-01-20T12:00,0.64,118,7.9,,
2022-01-20T13:00,0.62,119,7.95,,
2022-01-20T14:00,0.62,121,7.85,,
2022-01-20T15:00,0.64,117,7.55,,
2022-01-20T16:00,0.68,114,7.15,,
2022-01-20T17:00,0.7,110,6.85,,
2022-01-20T18:00,0.7,110,6.75,,
2022-01-20T19:00,0.72,109,6.75,,
2022-01-20T20:00,0.72,109,6.75,,
2022-01-20T21:00,0.72,109,6.75,,
2022-01-20T22:00,0.74,108,6.7,,
2022-01-20T23:00,0.74,108,6.75,,
2022-01-21T00:00,0.74,109,6.8,,
2022-01-21T01:00,0.74,109,6.95,,
2022-01-21T02:00,0.74,110,7.1,,
2022-01-21T03:00,0.72,113,7.4,,
2022-01-21T04:00,0.72,116,7.75,,
2022-01-21T05:00,0.7,119,8.05,,
2022-01-21T06:00,0.68,122,8.3,,
2022-01-21T07:00,0.66,126,8.5,,
2022-01-21T08:00,0.64,129,8.7,,
2022-01-21T09:00,0.62,131,8.85,,
2022-01-21T10:00,0.6,134,8.95,,
2022-01-21T11:00,0.58,136,9.1,,
2022-01-21T12:00,0.58,139,9.35,,
2022-01-21T13:00,0.56,141,9.65,,
2022-01-21T14:00,0.56,144,9.9,,
2022-01-21T15:00,0.56,146,10.0,,
2022-01-21T16:00,0.58,147,10.05,,
2022-01-21T17:00,0.58,149,10.05,,
2022-01-21T18:00,0.58,149,10.05,,
2022-01-21T19:00,0.58,149,10.0,,
2022-01-21T20:00,0.58,149,10.05,,
2022-01-21T21:00,0.58,151,10.2,,
2022-01-21T22:00,0.58,154,10.4,,
2022-01-21T23:00,0.58,156,10.6,,
2022-01-22T00:00,0.58,158,10.8,,
2022-01-22T01:00,0.58,159,11.0,,
2022-01-22T02:00,0.58,161,11.2,,
2022-01-22T03:00,0.58,162,11.35,,
2022-01-22T04:00,0.56,162,11.45,,
2022-01-22T05:00,0.56,163,11.5,,
2022-01-22T06:00,0.56,164,11.55,,
2022-01-22T07:00,0.56,164,11.6,,
2022-01-22T08:00,0.56,165,11.6,,
2022-01-22T09:00,0.56,165,11.6,,
2022-01-22T10:00,0.56,166,11.65,,
2022-01-22T11:00,0.56,166,11.65,,
2022-01-22T12:00,0.56,166,11.65,,
2022-01-22T13:00,0.58,167,11.6,,
2022-01-22T14:00,0.58,167,11.6,,
2022-01-22T15:00,0.58,167,11.6,,
2022-01-22T16:00,0.58,168,11.65,,
2022-01-22T17:00,0.58,168,11.55,,
2022-01-22T18:00,0.6,166,11.2,,
2022-01-22T19:00,0.64,163,10.75,,
2022-01-22T20:00,0.66,161,10.4,,
2022-01-22T21:00,0.66,161,10.3,,
2022-01-22T22:00,0.66,162,10.35,,
2022-01-22T23:00,0.66,162,10.45,,
2022-01-23T00:00,0.66,164,10.55,,
2022-01-23T01:00,0.66,165,10.65,,
2022-01-23T02:00,0.66,167,10.8,,
2022-01-23T03:00,0.66,168,11.0,,
2022-01-23T04:00,0.68,168,11.2,,
2022-01-23T05:00,0.68,169,11.4,,
2022-01-23T06:00,0.68,169,11.65,,
2022-01-23T07:00,0.7,169,11.85,,
2022-01-23T08:00,0.7,169,12.05,,
2022-01-23T09:00,0.7,169,12.2,,
2022-01-23T10:00,0.72,169,12.3,,
2022-01-23T11:00,0.72,169,12.35,,
2022-01-23T12:00,0.72,169,12.25,,
2022-01-23T13:00,0.7,169,12.1,,
2022-01-23T14:00,0.7,169,11.95,,
2022-01-23T15:00,0.72,169,11.85,,
2022-01-23T16:00,0.72,168,11.8,,
2022-01-23T17:00,0.74,168,11.6,,
2022-01-23T18:00,0.74,168,11.2,,
2022-01-23T19:00,0.72,167,10.7,,
2022-01-23T20:00,0.72,167,10.4,,
2022-01-23T21:00,0.74,168,10.5,,
2022-01-23T22:00,0.76,168,10.85,,
2022-01-23T23:00,0.78,169,11.1,,
2022-01-24T00:00,0.78,169,11.15,,
2022-01-24T01:00,0.78,170,11.1,,
2022-01-24T02:00,0.78,170,11.05,,
2022-01-24T03:00,0.78,170,11.05,,
2022-01-24T04:00,0.76,170,11.0,,
2022-01-24T05:00,0.76,170,11.0,,
2022-01-24T06:00,0.76,170,11.0,,
2022-01-24T07:00,0.76,169,11.0,,
2022-01-24T08:00,0.76,169,11.0,,
2022-01-24T09:00,0.76,169,11.0,,
2022-01-24T10:00,0.78,169,11.05,,
2022-01-24T11:00,0.78,169,11.05,,
2022-01-24T12:00,0.78,169,11.05,,
2022-01-24T13:00,0.78,169,11.05,,
2022-01-24T14:00,0.78,169,11.05,,
2022-01-24T15:00,0.78,169,11.0,,
2022-01-24T16:00,0.78,169,10.95,,
2022-01-24T17:00,0.78,169,10.85,,
2022-01-24T18:00,0.78,170,10.6,,
2022-01-24T19:00,0.8,171,10.35,,
2022-01-24T20:00,0.8,172,10.15,,
2022-01-24T21:00,0.8,172,10.1,,
2022-01-24T22:00,0.78,172,10.15,,
2022-01-24T23:00,0.78,172,10.25,,
2022-01-25T00:00,0.78,172,10.35,,
2022-01-25T01:00,0.78,171,10.45,,
2022-01-25T02:00,0.78,171,10.55,,
2022-01-25T03:00,0.78,170,10.6,,
2022-01-25T04:00,0.78,170,10.65,,
2022-01-25T05:00,0.78,169,10.6,,
2022-01-25T06:00,0.78,167,10.45,,
2022-01-25T07:00,0.8,164,10.3,,
2022-01-25T08:00,0.8,162,10.1,,
2022-01-25T09:00,0.8,161,9.95,,
2022-01-25T10:00,0.8,159,9.85,,
2022-01-25T11:00,0.8,158,9.75,,
2022-01-25T12:00,0.8,158,9.7,,
2022-01-25T13:00,0.8,158,9.75,,
2022-01-25T14:00,0.8,158,9.8,,
2022-01-25T15:00,0.8,159,9.9,,
2022-01-25T16:00,0.78,159,10.05,,
2022-01-25T17:00,0.78,160,10.2,,
2022-01-25T18:00,0.78,161,10.4,,
2022-01-25T19:00,0.76,162,10.6,,
2022-01-25T20:00,0.76,163,10.8,,
2022-01-25T21:00,0.74,164,10.9,,
2022-01-25T22:00,0.74,164,11.0,,
2022-01-25T23:00,0.72,165,11.1,,
2022-01-26T00:00,0.72,166,11.2,,
2022-01-26T01:00,0.72,167,11.3,,
2022-01-26T02:00,0.72,168,11.35,,
2022-01-26T03:00,0.72,169,11.4,,
2022-01-26T04:00,0.72,169,11.45,,
2022-01-26T05:00,0.72,170,11.5,,
2022-01-26T06:00,0.72,170,11.6,,
2022-01-26T07:00,0.7,170,11.7,,
2022-01-26T08:00,0.7,170,11.8,,
2022-01-26T09:00,0.7,170,11.9,,
2022-01-26T10:00,0.72,171,12.0,,
2022-01-26T11:00,0.72,171,12.1,,
2022-01-26T12:00,0.72,171,12.25,,
2022-01-26T13:00,0.72,171,12.4,,
2022-01-26T14:00,0.72,171,12.5,,
2022-01-26T15:00,0.72,171,12.55,,
2022-01-26T16:00,0.72,171,12.6,,
2022-01-26T17:00,0.72,171,12.65,,
2022-01-26T18:00,0.72,171,12.7,,
2022-01-26T19:00,0.72,171,12.7,,
2022-01-26T20:00,0.72,171,12.7,,
2022-01-26T21:00,0.72,171,12.7,,
2022-01-26T22:00,0.72,171,12.65,,
2022-01-26T23:00,0.72,171,12.6,,
2022-01-27T00:00,0.72,171,12.6,,
2022-01-27T01:00,0.7,171,12.55,,
2022-01-27T02:00,0.7,171,12.55,,
2022-01-27T03:00,0.7,171,12.6,,
2022-01-27T04:00,0.7,171,12.65,,
2022-01-27T05:00,0.7,171,12.5,,
2022-01-27T06:00,0.7,169,12.0,,
2022-01-27T07:00,0.7,166,11.3,,
2022-01-27T08:00,0.7,164,10.6,,
2022-01-27T09:00,0.66,158,9.95,,
2022-01-27T10:00,0.64,152,9.35,,
2022-01-27T11:00,0.6,146,8.85,,
2022-01-27T12:00,0.66,138,8.55,,
2022-01-27T13:00,0.72,129,8.35,,
2022-01-27T14:00,0.78,121,8.1,,
2022-01-27T15:00,0.82,114,7.7,,
2022-01-27T16:00,0.86,108,7.25,,
2022-01-27T17:00,0.9,101,6.9,,
2022-01-27T18:00,0.98,96,6.7,,
2022-01-27T19:00,1.06,92,6.6,,
2022-01-27T20:00,1.14,87,6.5,,
2022-01-27T21:00,1.16,85,6.3,,
2022-01-27T22:00,1.18,82,6.05,,
2022-01-27T23:00,1.2,80,5.9,,
2022-01-28T00:00,1.18,81,5.9,,
2022-01-28T01:00,1.16,82,5.95,,
2022-01-28T02:00,1.14,83,6.0,,
2022-01-28T03:00,1.08,84,5.95,,
2022-01-28T04:00,1.04,86,5.85,,
2022-01-28T05:00,0.98,87,5.8,,
2022-01-28T06:00,0.96,88,5.8,,
2022-01-28T07:00,0.94,88,5.8,,
2022-01-28T08:00,0.92,89,5.85,,
2022-01-28T09:00,0.92,88,5.9,,
2022-01-28T10:00,0.92,87,5.9,,
2022-01-28T11:00,0.92,86,5.9,,
2022-01-28T12:00,0.94,85,5.85,,
2022-01-28T13:00,0.94,83,5.75,,
2022-01-28T14:00,0.96,82,5.7,,
2022-01-28T15:00,0.98,81,5.65,,
2022-01-28T16:00,1.0,81,5.6,,
2022-01-28T17:00,1.02,80,5.55,,
2022-01-28T18:00,1.04,79,5.55,,
2022-01-28T19:00,1.08,77,5.6,,
2022-01-28T20:00,1.1,76,5.6,,
2022-01-28T21:00,1.12,74,5.6,,
2022-01-28T22:00,1.14,73,5.6,,
2022-01-28T23:00,1.16,71,5.6,,
2022-01-29T00:00,1.16,71,5.6,,
2022-01-29T01:00,1.16,70,5.65,,
2022-01-29T02:00,1.16,70,5.7,,
2022-01-29T03:00,1.14,70,5.75,,
2022-01-29T04:00,1.14,70,5.85,,
2022-01-29T05:00,1.12,70,5.9,,
2022-01-29T06:00,1.1,70,5.95,,
2022-01-29T07:00,1.1,70,5.95,,
2022-01-29T08:00,1.08,70,6.0,,
2022-01-29T09:00,1.08,70,6.05,,
2022-01-29T10:00,1.1,71,6.1,,
2022-01-29T11:00,1.1,71,6.1,,
2022-01-29T12:00,1.14,70,6.1,,
2022-01-29T13:00,1.18,70,6.1,,
2022-01-29T14:00,1.22,69,6.05,,
2022-01-29T15:00,1.26,69,6.0,,
2022-01-29T16:00,1.32,68,5.9,,
2022-01-29T17:00,1.36,68,5.9,,
2022-01-29T18:00,1.38,68,5.95,,
2022-01-29T19:00,1.38,67,6.05,,
2022-01-29T20:00,1.4,67,6.15,,
2022-01-29T21:00,1.42,66,6.25,,
2022-01-29T22:00,1.42,66,6.3,,
2022-01-29T23:00,1.44,65,6.35,,
2022-01-30T00:00,1.36,66,6.35,,
2022-01-30T01:00,1.28,67,6.35,,
2022-01-30T02:00,1.2,68,6.35,,
2022-01-30T03:00,1.12,71,6.4,,
2022-01-30T04:00,1.06,74,6.45,,
2022-01-30T05:00,0.98,77,6.55,,
2022-01-30T06:00,0.94,81,6.7,,
2022-01-30T07:00,0.92,86,6.9,,
2022-01-30T08:00,0.88,90,7.1,,
2022-01-30T09:00,0.86,94,7.35,,
2022-01-30T10:00,0.84,99,7.6,,
2022-01-30T11:00,0.82,103,7.8,,
2022-01-30T12:00,0.84,103,7.85,,
2022-01-30T13:00,0.86,102,7.85,,
2022-01-30T14:00,0.88,102,7.75,,
2022-01-30T15:00,0.92,98,7.55,,
2022-01-30T16:00,0.98,95,7.25,,
2022-01-30T17:00,1.02,91,7.05,,
2022-01-30T18:00,1.04,89,6.95,,
2022-01-30T19:00,1.08,88,6.9,,
2022-01-30T20:00,1.1,86,6.85,,
2022-01-30T21:00,1.1,87,6.85,,
2022-01-30T22:00,1.1,87,6.85,,
2022-01-30T23:00,1.1,88,6.9,,
2022-01-31T00:00,1.08,90,6.95,,
2022-01-31T01:00,1.04,93,7.05,,
2022-01-31T02:00,1.02,95,7.2,,
2022-01-31T03:00,1.0,99,7.35,,
2022-01-31T04:00,0.98,104,7.55,,
2022-01-31T05:00,0.96,108,7.75,,
2022-01-31T06:00,0.92,111,7.9,,
2022-01-31T07:00,0.9,115,8.05,,
2022-01-31T08:00,0.86,118,8.2,,
2022-01-31T09:00,0.86,120,8.4,,
2022-01-31T10:00,0.84,123,8.55,,
2022-01-31T11:00,0.84,125,8.7,,
2022-01-31T12:00,0.84,126,8.75,,
2022-01-31T13:00,0.84,126,8.75,,
2022-01-31T14:00,0.84,127,8.7,,
2022-01-31T15:00,0.86,126,8.7,,
2022-01-31T16:00,0.86,124,8.7,,
2022-01-31T17:00,0.88,123,8.6,,
2022-01-31T18:00,0.9,120,8.4,,
2022-01-31T19:00,0.9,118,8.15,,
2022-01-31T20:00,0.92,115,7.85,,
2022-01-31T21:00,0.94,111,7.55,,
2022-01-31T22:00,0.96,107,7.25,,
2022-01-31T23:00,0.98,103,7.05,,
2022-02-01T00:00,0.98,103,6.95,,
2022-02-01T01:00,0.98,102,6.85,,
2022-02-01T02:00,0.98,102,6.85,,
2022-02-01T03:00,0.98,103,6.85,,
2022-02-01T04:00,0.96,105,6.95,,
2022-02-01T05:00,0.96,106,7.0,,
2022-02-01T06:00,0.94,108,7.05,,
2022-02-01T07:00,0.94,109,7.15,,
2022-02-01T08:00,0.92,111,7.2,,
2022-02-01T09:00,0.9,113,7.3,,
2022-02-01T10:00,0.88,114,7.4,,
2022-02-01T11:00,0.86,116,7.45,,
2022-02-01T12:00,0.86,115,7.4,,
2022-02-01T13:00,0.86,114,7.35,,
2022-02-01T14:00,0.86,113,7.2,,
2022-02-01T15:00,0.9,110,7.0,,
2022-02-01T16:00,0.92,106,6.7,,
2022-02-01T17:00,0.96,103,6.5,,
2022-02-01T18:00,0.98,101,6.4,,
2022-02-01T19:00,0.98,100,6.3,,
2022-02-01T20:00,1.0,98,6.25,,
2022-02-01T21:00,1.0,97,6.2,,
2022-02-01T22:00,1.02,95,6.1,,
2022-02-01T23:00,1.02,94,6.1,,
2022-02-02T00:00,1.0,95,6.15,,
2022-02-02T01:00,0.98,95,6.25,,
2022-02-02T02:00,0.96,96,6.35,,
2022-02-02T03:00,0.92,99,6.5,,
2022-02-02T04:00,0.9,101,6.65,,
2022-02-02T05:00,0.86,104,6.85,,
2022-02-02T06:00,0.86,107,7.1,,
2022-02-02T07:00,0.86,110,7.4,,
2022-02-02T08:00,0.86,113,7.55,,
2022-02-02T09:00,0.84,113,7.5,,
2022-02-02T10:00,0.82,112,7.3,,
2022-02-02T11:00,0.8,112,7.1,,
2022-02-02T12:00,0.8,110,6.95,,
2022-02-02T13:00,0.8,109,6.8,,
2022-02-02T14:00,0.8,107,6.6,,
2022-02-02T15:00,0.78,104,6.2,,
2022-02-02T16:00,0.74,102,5.7,,
2022-02-02T17:00,0.72,99,5.4,,
2022-02-02T18:00,0.76,98,5.4,,
2022-02-02T19:00,0.8,96,5.55,,
2022-02-02T20:00,0.84,95,5.75,,
2022-02-02T21:00,0.88,93,5.9,,
2022-02-02T22:00,0.94,92,6.05,,
2022-02-02T23:00,0.98,90,6.2,,
2022-02-03T00:00,0.96,92,6.4,,
2022-02-03T01:00,0.96,94,6.65,,
2022-02-03T02:00,0.94,96,6.9,,
2022-02-03T03:00,0.9,100,7.15,,
2022-02-03T04:00,0.88,104,7.4,,
2022-02-03T05:00,0.84,108,7.6,,
2022-02-03T06:00,0.8,111,7.7,,
2022-02-03T07:00,0.76,115,7.8,,
2022-02-03T08:00,0.72,118,7.85,,
2022-02-03T09:00,0.7,121,7.95,,
2022-02-03T10:00,0.66,124,8.1,,
2022-02-03T11:00,0.64,127,8.2,,
2022-02-03T12:00,0.64,130,8.35,,
2022-02-03T13:00,0.62,132,8.45,,
2022-02-03T14:00,0.62,135,8.5,,
2022-02-03T15:00,0.62,134,8.35,,
2022-02-03T16:00,0.62,134,8.15,,
2022-02-03T17:00,0.62,133,8.0,,
2022-02-03T18:00,0.6,134,8.05,,
2022-02-03T19:00,0.6,134,8.15,,
2022-02-03T20:00,0.58,135,8.35,,
2022-02-03T21:00,0.56,138,8.6,,
2022-02-03T22:00,0.56,142,8.9,,
2022-02-03T23:00,0.54,145,9.2,,
2022-02-04T00:00,0.52,147,9.45,,
2022-02-04T01:00,0.52,150,9.65,,
2022-02-04T02:00,0.5,152,9.8,,
2022-02-04T03:00,0.5,153,9.95,,
2022-02-04T04:00,0.48,155,10.05,,
2022-02-04T05:00,0.48,156,10.1,,
2022-02-04T06:00,0.48,157,10.15,,
2022-02-04T07:00,0.46,157,10.15,,
2022-02-04T08:00,0.46,158,10.2,,
2022-02-04T09:00,0.46,158,10.25,,
2022-02-04T10:00,0.46,158,10.25,,
2022-02-04T11:00,0.46,158,10.3,,
2022-02-04T12:00,0.46,158,10.35,,
2022-02-04T13:00,0.46,158,10.4,,
2022-02-04T14:00,0.46,158,10.4,,
2022-02-04T15:00,0.46,158,10.3,,
2022-02-04T16:00,0.46,157,10.15,,
2022-02-04T17:00,0.46,157,9.85,,
2022-02-04T18:00,0.46,154,9.2,,
2022-02-04T19:00,0.48,151,8.35,,
2022-02-04T20:00,0.48,148,7.8,,
2022-02-04T21:00,0.46,148,7.7,,
2022-02-04T22:00,0.46,149,7.9,,
2022-02-04T23:00,0.44,149,8.2,,
2022-02-05T00:00,0.46,151,8.65,,
2022-02-05T01:00,0.46,153,9.2,,
2022-02-05T02:00,0.48,155,9.6,,
2022-02-05T03:00,0.48,156,9.75,,
2022-02-05T04:00,0.46,157,9.8,,
2022-02-05T05:00,0.46,158,9.8,,
2022-02-05T06:00,0.46,158,9.8,,
2022-02-05T07:00,0.44,158,9.8,,
2022-02-05T08:00,0.44,158,9.75,,
2022-02-05T09:00,0.44,157,9.8,,
2022-02-05T10:00,0.42,156,9.8,,
2022-02-05T11:00,0.42,155,9.65,,
2022-02-05T12:00,0.44,149,9.2,,
2022-02-05T13:00,0.48,142,8.6,,
2022-02-05T14:00,0.5,136,8.05,,
2022-02-05T15:00,0.52,129,7.6,,
2022-02-05T16:00,0.56,122,7.25,,
2022-02-05T17:00,0.58,115,6.9,,
2022-02-05T18:00,0.62,110,6.6,,
2022-02-05T19:00,0.66,104,6.35,,
2022-02-05T20:00,0.7,99,6.15,,
2022-02-05T21:00,0.74,95,5.95,,
2022-02-05T22:00,0.78,90,5.85,,
2022-02-05T23:00,0.82,86,5.75,,
2022-02-06T00:00,0.82,86,5.75,,
2022-02-06T01:00,0.82,87,5.85,,
2022-02-06T02:00,0.82,87,5.9,,
2022-02-06T03:00,0.82,90,5.95,,
2022-02-06T04:00,0.84,93,6.05,,
2022-02-06T05:00,0.84,96,6.1,,
2022-02-06T06:00,0.84,99,6.15,,
2022-02-06T07:00,0.84,101,6.15,,
2022-02-06T08:00,0.84,104,6.2,,
2022-02-06T09:00,0.82,105,6.3,,
2022-02-06T10:00,0.82,107,6.4,,
2022-02-06T11:00,0.8,108,6.5,,
2022-02-06T12:00,0.8,108,6.6,,
2022-02-06T13:00,0.8,109,6.7,,
2022-02-06T14:00,0.8,109,6.7,,
2022-02-06T15:00,0.82,106,6.45,,
2022-02-06T16:00,0.84,104,6.1,,
2022-02-06T17:00,0.86,101,5.85,,
2022-02-06T18:00,0.88,99,5.75,,
2022-02-06T19:00,0.9,96,5.7,,
2022-02-06T20:00,0.92,94,5.65,,
2022-02-06T21:00,0.96,92,5.6,,
2022-02-06T22:00,1.0,91,5.6,,
2022-02-06T23:00,1.04,89,5.6,,
2022-02-07T00:00,1.04,89,5.7,,
2022-02-07T01:00,1.04,90,5.85,,
2022-02-07T02:00,1.04,90,6.0,,
2022-02-07T03:00,1.0,91,6.15,,
2022-02-07T04:00,0.98,93,6.3,,
2022-02-07T05:00,0.94,94,6.45,,
2022-02-07T06:00,0.9,96,6.6,,
2022-02-07T07:00,0.88,98,6.75,,
2022-02-07T08:00,0.84,100,6.9,,
2022-02-07T09:00,0.84,100,7.0,,
2022-02-07T10:00,0.82,101,7.05,,
2022-02-07T11:00,0.82,101,7.05,,
2022-02-07T12:00,0.86,98,6.95,,
2022-02-07T13:00,0.88,96,6.75,,
2022-02-07T14:00,0.92,93,6.55,,
2022-02-07T15:00,1.0,91,6.35,,
2022-02-07T16:00,1.06,90,6.1,,
2022-02-07T17:00,1.14,88,5.95,,
2022-02-07T18:00,1.16,88,5.9,,
2022-02-07T19:00,1.18,87,5.9,,
2022-02-07T20:00,1.2,87,5.95,,
2022-02-07T21:00,1.2,86,5.95,,
2022-02-07T22:00,1.2,85,5.95,,
2022-02-07T23:00,1.2,84,6.0,,
2022-02-08T00:00,1.18,85,6.1,,
2022-02-08T01:00,1.14,86,6.2,,
2022-02-08T02:00,1.12,87,6.35,,
2022-02-08T03:00,1.06,90,6.55,,
2022-02-08T04:00,1.02,93,6.75,,
2022-02-08T05:00,0.96,96,6.95,,
2022-02-08T06:00,0.88,101,7.0,,
2022-02-08T07:00,0.78,107,7.0,,
2022-02-08T08:00,0.7,112,7.1,,
2022-02-08T09:00,0.7,115,7.35,,
2022-02-08T10:00,0.72,119,7.7,,
2022-02-08T11:00,0.72,122,7.9,,
2022-02-08T12:00,0.74,119,7.9,,
2022-02-08T13:00,0.78,117,7.8,,
2022-02-08T14:00,0.8,114,7.6,,
2022-02-08T15:00,0.86,108,7.25,,
2022-02-08T16:00,0.92,102,6.75,,
2022-02-08T17:00,0.98,96,6.35,,
2022-02-08T18:00,1.04,93,6.1,,
2022-02-08T19:00,1.1,91,5.95,,
2022-02-08T20:00,1.16,88,5.85,,
2022-02-08T21:00,1.2,86,5.8,,
2022-02-08T22:00,1.26,85,5.75,,
2022-02-08T23:00,1.3,83,5.8,,
2022-02-09T00:00,1.26,84,5.9,,
2022-02-09T01:00,1.24,85,6.0,,
2022-02-09T02:00,1.2,86,6.15,,
2022-02-09T03:00,1.14,88,6.3,,
2022-02-09T04:00,1.1,90,6.4,,
2022-02-09T05:00,1.04,92,6.55,,
2022-02-09T06:00,1.0,94,6.65,,
2022-02-09T07:00,0.96,97,6.8,,
2022-02-09T08:00,0.92,99,6.85,,
2022-02-09T09:00,0.92,98,6.9,,
2022-02-09T10:00,0.92,98,6.85,,
2022-02-09T11:00,0.92,97,6.8,,
2022-02-09T12:00,0.96,93,6.65,,
2022-02-09T13:00,1.0,88,6.45,,
2022-02-09T14:00,1.04,84,6.25,,
2022-02-09T15:00,1.1,83,6.1,,
2022-02-09T16:00,1.18,81,6.0,,
2022-02-09T17:00,1.24,80,5.9,,
2022-02-09T18:00,1.24,80,5.9,,
2022-02-09T19:00,1.22,79,5.95,,
2022-02-09T20:00,1.22,79,6.0,,
2022-02-09T21:00,1.2,80,6.05,,
2022-02-09T22:00,1.16,80,6.1,,
2022-02-09T23:00,1.14,81,6.2,,
2022-02-10T00:00,1.1,82,6.35,,
2022-02-10T01:00,1.08,84,6.45,,
2022-02-10T02:00,1.04,85,6.6,,
2022-02-10T03:00,1.0,86,6.7,,
2022-02-10T04:00,0.96,88,6.75,,
2022-02-10T05:00,0.92,89,6.8,,
2022-02-10T06:00,0.88,90,6.75,,
2022-02-10T07:00,0.82,90,6.65,,
2022-02-10T08:00,0.78,91,6.6,,
2022-02-10T09:00,0.76,93,6.6,,
2022-02-10T10:00,0.72,95,6.7,,
2022-02-10T11:00,0.7,97,6.65,,
2022-02-10T12:00,0.7,94,6.5,,
2022-02-10T13:00,0.72,91,6.25,,
2022-02-10T14:00,0.72,88,6.0,,
2022-02-10T15:00,0.8,86,5.75,,
2022-02-10T16:00,0.86,85,5.5,,
2022-02-10T17:00,0.94,83,5.35,,
2022-02-10T18:00,0.98,82,5.3,,
2022-02-10T19:00,1.02,80,5.3,,
2022-02-10T20:00,1.06,79,5.35,,
2022-02-10T21:00,1.1,77,5.4,,
2022-02-10T22:00,1.12,76,5.45,,
2022-02-10T23:00,1.16,74,5.5,,
2022-02-11T00:00,1.14,74,5.55,,
2022-02-11T01:00,1.14,74,5.6,,
2022-02-11T02:00,1.12,74,5.7,,
2022-02-11T03:00,1.1,75,5.8,,
2022-02-11T04:00,1.06,75,5.9,,
2022-02-11T05:00,1.04,76,6.0,,
2022-02-11T06:00,1.02,77,6.1,,
2022-02-11T07:00,0.98,77,6.2,,
2022-02-11T08:00,0.96,78,6.25,,
2022-02-11T09:00,0.96,78,6.3,,
2022-02-11T10:00,0.96,79,6.35,,
2022-02-11T11:00,0.96,79,6.35,,
2022-02-11T12:00,0.98,78,6.3,,
2022-02-11T13:00,1.0,76,6.15,,
2022-02-11T14:00,1.02,75,6.05,,
2022-02-11T15:00,1.06,74,5.95,,
2022-02-11T16:00,1.12,72,5.85,,
2022-02-11T17:00,1.16,71,5.8,,
2022-02-11T18:00,1.16,70,5.8,,
2022-02-11T19:00,1.18,70,5.8,,
2022-02-11T20:00,1.18,69,5.85,,
2022-02-11T21:00,1.18,69,5.85,,
2022-02-11T22:00,1.16,68,5.9,,
2022-02-11T23:00,1.16,68,5.9,,
2022-02-12T00:00,1.14,69,5.95,,
2022-02-12T01:00,1.12,69,6.0,,
2022-02-12T02:00,1.1,70,6.05,,
2022-02-12T03:00,1.08,72,6.15,,
2022-02-12T04:00,1.04,73,6.25,,
2022-02-12T05:00,1.02,75,6.35,,
2022-02-12T06:00,1.0,76,6.4,,
2022-02-12T07:00,1.0,77,6.4,,
2022-02-12T08:00,0.98,78,6.45,,
2022-02-12T09:00,0.98,79,6.55,,
2022-02-12T10:00,0.98,80,6.7,,
2022-02-12T11:00,0.98,81,6.7,,
2022-02-12T12:00,0.92,81,6.5,,
2022-02-12T13:00,0.86,82,6.2,,
2022-02-12T14:00,0.8,82,6.0,,
2022-02-12T15:00,0.84,79,5.95,,
2022-02-12T16:00,0.88,77,5.9,,
2022-02-12T17:00,0.92,74,5.95,,
2022-02-12T18:00,0.92,74,6.0,,
2022-02-12T19:00,0.92,75,6.05,,
2022-02-12T20:00,0.92,75,6.15,,
2022-02-12T21:00,0.96,78,6.35,,
2022-02-12T22:00,0.98,81,6.65,,
2022-02-12T23:00,1.02,84,6.9,,
2022-02-13T00:00,1.0,87,7.05,,
2022-02-13T01:00,0.96,89,7.15,,
2022-02-13T02:00,0.94,92,7.25,,
2022-02-13T03:00,0.92,94,7.3,,
2022-02-13T04:00,0.9,97,7.35,,
2022-02-13T05:00,0.88,99,7.4,,
2022-02-13T06:00,0.88,100,7.45,,
2022-02-13T07:00,0.88,102,7.45,,
2022-02-13T08:00,0.88,103,7.4,,
2022-02-13T09:00,0.88,101,7.25,,
2022-02-13T10:00,0.88,98,7.05,,
2022-02-13T11:00,0.88,96,6.85,,
2022-02-13T12:00,0.9,93,6.7,,
2022-02-13T13:00,0.9,91,6.55,,
2022-02-13T14:00,0.92,88,6.45,,
2022-02-13T15:00,0.94,86,6.35,,
2022-02-13T16:00,0.96,85,6.2,,
2022-02-13T17:00,0.98,83,6.15,,
2022-02-13T18:00,0.98,84,6.15,,
2022-02-13T19:00,0.98,85,6.2,,
2022-02-13T20:00,0.98,86,6.3,,
2022-02-13T21:00,0.94,89,6.4,,
2022-02-13T22:00,0.92,91,6.6,,
2022-02-13T23:00,0.88,94,6.75,,
2022-02-14T00:00,0.86,98,6.95,,
2022-02-14T01:00,0.84,101,7.15,,
2022-02-14T02:00,0.82,105,7.3,,
2022-02-14T03:00,0.8,107,7.4,,
2022-02-14T04:00,0.8,108,7.5,,
2022-02-14T05:00,0.78,110,7.55,,
2022-02-14T06:00,0.78,109,7.55,,
2022-02-14T07:00,0.8,107,7.45,,
2022-02-14T08:00,0.8,106,7.35,,
2022-02-14T09:00,0.8,103,7.15,,
2022-02-14T10:00,0.8,99,6.95,,
2022-02-14T11:00,0.8,96,6.7,,
2022-02-14T12:00,0.82,92,6.5,,
2022-02-14T13:00,0.86,87,6.3,,
2022-02-14T14:00,0.88,83,6.1,,
2022-02-14T15:00,0.92,82,5.95,,
2022-02-14T16:00,0.98,82,5.8,,
2022-02-14T17:00,1.02,81,5.7,,
2022-02-14T18:00,1.04,80,5.65,,
2022-02-14T19:00,1.04,79,5.65,,
2022-02-14T20:00,1.06,78,5.65,,
2022-02-14T21:00,1.1,77,5.65,,
2022-02-14T22:00,1.12,77,5.65,,
2022-02-14T23:00,1.16,76,5.7,,
2022-02-15T00:00,1.14,77,5.8,,
2022-02-15T01:00,1.14,79,5.95,,
2022-02-15T02:00,1.12,80,6.1,,
2022-02-15T03:00,1.08,82,6.25,,
2022-02-15T04:00,1.02,85,6.4,,
2022-02-15T05:00,0.98,87,6.6,,
2022-02-15T06:00,0.98,89,6.85,,
2022-02-15T07:00,0.96,92,7.1,,
2022-02-15T08:00,0.96,94,7.3,,
2022-02-15T09:00,0.92,96,7.45,,
2022-02-15T10:00,0.88,97,7.5,,
2022-02-15T11:00,0.84,99,7.5,,
2022-02-15T12:00,0.86,97,7.35,,
2022-02-15T13:00,0.86,94,7.15,,
2022-02-15T14:00,0.88,92,6.9,,
2022-02-15T15:00,0.92,89,6.6,,
2022-02-15T16:00,0.98,87,6.2,,
2022-02-15T17:00,1.02,84,5.95,,
2022-02-15T18:00,1.04,83,5.85,,
2022-02-15T19:00,1.08,83,5.8,,
2022-02-15T20:00,1.1,82,5.8,,
2022-02-15T21:00,1.1,81,5.75,,
2022-02-15T22:00,1.12,80,5.7,,
2022-02-15T23:00,1.12,79,5.7,,
2022-02-16T00:00,1.1,80,5.75,,
2022-02-16T01:00,1.06,80,5.85,,
2022-02-16T02:00,1.04,81,6.0,,
2022-02-16T03:00,0.98,83,6.15,,
2022-02-16T04:00,0.94,86,6.3,,
2022-02-16T05:00,0.88,88,6.45,,
2022-02-16T06:00,0.84,91,6.65,,
2022-02-16T07:00,0.8,95,6.85,,
2022-02-16T08:00,0.76,98,7.05,,
2022-02-16T09:00,0.74,101,7.3,,
2022-02-16T10:00,0.7,103,7.5,,
2022-02-16T11:00,0.68,106,7.6,,
2022-02-16T12:00,0.7,102,7.45,,
2022-02-16T13:00,0.7,97,7.15,,
2022-02-16T14:00,0.72,93,6.8,,
2022-02-16T15:00,0.8,90,6.4,,
2022-02-16T16:00,0.88,88,5.95,,
2022-02-16T17:00,0.96,85,5.65,,
2022-02-16T18:00,0.98,85,5.6,,
2022-02-16T19:00,0.98,84,5.65,,
2022-02-16T20:00,1.0,84,5.75,,
2022-02-16T21:00,0.98,84,5.85,,
2022-02-16T22:00,0.96,85,5.95,,
2022-02-16T23:00,0.94,85,6.1,,
2022-02-17T00:00,0.92,87,6.2,,
2022-02-17T01:00,0.88,88,6.35,,
2022-02-17T02:00,0.86,90,6.5,,
2022-02-17T03:00,0.84,94,6.7,,
2022-02-17T04:00,0.8,97,6.95,,
2022-02-17T05:00,0.78,101,7.2,,
2022-02-17T06:00,0.76,104,7.4,,
2022-02-17T07:00,0.74,108,7.55,,
2022-02-17T08:00,0.72,111,7.65,,
2022-02-17T09:00,0.72,110,7.6,,
2022-02-17T10:00,0.72,108,7.45,,
2022-02-17T11:00,0.72,107,7.3,,
2022-02-17T12:00,0.74,104,7.1,,
2022-02-17T13:00,0.78,100,6.9,,
2022-02-17T14:00,0.8,97,6.7,,
2022-02-17T15:00,0.84,95,6.5,,
2022-02-17T16:00,0.88,94,6.25,,
2022-02-17T17:00,0.92,92,6.1,,
2022-02-17T18:00,0.94,91,6.0,,
2022-02-17T19:00,0.96,90,5.95,,
2022-02-17T20:00,0.98,89,5.9,,
2022-02-17T21:00,1.0,88,5.85,,
2022-02-17T22:00,1.02,86,5.8,,
2022-02-17T23:00,1.04,85,5.75,,
2022-02-18T00:00,1.02,85,5.75,,
2022-02-18T01:00,1.0,85,5.75,,
2022-02-18T02:00,0.98,85,5.8,,
2022-02-18T03:00,0.94,86,5.85,,
2022-02-18T04:00,0.9,87,5.85,,
2022-02-18T05:00,0.86,88,5.9,,
2022-02-18T06:00,0.82,89,5.95,,
2022-02-18T07:00,0.8,90,6.0,,
2022-02-18T08:00,0.76,91,6.0,,
2022-02-18T09:00,0.74,90,6.0,,
2022-02-18T10:00,0.74,88,5.95,,
2022-02-18T11:00,0.72,87,5.95,,
2022-02-18T12:00,0.74,86,5.95,,
2022-02-18T13:00,0.74,85,5.95,,
2022-02-18T14:00,0.76,84,5.95,,
2022-02-18T15:00,0.78,85,5.9,,
2022-02-18T16:00,0.82,86,5.85,,
2022-02-18T17:00,0.84,87,5.8,,
2022-02-18T18:00,0.86,86,5.75,,
2022-02-18T19:00,0.88,84,5.75,,
2022-02-18T20:00,0.9,83,5.7,,
2022-02-18T21:00,0.92,81,5.65,,
2022-02-18T22:00,0.92,79,5.6,,
2022-02-18T23:00,0.94,77,5.6,,
2022-02-19T00:00,0.94,77,5.65,,
2022-02-19T01:00,0.92,78,5.75,,
2022-02-19T02:00,0.92,78,5.9,,
2022-02-19T03:00,0.9,81,6.1,,
2022-02-19T04:00,0.9,83,6.3,,
2022-02-19T05:00,0.88,86,6.45,,
2022-02-19T06:00,0.88,87,6.5,,
2022-02-19T07:00,0.86,89,6.55,,
2022-02-19T08:00,0.86,90,6.55,,
2022-02-19T09:00,0.88,90,6.55,,
2022-02-19T10:00,0.88,91,6.55,,
2022-02-19T11:00,0.9,91,6.55,,
2022-02-19T12:00,0.92,91,6.55,,
2022-02-19T13:00,0.94,90,6.5,,
2022-02-19T14:00,0.96,90,6.5,,
2022-02-19T15:00,0.98,90,6.45,,
2022-02-19T16:00,1.0,89,6.4,,
2022-02-19T17:00,1.02,89,6.4,,
2022-02-19T18:00,1.04,89,6.4,,
2022-02-19T19:00,1.04,89,6.45,,
2022-02-19T20:00,1.06,89,6.5,,
2022-02-19T21:00,1.06,89,6.55,,
2022-02-19T22:00,1.08,90,6.55,,
2022-02-19T23:00,1.08,90,6.65,,
2022-02-20T00:00,1.06,92,6.8,,
2022-02-20T01:00,1.06,95,7.0,,
2022-02-20T02:00,1.04,97,7.2,,
2022-02-20T03:00,1.0,101,7.4,,
2022-02-20T04:00,0.98,105,7.55,,
2022-02-20T05:00,0.94,109,7.75,,
2022-02-20T06:00,0.92,113,7.95,,
2022-02-20T07:00,0.88,118,8.15,,
2022-02-20T08:00,0.86,122,8.3,,
2022-02-20T09:00,0.84,124,8.45,,
2022-02-20T10:00,0.84,126,8.55,,
2022-02-20T11:00,0.82,128,8.65,,
2022-02-20T12:00,0.82,128,8.7,,
2022-02-20T13:00,0.82,129,8.7,,
2022-02-20T14:00,0.82,129,8.65,,
2022-02-20T15:00,0.82,127,8.4,,
2022-02-20T16:00,0.8,125,8.1,,
2022-02-20T17:00,0.8,123,7.9,,
2022-02-20T18:00,0.8,124,7.95,,
2022-02-20T19:00,0.82,124,8.1,,
2022-02-20T20:00,0.82,125,8.25,,
2022-02-20T21:00,0.82,126,8.35,,
2022-02-20T22:00,0.8,127,8.4,,
2022-02-20T23:00,0.8,128,8.45,,
2022-02-21T00:00,0.78,129,8.5,,
2022-02-21T01:00,0.76,130,8.5,,
2022-02-21T02:00,0.74,131,8.55,,
2022-02-21T03:00,0.74,133,8.65,,
2022-02-21T04:00,0.72,135,8.8,,
2022-02-21T05:00,0.72,137,9.0,,
2022-02-21T06:00,0.7,140,9.25,,
2022-02-21T07:00,0.7,142,9.55,,
2022-02-21T08:00,0.68,145,9.8,,
2022-02-21T09:00,0.66,148,9.9,,
2022-02-21T10:00,0.66,150,9.9,,
2022-02-21T11:00,0.64,153,9.95,,
2022-02-21T12:00,0.62,155,10.05,,
2022-02-21T13:00,0.6,156,10.1,,
2022-02-21T14:00,0.58,158,10.2,,
2022-02-21T15:00,0.58,159,10.3,,
2022-02-21T16:00,0.58,161,10.35,,
2022-02-21T17:00,0.58,162,10.45,,
2022-02-21T18:00,0.58,163,10.55,,
2022-02-21T19:00,0.58,163,10.65,,
2022-02-21T20:00,0.58,164,10.7,,
2022-02-21T21:00,0.58,165,10.75,,
2022-02-21T22:00,0.56,165,10.8,,
2022-02-21T23:00,0.56,166,10.8,,
2022-02-22T00:00,0.54,166,10.75,,
2022-02-22T01:00,0.54,167,10.7,,
2022-02-22T02:00,0.52,167,10.6,,
2022-02-22T03:00,0.5,167,10.55,,
2022-02-22T04:00,0.5,168,10.45,,
2022-02-22T05:00,0.48,168,10.4,,
2022-02-22T06:00,0.48,168,10.35,,
2022-02-22T07:00,0.48,168,10.35,,
2022-02-22T08:00,0.48,168,10.35,,
2022-02-22T09:00,0.48,168,10.4,,
2022-02-22T10:00,0.48,167,10.45,,
2022-02-22T11:00,0.48,167,10.5,,
2022-02-22T12:00,0.5,166,10.55,,
2022-02-22T13:00,0.54,164,10.55,,
2022-02-22T14:00,0.56,163,10.4,,
2022-02-22T15:00,0.58,155,10.1,,
2022-02-22T16:00,0.62,147,9.6,,
2022-02-22T17:00,0.64,139,9.1,,
2022-02-22T18:00,0.62,134,8.45,,
2022-02-22T19:00,0.58,128,7.8,,
2022-02-22T20:00,0.56,123,7.25,,
2022-02-22T21:00,0.62,118,7.0,,
2022-02-22T22:00,0.66,112,6.95,,
2022-02-22T23:00,0.72,107,6.85,,
2022-02-23T00:00,0.74,103,6.65,,
2022-02-23T01:00,0.74,98,6.4,,
2022-02-23T02:00,0.76,94,6.2,,
2022-02-23T03:00,0.78,94,6.1,,
2022-02-23T04:00,0.78,95,6.05,,
2022-02-23T05:00,0.8,95,6.0,,
2022-02-23T06:00,0.8,96,6.0,,
2022-02-23T07:00,0.82,98,6.0,,
2022-02-23T08:00,0.82,99,6.0,,
2022-02-23T09:00,0.78,100,5.9,,
2022-02-23T10:00,0.76,100,5.8,,
2022-02-23T11:00,0.72,101,5.7,,
2022-02-23T12:00,0.78,98,5.7,,
2022-02-23T13:00,0.84,96,5.75,,
2022-02-23T14:00,0.9,93,5.75,,
2022-02-23T15:00,0.96,90,5.6,,
2022-02-23T16:00,1.04,88,5.45,,
2022-02-23T17:00,1.1,85,5.3,,
2022-02-23T18:00,1.12,83,5.3,,
2022-02-23T19:00,1.14,82,5.35,,
2022-02-23T20:00,1.16,80,5.4,,
2022-02-23T21:00,1.16,80,5.45,,
2022-02-23T22:00,1.16,79,5.5,,
2022-02-23T23:00,1.16,79,5.55,,
2022-02-24T00:00,1.14,80,5.65,,
2022-02-24T01:00,1.12,81,5.75,,
2022-02-24T02:00,1.1,82,5.85,,
2022-02-24T03:00,1.08,83,5.95,,
2022-02-24T04:00,1.06,85,6.1,,
2022-02-24T05:00,1.04,86,6.2,,
2022-02-24T06:00,1.02,88,6.35,,
2022-02-24T07:00,1.0,90,6.45,,
2022-02-24T08:00,0.98,92,6.6,,
2022-02-24T09:00,0.98,94,6.75,,
2022-02-24T10:00,0.96,95,6.9,,
2022-02-24T11:00,0.96,97,6.95,,
2022-02-24T12:00,0.98,96,6.9,,
2022-02-24T13:00,1.0,94,6.8,,
2022-02-24T14:00,1.02,93,6.7,,
2022-02-24T15:00,1.06,91,6.6,,
2022-02-24T16:00,1.12,90,6.45,,
2022-02-24T17:00,1.16,88,6.35,,
2022-02-24T18:00,1.16,88,6.3,,
2022-02-24T19:00,1.18,87,6.35,,
2022-02-24T20:00,1.18,87,6.35,,
2022-02-24T21:00,1.18,87,6.35,,
2022-02-24T22:00,1.18,88,6.4,,
2022-02-24T23:00,1.18,88,6.45,,
2022-02-25T00:00,1.18,89,6.5,,
2022-02-25T01:00,1.16,91,6.6,,
2022-02-25T02:00,1.16,92,6.7,,
2022-02-25T03:00,1.14,94,6.8,,
2022-02-25T04:00,1.12,96,6.95,,
2022-02-25T05:00,1.1,98,7.05,,
2022-02-25T06:00,1.08,100,7.15,,
2022-02-25T07:00,1.06,102,7.3,,
2022-02-25T08:00,1.04,104,7.4,,
2022-02-25T09:00,1.04,106,7.5,,
2022-02-25T10:00,1.02,107,7.6,,
2022-02-25T11:00,1.02,109,7.6,,
2022-02-25T12:00,1.04,107,7.55,,
2022-02-25T13:00,1.06,106,7.4,,
2022-02-25T14:00,1.08,104,7.25,,
2022-02-25T15:00,1.14,101,7.0,,
2022-02-25T16:00,1.18,98,6.7,,
2022-02-25T17:00,1.24,95,6.45,,
2022-02-25T18:00,1.24,94,6.35,,
2022-02-25T19:00,1.24,92,6.3,,
2022-02-25T20:00,1.24,91,6.35,,
2022-02-25T21:00,1.28,91,6.45,,
2022-02-25T22:00,1.34,90,6.65,,
2022-02-25T23:00,1.38,90,6.75,,
2022-02-26T00:00,1.32,91,6.75,,
2022-02-26T01:00,1.24,91,6.65,,
2022-02-26T02:00,1.18,92,6.6,,
2022-02-26T03:00,1.14,94,6.6,,
2022-02-26T04:00,1.08,96,6.65,,
2022-02-26T05:00,1.04,98,6.65,,
2022-02-26T06:00,1.0,99,6.6,,
2022-02-26T07:00,0.98,101,6.6,,
2022-02-26T08:00,0.94,102,6.55,,
2022-02-26T09:00,0.9,103,6.55,,
2022-02-26T10:00,0.88,103,6.6,,
2022-02-26T11:00,0.84,104,6.6,,
2022-02-26T12:00,0.84,103,6.6,,
2022-02-26T13:00,0.82,103,6.55,,
2022-02-26T14:00,0.82,102,6.45,,
2022-02-26T15:00,0.86,100,6.3,,
2022-02-26T16:00,0.88,97,6.15,,
2022-02-26T17:00,0.92,95,6.0,,
2022-02-26T18:00,0.96,93,5.9,,
2022-02-26T19:00,0.98,90,5.8,,
2022-02-26T20:00,1.02,88,5.75,,
2022-02-26T21:00,1.04,86,5.7,,
2022-02-26T22:00,1.08,84,5.65,,
2022-02-26T23:00,1.1,82,5.65,,
2022-02-27T00:00,1.1,82,5.65,,
2022-02-27T01:00,1.08,82,5.7,,
2022-02-27T02:00,1.08,82,5.75,,
2022-02-27T03:00,1.06,83,5.8,,
2022-02-27T04:00,1.06,83,5.85,,
2022-02-27T05:00,1.04,84,5.9,,
2022-02-27T06:00,1.02,84,5.9,,
2022-02-27T07:00,1.02,85,5.85,,
2022-02-27T08:00,1.0,85,5.85,,
2022-02-27T09:00,1.02,85,5.9,,
2022-02-27T10:00,1.02,85,5.9,,
2022-02-27T11:00,1.04,85,5.95,,
2022-02-27T12:00,1.04,85,5.95,,
2022-02-27T13:00,1.04,85,5.95,,
2022-02-27T14:00,1.04,85,5.9,,
2022-02-27T15:00,1.06,84,5.8,,
2022-02-27T16:00,1.08,82,5.7,,
2022-02-27T17:00,1.1,81,5.6,,
2022-02-27T18:00,1.08,81,5.55,,
2022-02-27T19:00,1.08,80,5.55,,
2022-02-27T20:00,1.06,80,5.55,,
2022-02-27T21:00,1.04,80,5.55,,
2022-02-27T22:00,1.04,81,5.6,,
2022-02-27T23:00,1.02,81,5.65,,
2022-02-28T00:00,1.0,82,5.7,,
2022-02-28T01:00,0.96,84,5.75,,
2022-02-28T02:00,0.94,85,5.8,,
2022-02-28T03:00,0.9,87,5.9,,
2022-02-28T04:00,0.88,89,6.0,,
2022-02-28T05:00,0.84,91,6.15,,
2022-02-28T06:00,0.84,93,6.3,,
2022-02-28T07:00,0.82,96,6.45,,
2022-02-28T08:00,0.82,98,6.65,,
2022-02-28T09:00,0.8,102,6.9,,
2022-02-28T10:00,0.8,106,7.2,,
2022-02-28T11:00,0.78,110,7.35,,
2022-02-28T12:00,0.78,110,7.35,,
2022-02-28T13:00,0.76,110,7.25,,
2022-02-28T14:00,0.76,110,7.1,,
2022-02-28T15:00,0.78,106,6.85,,
2022-02-28T16:00,0.82,102,6.5,,
2022-02-28T17:00,0.84,98,6.25,,
2022-02-28T18:00,0.86,96,6.15,,
2022-02-28T19:00,0.9,93,6.1,,
2022-02-28T20:00,0.92,91,6.1,,
2022-02-28T21:00,0.92,91,6.15,,
2022-02-28T22:00,0.94,91,6.2,,
2022-02-28T23:00,0.94,91,6.3,,
2022-03-01T00:00,0.94,93,6.45,,
2022-03-01T01:00,0.94,94,6.6,,
2022-03-01T02:00,0.94,96,6.7,,
2022-03-01T03:00,0.9,98,6.65,,
2022-03-01T04:00,0.84,100,6.55,,
2022-03-01T05:00,0.8,102,6.5,,
2022-03-01T06:00,0.8,103,6.55,,
2022-03-01T07:00,0.82,105,6.6,,
2022-03-01T08:00,0.82,106,6.75,,
2022-03-01T09:00,0.82,108,6.95,,
2022-03-01T10:00,0.8,111,7.2,,
2022-03-01T11:00,0.8,113,7.35,,
2022-03-01T12:00,0.82,110,7.25,,
2022-03-01T13:00,0.82,108,7.05,,
2022-03-01T14:00,0.84,105,6.85,,
2022-03-01T15:00,0.9,100,6.65,,
2022-03-01T16:00,0.98,95,6.45,,
2022-03-01T17:00,1.04,90,6.3,,
2022-03-01T18:00,1.06,89,6.25,,
2022-03-01T19:00,1.1,88,6.25,,
2022-03-01T20:00,1.12,87,6.25,,
2022-03-01T21:00,1.14,86,6.25,,
2022-03-01T22:00,1.16,85,6.3,,
2022-03-01T23:00,1.18,84,6.3,,
2022-03-02T00:00,1.18,83,6.3,,
2022-03-02T01:00,1.16,82,6.25,,
2022-03-02T02:00,1.16,81,6.25,,
2022-03-02T03:00,1.14,80,6.2,,
2022-03-02T04:00,1.1,80,6.2,,
2022-03-02T05:00,1.08,79,6.15,,
2022-03-02T06:00,1.06,78,6.15,,
2022-03-02T07:00,1.06,78,6.1,,
2022-03-02T08:00,1.04,77,6.1,,
2022-03-02T09:00,1.04,77,6.1,,
2022-03-02T10:00,1.04,77,6.1,,
2022-03-02T11:00,1.04,77,6.15,,
2022-03-02T12:00,1.06,78,6.2,,
2022-03-02T13:00,1.06,78,6.25,,
2022-03-02T14:00,1.08,79,6.3,,
2022-03-02T15:00,1.1,79,6.3,,
2022-03-02T16:00,1.14,79,6.25,,
2022-03-02T17:00,1.16,79,6.25,,
2022-03-02T18:00,1.18,79,6.25,,
2022-03-02T19:00,1.18,79,6.3,,
2022-03-02T20:00,1.2,79,6.3,,
2022-03-02T21:00,1.22,79,6.35,,
2022-03-02T22:00,1.22,78,6.35,,
2022-03-02T23:00,1.24,78,6.4,,
2022-03-03T00:00,1.24,79,6.45,,
2022-03-03T01:00,1.22,79,6.5,,
2022-03-03T02:00,1.22,80,6.6,,
2022-03-03T03:00,1.16,82,6.7,,
2022-03-03T04:00,1.12,83,6.75,,
2022-03-03T05:00,1.06,85,6.9,,
2022-03-03T06:00,1.06,87,7.15,,
2022-03-03T07:00,1.04,90,7.45,,
2022-03-03T08:00,1.04,92,7.6,,
2022-03-03T09:00,1.06,91,7.6,,
2022-03-03T10:00,1.08,90,7.45,,
2022-03-03T11:00,1.1,89,7.3,,
2022-03-03T12:00,1.14,87,7.1,,
2022-03-03T13:00,1.16,84,6.9,,
2022-03-03T14:00,1.2,82,6.7,,
2022-03-03T15:00,1.24,81,6.55,,
2022-03-03T16:00,1.28,81,6.4,,
2022-03-03T17:00,1.32,80,6.35,,
2022-03-03T18:00,1.3,80,6.35,,
2022-03-03T19:00,1.3,80,6.4,,
2022-03-03T20:00,1.28,80,6.5,,
2022-03-03T21:00,1.26,80,6.6,,
2022-03-03T22:00,1.22,80,6.8,,
2022-03-03T23:00,1.2,80,6.95,,
2022-03-04T00:00,1.16,82,7.15,,
2022-03-04T01:00,1.12,85,7.35,,
2022-03-04T02:00,1.08,87,7.55,,
2022-03-04T03:00,1.04,91,7.8,,
2022-03-04T04:00,0.98,96,8.0,,
2022-03-04T05:00,0.94,100,8.25,,
2022-03-04T06:00,0.9,104,8.45,,
2022-03-04T07:00,0.88,108,8.65,,
2022-03-04T08:00,0.84,112,8.8,,
2022-03-04T09:00,0.82,113,8.9,,
2022-03-04T10:00,0.8,115,8.95,,
2022-03-04T11:00,0.78,116,8.95,,
2022-03-04T12:00,0.8,115,9.0,,
2022-03-04T13:00,0.84,114,9.05,,
2022-03-04T14:00,0.86,113,8.95,,
2022-03-04T15:00,0.9,108,8.55,,
2022-03-04T16:00,0.92,102,8.0,,
2022-03-04T17:00,0.96,97,7.6,,
2022-03-04T18:00,0.98,96,7.45,,
2022-03-04T19:00,1.02,95,7.4,,
2022-03-04T20:00,1.04,94,7.4,,
2022-03-04T21:00,1.02,94,7.35,,
2022-03-04T22:00,1.02,94,7.35,,
2022-03-04T23:00,1.0,94,7.35,,
2022-03-05T00:00,0.98,95,7.35,,
2022-03-05T01:00,0.98,95,7.4,,
2022-03-05T02:00,0.96,96,7.45,,
2022-03-05T03:00,0.9,99,7.5,,
2022-03-05T04:00,0.86,103,7.5,,
2022-03-05T05:00,0.8,106,7.7,,
2022-03-05T06:00,0.82,112,8.1,,
2022-03-05T07:00,0.84,118,8.7,,
2022-03-05T08:00,0.86,124,9.15,,
2022-03-05T09:00,0.86,127,9.45,,
2022-03-05T10:00,0.86,130,9.7,,
2022-03-05T11:00,0.86,133,9.8,,
2022-03-05T12:00,0.86,132,9.75,,
2022-03-05T13:00,0.88,130,9.65,,
2022-03-05T14:00,0.88,129,9.4,,
2022-03-05T15:00,0.92,124,9.05,,
2022-03-05T16:00,0.94,120,8.6,,
2022-03-05T17:00,0.98,115,8.2,,
2022-03-05T18:00,1.0,112,7.95,,
2022-03-05T19:00,1.02,110,7.7,,
2022-03-05T20:00,1.04,107,7.55,,
2022-03-05T21:00,1.06,104,7.4,,
2022-03-05T22:00,1.06,102,7.3,,
2022-03-05T23:00,1.08,99,7.2,,
2022-03-06T00:00,1.08,97,7.1,,
2022-03-06T01:00,1.1,95,7.0,,
2022-03-06T02:00,1.1,93,6.95,,
2022-03-06T03:00,1.08,93,6.95,,
2022-03-06T04:00,1.06,93,6.95,,
2022-03-06T05:00,1.04,93,7.05,,
2022-03-06T06:00,1.02,96,7.2,,
2022-03-06T07:00,1.0,100,7.4,,
2022-03-06T08:00,0.98,103,7.65,,
2022-03-06T09:00,0.94,108,7.95,,
2022-03-06T10:00,0.92,113,8.25,,
2022-03-06T11:00,0.88,118,8.45,,
2022-03-06T12:00,0.88,120,8.55,,
2022-03-06T13:00,0.86,123,8.55,,
2022-03-06T14:00,0.86,125,8.5,,
2022-03-06T15:00,0.88,123,8.35,,
2022-03-06T16:00,0.9,120,8.1,,
2022-03-06T17:00,0.92,118,7.9,,
2022-03-06T18:00,0.94,116,7.75,,
2022-03-06T19:00,0.94,114,7.7,,
2022-03-06T20:00,0.96,112,7.65,,
2022-03-06T21:00,0.96,113,7.7,,
2022-03-06T22:00,0.96,115,7.8,,
2022-03-06T23:00,0.96,116,7.9,,
2022-03-07T00:00,0.96,118,7.95,,
2022-03-07T01:00,0.94,119,8.0,,
2022-03-07T02:00,0.94,121,8.05,,
2022-03-07T03:00,0.92,121,8.05,,
2022-03-07T04:00,0.92,120,8.0,,
2022-03-07T05:00,0.9,120,7.95,,
2022-03-07T06:00,0.88,119,7.8,,
2022-03-07T07:00,0.84,119,7.65,,
2022-03-07T08:00,0.82,118,7.6,,
2022-03-07T09:00,0.8,122,7.75,,
2022-03-07T10:00,0.78,126,8.0,,
2022-03-07T11:00,0.76,130,8.15,,
2022-03-07T12:00,0.76,128,8.15,,
2022-03-07T13:00,0.76,127,8.1,,
2022-03-07T14:00,0.76,125,7.95,,
2022-03-07T15:00,0.78,120,7.7,,
2022-03-07T16:00,0.82,114,7.35,,
2022-03-07T17:00,0.84,109,7.1,,
2022-03-07T18:00,0.84,107,6.95,,
2022-03-07T19:00,0.84,106,6.9,,
2022-03-07T20:00,0.84,104,6.8,,
2022-03-07T21:00,0.82,103,6.65,,
2022-03-07T22:00,0.8,102,6.45,,
2022-03-07T23:00,0.78,101,6.4,,
2022-03-08T00:00,0.78,102,6.5,,
2022-03-08T01:00,0.78,102,6.65,,
2022-03-08T02:00,0.78,103,6.85,,
2022-03-08T03:00,0.78,107,7.1,,
2022-03-08T04:00,0.78,112,7.35,,
2022-03-08T05:00,0.78,116,7.55,,
2022-03-08T06:00,0.78,118,7.65,,
2022-03-08T07:00,0.8,121,7.65,,
2022-03-08T08:00,0.8,123,7.7,,
2022-03-08T09:00,0.8,123,7.75,,
2022-03-08T10:00,0.8,124,7.8,,
2022-03-08T11:00,0.8,124,7.8,,
2022-03-08T12:00,0.82,123,7.8,,
2022-03-08T13:00,0.82,121,7.75,,
2022-03-08T14:00,0.84,120,7.65,,
2022-03-08T15:00,0.84,117,7.35,,
2022-03-08T16:00,0.82,113,6.95,,
2022-03-08T17:00,0.82,110,6.7,,
2022-03-08T18:00,0.84,108,6.65,,
2022-03-08T19:00,0.88,106,6.7,,
2022-03-08T20:00,0.9,104,6.75,,
2022-03-08T21:00,0.92,104,6.8,,
2022-03-08T22:00,0.92,105,6.85,,
2022-03-08T23:00,0.94,105,6.9,,
2022-03-09T00:00,0.94,106,6.95,,
2022-03-09T01:00,0.92,107,6.95,,
2022-03-09T02:00,0.92,108,7.0,,
2022-03-09T03:00,0.9,110,7.1,,
2022-03-09T04:00,0.9,112,7.25,,
2022-03-09T05:00,0.88,114,7.4,,
2022-03-09T06:00,0.86,117,7.55,,
2022-03-09T07:00,0.86,119,7.7,,
2022-03-09T08:00,0.84,122,7.85,,
2022-03-09T09:00,0.8,125,7.9,,
2022-03-09T10:00,0.76,127,7.85,,
2022-03-09T11:00,0.72,130,7.95,,
2022-03-09T12:00,0.74,131,8.25,,
2022-03-09T13:00,0.78,133,8.6,,
2022-03-09T14:00,0.8,134,8.85,,
2022-03-09T15:00,0.84,131,8.8,,
2022-03-09T16:00,0.86,127,8.6,,
2022-03-09T17:00,0.9,124,8.35,,
2022-03-09T18:00,0.92,119,8.05,,
2022-03-09T19:00,0.94,115,7.65,,
2022-03-09T20:00,0.96,110,7.3,,
2022-03-09T21:00,0.98,106,7.0,,
2022-03-09T22:00,1.02,103,6.8,,
2022-03-09T23:00,1.04,99,6.65,,
2022-03-10T00:00,1.04,100,6.65,,
2022-03-10T01:00,1.02,100,6.75,,
2022-03-10T02:00,1.02,101,6.9,,
2022-03-10T03:00,1.0,104,7.05,,
2022-03-10T04:00,0.96,108,7.25,,
2022-03-10T05:00,0.94,111,7.5,,
2022-03-10T06:00,0.9,116,7.8,,
2022-03-10T07:00,0.88,120,8.1,,
2022-03-10T08:00,0.84,125,8.4,,
2022-03-10T09:00,0.82,129,8.75,,
2022-03-10T10:00,0.82,134,9.05,,
2022-03-10T11:00,0.8,138,9.35,,
2022-03-10T12:00,0.8,141,9.55,,
2022-03-10T13:00,0.78,144,9.7,,
2022-03-10T14:00,0.78,147,9.8,,
2022-03-10T15:00,0.78,147,9.8,,
2022-03-10T16:00,0.8,146,9.7,,
2022-03-10T17:00,0.8,146,9.6,,
2022-03-10T18:00,0.82,144,9.45,,
2022-03-10T19:00,0.82,142,9.2,,
2022-03-10T20:00,0.84,140,9.0,,
2022-03-10T21:00,0.86,136,8.75,,
2022-03-10T22:00,0.86,132,8.5,,
2022-03-10T23:00,0.88,128,8.35,,
2022-03-11T00:00,0.88,128,8.3,,
2022-03-11T01:00,0.9,127,8.35,,
2022-03-11T02:00,0.9,127,8.45,,
2022-03-11T03:00,0.88,129,8.55,,
2022-03-11T04:00,0.88,132,8.7,,
2022-03-11T05:00,0.86,134,8.85,,
2022-03-11T06:00,0.86,137,9.0,,
2022-03-11T07:00,0.84,139,9.15,,
2022-03-11T08:00,0.84,142,9.25,,
2022-03-11T09:00,0.82,143,9.2,,
2022-03-11T10:00,0.82,143,9.1,,
2022-03-11T11:00,0.8,144,8.95,,
2022-03-11T12:00,0.8,143,8.85,,
2022-03-11T13:00,0.78,142,8.8,,
2022-03-11T14:00,0.78,141,8.65,,
2022-03-11T15:00,0.8,137,8.4,,
2022-03-11T16:00,0.82,133,8.1,,
2022-03-11T17:00,0.84,129,7.8,,
2022-03-11T18:00,0.86,125,7.55,,
2022-03-11T19:00,0.9,121,7.35,,
2022-03-11T20:00,0.92,117,7.2,,
2022-03-11T21:00,0.98,114,7.15,,
2022-03-11T22:00,1.04,110,7.2,,
2022-03-11T23:00,1.1,107,7.2,,
2022-03-12T00:00,1.06,107,7.2,,
2022-03-12T01:00,1.02,107,7.15,,
2022-03-12T02:00,0.98,107,7.2,,
2022-03-12T03:00,0.94,111,7.35,,
2022-03-12T04:00,0.92,114,7.6,,
2022-03-12T05:00,0.88,118,7.85,,
2022-03-12T06:00,0.84,123,8.05,,
2022-03-12T07:00,0.82,127,8.25,,
2022-03-12T08:00,0.78,132,8.4,,
2022-03-12T09:00,0.76,135,8.55,,
2022-03-12T10:00,0.74,139,8.65,,
2022-03-12T11:00,0.72,142,8.7,,
2022-03-12T12:00,0.7,142,8.65,,
2022-03-12T13:00,0.7,143,8.55,,
2022-03-12T14:00,0.68,143,8.35,,
2022-03-12T15:00,0.7,137,8.0,,
2022-03-12T16:00,0.72,130,7.6,,
2022-03-12T17:00,0.74,124,7.25,,
2022-03-12T18:00,0.76,119,6.95,,
2022-03-12T19:00,0.8,114,6.75,,
2022-03-12T20:00,0.82,109,6.55,,
2022-03-12T21:00,0.84,107,6.45,,
2022-03-12T22:00,0.84,105,6.4,,
2022-03-12T23:00,0.86,103,6.4,,
2022-03-13T00:00,0.86,104,6.5,,
2022-03-13T01:00,0.84,104,6.6,,
2022-03-13T02:00,0.84,105,6.75,,
2022-03-13T03:00,0.82,107,6.85,,
2022-03-13T04:00,0.8,108,7.0,,
2022-03-13T05:00,0.78,110,7.1,,
2022-03-13T06:00,0.78,112,7.25,,
2022-03-13T07:00,0.78,113,7.4,,
2022-03-13T08:00,0.78,115,7.45,,
2022-03-13T09:00,0.76,114,7.35,,
2022-03-13T10:00,0.74,112,7.15,,
2022-03-13T11:00,0.72,111,6.95,,
2022-03-13T12:00,0.74,108,6.8,,
2022-03-13T13:00,0.74,104,6.65,,
2022-03-13T14:00,0.76,101,6.45,,
2022-03-13T15:00,0.8,97,6.2,,
2022-03-13T16:00,0.84,93,5.9,,
2022-03-13T17:00,0.88,89,5.7,,
2022-03-13T18:00,0.88,88,5.65,,
2022-03-13T19:00,0.9,86,5.7,,
2022-03-13T20:00,0.9,85,5.75,,
2022-03-13T21:00,0.9,85,5.85,,
2022-03-13T22:00,0.9,86,5.95,,
2022-03-13T23:00,0.9,86,6.1,,
2022-03-14T00:00,0.9,88,6.25,,
2022-03-14T01:00,0.88,91,6.45,,
2022-03-14T02:00,0.88,93,6.6,,
2022-03-14T03:00,0.86,96,6.75,,
2022-03-14T04:00,0.86,99,6.85,,
2022-03-14T05:00,0.84,102,6.95,,
2022-03-14T06:00,0.8,105,7.0,,
2022-03-14T07:00,0.78,108,7.0,,
2022-03-14T08:00,0.74,111,7.0,,
2022-03-14T09:00,0.74,113,7.05,,
2022-03-14T10:00,0.72,114,7.15,,
2022-03-14T11:00,0.72,116,7.2,,
2022-03-14T12:00,0.74,114,7.2,,
2022-03-14T13:00,0.74,112,7.2,,
2022-03-14T14:00,0.76,110,7.1,,
2022-03-14T15:00,0.8,106,6.9,,
2022-03-14T16:00,0.82,102,6.65,,
2022-03-14T17:00,0.86,98,6.5,,
2022-03-14T18:00,0.86,97,6.45,,
2022-03-14T19:00,0.88,96,6.5,,
2022-03-14T20:00,0.88,95,6.55,,
2022-03-14T21:00,0.88,96,6.65,,
2022-03-14T22:00,0.86,96,6.75,,
2022-03-14T23:00,0.86,97,6.85,,
2022-03-15T00:00,0.84,99,6.95,,
2022-03-15T01:00,0.84,101,7.05,,
2022-03-15T02:00,0.82,103,7.2,,
2022-03-15T03:00,0.8,106,7.35,,
2022-03-15T04:00,0.78,109,7.5,,
2022-03-15T05:00,0.76,112,7.65,,
2022-03-15T06:00,0.74,115,7.8,,
2022-03-15T07:00,0.72,118,7.95,,
2022-03-15T08:00,0.7,121,8.15,,
2022-03-15T09:00,0.68,125,8.35,,
2022-03-15T10:00,0.66,129,8.6,,
2022-03-15T11:00,0.64,133,8.85,,
2022-03-15T12:00,0.62,137,9.05,,
2022-03-15T13:00,0.62,140,9.3,,
2022-03-15T14:00,0.6,144,9.4,,
2022-03-15T15:00,0.6,145,9.35,,
2022-03-15T16:00,0.6,146,9.25,,
2022-03-15T17:00,0.6,147,9.15,,
2022-03-15T18:00,0.6,148,9.2,,
2022-03-15T19:00,0.58,149,9.25,,
2022-03-15T20:00,0.58,150,9.4,,
2022-03-15T21:00,0.58,152,9.6,,
2022-03-15T22:00,0.58,155,9.85,,
2022-03-15T23:00,0.58,157,10.1,,
2022-03-16T00:00,0.58,158,10.25,,
2022-03-16T01:00,0.58,159,10.4,,
2022-03-16T02:00,0.58,160,10.5,,
2022-03-16T03:00,0.58,160,10.6,,
2022-03-16T04:00,0.58,161,10.7,,
2022-03-16T05:00,0.58,161,10.8,,
2022-03-16T06:00,0.58,161,10.85,,
2022-03-16T07:00,0.6,161,10.85,,
2022-03-16T08:00,0.6,161,10.9,,
2022-03-16T09:00,0.6,161,10.95,,
2022-03-16T10:00,0.62,161,11.0,,
2022-03-16T11:00,0.62,161,11.05,,
2022-03-16T12:00,0.62,161,11.1,,
2022-03-16T13:00,0.62,162,11.05,,
2022-03-16T14:00,0.62,162,10.85,,
2022-03-16T15:00,0.64,161,10.2,,
2022-03-16T16:00,0.68,159,9.35,,
2022-03-16T17:00,0.7,158,8.75,,
2022-03-16T18:00,0.7,160,8.55,,
2022-03-16T19:00,0.7,162,8.6,,
2022-03-16T20:00,0.7,164,8.65,,
2022-03-16T21:00,0.7,165,8.7,,
2022-03-16T22:00,0.7,167,8.8,,
2022-03-16T23:00,0.7,168,8.9,,
2022-03-17T00:00,0.7,169,8.95,,
2022-03-17T01:00,0.7,170,8.95,,
2022-03-17T02:00,0.7,171,8.95,,
2022-03-17T03:00,0.68,171,9.0,,
2022-03-17T04:00,0.68,171,9.05,,
2022-03-17T05:00,0.66,171,9.1,,
2022-03-17T06:00,0.66,171,9.25,,
2022-03-17T07:00,0.66,171,9.4,,
2022-03-17T08:00,0.66,171,9.5,,
2022-03-17T09:00,0.64,171,9.5,,
2022-03-17T10:00,0.62,171,9.45,,
2022-03-17T11:00,0.6,171,9.4,,
2022-03-17T12:00,0.6,172,9.45,,
2022-03-17T13:00,0.58,172,9.5,,
2022-03-17T14:00,0.58,173,9.4,,
2022-03-17T15:00,0.6,173,9.05,,
2022-03-17T16:00,0.6,173,8.6,,
2022-03-17T17:00,0.62,173,8.25,,
2022-03-17T18:00,0.62,174,8.05,,
2022-03-17T19:00,0.64,175,7.95,,
2022-03-17T20:00,0.64,176,7.95,,
2022-03-17T21:00,0.64,177,8.0,,
2022-03-17T22:00,0.62,177,8.15,,
2022-03-17T23:00,0.62,178,8.3,,
2022-03-18T00:00,0.6,178,8.4,,
2022-03-18T01:00,0.6,177,8.45,,
2022-03-18T02:00,0.58,177,8.5,,
2022-03-18T03:00,0.58,177,8.55,,
2022-03-18T04:00,0.58,177,8.6,,
2022-03-18T05:00,0.58,177,8.65,,
2022-03-18T06:00,0.58,177,8.7,,
2022-03-18T07:00,0.56,177,8.7,,
2022-03-18T08:00,0.56,177,8.75,,
2022-03-18T09:00,0.56,177,8.8,,
2022-03-18T10:00,0.54,176,8.85,,
2022-03-18T11:00,0.54,176,8.85,,
2022-03-18T12:00,0.54,176,8.9,,
2022-03-18T13:00,0.54,175,8.95,,
2022-03-18T14:00,0.54,175,8.8,,
2022-03-18T15:00,0.56,174,8.3,,
2022-03-18T16:00,0.6,172,7.65,,
2022-03-18T17:00,0.62,171,7.1,,
2022-03-18T18:00,0.64,174,6.85,,
2022-03-18T19:00,0.64,176,6.75,,
2022-03-18T20:00,0.66,179,6.75,,
2022-03-18T21:00,0.66,179,6.85,,
2022-03-18T22:00,0.66,180,7.0,,
2022-03-18T23:00,0.66,180,7.2,,
2022-03-19T00:00,0.66,179,7.4,,
2022-03-19T01:00,0.66,179,7.6,,
2022-03-19T02:00,0.66,178,7.8,,
2022-03-19T03:00,0.66,177,7.95,,
2022-03-19T04:00,0.66,177,8.0,,
2022-03-19T05:00,0.66,176,8.1,,
2022-03-19T06:00,0.66,176,8.15,,
2022-03-19T07:00,0.66,175,8.25,,
2022-03-19T08:00,0.66,175,8.3,,
2022-03-19T09:00,0.66,174,8.4,,
2022-03-19T10:00,0.64,174,8.5,,
2022-03-19T11:00,0.64,173,8.6,,
2022-03-19T12:00,0.64,172,8.7,,
2022-03-19T13:00,0.64,172,8.85,,
2022-03-19T14:00,0.64,171,8.8,,
2022-03-19T15:00,0.66,172,8.5,,
2022-03-19T16:00,0.7,172,8.1,,
2022-03-19T17:00,0.72,173,7.75,,
2022-03-19T18:00,0.76,176,7.55,,
2022-03-19T19:00,0.78,178,7.35,,
2022-03-19T20:00,0.82,181,7.3,,
2022-03-19T21:00,0.82,181,7.35,,
2022-03-19T22:00,0.82,182,7.45,,
2022-03-19T23:00,0.82,182,7.6,,
2022-03-20T00:00,0.82,182,7.7,,
2022-03-20T01:00,0.82,182,7.8,,
2022-03-20T02:00,0.82,182,7.9,,
2022-03-20T03:00,0.82,182,8.0,,
2022-03-20T04:00,0.8,181,8.05,,
2022-03-20T05:00,0.8,181,8.15,,
2022-03-20T06:00,0.8,180,8.25,,
2022-03-20T07:00,0.78,179,8.4,,
2022-03-20T08:00,0.78,178,8.45,,
2022-03-20T09:00,0.78,178,8.45,,
2022-03-20T10:00,0.8,178,8.35,,
2022-03-20T11:00,0.8,178,8.3,,
2022-03-20T12:00,0.82,179,8.3,,
2022-03-20T13:00,0.82,179,8.3,,
2022-03-20T14:00,0.84,180,8.3,,
2022-03-20T15:00,0.86,180,8.3,,
2022-03-20T16:00,0.88,181,8.3,,
2022-03-20T17:00,0.9,181,8.3,,
2022-03-20T18:00,0.92,181,8.2,,
2022-03-20T19:00,0.96,182,8.1,,
2022-03-20T20:00,0.98,182,8.0,,
2022-03-20T21:00,0.96,181,7.9,,
2022-03-20T22:00,0.92,181,7.8,,
2022-03-20T23:00,0.9,180,7.8,,
2022-03-21T00:00,0.88,180,7.9,,
2022-03-21T01:00,0.86,179,8.05,,
2022-03-21T02:00,0.84,179,8.25,,
2022-03-21T03:00,0.84,178,8.55,,
2022-03-21T04:00,0.82,178,8.95,,
2022-03-21T05:00,0.82,177,9.25,,
2022-03-21T06:00,0.82,176,9.45,,
2022-03-21T07:00,0.82,176,9.65,,
2022-03-21T08:00,0.82,175,9.75,,
2022-03-21T09:00,0.82,175,9.85,,
2022-03-21T10:00,0.8,175,9.9,,
2022-03-21T11:00,0.8,175,9.9,,
2022-03-21T12:00,0.8,175,9.9,,
2022-03-21T13:00,0.78,174,9.9,,
2022-03-21T14:00,0.78,174,9.7,,
2022-03-21T15:00,0.82,175,9.15,,
2022-03-21T16:00,0.86,177,8.35,,
2022-03-21T17:00,0.9,178,7.75,,
2022-03-21T18:00,0.92,180,7.4,,
2022-03-21T19:00,0.96,182,7.15,,
2022-03-21T20:00,0.98,184,7.05,,
2022-03-21T21:00,0.96,184,7.05,,
2022-03-21T22:00,0.94,184,7.2,,
2022-03-21T23:00,0.92,184,7.35,,
2022-03-22T00:00,0.9,184,7.5,,
2022-03-22T01:00,0.86,183,7.6,,
2022-03-22T02:00,0.84,183,7.8,,
2022-03-22T03:00,0.8,182,8.05,,
2022-03-22T04:00,0.76,181,8.3,,
2022-03-22T05:00,0.72,180,8.55,,
2022-03-22T06:00,0.7,179,8.75,,
2022-03-22T07:00,0.7,178,8.9,,
2022-03-22T08:00,0.68,177,9.05,,
2022-03-22T09:00,0.66,177,9.15,,
2022-03-22T10:00,0.66,176,9.25,,
2022-03-22T11:00,0.64,176,9.35,,
2022-03-22T12:00,0.62,175,9.5,,
2022-03-22T13:00,0.62,174,9.65,,
2022-03-22T14:00,0.6,173,9.65,,
2022-03-22T15:00,0.64,173,9.35,,
2022-03-22T16:00,0.66,174,8.9,,
2022-03-22T17:00,0.7,174,8.5,,
2022-03-22T18:00,0.72,175,8.2,,
2022-03-22T19:00,0.74,177,7.95,,
2022-03-22T20:00,0.76,178,7.8,,
2022-03-22T21:00,0.78,178,7.8,,
2022-03-22T22:00,0.8,179,7.9,,
2022-03-22T23:00,0.82,179,8.05,,
2022-03-23T00:00,0.82,179,8.2,,
2022-03-23T01:00,0.82,178,8.4,,
2022-03-23T02:00,0.82,178,8.65,,
2022-03-23T03:00,0.8,176,9.0,,
2022-03-23T04:00,0.8,175,9.4,,
2022-03-23T05:00,0.78,173,9.75,,
2022-03-23T06:00,0.78,172,10.05,,
2022-03-23T07:00,0.76,170,10.35,,
2022-03-23T08:00,0.76,169,10.6,,
2022-03-23T09:00,0.76,168,10.85,,
2022-03-23T10:00,0.78,167,11.05,,
2022-03-23T11:00,0.78,166,11.05,,
2022-03-23T12:00,0.8,166,10.85,,
2022-03-23T13:00,0.84,167,10.5,,
2022-03-23T14:00,0.86,167,10.0,,
2022-03-23T15:00,0.92,170,9.3,,
2022-03-23T16:00,1.0,174,8.5,,
2022-03-23T17:00,1.06,177,7.9,,
2022-03-23T18:00,1.08,178,7.75,,
2022-03-23T19:00,1.08,178,7.8,,
2022-03-23T20:00,1.1,179,7.9,,
2022-03-23T21:00,1.08,178,8.05,,
2022-03-23T22:00,1.06,176,8.2,,
2022-03-23T23:00,1.04,175,8.4,,
2022-03-24T00:00,1.02,174,8.55,,
2022-03-24T01:00,1.0,173,8.65,,
2022-03-24T02:00,0.98,172,8.8,,
2022-03-24T03:00,0.98,171,9.0,,
2022-03-24T04:00,1.0,171,9.25,,
2022-03-24T05:00,1.0,170,9.45,,
2022-03-24T06:00,1.04,170,9.7,,
2022-03-24T07:00,1.06,169,9.95,,
2022-03-24T08:00,1.1,169,10.0,,
2022-03-24T09:00,1.08,169,9.75,,
2022-03-24T10:00,1.04,169,9.35,,
2022-03-24T11:00,1.02,169,8.9,,
2022-03-24T12:00,1.0,170,8.5,,
2022-03-24T13:00,1.0,171,8.1,,
2022-03-24T14:00,0.98,172,7.8,,
2022-03-24T15:00,1.06,174,7.65,,
2022-03-24T16:00,1.16,175,7.6,,
2022-03-24T17:00,1.24,177,7.6,,
2022-03-24T18:00,1.2,177,7.55,,
2022-03-24T19:00,1.14,177,7.55,,
2022-03-24T20:00,1.1,177,7.55,,
2022-03-24T21:00,1.08,177,7.6,,
2022-03-24T22:00,1.04,176,7.7,,
2022-03-24T23:00,1.02,176,7.85,,
2022-03-25T00:00,1.0,175,8.15,,
2022-03-25T01:00,1.0,174,8.55,,
2022-03-25T02:00,0.98,173,8.8,,
2022-03-25T03:00,0.94,172,8.85,,
2022-03-25T04:00,0.9,172,8.75,,
2022-03-25T05:00,0.86,171,8.7,,
2022-03-25T06:00,0.84,170,8.7,,
2022-03-25T07:00,0.84,170,8.75,,
2022-03-25T08:00,0.82,169,8.75,,
2022-03-25T09:00,0.82,169,8.7,,
2022-03-25T10:00,0.82,169,8.65,,
2022-03-25T11:00,0.82,169,8.6,,
2022-03-25T12:00,0.84,169,8.55,,
2022-03-25T13:00,0.84,170,8.45,,
2022-03-25T14:00,0.86,170,8.35,,
2022-03-25T15:00,0.88,171,8.2,,
2022-03-25T16:00,0.9,172,8.0,,
2022-03-25T17:00,0.92,173,7.85,,
2022-03-25T18:00,0.9,173,7.85,,
2022-03-25T19:00,0.9,173,7.9,,
2022-03-25T20:00,0.88,173,8.0,,
2022-03-25T21:00,0.86,172,8.15,,
2022-03-25T22:00,0.84,172,8.35,,
2022-03-25T23:00,0.82,171,8.55,,
2022-03-26T00:00,0.8,170,8.75,,
2022-03-26T01:00,0.78,169,8.95,,
2022-03-26T02:00,0.76,168,9.2,,
2022-03-26T03:00,0.76,167,9.45,,
2022-03-26T04:00,0.74,167,9.65,,
2022-03-26T05:00,0.74,166,9.95,,
2022-03-26T06:00,0.76,164,10.35,,
2022-03-26T07:00,0.78,162,10.8,,
2022-03-26T08:00,0.8,160,11.05,,
2022-03-26T09:00,0.76,160,11.0,,
2022-03-26T10:00,0.74,159,10.8,,
2022-03-26T11:00,0.7,159,10.65,,
2022-03-26T12:00,0.68,160,10.6,,
2022-03-26T13:00,0.66,161,10.6,,
2022-03-26T14:00,0.64,162,10.55,,
2022-03-26T15:00,0.66,163,10.35,,
2022-03-26T16:00,0.68,163,10.1,,
2022-03-26T17:00,0.7,164,9.9,,
2022-03-26T18:00,0.7,164,9.85,,
2022-03-26T19:00,0.7,163,9.95,,
2022-03-26T20:00,0.7,163,10.0,,
2022-03-26T21:00,0.7,163,10.05,,
2022-03-26T22:00,0.7,164,10.15,,
2022-03-26T23:00,0.7,164,10.2,,
2022-03-27T00:00,0.7,164,10.3,,
2022-03-27T01:00,0.68,164,10.35,,
2022-03-27T02:00,0.68,164,10.45,,
2022-03-27T03:00,0.68,164,10.55,,
2022-03-27T04:00,0.68,163,10.7,,
2022-03-27T05:00,0.68,163,10.8,,
2022-03-27T06:00,0.68,163,10.95,,
2022-03-27T07:00,0.7,163,11.05,,
2022-03-27T08:00,0.7,163,11.15,,
2022-03-27T09:00,0.7,163,11.2,,
2022-03-27T10:00,0.7,163,11.2,,
2022-03-27T11:00,0.7,163,11.15,,
2022-03-27T12:00,0.7,163,11.05,,
2022-03-27T13:00,0.7,163,10.95,,
2022-03-27T14:00,0.7,163,10.8,,
2022-03-27T15:00,0.7,163,10.6,,
2022-03-27T16:00,0.72,163,10.4,,
2022-03-27T17:00,0.72,163,10.3,,
2022-03-27T18:00,0.72,163,10.35,,
2022-03-27T19:00,0.74,163,10.5,,
2022-03-27T20:00,0.74,163,10.6,,
2022-03-27T21:00,0.74,163,10.6,,
2022-03-27T22:00,0.72,163,10.6,,
2022-03-27T23:00,0.72,163,10.65,,
2022-03-28T00:00,0.72,163,10.75,,
2022-03-28T01:00,0.72,164,10.9,,
2022-03-28T02:00,0.72,164,11.0,,
2022-03-28T03:00,0.72,164,11.05,,
2022-03-28T04:00,0.7,163,11.1,,
2022-03-28T05:00,0.7,163,11.15,,
2022-03-28T06:00,0.7,163,11.25,,
2022-03-28T07:00,0.72,164,11.35,,
2022-03-28T08:00,0.72,164,11.35,,
2022-03-28T09:00,0.74,164,11.2,,
2022-03-28T10:00,0.74,163,10.95,,
2022-03-28T11:00,0.76,163,10.7,,
2022-03-28T12:00,0.74,163,10.45,,
2022-03-28T13:00,0.74,164,10.2,,
2022-03-28T14:00,0.72,164,10.0,,
2022-03-28T15:00,0.72,164,9.85,,
2022-03-28T16:00,0.72,165,9.75,,
2022-03-28T17:00,0.72,165,9.65,,
2022-03-28T18:00,0.72,165,9.6,,
2022-03-28T19:00,0.72,166,9.55,,
2022-03-28T20:00,0.72,166,9.6,,
2022-03-28T21:00,0.76,166,9.75,,
2022-03-28T22:00,0.8,167,10.0,,
2022-03-28T23:00,0.84,167,10.15,,
2022-03-29T00:00,0.84,167,10.1,,
2022-03-29T01:00,0.82,167,9.95,,
2022-03-29T02:00,0.82,167,9.8,,
2022-03-29T03:00,0.82,167,9.65,,
2022-03-29T04:00,0.8,167,9.5,,
2022-03-29T05:00,0.8,167,9.35,,
2022-03-29T06:00,0.8,167,9.2,,
2022-03-29T07:00,0.8,167,9.05,,
2022-03-29T08:00,0.8,167,8.9,,
2022-03-29T09:00,0.8,167,8.8,,
2022-03-29T10:00,0.8,167,8.7,,
2022-03-29T11:00,0.8,167,8.6,,
2022-03-29T12:00,0.8,167,8.5,,
2022-03-29T13:00,0.8,167,8.4,,
2022-03-29T14:00,0.8,167,8.3,,
2022-03-29T15:00,0.8,168,8.15,,
2022-03-29T16:00,0.82,168,7.95,,
2022-03-29T17:00,0.82,169,7.8,,
2022-03-29T18:00,0.82,170,7.7,,
2022-03-29T19:00,0.84,170,7.6,,
2022-03-29T20:00,0.84,171,7.5,,
2022-03-29T21:00,0.84,172,7.45,,
2022-03-29T22:00,0.86,172,7.4,,
2022-03-29T23:00,0.86,173,7.4,,
2022-03-30T00:00,0.86,173,7.4,,
2022-03-30T01:00,0.84,173,7.45,,
2022-03-30T02:00,0.84,173,7.5,,
2022-03-30T03:00,0.82,173,7.6,,
2022-03-30T04:00,0.8,172,7.75,,
2022-03-30T05:00,0.78,172,7.8,,
2022-03-30T06:00,0.78,172,7.75,,
2022-03-30T07:00,0.78,172,7.6,,
2022-03-30T08:00,0.78,172,7.4,,
2022-03-30T09:00,0.8,171,7.15,,
2022-03-30T10:00,0.8,169,6.9,,
2022-03-30T11:00,0.82,168,6.7,,
2022-03-30T12:00,0.82,168,6.55,,
2022-03-30T13:00,0.84,168,6.45,,
2022-03-30T14:00,0.84,168,6.4,,
2022-03-30T15:00,0.84,169,6.35,,
2022-03-30T16:00,0.84,171,6.3,,
2022-03-30T17:00,0.84,172,6.3,,
2022-03-30T18:00,0.84,173,6.3,,
2022-03-30T19:00,0.86,173,6.35,,
2022-03-30T20:00,0.86,174,6.4,,
2022-03-30T21:00,0.86,174,6.4,,
2022-03-30T22:00,0.84,174,6.4,,
2022-03-30T23:00,0.84,174,6.45,,
2022-03-31T00:00,0.84,173,6.65,,
2022-03-31T01:00,0.82,173,6.9,,
2022-03-31T02:00,0.82,172,7.1,,
2022-03-31T03:00,0.78,171,7.25,,
2022-03-31T04:00,0.76,171,7.3,,
2022-03-31T05:00,0.72,170,7.4,,
2022-03-31T06:00,0.7,169,7.5,,
2022-03-31T07:00,0.7,169,7.6,,
2022-03-31T08:00,0.68,168,7.65,,
2022-03-31T09:00,0.68,168,7.7,,
2022-03-31T10:00,0.66,167,7.75,,
2022-03-31T11:00,0.66,167,7.75,,
2022-03-31T12:00,0.68,167,7.7,,
2022-03-31T13:00,0.68,167,7.6,,
2022-03-31T14:00,0.7,167,7.45,,
2022-03-31T15:00,0.72,167,7.3,,
2022-03-31T16:00,0.74,168,7.1,,
2022-03-31T17:00,0.76,168,7.0,,
2022-03-31T18:00,0.76,168,6.95,,
2022-03-31T19:00,0.76,169,7.0,,
2022-03-31T20:00,0.76,169,7.05,,
2022-03-31T21:00,0.76,170,7.15,,
2022-03-31T22:00,0.74,170,7.3,,
2022-03-31T23:00,0.74,171,7.4,,
2022-04-01T00:00,0.74,171,7.5,,
2022-04-01T01:00,0.72,172,7.6,,
2022-04-01T02:00,0.72,172,7.7,,
2022-04-01T03:00,0.72,172,7.8,,
2022-04-01T04:00,0.72,173,7.9,,
2022-04-01T05:00,0.72,173,7.95,,
2022-04-01T06:00,0.72,173,7.9,,
2022-04-01T07:00,0.7,172,7.8,,
2022-04-01T08:00,0.7,172,7.75,,
2022-04-01T09:00,0.7,171,7.75,,
2022-04-01T10:00,0.7,170,7.75,,
2022-04-01T11:00,0.7,169,7.7,,
2022-04-01T12:00,0.7,169,7.55,,
2022-04-01T13:00,0.72,169,7.3,,
2022-04-01T14:00,0.72,169,7.05,,
2022-04-01T15:00,0.74,170,6.8,,
2022-04-01T16:00,0.76,171,6.55,,
2022-04-01T17:00,0.78,172,6.35,,
2022-04-01T18:00,0.78,172,6.3,,
2022-04-01T19:00,0.8,173,6.3,,
2022-04-01T20:00,0.8,173,6.3,,
2022-04-01T21:00,0.8,173,6.35,,
2022-04-01T22:00,0.8,174,6.35,,
2022-04-01T23:00,0.8,174,6.45,,
2022-04-02T00:00,0.8,174,6.55,,
2022-04-02T01:00,0.8,174,6.65,,
2022-04-02T02:00,0.8,174,6.85,,
2022-04-02T03:00,0.82,174,7.15,,
2022-04-02T04:00,0.84,173,7.5,,
2022-04-02T05:00,0.86,173,7.75,,
2022-04-02T06:00,0.84,173,7.85,,
2022-04-02T07:00,0.84,174,7.8,,
2022-04-02T08:00,0.82,174,7.75,,
2022-04-02T09:00,0.82,173,7.65,,
2022-04-02T10:00,0.8,173,7.55,,
2022-04-02T11:00,0.8,172,7.4,,
2022-04-02T12:00,0.8,171,7.3,,
2022-04-02T13:00,0.82,171,7.2,,
2022-04-02T14:00,0.82,170,7.1,,
2022-04-02T15:00,0.84,171,7.0,,
2022-04-02T16:00,0.84,172,6.85,,
2022-04-02T17:00,0.86,173,6.8,,
2022-04-02T18:00,0.88,173,6.8,,
2022-04-02T19:00,0.88,174,6.9,,
2022-04-02T20:00,0.9,174,6.9,,
2022-04-02T21:00,0.88,175,6.75,,
2022-04-02T22:00,0.86,177,6.6,,
2022-04-02T23:00,0.84,178,6.5,,
2022-04-03T00:00,0.82,178,6.55,,
2022-04-03T01:00,0.78,177,6.7,,
2022-04-03T02:00,0.76,177,6.9,,
2022-04-03T03:00,0.72,176,7.1,,
2022-04-03T04:00,0.68,176,7.3,,
2022-04-03T05:00,0.64,175,7.5,,
2022-04-03T06:00,0.64,174,7.8,,
2022-04-03T07:00,0.64,173,8.1,,
2022-04-03T08:00,0.64,172,8.3,,
2022-04-03T09:00,0.64,171,8.3,,
2022-04-03T10:00,0.66,171,8.2,,
2022-04-03T11:00,0.66,170,8.1,,
2022-04-03T12:00,0.68,170,8.05,,
2022-04-03T13:00,0.68,169,7.95,,
2022-04-03T14:00,0.7,169,7.9,,
2022-04-03T15:00,0.7,169,7.8,,
2022-04-03T16:00,0.72,170,7.7,,
2022-04-03T17:00,0.72,170,7.65,,
2022-04-03T18:00,0.7,170,7.7,,
2022-04-03T19:00,0.7,170,7.85,,
2022-04-03T20:00,0.68,170,8.05,,
2022-04-03T21:00,0.68,170,8.3,,
2022-04-03T22:00,0.68,169,8.6,,
2022-04-03T23:00,0.68,169,8.9,,
2022-04-04T00:00,0.68,169,9.25,,
2022-04-04T01:00,0.66,169,9.55,,
2022-04-04T02:00,0.66,169,9.8,,
2022-04-04T03:00,0.64,169,9.9,,
2022-04-04T04:00,0.64,169,9.85,,
2022-04-04T05:00,0.62,169,9.9,,
2022-04-04T06:00,0.6,169,10.0,,
2022-04-04T07:00,0.6,170,10.15,,
2022-04-04T08:00,0.58,170,10.3,,
2022-04-04T09:00,0.58,170,10.5,,
2022-04-04T10:00,0.58,170,10.7,,
2022-04-04T11:00,0.58,170,10.9,,
2022-04-04T12:00,0.58,170,11.05,,
2022-04-04T13:00,0.58,171,11.2,,
2022-04-04T14:00,0.58,171,11.3,,
2022-04-04T15:00,0.6,171,11.35,,
2022-04-04T16:00,0.62,172,11.4,,
2022-04-04T17:00,0.64,172,11.4,,
2022-04-04T18:00,0.66,172,11.3,,
2022-04-04T19:00,0.7,171,11.15,,
2022-04-04T20:00,0.72,171,11.0,,
2022-04-04T21:00,0.74,170,10.95,,
2022-04-04T22:00,0.78,168,10.95,,
2022-04-04T23:00,0.8,167,10.95,,
2022-04-05T00:00,0.84,165,10.9,,
2022-04-05T01:00,0.86,163,10.9,,
2022-04-05T02:00,0.9,161,10.9,,
2022-04-05T03:00,0.92,163,11.05,,
2022-04-05T04:00,0.92,164,11.25,,
2022-04-05T05:00,0.94,166,11.4,,
2022-04-05T06:00,0.96,167,11.5,,
2022-04-05T07:00,0.96,169,11.55,,
2022-04-05T08:00,0.98,170,11.6,,
2022-04-05T09:00,1.0,170,11.75,,
2022-04-05T10:00,1.04,171,11.9,,
2022-04-05T11:00,1.06,171,12.0,,
2022-04-05T12:00,1.06,171,12.0,,
2022-04-05T13:00,1.08,172,11.95,,
2022-04-05T14:00,1.08,172,11.85,,
2022-04-05T15:00,1.1,172,11.75,,
2022-04-05T16:00,1.1,171,11.6,,
2022-04-05T17:00,1.12,171,11.5,,
2022-04-05T18:00,1.12,171,11.4,,
2022-04-05T19:00,1.1,171,11.25,,
2022-04-05T20:00,1.1,171,11.2,,
2022-04-05T21:00,1.1,171,11.2,,
2022-04-05T22:00,1.08,171,11.25,,
2022-04-05T23:00,1.08,171,11.3,,
2022-04-06T00:00,1.1,171,11.35,,
2022-04-06T01:00,1.1,171,11.4,,
2022-04-06T02:00,1.12,171,11.45,,
2022-04-06T03:00,1.12,171,11.45,,
2022-04-06T04:00,1.14,171,11.45,,
2022-04-06T05:00,1.14,171,11.45,,
2022-04-06T06:00,1.14,171,11.45,,
2022-04-06T07:00,1.14,171,11.4,,
2022-04-06T08:00,1.14,171,11.4,,
2022-04-06T09:00,1.14,171,11.4,,
2022-04-06T10:00,1.12,171,11.4,,
2022-04-06T11:00,1.12,171,11.35,,
2022-04-06T12:00,1.1,171,11.3,,
2022-04-06T13:00,1.1,171,11.25,,
2022-04-06T14:00,1.08,171,11.15,,
2022-04-06T15:00,1.06,171,11.05,,
2022-04-06T16:00,1.06,171,10.9,,
2022-04-06T17:00,1.04,171,10.75,,
2022-04-06T18:00,1.04,171,10.6,,
2022-04-06T19:00,1.04,171,10.5,,
2022-04-06T20:00,1.04,171,10.4,,
2022-04-06T21:00,1.04,171,10.4,,
2022-04-06T22:00,1.02,171,10.45,,
2022-04-06T23:00,1.02,171,10.5,,
2022-04-07T00:00,1.02,171,10.55,,
2022-04-07T01:00,1.0,171,10.65,,
2022-04-07T02:00,1.0,171,10.7,,
2022-04-07T03:00,1.0,171,10.75,,
2022-04-07T04:00,1.0,171,10.75,,
2022-04-07T05:00,1.0,171,10.8,,
2022-04-07T06:00,1.0,171,10.85,,
2022-04-07T07:00,1.02,171,10.85,,
2022-04-07T08:00,1.02,171,10.9,,
2022-04-07T09:00,1.02,171,10.9,,
2022-04-07T10:00,1.0,171,10.95,,
2022-04-07T11:00,1.0,171,10.95,,
2022-04-07T12:00,1.0,171,10.95,,
2022-04-07T13:00,0.98,171,10.95,,
2022-04-07T14:00,0.98,171,10.95,,
2022-04-07T15:00,0.98,171,10.9,,
2022-04-07T16:00,0.96,171,10.9,,
2022-04-07T17:00,0.96,171,10.8,,
2022-04-07T18:00,0.96,171,10.6,,
2022-04-07T19:00,0.98,171,10.4,,
2022-04-07T20:00,0.98,171,10.3,,
2022-04-07T21:00,1.0,171,10.45,,
2022-04-07T22:00,1.02,171,10.7,,
2022-04-07T23:00,1.04,171,10.9,,
2022-04-08T00:00,1.02,171,10.9,,
2022-04-08T01:00,0.98,170,10.8,,
2022-04-08T02:00,0.96,170,10.7,,
2022-04-08T03:00,0.94,170,10.65,,
2022-04-08T04:00,0.92,170,10.65,,
2022-04-08T05:00,0.9,170,10.6,,
2022-04-08T06:00,0.88,170,10.5,,
2022-04-08T07:00,0.84,170,10.4,,
2022-04-08T08:00,0.82,170,10.3,,
2022-04-08T09:00,0.8,170,10.25,,
2022-04-08T10:00,0.8,171,10.25,,
2022-04-08T11:00,0.78,171,10.2,,
2022-04-08T12:00,0.76,171,10.2,,
2022-04-08T13:00,0.76,170,10.2,,
2022-04-08T14:00,0.74,170,10.1,,
2022-04-08T15:00,0.76,170,9.7,,
2022-04-08T16:00,0.76,171,9.2,,
2022-04-08T17:00,0.78,171,8.85,,
2022-04-08T18:00,0.76,171,8.85,,
2022-04-08T19:00,0.76,171,9.05,,
2022-04-08T20:00,0.74,171,9.25,,
2022-04-08T21:00,0.72,171,9.35,,
2022-04-08T22:00,0.72,171,9.45,,
2022-04-08T23:00,0.7,171,9.55,,
2022-04-09T00:00,0.7,171,9.65,,
2022-04-09T01:00,0.7,172,9.75,,
2022-04-09T02:00,0.7,172,9.85,,
2022-04-09T03:00,0.7,172,9.9,,
2022-04-09T04:00,0.68,171,9.95,,
2022-04-09T05:00,0.68,171,9.95,,
2022-04-09T06:00,0.68,171,9.95,,
2022-04-09T07:00,0.66,171,10.0,,
2022-04-09T08:00,0.66,171,10.0,,
2022-04-09T09:00,0.66,171,10.0,,
2022-04-09T10:00,0.66,170,10.05,,
2022-04-09T11:00,0.66,170,10.05,,
2022-04-09T12:00,0.66,170,10.05,,
2022-04-09T13:00,0.64,170,10.0,,
2022-04-09T14:00,0.64,170,10.05,,
2022-04-09T15:00,0.66,170,10.2,,
2022-04-09T16:00,0.7,169,10.45,,
2022-04-09T17:00,0.72,169,10.6,,
2022-04-09T18:00,0.76,170,10.6,,
2022-04-09T19:00,0.8,170,10.55,,
2022-04-09T20:00,0.84,171,10.4,,
2022-04-09T21:00,0.8,172,10.2,,
2022-04-09T22:00,0.78,172,9.9,,
2022-04-09T23:00,0.74,173,9.75,,
2022-04-10T00:00,0.72,172,9.75,,
2022-04-10T01:00,0.68,172,9.85,,
2022-04-10T02:00,0.66,171,9.95,,
2022-04-10T03:00,0.64,171,10.0,,
2022-04-10T04:00,0.64,171,10.1,,
2022-04-10T05:00,0.62,171,10.15,,
2022-04-10T06:00,0.6,171,10.25,,
2022-04-10T07:00,0.6,170,10.3,,
2022-04-10T08:00,0.58,170,10.4,,
2022-04-10T09:00,0.58,170,10.45,,
2022-04-10T10:00,0.58,170,10.5,,
2022-04-10T11:00,0.58,170,10.55,,
2022-04-10T12:00,0.58,170,10.6,,
2022-04-10T13:00,0.56,170,10.65,,
2022-04-10T14:00,0.56,170,10.7,,
2022-04-10T15:00,0.56,170,10.75,,
2022-04-10T16:00,0.58,169,10.8,,
2022-04-10T17:00,0.58,169,10.9,,
2022-04-10T18:00,0.6,169,11.05,,
2022-04-10T19:00,0.62,168,11.3,,
2022-04-10T20:00,0.64,168,11.45,,
2022-04-10T21:00,0.64,168,11.55,,
2022-04-10T22:00,0.66,168,11.65,,
2022-04-10T23:00,0.66,168,11.7,,
2022-04-11T00:00,0.68,168,11.7,,
2022-04-11T01:00,0.68,169,11.7,,
2022-04-11T02:00,0.7,169,11.7,,
2022-04-11T03:00,0.7,169,11.65,,
2022-04-11T04:00,0.7,170,11.6,,
2022-04-11T05:00,0.7,170,11.55,,
2022-04-11T06:00,0.7,171,11.55,,
2022-04-11T07:00,0.7,171,11.65,,
2022-04-11T08:00,0.7,172,11.7,,
2022-04-11T09:00,0.7,172,11.8,,
2022-04-11T10:00,0.68,173,11.9,,
2022-04-11T11:00,0.68,173,12.0,,
2022-04-11T12:00,0.68,173,12.1,,
2022-04-11T13:00,0.68,174,12.15,,
2022-04-11T14:00,0.68,174,12.2,,
2022-04-11T15:00,0.68,174,12.25,,
2022-04-11T16:00,0.68,174,12.25,,
2022-04-11T17:00,0.68,174,12.25,,
2022-04-11T18:00,0.68,174,12.25,,
2022-04-11T19:00,0.68,175,12.2,,
2022-04-11T20:00,0.68,175,12.2,,
2022-04-11T21:00,0.68,175,12.15,,
2022-04-11T22:00,0.66,175,12.1,,
2022-04-11T23:00,0.66,175,12.1,,
2022-04-12T00:00,0.66,175,12.1,,
2022-04-12T01:00,0.66,174,12.15,,
2022-04-12T02:00,0.66,174,12.2,,
2022-04-12T03:00,0.66,174,12.25,,
2022-04-12T04:00,0.66,174,12.3,,
2022-04-12T05:00,0.66,174,12.35,,
2022-04-12T06:00,0.66,174,12.4,,
2022-04-12T07:00,0.66,173,12.45,,
2022-04-12T08:00,0.66,173,12.5,,
2022-04-12T09:00,0.66,173,12.5,,
2022-04-12T10:00,0.66,173,12.5,,
2022-04-12T11:00,0.66,173,12.5,,
2022-04-12T12:00,0.66,173,12.5,,
2022-04-12T13:00,0.66,173,12.55,,
2022-04-12T14:00,0.66,173,12.55,,
2022-04-12T15:00,0.66,173,12.55,,
2022-04-12T16:00,0.68,173,12.55,,
2022-04-12T17:00,0.68,173,12.5,,
2022-04-12T18:00,0.66,173,12.3,,
2022-04-12T19:00,0.66,174,12.1,,
2022-04-12T20:00,0.64,174,11.9,,
2022-04-12T21:00,0.64,174,11.8,,
2022-04-12T22:00,0.66,173,11.8,,
2022-04-12T23:00,0.66,173,11.8,,
2022-04-13T00:00,0.66,173,11.85,,
2022-04-13T01:00,0.68,173,11.9,,
2022-04-13T02:00,0.68,173,11.95,,
2022-04-13T03:00,0.68,173,11.95,,
2022-04-13T04:00,0.68,172,11.9,,
2022-04-13T05:00,0.68,172,11.85,,
2022-04-13T06:00,0.68,172,11.8,,
2022-04-13T07:00,0.68,171,11.8,,
2022-04-13T08:00,0.68,171,11.75,,
2022-04-13T09:00,0.68,171,11.7,,
2022-04-13T10:00,0.68,171,11.65,,
2022-04-13T11:00,0.68,171,11.6,,
2022-04-13T12:00,0.68,170,11.55,,
2022-04-13T13:00,0.66,170,11.45,,
2022-04-13T14:00,0.66,169,11.3,,
2022-04-13T15:00,0.68,169,11.1,,
2022-04-13T16:00,0.68,169,10.9,,
2022-04-13T17:00,0.7,169,10.6,,
2022-04-13T18:00,0.72,169,10.15,,
2022-04-13T19:00,0.74,170,9.65,,
2022-04-13T20:00,0.76,170,9.25,,
2022-04-13T21:00,0.78,170,9.0,,
2022-04-13T22:00,0.82,171,8.85,,
2022-04-13T23:00,0.84,171,8.8,,
2022-04-14T00:00,0.84,171,8.8,,
2022-04-14T01:00,0.86,170,8.9,,
2022-04-14T02:00,0.86,170,9.0,,
2022-04-14T03:00,0.88,169,9.15,,
2022-04-14T04:00,0.88,169,9.3,,
2022-04-14T05:00,0.9,168,9.45,,
2022-04-14T06:00,0.9,169,9.5,,
2022-04-14T07:00,0.92,169,9.5,,
2022-04-14T08:00,0.92,170,9.5,,
2022-04-14T09:00,0.92,170,9.6,,
2022-04-14T10:00,0.94,169,9.7,,
2022-04-14T11:00,0.94,169,9.75,,
2022-04-14T12:00,0.94,169,9.75,,
2022-04-14T13:00,0.94,168,9.65,,
2022-04-14T14:00,0.94,168,9.6,,
2022-04-14T15:00,0.96,168,9.55,,
2022-04-14T16:00,0.98,169,9.45,,
2022-04-14T17:00,1.0,169,9.35,,
2022-04-14T18:00,1.02,169,9.25,,
2022-04-14T19:00,1.02,169,9.1,,
2022-04-14T20:00,1.04,169,8.95,,
2022-04-14T21:00,1.04,170,8.8,,
2022-04-14T22:00,1.04,170,8.65,,
2022-04-14T23:00,1.04,171,8.55,,
2022-04-15T00:00,1.04,170,8.55,,
2022-04-15T01:00,1.02,170,8.65,,
2022-04-15T02:00,1.02,169,8.75,,
2022-04-15T03:00,1.0,168,8.9,,
2022-04-15T04:00,1.0,168,9.05,,
2022-04-15T05:00,0.98,167,9.2,,
2022-04-15T06:00,0.96,166,9.35,,
2022-04-15T07:00,0.96,164,9.55,,
2022-04-15T08:00,0.94,163,9.7,,
2022-04-15T09:00,0.92,162,9.8,,
2022-04-15T10:00,0.92,162,9.9,,
2022-04-15T11:00,0.9,161,9.9,,
2022-04-15T12:00,0.9,161,9.85,,
2022-04-15T13:00,0.9,162,9.75,,
2022-04-15T14:00,0.9,162,9.55,,
2022-04-15T15:00,0.92,164,9.25,,
2022-04-15T16:00,0.96,165,8.9,,
2022-04-15T17:00,0.98,167,8.6,,
2022-04-15T18:00,0.98,168,8.35,,
2022-04-15T19:00,0.98,169,8.15,,
2022-04-15T20:00,0.98,170,8.05,,
2022-04-15T21:00,1.0,171,8.05,,
2022-04-15T22:00,1.0,171,8.15,,
2022-04-15T23:00,1.02,172,8.25,,
2022-04-16T00:00,1.02,172,8.3,,
2022-04-16T01:00,1.02,172,8.3,,
2022-04-16T02:00,1.02,172,8.3,,
2022-04-16T03:00,1.02,172,8.3,,
2022-04-16T04:00,1.02,171,8.35,,
2022-04-16T05:00,1.02,171,8.35,,
2022-04-16T06:00,1.02,171,8.35,,
2022-04-16T07:00,1.02,171,8.35,,
2022-04-16T08:00,1.02,171,8.35,,
2022-04-16T09:00,1.02,171,8.35,,
2022-04-16T10:00,1.04,170,8.3,,
2022-04-16T11:00,1.04,170,8.25,,
2022-04-16T12:00,1.04,171,8.1,,
2022-04-16T13:00,1.06,171,7.9,,
2022-04-16T14:00,1.06,172,7.7,,
2022-04-16T15:00,1.1,173,7.5,,
2022-04-16T16:00,1.12,174,7.35,,
2022-04-16T17:00,1.16,175,7.2,,
2022-04-16T18:00,1.16,176,7.15,,
2022-04-16T19:00,1.16,176,7.1,,
2022-04-16T20:00,1.16,177,7.1,,
2022-04-16T21:00,1.16,177,7.1,,
2022-04-16T22:00,1.16,177,7.15,,
2022-04-16T23:00,1.16,177,7.2,,
2022-04-17T00:00,1.16,176,7.3,,
2022-04-17T01:00,1.14,176,7.5,,
2022-04-17T02:00,1.14,175,7.6,,
2022-04-17T03:00,1.12,174,7.65,,
2022-04-17T04:00,1.08,174,7.65,,
2022-04-17T05:00,1.06,173,7.65,,
2022-04-17T06:00,1.06,173,7.6,,
2022-04-17T07:00,1.04,173,7.55,,
2022-04-17T08:00,1.04,173,7.5,,
2022-04-17T09:00,1.04,173,7.4,,
2022-04-17T10:00,1.04,174,7.3,,
2022-04-17T11:00,1.04,174,7.25,,
2022-04-17T12:00,1.04,174,7.2,,
2022-04-17T13:00,1.06,175,7.2,,
2022-04-17T14:00,1.06,175,7.2,,
2022-04-17T15:00,1.06,175,7.25,,
2022-04-17T16:00,1.04,175,7.3,,
2022-04-17T17:00,1.04,175,7.4,,
2022-04-17T18:00,1.04,175,7.5,,
2022-04-17T19:00,1.02,174,7.65,,
2022-04-17T20:00,1.02,174,7.8,,
2022-04-17T21:00,1.0,174,7.95,,
2022-04-17T22:00,0.96,174,8.15,,
2022-04-17T23:00,0.94,174,8.35,,
2022-04-18T00:00,0.92,174,8.55,,
2022-04-18T01:00,0.92,174,8.75,,
2022-04-18T02:00,0.9,174,8.95,,
2022-04-18T03:00,0.88,174,9.15,,
2022-04-18T04:00,0.86,173,9.35,,
2022-04-18T05:00,0.84,173,9.55,,
2022-04-18T06:00,0.84,173,9.85,,
2022-04-18T07:00,0.84,172,10.1,,
2022-04-18T08:00,0.84,172,10.25,,
2022-04-18T09:00,0.78,172,10.05,,
2022-04-18T10:00,0.72,172,9.65,,
2022-04-18T11:00,0.66,172,9.45,,
2022-04-18T12:00,0.68,172,9.65,,
2022-04-18T13:00,0.7,173,10.05,,
2022-04-18T14:00,0.72,173,10.3,,
2022-04-18T15:00,0.74,173,10.35,,
2022-04-18T16:00,0.78,174,10.35,,
2022-04-18T17:00,0.8,174,10.2,,
2022-04-18T18:00,0.82,176,9.95,,
2022-04-18T19:00,0.84,177,9.6,,
2022-04-18T20:00,0.86,179,9.3,,
2022-04-18T21:00,0.86,179,9.15,,
2022-04-18T22:00,0.88,180,9.05,,
2022-04-18T23:00,0.88,180,9.0,,
2022-04-19T00:00,0.88,180,9.0,,
2022-04-19T01:00,0.86,179,9.05,,
2022-04-19T02:00,0.86,179,9.15,,
2022-04-19T03:00,0.84,178,9.3,,
2022-04-19T04:00,0.82,178,9.5,,
2022-04-19T05:00,0.8,177,9.7,,
2022-04-19T06:00,0.8,176,9.85,,
2022-04-19T07:00,0.78,176,10.0,,
2022-04-19T08:00,0.78,175,10.15,,
2022-04-19T09:00,0.78,175,10.3,,
2022-04-19T10:00,0.78,174,10.4,,
2022-04-19T11:00,0.78,174,10.5,,
2022-04-19T12:00,0.78,174,10.6,,
2022-04-19T13:00,0.78,174,10.65,,
2022-04-19T14:00,0.78,174,10.7,,
2022-04-19T15:00,0.78,174,10.75,,
2022-04-19T16:00,0.78,174,10.85,,
2022-04-19T17:00,0.78,174,10.9,,
2022-04-19T18:00,0.78,174,11.0,,
2022-04-19T19:00,0.78,174,11.05,,
2022-04-19T20:00,0.78,174,11.15,,
2022-04-19T21:00,0.78,174,11.25,,
2022-04-19T22:00,0.8,174,11.3,,
2022-04-19T23:00,0.8,174,11.4,,
2022-04-20T00:00,0.8,174,11.45,,
2022-04-20T01:00,0.82,174,11.5,,
2022-04-20T02:00,0.82,174,11.55,,
2022-04-20T03:00,0.82,174,11.55,,
2022-04-20T04:00,0.82,173,11.5,,
2022-04-20T05:00,0.82,173,11.5,,
2022-04-20T06:00,0.82,173,11.55,,
2022-04-20T07:00,0.82,172,11.6,,
2022-04-20T08:00,0.82,172,11.65,,
2022-04-20T09:00,0.82,172,11.7,,
2022-04-20T10:00,0.84,172,11.7,,
2022-04-20T11:00,0.84,172,11.7,,
2022-04-20T12:00,0.84,172,11.7,,
2022-04-20T13:00,0.82,171,11.65,,
2022-04-20T14:00,0.82,171,11.65,,
2022-04-20T15:00,0.82,171,11.65,,
2022-04-20T16:00,0.84,171,11.6,,
2022-04-20T17:00,0.84,171,11.6,,
2022-04-20T18:00,0.84,171,11.55,,
2022-04-20T19:00,0.84,171,11.5,,
2022-04-20T20:00,0.84,171,11.5,,
2022-04-20T21:00,0.88,171,11.7,,
2022-04-20T22:00,0.9,170,12.0,,
2022-04-20T23:00,0.94,170,12.15,,
2022-04-21T00:00,0.9,170,12.0,,
2022-04-21T01:00,0.88,170,11.7,,
2022-04-21T02:00,0.84,170,11.45,,
2022-04-21T03:00,0.84,170,11.35,,
2022-04-21T04:00,0.82,170,11.3,,
2022-04-21T05:00,0.82,170,11.3,,
2022-04-21T06:00,0.84,170,11.4,,
2022-04-21T07:00,0.88,170,11.6,,
2022-04-21T08:00,0.9,170,11.7,,
2022-04-21T09:00,0.88,170,11.6,,
2022-04-21T10:00,0.88,169,11.4,,
2022-04-21T11:00,0.86,169,11.25,,
2022-04-21T12:00,0.86,169,11.2,,
2022-04-21T13:00,0.84,168,11.2,,
2022-04-21T14:00,0.84,168,11.15,,
2022-04-21T15:00,0.84,168,11.0,,
2022-04-21T16:00,0.84,167,10.85,,
2022-04-21T17:00,0.84,167,10.7,,
2022-04-21T18:00,0.84,165,10.6,,
2022-04-21T19:00,0.82,163,10.55,,
2022-04-21T20:00,0.82,161,10.5,,
2022-04-21T21:00,0.82,162,10.45,,
2022-04-21T22:00,0.8,163,10.35,,
2022-04-21T23:00,0.8,164,10.3,,
2022-04-22T00:00,0.8,165,10.25,,
2022-04-22T01:00,0.8,165,10.15,,
2022-04-22T02:00,0.8,166,10.05,,
2022-04-22T03:00,0.78,166,9.9,,
2022-04-22T04:00,0.78,167,9.75,,
2022-04-22T05:00,0.76,167,9.6,,
2022-04-22T06:00,0.74,167,9.5,,
2022-04-22T07:00,0.74,167,9.45,,
2022-04-22T08:00,0.72,167,9.45,,
2022-04-22T09:00,0.72,167,9.55,,
2022-04-22T10:00,0.74,167,9.75,,
2022-04-22T11:00,0.74,167,9.95,,
2022-04-22T12:00,0.74,166,10.1,,
2022-04-22T13:00,0.74,166,10.25,,
2022-04-22T14:00,0.74,165,10.3,,
2022-04-22T15:00,0.76,165,10.1,,
2022-04-22T16:00,0.78,165,9.8,,
2022-04-22T17:00,0.8,165,9.65,,
2022-04-22T18:00,0.84,165,9.9,,
2022-04-22T19:00,0.86,165,10.3,,
2022-04-22T20:00,0.9,165,10.7,,
2022-04-22T21:00,0.92,165,10.95,,
2022-04-22T22:00,0.92,164,11.15,,
2022-04-22T23:00,0.94,164,11.25,,
2022-04-23T00:00,0.94,164,11.2,,
2022-04-23T01:00,0.94,164,11.0,,
2022-04-23T02:00,0.94,164,10.85,,
2022-04-23T03:00,0.94,164,10.7,,
2022-04-23T04:00,0.94,163,10.55,,
2022-04-23T05:00,0.94,163,10.45,,
2022-04-23T06:00,0.94,163,10.35,,
2022-04-23T07:00,0.96,164,10.3,,
2022-04-23T08:00,0.96,164,10.25,,
2022-04-23T09:00,0.96,164,10.2,,
2022-04-23T10:00,0.94,164,10.15,,
2022-04-23T11:00,0.94,164,10.1,,
2022-04-23T12:00,0.92,164,10.05,,
2022-04-23T13:00,0.92,165,10.0,,
2022-04-23T14:00,0.9,165,9.95,,
2022-04-23T15:00,0.88,165,9.9,,
2022-04-23T16:00,0.86,166,9.85,,
2022-04-23T17:00,0.84,166,9.85,,
2022-04-23T18:00,0.84,166,9.85,,
2022-04-23T19:00,0.82,166,9.85,,
2022-04-23T20:00,0.82,166,9.85,,
2022-04-23T21:00,0.82,166,9.9,,
2022-04-23T22:00,0.8,166,9.95,,
2022-04-23T23:00,0.8,166,10.0,,
2022-04-24T00:00,0.8,166,10.05,,
2022-04-24T01:00,0.8,165,10.1,,
2022-04-24T02:00,0.8,165,10.15,,
2022-04-24T03:00,0.82,165,10.25,,
2022-04-24T04:00,0.82,165,10.35,,
2022-04-24T05:00,0.84,165,10.45,,
2022-04-24T06:00,0.84,165,10.5,,
2022-04-24T07:00,0.84,164,10.55,,
2022-04-24T08:00,0.84,164,10.55,,
2022-04-24T09:00,0.82,164,10.55,,
2022-04-24T10:00,0.82,164,10.5,,
2022-04-24T11:00,0.8,164,10.5,,
2022-04-24T12:00,0.8,164,10.5,,
2022-04-24T13:00,0.78,163,10.45,,
2022-04-24T14:00,0.78,163,10.45,,
2022-04-24T15:00,0.76,163,10.4,,
2022-04-24T16:00,0.76,163,10.35,,
2022-04-24T17:00,0.74,163,10.3,,
2022-04-24T18:00,0.72,163,10.25,,
2022-04-24T19:00,0.72,163,10.2,,
2022-04-24T20:00,0.7,163,10.2,,
2022-04-24T21:00,0.72,163,10.4,,
2022-04-24T22:00,0.76,163,10.65,,
2022-04-24T23:00,0.78,163,10.8,,
2022-04-25T00:00,0.76,163,10.75,,
2022-04-25T01:00,0.72,163,10.55,,
2022-04-25T02:00,0.7,163,10.4,,
2022-04-25T03:00,0.68,163,10.3,,
2022-04-25T04:00,0.68,163,10.3,,
2022-04-25T05:00,0.66,163,10.25,,
2022-04-25T06:00,0.66,163,10.25,,
2022-04-25T07:00,0.66,163,10.3,,
2022-04-25T08:00,0.66,163,10.3,,
2022-04-25T09:00,0.66,163,10.3,,
2022-04-25T10:00,0.64,163,10.35,,
2022-04-25T11:00,0.64,163,10.35,,
2022-04-25T12:00,0.64,163,10.4,,
2022-04-25T13:00,0.62,164,10.45,,
2022-04-25T14:00,0.62,164,10.45,,
2022-04-25T15:00,0.62,164,10.45,,
2022-04-25T16:00,0.62,164,10.45,,
2022-04-25T17:00,0.62,164,10.4,,
2022-04-25T18:00,0.62,165,10.3,,
2022-04-25T19:00,0.64,165,10.15,,
2022-04-25T20:00,0.64,166,10.1,,
2022-04-25T21:00,0.64,166,10.2,,
2022-04-25T22:00,0.62,166,10.35,,
2022-04-25T23:00,0.62,166,10.5,,
2022-04-26T00:00,0.6,166,10.6,,
2022-04-26T01:00,0.6,167,10.7,,
2022-04-26T02:00,0.58,167,10.8,,
2022-04-26T03:00,0.58,167,10.9,,
2022-04-26T04:00,0.58,168,11.05,,
2022-04-26T05:00,0.58,168,11.15,,
2022-04-26T06:00,0.58,168,11.3,,
2022-04-26T07:00,0.6,169,11.45,,
2022-04-26T08:00,0.6,169,11.55,,
2022-04-26T09:00,0.62,169,11.65,,
2022-04-26T10:00,0.62,170,11.75,,
2022-04-26T11:00,0.64,170,11.75,,
2022-04-26T12:00,0.66,170,11.65,,
2022-04-26T13:00,0.66,171,11.45,,
2022-04-26T14:00,0.68,171,11.35,,
2022-04-26T15:00,0.68,171,11.4,,
2022-04-26T16:00,0.7,172,11.6,,
2022-04-26T17:00,0.7,172,11.8,,
2022-04-26T18:00,0.72,172,12.1,,
2022-04-26T19:00,0.74,173,12.45,,
2022-04-26T20:00,0.76,173,12.75,,
2022-04-26T21:00,0.78,173,12.95,,
2022-04-26T22:00,0.82,173,13.1,,
2022-04-26T23:00,0.84,173,13.25,,
2022-04-27T00:00,0.86,173,13.35,,
2022-04-27T01:00,0.9,172,13.45,,
2022-04-27T02:00,0.92,172,13.5,,
2022-04-27T03:00,0.94,172,13.55,,
2022-04-27T04:00,0.94,172,13.55,,
2022-04-27T05:00,0.96,172,13.55,,
2022-04-27T06:00,0.96,172,13.5,,
2022-04-27T07:00,0.96,172,13.45,,
2022-04-27T08:00,0.96,172,13.4,,
2022-04-27T09:00,0.96,172,13.3,,
2022-04-27T10:00,0.94,171,13.2,,
2022-04-27T11:00,0.94,171,13.1,,
2022-04-27T12:00,0.94,171,13.05,,
2022-04-27T13:00,0.92,171,13.0,,
2022-04-27T14:00,0.92,171,12.95,,
2022-04-27T15:00,0.92,171,12.9,,
2022-04-27T16:00,0.92,171,12.8,,
2022-04-27T17:00,0.92,171,12.75,,
2022-04-27T18:00,0.92,171,12.7,,
2022-04-27T19:00,0.92,171,12.65,,
2022-04-27T20:00,0.92,171,12.65,,
2022-04-27T21:00,0.94,171,12.65,,
2022-04-27T22:00,0.94,170,12.7,,
2022-04-27T23:00,0.96,170,12.7,,
2022-04-28T00:00,0.96,170,12.65,,
2022-04-28T01:00,0.96,170,12.5,,
2022-04-28T02:00,0.96,170,12.4,,
2022-04-28T03:00,0.96,170,12.3,,
2022-04-28T04:00,0.96,170,12.15,,
2022-04-28T05:00,0.96,170,12.0,,
2022-04-28T06:00,0.94,168,11.8,,
2022-04-28T07:00,0.94,167,11.55,,
2022-04-28T08:00,0.92,165,11.4,,
2022-04-28T09:00,0.94,166,11.35,,
2022-04-28T10:00,0.94,166,11.4,,
2022-04-28T11:00,0.96,167,11.35,,
2022-04-28T12:00,0.96,168,11.25,,
2022-04-28T13:00,0.98,169,11.15,,
2022-04-28T14:00,0.98,170,10.9,,
2022-04-28T15:00,0.98,170,10.5,,
2022-04-28T16:00,1.0,170,10.05,,
2022-04-28T17:00,1.0,170,9.6,,
2022-04-28T18:00,0.98,170,9.2,,
2022-04-28T19:00,0.96,170,8.8,,
2022-04-28T20:00,0.94,170,8.65,,
2022-04-28T21:00,1.0,170,8.9,,
2022-04-28T22:00,1.06,170,9.4,,
2022-04-28T23:00,1.12,170,9.8,,
2022-04-29T00:00,1.12,171,9.95,,
2022-04-29T01:00,1.1,172,10.0,,
2022-04-29T02:00,1.1,173,10.05,,
2022-04-29T03:00,1.08,173,10.05,,
2022-04-29T04:00,1.06,173,10.05,,
2022-04-29T05:00,1.04,173,10.1,,
2022-04-29T06:00,1.02,173,10.2,,
2022-04-29T07:00,1.02,173,10.3,,
2022-04-29T08:00,1.0,173,10.4,,
2022-04-29T09:00,1.0,173,10.55,,
2022-04-29T10:00,0.98,173,10.7,,
2022-04-29T11:00,0.98,173,10.8,,
2022-04-29T12:00,1.0,173,10.8,,
2022-04-29T13:00,1.02,172,10.75,,
2022-04-29T14:00,1.04,172,10.6,,
2022-04-29T15:00,1.08,173,10.2,,
2022-04-29T16:00,1.14,175,9.7,,
2022-04-29T17:00,1.18,176,9.35,,
2022-04-29T18:00,1.22,176,9.2,,
2022-04-29T19:00,1.26,176,9.2,,
2022-04-29T20:00,1.3,176,9.2,,
2022-04-29T21:00,1.32,176,9.15,,
2022-04-29T22:00,1.32,177,9.15,,
2022-04-29T23:00,1.34,177,9.2,,
2022-04-30T00:00,1.32,176,9.35,,
2022-04-30T01:00,1.32,176,9.6,,
2022-04-30T02:00,1.3,175,9.8,,
2022-04-30T03:00,1.28,174,10.0,,
2022-04-30T04:00,1.26,174,10.2,,
2022-04-30T05:00,1.24,173,10.4,,
2022-04-30T06:00,1.22,173,10.55,,
2022-04-30T07:00,1.2,172,10.65,,
2022-04-30T08:00,1.18,172,10.7,,
2022-04-30T09:00,1.18,171,10.75,,
2022-04-30T10:00,1.16,171,10.8,,
2022-04-30T11:00,1.16,170,10.8,,
2022-04-30T12:00,1.16,170,10.8,,
2022-04-30T13:00,1.14,169,10.75,,
2022-04-30T14:00,1.14,169,10.65,,
2022-04-30T15:00,1.16,169,10.45,,
2022-04-30T16:00,1.16,168,10.2,,
2022-04-30T17:00,1.18,168,10.0,,
2022-04-30T18:00,1.18,168,9.9,,
2022-04-30T19:00,1.18,169,9.9,,
2022-04-30T20:00,1.18,169,9.9,,
2022-04-30T21:00,1.18,169,10.0,,
2022-04-30T22:00,1.18,169,10.15,,
2022-04-30T23:00,1.18,169,10.25,,
2022-05-01T00:00,1.16,169,10.3,,
2022-05-01T01:00,1.16,169,10.25,,
2022-05-01T02:00,1.14,169,10.25,,
2022-05-01T03:00,1.1,169,10.25,,
2022-05-01T04:00,1.08,168,10.2,,
2022-05-01T05:00,1.04,168,10.2,,
2022-05-01T06:00,1.04,168,10.25,,
2022-05-01T07:00,1.02,168,10.25,,
2022-05-01T08:00,1.02,168,10.3,,
2022-05-01T09:00,1.02,168,10.3,,
2022-05-01T10:00,1.0,167,10.3,,
2022-05-01T11:00,1.0,167,10.3,,
2022-05-01T12:00,1.0,167,10.3,,
2022-05-01T13:00,1.0,167,10.25,,
2022-05-01T14:00,1.0,167,10.2,,
2022-05-01T15:00,1.02,167,10.1,,
2022-05-01T16:00,1.02,168,10.0,,
2022-05-01T17:00,1.04,168,9.9,,
2022-05-01T18:00,1.06,169,9.75,,
2022-05-01T19:00,1.08,170,9.6,,
2022-05-01T20:00,1.1,171,9.45,,
2022-05-01T21:00,1.1,172,9.35,,
2022-05-01T22:00,1.12,172,9.35,,
2022-05-01T23:00,1.12,173,9.3,,
2022-05-02T00:00,1.12,174,9.25,,
2022-05-02T01:00,1.1,175,9.25,,
2022-05-02T02:00,1.1,176,9.3,,
2022-05-02T03:00,1.08,175,9.4,,
2022-05-02T04:00,1.06,174,9.6,,
2022-05-02T05:00,1.04,173,9.75,,
2022-05-02T06:00,1.02,172,9.85,,
2022-05-02T07:00,1.0,171,10.0,,
2022-05-02T08:00,0.98,170,10.15,,
2022-05-02T09:00,1.0,170,10.45,,
2022-05-02T10:00,1.04,169,10.8,,
2022-05-02T11:00,1.06,169,10.95,,
2022-05-02T12:00,1.02,169,10.85,,
2022-05-02T13:00,0.98,168,10.6,,
2022-05-02T14:00,0.94,168,10.3,,
2022-05-02T15:00,0.94,168,10.05,,
2022-05-02T16:00,0.96,169,9.8,,
2022-05-02T17:00,0.96,169,9.55,,
2022-05-02T18:00,0.98,171,9.25,,
2022-05-02T19:00,1.0,172,8.9,,
2022-05-02T20:00,1.02,174,8.7,,
2022-05-02T21:00,1.0,174,8.65,,
2022-05-02T22:00,1.0,175,8.65,,
2022-05-02T23:00,0.98,175,8.7,,
2022-05-03T00:00,0.96,175,8.7,,
2022-05-03T01:00,0.96,175,8.7,,
2022-05-03T02:00,0.94,175,8.7,,
2022-05-03T03:00,0.92,175,8.75,,
2022-05-03T04:00,0.92,176,8.8,,
2022-05-03T05:00,0.9,176,8.95,,
2022-05-03T06:00,0.88,174,9.15,,
2022-05-03T07:00,0.84,172,9.4,,
2022-05-03T08:00,0.82,170,9.65,,
2022-05-03T09:00,0.8,169,9.85,,
2022-05-03T10:00,0.8,168,10.05,,
2022-05-03T11:00,0.78,167,10.2,,
2022-05-03T12:00,0.78,166,10.3,,
2022-05-03T13:00,0.78,166,10.35,,
2022-05-03T14:00,0.78,165,10.3,,
2022-05-03T15:00,0.8,165,10.0,,
2022-05-03T16:00,0.8,166,9.6,,
2022-05-03T17:00,0.82,166,9.25,,
2022-05-03T18:00,0.82,167,9.05,,
2022-05-03T19:00,0.84,168,8.95,,
2022-05-03T20:00,0.84,169,8.85,,
2022-05-03T21:00,0.84,170,8.8,,
2022-05-03T22:00,0.84,170,8.75,,
2022-05-03T23:00,0.84,171,8.75,,
2022-05-04T00:00,0.84,171,8.75,,
2022-05-04T01:00,0.84,172,8.75,,
2022-05-04T02:00,0.84,172,8.85,,
2022-05-04T03:00,0.82,172,9.05,,
2022-05-04T04:00,0.82,171,9.25,,
2022-05-04T05:00,0.8,171,9.5,,
2022-05-04T06:00,0.8,170,9.7,,
2022-05-04T07:00,0.78,170,9.9,,
2022-05-04T08:00,0.78,169,10.1,,
2022-05-04T09:00,0.78,169,10.3,,
2022-05-04T10:00,0.76,168,10.5,,
2022-05-04T11:00,0.76,168,10.6,,
2022-05-04T12:00,0.76,168,10.65,,
2022-05-04T13:00,0.76,167,10.6,,
2022-05-04T14:00,0.76,167,10.55,,
2022-05-04T15:00,0.78,168,10.45,,
2022-05-04T16:00,0.8,168,10.3,,
2022-05-04T17:00,0.82,169,10.15,,
2022-05-04T18:00,0.84,170,9.95,,
2022-05-04T19:00,0.84,170,9.75,,
2022-05-04T20:00,0.86,171,9.7,,
2022-05-04T21:00,0.9,171,9.95,,
2022-05-04T22:00,0.92,171,10.35,,
2022-05-04T23:00,0.96,171,10.7,,
2022-05-05T00:00,0.94,170,10.9,,
2022-05-05T01:00,0.92,170,11.0,,
2022-05-05T02:00,0.9,169,11.1,,
2022-05-05T03:00,0.88,169,11.2,,
2022-05-05T04:00,0.88,169,11.2,,
2022-05-05T05:00,0.86,169,11.25,,
2022-05-05T06:00,0.86,169,11.25,,
2022-05-05T07:00,0.84,170,11.2,,
2022-05-05T08:00,0.84,170,11.2,,
2022-05-05T09:00,0.84,170,11.3,,
2022-05-05T10:00,0.84,170,11.4,,
2022-05-05T11:00,0.84,170,11.5,,
2022-05-05T12:00,0.84,169,11.45,,
2022-05-05T13:00,0.82,168,11.4,,
2022-05-05T14:00,0.82,167,11.35,,
2022-05-05T15:00,0.82,167,11.4,,
2022-05-05T16:00,0.82,167,11.5,,
2022-05-05T17:00,0.82,167,11.6,,
2022-05-05T18:00,0.82,167,11.65,,
2022-05-05T19:00,0.84,168,11.7,,
2022-05-05T20:00,0.84,168,11.65,,
2022-05-05T21:00,0.84,169,11.5,,
2022-05-05T22:00,0.86,169,11.25,,
2022-05-05T23:00,0.86,170,11.05,,
2022-05-06T00:00,0.88,171,10.9,,
2022-05-06T01:00,0.88,171,10.75,,
2022-05-06T02:00,0.9,172,10.65,,
2022-05-06T03:00,0.92,173,10.6,,
2022-05-06T04:00,0.92,173,10.6,,
2022-05-06T05:00,0.94,174,10.6,,
2022-05-06T06:00,0.96,174,10.6,,
2022-05-06T07:00,0.96,175,10.65,,
2022-05-06T08:00,0.98,175,10.7,,
2022-05-06T09:00,1.0,175,10.8,,
2022-05-06T10:00,1.02,175,10.9,,
2022-05-06T11:00,1.04,175,10.95,,
2022-05-06T12:00,1.04,175,10.9,,
2022-05-06T13:00,1.02,174,10.75,,
2022-05-06T14:00,1.02,174,10.55,,
2022-05-06T15:00,1.02,174,10.25,,
2022-05-06T16:00,1.04,175,9.9,,
2022-05-06T17:00,1.04,175,9.6,,
2022-05-06T18:00,1.04,176,9.3,,
2022-05-06T19:00,1.04,176,9.05,,
2022-05-06T20:00,1.04,177,8.9,,
2022-05-06T21:00,1.02,177,8.85,,
2022-05-06T22:00,1.0,177,8.9,,
2022-05-06T23:00,0.98,177,8.95,,
2022-05-07T00:00,0.96,177,9.05,,
2022-05-07T01:00,0.94,176,9.15,,
2022-05-07T02:00,0.92,176,9.25,,
2022-05-07T03:00,0.9,176,9.4,,
2022-05-07T04:00,0.9,175,9.5,,
2022-05-07T05:00,0.88,175,9.65,,
2022-05-07T06:00,0.86,175,9.8,,
2022-05-07T07:00,0.86,174,9.9,,
2022-05-07T08:00,0.84,174,10.0,,
2022-05-07T09:00,0.84,174,10.1,,
2022-05-07T10:00,0.84,175,10.15,,
2022-05-07T11:00,0.84,175,10.2,,
2022-05-07T12:00,0.84,175,10.2,,
2022-05-07T13:00,0.82,175,10.15,,
2022-05-07T14:00,0.82,175,10.0,,
2022-05-07T15:00,0.84,176,9.75,,
2022-05-07T16:00,0.84,177,9.35,,
2022-05-07T17:00,0.86,178,9.0,,
2022-05-07T18:00,0.86,179,8.6,,
2022-05-07T19:00,0.88,180,8.25,,
2022-05-07T20:00,0.88,181,8.0,,
2022-05-07T21:00,0.86,181,7.95,,
2022-05-07T22:00,0.84,181,8.05,,
2022-05-07T23:00,0.82,181,8.2,,
2022-05-08T00:00,0.8,181,8.35,,
2022-05-08T01:00,0.78,180,8.5,,
2022-05-08T02:00,0.76,180,8.7,,
2022-05-08T03:00,0.74,179,8.9,,
2022-05-08T04:00,0.72,179,9.1,,
2022-05-08T05:00,0.7,178,9.3,,
2022-05-08T06:00,0.7,178,9.45,,
2022-05-08T07:00,0.68,177,9.65,,
2022-05-08T08:00,0.68,177,9.75,,
2022-05-08T09:00,0.68,177,9.85,,
2022-05-08T10:00,0.7,178,9.85,,
2022-05-08T11:00,0.7,178,9.85,,
2022-05-08T12:00,0.7,179,9.75,,
2022-05-08T13:00,0.72,179,9.6,,
2022-05-08T14:00,0.72,180,9.45,,
2022-05-08T15:00,0.72,181,9.3,,
2022-05-08T16:00,0.72,181,9.15,,
2022-05-08T17:00,0.72,182,9.05,,
2022-05-08T18:00,0.72,182,9.0,,
2022-05-08T19:00,0.72,182,9.05,,
2022-05-08T20:00,0.72,182,9.0,,
2022-05-08T21:00,0.72,183,8.9,,
2022-05-08T22:00,0.72,183,8.75,,
2022-05-08T23:00,0.72,184,8.6,,
2022-05-09T00:00,0.74,187,8.45,,
2022-05-09T01:00,0.74,189,8.35,,
2022-05-09T02:00,0.76,192,8.3,,
2022-05-09T03:00,0.76,192,8.3,,
2022-05-09T04:00,0.74,192,8.4,,
2022-05-09T05:00,0.74,192,8.5,,
2022-05-09T06:00,0.74,190,8.65,,
2022-05-09T07:00,0.72,189,8.85,,
2022-05-09T08:00,0.72,187,8.95,,
2022-05-09T09:00,0.72,186,8.95,,
2022-05-09T10:00,0.72,185,8.9,,
2022-05-09T11:00,0.72,184,8.8,,
2022-05-09T12:00,0.76,185,8.55,,
2022-05-09T13:00,0.8,187,8.25,,
2022-05-09T14:00,0.84,188,8.05,,
2022-05-09T15:00,0.86,189,8.05,,
2022-05-09T16:00,0.86,190,8.1,,
2022-05-09T17:00,0.88,191,8.2,,
2022-05-09T18:00,0.9,193,8.2,,
2022-05-09T19:00,0.92,196,8.25,,
2022-05-09T20:00,0.94,198,8.25,,
2022-05-09T21:00,0.96,197,8.3,,
2022-05-09T22:00,0.96,196,8.3,,
2022-05-09T23:00,0.98,195,8.35,,
2022-05-10T00:00,0.98,195,8.35,,
2022-05-10T01:00,1.0,194,8.4,,
2022-05-10T02:00,1.0,194,8.45,,
2022-05-10T03:00,0.98,194,8.65,,
2022-05-10T04:00,0.98,193,8.85,,
2022-05-10T05:00,0.96,193,9.1,,
2022-05-10T06:00,0.96,193,9.3,,
2022-05-10T07:00,0.98,192,9.45,,
2022-05-10T08:00,0.98,192,9.65,,
2022-05-10T09:00,0.98,192,9.85,,
2022-05-10T10:00,1.0,193,10.05,,
2022-05-10T11:00,1.0,193,10.2,,
2022-05-10T12:00,1.04,194,10.25,,
2022-05-10T13:00,1.06,195,10.2,,
2022-05-10T14:00,1.1,196,10.1,,
2022-05-10T15:00,1.12,197,9.9,,
2022-05-10T16:00,1.16,199,9.7,,
2022-05-10T17:00,1.18,200,9.5,,
2022-05-10T18:00,1.22,200,9.4,,
2022-05-10T19:00,1.24,200,9.3,,
2022-05-10T20:00,1.28,200,9.3,,
2022-05-10T21:00,1.26,197,9.4,,
2022-05-10T22:00,1.26,195,9.6,,
2022-05-10T23:00,1.24,192,9.8,,
2022-05-11T00:00,1.22,190,10.0,,
2022-05-11T01:00,1.22,187,10.15,,
2022-05-11T02:00,1.2,185,10.25,,
2022-05-11T03:00,1.22,185,10.2,,
2022-05-11T04:00,1.26,185,10.05,,
2022-05-11T05:00,1.28,185,9.85,,
2022-05-11T06:00,1.3,186,9.55,,
2022-05-11T07:00,1.34,188,9.25,,
2022-05-11T08:00,1.36,189,9.0,,
2022-05-11T09:00,1.36,189,8.9,,
2022-05-11T10:00,1.38,190,8.9,,
2022-05-11T11:00,1.38,190,8.9,,
2022-05-11T12:00,1.4,190,8.95,,
2022-05-11T13:00,1.4,191,9.0,,
2022-05-11T14:00,1.42,191,8.9,,
2022-05-11T15:00,1.3,191,8.45,,
2022-05-11T16:00,1.18,191,7.85,,
2022-05-11T17:00,1.06,191,7.55,,
2022-05-11T18:00,1.16,190,7.85,,
2022-05-11T19:00,1.24,188,8.45,,
2022-05-11T20:00,1.34,187,8.95,,
2022-05-11T21:00,1.38,185,9.2,,
2022-05-11T22:00,1.44,182,9.4,,
2022-05-11T23:00,1.48,180,9.5,,
2022-05-12T00:00,1.44,180,9.55,,
2022-05-12T01:00,1.42,179,9.5,,
2022-05-12T02:00,1.38,179,9.5,,
2022-05-12T03:00,1.36,179,9.55,,
2022-05-12T04:00,1.34,178,9.65,,
2022-05-12T05:00,1.32,178,9.7,,
2022-05-12T06:00,1.32,178,9.7,,
2022-05-12T07:00,1.3,178,9.65,,
2022-05-12T08:00,1.3,178,9.55,,
2022-05-12T09:00,1.34,179,9.3,,
2022-05-12T10:00,1.38,180,9.0,,
2022-05-12T11:00,1.42,181,8.7,,
2022-05-12T12:00,1.5,183,8.4,,
2022-05-12T13:00,1.56,184,8.15,,
2022-05-12T14:00,1.64,186,7.9,,
2022-05-12T15:00,1.7,187,7.7,,
2022-05-12T16:00,1.74,189,7.5,,
2022-05-12T17:00,1.8,190,7.4,,
2022-05-12T18:00,1.76,189,7.45,,
2022-05-12T19:00,1.74,188,7.6,,
2022-05-12T20:00,1.7,187,7.75,,
2022-05-12T21:00,1.66,186,7.9,,
2022-05-12T22:00,1.62,185,8.0,,
2022-05-12T23:00,1.58,184,8.15,,
2022-05-13T00:00,1.54,183,8.3,,
2022-05-13T01:00,1.5,181,8.4,,
2022-05-13T02:00,1.46,180,8.55,,
2022-05-13T03:00,1.44,179,8.7,,
2022-05-13T04:00,1.42,179,8.85,,
2022-05-13T05:00,1.4,178,8.95,,
2022-05-13T06:00,1.38,177,9.05,,
2022-05-13T07:00,1.38,177,9.1,,
2022-05-13T08:00,1.36,176,9.15,,
2022-05-13T09:00,1.36,176,9.1,,
2022-05-13T10:00,1.36,177,9.05,,
2022-05-13T11:00,1.36,177,8.95,,
2022-05-13T12:00,1.38,177,8.8,,
2022-05-13T13:00,1.42,178,8.65,,
2022-05-13T14:00,1.44,178,8.5,,
2022-05-13T15:00,1.48,180,8.3,,
2022-05-13T16:00,1.5,182,8.1,,
2022-05-13T17:00,1.54,184,7.95,,
2022-05-13T18:00,1.54,185,7.85,,
2022-05-13T19:00,1.54,185,7.85,,
2022-05-13T20:00,1.54,186,7.85,,
2022-05-13T21:00,1.54,185,7.9,,
2022-05-13T22:00,1.52,185,7.95,,
2022-05-13T23:00,1.52,184,8.0,,
2022-05-14T00:00,1.48,183,8.05,,
2022-05-14T01:00,1.46,183,8.15,,
2022-05-14T02:00,1.42,182,8.25,,
2022-05-14T03:00,1.4,182,8.4,,
2022-05-14T04:00,1.4,181,8.5,,
2022-05-14T05:00,1.38,181,8.6,,
2022-05-14T06:00,1.38,181,8.6,,
2022-05-14T07:00,1.4,182,8.6,,
2022-05-14T08:00,1.4,182,8.5,,
2022-05-14T09:00,1.44,183,8.35,,
2022-05-14T10:00,1.46,184,8.15,,
2022-05-14T11:00,1.5,185,8.0,,
2022-05-14T12:00,1.54,185,7.9,,
2022-05-14T13:00,1.6,186,7.8,,
2022-05-14T14:00,1.64,186,7.75,,
2022-05-14T15:00,1.7,187,7.7,,
2022-05-14T16:00,1.74,187,7.7,,
2022-05-14T17:00,1.8,188,7.7,,
2022-05-14T18:00,1.84,188,7.75,,
2022-05-14T19:00,1.88,188,7.9,,
2022-05-14T20:00,1.92,188,8.0,,
2022-05-14T21:00,1.92,188,8.1,,
2022-05-14T22:00,1.94,187,8.2,,
2022-05-14T23:00,1.94,187,8.3,,
2022-05-15T00:00,1.9,186,8.45,,
2022-05-15T01:00,1.88,186,8.6,,
2022-05-15T02:00,1.84,185,8.75,,
2022-05-15T03:00,1.78,184,8.9,,
2022-05-15T04:00,1.74,182,9.1,,
2022-05-15T05:00,1.68,181,9.15,,
2022-05-15T06:00,1.56,180,9.0,,
2022-05-15T07:00,1.46,180,8.8,,
2022-05-15T08:00,1.34,179,8.6,,
2022-05-15T09:00,1.28,178,8.5,,
2022-05-15T10:00,1.22,178,8.4,,
2022-05-15T11:00,1.16,177,8.4,,
2022-05-15T12:00,1.24,177,8.6,,
2022-05-15T13:00,1.32,178,8.85,,
2022-05-15T14:00,1.4,178,9.0,,
2022-05-15T15:00,1.42,179,8.85,,
2022-05-15T16:00,1.44,181,8.55,,
2022-05-15T17:00,1.46,182,8.3,,
2022-05-15T18:00,1.46,182,8.2,,
2022-05-15T19:00,1.44,182,8.15,,
2022-05-15T20:00,1.44,182,8.2,,
2022-05-15T21:00,1.4,181,8.3,,
2022-05-15T22:00,1.38,180,8.45,,
2022-05-15T23:00,1.34,179,8.6,,
2022-05-16T00:00,1.32,178,8.8,,
2022-05-16T01:00,1.3,177,9.0,,
2022-05-16T02:00,1.28,176,9.2,,
2022-05-16T03:00,1.28,175,9.4,,
2022-05-16T04:00,1.26,174,9.65,,
2022-05-16T05:00,1.26,173,9.8,,
2022-05-16T06:00,1.28,173,9.95,,
2022-05-16T07:00,1.3,172,10.0,,
2022-05-16T08:00,1.32,172,10.05,,
2022-05-16T09:00,1.36,172,10.0,,
2022-05-16T10:00,1.38,173,9.9,,
2022-05-16T11:00,1.42,173,9.75,,
2022-05-16T12:00,1.46,174,9.55,,
2022-05-16T13:00,1.52,175,9.25,,
2022-05-16T14:00,1.56,176,9.0,,
2022-05-16T15:00,1.62,178,8.7,,
2022-05-16T16:00,1.68,179,8.4,,
2022-05-16T17:00,1.74,181,8.2,,
2022-05-16T18:00,1.72,181,8.15,,
2022-05-16T19:00,1.7,180,8.25,,
2022-05-16T20:00,1.68,180,8.35,,
2022-05-16T21:00,1.64,179,8.5,,
2022-05-16T22:00,1.58,177,8.7,,
2022-05-16T23:00,1.54,176,8.8,,
2022-05-17T00:00,1.48,176,8.75,,
2022-05-17T01:00,1.44,175,8.6,,
2022-05-17T02:00,1.38,175,8.45,,
2022-05-17T03:00,1.38,176,8.3,,
2022-05-17T04:00,1.4,177,8.1,,
2022-05-17T05:00,1.4,178,7.9,,
2022-05-17T06:00,1.42,179,7.75,,
2022-05-17T07:00,1.46,181,7.55,,
2022-05-17T08:00,1.48,182,7.45,,
2022-05-17T09:00,1.52,182,7.4,,
2022-05-17T10:00,1.58,183,7.35,,
2022-05-17T11:00,1.62,183,7.35,,
2022-05-17T12:00,1.64,183,7.4,,
2022-05-17T13:00,1.68,182,7.5,,
2022-05-17T14:00,1.7,182,7.55,,
2022-05-17T15:00,1.74,183,7.55,,
2022-05-17T16:00,1.8,183,7.55,,
2022-05-17T17:00,1.84,184,7.5,,
2022-05-17T18:00,1.74,184,7.3,,
2022-05-17T19:00,1.62,184,7.05,,
2022-05-17T20:00,1.52,184,6.85,,
2022-05-17T21:00,1.5,184,6.8,,
2022-05-17T22:00,1.5,184,6.8,,
2022-05-17T23:00,1.48,184,6.85,,
2022-05-18T00:00,1.5,184,6.9,,
2022-05-18T01:00,1.54,185,6.95,,
2022-05-18T02:00,1.56,185,7.0,,
2022-05-18T03:00,1.6,185,7.05,,
2022-05-18T04:00,1.64,186,7.05,,
2022-05-18T05:00,1.68,186,7.1,,
2022-05-18T06:00,1.7,186,7.15,,
2022-05-18T07:00,1.72,185,7.2,,
2022-05-18T08:00,1.74,185,7.25,,
2022-05-18T09:00,1.72,185,7.25,,
2022-05-18T10:00,1.72,185,7.25,,
2022-05-18T11:00,1.7,185,7.2,,
2022-05-18T12:00,1.7,185,7.15,,
2022-05-18T13:00,1.68,185,7.05,,
2022-05-18T14:00,1.68,185,7.0,,
2022-05-18T15:00,1.68,185,6.95,,
2022-05-18T16:00,1.66,186,6.85,,
2022-05-18T17:00,1.66,186,6.8,,
2022-05-18T18:00,1.62,186,6.7,,
2022-05-18T19:00,1.58,187,6.65,,
2022-05-18T20:00,1.54,187,6.6,,
2022-05-18T21:00,1.54,188,6.6,,
2022-05-18T22:00,1.56,188,6.6,,
2022-05-18T23:00,1.56,189,6.65,,
2022-05-19T00:00,1.56,189,6.65,,
2022-05-19T01:00,1.58,189,6.7,,
2022-05-19T02:00,1.58,189,6.7,,
2022-05-19T03:00,1.58,189,6.7,,
2022-05-19T04:00,1.58,188,6.75,,
2022-05-19T05:00,1.58,188,6.75,,
2022-05-19T06:00,1.6,188,6.75,,
2022-05-19T07:00,1.6,187,6.8,,
2022-05-19T08:00,1.62,187,6.8,,
2022-05-19T09:00,1.62,187,6.75,,
2022-05-19T10:00,1.6,187,6.7,,
2022-05-19T11:00,1.6,187,6.65,,
2022-05-19T12:00,1.58,187,6.6,,
2022-05-19T13:00,1.58,187,6.55,,
2022-05-19T14:00,1.56,187,6.55,,
2022-05-19T15:00,1.54,187,6.55,,
2022-05-19T16:00,1.54,186,6.6,,
2022-05-19T17:00,1.52,186,6.6,,
2022-05-19T18:00,1.52,186,6.6,,
2022-05-19T19:00,1.52,186,6.65,,
2022-05-19T20:00,1.52,186,6.65,,
2022-05-19T21:00,1.52,186,6.65,,
2022-05-19T22:00,1.52,187,6.65,,
2022-05-19T23:00,1.52,187,6.65,,
2022-05-20T00:00,1.5,187,6.7,,
2022-05-20T01:00,1.48,186,6.8,,
2022-05-20T02:00,1.46,186,6.8,,
2022-05-20T03:00,1.32,186,6.6,,
2022-05-20T04:00,1.2,185,6.3,,
2022-05-20T05:00,1.06,185,6.15,,
2022-05-20T06:00,1.12,186,6.25,,
2022-05-20T07:00,1.18,186,6.45,,
2022-05-20T08:00,1.24,187,6.65,,
2022-05-20T09:00,1.26,187,6.75,,
2022-05-20T10:00,1.3,186,6.85,,
2022-05-20T11:00,1.32,186,6.9,,
2022-05-20T12:00,1.34,186,6.9,,
2022-05-20T13:00,1.34,186,6.9,,
2022-05-20T14:00,1.36,186,6.85,,
2022-05-20T15:00,1.38,187,6.8,,
2022-05-20T16:00,1.38,187,6.75,,
2022-05-20T17:00,1.4,188,6.75,,
2022-05-20T18:00,1.4,188,6.8,,
2022-05-20T19:00,1.38,188,6.9,,
2022-05-20T20:00,1.38,188,7.0,,
2022-05-20T21:00,1.34,188,7.1,,
2022-05-20T22:00,1.32,187,7.25,,
2022-05-20T23:00,1.28,187,7.4,,
2022-05-21T00:00,1.26,186,7.55,,
2022-05-21T01:00,1.24,186,7.65,,
2022-05-21T02:00,1.22,185,7.75,,
2022-05-21T03:00,1.2,184,7.8,,
2022-05-21T04:00,1.18,184,7.85,,
2022-05-21T05:00,1.16,183,7.9,,
2022-05-21T06:00,1.16,183,7.9,,
2022-05-21T07:00,1.18,183,7.9,,
2022-05-21T08:00,1.18,183,7.85,,
2022-05-21T09:00,1.2,183,7.8,,
2022-05-21T10:00,1.24,184,7.7,,
2022-05-21T11:00,1.26,184,7.65,,
2022-05-21T12:00,1.28,184,7.6,,
2022-05-21T13:00,1.28,185,7.55,,
2022-05-21T14:00,1.3,185,7.5,,
2022-05-21T15:00,1.3,185,7.5,,
2022-05-21T16:00,1.3,186,7.5,,
2022-05-21T17:00,1.3,186,7.5,,
2022-05-21T18:00,1.3,186,7.5,,
2022-05-21T19:00,1.28,186,7.5,,
2022-05-21T20:00,1.28,186,7.6,,
2022-05-21T21:00,1.32,186,7.9,,
2022-05-21T22:00,1.38,185,8.25,,
2022-05-21T23:00,1.42,185,8.5,,
2022-05-22T00:00,1.34,184,8.55,,
2022-05-22T01:00,1.26,183,8.5,,
2022-05-22T02:00,1.18,182,8.45,,
2022-05-22T03:00,1.14,181,8.55,,
2022-05-22T04:00,1.1,181,8.65,,
2022-05-22T05:00,1.06,180,8.75,,
2022-05-22T06:00,1.06,179,8.8,,
2022-05-22T07:00,1.04,179,8.8,,
2022-05-22T08:00,1.04,178,8.8,,
2022-05-22T09:00,1.04,178,8.75,,
2022-05-22T10:00,1.04,179,8.6,,
2022-05-22T11:00,1.04,179,8.5,,
2022-05-22T12:00,1.04,180,8.35,,
2022-05-22T13:00,1.06,181,8.2,,
2022-05-22T14:00,1.06,182,8.05,,
2022-05-22T15:00,1.06,185,8.0,,
2022-05-22T16:00,1.04,187,8.0,,
2022-05-22T17:00,1.04,190,8.0,,
2022-05-22T18:00,1.04,192,8.0,,
2022-05-22T19:00,1.02,193,8.0,,
2022-05-22T20:00,1.02,195,8.1,,
2022-05-22T21:00,1.0,192,8.3,,
2022-05-22T22:00,0.96,189,8.5,,
2022-05-22T23:00,0.94,186,8.75,,
2022-05-23T00:00,0.92,184,8.95,,
2022-05-23T01:00,0.92,183,9.1,,
2022-05-23T02:00,0.9,181,9.25,,
2022-05-23T03:00,0.88,181,9.35,,
2022-05-23T04:00,0.88,180,9.35,,
2022-05-23T05:00,0.86,180,9.35,,
2022-05-23T06:00,0.86,180,9.25,,
2022-05-23T07:00,0.84,180,9.15,,
2022-05-23T08:00,0.84,180,9.0,,
2022-05-23T09:00,0.84,181,8.9,,
2022-05-23T10:00,0.86,181,8.85,,
2022-05-23T11:00,0.86,182,8.75,,
2022-05-23T12:00,0.86,182,8.65,,
2022-05-23T13:00,0.88,183,8.55,,
2022-05-23T14:00,0.88,183,8.45,,
2022-05-23T15:00,0.88,185,8.4,,
2022-05-23T16:00,0.9,188,8.3,,
2022-05-23T17:00,0.9,190,8.3,,
2022-05-23T18:00,0.9,190,8.35,,
2022-05-23T19:00,0.9,190,8.4,,
2022-05-23T20:00,0.9,190,8.5,,
2022-05-23T21:00,0.9,189,8.65,,
2022-05-23T22:00,0.9,187,8.85,,
2022-05-23T23:00,0.9,186,9.0,,
2022-05-24T00:00,0.9,185,9.1,,
2022-05-24T01:00,0.92,185,9.15,,
2022-05-24T02:00,0.92,184,9.2,,
2022-05-24T03:00,0.94,185,9.2,,
2022-05-24T04:00,0.98,185,9.15,,
2022-05-24T05:00,1.0,186,9.05,,
2022-05-24T06:00,1.02,186,8.95,,
2022-05-24T07:00,1.04,186,8.8,,
2022-05-24T08:00,1.06,186,8.7,,
2022-05-24T09:00,1.1,186,8.6,,
2022-05-24T10:00,1.12,185,8.5,,
2022-05-24T11:00,1.16,185,8.45,,
2022-05-24T12:00,1.16,184,8.55,,
2022-05-24T13:00,1.16,184,8.7,,
2022-05-24T14:00,1.16,183,8.85,,
2022-05-24T15:00,1.14,183,8.95,,
2022-05-24T16:00,1.12,182,9.05,,
2022-05-24T17:00,1.1,182,9.2,,
2022-05-24T18:00,1.12,182,9.4,,
2022-05-24T19:00,1.14,182,9.65,,
2022-05-24T20:00,1.16,182,9.8,,
2022-05-24T21:00,1.14,182,9.85,,
2022-05-24T22:00,1.12,181,9.85,,
2022-05-24T23:00,1.1,181,9.85,,
2022-05-25T00:00,1.08,180,9.95,,
2022-05-25T01:00,1.08,180,10.05,,
2022-05-25T02:00,1.06,179,10.15,,
2022-05-25T03:00,1.08,179,10.25,,
2022-05-25T04:00,1.08,178,10.4,,
2022-05-25T05:00,1.1,178,10.5,,
2022-05-25T06:00,1.12,178,10.6,,
2022-05-25T07:00,1.14,178,10.65,,
2022-05-25T08:00,1.16,178,10.75,,
2022-05-25T09:00,1.16,177,10.85,,
2022-05-25T10:00,1.18,177,10.95,,
2022-05-25T11:00,1.18,176,11.05,,
2022-05-25T12:00,1.18,176,11.15,,
2022-05-25T13:00,1.18,175,11.2,,
2022-05-25T14:00,1.18,175,11.25,,
2022-05-25T15:00,1.2,175,11.25,,
2022-05-25T16:00,1.24,175,11.25,,
2022-05-25T17:00,1.26,175,11.25,,
2022-05-25T18:00,1.3,175,11.2,,
2022-05-25T19:00,1.34,175,11.15,,
2022-05-25T20:00,1.38,175,11.1,,
2022-05-25T21:00,1.4,175,11.0,,
2022-05-25T22:00,1.4,176,10.9,,
2022-05-25T23:00,1.42,176,10.8,,
2022-05-26T00:00,1.46,176,10.75,,
2022-05-26T01:00,1.48,177,10.75,,
2022-05-26T02:00,1.52,177,10.7,,
2022-05-26T03:00,1.54,177,10.65,,
2022-05-26T04:00,1.54,177,10.6,,
2022-05-26T05:00,1.56,177,10.5,,
2022-05-26T06:00,1.56,177,10.4,,
2022-05-26T07:00,1.58,178,10.25,,
2022-05-26T08:00,1.58,178,10.1,,
2022-05-26T09:00,1.6,178,9.95,,
2022-05-26T10:00,1.6,178,9.85,,
2022-05-26T11:00,1.62,178,9.7,,
2022-05-26T12:00,1.62,178,9.55,,
2022-05-26T13:00,1.64,179,9.35,,
2022-05-26T14:00,1.64,179,9.2,,
2022-05-26T15:00,1.66,180,9.0,,
2022-05-26T16:00,1.66,180,8.8,,
2022-05-26T17:00,1.68,181,8.65,,
2022-05-26T18:00,1.66,181,8.6,,
2022-05-26T19:00,1.62,182,8.6,,
2022-05-26T20:00,1.6,182,8.65,,
2022-05-26T21:00,1.56,181,8.7,,
2022-05-26T22:00,1.5,181,8.8,,
2022-05-26T23:00,1.46,180,8.95,,
2022-05-27T00:00,1.42,179,9.1,,
2022-05-27T01:00,1.38,179,9.3,,
2022-05-27T02:00,1.34,178,9.45,,
2022-05-27T03:00,1.32,177,9.65,,
2022-05-27T04:00,1.28,177,9.8,,
2022-05-27T05:00,1.26,176,9.95,,
2022-05-27T06:00,1.24,175,10.0,,
2022-05-27T07:00,1.24,175,10.0,,
2022-05-27T08:00,1.22,174,9.95,,
2022-05-27T09:00,1.24,174,9.8,,
2022-05-27T10:00,1.24,175,9.6,,
2022-05-27T11:00,1.26,175,9.4,,
2022-05-27T12:00,1.28,176,9.2,,
2022-05-27T13:00,1.28,176,9.0,,
2022-05-27T14:00,1.3,177,8.85,,
2022-05-27T15:00,1.3,177,8.75,,
2022-05-27T16:00,1.3,178,8.65,,
2022-05-27T17:00,1.3,178,8.55,,
2022-05-27T18:00,1.28,178,8.45,,
2022-05-27T19:00,1.24,179,8.35,,
2022-05-27T20:00,1.22,179,8.35,,
2022-05-27T21:00,1.2,179,8.5,,
2022-05-27T22:00,1.18,178,8.7,,
2022-05-27T23:00,1.16,178,8.9,,
2022-05-28T00:00,1.14,178,9.1,,
2022-05-28T01:00,1.12,177,9.25,,
2022-05-28T02:00,1.1,177,9.4,,
2022-05-28T03:00,1.08,177,9.5,,
2022-05-28T04:00,1.08,177,9.55,,
2022-05-28T05:00,1.06,177,9.5,,
2022-05-28T06:00,1.06,177,9.35,,
2022-05-28T07:00,1.06,178,9.15,,
2022-05-28T08:00,1.06,178,8.85,,
2022-05-28T09:00,1.1,179,8.5,,
2022-05-28T10:00,1.14,181,8.05,,
2022-05-28T11:00,1.18,182,7.7,,
2022-05-28T12:00,1.22,183,7.45,,
2022-05-28T13:00,1.24,183,7.3,,
2022-05-28T14:00,1.28,184,7.2,,
2022-05-28T15:00,1.3,185,7.1,,
2022-05-28T16:00,1.3,186,7.05,,
2022-05-28T17:00,1.32,187,7.0,,
2022-05-28T18:00,1.34,188,6.95,,
2022-05-28T19:00,1.34,188,6.9,,
2022-05-28T20:00,1.36,189,6.85,,
2022-05-28T21:00,1.36,190,6.8,,
2022-05-28T22:00,1.34,190,6.8,,
2022-05-28T23:00,1.34,191,6.8,,
2022-05-29T00:00,1.3,190,6.9,,
2022-05-29T01:00,1.26,190,7.05,,
2022-05-29T02:00,1.22,189,7.2,,
2022-05-29T03:00,1.18,187,7.4,,
2022-05-29T04:00,1.16,186,7.6,,
2022-05-29T05:00,1.12,184,7.75,,
2022-05-29T06:00,1.12,184,7.8,,
2022-05-29T07:00,1.12,183,7.8,,
2022-05-29T08:00,1.12,183,7.75,,
2022-05-29T09:00,1.14,183,7.55,,
2022-05-29T10:00,1.16,184,7.3,,
2022-05-29T11:00,1.18,184,7.1,,
2022-05-29T12:00,1.18,184,6.95,,
2022-05-29T13:00,1.2,185,6.8,,
2022-05-29T14:00,1.2,185,6.75,,
2022-05-29T15:00,1.22,185,6.9,,
2022-05-29T16:00,1.26,185,7.1,,
2022-05-29T17:00,1.28,185,7.25,,
2022-05-29T18:00,1.3,185,7.25,,
2022-05-29T19:00,1.32,186,7.2,,
2022-05-29T20:00,1.34,186,7.15,,
2022-05-29T21:00,1.36,187,7.05,,
2022-05-29T22:00,1.36,188,6.9,,
2022-05-29T23:00,1.38,189,6.8,,
2022-05-30T00:00,1.36,188,6.8,,
2022-05-30T01:00,1.32,188,6.9,,
2022-05-30T02:00,1.3,187,7.0,,
2022-05-30T03:00,1.28,186,7.1,,
2022-05-30T04:00,1.24,184,7.2,,
2022-05-30T05:00,1.22,183,7.3,,
2022-05-30T06:00,1.2,182,7.3,,
2022-05-30T07:00,1.2,182,7.3,,
2022-05-30T08:00,1.18,181,7.25,,
2022-05-30T09:00,1.2,181,7.2,,
2022-05-30T10:00,1.24,181,7.1,,
2022-05-30T11:00,1.26,181,7.0,,
2022-05-30T12:00,1.28,182,6.85,,
2022-05-30T13:00,1.28,182,6.65,,
2022-05-30T14:00,1.3,183,6.5,,
2022-05-30T15:00,1.38,185,6.4,,
2022-05-30T16:00,1.44,187,6.3,,
2022-05-30T17:00,1.52,189,6.3,,
2022-05-30T18:00,1.52,190,6.35,,
2022-05-30T19:00,1.54,190,6.5,,
2022-05-30T20:00,1.54,191,6.6,,
2022-05-30T21:00,1.5,191,6.65,,
2022-05-30T22:00,1.46,190,6.65,,
2022-05-30T23:00,1.42,190,6.7,,
2022-05-31T00:00,1.36,188,6.9,,
2022-05-31T01:00,1.32,187,7.15,,
2022-05-31T02:00,1.26,185,7.4,,
2022-05-31T03:00,1.22,184,7.65,,
2022-05-31T04:00,1.18,182,7.9,,
2022-05-31T05:00,1.14,181,8.1,,
2022-05-31T06:00,1.12,181,8.25,,
2022-05-31T07:00,1.12,180,8.35,,
2022-05-31T08:00,1.1,180,8.4,,
2022-05-31T09:00,1.1,180,8.35,,
2022-05-31T10:00,1.12,181,8.2,,
2022-05-31T11:00,1.12,181,8.0,,
2022-05-31T12:00,1.16,181,7.75,,
2022-05-31T13:00,1.18,180,7.45,,
2022-05-31T14:00,1.22,180,7.15,,
2022-05-31T15:00,1.3,181,6.9,,
2022-05-31T16:00,1.38,183,6.7,,
2022-05-31T17:00,1.46,184,6.6,,
2022-05-31T18:00,1.44,184,6.55,,
2022-05-31T19:00,1.4,185,6.6,,
2022-05-31T20:00,1.38,185,6.75,,
2022-05-31T21:00,1.42,185,7.05,,
2022-05-31T22:00,1.46,185,7.4,,
2022-05-31T23:00,1.5,185,7.7,,
2022-06-01T00:00,1.44,184,7.75,,
2022-06-01T01:00,1.36,184,7.7,,
2022-06-01T02:00,1.3,183,7.75,,
2022-06-01T03:00,1.28,182,7.95,,
2022-06-01T04:00,1.24,181,8.2,,
2022-06-01T05:00,1.22,180,8.4,,
2022-06-01T06:00,1.2,179,8.55,,
2022-06-01T07:00,1.18,179,8.6,,
2022-06-01T08:00,1.16,178,8.7,,
2022-06-01T09:00,1.14,178,8.8,,
2022-06-01T10:00,1.14,177,8.85,,
2022-06-01T11:00,1.12,177,8.85,,
2022-06-01T12:00,1.08,177,8.7,,
2022-06-01T13:00,1.06,178,8.5,,
2022-06-01T14:00,1.02,178,8.2,,
2022-06-01T15:00,1.08,180,7.8,,
2022-06-01T16:00,1.12,182,7.4,,
2022-06-01T17:00,1.18,184,7.05,,
2022-06-01T18:00,1.22,186,6.85,,
2022-06-01T19:00,1.24,188,6.8,,
2022-06-01T20:00,1.28,190,6.75,,
2022-06-01T21:00,1.24,190,6.75,,
2022-06-01T22:00,1.22,189,6.85,,
2022-06-01T23:00,1.18,189,6.9,,
2022-06-02T00:00,1.16,189,7.0,,
2022-06-02T01:00,1.12,188,7.05,,
2022-06-02T02:00,1.1,188,7.05,,
2022-06-02T03:00,1.0,188,6.85,,
2022-06-02T04:00,0.92,188,6.55,,
2022-06-02T05:00,0.82,188,6.45,,
2022-06-02T06:00,0.84,188,6.65,,
2022-06-02T07:00,0.86,188,7.0,,
2022-06-02T08:00,0.88,188,7.3,,
2022-06-02T09:00,0.88,187,7.4,,
2022-06-02T10:00,0.88,187,7.4,,
2022-06-02T11:00,0.88,186,7.4,,
2022-06-02T12:00,0.9,186,7.4,,
2022-06-02T13:00,0.9,186,7.4,,
2022-06-02T14:00,0.92,186,7.4,,
2022-06-02T15:00,0.94,186,7.4,,
2022-06-02T16:00,0.98,187,7.35,,
2022-06-02T17:00,1.0,187,7.35,,
2022-06-02T18:00,1.0,187,7.35,,
2022-06-02T19:00,1.02,188,7.35,,
2022-06-02T20:00,1.02,188,7.45,,
2022-06-02T21:00,1.0,187,7.6,,
2022-06-02T22:00,0.98,187,7.85,,
2022-06-02T23:00,0.96,186,8.05,,
2022-06-03T00:00,0.94,185,8.25,,
2022-06-03T01:00,0.92,184,8.5,,
2022-06-03T02:00,0.9,183,8.7,,
2022-06-03T03:00,0.88,182,8.95,,
2022-06-03T04:00,0.88,180,9.2,,
2022-06-03T05:00,0.86,179,9.4,,
2022-06-03T06:00,0.86,178,9.6,,
2022-06-03T07:00,0.86,178,9.8,,
2022-06-03T08:00,0.86,177,9.9,,
2022-06-03T09:00,0.88,177,9.8,,
2022-06-03T10:00,0.88,176,9.65,,
2022-06-03T11:00,0.9,176,9.45,,
2022-06-03T12:00,0.92,177,9.3,,
2022-06-03T13:00,0.92,177,9.2,,
2022-06-03T14:00,0.94,178,9.05,,
2022-06-03T15:00,0.96,178,8.9,,
2022-06-03T16:00,0.96,179,8.8,,
2022-06-03T17:00,0.98,179,8.7,,
2022-06-03T18:00,0.98,180,8.65,,
2022-06-03T19:00,1.0,180,8.7,,
2022-06-03T20:00,1.0,181,8.75,,
2022-06-03T21:00,1.0,181,8.9,,
2022-06-03T22:00,0.98,180,9.1,,
2022-06-03T23:00,0.98,180,9.3,,
2022-06-04T00:00,0.96,179,9.45,,
2022-06-04T01:00,0.94,177,9.65,,
2022-06-04T02:00,0.92,176,9.8,,
2022-06-04T03:00,0.92,175,9.95,,
2022-06-04T04:00,0.92,174,10.1,,
2022-06-04T05:00,0.92,173,10.25,,
2022-06-04T06:00,0.92,173,10.4,,
2022-06-04T07:00,0.9,172,10.5,,
2022-06-04T08:00,0.9,172,10.5,,
2022-06-04T09:00,0.92,172,10.35,,
2022-06-04T10:00,0.92,171,10.05,,
2022-06-04T11:00,0.94,171,9.8,,
2022-06-04T12:00,0.96,172,9.6,,
2022-06-04T13:00,0.96,173,9.4,,
2022-06-04T14:00,0.98,174,9.25,,
2022-06-04T15:00,1.0,174,9.1,,
2022-06-04T16:00,1.02,175,9.0,,
2022-06-04T17:00,1.04,175,8.9,,
2022-06-04T18:00,1.04,175,8.8,,
2022-06-04T19:00,1.04,176,8.7,,
2022-06-04T20:00,1.04,176,8.65,,
2022-06-04T21:00,1.04,176,8.6,,
2022-06-04T22:00,1.06,176,8.55,,
2022-06-04T23:00,1.06,176,8.5,,
2022-06-05T00:00,1.06,176,8.5,,
2022-06-05T01:00,1.04,176,8.45,,
2022-06-05T02:00,1.04,176,8.45,,
2022-06-05T03:00,1.0,175,8.4,,
2022-06-05T04:00,0.94,175,8.4,,
2022-06-05T05:00,0.9,174,8.4,,
2022-06-05T06:00,0.92,174,8.55,,
2022-06-05T07:00,0.94,173,8.8,,
2022-06-05T08:00,0.96,173,8.85,,
2022-06-05T09:00,0.98,174,8.65,,
2022-06-05T10:00,1.02,174,8.3,,
2022-06-05T11:00,1.04,175,7.9,,
2022-06-05T12:00,1.1,176,7.55,,
2022-06-05T13:00,1.14,178,7.15,,
2022-06-05T14:00,1.2,179,6.8,,
2022-06-05T15:00,1.26,181,6.5,,
2022-06-05T16:00,1.34,182,6.25,,
2022-06-05T17:00,1.4,184,6.1,,
2022-06-05T18:00,1.4,184,6.1,,
2022-06-05T19:00,1.38,185,6.15,,
2022-06-05T20:00,1.38,185,6.25,,
2022-06-05T21:00,1.34,185,6.3,,
2022-06-05T22:00,1.3,184,6.4,,
2022-06-05T23:00,1.26,184,6.5,,
2022-06-06T00:00,1.22,183,6.65,,
2022-06-06T01:00,1.16,181,6.8,,
2022-06-06T02:00,1.12,180,6.95,,
2022-06-06T03:00,1.08,179,7.15,,
2022-06-06T04:00,1.06,178,7.35,,
2022-06-06T05:00,1.02,177,7.45,,
2022-06-06T06:00,0.96,177,7.45,,
2022-06-06T07:00,0.9,176,7.4,,
2022-06-06T08:00,0.84,176,7.3,,
2022-06-06T09:00,0.86,177,7.25,,
2022-06-06T10:00,0.9,178,7.15,,
2022-06-06T11:00,0.92,179,7.05,,
2022-06-06T12:00,0.94,180,6.85,,
2022-06-06T13:00,0.96,180,6.6,,
2022-06-06T14:00,0.98,181,6.35,,
2022-06-06T15:00,1.04,182,6.15,,
2022-06-06T16:00,1.1,182,6.0,,
2022-06-06T17:00,1.16,183,5.9,,
2022-06-06T18:00,1.2,184,5.85,,
2022-06-06T19:00,1.24,184,5.85,,
2022-06-06T20:00,1.28,185,5.85,,
2022-06-06T21:00,1.3,186,5.8,,
2022-06-06T22:00,1.32,188,5.8,,
2022-06-06T23:00,1.34,189,5.8,,
2022-06-07T00:00,1.28,188,5.9,,
2022-06-07T01:00,1.22,188,6.05,,
2022-06-07T02:00,1.16,187,6.2,,
2022-06-07T03:00,1.1,186,6.4,,
2022-06-07T04:00,1.04,185,6.65,,
2022-06-07T05:00,0.98,184,6.9,,
2022-06-07T06:00,0.96,183,7.1,,
2022-06-07T07:00,0.96,183,7.3,,
2022-06-07T08:00,0.94,182,7.4,,
2022-06-07T09:00,0.96,182,7.4,,
2022-06-07T10:00,0.96,183,7.25,,
2022-06-07T11:00,0.98,183,7.15,,
2022-06-07T12:00,1.0,183,7.0,,
2022-06-07T13:00,1.04,184,6.85,,
2022-06-07T14:00,1.06,184,6.75,,
2022-06-07T15:00,1.1,185,6.7,,
2022-06-07T16:00,1.12,186,6.65,,
2022-06-07T17:00,1.16,187,6.7,,
2022-06-07T18:00,1.16,187,6.8,,
2022-06-07T19:00,1.16,187,7.0,,
2022-06-07T20:00,1.16,187,7.2,,
2022-06-07T21:00,1.12,186,7.45,,
2022-06-07T22:00,1.08,186,7.75,,
2022-06-07T23:00,1.04,185,8.05,,
2022-06-08T00:00,1.02,184,8.3,,
2022-06-08T01:00,1.0,183,8.5,,
2022-06-08T02:00,0.98,182,8.7,,
2022-06-08T03:00,0.98,182,8.9,,
2022-06-08T04:00,0.96,181,9.0,,
2022-06-08T05:00,0.96,181,9.1,,
2022-06-08T06:00,0.96,181,9.1,,
2022-06-08T07:00,0.96,182,9.0,,
2022-06-08T08:00,0.96,182,8.85,,
2022-06-08T09:00,1.02,183,8.6,,
2022-06-08T10:00,1.06,184,8.3,,
2022-06-08T11:00,1.12,185,8.1,,
2022-06-08T12:00,1.14,186,8.0,,
2022-06-08T13:00,1.14,186,8.0,,
2022-06-08T14:00,1.16,187,8.0,,
2022-06-08T15:00,1.14,187,8.1,,
2022-06-08T16:00,1.14,188,8.2,,
2022-06-08T17:00,1.12,188,8.35,,
2022-06-08T18:00,1.12,188,8.5,,
2022-06-08T19:00,1.14,188,8.6,,
2022-06-08T20:00,1.14,188,8.75,,
2022-06-08T21:00,1.14,187,8.9,,
2022-06-08T22:00,1.12,187,9.05,,
2022-06-08T23:00,1.12,186,9.25,,
2022-06-09T00:00,1.12,185,9.5,,
2022-06-09T01:00,1.1,184,9.85,,
2022-06-09T02:00,1.1,183,10.1,,
2022-06-09T03:00,1.08,182,10.3,,
2022-06-09T04:00,1.06,180,10.5,,
2022-06-09T05:00,1.04,179,10.65,,
2022-06-09T06:00,1.04,179,10.8,,
2022-06-09T07:00,1.02,178,10.95,,
2022-06-09T08:00,1.02,178,11.0,,
2022-06-09T09:00,1.04,178,10.85,,
2022-06-09T10:00,1.08,178,10.65,,
2022-06-09T11:00,1.1,178,10.45,,
2022-06-09T12:00,1.12,179,10.35,,
2022-06-09T13:00,1.14,179,10.25,,
2022-06-09T14:00,1.16,180,10.2,,
2022-06-09T15:00,1.16,180,10.2,,
2022-06-09T16:00,1.18,181,10.2,,
2022-06-09T17:00,1.18,181,10.2,,
2022-06-09T18:00,1.2,182,10.1,,
2022-06-09T19:00,1.24,183,9.9,,
2022-06-09T20:00,1.26,184,9.75,,
2022-06-09T21:00,1.28,185,9.55,,
2022-06-09T22:00,1.3,185,9.4,,
2022-06-09T23:00,1.32,186,9.25,,
2022-06-10T00:00,1.32,186,9.2,,
2022-06-10T01:00,1.34,186,9.2,,
2022-06-10T02:00,1.34,186,9.25,,
2022-06-10T03:00,1.34,186,9.3,,
2022-06-10T04:00,1.34,185,9.4,,
2022-06-10T05:00,1.34,185,9.45,,
2022-06-10T06:00,1.34,184,9.45,,
2022-06-10T07:00,1.36,184,9.4,,
2022-06-10T08:00,1.36,183,9.35,,
2022-06-10T09:00,1.38,183,9.25,,
2022-06-10T10:00,1.38,183,9.15,,
2022-06-10T11:00,1.4,183,9.05,,
2022-06-10T12:00,1.42,183,8.95,,
2022-06-10T13:00,1.42,183,8.9,,
2022-06-10T14:00,1.44,183,8.8,,
2022-06-10T15:00,1.44,183,8.75,,
2022-06-10T16:00,1.44,183,8.65,,
2022-06-10T17:00,1.44,183,8.6,,
2022-06-10T18:00,1.44,183,8.55,,
2022-06-10T19:00,1.46,184,8.45,,
2022-06-10T20:00,1.46,184,8.4,,
2022-06-10T21:00,1.46,185,8.35,,
2022-06-10T22:00,1.46,185,8.3,,
2022-06-10T23:00,1.46,186,8.2,,
2022-06-11T00:00,1.34,186,8.0,,
2022-06-11T01:00,1.24,186,7.75,,
2022-06-11T02:00,1.12,186,7.65,,
2022-06-11T03:00,1.16,185,7.85,,
2022-06-11T04:00,1.18,185,8.2,,
2022-06-11T05:00,1.22,184,8.5,,
2022-06-11T06:00,1.22,183,8.65,,
2022-06-11T07:00,1.24,183,8.8,,
2022-06-11T08:00,1.24,182,8.7,,
2022-06-11T09:00,1.12,182,8.25,,
2022-06-11T10:00,1.02,181,7.65,,
2022-06-11T11:00,0.9,181,7.3,,
2022-06-11T12:00,1.02,181,7.55,,
2022-06-11T13:00,1.12,182,8.05,,
2022-06-11T14:00,1.24,182,8.4,,
2022-06-11T15:00,1.28,182,8.45,,
2022-06-11T16:00,1.32,182,8.35,,
2022-06-11T17:00,1.36,182,8.3,,
2022-06-11T18:00,1.36,182,8.3,,
2022-06-11T19:00,1.38,182,8.25,,
2022-06-11T20:00,1.38,182,8.3,,
2022-06-11T21:00,1.36,182,8.4,,
2022-06-11T22:00,1.34,182,8.5,,
2022-06-11T23:00,1.32,182,8.65,,
2022-06-12T00:00,1.3,181,8.85,,
2022-06-12T01:00,1.28,181,9.1,,
2022-06-12T02:00,1.26,180,9.3,,
2022-06-12T03:00,1.22,179,9.5,,
2022-06-12T04:00,1.2,178,9.7,,
2022-06-12T05:00,1.16,177,9.9,,
2022-06-12T06:00,1.16,177,10.05,,
2022-06-12T07:00,1.18,176,10.2,,
2022-06-12T08:00,1.18,176,10.3,,
2022-06-12T09:00,1.2,177,10.3,,
2022-06-12T10:00,1.24,177,10.3,,
2022-06-12T11:00,1.26,178,10.25,,
2022-06-12T12:00,1.26,178,10.15,,
2022-06-12T13:00,1.26,179,10.1,,
2022-06-12T14:00,1.26,179,10.05,,
2022-06-12T15:00,1.28,179,10.15,,
2022-06-12T16:00,1.3,179,10.3,,
2022-06-12T17:00,1.32,179,10.4,,
2022-06-12T18:00,1.28,179,10.45,,
2022-06-12T19:00,1.22,178,10.4,,
2022-06-12T20:00,1.18,178,10.4,,
2022-06-12T21:00,1.16,178,10.4,,
2022-06-12T22:00,1.16,178,10.35,,
2022-06-12T23:00,1.14,178,10.35,,
2022-06-13T00:00,1.12,178,10.4,,
2022-06-13T01:00,1.12,178,10.45,,
2022-06-13T02:00,1.1,178,10.55,,
2022-06-13T03:00,1.08,177,10.65,,
2022-06-13T04:00,1.04,177,10.7,,
2022-06-13T05:00,1.02,176,10.8,,
2022-06-13T06:00,1.0,175,10.9,,
2022-06-13T07:00,1.0,175,11.0,,
2022-06-13T08:00,0.98,174,11.1,,
2022-06-13T09:00,0.98,174,11.15,,
2022-06-13T10:00,0.98,173,11.15,,
2022-06-13T11:00,0.98,173,11.15,,
2022-06-13T12:00,0.98,173,11.2,,
2022-06-13T13:00,0.98,173,11.2,,
2022-06-13T14:00,0.98,173,11.2,,
2022-06-13T15:00,1.0,174,11.15,,
2022-06-13T16:00,1.02,175,11.05,,
2022-06-13T17:00,1.04,176,10.85,,
2022-06-13T18:00,1.06,177,10.5,,
2022-06-13T19:00,1.1,179,10.1,,
2022-06-13T20:00,1.12,180,9.85,,
2022-06-13T21:00,1.16,180,9.95,,
2022-06-13T22:00,1.2,179,10.2,,
2022-06-13T23:00,1.24,179,10.45,,
2022-06-14T00:00,1.22,180,10.55,,
2022-06-14T01:00,1.2,181,10.55,,
2022-06-14T02:00,1.18,182,10.6,,
2022-06-14T03:00,1.14,182,10.6,,
2022-06-14T04:00,1.1,181,10.65,,
2022-06-14T05:00,1.06,181,10.7,,
2022-06-14T06:00,1.04,180,10.85,,
2022-06-14T07:00,1.02,179,11.0,,
2022-06-14T08:00,1.0,178,11.15,,
2022-06-14T09:00,1.0,177,11.3,,
2022-06-14T10:00,0.98,177,11.4,,
2022-06-14T11:00,0.98,176,11.5,,
2022-06-14T12:00,0.98,176,11.6,,
2022-06-14T13:00,1.0,176,11.65,,
2022-06-14T14:00,1.0,176,11.75,,
2022-06-14T15:00,1.02,176,11.85,,
2022-06-14T16:00,1.02,176,11.9,,
2022-06-14T17:00,1.04,176,11.95,,
2022-06-14T18:00,1.04,176,11.95,,
2022-06-14T19:00,1.06,177,11.95,,
2022-06-14T20:00,1.06,177,11.95,,
2022-06-14T21:00,1.06,177,11.9,,
2022-06-14T22:00,1.08,178,11.8,,
2022-06-14T23:00,1.08,178,11.75,,
2022-06-15T00:00,1.08,178,11.7,,
2022-06-15T01:00,1.08,178,11.6,,
2022-06-15T02:00,1.08,178,11.55,,
2022-06-15T03:00,1.06,178,11.5,,
2022-06-15T04:00,1.06,177,11.5,,
2022-06-15T05:00,1.04,177,11.5,,
2022-06-15T06:00,1.04,177,11.55,,
2022-06-15T07:00,1.04,176,11.6,,
2022-06-15T08:00,1.04,176,11.65,,
2022-06-15T09:00,1.04,176,11.75,,
2022-06-15T10:00,1.04,175,11.85,,
2022-06-15T11:00,1.04,175,11.9,,
2022-06-15T12:00,1.04,175,11.9,,
2022-06-15T13:00,1.02,174,11.9,,
2022-06-15T14:00,1.02,174,11.85,,
2022-06-15T15:00,1.0,174,11.8,,
2022-06-15T16:00,1.0,174,11.7,,
2022-06-15T17:00,0.98,174,11.6,,
2022-06-15T18:00,0.98,175,11.5,,
2022-06-15T19:00,0.96,175,11.35,,
2022-06-15T20:00,0.96,176,11.25,,
2022-06-15T21:00,0.96,176,11.2,,
2022-06-15T22:00,0.98,177,11.2,,
2022-06-15T23:00,0.98,177,11.2,,
2022-06-16T00:00,0.98,178,11.1,,
2022-06-16T01:00,0.96,178,10.95,,
2022-06-16T02:00,0.96,179,10.9,,
2022-06-16T03:00,0.96,178,10.95,,
2022-06-16T04:00,0.94,178,11.1,,
2022-06-16T05:00,0.94,177,11.2,,
2022-06-16T06:00,0.92,176,11.3,,
2022-06-16T07:00,0.92,176,11.4,,
2022-06-16T08:00,0.9,175,11.45,,
2022-06-16T09:00,0.9,175,11.5,,
2022-06-16T10:00,0.88,174,11.5,,
2022-06-16T11:00,0.88,174,11.5,,
2022-06-16T12:00,0.86,174,11.45,,
2022-06-16T13:00,0.84,174,11.4,,
2022-06-16T14:00,0.82,174,11.25,,
2022-06-16T15:00,0.84,173,11.0,,
2022-06-16T16:00,0.86,172,10.65,,
2022-06-16T17:00,0.88,171,10.4,,
2022-06-16T18:00,0.88,171,10.35,,
2022-06-16T19:00,0.9,172,10.4,,
2022-06-16T20:00,0.9,172,10.5,,
2022-06-16T21:00,0.9,172,10.6,,
2022-06-16T22:00,0.9,173,10.75,,
2022-06-16T23:00,0.9,173,10.85,,
2022-06-17T00:00,0.9,173,10.9,,
2022-06-17T01:00,0.9,172,10.95,,
2022-06-17T02:00,0.9,172,11.0,,
2022-06-17T03:00,0.9,172,11.0,,
2022-06-17T04:00,0.88,172,11.05,,
2022-06-17T05:00,0.88,172,11.05,,
2022-06-17T06:00,0.88,172,11.05,,
2022-06-17T07:00,0.86,171,11.1,,
2022-06-17T08:00,0.86,171,11.1,,
2022-06-17T09:00,0.86,171,11.1,,
2022-06-17T10:00,0.84,172,11.15,,
2022-06-17T11:00,0.84,172,11.15,,
2022-06-17T12:00,0.84,172,11.15,,
2022-06-17T13:00,0.84,171,11.2,,
2022-06-17T14:00,0.84,171,11.2,,
2022-06-17T15:00,0.84,171,11.2,,
2022-06-17T16:00,0.86,172,11.2,,
2022-06-17T17:00,0.86,172,11.2,,
2022-06-17T18:00,0.88,172,11.1,,
2022-06-17T19:00,0.88,172,10.95,,
2022-06-17T20:00,0.9,172,10.9,,
2022-06-17T21:00,0.94,173,10.95,,
2022-06-17T22:00,1.0,173,11.1,,
2022-06-17T23:00,1.04,174,11.1,,
2022-06-18T00:00,1.02,174,10.95,,
2022-06-18T01:00,1.0,174,10.65,,
2022-06-18T02:00,0.98,174,10.45,,
2022-06-18T03:00,0.98,174,10.35,,
2022-06-18T04:00,0.96,174,10.3,,
2022-06-18T05:00,0.96,174,10.25,,
2022-06-18T06:00,0.96,174,10.2,,
2022-06-18T07:00,0.96,175,10.1,,
2022-06-18T08:00,0.96,175,10.0,,
2022-06-18T09:00,0.98,175,9.85,,
2022-06-18T10:00,1.02,174,9.65,,
2022-06-18T11:00,1.04,174,9.45,,
2022-06-18T12:00,1.04,174,9.2,,
2022-06-18T13:00,1.06,174,8.95,,
2022-06-18T14:00,1.06,174,8.65,,
2022-06-18T15:00,1.08,174,8.35,,
2022-06-18T16:00,1.1,175,8.05,,
2022-06-18T17:00,1.12,175,7.85,,
2022-06-18T18:00,1.12,175,7.75,,
2022-06-18T19:00,1.14,175,7.75,,
2022-06-18T20:00,1.14,175,7.8,,
2022-06-18T21:00,1.12,175,7.9,,
2022-06-18T22:00,1.08,176,8.1,,
2022-06-18T23:00,1.06,176,8.3,,
2022-06-19T00:00,1.04,176,8.5,,
2022-06-19T01:00,1.02,175,8.65,,
2022-06-19T02:00,1.0,175,8.85,,
2022-06-19T03:00,0.98,174,9.0,,
2022-06-19T04:00,0.96,174,9.15,,
2022-06-19T05:00,0.94,173,9.3,,
2022-06-19T06:00,0.94,173,9.45,,
2022-06-19T07:00,0.92,172,9.6,,
2022-06-19T08:00,0.92,172,9.7,,
2022-06-19T09:00,0.92,172,9.75,,
2022-06-19T10:00,0.92,171,9.8,,
2022-06-19T11:00,0.92,171,9.8,,
2022-06-19T12:00,0.92,171,9.8,,
2022-06-19T13:00,0.94,171,9.75,,
2022-06-19T14:00,0.94,171,9.65,,
2022-06-19T15:00,0.96,171,9.5,,
2022-06-19T16:00,0.98,172,9.3,,
2022-06-19T17:00,1.0,172,9.25,,
2022-06-19T18:00,1.14,173,9.5,,
2022-06-19T19:00,1.26,174,9.9,,
2022-06-19T20:00,1.4,175,10.15,,
2022-06-19T21:00,1.32,174,10.0,,
2022-06-19T22:00,1.24,174,9.75,,
2022-06-19T23:00,1.16,173,9.5,,
2022-06-20T00:00,1.12,172,9.45,,
2022-06-20T01:00,1.08,172,9.45,,
2022-06-20T02:00,1.04,171,9.5,,
2022-06-20T03:00,1.02,171,9.6,,
2022-06-20T04:00,1.0,170,9.7,,
2022-06-20T05:00,0.98,170,9.85,,
2022-06-20T06:00,0.98,169,10.0,,
2022-06-20T07:00,0.96,169,10.15,,
2022-06-20T08:00,0.96,168,10.25,,
2022-06-20T09:00,0.96,168,10.3,,
2022-06-20T10:00,0.96,168,10.35,,
2022-06-20T11:00,0.96,168,10.35,,
2022-06-20T12:00,0.96,168,10.3,,
2022-06-20T13:00,0.96,169,10.2,,
2022-06-20T14:00,0.96,169,10.05,,
2022-06-20T15:00,0.96,170,9.9,,
2022-06-20T16:00,0.96,170,9.7,,
2022-06-20T17:00,0.96,171,9.55,,
2022-06-20T18:00,0.98,172,9.4,,
2022-06-20T19:00,0.98,172,9.2,,
2022-06-20T20:00,1.0,173,9.1,,
2022-06-20T21:00,1.0,173,9.05,,
2022-06-20T22:00,0.98,174,9.05,,
2022-06-20T23:00,0.98,174,9.05,,
2022-06-21T00:00,0.98,177,9.1,,
2022-06-21T01:00,0.98,179,9.15,,
2022-06-21T02:00,0.98,182,9.15,,
2022-06-21T03:00,0.92,183,9.0,,
2022-06-21T04:00,0.88,184,8.75,,
2022-06-21T05:00,0.82,185,8.7,,
2022-06-21T06:00,0.84,185,8.9,,
2022-06-21T07:00,0.88,184,9.3,,
2022-06-21T08:00,0.9,184,9.65,,
2022-06-21T09:00,0.92,182,9.9,,
2022-06-21T10:00,0.92,181,10.15,,
2022-06-21T11:00,0.94,179,10.3,,
2022-06-21T12:00,0.96,180,10.3,,
2022-06-21T13:00,0.96,180,10.2,,
2022-06-21T14:00,0.98,181,10.1,,
2022-06-21T15:00,1.02,183,10.0,,
2022-06-21T16:00,1.04,184,9.9,,
2022-06-21T17:00,1.08,186,9.8,,
2022-06-21T18:00,1.1,187,9.7,,
2022-06-21T19:00,1.12,187,9.55,,
2022-06-21T20:00,1.14,188,9.45,,
2022-06-21T21:00,1.14,188,9.4,,
2022-06-21T22:00,1.16,187,9.35,,
2022-06-21T23:00,1.16,187,9.35,,
2022-06-22T00:00,1.14,185,9.45,,
2022-06-22T01:00,1.14,182,9.65,,
2022-06-22T02:00,1.12,180,9.8,,
2022-06-22T03:00,1.1,178,9.95,,
2022-06-22T04:00,1.1,177,10.15,,
2022-06-22T05:00,1.08,175,10.3,,
2022-06-22T06:00,1.08,174,10.45,,
2022-06-22T07:00,1.06,172,10.6,,
2022-06-22T08:00,1.06,171,10.65,,
2022-06-22T09:00,1.06,171,10.6,,
2022-06-22T10:00,1.06,171,10.55,,
2022-06-22T11:00,1.06,171,10.4,,
2022-06-22T12:00,1.08,171,10.25,,
2022-06-22T13:00,1.1,172,10.0,,
2022-06-22T14:00,1.12,172,9.85,,
2022-06-22T15:00,1.14,172,9.75,,
2022-06-22T16:00,1.14,173,9.65,,
2022-06-22T17:00,1.16,173,9.6,,
2022-06-22T18:00,1.18,173,9.5,,
2022-06-22T19:00,1.22,173,9.4,,
2022-06-22T20:00,1.24,173,9.35,,
2022-06-22T21:00,1.22,173,9.35,,
2022-06-22T22:00,1.22,172,9.35,,
2022-06-22T23:00,1.2,172,9.4,,
2022-06-23T00:00,1.18,172,9.45,,
2022-06-23T01:00,1.16,171,9.55,,
2022-06-23T02:00,1.14,171,9.65,,
2022-06-23T03:00,1.12,170,9.75,,
2022-06-23T04:00,1.1,170,9.9,,
2022-06-23T05:00,1.08,169,10.0,,
2022-06-23T06:00,1.06,169,10.05,,
2022-06-23T07:00,1.06,168,10.05,,
2022-06-23T08:00,1.04,168,10.0,,
2022-06-23T09:00,1.04,168,9.8,,
2022-06-23T10:00,1.02,169,9.55,,
2022-06-23T11:00,1.02,169,9.35,,
2022-06-23T12:00,1.02,170,9.2,,
2022-06-23T13:00,1.02,170,9.05,,
2022-06-23T14:00,1.02,171,8.95,,
2022-06-23T15:00,1.02,172,8.95,,
2022-06-23T16:00,1.0,172,8.95,,
2022-06-23T17:00,1.0,173,9.0,,
2022-06-23T18:00,1.0,173,9.0,,
2022-06-23T19:00,1.02,174,8.95,,
2022-06-23T20:00,1.02,174,9.0,,
2022-06-23T21:00,1.06,174,9.2,,
2022-06-23T22:00,1.1,175,9.45,,
2022-06-23T23:00,1.14,175,9.65,,
2022-06-24T00:00,1.08,175,9.65,,
2022-06-24T01:00,1.02,175,9.5,,
2022-06-24T02:00,0.96,175,9.45,,
2022-06-24T03:00,0.96,175,9.5,,
2022-06-24T04:00,0.94,176,9.55,,
2022-06-24T05:00,0.94,176,9.65,,
2022-06-24T06:00,0.94,176,9.65,,
2022-06-24T07:00,0.94,176,9.7,,
2022-06-24T08:00,0.94,176,9.8,,
2022-06-24T09:00,0.92,175,10.1,,
2022-06-24T10:00,0.92,175,10.5,,
2022-06-24T11:00,0.9,174,10.85,,
2022-06-24T12:00,0.9,174,11.2,,
2022-06-24T13:00,0.88,173,11.5,,
2022-06-24T14:00,0.88,173,11.65,,
2022-06-24T15:00,0.92,179,11.55,,
2022-06-24T16:00,0.98,184,11.3,,
2022-06-24T17:00,1.02,190,11.1,,
2022-06-24T18:00,1.08,192,11.05,,
2022-06-24T19:00,1.14,194,11.05,,
2022-06-24T20:00,1.2,196,11.05,,
2022-06-24T21:00,1.24,195,11.1,,
2022-06-24T22:00,1.28,194,11.15,,
2022-06-24T23:00,1.32,193,11.2,,
2022-06-25T00:00,1.32,192,11.25,,
2022-06-25T01:00,1.3,190,11.35,,
2022-06-25T02:00,1.3,189,11.45,,
2022-06-25T03:00,1.28,187,11.7,,
2022-06-25T04:00,1.28,186,12.05,,
2022-06-25T05:00,1.26,184,12.2,,
2022-06-25T06:00,1.18,183,11.95,,
2022-06-25T07:00,1.1,182,11.5,,
2022-06-25T08:00,1.02,181,11.3,,
2022-06-25T09:00,1.14,183,11.65,,
2022-06-25T10:00,1.24,186,12.3,,
2022-06-25T11:00,1.36,188,12.65,,
2022-06-25T12:00,1.32,191,12.55,,
2022-06-25T13:00,1.3,193,12.2,,
2022-06-25T14:00,1.26,196,11.85,,
2022-06-25T15:00,1.24,197,11.5,,
2022-06-25T16:00,1.2,199,11.15,,
2022-06-25T17:00,1.18,200,10.9,,
2022-06-25T18:00,1.22,197,10.95,,
2022-06-25T19:00,1.24,193,11.1,,
2022-06-25T20:00,1.28,190,11.25,,
2022-06-25T21:00,1.3,188,11.2,,
2022-06-25T22:00,1.3,186,11.15,,
2022-06-25T23:00,1.32,184,11.1,,
2022-06-26T00:00,1.34,184,11.1,,
2022-06-26T01:00,1.34,184,11.15,,
2022-06-26T02:00,1.36,184,11.3,,
2022-06-26T03:00,1.34,183,11.55,,
2022-06-26T04:00,1.32,182,11.9,,
2022-06-26T05:00,1.3,181,12.15,,
2022-06-26T06:00,1.26,180,12.3,,
2022-06-26T07:00,1.24,180,12.4,,
2022-06-26T08:00,1.2,179,12.35,,
2022-06-26T09:00,1.14,179,12.05,,
2022-06-26T10:00,1.1,180,11.6,,
2022-06-26T11:00,1.04,180,11.2,,
2022-06-26T12:00,1.08,182,10.85,,
2022-06-26T13:00,1.1,185,10.55,,
2022-06-26T14:00,1.14,187,10.25,,
2022-06-26T15:00,1.16,191,9.95,,
2022-06-26T16:00,1.18,195,9.6,,
2022-06-26T17:00,1.2,199,9.4,,
2022-06-26T18:00,1.22,200,9.35,,
2022-06-26T19:00,1.26,200,9.35,,
2022-06-26T20:00,1.28,201,9.4,,
2022-06-26T21:00,1.26,199,9.4,,
2022-06-26T22:00,1.22,198,9.4,,
2022-06-26T23:00,1.2,196,9.45,,
2022-06-27T00:00,1.18,194,9.6,,
2022-06-27T01:00,1.16,191,9.75,,
2022-06-27T02:00,1.14,189,9.9,,
2022-06-27T03:00,1.12,188,10.0,,
2022-06-27T04:00,1.1,186,10.05,,
2022-06-27T05:00,1.08,185,10.05,,
2022-06-27T06:00,1.06,185,10.05,,
2022-06-27T07:00,1.04,184,10.05,,
2022-06-27T08:00,1.02,184,10.0,,
2022-06-27T09:00,1.0,184,10.0,,
2022-06-27T10:00,1.0,185,10.0,,
2022-06-27T11:00,0.98,185,9.9,,
2022-06-27T12:00,0.98,187,9.75,,
2022-06-27T13:00,1.0,188,9.5,,
2022-06-27T14:00,1.0,190,9.25,,
2022-06-27T15:00,1.02,193,9.0,,
2022-06-27T16:00,1.02,197,8.7,,
2022-06-27T17:00,1.04,200,8.45,,
2022-06-27T18:00,1.06,202,8.25,,
2022-06-27T19:00,1.08,203,8.1,,
2022-06-27T20:00,1.1,205,8.05,,
2022-06-27T21:00,1.18,206,8.25,,
2022-06-27T22:00,1.24,206,8.6,,
2022-06-27T23:00,1.32,207,8.85,,
2022-06-28T00:00,1.26,206,8.85,,
2022-06-28T01:00,1.18,204,8.7,,
2022-06-28T02:00,1.12,203,8.6,,
2022-06-28T03:00,1.08,202,8.55,,
2022-06-28T04:00,1.06,200,8.55,,
2022-06-28T05:00,1.02,199,8.65,,
2022-06-28T06:00,1.0,196,8.9,,
2022-06-28T07:00,0.96,194,9.2,,
2022-06-28T08:00,0.94,191,9.45,,
2022-06-28T09:00,0.94,189,9.6,,
2022-06-28T10:00,0.92,187,9.7,,
2022-06-28T11:00,0.92,185,9.65,,
2022-06-28T12:00,0.92,187,9.35,,
2022-06-28T13:00,0.9,188,8.9,,
2022-06-28T14:00,0.9,190,8.55,,
2022-06-28T15:00,0.92,194,8.3,,
2022-06-28T16:00,0.92,197,8.15,,
2022-06-28T17:00,0.94,201,8.05,,
2022-06-28T18:00,0.96,203,8.0,,
2022-06-28T19:00,0.96,206,8.05,,
2022-06-28T20:00,0.98,208,8.15,,
2022-06-28T21:00,1.0,208,8.3,,
2022-06-28T22:00,1.0,208,8.55,,
2022-06-28T23:00,1.02,208,8.75,,
2022-06-29T00:00,1.02,209,8.9,,
2022-06-29T01:00,1.04,209,9.1,,
2022-06-29T02:00,1.04,210,9.25,,
2022-06-29T03:00,1.06,210,9.45,,
2022-06-29T04:00,1.06,210,9.65,,
2022-06-29T05:00,1.08,210,9.9,,
2022-06-29T06:00,1.08,209,10.15,,
2022-06-29T07:00,1.1,209,10.45,,
2022-06-29T08:00,1.1,208,10.6,,
2022-06-29T09:00,1.06,207,10.55,,
2022-06-29T10:00,1.0,207,10.35,,
2022-06-29T11:00,0.96,206,10.25,,
2022-06-29T12:00,1.02,207,10.3,,
2022-06-29T13:00,1.06,207,10.45,,
2022-06-29T14:00,1.12,208,10.5,,
2022-06-29T15:00,1.14,209,10.4,,
2022-06-29T16:00,1.18,210,10.25,,
2022-06-29T17:00,1.2,211,10.1,,
2022-06-29T18:00,1.22,210,10.05,,
2022-06-29T19:00,1.24,210,10.0,,
2022-06-29T20:00,1.26,209,9.95,,
2022-06-29T21:00,1.26,208,9.9,,
2022-06-29T22:00,1.24,206,9.85,,
2022-06-29T23:00,1.24,205,9.75,,
2022-06-30T00:00,1.24,206,9.6,,
2022-06-30T01:00,1.24,208,9.45,,
2022-06-30T02:00,1.24,209,9.3,,
2022-06-30T03:00,1.24,211,9.15,,
2022-06-30T04:00,1.24,214,9.0,,
2022-06-30T05:00,1.24,216,8.85,,
2022-06-30T06:00,1.22,218,8.75,,
2022-06-30T07:00,1.22,221,8.65,,
2022-06-30T08:00,1.2,223,8.6,,
2022-06-30T09:00,1.2,224,8.55,,
2022-06-30T10:00,1.18,225,8.5,,
2022-06-30T11:00,1.18,226,8.45,,
2022-06-30T12:00,1.18,226,8.4,,
2022-06-30T13:00,1.16,227,8.3,,
2022-06-30T14:00,1.16,227,8.25,,
2022-06-30T15:00,1.16,227,8.25,,
2022-06-30T16:00,1.14,226,8.25,,
2022-06-30T17:00,1.14,226,8.35,,
2022-06-30T18:00,1.1,222,8.5,,
2022-06-30T19:00,1.08,217,8.7,,
2022-06-30T20:00,1.04,213,8.95,,
2022-06-30T21:00,1.02,207,9.25,,
2022-06-30T22:00,0.98,202,9.6,,
2022-06-30T23:00,0.96,196,9.8,,
2022-07-01T00:00,0.96,198,9.75,,
2022-07-01T01:00,0.94,199,9.55,,
2022-07-01T02:00,0.94,201,9.3,,
2022-07-01T03:00,0.96,206,8.95,,
2022-07-01T04:00,0.96,211,8.55,,
2022-07-01T05:00,0.98,216,8.3,,
2022-07-01T06:00,0.96,216,8.25,,
2022-07-01T07:00,0.96,216,8.35,,
2022-07-01T08:00,0.94,216,8.6,,
2022-07-01T09:00,0.98,213,9.2,,
2022-07-01T10:00,1.02,211,9.95,,
2022-07-01T11:00,1.06,208,10.35,,
2022-07-01T12:00,1.02,212,10.1,,
2022-07-01T13:00,0.96,217,9.55,,
2022-07-01T14:00,0.92,221,9.0,,
2022-07-01T15:00,0.96,226,8.6,,
2022-07-01T16:00,0.98,232,8.3,,
2022-07-01T17:00,1.02,237,8.1,,
2022-07-01T18:00,1.02,236,8.1,,
2022-07-01T19:00,1.04,235,8.25,,
2022-07-01T20:00,1.04,234,8.45,,
2022-07-01T21:00,1.0,230,8.65,,
2022-07-01T22:00,0.98,227,8.85,,
2022-07-01T23:00,0.94,223,9.1,,
2022-07-02T00:00,0.94,220,9.35,,
2022-07-02T01:00,0.96,217,9.65,,
2022-07-02T02:00,0.96,214,9.95,,
2022-07-02T03:00,0.96,211,10.2,,
2022-07-02T04:00,0.98,207,10.5,,
2022-07-02T05:00,0.98,204,10.9,,
2022-07-02T06:00,0.96,197,11.55,,
2022-07-02T07:00,0.94,190,12.35,,
2022-07-02T08:00,0.92,183,13.05,,
2022-07-02T09:00,0.92,181,13.55,,
2022-07-02T10:00,0.92,179,13.9,,
2022-07-02T11:00,0.92,177,14.2,,
2022-07-02T12:00,0.92,177,14.35,,
2022-07-02T13:00,0.94,178,14.4,,
2022-07-02T14:00,0.94,178,14.4,,
2022-07-02T15:00,0.96,179,14.45,,
2022-07-02T16:00,1.0,179,14.5,,
2022-07-02T17:00,1.02,180,14.45,,
2022-07-02T18:00,1.06,181,14.35,,
2022-07-02T19:00,1.08,183,14.15,,
2022-07-02T20:00,1.12,184,13.95,,
2022-07-02T21:00,1.16,188,13.65,,
2022-07-02T22:00,1.2,191,13.25,,
2022-07-02T23:00,1.24,195,12.95,,
2022-07-03T00:00,1.24,195,12.75,,
2022-07-03T01:00,1.26,194,12.65,,
2022-07-03T02:00,1.26,194,12.65,,
2022-07-03T03:00,1.24,192,12.9,,
2022-07-03T04:00,1.24,191,13.25,,
2022-07-03T05:00,1.22,189,13.4,,
2022-07-03T06:00,1.2,191,13.25,,
2022-07-03T07:00,1.2,192,12.95,,
2022-07-03T08:00,1.18,194,12.55,,
2022-07-03T09:00,1.18,198,12.0,,
2022-07-03T10:00,1.18,201,11.4,,
2022-07-03T11:00,1.18,205,10.85,,
2022-07-03T12:00,1.22,207,10.5,,
2022-07-03T13:00,1.28,208,10.2,,
2022-07-03T14:00,1.32,210,10.0,,
2022-07-03T15:00,1.34,211,9.85,,
2022-07-03T16:00,1.36,212,9.8,,
2022-07-03T17:00,1.38,213,9.85,,
2022-07-03T18:00,1.36,210,9.95,,
2022-07-03T19:00,1.36,208,10.15,,
2022-07-03T20:00,1.34,205,10.4,,
2022-07-03T21:00,1.36,202,10.85,,
2022-07-03T22:00,1.4,198,11.4,,
2022-07-03T23:00,1.42,195,11.75,,
2022-07-04T00:00,1.34,194,11.65,,
2022-07-04T01:00,1.28,192,11.4,,
2022-07-04T02:00,1.2,191,11.25,,
2022-07-04T03:00,1.22,190,11.45,,
2022-07-04T04:00,1.22,189,11.75,,
2022-07-04T05:00,1.24,188,12.05,,
2022-07-04T06:00,1.22,188,12.3,,
2022-07-04T07:00,1.22,187,12.55,,
2022-07-04T08:00,1.2,187,12.7,,
2022-07-04T09:00,1.18,187,12.75,,
2022-07-04T10:00,1.16,186,12.65,,
2022-07-04T11:00,1.14,186,12.5,,
2022-07-04T12:00,1.14,188,12.25,,
2022-07-04T13:00,1.16,190,11.85,,
2022-07-04T14:00,1.16,192,11.45,,
2022-07-04T15:00,1.18,197,10.95,,
2022-07-04T16:00,1.18,203,10.4,,
2022-07-04T17:00,1.2,208,10.0,,
2022-07-04T18:00,1.2,209,9.8,,
2022-07-04T19:00,1.2,209,9.7,,
2022-07-04T20:00,1.2,210,9.7,,
2022-07-04T21:00,1.18,207,9.75,,
2022-07-04T22:00,1.18,205,9.9,,
2022-07-04T23:00,1.16,202,10.0,,
2022-07-05T00:00,1.14,200,10.1,,
2022-07-05T01:00,1.14,199,10.2,,
2022-07-05T02:00,1.12,197,10.25,,
2022-07-05T03:00,1.12,196,10.3,,
2022-07-05T04:00,1.1,196,10.3,,
2022-07-05T05:00,1.1,195,10.4,,
2022-07-05T06:00,1.08,193,10.55,,
2022-07-05T07:00,1.08,190,10.75,,
2022-07-05T08:00,1.06,188,10.95,,
2022-07-05T09:00,1.06,186,11.15,,
2022-07-05T10:00,1.06,185,11.35,,
2022-07-05T11:00,1.06,183,11.45,,
2022-07-05T12:00,1.08,185,11.35,,
2022-07-05T13:00,1.12,188,11.15,,
2022-07-05T14:00,1.14,190,10.9,,
2022-07-05T15:00,1.16,195,10.6,,
2022-07-05T16:00,1.2,199,10.25,,
2022-07-05T17:00,1.22,204,10.1,,
2022-07-05T18:00,1.2,199,10.25,,
2022-07-05T19:00,1.18,195,10.6,,
2022-07-05T20:00,1.16,190,10.95,,
2022-07-05T21:00,1.22,187,11.45,,
2022-07-05T22:00,1.26,185,11.95,,
2022-07-05T23:00,1.32,182,12.2,,
2022-07-06T00:00,1.26,182,11.95,,
2022-07-06T01:00,1.22,182,11.4,,
2022-07-06T02:00,1.16,182,10.9,,
2022-07-06T03:00,1.16,186,10.6,,
2022-07-06T04:00,1.14,189,10.4,,
2022-07-06T05:00,1.14,193,10.25,,
2022-07-06T06:00,1.1,194,10.05,,
2022-07-06T07:00,1.06,195,9.9,,
2022-07-06T08:00,1.02,196,9.9,,
2022-07-06T09:00,1.02,194,10.15,,
2022-07-06T10:00,1.04,193,10.5,,
2022-07-06T11:00,1.04,191,10.75,,
2022-07-06T12:00,1.04,192,10.8,,
2022-07-06T13:00,1.04,192,10.8,,
2022-07-06T14:00,1.04,193,10.75,,
2022-07-06T15:00,1.04,195,10.7,,
2022-07-06T16:00,1.04,197,10.6,,
2022-07-06T17:00,1.04,199,10.5,,
2022-07-06T18:00,1.04,199,10.4,,
2022-07-06T19:00,1.06,198,10.3,,
2022-07-06T20:00,1.06,198,10.25,,
2022-07-06T21:00,1.06,197,10.2,,
2022-07-06T22:00,1.08,196,10.15,,
2022-07-06T23:00,1.08,195,10.2,,
2022-07-07T00:00,1.06,191,10.4,,
2022-07-07T01:00,1.06,187,10.7,,
2022-07-07T02:00,1.04,183,10.9,,
2022-07-07T03:00,1.02,182,10.95,,
2022-07-07T04:00,1.0,181,11.0,,
2022-07-07T05:00,0.98,180,10.95,,
2022-07-07T06:00,1.0,181,10.85,,
2022-07-07T07:00,1.02,181,10.75,,
2022-07-07T08:00,1.04,182,10.75,,
2022-07-07T09:00,1.08,182,10.9,,
2022-07-07T10:00,1.12,181,11.15,,
2022-07-07T11:00,1.16,181,11.3,,
2022-07-07T12:00,1.18,181,11.35,,
2022-07-07T13:00,1.18,181,11.35,,
2022-07-07T14:00,1.2,181,11.3,,
2022-07-07T15:00,1.22,183,11.15,,
2022-07-07T16:00,1.24,186,10.95,,
2022-07-07T17:00,1.26,188,10.8,,
2022-07-07T18:00,1.26,188,10.75,,
2022-07-07T19:00,1.24,188,10.8,,
2022-07-07T20:00,1.24,188,10.85,,
2022-07-07T21:00,1.22,186,10.95,,
2022-07-07T22:00,1.18,185,11.0,,
2022-07-07T23:00,1.16,183,11.05,,
2022-07-08T00:00,1.16,184,11.0,,
2022-07-08T01:00,1.16,186,10.85,,
2022-07-08T02:00,1.16,187,10.7,,
2022-07-08T03:00,1.18,189,10.55,,
2022-07-08T04:00,1.18,191,10.35,,
2022-07-08T05:00,1.2,193,10.25,,
2022-07-08T06:00,1.22,193,10.3,,
2022-07-08T07:00,1.22,194,10.4,,
2022-07-08T08:00,1.24,194,10.55,,
2022-07-08T09:00,1.22,193,10.7,,
2022-07-08T10:00,1.22,193,10.9,,
2022-07-08T11:00,1.2,192,11.0,,
2022-07-08T12:00,1.22,194,10.95,,
2022-07-08T13:00,1.24,196,10.75,,
2022-07-08T14:00,1.26,198,10.5,,
2022-07-08T15:00,1.28,202,10.1,,
2022-07-08T16:00,1.32,205,9.65,,
2022-07-08T17:00,1.34,209,9.3,,
2022-07-08T18:00,1.32,208,9.15,,
2022-07-08T19:00,1.32,207,9.1,,
2022-07-08T20:00,1.3,206,9.1,,
2022-07-08T21:00,1.26,203,9.15,,
2022-07-08T22:00,1.24,200,9.3,,
2022-07-08T23:00,1.2,197,9.4,,
2022-07-09T00:00,1.18,195,9.45,,
2022-07-09T01:00,1.16,192,9.55,,
2022-07-09T02:00,1.14,190,9.6,,
2022-07-09T03:00,1.12,188,9.75,,
2022-07-09T04:00,1.08,186,9.9,,
2022-07-09T05:00,1.06,184,9.95,,
2022-07-09T06:00,1.06,186,9.9,,
2022-07-09T07:00,1.04,187,9.75,,
2022-07-09T08:00,1.04,189,9.55,,
2022-07-09T09:00,1.06,193,9.3,,
2022-07-09T10:00,1.06,198,9.0,,
2022-07-09T11:00,1.08,202,8.75,,
2022-07-09T12:00,1.08,205,8.55,,
2022-07-09T13:00,1.1,208,8.35,,
2022-07-09T14:00,1.1,211,8.2,,
2022-07-09T15:00,1.1,213,8.0,,
2022-07-09T16:00,1.1,214,7.85,,
2022-07-09T17:00,1.1,216,7.7,,
2022-07-09T18:00,1.1,216,7.65,,
2022-07-09T19:00,1.08,216,7.6,,
2022-07-09T20:00,1.08,216,7.6,,
2022-07-09T21:00,1.06,216,7.55,,
2022-07-09T22:00,1.06,216,7.55,,
2022-07-09T23:00,1.04,216,7.55,,
2022-07-10T00:00,1.04,215,7.55,,
2022-07-10T01:00,1.02,215,7.6,,
2022-07-10T02:00,1.02,214,7.65,,
2022-07-10T03:00,1.02,213,7.75,,
2022-07-10T04:00,1.02,212,7.85,,
2022-07-10T05:00,1.02,211,7.95,,
2022-07-10T06:00,1.0,208,8.1,,
2022-07-10T07:00,0.96,205,8.25,,
2022-07-10T08:00,0.94,202,8.4,,
2022-07-10T09:00,0.94,199,8.6,,
2022-07-10T10:00,0.94,195,8.85,,
2022-07-10T11:00,0.94,192,9.0,,
2022-07-10T12:00,0.96,193,8.95,,
2022-07-10T13:00,1.0,193,8.85,,
2022-07-10T14:00,1.02,194,8.7,,
2022-07-10T15:00,1.02,196,8.55,,
2022-07-10T16:00,1.04,197,8.4,,
2022-07-10T17:00,1.04,199,8.35,,
2022-07-10T18:00,1.02,197,8.4,,
2022-07-10T19:00,1.02,196,8.55,,
2022-07-10T20:00,1.0,194,8.65,,
2022-07-10T21:00,0.98,192,8.7,,
2022-07-10T22:00,0.98,191,8.7,,
2022-07-10T23:00,0.96,189,8.7,,
2022-07-11T00:00,0.96,189,8.6,,
2022-07-11T01:00,0.96,188,8.45,,
2022-07-11T02:00,0.96,188,8.35,,
2022-07-11T03:00,0.98,188,8.45,,
2022-07-11T04:00,1.0,188,8.6,,
2022-07-11T05:00,1.02,188,8.6,,
2022-07-11T06:00,0.92,188,8.25,,
2022-07-11T07:00,0.84,187,7.75,,
2022-07-11T08:00,0.74,187,7.5,,
2022-07-11T09:00,0.8,188,7.8,,
2022-07-11T10:00,0.86,188,8.4,,
2022-07-11T11:00,0.92,189,8.9,,
2022-07-11T12:00,0.94,189,9.15,,
2022-07-11T13:00,0.96,189,9.25,,
2022-07-11T14:00,0.98,189,9.35,,
2022-07-11T15:00,0.98,189,9.4,,
2022-07-11T16:00,0.96,188,9.35,,
2022-07-11T17:00,0.96,188,9.35,,
2022-07-11T18:00,0.98,187,9.4,,
2022-07-11T19:00,1.0,187,9.5,,
2022-07-11T20:00,1.02,186,9.55,,
2022-07-11T21:00,1.02,186,9.5,,
2022-07-11T22:00,1.04,185,9.4,,
2022-07-11T23:00,1.04,185,9.35,,
2022-07-12T00:00,1.04,185,9.3,,
2022-07-12T01:00,1.06,185,9.25,,
2022-07-12T02:00,1.06,185,9.25,,
2022-07-12T03:00,1.06,185,9.3,,
2022-07-12T04:00,1.06,185,9.4,,
2022-07-12T05:00,1.06,185,9.5,,
2022-07-12T06:00,1.06,185,9.65,,
2022-07-12T07:00,1.04,184,9.8,,
2022-07-12T08:00,1.04,184,9.85,,
2022-07-12T09:00,1.0,184,9.75,,
2022-07-12T10:00,0.98,184,9.5,,
2022-07-12T11:00,0.94,184,9.3,,
2022-07-12T12:00,0.98,185,9.1,,
2022-07-12T13:00,1.02,186,8.95,,
2022-07-12T14:00,1.06,187,8.75,,
2022-07-12T15:00,1.1,188,8.5,,
2022-07-12T16:00,1.16,190,8.25,,
2022-07-12T17:00,1.2,191,8.05,,
2022-07-12T18:00,1.24,191,8.0,,
2022-07-12T19:00,1.3,191,7.95,,
2022-07-12T20:00,1.34,191,8.0,,
2022-07-12T21:00,1.36,191,8.05,,
2022-07-12T22:00,1.36,191,8.1,,
2022-07-12T23:00,1.38,191,8.2,,
2022-07-13T00:00,1.38,191,8.35,,
2022-07-13T01:00,1.38,190,8.55,,
2022-07-13T02:00,1.38,190,8.75,,
2022-07-13T03:00,1.38,189,8.95,,
2022-07-13T04:00,1.36,189,9.1,,
2022-07-13T05:00,1.36,188,9.2,,
2022-07-13T06:00,1.36,188,9.25,,
2022-07-13T07:00,1.38,188,9.2,,
2022-07-13T08:00,1.38,188,9.15,,
2022-07-13T09:00,1.4,189,9.05,,
2022-07-13T10:00,1.4,189,8.85,,
2022-07-13T11:00,1.42,190,8.7,,
2022-07-13T12:00,1.44,190,8.55,,
2022-07-13T13:00,1.46,191,8.4,,
2022-07-13T14:00,1.48,191,8.25,,
2022-07-13T15:00,1.5,192,8.1,,
2022-07-13T16:00,1.54,193,8.0,,
2022-07-13T17:00,1.56,194,7.95,,
2022-07-13T18:00,1.54,194,7.95,,
2022-07-13T19:00,1.54,193,8.0,,
2022-07-13T20:00,1.52,193,8.05,,
2022-07-13T21:00,1.52,193,8.0,,
2022-07-13T22:00,1.5,193,7.9,,
2022-07-13T23:00,1.5,193,7.85,,
2022-07-14T00:00,1.5,192,7.95,,
2022-07-14T01:00,1.5,191,8.15,,
2022-07-14T02:00,1.5,190,8.35,,
2022-07-14T03:00,1.48,188,8.55,,
2022-07-14T04:00,1.48,187,8.75,,
2022-07-14T05:00,1.46,185,8.85,,
2022-07-14T06:00,1.48,185,8.85,,
2022-07-14T07:00,1.5,186,8.75,,
2022-07-14T08:00,1.52,186,8.6,,
2022-07-14T09:00,1.56,187,8.4,,
2022-07-14T10:00,1.58,189,8.2,,
2022-07-14T11:00,1.62,190,8.05,,
2022-07-14T12:00,1.6,190,7.95,,
2022-07-14T13:00,1.58,189,7.9,,
2022-07-14T14:00,1.56,189,7.9,,
2022-07-14T15:00,1.56,188,7.95,,
2022-07-14T16:00,1.54,187,8.05,,
2022-07-14T17:00,1.54,186,8.15,,
2022-07-14T18:00,1.52,185,8.15,,
2022-07-14T19:00,1.52,185,8.15,,
2022-07-14T20:00,1.5,184,8.15,,
2022-07-14T21:00,1.52,184,8.2,,
2022-07-14T22:00,1.52,183,8.35,,
2022-07-14T23:00,1.54,183,8.4,,
2022-07-15T00:00,1.54,183,8.4,,
2022-07-15T01:00,1.54,183,8.4,,
2022-07-15T02:00,1.54,183,8.4,,
2022-07-15T03:00,1.54,183,8.45,,
2022-07-15T04:00,1.56,182,8.45,,
2022-07-15T05:00,1.56,182,8.55,,
2022-07-15T06:00,1.56,180,8.7,,
2022-07-15T07:00,1.56,179,8.9,,
2022-07-15T08:00,1.56,177,9.05,,
2022-07-15T09:00,1.56,176,9.2,,
2022-07-15T10:00,1.56,175,9.35,,
2022-07-15T11:00,1.56,174,9.45,,
2022-07-15T12:00,1.56,174,9.5,,
2022-07-15T13:00,1.58,173,9.5,,
2022-07-15T14:00,1.58,173,9.5,,
2022-07-15T15:00,1.6,174,9.45,,
2022-07-15T16:00,1.6,174,9.35,,
2022-07-15T17:00,1.62,175,9.25,,
2022-07-15T18:00,1.64,176,9.15,,
2022-07-15T19:00,1.64,176,9.05,,
2022-07-15T20:00,1.66,177,8.95,,
2022-07-15T21:00,1.66,177,8.95,,
2022-07-15T22:00,1.66,177,8.95,,
2022-07-15T23:00,1.66,177,8.95,,
2022-07-16T00:00,1.66,177,8.95,,
2022-07-16T01:00,1.68,178,8.95,,
2022-07-16T02:00,1.68,178,8.95,,
2022-07-16T03:00,1.68,178,8.95,,
2022-07-16T04:00,1.7,178,8.95,,
2022-07-16T05:00,1.7,178,8.9,,
2022-07-16T06:00,1.64,178,8.8,,
2022-07-16T07:00,1.58,177,8.65,,
2022-07-16T08:00,1.52,177,8.6,,
2022-07-16T09:00,1.56,177,8.7,,
2022-07-16T10:00,1.58,176,8.85,,
2022-07-16T11:00,1.62,176,9.0,,
2022-07-16T12:00,1.62,176,9.15,,
2022-07-16T13:00,1.64,176,9.3,,
2022-07-16T14:00,1.64,176,9.4,,
2022-07-16T15:00,1.64,176,9.5,,
2022-07-16T16:00,1.66,176,9.6,,
2022-07-16T17:00,1.66,176,9.65,,
2022-07-16T18:00,1.66,176,9.65,,
2022-07-16T19:00,1.68,176,9.65,,
2022-07-16T20:00,1.68,176,9.65,,
2022-07-16T21:00,1.66,176,9.7,,
2022-07-16T22:00,1.64,175,9.75,,
2022-07-16T23:00,1.62,175,9.85,,
2022-07-17T00:00,1.6,175,10.0,,
2022-07-17T01:00,1.58,174,10.2,,
2022-07-17T02:00,1.56,174,10.4,,
2022-07-17T03:00,1.54,173,10.55,,
2022-07-17T04:00,1.52,173,10.65,,
2022-07-17T05:00,1.5,172,10.7,,
2022-07-17T06:00,1.48,172,10.75,,
2022-07-17T07:00,1.46,171,10.75,,
2022-07-17T08:00,1.44,171,10.75,,
2022-07-17T09:00,1.42,171,10.65,,
2022-07-17T10:00,1.42,171,10.55,,
2022-07-17T11:00,1.4,171,10.4,,
2022-07-17T12:00,1.4,171,10.25,,
2022-07-17T13:00,1.4,172,10.1,,
2022-07-17T14:00,1.4,172,10.0,,
2022-07-17T15:00,1.4,172,9.95,,
2022-07-17T16:00,1.4,172,10.0,,
2022-07-17T17:00,1.4,172,10.0,,
2022-07-17T18:00,1.4,172,10.0,,
2022-07-17T19:00,1.4,172,10.0,,
2022-07-17T20:00,1.4,172,10.0,,
2022-07-17T21:00,1.38,173,10.05,,
2022-07-17T22:00,1.38,173,10.05,,
2022-07-17T23:00,1.36,174,10.15,,
2022-07-18T00:00,1.34,173,10.3,,
2022-07-18T01:00,1.3,172,10.45,,
2022-07-18T02:00,1.28,171,10.65,,
2022-07-18T03:00,1.26,170,10.8,,
2022-07-18T04:00,1.26,170,10.95,,
2022-07-18T05:00,1.24,169,11.1,,
2022-07-18T06:00,1.24,169,11.25,,
2022-07-18T07:00,1.26,168,11.4,,
2022-07-18T08:00,1.26,168,11.5,,
2022-07-18T09:00,1.26,167,11.55,,
2022-07-18T10:00,1.28,167,11.6,,
2022-07-18T11:00,1.28,166,11.6,,
2022-07-18T12:00,1.26,166,11.55,,
2022-07-18T13:00,1.22,167,11.5,,
2022-07-18T14:00,1.2,167,11.5,,
2022-07-18T15:00,1.22,167,11.6,,
2022-07-18T16:00,1.26,166,11.75,,
2022-07-18T17:00,1.28,166,11.85,,
2022-07-18T18:00,1.26,166,11.9,,
2022-07-18T19:00,1.26,167,11.95,,
2022-07-18T20:00,1.24,167,11.85,,
2022-07-18T21:00,1.22,167,11.55,,
2022-07-18T22:00,1.22,168,11.15,,
2022-07-18T23:00,1.2,168,10.8,,
2022-07-19T00:00,1.18,169,10.65,,
2022-07-19T01:00,1.18,171,10.55,,
2022-07-19T02:00,1.16,172,10.5,,
2022-07-19T03:00,1.14,172,10.45,,
2022-07-19T04:00,1.1,172,10.4,,
2022-07-19T05:00,1.08,172,10.45,,
2022-07-19T06:00,1.06,171,10.6,,
2022-07-19T07:00,1.02,170,10.8,,
2022-07-19T08:00,1.0,169,10.95,,
2022-07-19T09:00,0.98,168,11.1,,
2022-07-19T10:00,0.96,168,11.2,,
2022-07-19T11:00,0.94,167,11.25,,
2022-07-19T12:00,0.92,167,11.25,,
2022-07-19T13:00,0.88,166,11.2,,
2022-07-19T14:00,0.86,166,11.1,,
2022-07-19T15:00,0.86,166,10.85,,
2022-07-19T16:00,0.84,165,10.6,,
2022-07-19T17:00,0.84,165,10.4,,
2022-07-19T18:00,0.84,165,10.4,,
2022-07-19T19:00,0.82,166,10.5,,
2022-07-19T20:00,0.82,166,10.65,,
2022-07-19T21:00,0.82,167,10.8,,
2022-07-19T22:00,0.84,168,10.95,,
2022-07-19T23:00,0.84,169,11.1,,
2022-07-20T00:00,0.84,169,11.15,,
2022-07-20T01:00,0.86,169,11.15,,
2022-07-20T02:00,0.86,169,11.2,,
2022-07-20T03:00,0.88,169,11.4,,
2022-07-20T04:00,0.92,169,11.6,,
2022-07-20T05:00,0.94,169,11.8,,
2022-07-20T06:00,0.94,169,11.85,,
2022-07-20T07:00,0.92,168,11.85,,
2022-07-20T08:00,0.92,168,11.85,,
2022-07-20T09:00,0.92,168,11.9,,
2022-07-20T10:00,0.92,168,11.9,,
2022-07-20T11:00,0.92,168,11.95,,
2022-07-20T12:00,0.92,168,11.95,,
2022-07-20T13:00,0.9,169,11.95,,
2022-07-20T14:00,0.9,169,11.95,,
2022-07-20T15:00,0.9,169,11.95,,
2022-07-20T16:00,0.92,170,11.9,,
2022-07-20T17:00,0.92,170,11.85,,
2022-07-20T18:00,0.92,171,11.8,,
2022-07-20T19:00,0.94,171,11.7,,
2022-07-20T20:00,0.94,172,11.65,,
2022-07-20T21:00,0.96,172,11.65,,
2022-07-20T22:00,1.0,172,11.65,,
2022-07-20T23:00,1.02,172,11.6,,
2022-07-21T00:00,1.0,174,11.4,,
2022-07-21T01:00,1.0,175,11.15,,
2022-07-21T02:00,0.98,177,10.9,,
2022-07-21T03:00,0.92,176,10.6,,
2022-07-21T04:00,0.88,176,10.35,,
2022-07-21T05:00,0.82,175,10.35,,
2022-07-21T06:00,0.88,175,10.8,,
2022-07-21T07:00,0.96,174,11.55,,
2022-07-21T08:00,1.02,174,12.0,,
2022-07-21T09:00,0.96,174,11.95,,
2022-07-21T10:00,0.9,174,11.6,,
2022-07-21T11:00,0.84,174,11.4,,
2022-07-21T12:00,0.84,174,11.45,,
2022-07-21T13:00,0.86,174,11.65,,
2022-07-21T14:00,0.86,174,11.75,,
2022-07-21T15:00,0.9,173,11.7,,
2022-07-21T16:00,0.94,173,11.55,,
2022-07-21T17:00,0.98,172,11.4,,
2022-07-21T18:00,1.0,173,11.2,,
2022-07-21T19:00,1.02,173,10.95,,
2022-07-21T20:00,1.04,174,10.75,,
2022-07-21T21:00,1.02,174,10.55,,
2022-07-21T22:00,1.0,174,10.4,,
2022-07-21T23:00,0.98,174,10.3,,
2022-07-22T00:00,0.98,175,10.25,,
2022-07-22T01:00,1.0,176,10.25,,
2022-07-22T02:00,1.0,177,10.3,,
2022-07-22T03:00,1.02,177,10.45,,
2022-07-22T04:00,1.02,176,10.7,,
2022-07-22T05:00,1.04,176,10.95,,
2022-07-22T06:00,1.06,175,11.2,,
2022-07-22T07:00,1.08,175,11.5,,
2022-07-22T08:00,1.1,174,11.5,,
2022-07-22T09:00,1.02,174,11.0,,
2022-07-22T10:00,0.92,174,10.25,,
2022-07-22T11:00,0.84,174,9.85,,
2022-07-22T12:00,0.94,175,10.15,,
2022-07-22T13:00,1.06,175,10.8,,
2022-07-22T14:00,1.16,176,11.3,,
2022-07-22T15:00,1.2,176,11.4,,
2022-07-22T16:00,1.22,177,11.35,,
2022-07-22T17:00,1.26,177,11.25,,
2022-07-22T18:00,1.3,177,11.2,,
2022-07-22T19:00,1.34,177,11.15,,
2022-07-22T20:00,1.38,177,11.15,,
2022-07-22T21:00,1.4,176,11.25,,
2022-07-22T22:00,1.44,176,11.4,,
2022-07-22T23:00,1.46,175,11.5,,
2022-07-23T00:00,1.46,175,11.6,,
2022-07-23T01:00,1.46,174,11.7,,
2022-07-23T02:00,1.46,174,11.7,,
2022-07-23T03:00,1.46,174,11.65,,
2022-07-23T04:00,1.46,174,11.5,,
2022-07-23T05:00,1.46,174,11.4,,
2022-07-23T06:00,1.44,174,11.3,,
2022-07-23T07:00,1.44,175,11.25,,
2022-07-23T08:00,1.42,175,11.2,,
2022-07-23T09:00,1.42,175,11.2,,
2022-07-23T10:00,1.42,174,11.2,,
2022-07-23T11:00,1.42,174,11.2,,
2022-07-23T12:00,1.44,175,11.1,,
2022-07-23T13:00,1.44,176,10.9,,
2022-07-23T14:00,1.46,177,10.85,,
2022-07-23T15:00,1.56,178,11.0,,
2022-07-23T16:00,1.64,180,11.25,,
2022-07-23T17:00,1.74,181,11.35,,
2022-07-23T18:00,1.72,182,11.2,,
2022-07-23T19:00,1.72,184,10.95,,
2022-07-23T20:00,1.7,185,10.7,,
2022-07-23T21:00,1.66,185,10.6,,
2022-07-23T22:00,1.64,184,10.5,,
2022-07-23T23:00,1.6,184,10.5,,
2022-07-24T00:00,1.58,182,10.6,,
2022-07-24T01:00,1.56,181,10.75,,
2022-07-24T02:00,1.54,179,10.95,,
2022-07-24T03:00,1.54,178,11.1,,
2022-07-24T04:00,1.52,176,11.3,,
2022-07-24T05:00,1.52,175,11.45,,
2022-07-24T06:00,1.52,174,11.55,,
2022-07-24T07:00,1.52,173,11.7,,
2022-07-24T08:00,1.52,172,11.75,,
2022-07-24T09:00,1.52,171,11.8,,
2022-07-24T10:00,1.52,170,11.8,,
2022-07-24T11:00,1.52,169,11.8,,
2022-07-24T12:00,1.52,169,11.75,,
2022-07-24T13:00,1.5,169,11.7,,
2022-07-24T14:00,1.5,169,11.65,,
2022-07-24T15:00,1.5,169,11.6,,
2022-07-24T16:00,1.48,168,11.55,,
2022-07-24T17:00,1.48,168,11.5,,
2022-07-24T18:00,1.46,168,11.4,,
2022-07-24T19:00,1.46,169,11.25,,
2022-07-24T20:00,1.44,169,11.15,,
2022-07-24T21:00,1.42,168,11.1,,
2022-07-24T22:00,1.42,168,11.15,,
2022-07-24T23:00,1.4,167,11.2,,
2022-07-25T00:00,1.4,167,11.35,,
2022-07-25T01:00,1.42,166,11.5,,
2022-07-25T02:00,1.42,166,11.65,,
2022-07-25T03:00,1.4,166,11.65,,
2022-07-25T04:00,1.36,165,11.65,,
2022-07-25T05:00,1.34,165,11.6,,
2022-07-25T06:00,1.32,165,11.6,,
2022-07-25T07:00,1.3,165,11.6,,
2022-07-25T08:00,1.28,165,11.6,,
2022-07-25T09:00,1.26,165,11.6,,
2022-07-25T10:00,1.24,164,11.6,,
2022-07-25T11:00,1.22,164,11.55,,
2022-07-25T12:00,1.2,164,11.5,,
2022-07-25T13:00,1.18,163,11.4,,
2022-07-25T14:00,1.16,163,11.3,,
2022-07-25T15:00,1.16,163,11.15,,
2022-07-25T16:00,1.18,162,10.95,,
2022-07-25T17:00,1.18,162,10.85,,
2022-07-25T18:00,1.18,162,10.85,,
2022-07-25T19:00,1.18,163,10.9,,
2022-07-25T20:00,1.18,163,10.95,,
2022-07-25T21:00,1.18,163,11.05,,
2022-07-25T22:00,1.16,163,11.15,,
2022-07-25T23:00,1.16,163,11.2,,
2022-07-26T00:00,1.16,163,11.2,,
2022-07-26T01:00,1.14,162,11.2,,
2022-07-26T02:00,1.14,162,11.25,,
2022-07-26T03:00,1.14,162,11.35,,
2022-07-26T04:00,1.14,162,11.5,,
2022-07-26T05:00,1.14,162,11.55,,
2022-07-26T06:00,1.1,162,11.45,,
2022-07-26T07:00,1.08,162,11.35,,
2022-07-26T08:00,1.04,162,11.25,,
2022-07-26T09:00,1.04,162,11.3,,
2022-07-26T10:00,1.04,162,11.45,,
2022-07-26T11:00,1.04,162,11.55,,
2022-07-26T12:00,1.04,162,11.55,,
2022-07-26T13:00,1.02,163,11.5,,
2022-07-26T14:00,1.02,163,11.5,,
2022-07-26T15:00,1.02,163,11.55,,
2022-07-26T16:00,1.0,163,11.65,,
2022-07-26T17:00,1.0,163,11.75,,
2022-07-26T18:00,1.0,163,11.8,,
2022-07-26T19:00,1.0,164,11.8,,
2022-07-26T20:00,1.0,164,11.85,,
2022-07-26T21:00,0.98,164,11.9,,
2022-07-26T22:00,0.98,164,11.95,,
2022-07-26T23:00,0.96,164,12.0,,
2022-07-27T00:00,0.96,164,12.05,,
2022-07-27T01:00,0.94,165,12.05,,
2022-07-27T02:00,0.94,165,12.1,,
2022-07-27T03:00,0.94,165,12.15,,
2022-07-27T04:00,0.94,165,12.25,,
2022-07-27T05:00,0.94,165,12.3,,
2022-07-27T06:00,0.94,165,12.3,,
2022-07-27T07:00,0.94,164,12.2,,
2022-07-27T08:00,0.94,164,12.15,,
2022-07-27T09:00,0.92,164,12.05,,
2022-07-27T10:00,0.9,164,12.0,,
2022-07-27T11:00,0.88,164,11.95,,
2022-07-27T12:00,0.88,164,12.0,,
2022-07-27T13:00,0.86,164,12.1,,
2022-07-27T14:00,0.86,164,12.2,,
2022-07-27T15:00,0.86,164,12.25,,
2022-07-27T16:00,0.88,164,12.25,,
2022-07-27T17:00,0.88,164,12.3,,
2022-07-27T18:00,0.88,164,12.35,,
2022-07-27T19:00,0.9,164,12.35,,
2022-07-27T20:00,0.9,164,12.4,,
2022-07-27T21:00,0.9,164,12.45,,
2022-07-27T22:00,0.9,165,12.45,,
2022-07-27T23:00,0.9,165,12.5,,
2022-07-28T00:00,0.92,165,12.55,,
2022-07-28T01:00,0.92,165,12.65,,
2022-07-28T02:00,0.94,165,12.75,,
2022-07-28T03:00,0.96,165,12.9,,
2022-07-28T04:00,0.96,166,13.05,,
2022-07-28T05:00,0.98,166,13.15,,
2022-07-28T06:00,0.98,166,13.05,,
2022-07-28T07:00,0.96,165,12.9,,
2022-07-28T08:00,0.96,165,12.75,,
2022-07-28T09:00,0.96,166,12.7,,
2022-07-28T10:00,0.96,166,12.65,,
2022-07-28T11:00,0.96,167,12.65,,
2022-07-28T12:00,0.96,167,12.6,,
2022-07-28T13:00,0.98,166,12.6,,
2022-07-28T14:00,0.98,166,12.55,,
2022-07-28T15:00,0.98,166,12.55,,
2022-07-28T16:00,0.98,166,12.6,,
2022-07-28T17:00,0.98,166,12.55,,
2022-07-28T18:00,0.96,164,12.3,,
2022-07-28T19:00,0.94,163,12.0,,
2022-07-28T20:00,0.92,161,11.8,,
2022-07-28T21:00,0.94,161,11.9,,
2022-07-28T22:00,0.96,161,12.1,,
2022-07-28T23:00,0.98,161,12.25,,
2022-07-29T00:00,0.96,162,12.3,,
2022-07-29T01:00,0.94,163,12.3,,
2022-07-29T02:00,0.92,164,12.3,,
2022-07-29T03:00,0.9,164,12.3,,
2022-07-29T04:00,0.88,165,12.3,,
2022-07-29T05:00,0.86,165,12.3,,
2022-07-29T06:00,0.86,165,12.3,,
2022-07-29T07:00,0.86,165,12.35,,
2022-07-29T08:00,0.86,165,12.4,,
2022-07-29T09:00,0.86,165,12.5,,
2022-07-29T10:00,0.88,165,12.55,,
2022-07-29T11:00,0.88,165,12.65,,
2022-07-29T12:00,0.88,165,12.7,,
2022-07-29T13:00,0.9,165,12.75,,
2022-07-29T14:00,0.9,165,12.75,,
2022-07-29T15:00,0.9,165,12.75,,
2022-07-29T16:00,0.92,165,12.75,,
2022-07-29T17:00,0.92,165,12.65,,
2022-07-29T18:00,0.94,165,12.4,,
2022-07-29T19:00,0.94,164,12.1,,
2022-07-29T20:00,0.96,164,11.9,,
2022-07-29T21:00,0.96,165,11.85,,
2022-07-29T22:00,0.98,165,11.85,,
2022-07-29T23:00,0.98,166,11.85,,
2022-07-30T00:00,0.98,166,11.85,,
2022-07-30T01:00,0.96,167,11.85,,
2022-07-30T02:00,0.96,167,11.9,,
2022-07-30T03:00,0.96,167,12.0,,
2022-07-30T04:00,0.96,166,12.15,,
2022-07-30T05:00,0.96,166,12.25,,
2022-07-30T06:00,0.96,166,12.3,,
2022-07-30T07:00,0.98,166,12.35,,
2022-07-30T08:00,0.98,166,12.4,,
2022-07-30T09:00,0.98,166,12.4,,
2022-07-30T10:00,0.96,166,12.4,,
2022-07-30T11:00,0.96,166,12.4,,
2022-07-30T12:00,0.96,166,12.4,,
2022-07-30T13:00,0.98,167,12.45,,
2022-07-30T14:00,0.98,167,12.35,,
2022-07-30T15:00,1.0,167,12.05,,
2022-07-30T16:00,1.02,168,11.7,,
2022-07-30T17:00,1.04,168,11.35,,
2022-07-30T18:00,1.06,169,11.2,,
2022-07-30T19:00,1.06,170,11.1,,
2022-07-30T20:00,1.08,171,10.85,,
2022-07-30T21:00,0.98,171,10.3,,
2022-07-30T22:00,0.88,170,9.6,,
2022-07-30T23:00,0.78,170,9.25,,
2022-07-31T00:00,0.84,169,9.65,,
2022-07-31T01:00,0.92,169,10.4,,
2022-07-31T02:00,0.98,168,10.9,,
2022-07-31T03:00,0.96,168,10.85,,
2022-07-31T04:00,0.92,168,10.6,,
2022-07-31T05:00,0.9,168,10.5,,
2022-07-31T06:00,0.92,168,10.7,,
2022-07-31T07:00,0.96,167,11.1,,
2022-07-31T08:00,0.98,167,11.35,,
2022-07-31T09:00,0.98,167,11.45,,
2022-07-31T10:00,0.98,168,11.45,,
2022-07-31T11:00,0.98,168,11.45,,
2022-07-31T12:00,0.98,168,11.5,,
2022-07-31T13:00,0.96,168,11.55,,
2022-07-31T14:00,0.96,168,11.45,,
2022-07-31T15:00,1.0,169,11.1,,
2022-07-31T16:00,1.04,170,10.65,,
2022-07-31T17:00,1.08,171,10.25,,
2022-07-31T18:00,1.12,172,9.95,,
2022-07-31T19:00,1.16,174,9.7,,
2022-07-31T20:00,1.2,175,9.55,,
2022-07-31T21:00,1.22,175,9.55,,
2022-07-31T22:00,1.24,174,9.7,,
2022-07-31T23:00,1.26,174,9.8,,
2022-08-01T00:00,1.26,174,9.8,,
2022-08-01T01:00,1.24,173,9.8,,
2022-08-01T02:00,1.24,173,9.75,,
2022-08-01T03:00,1.24,173,9.75,,
2022-08-01T04:00,1.22,174,9.7,,
2022-08-01T05:00,1.22,174,9.7,,
2022-08-01T06:00,1.22,174,9.7,,
2022-08-01T07:00,1.24,174,9.7,,
2022-08-01T08:00,1.24,174,9.65,,
2022-08-01T09:00,1.28,175,9.55,,
2022-08-01T10:00,1.3,177,9.4,,
2022-08-01T11:00,1.34,178,9.25,,
2022-08-01T12:00,1.36,179,9.15,,
2022-08-01T13:00,1.4,181,9.1,,
2022-08-01T14:00,1.42,182,9.1,,
2022-08-01T15:00,1.4,182,9.3,,
2022-08-01T16:00,1.38,181,9.55,,
2022-08-01T17:00,1.36,181,9.8,,
2022-08-01T18:00,1.34,181,10.0,,
2022-08-01T19:00,1.3,180,10.2,,
2022-08-01T20:00,1.28,180,10.35,,
2022-08-01T21:00,1.28,180,10.5,,
2022-08-01T22:00,1.28,179,10.6,,
2022-08-01T23:00,1.28,179,10.65,,
2022-08-02T00:00,1.3,179,10.65,,
2022-08-02T01:00,1.32,180,10.6,,
2022-08-02T02:00,1.34,180,10.55,,
2022-08-02T03:00,1.34,180,10.55,,
2022-08-02T04:00,1.36,179,10.6,,
2022-08-02T05:00,1.36,179,10.6,,
2022-08-02T06:00,1.34,179,10.6,,
2022-08-02T07:00,1.34,178,10.65,,
2022-08-02T08:00,1.32,178,10.65,,
2022-08-02T09:00,1.34,179,10.65,,
2022-08-02T10:00,1.36,181,10.6,,
2022-08-02T11:00,1.38,182,10.55,,
2022-08-02T12:00,1.4,183,10.45,,
2022-08-02T13:00,1.4,183,10.35,,
2022-08-02T14:00,1.42,184,10.1,,
2022-08-02T15:00,1.34,184,9.6,,
2022-08-02T16:00,1.24,185,9.05,,
2022-08-02T17:00,1.16,185,8.65,,
2022-08-02T18:00,1.22,185,8.65,,
2022-08-02T19:00,1.3,185,8.9,,
2022-08-02T20:00,1.36,185,9.15,,
2022-08-02T21:00,1.4,184,9.35,,
2022-08-02T22:00,1.42,184,9.5,,
2022-08-02T23:00,1.46,183,9.65,,
2022-08-03T00:00,1.44,182,9.75,,
2022-08-03T01:00,1.44,181,9.75,,
2022-08-03T02:00,1.42,180,9.8,,
2022-08-03T03:00,1.44,180,9.95,,
2022-08-03T04:00,1.44,180,10.05,,
2022-08-03T05:00,1.46,180,9.95,,
2022-08-03T06:00,1.28,180,9.2,,
2022-08-03T07:00,1.12,180,8.25,,
2022-08-03T08:00,0.94,180,7.75,,
2022-08-03T09:00,1.08,179,8.25,,
2022-08-03T10:00,1.24,178,9.3,,
2022-08-03T11:00,1.38,177,10.05,,
2022-08-03T12:00,1.42,178,10.25,,
2022-08-03T13:00,1.44,180,10.25,,
2022-08-03T14:00,1.48,181,10.15,,
2022-08-03T15:00,1.52,182,10.1,,
2022-08-03T16:00,1.56,182,9.95,,
2022-08-03T17:00,1.6,183,9.85,,
2022-08-03T18:00,1.64,183,9.7,,
2022-08-03T19:00,1.66,183,9.6,,
2022-08-03T20:00,1.7,183,9.5,,
2022-08-03T21:00,1.72,183,9.5,,
2022-08-03T22:00,1.76,182,9.5,,
2022-08-03T23:00,1.78,182,9.55,,
2022-08-04T00:00,1.78,182,9.55,,
2022-08-04T01:00,1.8,183,9.6,,
2022-08-04T02:00,1.8,183,9.6,,
2022-08-04T03:00,1.8,183,9.6,,
2022-08-04T04:00,1.78,183,9.55,,
2022-08-04T05:00,1.78,183,9.55,,
2022-08-04T06:00,1.76,183,9.6,,
2022-08-04T07:00,1.72,183,9.65,,
2022-08-04T08:00,1.7,183,9.5,,
2022-08-04T09:00,1.52,182,8.95,,
2022-08-04T10:00,1.34,182,8.25,,
2022-08-04T11:00,1.16,181,7.85,,
2022-08-04T12:00,1.3,181,8.1,,
2022-08-04T13:00,1.44,181,8.7,,
2022-08-04T14:00,1.58,181,9.2,,
2022-08-04T15:00,1.62,181,9.4,,
2022-08-04T16:00,1.66,182,9.45,,
2022-08-04T17:00,1.7,182,9.55,,
2022-08-04T18:00,1.7,182,9.65,,
2022-08-04T19:00,1.72,182,9.75,,
2022-08-04T20:00,1.72,182,9.85,,
2022-08-04T21:00,1.7,181,9.9,,
2022-08-04T22:00,1.7,181,9.95,,
2022-08-04T23:00,1.68,180,9.9,,
2022-08-05T00:00,1.54,180,9.55,,
2022-08-05T01:00,1.38,179,9.15,,
2022-08-05T02:00,1.24,179,8.95,,
2022-08-05T03:00,1.32,179,9.3,,
2022-08-05T04:00,1.38,178,9.9,,
2022-08-05T05:00,1.46,178,10.35,,
2022-08-05T06:00,1.44,178,10.5,,
2022-08-05T07:00,1.42,178,10.45,,
2022-08-05T08:00,1.4,178,10.45,,
2022-08-05T09:00,1.42,178,10.5,,
2022-08-05T10:00,1.42,178,10.6,,
2022-08-05T11:00,1.44,178,10.65,,
2022-08-05T12:00,1.46,178,10.7,,
2022-08-05T13:00,1.5,177,10.7,,
2022-08-05T14:00,1.52,177,10.7,,
2022-08-05T15:00,1.52,177,10.7,,
2022-08-05T16:00,1.52,176,10.75,,
2022-08-05T17:00,1.52,176,10.75,,
2022-08-05T18:00,1.52,176,10.75,,
2022-08-05T19:00,1.5,176,10.8,,
2022-08-05T20:00,1.5,176,10.8,,
2022-08-05T21:00,1.48,176,10.85,,
2022-08-05T22:00,1.48,175,10.9,,
2022-08-05T23:00,1.46,175,10.9,,
2022-08-06T00:00,1.44,175,10.9,,
2022-08-06T01:00,1.44,174,10.85,,
2022-08-06T02:00,1.42,174,10.8,,
2022-08-06T03:00,1.4,174,10.75,,
2022-08-06T04:00,1.4,175,10.65,,
2022-08-06T05:00,1.38,175,10.55,,
2022-08-06T06:00,1.38,175,10.45,,
2022-08-06T07:00,1.38,175,10.3,,
2022-08-06T08:00,1.38,175,10.2,,
2022-08-06T09:00,1.38,175,10.05,,
2022-08-06T10:00,1.4,176,9.9,,
2022-08-06T11:00,1.4,176,9.8,,
2022-08-06T12:00,1.4,176,9.75,,
2022-08-06T13:00,1.4,176,9.8,,
2022-08-06T14:00,1.4,176,9.8,,
2022-08-06T15:00,1.38,176,9.85,,
2022-08-06T16:00,1.38,176,9.85,,
2022-08-06T17:00,1.36,176,9.9,,
2022-08-06T18:00,1.36,176,9.9,,
2022-08-06T19:00,1.34,176,9.9,,
2022-08-06T20:00,1.34,176,9.85,,
2022-08-06T21:00,1.28,176,9.65,,
2022-08-06T22:00,1.24,175,9.35,,
2022-08-06T23:00,1.18,175,9.15,,
2022-08-07T00:00,1.2,176,9.1,,
2022-08-07T01:00,1.22,176,9.1,,
2022-08-07T02:00,1.24,177,9.1,,
2022-08-07T03:00,1.26,177,9.05,,
2022-08-07T04:00,1.3,178,9.05,,
2022-08-07T05:00,1.32,178,9.0,,
2022-08-07T06:00,1.32,179,9.0,,
2022-08-07T07:00,1.34,179,9.0,,
2022-08-07T08:00,1.34,180,9.0,,
2022-08-07T09:00,1.34,181,9.0,,
2022-08-07T10:00,1.34,181,9.0,,
2022-08-07T11:00,1.34,182,8.95,,
2022-08-07T12:00,1.34,182,8.9,,
2022-08-07T13:00,1.32,183,8.85,,
2022-08-07T14:00,1.32,183,8.8,,
2022-08-07T15:00,1.32,184,8.7,,
2022-08-07T16:00,1.3,184,8.6,,
2022-08-07T17:00,1.3,185,8.5,,
2022-08-07T18:00,1.3,185,8.45,,
2022-08-07T19:00,1.3,184,8.35,,
2022-08-07T20:00,1.3,184,8.3,,
2022-08-07T21:00,1.3,184,8.2,,
2022-08-07T22:00,1.3,183,8.1,,
2022-08-07T23:00,1.3,183,8.0,,
2022-08-08T00:00,1.3,183,7.95,,
2022-08-08T01:00,1.3,184,7.9,,
2022-08-08T02:00,1.3,184,7.8,,
2022-08-08T03:00,1.26,184,7.65,,
2022-08-08T04:00,1.2,184,7.5,,
2022-08-08T05:00,1.16,184,7.4,,
2022-08-08T06:00,1.16,185,7.35,,
2022-08-08T07:00,1.18,185,7.35,,
2022-08-08T08:00,1.18,186,7.4,,
2022-08-08T09:00,1.22,187,7.5,,
2022-08-08T10:00,1.26,187,7.7,,
2022-08-08T11:00,1.3,188,7.8,,
2022-08-08T12:00,1.28,188,7.8,,
2022-08-08T13:00,1.28,189,7.8,,
2022-08-08T14:00,1.26,189,7.75,,
2022-08-08T15:00,1.26,189,7.75,,
2022-08-08T16:00,1.24,190,7.8,,
2022-08-08T17:00,1.24,190,7.8,,
2022-08-08T18:00,1.24,189,7.85,,
2022-08-08T19:00,1.24,189,7.85,,
2022-08-08T20:00,1.24,188,7.9,,
2022-08-08T21:00,1.22,187,7.95,,
2022-08-08T22:00,1.22,185,8.05,,
2022-08-08T23:00,1.2,184,8.1,,
2022-08-09T00:00,1.2,183,8.15,,
2022-08-09T01:00,1.18,183,8.2,,
2022-08-09T02:00,1.18,182,8.25,,
2022-08-09T03:00,1.18,182,8.3,,
2022-08-09T04:00,1.2,182,8.3,,
2022-08-09T05:00,1.2,182,8.3,,
2022-08-09T06:00,1.22,183,8.3,,
2022-08-09T07:00,1.24,184,8.25,,
2022-08-09T08:00,1.26,185,8.2,,
2022-08-09T09:00,1.28,186,8.15,,
2022-08-09T10:00,1.28,188,8.1,,
2022-08-09T11:00,1.3,189,8.1,,
2022-08-09T12:00,1.3,189,8.15,,
2022-08-09T13:00,1.3,190,8.25,,
2022-08-09T14:00,1.3,190,8.35,,
2022-08-09T15:00,1.3,189,8.5,,
2022-08-09T16:00,1.28,189,8.6,,
2022-08-09T17:00,1.28,188,8.75,,
2022-08-09T18:00,1.28,186,8.85,,
2022-08-09T19:00,1.28,185,8.95,,
2022-08-09T20:00,1.28,183,9.05,,
2022-08-09T21:00,1.28,181,9.2,,
2022-08-09T22:00,1.3,180,9.4,,
2022-08-09T23:00,1.3,178,9.5,,
2022-08-10T00:00,1.26,177,9.45,,
2022-08-10T01:00,1.22,177,9.3,,
2022-08-10T02:00,1.18,176,9.2,,
2022-08-10T03:00,1.22,176,9.2,,
2022-08-10T04:00,1.24,176,9.25,,
2022-08-10T05:00,1.28,176,9.3,,
2022-08-10T06:00,1.28,175,9.35,,
2022-08-10T07:00,1.26,173,9.45,,
2022-08-10T08:00,1.26,172,9.55,,
2022-08-10T09:00,1.26,172,9.65,,
2022-08-10T10:00,1.24,171,9.8,,
2022-08-10T11:00,1.24,171,9.9,,
2022-08-10T12:00,1.26,172,9.95,,
2022-08-10T13:00,1.26,173,9.9,,
2022-08-10T14:00,1.28,174,9.85,,
2022-08-10T15:00,1.28,177,9.75,,
2022-08-10T16:00,1.28,179,9.6,,
2022-08-10T17:00,1.28,182,9.45,,
2022-08-10T18:00,1.26,184,9.2,,
2022-08-10T19:00,1.22,187,8.95,,
2022-08-10T20:00,1.2,189,8.8,,
2022-08-10T21:00,1.24,191,8.8,,
2022-08-10T22:00,1.26,194,8.9,,
2022-08-10T23:00,1.3,196,9.05,,
2022-08-11T00:00,1.32,193,9.2,,
2022-08-11T01:00,1.32,191,9.45,,
2022-08-11T02:00,1.34,188,9.65,,
2022-08-11T03:00,1.36,186,9.85,,
2022-08-11T04:00,1.36,183,10.05,,
2022-08-11T05:00,1.38,181,10.25,,
2022-08-11T06:00,1.38,180,10.4,,
2022-08-11T07:00,1.38,178,10.55,,
2022-08-11T08:00,1.38,177,10.65,,
2022-08-11T09:00,1.36,176,10.7,,
2022-08-11T10:00,1.36,176,10.7,,
2022-08-11T11:00,1.34,175,10.65,,
2022-08-11T12:00,1.34,177,10.45,,
2022-08-11T13:00,1.34,178,10.2,,
2022-08-11T14:00,1.34,180,9.95,,
2022-08-11T15:00,1.34,182,9.65,,
2022-08-11T16:00,1.36,185,9.35,,
2022-08-11T17:00,1.36,187,9.1,,
2022-08-11T18:00,1.34,187,9.0,,
2022-08-11T19:00,1.34,186,8.95,,
2022-08-11T20:00,1.32,186,8.95,,
2022-08-11T21:00,1.3,184,9.0,,
2022-08-11T22:00,1.26,183,9.1,,
2022-08-11T23:00,1.24,181,9.2,,
2022-08-12T00:00,1.2,179,9.3,,
2022-08-12T01:00,1.18,177,9.4,,
2022-08-12T02:00,1.14,175,9.5,,
2022-08-12T03:00,1.12,174,9.6,,
2022-08-12T04:00,1.1,172,9.75,,
2022-08-12T05:00,1.08,171,9.85,,
2022-08-12T06:00,1.06,170,9.95,,
2022-08-12T07:00,1.06,170,10.0,,
2022-08-12T08:00,1.04,169,10.05,,
2022-08-12T09:00,1.04,169,10.1,,
2022-08-12T10:00,1.04,168,10.1,,
2022-08-12T11:00,1.04,168,10.1,,
2022-08-12T12:00,1.08,170,10.05,,
2022-08-12T13:00,1.12,171,9.95,,
2022-08-12T14:00,1.16,173,9.75,,
2022-08-12T15:00,1.2,176,9.45,,
2022-08-12T16:00,1.22,180,9.1,,
2022-08-12T17:00,1.26,183,8.8,,
2022-08-12T18:00,1.24,183,8.65,,
2022-08-12T19:00,1.24,184,8.5,,
2022-08-12T20:00,1.22,184,8.5,,
2022-08-12T21:00,1.2,181,8.6,,
2022-08-12T22:00,1.16,179,8.75,,
2022-08-12T23:00,1.14,176,8.9,,
2022-08-13T00:00,1.1,175,9.0,,
2022-08-13T01:00,1.08,174,9.05,,
2022-08-13T02:00,1.04,173,9.15,,
2022-08-13T03:00,1.04,173,9.2,,
2022-08-13T04:00,1.02,172,9.3,,
2022-08-13T05:00,1.02,172,9.4,,
2022-08-13T06:00,1.0,170,9.65,,
2022-08-13T07:00,1.0,168,9.95,,
2022-08-13T08:00,0.98,166,10.2,,
2022-08-13T09:00,0.98,165,10.4,,
2022-08-13T10:00,1.0,165,10.6,,
2022-08-13T11:00,1.0,164,10.7,,
2022-08-13T12:00,1.02,164,10.65,,
2022-08-13T13:00,1.02,165,10.55,,
2022-08-13T14:00,1.04,165,10.4,,
2022-08-13T15:00,1.06,166,10.25,,
2022-08-13T16:00,1.06,166,10.1,,
2022-08-13T17:00,1.08,167,9.95,,
2022-08-13T18:00,1.08,168,9.75,,
2022-08-13T19:00,1.1,169,9.5,,
2022-08-13T20:00,1.1,170,9.3,,
2022-08-13T21:00,1.08,171,9.2,,
2022-08-13T22:00,1.06,172,9.1,,
2022-08-13T23:00,1.04,173,9.1,,
2022-08-14T00:00,1.02,173,9.15,,
2022-08-14T01:00,1.0,174,9.2,,
2022-08-14T02:00,0.98,174,9.35,,
2022-08-14T03:00,0.96,172,9.5,,
2022-08-14T04:00,0.94,171,9.75,,
2022-08-14T05:00,0.92,169,9.95,,
2022-08-14T06:00,0.9,168,10.15,,
2022-08-14T07:00,0.88,167,10.35,,
2022-08-14T08:00,0.86,166,10.55,,
2022-08-14T09:00,0.86,166,10.7,,
2022-08-14T10:00,0.84,165,10.85,,
2022-08-14T11:00,0.84,165,10.95,,
2022-08-14T12:00,0.82,165,11.0,,
2022-08-14T13:00,0.82,165,10.95,,
2022-08-14T14:00,0.8,165,10.9,,
2022-08-14T15:00,0.82,165,10.75,,
2022-08-14T16:00,0.86,166,10.5,,
2022-08-14T17:00,0.88,166,10.4,,
2022-08-14T18:00,0.88,167,10.45,,
2022-08-14T19:00,0.9,167,10.55,,
2022-08-14T20:00,0.9,168,10.7,,
2022-08-14T21:00,0.9,168,10.9,,
2022-08-14T22:00,0.92,169,11.15,,
2022-08-14T23:00,0.92,169,11.4,,
2022-08-15T00:00,0.92,169,11.6,,
2022-08-15T01:00,0.94,169,11.75,,
2022-08-15T02:00,0.94,169,11.9,,
2022-08-15T03:00,0.96,169,12.1,,
2022-08-15T04:00,0.96,170,12.3,,
2022-08-15T05:00,0.98,170,12.5,,
2022-08-15T06:00,1.0,170,12.65,,
2022-08-15T07:00,1.02,170,12.8,,
2022-08-15T08:00,1.04,170,12.9,,
2022-08-15T09:00,1.06,170,13.05,,
2022-08-15T10:00,1.08,171,13.15,,
2022-08-15T11:00,1.1,171,13.2,,
2022-08-15T12:00,1.1,171,13.1,,
2022-08-15T13:00,1.12,171,12.9,,
2022-08-15T14:00,1.12,171,12.7,,
2022-08-15T15:00,1.14,170,12.6,,
2022-08-15T16:00,1.16,169,12.5,,
2022-08-15T17:00,1.18,168,12.4,,
2022-08-15T18:00,1.18,168,12.25,,
2022-08-15T19:00,1.18,169,12.1,,
2022-08-15T20:00,1.18,169,12.05,,
2022-08-15T21:00,1.2,169,12.15,,
2022-08-15T22:00,1.24,170,12.35,,
2022-08-15T23:00,1.26,170,12.5,,
2022-08-16T00:00,1.28,171,12.55,,
2022-08-16T01:00,1.3,171,12.6,,
2022-08-16T02:00,1.32,172,12.6,,
2022-08-16T03:00,1.32,172,12.6,,
2022-08-16T04:00,1.34,172,12.55,,
2022-08-16T05:00,1.34,172,12.55,,
2022-08-16T06:00,1.34,172,12.55,,
2022-08-16T07:00,1.36,171,12.55,,
2022-08-16T08:00,1.36,171,12.5,,
2022-08-16T09:00,1.36,170,12.4,,
2022-08-16T10:00,1.36,169,12.25,,
2022-08-16T11:00,1.36,168,12.1,,
2022-08-16T12:00,1.36,167,11.9,,
2022-08-16T13:00,1.36,165,11.7,,
2022-08-16T14:00,1.36,164,11.5,,
2022-08-16T15:00,1.36,164,11.35,,
2022-08-16T16:00,1.36,164,11.2,,
2022-08-16T17:00,1.36,164,11.1,,
2022-08-16T18:00,1.38,164,11.0,,
2022-08-16T19:00,1.4,163,10.9,,
2022-08-16T20:00,1.42,163,10.75,,
2022-08-16T21:00,1.42,164,10.5,,
2022-08-16T22:00,1.4,165,10.2,,
2022-08-16T23:00,1.4,166,9.9,,
2022-08-17T00:00,1.4,167,9.6,,
2022-08-17T01:00,1.42,168,9.35,,
2022-08-17T02:00,1.42,169,9.15,,
2022-08-17T03:00,1.44,170,9.1,,
2022-08-17T04:00,1.44,170,9.15,,
2022-08-17T05:00,1.46,171,9.2,,
2022-08-17T06:00,1.44,171,9.25,,
2022-08-17T07:00,1.44,172,9.3,,
2022-08-17T08:00,1.42,172,9.4,,
2022-08-17T09:00,1.38,172,9.5,,
2022-08-17T10:00,1.36,171,9.6,,
2022-08-17T11:00,1.32,171,9.7,,
2022-08-17T12:00,1.3,171,9.75,,
2022-08-17T13:00,1.3,170,9.75,,
2022-08-17T14:00,1.28,170,9.65,,
2022-08-17T15:00,1.3,171,9.45,,
2022-08-17T16:00,1.34,171,9.15,,
2022-08-17T17:00,1.36,172,8.9,,
2022-08-17T18:00,1.38,173,8.8,,
2022-08-17T19:00,1.42,174,8.75,,
2022-08-17T20:00,1.44,175,8.75,,
2022-08-17T21:00,1.44,175,8.85,,
2022-08-17T22:00,1.44,174,8.95,,
2022-08-17T23:00,1.44,174,9.1,,
2022-08-18T00:00,1.44,174,9.2,,
2022-08-18T01:00,1.42,173,9.35,,
2022-08-18T02:00,1.42,173,9.5,,
2022-08-18T03:00,1.4,172,9.7,,
2022-08-18T04:00,1.38,172,9.85,,
2022-08-18T05:00,1.36,171,10.05,,
2022-08-18T06:00,1.34,171,10.25,,
2022-08-18T07:00,1.34,171,10.4,,
2022-08-18T08:00,1.32,171,10.45,,
2022-08-18T09:00,1.26,171,10.3,,
2022-08-18T10:00,1.18,170,10.0,,
2022-08-18T11:00,1.12,170,9.9,,
2022-08-18T12:00,1.16,170,10.1,,
2022-08-18T13:00,1.22,171,10.4,,
2022-08-18T14:00,1.26,171,10.7,,
2022-08-18T15:00,1.28,171,10.85,,
2022-08-18T16:00,1.32,172,10.9,,
2022-08-18T17:00,1.34,172,11.0,,
2022-08-18T18:00,1.38,172,11.1,,
2022-08-18T19:00,1.42,172,11.25,,
2022-08-18T20:00,1.46,172,11.35,,
2022-08-18T21:00,1.48,172,11.4,,
2022-08-18T22:00,1.52,172,11.45,,
2022-08-18T23:00,1.54,172,11.45,,
2022-08-19T00:00,1.54,172,11.45,,
2022-08-19T01:00,1.56,173,11.4,,
2022-08-19T02:00,1.56,173,11.35,,
2022-08-19T03:00,1.56,173,11.35,,
2022-08-19T04:00,1.56,173,11.3,,
2022-08-19T05:00,1.56,173,11.3,,
2022-08-19T06:00,1.56,173,11.3,,
2022-08-19T07:00,1.54,173,11.3,,
2022-08-19T08:00,1.54,173,11.3,,
2022-08-19T09:00,1.54,173,11.35,,
2022-08-19T10:00,1.52,172,11.35,,
2022-08-19T11:00,1.52,172,11.4,,
2022-08-19T12:00,1.52,172,11.45,,
2022-08-19T13:00,1.54,171,11.45,,
2022-08-19T14:00,1.54,171,11.5,,
2022-08-19T15:00,1.54,171,11.5,,
2022-08-19T16:00,1.54,171,11.5,,
2022-08-19T17:00,1.54,171,11.5,,
2022-08-19T18:00,1.52,171,11.5,,
2022-08-19T19:00,1.52,171,11.45,,
2022-08-19T20:00,1.5,171,11.4,,
2022-08-19T21:00,1.48,171,11.35,,
2022-08-19T22:00,1.44,171,11.25,,
2022-08-19T23:00,1.42,171,11.25,,
2022-08-20T00:00,1.44,171,11.35,,
2022-08-20T01:00,1.44,171,11.5,,
2022-08-20T02:00,1.46,171,11.65,,
2022-08-20T03:00,1.46,171,11.7,,
2022-08-20T04:00,1.44,170,11.75,,
2022-08-20T05:00,1.44,170,11.75,,
2022-08-20T06:00,1.44,169,11.75,,
2022-08-20T07:00,1.44,169,11.8,,
2022-08-20T08:00,1.44,168,11.8,,
2022-08-20T09:00,1.44,168,11.85,,
2022-08-20T10:00,1.46,167,11.9,,
2022-08-20T11:00,1.46,167,11.9,,
2022-08-20T12:00,1.46,167,11.9,,
2022-08-20T13:00,1.44,166,11.85,,
2022-08-20T14:00,1.44,166,11.85,,
2022-08-20T15:00,1.44,166,11.85,,
2022-08-20T16:00,1.44,165,11.85,,
2022-08-20T17:00,1.44,165,11.8,,
2022-08-20T18:00,1.42,165,11.75,,
2022-08-20T19:00,1.42,165,11.65,,
2022-08-20T20:00,1.4,165,11.6,,
2022-08-20T21:00,1.4,165,11.55,,
2022-08-20T22:00,1.4,165,11.55,,
2022-08-20T23:00,1.4,165,11.55,,
2022-08-21T00:00,1.4,165,11.5,,
2022-08-21T01:00,1.4,166,11.45,,
2022-08-21T02:00,1.4,166,11.45,,
2022-08-21T03:00,1.42,166,11.5,,
2022-08-21T04:00,1.44,165,11.6,,
2022-08-21T05:00,1.46,165,11.65,,
2022-08-21T06:00,1.44,165,11.55,,
2022-08-21T07:00,1.4,165,11.35,,
2022-08-21T08:00,1.38,165,11.2,,
2022-08-21T09:00,1.36,165,11.05,,
2022-08-21T10:00,1.34,165,10.95,,
2022-08-21T11:00,1.32,165,10.85,,
2022-08-21T12:00,1.34,165,10.8,,
2022-08-21T13:00,1.34,166,10.7,,
2022-08-21T14:00,1.36,166,10.65,,
2022-08-21T15:00,1.38,166,10.55,,
2022-08-21T16:00,1.38,167,10.45,,
2022-08-21T17:00,1.4,167,10.3,,
2022-08-21T18:00,1.42,168,10.15,,
2022-08-21T19:00,1.44,168,10.05,,
2022-08-21T20:00,1.46,169,9.9,,
2022-08-21T21:00,1.46,170,9.75,,
2022-08-21T22:00,1.44,170,9.6,,
2022-08-21T23:00,1.44,171,9.45,,
2022-08-22T00:00,1.42,172,9.25,,
2022-08-22T01:00,1.38,173,9.0,,
2022-08-22T02:00,1.36,174,8.85,,
2022-08-22T03:00,1.38,175,8.75,,
2022-08-22T04:00,1.4,175,8.7,,
2022-08-22T05:00,1.42,176,8.7,,
2022-08-22T06:00,1.4,176,8.75,,
2022-08-22T07:00,1.4,175,8.9,,
2022-08-22T08:00,1.38,175,9.05,,
2022-08-22T09:00,1.38,174,9.25,,
2022-08-22T10:00,1.38,174,9.45,,
2022-08-22T11:00,1.38,173,9.6,,
2022-08-22T12:00,1.36,173,9.7,,
2022-08-22T13:00,1.36,172,9.7,,
2022-08-22T14:00,1.34,172,9.7,,
2022-08-22T15:00,1.34,173,9.65,,
2022-08-22T16:00,1.32,175,9.6,,
2022-08-22T17:00,1.32,176,9.55,,
2022-08-22T18:00,1.3,175,9.55,,
2022-08-22T19:00,1.3,174,9.65,,
2022-08-22T20:00,1.28,173,9.7,,
2022-08-22T21:00,1.26,172,9.8,,
2022-08-22T22:00,1.26,171,9.9,,
2022-08-22T23:00,1.24,170,9.95,,
2022-08-23T00:00,1.22,170,9.95,,
2022-08-23T01:00,1.18,170,9.95,,
2022-08-23T02:00,1.16,170,9.95,,
2022-08-23T03:00,1.16,170,9.95,,
2022-08-23T04:00,1.18,170,10.0,,
2022-08-23T05:00,1.18,170,9.9,,
2022-08-23T06:00,1.14,170,9.65,,
2022-08-23T07:00,1.08,171,9.25,,
2022-08-23T08:00,1.04,171,8.95,,
2022-08-23T09:00,1.08,172,8.75,,
2022-08-23T10:00,1.1,173,8.6,,
2022-08-23T11:00,1.14,174,8.5,,
2022-08-23T12:00,1.16,176,8.35,,
2022-08-23T13:00,1.2,179,8.25,,
2022-08-23T14:00,1.22,181,8.15,,
2022-08-23T15:00,1.22,183,8.1,,
2022-08-23T16:00,1.24,184,8.05,,
2022-08-23T17:00,1.24,186,7.95,,
2022-08-23T18:00,1.2,188,7.75,,
2022-08-23T19:00,1.18,189,7.45,,
2022-08-23T20:00,1.14,191,7.35,,
2022-08-23T21:00,1.18,190,7.55,,
2022-08-23T22:00,1.2,189,7.9,,
2022-08-23T23:00,1.24,188,8.2,,
2022-08-24T00:00,1.2,188,8.25,,
2022-08-24T01:00,1.14,188,8.25,,
2022-08-24T02:00,1.1,188,8.25,,
2022-08-24T03:00,1.06,186,8.4,,
2022-08-24T04:00,1.0,184,8.6,,
2022-08-24T05:00,0.96,182,8.75,,
2022-08-24T06:00,0.94,181,8.85,,
2022-08-24T07:00,0.94,181,8.95,,
2022-08-24T08:00,0.92,180,9.1,,
2022-08-24T09:00,0.92,179,9.3,,
2022-08-24T10:00,0.94,179,9.5,,
2022-08-24T11:00,0.94,178,9.7,,
2022-08-24T12:00,0.94,177,9.85,,
2022-08-24T13:00,0.96,177,10.05,,
2022-08-24T14:00,0.96,176,10.15,,
2022-08-24T15:00,0.96,175,10.25,,
2022-08-24T16:00,0.98,175,10.3,,
2022-08-24T17:00,0.98,174,10.3,,
2022-08-24T18:00,0.98,175,10.2,,
2022-08-24T19:00,1.0,175,10.05,,
2022-08-24T20:00,1.0,176,9.85,,
2022-08-24T21:00,0.92,176,9.45,,
2022-08-24T22:00,0.86,175,8.95,,
2022-08-24T23:00,0.78,175,8.7,,
2022-08-25T00:00,0.82,175,8.9,,
2022-08-25T01:00,0.86,174,9.3,,
2022-08-25T02:00,0.9,174,9.7,,
2022-08-25T03:00,0.9,173,9.9,,
2022-08-25T04:00,0.9,173,10.05,,
2022-08-25T05:00,0.9,172,10.2,,
2022-08-25T06:00,0.92,172,10.35,,
2022-08-25T07:00,0.92,171,10.45,,
2022-08-25T08:00,0.94,171,10.55,,
2022-08-25T09:00,0.94,171,10.55,,
2022-08-25T10:00,0.94,171,10.55,,
2022-08-25T11:00,0.94,171,10.5,,
2022-08-25T12:00,0.94,171,10.45,,
2022-08-25T13:00,0.94,171,10.4,,
2022-08-25T14:00,0.94,171,10.35,,
2022-08-25T15:00,0.94,171,10.3,,
2022-08-25T16:00,0.92,172,10.2,,
2022-08-25T17:00,0.92,172,10.1,,
2022-08-25T18:00,0.92,172,10.0,,
2022-08-25T19:00,0.9,173,9.9,,
2022-08-25T20:00,0.9,173,9.8,,
2022-08-25T21:00,0.9,173,9.7,,
2022-08-25T22:00,0.88,173,9.6,,
2022-08-25T23:00,0.88,173,9.55,,
2022-08-26T00:00,0.86,172,9.5,,
2022-08-26T01:00,0.82,172,9.5,,
2022-08-26T02:00,0.8,171,9.55,,
2022-08-26T03:00,0.78,171,9.7,,
2022-08-26T04:00,0.78,170,9.9,,
2022-08-26T05:00,0.76,170,10.05,,
2022-08-26T06:00,0.74,170,10.15,,
2022-08-26T07:00,0.74,169,10.25,,
2022-08-26T08:00,0.72,169,10.3,,
2022-08-26T09:00,0.72,169,10.35,,
2022-08-26T10:00,0.72,168,10.4,,
2022-08-26T11:00,0.72,168,10.4,,
2022-08-26T12:00,0.72,168,10.45,,
2022-08-26T13:00,0.7,168,10.45,,
2022-08-26T14:00,0.7,168,10.45,,
2022-08-26T15:00,0.7,168,10.4,,
2022-08-26T16:00,0.7,167,10.35,,
2022-08-26T17:00,0.7,167,10.25,,
2022-08-26T18:00,0.72,168,10.05,,
2022-08-26T19:00,0.72,170,9.75,,
2022-08-26T20:00,0.74,171,9.45,,
2022-08-26T21:00,0.76,173,9.15,,
2022-08-26T22:00,0.8,174,8.8,,
2022-08-26T23:00,0.82,176,8.5,,
2022-08-27T00:00,0.84,177,8.25,,
2022-08-27T01:00,0.86,179,8.0,,
2022-08-27T02:00,0.88,180,7.85,,
2022-08-27T03:00,0.88,179,7.85,,
2022-08-27T04:00,0.88,179,7.9,,
2022-08-27T05:00,0.88,178,8.0,,
2022-08-27T06:00,0.88,177,8.05,,
2022-08-27T07:00,0.86,177,8.05,,
2022-08-27T08:00,0.86,176,8.1,,
2022-08-27T09:00,0.86,176,8.15,,
2022-08-27T10:00,0.86,176,8.15,,
2022-08-27T11:00,0.86,176,8.15,,
2022-08-27T12:00,0.86,176,8.1,,
2022-08-27T13:00,0.86,176,8.0,,
2022-08-27T14:00,0.86,176,7.95,,
2022-08-27T15:00,0.86,176,7.95,,
2022-08-27T16:00,0.88,177,7.95,,
2022-08-27T17:00,0.88,177,7.95,,
2022-08-27T18:00,0.88,178,7.9,,
2022-08-27T19:00,0.9,178,7.8,,
2022-08-27T20:00,0.9,179,7.75,,
2022-08-27T21:00,0.9,181,7.65,,
2022-08-27T22:00,0.9,184,7.6,,
2022-08-27T23:00,0.9,186,7.6,,
2022-08-28T00:00,0.88,185,7.7,,
2022-08-28T01:00,0.84,184,7.95,,
2022-08-28T02:00,0.82,183,8.15,,
2022-08-28T03:00,0.8,181,8.4,,
2022-08-28T04:00,0.8,180,8.65,,
2022-08-28T05:00,0.78,178,8.9,,
2022-08-28T06:00,0.78,177,9.1,,
2022-08-28T07:00,0.76,176,9.25,,
2022-08-28T08:00,0.76,175,9.4,,
2022-08-28T09:00,0.76,175,9.55,,
2022-08-28T10:00,0.76,174,9.65,,
2022-08-28T11:00,0.76,174,9.75,,
2022-08-28T12:00,0.76,174,9.85,,
2022-08-28T13:00,0.78,173,9.9,,
2022-08-28T14:00,0.78,173,9.9,,
2022-08-28T15:00,0.78,174,9.7,,
2022-08-28T16:00,0.78,174,9.4,,
2022-08-28T17:00,0.78,175,9.15,,
2022-08-28T18:00,0.82,176,9.0,,
2022-08-28T19:00,0.86,177,8.85,,
2022-08-28T20:00,0.9,178,8.8,,
2022-08-28T21:00,0.9,178,8.8,,
2022-08-28T22:00,0.92,177,8.85,,
2022-08-28T23:00,0.92,177,8.9,,
2022-08-29T00:00,0.92,177,9.0,,
2022-08-29T01:00,0.92,176,9.1,,
2022-08-29T02:00,0.92,176,9.25,,
2022-08-29T03:00,0.92,175,9.4,,
2022-08-29T04:00,0.9,174,9.55,,
2022-08-29T05:00,0.9,173,9.75,,
2022-08-29T06:00,0.9,172,9.95,,
2022-08-29T07:00,0.92,172,10.15,,
2022-08-29T08:00,0.92,171,10.3,,
2022-08-29T09:00,0.92,171,10.35,,
2022-08-29T10:00,0.9,171,10.35,,
2022-08-29T11:00,0.9,171,10.35,,
2022-08-29T12:00,0.9,171,10.4,,
2022-08-29T13:00,0.9,172,10.45,,
2022-08-29T14:00,0.9,172,10.55,,
2022-08-29T15:00,0.9,172,10.65,,
2022-08-29T16:00,0.92,171,10.75,,
2022-08-29T17:00,0.92,171,10.8,,
2022-08-29T18:00,0.92,171,10.85,,
2022-08-29T19:00,0.94,171,10.85,,
2022-08-29T20:00,0.94,171,10.9,,
2022-08-29T21:00,0.98,171,11.1,,
2022-08-29T22:00,1.02,171,11.3,,
2022-08-29T23:00,1.06,171,11.45,,
2022-08-30T00:00,1.06,171,11.4,,
2022-08-30T01:00,1.04,170,11.25,,
2022-08-30T02:00,1.04,170,11.15,,
2022-08-30T03:00,1.04,170,11.15,,
2022-08-30T04:00,1.04,170,11.25,,
2022-08-30T05:00,1.04,170,11.3,,
2022-08-30T06:00,1.02,170,11.3,,
2022-08-30T07:00,1.0,170,11.3,,
2022-08-30T08:00,0.98,170,11.35,,
2022-08-30T09:00,0.98,170,11.45,,
2022-08-30T10:00,1.0,170,11.65,,
2022-08-30T11:00,1.0,170,11.8,,
2022-08-30T12:00,1.0,170,11.95,,
2022-08-30T13:00,1.0,169,12.1,,
2022-08-30T14:00,1.0,169,12.25,,
2022-08-30T15:00,1.0,169,12.4,,
2022-08-30T16:00,1.02,169,12.5,,
2022-08-30T17:00,1.02,169,12.6,,
2022-08-30T18:00,1.02,169,12.65,,
2022-08-30T19:00,1.04,169,12.7,,
2022-08-30T20:00,1.04,169,12.75,,
2022-08-30T21:00,1.04,169,12.8,,
2022-08-30T22:00,1.04,169,12.9,,
2022-08-30T23:00,1.04,169,13.0,,
2022-08-31T00:00,1.04,169,13.15,,
2022-08-31T01:00,1.06,169,13.35,,
2022-08-31T02:00,1.06,169,13.45,,
2022-08-31T03:00,1.08,169,13.5,,
2022-08-31T04:00,1.08,169,13.45,,
2022-08-31T05:00,1.1,169,13.45,,
2022-08-31T06:00,1.1,169,13.45,,
2022-08-31T07:00,1.1,169,13.45,,
2022-08-31T08:00,1.1,169,13.45,,
2022-08-31T09:00,1.08,169,13.35,,
2022-08-31T10:00,1.08,168,13.25,,
2022-08-31T11:00,1.06,168,13.25,,
2022-08-31T12:00,1.12,168,13.45,,
2022-08-31T13:00,1.16,169,13.75,,
2022-08-31T14:00,1.22,169,13.8,,
2022-08-31T15:00,1.22,170,13.4,,
2022-08-31T16:00,1.24,170,12.75,,
2022-08-31T17:00,1.24,171,12.15,,
2022-08-31T18:00,1.26,172,11.65,,
2022-08-31T19:00,1.28,174,11.2,,
2022-08-31T20:00,1.3,175,10.9,,
2022-08-31T21:00,1.3,175,10.8,,
2022-08-31T22:00,1.28,174,10.85,,
2022-08-31T23:00,1.28,174,10.9,,
2022-09-01T00:00,1.26,174,10.9,,
2022-09-01T01:00,1.22,173,10.9,,
2022-09-01T02:00,1.2,173,10.95,,
2022-09-01T03:00,1.2,172,11.1,,
2022-09-01T04:00,1.18,172,11.25,,
2022-09-01T05:00,1.18,171,11.4,,
2022-09-01T06:00,1.18,171,11.5,,
2022-09-01T07:00,1.16,170,11.55,,
2022-09-01T08:00,1.16,170,11.55,,
2022-09-01T09:00,1.16,170,11.55,,
2022-09-01T10:00,1.16,171,11.55,,
2022-09-01T11:00,1.16,171,11.45,,
2022-09-01T12:00,1.16,172,11.25,,
2022-09-01T13:00,1.16,172,10.95,,
2022-09-01T14:00,1.16,173,10.65,,
2022-09-01T15:00,1.16,174,10.4,,
2022-09-01T16:00,1.14,174,10.2,,
2022-09-01T17:00,1.14,175,10.05,,
2022-09-01T18:00,1.14,175,9.95,,
2022-09-01T19:00,1.14,175,9.95,,
2022-09-01T20:00,1.14,175,9.9,,
2022-09-01T21:00,1.14,175,9.8,,
2022-09-01T22:00,1.14,176,9.7,,
2022-09-01T23:00,1.14,176,9.6,,
2022-09-02T00:00,1.14,176,9.5,,
2022-09-02T01:00,1.16,177,9.45,,
2022-09-02T02:00,1.16,177,9.35,,
2022-09-02T03:00,1.16,177,9.3,,
2022-09-02T04:00,1.16,178,9.2,,
2022-09-02T05:00,1.16,178,9.15,,
2022-09-02T06:00,1.16,178,9.1,,
2022-09-02T07:00,1.16,177,9.05,,
2022-09-02T08:00,1.16,177,9.0,,
2022-09-02T09:00,1.16,177,8.95,,
2022-09-02T10:00,1.18,177,8.9,,
2022-09-02T11:00,1.18,177,8.8,,
2022-09-02T12:00,1.2,177,8.65,,
2022-09-02T13:00,1.24,178,8.45,,
2022-09-02T14:00,1.26,178,8.25,,
2022-09-02T15:00,1.3,179,8.05,,
2022-09-02T16:00,1.34,181,7.8,,
2022-09-02T17:00,1.38,182,7.65,,
2022-09-02T18:00,1.4,182,7.6,,
2022-09-02T19:00,1.42,183,7.65,,
2022-09-02T20:00,1.44,183,7.65,,
2022-09-02T21:00,1.4,182,7.6,,
2022-09-02T22:00,1.38,182,7.55,,
2022-09-02T23:00,1.34,181,7.6,,
2022-09-03T00:00,1.34,180,7.8,,
2022-09-03T01:00,1.36,179,8.05,,
2022-09-03T02:00,1.36,178,8.35,,
2022-09-03T03:00,1.36,177,8.6,,
2022-09-03T04:00,1.34,176,8.9,,
2022-09-03T05:00,1.34,175,9.1,,
2022-09-03T06:00,1.34,174,9.25,,
2022-09-03T07:00,1.34,174,9.35,,
2022-09-03T08:00,1.34,173,9.4,,
2022-09-03T09:00,1.34,173,9.4,,
2022-09-03T10:00,1.32,172,9.35,,
2022-09-03T11:00,1.32,172,9.3,,
2022-09-03T12:00,1.32,172,9.25,,
2022-09-03T13:00,1.3,171,9.2,,
2022-09-03T14:00,1.3,171,9.15,,
2022-09-03T15:00,1.32,171,9.05,,
2022-09-03T16:00,1.32,172,8.95,,
2022-09-03T17:00,1.34,172,8.85,,
2022-09-03T18:00,1.32,172,8.7,,
2022-09-03T19:00,1.28,173,8.5,,
2022-09-03T20:00,1.26,173,8.35,,
2022-09-03T21:00,1.26,173,8.3,,
2022-09-03T22:00,1.28,174,8.35,,
2022-09-03T23:00,1.28,174,8.4,,
2022-09-04T00:00,1.26,174,8.5,,
2022-09-04T01:00,1.26,174,8.6,,
2022-09-04T02:00,1.24,174,8.75,,
2022-09-04T03:00,1.2,173,8.95,,
2022-09-04T04:00,1.18,172,9.2,,
2022-09-04T05:00,1.14,171,9.4,,
2022-09-04T06:00,1.12,170,9.55,,
2022-09-04T07:00,1.12,170,9.65,,
2022-09-04T08:00,1.1,169,9.75,,
2022-09-04T09:00,1.08,169,9.75,,
2022-09-04T10:00,1.08,169,9.7,,
2022-09-04T11:00,1.06,169,9.7,,
2022-09-04T12:00,1.08,169,9.7,,
2022-09-04T13:00,1.12,170,9.75,,
2022-09-04T14:00,1.14,170,9.75,,
2022-09-04T15:00,1.18,170,9.65,,
2022-09-04T16:00,1.22,171,9.5,,
2022-09-04T17:00,1.26,171,9.4,,
2022-09-04T18:00,1.28,171,9.3,,
2022-09-04T19:00,1.3,172,9.25,,
2022-09-04T20:00,1.32,172,9.25,,
2022-09-04T21:00,1.3,172,9.3,,
2022-09-04T22:00,1.28,171,9.45,,
2022-09-04T23:00,1.26,171,9.55,,
2022-09-05T00:00,1.22,170,9.65,,
2022-09-05T01:00,1.2,170,9.7,,
2022-09-05T02:00,1.16,169,9.75,,
2022-09-05T03:00,1.14,169,9.8,,
2022-09-05T04:00,1.14,168,9.85,,
2022-09-05T05:00,1.12,168,9.85,,
2022-09-05T06:00,1.08,168,9.75,,
2022-09-05T07:00,1.02,167,9.55,,
2022-09-05T08:00,0.98,167,9.4,,
2022-09-05T09:00,1.0,167,9.3,,
2022-09-05T10:00,1.02,167,9.25,,
2022-09-05T11:00,1.04,167,9.15,,
2022-09-05T12:00,1.06,168,9.05,,
2022-09-05T13:00,1.08,168,9.0,,
2022-09-05T14:00,1.1,169,8.9,,
2022-09-05T15:00,1.12,170,8.75,,
2022-09-05T16:00,1.14,171,8.65,,
2022-09-05T17:00,1.16,172,8.6,,
2022-09-05T18:00,1.32,174,8.75,,
2022-09-05T19:00,1.5,177,9.0,,
2022-09-05T20:00,1.66,179,9.1,,
2022-09-05T21:00,1.62,180,8.9,,
2022-09-05T22:00,1.58,182,8.55,,
2022-09-05T23:00,1.54,183,8.3,,
2022-09-06T00:00,1.5,183,8.2,,
2022-09-06T01:00,1.46,182,8.2,,
2022-09-06T02:00,1.42,182,8.1,,
2022-09-06T03:00,1.32,182,7.85,,
2022-09-06T04:00,1.24,182,7.55,,
2022-09-06T05:00,1.14,182,7.4,,
2022-09-06T06:00,1.16,182,7.45,,
2022-09-06T07:00,1.16,181,7.7,,
2022-09-06T08:00,1.18,181,7.85,,
2022-09-06T09:00,1.18,181,7.95,,
2022-09-06T10:00,1.16,180,8.0,,
2022-09-06T11:00,1.16,180,8.05,,
2022-09-06T12:00,1.16,180,8.1,,
2022-09-06T13:00,1.18,180,8.1,,
2022-09-06T14:00,1.18,180,8.1,,
2022-09-06T15:00,1.18,181,8.05,,
2022-09-06T16:00,1.2,181,7.9,,
2022-09-06T17:00,1.2,182,7.85,,
2022-09-06T18:00,1.18,182,7.85,,
2022-09-06T19:00,1.18,182,7.85,,
2022-09-06T20:00,1.16,182,7.9,,
2022-09-06T21:00,1.14,182,7.95,,
2022-09-06T22:00,1.12,181,8.05,,
2022-09-06T23:00,1.1,181,8.15,,
2022-09-07T00:00,1.08,181,8.2,,
2022-09-07T01:00,1.08,180,8.25,,
2022-09-07T02:00,1.06,180,8.25,,
2022-09-07T03:00,1.06,180,8.3,,
2022-09-07T04:00,1.08,181,8.3,,
2022-09-07T05:00,1.08,181,8.25,,
2022-09-07T06:00,1.04,181,8.05,,
2022-09-07T07:00,1.02,182,7.8,,
2022-09-07T08:00,0.98,182,7.6,,
2022-09-07T09:00,1.04,184,7.5,,
2022-09-07T10:00,1.1,186,7.5,,
2022-09-07T11:00,1.16,188,7.5,,
2022-09-07T12:00,1.2,188,7.55,,
2022-09-07T13:00,1.22,188,7.65,,
2022-09-07T14:00,1.26,188,7.75,,
2022-09-07T15:00,1.24,188,7.8,,
2022-09-07T16:00,1.22,187,7.9,,
2022-09-07T17:00,1.2,187,8.0,,
2022-09-07T18:00,1.18,186,8.15,,
2022-09-07T19:00,1.16,186,8.35,,
2022-09-07T20:00,1.14,185,8.55,,
2022-09-07T21:00,1.1,184,8.8,,
2022-09-07T22:00,1.08,184,9.1,,
2022-09-07T23:00,1.04,183,9.4,,
2022-09-08T00:00,1.04,182,9.7,,
2022-09-08T01:00,1.02,182,9.95,,
2022-09-08T02:00,1.02,181,10.2,,
2022-09-08T03:00,1.02,180,10.45,,
2022-09-08T04:00,1.02,180,10.65,,
2022-09-08T05:00,1.02,179,10.85,,
2022-09-08T06:00,1.02,178,11.05,,
2022-09-08T07:00,1.02,178,11.15,,
2022-09-08T08:00,1.02,177,11.25,,
2022-09-08T09:00,1.04,177,11.25,,
2022-09-08T10:00,1.04,177,11.15,,
2022-09-08T11:00,1.06,177,11.0,,
2022-09-08T12:00,1.08,178,10.8,,
2022-09-08T13:00,1.12,178,10.55,,
2022-09-08T14:00,1.14,179,10.3,,
2022-09-08T15:00,1.16,180,10.15,,
2022-09-08T16:00,1.2,181,10.0,,
2022-09-08T17:00,1.22,182,9.85,,
2022-09-08T18:00,1.22,183,9.65,,
2022-09-08T19:00,1.2,183,9.45,,
2022-09-08T20:00,1.2,184,9.35,,
2022-09-08T21:00,1.22,184,9.35,,
2022-09-08T22:00,1.24,183,9.4,,
2022-09-08T23:00,1.26,183,9.45,,
2022-09-09T00:00,1.26,183,9.5,,
2022-09-09T01:00,1.28,182,9.55,,
2022-09-09T02:00,1.28,182,9.55,,
2022-09-09T03:00,1.26,182,9.55,,
2022-09-09T04:00,1.26,181,9.55,,
2022-09-09T05:00,1.24,181,9.4,,
2022-09-09T06:00,1.12,180,8.9,,
2022-09-09T07:00,1.02,180,8.25,,
2022-09-09T08:00,0.9,179,7.9,,
2022-09-09T09:00,1.02,179,8.2,,
2022-09-09T10:00,1.12,179,8.75,,
2022-09-09T11:00,1.24,179,9.2,,
2022-09-09T12:00,1.26,179,9.3,,
2022-09-09T13:00,1.26,179,9.2,,
2022-09-09T14:00,1.28,179,9.1,,
2022-09-09T15:00,1.28,180,9.0,,
2022-09-09T16:00,1.3,181,8.9,,
2022-09-09T17:00,1.3,182,8.8,,
2022-09-09T18:00,1.3,182,8.75,,
2022-09-09T19:00,1.28,183,8.65,,
2022-09-09T20:00,1.28,183,8.65,,
2022-09-09T21:00,1.24,182,8.7,,
2022-09-09T22:00,1.2,181,8.8,,
2022-09-09T23:00,1.16,180,8.85,,
2022-09-10T00:00,1.14,180,8.85,,
2022-09-10T01:00,1.14,179,8.85,,
2022-09-10T02:00,1.12,179,8.8,,
2022-09-10T03:00,1.14,180,8.6,,
2022-09-10T04:00,1.14,181,8.35,,
2022-09-10T05:00,1.16,182,8.15,,
2022-09-10T06:00,1.16,183,8.0,,
2022-09-10T07:00,1.18,183,7.9,,
2022-09-10T08:00,1.18,184,7.85,,
2022-09-10T09:00,1.18,184,7.8,,
2022-09-10T10:00,1.18,184,7.8,,
2022-09-10T11:00,1.18,184,7.8,,
2022-09-10T12:00,1.16,184,7.75,,
2022-09-10T13:00,1.14,184,7.7,,
2022-09-10T14:00,1.12,184,7.65,,
2022-09-10T15:00,1.12,184,7.7,,
2022-09-10T16:00,1.12,184,7.8,,
2022-09-10T17:00,1.12,184,7.85,,
2022-09-10T18:00,1.12,184,7.85,,
2022-09-10T19:00,1.1,184,7.8,,
2022-09-10T20:00,1.1,184,7.8,,
2022-09-10T21:00,1.08,183,7.8,,
2022-09-10T22:00,1.06,183,7.8,,
2022-09-10T23:00,1.04,182,7.85,,
2022-09-11T00:00,1.04,181,7.95,,
2022-09-11T01:00,1.02,181,8.05,,
2022-09-11T02:00,1.02,180,8.15,,
2022-09-11T03:00,1.0,180,8.25,,
2022-09-11T04:00,1.0,179,8.35,,
2022-09-11T05:00,0.98,179,8.45,,
2022-09-11T06:00,1.02,179,8.7,,
2022-09-11T07:00,1.08,178,8.95,,
2022-09-11T08:00,1.12,178,9.0,,
2022-09-11T09:00,1.08,179,8.65,,
2022-09-11T10:00,1.02,179,8.05,,
2022-09-11T11:00,0.98,180,7.6,,
2022-09-11T12:00,1.0,181,7.5,,
2022-09-11T13:00,1.04,181,7.5,,
2022-09-11T14:00,1.06,182,7.55,,
2022-09-11T15:00,1.08,183,7.5,,
2022-09-11T16:00,1.1,183,7.45,,
2022-09-11T17:00,1.12,184,7.45,,
2022-09-11T18:00,1.14,184,7.45,,
2022-09-11T19:00,1.14,185,7.45,,
2022-09-11T20:00,1.16,185,7.5,,
2022-09-11T21:00,1.14,184,7.55,,
2022-09-11T22:00,1.14,184,7.65,,
2022-09-11T23:00,1.12,183,7.75,,
2022-09-12T00:00,1.1,182,7.85,,
2022-09-12T01:00,1.1,181,8.0,,
2022-09-12T02:00,1.08,180,8.1,,
2022-09-12T03:00,1.08,180,8.15,,
2022-09-12T04:00,1.08,180,8.2,,
2022-09-12T05:00,1.08,180,8.2,,
2022-09-12T06:00,1.08,180,8.15,,
2022-09-12T07:00,1.08,180,8.1,,
2022-09-12T08:00,1.08,180,8.0,,
2022-09-12T09:00,1.08,180,7.95,,
2022-09-12T10:00,1.1,180,7.85,,
2022-09-12T11:00,1.1,180,7.75,,
2022-09-12T12:00,1.1,180,7.6,,
2022-09-12T13:00,1.12,180,7.45,,
2022-09-12T14:00,1.12,180,7.25,,
2022-09-12T15:00,1.14,181,7.05,,
2022-09-12T16:00,1.14,183,6.9,,
2022-09-12T17:00,1.16,184,6.75,,
2022-09-12T18:00,1.14,185,6.65,,
2022-09-12T19:00,1.12,185,6.6,,
2022-09-12T20:00,1.1,186,6.55,,
2022-09-12T21:00,1.02,185,6.45,,
2022-09-12T22:00,0.94,185,6.35,,
2022-09-12T23:00,0.86,184,6.35,,
2022-09-13T00:00,0.84,183,6.45,,
2022-09-13T01:00,0.8,181,6.6,,
2022-09-13T02:00,0.78,180,6.8,,
2022-09-13T03:00,0.78,179,7.0,,
2022-09-13T04:00,0.8,179,7.2,,
2022-09-13T05:00,0.8,178,7.35,,
2022-09-13T06:00,0.82,178,7.45,,
2022-09-13T07:00,0.82,177,7.5,,
2022-09-13T08:00,0.84,177,7.5,,
2022-09-13T09:00,0.86,177,7.35,,
2022-09-13T10:00,0.86,177,7.15,,
2022-09-13T11:00,0.88,177,6.95,,
2022-09-13T12:00,0.92,178,6.75,,
2022-09-13T13:00,0.96,178,6.55,,
2022-09-13T14:00,1.0,179,6.35,,
2022-09-13T15:00,1.06,180,6.15,,
2022-09-13T16:00,1.1,181,6.0,,
2022-09-13T17:00,1.16,182,5.95,,
2022-09-13T18:00,1.12,182,6.0,,
2022-09-13T19:00,1.08,181,6.1,,
2022-09-13T20:00,1.04,181,6.3,,
2022-09-13T21:00,1.0,180,6.65,,
2022-09-13T22:00,0.98,180,7.05,,
2022-09-13T23:00,0.94,179,7.45,,
2022-09-14T00:00,0.92,178,7.85,,
2022-09-14T01:00,0.92,177,8.25,,
2022-09-14T02:00,0.9,176,8.55,,
2022-09-14T03:00,0.88,175,8.8,,
2022-09-14T04:00,0.88,175,9.0,,
2022-09-14T05:00,0.86,174,9.1,,
2022-09-14T06:00,0.86,174,9.15,,
2022-09-14T07:00,0.84,173,9.2,,
2022-09-14T08:00,0.84,173,9.1,,
2022-09-14T09:00,0.88,173,8.95,,
2022-09-14T10:00,0.9,173,8.7,,
2022-09-14T11:00,0.94,173,8.35,,
2022-09-14T12:00,0.96,174,7.9,,
2022-09-14T13:00,0.96,175,7.35,,
2022-09-14T14:00,0.98,176,6.95,,
2022-09-14T15:00,1.04,177,6.7,,
2022-09-14T16:00,1.08,178,6.6,,
2022-09-14T17:00,1.14,179,6.55,,
2022-09-14T18:00,1.12,179,6.55,,
2022-09-14T19:00,1.12,180,6.65,,
2022-09-14T20:00,1.1,180,6.75,,
2022-09-14T21:00,1.08,180,6.85,,
2022-09-14T22:00,1.08,181,7.0,,
2022-09-14T23:00,1.06,181,7.15,,
2022-09-15T00:00,1.04,180,7.35,,
2022-09-15T01:00,1.04,180,7.55,,
2022-09-15T02:00,1.02,179,7.8,,
2022-09-15T03:00,1.0,178,8.05,,
2022-09-15T04:00,1.0,177,8.3,,
2022-09-15T05:00,0.98,176,8.5,,
2022-09-15T06:00,0.98,176,8.7,,
2022-09-15T07:00,0.96,175,8.85,,
2022-09-15T08:00,0.96,175,8.95,,
2022-09-15T09:00,0.96,175,9.0,,
2022-09-15T10:00,0.98,174,9.0,,
2022-09-15T11:00,0.98,174,8.95,,
2022-09-15T12:00,1.0,174,8.9,,
2022-09-15T13:00,1.0,173,8.8,,
2022-09-15T14:00,1.02,173,8.7,,
2022-09-15T15:00,1.06,173,8.5,,
2022-09-15T16:00,1.08,174,8.3,,
2022-09-15T17:00,1.12,174,8.15,,
2022-09-15T18:00,1.12,175,8.15,,
2022-09-15T19:00,1.12,175,8.25,,
2022-09-15T20:00,1.12,176,8.4,,
2022-09-15T21:00,1.1,175,8.65,,
2022-09-15T22:00,1.08,175,9.05,,
2022-09-15T23:00,1.06,174,9.35,,
2022-09-16T00:00,1.04,173,9.6,,
2022-09-16T01:00,1.04,173,9.85,,
2022-09-16T02:00,1.02,172,10.05,,
2022-09-16T03:00,1.0,172,10.25,,
2022-09-16T04:00,1.0,171,10.4,,
2022-09-16T05:00,0.98,171,10.55,,
2022-09-16T06:00,0.98,171,10.7,,
2022-09-16T07:00,0.98,170,10.85,,
2022-09-16T08:00,0.98,170,10.95,,
2022-09-16T09:00,0.98,170,11.05,,
2022-09-16T10:00,1.0,169,11.1,,
2022-09-16T11:00,1.0,169,11.15,,
2022-09-16T12:00,1.0,169,11.2,,
2022-09-16T13:00,1.02,169,11.2,,
2022-09-16T14:00,1.02,169,11.15,,
2022-09-16T15:00,1.04,169,11.0,,
2022-09-16T16:00,1.06,170,10.8,,
2022-09-16T17:00,1.08,170,10.6,,
2022-09-16T18:00,1.14,171,10.5,,
2022-09-16T19:00,1.2,171,10.4,,
2022-09-16T20:00,1.26,172,10.4,,
2022-09-16T21:00,1.26,172,10.45,,
2022-09-16T22:00,1.26,171,10.55,,
2022-09-16T23:00,1.26,171,10.65,,
2022-09-17T00:00,1.22,171,10.65,,
2022-09-17T01:00,1.2,170,10.6,,
2022-09-17T02:00,1.16,170,10.6,,
2022-09-17T03:00,1.16,170,10.7,,
2022-09-17T04:00,1.16,169,10.8,,
2022-09-17T05:00,1.16,169,10.9,,
2022-09-17T06:00,1.18,169,11.0,,
2022-09-17T07:00,1.18,168,11.1,,
2022-09-17T08:00,1.2,168,11.15,,
2022-09-17T09:00,1.2,168,11.2,,
2022-09-17T10:00,1.2,168,11.2,,
2022-09-17T11:00,1.2,168,11.15,,
2022-09-17T12:00,1.22,168,11.05,,
2022-09-17T13:00,1.22,168,10.85,,
2022-09-17T14:00,1.24,168,10.65,,
2022-09-17T15:00,1.26,169,10.35,,
2022-09-17T16:00,1.28,170,10.0,,
2022-09-17T17:00,1.3,171,9.75,,
2022-09-17T18:00,1.3,172,9.55,,
2022-09-17T19:00,1.32,173,9.45,,
2022-09-17T20:00,1.32,174,9.4,,
2022-09-17T21:00,1.28,174,9.45,,
2022-09-17T22:00,1.24,173,9.6,,
2022-09-17T23:00,1.2,173,9.7,,
2022-09-18T00:00,1.18,173,9.8,,
2022-09-18T01:00,1.16,172,9.85,,
2022-09-18T02:00,1.14,172,9.95,,
2022-09-18T03:00,1.12,171,10.05,,
2022-09-18T04:00,1.1,171,10.1,,
2022-09-18T05:00,1.08,170,10.15,,
2022-09-18T06:00,1.06,170,10.2,,
2022-09-18T07:00,1.06,169,10.2,,
2022-09-18T08:00,1.04,169,10.2,,
2022-09-18T09:00,1.02,168,10.1,,
2022-09-18T10:00,1.0,168,9.95,,
2022-09-18T11:00,0.98,167,9.8,,
2022-09-18T12:00,1.0,167,9.65,,
2022-09-18T13:00,1.02,168,9.45,,
2022-09-18T14:00,1.04,168,9.35,,
2022-09-18T15:00,1.16,169,9.4,,
2022-09-18T16:00,1.3,170,9.5,,
2022-09-18T17:00,1.42,171,9.55,,
2022-09-18T18:00,1.44,172,9.5,,
2022-09-18T19:00,1.48,172,9.35,,
2022-09-18T20:00,1.5,173,9.2,,
2022-09-18T21:00,1.4,173,9.0,,
2022-09-18T22:00,1.28,172,8.75,,
2022-09-18T23:00,1.18,172,8.65,,
2022-09-19T00:00,1.14,172,8.7,,
2022-09-19T01:00,1.08,171,8.85,,
2022-09-19T02:00,1.04,171,9.0,,
2022-09-19T03:00,1.02,171,9.1,,
2022-09-19T04:00,1.0,170,9.2,,
2022-09-19T05:00,0.98,170,9.3,,
2022-09-19T06:00,0.98,170,9.35,,
2022-09-19T07:00,0.96,169,9.4,,
2022-09-19T08:00,0.96,169,9.35,,
2022-09-19T09:00,0.96,170,9.2,,
2022-09-19T10:00,0.98,170,8.95,,
2022-09-19T11:00,0.98,171,8.7,,
2022-09-19T12:00,1.0,172,8.5,,
2022-09-19T13:00,1.0,173,8.25,,
2022-09-19T14:00,1.02,174,8.1,,
2022-09-19T15:00,1.04,175,8.0,,
2022-09-19T16:00,1.08,175,8.0,,
2022-09-19T17:00,1.1,176,7.95,,
2022-09-19T18:00,1.1,177,7.85,,
2022-09-19T19:00,1.1,177,7.8,,
2022-09-19T20:00,1.1,178,7.75,,
2022-09-19T21:00,1.08,178,7.8,,
2022-09-19T22:00,1.06,179,7.95,,
2022-09-19T23:00,1.04,179,8.1,,
2022-09-20T00:00,1.02,178,8.25,,
2022-09-20T01:00,0.98,178,8.45,,
2022-09-20T02:00,0.96,177,8.65,,
2022-09-20T03:00,0.94,176,8.85,,
2022-09-20T04:00,0.94,175,9.0,,
2022-09-20T05:00,0.92,174,9.15,,
2022-09-20T06:00,0.92,173,9.25,,
2022-09-20T07:00,0.92,173,9.3,,
2022-09-20T08:00,0.92,172,9.3,,
2022-09-20T09:00,0.92,172,9.25,,
2022-09-20T10:00,0.94,171,9.2,,
2022-09-20T11:00,0.94,171,9.1,,
2022-09-20T12:00,0.96,171,9.0,,
2022-09-20T13:00,0.96,172,8.85,,
2022-09-20T14:00,0.98,172,8.7,,
2022-09-20T15:00,1.0,173,8.55,,
2022-09-20T16:00,1.0,173,8.4,,
2022-09-20T17:00,1.02,174,8.25,,
2022-09-20T18:00,1.02,175,8.15,,
2022-09-20T19:00,1.04,176,8.1,,
2022-09-20T20:00,1.04,177,8.1,,
2022-09-20T21:00,1.02,177,8.2,,
2022-09-20T22:00,1.0,178,8.35,,
2022-09-20T23:00,0.98,178,8.5,,
2022-09-21T00:00,0.98,178,8.7,,
2022-09-21T01:00,0.98,178,8.9,,
2022-09-21T02:00,0.98,178,9.1,,
2022-09-21T03:00,0.98,177,9.35,,
2022-09-21T04:00,0.98,176,9.6,,
2022-09-21T05:00,0.98,175,9.85,,
2022-09-21T06:00,0.98,174,10.05,,
2022-09-21T07:00,1.0,173,10.25,,
2022-09-21T08:00,1.0,172,10.35,,
2022-09-21T09:00,1.02,172,10.35,,
2022-09-21T10:00,1.04,171,10.25,,
2022-09-21T11:00,1.06,171,10.1,,
2022-09-21T12:00,1.1,171,9.9,,
2022-09-21T13:00,1.12,172,9.65,,
2022-09-21T14:00,1.16,172,9.4,,
2022-09-21T15:00,1.22,173,9.1,,
2022-09-21T16:00,1.26,175,8.8,,
2022-09-21T17:00,1.32,176,8.55,,
2022-09-21T18:00,1.34,177,8.45,,
2022-09-21T19:00,1.36,177,8.4,,
2022-09-21T20:00,1.38,178,8.45,,
2022-09-21T21:00,1.36,178,8.55,,
2022-09-21T22:00,1.34,178,8.7,,
2022-09-21T23:00,1.32,178,8.9,,
2022-09-22T00:00,1.3,178,9.05,,
2022-09-22T01:00,1.26,177,9.25,,
2022-09-22T02:00,1.24,177,9.45,,
2022-09-22T03:00,1.24,176,9.7,,
2022-09-22T04:00,1.26,175,10.0,,
2022-09-22T05:00,1.26,174,10.2,,
2022-09-22T06:00,1.22,174,10.3,,
2022-09-22T07:00,1.2,173,10.3,,
2022-09-22T08:00,1.16,173,10.25,,
2022-09-22T09:00,1.16,173,10.2,,
2022-09-22T10:00,1.14,172,10.05,,
2022-09-22T11:00,1.14,172,9.95,,
2022-09-22T12:00,1.18,172,9.8,,
2022-09-22T13:00,1.2,173,9.65,,
2022-09-22T14:00,1.24,173,9.5,,
2022-09-22T15:00,1.28,174,9.25,,
2022-09-22T16:00,1.34,175,9.0,,
2022-09-22T17:00,1.38,176,8.8,,
2022-09-22T18:00,1.4,176,8.75,,
2022-09-22T19:00,1.4,177,8.85,,
2022-09-22T20:00,1.42,177,8.95,,
2022-09-22T21:00,1.4,176,9.1,,
2022-09-22T22:00,1.36,176,9.3,,
2022-09-22T23:00,1.34,175,9.5,,
2022-09-23T00:00,1.32,174,9.7,,
2022-09-23T01:00,1.28,174,9.95,,
2022-09-23T02:00,1.26,173,10.15,,
2022-09-23T03:00,1.24,172,10.35,,
2022-09-23T04:00,1.22,172,10.5,,
2022-09-23T05:00,1.2,171,10.65,,
2022-09-23T06:00,1.2,171,10.75,,
2022-09-23T07:00,1.18,170,10.85,,
2022-09-23T08:00,1.18,170,10.9,,
2022-09-23T09:00,1.18,170,10.85,,
2022-09-23T10:00,1.18,170,10.8,,
2022-09-23T11:00,1.18,170,10.7,,
2022-09-23T12:00,1.18,170,10.6,,
2022-09-23T13:00,1.18,171,10.45,,
2022-09-23T14:00,1.18,171,10.3,,
2022-09-23T15:00,1.18,172,10.15,,
2022-09-23T16:00,1.18,172,10.0,,
2022-09-23T17:00,1.18,173,9.85,,
2022-09-23T18:00,1.2,174,9.7,,
2022-09-23T19:00,1.24,175,9.55,,
2022-09-23T20:00,1.26,176,9.45,,
2022-09-23T21:00,1.24,177,9.5,,
2022-09-23T22:00,1.24,177,9.6,,
2022-09-23T23:00,1.22,178,9.7,,
2022-09-24T00:00,1.2,178,9.8,,
2022-09-24T01:00,1.18,177,9.9,,
2022-09-24T02:00,1.16,177,10.0,,
2022-09-24T03:00,1.16,176,10.1,,
2022-09-24T04:00,1.14,176,10.2,,
2022-09-24T05:00,1.14,175,10.3,,
2022-09-24T06:00,1.08,173,10.3,,
2022-09-24T07:00,1.04,170,10.2,,
2022-09-24T08:00,0.98,168,10.3,,
2022-09-24T09:00,1.0,168,10.7,,
2022-09-24T10:00,1.04,167,11.2,,
2022-09-24T11:00,1.06,167,11.55,,
2022-09-24T12:00,1.04,167,11.55,,
2022-09-24T13:00,1.04,167,11.4,,
2022-09-24T14:00,1.02,167,11.25,,
2022-09-24T15:00,1.0,167,11.2,,
2022-09-24T16:00,1.0,166,11.2,,
2022-09-24T17:00,0.98,166,11.2,,
2022-09-24T18:00,0.98,166,11.15,,
2022-09-24T19:00,0.98,167,11.1,,
2022-09-24T20:00,0.98,167,11.1,,
2022-09-24T21:00,0.98,167,11.15,,
2022-09-24T22:00,0.96,167,11.15,,
2022-09-24T23:00,0.96,167,11.2,,
2022-09-25T00:00,0.96,167,11.15,,
2022-09-25T01:00,0.98,167,11.15,,
2022-09-25T02:00,0.98,167,11.1,,
2022-09-25T03:00,1.0,168,11.1,,
2022-09-25T04:00,1.02,168,11.15,,
2022-09-25T05:00,1.04,169,11.2,,
2022-09-25T06:00,1.02,168,11.35,,
2022-09-25T07:00,1.0,167,11.55,,
2022-09-25T08:00,0.98,166,11.7,,
2022-09-25T09:00,0.98,165,11.85,,
2022-09-25T10:00,0.96,165,11.95,,
2022-09-25T11:00,0.96,164,12.0,,
2022-09-25T12:00,0.96,164,12.0,,
2022-09-25T13:00,0.94,164,12.0,,
2022-09-25T14:00,0.94,164,11.9,,
2022-09-25T15:00,0.96,164,11.75,,
2022-09-25T16:00,0.96,163,11.55,,
2022-09-25T17:00,0.98,163,11.4,,
2022-09-25T18:00,0.98,163,11.4,,
2022-09-25T19:00,0.98,163,11.5,,
2022-09-25T20:00,0.98,163,11.55,,
2022-09-25T21:00,0.98,163,11.55,,
2022-09-25T22:00,0.96,164,11.6,,
2022-09-25T23:00,0.96,164,11.6,,
2022-09-26T00:00,0.98,164,11.65,,
2022-09-26T01:00,0.98,164,11.65,,
2022-09-26T02:00,1.0,164,11.7,,
2022-09-26T03:00,1.0,164,11.7,,
2022-09-26T04:00,1.0,164,11.7,,
2022-09-26T05:00,1.0,164,11.7,,
2022-09-26T06:00,1.02,164,11.7,,
2022-09-26T07:00,1.02,163,11.7,,
2022-09-26T08:00,1.04,163,11.7,,
2022-09-26T09:00,1.04,162,11.6,,
2022-09-26T10:00,1.04,162,11.5,,
2022-09-26T11:00,1.04,161,11.4,,
2022-09-26T12:00,1.04,161,11.35,,
2022-09-26T13:00,1.04,160,11.25,,
2022-09-26T14:00,1.04,160,11.2,,
2022-09-26T15:00,1.04,161,11.1,,
2022-09-26T16:00,1.06,161,11.0,,
2022-09-26T17:00,1.06,162,10.95,,
2022-09-26T18:00,1.06,163,10.95,,
2022-09-26T19:00,1.04,163,11.0,,
2022-09-26T20:00,1.04,164,11.0,,
2022-09-26T21:00,1.04,164,11.0,,
2022-09-26T22:00,1.04,165,11.0,,
2022-09-26T23:00,1.04,165,11.0,,
2022-09-27T00:00,1.04,165,11.05,,
2022-09-27T01:00,1.04,164,11.1,,
2022-09-27T02:00,1.04,164,11.1,,
2022-09-27T03:00,1.06,166,10.9,,
2022-09-27T04:00,1.06,167,10.6,,
2022-09-27T05:00,1.08,169,10.45,,
2022-09-27T06:00,1.08,168,10.6,,
2022-09-27T07:00,1.06,166,10.9,,
2022-09-27T08:00,1.06,165,11.0,,
2022-09-27T09:00,0.98,164,10.75,,
2022-09-27T10:00,0.88,164,10.35,,
2022-09-27T11:00,0.8,163,10.15,,
2022-09-27T12:00,0.86,163,10.45,,
2022-09-27T13:00,0.9,163,11.0,,
2022-09-27T14:00,0.96,163,11.4,,
2022-09-27T15:00,0.98,163,11.4,,
2022-09-27T16:00,0.98,163,11.25,,
2022-09-27T17:00,1.0,163,11.1,,
2022-09-27T18:00,1.0,163,11.1,,
2022-09-27T19:00,1.02,163,11.1,,
2022-09-27T20:00,1.02,163,11.15,,
2022-09-27T21:00,1.02,163,11.15,,
2022-09-27T22:00,1.02,163,11.2,,
2022-09-27T23:00,1.02,163,11.2,,
2022-09-28T00:00,1.02,163,11.25,,
2022-09-28T01:00,1.02,164,11.3,,
2022-09-28T02:00,1.02,164,11.35,,
2022-09-28T03:00,1.02,164,11.4,,
2022-09-28T04:00,1.02,165,11.45,,
2022-09-28T05:00,1.02,165,11.5,,
2022-09-28T06:00,1.02,166,11.45,,
2022-09-28T07:00,1.04,168,11.35,,
2022-09-28T08:00,1.04,169,11.35,,
2022-09-28T09:00,1.04,168,11.5,,
2022-09-28T10:00,1.06,168,11.75,,
2022-09-28T11:00,1.06,167,11.9,,
2022-09-28T12:00,1.08,167,11.95,,
2022-09-28T13:00,1.12,167,11.95,,
2022-09-28T14:00,1.14,167,11.7,,
2022-09-28T15:00,1.08,169,11.05,,
2022-09-28T16:00,1.04,170,10.2,,
2022-09-28T17:00,0.98,172,9.65,,
2022-09-28T18:00,1.1,173,9.7,,
2022-09-28T19:00,1.22,174,10.0,,
2022-09-28T20:00,1.34,175,10.3,,
2022-09-28T21:00,1.34,175,10.45,,
2022-09-28T22:00,1.32,175,10.5,,
2022-09-28T23:00,1.32,175,10.65,,
2022-09-29T00:00,1.32,174,10.85,,
2022-09-29T01:00,1.32,174,11.1,,
2022-09-29T02:00,1.32,173,11.3,,
2022-09-29T03:00,1.3,172,11.45,,
2022-09-29T04:00,1.3,172,11.6,,
2022-09-29T05:00,1.28,171,11.7,,
2022-09-29T06:00,1.28,171,11.8,,
2022-09-29T07:00,1.26,170,11.85,,
2022-09-29T08:00,1.26,170,11.85,,
2022-09-29T09:00,1.26,170,11.8,,
2022-09-29T10:00,1.24,169,11.7,,
2022-09-29T11:00,1.24,169,11.55,,
2022-09-29T12:00,1.26,170,11.25,,
2022-09-29T13:00,1.26,170,10.9,,
2022-09-29T14:00,1.28,171,10.5,,
2022-09-29T15:00,1.32,172,10.0,,
2022-09-29T16:00,1.36,174,9.5,,
2022-09-29T17:00,1.4,175,9.05,,
2022-09-29T18:00,1.42,176,8.75,,
2022-09-29T19:00,1.44,177,8.55,,
2022-09-29T20:00,1.46,178,8.4,,
2022-09-29T21:00,1.4,178,8.3,,
2022-09-29T22:00,1.34,178,8.3,,
2022-09-29T23:00,1.28,178,8.4,,
2022-09-30T00:00,1.28,177,8.65,,
2022-09-30T01:00,1.3,177,9.0,,
2022-09-30T02:00,1.3,176,9.3,,
2022-09-30T03:00,1.28,176,9.45,,
2022-09-30T04:00,1.28,175,9.55,,
2022-09-30T05:00,1.26,175,9.65,,
2022-09-30T06:00,1.26,175,9.75,,
2022-09-30T07:00,1.28,176,9.85,,
2022-09-30T08:00,1.28,176,9.8,,
2022-09-30T09:00,1.3,177,9.6,,
2022-09-30T10:00,1.34,177,9.25,,
2022-09-30T11:00,1.36,178,8.95,,
2022-09-30T12:00,1.4,179,8.7,,
2022-09-30T13:00,1.42,180,8.5,,
2022-09-30T14:00,1.46,181,8.3,,
2022-09-30T15:00,1.48,182,8.15,,
2022-09-30T16:00,1.5,182,8.05,,
2022-09-30T17:00,1.52,183,8.0,,
2022-09-30T18:00,1.52,183,7.95,,
2022-09-30T19:00,1.54,184,8.0,,
2022-09-30T20:00,1.54,184,8.0,,
2022-09-30T21:00,1.52,184,8.0,,
2022-09-30T22:00,1.48,183,8.05,,
2022-09-30T23:00,1.46,183,8.1,,
2022-10-01T00:00,1.42,182,8.2,,
2022-10-01T01:00,1.38,182,8.3,,
2022-10-01T02:00,1.34,181,8.35,,
2022-10-01T03:00,1.24,180,8.2,,
2022-10-01T04:00,1.14,180,8.0,,
2022-10-01T05:00,1.04,179,7.9,,
2022-10-01T06:00,1.06,179,7.95,,
2022-10-01T07:00,1.06,180,8.1,,
2022-10-01T08:00,1.08,180,8.2,,
2022-10-01T09:00,1.08,180,8.2,,
2022-10-01T10:00,1.1,181,8.15,,
2022-10-01T11:00,1.1,181,8.1,,
2022-10-01T12:00,1.1,182,8.0,,
2022-10-01T13:00,1.12,183,7.85,,
2022-10-01T14:00,1.12,184,7.7,,
2022-10-01T15:00,1.14,186,7.55,,
2022-10-01T16:00,1.16,188,7.45,,
2022-10-01T17:00,1.18,190,7.4,,
2022-10-01T18:00,1.22,191,7.45,,
2022-10-01T19:00,1.28,191,7.6,,
2022-10-01T20:00,1.32,192,7.7,,
2022-10-01T21:00,1.26,192,7.65,,
2022-10-01T22:00,1.2,192,7.55,,
2022-10-01T23:00,1.14,192,7.5,,
2022-10-02T00:00,1.08,191,7.5,,
2022-10-02T01:00,1.04,189,7.6,,
2022-10-02T02:00,0.98,188,7.7,,
2022-10-02T03:00,0.96,186,7.95,,
2022-10-02T04:00,0.94,185,8.25,,
2022-10-02T05:00,0.92,183,8.4,,
2022-10-02T06:00,0.88,182,8.3,,
2022-10-02T07:00,0.82,180,8.1,,
2022-10-02T08:00,0.78,179,7.85,,
2022-10-02T09:00,0.84,181,7.55,,
2022-10-02T10:00,0.9,182,7.25,,
2022-10-02T11:00,0.96,184,6.95,,
2022-10-02T12:00,1.02,186,6.75,,
2022-10-02T13:00,1.1,189,6.6,,
2022-10-02T14:00,1.16,191,6.55,,
2022-10-02T15:00,1.18,192,6.6,,
2022-10-02T16:00,1.22,192,6.7,,
2022-10-02T17:00,1.24,193,6.85,,
2022-10-02T18:00,1.22,193,6.95,,
2022-10-02T19:00,1.22,194,7.05,,
2022-10-02T20:00,1.2,194,7.2,,
2022-10-02T21:00,1.14,194,7.35,,
2022-10-02T22:00,1.1,193,7.5,,
2022-10-02T23:00,1.04,193,7.65,,
2022-10-03T00:00,1.0,191,7.8,,
2022-10-03T01:00,0.96,188,8.0,,
2022-10-03T02:00,0.92,186,8.15,,
2022-10-03T03:00,0.9,185,8.3,,
2022-10-03T04:00,0.86,183,8.4,,
2022-10-03T05:00,0.84,182,8.5,,
2022-10-03T06:00,0.84,182,8.6,,
2022-10-03T07:00,0.82,181,8.75,,
2022-10-03T08:00,0.82,181,8.8,,
2022-10-03T09:00,0.84,182,8.8,,
2022-10-03T10:00,0.84,182,8.8,,
2022-10-03T11:00,0.86,183,8.75,,
2022-10-03T12:00,0.84,183,8.6,,
2022-10-03T13:00,0.82,184,8.4,,
2022-10-03T14:00,0.8,184,8.35,,
2022-10-03T15:00,0.82,184,8.5,,
2022-10-03T16:00,0.86,185,8.8,,
2022-10-03T17:00,0.88,185,9.05,,
2022-10-03T18:00,0.88,185,9.1,,
2022-10-03T19:00,0.88,186,9.1,,
2022-10-03T20:00,0.88,186,9.15,,
2022-10-03T21:00,0.88,186,9.3,,
2022-10-03T22:00,0.9,185,9.45,,
2022-10-03T23:00,0.9,185,9.6,,
2022-10-04T00:00,0.9,185,9.7,,
2022-10-04T01:00,0.88,184,9.8,,
2022-10-04T02:00,0.88,184,9.9,,
2022-10-04T03:00,0.88,185,9.9,,
2022-10-04T04:00,0.88,185,9.9,,
2022-10-04T05:00,0.88,186,10.05,,
2022-10-04T06:00,0.92,185,10.45,,
2022-10-04T07:00,0.94,184,11.0,,
2022-10-04T08:00,0.98,183,11.3,,
2022-10-04T09:00,0.94,182,11.2,,
2022-10-04T10:00,0.9,180,10.95,,
2022-10-04T11:00,0.86,179,10.75,,
2022-10-04T12:00,0.86,178,10.75,,
2022-10-04T13:00,0.84,178,10.85,,
2022-10-04T14:00,0.84,177,10.95,,
2022-10-04T15:00,0.84,177,10.95,,
2022-10-04T16:00,0.84,177,10.95,,
2022-10-04T17:00,0.84,177,10.9,,
2022-10-04T18:00,0.84,177,10.75,,
2022-10-04T19:00,0.86,178,10.6,,
2022-10-04T20:00,0.86,178,10.4,,
2022-10-04T21:00,0.86,178,10.25,,
2022-10-04T22:00,0.88,178,10.1,,
2022-10-04T23:00,0.88,178,9.95,,
2022-10-05T00:00,0.9,181,9.75,,
2022-10-05T01:00,0.9,184,9.5,,
2022-10-05T02:00,0.92,187,9.3,,
2022-10-05T03:00,0.92,188,9.2,,
2022-10-05T04:00,0.92,189,9.15,,
2022-10-05T05:00,0.92,190,9.2,,
2022-10-05T06:00,0.9,186,9.45,,
2022-10-05T07:00,0.86,183,9.85,,
2022-10-05T08:00,0.84,179,10.1,,
2022-10-05T09:00,0.84,178,10.2,,
2022-10-05T10:00,0.82,176,10.15,,
2022-10-05T11:00,0.82,175,10.15,,
2022-10-05T12:00,0.8,175,10.15,,
2022-10-05T13:00,0.8,176,10.15,,
2022-10-05T14:00,0.78,176,10.15,,
2022-10-05T15:00,0.78,176,10.1,,
2022-10-05T16:00,0.78,177,10.05,,
2022-10-05T17:00,0.78,177,10.0,,
2022-10-05T18:00,0.76,177,9.95,,
2022-10-05T19:00,0.76,177,9.85,,
2022-10-05T20:00,0.74,177,9.75,,
2022-10-05T21:00,0.74,177,9.6,,
2022-10-05T22:00,0.76,178,9.45,,
2022-10-05T23:00,0.76,178,9.3,,
2022-10-06T00:00,0.78,179,9.1,,
2022-10-06T01:00,0.78,179,8.95,,
2022-10-06T02:00,0.8,180,8.8,,
2022-10-06T03:00,0.8,180,8.75,,
2022-10-06T04:00,0.8,180,8.75,,
2022-10-06T05:00,0.8,180,8.75,,
2022-10-06T06:00,0.8,180,8.8,,
2022-10-06T07:00,0.78,180,8.85,,
2022-10-06T08:00,0.78,180,8.85,,
2022-10-06T09:00,0.78,180,8.7,,
2022-10-06T10:00,0.78,180,8.5,,
2022-10-06T11:00,0.78,180,8.35,,
2022-10-06T12:00,0.8,180,8.2,,
2022-10-06T13:00,0.82,181,8.1,,
2022-10-06T14:00,0.84,181,8.05,,
2022-10-06T15:00,0.86,182,8.0,,
2022-10-06T16:00,0.88,182,8.05,,
2022-10-06T17:00,0.9,183,8.05,,
2022-10-06T18:00,0.92,183,8.05,,
2022-10-06T19:00,0.92,184,8.1,,
2022-10-06T20:00,0.94,184,8.15,,
2022-10-06T21:00,0.92,184,8.25,,
2022-10-06T22:00,0.92,183,8.4,,
2022-10-06T23:00,0.9,183,8.55,,
2022-10-07T00:00,0.88,184,8.65,,
2022-10-07T01:00,0.88,185,8.75,,
2022-10-07T02:00,0.86,186,8.9,,
2022-10-07T03:00,0.84,185,9.1,,
2022-10-07T04:00,0.82,185,9.35,,
2022-10-07T05:00,0.8,184,9.6,,
2022-10-07T06:00,0.8,182,9.8,,
2022-10-07T07:00,0.82,181,10.0,,
2022-10-07T08:00,0.82,179,10.1,,
2022-10-07T09:00,0.82,179,10.15,,
2022-10-07T10:00,0.8,178,10.1,,
2022-10-07T11:00,0.8,178,10.0,,
2022-10-07T12:00,0.78,179,9.7,,
2022-10-07T13:00,0.78,179,9.35,,
2022-10-07T14:00,0.76,180,9.05,,
2022-10-07T15:00,0.78,181,8.95,,
2022-10-07T16:00,0.8,181,9.0,,
2022-10-07T17:00,0.82,182,9.0,,
2022-10-07T18:00,0.84,182,9.0,,
2022-10-07T19:00,0.86,182,9.0,,
2022-10-07T20:00,0.88,182,9.05,,
2022-10-07T21:00,0.88,181,9.2,,
2022-10-07T22:00,0.9,181,9.45,,
2022-10-07T23:00,0.9,180,9.6,,
2022-10-08T00:00,0.9,180,9.65,,
2022-10-08T01:00,0.88,179,9.65,,
2022-10-08T02:00,0.88,179,9.65,,
2022-10-08T03:00,0.88,179,9.7,,
2022-10-08T04:00,0.86,178,9.8,,
2022-10-08T05:00,0.86,178,9.95,,
2022-10-08T06:00,0.88,177,10.25,,
2022-10-08T07:00,0.88,175,10.6,,
2022-10-08T08:00,0.9,174,10.9,,
2022-10-08T09:00,0.92,173,11.15,,
2022-10-08T10:00,0.94,173,11.4,,
2022-10-08T11:00,0.96,172,11.4,,
2022-10-08T12:00,0.9,172,11.0,,
2022-10-08T13:00,0.84,171,10.45,,
2022-10-08T14:00,0.78,171,10.1,,
2022-10-08T15:00,0.84,171,10.3,,
2022-10-08T16:00,0.9,171,10.75,,
2022-10-08T17:00,0.96,171,11.1,,
2022-10-08T18:00,0.98,171,11.2,,
2022-10-08T19:00,1.02,171,11.2,,
2022-10-08T20:00,1.04,171,11.25,,
2022-10-08T21:00,1.06,171,11.35,,
2022-10-08T22:00,1.08,170,11.45,,
2022-10-08T23:00,1.1,170,11.5,,
2022-10-09T00:00,1.1,170,11.5,,
2022-10-09T01:00,1.12,169,11.5,,
2022-10-09T02:00,1.12,169,11.45,,
2022-10-09T03:00,1.12,169,11.35,,
2022-10-09T04:00,1.14,168,11.25,,
2022-10-09T05:00,1.14,168,11.2,,
2022-10-09T06:00,1.14,167,11.25,,
2022-10-09T07:00,1.14,167,11.4,,
2022-10-09T08:00,1.14,166,11.55,,
2022-10-09T09:00,1.14,166,11.65,,
2022-10-09T10:00,1.14,165,11.75,,
2022-10-09T11:00,1.14,165,11.85,,
2022-10-09T12:00,1.14,165,11.85,,
2022-10-09T13:00,1.16,164,11.85,,
2022-10-09T14:00,1.16,164,11.85,,
2022-10-09T15:00,1.14,164,11.85,,
2022-10-09T16:00,1.14,164,11.85,,
2022-10-09T17:00,1.12,164,11.85,,
2022-10-09T18:00,1.12,164,11.85,,
2022-10-09T19:00,1.14,164,11.85,,
2022-10-09T20:00,1.14,164,11.9,,
2022-10-09T21:00,1.14,164,12.0,,
2022-10-09T22:00,1.16,165,12.1,,
2022-10-09T23:00,1.16,165,12.15,,
2022-10-10T00:00,1.14,165,12.1,,
2022-10-10T01:00,1.12,164,11.95,,
2022-10-10T02:00,1.1,164,11.85,,
2022-10-10T03:00,1.08,164,11.75,,
2022-10-10T04:00,1.06,163,11.65,,
2022-10-10T05:00,1.04,163,11.6,,
2022-10-10T06:00,1.02,163,11.55,,
2022-10-10T07:00,1.02,163,11.55,,
2022-10-10T08:00,1.0,163,11.55,,
2022-10-10T09:00,0.98,163,11.5,,
2022-10-10T10:00,0.98,164,11.5,,
2022-10-10T11:00,0.96,164,11.45,,
2022-10-10T12:00,0.94,164,11.45,,
2022-10-10T13:00,0.94,164,11.4,,
2022-10-10T14:00,0.92,164,11.35,,
2022-10-10T15:00,0.92,164,11.25,,
2022-10-10T16:00,0.92,164,11.1,,
2022-10-10T17:00,0.92,164,10.9,,
2022-10-10T18:00,0.92,165,10.65,,
2022-10-10T19:00,0.9,166,10.35,,
2022-10-10T20:00,0.9,167,10.1,,
2022-10-10T21:00,0.9,168,9.9,,
2022-10-10T22:00,0.92,168,9.75,,
2022-10-10T23:00,0.92,169,9.7,,
2022-10-11T00:00,0.94,169,9.85,,
2022-10-11T01:00,0.96,169,10.1,,
2022-10-11T02:00,0.98,169,10.3,,
2022-10-11T03:00,0.94,169,10.3,,
2022-10-11T04:00,0.92,168,10.25,,
2022-10-11T05:00,0.88,168,10.15,,
2022-10-11T06:00,0.86,168,10.1,,
2022-10-11T07:00,0.84,168,10.05,,
2022-10-11T08:00,0.82,168,10.0,,
2022-10-11T09:00,0.8,168,10.0,,
2022-10-11T10:00,0.8,167,10.05,,
2022-10-11T11:00,0.78,167,10.0,,
2022-10-11T12:00,0.78,167,9.85,,
2022-10-11T13:00,0.76,167,9.6,,
2022-10-11T14:00,0.76,167,9.3,,
2022-10-11T15:00,0.78,169,8.8,,
2022-10-11T16:00,0.82,170,8.25,,
2022-10-11T17:00,0.84,172,7.8,,
2022-10-11T18:00,0.88,173,7.65,,
2022-10-11T19:00,0.94,174,7.65,,
2022-10-11T20:00,0.98,175,7.65,,
2022-10-11T21:00,0.96,175,7.55,,
2022-10-11T22:00,0.96,174,7.45,,
2022-10-11T23:00,0.94,174,7.4,,
2022-10-12T00:00,0.92,173,7.45,,
2022-10-12T01:00,0.92,173,7.55,,
2022-10-12T02:00,0.9,172,7.75,,
2022-10-12T03:00,0.9,171,8.0,,
2022-10-12T04:00,0.88,171,8.3,,
2022-10-12T05:00,0.88,170,8.6,,
2022-10-12T06:00,0.88,169,8.9,,
2022-10-12T07:00,0.88,169,9.25,,
2022-10-12T08:00,0.88,168,9.5,,
2022-10-12T09:00,0.9,168,9.7,,
2022-10-12T10:00,0.9,168,9.85,,
2022-10-12T11:00,0.92,168,9.95,,
2022-10-12T12:00,0.94,168,10.05,,
2022-10-12T13:00,0.96,168,10.1,,
2022-10-12T14:00,0.98,168,10.15,,
2022-10-12T15:00,1.0,168,10.2,,
2022-10-12T16:00,1.02,169,10.25,,
2022-10-12T17:00,1.04,169,10.3,,
2022-10-12T18:00,1.06,169,10.3,,
2022-10-12T19:00,1.08,170,10.3,,
2022-10-12T20:00,1.1,170,10.35,,
2022-10-12T21:00,1.12,170,10.45,,
2022-10-12T22:00,1.12,171,10.6,,
2022-10-12T23:00,1.14,171,10.65,,
2022-10-13T00:00,1.14,171,10.6,,
2022-10-13T01:00,1.16,170,10.5,,
2022-10-13T02:00,1.16,170,10.45,,
2022-10-13T03:00,1.14,170,10.45,,
2022-10-13T04:00,1.12,169,10.45,,
2022-10-13T05:00,1.1,169,10.45,,
2022-10-13T06:00,1.08,168,10.5,,
2022-10-13T07:00,1.06,168,10.55,,
2022-10-13T08:00,1.04,167,10.6,,
2022-10-13T09:00,1.04,167,10.7,,
2022-10-13T10:00,1.02,168,10.85,,
2022-10-13T11:00,1.02,168,10.95,,
2022-10-13T12:00,1.02,168,11.0,,
2022-10-13T13:00,1.02,168,11.05,,
2022-10-13T14:00,1.02,168,11.05,,
2022-10-13T15:00,1.04,168,10.95,,
2022-10-13T16:00,1.06,168,10.8,,
2022-10-13T17:00,1.08,168,10.6,,
2022-10-13T18:00,1.1,169,10.35,,
2022-10-13T19:00,1.14,171,10.1,,
2022-10-13T20:00,1.16,172,9.9,,
2022-10-13T21:00,1.14,172,9.8,,
2022-10-13T22:00,1.14,172,9.75,,
2022-10-13T23:00,1.12,172,9.8,,
2022-10-14T00:00,1.14,171,10.0,,
2022-10-14T01:00,1.14,171,10.3,,
2022-10-14T02:00,1.16,170,10.55,,
2022-10-14T03:00,1.16,169,10.6,,
2022-10-14T04:00,1.16,169,10.6,,
2022-10-14T05:00,1.16,168,10.55,,
2022-10-14T06:00,1.16,167,10.5,,
2022-10-14T07:00,1.14,166,10.35,,
2022-10-14T08:00,1.14,165,10.3,,
2022-10-14T09:00,1.14,165,10.3,,
2022-10-14T10:00,1.14,166,10.3,,
2022-10-14T11:00,1.14,166,10.3,,
2022-10-14T12:00,1.14,167,10.25,,
2022-10-14T13:00,1.12,167,10.2,,
2022-10-14T14:00,1.12,168,10.1,,
2022-10-14T15:00,1.12,169,9.9,,
2022-10-14T16:00,1.14,169,9.65,,
2022-10-14T17:00,1.14,170,9.45,,
2022-10-14T18:00,1.22,171,9.4,,
2022-10-14T19:00,1.28,172,9.45,,
2022-10-14T20:00,1.36,173,9.5,,
2022-10-14T21:00,1.3,173,9.45,,
2022-10-14T22:00,1.26,172,9.35,,
2022-10-14T23:00,1.2,172,9.35,,
2022-10-15T00:00,1.18,172,9.45,,
2022-10-15T01:00,1.14,171,9.55,,
2022-10-15T02:00,1.12,171,9.7,,
2022-10-15T03:00,1.12,171,9.85,,
2022-10-15T04:00,1.1,171,10.0,,
2022-10-15T05:00,1.1,171,10.15,,
2022-10-15T06:00,1.08,171,10.25,,
2022-10-15T07:00,1.08,171,10.35,,
2022-10-15T08:00,1.06,171,10.4,,
2022-10-15T09:00,1.04,171,10.4,,
2022-10-15T10:00,1.0,171,10.35,,
2022-10-15T11:00,0.98,171,10.3,,
2022-10-15T12:00,1.0,171,10.35,,
2022-10-15T13:00,1.0,170,10.4,,
2022-10-15T14:00,1.02,170,10.4,,
2022-10-15T15:00,1.02,170,10.35,,
2022-10-15T16:00,1.04,170,10.3,,
2022-10-15T17:00,1.04,170,10.15,,
2022-10-15T18:00,1.04,170,9.85,,
2022-10-15T19:00,1.04,171,9.5,,
2022-10-15T20:00,1.04,171,9.15,,
2022-10-15T21:00,1.04,173,8.8,,
2022-10-15T22:00,1.06,174,8.4,,
2022-10-15T23:00,1.06,176,8.2,,
2022-10-16T00:00,1.06,175,8.2,,
2022-10-16T01:00,1.04,174,8.35,,
2022-10-16T02:00,1.04,173,8.55,,
2022-10-16T03:00,1.04,172,8.8,,
2022-10-16T04:00,1.04,172,9.05,,
2022-10-16T05:00,1.04,171,9.25,,
2022-10-16T06:00,1.02,171,9.35,,
2022-10-16T07:00,1.0,170,9.35,,
2022-10-16T08:00,0.98,170,9.4,,
2022-10-16T09:00,0.98,170,9.45,,
2022-10-16T10:00,0.96,170,9.55,,
2022-10-16T11:00,0.96,170,9.55,,
2022-10-16T12:00,0.94,170,9.55,,
2022-10-16T13:00,0.94,170,9.5,,
2022-10-16T14:00,0.92,170,9.3,,
2022-10-16T15:00,0.96,172,8.85,,
2022-10-16T16:00,1.02,173,8.2,,
2022-10-16T17:00,1.06,175,7.7,,
2022-10-16T18:00,1.1,176,7.4,,
2022-10-16T19:00,1.12,178,7.25,,
2022-10-16T20:00,1.16,179,7.15,,
2022-10-16T21:00,1.16,179,7.1,,
2022-10-16T22:00,1.16,180,7.1,,
2022-10-16T23:00,1.16,180,7.15,,
2022-10-17T00:00,1.14,180,7.25,,
2022-10-17T01:00,1.1,179,7.35,,
2022-10-17T02:00,1.08,179,7.45,,
2022-10-17T03:00,1.06,178,7.55,,
2022-10-17T04:00,1.04,178,7.7,,
2022-10-17T05:00,1.02,177,7.8,,
2022-10-17T06:00,1.0,177,7.9,,
2022-10-17T07:00,1.0,176,7.95,,
2022-10-17T08:00,0.98,176,8.0,,
2022-10-17T09:00,0.98,176,8.0,,
2022-10-17T10:00,1.0,177,7.95,,
2022-10-17T11:00,1.0,177,7.85,,
2022-10-17T12:00,1.0,177,7.75,,
2022-10-17T13:00,1.02,178,7.6,,
2022-10-17T14:00,1.02,178,7.5,,
2022-10-17T15:00,1.02,179,7.45,,
2022-10-17T16:00,1.04,179,7.4,,
2022-10-17T17:00,1.04,180,7.35,,
2022-10-17T18:00,1.02,180,7.35,,
2022-10-17T19:00,1.0,179,7.35,,
2022-10-17T20:00,0.98,179,7.4,,
2022-10-17T21:00,0.98,179,7.5,,
2022-10-17T22:00,0.98,178,7.65,,
2022-10-17T23:00,0.98,178,7.75,,
2022-10-18T00:00,0.96,178,7.75,,
2022-10-18T01:00,0.94,178,7.75,,
2022-10-18T02:00,0.92,178,7.75,,
2022-10-18T03:00,0.92,178,7.75,,
2022-10-18T04:00,0.9,179,7.8,,
2022-10-18T05:00,0.9,179,7.8,,
2022-10-18T06:00,0.9,180,7.8,,
2022-10-18T07:00,0.9,180,7.75,,
2022-10-18T08:00,0.9,181,7.75,,
2022-10-18T09:00,0.88,181,7.75,,
2022-10-18T10:00,0.88,181,7.8,,
2022-10-18T11:00,0.86,181,7.85,,
2022-10-18T12:00,0.86,181,8.0,,
2022-10-18T13:00,0.88,181,8.2,,
2022-10-18T14:00,0.88,181,8.25,,
2022-10-18T15:00,0.88,182,8.15,,
2022-10-18T16:00,0.9,182,7.9,,
2022-10-18T17:00,0.9,183,7.7,,
2022-10-18T18:00,0.9,184,7.5,,
2022-10-18T19:00,0.9,185,7.3,,
2022-10-18T20:00,0.9,186,7.2,,
2022-10-18T21:00,0.88,186,7.25,,
2022-10-18T22:00,0.84,185,7.35,,
2022-10-18T23:00,0.82,185,7.5,,
2022-10-19T00:00,0.8,184,7.6,,
2022-10-19T01:00,0.78,184,7.7,,
2022-10-19T02:00,0.76,183,7.8,,
2022-10-19T03:00,0.74,182,7.95,,
2022-10-19T04:00,0.74,182,8.05,,
2022-10-19T05:00,0.72,181,8.2,,
2022-10-19T06:00,0.72,181,8.3,,
2022-10-19T07:00,0.7,180,8.4,,
2022-10-19T08:00,0.7,180,8.45,,
2022-10-19T09:00,0.7,180,8.5,,
2022-10-19T10:00,0.68,179,8.55,,
2022-10-19T11:00,0.68,179,8.55,,
2022-10-19T12:00,0.68,179,8.55,,
2022-10-19T13:00,0.66,180,8.5,,
2022-10-19T14:00,0.66,180,8.45,,
2022-10-19T15:00,0.66,180,8.45,,
2022-10-19T16:00,0.66,181,8.45,,
2022-10-19T17:00,0.66,181,8.5,,
2022-10-19T18:00,0.66,181,8.6,,
2022-10-19T19:00,0.66,181,8.65,,
2022-10-19T20:00,0.66,181,8.75,,
2022-10-19T21:00,0.66,181,8.8,,
2022-10-19T22:00,0.66,181,8.85,,
2022-10-19T23:00,0.66,181,8.8,,
2022-10-20T00:00,0.68,181,8.65,,
2022-10-20T01:00,0.68,182,8.4,,
2022-10-20T02:00,0.7,182,8.25,,
2022-10-20T03:00,0.68,182,8.2,,
2022-10-20T04:00,0.68,181,8.2,,
2022-10-20T05:00,0.66,181,8.35,,
2022-10-20T06:00,0.72,180,8.85,,
2022-10-20T07:00,0.78,180,9.55,,
2022-10-20T08:00,0.84,179,9.9,,
2022-10-20T09:00,0.76,179,9.65,,
2022-10-20T10:00,0.7,178,9.15,,
2022-10-20T11:00,0.62,178,8.75,,
2022-10-20T12:00,0.6,178,8.7,,
2022-10-20T13:00,0.6,177,8.8,,
2022-10-20T14:00,0.58,177,8.85,,
2022-10-20T15:00,0.58,177,8.85,,
2022-10-20T16:00,0.58,178,8.85,,
2022-10-20T17:00,0.58,178,8.8,,
2022-10-20T18:00,0.6,179,8.55,,
2022-10-20T19:00,0.62,181,8.25,,
2022-10-20T20:00,0.64,182,8.05,,
2022-10-20T21:00,0.66,182,8.15,,
2022-10-20T22:00,0.7,182,8.45,,
2022-10-20T23:00,0.72,182,8.6,,
2022-10-21T00:00,0.7,181,8.55,,
2022-10-21T01:00,0.68,180,8.4,,
2022-10-21T02:00,0.66,179,8.3,,
2022-10-21T03:00,0.64,178,8.3,,
2022-10-21T04:00,0.64,176,8.3,,
2022-10-21T05:00,0.62,175,8.4,,
2022-10-21T06:00,0.6,173,8.6,,
2022-10-21T07:00,0.6,172,8.85,,
2022-10-21T08:00,0.58,170,9.1,,
2022-10-21T09:00,0.58,170,9.3,,
2022-10-21T10:00,0.58,169,9.55,,
2022-10-21T11:00,0.58,169,9.7,,
2022-10-21T12:00,0.58,169,9.8,,
2022-10-21T13:00,0.58,168,9.85,,
2022-10-21T14:00,0.58,168,9.9,,
2022-10-21T15:00,0.58,168,10.05,,
2022-10-21T16:00,0.6,168,10.2,,
2022-10-21T17:00,0.6,168,10.3,,
2022-10-21T18:00,0.6,168,10.35,,
2022-10-21T19:00,0.6,167,10.35,,
2022-10-21T20:00,0.6,167,10.4,,
2022-10-21T21:00,0.6,167,10.5,,
2022-10-21T22:00,0.6,167,10.55,,
2022-10-21T23:00,0.6,167,10.65,,
2022-10-22T00:00,0.6,166,10.7,,
2022-10-22T01:00,0.62,166,10.7,,
2022-10-22T02:00,0.62,165,10.75,,
2022-10-22T03:00,0.62,165,10.8,,
2022-10-22T04:00,0.62,165,10.8,,
2022-10-22T05:00,0.62,165,10.85,,
2022-10-22T06:00,0.62,165,10.9,,
2022-10-22T07:00,0.62,165,10.95,,
2022-10-22T08:00,0.62,165,11.0,,
2022-10-22T09:00,0.62,165,11.05,,
2022-10-22T10:00,0.64,164,11.1,,
2022-10-22T11:00,0.64,164,11.15,,
2022-10-22T12:00,0.64,164,11.15,,
2022-10-22T13:00,0.62,164,11.1,,
2022-10-22T14:00,0.62,164,11.1,,
2022-10-22T15:00,0.62,164,11.1,,
2022-10-22T16:00,0.62,164,11.05,,
2022-10-22T17:00,0.62,164,11.05,,
2022-10-22T18:00,0.62,164,11.05,,
2022-10-22T19:00,0.64,164,11.05,,
2022-10-22T20:00,0.64,164,11.05,,
2022-10-22T21:00,0.64,164,11.05,,
2022-10-22T22:00,0.62,165,11.05,,
2022-10-22T23:00,0.62,165,11.05,,
2022-10-23T00:00,0.62,165,11.05,,
2022-10-23T01:00,0.64,165,11.05,,
2022-10-23T02:00,0.64,165,11.0,,
2022-10-23T03:00,0.64,165,10.95,,
2022-10-23T04:00,0.64,166,10.9,,
2022-10-23T05:00,0.64,166,10.85,,
2022-10-23T06:00,0.64,166,10.85,,
2022-10-23T07:00,0.64,166,10.85,,
2022-10-23T08:00,0.64,166,10.9,,
2022-10-23T09:00,0.64,166,10.95,,
2022-10-23T10:00,0.66,167,11.0,,
2022-10-23T11:00,0.66,167,11.05,,
2022-10-23T12:00,0.66,167,11.05,,
2022-10-23T13:00,0.66,168,11.1,,
2022-10-23T14:00,0.66,168,11.0,,
2022-10-23T15:00,0.68,169,10.8,,
2022-10-23T16:00,0.7,171,10.5,,
2022-10-23T17:00,0.72,172,10.25,,
2022-10-23T18:00,0.74,173,10.0,,
2022-10-23T19:00,0.76,174,9.75,,
2022-10-23T20:00,0.78,175,9.6,,
2022-10-23T21:00,0.78,175,9.55,,
2022-10-23T22:00,0.8,176,9.6,,
2022-10-23T23:00,0.8,176,9.65,,
2022-10-24T00:00,0.8,176,9.65,,
2022-10-24T01:00,0.82,177,9.6,,
2022-10-24T02:00,0.82,177,9.7,,
2022-10-24T03:00,0.86,177,9.95,,
2022-10-24T04:00,0.9,177,10.35,,
2022-10-24T05:00,0.94,177,10.55,,
2022-10-24T06:00,0.92,177,10.5,,
2022-10-24T07:00,0.9,176,10.3,,
2022-10-24T08:00,0.88,176,10.2,,
2022-10-24T09:00,0.9,176,10.3,,
2022-10-24T10:00,0.92,177,10.5,,
2022-10-24T11:00,0.94,177,10.55,,
2022-10-24T12:00,0.9,177,10.3,,
2022-10-24T13:00,0.86,177,9.95,,
2022-10-24T14:00,0.82,177,9.65,,
2022-10-24T15:00,0.82,178,9.5,,
2022-10-24T16:00,0.82,178,9.4,,
2022-10-24T17:00,0.82,179,9.35,,
2022-10-24T18:00,0.82,179,9.3,,
2022-10-24T19:00,0.82,179,9.25,,
2022-10-24T20:00,0.82,179,9.2,,
2022-10-24T21:00,0.82,179,9.2,,
2022-10-24T22:00,0.82,179,9.2,,
2022-10-24T23:00,0.82,179,9.25,,
2022-10-25T00:00,0.82,179,9.35,,
2022-10-25T01:00,0.8,179,9.45,,
2022-10-25T02:00,0.8,179,9.55,,
2022-10-25T03:00,0.8,179,9.7,,
2022-10-25T04:00,0.82,178,9.85,,
2022-10-25T05:00,0.82,178,9.95,,
2022-10-25T06:00,0.82,178,10.0,,
2022-10-25T07:00,0.8,177,10.05,,
2022-10-25T08:00,0.8,177,10.1,,
2022-10-25T09:00,0.8,177,10.15,,
2022-10-25T10:00,0.82,176,10.15,,
2022-10-25T11:00,0.82,176,10.2,,
2022-10-25T12:00,0.82,176,10.25,,
2022-10-25T13:00,0.82,175,10.35,,
2022-10-25T14:00,0.82,175,10.4,,
2022-10-25T15:00,0.84,175,10.5,,
2022-10-25T16:00,0.84,175,10.55,,
2022-10-25T17:00,0.86,175,10.6,,
2022-10-25T18:00,0.88,175,10.6,,
2022-10-25T19:00,0.88,175,10.55,,
2022-10-25T20:00,0.9,175,10.5,,
2022-10-25T21:00,0.9,174,10.5,,
2022-10-25T22:00,0.92,174,10.55,,
2022-10-25T23:00,0.92,173,10.6,,
2022-10-26T00:00,0.92,173,10.65,,
2022-10-26T01:00,0.9,172,10.7,,
2022-10-26T02:00,0.9,172,10.75,,
2022-10-26T03:00,0.92,171,10.8,,
2022-10-26T04:00,0.92,171,10.9,,
2022-10-26T05:00,0.94,170,10.9,,
2022-10-26T06:00,0.94,169,10.8,,
2022-10-26T07:00,0.96,168,10.6,,
2022-10-26T08:00,0.96,167,10.45,,
2022-10-26T09:00,0.96,166,10.4,,
2022-10-26T10:00,0.94,166,10.45,,
2022-10-26T11:00,0.94,165,10.45,,
2022-10-26T12:00,0.94,165,10.4,,
2022-10-26T13:00,0.94,165,10.35,,
2022-10-26T14:00,0.94,165,10.3,,
2022-10-26T15:00,0.94,165,10.35,,
2022-10-26T16:00,0.94,166,10.4,,
2022-10-26T17:00,0.94,166,10.4,,
2022-10-26T18:00,0.94,166,10.35,,
2022-10-26T19:00,0.96,165,10.25,,
2022-10-26T20:00,0.96,165,10.2,,
2022-10-26T21:00,0.96,164,10.15,,
2022-10-26T22:00,0.98,163,10.15,,
2022-10-26T23:00,0.98,162,10.05,,
2022-10-27T00:00,0.96,160,9.8,,
2022-10-27T01:00,0.96,157,9.5,,
2022-10-27T02:00,0.94,155,9.2,,
2022-10-27T03:00,0.92,155,9.0,,
2022-10-27T04:00,0.9,156,8.85,,
2022-10-27T05:00,0.88,156,8.75,,
2022-10-27T06:00,0.86,157,8.8,,
2022-10-27T07:00,0.84,158,8.9,,
2022-10-27T08:00,0.82,159,9.05,,
2022-10-27T09:00,0.82,160,9.15,,
2022-10-27T10:00,0.82,160,9.25,,
2022-10-27T11:00,0.82,161,9.4,,
2022-10-27T12:00,0.82,162,9.6,,
2022-10-27T13:00,0.84,162,9.9,,
2022-10-27T14:00,0.84,163,10.1,,
2022-10-27T15:00,0.86,163,10.35,,
2022-10-27T16:00,0.88,164,10.55,,
2022-10-27T17:00,0.9,164,10.5,,
2022-10-27T18:00,0.8,165,9.95,,
2022-10-27T19:00,0.68,166,9.1,,
2022-10-27T20:00,0.58,167,8.65,,
2022-10-27T21:00,0.66,167,8.95,,
2022-10-27T22:00,0.72,167,9.6,,
2022-10-27T23:00,0.8,167,10.15,,
2022-10-28T00:00,0.84,167,10.45,,
2022-10-28T01:00,0.88,166,10.65,,
2022-10-28T02:00,0.92,166,10.8,,
2022-10-28T03:00,0.94,166,10.9,,
2022-10-28T04:00,0.94,165,10.9,,
2022-10-28T05:00,0.96,165,10.9,,
2022-10-28T06:00,0.96,165,10.95,,
2022-10-28T07:00,0.96,165,10.95,,
2022-10-28T08:00,0.96,165,10.9,,
2022-10-28T09:00,0.92,165,10.7,,
2022-10-28T10:00,0.88,165,10.45,,
2022-10-28T11:00,0.84,165,10.25,,
2022-10-28T12:00,0.86,164,10.2,,
2022-10-28T13:00,0.88,164,10.25,,
2022-10-28T14:00,0.9,163,10.2,,
2022-10-28T15:00,0.9,160,10.0,,
2022-10-28T16:00,0.9,157,9.7,,
2022-10-28T17:00,0.9,154,9.5,,
2022-10-28T18:00,0.92,151,9.4,,
2022-10-28T19:00,0.92,147,9.4,,
2022-10-28T20:00,0.94,144,9.4,,
2022-10-28T21:00,0.96,143,9.45,,
2022-10-28T22:00,0.96,141,9.5,,
2022-10-28T23:00,0.98,140,9.6,,
2022-10-29T00:00,1.0,141,9.7,,
2022-10-29T01:00,1.02,141,9.85,,
2022-10-29T02:00,1.04,142,10.0,,
2022-10-29T03:00,1.04,143,10.1,,
2022-10-29T04:00,1.06,144,10.2,,
2022-10-29T05:00,1.06,145,10.3,,
2022-10-29T06:00,1.06,147,10.45,,
2022-10-29T07:00,1.06,148,10.6,,
2022-10-29T08:00,1.06,150,10.7,,
2022-10-29T09:00,1.06,149,10.65,,
2022-10-29T10:00,1.06,147,10.55,,
2022-10-29T11:00,1.06,146,10.45,,
2022-10-29T12:00,1.08,144,10.35,,
2022-10-29T13:00,1.08,143,10.2,,
2022-10-29T14:00,1.1,141,10.1,,
2022-10-29T15:00,1.12,138,9.95,,
2022-10-29T16:00,1.14,136,9.8,,
2022-10-29T17:00,1.16,133,9.75,,
2022-10-29T18:00,1.16,133,9.8,,
2022-10-29T19:00,1.16,134,9.9,,
2022-10-29T20:00,1.16,134,10.05,,
2022-10-29T21:00,1.16,137,10.2,,
2022-10-29T22:00,1.14,139,10.35,,
2022-10-29T23:00,1.14,142,10.45,,
2022-10-30T00:00,1.14,144,10.55,,
2022-10-30T01:00,1.12,147,10.55,,
2022-10-30T02:00,1.12,149,10.6,,
2022-10-30T03:00,1.12,150,10.6,,
2022-10-30T04:00,1.1,150,10.6,,
2022-10-30T05:00,1.1,151,10.55,,
2022-10-30T06:00,1.08,152,10.5,,
2022-10-30T07:00,1.08,152,10.4,,
2022-10-30T08:00,1.06,153,10.4,,
2022-10-30T09:00,1.06,155,10.5,,
2022-10-30T10:00,1.04,156,10.65,,
2022-10-30T11:00,1.04,158,10.75,,
2022-10-30T12:00,1.02,159,10.8,,
2022-10-30T13:00,1.0,160,10.75,,
2022-10-30T14:00,0.98,161,10.75,,
2022-10-30T15:00,1.0,161,10.75,,
2022-10-30T16:00,1.02,160,10.7,,
2022-10-30T17:00,1.04,160,10.65,,
2022-10-30T18:00,1.04,159,10.6,,
2022-10-30T19:00,1.02,157,10.5,,
2022-10-30T20:00,1.02,156,10.45,,
2022-10-30T21:00,1.0,156,10.45,,
2022-10-30T22:00,0.98,156,10.45,,
2022-10-30T23:00,0.96,156,10.45,,
2022-10-31T00:00,0.96,156,10.5,,
2022-10-31T01:00,0.96,157,10.6,,
2022-10-31T02:00,0.96,157,10.65,,
2022-10-31T03:00,0.96,156,10.6,,
2022-10-31T04:00,0.94,155,10.5,,
2022-10-31T05:00,0.94,154,10.35,,
2022-10-31T06:00,0.94,152,10.2,,
2022-10-31T07:00,0.94,151,10.05,,
2022-10-31T08:00,0.94,149,9.95,,
2022-10-31T09:00,0.94,149,9.9,,
2022-10-31T10:00,0.96,148,9.9,,
2022-10-31T11:00,0.96,148,9.9,,
2022-10-31T12:00,0.96,147,9.9,,
2022-10-31T13:00,0.96,146,9.85,,
2022-10-31T14:00,0.96,145,9.7,,
2022-10-31T15:00,0.94,140,9.3,,
2022-10-31T16:00,0.92,134,8.75,,
2022-10-31T17:00,0.9,129,8.35,,
2022-10-31T18:00,0.94,126,8.2,,
2022-10-31T19:00,0.98,124,8.2,,
2022-10-31T20:00,1.02,121,8.25,,
2022-10-31T21:00,1.02,123,8.3,,
2022-10-31T22:00,1.0,125,8.45,,
2022-10-31T23:00,1.0,127,8.65,,
2022-11-01T00:00,0.98,132,8.95,,
2022-11-01T01:00,0.98,137,9.3,,
2022-11-01T02:00,0.96,142,9.65,,
2022-11-01T03:00,0.94,146,9.95,,
2022-11-01T04:00,0.94,151,10.25,,
2022-11-01T05:00,0.92,155,10.5,,
2022-11-01T06:00,0.92,157,10.7,,
2022-11-01T07:00,0.9,160,10.85,,
2022-11-01T08:00,0.9,162,11.0,,
2022-11-01T09:00,0.9,163,11.1,,
2022-11-01T10:00,0.9,164,11.2,,
2022-11-01T11:00,0.9,165,11.3,,
2022-11-01T12:00,0.9,165,11.35,,
2022-11-01T13:00,0.88,166,11.4,,
2022-11-01T14:00,0.88,166,11.4,,
2022-11-01T15:00,0.88,167,11.4,,
2022-11-01T16:00,0.88,167,11.45,,
2022-11-01T17:00,0.88,168,11.45,,
2022-11-01T18:00,0.88,168,11.45,,
2022-11-01T19:00,0.88,168,11.5,,
2022-11-01T20:00,0.88,168,11.5,,
2022-11-01T21:00,0.88,168,11.5,,
2022-11-01T22:00,0.88,169,11.5,,
2022-11-01T23:00,0.88,169,11.5,,
2022-11-02T00:00,0.88,169,11.45,,
2022-11-02T01:00,0.86,169,11.35,,
2022-11-02T02:00,0.86,169,11.25,,
2022-11-02T03:00,0.86,169,11.2,,
2022-11-02T04:00,0.84,170,11.1,,
2022-11-02T05:00,0.84,170,11.1,,
2022-11-02T06:00,0.86,170,11.15,,
2022-11-02T07:00,0.88,170,11.2,,
2022-11-02T08:00,0.9,170,11.25,,
2022-11-02T09:00,0.9,170,11.25,,
2022-11-02T10:00,0.9,170,11.25,,
2022-11-02T11:00,0.9,170,11.2,,
2022-11-02T12:00,0.9,170,11.1,,
2022-11-02T13:00,0.92,169,11.0,,
2022-11-02T14:00,0.92,169,10.9,,
2022-11-02T15:00,0.92,169,10.85,,
2022-11-02T16:00,0.9,168,10.85,,
2022-11-02T17:00,0.9,168,10.85,,
2022-11-02T18:00,0.9,168,10.85,,
2022-11-02T19:00,0.92,168,10.8,,
2022-11-02T20:00,0.92,168,10.8,,
2022-11-02T21:00,0.92,168,10.8,,
2022-11-02T22:00,0.9,167,10.8,,
2022-11-02T23:00,0.9,167,10.8,,
2022-11-03T00:00,0.9,167,10.85,,
2022-11-03T01:00,0.9,166,10.9,,
2022-11-03T02:00,0.9,166,10.95,,
2022-11-03T03:00,0.9,166,11.0,,
2022-11-03T04:00,0.92,166,11.05,,
2022-11-03T05:00,0.92,166,11.05,,
2022-11-03T06:00,0.92,166,11.05,,
2022-11-03T07:00,0.94,165,11.05,,
2022-11-03T08:00,0.94,165,11.05,,
2022-11-03T09:00,0.94,165,11.05,,
2022-11-03T10:00,0.94,165,11.05,,
2022-11-03T11:00,0.94,165,11.05,,
2022-11-03T12:00,0.94,165,11.05,,
2022-11-03T13:00,0.96,165,11.0,,
2022-11-03T14:00,0.96,165,11.05,,
2022-11-03T15:00,0.98,165,11.2,,
2022-11-03T16:00,1.02,164,11.4,,
2022-11-03T17:00,1.04,164,11.5,,
2022-11-03T18:00,1.02,164,11.4,,
2022-11-03T19:00,1.0,164,11.25,,
2022-11-03T20:00,0.98,164,11.1,,
2022-11-03T21:00,0.96,164,11.0,,
2022-11-03T22:00,0.96,164,10.95,,
2022-11-03T23:00,0.94,164,10.9,,
2022-11-04T00:00,0.94,164,10.9,,
2022-11-04T01:00,0.94,165,10.9,,
2022-11-04T02:00,0.94,165,10.9,,
2022-11-04T03:00,0.96,164,10.85,,
2022-11-04T04:00,0.96,164,10.8,,
2022-11-04T05:00,0.98,163,10.75,,
2022-11-04T06:00,0.98,162,10.65,,
2022-11-04T07:00,0.98,162,10.55,,
2022-11-04T08:00,0.98,161,10.45,,
2022-11-04T09:00,0.98,160,10.35,,
2022-11-04T10:00,0.98,160,10.3,,
2022-11-04T11:00,0.98,159,10.25,,
2022-11-04T12:00,0.98,159,10.25,,
2022-11-04T13:00,0.96,160,10.35,,
2022-11-04T14:00,0.96,160,10.4,,
2022-11-04T15:00,0.96,160,10.5,,
2022-11-04T16:00,0.96,160,10.6,,
2022-11-04T17:00,0.96,160,10.7,,
2022-11-04T18:00,0.96,160,10.75,,
2022-11-04T19:00,0.98,159,10.75,,
2022-11-04T20:00,0.98,159,10.7,,
2022-11-04T21:00,1.0,157,10.55,,
2022-11-04T22:00,1.04,156,10.35,,
2022-11-04T23:00,1.06,154,10.15,,
2022-11-05T00:00,1.08,151,9.95,,
2022-11-05T01:00,1.08,149,9.75,,
2022-11-05T02:00,1.1,146,9.6,,
2022-11-05T03:00,1.12,144,9.45,,
2022-11-05T04:00,1.12,143,9.35,,
2022-11-05T05:00,1.14,141,9.3,,
2022-11-05T06:00,1.14,141,9.25,,
2022-11-05T07:00,1.14,140,9.25,,
2022-11-05T08:00,1.14,140,9.3,,
2022-11-05T09:00,1.14,140,9.35,,
2022-11-05T10:00,1.14,141,9.4,,
2022-11-05T11:00,1.14,141,9.5,,
2022-11-05T12:00,1.14,142,9.65,,
2022-11-05T13:00,1.12,143,9.8,,
2022-11-05T14:00,1.12,144,9.85,,
2022-11-05T15:00,1.04,146,9.7,,
2022-11-05T16:00,0.98,148,9.5,,
2022-11-05T17:00,0.9,150,9.45,,
2022-11-05T18:00,0.94,152,9.8,,
2022-11-05T19:00,1.0,154,10.35,,
2022-11-05T20:00,1.04,156,10.75,,
2022-11-05T21:00,1.04,156,10.8,,
2022-11-05T22:00,1.06,155,10.75,,
2022-11-05T23:00,1.06,155,10.6,,
2022-11-06T00:00,1.06,154,10.45,,
2022-11-06T01:00,1.04,152,10.25,,
2022-11-06T02:00,1.04,151,10.0,,
2022-11-06T03:00,1.04,149,9.75,,
2022-11-06T04:00,1.02,147,9.45,,
2022-11-06T05:00,1.02,145,9.2,,
2022-11-06T06:00,1.0,143,9.05,,
2022-11-06T07:00,1.0,141,8.95,,
2022-11-06T08:00,0.98,139,8.9,,
2022-11-06T09:00,0.98,139,8.95,,
2022-11-06T10:00,0.98,140,9.0,,
2022-11-06T11:00,0.98,140,9.1,,
2022-11-06T12:00,0.98,141,9.2,,
2022-11-06T13:00,0.96,142,9.25,,
2022-11-06T14:00,0.96,143,9.3,,
2022-11-06T15:00,0.96,142,9.25,,
2022-11-06T16:00,0.96,142,9.2,,
2022-11-06T17:00,0.96,141,9.1,,
2022-11-06T18:00,0.96,140,9.0,,
2022-11-06T19:00,0.94,138,8.85,,
2022-11-06T20:00,0.94,137,8.75,,
2022-11-06T21:00,0.92,137,8.7,,
2022-11-06T22:00,0.92,138,8.7,,
2022-11-06T23:00,0.9,138,8.7,,
2022-11-07T00:00,0.9,139,8.7,,
2022-11-07T01:00,0.9,140,8.7,,
2022-11-07T02:00,0.9,141,8.65,,
2022-11-07T03:00,0.9,139,8.55,,
2022-11-07T04:00,0.9,137,8.4,,
2022-11-07T05:00,0.9,135,8.3,,
2022-11-07T06:00,0.88,134,8.2,,
2022-11-07T07:00,0.88,133,8.15,,
2022-11-07T08:00,0.86,132,8.15,,
2022-11-07T09:00,0.84,135,8.25,,
2022-11-07T10:00,0.8,137,8.45,,
2022-11-07T11:00,0.78,140,8.65,,
2022-11-07T12:00,0.8,141,8.9,,
2022-11-07T13:00,0.82,143,9.15,,
2022-11-07T14:00,0.84,144,9.35,,
2022-11-07T15:00,0.86,143,9.4,,
2022-11-07T16:00,0.88,142,9.4,,
2022-11-07T17:00,0.9,141,9.3,,
2022-11-07T18:00,0.92,136,9.05,,
2022-11-07T19:00,0.96,131,8.65,,
2022-11-07T20:00,0.98,126,8.3,,
2022-11-07T21:00,1.02,121,8.0,,
2022-11-07T22:00,1.04,115,7.7,,
2022-11-07T23:00,1.08,110,7.5,,
2022-11-08T00:00,1.08,109,7.4,,
2022-11-08T01:00,1.08,108,7.4,,
2022-11-08T02:00,1.08,107,7.4,,
2022-11-08T03:00,1.04,108,7.4,,
2022-11-08T04:00,1.0,110,7.4,,
2022-11-08T05:00,0.96,111,7.4,,
2022-11-08T06:00,0.92,113,7.4,,
2022-11-08T07:00,0.9,114,7.45,,
2022-11-08T08:00,0.86,116,7.45,,
2022-11-08T09:00,0.84,116,7.45,,
2022-11-08T10:00,0.84,116,7.4,,
2022-11-08T11:00,0.82,116,7.4,,
2022-11-08T12:00,0.82,115,7.35,,
2022-11-08T13:00,0.8,114,7.35,,
2022-11-08T14:00,0.8,113,7.3,,
2022-11-08T15:00,0.8,112,7.3,,
2022-11-08T16:00,0.82,112,7.3,,
2022-11-08T17:00,0.82,111,7.3,,
2022-11-08T18:00,0.84,110,7.3,,
2022-11-08T19:00,0.84,108,7.3,,
2022-11-08T20:00,0.86,107,7.3,,
2022-11-08T21:00,0.88,107,7.35,,
2022-11-08T22:00,0.88,107,7.4,,
2022-11-08T23:00,0.9,107,7.45,,
2022-11-09T00:00,0.9,107,7.45,,
2022-11-09T01:00,0.92,107,7.45,,
2022-11-09T02:00,0.92,107,7.45,,
2022-11-09T03:00,0.94,107,7.6,,
2022-11-09T04:00,0.98,108,7.75,,
2022-11-09T05:00,1.0,108,7.85,,
2022-11-09T06:00,1.0,107,7.8,,
2022-11-09T07:00,0.98,107,7.7,,
2022-11-09T08:00,0.98,106,7.65,,
2022-11-09T09:00,0.96,107,7.7,,
2022-11-09T10:00,0.96,108,7.8,,
2022-11-09T11:00,0.94,109,7.85,,
2022-11-09T12:00,0.94,109,7.85,,
2022-11-09T13:00,0.92,108,7.8,,
2022-11-09T14:00,0.92,108,7.7,,
2022-11-09T15:00,0.94,106,7.6,,
2022-11-09T16:00,0.94,103,7.45,,
2022-11-09T17:00,0.96,101,7.3,,
2022-11-09T18:00,0.92,100,7.0,,
2022-11-09T19:00,0.86,99,6.7,,
2022-11-09T20:00,0.82,98,6.5,,
2022-11-09T21:00,0.86,99,6.6,,
2022-11-09T22:00,0.88,100,6.85,,
2022-11-09T23:00,0.92,101,7.1,,
2022-11-10T00:00,0.94,101,7.35,,
2022-11-10T01:00,0.96,102,7.6,,
2022-11-10T02:00,0.98,102,7.8,,
2022-11-10T03:00,0.98,101,7.9,,
2022-11-10T04:00,0.98,99,7.9,,
2022-11-10T05:00,0.98,98,7.9,,
2022-11-10T06:00,0.98,98,7.9,,
2022-11-10T07:00,0.96,98,7.85,,
2022-11-10T08:00,0.96,98,7.9,,
2022-11-10T09:00,0.94,101,8.05,,
2022-11-10T10:00,0.94,103,8.25,,
2022-11-10T11:00,0.92,106,8.45,,
2022-11-10T12:00,0.9,109,8.6,,
2022-11-10T13:00,0.9,113,8.7,,
2022-11-10T14:00,0.88,116,8.8,,
2022-11-10T15:00,0.88,118,8.9,,
2022-11-10T16:00,0.86,121,8.95,,
2022-11-10T17:00,0.86,123,9.05,,
2022-11-10T18:00,0.86,126,9.15,,
2022-11-10T19:00,0.86,129,9.3,,
2022-11-10T20:00,0.86,132,9.4,,
2022-11-10T21:00,0.86,134,9.55,,
2022-11-10T22:00,0.86,136,9.7,,
2022-11-10T23:00,0.86,138,9.8,,
2022-11-11T00:00,0.86,138,9.8,,
2022-11-11T01:00,0.88,139,9.75,,
2022-11-11T02:00,0.88,139,9.6,,
2022-11-11T03:00,0.88,136,9.4,,
2022-11-11T04:00,0.9,132,9.15,,
2022-11-11T05:00,0.9,129,8.9,,
2022-11-11T06:00,0.9,127,8.75,,
2022-11-11T07:00,0.9,125,8.65,,
2022-11-11T08:00,0.9,123,8.55,,
2022-11-11T09:00,0.88,122,8.45,,
2022-11-11T10:00,0.84,122,8.35,,
2022-11-11T11:00,0.82,121,8.3,,
2022-11-11T12:00,0.82,124,8.3,,
2022-11-11T13:00,0.8,128,8.35,,
2022-11-11T14:00,0.8,131,8.4,,
2022-11-11T15:00,0.78,136,8.45,,
2022-11-11T16:00,0.78,140,8.55,,
2022-11-11T17:00,0.76,145,8.7,,
2022-11-11T18:00,0.74,149,8.9,,
2022-11-11T19:00,0.72,153,9.2,,
2022-11-11T20:00,0.7,157,9.5,,
2022-11-11T21:00,0.68,160,9.85,,
2022-11-11T22:00,0.68,162,10.25,,
2022-11-11T23:00,0.66,165,10.55,,
2022-11-12T00:00,0.66,166,10.75,,
2022-11-12T01:00,0.64,167,10.9,,
2022-11-12T02:00,0.64,168,11.05,,
2022-11-12T03:00,0.64,168,11.2,,
2022-11-12T04:00,0.66,169,11.35,,
2022-11-12T05:00,0.66,169,11.45,,
2022-11-12T06:00,0.68,170,11.55,,
2022-11-12T07:00,0.7,170,11.6,,
2022-11-12T08:00,0.72,171,11.6,,
2022-11-12T09:00,0.72,171,11.45,,
2022-11-12T10:00,0.72,172,11.2,,
2022-11-12T11:00,0.72,172,11.0,,
2022-11-12T12:00,0.72,172,10.8,,
2022-11-12T13:00,0.72,173,10.6,,
2022-11-12T14:00,0.72,173,10.45,,
2022-11-12T15:00,0.72,173,10.3,,
2022-11-12T16:00,0.7,174,10.2,,
2022-11-12T17:00,0.7,174,10.05,,
2022-11-12T18:00,0.7,174,9.9,,
2022-11-12T19:00,0.72,175,9.75,,
2022-11-12T20:00,0.72,175,9.65,,
2022-11-12T21:00,0.72,175,9.6,,
2022-11-12T22:00,0.72,175,9.6,,
2022-11-12T23:00,0.72,175,9.65,,
2022-11-13T00:00,0.72,174,9.85,,
2022-11-13T01:00,0.7,174,10.05,,
2022-11-13T02:00,0.7,173,10.3,,
2022-11-13T03:00,0.7,172,10.5,,
2022-11-13T04:00,0.7,172,10.65,,
2022-11-13T05:00,0.7,171,10.75,,
2022-11-13T06:00,0.7,170,10.75,,
2022-11-13T07:00,0.7,170,10.7,,
2022-11-13T08:00,0.7,169,10.55,,
2022-11-13T09:00,0.7,165,10.3,,
2022-11-13T10:00,0.72,162,10.0,,
2022-11-13T11:00,0.72,158,9.75,,
2022-11-13T12:00,0.72,157,9.65,,
2022-11-13T13:00,0.74,156,9.6,,
2022-11-13T14:00,0.74,155,9.55,,
2022-11-13T15:00,0.74,156,9.55,,
2022-11-13T16:00,0.72,157,9.6,,
2022-11-13T17:00,0.72,158,9.6,,
2022-11-13T18:00,0.72,159,9.6,,
2022-11-13T19:00,0.7,161,9.65,,
2022-11-13T20:00,0.7,162,9.6,,
2022-11-13T21:00,0.7,161,9.45,,
2022-11-13T22:00,0.72,160,9.25,,
2022-11-13T23:00,0.72,159,9.1,,
2022-11-14T00:00,0.74,156,9.0,,
2022-11-14T01:00,0.74,153,8.9,,
2022-11-14T02:00,0.76,150,8.8,,
2022-11-14T03:00,0.76,148,8.7,,
2022-11-14T04:00,0.76,147,8.55,,
2022-11-14T05:00,0.76,145,8.45,,
2022-11-14T06:00,0.74,145,8.4,,
2022-11-14T07:00,0.74,144,8.35,,
2022-11-14T08:00,0.72,144,8.3,,
2022-11-14T09:00,0.72,144,8.25,,
2022-11-14T10:00,0.7,143,8.2,,
2022-11-14T11:00,0.7,143,8.1,,
2022-11-14T12:00,0.68,142,8.0,,
2022-11-14T13:00,0.68,140,7.9,,
2022-11-14T14:00,0.66,139,7.8,,
2022-11-14T15:00,0.66,137,7.75,,
2022-11-14T16:00,0.66,135,7.7,,
2022-11-14T17:00,0.66,133,7.7,,
2022-11-14T18:00,0.66,133,7.75,,
2022-11-14T19:00,0.66,134,7.85,,
2022-11-14T20:00,0.66,134,8.0,,
2022-11-14T21:00,0.64,137,8.15,,
2022-11-14T22:00,0.64,139,8.35,,
2022-11-14T23:00,0.62,142,8.5,,
2022-11-15T00:00,0.62,144,8.6,,
2022-11-15T01:00,0.6,145,8.65,,
2022-11-15T02:00,0.6,147,8.6,,
2022-11-15T03:00,0.62,143,8.3,,
2022-11-15T04:00,0.64,138,7.9,,
2022-11-15T05:00,0.66,134,7.55,,
2022-11-15T06:00,0.66,128,7.3,,
2022-11-15T07:00,0.64,123,7.1,,
2022-11-15T08:00,0.64,117,7.05,,
2022-11-15T09:00,0.64,119,7.15,,
2022-11-15T10:00,0.62,121,7.4,,
2022-11-15T11:00,0.62,123,7.65,,
2022-11-15T12:00,0.62,127,7.85,,
2022-11-15T13:00,0.62,130,8.1,,
2022-11-15T14:00,0.62,134,8.2,,
2022-11-15T15:00,0.62,133,8.1,,
2022-11-15T16:00,0.62,133,7.9,,
2022-11-15T17:00,0.62,132,7.75,,
2022-11-15T18:00,0.62,130,7.7,,
2022-11-15T19:00,0.64,128,7.65,,
2022-11-15T20:00,0.64,126,7.65,,
2022-11-15T21:00,0.62,129,7.7,,
2022-11-15T22:00,0.6,131,7.75,,
2022-11-15T23:00,0.58,134,7.85,,
2022-11-16T00:00,0.56,136,7.95,,
2022-11-16T01:00,0.56,139,8.1,,
2022-11-16T02:00,0.54,141,8.25,,
2022-11-16T03:00,0.54,143,8.4,,
2022-11-16T04:00,0.52,144,8.5,,
2022-11-16T05:00,0.52,146,8.65,,
2022-11-16T06:00,0.5,147,8.75,,
2022-11-16T07:00,0.5,148,8.85,,
2022-11-16T08:00,0.48,149,8.95,,
2022-11-16T09:00,0.48,150,9.0,,
2022-11-16T10:00,0.48,151,9.05,,
2022-11-16T11:00,0.48,152,9.05,,
2022-11-16T12:00,0.48,151,8.9,,
2022-11-16T13:00,0.48,150,8.7,,
2022-11-16T14:00,0.48,149,8.55,,
2022-11-16T15:00,0.5,145,8.45,,
2022-11-16T16:00,0.52,140,8.35,,
2022-11-16T17:00,0.54,136,8.25,,
2022-11-16T18:00,0.56,132,8.15,,
2022-11-16T19:00,0.56,129,8.05,,
2022-11-16T20:00,0.58,125,7.95,,
2022-11-16T21:00,0.58,123,7.85,,
2022-11-16T22:00,0.58,121,7.75,,
2022-11-16T23:00,0.58,119,7.7,,
2022-11-17T00:00,0.58,118,7.7,,
2022-11-17T01:00,0.6,117,7.75,,
2022-11-17T02:00,0.6,116,7.8,,
2022-11-17T03:00,0.6,117,7.8,,
2022-11-17T04:00,0.58,118,7.8,,
2022-11-17T05:00,0.58,119,7.9,,
2022-11-17T06:00,0.6,122,8.1,,
2022-11-17T07:00,0.6,125,8.4,,
2022-11-17T08:00,0.62,128,8.6,,
2022-11-17T09:00,0.62,129,8.75,,
2022-11-17T10:00,0.62,131,8.85,,
2022-11-17T11:00,0.62,132,8.85,,
2022-11-17T12:00,0.62,131,8.8,,
2022-11-17T13:00,0.62,131,8.7,,
2022-11-17T14:00,0.62,130,8.5,,
2022-11-17T15:00,0.64,125,8.15,,
2022-11-17T16:00,0.64,119,7.7,,
2022-11-17T17:00,0.66,114,7.25,,
2022-11-17T18:00,0.7,108,6.85,,
2022-11-17T19:00,0.74,103,6.5,,
2022-11-17T20:00,0.78,97,6.25,,
2022-11-17T21:00,0.8,96,6.1,,
2022-11-17T22:00,0.82,94,6.05,,
2022-11-17T23:00,0.84,93,6.0,,
2022-11-18T00:00,0.84,93,6.0,,
2022-11-18T01:00,0.82,92,6.0,,
2022-11-18T02:00,0.82,92,6.05,,
2022-11-18T03:00,0.8,94,6.15,,
2022-11-18T04:00,0.78,95,6.3,,
2022-11-18T05:00,0.76,97,6.5,,
2022-11-18T06:00,0.72,100,6.7,,
2022-11-18T07:00,0.7,104,6.95,,
2022-11-18T08:00,0.66,107,7.15,,
2022-11-18T09:00,0.64,111,7.4,,
2022-11-18T10:00,0.64,116,7.65,,
2022-11-18T11:00,0.62,120,7.8,,
2022-11-18T12:00,0.62,121,7.9,,
2022-11-18T13:00,0.62,122,7.9,,
2022-11-18T14:00,0.62,123,7.85,,
2022-11-18T15:00,0.64,119,7.7,,
2022-11-18T16:00,0.64,114,7.45,,
2022-11-18T17:00,0.66,110,7.25,,
2022-11-18T18:00,0.68,106,7.1,,
2022-11-18T19:00,0.68,103,6.95,,
2022-11-18T20:00,0.7,99,6.85,,
2022-11-18T21:00,0.7,98,6.75,,
2022-11-18T22:00,0.7,98,6.65,,
2022-11-18T23:00,0.7,97,6.6,,
2022-11-19T00:00,0.72,96,6.55,,
2022-11-19T01:00,0.72,96,6.5,,
2022-11-19T02:00,0.74,95,6.5,,
2022-11-19T03:00,0.74,95,6.45,,
2022-11-19T04:00,0.72,95,6.4,,
2022-11-19T05:00,0.72,95,6.45,,
2022-11-19T06:00,0.74,97,6.7,,
2022-11-19T07:00,0.74,98,7.05,,
2022-11-19T08:00,0.76,100,7.3,,
2022-11-19T09:00,0.76,99,7.4,,
2022-11-19T10:00,0.78,97,7.5,,
2022-11-19T11:00,0.78,96,7.5,,
2022-11-19T12:00,0.78,96,7.5,,
2022-11-19T13:00,0.8,97,7.5,,
2022-11-19T14:00,0.8,97,7.45,,
2022-11-19T15:00,0.78,97,7.3,,
2022-11-19T16:00,0.78,96,7.05,,
2022-11-19T17:00,0.76,96,6.95,,
2022-11-19T18:00,0.78,98,7.0,,
2022-11-19T19:00,0.78,99,7.15,,
2022-11-19T20:00,0.8,101,7.3,,
2022-11-19T21:00,0.78,102,7.35,,
2022-11-19T22:00,0.78,103,7.35,,
2022-11-19T23:00,0.76,104,7.35,,
2022-11-20T00:00,0.74,106,7.4,,
2022-11-20T01:00,0.74,109,7.5,,
2022-11-20T02:00,0.72,111,7.6,,
2022-11-20T03:00,0.72,113,7.7,,
2022-11-20T04:00,0.72,115,7.75,,
2022-11-20T05:00,0.72,117,7.85,,
2022-11-20T06:00,0.72,119,7.95,,
2022-11-20T07:00,0.7,122,8.1,,
2022-11-20T08:00,0.7,124,8.15,,
2022-11-20T09:00,0.68,126,8.15,,
2022-11-20T10:00,0.64,129,8.05,,
2022-11-20T11:00,0.62,131,8.0,,
2022-11-20T12:00,0.62,131,7.9,,
2022-11-20T13:00,0.62,130,7.85,,
2022-11-20T14:00,0.62,130,7.75,,
2022-11-20T15:00,0.62,128,7.65,,
2022-11-20T16:00,0.64,126,7.6,,
2022-11-20T17:00,0.64,124,7.6,,
2022-11-20T18:00,0.64,125,7.75,,
2022-11-20T19:00,0.64,126,7.95,,
2022-11-20T20:00,0.64,127,8.25,,
2022-11-20T21:00,0.64,133,8.6,,
2022-11-20T22:00,0.62,139,9.0,,
2022-11-20T23:00,0.62,145,9.4,,
2022-11-21T00:00,0.62,149,9.8,,
2022-11-21T01:00,0.6,154,10.15,,
2022-11-21T02:00,0.6,158,10.4,,
2022-11-21T03:00,0.58,160,10.5,,
2022-11-21T04:00,0.54,161,10.45,,
2022-11-21T05:00,0.52,163,10.45,,
2022-11-21T06:00,0.52,164,10.5,,
2022-11-21T07:00,0.52,165,10.6,,
2022-11-21T08:00,0.52,166,10.75,,
2022-11-21T09:00,0.54,166,10.95,,
2022-11-21T10:00,0.56,167,11.25,,
2022-11-21T11:00,0.58,167,11.45,,
2022-11-21T12:00,0.6,167,11.6,,
2022-11-21T13:00,0.6,166,11.7,,
2022-11-21T14:00,0.62,166,11.75,,
2022-11-21T15:00,0.64,166,11.75,,
2022-11-21T16:00,0.64,166,11.75,,
2022-11-21T17:00,0.66,166,11.7,,
2022-11-21T18:00,0.66,165,11.55,,
2022-11-21T19:00,0.66,165,11.4,,
2022-11-21T20:00,0.66,164,11.3,,
2022-11-21T21:00,0.66,164,11.35,,
2022-11-21T22:00,0.66,164,11.5,,
2022-11-21T23:00,0.66,164,11.65,,
2022-11-22T00:00,0.66,164,11.75,,
2022-11-22T01:00,0.66,165,11.8,,
2022-11-22T02:00,0.66,165,11.85,,
2022-11-22T03:00,0.68,165,11.9,,
2022-11-22T04:00,0.68,165,12.0,,
2022-11-22T05:00,0.7,165,12.05,,
2022-11-22T06:00,0.7,165,12.05,,
2022-11-22T07:00,0.72,165,12.05,,
2022-11-22T08:00,0.72,165,12.05,,
2022-11-22T09:00,0.72,165,12.05,,
2022-11-22T10:00,0.72,165,12.05,,
2022-11-22T11:00,0.72,165,12.0,,
2022-11-22T12:00,0.72,165,11.95,,
2022-11-22T13:00,0.7,165,11.85,,
2022-11-22T14:00,0.7,165,11.8,,
2022-11-22T15:00,0.7,165,11.8,,
2022-11-22T16:00,0.72,165,11.85,,
2022-11-22T17:00,0.72,165,11.75,,
2022-11-22T18:00,0.72,164,11.4,,
2022-11-22T19:00,0.7,163,10.95,,
2022-11-22T20:00,0.7,162,10.75,,
2022-11-22T21:00,0.8,165,11.15,,
2022-11-22T22:00,0.88,167,11.8,,
2022-11-22T23:00,0.98,170,12.15,,
2022-11-23T00:00,0.94,171,11.9,,
2022-11-23T01:00,0.9,171,11.4,,
2022-11-23T02:00,0.86,172,11.0,,
2022-11-23T03:00,0.86,171,10.9,,
2022-11-23T04:00,0.84,170,10.9,,
2022-11-23T05:00,0.84,169,10.9,,0.35
2022-11-23T06:00,0.84,168,10.95,,0.23
2022-11-23T07:00,0.82,167,11.0,,0.18
2022-11-23T08:00,0.82,166,11.05,,0.21
2022-11-23T09:00,0.8,166,11.0,,0.32
2022-11-23T10:00,0.78,165,10.95,,0.47
2022-11-23T11:00,0.76,165,10.9,28.4,0.6
2022-11-23T12:00,0.74,165,10.9,28.5,0.69
2022-11-23T13:00,0.74,164,10.95,28.5,0.71
2022-11-23T14:00,0.72,164,10.95,28.5,0.65
2022-11-23T15:00,0.72,165,10.9,28.6,0.53
2022-11-23T16:00,0.72,165,10.75,28.6,0.39
2022-11-23T17:00,0.72,166,10.55,28.6,0.28
2022-11-23T18:00,0.76,168,10.15,28.6,0.2
2022-11-23T19:00,0.8,171,9.65,28.6,0.2
2022-11-23T20:00,0.84,173,9.3,28.6,0.29
2022-11-23T21:00,0.84,173,9.2,28.5,0.46
2022-11-23T22:00,0.84,173,9.25,28.5,0.66
2022-11-23T23:00,0.84,173,9.3,28.5,0.84
2022-11-24T00:00,0.82,172,9.35,28.4,0.97
2022-11-24T01:00,0.82,172,9.45,28.4,1.02
2022-11-24T02:00,0.8,171,9.55,28.3,0.98
2022-11-24T03:00,0.78,170,9.7,28.3,0.85
2022-11-24T04:00,0.76,169,9.85,28.3,0.67
2022-11-24T05:00,0.74,168,10.05,28.3,0.48
2022-11-24T06:00,0.74,167,10.25,28.3,0.32
2022-11-24T07:00,0.72,166,10.45,28.3,0.23
2022-11-24T08:00,0.72,165,10.65,28.4,0.21
2022-11-24T09:00,0.74,164,10.95,28.5,0.29
2022-11-24T10:00,0.78,163,11.2,28.5,0.43
2022-11-24T11:00,0.8,162,11.4,28.6,0.58
2022-11-24T12:00,0.78,162,11.4,28.6,0.68
2022-11-24T13:00,0.76,162,11.3,28.6,0.73
2022-11-24T14:00,0.74,162,11.15,28.7,0.71
2022-11-24T15:00,0.72,162,10.9,28.7,0.61
2022-11-24T16:00,0.7,161,10.6,28.7,0.46
2022-11-24T17:00,0.68,161,10.4,28.7,0.31
2022-11-24T18:00,0.7,162,10.3,28.7,0.2
2022-11-24T19:00,0.7,162,10.25,28.6,0.15
2022-11-24T20:00,0.72,163,10.25,28.6,0.19
2022-11-24T21:00,0.72,163,10.3,28.6,0.32
2022-11-24T22:00,0.72,162,10.35,28.6,0.52
2022-11-24T23:00,0.72,162,10.45,28.5,0.73
2022-11-25T00:00,0.72,162,10.5,28.5,0.89
2022-11-25T01:00,0.72,162,10.55,28.5,0.98
2022-11-25T02:00,0.72,162,10.6,28.5,0.99
2022-11-25T03:00,0.74,162,10.75,28.4,0.91
2022-11-25T04:00,0.78,161,10.95,28.4,0.75
2022-11-25T05:00,0.8,161,11.05,28.4,0.56
2022-11-25T06:00,0.78,161,11.0,28.4,0.38
2022-11-25T07:00,0.78,161,10.9,28.5,0.25
2022-11-25T08:00,0.76,161,10.8,28.5,0.18
2022-11-25T09:00,0.74,161,10.75,28.5,0.21
2022-11-25T10:00,0.74,161,10.7,28.6,0.32
2022-11-25T11:00,0.72,161,10.65,28.6,0.47
2022-11-25T12:00,0.72,161,10.6,28.7,0.59
2022-11-25T13:00,0.72,160,10.6,28.7,0.67
2022-11-25T14:00,0.72,160,10.55,28.7,0.67
2022-11-25T15:00,0.72,160,10.5,28.8,0.61
2022-11-25T16:00,0.7,161,10.45,28.8,0.49
2022-11-25T17:00,0.7,161,10.4,28.8,0.34
2022-11-25T18:00,0.7,161,10.35,28.8,0.21
2022-11-25T19:00,0.68,160,10.3,28.8,0.13
2022-11-25T20:00,0.68,160,10.2,28.8,0.12
2022-11-25T21:00,0.68,160,10.1,28.8,0.21
2022-11-25T22:00,0.66,161,10.0,28.7,0.37
2022-11-25T23:00,0.66,161,9.9,28.7,0.58
2022-11-26T00:00,0.66,159,9.7,28.7,0.77
2022-11-26T01:00,0.66,158,9.5,28.7,0.9
2022-11-26T02:00,0.66,156,9.35,28.6,0.95
2022-11-26T03:00,0.66,156,9.3,28.6,0.92
2022-11-26T04:00,0.66,156,9.25,28.6,0.81
2022-11-26T05:00,0.66,156,9.25,28.6,0.65
2022-11-26T06:00,0.66,156,9.25,28.6,0.46
2022-11-26T07:00,0.66,155,9.2,28.6,0.31
2022-11-26T08:00,0.66,155,9.2,28.7,0.21
2022-11-26T09:00,0.66,155,9.2,28.7,0.2
2022-11-26T10:00,0.64,155,9.25,28.8,0.27
2022-11-26T11:00,0.64,155,9.25,28.8,0.4
2022-11-26T12:00,0.64,155,9.25,28.9,0.53
2022-11-26T13:00,0.62,156,9.25,28.9,0.63
2022-11-26T14:00,0.62,156,9.25,29.0,0.67
2022-11-26T15:00,0.62,157,9.3,29.0,0.65
2022-11-26T16:00,0.62,157,9.4,29.0,0.57
2022-11-26T17:00,0.62,158,9.45,29.0,0.45
2022-11-26T18:00,0.62,158,9.5,29.0,0.32
2022-11-26T19:00,0.62,159,9.55,29.0,0.22
2022-11-26T20:00,0.62,159,9.6,28.9,0.19
2022-11-26T21:00,0.62,159,9.6,28.9,0.22
2022-11-26T22:00,0.64,160,9.55,28.9,0.33
2022-11-26T23:00,0.64,160,9.5,28.8,0.5
2022-11-27T00:00,0.64,158,9.4,28.8,0.69
2022-11-27T01:00,0.64,157,9.35,28.8,0.84
2022-11-27T02:00,0.64,155,9.25,28.7,0.93
2022-11-27T03:00,0.64,155,9.2,28.7,0.94
2022-11-27T04:00,0.62,155,9.1,28.7,0.87
2022-11-27T05:00,0.62,155,9.1,28.7,0.75
2022-11-27T06:00,0.62,155,9.1,28.7,0.58
2022-11-27T07:00,0.62,156,9.2,28.7,0.43
2022-11-27T08:00,0.62,156,9.25,28.7,0.31
2022-11-27T09:00,0.62,156,9.35,28.8,0.27
2022-11-27T10:00,0.64,157,9.4,28.8,0.3
2022-11-27T11:00,0.64,157,9.5,28.8,0.38
2022-11-27T12:00,0.64,157,9.55,28.9,0.5
2022-11-27T13:00,0.64,158,9.6,28.9,0.63
2022-11-27T14:00,0.64,158,9.65,28.9,0.7
2022-11-27T15:00,0.64,159,9.7,29.0,0.71
2022-11-27T16:00,0.64,159,9.7,29.0,0.66
2022-11-27T17:00,0.64,160,9.75,29.0,0.58
2022-11-27T18:00,0.64,160,9.75,29.0,0.46
2022-11-27T19:00,0.64,161,9.8,29.0,0.35
2022-11-27T20:00,0.64,161,9.8,29.0,0.28
2022-11-27T21:00,0.64,162,9.8,28.9,0.28
2022-11-27T22:00,0.62,162,9.8,28.9,0.35
2022-11-27T23:00,0.62,163,9.75,28.9,0.46
2022-11-28T00:00,0.62,163,9.7,28.8,0.62
2022-11-28T01:00,0.6,163,9.65,28.8,0.77
2022-11-28T02:00,0.6,163,9.6,28.8,0.88
2022-11-28T03:00,0.6,163,9.5,28.8,0.92
2022-11-28T04:00,0.58,164,9.45,28.7,0.89
2022-11-28T05:00,0.58,164,9.55,28.7,0.83
2022-11-28T06:00,0.66,164,10.15,28.7,0.7
2022-11-28T07:00,0.76,163,10.95,28.7,0.54
2022-11-28T08:00,0.84,163,11.35,28.8,0.43
2022-11-28T09:00,0.78,162,11.05,28.8,0.37
2022-11-28T10:00,0.72,162,10.4,28.8,0.35
2022-11-28T11:00,0.66,161,9.85,28.9,0.39
2022-11-28T12:00,0.66,161,9.65,28.9,0.48
2022-11-28T13:00,0.64,161,9.55,29.0,0.59
2022-11-28T14:00,0.64,161,9.45,29.0,0.67
2022-11-28T15:00,0.62,161,9.35,29.1,0.71
2022-11-28T16:00,0.6,162,9.3,29.1,0.69
2022-11-28T17:00,0.58,162,9.25,29.1,0.65
2022-11-28T18:00,0.58,162,9.2,29.1,0.57
2022-11-28T19:00,0.56,162,9.15,29.1,0.47
2022-11-28T20:00,0.56,162,9.1,29.1,0.38
2022-11-28T21:00,0.54,162,9.1,29.0,0.36
2022-11-28T22:00,0.54,162,9.1,29.0,0.38
2022-11-28T23:00,0.52,162,9.1,28.9,0.44
2022-11-29T00:00,0.54,162,9.15,28.9,0.55
2022-11-29T01:00,0.54,162,9.2,28.9,0.67
2022-11-29T02:00,0.56,162,9.2,28.8,0.79
2022-11-29T03:00,0.56,161,9.05,28.8,0.85
2022-11-29T04:00,0.54,160,8.85,28.8,0.86
2022-11-29T05:00,0.54,159,8.7,28.8,0.82
2022-11-29T06:00,0.54,158,8.6,28.8,0.75
2022-11-29T07:00,0.54,156,8.5,28.8,0.63
2022-11-29T08:00,0.54,155,8.4,28.8,0.51
2022-11-29T09:00,0.54,154,8.35,28.8,0.43
2022-11-29T10:00,0.52,154,8.25,28.8,0.4
2022-11-29T11:00,0.52,153,8.2,28.9,0.4
2022-11-29T12:00,0.52,152,8.15,28.9,0.45
2022-11-29T13:00,0.52,152,8.05,28.9,0.52
2022-11-29T14:00,0.52,151,7.85,29.0,0.6
2022-11-29T15:00,0.54,143,7.45,29.0,0.65
2022-11-29T16:00,0.56,135,7.0,29.1,0.67
2022-11-29T17:00,0.58,127,6.55,29.1,0.66
2022-11-29T18:00,0.62,119,6.25,29.1,0.62
2022-11-29T19:00,0.66,112,6.0,29.0,0.55
2022-11-29T20:00,0.7,104,5.8,29.0,0.48
2022-11-29T21:00,0.74,101,5.7,29.0,0.43
2022-11-29T22:00,0.76,99,5.7,28.9,0.43
2022-11-29T23:00,0.8,96,5.7,28.9,0.46
2022-11-30T00:00,0.82,94,5.65,28.8,0.52
2022-11-30T01:00,0.82,91,5.55,28.8,0.6
2022-11-30T02:00,0.84,89,5.5,28.8,0.68
2022-11-30T03:00,0.84,88,5.45,28.7,0.75
2022-11-30T04:00,0.82,86,5.45,28.7,0.78
2022-11-30T05:00,0.82,85,5.45,28.7,0.77
2022-11-30T06:00,0.8,84,5.45,28.7,0.73
2022-11-30T07:00,0.8,84,5.45,28.7,0.66
2022-11-30T08:00,0.78,83,5.45,28.7,0.57
2022-11-30T09:00,0.78,83,5.5,28.7,0.49
2022-11-30T10:00,0.76,84,5.55,28.7,0.45
2022-11-30T11:00,0.76,84,5.6,28.7,0.43
2022-11-30T12:00,0.76,83,5.65,28.8,0.43
2022-11-30T13:00,0.78,82,5.7,28.8,0.47
2022-11-30T14:00,0.78,81,5.65,28.8,0.52
2022-11-30T15:00,0.74,81,5.45,28.9,0.58
2022-11-30T16:00,0.7,81,5.2,28.9,0.63
2022-11-30T17:00,0.66,81,5.1,28.9,0.63
2022-11-30T18:00,0.68,82,5.25,28.9,0.63
2022-11-30T19:00,0.72,83,5.55,28.9,0.61
2022-11-30T20:00,0.74,84,5.8,28.8,0.57
2022-11-30T21:00,0.74,86,5.95,28.8,0.53
2022-11-30T22:00,0.72,87,6.0,28.7,0.51
2022-11-30T23:00,0.72,89,6.1,28.7,0.51
2022-12-01T00:00,0.72,90,6.2,28.6,0.53
2022-12-01T01:00,0.72,92,6.3,28.6,0.56
2022-12-01T02:00,0.72,93,6.35,28.6,0.6
2022-12-01T03:00,0.72,93,6.4,28.6,0.64
2022-12-01T04:00,0.72,94,6.45,28.5,0.68
2022-12-01T05:00,0.72,94,6.5,28.5,0.69
2022-12-01T06:00,0.72,94,6.5,28.5,0.67
2022-12-01T07:00,0.72,93,6.55,28.5,0.64
2022-12-01T08:00,0.72,93,6.55,28.6,0.59
2022-12-01T09:00,0.72,94,6.6,28.6,0.53
2022-12-01T10:00,0.72,96,6.65,28.6,0.48
2022-12-01T11:00,0.72,97,6.7,28.6,0.45
2022-12-01T12:00,0.72,98,6.75,28.7,0.43
2022-12-01T13:00,0.7,99,6.75,28.7,0.43
2022-12-01T14:00,0.7,100,6.8,28.8,0.44
2022-12-01T15:00,0.7,100,6.85,28.8,0.47
2022-12-01T16:00,0.72,101,6.95,28.9,0.52
2022-12-01T17:00,0.72,101,7.0,28.9,0.57
2022-12-01T18:00,0.74,101,7.05,28.9,0.59
2022-12-01T19:00,0.76,100,7.1,28.9,0.61
2022-12-01T20:00,0.78,100,7.15,28.8,0.62
2022-12-01T21:00,0.78,100,7.1,28.8,0.62
2022-12-01T22:00,0.8,99,7.05,28.8,0.59
2022-12-01T23:00,0.8,99,7.05,28.7,0.57
2022-12-02T00:00,0.8,100,7.1,28.7,0.56
2022-12-02T01:00,0.82,102,7.15,28.7,0.55
2022-12-02T02:00,0.82,103,7.25,28.6,0.55
2022-12-02T03:00,0.8,106,7.4,28.6,0.55
2022-12-02T04:00,0.78,110,7.5,28.6,0.57
2022-12-02T05:00,0.76,113,7.65,28.6,0.59
2022-12-02T06:00,0.74,115,7.75,28.6,0.59
2022-12-02T07:00,0.72,118,7.8,28.6,0.59
2022-12-02T08:00,0.7,120,7.85,28.6,0.59
2022-12-02T09:00,0.7,120,7.85,28.6,0.57
2022-12-02T10:00,0.7,119,7.75,28.6,0.53
2022-12-02T11:00,0.7,119,7.7,28.6,0.49
2022-12-02T12:00,0.7,118,7.65,28.7,0.46
2022-12-02T13:00,0.7,117,7.55,28.7,0.43
2022-12-02T14:00,0.7,116,7.4,28.8,0.41
2022-12-02T15:00,0.7,114,7.15,28.8,0.42
2022-12-02T16:00,0.7,111,6.9,28.9,0.45
2022-12-02T17:00,0.7,109,6.6,28.9,0.5
2022-12-02T18:00,0.7,105,6.3,28.9,0.55
2022-12-02T19:00,0.72,102,5.95,28.9,0.6
2022-12-02T20:00,0.72,98,5.8,28.8,0.66
2022-12-02T21:00,0.72,100,5.9,28.8,0.7
2022-12-02T22:00,0.72,103,6.1,28.8,0.7
2022-12-02T23:00,0.72,105,6.4,28.7,0.68
2022-12-03T00:00,0.74,107,6.75,28.7,0.65
2022-12-03T01:00,0.74,110,7.1,28.7,0.61
2022-12-03T02:00,0.76,112,7.4,28.6,0.57
2022-12-03T03:00,0.76,114,7.6,28.6,0.54
2022-12-03T04:00,0.76,115,7.7,28.5,0.53
2022-12-03T05:00,0.76,117,7.7,28.5,0.53
2022-12-03T06:00,0.76,116,7.6,28.5,0.55
2022-12-03T07:00,0.76,114,7.4,28.5,0.58
2022-12-03T08:00,0.76,113,7.2,28.5,0.61
2022-12-03T09:00,0.76,109,7.0,28.5,0.63
2022-12-03T10:00,0.78,106,6.8,28.5,0.63
2022-12-03T11:00,0.78,102,6.6,28.5,0.59
2022-12-03T12:00,0.8,99,6.45,28.6,0.54
2022-12-03T13:00,0.82,95,6.3,28.6,0.48
2022-12-03T14:00,0.84,92,6.15,28.6,0.45
2022-12-03T15:00,0.86,89,6.0,28.7,0.41
2022-12-03T16:00,0.88,87,5.85,28.7,0.4
2022-12-03T17:00,0.9,84,5.75,28.7,0.43
2022-12-03T18:00,0.9,83,5.7,28.7,0.48
2022-12-03T19:00,0.92,82,5.65,28.7,0.55
2022-12-03T20:00,0.92,81,5.65,28.7,0.64
2022-12-03T21:00,0.92,81,5.6,28.6,0.73
2022-12-03T22:00,0.9,82,5.6,28.6,0.78
2022-12-03T23:00,0.9,82,5.6,28.6,0.79
2022-12-04T00:00,0.9,83,5.6,28.5,0.75
2022-12-04T01:00,0.88,84,5.65,28.5,0.69
2022-12-04T02:00,0.88,85,5.7,28.5,0.63
2022-12-04T03:00,0.86,86,5.75,28.4,0.55
2022-12-04T04:00,0.84,86,5.75,28.4,0.49
2022-12-04T05:00,0.82,87,5.8,28.4,0.47
2022-12-04T06:00,0.8,89,5.85,28.4,0.48
2022-12-04T07:00,0.8,90,5.95,28.4,0.5
2022-12-04T08:00,0.78,92,6.0,28.4,0.54
2022-12-04T09:00,0.74,93,6.0,28.4,0.59
2022-12-04T10:00,0.7,95,5.9,28.4,0.63
2022-12-04T11:00,0.66,96,5.95,28.4,0.63
2022-12-04T12:00,0.68,98,6.1,28.5,0.59
2022-12-04T13:00,0.68,100,6.35,28.5,0.52
2022-12-04T14:00,0.7,102,6.6,28.6,0.46
2022-12-04T15:00,0.7,103,6.8,28.6,0.4
2022-12-04T16:00,0.72,105,6.95,28.7,0.36
2022-12-04T17:00,0.72,106,7.05,28.7,0.36
2022-12-04T18:00,0.72,103,6.95,28.7,0.39
2022-12-04T19:00,0.74,101,6.8,28.7,0.48
2022-12-04T20:00,0.74,98,6.65,28.6,0.59
2022-12-04T21:00,0.76,96,6.6,28.6,0.7
2022-12-04T22:00,0.78,93,6.6,28.6,0.79
2022-12-04T23:00,0.8,91,6.55,28.5,0.84
2022-12-05T00:00,0.82,89,6.5,28.5,0.82
2022-12-05T01:00,0.82,86,6.4,28.5,0.75
2022-12-05T02:00,0.84,84,6.3,28.4,0.66
2022-12-05T03:00,0.86,80,6.2,28.4,0.56
2022-12-05T04:00,0.86,77,6.05,28.3,0.46
2022-12-05T05:00,0.88,73,5.95,28.3,0.38
2022-12-05T06:00,0.88,72,5.9,28.3,0.35
2022-12-05T07:00,0.86,71,5.85,28.3,0.37
2022-12-05T08:00,0.86,70,5.8,28.3,0.44
2022-12-05T09:00,0.86,71,5.75,28.3,0.51
2022-12-05T10:00,0.86,73,5.75,28.3,0.59
2022-12-05T11:00,0.86,74,5.75,28.3,0.65
2022-12-05T12:00,0.88,75,5.75,28.4,0.64
2022-12-05T13:00,0.88,77,5.8,28.4,0.58
2022-12-05T14:00,0.9,78,5.85,28.4,0.51
2022-12-05T15:00,0.9,79,5.9,28.5,0.43
2022-12-05T16:00,0.92,80,5.95,28.5,0.36
2022-12-05T17:00,0.92,81,5.95,28.5,0.32
2022-12-05T18:00,0.9,82,5.9,28.5,0.33
2022-12-05T19:00,0.88,82,5.85,28.5,0.4
2022-12-05T20:00,0.86,83,5.8,28.5,0.52
2022-12-05T21:00,0.84,83,5.75,28.4,0.67
2022-12-05T22:00,0.84,82,5.75,28.4,0.8
2022-12-05T23:00,0.82,82,5.75,28.4,0.9
2022-12-06T00:00,0.82,83,5.9,28.3,0.91
2022-12-06T01:00,0.82,85,6.05,28.3,0.85
2022-12-06T02:00,0.82,86,6.2,28.3,0.75
2022-12-06T03:00,0.82,86,6.25,28.2,0.63
2022-12-06T04:00,0.8,87,6.3,28.2,0.51
2022-12-06T05:00,0.8,87,6.3,28.2,0.41
2022-12-06T06:00,0.8,87,6.35,28.2,0.35
2022-12-06T07:00,0.78,88,6.4,28.2,0.34
2022-12-06T08:00,0.78,88,6.45,28.2,0.39
2022-12-06T09:00,0.78,89,6.55,28.2,0.49
2022-12-06T10:00,0.76,90,6.6,28.3,0.61
2022-12-06T11:00,0.76,91,6.7,28.3,0.69
2022-12-06T12:00,0.76,93,6.8,28.3,0.73
2022-12-06T13:00,0.76,94,6.9,28.3,0.7
2022-12-06T14:00,0.76,96,6.95,28.4,0.62
2022-12-06T15:00,0.78,96,7.0,28.4,0.52
2022-12-06T16:00,0.78,95,6.95,28.4,0.43
2022-12-06T17:00,0.8,95,6.95,28.4,0.36
2022-12-06T18:00,0.82,94,6.9,28.4,0.33
2022-12-06T19:00,0.84,94,6.8,28.4,0.37
2022-12-06T20:00,0.86,93,6.75,28.4,0.48
2022-12-06T21:00,0.88,93,6.75,28.3,0.62
2022-12-06T22:00,0.88,92,6.8,28.3,0.79
2022-12-06T23:00,0.9,92,6.8,28.3,0.93
2022-12-07T00:00,0.84,93,6.65,28.2,1.0
2022-12-07T01:00,0.78,94,6.45,28.2,1.0
2022-12-07T02:00,0.72,95,6.4,28.2,0.91
2022-12-07T03:00,0.74,98,6.6,28.2,0.77
2022-12-07T04:00,0.76,102,6.95,28.1,0.65
2022-12-07T05:00,0.78,105,7.25,28.1,0.5
2022-12-07T06:00,0.76,107,7.4,28.1,0.4
2022-12-07T07:00,0.74,109,7.5,28.1,0.34
2022-12-07T08:00,0.72,111,7.6,28.1,0.36
2022-12-07T09:00,0.72,113,7.7,28.1,0.45
2022-12-07T10:00,0.7,114,7.8,28.1,0.56
2022-12-07T11:00,0.7,116,7.9,28.1,0.67
2022-12-07T12:00,0.7,117,8.0,28.1,0.73
2022-12-07T13:00,0.7,119,8.1,28.2,0.73
2022-12-07T14:00,0.7,120,8.2,28.2,0.67
2022-12-07T15:00,0.7,122,8.3,28.2,0.56
2022-12-07T16:00,0.68,123,8.45,28.2,0.44
2022-12-07T17:00,0.68,125,8.55,28.2,0.34
2022-12-07T18:00,0.66,127,8.6,28.2,0.28
2022-12-07T19:00,0.66,129,8.65,28.2,0.28
2022-12-07T20:00,0.64,131,8.75,28.2,0.35
2022-12-07T21:00,0.62,134,8.9,28.2,0.49
2022-12-07T22:00,0.6,137,9.05,28.1,0.66
2022-12-07T23:00,0.58,140,9.25,28.1,0.82
2022-12-08T00:00,0.58,144,9.5,28.1,0.93
2022-12-08T01:00,0.58,149,9.85,28.1,0.97
2022-12-08T02:00,0.58,153,10.1,28.1,0.92
2022-12-08T03:00,0.58,156,10.25,28.0,0.8
2022-12-08T04:00,0.56,158,10.4,28.0,0.65
2022-12-08T05:00,0.56,161,10.5,28.0,0.47
2022-12-08T06:00,0.54,162,10.6,28.0,0.34
2022-12-08T07:00,0.54,164,10.65,28.0,0.26
2022-12-08T08:00,0.52,165,10.7,28.0,0.25
2022-12-08T09:00,0.52,166,10.7,28.1,0.32
2022-12-08T10:00,0.5,166,10.6,28.1,0.44
2022-12-08T11:00,0.5,167,10.55,28.1,0.56
2022-12-08T12:00,0.5,167,10.45,28.1,0.67
2022-12-08T13:00,0.48,168,10.35,28.1,0.71
2022-12-08T14:00,0.48,168,10.3,28.1,0.69
2022-12-08T15:00,0.48,168,10.25,28.1,0.6
2022-12-08T16:00,0.48,169,10.3,28.1,0.48
2022-12-08T17:00,0.48,169,10.3,28.1,0.36
2022-12-08T18:00,0.48,169,10.35,28.1,0.27
2022-12-08T19:00,0.48,169,10.45,28.1,0.23
2022-12-08T20:00,0.48,169,10.5,28.1,0.27
2022-12-08T21:00,0.48,169,10.5,28.1,0.39
2022-12-08T22:00,0.48,169,10.5,28.0,0.56
2022-12-08T23:00,0.48,169,10.45,28.0,0.74
2022-12-09T00:00,0.48,169,10.4,28.0,0.88
2022-12-09T01:00,0.48,169,10.35,28.0,0.96
2022-12-09T02:00,0.48,169,10.3,28.0,0.96
2022-12-09T03:00,0.48,169,10.15,28.0,0.87
2022-12-09T04:00,0.48,169,10.0,27.9,0.72
2022-12-09T05:00,0.48,169,9.9,27.9,0.55
2022-12-09T06:00,0.48,169,9.85,27.9,0.4
2022-12-09T07:00,0.48,169,9.85,27.9,0.29
2022-12-09T08:00,0.48,169,9.85,27.9,0.24
2022-12-09T09:00,0.48,170,9.85,27.8,0.28
2022-12-09T10:00,0.48,170,9.85,27.8,0.36
2022-12-09T11:00,0.48,171,9.85,27.8,0.5
2022-12-09T12:00,0.54,173,9.85,27.8,0.63
2022-12-09T13:00,0.58,175,9.85,27.9,0.68
2022-12-09T14:00,0.64,177,9.75,27.9,0.69
2022-12-09T15:00,0.62,179,9.4,27.9,0.64
2022-12-09T16:00,0.62,180,9.0,27.9,0.53
2022-12-09T17:00,0.6,182,8.65,27.9,0.4
2022-12-09T18:00,0.62,182,8.55,27.9,0.28
2022-12-09T19:00,0.62,183,8.55,27.9,0.22
2022-12-09T20:00,0.64,183,8.6,27.9,0.24
2022-12-09T21:00,0.64,182,8.6,27.9,0.31
2022-12-09T22:00,0.66,182,8.6,27.8,0.45
2022-12-09T23:00,0.66,181,8.65,27.8,0.64
2022-12-10T00:00,0.66,181,8.7,27.8,0.81
2022-12-10T01:00,0.66,180,8.75,27.8,0.9
2022-12-10T02:00,0.66,180,8.8,27.8,0.94
2022-12-10T03:00,0.66,180,8.85,27.7,0.91
2022-12-10T04:00,0.66,180,8.85,27.7,0.79
2022-12-10T05:00,0.66,180,8.8,27.7,0.61
2022-12-10T06:00,0.68,181,8.65,27.7,0.44
2022-12-10T07:00,0.7,182,8.45,27.8,0.32
2022-12-10T08:00,0.72,183,8.3,27.8,0.25
2022-12-10T09:00,0.74,183,8.2,27.8,0.24
2022-12-10T10:00,0.78,184,8.15,27.9,0.32
2022-12-10T11:00,0.8,184,8.15,27.9,0.45
2022-12-10T12:00,0.82,184,8.15,28.0,0.58
2022-12-10T13:00,0.82,184,8.2,28.1,0.67
2022-12-10T14:00,0.84,184,8.2,28.1,0.71
2022-12-10T15:00,0.86,184,8.15,28.2,0.69
2022-12-10T16:00,0.88,184,8.1,28.2,0.6
2022-12-10T17:00,0.9,184,8.05,28.3,0.46
2022-12-10T18:00,0.92,184,8.0,28.3,0.33
2022-12-10T19:00,0.92,184,7.95,28.2,0.24
2022-12-10T20:00,0.94,184,7.9,28.2,0.21
2022-12-10T21:00,0.92,183,7.9,28.2,0.24
2022-12-10T22:00,0.92,183,8.0,28.1,0.36
2022-12-10T23:00,0.9,182,8.05,28.1,0.53
2022-12-11T00:00,0.9,181,8.15,28.0,0.69
2022-12-11T01:00,0.88,180,8.25,28.0,0.81
2022-12-11T02:00,0.88,179,8.35,28.0,0.88
2022-12-11T03:00,0.9,179,8.5,28.0,0.88
2022-12-11T04:00,0.9,179,8.65,28.0,0.8
2022-12-11T05:00,0.92,179,8.7,28.0,0.65
2022-12-11T06:00,0.9,179,8.65,28.0,0.49
2022-12-11T07:00,0.9,179,8.55,28.0,0.34
2022-12-11T08:00,0.88,179,8.45,28.0,0.24
2022-12-11T09:00,0.88,179,8.45,28.1,0.21
2022-12-11T10:00,0.88,179,8.55,28.1,0.25
2022-12-11T11:00,0.88,179,8.6,28.1,0.35
2022-12-11T12:00,0.88,178,8.7,28.2,0.47
2022-12-11T13:00,0.9,178,8.75,28.2,0.58
2022-12-11T14:00,0.9,177,8.85,28.2,0.64
2022-12-11T15:00,0.9,177,8.95,28.2,0.65
2022-12-11T16:00,0.9,176,9.0,28.3,0.6
2022-12-11T17:00,0.9,176,9.05,28.3,0.5
2022-12-11T18:00,0.9,176,9.0,28.3,0.37
2022-12-11T19:00,0.9,176,8.95,28.2,0.26
2022-12-11T20:00,0.9,176,8.9,28.2,0.21
2022-12-11T21:00,0.88,176,8.9,28.2,0.23
2022-12-11T22:00,0.88,175,8.95,28.2,0.32
2022-12-11T23:00,0.86,175,8.95,28.1,0.46
2022-12-12T00:00,0.84,175,8.95,28.1,0.61
2022-12-12T01:00,0.84,174,9.0,28.1,0.75
2022-12-12T02:00,0.82,174,9.0,28.0,0.84
2022-12-12T03:00,0.8,174,9.05,28.0,0.87
2022-12-12T04:00,0.8,174,9.05,28.0,0.83
2022-12-12T05:00,0.78,174,9.05,28.0,0.73
2022-12-12T06:00,0.78,174,9.0,28.0,0.57
2022-12-12T07:00,0.78,175,8.95,28.1,0.42
2022-12-12T08:00,0.78,175,8.85,28.1,0.3
2022-12-12T09:00,0.78,175,8.8,28.2,0.25
2022-12-12T10:00,0.76,174,8.7,28.3,0.26
2022-12-12T11:00,0.76,174,8.65,28.3,0.33
2022-12-12T12:00,0.74,174,8.65,28.4,0.44
2022-12-12T13:00,0.74,174,8.7,28.4,0.55
2022-12-12T14:00,0.72,174,8.65,28.5,0.62
2022-12-12T15:00,0.72,174,8.55,28.5,0.65
2022-12-12T16:00,0.72,175,8.35,28.5,0.63
2022-12-12T17:00,0.72,175,8.2,28.5,0.57
2022-12-12T18:00,0.76,176,8.05,28.5,0.47
2022-12-12T19:00,0.78,176,7.9,28.5,0.35
2022-12-12T20:00,0.82,177,7.9,28.4,0.28
2022-12-12T21:00,0.82,176,8.05,28.4,0.27
2022-12-12T22:00,0.8,176,8.35,28.4,0.32
2022-12-12T23:00,0.8,175,8.6,28.3,0.42
2022-12-13T00:00,0.8,174,8.85,28.3,0.57
2022-12-13T01:00,0.8,173,9.05,28.3,0.7
2022-12-13T02:00,0.8,172,9.25,28.2,0.8
2022-12-13T03:00,0.8,171,9.35,28.2,0.84
2022-12-13T04:00,0.8,171,9.45,28.2,0.83
2022-12-13T05:00,0.8,170,9.5,28.2,0.76
2022-12-13T06:00,0.8,170,9.55,28.2,0.64
2022-12-13T07:00,0.78,170,9.55,28.3,0.49
2022-12-13T08:00,0.78,170,9.55,28.3,0.36
2022-12-13T09:00,0.76,169,9.65,28.4,0.29
2022-12-13T10:00,0.76,169,9.75,28.5,0.28
2022-12-13T11:00,0.74,168,9.75,28.5,0.32
2022-12-13T12:00,0.72,168,9.6,28.6,0.4
2022-12-13T13:00,0.68,168,9.35,28.6,0.5
2022-12-13T14:00,0.66,168,9.2,28.6,0.58
2022-12-13T15:00,0.66,167,9.35,28.6,0.63
2022-12-13T16:00,0.64,167,9.6,28.6,0.63
2022-12-13T17:00,0.64,166,9.8,28.6,0.59
2022-12-13T18:00,0.64,166,9.9,28.6,0.52
2022-12-13T19:00,0.66,166,9.9,28.6,0.42
2022-12-13T20:00,0.66,166,9.95,28.6,0.33
2022-12-13T21:00,0.66,166,10.05,28.5,0.3
2022-12-13T22:00,0.66,166,10.2,28.5,0.32
2022-12-13T23:00,0.66,166,10.3,28.5,0.4
2022-12-14T00:00,0.66,166,10.35,28.5,0.5
2022-12-14T01:00,0.66,166,10.35,28.4,0.61
2022-12-14T02:00,0.66,166,10.35,28.4,0.71
2022-12-14T03:00,0.64,166,10.3,28.4,0.79
2022-12-14T04:00,0.64,166,10.25,28.4,0.8
2022-12-14T05:00,0.62,166,10.2,28.4,0.76
2022-12-14T06:00,0.6,166,10.1,28.4,0.68
2022-12-14T07:00,0.6,166,10.0,28.4,0.56
2022-12-14T08:00,0.58,166,9.9,28.4,0.43
2022-12-14T09:00,0.58,166,9.8,28.4,0.35
2022-12-14T10:00,0.58,165,9.7,28.4,0.31
2022-12-14T11:00,0.58,165,9.6,28.5,0.33
2022-12-14T12:00,0.6,162,9.45,28.5,0.38
2022-12-14T13:00,0.6,159,9.3,28.6,0.46
2022-12-14T14:00,0.62,156,9.1,28.6,0.55
2022-12-14T15:00,0.62,154,8.9,28.7,0.61
2022-12-14T16:00,0.64,152,8.7,28.7,0.63
2022-12-14T17:00,0.64,150,8.55,28.7,0.62
2022-12-14T18:00,0.64,148,8.4,28.7,0.58
2022-12-14T19:00,0.66,145,8.3,28.7,0.52
2022-12-14T20:00,0.66,143,8.2,28.7,0.45
2022-12-14T21:00,0.68,142,8.05,28.6,0.39
2022-12-14T22:00,0.68,140,7.9,28.6,0.39
2022-12-14T23:00,0.7,139,7.75,28.6,0.43
2022-12-15T00:00,0.7,137,7.65,28.5,0.5
2022-12-15T01:00,0.7,136,7.55,28.5,0.6
2022-12-15T02:00,0.7,134,7.5,28.5,0.69
2022-12-15T03:00,0.7,133,7.45,28.5,0.75
2022-12-15T04:00,0.72,131,7.4,28.4,0.78
2022-12-15T05:00,0.72,130,7.35,28.4,0.76
2022-12-15T06:00,0.72,128,7.25,28.4,0.71
2022-12-15T07:00,0.72,125,7.15,28.4,0.63
2022-12-15T08:00,0.72,123,7.0,28.4,0.52
2022-12-15T09:00,0.74,119,6.8,28.4,0.43
2022-12-15T10:00,0.76,114,6.6,28.5,0.38
2022-12-15T11:00,0.78,110,6.4,28.5,0.37
2022-12-15T12:00,0.8,104,6.15,28.5,0.39
2022-12-15T13:00,0.84,99,5.95,28.5,0.45
2022-12-15T14:00,0.86,93,5.75,28.6,0.53
2022-12-15T15:00,0.9,91,5.6,28.6,0.59
2022-12-15T16:00,0.94,88,5.5,28.7,0.64
2022-12-15T17:00,0.98,86,5.45,28.7,0.65
2022-12-15T18:00,1.0,85,5.45,28.7,0.64
2022-12-15T19:00,1.02,83,5.45,28.6,0.61
2022-12-15T20:00,1.04,82,5.45,28.6,0.56
2022-12-15T21:00,1.04,81,5.45,28.5,0.51
2022-12-15T22:00,1.06,79,5.45,28.5,0.48
2022-12-15T23:00,1.06,78,5.45,28.4,0.48
2022-12-16T00:00,1.04,78,5.5,28.4,0.51
2022-12-16T01:00,1.04,79,5.55,28.3,0.56
2022-12-16T02:00,1.02,79,5.6,28.3,0.63
2022-12-16T03:00,0.98,80,5.6,28.2,0.68
2022-12-16T04:00,0.92,82,5.65,28.2,0.71
2022-12-16T05:00,0.88,83,5.65,28.2,0.72
2022-12-16T06:00,0.84,84,5.65,28.2,0.68
2022-12-16T07:00,0.82,85,5.7,28.2,0.62
2022-12-16T08:00,0.78,86,5.7,28.2,0.55
2022-12-16T09:00,0.78,85,5.7,28.2,0.48
2022-12-16T10:00,0.76,85,5.65,28.2,0.41
2022-12-16T11:00,0.76,84,5.65,28.2,0.38
2022-12-16T12:00,0.78,83,5.6,28.3,0.39
2022-12-16T13:00,0.78,83,5.6,28.3,0.42
2022-12-16T14:00,0.8,82,5.55,28.3,0.47
2022-12-16T15:00,0.82,82,5.5,28.4,0.54
2022-12-16T16:00,0.86,81,5.4,28.4,0.6
2022-12-16T17:00,0.88,81,5.35,28.4,0.63
2022-12-16T18:00,0.88,81,5.35,28.4,0.64
2022-12-16T19:00,0.86,82,5.4,28.4,0.64
2022-12-16T20:00,0.86,82,5.4,28.4,0.63
2022-12-16T21:00,0.82,82,5.35,28.3,0.62
2022-12-16T22:00,0.8,82,5.25,28.3,0.59
2022-12-16T23:00,0.76,82,5.3,28.2,0.57
2022-12-17T00:00,0.78,84,5.55,28.2,0.57
2022-12-17T01:00,0.82,86,5.9,28.1,0.59
2022-12-17T02:00,0.84,88,6.15,28.1,0.61
2022-12-17T03:00,0.84,89,6.3,28.1,0.65
2022-12-17T04:00,0.84,90,6.35,28.0,0.69
2022-12-17T05:00,0.84,91,6.4,28.0,0.7
2022-12-17T06:00,0.84,89,6.4,28.0,0.68
2022-12-17T07:00,0.84,87,6.35,28.0,0.65
2022-12-17T08:00,0.84,85,6.2,28.0,0.62
2022-12-17T09:00,0.76,82,5.8,28.0,0.58
2022-12-17T10:00,0.7,80,5.35,28.1,0.53
2022-12-17T11:00,0.62,77,5.05,28.1,0.48
2022-12-17T12:00,0.72,75,5.15,28.1,0.45
2022-12-17T13:00,0.82,73,5.5,28.1,0.45
2022-12-17T14:00,0.92,71,5.75,28.2,0.48
2022-12-17T15:00,1.0,72,5.85,28.2,0.53
2022-12-17T16:00,1.06,72,5.85,28.3,0.58
2022-12-17T17:00,1.14,73,5.9,28.3,0.61
2022-12-17T18:00,1.16,74,5.95,28.3,0.65
2022-12-17T19:00,1.18,74,6.0,28.2,0.68
2022-12-17T20:00,1.2,75,6.05,28.2,0.7
2022-12-17T21:00,1.18,75,6.1,28.1,0.71
2022-12-17T22:00,1.18,76,6.1,28.1,0.7
2022-12-17T23:00,1.16,76,6.15,28.0,0.67
2022-12-18T00:00,1.14,76,6.2,28.0,0.63
2022-12-18T01:00,1.12,77,6.3,27.9,0.6
2022-12-18T02:00,1.1,77,6.4,27.9,0.58
2022-12-18T03:00,1.08,78,6.55,27.9,0.58
2022-12-18T04:00,1.04,80,6.7,27.8,0.59
2022-12-18T05:00,1.02,81,6.9,27.8,0.6
2022-12-18T06:00,1.02,82,7.1,27.8,0.6
2022-12-18T07:00,1.02,82,7.35,27.8,0.6
2022-12-18T08:00,1.02,83,7.5,27.9,0.6
2022-12-18T09:00,1.04,83,7.6,27.9,0.6
2022-12-18T10:00,1.04,82,7.6,27.9,0.58
2022-12-18T11:00,1.06,82,7.6,27.9,0.53
2022-12-18T12:00,1.12,81,7.55,27.9,0.48
2022-12-18T13:00,1.16,80,7.5,28.0,0.46
2022-12-18T14:00,1.22,79,7.4,28.0,0.45
2022-12-18T15:00,1.36,77,7.25,28.0,0.46
2022-12-18T16:00,1.48,75,7.0,28.0,0.5
2022-12-18T17:00,1.62,73,6.85,28.0,0.56
2022-12-18T18:00,1.62,73,6.75,28.0,0.61
2022-12-18T19:00,1.62,74,6.7,28.0,0.67
2022-12-18T20:00,1.62,74,6.75,27.9,0.72
2022-12-18T21:00,1.6,75,6.9,27.9,0.77
2022-12-18T22:00,1.6,77,7.1,27.9,0.79
2022-12-18T23:00,1.58,78,7.3,27.8,0.77
2022-12-19T00:00,1.56,79,7.45,27.8,0.71
2022-12-19T01:00,1.52,80,7.55,27.7,0.65
2022-12-19T02:00,1.5,81,7.6,27.7,0.6
2022-12-19T03:00,1.44,80,7.6,27.6,0.55
2022-12-19T04:00,1.38,80,7.55,27.6,0.52
2022-12-19T05:00,1.32,79,7.5,27.6,0.53
2022-12-19T06:00,1.26,78,7.45,27.6,0.54
2022-12-19T07:00,1.22,77,7.4,27.6,0.54
2022-12-19T08:00,1.16,76,7.45,27.6,0.56
2022-12-19T09:00,1.18,76,7.65,27.6,0.59
2022-12-19T10:00,1.22,76,7.9,27.6,0.6
2022-12-19T11:00,1.24,76,8.15,27.6,0.58
2022-12-19T12:00,1.2,81,8.4,27.6,0.54
2022-12-19T13:00,1.14,86,8.6,27.6,0.49
2022-12-19T14:00,1.1,91,8.75,27.6,0.45
2022-12-19T15:00,1.08,93,8.7,27.6,0.44
2022-12-19T16:00,1.06,94,8.55,27.6,0.44
2022-12-19T17:00,1.04,96,8.4,27.6,0.47
2022-12-19T18:00,1.06,95,8.25,27.6,0.53
2022-12-19T19:00,1.1,94,8.1,27.5,0.61
2022-12-19T20:00,1.12,93,8.0,27.5,0.71
2022-12-19T21:00,1.12,93,7.9,27.5,0.81
2022-12-19T22:00,1.1,92,7.8,27.5,0.86
2022-12-19T23:00,1.1,92,7.75,27.4,0.89
2022-12-20T00:00,1.12,92,7.8,27.4,0.86
2022-12-20T01:00,1.12,92,7.9,27.4,0.78
2022-12-20T02:00,1.14,92,8.0,27.3,0.69
2022-12-20T03:00,1.16,93,8.2,27.3,0.61
2022-12-20T04:00,1.16,94,8.4,27.3,0.54
2022-12-20T05:00,1.18,95,8.55,27.3,0.49
2022-12-20T06:00,1.18,94,8.55,27.3,0.48
2022-12-20T07:00,1.18,93,8.5,27.3,0.5
2022-12-20T08:00,1.18,92,8.4,27.3,0.54
2022-12-20T09:00,1.18,90,8.3,27.3,0.59
2022-12-20T10:00,1.2,87,8.15,27.3,0.64
2022-12-20T11:00,1.2,85,8.0,27.3,0.67
2022-12-20T12:00,1.22,83,7.85,27.4,0.65
2022-12-20T13:00,1.26,80,7.65,27.4,0.59
2022-12-20T14:00,1.28,78,7.45,27.5,0.52
2022-12-20T15:00,1.32,77,7.25,27.5,0.47
2022-12-20T16:00,1.38,75,7.0,27.6,0.44
2022-12-20T17:00,1.42,74,6.85,27.6,0.43
2022-12-20T18:00,1.44,74,6.75,27.6,0.46
2022-12-20T19:00,1.46,75,6.75,27.5,0.56
2022-12-20T20:00,1.48,75,6.75,27.5,0.69
2022-12-20T21:00,1.48,75,6.75,27.5,0.81
2022-12-20T22:00,1.46,75,6.8,27.4,0.91
2022-12-20T23:00,1.46,75,6.85,27.4,0.97
2022-12-21T00:00,1.44,76,6.9,27.3,0.98
2022-12-21T01:00,1.4,77,7.0,27.3,0.92
2022-12-21T02:00,1.38,78,7.1,27.3,0.81
2022-12-21T03:00,1.36,79,7.2,27.3,0.69
2022-12-21T04:00,1.32,81,7.25,27.2,0.58
2022-12-21T05:00,1.3,82,7.35,27.2,0.5
2022-12-21T06:00,1.28,83,7.45,27.2,0.45
2022-12-21T07:00,1.26,83,7.55,27.2,0.45
2022-12-21T08:00,1.24,84,7.6,27.2,0.5
2022-12-21T09:00,1.22,84,7.6,27.2,0.58
2022-12-21T10:00,1.18,85,7.6,27.3,0.66
2022-12-21T11:00,1.16,85,7.6,27.3,0.71
2022-12-21T12:00,1.16,86,7.6,27.3,0.73
2022-12-21T13:00,1.18,86,7.55,27.3,0.7
2022-12-21T14:00,1.18,87,7.55,27.4,0.6
2022-12-21T15:00,1.2,88,7.55,27.4,0.51
2022-12-21T16:00,1.2,88,7.5,27.4,0.44
2022-12-21T17:00,1.22,89,7.5,27.4,0.41
2022-12-21T18:00,1.24,90,7.5,27.4,0.42
2022-12-21T19:00,1.24,90,7.5,27.4,0.48
2022-12-21T20:00,1.26,91,7.45,27.4,0.6
2022-12-21T21:00,1.24,91,7.35,27.3,0.76
2022-12-21T22:00,1.22,90,7.25,27.3,0.9
2022-12-21T23:00,1.2,90,7.15,27.3,1.0
2022-12-22T00:00,1.18,89,7.1,27.2,1.05
2022-12-22T01:00,1.18,89,7.15,27.2,1.03
2022-12-22T02:00,1.16,88,7.15,27.2,0.92
2022-12-22T03:00,1.16,87,7.15,27.2,0.78
2022-12-22T04:00,1.14,87,7.2,27.1,0.63
2022-12-22T05:00,1.14,86,7.25,27.1,0.5
2022-12-22T06:00,1.12,87,7.35,27.1,0.4
2022-12-22T07:00,1.12,87,7.45,27.1,0.35
2022-12-22T08:00,1.1,88,7.55,27.1,0.38
2022-12-22T09:00,1.1,89,7.65,27.1,0.46
2022-12-22T10:00,1.1,90,7.75,27.2,0.56
2022-12-22T11:00,1.1,91,7.8,27.2,0.65
2022-12-22T12:00,1.1,93,7.85,27.2,0.71
2022-12-22T13:00,1.12,95,7.9,27.3,0.7
2022-12-22T14:00,1.12,97,7.95,27.3,0.63
2022-12-22T15:00,1.12,99,8.0,27.4,0.52
2022-12-22T16:00,1.1,102,8.05,27.4,0.42
2022-12-22T17:00,1.1,104,8.15,27.4,0.35
2022-12-22T18:00,1.1,107,8.25,27.4,0.31
2022-12-22T19:00,1.1,109,8.35,27.4,0.32
2022-12-22T20:00,1.1,112,8.45,27.4,0.41
2022-12-22T21:00,1.1,113,8.55,27.3,0.58
2022-12-22T22:00,1.12,113,8.65,27.3,0.75
2022-12-22T23:00,1.12,114,8.8,27.3,0.89
2022-12-23T00:00,1.12,116,8.95,27.2,0.98
2022-12-23T01:00,1.14,119,9.1,27.2,1.01
2022-12-23T02:00,1.14,121,9.3,27.2,0.95
2022-12-23T03:00,1.12,124,9.5,27.1,0.82
2022-12-23T04:00,1.1,127,9.65,27.1,0.66
2022-12-23T05:00,1.08,130,9.85,27.1,0.51
2022-12-23T06:00,1.06,133,10.05,27.1,0.36
2022-12-23T07:00,1.04,135,10.2,27.2,0.27
2022-12-23T08:00,1.02,138,10.4,27.2,0.25
2022-12-23T09:00,1.0,140,10.6,27.2,0.32
2022-12-23T10:00,0.98,143,10.85,27.3,0.44
2022-12-23T11:00,0.96,145,11.0,27.3,0.55
2022-12-23T12:00,0.96,146,11.1,27.4,0.63
2022-12-23T13:00,0.94,148,11.15,27.4,0.67
2022-12-23T14:00,0.94,149,11.1,27.5,0.65
2022-12-23T15:00,0.96,146,10.85,27.5,0.57
2022-12-23T16:00,0.96,142,10.5,27.6,0.45
2022-12-23T17:00,0.98,139,10.3,27.6,0.35
2022-12-23T18:00,1.0,139,10.3,27.6,0.27
2022-12-23T19:00,1.02,139,10.45,27.6,0.24
2022-12-23T20:00,1.04,139,10.55,27.5,0.28
2022-12-23T21:00,1.02,140,10.5,27.5,0.41
2022-12-23T22:00,0.98,141,10.35,27.5,0.59
2022-12-23T23:00,0.96,142,10.35,27.4,0.77
2022-12-24T00:00,0.96,144,10.55,27.4,0.91
2022-12-24T01:00,0.98,145,10.85,27.4,0.99
2022-12-24T02:00,0.98,147,11.15,27.4,0.99
2022-12-24T03:00,0.98,149,11.45,27.3,0.91
2022-12-24T04:00,0.98,151,11.7,27.3,0.76
2022-12-24T05:00,0.98,153,11.9,27.3,0.59
2022-12-24T06:00,0.96,155,11.95,27.3,0.43
2022-12-24T07:00,0.94,157,11.9,27.4,0.3
2022-12-24T08:00,0.92,159,11.85,27.4,0.25
2022-12-24T09:00,0.92,158,11.7,27.4,0.28
2022-12-24T10:00,0.94,157,11.55,27.4,0.38
2022-12-24T11:00,0.94,156,11.45,27.5,0.5
2022-12-24T12:00,0.94,155,11.45,27.5,0.62
2022-12-24T13:00,0.96,155,11.5,27.6,0.7
2022-12-24T14:00,0.96,154,11.55,27.6,0.72
2022-12-24T15:00,0.96,154,11.6,27.7,0.67
2022-12-24T16:00,0.96,154,11.6,27.7,0.56
2022-12-24T17:00,0.96,154,11.6,27.7,0.45
2022-12-24T18:00,0.96,154,11.55,27.7,0.33
2022-12-24T19:00,0.94,154,11.45,27.7,0.24
2022-12-24T20:00,0.94,154,11.4,27.7,0.24
2022-12-24T21:00,0.92,155,11.45,27.7,0.33
2022-12-24T22:00,0.92,156,11.5,27.6,0.48
2022-12-24T23:00,0.9,157,11.55,27.6,0.66
2022-12-25T00:00,0.9,157,11.6,27.6,0.85
2022-12-25T01:00,0.9,158,11.6,27.6,0.97
2022-12-25T02:00,0.9,158,11.55,27.6,1.01
2022-12-25T03:00,0.9,157,11.4,27.5,0.98
2022-12-25T04:00,0.92,156,11.25,27.5,0.88
2022-12-25T05:00,0.92,155,11.05,27.5,0.71
2022-12-25T06:00,0.92,153,10.85,27.5,0.53
2022-12-25T07:00,0.92,150,10.65,27.6,0.37
2022-12-25T08:00,0.92,148,10.5,27.6,0.27
2022-12-25T09:00,0.9,148,10.45,27.6,0.25
2022-12-25T10:00,0.88,149,10.5,27.7,0.31
2022-12-25T11:00,0.86,149,10.45,27.7,0.43
2022-12-25T12:00,0.86,147,10.4,27.7,0.56
2022-12-25T13:00,0.86,146,10.3,27.7,0.66
2022-12-25T14:00,0.86,144,10.0,27.7,0.71
2022-12-25T15:00,0.86,134,9.25,27.8,0.7
2022-12-25T16:00,0.88,123,8.3,27.8,0.63
2022-12-25T17:00,0.88,113,7.55,27.8,0.51
2022-12-25T18:00,0.94,104,7.15,27.8,0.37
2022-12-25T19:00,1.0,95,6.95,27.7,0.26
2022-12-25T20:00,1.06,86,6.8,27.7,0.22
2022-12-25T21:00,1.06,83,6.7,27.7,0.24
2022-12-25T22:00,1.06,81,6.7,27.7,0.34
2022-12-25T23:00,1.06,78,6.7,27.6,0.51
2022-12-26T00:00,1.08,76,6.7,27.6,0.69
2022-12-26T01:00,1.1,75,6.75,27.6,0.84
2022-12-26T02:00,1.12,73,6.75,27.5,0.95
2022-12-26T03:00,1.14,75,6.65,27.5,0.97
2022-12-26T04:00,1.14,77,6.45,27.5,0.91
2022-12-26T05:00,1.16,79,6.3,27.5,0.8
2022-12-26T06:00,1.16,81,6.2,27.5,0.62
2022-12-26T07:00,1.14,84,6.2,27.5,0.44
2022-12-26T08:00,1.14,86,6.15,27.5,0.31
2022-12-26T09:00,1.14,86,6.1,27.5,0.25
2022-12-26T10:00,1.12,87,6.1,27.5,0.27
2022-12-26T11:00,1.12,87,6.1,27.5,0.34
2022-12-26T12:00,1.1,90,6.2,27.5,0.48
2022-12-26T13:00,1.1,92,6.35,27.6,0.61
2022-12-26T14:00,1.08,95,6.5,27.6,0.68
2022-12-26T15:00,1.06,100,6.7,27.6,0.71
2022-12-26T16:00,1.04,104,6.95,27.7,0.69
2022-12-26T17:00,1.02,109,7.2,27.7,0.59
2022-12-26T18:00,1.0,114,7.45,27.7,0.45
2022-12-26T19:00,1.0,118,7.75,27.6,0.33
2022-12-26T20:00,0.98,123,7.9,27.6,0.25
2022-12-26T21:00,0.92,128,7.85,27.6,0.23
2022-12-26T22:00,0.88,133,7.7,27.6,0.26
2022-12-26T23:00,0.82,138,7.6,27.5,0.38
2022-12-27T00:00,0.82,141,7.65,27.5,0.53
2022-12-27T01:00,0.84,144,7.8,27.5,0.69
2022-12-27T02:00,0.84,147,8.05,27.5,0.8
2022-12-27T03:00,0.86,149,8.5,27.4,0.86
2022-12-27T04:00,0.86,152,9.0,27.4,0.84
2022-12-27T05:00,0.88,154,9.4,27.4,0.75
2022-12-27T06:00,0.88,156,9.55,27.4,0.61
2022-12-27T07:00,0.88,157,9.55,27.5,0.44
2022-12-27T08:00,0.88,159,9.6,27.5,0.31
2022-12-27T09:00,0.88,160,9.75,27.5,0.22
2022-12-27T10:00,0.9,160,9.95,27.6,0.19
2022-12-27T11:00,0.9,161,10.1,27.6,0.24
2022-12-27T12:00,0.9,161,10.25,27.7,0.34
2022-12-27T13:00,0.92,162,10.4,27.7,0.47
2022-12-27T14:00,0.92,162,10.5,27.8,0.58
2022-12-27T15:00,0.9,162,10.55,27.8,0.65
2022-12-27T16:00,0.9,163,10.55,27.9,0.68
2022-12-27T17:00,0.88,163,10.55,27.9,0.64
2022-12-27T18:00,0.9,162,10.5,27.9,0.55
2022-12-27T19:00,0.9,160,10.45,27.9,0.44
2022-12-27T20:00,0.92,159,10.25,27.8,0.35
2022-12-27T21:00,0.94,154,9.9,27.8,0.31
2022-12-27T22:00,0.94,149,9.45,27.8,0.31
2022-12-27T23:00,0.96,144,9.05,27.8,0.37
2022-12-28T00:00,0.96,139,8.75,27.8,0.49
2022-12-28T01:00,0.98,135,8.5,27.7,0.63
2022-12-28T02:00,0.98,130,8.3,27.7,0.75
2022-12-28T03:00,0.96,128,8.1,27.7,0.82
2022-12-28T04:00,0.96,127,8.0,27.7,0.84
2022-12-28T05:00,0.94,125,7.85,27.7,0.81
2022-12-28T06:00,0.94,124,7.75,27.7,0.7
2022-12-28T07:00,0.92,124,7.65,27.7,0.55
2022-12-28T08:00,0.92,123,7.55,27.7,0.42
2022-12-28T09:00,0.92,122,7.5,27.7,0.32
2022-12-28T10:00,0.9,122,7.45,27.7,0.27
2022-12-28T11:00,0.9,121,7.4,27.7,0.28
2022-12-28T12:00,0.9,119,7.3,27.8,0.35
2022-12-28T13:00,0.88,117,7.2,27.8,0.47
2022-12-28T14:00,0.88,115,7.05,27.9,0.58
2022-12-28T15:00,0.9,113,6.9,27.9,0.69
2022-12-28T16:00,0.9,110,6.75,28.0,0.75
2022-12-28T17:00,0.92,108,6.65,28.0,0.75
2022-12-28T18:00,0.94,105,6.55,28.0,0.7
2022-12-28T19:00,0.94,103,6.45,28.0,0.62
2022-12-28T20:00,0.96,100,6.4,28.0,0.52
2022-12-28T21:00,0.98,98,6.35,27.9,0.45
2022-12-28T22:00,1.02,96,6.35,27.9,0.43
2022-12-28T23:00,1.04,94,6.35,27.9,0.46
2022-12-29T00:00,1.04,93,6.25,27.8,0.53
2022-12-29T01:00,1.02,93,6.15,27.8,0.62
2022-12-29T02:00,1.02,92,6.15,27.8,0.72
2022-12-29T03:00,1.0,95,6.3,27.7,0.79
2022-12-29T04:00,0.98,98,6.5,27.7,0.83
2022-12-29T05:00,0.96,101,6.65,27.7,0.82
2022-12-29T06:00,0.94,103,6.75,27.7,0.76
2022-12-29T07:00,0.92,104,6.75,27.7,0.65
2022-12-29T08:00,0.9,106,6.75,27.7,0.52
2022-12-29T09:00,0.9,105,6.65,27.8,0.42
2022-12-29T10:00,0.88,105,6.55,27.8,0.36
2022-12-29T11:00,0.88,104,6.45,27.8,0.34
2022-12-29T12:00,0.88,103,6.4,27.9,0.36
2022-12-29T13:00,0.9,102,6.4,27.9,0.43
2022-12-29T14:00,0.9,101,6.4,28.0,0.53
2022-12-29T15:00,0.92,101,6.5,28.0,0.64
2022-12-29T16:00,0.96,101,6.65,28.1,0.71
2022-12-29T17:00,0.98,101,6.75,28.1,0.75
2022-12-29T18:00,0.98,99,6.7,28.1,0.74
2022-12-29T19:00,1.0,97,6.55,28.0,0.69
2022-12-29T20:00,1.0,95,6.35,28.0,0.62
2022-12-29T21:00,0.96,93,6.1,28.0,0.54
2022-12-29T22:00,0.92,91,5.75,27.9,0.5
2022-12-29T23:00,0.88,89,5.55,27.9,0.49
2022-12-30T00:00,0.9,89,5.5,27.8,0.5
2022-12-30T01:00,0.9,89,5.55,27.8,0.55
2022-12-30T02:00,0.92,89,5.65,27.8,0.61
2022-12-30T03:00,0.92,92,5.85,27.8,0.68
2022-12-30T04:00,0.94,96,6.05,27.7,0.72
2022-12-30T05:00,0.94,99,6.3,27.7,0.72
2022-12-30T06:00,0.94,102,6.5,27.7,0.68
2022-12-30T07:00,0.92,106,6.7,27.7,0.61
2022-12-30T08:00,0.92,109,6.85,27.8,0.51
2022-12-30T09:00,0.92,108,6.85,27.8,0.4
2022-12-30T10:00,0.9,108,6.8,27.8,0.33
2022-12-30T11:00,0.9,107,6.7,27.8,0.29
2022-12-30T12:00,0.9,105,6.6,27.9,0.28
2022-12-30T13:00,0.88,103,6.45,27.9,0.31
2022-12-30T14:00,0.88,101,6.3,27.9,0.38
2022-12-30T15:00,0.88,100,6.2,28.0,0.47
2022-12-30T16:00,0.88,99,6.15,28.0,0.56
2022-12-30T17:00,0.88,98,6.1,28.0,0.61
2022-12-30T18:00,0.88,98,6.15,28.0,0.63
2022-12-30T19:00,0.88,99,6.2,28.0,0.63
2022-12-30T20:00,0.88,99,6.3,27.9,0.6
2022-12-30T21:00,0.88,100,6.4,27.9,0.55
2022-12-30T22:00,0.88,101,6.55,27.9,0.5
2022-12-30T23:00,0.88,102,6.65,27.8,0.47
2022-12-31T00:00,0.88,104,6.75,27.8,0.45
2022-12-31T01:00,0.88,105,6.85,27.8,0.46
2022-12-31T02:00,0.88,107,6.95,27.7,0.48
2022-12-31T03:00,0.88,110,7.05,27.7,0.52
2022-12-31T04:00,0.86,112,7.2,27.7,0.55
2022-12-31T05:00,0.86,115,7.3,27.7,0.57
2022-12-31T06:00,0.86,117,7.45,27.7,0.56
2022-12-31T07:00,0.86,119,7.6,27.7,0.52
2022-12-31T08:00,0.86,121,7.65,27.7,0.46
2022-12-31T09:00,0.82,122,7.6,27.7,0.4
2022-12-31T10:00,0.8,123,7.45,27.7,0.32
2022-12-31T11:00,0.76,124,7.35,27.8,0.27
2022-12-31T12:00,0.76,122,7.25,27.8,0.26
2022-12-31T13:00,0.78,121,7.15,27.9,0.27
2022-12-31T14:00,0.78,119,7.15,27.9,0.31
2022-12-31T15:00,0.82,118,7.25,28.0,0.37
2022-12-31T16:00,0.88,117,7.45,28.0,0.45
2022-12-31T17:00,0.92,116,7.55,28.0,0.53
2022-12-31T18:00,0.88,116,7.4,28.0,0.58
2022-12-31T19:00,0.86,115,7.2,28.0,0.62
2022-12-31T20:00,0.82,115,7.05,28.0,0.63
2022-12-31T21:00,0.82,115,7.1,27.9,0.63
2022-12-31T22:00,0.84,116,7.25,27.9,0.6
2022-12-31T23:00,0.84,116,7.35,27.8,0.56
