recorded_at,wave_height_m,wave_direction_deg,wave_period_s,sea_surface_temp_c,sea_level_height_msl_m
2023-01-01T00:00,0.84,117,7.45,27.8,0.54
2023-01-01T01:00,0.82,119,7.5,27.8,0.52
2023-01-01T02:00,0.82,120,7.55,27.7,0.5
2023-01-01T03:00,0.8,121,7.55,27.7,0.51
2023-01-01T04:00,0.8,122,7.55,27.7,0.52
2023-01-01T05:00,0.78,123,7.55,27.7,0.53
2023-01-01T06:00,0.78,125,7.65,27.7,0.53
2023-01-01T07:00,0.76,126,7.75,27.7,0.52
2023-01-01T08:00,0.76,128,7.9,27.7,0.51
2023-01-01T09:00,0.74,130,8.1,27.7,0.49
2023-01-01T10:00,0.74,133,8.35,27.7,0.45
2023-01-01T11:00,0.72,135,8.45,27.8,0.4
2023-01-01T12:00,0.72,133,8.35,27.8,0.38
2023-01-01T13:00,0.74,130,8.05,27.9,0.37
2023-01-01T14:00,0.74,128,7.7,27.9,0.39
2023-01-01T15:00,0.8,120,7.15,28.0,0.42
2023-01-01T16:00,0.86,111,6.55,28.0,0.47
2023-01-01T17:00,0.92,103,6.05,28.0,0.53
2023-01-01T18:00,0.94,100,5.85,28.0,0.59
2023-01-01T19:00,0.96,98,5.8,28.0,0.64
2023-01-01T20:00,0.98,95,5.8,28.0,0.69
2023-01-01T21:00,0.98,94,5.8,27.9,0.72
2023-01-01T22:00,0.98,93,5.9,27.9,0.73
2023-01-01T23:00,0.98,92,5.95,27.8,0.7
2023-01-02T00:00,1.0,91,6.0,27.8,0.66
2023-01-02T01:00,1.0,91,6.0,27.7,0.61
2023-01-02T02:00,1.02,90,6.0,27.7,0.57
2023-01-02T03:00,1.02,89,6.0,27.7,0.53
2023-01-02T04:00,1.04,89,5.95,27.6,0.5
2023-01-02T05:00,1.04,88,5.9,27.6,0.48
2023-01-02T06:00,1.04,87,5.85,27.6,0.48
2023-01-02T07:00,1.06,86,5.85,27.6,0.48
2023-01-02T08:00,1.06,85,5.8,27.6,0.48
2023-01-02T09:00,1.06,85,5.8,27.6,0.5
2023-01-02T10:00,1.04,85,5.75,27.7,0.51
2023-01-02T11:00,1.04,85,5.75,27.7,0.48
2023-01-02T12:00,1.04,85,5.75,27.7,0.44
2023-01-02T13:00,1.04,84,5.7,27.7,0.41
2023-01-02T14:00,1.04,84,5.7,27.8,0.4
2023-01-02T15:00,1.04,83,5.7,27.8,0.39
2023-01-02T16:00,1.02,83,5.65,27.9,0.4
2023-01-02T17:00,1.02,82,5.65,27.9,0.43
2023-01-02T18:00,1.0,82,5.65,27.9,0.48
2023-01-02T19:00,1.0,82,5.6,27.8,0.55
2023-01-02T20:00,0.98,82,5.65,27.8,0.61
2023-01-02T21:00,1.0,83,5.75,27.8,0.68
2023-01-02T22:00,1.0,83,5.9,27.7,0.74
2023-01-02T23:00,1.02,84,6.0,27.7,0.74
2023-01-03T00:00,1.0,84,6.0,27.6,0.69
2023-01-03T01:00,0.96,84,5.95,27.6,0.63
2023-01-03T02:00,0.94,84,5.9,27.6,0.57
2023-01-03T03:00,0.94,83,5.85,27.5,0.5
2023-01-03T04:00,0.92,83,5.8,27.5,0.44
2023-01-03T05:00,0.92,82,5.75,27.5,0.39
2023-01-03T06:00,0.92,81,5.7,27.5,0.37
2023-01-03T07:00,0.9,80,5.65,27.5,0.37
2023-01-03T08:00,0.9,79,5.65,27.5,0.39
2023-01-03T09:00,0.9,79,5.75,27.5,0.44
2023-01-03T10:00,0.9,80,5.85,27.5,0.49
2023-01-03T11:00,0.9,80,5.95,27.5,0.51
2023-01-03T12:00,0.92,80,6.0,27.6,0.49
2023-01-03T13:00,0.92,79,5.95,27.6,0.46
2023-01-03T14:00,0.94,79,5.95,27.7,0.42
2023-01-03T15:00,0.96,78,5.9,27.7,0.38
2023-01-03T16:00,0.96,78,5.8,27.8,0.34
2023-01-03T17:00,0.98,77,5.8,27.8,0.32
2023-01-03T18:00,1.0,77,5.9,27.8,0.34
2023-01-03T19:00,1.02,78,6.0,27.7,0.4
2023-01-03T20:00,1.04,78,6.1,27.7,0.49
2023-01-03T21:00,1.04,78,6.05,27.7,0.59
2023-01-03T22:00,1.04,77,6.0,27.6,0.68
2023-01-03T23:00,1.04,77,5.95,27.6,0.74
2023-01-04T00:00,1.04,78,6.0,27.5,0.75
2023-01-04T01:00,1.02,79,6.1,27.5,0.68
2023-01-04T02:00,1.02,80,6.2,27.4,0.59
2023-01-04T03:00,1.0,82,6.35,27.4,0.5
2023-01-04T04:00,0.96,84,6.5,27.3,0.41
2023-01-04T05:00,0.94,86,6.6,27.3,0.32
2023-01-04T06:00,0.92,86,6.65,27.3,0.26
2023-01-04T07:00,0.92,87,6.6,27.3,0.25
2023-01-04T08:00,0.9,87,6.55,27.3,0.27
2023-01-04T09:00,0.9,86,6.4,27.4,0.33
2023-01-04T10:00,0.88,85,6.25,27.4,0.41
2023-01-04T11:00,0.88,84,6.05,27.4,0.47
2023-01-04T12:00,0.92,82,5.9,27.5,0.5
2023-01-04T13:00,0.98,79,5.75,27.5,0.47
2023-01-04T14:00,1.02,77,5.65,27.5,0.42
2023-01-04T15:00,1.08,77,5.55,27.6,0.37
2023-01-04T16:00,1.14,76,5.5,27.6,0.33
2023-01-04T17:00,1.2,76,5.45,27.6,0.29
2023-01-04T18:00,1.2,75,5.45,27.6,0.28
2023-01-04T19:00,1.2,75,5.45,27.6,0.31
2023-01-04T20:00,1.2,74,5.5,27.5,0.41
2023-01-04T21:00,1.18,74,5.55,27.5,0.54
2023-01-04T22:00,1.18,74,5.55,27.4,0.66
2023-01-04T23:00,1.16,74,5.6,27.4,0.76
2023-01-05T00:00,1.14,74,5.65,27.3,0.81
2023-01-05T01:00,1.1,75,5.7,27.3,0.79
2023-01-05T02:00,1.08,75,5.75,27.3,0.71
2023-01-05T03:00,1.06,76,5.8,27.2,0.61
2023-01-05T04:00,1.04,77,5.9,27.2,0.51
2023-01-05T05:00,1.02,78,5.95,27.2,0.39
2023-01-05T06:00,1.0,78,6.0,27.2,0.3
2023-01-05T07:00,0.98,79,6.1,27.2,0.26
2023-01-05T08:00,0.96,79,6.15,27.2,0.27
2023-01-05T09:00,0.94,80,6.25,27.2,0.34
2023-01-05T10:00,0.94,82,6.3,27.2,0.42
2023-01-05T11:00,0.92,83,6.35,27.3,0.51
2023-01-05T12:00,0.92,82,6.3,27.3,0.58
2023-01-05T13:00,0.94,81,6.25,27.4,0.58
2023-01-05T14:00,0.94,80,6.15,27.4,0.54
2023-01-05T15:00,0.98,79,6.0,27.5,0.47
2023-01-05T16:00,1.02,78,5.85,27.5,0.38
2023-01-05T17:00,1.06,77,5.75,27.5,0.31
2023-01-05T18:00,1.1,76,5.75,27.5,0.25
2023-01-05T19:00,1.14,75,5.8,27.5,0.25
2023-01-05T20:00,1.18,74,5.85,27.5,0.31
2023-01-05T21:00,1.18,74,5.9,27.4,0.43
2023-01-05T22:00,1.18,74,5.95,27.4,0.57
2023-01-05T23:00,1.18,74,6.0,27.4,0.71
2023-01-06T00:00,1.16,73,5.95,27.3,0.81
2023-01-06T01:00,1.16,73,5.9,27.3,0.84
2023-01-06T02:00,1.14,72,5.8,27.3,0.78
2023-01-06T03:00,1.1,72,5.75,27.2,0.67
2023-01-06T04:00,1.06,71,5.7,27.2,0.54
2023-01-06T05:00,1.02,71,5.65,27.2,0.42
2023-01-06T06:00,1.02,68,5.65,27.2,0.3
2023-01-06T07:00,1.04,66,5.6,27.1,0.22
2023-01-06T08:00,1.04,63,5.6,27.1,0.21
2023-01-06T09:00,1.08,61,5.55,27.1,0.27
2023-01-06T10:00,1.1,60,5.5,27.1,0.38
2023-01-06T11:00,1.14,58,5.45,27.1,0.5
2023-01-06T12:00,1.16,59,5.5,27.1,0.6
2023-01-06T13:00,1.18,61,5.55,27.2,0.67
2023-01-06T14:00,1.2,62,5.6,27.2,0.67
2023-01-06T15:00,1.2,64,5.6,27.2,0.59
2023-01-06T16:00,1.18,65,5.55,27.2,0.48
2023-01-06T17:00,1.18,67,5.55,27.2,0.4
2023-01-06T18:00,1.18,67,5.55,27.2,0.33
2023-01-06T19:00,1.18,67,5.55,27.2,0.29
2023-01-06T20:00,1.18,67,5.55,27.2,0.33
2023-01-06T21:00,1.18,66,5.5,27.1,0.42
2023-01-06T22:00,1.18,66,5.5,27.1,0.57
2023-01-06T23:00,1.18,65,5.45,27.1,0.73
2023-01-07T00:00,1.18,64,5.45,27.0,0.84
2023-01-07T01:00,1.2,63,5.5,27.0,0.91
2023-01-07T02:00,1.2,62,5.5,27.0,0.91
2023-01-07T03:00,1.18,61,5.5,27.0,0.81
2023-01-07T04:00,1.16,59,5.5,26.9,0.68
2023-01-07T05:00,1.14,58,5.45,26.9,0.53
2023-01-07T06:00,1.12,57,5.4,26.9,0.38
2023-01-07T07:00,1.1,55,5.35,26.9,0.27
2023-01-07T08:00,1.08,54,5.3,26.9,0.22
2023-01-07T09:00,1.08,55,5.25,26.9,0.26
2023-01-07T10:00,1.08,55,5.25,27.0,0.36
2023-01-07T11:00,1.08,56,5.25,27.0,0.49
2023-01-07T12:00,1.1,57,5.25,27.0,0.61
2023-01-07T13:00,1.14,59,5.25,27.1,0.69
2023-01-07T14:00,1.16,60,5.25,27.1,0.72
2023-01-07T15:00,1.18,62,5.3,27.2,0.68
2023-01-07T16:00,1.22,63,5.4,27.2,0.57
2023-01-07T17:00,1.24,65,5.45,27.2,0.45
2023-01-07T18:00,1.26,66,5.5,27.2,0.36
2023-01-07T19:00,1.28,66,5.55,27.2,0.31
2023-01-07T20:00,1.3,67,5.6,27.2,0.31
2023-01-07T21:00,1.3,67,5.65,27.1,0.38
2023-01-07T22:00,1.28,66,5.7,27.1,0.51
2023-01-07T23:00,1.28,66,5.7,27.0,0.67
2023-01-08T00:00,1.22,66,5.65,27.0,0.82
2023-01-08T01:00,1.18,67,5.6,27.0,0.91
2023-01-08T02:00,1.12,67,5.6,26.9,0.94
2023-01-08T03:00,1.1,68,5.7,26.9,0.89
2023-01-08T04:00,1.06,69,5.8,26.9,0.77
2023-01-08T05:00,1.04,70,5.9,26.9,0.61
2023-01-08T06:00,1.04,71,5.95,26.9,0.45
2023-01-08T07:00,1.02,72,6.0,26.9,0.32
2023-01-08T08:00,1.02,73,6.05,26.9,0.24
2023-01-08T09:00,1.02,74,6.1,26.9,0.25
2023-01-08T10:00,1.0,76,6.2,26.9,0.34
2023-01-08T11:00,1.0,77,6.2,26.9,0.46
2023-01-08T12:00,1.02,76,6.15,27.0,0.59
2023-01-08T13:00,1.04,75,6.0,27.0,0.71
2023-01-08T14:00,1.06,74,5.9,27.1,0.78
2023-01-08T15:00,1.1,73,5.8,27.1,0.76
2023-01-08T16:00,1.16,73,5.75,27.2,0.67
2023-01-08T17:00,1.2,72,5.7,27.2,0.53
2023-01-08T18:00,1.22,72,5.7,27.2,0.41
2023-01-08T19:00,1.26,72,5.7,27.2,0.32
2023-01-08T20:00,1.28,72,5.7,27.1,0.3
2023-01-08T21:00,1.28,72,5.7,27.1,0.34
2023-01-08T22:00,1.3,72,5.75,27.1,0.46
2023-01-08T23:00,1.3,72,5.75,27.0,0.61
2023-01-09T00:00,1.3,72,5.75,27.0,0.78
2023-01-09T01:00,1.28,72,5.8,27.0,0.91
2023-01-09T02:00,1.28,72,5.8,26.9,0.96
2023-01-09T03:00,1.26,72,5.85,26.9,0.95
2023-01-09T04:00,1.24,73,5.9,26.8,0.86
2023-01-09T05:00,1.22,73,5.9,26.8,0.7
2023-01-09T06:00,1.22,73,5.9,26.8,0.51
2023-01-09T07:00,1.2,73,5.9,26.8,0.36
2023-01-09T08:00,1.2,73,5.85,26.8,0.25
2023-01-09T09:00,1.2,73,5.8,26.8,0.21
2023-01-09T10:00,1.22,72,5.8,26.9,0.27
2023-01-09T11:00,1.22,72,5.75,26.9,0.38
2023-01-09T12:00,1.24,72,5.7,26.9,0.51
2023-01-09T13:00,1.24,71,5.65,27.0,0.63
2023-01-09T14:00,1.26,71,5.6,27.0,0.7
2023-01-09T15:00,1.28,71,5.55,27.1,0.73
2023-01-09T16:00,1.28,72,5.5,27.1,0.68
2023-01-09T17:00,1.3,72,5.5,27.1,0.55
2023-01-09T18:00,1.3,72,5.5,27.1,0.41
2023-01-09T19:00,1.28,72,5.55,27.1,0.32
2023-01-09T20:00,1.28,72,5.55,27.0,0.26
2023-01-09T21:00,1.28,71,5.55,27.0,0.26
2023-01-09T22:00,1.26,71,5.55,26.9,0.35
2023-01-09T23:00,1.26,70,5.55,26.9,0.49
2023-01-10T00:00,1.22,70,5.55,26.8,0.64
2023-01-10T01:00,1.18,70,5.5,26.8,0.77
2023-01-10T02:00,1.14,70,5.5,26.7,0.86
2023-01-10T03:00,1.1,70,5.5,26.7,0.88
2023-01-10T04:00,1.08,69,5.45,26.6,0.82
2023-01-10T05:00,1.04,69,5.45,26.6,0.69
2023-01-10T06:00,1.02,69,5.45,26.6,0.51
2023-01-10T07:00,1.0,70,5.45,26.6,0.34
2023-01-10T08:00,0.98,70,5.45,26.6,0.22
2023-01-10T09:00,0.98,70,5.45,26.6,0.16
2023-01-10T10:00,0.96,71,5.5,26.7,0.18
2023-01-10T11:00,0.96,71,5.5,26.7,0.28
2023-01-10T12:00,0.98,71,5.45,26.7,0.41
2023-01-10T13:00,0.98,71,5.45,26.7,0.53
2023-01-10T14:00,1.0,71,5.4,26.8,0.64
2023-01-10T15:00,1.06,72,5.4,26.8,0.7
2023-01-10T16:00,1.1,74,5.4,26.9,0.69
2023-01-10T17:00,1.16,75,5.4,26.9,0.61
2023-01-10T18:00,1.16,75,5.45,26.9,0.49
2023-01-10T19:00,1.16,76,5.55,26.8,0.36
2023-01-10T20:00,1.16,76,5.65,26.8,0.27
2023-01-10T21:00,1.12,76,5.7,26.8,0.24
2023-01-10T22:00,1.1,76,5.8,26.7,0.29
2023-01-10T23:00,1.06,76,5.85,26.7,0.41
2023-01-11T00:00,1.04,75,5.9,26.6,0.55
2023-01-11T01:00,1.04,75,5.9,26.6,0.7
2023-01-11T02:00,1.02,74,5.95,26.5,0.81
2023-01-11T03:00,1.02,73,5.95,26.5,0.85
2023-01-11T04:00,1.0,71,5.95,26.4,0.83
2023-01-11T05:00,1.0,70,6.0,26.4,0.74
2023-01-11T06:00,1.0,72,6.1,26.4,0.58
2023-01-11T07:00,0.98,73,6.2,26.4,0.4
2023-01-11T08:00,0.98,75,6.35,26.4,0.27
2023-01-11T09:00,0.96,79,6.55,26.4,0.2
2023-01-11T10:00,0.96,84,6.75,26.5,0.19
2023-01-11T11:00,0.94,88,6.9,26.5,0.26
2023-01-11T12:00,0.94,89,6.9,26.5,0.39
2023-01-11T13:00,0.96,89,6.85,26.6,0.53
2023-01-11T14:00,0.96,90,6.75,26.6,0.65
2023-01-11T15:00,0.98,89,6.6,26.7,0.73
2023-01-11T16:00,1.02,89,6.45,26.7,0.74
2023-01-11T17:00,1.04,88,6.35,26.7,0.7
2023-01-11T18:00,1.06,89,6.3,26.7,0.61
2023-01-11T19:00,1.06,89,6.3,26.7,0.49
2023-01-11T20:00,1.08,90,6.3,26.7,0.38
2023-01-11T21:00,1.06,90,6.25,26.6,0.33
2023-01-11T22:00,1.06,90,6.25,26.6,0.35
2023-01-11T23:00,1.04,90,6.25,26.6,0.42
2023-01-12T00:00,1.04,91,6.35,26.5,0.55
2023-01-12T01:00,1.04,92,6.45,26.5,0.68
2023-01-12T02:00,1.04,93,6.55,26.5,0.79
2023-01-12T03:00,1.02,95,6.6,26.4,0.85
2023-01-12T04:00,1.0,96,6.65,26.4,0.84
2023-01-12T05:00,0.98,98,6.7,26.4,0.79
2023-01-12T06:00,0.98,100,6.85,26.4,0.67
2023-01-12T07:00,0.96,103,7.0,26.4,0.51
2023-01-12T08:00,0.96,105,7.2,26.4,0.36
2023-01-12T09:00,0.96,108,7.4,26.4,0.26
2023-01-12T10:00,0.96,110,7.65,26.4,0.24
2023-01-12T11:00,0.96,113,7.75,26.4,0.28
2023-01-12T12:00,0.96,111,7.65,26.5,0.37
2023-01-12T13:00,0.96,109,7.4,26.5,0.5
2023-01-12T14:00,0.96,107,7.15,26.6,0.64
2023-01-12T15:00,0.98,104,6.85,26.6,0.73
2023-01-12T16:00,1.0,101,6.45,26.7,0.77
2023-01-12T17:00,1.02,98,6.2,26.7,0.75
2023-01-12T18:00,1.02,97,6.05,26.7,0.69
2023-01-12T19:00,1.0,96,6.0,26.6,0.59
2023-01-12T20:00,1.0,95,6.0,26.6,0.49
2023-01-12T21:00,0.98,95,6.05,26.6,0.42
2023-01-12T22:00,0.98,96,6.1,26.5,0.41
2023-01-12T23:00,0.96,96,6.2,26.5,0.46
2023-01-13T00:00,0.94,98,6.35,26.4,0.56
2023-01-13T01:00,0.94,99,6.5,26.4,0.68
2023-01-13T02:00,0.92,101,6.65,26.4,0.78
2023-01-13T03:00,0.9,104,6.85,26.3,0.86
2023-01-13T04:00,0.9,107,7.0,26.3,0.88
2023-01-13T05:00,0.88,110,7.2,26.3,0.84
2023-01-13T06:00,0.86,113,7.4,26.3,0.75
2023-01-13T07:00,0.86,117,7.6,26.3,0.62
2023-01-13T08:00,0.84,120,7.6,26.3,0.48
2023-01-13T09:00,0.76,120,7.25,26.3,0.36
2023-01-13T10:00,0.66,120,6.75,26.3,0.3
2023-01-13T11:00,0.58,120,6.4,26.4,0.32
2023-01-13T12:00,0.64,116,6.4,26.4,0.4
2023-01-13T13:00,0.72,113,6.6,26.5,0.51
2023-01-13T14:00,0.78,109,6.65,26.5,0.64
2023-01-13T15:00,0.84,105,6.4,26.6,0.75
2023-01-13T16:00,0.9,100,6.05,26.6,0.81
2023-01-13T17:00,0.96,96,5.8,26.6,0.82
2023-01-13T18:00,0.96,94,5.7,26.6,0.78
2023-01-13T19:00,0.98,93,5.65,26.6,0.71
2023-01-13T20:00,0.98,91,5.65,26.6,0.62
2023-01-13T21:00,0.96,89,5.6,26.5,0.54
2023-01-13T22:00,0.96,88,5.5,26.5,0.5
2023-01-13T23:00,0.94,86,5.5,26.4,0.51
2023-01-14T00:00,0.92,87,5.6,26.4,0.56
2023-01-14T01:00,0.92,88,5.7,26.3,0.65
2023-01-14T02:00,0.9,89,5.85,26.3,0.74
2023-01-14T03:00,0.9,91,5.95,26.3,0.81
2023-01-14T04:00,0.88,92,6.0,26.2,0.83
2023-01-14T05:00,0.88,94,6.1,26.2,0.82
2023-01-14T06:00,0.88,96,6.2,26.2,0.75
2023-01-14T07:00,0.86,98,6.35,26.2,0.65
2023-01-14T08:00,0.86,100,6.5,26.2,0.54
2023-01-14T09:00,0.86,102,6.65,26.3,0.43
2023-01-14T10:00,0.84,105,6.8,26.3,0.36
2023-01-14T11:00,0.84,107,6.95,26.3,0.35
2023-01-14T12:00,0.84,108,7.05,26.4,0.4
2023-01-14T13:00,0.82,108,7.1,26.4,0.49
2023-01-14T14:00,0.82,109,7.05,26.5,0.6
2023-01-14T15:00,0.84,107,6.9,26.5,0.71
2023-01-14T16:00,0.84,105,6.65,26.6,0.79
2023-01-14T17:00,0.86,103,6.5,26.6,0.82
2023-01-14T18:00,0.86,102,6.45,26.6,0.81
2023-01-14T19:00,0.86,102,6.45,26.6,0.77
2023-01-14T20:00,0.86,101,6.45,26.5,0.71
2023-01-14T21:00,0.86,101,6.45,26.5,0.64
2023-01-14T22:00,0.84,100,6.45,26.5,0.57
2023-01-14T23:00,0.84,100,6.45,26.4,0.53
2023-01-15T00:00,0.84,100,6.45,26.4,0.54
2023-01-15T01:00,0.82,99,6.4,26.4,0.57
2023-01-15T02:00,0.82,99,6.35,26.3,0.63
2023-01-15T03:00,0.82,98,6.3,26.3,0.69
2023-01-15T04:00,0.82,98,6.2,26.3,0.73
2023-01-15T05:00,0.82,97,6.15,26.3,0.73
2023-01-15T06:00,0.8,97,6.1,26.3,0.69
2023-01-15T07:00,0.8,96,6.0,26.3,0.61
2023-01-15T08:00,0.78,96,6.0,26.3,0.53
2023-01-15T09:00,0.76,98,6.05,26.3,0.44
2023-01-15T10:00,0.74,99,6.1,26.3,0.37
2023-01-15T11:00,0.72,101,6.2,26.4,0.33
2023-01-15T12:00,0.72,101,6.25,26.4,0.34
2023-01-15T13:00,0.7,102,6.3,26.5,0.38
2023-01-15T14:00,0.7,102,6.35,26.5,0.48
2023-01-15T15:00,0.72,101,6.35,26.6,0.58
2023-01-15T16:00,0.76,100,6.35,26.7,0.66
2023-01-15T17:00,0.78,99,6.35,26.7,0.71
2023-01-15T18:00,0.78,98,6.25,26.7,0.73
2023-01-15T19:00,0.76,96,6.15,26.6,0.73
2023-01-15T20:00,0.76,95,6.1,26.6,0.69
2023-01-15T21:00,0.78,94,6.1,26.6,0.65
2023-01-15T22:00,0.8,93,6.1,26.5,0.6
2023-01-15T23:00,0.82,92,6.15,26.5,0.55
2023-01-16T00:00,0.82,92,6.15,26.4,0.51
2023-01-16T01:00,0.8,93,6.15,26.4,0.5
2023-01-16T02:00,0.8,93,6.2,26.4,0.52
2023-01-16T03:00,0.78,96,6.3,26.4,0.55
2023-01-16T04:00,0.78,98,6.4,26.3,0.58
2023-01-16T05:00,0.76,101,6.5,26.3,0.6
2023-01-16T06:00,0.74,104,6.6,26.3,0.58
2023-01-16T07:00,0.72,106,6.65,26.3,0.53
2023-01-16T08:00,0.7,109,6.7,26.3,0.48
2023-01-16T09:00,0.68,109,6.7,26.4,0.43
2023-01-16T10:00,0.68,108,6.65,26.4,0.38
2023-01-16T11:00,0.66,108,6.6,26.4,0.33
2023-01-16T12:00,0.68,104,6.45,26.5,0.31
2023-01-16T13:00,0.7,100,6.25,26.5,0.34
2023-01-16T14:00,0.72,96,6.1,26.6,0.4
2023-01-16T15:00,0.76,94,5.95,26.7,0.48
2023-01-16T16:00,0.8,92,5.8,26.7,0.56
2023-01-16T17:00,0.84,90,5.7,26.7,0.63
2023-01-16T18:00,0.86,89,5.7,26.7,0.69
2023-01-16T19:00,0.88,89,5.7,26.7,0.72
2023-01-16T20:00,0.9,88,5.75,26.7,0.73
2023-01-16T21:00,0.9,87,5.75,26.6,0.73
2023-01-16T22:00,0.9,85,5.7,26.6,0.72
2023-01-16T23:00,0.9,84,5.7,26.6,0.68
2023-01-17T00:00,0.9,84,5.7,26.5,0.63
2023-01-17T01:00,0.88,83,5.7,26.5,0.6
2023-01-17T02:00,0.88,83,5.75,26.5,0.58
2023-01-17T03:00,0.86,84,5.85,26.5,0.57
2023-01-17T04:00,0.84,86,5.95,26.4,0.57
2023-01-17T05:00,0.82,87,6.05,26.4,0.58
2023-01-17T06:00,0.8,89,6.2,26.4,0.57
2023-01-17T07:00,0.78,92,6.3,26.4,0.56
2023-01-17T08:00,0.76,94,6.45,26.4,0.53
2023-01-17T09:00,0.74,97,6.55,26.5,0.5
2023-01-17T10:00,0.74,99,6.65,26.5,0.48
2023-01-17T11:00,0.72,102,6.7,26.5,0.46
2023-01-17T12:00,0.72,103,6.7,26.6,0.42
2023-01-17T13:00,0.7,103,6.65,26.6,0.4
2023-01-17T14:00,0.7,104,6.55,26.7,0.42
2023-01-17T15:00,0.74,101,6.4,26.8,0.46
2023-01-17T16:00,0.78,97,6.2,26.8,0.52
2023-01-17T17:00,0.82,94,6.05,26.8,0.57
2023-01-17T18:00,0.84,93,6.0,26.8,0.63
2023-01-17T19:00,0.88,92,6.0,26.8,0.7
2023-01-17T20:00,0.9,91,6.0,26.8,0.76
2023-01-17T21:00,0.92,90,6.0,26.7,0.8
2023-01-17T22:00,0.92,90,5.95,26.7,0.83
2023-01-17T23:00,0.94,89,5.95,26.7,0.83
2023-01-18T00:00,0.94,89,5.95,26.6,0.78
2023-01-18T01:00,0.96,90,5.95,26.6,0.71
2023-01-18T02:00,0.96,90,5.95,26.6,0.65
2023-01-18T03:00,0.94,91,5.95,26.6,0.6
2023-01-18T04:00,0.94,91,5.95,26.5,0.56
2023-01-18T05:00,0.92,92,5.95,26.5,0.53
2023-01-18T06:00,0.92,92,5.95,26.5,0.51
2023-01-18T07:00,0.92,92,5.95,26.5,0.5
2023-01-18T08:00,0.92,92,6.0,26.5,0.5
2023-01-18T09:00,0.92,92,6.05,26.5,0.51
2023-01-18T10:00,0.94,92,6.15,26.6,0.53
2023-01-18T11:00,0.94,92,6.15,26.6,0.54
2023-01-18T12:00,0.98,89,6.05,26.6,0.53
2023-01-18T13:00,1.0,87,5.85,26.7,0.5
2023-01-18T14:00,1.04,84,5.7,26.7,0.49
2023-01-18T15:00,1.1,83,5.6,26.8,0.48
2023-01-18T16:00,1.18,81,5.5,26.8,0.49
2023-01-18T17:00,1.24,80,5.45,26.8,0.51
2023-01-18T18:00,1.26,80,5.45,26.8,0.56
2023-01-18T19:00,1.26,79,5.5,26.8,0.63
2023-01-18T20:00,1.28,79,5.55,26.7,0.7
2023-01-18T21:00,1.28,79,5.6,26.7,0.78
2023-01-18T22:00,1.26,80,5.6,26.6,0.84
2023-01-18T23:00,1.26,80,5.65,26.6,0.86
2023-01-19T00:00,1.22,82,5.7,26.5,0.84
2023-01-19T01:00,1.2,83,5.8,26.5,0.78
2023-01-19T02:00,1.16,85,5.85,26.5,0.69
2023-01-19T03:00,1.12,87,5.95,26.4,0.6
2023-01-19T04:00,1.08,89,6.05,26.4,0.51
2023-01-19T05:00,1.04,91,6.1,26.4,0.43
2023-01-19T06:00,1.02,92,6.15,26.4,0.38
2023-01-19T07:00,0.98,93,6.15,26.4,0.36
2023-01-19T08:00,0.96,94,6.15,26.4,0.37
2023-01-19T09:00,0.96,93,6.15,26.4,0.41
2023-01-19T10:00,0.96,91,6.1,26.4,0.46
2023-01-19T11:00,0.96,90,6.05,26.4,0.5
2023-01-19T12:00,0.94,88,5.9,26.5,0.51
2023-01-19T13:00,0.9,87,5.7,26.5,0.49
2023-01-19T14:00,0.88,85,5.55,26.5,0.46
2023-01-19T15:00,0.94,84,5.45,26.6,0.41
2023-01-19T16:00,1.0,82,5.4,26.6,0.36
2023-01-19T17:00,1.06,81,5.4,26.6,0.34
2023-01-19T18:00,1.1,81,5.45,26.6,0.37
2023-01-19T19:00,1.14,80,5.5,26.6,0.44
2023-01-19T20:00,1.18,80,5.55,26.5,0.52
2023-01-19T21:00,1.22,79,5.6,26.5,0.64
2023-01-19T22:00,1.28,79,5.6,26.4,0.76
2023-01-19T23:00,1.32,78,5.65,26.4,0.84
2023-01-20T00:00,1.28,78,5.7,26.3,0.87
2023-01-20T01:00,1.24,79,5.8,26.3,0.84
2023-01-20T02:00,1.2,79,5.85,26.3,0.76
2023-01-20T03:00,1.14,81,5.9,26.2,0.64
2023-01-20T04:00,1.1,82,5.95,26.2,0.52
2023-01-20T05:00,1.04,84,6.0,26.2,0.41
2023-01-20T06:00,1.0,85,6.05,26.2,0.31
2023-01-20T07:00,0.98,85,6.05,26.2,0.26
2023-01-20T08:00,0.94,86,6.05,26.2,0.26
2023-01-20T09:00,0.92,85,6.05,26.2,0.32
2023-01-20T10:00,0.9,83,6.0,26.2,0.41
2023-01-20T11:00,0.88,82,5.95,26.3,0.49
2023-01-20T12:00,0.9,79,5.9,26.3,0.54
2023-01-20T13:00,0.9,76,5.8,26.4,0.56
2023-01-20T14:00,0.92,73,5.7,26.4,0.53
2023-01-20T15:00,0.96,73,5.6,26.5,0.46
2023-01-20T16:00,1.02,74,5.5,26.5,0.37
2023-01-20T17:00,1.06,74,5.45,26.5,0.32
2023-01-20T18:00,1.08,74,5.45,26.5,0.29
2023-01-20T19:00,1.1,75,5.55,26.5,0.31
2023-01-20T20:00,1.12,75,5.6,26.5,0.39
2023-01-20T21:00,1.12,76,5.7,26.4,0.52
2023-01-20T22:00,1.1,77,5.75,26.4,0.68
2023-01-20T23:00,1.1,78,5.85,26.3,0.82
2023-01-21T00:00,1.08,79,5.95,26.3,0.91
2023-01-21T01:00,1.06,79,6.0,26.3,0.94
2023-01-21T02:00,1.04,80,6.1,26.2,0.89
2023-01-21T03:00,1.02,81,6.15,26.2,0.78
2023-01-21T04:00,1.0,81,6.25,26.2,0.64
2023-01-21T05:00,0.98,82,6.3,26.2,0.49
2023-01-21T06:00,0.96,82,6.35,26.2,0.36
2023-01-21T07:00,0.94,82,6.4,26.2,0.26
2023-01-21T08:00,0.92,82,6.45,26.2,0.24
2023-01-21T09:00,0.9,82,6.5,26.2,0.3
2023-01-21T10:00,0.88,83,6.55,26.2,0.41
2023-01-21T11:00,0.86,83,6.5,26.2,0.52
2023-01-21T12:00,0.88,82,6.35,26.3,0.62
2023-01-21T13:00,0.9,80,6.2,26.3,0.68
2023-01-21T14:00,0.92,79,6.0,26.4,0.69
2023-01-21T15:00,0.98,80,5.85,26.5,0.62
2023-01-21T16:00,1.04,81,5.7,26.5,0.51
2023-01-21T17:00,1.1,82,5.65,26.6,0.41
2023-01-21T18:00,1.14,82,5.65,26.6,0.33
2023-01-21T19:00,1.16,83,5.75,26.6,0.3
2023-01-21T20:00,1.2,83,5.8,26.5,0.33
2023-01-21T21:00,1.24,82,5.8,26.5,0.46
2023-01-21T22:00,1.26,81,5.8,26.5,0.63
2023-01-21T23:00,1.3,80,5.8,26.4,0.81
2023-01-22T00:00,1.26,80,5.8,26.4,0.94
2023-01-22T01:00,1.22,80,5.85,26.4,1.02
2023-01-22T02:00,1.18,80,5.9,26.4,1.02
2023-01-22T03:00,1.14,81,5.95,26.3,0.94
2023-01-22T04:00,1.12,81,6.05,26.3,0.79
2023-01-22T05:00,1.08,82,6.1,26.3,0.61
2023-01-22T06:00,1.06,82,6.15,26.3,0.45
2023-01-22T07:00,1.04,83,6.2,26.3,0.32
2023-01-22T08:00,1.02,83,6.2,26.3,0.25
2023-01-22T09:00,1.02,83,6.2,26.3,0.28
2023-01-22T10:00,1.0,82,6.2,26.4,0.39
2023-01-22T11:00,1.0,82,6.2,26.4,0.53
2023-01-22T12:00,1.02,81,6.15,26.4,0.66
2023-01-22T13:00,1.02,79,6.05,26.5,0.76
2023-01-22T14:00,1.04,78,5.95,26.5,0.8
2023-01-22T15:00,1.08,77,5.85,26.6,0.76
2023-01-22T16:00,1.12,76,5.75,26.6,0.65
2023-01-22T17:00,1.16,75,5.7,26.6,0.51
2023-01-22T18:00,1.16,75,5.65,26.6,0.39
2023-01-22T19:00,1.16,75,5.65,26.6,0.3
2023-01-22T20:00,1.16,75,5.65,26.6,0.29
2023-01-22T21:00,1.16,74,5.65,26.5,0.36
2023-01-22T22:00,1.16,74,5.65,26.5,0.51
2023-01-22T23:00,1.16,73,5.65,26.5,0.7
2023-01-23T00:00,1.14,74,5.7,26.4,0.87
2023-01-23T01:00,1.12,74,5.75,26.4,1.0
2023-01-23T02:00,1.1,75,5.8,26.4,1.05
2023-01-23T03:00,1.06,76,5.85,26.4,1.02
2023-01-23T04:00,1.0,78,5.95,26.3,0.9
2023-01-23T05:00,0.96,79,6.0,26.3,0.72
2023-01-23T06:00,0.92,80,6.0,26.3,0.54
2023-01-23T07:00,0.9,81,6.0,26.3,0.38
2023-01-23T08:00,0.86,82,6.0,26.3,0.27
2023-01-23T09:00,0.86,82,6.0,26.4,0.26
2023-01-23T10:00,0.86,83,6.05,26.4,0.34
2023-01-23T11:00,0.86,83,6.05,26.4,0.48
2023-01-23T12:00,0.86,83,6.0,26.5,0.64
2023-01-23T13:00,0.88,83,5.9,26.5,0.76
2023-01-23T14:00,0.88,83,5.85,26.6,0.85
2023-01-23T15:00,0.9,83,5.8,26.7,0.85
2023-01-23T16:00,0.92,82,5.75,26.7,0.77
2023-01-23T17:00,0.94,82,5.75,26.7,0.63
2023-01-23T18:00,0.96,82,5.75,26.7,0.49
2023-01-23T19:00,0.96,81,5.75,26.7,0.36
2023-01-23T20:00,0.98,81,5.75,26.7,0.29
2023-01-23T21:00,0.98,80,5.75,26.6,0.31
2023-01-23T22:00,0.98,80,5.7,26.6,0.39
2023-01-23T23:00,0.98,79,5.7,26.6,0.55
2023-01-24T00:00,0.96,79,5.75,26.6,0.75
2023-01-24T01:00,0.96,80,5.8,26.5,0.91
2023-01-24T02:00,0.94,80,5.9,26.5,1.0
2023-01-24T03:00,0.92,82,6.0,26.5,1.01
2023-01-24T04:00,0.92,85,6.05,26.5,0.94
2023-01-24T05:00,0.9,87,6.15,26.5,0.8
2023-01-24T06:00,0.88,89,6.25,26.5,0.61
2023-01-24T07:00,0.84,92,6.3,26.5,0.42
2023-01-24T08:00,0.82,94,6.4,26.5,0.28
2023-01-24T09:00,0.8,96,6.55,26.5,0.22
2023-01-24T10:00,0.8,99,6.65,26.5,0.25
2023-01-24T11:00,0.78,101,6.75,26.5,0.37
2023-01-24T12:00,0.78,101,6.75,26.6,0.55
2023-01-24T13:00,0.78,100,6.7,26.6,0.72
2023-01-24T14:00,0.78,100,6.6,26.7,0.84
2023-01-24T15:00,0.8,98,6.5,26.7,0.9
2023-01-24T16:00,0.82,96,6.4,26.8,0.88
2023-01-24T17:00,0.84,94,6.35,26.8,0.77
2023-01-24T18:00,0.88,91,6.3,26.8,0.62
2023-01-24T19:00,0.92,89,6.3,26.8,0.48
2023-01-24T20:00,0.96,86,6.3,26.8,0.38
2023-01-24T21:00,0.98,86,6.35,26.7,0.35
2023-01-24T22:00,0.98,86,6.4,26.7,0.4
2023-01-24T23:00,1.0,86,6.45,26.7,0.52
2023-01-25T00:00,1.02,87,6.5,26.6,0.7
2023-01-25T01:00,1.02,87,6.6,26.6,0.87
2023-01-25T02:00,1.04,88,6.65,26.6,0.98
2023-01-25T03:00,1.02,89,6.7,26.6,1.03
2023-01-25T04:00,1.02,91,6.8,26.5,1.0
2023-01-25T05:00,1.0,92,6.85,26.5,0.89
2023-01-25T06:00,0.98,93,6.9,26.5,0.71
2023-01-25T07:00,0.98,93,7.0,26.5,0.51
2023-01-25T08:00,0.96,94,7.05,26.5,0.36
2023-01-25T09:00,0.96,94,7.15,26.5,0.28
2023-01-25T10:00,0.96,95,7.3,26.5,0.27
2023-01-25T11:00,0.96,95,7.35,26.6,0.36
2023-01-25T12:00,0.98,93,7.35,26.6,0.52
2023-01-25T13:00,1.02,90,7.3,26.7,0.71
2023-01-25T14:00,1.04,88,7.2,26.7,0.86
2023-01-25T15:00,1.04,87,7.0,26.8,0.95
2023-01-25T16:00,1.04,87,6.7,26.9,0.97
2023-01-25T17:00,1.04,86,6.55,26.9,0.9
2023-01-25T18:00,1.08,86,6.55,26.9,0.76
2023-01-25T19:00,1.1,85,6.65,26.8,0.6
2023-01-25T20:00,1.14,85,6.75,26.8,0.49
2023-01-25T21:00,1.14,85,6.85,26.8,0.41
2023-01-25T22:00,1.14,85,6.95,26.7,0.4
2023-01-25T23:00,1.14,85,7.05,26.7,0.48
2023-01-26T00:00,1.1,87,7.15,26.6,0.62
2023-01-26T01:00,1.08,89,7.3,26.6,0.77
2023-01-26T02:00,1.04,91,7.4,26.6,0.89
2023-01-26T03:00,1.0,94,7.4,26.5,0.97
2023-01-26T04:00,0.96,96,7.4,26.5,0.97
2023-01-26T05:00,0.92,99,7.45,26.5,0.89
2023-01-26T06:00,0.92,102,7.6,26.5,0.74
2023-01-26T07:00,0.92,104,7.85,26.5,0.56
2023-01-26T08:00,0.92,107,7.95,26.5,0.4
2023-01-26T09:00,0.9,107,7.9,26.5,0.29
2023-01-26T10:00,0.9,107,7.8,26.5,0.26
2023-01-26T11:00,0.88,107,7.65,26.6,0.31
2023-01-26T12:00,0.9,104,7.55,26.6,0.43
2023-01-26T13:00,0.94,101,7.45,26.7,0.59
2023-01-26T14:00,0.96,98,7.35,26.7,0.76
2023-01-26T15:00,1.02,97,7.2,26.8,0.89
2023-01-26T16:00,1.06,95,7.0,26.8,0.94
2023-01-26T17:00,1.12,94,6.8,26.8,0.92
2023-01-26T18:00,1.08,93,6.6,26.8,0.83
2023-01-26T19:00,1.02,93,6.4,26.8,0.7
2023-01-26T20:00,0.98,92,6.3,26.8,0.56
2023-01-26T21:00,0.98,91,6.25,26.7,0.46
2023-01-26T22:00,1.0,91,6.3,26.7,0.43
2023-01-26T23:00,1.0,90,6.35,26.6,0.46
2023-01-27T00:00,1.0,91,6.35,26.6,0.55
2023-01-27T01:00,0.98,91,6.4,26.6,0.66
2023-01-27T02:00,0.98,92,6.45,26.5,0.78
2023-01-27T03:00,0.96,94,6.55,26.5,0.87
2023-01-27T04:00,0.92,96,6.7,26.5,0.89
2023-01-27T05:00,0.9,98,6.8,26.5,0.85
2023-01-27T06:00,0.88,100,6.9,26.5,0.75
2023-01-27T07:00,0.88,102,6.95,26.5,0.58
2023-01-27T08:00,0.86,104,6.95,26.5,0.42
2023-01-27T09:00,0.8,105,6.8,26.5,0.31
2023-01-27T10:00,0.72,105,6.55,26.5,0.27
2023-01-27T11:00,0.66,106,6.35,26.6,0.28
2023-01-27T12:00,0.7,102,6.25,26.6,0.37
2023-01-27T13:00,0.72,99,6.2,26.7,0.51
2023-01-27T14:00,0.76,95,6.15,26.7,0.68
2023-01-27T15:00,0.8,94,6.1,26.8,0.81
2023-01-27T16:00,0.84,92,6.05,26.8,0.89
2023-01-27T17:00,0.88,91,6.0,26.9,0.91
2023-01-27T18:00,0.9,91,6.0,26.9,0.87
2023-01-27T19:00,0.92,90,6.05,26.9,0.78
2023-01-27T20:00,0.94,90,6.1,26.8,0.67
2023-01-27T21:00,0.94,89,6.1,26.8,0.57
2023-01-27T22:00,0.94,89,6.05,26.8,0.52
2023-01-27T23:00,0.94,88,6.0,26.7,0.52
2023-01-28T00:00,0.96,87,5.95,26.7,0.56
2023-01-28T01:00,0.96,87,5.95,26.7,0.64
2023-01-28T02:00,0.98,86,5.85,26.6,0.73
2023-01-28T03:00,0.92,86,5.65,26.6,0.81
2023-01-28T04:00,0.84,85,5.35,26.6,0.84
2023-01-28T05:00,0.78,85,5.2,26.6,0.82
2023-01-28T06:00,0.8,84,5.25,26.6,0.75
2023-01-28T07:00,0.82,84,5.35,26.6,0.63
2023-01-28T08:00,0.84,83,5.5,26.6,0.5
2023-01-28T09:00,0.84,84,5.6,26.6,0.39
2023-01-28T10:00,0.84,84,5.75,26.6,0.32
2023-01-28T11:00,0.84,85,5.8,26.6,0.31
2023-01-28T12:00,0.86,83,5.75,26.7,0.36
2023-01-28T13:00,0.88,82,5.6,26.7,0.47
2023-01-28T14:00,0.9,80,5.45,26.8,0.6
2023-01-28T15:00,0.96,80,5.35,26.8,0.72
2023-01-28T16:00,1.0,81,5.3,26.9,0.82
2023-01-28T17:00,1.06,81,5.25,26.9,0.86
2023-01-28T18:00,1.08,81,5.3,26.9,0.85
2023-01-28T19:00,1.08,82,5.4,26.8,0.79
2023-01-28T20:00,1.1,82,5.5,26.8,0.7
2023-01-28T21:00,1.08,82,5.6,26.7,0.61
2023-01-28T22:00,1.04,83,5.7,26.7,0.55
2023-01-28T23:00,1.02,83,5.75,26.6,0.52
2023-01-29T00:00,1.0,83,5.8,26.6,0.53
2023-01-29T01:00,0.96,84,5.8,26.5,0.58
2023-01-29T02:00,0.94,84,5.85,26.5,0.64
2023-01-29T03:00,0.92,84,5.9,26.5,0.68
2023-01-29T04:00,0.9,84,5.95,26.4,0.72
2023-01-29T05:00,0.88,84,6.0,26.4,0.72
2023-01-29T06:00,0.88,84,6.05,26.4,0.67
2023-01-29T07:00,0.86,84,6.05,26.4,0.59
2023-01-29T08:00,0.86,84,6.1,26.4,0.5
2023-01-29T09:00,0.86,84,6.15,26.5,0.4
2023-01-29T10:00,0.86,85,6.2,26.5,0.34
2023-01-29T11:00,0.86,85,6.2,26.5,0.32
2023-01-29T12:00,0.88,84,6.15,26.6,0.35
2023-01-29T13:00,0.88,83,6.0,26.6,0.42
2023-01-29T14:00,0.9,82,5.9,26.7,0.51
2023-01-29T15:00,0.94,81,5.75,26.8,0.61
2023-01-29T16:00,0.96,79,5.6,26.8,0.7
2023-01-29T17:00,1.0,78,5.5,26.8,0.76
2023-01-29T18:00,1.0,78,5.45,26.8,0.77
2023-01-29T19:00,0.98,79,5.5,26.8,0.76
2023-01-29T20:00,0.98,79,5.6,26.8,0.72
2023-01-29T21:00,1.04,79,5.8,26.7,0.67
2023-01-29T22:00,1.08,80,6.1,26.7,0.61
2023-01-29T23:00,1.14,80,6.3,26.7,0.57
2023-01-30T00:00,1.08,80,6.25,26.6,0.56
2023-01-30T01:00,1.04,81,6.15,26.6,0.57
2023-01-30T02:00,0.98,81,6.05,26.6,0.6
2023-01-30T03:00,0.92,83,6.1,26.6,0.63
2023-01-30T04:00,0.88,84,6.15,26.5,0.65
2023-01-30T05:00,0.82,86,6.2,26.5,0.66
2023-01-30T06:00,0.8,87,6.2,26.5,0.63
2023-01-30T07:00,0.78,87,6.2,26.5,0.59
2023-01-30T08:00,0.76,88,6.15,26.5,0.54
2023-01-30T09:00,0.76,86,6.1,26.6,0.49
2023-01-30T10:00,0.76,85,6.0,26.6,0.43
2023-01-30T11:00,0.76,83,5.95,26.6,0.4
2023-01-30T12:00,0.76,84,5.95,26.7,0.41
2023-01-30T13:00,0.76,85,5.95,26.7,0.44
2023-01-30T14:00,0.76,86,5.95,26.8,0.49
2023-01-30T15:00,0.78,87,5.95,26.8,0.54
2023-01-30T16:00,0.78,88,6.0,26.9,0.59
2023-01-30T17:00,0.8,89,6.05,26.9,0.64
2023-01-30T18:00,0.8,90,6.1,26.9,0.68
2023-01-30T19:00,0.8,91,6.15,26.9,0.7
2023-01-30T20:00,0.8,92,6.25,26.9,0.7
2023-01-30T21:00,0.8,94,6.4,26.9,0.69
2023-01-30T22:00,0.8,96,6.55,26.8,0.65
2023-01-30T23:00,0.8,98,6.7,26.8,0.61
2023-01-31T00:00,0.8,99,6.8,26.8,0.59
2023-01-31T01:00,0.78,101,6.85,26.8,0.58
2023-01-31T02:00,0.78,102,6.85,26.8,0.57
2023-01-31T03:00,0.78,100,6.75,26.7,0.56
2023-01-31T04:00,0.78,98,6.6,26.7,0.55
2023-01-31T05:00,0.78,96,6.5,26.7,0.54
2023-01-31T06:00,0.78,94,6.45,26.7,0.52
2023-01-31T07:00,0.76,91,6.4,26.7,0.49
2023-01-31T08:00,0.76,89,6.35,26.8,0.46
2023-01-31T09:00,0.72,90,6.25,26.8,0.45
2023-01-31T10:00,0.66,90,6.15,26.8,0.43
2023-01-31T11:00,0.62,91,6.0,26.8,0.41
2023-01-31T12:00,0.62,89,5.85,26.9,0.39
2023-01-31T13:00,0.64,86,5.75,26.9,0.4
2023-01-31T14:00,0.64,84,5.6,27.0,0.44
2023-01-31T15:00,0.7,82,5.45,27.0,0.47
2023-01-31T16:00,0.74,81,5.3,27.1,0.51
2023-01-31T17:00,0.8,79,5.2,27.1,0.54
2023-01-31T18:00,0.84,79,5.2,27.1,0.58
2023-01-31T19:00,0.88,78,5.25,27.1,0.61
2023-01-31T20:00,0.92,78,5.3,27.1,0.64
2023-01-31T21:00,0.92,78,5.35,27.0,0.67
2023-01-31T22:00,0.94,77,5.45,27.0,0.69
2023-01-31T23:00,0.94,77,5.5,27.0,0.67
2023-02-01T00:00,0.92,77,5.55,27.0,0.63
2023-02-01T01:00,0.9,78,5.65,26.9,0.6
2023-02-01T02:00,0.88,78,5.75,26.9,0.56
2023-02-01T03:00,0.84,79,5.9,26.9,0.52
2023-02-01T04:00,0.82,81,6.0,26.8,0.48
2023-02-01T05:00,0.78,82,6.15,26.8,0.44
2023-02-01T06:00,0.76,82,6.25,26.8,0.41
2023-02-01T07:00,0.74,82,6.35,26.8,0.39
2023-02-01T08:00,0.72,82,6.4,26.9,0.38
2023-02-01T09:00,0.72,80,6.35,26.9,0.41
2023-02-01T10:00,0.74,77,6.3,26.9,0.44
2023-02-01T11:00,0.74,75,6.25,26.9,0.45
2023-02-01T12:00,0.74,76,6.25,27.0,0.45
2023-02-01T13:00,0.76,78,6.35,27.0,0.45
2023-02-01T14:00,0.76,79,6.4,27.1,0.45
2023-02-01T15:00,0.76,82,6.5,27.1,0.44
2023-02-01T16:00,0.74,86,6.6,27.2,0.45
2023-02-01T17:00,0.74,89,6.65,27.2,0.44
2023-02-01T18:00,0.76,88,6.6,27.2,0.46
2023-02-01T19:00,0.78,87,6.45,27.2,0.5
2023-02-01T20:00,0.8,86,6.35,27.2,0.55
2023-02-01T21:00,0.82,83,6.25,27.1,0.61
2023-02-01T22:00,0.86,81,6.2,27.1,0.68
2023-02-01T23:00,0.88,78,6.1,27.1,0.71
2023-02-02T00:00,0.9,74,6.0,27.1,0.7
2023-02-02T01:00,0.9,69,5.9,27.0,0.67
2023-02-02T02:00,0.92,65,5.8,27.0,0.61
2023-02-02T03:00,0.94,61,5.75,27.0,0.54
2023-02-02T04:00,0.96,58,5.7,26.9,0.47
2023-02-02T05:00,0.98,54,5.65,26.9,0.4
2023-02-02T06:00,1.02,50,5.55,26.9,0.34
2023-02-02T07:00,1.04,46,5.5,26.9,0.31
2023-02-02T08:00,1.08,42,5.4,26.9,0.32
2023-02-02T09:00,1.12,39,5.35,26.9,0.36
2023-02-02T10:00,1.16,37,5.3,26.8,0.43
2023-02-02T11:00,1.2,34,5.3,26.8,0.47
2023-02-02T12:00,1.2,34,5.35,26.8,0.48
2023-02-02T13:00,1.18,35,5.5,26.8,0.48
2023-02-02T14:00,1.18,35,5.6,26.8,0.46
2023-02-02T15:00,1.16,38,5.7,26.8,0.42
2023-02-02T16:00,1.16,41,5.8,26.7,0.39
2023-02-02T17:00,1.14,44,5.85,26.7,0.36
2023-02-02T18:00,1.16,47,5.85,26.7,0.35
2023-02-02T19:00,1.18,51,5.85,26.7,0.38
2023-02-02T20:00,1.2,54,5.8,26.7,0.45
2023-02-02T21:00,1.22,56,5.75,26.7,0.55
2023-02-02T22:00,1.22,58,5.7,26.6,0.65
2023-02-02T23:00,1.24,60,5.65,26.6,0.74
2023-02-03T00:00,1.26,61,5.7,26.6,0.79
2023-02-03T01:00,1.28,61,5.75,26.6,0.76
2023-02-03T02:00,1.3,62,5.8,26.5,0.71
2023-02-03T03:00,1.28,61,5.85,26.5,0.63
2023-02-03T04:00,1.26,61,5.85,26.5,0.53
2023-02-03T05:00,1.24,60,5.85,26.5,0.42
2023-02-03T06:00,1.22,59,5.85,26.5,0.33
2023-02-03T07:00,1.2,59,5.85,26.5,0.29
2023-02-03T08:00,1.18,58,5.85,26.5,0.29
2023-02-03T09:00,1.16,59,5.85,26.5,0.34
2023-02-03T10:00,1.16,59,5.8,26.5,0.42
2023-02-03T11:00,1.14,60,5.8,26.5,0.5
2023-02-03T12:00,1.1,63,5.85,26.5,0.56
2023-02-03T13:00,1.08,66,5.9,26.6,0.57
2023-02-03T14:00,1.04,69,6.0,26.6,0.53
2023-02-03T15:00,1.0,73,6.15,26.7,0.49
2023-02-03T16:00,0.98,77,6.3,26.7,0.42
2023-02-03T17:00,0.94,81,6.45,26.7,0.33
2023-02-03T18:00,0.92,82,6.5,26.7,0.29
2023-02-03T19:00,0.92,83,6.5,26.7,0.3
2023-02-03T20:00,0.9,84,6.45,26.7,0.33
2023-02-03T21:00,0.92,80,6.35,26.7,0.42
2023-02-03T22:00,0.96,76,6.2,26.6,0.55
2023-02-03T23:00,0.98,72,6.05,26.6,0.68
2023-02-04T00:00,1.0,70,6.0,26.6,0.75
2023-02-04T01:00,1.02,67,6.0,26.6,0.76
2023-02-04T02:00,1.04,65,5.95,26.6,0.71
2023-02-04T03:00,1.04,64,5.85,26.5,0.6
2023-02-04T04:00,1.04,62,5.75,26.5,0.48
2023-02-04T05:00,1.04,61,5.75,26.5,0.35
2023-02-04T06:00,1.02,63,5.9,26.5,0.23
2023-02-04T07:00,1.0,66,6.1,26.5,0.15
2023-02-04T08:00,0.98,68,6.3,26.5,0.14
2023-02-04T09:00,0.94,73,6.45,26.5,0.18
2023-02-04T10:00,0.92,77,6.55,26.6,0.28
2023-02-04T11:00,0.88,82,6.7,26.6,0.39
2023-02-04T12:00,0.86,87,6.9,26.6,0.48
2023-02-04T13:00,0.84,91,7.05,26.7,0.53
2023-02-04T14:00,0.82,96,7.25,26.7,0.51
2023-02-04T15:00,0.8,99,7.45,26.8,0.43
2023-02-04T16:00,0.8,102,7.6,26.8,0.34
2023-02-04T17:00,0.78,105,7.7,26.9,0.25
2023-02-04T18:00,0.78,103,7.7,26.9,0.17
2023-02-04T19:00,0.78,102,7.6,26.9,0.13
2023-02-04T20:00,0.78,100,7.45,26.9,0.17
2023-02-04T21:00,0.8,97,7.25,26.8,0.27
2023-02-04T22:00,0.84,93,7.0,26.8,0.41
2023-02-04T23:00,0.86,90,6.8,26.8,0.56
2023-02-05T00:00,0.88,88,6.65,26.7,0.68
2023-02-05T01:00,0.88,87,6.55,26.7,0.75
2023-02-05T02:00,0.9,85,6.45,26.7,0.73
2023-02-05T03:00,0.9,85,6.4,26.7,0.63
2023-02-05T04:00,0.88,85,6.45,26.6,0.5
2023-02-05T05:00,0.88,85,6.45,26.6,0.35
2023-02-05T06:00,0.86,86,6.5,26.6,0.2
2023-02-05T07:00,0.82,88,6.55,26.6,0.1
2023-02-05T08:00,0.8,89,6.6,26.7,0.07
2023-02-05T09:00,0.78,91,6.7,26.7,0.11
2023-02-05T10:00,0.74,93,6.8,26.7,0.22
2023-02-05T11:00,0.72,95,6.85,26.8,0.36
2023-02-05T12:00,0.74,92,6.75,26.8,0.48
2023-02-05T13:00,0.74,90,6.5,26.9,0.58
2023-02-05T14:00,0.76,87,6.3,26.9,0.61
2023-02-05T15:00,0.82,84,6.1,27.0,0.57
2023-02-05T16:00,0.9,82,5.85,27.0,0.47
2023-02-05T17:00,0.96,79,5.7,27.1,0.36
2023-02-05T18:00,0.98,79,5.65,27.1,0.26
2023-02-05T19:00,0.98,78,5.75,27.1,0.2
2023-02-05T20:00,1.0,78,5.8,27.0,0.22
2023-02-05T21:00,1.0,78,5.9,27.0,0.3
2023-02-05T22:00,0.98,78,6.0,27.0,0.44
2023-02-05T23:00,0.98,78,6.1,26.9,0.61
2023-02-06T00:00,0.96,79,6.2,26.9,0.77
2023-02-06T01:00,0.94,80,6.3,26.9,0.88
2023-02-06T02:00,0.92,81,6.4,26.8,0.9
2023-02-06T03:00,0.9,82,6.5,26.8,0.84
2023-02-06T04:00,0.88,84,6.65,26.7,0.71
2023-02-06T05:00,0.86,85,6.8,26.7,0.54
2023-02-06T06:00,0.86,87,6.95,26.7,0.38
2023-02-06T07:00,0.84,90,7.15,26.7,0.24
2023-02-06T08:00,0.84,92,7.3,26.7,0.18
2023-02-06T09:00,0.82,94,7.45,26.8,0.19
2023-02-06T10:00,0.82,97,7.65,26.8,0.3
2023-02-06T11:00,0.8,99,7.75,26.8,0.44
2023-02-06T12:00,0.8,99,7.8,26.9,0.59
2023-02-06T13:00,0.82,100,7.8,26.9,0.71
2023-02-06T14:00,0.82,100,7.7,27.0,0.78
2023-02-06T15:00,0.84,97,7.5,27.1,0.76
2023-02-06T16:00,0.88,93,7.2,27.1,0.66
2023-02-06T17:00,0.9,90,7.0,27.2,0.52
2023-02-06T18:00,0.9,91,7.0,27.2,0.41
2023-02-06T19:00,0.9,92,7.15,27.2,0.31
2023-02-06T20:00,0.9,93,7.25,27.1,0.27
2023-02-06T21:00,0.88,95,7.35,27.1,0.32
2023-02-06T22:00,0.88,96,7.45,27.1,0.44
2023-02-06T23:00,0.86,98,7.55,27.0,0.61
2023-02-07T00:00,0.84,100,7.7,27.0,0.77
2023-02-07T01:00,0.84,103,7.8,27.0,0.9
2023-02-07T02:00,0.82,105,7.95,26.9,0.95
2023-02-07T03:00,0.8,107,8.05,26.9,0.92
2023-02-07T04:00,0.8,109,8.2,26.9,0.8
2023-02-07T05:00,0.78,111,8.3,26.9,0.62
2023-02-07T06:00,0.76,114,8.45,26.9,0.43
2023-02-07T07:00,0.74,117,8.55,26.9,0.27
2023-02-07T08:00,0.72,120,8.65,26.9,0.18
2023-02-07T09:00,0.72,122,8.7,26.9,0.16
2023-02-07T10:00,0.7,125,8.75,27.0,0.24
2023-02-07T11:00,0.7,127,8.75,27.0,0.38
2023-02-07T12:00,0.7,126,8.65,27.1,0.54
2023-02-07T13:00,0.72,125,8.5,27.1,0.67
2023-02-07T14:00,0.72,124,8.35,27.2,0.76
2023-02-07T15:00,0.74,120,8.1,27.3,0.77
2023-02-07T16:00,0.76,116,7.85,27.3,0.71
2023-02-07T17:00,0.78,112,7.65,27.4,0.58
2023-02-07T18:00,0.78,111,7.6,27.4,0.43
2023-02-07T19:00,0.8,111,7.65,27.3,0.3
2023-02-07T20:00,0.8,110,7.7,27.3,0.24
2023-02-07T21:00,0.78,111,7.75,27.3,0.24
2023-02-07T22:00,0.78,113,7.75,27.2,0.33
2023-02-07T23:00,0.76,114,7.8,27.2,0.48
2023-02-08T00:00,0.76,115,7.85,27.2,0.65
2023-02-08T01:00,0.76,115,7.9,27.1,0.78
2023-02-08T02:00,0.76,116,7.9,27.1,0.87
2023-02-08T03:00,0.76,115,7.8,27.1,0.88
2023-02-08T04:00,0.76,114,7.6,27.1,0.8
2023-02-08T05:00,0.76,113,7.5,27.1,0.63
2023-02-08T06:00,0.76,113,7.5,27.1,0.45
2023-02-08T07:00,0.78,112,7.6,27.1,0.27
2023-02-08T08:00,0.78,112,7.7,27.1,0.15
2023-02-08T09:00,0.8,113,7.85,27.1,0.11
2023-02-08T10:00,0.8,113,8.05,27.1,0.17
2023-02-08T11:00,0.82,114,8.15,27.2,0.3
2023-02-08T12:00,0.84,112,8.15,27.2,0.47
2023-02-08T13:00,0.84,109,8.15,27.3,0.63
2023-02-08T14:00,0.86,107,8.05,27.4,0.75
2023-02-08T15:00,0.88,105,7.9,27.4,0.8
2023-02-08T16:00,0.92,102,7.75,27.5,0.77
2023-02-08T17:00,0.94,100,7.5,27.5,0.67
2023-02-08T18:00,0.9,99,7.15,27.5,0.52
2023-02-08T19:00,0.86,98,6.75,27.5,0.38
2023-02-08T20:00,0.82,97,6.5,27.5,0.28
2023-02-08T21:00,0.86,98,6.55,27.4,0.26
2023-02-08T22:00,0.88,98,6.8,27.4,0.33
2023-02-08T23:00,0.92,99,7.0,27.4,0.46
2023-02-09T00:00,0.92,100,7.15,27.3,0.63
2023-02-09T01:00,0.92,101,7.3,27.3,0.79
2023-02-09T02:00,0.92,102,7.45,27.3,0.9
2023-02-09T03:00,0.9,105,7.6,27.3,0.93
2023-02-09T04:00,0.9,107,7.75,27.2,0.88
2023-02-09T05:00,0.88,110,7.9,27.2,0.76
2023-02-09T06:00,0.86,113,8.05,27.2,0.57
2023-02-09T07:00,0.84,116,8.25,27.2,0.38
2023-02-09T08:00,0.82,119,8.3,27.2,0.23
2023-02-09T09:00,0.74,123,8.15,27.3,0.17
2023-02-09T10:00,0.68,126,7.9,27.3,0.2
2023-02-09T11:00,0.6,130,7.85,27.3,0.3
2023-02-09T12:00,0.62,134,8.2,27.4,0.46
2023-02-09T13:00,0.64,138,8.7,27.4,0.63
2023-02-09T14:00,0.66,142,9.05,27.5,0.77
2023-02-09T15:00,0.66,141,9.15,27.6,0.84
2023-02-09T16:00,0.68,141,9.1,27.6,0.83
2023-02-09T17:00,0.68,140,8.95,27.7,0.76
2023-02-09T18:00,0.7,135,8.7,27.7,0.64
2023-02-09T19:00,0.7,130,8.3,27.6,0.48
2023-02-09T20:00,0.72,125,7.95,27.6,0.35
2023-02-09T21:00,0.76,118,7.6,27.6,0.3
2023-02-09T22:00,0.78,112,7.3,27.5,0.34
2023-02-09T23:00,0.82,105,7.05,27.5,0.43
2023-02-10T00:00,0.84,104,6.95,27.4,0.57
2023-02-10T01:00,0.84,102,7.0,27.4,0.73
2023-02-10T02:00,0.86,101,7.05,27.4,0.85
2023-02-10T03:00,0.86,102,7.15,27.4,0.89
2023-02-10T04:00,0.88,104,7.25,27.3,0.86
2023-02-10T05:00,0.88,105,7.35,27.3,0.77
2023-02-10T06:00,0.88,107,7.45,27.3,0.62
2023-02-10T07:00,0.88,109,7.55,27.3,0.44
2023-02-10T08:00,0.88,111,7.65,27.3,0.28
2023-02-10T09:00,0.86,114,7.8,27.4,0.2
2023-02-10T10:00,0.86,117,8.0,27.4,0.2
2023-02-10T11:00,0.84,120,8.15,27.4,0.29
2023-02-10T12:00,0.84,121,8.25,27.5,0.44
2023-02-10T13:00,0.84,122,8.25,27.5,0.63
2023-02-10T14:00,0.84,123,8.15,27.6,0.79
2023-02-10T15:00,0.88,118,7.85,27.7,0.89
2023-02-10T16:00,0.9,112,7.4,27.7,0.91
2023-02-10T17:00,0.94,107,7.05,27.7,0.87
2023-02-10T18:00,0.94,105,6.9,27.7,0.77
2023-02-10T19:00,0.96,103,6.85,27.7,0.62
2023-02-10T20:00,0.96,101,6.8,27.7,0.47
2023-02-10T21:00,0.94,100,6.8,27.6,0.39
2023-02-10T22:00,0.92,99,6.8,27.6,0.38
2023-02-10T23:00,0.9,98,6.8,27.5,0.43
2023-02-11T00:00,0.88,98,6.8,27.5,0.54
2023-02-11T01:00,0.84,99,6.85,27.5,0.68
2023-02-11T02:00,0.82,99,6.85,27.4,0.81
2023-02-11T03:00,0.82,100,6.9,27.4,0.87
2023-02-11T04:00,0.8,102,6.9,27.3,0.87
2023-02-11T05:00,0.8,103,6.95,27.3,0.8
2023-02-11T06:00,0.8,104,7.0,27.3,0.68
2023-02-11T07:00,0.78,106,7.05,27.3,0.51
2023-02-11T08:00,0.78,107,7.1,27.3,0.34
2023-02-11T09:00,0.76,109,7.25,27.3,0.24
2023-02-11T10:00,0.74,111,7.4,27.3,0.23
2023-02-11T11:00,0.72,113,7.5,27.3,0.27
2023-02-11T12:00,0.72,112,7.5,27.4,0.39
2023-02-11T13:00,0.72,112,7.45,27.4,0.55
2023-02-11T14:00,0.72,111,7.35,27.5,0.72
2023-02-11T15:00,0.76,106,7.1,27.6,0.84
2023-02-11T16:00,0.82,100,6.75,27.6,0.89
2023-02-11T17:00,0.86,95,6.55,27.6,0.87
2023-02-11T18:00,0.88,95,6.5,27.6,0.79
2023-02-11T19:00,0.88,94,6.55,27.6,0.67
2023-02-11T20:00,0.9,94,6.65,27.6,0.53
2023-02-11T21:00,0.92,94,6.8,27.5,0.42
2023-02-11T22:00,0.92,95,6.95,27.5,0.38
2023-02-11T23:00,0.94,95,7.1,27.4,0.39
2023-02-12T00:00,0.9,97,7.1,27.4,0.47
2023-02-12T01:00,0.86,98,7.05,27.3,0.58
2023-02-12T02:00,0.82,100,7.05,27.3,0.69
2023-02-12T03:00,0.8,103,7.15,27.2,0.77
2023-02-12T04:00,0.78,107,7.3,27.2,0.79
2023-02-12T05:00,0.76,110,7.4,27.2,0.74
2023-02-12T06:00,0.74,112,7.45,27.2,0.64
2023-02-12T07:00,0.7,115,7.5,27.2,0.5
2023-02-12T08:00,0.68,117,7.55,27.2,0.36
2023-02-12T09:00,0.68,120,7.7,27.2,0.25
2023-02-12T10:00,0.66,122,7.9,27.3,0.2
2023-02-12T11:00,0.66,125,8.0,27.3,0.22
2023-02-12T12:00,0.68,123,7.95,27.4,0.32
2023-02-12T13:00,0.68,120,7.75,27.4,0.46
2023-02-12T14:00,0.7,118,7.5,27.5,0.62
2023-02-12T15:00,0.74,113,7.1,27.6,0.75
2023-02-12T16:00,0.8,107,6.65,27.6,0.83
2023-02-12T17:00,0.84,102,6.3,27.6,0.85
2023-02-12T18:00,0.86,101,6.15,27.6,0.8
2023-02-12T19:00,0.88,100,6.15,27.6,0.71
2023-02-12T20:00,0.9,99,6.15,27.5,0.6
2023-02-12T21:00,0.9,99,6.2,27.5,0.5
2023-02-12T22:00,0.88,99,6.25,27.4,0.43
2023-02-12T23:00,0.88,99,6.3,27.4,0.42
2023-02-13T00:00,0.88,100,6.35,27.3,0.45
2023-02-13T01:00,0.86,100,6.4,27.3,0.52
2023-02-13T02:00,0.86,101,6.45,27.3,0.6
2023-02-13T03:00,0.86,102,6.5,27.2,0.67
2023-02-13T04:00,0.84,103,6.55,27.2,0.71
2023-02-13T05:00,0.84,104,6.65,27.2,0.69
2023-02-13T06:00,0.84,105,6.75,27.2,0.61
2023-02-13T07:00,0.84,105,6.85,27.2,0.51
2023-02-13T08:00,0.84,106,6.95,27.2,0.4
2023-02-13T09:00,0.8,108,6.95,27.2,0.3
2023-02-13T10:00,0.76,109,6.9,27.2,0.23
2023-02-13T11:00,0.72,111,6.9,27.3,0.24
2023-02-13T12:00,0.76,109,6.9,27.3,0.31
2023-02-13T13:00,0.8,107,6.95,27.4,0.41
2023-02-13T14:00,0.84,105,6.95,27.4,0.55
2023-02-13T15:00,0.88,103,6.9,27.5,0.69
2023-02-13T16:00,0.9,101,6.8,27.6,0.78
2023-02-13T17:00,0.94,99,6.75,27.6,0.82
2023-02-13T18:00,0.94,98,6.7,27.6,0.8
2023-02-13T19:00,0.94,98,6.7,27.5,0.74
2023-02-13T20:00,0.94,97,6.7,27.5,0.67
2023-02-13T21:00,0.94,97,6.7,27.4,0.59
2023-02-13T22:00,0.92,97,6.75,27.4,0.52
2023-02-13T23:00,0.92,97,6.8,27.3,0.48
2023-02-14T00:00,0.92,98,6.85,27.3,0.48
2023-02-14T01:00,0.92,100,6.95,27.2,0.51
2023-02-14T02:00,0.92,101,7.05,27.2,0.56
2023-02-14T03:00,0.9,104,7.2,27.2,0.61
2023-02-14T04:00,0.9,107,7.35,27.1,0.64
2023-02-14T05:00,0.88,110,7.5,27.1,0.63
2023-02-14T06:00,0.88,112,7.65,27.1,0.57
2023-02-14T07:00,0.88,114,7.8,27.1,0.49
2023-02-14T08:00,0.88,116,7.85,27.1,0.41
2023-02-14T09:00,0.82,116,7.65,27.2,0.34
2023-02-14T10:00,0.76,116,7.35,27.2,0.28
2023-02-14T11:00,0.7,116,7.15,27.2,0.26
2023-02-14T12:00,0.74,114,7.2,27.3,0.29
2023-02-14T13:00,0.78,112,7.3,27.3,0.36
2023-02-14T14:00,0.82,110,7.4,27.4,0.46
2023-02-14T15:00,0.86,109,7.4,27.5,0.58
2023-02-14T16:00,0.88,108,7.35,27.5,0.68
2023-02-14T17:00,0.92,107,7.3,27.5,0.74
2023-02-14T18:00,0.92,106,7.25,27.5,0.75
2023-02-14T19:00,0.92,106,7.2,27.5,0.73
2023-02-14T20:00,0.92,105,7.2,27.4,0.7
2023-02-14T21:00,0.92,105,7.25,27.4,0.66
2023-02-14T22:00,0.9,105,7.3,27.3,0.62
2023-02-14T23:00,0.9,105,7.45,27.3,0.57
2023-02-15T00:00,0.9,108,7.65,27.2,0.54
2023-02-15T01:00,0.9,110,7.95,27.2,0.53
2023-02-15T02:00,0.9,113,8.2,27.1,0.54
2023-02-15T03:00,0.9,116,8.45,27.1,0.55
2023-02-15T04:00,0.9,119,8.65,27.0,0.56
2023-02-15T05:00,0.9,122,8.85,27.0,0.55
2023-02-15T06:00,0.88,124,9.0,27.0,0.51
2023-02-15T07:00,0.88,127,9.05,27.0,0.46
2023-02-15T08:00,0.86,129,9.15,27.1,0.4
2023-02-15T09:00,0.84,131,9.3,27.1,0.36
2023-02-15T10:00,0.84,133,9.4,27.1,0.33
2023-02-15T11:00,0.82,135,9.45,27.2,0.31
2023-02-15T12:00,0.82,133,9.35,27.2,0.31
2023-02-15T13:00,0.84,132,9.15,27.3,0.34
2023-02-15T14:00,0.84,130,8.85,27.3,0.4
2023-02-15T15:00,0.9,123,8.45,27.4,0.46
2023-02-15T16:00,0.96,117,7.95,27.5,0.54
2023-02-15T17:00,1.02,110,7.6,27.5,0.61
2023-02-15T18:00,1.02,109,7.55,27.5,0.65
2023-02-15T19:00,1.04,107,7.65,27.4,0.66
2023-02-15T20:00,1.04,106,7.8,27.4,0.67
2023-02-15T21:00,1.04,107,8.0,27.4,0.67
2023-02-15T22:00,1.06,109,8.25,27.3,0.67
2023-02-15T23:00,1.06,110,8.45,27.3,0.65
2023-02-16T00:00,1.04,111,8.5,27.2,0.61
2023-02-16T01:00,1.02,113,8.45,27.2,0.59
2023-02-16T02:00,1.0,114,8.4,27.1,0.57
2023-02-16T03:00,1.02,114,8.35,27.1,0.53
2023-02-16T04:00,1.02,113,8.3,27.0,0.5
2023-02-16T05:00,1.04,113,8.3,27.0,0.48
2023-02-16T06:00,1.04,113,8.35,27.0,0.45
2023-02-16T07:00,1.04,114,8.4,27.0,0.41
2023-02-16T08:00,1.04,114,8.45,27.0,0.39
2023-02-16T09:00,1.04,114,8.5,27.1,0.39
2023-02-16T10:00,1.06,114,8.6,27.1,0.4
2023-02-16T11:00,1.06,114,8.6,27.1,0.4
2023-02-16T12:00,1.08,112,8.55,27.2,0.4
2023-02-16T13:00,1.1,109,8.4,27.2,0.41
2023-02-16T14:00,1.12,107,8.25,27.3,0.44
2023-02-16T15:00,1.16,103,8.05,27.4,0.46
2023-02-16T16:00,1.18,100,7.85,27.4,0.47
2023-02-16T17:00,1.22,96,7.65,27.4,0.5
2023-02-16T18:00,1.22,95,7.55,27.4,0.54
2023-02-16T19:00,1.24,94,7.55,27.4,0.59
2023-02-16T20:00,1.24,93,7.5,27.3,0.63
2023-02-16T21:00,1.22,93,7.4,27.3,0.68
2023-02-16T22:00,1.2,93,7.35,27.2,0.73
2023-02-16T23:00,1.18,93,7.3,27.2,0.76
2023-02-17T00:00,1.18,95,7.35,27.1,0.75
2023-02-17T01:00,1.16,97,7.5,27.1,0.71
2023-02-17T02:00,1.16,99,7.6,27.1,0.65
2023-02-17T03:00,1.12,101,7.65,27.0,0.58
2023-02-17T04:00,1.1,104,7.65,27.0,0.49
2023-02-17T05:00,1.06,106,7.75,27.0,0.42
2023-02-17T06:00,1.04,109,7.95,27.0,0.38
2023-02-17T07:00,1.02,113,8.25,27.0,0.35
2023-02-17T08:00,1.0,116,8.5,27.0,0.35
2023-02-17T09:00,0.98,119,8.75,27.0,0.38
2023-02-17T10:00,0.96,121,8.95,27.0,0.43
2023-02-17T11:00,0.94,124,9.05,27.1,0.48
2023-02-17T12:00,0.94,124,9.05,27.1,0.5
2023-02-17T13:00,0.92,125,9.0,27.2,0.5
2023-02-17T14:00,0.92,125,8.85,27.2,0.49
2023-02-17T15:00,0.92,121,8.6,27.3,0.46
2023-02-17T16:00,0.94,118,8.25,27.4,0.42
2023-02-17T17:00,0.94,114,7.95,27.4,0.4
2023-02-17T18:00,0.94,111,7.7,27.4,0.41
2023-02-17T19:00,0.96,108,7.5,27.3,0.45
2023-02-17T20:00,0.96,105,7.35,27.3,0.52
2023-02-17T21:00,0.96,102,7.2,27.3,0.62
2023-02-17T22:00,0.98,100,7.05,27.2,0.73
2023-02-17T23:00,0.98,97,6.95,27.2,0.81
2023-02-18T00:00,0.96,98,6.9,27.1,0.85
2023-02-18T01:00,0.96,98,6.9,27.1,0.83
2023-02-18T02:00,0.94,99,6.95,27.1,0.76
2023-02-18T03:00,0.92,102,7.1,27.0,0.66
2023-02-18T04:00,0.9,105,7.3,27.0,0.55
2023-02-18T05:00,0.88,108,7.5,27.0,0.43
2023-02-18T06:00,0.86,112,7.7,27.0,0.34
2023-02-18T07:00,0.86,116,7.9,27.0,0.28
2023-02-18T08:00,0.84,120,8.1,27.0,0.3
2023-02-18T09:00,0.82,123,8.25,27.0,0.36
2023-02-18T10:00,0.8,125,8.4,27.1,0.44
2023-02-18T11:00,0.78,128,8.5,27.1,0.53
2023-02-18T12:00,0.78,127,8.5,27.2,0.61
2023-02-18T13:00,0.78,127,8.4,27.2,0.63
2023-02-18T14:00,0.78,126,8.25,27.3,0.6
2023-02-18T15:00,0.82,120,7.9,27.4,0.54
2023-02-18T16:00,0.86,115,7.45,27.4,0.48
2023-02-18T17:00,0.9,109,7.1,27.5,0.4
2023-02-18T18:00,0.92,106,6.9,27.5,0.36
2023-02-18T19:00,0.96,103,6.7,27.5,0.37
2023-02-18T20:00,0.98,100,6.6,27.4,0.45
2023-02-18T21:00,1.0,98,6.5,27.4,0.56
2023-02-18T22:00,1.02,97,6.4,27.4,0.7
2023-02-18T23:00,1.04,95,6.35,27.3,0.83
2023-02-19T00:00,1.04,96,6.35,27.3,0.93
2023-02-19T01:00,1.04,96,6.4,27.3,0.95
2023-02-19T02:00,1.04,97,6.45,27.2,0.89
2023-02-19T03:00,1.02,99,6.55,27.2,0.78
2023-02-19T04:00,1.0,102,6.6,27.2,0.64
2023-02-19T05:00,0.98,104,6.7,27.2,0.48
2023-02-19T06:00,0.96,106,6.75,27.2,0.34
2023-02-19T07:00,0.92,108,6.75,27.2,0.25
2023-02-19T08:00,0.9,110,6.8,27.2,0.25
2023-02-19T09:00,0.88,112,6.95,27.2,0.32
2023-02-19T10:00,0.88,114,7.1,27.3,0.45
2023-02-19T11:00,0.86,116,7.2,27.3,0.58
2023-02-19T12:00,0.84,115,7.15,27.4,0.69
2023-02-19T13:00,0.84,115,7.05,27.4,0.75
2023-02-19T14:00,0.82,114,6.9,27.5,0.75
2023-02-19T15:00,0.86,111,6.7,27.6,0.68
2023-02-19T16:00,0.9,108,6.5,27.6,0.58
2023-02-19T17:00,0.94,105,6.35,27.7,0.46
2023-02-19T18:00,0.96,103,6.25,27.7,0.36
2023-02-19T19:00,0.96,101,6.2,27.7,0.31
2023-02-19T20:00,0.98,99,6.15,27.6,0.34
2023-02-19T21:00,1.0,97,6.1,27.6,0.45
2023-02-19T22:00,1.02,96,6.1,27.6,0.61
2023-02-19T23:00,1.04,94,6.1,27.5,0.77
2023-02-20T00:00,1.04,95,6.15,27.5,0.91
2023-02-20T01:00,1.02,96,6.25,27.5,0.98
2023-02-20T02:00,1.02,97,6.35,27.4,0.97
2023-02-20T03:00,0.98,100,6.45,27.4,0.86
2023-02-20T04:00,0.96,102,6.6,27.4,0.71
2023-02-20T05:00,0.92,105,6.75,27.4,0.54
2023-02-20T06:00,0.9,108,6.9,27.4,0.37
2023-02-20T07:00,0.86,111,7.05,27.4,0.24
2023-02-20T08:00,0.84,114,7.15,27.4,0.2
2023-02-20T09:00,0.82,115,7.15,27.4,0.25
2023-02-20T10:00,0.82,115,7.15,27.5,0.39
2023-02-20T11:00,0.8,116,7.05,27.5,0.56
2023-02-20T12:00,0.8,113,6.9,27.6,0.72
2023-02-20T13:00,0.82,111,6.7,27.6,0.83
2023-02-20T14:00,0.82,108,6.5,27.7,0.86
2023-02-20T15:00,0.86,105,6.2,27.8,0.81
2023-02-20T16:00,0.88,101,5.9,27.8,0.7
2023-02-20T17:00,0.92,98,5.7,27.9,0.56
2023-02-20T18:00,0.94,97,5.6,27.9,0.42
2023-02-20T19:00,0.94,96,5.6,27.8,0.31
2023-02-20T20:00,0.96,95,5.65,27.8,0.29
2023-02-20T21:00,0.96,96,5.8,27.8,0.36
2023-02-20T22:00,0.98,97,6.05,27.7,0.51
2023-02-20T23:00,0.98,98,6.25,27.7,0.69
2023-02-21T00:00,0.98,100,6.4,27.7,0.85
2023-02-21T01:00,0.96,101,6.55,27.6,0.96
2023-02-21T02:00,0.96,103,6.7,27.6,1.01
2023-02-21T03:00,0.92,106,6.85,27.6,0.95
2023-02-21T04:00,0.9,108,7.0,27.6,0.8
2023-02-21T05:00,0.86,111,7.15,27.6,0.61
2023-02-21T06:00,0.84,114,7.35,27.6,0.42
2023-02-21T07:00,0.8,118,7.6,27.6,0.27
2023-02-21T08:00,0.78,121,7.75,27.6,0.18
2023-02-21T09:00,0.76,122,7.85,27.6,0.2
2023-02-21T10:00,0.76,124,7.85,27.6,0.32
2023-02-21T11:00,0.74,125,7.8,27.7,0.51
2023-02-21T12:00,0.76,120,7.6,27.7,0.7
2023-02-21T13:00,0.8,114,7.25,27.8,0.86
2023-02-21T14:00,0.82,109,6.9,27.9,0.96
2023-02-21T15:00,0.88,104,6.5,27.9,0.95
2023-02-21T16:00,0.96,99,6.1,28.0,0.84
2023-02-21T17:00,1.02,94,5.8,28.0,0.68
2023-02-21T18:00,1.04,92,5.75,28.0,0.51
2023-02-21T19:00,1.08,90,5.8,28.0,0.37
2023-02-21T20:00,1.1,88,5.85,27.9,0.29
2023-02-21T21:00,1.08,86,5.85,27.9,0.29
2023-02-21T22:00,1.08,85,5.8,27.8,0.41
2023-02-21T23:00,1.06,83,5.85,27.8,0.59
2023-02-22T00:00,1.02,85,6.05,27.7,0.78
2023-02-22T01:00,0.98,87,6.3,27.7,0.93
2023-02-22T02:00,0.94,89,6.5,27.6,1.01
2023-02-22T03:00,0.9,92,6.6,27.6,0.99
2023-02-22T04:00,0.88,95,6.65,27.5,0.87
2023-02-22T05:00,0.84,98,6.65,27.5,0.68
2023-02-22T06:00,0.82,100,6.6,27.5,0.48
2023-02-22T07:00,0.8,102,6.5,27.5,0.3
2023-02-22T08:00,0.78,104,6.4,27.5,0.18
2023-02-22T09:00,0.78,104,6.35,27.6,0.16
2023-02-22T10:00,0.76,105,6.3,27.6,0.26
2023-02-22T11:00,0.76,105,6.2,27.6,0.44
2023-02-22T12:00,0.78,102,6.05,27.7,0.65
2023-02-22T13:00,0.8,98,5.9,27.7,0.85
2023-02-22T14:00,0.82,95,5.7,27.8,0.98
2023-02-22T15:00,0.9,92,5.5,27.8,1.03
2023-02-22T16:00,0.96,89,5.3,27.9,0.96
2023-02-22T17:00,1.04,86,5.2,27.9,0.81
2023-02-22T18:00,1.04,85,5.2,27.9,0.63
2023-02-22T19:00,1.06,84,5.3,27.8,0.46
2023-02-22T20:00,1.06,83,5.4,27.8,0.33
2023-02-22T21:00,1.04,83,5.45,27.7,0.3
2023-02-22T22:00,1.04,82,5.5,27.6,0.35
2023-02-22T23:00,1.02,82,5.55,27.6,0.5
2023-02-23T00:00,1.0,84,5.65,27.5,0.68
2023-02-23T01:00,0.98,85,5.8,27.5,0.84
2023-02-23T02:00,0.96,87,5.9,27.4,0.95
2023-02-23T03:00,0.92,90,6.0,27.4,0.97
2023-02-23T04:00,0.9,92,6.1,27.3,0.89
2023-02-23T05:00,0.86,95,6.2,27.3,0.73
2023-02-23T06:00,0.84,98,6.35,27.3,0.52
2023-02-23T07:00,0.8,101,6.5,27.3,0.32
2023-02-23T08:00,0.78,104,6.6,27.3,0.18
2023-02-23T09:00,0.72,107,6.6,27.4,0.13
2023-02-23T10:00,0.68,109,6.5,27.4,0.18
2023-02-23T11:00,0.62,112,6.45,27.4,0.33
2023-02-23T12:00,0.62,111,6.4,27.5,0.53
2023-02-23T13:00,0.62,109,6.35,27.5,0.74
2023-02-23T14:00,0.62,108,6.3,27.6,0.89
2023-02-23T15:00,0.64,107,6.35,27.7,0.97
2023-02-23T16:00,0.68,107,6.45,27.7,0.96
2023-02-23T17:00,0.7,106,6.45,27.7,0.84
2023-02-23T18:00,0.72,104,6.3,27.7,0.67
2023-02-23T19:00,0.72,102,6.1,27.7,0.5
2023-02-23T20:00,0.74,100,5.95,27.7,0.35
2023-02-23T21:00,0.76,98,5.85,27.6,0.29
2023-02-23T22:00,0.8,96,5.75,27.6,0.31
2023-02-23T23:00,0.82,94,5.7,27.5,0.41
2023-02-24T00:00,0.84,94,5.7,27.5,0.57
2023-02-24T01:00,0.86,95,5.7,27.5,0.73
2023-02-24T02:00,0.88,95,5.7,27.4,0.85
2023-02-24T03:00,0.88,96,5.75,27.4,0.89
2023-02-24T04:00,0.86,98,5.8,27.4,0.86
2023-02-24T05:00,0.86,99,5.85,27.4,0.74
2023-02-24T06:00,0.86,101,5.9,27.4,0.55
2023-02-24T07:00,0.84,102,5.95,27.4,0.34
2023-02-24T08:00,0.84,104,6.0,27.4,0.19
2023-02-24T09:00,0.84,105,6.05,27.4,0.12
2023-02-24T10:00,0.82,107,6.1,27.4,0.13
2023-02-24T11:00,0.82,108,6.15,27.5,0.24
2023-02-24T12:00,0.82,107,6.2,27.5,0.42
2023-02-24T13:00,0.84,107,6.2,27.6,0.63
2023-02-24T14:00,0.84,106,6.2,27.7,0.8
2023-02-24T15:00,0.86,104,6.15,27.7,0.91
2023-02-24T16:00,0.9,102,6.05,27.8,0.94
2023-02-24T17:00,0.92,100,6.0,27.8,0.88
2023-02-24T18:00,0.92,99,6.0,27.8,0.73
2023-02-24T19:00,0.94,99,6.05,27.8,0.55
2023-02-24T20:00,0.94,98,6.1,27.8,0.41
2023-02-24T21:00,0.94,98,6.1,27.7,0.33
2023-02-24T22:00,0.94,98,6.05,27.7,0.31
2023-02-24T23:00,0.94,98,6.0,27.6,0.35
2023-02-25T00:00,0.94,98,6.0,27.6,0.48
2023-02-25T01:00,0.92,99,6.0,27.6,0.62
2023-02-25T02:00,0.92,99,6.05,27.5,0.73
2023-02-25T03:00,0.9,100,6.1,27.5,0.78
2023-02-25T04:00,0.86,101,6.2,27.5,0.77
2023-02-25T05:00,0.84,102,6.3,27.5,0.69
2023-02-25T06:00,0.82,104,6.4,27.5,0.54
2023-02-25T07:00,0.78,106,6.55,27.5,0.37
2023-02-25T08:00,0.76,108,6.7,27.5,0.21
2023-02-25T09:00,0.74,110,6.9,27.5,0.12
2023-02-25T10:00,0.74,113,7.1,27.6,0.11
2023-02-25T11:00,0.72,115,7.25,27.6,0.18
2023-02-25T12:00,0.74,113,7.3,27.7,0.33
2023-02-25T13:00,0.74,112,7.3,27.7,0.52
2023-02-25T14:00,0.76,110,7.25,27.8,0.7
2023-02-25T15:00,0.8,106,7.05,27.9,0.82
2023-02-25T16:00,0.86,103,6.75,27.9,0.88
2023-02-25T17:00,0.9,99,6.55,28.0,0.87
2023-02-25T18:00,0.92,97,6.45,28.0,0.78
2023-02-25T19:00,0.92,95,6.45,27.9,0.63
2023-02-25T20:00,0.94,93,6.45,27.9,0.48
2023-02-25T21:00,0.96,91,6.45,27.8,0.38
2023-02-25T22:00,1.0,88,6.5,27.8,0.34
2023-02-25T23:00,1.02,86,6.5,27.7,0.36
2023-02-26T00:00,1.02,85,6.4,27.7,0.44
2023-02-26T01:00,1.0,83,6.2,27.6,0.55
2023-02-26T02:00,1.0,82,6.1,27.6,0.66
2023-02-26T03:00,1.0,83,6.1,27.5,0.72
2023-02-26T04:00,1.02,83,6.15,27.5,0.73
2023-02-26T05:00,1.02,84,6.2,27.5,0.68
2023-02-26T06:00,1.04,84,6.2,27.5,0.58
2023-02-26T07:00,1.08,84,6.15,27.5,0.43
2023-02-26T08:00,1.1,84,6.1,27.5,0.29
2023-02-26T09:00,1.12,84,6.05,27.5,0.19
2023-02-26T10:00,1.12,83,6.05,27.5,0.18
2023-02-26T11:00,1.14,83,6.0,27.5,0.23
2023-02-26T12:00,1.16,82,5.95,27.6,0.33
2023-02-26T13:00,1.18,80,5.95,27.6,0.49
2023-02-26T14:00,1.2,79,5.9,27.7,0.66
2023-02-26T15:00,1.24,78,5.85,27.7,0.79
2023-02-26T16:00,1.26,78,5.75,27.8,0.84
2023-02-26T17:00,1.3,77,5.7,27.8,0.84
2023-02-26T18:00,1.3,77,5.7,27.8,0.79
2023-02-26T19:00,1.28,76,5.7,27.7,0.7
2023-02-26T20:00,1.28,76,5.7,27.7,0.57
2023-02-26T21:00,1.28,76,5.75,27.6,0.47
2023-02-26T22:00,1.26,75,5.8,27.5,0.42
2023-02-26T23:00,1.26,75,5.85,27.5,0.42
2023-02-27T00:00,1.22,76,5.95,27.4,0.45
2023-02-27T01:00,1.16,78,6.05,27.4,0.52
2023-02-27T02:00,1.12,79,6.1,27.4,0.59
2023-02-27T03:00,1.08,80,6.1,27.3,0.64
2023-02-27T04:00,1.02,82,6.1,27.3,0.65
2023-02-27T05:00,0.98,83,6.1,27.3,0.62
2023-02-27T06:00,0.94,85,6.15,27.3,0.54
2023-02-27T07:00,0.9,87,6.2,27.3,0.43
2023-02-27T08:00,0.86,89,6.25,27.3,0.32
2023-02-27T09:00,0.82,90,6.25,27.3,0.23
2023-02-27T10:00,0.76,91,6.25,27.3,0.19
2023-02-27T11:00,0.72,92,6.2,27.3,0.22
2023-02-27T12:00,0.72,90,6.15,27.4,0.29
2023-02-27T13:00,0.74,87,6.05,27.4,0.39
2023-02-27T14:00,0.74,85,5.95,27.5,0.53
2023-02-27T15:00,0.78,84,5.85,27.6,0.64
2023-02-27T16:00,0.82,84,5.7,27.6,0.71
2023-02-27T17:00,0.86,83,5.6,27.7,0.74
2023-02-27T18:00,0.9,82,5.55,27.7,0.72
2023-02-27T19:00,0.94,82,5.5,27.6,0.67
2023-02-27T20:00,0.98,81,5.5,27.6,0.6
2023-02-27T21:00,1.02,80,5.5,27.6,0.52
2023-02-27T22:00,1.04,79,5.55,27.5,0.46
2023-02-27T23:00,1.08,78,5.55,27.5,0.44
2023-02-28T00:00,1.1,77,5.55,27.4,0.46
2023-02-28T01:00,1.14,77,5.6,27.4,0.5
2023-02-28T02:00,1.16,76,5.6,27.4,0.56
2023-02-28T03:00,1.16,76,5.6,27.4,0.6
2023-02-28T04:00,1.18,75,5.65,27.3,0.6
2023-02-28T05:00,1.18,75,5.65,27.3,0.57
2023-02-28T06:00,1.18,75,5.65,27.3,0.53
2023-02-28T07:00,1.18,74,5.7,27.3,0.45
2023-02-28T08:00,1.18,74,5.7,27.3,0.38
2023-02-28T09:00,1.16,74,5.7,27.3,0.32
2023-02-28T10:00,1.14,75,5.7,27.3,0.29
2023-02-28T11:00,1.12,75,5.7,27.4,0.3
2023-02-28T12:00,1.12,74,5.65,27.4,0.34
2023-02-28T13:00,1.1,74,5.55,27.5,0.42
2023-02-28T14:00,1.1,73,5.5,27.6,0.5
2023-02-28T15:00,1.12,73,5.45,27.6,0.57
2023-02-28T16:00,1.16,74,5.4,27.7,0.61
2023-02-28T17:00,1.18,74,5.35,27.7,0.64
2023-02-28T18:00,1.2,74,5.35,27.7,0.65
2023-02-28T19:00,1.24,74,5.4,27.7,0.62
2023-02-28T20:00,1.26,74,5.4,27.7,0.59
2023-02-28T21:00,1.26,73,5.4,27.6,0.56
2023-02-28T22:00,1.26,73,5.35,27.6,0.53
2023-02-28T23:00,1.26,72,5.35,27.6,0.5
2023-03-01T00:00,1.24,73,5.45,27.5,0.49
2023-03-01T01:00,1.22,75,5.55,27.5,0.51
2023-03-01T02:00,1.2,76,5.6,27.5,0.53
2023-03-01T03:00,1.14,77,5.55,27.5,0.54
2023-03-01T04:00,1.08,79,5.45,27.4,0.54
2023-03-01T05:00,1.02,80,5.4,27.4,0.52
2023-03-01T06:00,1.0,81,5.4,27.4,0.49
2023-03-01T07:00,1.0,81,5.4,27.4,0.45
2023-03-01T08:00,0.98,82,5.4,27.4,0.42
2023-03-01T09:00,0.98,83,5.45,27.4,0.4
2023-03-01T10:00,0.96,84,5.55,27.5,0.39
2023-03-01T11:00,0.96,85,5.6,27.5,0.38
2023-03-01T12:00,0.96,85,5.6,27.5,0.42
2023-03-01T13:00,0.98,84,5.5,27.6,0.47
2023-03-01T14:00,0.98,84,5.45,27.6,0.53
2023-03-01T15:00,1.02,82,5.4,27.7,0.59
2023-03-01T16:00,1.06,81,5.35,27.7,0.63
2023-03-01T17:00,1.1,79,5.3,27.7,0.66
2023-03-01T18:00,1.12,78,5.3,27.7,0.67
2023-03-01T19:00,1.14,78,5.3,27.7,0.67
2023-03-01T20:00,1.16,77,5.3,27.7,0.67
2023-03-01T21:00,1.18,77,5.3,27.6,0.69
2023-03-01T22:00,1.18,76,5.3,27.6,0.69
2023-03-01T23:00,1.2,76,5.3,27.6,0.67
2023-03-02T00:00,1.2,76,5.35,27.5,0.66
2023-03-02T01:00,1.2,77,5.45,27.5,0.65
2023-03-02T02:00,1.2,77,5.5,27.5,0.63
2023-03-02T03:00,1.18,78,5.55,27.5,0.59
2023-03-02T04:00,1.14,78,5.55,27.4,0.55
2023-03-02T05:00,1.12,79,5.55,27.4,0.5
2023-03-02T06:00,1.1,80,5.55,27.4,0.45
2023-03-02T07:00,1.06,80,5.6,27.4,0.42
2023-03-02T08:00,1.04,81,5.6,27.4,0.41
2023-03-02T09:00,1.02,82,5.65,27.5,0.43
2023-03-02T10:00,1.0,82,5.7,27.5,0.46
2023-03-02T11:00,0.98,83,5.7,27.5,0.47
2023-03-02T12:00,0.98,83,5.65,27.6,0.5
2023-03-02T13:00,0.98,82,5.6,27.6,0.53
2023-03-02T14:00,0.98,82,5.55,27.7,0.56
2023-03-02T15:00,1.02,82,5.45,27.8,0.57
2023-03-02T16:00,1.08,81,5.35,27.8,0.58
2023-03-02T17:00,1.12,81,5.3,27.8,0.58
2023-03-02T18:00,1.12,81,5.3,27.8,0.58
2023-03-02T19:00,1.14,80,5.3,27.8,0.59
2023-03-02T20:00,1.14,80,5.35,27.8,0.61
2023-03-02T21:00,1.14,79,5.4,27.7,0.66
2023-03-02T22:00,1.14,79,5.4,27.7,0.71
2023-03-02T23:00,1.14,78,5.45,27.6,0.73
2023-03-03T00:00,1.12,78,5.5,27.6,0.71
2023-03-03T01:00,1.12,78,5.5,27.5,0.67
2023-03-03T02:00,1.1,78,5.55,27.5,0.62
2023-03-03T03:00,1.08,78,5.65,27.5,0.55
2023-03-03T04:00,1.04,79,5.7,27.4,0.48
2023-03-03T05:00,1.02,79,5.8,27.4,0.4
2023-03-03T06:00,1.0,79,5.85,27.4,0.34
2023-03-03T07:00,1.0,78,5.9,27.4,0.3
2023-03-03T08:00,0.98,78,5.9,27.4,0.31
2023-03-03T09:00,0.98,78,5.9,27.4,0.35
2023-03-03T10:00,1.0,78,5.9,27.4,0.42
2023-03-03T11:00,1.0,78,5.85,27.5,0.49
2023-03-03T12:00,1.02,78,5.8,27.5,0.52
2023-03-03T13:00,1.04,78,5.75,27.6,0.53
2023-03-03T14:00,1.06,78,5.7,27.6,0.53
2023-03-03T15:00,1.08,78,5.65,27.7,0.52
2023-03-03T16:00,1.1,77,5.6,27.8,0.47
2023-03-03T17:00,1.12,77,5.55,27.8,0.41
2023-03-03T18:00,1.12,77,5.55,27.8,0.4
2023-03-03T19:00,1.12,76,5.55,27.7,0.42
2023-03-03T20:00,1.12,76,5.55,27.7,0.47
2023-03-03T21:00,1.1,75,5.5,27.7,0.53
2023-03-03T22:00,1.08,75,5.45,27.6,0.62
2023-03-03T23:00,1.06,74,5.4,27.6,0.7
2023-03-04T00:00,1.06,74,5.45,27.5,0.73
2023-03-04T01:00,1.06,75,5.5,27.5,0.7
2023-03-04T02:00,1.06,75,5.55,27.5,0.65
2023-03-04T03:00,1.06,75,5.6,27.5,0.57
2023-03-04T04:00,1.06,75,5.65,27.4,0.47
2023-03-04T05:00,1.06,75,5.75,27.4,0.36
2023-03-04T06:00,1.04,76,5.85,27.4,0.29
2023-03-04T07:00,1.04,78,5.95,27.4,0.25
2023-03-04T08:00,1.02,79,6.05,27.5,0.27
2023-03-04T09:00,1.0,82,6.2,27.5,0.33
2023-03-04T10:00,1.0,84,6.35,27.5,0.43
2023-03-04T11:00,0.98,87,6.4,27.6,0.54
2023-03-04T12:00,0.98,86,6.35,27.6,0.61
2023-03-04T13:00,1.0,86,6.3,27.7,0.63
2023-03-04T14:00,1.0,85,6.15,27.7,0.6
2023-03-04T15:00,1.04,84,5.95,27.8,0.55
2023-03-04T16:00,1.06,82,5.75,27.8,0.49
2023-03-04T17:00,1.1,81,5.6,27.9,0.42
2023-03-04T18:00,1.08,81,5.55,27.9,0.37
2023-03-04T19:00,1.08,82,5.6,27.9,0.36
2023-03-04T20:00,1.06,82,5.65,27.8,0.41
2023-03-04T21:00,1.04,84,5.7,27.8,0.51
2023-03-04T22:00,1.0,85,5.7,27.8,0.63
2023-03-04T23:00,0.98,87,5.75,27.7,0.74
2023-03-05T00:00,0.96,88,5.75,27.7,0.82
2023-03-05T01:00,0.96,89,5.75,27.7,0.83
2023-03-05T02:00,0.94,90,5.75,27.7,0.77
2023-03-05T03:00,0.94,91,5.75,27.6,0.67
2023-03-05T04:00,0.92,91,5.7,27.6,0.56
2023-03-05T05:00,0.92,92,5.7,27.6,0.44
2023-03-05T06:00,0.92,93,5.75,27.6,0.34
2023-03-05T07:00,0.9,93,5.75,27.6,0.27
2023-03-05T08:00,0.9,94,5.8,27.7,0.28
2023-03-05T09:00,0.88,95,5.8,27.7,0.36
2023-03-05T10:00,0.84,95,5.8,27.7,0.47
2023-03-05T11:00,0.82,96,5.8,27.7,0.59
2023-03-05T12:00,0.82,97,5.8,27.8,0.7
2023-03-05T13:00,0.8,97,5.85,27.8,0.75
2023-03-05T14:00,0.8,98,5.85,27.9,0.72
2023-03-05T15:00,0.8,98,5.85,27.9,0.65
2023-03-05T16:00,0.8,97,5.8,28.0,0.56
2023-03-05T17:00,0.8,97,5.8,28.0,0.46
2023-03-05T18:00,0.8,96,5.8,28.0,0.38
2023-03-05T19:00,0.8,96,5.8,28.0,0.35
2023-03-05T20:00,0.8,95,5.8,28.0,0.38
2023-03-05T21:00,0.8,95,5.8,28.0,0.48
2023-03-05T22:00,0.82,94,5.8,27.9,0.62
2023-03-05T23:00,0.82,94,5.75,27.9,0.76
2023-03-06T00:00,0.82,93,5.7,27.9,0.88
2023-03-06T01:00,0.84,92,5.65,27.9,0.92
2023-03-06T02:00,0.84,91,5.6,27.8,0.88
2023-03-06T03:00,0.84,91,5.55,27.8,0.76
2023-03-06T04:00,0.86,90,5.5,27.8,0.62
2023-03-06T05:00,0.86,90,5.45,27.8,0.48
2023-03-06T06:00,0.86,90,5.45,27.8,0.33
2023-03-06T07:00,0.88,90,5.5,27.8,0.24
2023-03-06T08:00,0.88,90,5.55,27.8,0.22
2023-03-06T09:00,0.86,94,5.7,27.8,0.29
2023-03-06T10:00,0.82,97,5.9,27.9,0.42
2023-03-06T11:00,0.8,101,6.05,27.9,0.56
2023-03-06T12:00,0.8,101,6.05,28.0,0.7
2023-03-06T13:00,0.78,101,6.0,28.0,0.79
2023-03-06T14:00,0.78,101,5.9,28.1,0.8
2023-03-06T15:00,0.78,99,5.75,28.2,0.72
2023-03-06T16:00,0.78,97,5.6,28.2,0.61
2023-03-06T17:00,0.78,95,5.4,28.3,0.48
2023-03-06T18:00,0.74,93,5.15,28.3,0.36
2023-03-06T19:00,0.7,90,4.85,28.2,0.3
2023-03-06T20:00,0.66,88,4.7,28.2,0.31
2023-03-06T21:00,0.72,87,4.7,28.2,0.4
2023-03-06T22:00,0.76,85,4.85,28.1,0.55
2023-03-06T23:00,0.82,84,5.0,28.1,0.71
2023-03-07T00:00,0.84,85,5.15,28.0,0.85
2023-03-07T01:00,0.86,86,5.3,28.0,0.93
2023-03-07T02:00,0.88,87,5.45,28.0,0.92
2023-03-07T03:00,0.88,88,5.5,27.9,0.82
2023-03-07T04:00,0.86,89,5.5,27.9,0.66
2023-03-07T05:00,0.86,90,5.55,27.9,0.49
2023-03-07T06:00,0.84,91,5.6,27.9,0.33
2023-03-07T07:00,0.82,92,5.7,27.9,0.21
2023-03-07T08:00,0.8,93,5.8,27.9,0.17
2023-03-07T09:00,0.78,95,6.0,27.9,0.23
2023-03-07T10:00,0.76,96,6.25,28.0,0.36
2023-03-07T11:00,0.74,98,6.45,28.0,0.54
2023-03-07T12:00,0.74,98,6.6,28.1,0.7
2023-03-07T13:00,0.72,99,6.7,28.1,0.81
2023-03-07T14:00,0.72,99,6.7,28.2,0.86
2023-03-07T15:00,0.74,97,6.55,28.3,0.81
2023-03-07T16:00,0.78,94,6.3,28.3,0.69
2023-03-07T17:00,0.8,92,6.1,28.4,0.53
2023-03-07T18:00,0.84,89,6.0,28.4,0.39
2023-03-07T19:00,0.88,87,5.95,28.4,0.29
2023-03-07T20:00,0.92,84,5.9,28.3,0.26
2023-03-07T21:00,0.96,82,5.85,28.3,0.32
2023-03-07T22:00,1.0,81,5.75,28.3,0.46
2023-03-07T23:00,1.04,79,5.75,28.2,0.63
2023-03-08T00:00,1.06,79,5.8,28.2,0.79
2023-03-08T01:00,1.08,79,5.85,28.2,0.9
2023-03-08T02:00,1.1,79,5.95,28.1,0.93
2023-03-08T03:00,1.1,79,6.0,28.1,0.86
2023-03-08T04:00,1.12,80,6.05,28.0,0.71
2023-03-08T05:00,1.12,80,6.15,28.0,0.53
2023-03-08T06:00,1.14,81,6.25,28.0,0.35
2023-03-08T07:00,1.14,82,6.4,28.0,0.2
2023-03-08T08:00,1.16,83,6.5,28.0,0.14
2023-03-08T09:00,1.06,85,6.5,28.1,0.19
2023-03-08T10:00,0.96,88,6.45,28.1,0.32
2023-03-08T11:00,0.86,90,6.45,28.1,0.51
2023-03-08T12:00,0.92,90,6.65,28.2,0.7
2023-03-08T13:00,0.96,89,6.9,28.2,0.85
2023-03-08T14:00,1.02,89,7.05,28.3,0.94
2023-03-08T15:00,1.1,86,7.0,28.4,0.93
2023-03-08T16:00,1.2,83,6.8,28.4,0.82
2023-03-08T17:00,1.28,80,6.65,28.4,0.66
2023-03-08T18:00,1.32,79,6.6,28.4,0.49
2023-03-08T19:00,1.36,77,6.6,28.4,0.36
2023-03-08T20:00,1.4,76,6.6,28.4,0.29
2023-03-08T21:00,1.4,76,6.6,28.3,0.31
2023-03-08T22:00,1.4,77,6.6,28.3,0.42
2023-03-08T23:00,1.4,77,6.6,28.2,0.59
2023-03-09T00:00,1.36,78,6.5,28.2,0.76
2023-03-09T01:00,1.3,78,6.4,28.1,0.88
2023-03-09T02:00,1.26,79,6.35,28.1,0.94
2023-03-09T03:00,1.2,80,6.35,28.1,0.91
2023-03-09T04:00,1.16,82,6.4,28.0,0.8
2023-03-09T05:00,1.1,83,6.4,28.0,0.62
2023-03-09T06:00,1.06,84,6.4,28.0,0.42
2023-03-09T07:00,1.02,85,6.4,28.0,0.26
2023-03-09T08:00,0.98,86,6.4,28.0,0.17
2023-03-09T09:00,0.98,87,6.4,28.1,0.2
2023-03-09T10:00,0.96,87,6.4,28.1,0.32
2023-03-09T11:00,0.96,88,6.35,28.1,0.51
2023-03-09T12:00,0.98,86,6.2,28.2,0.72
2023-03-09T13:00,1.0,85,6.05,28.2,0.9
2023-03-09T14:00,1.02,83,5.85,28.3,1.0
2023-03-09T15:00,1.08,82,5.7,28.4,1.02
2023-03-09T16:00,1.12,80,5.55,28.4,0.96
2023-03-09T17:00,1.18,79,5.45,28.4,0.81
2023-03-09T18:00,1.18,78,5.45,28.4,0.62
2023-03-09T19:00,1.18,78,5.45,28.4,0.45
2023-03-09T20:00,1.18,77,5.5,28.4,0.35
2023-03-09T21:00,1.16,77,5.55,28.3,0.33
2023-03-09T22:00,1.16,77,5.55,28.3,0.41
2023-03-09T23:00,1.14,77,5.6,28.2,0.55
2023-03-10T00:00,1.12,77,5.6,28.2,0.72
2023-03-10T01:00,1.08,78,5.65,28.1,0.86
2023-03-10T02:00,1.06,78,5.65,28.1,0.95
2023-03-10T03:00,1.04,79,5.7,28.1,0.94
2023-03-10T04:00,1.0,81,5.75,28.0,0.85
2023-03-10T05:00,0.98,82,5.8,28.0,0.68
2023-03-10T06:00,0.96,84,5.9,28.0,0.48
2023-03-10T07:00,0.92,86,6.0,28.0,0.3
2023-03-10T08:00,0.9,88,6.1,28.0,0.18
2023-03-10T09:00,0.88,91,6.25,28.1,0.16
2023-03-10T10:00,0.84,94,6.45,28.1,0.25
2023-03-10T11:00,0.82,97,6.6,28.1,0.42
2023-03-10T12:00,0.82,98,6.65,28.2,0.63
2023-03-10T13:00,0.8,99,6.7,28.2,0.82
2023-03-10T14:00,0.8,100,6.7,28.3,0.94
2023-03-10T15:00,0.84,98,6.7,28.4,0.97
2023-03-10T16:00,0.86,97,6.7,28.4,0.93
2023-03-10T17:00,0.9,95,6.65,28.5,0.8
2023-03-10T18:00,0.92,93,6.55,28.5,0.61
2023-03-10T19:00,0.94,91,6.4,28.4,0.42
2023-03-10T20:00,0.96,89,6.25,28.4,0.29
2023-03-10T21:00,1.02,88,6.2,28.4,0.24
2023-03-10T22:00,1.06,86,6.15,28.3,0.28
2023-03-10T23:00,1.12,85,6.1,28.3,0.39
2023-03-11T00:00,1.1,85,6.05,28.2,0.55
2023-03-11T01:00,1.08,84,6.0,28.2,0.7
2023-03-11T02:00,1.06,84,6.0,28.2,0.8
2023-03-11T03:00,1.04,85,6.05,28.2,0.81
2023-03-11T04:00,1.0,87,6.1,28.1,0.75
2023-03-11T05:00,0.98,88,6.15,28.1,0.63
2023-03-11T06:00,0.94,90,6.15,28.1,0.46
2023-03-11T07:00,0.92,92,6.15,28.1,0.27
2023-03-11T08:00,0.88,94,6.15,28.1,0.13
2023-03-11T09:00,0.86,96,6.15,28.2,0.1
2023-03-11T10:00,0.82,99,6.2,28.2,0.16
2023-03-11T11:00,0.8,101,6.2,28.2,0.31
2023-03-11T12:00,0.8,100,6.15,28.3,0.51
2023-03-11T13:00,0.78,100,6.05,28.3,0.72
2023-03-11T14:00,0.78,99,5.95,28.4,0.88
2023-03-11T15:00,0.8,96,5.75,28.5,0.94
2023-03-11T16:00,0.84,93,5.5,28.5,0.93
2023-03-11T17:00,0.86,90,5.35,28.5,0.85
2023-03-11T18:00,0.9,88,5.3,28.5,0.7
2023-03-11T19:00,0.92,86,5.3,28.5,0.5
2023-03-11T20:00,0.96,84,5.3,28.5,0.35
2023-03-11T21:00,0.98,82,5.25,28.4,0.28
2023-03-11T22:00,1.02,80,5.2,28.4,0.29
2023-03-11T23:00,1.04,78,5.15,28.3,0.37
2023-03-12T00:00,1.04,78,5.2,28.3,0.51
2023-03-12T01:00,1.02,79,5.25,28.3,0.66
2023-03-12T02:00,1.02,79,5.35,28.2,0.77
2023-03-12T03:00,1.0,80,5.45,28.2,0.8
2023-03-12T04:00,0.98,82,5.5,28.2,0.76
2023-03-12T05:00,0.96,83,5.55,28.2,0.67
2023-03-12T06:00,0.94,84,5.55,28.2,0.52
2023-03-12T07:00,0.92,86,5.5,28.2,0.35
2023-03-12T08:00,0.9,87,5.5,28.2,0.21
2023-03-12T09:00,0.88,88,5.6,28.2,0.16
2023-03-12T10:00,0.84,90,5.7,28.2,0.2
2023-03-12T11:00,0.82,91,5.75,28.3,0.32
2023-03-12T12:00,0.84,89,5.75,28.3,0.5
2023-03-12T13:00,0.88,86,5.7,28.4,0.71
2023-03-12T14:00,0.9,84,5.6,28.5,0.88
2023-03-12T15:00,0.94,82,5.5,28.5,0.98
2023-03-12T16:00,1.0,81,5.35,28.6,1.0
2023-03-12T17:00,1.04,79,5.25,28.6,0.92
2023-03-12T18:00,1.04,79,5.25,28.6,0.8
2023-03-12T19:00,1.06,78,5.25,28.6,0.63
2023-03-12T20:00,1.06,78,5.3,28.6,0.47
2023-03-12T21:00,1.04,79,5.3,28.5,0.38
2023-03-12T22:00,1.04,79,5.35,28.5,0.36
2023-03-12T23:00,1.02,80,5.35,28.4,0.39
2023-03-13T00:00,1.0,80,5.35,28.4,0.49
2023-03-13T01:00,1.0,80,5.4,28.4,0.62
2023-03-13T02:00,0.98,80,5.4,28.3,0.73
2023-03-13T03:00,0.98,80,5.4,28.3,0.78
2023-03-13T04:00,0.96,79,5.4,28.3,0.76
2023-03-13T05:00,0.96,79,5.4,28.3,0.69
2023-03-13T06:00,0.96,79,5.4,28.3,0.56
2023-03-13T07:00,0.94,80,5.45,28.3,0.41
2023-03-13T08:00,0.94,80,5.5,28.3,0.27
2023-03-13T09:00,0.92,81,5.55,28.3,0.19
2023-03-13T10:00,0.9,83,5.65,28.3,0.19
2023-03-13T11:00,0.88,84,5.7,28.4,0.26
2023-03-13T12:00,0.88,85,5.75,28.4,0.4
2023-03-13T13:00,0.86,86,5.75,28.5,0.57
2023-03-13T14:00,0.86,87,5.75,28.5,0.73
2023-03-13T15:00,0.86,87,5.75,28.6,0.85
2023-03-13T16:00,0.86,86,5.7,28.6,0.9
2023-03-13T17:00,0.86,86,5.7,28.7,0.87
2023-03-13T18:00,0.86,85,5.7,28.7,0.78
2023-03-13T19:00,0.84,85,5.75,28.7,0.66
2023-03-13T20:00,0.84,84,5.8,28.6,0.54
2023-03-13T21:00,0.84,84,5.8,28.6,0.43
2023-03-13T22:00,0.82,85,5.8,28.6,0.38
2023-03-13T23:00,0.82,85,5.85,28.5,0.39
2023-03-14T00:00,0.82,88,6.0,28.5,0.45
2023-03-14T01:00,0.8,90,6.15,28.4,0.55
2023-03-14T02:00,0.8,93,6.35,28.4,0.63
2023-03-14T03:00,0.78,97,6.55,28.4,0.7
2023-03-14T04:00,0.74,101,6.75,28.3,0.71
2023-03-14T05:00,0.72,105,6.95,28.3,0.65
2023-03-14T06:00,0.72,109,7.15,28.3,0.55
2023-03-14T07:00,0.7,112,7.3,28.3,0.43
2023-03-14T08:00,0.7,116,7.45,28.4,0.33
2023-03-14T09:00,0.7,118,7.6,28.4,0.25
2023-03-14T10:00,0.68,121,7.7,28.4,0.22
2023-03-14T11:00,0.68,123,7.7,28.5,0.27
2023-03-14T12:00,0.68,123,7.6,28.5,0.38
2023-03-14T13:00,0.66,122,7.4,28.6,0.52
2023-03-14T14:00,0.66,122,7.25,28.7,0.66
2023-03-14T15:00,0.68,120,7.1,28.7,0.78
2023-03-14T16:00,0.7,119,6.95,28.8,0.86
2023-03-14T17:00,0.72,117,6.85,28.8,0.88
2023-03-14T18:00,0.72,116,6.85,28.8,0.82
2023-03-14T19:00,0.72,115,6.95,28.8,0.73
2023-03-14T20:00,0.72,114,7.0,28.8,0.64
2023-03-14T21:00,0.74,113,7.05,28.7,0.57
2023-03-14T22:00,0.78,112,7.1,28.7,0.5
2023-03-14T23:00,0.8,111,7.2,28.7,0.48
2023-03-15T00:00,0.8,112,7.35,28.6,0.51
2023-03-15T01:00,0.78,112,7.5,28.6,0.55
2023-03-15T02:00,0.78,113,7.65,28.6,0.6
2023-03-15T03:00,0.76,116,7.8,28.6,0.64
2023-03-15T04:00,0.76,120,8.0,28.5,0.66
2023-03-15T05:00,0.74,123,8.15,28.5,0.63
2023-03-15T06:00,0.72,126,8.25,28.5,0.55
2023-03-15T07:00,0.7,130,8.3,28.5,0.45
2023-03-15T08:00,0.68,133,8.35,28.6,0.37
2023-03-15T09:00,0.66,135,8.45,28.6,0.31
2023-03-15T10:00,0.66,138,8.55,28.6,0.28
2023-03-15T11:00,0.64,140,8.65,28.7,0.29
2023-03-15T12:00,0.64,142,8.8,28.7,0.36
2023-03-15T13:00,0.62,145,9.0,28.8,0.45
2023-03-15T14:00,0.62,147,9.2,28.9,0.55
2023-03-15T15:00,0.6,149,9.4,28.9,0.64
2023-03-15T16:00,0.6,152,9.6,29.0,0.72
2023-03-15T17:00,0.58,154,9.8,29.0,0.76
2023-03-15T18:00,0.58,156,10.0,29.0,0.75
2023-03-15T19:00,0.58,158,10.15,29.0,0.7
2023-03-15T20:00,0.58,160,10.3,29.0,0.65
2023-03-15T21:00,0.58,162,10.45,29.0,0.61
2023-03-15T22:00,0.58,163,10.55,28.9,0.56
2023-03-15T23:00,0.58,165,10.65,28.9,0.53
2023-03-16T00:00,0.58,166,10.7,28.9,0.53
2023-03-16T01:00,0.58,167,10.75,28.9,0.55
2023-03-16T02:00,0.58,168,10.85,28.9,0.56
2023-03-16T03:00,0.62,168,11.1,28.8,0.56
2023-03-16T04:00,0.66,169,11.35,28.8,0.56
2023-03-16T05:00,0.7,169,11.55,28.8,0.54
2023-03-16T06:00,0.7,169,11.6,28.8,0.48
2023-03-16T07:00,0.68,168,11.5,28.9,0.42
2023-03-16T08:00,0.68,168,11.45,28.9,0.38
2023-03-16T09:00,0.68,168,11.4,29.0,0.35
2023-03-16T10:00,0.66,169,11.3,29.0,0.34
2023-03-16T11:00,0.66,169,11.25,29.1,0.35
2023-03-16T12:00,0.66,169,11.25,29.1,0.38
2023-03-16T13:00,0.64,169,11.25,29.2,0.44
2023-03-16T14:00,0.64,169,11.25,29.2,0.5
2023-03-16T15:00,0.64,169,11.2,29.3,0.57
2023-03-16T16:00,0.64,169,11.15,29.3,0.62
2023-03-16T17:00,0.64,169,11.1,29.4,0.66
2023-03-16T18:00,0.64,169,11.05,29.4,0.67
2023-03-16T19:00,0.62,169,11.05,29.4,0.67
2023-03-16T20:00,0.62,169,11.05,29.4,0.66
2023-03-16T21:00,0.62,169,11.05,29.3,0.66
2023-03-16T22:00,0.62,169,11.0,29.3,0.66
2023-03-16T23:00,0.62,169,11.05,29.3,0.64
2023-03-17T00:00,0.62,169,11.15,29.2,0.63
2023-03-17T01:00,0.64,170,11.3,29.2,0.61
2023-03-17T02:00,0.64,170,11.4,29.2,0.58
2023-03-17T03:00,0.64,170,11.45,29.2,0.56
2023-03-17T04:00,0.64,169,11.5,29.1,0.53
2023-03-17T05:00,0.64,169,11.4,29.1,0.49
2023-03-17T06:00,0.64,168,11.15,29.1,0.46
2023-03-17T07:00,0.62,168,10.75,29.1,0.42
2023-03-17T08:00,0.62,167,10.5,29.2,0.42
2023-03-17T09:00,0.62,167,10.4,29.2,0.43
2023-03-17T10:00,0.6,166,10.4,29.2,0.44
2023-03-17T11:00,0.6,166,10.4,29.3,0.47
2023-03-17T12:00,0.6,166,10.45,29.3,0.5
2023-03-17T13:00,0.62,166,10.55,29.4,0.51
2023-03-17T14:00,0.62,166,10.65,29.5,0.53
2023-03-17T15:00,0.64,166,10.7,29.5,0.54
2023-03-17T16:00,0.64,166,10.75,29.6,0.55
2023-03-17T17:00,0.66,166,10.7,29.6,0.57
2023-03-17T18:00,0.68,164,10.55,29.6,0.59
2023-03-17T19:00,0.68,162,10.35,29.6,0.62
2023-03-17T20:00,0.7,160,10.1,29.6,0.66
2023-03-17T21:00,0.72,155,9.75,29.5,0.71
2023-03-17T22:00,0.76,150,9.35,29.5,0.76
2023-03-17T23:00,0.78,145,9.0,29.5,0.78
2023-03-18T00:00,0.8,141,8.75,29.4,0.78
2023-03-18T01:00,0.84,138,8.55,29.4,0.74
2023-03-18T02:00,0.86,134,8.4,29.4,0.67
2023-03-18T03:00,0.88,134,8.3,29.4,0.6
2023-03-18T04:00,0.9,134,8.25,29.3,0.54
2023-03-18T05:00,0.92,134,8.3,29.3,0.49
2023-03-18T06:00,0.94,136,8.45,29.3,0.44
2023-03-18T07:00,0.94,137,8.65,29.3,0.42
2023-03-18T08:00,0.96,139,8.85,29.4,0.45
2023-03-18T09:00,0.94,141,8.95,29.4,0.5
2023-03-18T10:00,0.92,142,9.05,29.4,0.56
2023-03-18T11:00,0.9,144,9.15,29.5,0.61
2023-03-18T12:00,0.88,146,9.3,29.5,0.64
2023-03-18T13:00,0.86,149,9.5,29.6,0.63
2023-03-18T14:00,0.84,151,9.6,29.6,0.61
2023-03-18T15:00,0.8,153,9.5,29.7,0.56
2023-03-18T16:00,0.76,154,9.3,29.7,0.51
2023-03-18T17:00,0.72,156,9.1,29.8,0.48
2023-03-18T18:00,0.72,157,8.95,29.8,0.47
2023-03-18T19:00,0.72,159,8.85,29.8,0.5
2023-03-18T20:00,0.72,160,8.8,29.7,0.55
2023-03-18T21:00,0.74,161,8.8,29.7,0.64
2023-03-18T22:00,0.76,163,8.8,29.7,0.74
2023-03-18T23:00,0.78,164,8.8,29.6,0.8
2023-03-19T00:00,0.8,165,8.75,29.6,0.83
2023-03-19T01:00,0.8,166,8.7,29.6,0.8
2023-03-19T02:00,0.82,167,8.6,29.5,0.73
2023-03-19T03:00,0.82,167,8.5,29.5,0.62
2023-03-19T04:00,0.84,168,8.45,29.5,0.5
2023-03-19T05:00,0.84,168,8.35,29.5,0.4
2023-03-19T06:00,0.84,168,8.3,29.5,0.33
2023-03-19T07:00,0.82,168,8.25,29.5,0.3
2023-03-19T08:00,0.82,168,8.2,29.5,0.34
2023-03-19T09:00,0.82,168,8.2,29.6,0.44
2023-03-19T10:00,0.8,167,8.2,29.6,0.55
2023-03-19T11:00,0.8,167,8.15,29.6,0.66
2023-03-19T12:00,0.8,168,8.0,29.7,0.73
2023-03-19T13:00,0.82,168,7.75,29.7,0.73
2023-03-19T14:00,0.82,169,7.5,29.7,0.68
2023-03-19T15:00,0.86,170,7.15,29.8,0.62
2023-03-19T16:00,0.88,172,6.8,29.8,0.53
2023-03-19T17:00,0.92,173,6.5,29.8,0.44
2023-03-19T18:00,0.94,174,6.4,29.8,0.38
2023-03-19T19:00,0.94,176,6.4,29.8,0.38
2023-03-19T20:00,0.96,177,6.4,29.8,0.43
2023-03-19T21:00,0.94,178,6.35,29.7,0.54
2023-03-19T22:00,0.9,179,6.3,29.7,0.67
2023-03-19T23:00,0.88,180,6.35,29.7,0.79
2023-03-20T00:00,0.86,179,6.55,29.6,0.87
2023-03-20T01:00,0.82,179,6.85,29.6,0.88
2023-03-20T02:00,0.8,178,7.15,29.6,0.8
2023-03-20T03:00,0.78,177,7.5,29.5,0.68
2023-03-20T04:00,0.74,175,7.85,29.5,0.54
2023-03-20T05:00,0.72,174,8.15,29.5,0.41
2023-03-20T06:00,0.72,173,8.4,29.6,0.29
2023-03-20T07:00,0.7,173,8.65,29.6,0.24
2023-03-20T08:00,0.7,172,8.8,29.7,0.28
2023-03-20T09:00,0.7,171,8.9,29.8,0.39
2023-03-20T10:00,0.7,171,8.95,29.8,0.54
2023-03-20T11:00,0.7,170,8.95,29.9,0.7
2023-03-20T12:00,0.7,169,8.9,29.9,0.81
2023-03-20T13:00,0.72,169,8.8,30.0,0.86
2023-03-20T14:00,0.72,168,8.6,30.0,0.82
2023-03-20T15:00,0.74,168,8.3,30.0,0.72
2023-03-20T16:00,0.78,169,7.95,30.0,0.6
2023-03-20T17:00,0.8,169,7.65,30.0,0.47
2023-03-20T18:00,0.8,170,7.45,30.0,0.35
2023-03-20T19:00,0.82,170,7.35,30.0,0.3
2023-03-20T20:00,0.82,171,7.3,29.9,0.34
2023-03-20T21:00,0.82,171,7.3,29.9,0.46
2023-03-20T22:00,0.82,171,7.35,29.9,0.61
2023-03-20T23:00,0.82,171,7.45,29.8,0.77
2023-03-21T00:00,0.8,170,7.65,29.8,0.9
2023-03-21T01:00,0.8,170,7.85,29.8,0.95
2023-03-21T02:00,0.78,169,8.1,29.8,0.9
2023-03-21T03:00,0.76,168,8.3,29.7,0.77
2023-03-21T04:00,0.74,168,8.5,29.7,0.62
2023-03-21T05:00,0.72,167,8.65,29.7,0.46
2023-03-21T06:00,0.7,166,8.75,29.7,0.3
2023-03-21T07:00,0.68,166,8.85,29.8,0.21
2023-03-21T08:00,0.66,165,8.95,29.8,0.22
2023-03-21T09:00,0.66,165,9.05,29.8,0.33
2023-03-21T10:00,0.64,164,9.2,29.9,0.52
2023-03-21T11:00,0.64,164,9.3,29.9,0.71
2023-03-21T12:00,0.64,164,9.4,30.0,0.87
2023-03-21T13:00,0.64,164,9.5,30.0,0.98
2023-03-21T14:00,0.64,164,9.55,30.1,0.98
2023-03-21T15:00,0.64,164,9.45,30.2,0.88
2023-03-21T16:00,0.66,164,9.35,30.2,0.72
2023-03-21T17:00,0.66,164,9.2,30.2,0.55
2023-03-21T18:00,0.66,164,9.15,30.2,0.4
2023-03-21T19:00,0.68,164,9.05,30.2,0.29
2023-03-21T20:00,0.68,164,9.0,30.2,0.28
2023-03-21T21:00,0.68,165,8.85,30.1,0.37
2023-03-21T22:00,0.7,165,8.75,30.1,0.53
2023-03-21T23:00,0.7,166,8.7,30.1,0.71
2023-03-22T00:00,0.68,166,8.85,30.1,0.87
2023-03-22T01:00,0.68,165,9.1,30.0,0.95
2023-03-22T02:00,0.66,165,9.35,30.0,0.95
2023-03-22T03:00,0.66,165,9.55,30.0,0.85
2023-03-22T04:00,0.64,165,9.75,30.0,0.67
2023-03-22T05:00,0.64,165,9.9,30.0,0.49
2023-03-22T06:00,0.64,165,10.05,30.0,0.33
2023-03-22T07:00,0.64,164,10.15,30.0,0.2
2023-03-22T08:00,0.64,164,10.25,30.0,0.17
2023-03-22T09:00,0.64,164,10.25,30.1,0.27
2023-03-22T10:00,0.64,163,10.25,30.1,0.44
2023-03-22T11:00,0.64,163,10.2,30.1,0.66
2023-03-22T12:00,0.64,163,10.2,30.2,0.87
2023-03-22T13:00,0.64,163,10.15,30.2,1.03
2023-03-22T14:00,0.64,163,10.1,30.3,1.08
2023-03-22T15:00,0.64,163,9.95,30.4,1.01
2023-03-22T16:00,0.62,162,9.8,30.4,0.87
2023-03-22T17:00,0.62,162,9.6,30.4,0.69
2023-03-22T18:00,0.64,163,9.45,30.4,0.51
2023-03-22T19:00,0.64,164,9.25,30.4,0.36
2023-03-22T20:00,0.66,165,9.1,30.4,0.3
2023-03-22T21:00,0.68,166,8.95,30.3,0.34
2023-03-22T22:00,0.7,167,8.8,30.3,0.45
2023-03-22T23:00,0.72,168,8.75,30.3,0.63
2023-03-23T00:00,0.74,168,8.8,30.2,0.81
2023-03-23T01:00,0.74,168,8.9,30.2,0.93
2023-03-23T02:00,0.76,168,9.05,30.2,0.96
2023-03-23T03:00,0.76,167,9.25,30.1,0.9
2023-03-23T04:00,0.76,167,9.5,30.1,0.76
2023-03-23T05:00,0.76,166,9.7,30.1,0.56
2023-03-23T06:00,0.76,166,9.85,30.1,0.37
2023-03-23T07:00,0.78,165,10.0,30.2,0.22
2023-03-23T08:00,0.78,165,10.1,30.2,0.14
2023-03-23T09:00,0.78,165,10.2,30.3,0.19
2023-03-23T10:00,0.78,164,10.25,30.3,0.34
2023-03-23T11:00,0.78,164,10.2,30.4,0.55
2023-03-23T12:00,0.78,164,10.0,30.4,0.77
2023-03-23T13:00,0.8,164,9.7,30.5,0.95
2023-03-23T14:00,0.8,164,9.35,30.5,1.04
2023-03-23T15:00,0.82,166,8.95,30.5,1.02
2023-03-23T16:00,0.86,168,8.45,30.6,0.91
2023-03-23T17:00,0.88,170,8.15,30.6,0.72
2023-03-23T18:00,0.9,170,8.05,30.6,0.51
2023-03-23T19:00,0.9,171,8.1,30.5,0.35
2023-03-23T20:00,0.92,171,8.2,30.5,0.25
2023-03-23T21:00,0.92,170,8.35,30.5,0.23
2023-03-23T22:00,0.94,170,8.6,30.4,0.31
2023-03-23T23:00,0.94,169,8.8,30.4,0.49
2023-03-24T00:00,0.94,168,8.9,30.3,0.67
2023-03-24T01:00,0.92,167,9.0,30.3,0.8
2023-03-24T02:00,0.92,166,9.05,30.3,0.87
2023-03-24T03:00,0.92,166,9.15,30.2,0.86
2023-03-24T04:00,0.92,166,9.25,30.2,0.75
2023-03-24T05:00,0.92,166,9.35,30.2,0.57
2023-03-24T06:00,0.92,166,9.35,30.2,0.36
2023-03-24T07:00,0.92,165,9.35,30.2,0.19
2023-03-24T08:00,0.92,165,9.4,30.2,0.1
2023-03-24T09:00,0.9,165,9.5,30.2,0.1
2023-03-24T10:00,0.9,164,9.65,30.2,0.21
2023-03-24T11:00,0.88,164,9.75,30.3,0.4
2023-03-24T12:00,0.88,164,9.85,30.3,0.63
2023-03-24T13:00,0.88,164,9.85,30.4,0.82
2023-03-24T14:00,0.88,164,9.85,30.4,0.95
2023-03-24T15:00,0.88,165,9.7,30.5,0.99
2023-03-24T16:00,0.9,165,9.45,30.5,0.92
2023-03-24T17:00,0.9,166,9.3,30.5,0.76
2023-03-24T18:00,0.9,166,9.25,30.5,0.56
2023-03-24T19:00,0.88,167,9.25,30.5,0.37
2023-03-24T20:00,0.88,167,9.3,30.4,0.25
2023-03-24T21:00,0.88,167,9.4,30.4,0.2
2023-03-24T22:00,0.88,166,9.5,30.4,0.24
2023-03-24T23:00,0.88,166,9.6,30.3,0.37
2023-03-25T00:00,0.86,166,9.6,30.3,0.54
2023-03-25T01:00,0.84,166,9.55,30.3,0.69
2023-03-25T02:00,0.82,166,9.55,30.3,0.78
2023-03-25T03:00,0.8,166,9.55,30.2,0.8
2023-03-25T04:00,0.8,165,9.55,30.2,0.74
2023-03-25T05:00,0.78,165,9.65,30.2,0.6
2023-03-25T06:00,0.8,164,9.85,30.2,0.41
2023-03-25T07:00,0.84,162,10.1,30.3,0.24
2023-03-25T08:00,0.86,161,10.3,30.3,0.13
2023-03-25T09:00,0.84,161,10.4,30.3,0.12
2023-03-25T10:00,0.84,162,10.45,30.4,0.19
2023-03-25T11:00,0.82,162,10.5,30.4,0.35
2023-03-25T12:00,0.82,163,10.55,30.5,0.56
2023-03-25T13:00,0.8,163,10.55,30.5,0.77
2023-03-25T14:00,0.8,164,10.55,30.6,0.92
2023-03-25T15:00,0.8,164,10.5,30.6,0.98
2023-03-25T16:00,0.82,164,10.35,30.7,0.96
2023-03-25T17:00,0.82,164,10.3,30.7,0.86
2023-03-25T18:00,0.82,164,10.3,30.7,0.68
2023-03-25T19:00,0.82,163,10.35,30.6,0.49
2023-03-25T20:00,0.82,163,10.4,30.6,0.36
2023-03-25T21:00,0.82,163,10.45,30.6,0.29
2023-03-25T22:00,0.82,163,10.55,30.5,0.28
2023-03-25T23:00,0.82,163,10.7,30.5,0.36
2023-03-26T00:00,0.84,163,11.0,30.4,0.51
2023-03-26T01:00,0.88,163,11.3,30.4,0.65
2023-03-26T02:00,0.9,163,11.4,30.4,0.75
2023-03-26T03:00,0.82,163,10.95,30.3,0.78
2023-03-26T04:00,0.74,163,10.25,30.3,0.75
2023-03-26T05:00,0.66,163,9.85,30.3,0.65
2023-03-26T06:00,0.7,163,10.0,30.3,0.49
2023-03-26T07:00,0.74,162,10.45,30.4,0.32
2023-03-26T08:00,0.78,162,10.8,30.4,0.2
2023-03-26T09:00,0.78,162,10.9,30.4,0.16
2023-03-26T10:00,0.78,163,10.85,30.5,0.2
2023-03-26T11:00,0.78,163,10.8,30.5,0.33
2023-03-26T12:00,0.78,163,10.8,30.6,0.5
2023-03-26T13:00,0.76,163,10.75,30.6,0.69
2023-03-26T14:00,0.76,163,10.6,30.7,0.85
2023-03-26T15:00,0.78,164,10.3,30.7,0.95
2023-03-26T16:00,0.78,164,9.85,30.8,0.95
2023-03-26T17:00,0.8,165,9.6,30.8,0.88
2023-03-26T18:00,0.8,165,9.6,30.8,0.75
2023-03-26T19:00,0.8,165,9.7,30.7,0.59
2023-03-26T20:00,0.8,165,9.85,30.7,0.44
2023-03-26T21:00,0.8,165,9.95,30.7,0.36
2023-03-26T22:00,0.8,165,10.0,30.6,0.35
2023-03-26T23:00,0.8,165,10.1,30.6,0.4
2023-03-27T00:00,0.8,165,10.2,30.5,0.49
2023-03-27T01:00,0.78,165,10.3,30.5,0.6
2023-03-27T02:00,0.78,165,10.4,30.5,0.69
2023-03-27T03:00,0.78,165,10.5,30.5,0.74
2023-03-27T04:00,0.76,165,10.55,30.4,0.72
2023-03-27T05:00,0.76,165,10.6,30.4,0.64
2023-03-27T06:00,0.74,165,10.65,30.4,0.52
2023-03-27T07:00,0.74,165,10.65,30.4,0.38
2023-03-27T08:00,0.72,165,10.65,30.5,0.25
2023-03-27T09:00,0.72,165,10.65,30.5,0.19
2023-03-27T10:00,0.7,165,10.6,30.5,0.21
2023-03-27T11:00,0.7,165,10.6,30.6,0.3
2023-03-27T12:00,0.68,165,10.55,30.6,0.43
2023-03-27T13:00,0.68,165,10.55,30.7,0.59
2023-03-27T14:00,0.66,165,10.5,30.8,0.74
2023-03-27T15:00,0.66,165,10.5,30.8,0.84
2023-03-27T16:00,0.64,165,10.45,30.9,0.87
2023-03-27T17:00,0.64,165,10.4,30.9,0.83
2023-03-27T18:00,0.66,164,10.25,30.9,0.75
2023-03-27T19:00,0.66,163,10.05,30.9,0.63
2023-03-27T20:00,0.68,162,9.9,30.9,0.51
2023-03-27T21:00,0.66,162,9.85,30.8,0.41
2023-03-27T22:00,0.66,162,9.85,30.8,0.38
2023-03-27T23:00,0.64,162,9.9,30.7,0.41
2023-03-28T00:00,0.64,163,9.95,30.7,0.48
2023-03-28T01:00,0.62,163,10.05,30.7,0.57
2023-03-28T02:00,0.62,164,10.2,30.7,0.65
2023-03-28T03:00,0.62,164,10.35,30.6,0.7
2023-03-28T04:00,0.62,165,10.55,30.6,0.7
2023-03-28T05:00,0.62,165,10.7,30.6,0.65
2023-03-28T06:00,0.62,165,10.8,30.6,0.56
2023-03-28T07:00,0.6,165,10.8,30.6,0.47
2023-03-28T08:00,0.6,165,10.85,30.7,0.37
2023-03-28T09:00,0.6,165,10.9,30.7,0.3
2023-03-28T10:00,0.58,165,10.95,30.7,0.29
2023-03-28T11:00,0.58,165,10.9,30.8,0.35
2023-03-28T12:00,0.6,162,10.6,30.8,0.45
2023-03-28T13:00,0.62,160,10.2,30.9,0.57
2023-03-28T14:00,0.64,157,9.9,31.0,0.68
2023-03-28T15:00,0.62,158,9.85,31.0,0.77
2023-03-28T16:00,0.62,158,10.0,31.1,0.81
2023-03-28T17:00,0.6,159,10.1,31.1,0.8
2023-03-28T18:00,0.6,160,10.2,31.1,0.75
2023-03-28T19:00,0.58,161,10.25,31.1,0.68
2023-03-28T20:00,0.58,162,10.4,31.1,0.58
2023-03-28T21:00,0.6,163,10.6,31.0,0.5
2023-03-28T22:00,0.6,163,10.8,31.0,0.45
2023-03-28T23:00,0.62,164,11.0,31.0,0.45
2023-03-29T00:00,0.62,165,11.1,31.0,0.49
2023-03-29T01:00,0.6,165,11.1,30.9,0.54
2023-03-29T02:00,0.6,166,11.15,30.9,0.59
2023-03-29T03:00,0.6,166,11.2,30.9,0.63
2023-03-29T04:00,0.58,166,11.2,30.9,0.63
2023-03-29T05:00,0.58,166,11.25,30.9,0.6
2023-03-29T06:00,0.58,166,11.3,30.9,0.54
2023-03-29T07:00,0.58,166,11.35,30.9,0.47
2023-03-29T08:00,0.58,166,11.4,31.0,0.4
2023-03-29T09:00,0.58,166,11.45,31.0,0.34
2023-03-29T10:00,0.58,166,11.55,31.0,0.33
2023-03-29T11:00,0.58,166,11.6,31.1,0.36
2023-03-29T12:00,0.58,166,11.65,31.1,0.42
2023-03-29T13:00,0.58,167,11.75,31.2,0.51
2023-03-29T14:00,0.58,167,11.8,31.2,0.59
2023-03-29T15:00,0.6,167,11.9,31.3,0.66
2023-03-29T16:00,0.6,167,11.95,31.3,0.7
2023-03-29T17:00,0.62,167,12.05,31.3,0.71
2023-03-29T18:00,0.64,167,12.15,31.3,0.68
2023-03-29T19:00,0.64,167,12.3,31.3,0.64
2023-03-29T20:00,0.66,167,12.4,31.3,0.6
2023-03-29T21:00,0.68,167,12.45,31.2,0.55
2023-03-29T22:00,0.7,166,12.5,31.2,0.5
2023-03-29T23:00,0.72,166,12.5,31.1,0.49
2023-03-30T00:00,0.74,166,12.35,31.1,0.51
2023-03-30T01:00,0.74,166,12.15,31.1,0.53
2023-03-30T02:00,0.76,166,12.0,31.0,0.55
2023-03-30T03:00,0.76,166,11.9,31.0,0.56
2023-03-30T04:00,0.76,165,11.9,31.0,0.55
2023-03-30T05:00,0.76,165,11.85,31.0,0.53
2023-03-30T06:00,0.76,165,11.8,31.0,0.48
2023-03-30T07:00,0.78,165,11.8,31.0,0.44
2023-03-30T08:00,0.78,165,11.75,31.0,0.42
2023-03-30T09:00,0.78,165,11.7,31.1,0.4
2023-03-30T10:00,0.76,164,11.65,31.1,0.39
2023-03-30T11:00,0.76,164,11.6,31.1,0.4
2023-03-30T12:00,0.76,164,11.6,31.2,0.45
2023-03-30T13:00,0.76,165,11.6,31.2,0.5
2023-03-30T14:00,0.76,165,11.5,31.3,0.55
2023-03-30T15:00,0.78,164,11.15,31.4,0.59
2023-03-30T16:00,0.78,163,10.7,31.4,0.61
2023-03-30T17:00,0.8,162,10.35,31.4,0.61
2023-03-30T18:00,0.8,162,10.25,31.4,0.6
2023-03-30T19:00,0.78,163,10.3,31.4,0.59
2023-03-30T20:00,0.78,163,10.35,31.3,0.58
2023-03-30T21:00,0.78,164,10.4,31.3,0.57
2023-03-30T22:00,0.76,164,10.45,31.2,0.55
2023-03-30T23:00,0.76,165,10.55,31.2,0.54
2023-03-31T00:00,0.76,165,10.7,31.1,0.53
2023-03-31T01:00,0.78,166,10.9,31.1,0.53
2023-03-31T02:00,0.78,166,11.1,31.1,0.51
2023-03-31T03:00,0.78,166,11.25,31.0,0.5
2023-03-31T04:00,0.78,166,11.35,31.0,0.47
2023-03-31T05:00,0.78,166,11.4,31.0,0.44
2023-03-31T06:00,0.78,166,11.45,31.0,0.41
2023-03-31T07:00,0.78,165,11.45,31.1,0.39
2023-03-31T08:00,0.78,165,11.45,31.1,0.4
2023-03-31T09:00,0.78,165,11.5,31.1,0.42
2023-03-31T10:00,0.8,165,11.6,31.2,0.45
2023-03-31T11:00,0.8,165,11.65,31.2,0.48
2023-03-31T12:00,0.8,165,11.65,31.3,0.51
2023-03-31T13:00,0.78,164,11.65,31.3,0.54
2023-03-31T14:00,0.78,164,11.55,31.4,0.57
2023-03-31T15:00,0.8,162,11.25,31.4,0.58
2023-03-31T16:00,0.82,161,10.85,31.4,0.58
2023-03-31T17:00,0.84,159,10.5,31.4,0.57
2023-03-31T18:00,0.84,159,10.25,31.4,0.57
2023-03-31T19:00,0.84,159,10.1,31.4,0.58
2023-03-31T20:00,0.84,159,10.0,31.4,0.6
2023-03-31T21:00,0.84,160,9.95,31.3,0.63
2023-03-31T22:00,0.82,160,9.95,31.3,0.66
2023-03-31T23:00,0.82,161,10.0,31.2,0.67
2023-04-01T00:00,0.8,162,10.05,31.2,0.64
2023-04-01T01:00,0.8,163,10.15,31.1,0.62
2023-04-01T02:00,0.78,164,10.25,31.1,0.58
2023-04-01T03:00,0.78,164,10.3,31.1,0.53
2023-04-01T04:00,0.76,165,10.4,31.0,0.47
2023-04-01T05:00,0.76,165,10.45,31.0,0.42
2023-04-01T06:00,0.76,165,10.55,31.0,0.39
2023-04-01T07:00,0.78,166,10.6,31.1,0.38
2023-04-01T08:00,0.78,166,10.65,31.1,0.4
2023-04-01T09:00,0.76,167,10.65,31.2,0.45
2023-04-01T10:00,0.74,167,10.6,31.2,0.51
2023-04-01T11:00,0.72,168,10.55,31.3,0.56
2023-04-01T12:00,0.72,168,10.6,31.3,0.58
2023-04-01T13:00,0.74,167,10.7,31.4,0.59
2023-04-01T14:00,0.74,167,10.65,31.4,0.58
2023-04-01T15:00,0.76,167,10.4,31.4,0.56
2023-04-01T16:00,0.78,166,10.0,31.5,0.52
2023-04-01T17:00,0.8,166,9.75,31.5,0.49
2023-04-01T18:00,0.86,168,9.75,31.5,0.47
2023-04-01T19:00,0.92,171,9.9,31.4,0.49
2023-04-01T20:00,0.98,173,9.8,31.4,0.54
2023-04-01T21:00,0.94,173,9.25,31.4,0.6
2023-04-01T22:00,0.88,174,8.55,31.3,0.67
2023-04-01T23:00,0.84,174,8.05,31.3,0.71
2023-04-02T00:00,0.82,174,8.05,31.2,0.71
2023-04-02T01:00,0.8,174,8.3,31.2,0.67
2023-04-02T02:00,0.78,174,8.65,31.2,0.61
2023-04-02T03:00,0.78,172,9.1,31.1,0.54
2023-04-02T04:00,0.76,171,9.6,31.1,0.45
2023-04-02T05:00,0.76,169,10.0,31.1,0.37
2023-04-02T06:00,0.74,168,10.2,31.1,0.33
2023-04-02T07:00,0.72,167,10.3,31.1,0.32
2023-04-02T08:00,0.7,166,10.3,31.1,0.36
2023-04-02T09:00,0.66,166,10.15,31.2,0.44
2023-04-02T10:00,0.6,165,9.85,31.2,0.55
2023-04-02T11:00,0.56,165,9.6,31.2,0.65
2023-04-02T12:00,0.6,164,9.45,31.3,0.69
2023-04-02T13:00,0.62,163,9.35,31.3,0.69
2023-04-02T14:00,0.66,162,9.1,31.4,0.66
2023-04-02T15:00,0.7,164,8.65,31.4,0.6
2023-04-02T16:00,0.74,166,8.15,31.5,0.54
2023-04-02T17:00,0.78,168,7.7,31.5,0.48
2023-04-02T18:00,0.82,169,7.45,31.5,0.44
2023-04-02T19:00,0.84,171,7.25,31.4,0.44
2023-04-02T20:00,0.88,172,7.15,31.4,0.5
2023-04-02T21:00,0.88,173,7.1,31.3,0.59
2023-04-02T22:00,0.9,173,7.1,31.3,0.69
2023-04-02T23:00,0.9,174,7.2,31.2,0.78
2023-04-03T00:00,0.9,173,7.45,31.2,0.82
2023-04-03T01:00,0.9,173,7.85,31.1,0.78
2023-04-03T02:00,0.9,172,8.15,31.1,0.71
2023-04-03T03:00,0.86,171,8.35,31.1,0.61
2023-04-03T04:00,0.84,169,8.55,31.0,0.5
2023-04-03T05:00,0.8,168,8.75,31.0,0.39
2023-04-03T06:00,0.78,167,9.0,31.0,0.31
2023-04-03T07:00,0.74,167,9.3,31.1,0.29
2023-04-03T08:00,0.72,166,9.55,31.1,0.34
2023-04-03T09:00,0.72,166,9.75,31.1,0.44
2023-04-03T10:00,0.7,165,9.9,31.2,0.57
2023-04-03T11:00,0.7,165,10.0,31.2,0.69
2023-04-03T12:00,0.7,164,10.0,31.3,0.78
2023-04-03T13:00,0.7,164,9.85,31.3,0.79
2023-04-03T14:00,0.7,163,9.65,31.4,0.74
2023-04-03T15:00,0.72,165,9.25,31.4,0.65
2023-04-03T16:00,0.76,166,8.75,31.4,0.55
2023-04-03T17:00,0.78,168,8.35,31.4,0.45
2023-04-03T18:00,0.8,169,8.15,31.4,0.37
2023-04-03T19:00,0.8,171,8.1,31.4,0.35
2023-04-03T20:00,0.82,172,8.1,31.4,0.4
2023-04-03T21:00,0.82,172,8.2,31.3,0.51
2023-04-03T22:00,0.8,171,8.35,31.3,0.62
2023-04-03T23:00,0.8,171,8.5,31.2,0.74
2023-04-04T00:00,0.8,170,8.65,31.2,0.82
2023-04-04T01:00,0.78,170,8.75,31.1,0.82
2023-04-04T02:00,0.78,169,8.9,31.1,0.75
2023-04-04T03:00,0.78,168,9.05,31.1,0.63
2023-04-04T04:00,0.76,167,9.15,31.0,0.5
2023-04-04T05:00,0.76,166,9.25,31.0,0.36
2023-04-04T06:00,0.78,165,9.3,31.0,0.26
2023-04-04T07:00,0.78,164,9.35,31.0,0.23
2023-04-04T08:00,0.8,163,9.15,31.0,0.26
2023-04-04T09:00,0.74,163,8.55,31.0,0.36
2023-04-04T10:00,0.68,162,7.8,31.1,0.52
2023-04-04T11:00,0.62,162,7.3,31.1,0.68
2023-04-04T12:00,0.68,163,7.35,31.1,0.8
2023-04-04T13:00,0.76,165,7.7,31.1,0.83
2023-04-04T14:00,0.82,166,7.95,31.2,0.79
2023-04-04T15:00,0.84,168,8.05,31.2,0.7
2023-04-04T16:00,0.88,169,8.05,31.3,0.56
2023-04-04T17:00,0.9,171,8.1,31.3,0.42
2023-04-04T18:00,0.88,171,8.15,31.3,0.31
2023-04-04T19:00,0.86,171,8.2,31.2,0.26
2023-04-04T20:00,0.84,171,8.3,31.2,0.3
2023-04-04T21:00,0.82,170,8.45,31.2,0.4
2023-04-04T22:00,0.78,169,8.65,31.1,0.54
2023-04-04T23:00,0.76,168,8.9,31.1,0.68
2023-04-05T00:00,0.74,167,9.2,31.0,0.79
2023-04-05T01:00,0.74,166,9.55,31.0,0.83
2023-04-05T02:00,0.72,165,9.75,31.0,0.79
2023-04-05T03:00,0.68,164,9.7,30.9,0.67
2023-04-05T04:00,0.62,164,9.6,30.9,0.51
2023-04-05T05:00,0.58,163,9.6,30.9,0.36
2023-04-05T06:00,0.62,163,10.0,30.9,0.24
2023-04-05T07:00,0.64,163,10.55,30.9,0.18
2023-04-05T08:00,0.68,163,10.95,31.0,0.21
2023-04-05T09:00,0.68,163,11.05,31.0,0.32
2023-04-05T10:00,0.66,163,11.0,31.0,0.49
2023-04-05T11:00,0.66,163,10.95,31.1,0.67
2023-04-05T12:00,0.66,163,10.95,31.1,0.82
2023-04-05T13:00,0.64,163,10.95,31.2,0.91
2023-04-05T14:00,0.64,163,10.9,31.2,0.91
2023-04-05T15:00,0.64,163,10.75,31.2,0.82
2023-04-05T16:00,0.66,163,10.6,31.3,0.67
2023-04-05T17:00,0.66,163,10.4,31.3,0.5
2023-04-05T18:00,0.66,163,10.15,31.3,0.35
2023-04-05T19:00,0.66,163,9.95,31.2,0.26
2023-04-05T20:00,0.66,163,9.75,31.2,0.25
2023-04-05T21:00,0.66,164,9.65,31.2,0.33
2023-04-05T22:00,0.66,164,9.65,31.1,0.47
2023-04-05T23:00,0.66,165,9.65,31.1,0.63
2023-04-06T00:00,0.66,165,9.7,31.0,0.76
2023-04-06T01:00,0.66,166,9.8,31.0,0.83
2023-04-06T02:00,0.66,166,9.9,31.0,0.82
2023-04-06T03:00,0.66,166,10.05,30.9,0.72
2023-04-06T04:00,0.66,165,10.2,30.9,0.56
2023-04-06T05:00,0.66,165,10.35,30.9,0.39
2023-04-06T06:00,0.66,165,10.5,30.9,0.25
2023-04-06T07:00,0.66,164,10.6,30.9,0.15
2023-04-06T08:00,0.66,164,10.7,30.9,0.15
2023-04-06T09:00,0.66,164,10.75,31.0,0.26
2023-04-06T10:00,0.66,163,10.8,31.0,0.43
2023-04-06T11:00,0.66,163,10.85,31.1,0.63
2023-04-06T12:00,0.66,163,10.85,31.1,0.82
2023-04-06T13:00,0.66,163,10.85,31.2,0.94
2023-04-06T14:00,0.66,163,10.85,31.2,0.98
2023-04-06T15:00,0.66,163,10.85,31.3,0.91
2023-04-06T16:00,0.66,162,10.85,31.3,0.76
2023-04-06T17:00,0.66,162,10.85,31.3,0.57
2023-04-06T18:00,0.66,162,10.75,31.3,0.4
2023-04-06T19:00,0.66,162,10.7,31.3,0.28
2023-04-06T20:00,0.66,162,10.75,31.3,0.23
2023-04-06T21:00,0.72,162,11.2,31.2,0.28
2023-04-06T22:00,0.78,162,11.75,31.2,0.41
2023-04-06T23:00,0.84,162,12.05,31.1,0.57
2023-04-07T00:00,0.78,162,11.75,31.1,0.72
2023-04-07T01:00,0.72,162,11.15,31.1,0.82
2023-04-07T02:00,0.66,162,10.75,31.0,0.84
2023-04-07T03:00,0.68,162,10.7,31.0,0.78
2023-04-07T04:00,0.68,162,10.85,31.0,0.63
2023-04-07T05:00,0.7,162,10.9,31.0,0.45
2023-04-07T06:00,0.68,162,10.85,31.0,0.28
2023-04-07T07:00,0.68,161,10.75,31.0,0.17
2023-04-07T08:00,0.66,161,10.65,31.0,0.13
2023-04-07T09:00,0.66,161,10.6,31.1,0.21
2023-04-07T10:00,0.64,162,10.55,31.1,0.38
2023-04-07T11:00,0.64,162,10.55,31.1,0.58
2023-04-07T12:00,0.64,162,10.6,31.2,0.78
2023-04-07T13:00,0.64,162,10.65,31.2,0.93
2023-04-07T14:00,0.64,162,10.65,31.3,1.0
2023-04-07T15:00,0.64,162,10.6,31.4,0.97
2023-04-07T16:00,0.62,161,10.5,31.4,0.85
2023-04-07T17:00,0.62,161,10.35,31.4,0.66
2023-04-07T18:00,0.62,159,10.15,31.4,0.46
2023-04-07T19:00,0.62,156,9.9,31.4,0.3
2023-04-07T20:00,0.62,154,9.65,31.4,0.22
2023-04-07T21:00,0.62,152,9.5,31.3,0.23
2023-04-07T22:00,0.64,151,9.45,31.3,0.33
2023-04-07T23:00,0.64,149,9.25,31.2,0.48
2023-04-08T00:00,0.66,143,8.9,31.2,0.65
2023-04-08T01:00,0.7,137,8.5,31.1,0.77
2023-04-08T02:00,0.72,131,8.1,31.1,0.82
2023-04-08T03:00,0.78,125,7.7,31.1,0.79
2023-04-08T04:00,0.82,118,7.35,31.0,0.68
2023-04-08T05:00,0.88,112,7.1,31.0,0.51
2023-04-08T06:00,0.9,112,7.1,31.0,0.32
2023-04-08T07:00,0.94,113,7.25,31.0,0.18
2023-04-08T08:00,0.96,113,7.4,31.0,0.12
2023-04-08T09:00,0.9,115,7.4,31.0,0.15
2023-04-08T10:00,0.86,117,7.4,31.1,0.3
2023-04-08T11:00,0.8,119,7.5,31.1,0.5
2023-04-08T12:00,0.8,122,7.75,31.1,0.7
2023-04-08T13:00,0.78,126,8.1,31.2,0.87
2023-04-08T14:00,0.78,129,8.4,31.2,0.96
2023-04-08T15:00,0.76,132,8.55,31.3,0.96
2023-04-08T16:00,0.76,134,8.65,31.3,0.86
2023-04-08T17:00,0.74,137,8.7,31.3,0.7
2023-04-08T18:00,0.76,136,8.75,31.3,0.5
2023-04-08T19:00,0.76,135,8.7,31.3,0.32
2023-04-08T20:00,0.78,134,8.65,31.3,0.2
2023-04-08T21:00,0.8,130,8.45,31.2,0.17
2023-04-08T22:00,0.84,126,8.25,31.2,0.22
2023-04-08T23:00,0.86,122,8.1,31.1,0.36
2023-04-09T00:00,0.86,123,8.15,31.1,0.51
2023-04-09T01:00,0.86,123,8.25,31.0,0.64
2023-04-09T02:00,0.86,124,8.45,31.0,0.7
2023-04-09T03:00,0.84,128,8.7,30.9,0.69
2023-04-09T04:00,0.84,131,8.95,30.9,0.61
2023-04-09T05:00,0.82,135,9.25,30.9,0.47
2023-04-09T06:00,0.82,139,9.5,30.9,0.29
2023-04-09T07:00,0.8,143,9.75,30.9,0.13
2023-04-09T08:00,0.8,147,10.0,30.9,0.05
2023-04-09T09:00,0.8,149,10.2,30.9,0.06
2023-04-09T10:00,0.78,152,10.35,30.9,0.16
2023-04-09T11:00,0.78,154,10.45,31.0,0.34
2023-04-09T12:00,0.78,155,10.5,31.0,0.56
2023-04-09T13:00,0.78,156,10.45,31.1,0.75
2023-04-09T14:00,0.78,157,10.45,31.1,0.88
2023-04-09T15:00,0.78,157,10.4,31.2,0.91
2023-04-09T16:00,0.76,158,10.4,31.2,0.87
2023-04-09T17:00,0.76,158,10.35,31.2,0.74
2023-04-09T18:00,0.76,158,10.4,31.2,0.56
2023-04-09T19:00,0.76,159,10.4,31.2,0.38
2023-04-09T20:00,0.76,159,10.35,31.2,0.25
2023-04-09T21:00,0.76,157,10.1,31.1,0.2
2023-04-09T22:00,0.78,155,9.75,31.1,0.22
2023-04-09T23:00,0.78,153,9.35,31.1,0.32
2023-04-10T00:00,0.82,147,8.95,31.0,0.47
2023-04-10T01:00,0.86,140,8.6,31.0,0.61
2023-04-10T02:00,0.9,134,8.25,31.0,0.7
2023-04-10T03:00,0.92,131,8.0,30.9,0.71
2023-04-10T04:00,0.94,129,7.85,30.9,0.66
2023-04-10T05:00,0.96,126,7.75,30.9,0.55
2023-04-10T06:00,0.96,126,7.7,30.9,0.4
2023-04-10T07:00,0.96,127,7.7,30.9,0.24
2023-04-10T08:00,0.96,127,7.75,30.9,0.14
2023-04-10T09:00,0.94,129,7.85,30.9,0.13
2023-04-10T10:00,0.92,130,7.95,30.9,0.19
2023-04-10T11:00,0.9,132,8.05,31.0,0.34
2023-04-10T12:00,0.88,134,8.1,31.0,0.54
2023-04-10T13:00,0.86,135,8.15,31.1,0.73
2023-04-10T14:00,0.84,137,8.15,31.1,0.88
2023-04-10T15:00,0.84,137,8.15,31.2,0.95
2023-04-10T16:00,0.84,136,8.1,31.3,0.93
2023-04-10T17:00,0.84,136,8.0,31.3,0.85
2023-04-10T18:00,0.86,133,7.9,31.3,0.71
2023-04-10T19:00,0.86,131,7.75,31.2,0.54
2023-04-10T20:00,0.88,128,7.6,31.2,0.4
2023-04-10T21:00,0.92,124,7.45,31.2,0.32
2023-04-10T22:00,0.94,119,7.3,31.1,0.31
2023-04-10T23:00,0.98,115,7.2,31.1,0.37
2023-04-11T00:00,1.0,114,7.1,31.0,0.47
2023-04-11T01:00,1.0,112,7.0,31.0,0.59
2023-04-11T02:00,1.02,111,6.95,30.9,0.67
2023-04-11T03:00,1.0,112,6.95,30.9,0.7
2023-04-11T04:00,1.0,114,6.95,30.8,0.67
2023-04-11T05:00,0.98,115,7.0,30.8,0.58
2023-04-11T06:00,0.96,117,7.05,30.8,0.47
2023-04-11T07:00,0.92,120,7.1,30.8,0.33
2023-04-11T08:00,0.9,122,7.15,30.9,0.23
2023-04-11T09:00,0.88,124,7.25,30.9,0.19
2023-04-11T10:00,0.86,127,7.35,30.9,0.23
2023-04-11T11:00,0.84,129,7.5,31.0,0.33
2023-04-11T12:00,0.82,132,7.65,31.0,0.48
2023-04-11T13:00,0.82,134,7.8,31.1,0.65
2023-04-11T14:00,0.8,137,8.0,31.1,0.8
2023-04-11T15:00,0.78,140,8.2,31.2,0.89
2023-04-11T16:00,0.76,142,8.4,31.3,0.9
2023-04-11T17:00,0.74,145,8.55,31.3,0.84
2023-04-11T18:00,0.74,146,8.65,31.3,0.75
2023-04-11T19:00,0.72,148,8.7,31.2,0.62
2023-04-11T20:00,0.72,149,8.7,31.2,0.48
2023-04-11T21:00,0.74,146,8.55,31.2,0.4
2023-04-11T22:00,0.74,143,8.25,31.1,0.37
2023-04-11T23:00,0.76,140,8.05,31.1,0.39
2023-04-12T00:00,0.78,137,7.95,31.0,0.45
2023-04-12T01:00,0.82,133,7.9,31.0,0.54
2023-04-12T02:00,0.84,130,7.85,31.0,0.61
2023-04-12T03:00,0.86,130,7.85,31.0,0.65
2023-04-12T04:00,0.86,130,7.9,30.9,0.64
2023-04-12T05:00,0.88,130,7.95,30.9,0.58
2023-04-12T06:00,0.88,131,8.0,30.9,0.49
2023-04-12T07:00,0.88,133,8.1,30.9,0.39
2023-04-12T08:00,0.88,134,8.2,31.0,0.29
2023-04-12T09:00,0.86,136,8.35,31.0,0.24
2023-04-12T10:00,0.84,139,8.5,31.0,0.25
2023-04-12T11:00,0.82,141,8.65,31.1,0.31
2023-04-12T12:00,0.8,143,8.8,31.1,0.42
2023-04-12T13:00,0.8,146,8.9,31.2,0.56
2023-04-12T14:00,0.78,148,9.0,31.2,0.69
2023-04-12T15:00,0.74,150,8.95,31.3,0.79
2023-04-12T16:00,0.68,152,8.85,31.3,0.83
2023-04-12T17:00,0.64,154,8.9,31.4,0.81
2023-04-12T18:00,0.66,155,9.2,31.4,0.75
2023-04-12T19:00,0.68,157,9.6,31.4,0.66
2023-04-12T20:00,0.7,158,9.9,31.3,0.57
2023-04-12T21:00,0.72,157,9.95,31.3,0.49
2023-04-12T22:00,0.72,156,9.85,31.3,0.44
2023-04-12T23:00,0.74,155,9.7,31.2,0.43
2023-04-13T00:00,0.76,153,9.6,31.2,0.46
2023-04-13T01:00,0.78,150,9.45,31.2,0.5
2023-04-13T02:00,0.8,148,9.3,31.1,0.54
2023-04-13T03:00,0.82,147,9.2,31.1,0.57
2023-04-13T04:00,0.82,145,9.1,31.1,0.57
2023-04-13T05:00,0.84,144,9.05,31.1,0.54
2023-04-13T06:00,0.84,144,9.1,31.1,0.48
2023-04-13T07:00,0.86,143,9.2,31.1,0.41
2023-04-13T08:00,0.86,143,9.3,31.1,0.36
2023-04-13T09:00,0.86,144,9.4,31.2,0.32
2023-04-13T10:00,0.84,145,9.5,31.2,0.32
2023-04-13T11:00,0.84,146,9.65,31.2,0.36
2023-04-13T12:00,0.84,148,9.8,31.3,0.43
2023-04-13T13:00,0.82,150,10.0,31.3,0.51
2023-04-13T14:00,0.82,152,10.15,31.4,0.61
2023-04-13T15:00,0.82,154,10.25,31.5,0.69
2023-04-13T16:00,0.82,155,10.35,31.5,0.74
2023-04-13T17:00,0.82,157,10.45,31.5,0.75
2023-04-13T18:00,0.82,158,10.55,31.5,0.72
2023-04-13T19:00,0.82,160,10.6,31.5,0.68
2023-04-13T20:00,0.82,161,10.7,31.5,0.64
2023-04-13T21:00,0.82,162,10.8,31.4,0.59
2023-04-13T22:00,0.84,163,10.85,31.4,0.55
2023-04-13T23:00,0.84,164,10.95,31.4,0.52
2023-04-14T00:00,0.84,164,11.0,31.3,0.51
2023-04-14T01:00,0.86,165,11.1,31.3,0.52
2023-04-14T02:00,0.86,165,11.15,31.3,0.53
2023-04-14T03:00,0.88,165,11.25,31.2,0.53
2023-04-14T04:00,0.88,166,11.35,31.2,0.53
2023-04-14T05:00,0.9,166,11.35,31.2,0.52
2023-04-14T06:00,0.9,165,11.2,31.2,0.49
2023-04-14T07:00,0.88,164,11.0,31.2,0.44
2023-04-14T08:00,0.88,163,10.9,31.2,0.43
2023-04-14T09:00,0.9,163,10.95,31.3,0.44
2023-04-14T10:00,0.94,164,11.05,31.3,0.44
2023-04-14T11:00,0.96,164,11.15,31.4,0.46
2023-04-14T12:00,0.96,164,11.2,31.4,0.5
2023-04-14T13:00,0.98,165,11.2,31.5,0.55
2023-04-14T14:00,0.98,165,11.2,31.5,0.6
2023-04-14T15:00,1.0,165,11.2,31.6,0.64
2023-04-14T16:00,1.0,166,11.2,31.6,0.67
2023-04-14T17:00,1.02,166,11.1,31.6,0.69
2023-04-14T18:00,0.98,166,10.75,31.6,0.69
2023-04-14T19:00,0.96,167,10.3,31.6,0.7
2023-04-14T20:00,0.92,167,10.0,31.6,0.69
2023-04-14T21:00,0.96,165,10.0,31.5,0.68
2023-04-14T22:00,1.0,164,10.1,31.5,0.67
2023-04-14T23:00,1.04,162,10.25,31.4,0.65
2023-04-15T00:00,1.08,162,10.4,31.4,0.63
2023-04-15T01:00,1.12,163,10.5,31.3,0.61
2023-04-15T02:00,1.16,163,10.6,31.3,0.58
2023-04-15T03:00,1.14,164,10.6,31.3,0.54
2023-04-15T04:00,1.12,166,10.55,31.2,0.51
2023-04-15T05:00,1.1,167,10.5,31.2,0.5
2023-04-15T06:00,1.1,167,10.5,31.2,0.49
2023-04-15T07:00,1.1,168,10.55,31.3,0.48
2023-04-15T08:00,1.1,168,10.6,31.3,0.5
2023-04-15T09:00,1.1,168,10.65,31.3,0.54
2023-04-15T10:00,1.08,168,10.7,31.4,0.58
2023-04-15T11:00,1.08,168,10.75,31.4,0.6
2023-04-15T12:00,1.06,168,10.8,31.5,0.61
2023-04-15T13:00,1.06,167,10.8,31.5,0.62
2023-04-15T14:00,1.04,167,10.75,31.5,0.62
2023-04-15T15:00,1.04,167,10.6,31.6,0.6
2023-04-15T16:00,1.04,166,10.4,31.6,0.59
2023-04-15T17:00,1.04,166,10.2,31.6,0.6
2023-04-15T18:00,1.04,167,10.1,31.6,0.6
2023-04-15T19:00,1.04,167,10.0,31.5,0.63
2023-04-15T20:00,1.04,168,9.95,31.5,0.67
2023-04-15T21:00,1.02,168,9.85,31.5,0.71
2023-04-15T22:00,0.98,169,9.8,31.4,0.75
2023-04-15T23:00,0.96,169,9.8,31.4,0.76
2023-04-16T00:00,0.96,169,9.9,31.3,0.73
2023-04-16T01:00,0.96,168,10.05,31.3,0.68
2023-04-16T02:00,0.96,168,10.2,31.3,0.63
2023-04-16T03:00,0.96,168,10.3,31.2,0.55
2023-04-16T04:00,0.98,168,10.4,31.2,0.47
2023-04-16T05:00,0.98,168,10.45,31.2,0.44
2023-04-16T06:00,0.96,168,10.5,31.2,0.43
2023-04-16T07:00,0.96,167,10.55,31.2,0.45
2023-04-16T08:00,0.94,167,10.6,31.2,0.5
2023-04-16T09:00,0.92,167,10.7,31.3,0.58
2023-04-16T10:00,0.92,166,10.8,31.3,0.67
2023-04-16T11:00,0.9,166,10.85,31.4,0.72
2023-04-16T12:00,0.9,166,10.9,31.4,0.73
2023-04-16T13:00,0.88,166,10.9,31.5,0.71
2023-04-16T14:00,0.88,166,10.85,31.5,0.67
2023-04-16T15:00,0.88,166,10.75,31.6,0.61
2023-04-16T16:00,0.88,166,10.6,31.6,0.54
2023-04-16T17:00,0.88,166,10.5,31.6,0.49
2023-04-16T18:00,0.88,166,10.4,31.6,0.48
2023-04-16T19:00,0.88,167,10.3,31.6,0.52
2023-04-16T20:00,0.88,167,10.3,31.5,0.58
2023-04-16T21:00,0.9,167,10.35,31.5,0.65
2023-04-16T22:00,0.9,167,10.5,31.4,0.73
2023-04-16T23:00,0.92,167,10.65,31.4,0.78
2023-04-17T00:00,0.92,167,10.8,31.3,0.76
2023-04-17T01:00,0.92,167,10.95,31.3,0.69
2023-04-17T02:00,0.92,167,11.05,31.3,0.6
2023-04-17T03:00,0.9,167,11.0,31.2,0.51
2023-04-17T04:00,0.88,166,10.95,31.2,0.4
2023-04-17T05:00,0.86,166,10.9,31.2,0.32
2023-04-17T06:00,0.84,166,10.95,31.2,0.29
2023-04-17T07:00,0.84,166,11.05,31.3,0.33
2023-04-17T08:00,0.82,166,11.2,31.3,0.41
2023-04-17T09:00,0.86,166,11.55,31.3,0.53
2023-04-17T10:00,0.88,165,11.95,31.4,0.65
2023-04-17T11:00,0.92,165,12.25,31.4,0.75
2023-04-17T12:00,0.92,165,12.25,31.5,0.79
2023-04-17T13:00,0.9,164,12.1,31.5,0.76
2023-04-17T14:00,0.9,164,11.95,31.6,0.69
2023-04-17T15:00,0.92,164,11.75,31.6,0.59
2023-04-17T16:00,0.96,164,11.5,31.6,0.49
2023-04-17T17:00,0.98,164,11.35,31.6,0.39
2023-04-17T18:00,1.0,164,11.35,31.6,0.34
2023-04-17T19:00,1.02,164,11.4,31.6,0.35
2023-04-17T20:00,1.04,164,11.45,31.6,0.41
2023-04-17T21:00,1.02,164,11.35,31.5,0.51
2023-04-17T22:00,1.0,164,11.2,31.5,0.62
2023-04-17T23:00,0.98,164,11.1,31.4,0.71
2023-04-18T00:00,0.98,164,11.0,31.4,0.74
2023-04-18T01:00,0.96,164,10.95,31.3,0.7
2023-04-18T02:00,0.96,164,10.9,31.3,0.61
2023-04-18T03:00,0.96,164,10.95,31.3,0.49
2023-04-18T04:00,0.98,164,11.05,31.2,0.35
2023-04-18T05:00,0.98,164,11.15,31.2,0.24
2023-04-18T06:00,0.98,164,11.25,31.2,0.19
2023-04-18T07:00,0.98,163,11.35,31.3,0.2
2023-04-18T08:00,0.98,163,11.5,31.3,0.28
2023-04-18T09:00,1.02,163,11.7,31.4,0.44
2023-04-18T10:00,1.04,163,11.9,31.4,0.62
2023-04-18T11:00,1.08,163,11.95,31.5,0.76
2023-04-18T12:00,1.04,163,11.75,31.5,0.84
2023-04-18T13:00,1.0,162,11.35,31.6,0.86
2023-04-18T14:00,0.96,162,11.1,31.6,0.79
2023-04-18T15:00,0.94,162,11.0,31.7,0.67
2023-04-18T16:00,0.94,162,11.0,31.7,0.53
2023-04-18T17:00,0.92,162,11.05,31.7,0.4
2023-04-18T18:00,0.94,162,11.2,31.7,0.31
2023-04-18T19:00,0.96,161,11.35,31.7,0.29
2023-04-18T20:00,0.98,161,11.5,31.7,0.34
2023-04-18T21:00,1.0,161,11.55,31.6,0.46
2023-04-18T22:00,1.02,161,11.6,31.6,0.61
2023-04-18T23:00,1.04,161,11.6,31.5,0.73
2023-04-19T00:00,1.04,161,11.55,31.5,0.81
2023-04-19T01:00,1.06,161,11.45,31.4,0.81
2023-04-19T02:00,1.06,161,11.4,31.4,0.72
2023-04-19T03:00,1.06,161,11.35,31.4,0.58
2023-04-19T04:00,1.06,162,11.3,31.3,0.43
2023-04-19T05:00,1.06,162,11.25,31.3,0.3
2023-04-19T06:00,1.06,162,11.2,31.3,0.21
2023-04-19T07:00,1.04,162,11.2,31.4,0.18
2023-04-19T08:00,1.04,162,11.15,31.4,0.25
2023-04-19T09:00,1.04,162,11.1,31.4,0.41
2023-04-19T10:00,1.04,162,11.1,31.5,0.62
2023-04-19T11:00,1.04,162,11.0,31.5,0.81
2023-04-19T12:00,1.04,162,10.85,31.6,0.95
2023-04-19T13:00,1.02,163,10.65,31.6,1.01
2023-04-19T14:00,1.02,163,10.4,31.7,0.97
2023-04-19T15:00,1.04,164,10.15,31.7,0.84
2023-04-19T16:00,1.04,165,9.9,31.8,0.68
2023-04-19T17:00,1.06,166,9.65,31.8,0.52
2023-04-19T18:00,1.08,167,9.45,31.8,0.38
2023-04-19T19:00,1.08,167,9.3,31.7,0.31
2023-04-19T20:00,1.1,168,9.2,31.7,0.32
2023-04-19T21:00,1.12,169,9.2,31.6,0.42
2023-04-19T22:00,1.16,169,9.25,31.6,0.57
2023-04-19T23:00,1.18,170,9.3,31.5,0.72
2023-04-20T00:00,1.16,170,9.25,31.5,0.84
2023-04-20T01:00,1.14,170,9.1,31.4,0.88
2023-04-20T02:00,1.12,170,9.05,31.4,0.83
2023-04-20T03:00,1.12,170,9.05,31.4,0.7
2023-04-20T04:00,1.12,171,9.1,31.3,0.54
2023-04-20T05:00,1.12,171,9.2,31.3,0.38
2023-04-20T06:00,1.12,171,9.35,31.3,0.25
2023-04-20T07:00,1.12,170,9.55,31.4,0.19
2023-04-20T08:00,1.12,170,9.7,31.4,0.23
2023-04-20T09:00,1.1,170,9.8,31.4,0.37
2023-04-20T10:00,1.1,169,9.9,31.5,0.58
2023-04-20T11:00,1.08,169,9.9,31.5,0.8
2023-04-20T12:00,1.1,169,9.75,31.6,0.98
2023-04-20T13:00,1.1,169,9.55,31.6,1.08
2023-04-20T14:00,1.12,169,9.25,31.7,1.08
2023-04-20T15:00,1.16,171,8.85,31.7,0.97
2023-04-20T16:00,1.2,172,8.45,31.7,0.8
2023-04-20T17:00,1.24,174,8.1,31.7,0.62
2023-04-20T18:00,1.26,175,7.95,31.7,0.44
2023-04-20T19:00,1.26,175,7.95,31.7,0.32
2023-04-20T20:00,1.28,176,7.95,31.6,0.28
2023-04-20T21:00,1.32,177,7.95,31.6,0.34
2023-04-20T22:00,1.36,178,8.0,31.5,0.48
2023-04-20T23:00,1.4,179,8.1,31.5,0.64
2023-04-21T00:00,1.36,179,8.2,31.4,0.77
2023-04-21T01:00,1.34,178,8.3,31.4,0.86
2023-04-21T02:00,1.3,178,8.45,31.3,0.85
2023-04-21T03:00,1.3,178,8.6,31.3,0.75
2023-04-21T04:00,1.28,177,8.75,31.2,0.58
2023-04-21T05:00,1.28,177,8.9,31.2,0.41
2023-04-21T06:00,1.26,176,8.95,31.2,0.26
2023-04-21T07:00,1.26,176,9.0,31.2,0.16
2023-04-21T08:00,1.24,175,9.0,31.3,0.15
2023-04-21T09:00,1.24,174,9.0,31.3,0.25
2023-04-21T10:00,1.22,174,8.95,31.3,0.44
2023-04-21T11:00,1.22,173,8.85,31.4,0.67
2023-04-21T12:00,1.24,173,8.65,31.4,0.88
2023-04-21T13:00,1.24,173,8.45,31.5,1.01
2023-04-21T14:00,1.26,173,8.2,31.5,1.06
2023-04-21T15:00,1.3,174,8.0,31.5,1.0
2023-04-21T16:00,1.32,176,7.8,31.6,0.85
2023-04-21T17:00,1.36,177,7.65,31.6,0.66
2023-04-21T18:00,1.36,177,7.65,31.6,0.47
2023-04-21T19:00,1.36,177,7.7,31.5,0.32
2023-04-21T20:00,1.36,177,7.8,31.5,0.25
2023-04-21T21:00,1.34,177,7.9,31.4,0.27
2023-04-21T22:00,1.3,176,8.0,31.4,0.36
2023-04-21T23:00,1.28,176,8.15,31.3,0.52
2023-04-22T00:00,1.24,175,8.35,31.3,0.68
2023-04-22T01:00,1.2,174,8.6,31.3,0.78
2023-04-22T02:00,1.16,173,8.8,31.2,0.8
2023-04-22T03:00,1.12,172,9.0,31.2,0.76
2023-04-22T04:00,1.08,171,9.2,31.2,0.63
2023-04-22T05:00,1.04,170,9.4,31.2,0.45
2023-04-22T06:00,1.02,169,9.55,31.2,0.28
2023-04-22T07:00,1.0,169,9.7,31.2,0.18
2023-04-22T08:00,0.98,168,9.8,31.3,0.14
2023-04-22T09:00,0.96,167,9.85,31.3,0.2
2023-04-22T10:00,0.92,167,9.85,31.3,0.35
2023-04-22T11:00,0.9,166,9.85,31.4,0.57
2023-04-22T12:00,0.9,166,9.9,31.4,0.79
2023-04-22T13:00,0.88,166,9.95,31.5,0.95
2023-04-22T14:00,0.88,166,9.95,31.5,1.04
2023-04-22T15:00,0.88,166,9.8,31.6,1.03
2023-04-22T16:00,0.9,167,9.6,31.6,0.93
2023-04-22T17:00,0.9,167,9.45,31.6,0.75
2023-04-22T18:00,0.92,168,9.35,31.6,0.55
2023-04-22T19:00,0.92,170,9.25,31.6,0.39
2023-04-22T20:00,0.94,171,9.2,31.6,0.29
2023-04-22T21:00,0.94,171,9.2,31.5,0.26
2023-04-22T22:00,0.96,172,9.2,31.5,0.32
2023-04-22T23:00,0.96,172,9.25,31.5,0.46
2023-04-23T00:00,0.96,172,9.3,31.4,0.61
2023-04-23T01:00,0.94,172,9.4,31.4,0.71
2023-04-23T02:00,0.94,172,9.55,31.4,0.76
2023-04-23T03:00,0.92,171,9.8,31.3,0.76
2023-04-23T04:00,0.92,171,10.05,31.3,0.67
2023-04-23T05:00,0.9,170,10.3,31.3,0.51
2023-04-23T06:00,0.9,169,10.5,31.4,0.35
2023-04-23T07:00,0.88,169,10.65,31.4,0.23
2023-04-23T08:00,0.88,168,10.8,31.5,0.16
2023-04-23T09:00,0.88,168,10.95,31.5,0.19
2023-04-23T10:00,0.86,167,11.05,31.6,0.31
2023-04-23T11:00,0.86,167,11.1,31.6,0.49
2023-04-23T12:00,0.84,167,11.1,31.7,0.69
2023-04-23T13:00,0.84,167,11.1,31.7,0.88
2023-04-23T14:00,0.82,167,10.95,31.7,0.99
2023-04-23T15:00,0.84,167,10.7,31.7,1.0
2023-04-23T16:00,0.86,168,10.35,31.7,0.94
2023-04-23T17:00,0.88,168,10.0,31.7,0.82
2023-04-23T18:00,0.9,169,9.7,31.7,0.64
2023-04-23T19:00,0.92,169,9.35,31.7,0.46
2023-04-23T20:00,0.94,170,9.1,31.7,0.34
2023-04-23T21:00,0.96,170,8.95,31.6,0.3
2023-04-23T22:00,0.96,170,8.8,31.6,0.32
2023-04-23T23:00,0.98,170,8.75,31.6,0.42
2023-04-24T00:00,0.98,169,8.75,31.5,0.54
2023-04-24T01:00,0.98,167,8.75,31.5,0.65
2023-04-24T02:00,0.98,166,8.85,31.5,0.71
2023-04-24T03:00,0.96,165,9.0,31.5,0.72
2023-04-24T04:00,0.96,163,9.2,31.4,0.67
2023-04-24T05:00,0.94,162,9.4,31.4,0.56
2023-04-24T06:00,0.94,162,9.6,31.4,0.42
2023-04-24T07:00,0.94,161,9.85,31.4,0.27
2023-04-24T08:00,0.94,161,10.05,31.4,0.19
2023-04-24T09:00,0.92,161,10.25,31.4,0.2
2023-04-24T10:00,0.92,161,10.4,31.5,0.26
2023-04-24T11:00,0.9,161,10.5,31.5,0.4
2023-04-24T12:00,0.88,161,10.55,31.5,0.57
2023-04-24T13:00,0.88,162,10.55,31.6,0.75
2023-04-24T14:00,0.86,162,10.55,31.6,0.87
2023-04-24T15:00,0.86,162,10.55,31.7,0.92
2023-04-24T16:00,0.86,162,10.5,31.7,0.9
2023-04-24T17:00,0.86,162,10.5,31.7,0.81
2023-04-24T18:00,0.86,162,10.45,31.7,0.66
2023-04-24T19:00,0.84,163,10.45,31.7,0.49
2023-04-24T20:00,0.84,163,10.4,31.7,0.36
2023-04-24T21:00,0.82,163,10.3,31.6,0.31
2023-04-24T22:00,0.82,164,10.2,31.6,0.3
2023-04-24T23:00,0.8,164,10.25,31.5,0.34
2023-04-25T00:00,0.84,164,10.5,31.5,0.44
2023-04-25T01:00,0.88,163,10.9,31.5,0.55
2023-04-25T02:00,0.92,163,11.15,31.4,0.62
2023-04-25T03:00,0.9,163,11.15,31.4,0.64
2023-04-25T04:00,0.9,164,11.0,31.4,0.62
2023-04-25T05:00,0.88,164,11.0,31.4,0.54
2023-04-25T06:00,0.92,164,11.3,31.4,0.43
2023-04-25T07:00,0.98,164,11.7,31.4,0.31
2023-04-25T08:00,1.02,164,11.95,31.4,0.21
2023-04-25T09:00,1.0,164,11.85,31.5,0.19
2023-04-25T10:00,0.96,163,11.55,31.5,0.24
2023-04-25T11:00,0.94,163,11.25,31.5,0.33
2023-04-25T12:00,0.9,163,11.05,31.6,0.46
2023-04-25T13:00,0.88,164,10.9,31.6,0.61
2023-04-25T14:00,0.84,164,10.75,31.7,0.74
2023-04-25T15:00,0.84,164,10.7,31.7,0.82
2023-04-25T16:00,0.82,164,10.65,31.8,0.82
2023-04-25T17:00,0.82,164,10.6,31.8,0.77
2023-04-25T18:00,0.82,164,10.55,31.8,0.67
2023-04-25T19:00,0.8,163,10.45,31.7,0.53
2023-04-25T20:00,0.8,163,10.4,31.7,0.41
2023-04-25T21:00,0.78,163,10.35,31.7,0.34
2023-04-25T22:00,0.78,164,10.25,31.6,0.32
2023-04-25T23:00,0.76,164,10.2,31.6,0.35
2023-04-26T00:00,0.74,164,10.15,31.5,0.42
2023-04-26T01:00,0.74,163,10.1,31.5,0.51
2023-04-26T02:00,0.72,163,10.05,31.5,0.57
2023-04-26T03:00,0.72,163,10.0,31.5,0.62
2023-04-26T04:00,0.7,163,10.0,31.4,0.62
2023-04-26T05:00,0.7,163,9.95,31.4,0.57
2023-04-26T06:00,0.7,163,9.9,31.4,0.49
2023-04-26T07:00,0.7,162,9.85,31.4,0.4
2023-04-26T08:00,0.7,162,9.8,31.5,0.32
2023-04-26T09:00,0.7,162,9.75,31.5,0.28
2023-04-26T10:00,0.7,162,9.75,31.5,0.3
2023-04-26T11:00,0.7,162,9.7,31.6,0.38
2023-04-26T12:00,0.7,162,9.65,31.6,0.48
2023-04-26T13:00,0.7,161,9.55,31.7,0.61
2023-04-26T14:00,0.7,161,9.45,31.7,0.73
2023-04-26T15:00,0.7,159,9.25,31.8,0.81
2023-04-26T16:00,0.72,156,8.95,31.8,0.83
2023-04-26T17:00,0.72,154,8.75,31.8,0.81
2023-04-26T18:00,0.72,153,8.65,31.8,0.75
2023-04-26T19:00,0.72,153,8.65,31.8,0.66
2023-04-26T20:00,0.72,152,8.65,31.8,0.56
2023-04-26T21:00,0.72,152,8.65,31.7,0.48
2023-04-26T22:00,0.7,152,8.7,31.7,0.44
2023-04-26T23:00,0.7,152,8.75,31.6,0.45
2023-04-27T00:00,0.68,153,8.8,31.6,0.49
2023-04-27T01:00,0.68,154,8.9,31.6,0.53
2023-04-27T02:00,0.66,155,9.0,31.5,0.58
2023-04-27T03:00,0.66,156,9.05,31.5,0.62
2023-04-27T04:00,0.66,157,9.15,31.5,0.62
2023-04-27T05:00,0.66,158,9.3,31.5,0.59
2023-04-27T06:00,0.7,159,9.7,31.5,0.55
2023-04-27T07:00,0.72,161,10.2,31.5,0.49
2023-04-27T08:00,0.76,162,10.5,31.5,0.43
2023-04-27T09:00,0.72,161,10.35,31.6,0.38
2023-04-27T10:00,0.66,161,9.95,31.6,0.38
2023-04-27T11:00,0.62,160,9.6,31.6,0.43
2023-04-27T12:00,0.6,160,9.4,31.7,0.5
2023-04-27T13:00,0.6,160,9.25,31.7,0.58
2023-04-27T14:00,0.58,160,9.15,31.8,0.67
2023-04-27T15:00,0.58,160,9.05,31.8,0.74
2023-04-27T16:00,0.58,159,8.95,31.9,0.76
2023-04-27T17:00,0.58,159,8.85,31.9,0.76
2023-04-27T18:00,0.58,157,8.7,31.9,0.74
2023-04-27T19:00,0.58,156,8.55,31.9,0.69
2023-04-27T20:00,0.58,154,8.5,31.8,0.62
2023-04-27T21:00,0.6,154,8.6,31.8,0.55
2023-04-27T22:00,0.64,153,8.85,31.8,0.51
2023-04-27T23:00,0.66,153,9.0,31.7,0.49
2023-04-28T00:00,0.66,153,9.0,31.7,0.48
2023-04-28T01:00,0.64,153,9.0,31.6,0.49
2023-04-28T02:00,0.64,153,9.0,31.6,0.52
2023-04-28T03:00,0.64,154,9.1,31.6,0.53
2023-04-28T04:00,0.64,155,9.2,31.5,0.53
2023-04-28T05:00,0.64,156,9.35,31.5,0.5
2023-04-28T06:00,0.64,157,9.45,31.5,0.48
2023-04-28T07:00,0.64,157,9.6,31.6,0.45
2023-04-28T08:00,0.64,158,9.7,31.6,0.43
2023-04-28T09:00,0.64,158,9.8,31.6,0.41
2023-04-28T10:00,0.66,159,9.85,31.7,0.41
2023-04-28T11:00,0.66,159,9.9,31.7,0.43
2023-04-28T12:00,0.68,159,9.9,31.8,0.47
2023-04-28T13:00,0.68,160,9.9,31.8,0.53
2023-04-28T14:00,0.7,160,9.9,31.9,0.59
2023-04-28T15:00,0.72,160,9.85,31.9,0.63
2023-04-28T16:00,0.72,160,9.8,31.9,0.66
2023-04-28T17:00,0.74,160,9.8,31.9,0.67
2023-04-28T18:00,0.76,160,9.8,31.9,0.66
2023-04-28T19:00,0.76,160,9.85,31.9,0.64
2023-04-28T20:00,0.78,160,9.9,31.8,0.62
2023-04-28T21:00,0.8,160,10.0,31.8,0.59
2023-04-28T22:00,0.8,160,10.1,31.8,0.55
2023-04-28T23:00,0.82,160,10.2,31.7,0.51
2023-04-29T00:00,0.84,160,10.3,31.7,0.5
2023-04-29T01:00,0.84,161,10.4,31.7,0.49
2023-04-29T02:00,0.86,161,10.45,31.6,0.48
2023-04-29T03:00,0.86,161,10.45,31.6,0.47
2023-04-29T04:00,0.88,161,10.45,31.6,0.46
2023-04-29T05:00,0.88,161,10.4,31.6,0.46
2023-04-29T06:00,0.88,161,10.35,31.6,0.45
2023-04-29T07:00,0.9,161,10.35,31.6,0.44
2023-04-29T08:00,0.9,161,10.3,31.6,0.46
2023-04-29T09:00,0.9,161,10.25,31.6,0.48
2023-04-29T10:00,0.9,161,10.25,31.6,0.5
2023-04-29T11:00,0.9,161,10.2,31.6,0.5
2023-04-29T12:00,0.9,161,10.2,31.7,0.52
2023-04-29T13:00,0.88,161,10.15,31.7,0.55
2023-04-29T14:00,0.88,161,10.1,31.7,0.57
2023-04-29T15:00,0.88,160,10.0,31.8,0.58
2023-04-29T16:00,0.9,159,9.85,31.8,0.59
2023-04-29T17:00,0.9,158,9.75,31.8,0.6
2023-04-29T18:00,0.92,157,9.75,31.8,0.6
2023-04-29T19:00,0.92,157,9.8,31.8,0.59
2023-04-29T20:00,0.94,156,9.85,31.7,0.61
2023-04-29T21:00,0.94,156,9.95,31.7,0.64
2023-04-29T22:00,0.94,157,10.1,31.7,0.63
2023-04-29T23:00,0.94,157,10.25,31.6,0.6
2023-04-30T00:00,0.94,157,10.35,31.6,0.57
2023-04-30T01:00,0.92,158,10.4,31.6,0.54
2023-04-30T02:00,0.92,158,10.45,31.5,0.5
2023-04-30T03:00,0.92,158,10.5,31.5,0.48
2023-04-30T04:00,0.9,159,10.5,31.5,0.45
2023-04-30T05:00,0.9,159,10.5,31.5,0.43
2023-04-30T06:00,0.9,159,10.5,31.5,0.44
2023-04-30T07:00,0.88,159,10.5,31.5,0.46
2023-04-30T08:00,0.88,159,10.5,31.5,0.5
2023-04-30T09:00,0.88,159,10.5,31.5,0.56
2023-04-30T10:00,0.86,160,10.55,31.5,0.6
2023-04-30T11:00,0.86,160,10.55,31.5,0.63
2023-04-30T12:00,0.86,160,10.55,31.6,0.63
2023-04-30T13:00,0.86,160,10.55,31.6,0.63
2023-04-30T14:00,0.86,160,10.55,31.7,0.61
2023-04-30T15:00,0.86,160,10.5,31.7,0.59
2023-04-30T16:00,0.84,160,10.5,31.8,0.59
2023-04-30T17:00,0.84,160,10.45,31.8,0.58
2023-04-30T18:00,0.84,160,10.45,31.8,0.56
2023-04-30T19:00,0.84,159,10.45,31.7,0.58
2023-04-30T20:00,0.84,159,10.4,31.7,0.63
2023-04-30T21:00,0.84,159,10.3,31.7,0.68
2023-04-30T22:00,0.86,159,10.1,31.6,0.72
2023-04-30T23:00,0.86,159,10.0,31.6,0.73
2023-05-01T00:00,0.86,159,9.95,31.5,0.69
2023-05-01T01:00,0.88,158,9.95,31.5,0.61
2023-05-01T02:00,0.88,158,9.95,31.5,0.56
2023-05-01T03:00,0.88,158,9.95,31.5,0.51
2023-05-01T04:00,0.88,158,10.0,31.4,0.44
2023-05-01T05:00,0.88,158,10.05,31.4,0.42
2023-05-01T06:00,0.88,158,10.1,31.4,0.42
2023-05-01T07:00,0.9,159,10.1,31.4,0.46
2023-05-01T08:00,0.9,159,10.15,31.5,0.52
2023-05-01T09:00,0.9,159,10.2,31.5,0.6
2023-05-01T10:00,0.9,159,10.25,31.5,0.7
2023-05-01T11:00,0.9,159,10.25,31.5,0.74
2023-05-01T12:00,0.9,159,10.25,31.5,0.75
2023-05-01T13:00,0.9,160,10.2,31.6,0.72
2023-05-01T14:00,0.9,160,10.15,31.6,0.67
2023-05-01T15:00,0.92,161,10.0,31.6,0.61
2023-05-01T16:00,0.92,161,9.8,31.6,0.55
2023-05-01T17:00,0.94,162,9.6,31.6,0.51
2023-05-01T18:00,0.94,163,9.45,31.6,0.5
2023-05-01T19:00,0.94,163,9.35,31.6,0.5
2023-05-01T20:00,0.94,164,9.25,31.5,0.56
2023-05-01T21:00,0.96,165,9.15,31.5,0.62
2023-05-01T22:00,0.96,165,9.05,31.4,0.69
2023-05-01T23:00,0.98,166,9.0,31.4,0.74
2023-05-02T00:00,0.98,167,8.95,31.3,0.73
2023-05-02T01:00,0.98,167,8.9,31.3,0.67
2023-05-02T02:00,0.98,168,8.9,31.3,0.58
2023-05-02T03:00,0.98,168,8.95,31.3,0.5
2023-05-02T04:00,0.98,167,9.0,31.2,0.42
2023-05-02T05:00,0.98,167,9.05,31.2,0.36
2023-05-02T06:00,0.98,167,9.1,31.2,0.36
2023-05-02T07:00,0.98,167,9.1,31.2,0.39
2023-05-02T08:00,0.98,167,9.15,31.2,0.47
2023-05-02T09:00,1.0,167,9.2,31.2,0.59
2023-05-02T10:00,1.02,167,9.3,31.3,0.71
2023-05-02T11:00,1.04,167,9.35,31.3,0.81
2023-05-02T12:00,1.04,166,9.3,31.3,0.85
2023-05-02T13:00,1.04,166,9.2,31.3,0.83
2023-05-02T14:00,1.04,165,9.15,31.4,0.76
2023-05-02T15:00,1.02,166,9.15,31.4,0.66
2023-05-02T16:00,1.0,166,9.2,31.4,0.57
2023-05-02T17:00,0.98,167,9.25,31.4,0.49
2023-05-02T18:00,0.98,167,9.25,31.4,0.44
2023-05-02T19:00,0.96,167,9.3,31.4,0.44
2023-05-02T20:00,0.96,167,9.3,31.3,0.51
2023-05-02T21:00,0.94,167,9.3,31.3,0.59
2023-05-02T22:00,0.94,168,9.3,31.3,0.68
2023-05-02T23:00,0.92,168,9.3,31.2,0.76
2023-05-03T00:00,0.92,168,9.3,31.2,0.78
2023-05-03T01:00,0.9,167,9.25,31.2,0.74
2023-05-03T02:00,0.9,167,9.25,31.1,0.64
2023-05-03T03:00,0.9,167,9.2,31.1,0.54
2023-05-03T04:00,0.9,167,9.15,31.1,0.42
2023-05-03T05:00,0.9,167,9.15,31.1,0.33
2023-05-03T06:00,0.94,168,9.3,31.1,0.3
2023-05-03T07:00,1.0,168,9.55,31.1,0.32
2023-05-03T08:00,1.04,169,9.65,31.1,0.41
2023-05-03T09:00,1.02,169,9.55,31.1,0.55
2023-05-03T10:00,1.0,170,9.35,31.1,0.7
2023-05-03T11:00,0.98,170,9.25,31.1,0.82
2023-05-03T12:00,0.96,170,9.25,31.1,0.91
2023-05-03T13:00,0.96,169,9.35,31.1,0.91
2023-05-03T14:00,0.94,169,9.45,31.1,0.83
2023-05-03T15:00,0.94,169,9.6,31.2,0.71
2023-05-03T16:00,0.94,169,9.7,31.2,0.58
2023-05-03T17:00,0.94,169,9.85,31.2,0.46
2023-05-03T18:00,0.94,169,9.95,31.2,0.38
2023-05-03T19:00,0.92,170,10.0,31.2,0.36
2023-05-03T20:00,0.92,170,10.05,31.1,0.41
2023-05-03T21:00,0.9,170,10.05,31.1,0.51
2023-05-03T22:00,0.9,170,10.05,31.1,0.63
2023-05-03T23:00,0.88,170,10.05,31.1,0.74
2023-05-04T00:00,0.86,170,10.05,31.1,0.81
2023-05-04T01:00,0.86,170,10.05,31.0,0.8
2023-05-04T02:00,0.84,170,10.05,31.0,0.71
2023-05-04T03:00,0.82,170,10.05,31.0,0.58
2023-05-04T04:00,0.8,169,10.05,31.0,0.45
2023-05-04T05:00,0.78,169,10.1,31.0,0.34
2023-05-04T06:00,0.78,169,10.15,31.0,0.27
2023-05-04T07:00,0.76,169,10.2,31.0,0.28
2023-05-04T08:00,0.76,169,10.25,31.1,0.36
2023-05-04T09:00,0.76,169,10.3,31.2,0.5
2023-05-04T10:00,0.74,169,10.35,31.2,0.68
2023-05-04T11:00,0.74,169,10.4,31.3,0.84
2023-05-04T12:00,0.74,169,10.5,31.3,0.96
2023-05-04T13:00,0.76,168,10.6,31.4,1.0
2023-05-04T14:00,0.76,168,10.7,31.4,0.94
2023-05-04T15:00,0.76,168,10.75,31.5,0.81
2023-05-04T16:00,0.78,168,10.75,31.5,0.65
2023-05-04T17:00,0.78,168,10.7,31.5,0.49
2023-05-04T18:00,0.78,169,10.45,31.5,0.37
2023-05-04T19:00,0.8,169,10.1,31.5,0.31
2023-05-04T20:00,0.8,170,9.85,31.4,0.32
2023-05-04T21:00,0.82,171,9.7,31.4,0.41
2023-05-04T22:00,0.84,172,9.55,31.3,0.53
2023-05-04T23:00,0.86,173,9.55,31.3,0.66
2023-05-05T00:00,0.9,173,9.65,31.2,0.75
2023-05-05T01:00,0.92,172,9.8,31.2,0.78
2023-05-05T02:00,0.96,172,10.05,31.2,0.71
2023-05-05T03:00,1.0,171,10.4,31.2,0.6
2023-05-05T04:00,1.02,171,10.8,31.1,0.46
2023-05-05T05:00,1.06,170,11.15,31.1,0.31
2023-05-05T06:00,1.08,170,11.3,31.1,0.22
2023-05-05T07:00,1.12,170,11.4,31.1,0.19
2023-05-05T08:00,1.14,170,11.45,31.1,0.25
2023-05-05T09:00,1.14,170,11.5,31.1,0.4
2023-05-05T10:00,1.12,170,11.5,31.1,0.59
2023-05-05T11:00,1.12,170,11.45,31.1,0.77
2023-05-05T12:00,1.1,170,11.3,31.1,0.92
2023-05-05T13:00,1.06,169,11.05,31.1,0.99
2023-05-05T14:00,1.04,169,10.85,31.1,0.97
2023-05-05T15:00,1.02,170,10.7,31.1,0.85
2023-05-05T16:00,1.0,170,10.55,31.1,0.68
2023-05-05T17:00,0.98,171,10.4,31.1,0.5
2023-05-05T18:00,0.98,171,10.3,31.1,0.34
2023-05-05T19:00,0.98,172,10.2,31.0,0.23
2023-05-05T20:00,0.98,172,10.1,31.0,0.21
2023-05-05T21:00,0.98,173,9.95,31.0,0.28
2023-05-05T22:00,0.96,173,9.8,30.9,0.4
2023-05-05T23:00,0.96,174,9.7,30.9,0.55
2023-05-06T00:00,0.94,174,9.6,30.9,0.66
2023-05-06T01:00,0.9,175,9.55,30.9,0.71
2023-05-06T02:00,0.88,175,9.55,30.8,0.69
2023-05-06T03:00,0.86,175,9.55,30.8,0.61
2023-05-06T04:00,0.86,176,9.6,30.8,0.46
2023-05-06T05:00,0.84,176,9.65,30.8,0.3
2023-05-06T06:00,0.82,176,9.7,30.9,0.17
2023-05-06T07:00,0.82,176,9.7,30.9,0.11
2023-05-06T08:00,0.8,176,9.75,31.0,0.14
2023-05-06T09:00,0.8,176,9.75,31.0,0.27
2023-05-06T10:00,0.78,176,9.8,31.1,0.46
2023-05-06T11:00,0.78,176,9.8,31.1,0.67
2023-05-06T12:00,0.78,176,9.85,31.1,0.85
2023-05-06T13:00,0.76,176,9.85,31.2,0.95
2023-05-06T14:00,0.76,176,9.85,31.2,0.98
2023-05-06T15:00,0.76,176,9.8,31.2,0.92
2023-05-06T16:00,0.78,177,9.65,31.2,0.77
2023-05-06T17:00,0.78,177,9.5,31.2,0.58
2023-05-06T18:00,0.8,178,9.25,31.2,0.39
2023-05-06T19:00,0.8,179,8.95,31.2,0.26
2023-05-06T20:00,0.82,180,8.7,31.1,0.21
2023-05-06T21:00,0.82,180,8.55,31.1,0.24
2023-05-06T22:00,0.84,180,8.45,31.1,0.34
2023-05-06T23:00,0.84,180,8.35,31.1,0.49
2023-05-07T00:00,0.82,180,8.3,31.1,0.63
2023-05-07T01:00,0.82,181,8.25,31.0,0.7
2023-05-07T02:00,0.8,181,8.3,31.0,0.71
2023-05-07T03:00,0.78,180,8.4,31.0,0.65
2023-05-07T04:00,0.78,180,8.6,30.9,0.53
2023-05-07T05:00,0.76,179,8.8,30.9,0.38
2023-05-07T06:00,0.76,179,9.05,30.9,0.24
2023-05-07T07:00,0.78,178,9.3,30.9,0.15
2023-05-07T08:00,0.78,178,9.5,30.9,0.14
2023-05-07T09:00,0.78,178,9.55,30.9,0.24
2023-05-07T10:00,0.78,177,9.55,31.0,0.4
2023-05-07T11:00,0.78,177,9.55,31.0,0.6
2023-05-07T12:00,0.78,176,9.65,31.0,0.81
2023-05-07T13:00,0.78,176,9.85,31.0,0.95
2023-05-07T14:00,0.78,175,10.0,31.1,1.01
2023-05-07T15:00,0.78,175,10.2,31.1,0.97
2023-05-07T16:00,0.8,175,10.4,31.1,0.86
2023-05-07T17:00,0.8,175,10.5,31.1,0.69
2023-05-07T18:00,0.8,175,10.5,31.1,0.49
2023-05-07T19:00,0.8,175,10.4,31.1,0.33
2023-05-07T20:00,0.8,175,10.35,31.1,0.24
2023-05-07T21:00,0.82,175,10.45,31.1,0.23
2023-05-07T22:00,0.86,176,10.65,31.0,0.3
2023-05-07T23:00,0.88,176,10.75,31.0,0.42
2023-05-08T00:00,0.86,176,10.7,31.0,0.56
2023-05-08T01:00,0.84,176,10.6,31.0,0.67
2023-05-08T02:00,0.82,176,10.5,30.9,0.7
2023-05-08T03:00,0.8,176,10.5,30.9,0.67
2023-05-08T04:00,0.8,175,10.55,30.9,0.58
2023-05-08T05:00,0.78,175,10.6,30.9,0.45
2023-05-08T06:00,0.78,175,10.65,30.9,0.3
2023-05-08T07:00,0.76,174,10.7,30.9,0.18
2023-05-08T08:00,0.76,174,10.7,31.0,0.14
2023-05-08T09:00,0.74,174,10.7,31.0,0.18
2023-05-08T10:00,0.74,174,10.65,31.0,0.31
2023-05-08T11:00,0.72,174,10.65,31.1,0.5
2023-05-08T12:00,0.7,174,10.65,31.1,0.7
2023-05-08T13:00,0.7,174,10.65,31.2,0.87
2023-05-08T14:00,0.68,174,10.65,31.2,0.96
2023-05-08T15:00,0.68,174,10.65,31.2,0.96
2023-05-08T16:00,0.66,174,10.65,31.3,0.9
2023-05-08T17:00,0.66,174,10.6,31.3,0.75
2023-05-08T18:00,0.66,175,10.45,31.3,0.57
2023-05-08T19:00,0.68,177,10.2,31.3,0.4
2023-05-08T20:00,0.68,178,9.95,31.2,0.28
2023-05-08T21:00,0.7,179,9.65,31.2,0.23
2023-05-08T22:00,0.7,181,9.4,31.2,0.26
2023-05-08T23:00,0.72,182,9.2,31.2,0.34
2023-05-09T00:00,0.72,182,9.15,31.1,0.47
2023-05-09T01:00,0.72,181,9.25,31.1,0.58
2023-05-09T02:00,0.72,181,9.35,31.1,0.63
2023-05-09T03:00,0.72,180,9.5,31.0,0.63
2023-05-09T04:00,0.7,180,9.65,31.0,0.57
2023-05-09T05:00,0.7,179,9.8,31.0,0.46
2023-05-09T06:00,0.68,178,9.9,31.1,0.33
2023-05-09T07:00,0.68,177,10.0,31.1,0.21
2023-05-09T08:00,0.66,176,10.05,31.2,0.15
2023-05-09T09:00,0.66,177,10.05,31.3,0.16
2023-05-09T10:00,0.66,177,10.0,31.4,0.24
2023-05-09T11:00,0.66,178,9.95,31.4,0.4
2023-05-09T12:00,0.66,178,9.95,31.5,0.58
2023-05-09T13:00,0.66,178,9.9,31.5,0.75
2023-05-09T14:00,0.66,178,9.9,31.5,0.87
2023-05-09T15:00,0.66,178,9.85,31.6,0.91
2023-05-09T16:00,0.66,177,9.8,31.6,0.87
2023-05-09T17:00,0.66,177,9.8,31.6,0.78
2023-05-09T18:00,0.66,177,9.8,31.6,0.64
2023-05-09T19:00,0.66,176,9.85,31.5,0.48
2023-05-09T20:00,0.66,176,9.9,31.5,0.35
2023-05-09T21:00,0.66,176,9.9,31.4,0.28
2023-05-09T22:00,0.66,176,9.95,31.4,0.27
2023-05-09T23:00,0.66,176,9.95,31.3,0.31
2023-05-10T00:00,0.66,176,9.95,31.3,0.41
2023-05-10T01:00,0.68,175,10.0,31.3,0.51
2023-05-10T02:00,0.68,175,10.0,31.2,0.59
2023-05-10T03:00,0.68,175,10.05,31.2,0.61
2023-05-10T04:00,0.7,174,10.05,31.2,0.58
2023-05-10T05:00,0.7,174,10.15,31.2,0.5
2023-05-10T06:00,0.7,174,10.3,31.2,0.4
2023-05-10T07:00,0.72,173,10.5,31.2,0.3
2023-05-10T08:00,0.72,173,10.65,31.3,0.22
2023-05-10T09:00,0.74,173,10.75,31.4,0.2
2023-05-10T10:00,0.74,173,10.8,31.4,0.24
2023-05-10T11:00,0.76,173,10.8,31.5,0.34
2023-05-10T12:00,0.76,173,10.8,31.5,0.49
2023-05-10T13:00,0.76,173,10.7,31.5,0.65
2023-05-10T14:00,0.76,173,10.6,31.6,0.78
2023-05-10T15:00,0.76,173,10.45,31.6,0.85
2023-05-10T16:00,0.78,174,10.2,31.6,0.85
2023-05-10T17:00,0.78,174,9.85,31.6,0.8
2023-05-10T18:00,0.8,176,9.25,31.6,0.71
2023-05-10T19:00,0.8,177,8.55,31.6,0.58
2023-05-10T20:00,0.82,179,7.95,31.6,0.46
2023-05-10T21:00,0.9,180,7.65,31.5,0.37
2023-05-10T22:00,0.96,182,7.45,31.5,0.34
2023-05-10T23:00,1.04,183,7.35,31.5,0.35
2023-05-11T00:00,1.06,183,7.25,31.4,0.39
2023-05-11T01:00,1.06,183,7.2,31.4,0.46
2023-05-11T02:00,1.08,183,7.2,31.4,0.53
2023-05-11T03:00,1.06,182,7.3,31.3,0.58
2023-05-11T04:00,1.06,181,7.45,31.3,0.57
2023-05-11T05:00,1.04,180,7.6,31.3,0.53
2023-05-11T06:00,1.04,179,7.65,31.3,0.46
2023-05-11T07:00,1.02,179,7.7,31.4,0.39
2023-05-11T08:00,1.02,178,7.65,31.4,0.31
2023-05-11T09:00,1.06,179,7.55,31.5,0.27
2023-05-11T10:00,1.08,179,7.4,31.5,0.29
2023-05-11T11:00,1.12,180,7.25,31.6,0.35
2023-05-11T12:00,1.14,181,7.05,31.6,0.44
2023-05-11T13:00,1.16,181,6.85,31.7,0.55
2023-05-11T14:00,1.18,182,6.7,31.7,0.65
2023-05-11T15:00,1.22,183,6.65,31.7,0.72
2023-05-11T16:00,1.26,183,6.65,31.8,0.76
2023-05-11T17:00,1.3,184,6.65,31.8,0.75
2023-05-11T18:00,1.32,184,6.65,31.8,0.69
2023-05-11T19:00,1.32,185,6.7,31.7,0.59
2023-05-11T20:00,1.34,185,6.7,31.7,0.5
2023-05-11T21:00,1.34,185,6.7,31.7,0.42
2023-05-11T22:00,1.32,186,6.65,31.6,0.36
2023-05-11T23:00,1.32,186,6.65,31.6,0.34
2023-05-12T00:00,1.3,185,6.7,31.5,0.36
2023-05-12T01:00,1.28,185,6.8,31.5,0.39
2023-05-12T02:00,1.26,184,6.9,31.5,0.44
2023-05-12T03:00,1.24,182,7.05,31.4,0.48
2023-05-12T04:00,1.24,181,7.2,31.4,0.5
2023-05-12T05:00,1.22,179,7.3,31.4,0.48
2023-05-12T06:00,1.24,179,7.35,31.4,0.46
2023-05-12T07:00,1.26,178,7.3,31.4,0.43
2023-05-12T08:00,1.28,178,7.25,31.5,0.38
2023-05-12T09:00,1.34,179,7.15,31.5,0.35
2023-05-12T10:00,1.42,179,7.05,31.5,0.34
2023-05-12T11:00,1.48,180,6.95,31.6,0.37
2023-05-12T12:00,1.5,181,6.8,31.6,0.43
2023-05-12T13:00,1.54,181,6.7,31.6,0.49
2023-05-12T14:00,1.56,182,6.55,31.7,0.56
2023-05-12T15:00,1.58,183,6.45,31.7,0.62
2023-05-12T16:00,1.6,183,6.35,31.7,0.67
2023-05-12T17:00,1.62,184,6.3,31.7,0.68
2023-05-12T18:00,1.56,184,6.2,31.7,0.68
2023-05-12T19:00,1.52,185,6.15,31.7,0.63
2023-05-12T20:00,1.46,185,6.1,31.6,0.56
2023-05-12T21:00,1.46,185,6.1,31.5,0.5
2023-05-12T22:00,1.46,185,6.2,31.5,0.45
2023-05-12T23:00,1.46,185,6.25,31.4,0.41
2023-05-13T00:00,1.46,185,6.3,31.4,0.39
2023-05-13T01:00,1.46,185,6.35,31.3,0.39
2023-05-13T02:00,1.46,185,6.4,31.3,0.4
2023-05-13T03:00,1.46,185,6.45,31.2,0.42
2023-05-13T04:00,1.46,185,6.5,31.2,0.44
2023-05-13T05:00,1.46,185,6.5,31.2,0.45
2023-05-13T06:00,1.46,185,6.5,31.2,0.46
2023-05-13T07:00,1.46,186,6.45,31.2,0.45
2023-05-13T08:00,1.46,186,6.4,31.2,0.45
2023-05-13T09:00,1.48,186,6.4,31.2,0.45
2023-05-13T10:00,1.5,186,6.4,31.2,0.45
2023-05-13T11:00,1.52,186,6.4,31.2,0.46
2023-05-13T12:00,1.56,186,6.4,31.2,0.47
2023-05-13T13:00,1.6,186,6.35,31.3,0.49
2023-05-13T14:00,1.64,186,6.35,31.3,0.51
2023-05-13T15:00,1.68,186,6.35,31.4,0.55
2023-05-13T16:00,1.74,186,6.3,31.4,0.57
2023-05-13T17:00,1.78,186,6.3,31.4,0.6
2023-05-13T18:00,1.74,186,6.35,31.4,0.61
2023-05-13T19:00,1.72,186,6.4,31.3,0.58
2023-05-13T20:00,1.68,186,6.45,31.3,0.56
2023-05-13T21:00,1.62,186,6.5,31.2,0.56
2023-05-13T22:00,1.54,185,6.55,31.2,0.52
2023-05-13T23:00,1.48,185,6.6,31.1,0.48
2023-05-14T00:00,1.44,185,6.7,31.1,0.44
2023-05-14T01:00,1.42,184,6.8,31.1,0.4
2023-05-14T02:00,1.38,184,6.9,31.0,0.37
2023-05-14T03:00,1.34,184,7.05,31.0,0.35
2023-05-14T04:00,1.32,183,7.15,31.0,0.38
2023-05-14T05:00,1.28,183,7.25,31.0,0.42
2023-05-14T06:00,1.28,183,7.25,31.0,0.44
2023-05-14T07:00,1.28,184,7.2,31.0,0.47
2023-05-14T08:00,1.28,184,7.1,31.1,0.52
2023-05-14T09:00,1.34,186,6.9,31.1,0.57
2023-05-14T10:00,1.4,187,6.65,31.1,0.59
2023-05-14T11:00,1.46,189,6.45,31.2,0.58
2023-05-14T12:00,1.52,189,6.35,31.2,0.57
2023-05-14T13:00,1.6,189,6.35,31.3,0.57
2023-05-14T14:00,1.66,189,6.3,31.3,0.55
2023-05-14T15:00,1.66,189,6.2,31.4,0.54
2023-05-14T16:00,1.64,189,6.1,31.4,0.52
2023-05-14T17:00,1.64,189,6.05,31.4,0.52
2023-05-14T18:00,1.68,189,6.15,31.4,0.54
2023-05-14T19:00,1.7,189,6.35,31.4,0.55
2023-05-14T20:00,1.74,189,6.55,31.3,0.57
2023-05-14T21:00,1.72,189,6.7,31.3,0.59
2023-05-14T22:00,1.7,188,6.8,31.2,0.58
2023-05-14T23:00,1.68,188,6.95,31.2,0.54
2023-05-15T00:00,1.64,187,7.1,31.1,0.48
2023-05-15T01:00,1.58,187,7.25,31.1,0.41
2023-05-15T02:00,1.54,186,7.4,31.0,0.37
2023-05-15T03:00,1.5,185,7.6,31.0,0.31
2023-05-15T04:00,1.44,183,7.8,31.0,0.28
2023-05-15T05:00,1.4,182,7.95,31.0,0.29
2023-05-15T06:00,1.36,181,8.1,31.0,0.34
2023-05-15T07:00,1.32,180,8.2,31.0,0.4
2023-05-15T08:00,1.28,179,8.25,31.1,0.47
2023-05-15T09:00,1.26,179,8.25,31.1,0.56
2023-05-15T10:00,1.26,179,8.2,31.2,0.63
2023-05-15T11:00,1.24,179,8.15,31.2,0.65
2023-05-15T12:00,1.24,179,8.05,31.3,0.64
2023-05-15T13:00,1.26,178,7.9,31.3,0.59
2023-05-15T14:00,1.26,178,7.8,31.4,0.54
2023-05-15T15:00,1.3,178,7.7,31.5,0.48
2023-05-15T16:00,1.32,178,7.65,31.5,0.42
2023-05-15T17:00,1.36,178,7.65,31.5,0.4
2023-05-15T18:00,1.36,178,7.7,31.5,0.4
2023-05-15T19:00,1.36,178,7.85,31.5,0.44
2023-05-15T20:00,1.36,178,7.95,31.5,0.49
2023-05-15T21:00,1.34,178,8.05,31.4,0.53
2023-05-15T22:00,1.34,179,8.1,31.4,0.56
2023-05-15T23:00,1.32,179,8.2,31.3,0.57
2023-05-16T00:00,1.3,179,8.3,31.3,0.51
2023-05-16T01:00,1.26,179,8.4,31.3,0.43
2023-05-16T02:00,1.24,179,8.5,31.2,0.35
2023-05-16T03:00,1.2,178,8.65,31.2,0.27
2023-05-16T04:00,1.16,178,8.8,31.2,0.2
2023-05-16T05:00,1.12,177,8.95,31.2,0.18
2023-05-16T06:00,1.1,177,9.1,31.2,0.21
2023-05-16T07:00,1.06,176,9.2,31.2,0.29
2023-05-16T08:00,1.04,176,9.3,31.3,0.4
2023-05-16T09:00,1.02,175,9.4,31.3,0.53
2023-05-16T10:00,1.02,175,9.55,31.4,0.65
2023-05-16T11:00,1.0,174,9.6,31.4,0.71
2023-05-16T12:00,0.98,173,9.65,31.5,0.71
2023-05-16T13:00,0.98,173,9.6,31.5,0.65
2023-05-16T14:00,0.96,172,9.55,31.6,0.56
2023-05-16T15:00,0.98,172,9.4,31.6,0.46
2023-05-16T16:00,0.98,172,9.15,31.6,0.38
2023-05-16T17:00,1.0,172,8.95,31.6,0.3
2023-05-16T18:00,1.02,173,8.75,31.6,0.28
2023-05-16T19:00,1.02,174,8.6,31.6,0.31
2023-05-16T20:00,1.04,175,8.45,31.6,0.37
2023-05-16T21:00,1.04,175,8.4,31.5,0.46
2023-05-16T22:00,1.06,176,8.35,31.5,0.53
2023-05-16T23:00,1.06,176,8.35,31.5,0.57
2023-05-17T00:00,1.06,176,8.35,31.5,0.56
2023-05-17T01:00,1.06,177,8.4,31.4,0.49
2023-05-17T02:00,1.06,177,8.45,31.4,0.38
2023-05-17T03:00,1.04,176,8.55,31.4,0.28
2023-05-17T04:00,1.0,176,8.65,31.4,0.18
2023-05-17T05:00,0.98,175,8.75,31.4,0.13
2023-05-17T06:00,0.94,174,8.85,31.4,0.12
2023-05-17T07:00,0.92,174,8.9,31.4,0.19
2023-05-17T08:00,0.88,173,8.95,31.5,0.31
2023-05-17T09:00,0.86,172,9.0,31.5,0.47
2023-05-17T10:00,0.84,172,9.05,31.5,0.63
2023-05-17T11:00,0.82,171,9.05,31.6,0.74
2023-05-17T12:00,0.82,170,9.0,31.6,0.79
2023-05-17T13:00,0.82,170,8.9,31.7,0.75
2023-05-17T14:00,0.82,169,8.75,31.7,0.65
2023-05-17T15:00,0.86,170,8.45,31.8,0.53
2023-05-17T16:00,0.88,170,8.05,31.8,0.4
2023-05-17T17:00,0.92,171,7.7,31.8,0.29
2023-05-17T18:00,0.94,173,7.4,31.8,0.22
2023-05-17T19:00,0.98,176,7.2,31.8,0.21
2023-05-17T20:00,1.0,178,7.05,31.7,0.27
2023-05-17T21:00,1.02,178,7.05,31.7,0.37
2023-05-17T22:00,1.04,179,7.2,31.7,0.47
2023-05-17T23:00,1.06,179,7.25,31.6,0.55
2023-05-18T00:00,1.04,179,7.2,31.6,0.59
2023-05-18T01:00,1.0,179,7.15,31.6,0.54
2023-05-18T02:00,0.98,179,7.1,31.6,0.44
2023-05-18T03:00,0.98,178,7.15,31.5,0.32
2023-05-18T04:00,0.96,178,7.2,31.5,0.21
2023-05-18T05:00,0.96,177,7.25,31.5,0.13
2023-05-18T06:00,0.94,176,7.25,31.5,0.08
2023-05-18T07:00,0.94,175,7.25,31.6,0.12
2023-05-18T08:00,0.92,174,7.25,31.6,0.22
2023-05-18T09:00,0.92,174,7.2,31.6,0.4
2023-05-18T10:00,0.9,174,7.2,31.6,0.59
2023-05-18T11:00,0.9,174,7.1,31.7,0.75
2023-05-18T12:00,0.92,175,6.95,31.7,0.84
2023-05-18T13:00,0.94,175,6.8,31.8,0.84
2023-05-18T14:00,0.96,176,6.65,31.8,0.75
2023-05-18T15:00,1.0,177,6.5,31.8,0.62
2023-05-18T16:00,1.04,178,6.3,31.9,0.48
2023-05-18T17:00,1.08,179,6.2,31.9,0.32
2023-05-18T18:00,1.1,179,6.15,31.9,0.21
2023-05-18T19:00,1.12,180,6.2,31.8,0.16
2023-05-18T20:00,1.14,180,6.2,31.8,0.19
2023-05-18T21:00,1.14,180,6.2,31.7,0.28
2023-05-18T22:00,1.14,181,6.25,31.7,0.4
2023-05-18T23:00,1.14,181,6.3,31.6,0.51
2023-05-19T00:00,1.12,181,6.35,31.6,0.58
2023-05-19T01:00,1.12,180,6.45,31.5,0.58
2023-05-19T02:00,1.1,180,6.55,31.5,0.51
2023-05-19T03:00,1.08,180,6.65,31.4,0.38
2023-05-19T04:00,1.08,179,6.75,31.4,0.25
2023-05-19T05:00,1.06,179,6.8,31.4,0.14
2023-05-19T06:00,1.06,179,6.85,31.4,0.07
2023-05-19T07:00,1.04,179,6.85,31.4,0.06
2023-05-19T08:00,1.04,179,6.85,31.4,0.14
2023-05-19T09:00,1.02,178,6.8,31.4,0.31
2023-05-19T10:00,1.02,178,6.75,31.4,0.51
2023-05-19T11:00,1.0,177,6.65,31.4,0.69
2023-05-19T12:00,1.02,177,6.6,31.4,0.83
2023-05-19T13:00,1.04,178,6.5,31.5,0.88
2023-05-19T14:00,1.06,178,6.45,31.5,0.83
2023-05-19T15:00,1.08,179,6.35,31.6,0.71
2023-05-19T16:00,1.08,179,6.2,31.6,0.55
2023-05-19T17:00,1.1,180,6.15,31.6,0.39
2023-05-19T18:00,1.1,181,6.15,31.6,0.25
2023-05-19T19:00,1.12,181,6.2,31.5,0.17
2023-05-19T20:00,1.12,182,6.25,31.5,0.16
2023-05-19T21:00,1.1,182,6.4,31.4,0.22
2023-05-19T22:00,1.08,181,6.55,31.4,0.34
2023-05-19T23:00,1.06,181,6.7,31.3,0.47
2023-05-20T00:00,1.04,181,6.8,31.3,0.57
2023-05-20T01:00,1.04,180,6.9,31.3,0.61
2023-05-20T02:00,1.02,180,7.0,31.2,0.59
2023-05-20T03:00,1.02,180,7.1,31.2,0.48
2023-05-20T04:00,1.0,179,7.15,31.2,0.34
2023-05-20T05:00,1.0,179,7.2,31.2,0.21
2023-05-20T06:00,1.02,179,7.2,31.2,0.11
2023-05-20T07:00,1.02,178,7.2,31.2,0.07
2023-05-20T08:00,1.04,178,7.2,31.3,0.11
2023-05-20T09:00,1.04,177,7.2,31.3,0.24
2023-05-20T10:00,1.06,177,7.2,31.3,0.43
2023-05-20T11:00,1.06,176,7.15,31.4,0.64
2023-05-20T12:00,1.08,176,7.05,31.4,0.8
2023-05-20T13:00,1.1,176,6.95,31.5,0.89
2023-05-20T14:00,1.12,176,6.8,31.5,0.9
2023-05-20T15:00,1.14,177,6.65,31.6,0.81
2023-05-20T16:00,1.18,177,6.5,31.6,0.65
2023-05-20T17:00,1.2,178,6.4,31.6,0.47
2023-05-20T18:00,1.2,178,6.4,31.6,0.32
2023-05-20T19:00,1.2,179,6.5,31.6,0.21
2023-05-20T20:00,1.2,179,6.55,31.6,0.15
2023-05-20T21:00,1.18,180,6.6,31.5,0.18
2023-05-20T22:00,1.18,180,6.65,31.5,0.28
2023-05-20T23:00,1.16,181,6.75,31.4,0.41
2023-05-21T00:00,1.14,181,6.9,31.4,0.53
2023-05-21T01:00,1.1,180,7.1,31.4,0.6
2023-05-21T02:00,1.08,180,7.3,31.3,0.6
2023-05-21T03:00,1.04,179,7.55,31.3,0.54
2023-05-21T04:00,1.02,179,7.8,31.3,0.42
2023-05-21T05:00,0.98,178,8.05,31.3,0.27
2023-05-21T06:00,0.96,177,8.3,31.3,0.16
2023-05-21T07:00,0.96,177,8.5,31.3,0.09
2023-05-21T08:00,0.94,176,8.65,31.4,0.09
2023-05-21T09:00,0.94,176,8.7,31.4,0.17
2023-05-21T10:00,0.96,175,8.7,31.5,0.33
2023-05-21T11:00,0.96,175,8.6,31.5,0.53
2023-05-21T12:00,1.0,175,8.3,31.6,0.72
2023-05-21T13:00,1.06,175,7.9,31.6,0.84
2023-05-21T14:00,1.1,175,7.5,31.6,0.87
2023-05-21T15:00,1.22,177,7.15,31.7,0.84
2023-05-21T16:00,1.32,179,6.75,31.7,0.72
2023-05-21T17:00,1.44,181,6.55,31.7,0.56
2023-05-21T18:00,1.44,181,6.55,31.6,0.39
2023-05-21T19:00,1.46,182,6.65,31.6,0.24
2023-05-21T20:00,1.46,182,6.8,31.5,0.16
2023-05-21T21:00,1.4,182,6.9,31.5,0.17
2023-05-21T22:00,1.32,182,6.95,31.4,0.22
2023-05-21T23:00,1.26,182,7.1,31.4,0.33
2023-05-22T00:00,1.22,181,7.3,31.3,0.46
2023-05-22T01:00,1.2,181,7.55,31.3,0.55
2023-05-22T02:00,1.16,180,7.75,31.3,0.58
2023-05-22T03:00,1.16,179,7.9,31.3,0.55
2023-05-22T04:00,1.14,178,8.0,31.2,0.46
2023-05-22T05:00,1.14,177,8.05,31.2,0.33
2023-05-22T06:00,1.14,177,8.0,31.2,0.2
2023-05-22T07:00,1.14,176,7.85,31.2,0.1
2023-05-22T08:00,1.14,176,7.75,31.3,0.07
2023-05-22T09:00,1.14,176,7.7,31.3,0.13
2023-05-22T10:00,1.14,175,7.7,31.3,0.25
2023-05-22T11:00,1.14,175,7.65,31.3,0.41
2023-05-22T12:00,1.14,175,7.6,31.4,0.59
2023-05-22T13:00,1.16,176,7.6,31.4,0.75
2023-05-22T14:00,1.16,176,7.5,31.5,0.83
2023-05-22T15:00,1.18,177,7.3,31.5,0.83
2023-05-22T16:00,1.22,178,7.1,31.5,0.75
2023-05-22T17:00,1.24,179,6.95,31.5,0.6
2023-05-22T18:00,1.22,179,6.9,31.5,0.42
2023-05-22T19:00,1.2,179,6.95,31.5,0.27
2023-05-22T20:00,1.18,179,7.05,31.4,0.18
2023-05-22T21:00,1.14,178,7.15,31.3,0.14
2023-05-22T22:00,1.1,177,7.3,31.3,0.17
2023-05-22T23:00,1.06,176,7.45,31.2,0.26
2023-05-23T00:00,1.04,175,7.6,31.2,0.38
2023-05-23T01:00,1.0,175,7.75,31.1,0.48
2023-05-23T02:00,0.98,174,7.9,31.1,0.54
2023-05-23T03:00,0.96,173,8.05,31.0,0.55
2023-05-23T04:00,0.94,173,8.15,31.0,0.49
2023-05-23T05:00,0.92,172,8.2,31.0,0.39
2023-05-23T06:00,0.9,172,8.2,31.0,0.28
2023-05-23T07:00,0.9,173,8.15,31.0,0.17
2023-05-23T08:00,0.88,173,8.1,31.0,0.12
2023-05-23T09:00,0.86,172,8.0,31.1,0.15
2023-05-23T10:00,0.86,172,7.85,31.1,0.25
2023-05-23T11:00,0.84,171,7.7,31.1,0.39
2023-05-23T12:00,0.84,171,7.6,31.2,0.55
2023-05-23T13:00,0.84,172,7.45,31.2,0.71
2023-05-23T14:00,0.84,172,7.35,31.3,0.81
2023-05-23T15:00,0.86,173,7.25,31.3,0.85
2023-05-23T16:00,0.9,174,7.1,31.4,0.82
2023-05-23T17:00,0.92,175,7.05,31.4,0.72
2023-05-23T18:00,0.96,176,7.1,31.4,0.57
2023-05-23T19:00,1.02,176,7.15,31.3,0.42
2023-05-23T20:00,1.06,177,7.2,31.3,0.32
2023-05-23T21:00,1.06,178,7.2,31.2,0.26
2023-05-23T22:00,1.06,178,7.15,31.2,0.25
2023-05-23T23:00,1.06,179,7.1,31.1,0.32
2023-05-24T00:00,1.04,179,7.05,31.1,0.42
2023-05-24T01:00,1.04,180,7.05,31.0,0.52
2023-05-24T02:00,1.02,180,7.05,31.0,0.59
2023-05-24T03:00,1.0,180,7.1,30.9,0.61
2023-05-24T04:00,1.0,179,7.1,30.9,0.59
2023-05-24T05:00,0.98,179,7.15,30.9,0.52
2023-05-24T06:00,0.98,179,7.15,30.9,0.42
2023-05-24T07:00,0.98,179,7.15,30.9,0.31
2023-05-24T08:00,0.98,179,7.15,30.9,0.24
2023-05-24T09:00,0.98,178,7.15,30.9,0.23
2023-05-24T10:00,0.98,178,7.1,31.0,0.29
2023-05-24T11:00,0.98,177,7.1,31.0,0.41
2023-05-24T12:00,1.04,177,7.1,31.0,0.55
2023-05-24T13:00,1.08,178,7.05,31.0,0.68
2023-05-24T14:00,1.14,178,7.0,31.1,0.79
2023-05-24T15:00,1.16,179,6.8,31.1,0.85
2023-05-24T16:00,1.2,181,6.6,31.1,0.85
2023-05-24T17:00,1.22,182,6.4,31.1,0.78
2023-05-24T18:00,1.22,183,6.35,31.1,0.68
2023-05-24T19:00,1.2,183,6.3,31.1,0.54
2023-05-24T20:00,1.2,184,6.35,31.0,0.42
2023-05-24T21:00,1.18,185,6.4,30.9,0.35
2023-05-24T22:00,1.18,185,6.5,30.9,0.32
2023-05-24T23:00,1.16,186,6.6,30.8,0.35
2023-05-25T00:00,1.14,186,6.7,30.8,0.42
2023-05-25T01:00,1.1,187,6.8,30.7,0.5
2023-05-25T02:00,1.08,187,6.9,30.7,0.56
2023-05-25T03:00,1.06,186,7.05,30.7,0.6
2023-05-25T04:00,1.04,186,7.25,30.6,0.59
2023-05-25T05:00,1.02,185,7.4,30.6,0.56
2023-05-25T06:00,1.0,185,7.5,30.6,0.49
2023-05-25T07:00,1.0,184,7.55,30.7,0.4
2023-05-25T08:00,0.98,184,7.55,30.7,0.33
2023-05-25T09:00,1.0,184,7.45,30.8,0.31
2023-05-25T10:00,1.02,183,7.3,30.8,0.34
2023-05-25T11:00,1.04,183,7.15,30.9,0.42
2023-05-25T12:00,1.06,183,7.0,30.9,0.53
2023-05-25T13:00,1.08,183,6.85,31.0,0.65
2023-05-25T14:00,1.1,183,6.7,31.0,0.75
2023-05-25T15:00,1.12,184,6.6,31.0,0.81
2023-05-25T16:00,1.14,184,6.5,31.1,0.81
2023-05-25T17:00,1.16,185,6.45,31.1,0.77
2023-05-25T18:00,1.16,185,6.45,31.1,0.72
2023-05-25T19:00,1.16,185,6.5,31.1,0.59
2023-05-25T20:00,1.16,185,6.6,31.0,0.45
2023-05-25T21:00,1.12,185,6.7,31.0,0.38
2023-05-25T22:00,1.08,186,6.85,31.0,0.33
2023-05-25T23:00,1.04,186,7.0,30.9,0.32
2023-05-26T00:00,1.0,186,7.15,30.9,0.35
2023-05-26T01:00,0.96,186,7.35,30.8,0.41
2023-05-26T02:00,0.92,186,7.6,30.8,0.47
2023-05-26T03:00,0.9,185,7.9,30.8,0.51
2023-05-26T04:00,0.9,185,8.25,30.7,0.52
2023-05-26T05:00,0.88,184,8.5,30.7,0.51
2023-05-26T06:00,0.86,184,8.65,30.7,0.48
2023-05-26T07:00,0.84,183,8.65,30.8,0.42
2023-05-26T08:00,0.82,183,8.55,30.8,0.36
2023-05-26T09:00,0.82,183,8.2,30.8,0.32
2023-05-26T10:00,0.8,184,7.65,30.9,0.33
2023-05-26T11:00,0.8,184,7.25,30.9,0.38
2023-05-26T12:00,0.82,185,7.0,31.0,0.45
2023-05-26T13:00,0.82,185,6.8,31.0,0.54
2023-05-26T14:00,0.84,186,6.75,31.1,0.61
2023-05-26T15:00,0.82,186,6.85,31.1,0.68
2023-05-26T16:00,0.82,186,7.05,31.2,0.71
2023-05-26T17:00,0.8,186,7.2,31.2,0.7
2023-05-26T18:00,0.78,186,7.3,31.2,0.66
2023-05-26T19:00,0.74,185,7.4,31.1,0.59
2023-05-26T20:00,0.72,185,7.45,31.1,0.51
2023-05-26T21:00,0.7,185,7.45,31.1,0.43
2023-05-26T22:00,0.7,185,7.4,31.0,0.38
2023-05-26T23:00,0.68,185,7.35,31.0,0.36
2023-05-27T00:00,0.64,185,7.25,30.9,0.38
2023-05-27T01:00,0.62,186,7.2,30.9,0.41
2023-05-27T02:00,0.58,186,7.2,30.8,0.46
2023-05-27T03:00,0.58,185,7.4,30.8,0.5
2023-05-27T04:00,0.58,185,7.7,30.8,0.51
2023-05-27T05:00,0.58,184,7.9,30.8,0.52
2023-05-27T06:00,0.58,184,8.0,30.8,0.51
2023-05-27T07:00,0.58,183,8.0,30.8,0.49
2023-05-27T08:00,0.58,183,8.0,30.9,0.46
2023-05-27T09:00,0.58,182,8.0,30.9,0.43
2023-05-27T10:00,0.56,182,7.95,31.0,0.42
2023-05-27T11:00,0.56,181,7.9,31.0,0.44
2023-05-27T12:00,0.56,181,7.9,31.1,0.48
2023-05-27T13:00,0.54,180,7.9,31.1,0.53
2023-05-27T14:00,0.54,180,7.95,31.2,0.59
2023-05-27T15:00,0.54,180,8.0,31.2,0.65
2023-05-27T16:00,0.52,180,8.05,31.2,0.69
2023-05-27T17:00,0.52,180,8.05,31.2,0.7
2023-05-27T18:00,0.52,180,8.05,31.2,0.69
2023-05-27T19:00,0.52,180,8.0,31.2,0.65
2023-05-27T20:00,0.52,180,7.95,31.2,0.59
2023-05-27T21:00,0.52,180,7.9,31.1,0.53
2023-05-27T22:00,0.52,180,7.9,31.1,0.46
2023-05-27T23:00,0.52,180,7.85,31.1,0.41
2023-05-28T00:00,0.52,180,7.85,31.0,0.39
2023-05-28T01:00,0.52,181,7.85,31.0,0.39
2023-05-28T02:00,0.52,181,7.85,31.0,0.41
2023-05-28T03:00,0.52,181,7.85,30.9,0.43
2023-05-28T04:00,0.52,181,7.85,30.9,0.46
2023-05-28T05:00,0.52,181,7.85,30.9,0.49
2023-05-28T06:00,0.54,181,7.85,30.9,0.5
2023-05-28T07:00,0.54,182,7.85,31.0,0.5
2023-05-28T08:00,0.56,182,7.8,31.0,0.52
2023-05-28T09:00,0.54,182,7.65,31.0,0.52
2023-05-28T10:00,0.54,182,7.45,31.1,0.52
2023-05-28T11:00,0.52,182,7.4,31.1,0.51
2023-05-28T12:00,0.52,181,7.55,31.2,0.52
2023-05-28T13:00,0.54,180,7.8,31.2,0.54
2023-05-28T14:00,0.54,179,8.0,31.2,0.56
2023-05-28T15:00,0.56,179,8.1,31.3,0.59
2023-05-28T16:00,0.6,178,8.15,31.3,0.62
2023-05-28T17:00,0.62,178,8.15,31.3,0.63
2023-05-28T18:00,0.64,178,8.05,31.3,0.63
2023-05-28T19:00,0.64,179,7.95,31.3,0.62
2023-05-28T20:00,0.66,179,7.85,31.3,0.6
2023-05-28T21:00,0.66,179,7.85,31.3,0.57
2023-05-28T22:00,0.66,178,7.85,31.2,0.52
2023-05-28T23:00,0.66,178,7.9,31.2,0.47
2023-05-29T00:00,0.64,177,8.0,31.2,0.43
2023-05-29T01:00,0.64,175,8.1,31.2,0.41
2023-05-29T02:00,0.62,174,8.25,31.2,0.4
2023-05-29T03:00,0.62,173,8.4,31.1,0.41
2023-05-29T04:00,0.6,173,8.55,31.1,0.43
2023-05-29T05:00,0.6,172,8.7,31.1,0.46
2023-05-29T06:00,0.6,172,8.9,31.1,0.49
2023-05-29T07:00,0.6,173,9.1,31.2,0.52
2023-05-29T08:00,0.6,173,9.25,31.2,0.55
2023-05-29T09:00,0.6,173,9.35,31.3,0.59
2023-05-29T10:00,0.62,172,9.45,31.3,0.6
2023-05-29T11:00,0.62,172,9.5,31.4,0.58
2023-05-29T12:00,0.62,171,9.5,31.4,0.57
2023-05-29T13:00,0.62,171,9.45,31.5,0.55
2023-05-29T14:00,0.62,170,9.35,31.5,0.52
2023-05-29T15:00,0.64,170,9.2,31.6,0.52
2023-05-29T16:00,0.64,169,9.0,31.6,0.52
2023-05-29T17:00,0.66,169,8.8,31.6,0.51
2023-05-29T18:00,0.7,170,8.65,31.6,0.51
2023-05-29T19:00,0.72,171,8.5,31.6,0.52
2023-05-29T20:00,0.76,172,8.35,31.6,0.53
2023-05-29T21:00,0.78,172,8.25,31.5,0.53
2023-05-29T22:00,0.8,172,8.15,31.5,0.51
2023-05-29T23:00,0.82,172,8.15,31.5,0.47
2023-05-30T00:00,0.84,172,8.25,31.4,0.41
2023-05-30T01:00,0.84,171,8.4,31.4,0.35
2023-05-30T02:00,0.86,171,8.55,31.4,0.31
2023-05-30T03:00,0.86,171,8.75,31.3,0.29
2023-05-30T04:00,0.88,170,9.0,31.3,0.29
2023-05-30T05:00,0.88,170,9.15,31.3,0.31
2023-05-30T06:00,0.88,170,9.25,31.3,0.36
2023-05-30T07:00,0.9,171,9.3,31.4,0.41
2023-05-30T08:00,0.9,171,9.3,31.4,0.47
2023-05-30T09:00,0.92,172,9.2,31.4,0.55
2023-05-30T10:00,0.94,172,9.1,31.5,0.6
2023-05-30T11:00,0.96,173,8.9,31.5,0.61
2023-05-30T12:00,0.98,174,8.7,31.6,0.58
2023-05-30T13:00,1.02,174,8.4,31.6,0.53
2023-05-30T14:00,1.04,175,8.15,31.7,0.49
2023-05-30T15:00,1.08,176,7.85,31.7,0.43
2023-05-30T16:00,1.12,178,7.55,31.7,0.39
2023-05-30T17:00,1.16,179,7.4,31.7,0.38
2023-05-30T18:00,1.16,179,7.4,31.7,0.38
2023-05-30T19:00,1.18,178,7.5,31.7,0.4
2023-05-30T20:00,1.18,178,7.7,31.6,0.43
2023-05-30T21:00,1.22,178,8.0,31.6,0.46
2023-05-30T22:00,1.24,177,8.35,31.6,0.48
2023-05-30T23:00,1.28,177,8.65,31.5,0.47
2023-05-31T00:00,1.22,176,8.75,31.5,0.42
2023-05-31T01:00,1.14,176,8.75,31.5,0.34
2023-05-31T02:00,1.08,175,8.8,31.4,0.27
2023-05-31T03:00,1.04,174,9.0,31.4,0.22
2023-05-31T04:00,1.02,173,9.25,31.4,0.2
2023-05-31T05:00,0.98,172,9.45,31.4,0.2
2023-05-31T06:00,0.96,171,9.6,31.4,0.25
2023-05-31T07:00,0.96,171,9.7,31.4,0.32
2023-05-31T08:00,0.94,170,9.8,31.5,0.41
2023-05-31T09:00,0.94,170,9.85,31.5,0.51
2023-05-31T10:00,0.94,169,9.9,31.5,0.6
2023-05-31T11:00,0.94,169,9.8,31.6,0.66
2023-05-31T12:00,0.96,169,9.55,31.6,0.65
2023-05-31T13:00,1.0,170,9.2,31.6,0.58
2023-05-31T14:00,1.02,170,8.8,31.6,0.49
2023-05-31T15:00,1.08,172,8.35,31.7,0.41
2023-05-31T16:00,1.16,174,7.8,31.7,0.33
2023-05-31T17:00,1.22,176,7.45,31.7,0.29
2023-05-31T18:00,1.24,176,7.3,31.7,0.28
2023-05-31T19:00,1.26,177,7.3,31.6,0.28
2023-05-31T20:00,1.28,177,7.3,31.6,0.33
2023-05-31T21:00,1.26,178,7.3,31.6,0.39
2023-05-31T22:00,1.26,178,7.4,31.6,0.44
2023-05-31T23:00,1.24,179,7.45,31.5,0.48
2023-06-01T00:00,1.22,179,7.55,31.5,0.46
2023-06-01T01:00,1.2,179,7.65,31.4,0.39
2023-06-01T02:00,1.18,179,7.75,31.4,0.31
2023-06-01T03:00,1.16,179,7.8,31.4,0.23
2023-06-01T04:00,1.16,179,7.8,31.3,0.18
2023-06-01T05:00,1.14,179,7.75,31.3,0.16
2023-06-01T06:00,1.14,179,7.7,31.3,0.2
2023-06-01T07:00,1.16,180,7.6,31.3,0.28
2023-06-01T08:00,1.16,180,7.45,31.4,0.41
2023-06-01T09:00,1.2,180,7.25,31.4,0.55
2023-06-01T10:00,1.24,181,7.05,31.4,0.67
2023-06-01T11:00,1.28,181,6.9,31.5,0.77
2023-06-01T12:00,1.28,181,6.9,31.5,0.81
2023-06-01T13:00,1.3,182,6.95,31.6,0.77
2023-06-01T14:00,1.3,182,7.05,31.6,0.67
2023-06-01T15:00,1.3,182,7.15,31.7,0.56
2023-06-01T16:00,1.3,182,7.3,31.7,0.44
2023-06-01T17:00,1.3,182,7.4,31.7,0.35
2023-06-01T18:00,1.3,182,7.5,31.7,0.31
2023-06-01T19:00,1.28,182,7.55,31.7,0.33
2023-06-01T20:00,1.28,182,7.65,31.7,0.38
2023-06-01T21:00,1.26,182,7.75,31.6,0.46
2023-06-01T22:00,1.22,182,7.85,31.6,0.54
2023-06-01T23:00,1.2,182,7.95,31.6,0.61
2023-06-02T00:00,1.18,182,8.1,31.5,0.63
2023-06-02T01:00,1.18,181,8.25,31.5,0.59
2023-06-02T02:00,1.16,181,8.45,31.5,0.49
2023-06-02T03:00,1.14,181,8.65,31.5,0.39
2023-06-02T04:00,1.12,181,8.85,31.4,0.31
2023-06-02T05:00,1.1,181,9.0,31.4,0.26
2023-06-02T06:00,1.08,181,9.15,31.4,0.25
2023-06-02T07:00,1.08,180,9.25,31.4,0.32
2023-06-02T08:00,1.06,180,9.3,31.5,0.44
2023-06-02T09:00,1.08,180,9.2,31.5,0.59
2023-06-02T10:00,1.1,180,9.0,31.5,0.76
2023-06-02T11:00,1.12,180,8.8,31.6,0.89
2023-06-02T12:00,1.14,180,8.65,31.6,0.97
2023-06-02T13:00,1.18,181,8.45,31.7,0.96
2023-06-02T14:00,1.2,181,8.25,31.7,0.87
2023-06-02T15:00,1.18,181,8.0,31.8,0.73
2023-06-02T16:00,1.14,180,7.7,31.8,0.58
2023-06-02T17:00,1.12,180,7.5,31.8,0.44
2023-06-02T18:00,1.18,180,7.45,31.8,0.34
2023-06-02T19:00,1.24,181,7.4,31.8,0.3
2023-06-02T20:00,1.3,181,7.4,31.8,0.34
2023-06-02T21:00,1.34,182,7.3,31.7,0.41
2023-06-02T22:00,1.36,183,7.15,31.7,0.51
2023-06-02T23:00,1.4,184,7.1,31.7,0.6
2023-06-03T00:00,1.38,184,7.15,31.6,0.64
2023-06-03T01:00,1.38,185,7.25,31.6,0.63
2023-06-03T02:00,1.36,185,7.35,31.6,0.56
2023-06-03T03:00,1.32,184,7.5,31.6,0.43
2023-06-03T04:00,1.28,183,7.65,31.5,0.32
2023-06-03T05:00,1.24,182,7.8,31.5,0.24
2023-06-03T06:00,1.22,181,7.9,31.5,0.2
2023-06-03T07:00,1.2,181,8.0,31.5,0.22
2023-06-03T08:00,1.18,180,8.0,31.6,0.32
2023-06-03T09:00,1.18,180,7.95,31.6,0.49
2023-06-03T10:00,1.2,179,7.85,31.6,0.68
2023-06-03T11:00,1.2,179,7.7,31.7,0.85
2023-06-03T12:00,1.18,180,7.45,31.7,0.95
2023-06-03T13:00,1.18,180,7.15,31.8,0.98
2023-06-03T14:00,1.16,181,6.95,31.8,0.92
2023-06-03T15:00,1.24,182,6.85,31.9,0.81
2023-06-03T16:00,1.34,183,6.8,31.9,0.65
2023-06-03T17:00,1.42,184,6.8,31.9,0.49
2023-06-03T18:00,1.44,185,6.75,31.9,0.35
2023-06-03T19:00,1.44,185,6.75,31.9,0.25
2023-06-03T20:00,1.46,186,6.75,31.9,0.24
2023-06-03T21:00,1.46,187,6.8,31.8,0.32
2023-06-03T22:00,1.46,188,6.85,31.8,0.42
2023-06-03T23:00,1.46,189,6.95,31.7,0.51
2023-06-04T00:00,1.4,188,7.05,31.7,0.6
2023-06-04T01:00,1.36,188,7.15,31.6,0.61
2023-06-04T02:00,1.3,187,7.25,31.6,0.58
2023-06-04T03:00,1.26,186,7.4,31.6,0.47
2023-06-04T04:00,1.22,185,7.5,31.5,0.33
2023-06-04T05:00,1.18,184,7.65,31.5,0.23
2023-06-04T06:00,1.16,183,7.75,31.5,0.16
2023-06-04T07:00,1.16,183,7.85,31.6,0.13
2023-06-04T08:00,1.14,182,7.95,31.6,0.19
2023-06-04T09:00,1.14,181,8.0,31.6,0.35
2023-06-04T10:00,1.14,180,8.05,31.7,0.56
2023-06-04T11:00,1.14,179,8.1,31.7,0.74
2023-06-04T12:00,1.14,179,8.15,31.8,0.89
2023-06-04T13:00,1.14,178,8.15,31.8,0.97
2023-06-04T14:00,1.14,178,8.1,31.8,0.95
2023-06-04T15:00,1.16,178,7.95,31.9,0.87
2023-06-04T16:00,1.18,179,7.75,31.9,0.72
2023-06-04T17:00,1.2,179,7.6,31.9,0.53
2023-06-04T18:00,1.26,180,7.55,31.9,0.36
2023-06-04T19:00,1.32,180,7.6,31.9,0.24
2023-06-04T20:00,1.38,181,7.6,31.9,0.18
2023-06-04T21:00,1.34,181,7.6,31.8,0.2
2023-06-04T22:00,1.28,181,7.6,31.8,0.3
2023-06-04T23:00,1.24,181,7.65,31.8,0.42
2023-06-05T00:00,1.2,181,7.8,31.7,0.51
2023-06-05T01:00,1.16,181,7.95,31.7,0.57
2023-06-05T02:00,1.12,181,8.1,31.6,0.58
2023-06-05T03:00,1.08,181,8.25,31.6,0.51
2023-06-05T04:00,1.06,180,8.35,31.5,0.39
2023-06-05T05:00,1.02,180,8.4,31.5,0.26
2023-06-05T06:00,0.98,180,8.3,31.5,0.16
2023-06-05T07:00,0.92,181,8.15,31.5,0.1
2023-06-05T08:00,0.88,181,8.0,31.6,0.12
2023-06-05T09:00,0.9,180,7.9,31.6,0.22
2023-06-05T10:00,0.94,180,7.8,31.6,0.4
2023-06-05T11:00,0.96,179,7.7,31.7,0.61
2023-06-05T12:00,0.98,180,7.65,31.7,0.79
2023-06-05T13:00,1.0,180,7.6,31.8,0.91
2023-06-05T14:00,1.02,181,7.55,31.8,0.94
2023-06-05T15:00,1.04,182,7.5,31.8,0.9
2023-06-05T16:00,1.04,183,7.4,31.9,0.76
2023-06-05T17:00,1.06,184,7.4,31.9,0.58
2023-06-05T18:00,1.1,185,7.45,31.9,0.41
2023-06-05T19:00,1.12,186,7.55,31.8,0.27
2023-06-05T20:00,1.16,187,7.7,31.8,0.18
2023-06-05T21:00,1.16,186,7.9,31.7,0.17
2023-06-05T22:00,1.14,184,8.1,31.7,0.24
2023-06-05T23:00,1.14,183,8.3,31.6,0.35
2023-06-06T00:00,1.1,182,8.35,31.6,0.47
2023-06-06T01:00,1.06,181,8.4,31.5,0.54
2023-06-06T02:00,1.02,180,8.45,31.5,0.57
2023-06-06T03:00,1.0,178,8.65,31.4,0.56
2023-06-06T04:00,0.98,177,8.9,31.3,0.49
2023-06-06T05:00,0.96,175,9.15,31.3,0.36
2023-06-06T06:00,0.94,174,9.35,31.3,0.25
2023-06-06T07:00,0.92,173,9.5,31.3,0.17
2023-06-06T08:00,0.9,172,9.6,31.4,0.15
2023-06-06T09:00,0.9,172,9.6,31.4,0.21
2023-06-06T10:00,0.9,171,9.5,31.4,0.34
2023-06-06T11:00,0.9,171,9.4,31.5,0.52
2023-06-06T12:00,0.9,172,9.3,31.5,0.71
2023-06-06T13:00,0.92,173,9.15,31.6,0.86
2023-06-06T14:00,0.92,174,9.0,31.6,0.93
2023-06-06T15:00,0.92,175,8.9,31.7,0.93
2023-06-06T16:00,0.94,176,8.8,31.7,0.87
2023-06-06T17:00,0.94,177,8.75,31.7,0.72
2023-06-06T18:00,1.0,177,8.85,31.7,0.55
2023-06-06T19:00,1.04,178,9.0,31.7,0.4
2023-06-06T20:00,1.1,178,9.0,31.7,0.27
2023-06-06T21:00,1.08,179,8.7,31.6,0.21
2023-06-06T22:00,1.06,180,8.25,31.6,0.23
2023-06-06T23:00,1.04,181,8.0,31.5,0.31
2023-06-07T00:00,1.04,181,8.1,31.5,0.42
2023-06-07T01:00,1.02,181,8.35,31.4,0.51
2023-06-07T02:00,1.02,181,8.6,31.4,0.57
2023-06-07T03:00,1.0,180,8.85,31.4,0.58
2023-06-07T04:00,0.98,180,9.1,31.3,0.53
2023-06-07T05:00,0.96,179,9.35,31.3,0.44
2023-06-07T06:00,0.96,178,9.55,31.3,0.33
2023-06-07T07:00,0.94,178,9.7,31.4,0.22
2023-06-07T08:00,0.94,177,9.75,31.5,0.16
2023-06-07T09:00,0.96,177,9.7,31.5,0.18
2023-06-07T10:00,0.96,177,9.6,31.6,0.26
2023-06-07T11:00,0.98,177,9.5,31.6,0.41
2023-06-07T12:00,0.98,178,9.35,31.7,0.58
2023-06-07T13:00,1.0,178,9.25,31.7,0.73
2023-06-07T14:00,1.0,179,9.15,31.7,0.81
2023-06-07T15:00,1.04,182,9.15,31.7,0.85
2023-06-07T16:00,1.08,185,9.25,31.7,0.83
2023-06-07T17:00,1.12,188,9.3,31.7,0.72
2023-06-07T18:00,1.14,190,9.3,31.7,0.58
2023-06-07T19:00,1.14,192,9.25,31.7,0.41
2023-06-07T20:00,1.16,194,9.3,31.6,0.29
2023-06-07T21:00,1.14,192,9.4,31.5,0.2
2023-06-07T22:00,1.12,189,9.55,31.5,0.18
2023-06-07T23:00,1.1,187,9.75,31.4,0.23
2023-06-08T00:00,1.08,184,10.0,31.4,0.32
2023-06-08T01:00,1.08,182,10.3,31.3,0.42
2023-06-08T02:00,1.06,179,10.55,31.3,0.5
2023-06-08T03:00,1.06,178,10.65,31.2,0.54
2023-06-08T04:00,1.06,178,10.7,31.2,0.54
2023-06-08T05:00,1.06,177,10.65,31.2,0.48
2023-06-08T06:00,1.08,178,10.6,31.2,0.4
2023-06-08T07:00,1.12,178,10.45,31.2,0.29
2023-06-08T08:00,1.14,179,10.25,31.2,0.2
2023-06-08T09:00,1.14,179,9.9,31.3,0.18
2023-06-08T10:00,1.14,180,9.45,31.3,0.22
2023-06-08T11:00,1.14,180,9.1,31.4,0.32
2023-06-08T12:00,1.18,181,8.95,31.4,0.46
2023-06-08T13:00,1.22,181,8.95,31.5,0.6
2023-06-08T14:00,1.26,182,8.95,31.5,0.71
2023-06-08T15:00,1.26,184,8.95,31.5,0.77
2023-06-08T16:00,1.28,186,9.0,31.6,0.78
2023-06-08T17:00,1.28,188,9.05,31.6,0.72
2023-06-08T18:00,1.28,188,9.1,31.6,0.62
2023-06-08T19:00,1.28,188,9.1,31.5,0.49
2023-06-08T20:00,1.28,188,9.2,31.5,0.38
2023-06-08T21:00,1.26,186,9.35,31.4,0.28
2023-06-08T22:00,1.26,183,9.6,31.3,0.23
2023-06-08T23:00,1.24,181,9.8,31.3,0.26
2023-06-09T00:00,1.22,179,10.0,31.2,0.33
2023-06-09T01:00,1.22,178,10.15,31.2,0.4
2023-06-09T02:00,1.2,176,10.25,31.1,0.48
2023-06-09T03:00,1.2,176,10.3,31.1,0.55
2023-06-09T04:00,1.2,175,10.25,31.1,0.57
2023-06-09T05:00,1.2,175,10.2,31.1,0.56
2023-06-09T06:00,1.2,175,10.1,31.1,0.51
2023-06-09T07:00,1.22,176,9.9,31.1,0.42
2023-06-09T08:00,1.22,176,9.75,31.1,0.34
2023-06-09T09:00,1.24,176,9.55,31.2,0.31
2023-06-09T10:00,1.24,177,9.4,31.2,0.32
2023-06-09T11:00,1.26,177,9.25,31.2,0.37
2023-06-09T12:00,1.28,177,9.2,31.3,0.45
2023-06-09T13:00,1.28,178,9.15,31.3,0.55
2023-06-09T14:00,1.3,178,9.15,31.4,0.66
2023-06-09T15:00,1.3,180,9.1,31.4,0.74
2023-06-09T16:00,1.32,181,9.05,31.5,0.77
2023-06-09T17:00,1.32,183,9.0,31.5,0.73
2023-06-09T18:00,1.32,184,8.95,31.5,0.68
2023-06-09T19:00,1.32,185,8.9,31.4,0.58
2023-06-09T20:00,1.32,186,8.85,31.4,0.46
2023-06-09T21:00,1.24,185,8.7,31.3,0.37
2023-06-09T22:00,1.18,183,8.5,31.3,0.31
2023-06-09T23:00,1.1,182,8.4,31.2,0.28
2023-06-10T00:00,1.1,180,8.5,31.2,0.28
2023-06-10T01:00,1.1,179,8.7,31.1,0.33
2023-06-10T02:00,1.1,177,8.9,31.1,0.41
2023-06-10T03:00,1.1,176,9.1,31.0,0.48
2023-06-10T04:00,1.1,175,9.3,31.0,0.53
2023-06-10T05:00,1.1,174,9.45,31.0,0.55
2023-06-10T06:00,1.1,174,9.6,31.0,0.54
2023-06-10T07:00,1.12,173,9.75,31.0,0.51
2023-06-10T08:00,1.12,173,9.8,31.1,0.46
2023-06-10T09:00,1.14,173,9.65,31.1,0.41
2023-06-10T10:00,1.18,174,9.4,31.2,0.38
2023-06-10T11:00,1.2,174,9.15,31.2,0.4
2023-06-10T12:00,1.22,175,8.9,31.3,0.43
2023-06-10T13:00,1.26,177,8.7,31.3,0.48
2023-06-10T14:00,1.28,178,8.5,31.3,0.55
2023-06-10T15:00,1.28,180,8.4,31.3,0.64
2023-06-10T16:00,1.26,183,8.3,31.3,0.7
2023-06-10T17:00,1.26,185,8.25,31.3,0.67
2023-06-10T18:00,1.26,187,8.15,31.3,0.64
2023-06-10T19:00,1.24,190,8.1,31.3,0.6
2023-06-10T20:00,1.24,192,8.1,31.2,0.52
2023-06-10T21:00,1.22,191,8.15,31.1,0.42
2023-06-10T22:00,1.2,189,8.3,31.1,0.33
2023-06-10T23:00,1.18,188,8.45,31.0,0.29
2023-06-11T00:00,1.14,184,8.7,31.0,0.28
2023-06-11T01:00,1.12,179,8.95,30.9,0.3
2023-06-11T02:00,1.08,175,9.2,30.9,0.34
2023-06-11T03:00,1.08,174,9.4,30.8,0.41
2023-06-11T04:00,1.08,172,9.55,30.8,0.49
2023-06-11T05:00,1.08,171,9.65,30.8,0.53
2023-06-11T06:00,1.08,172,9.6,30.8,0.55
2023-06-11T07:00,1.06,172,9.45,30.8,0.56
2023-06-11T08:00,1.06,173,9.25,30.9,0.56
2023-06-11T09:00,1.04,174,9.0,31.0,0.53
2023-06-11T10:00,1.02,175,8.7,31.0,0.5
2023-06-11T11:00,1.0,176,8.5,31.1,0.48
2023-06-11T12:00,1.02,176,8.5,31.1,0.47
2023-06-11T13:00,1.04,177,8.6,31.1,0.48
2023-06-11T14:00,1.06,177,8.75,31.2,0.51
2023-06-11T15:00,1.06,177,8.9,31.2,0.56
2023-06-11T16:00,1.06,178,9.05,31.2,0.6
2023-06-11T17:00,1.06,178,9.2,31.2,0.62
2023-06-11T18:00,1.06,178,9.3,31.2,0.62
2023-06-11T19:00,1.04,178,9.35,31.2,0.6
2023-06-11T20:00,1.04,178,9.4,31.1,0.56
2023-06-11T21:00,1.04,177,9.45,31.1,0.51
2023-06-11T22:00,1.04,176,9.55,31.1,0.44
2023-06-11T23:00,1.04,175,9.6,31.0,0.38
2023-06-12T00:00,1.02,174,9.7,31.0,0.34
2023-06-12T01:00,1.02,174,9.8,30.9,0.32
2023-06-12T02:00,1.0,173,9.9,30.9,0.33
2023-06-12T03:00,0.98,173,10.05,30.9,0.38
2023-06-12T04:00,0.98,172,10.25,30.8,0.44
2023-06-12T05:00,0.96,172,10.35,30.8,0.51
2023-06-12T06:00,0.94,172,10.45,30.8,0.58
2023-06-12T07:00,0.94,172,10.45,30.9,0.62
2023-06-12T08:00,0.92,172,10.35,31.0,0.65
2023-06-12T09:00,0.98,174,10.0,31.0,0.66
2023-06-12T10:00,1.06,177,9.5,31.1,0.64
2023-06-12T11:00,1.12,179,9.1,31.1,0.6
2023-06-12T12:00,1.14,180,8.95,31.2,0.58
2023-06-12T13:00,1.18,182,8.95,31.2,0.56
2023-06-12T14:00,1.2,183,9.0,31.2,0.55
2023-06-12T15:00,1.2,184,9.1,31.3,0.54
2023-06-12T16:00,1.18,184,9.25,31.3,0.55
2023-06-12T17:00,1.18,185,9.4,31.3,0.56
2023-06-12T18:00,1.18,185,9.5,31.3,0.57
2023-06-12T19:00,1.2,184,9.6,31.2,0.56
2023-06-12T20:00,1.2,184,9.75,31.2,0.57
2023-06-12T21:00,1.2,182,9.95,31.1,0.57
2023-06-12T22:00,1.18,180,10.1,31.1,0.51
2023-06-12T23:00,1.18,178,10.3,31.0,0.44
2023-06-13T00:00,1.18,176,10.45,31.0,0.39
2023-06-13T01:00,1.16,175,10.55,30.9,0.35
2023-06-13T02:00,1.16,173,10.65,30.9,0.32
2023-06-13T03:00,1.16,173,10.75,30.9,0.32
2023-06-13T04:00,1.16,172,10.85,30.8,0.36
2023-06-13T05:00,1.16,172,10.95,30.8,0.43
2023-06-13T06:00,1.18,172,11.0,30.8,0.5
2023-06-13T07:00,1.18,172,11.0,30.9,0.57
2023-06-13T08:00,1.2,172,11.0,30.9,0.65
2023-06-13T09:00,1.24,172,10.95,30.9,0.71
2023-06-13T10:00,1.28,172,10.85,31.0,0.73
2023-06-13T11:00,1.32,172,10.75,31.0,0.71
2023-06-13T12:00,1.34,172,10.7,31.1,0.68
2023-06-13T13:00,1.36,172,10.65,31.1,0.63
2023-06-13T14:00,1.38,172,10.6,31.2,0.56
2023-06-13T15:00,1.36,172,10.5,31.2,0.52
2023-06-13T16:00,1.34,173,10.45,31.3,0.49
2023-06-13T17:00,1.32,173,10.35,31.3,0.47
2023-06-13T18:00,1.32,174,10.25,31.3,0.47
2023-06-13T19:00,1.32,175,10.15,31.2,0.49
2023-06-13T20:00,1.32,176,10.15,31.2,0.52
2023-06-13T21:00,1.36,176,10.3,31.1,0.53
2023-06-13T22:00,1.4,177,10.5,31.0,0.52
2023-06-13T23:00,1.44,177,10.6,31.0,0.48
2023-06-14T00:00,1.38,177,10.5,30.9,0.41
2023-06-14T01:00,1.34,177,10.35,30.9,0.34
2023-06-14T02:00,1.28,177,10.15,30.8,0.29
2023-06-14T03:00,1.24,177,10.0,30.8,0.25
2023-06-14T04:00,1.2,177,9.8,30.7,0.24
2023-06-14T05:00,1.16,177,9.75,30.7,0.27
2023-06-14T06:00,1.18,177,9.85,30.7,0.35
2023-06-14T07:00,1.2,177,10.05,30.7,0.44
2023-06-14T08:00,1.22,177,10.2,30.7,0.54
2023-06-14T09:00,1.2,176,10.2,30.8,0.64
2023-06-14T10:00,1.16,176,10.15,30.8,0.72
2023-06-14T11:00,1.14,175,10.05,30.8,0.74
2023-06-14T12:00,1.1,176,9.9,30.9,0.71
2023-06-14T13:00,1.08,176,9.75,30.9,0.64
2023-06-14T14:00,1.04,177,9.65,31.0,0.57
2023-06-14T15:00,1.02,177,9.65,31.1,0.49
2023-06-14T16:00,1.0,177,9.75,31.1,0.42
2023-06-14T17:00,0.98,177,9.8,31.2,0.38
2023-06-14T18:00,0.98,177,9.85,31.2,0.38
2023-06-14T19:00,0.96,177,9.85,31.1,0.4
2023-06-14T20:00,0.96,177,9.85,31.1,0.44
2023-06-14T21:00,0.96,177,9.8,31.0,0.49
2023-06-14T22:00,0.96,176,9.75,31.0,0.52
2023-06-14T23:00,0.96,176,9.7,30.9,0.52
2023-06-15T00:00,0.94,175,9.7,30.9,0.48
2023-06-15T01:00,0.94,175,9.7,30.8,0.41
2023-06-15T02:00,0.92,174,9.75,30.8,0.33
2023-06-15T03:00,0.9,173,9.8,30.7,0.27
2023-06-15T04:00,0.9,173,9.9,30.7,0.24
2023-06-15T05:00,0.88,172,10.0,30.7,0.24
2023-06-15T06:00,0.88,171,10.1,30.8,0.28
2023-06-15T07:00,0.86,171,10.2,30.8,0.37
2023-06-15T08:00,0.86,170,10.2,30.9,0.49
2023-06-15T09:00,0.82,170,10.05,31.0,0.62
2023-06-15T10:00,0.8,169,9.8,31.1,0.74
2023-06-15T11:00,0.76,169,9.6,31.1,0.81
2023-06-15T12:00,0.76,169,9.55,31.2,0.8
2023-06-15T13:00,0.78,168,9.55,31.2,0.74
2023-06-15T14:00,0.78,168,9.6,31.2,0.65
2023-06-15T15:00,0.78,168,9.6,31.2,0.55
2023-06-15T16:00,0.8,169,9.65,31.2,0.45
2023-06-15T17:00,0.8,169,9.7,31.2,0.37
2023-06-15T18:00,0.82,169,9.75,31.2,0.32
2023-06-15T19:00,0.84,170,9.8,31.2,0.3
2023-06-15T20:00,0.86,170,9.9,31.2,0.35
2023-06-15T21:00,0.9,170,10.0,31.1,0.43
2023-06-15T22:00,0.94,170,10.15,31.1,0.49
2023-06-15T23:00,0.98,170,10.2,31.1,0.53
2023-06-16T00:00,1.0,172,10.1,31.0,0.54
2023-06-16T01:00,1.02,175,9.95,31.0,0.47
2023-06-16T02:00,1.04,177,9.8,30.9,0.38
2023-06-16T03:00,1.06,179,9.7,30.8,0.3
2023-06-16T04:00,1.06,180,9.55,30.8,0.24
2023-06-16T05:00,1.08,182,9.5,30.8,0.21
2023-06-16T06:00,1.04,180,9.5,30.8,0.21
2023-06-16T07:00,1.0,177,9.5,30.8,0.28
2023-06-16T08:00,0.96,175,9.6,30.8,0.4
2023-06-16T09:00,0.96,173,9.8,30.8,0.55
2023-06-16T10:00,0.94,172,10.0,30.9,0.71
2023-06-16T11:00,0.94,170,10.2,30.9,0.82
2023-06-16T12:00,0.94,170,10.3,31.0,0.88
2023-06-16T13:00,0.92,169,10.35,31.1,0.86
2023-06-16T14:00,0.92,169,10.3,31.2,0.77
2023-06-16T15:00,0.92,170,10.2,31.2,0.65
2023-06-16T16:00,0.94,170,10.05,31.3,0.53
2023-06-16T17:00,0.94,171,9.85,31.3,0.41
2023-06-16T18:00,0.96,172,9.6,31.3,0.32
2023-06-16T19:00,0.96,174,9.25,31.3,0.27
2023-06-16T20:00,0.98,175,9.0,31.2,0.28
2023-06-16T21:00,0.98,176,8.8,31.1,0.36
2023-06-16T22:00,0.98,177,8.7,31.1,0.46
2023-06-16T23:00,0.98,178,8.6,31.0,0.54
2023-06-17T00:00,0.96,180,8.55,31.0,0.57
2023-06-17T01:00,0.96,182,8.55,30.9,0.56
2023-06-17T02:00,0.94,184,8.6,30.9,0.49
2023-06-17T03:00,0.92,183,8.7,30.8,0.39
2023-06-17T04:00,0.9,181,8.85,30.8,0.3
2023-06-17T05:00,0.88,180,8.95,30.8,0.24
2023-06-17T06:00,0.86,179,9.05,30.8,0.21
2023-06-17T07:00,0.86,178,9.1,30.8,0.23
2023-06-17T08:00,0.84,177,9.15,30.8,0.33
2023-06-17T09:00,0.84,176,9.2,30.9,0.47
2023-06-17T10:00,0.86,176,9.2,30.9,0.65
2023-06-17T11:00,0.86,175,9.15,30.9,0.8
2023-06-17T12:00,0.88,176,9.05,31.0,0.9
2023-06-17T13:00,0.92,176,8.85,31.0,0.92
2023-06-17T14:00,0.94,177,8.65,31.0,0.84
2023-06-17T15:00,0.96,179,8.45,31.1,0.73
2023-06-17T16:00,1.0,180,8.2,31.1,0.59
2023-06-17T17:00,1.02,182,8.0,31.1,0.45
2023-06-17T18:00,1.02,184,7.9,31.1,0.33
2023-06-17T19:00,1.04,187,7.8,31.0,0.26
2023-06-17T20:00,1.04,189,7.75,31.0,0.26
2023-06-17T21:00,1.02,189,7.65,30.9,0.33
2023-06-17T22:00,1.0,189,7.55,30.9,0.43
2023-06-17T23:00,0.98,189,7.55,30.8,0.54
2023-06-18T00:00,0.98,188,7.65,30.8,0.61
2023-06-18T01:00,0.96,187,7.8,30.7,0.64
2023-06-18T02:00,0.96,186,7.95,30.7,0.61
2023-06-18T03:00,0.94,185,8.05,30.7,0.52
2023-06-18T04:00,0.94,183,8.2,30.6,0.42
2023-06-18T05:00,0.92,182,8.25,30.6,0.31
2023-06-18T06:00,0.88,182,8.25,30.6,0.25
2023-06-18T07:00,0.86,181,8.2,30.6,0.25
2023-06-18T08:00,0.82,181,8.15,30.6,0.31
2023-06-18T09:00,0.78,181,8.1,30.6,0.42
2023-06-18T10:00,0.76,181,8.05,30.7,0.59
2023-06-18T11:00,0.72,181,8.05,30.7,0.76
2023-06-18T12:00,0.74,180,8.2,30.7,0.9
2023-06-18T13:00,0.74,179,8.4,30.7,0.96
2023-06-18T14:00,0.76,178,8.6,30.7,0.93
2023-06-18T15:00,0.8,177,8.8,30.7,0.83
2023-06-18T16:00,0.86,175,9.0,30.7,0.7
2023-06-18T17:00,0.9,174,9.1,30.7,0.56
2023-06-18T18:00,0.9,172,9.1,30.7,0.42
2023-06-18T19:00,0.9,169,9.0,30.7,0.32
2023-06-18T20:00,0.9,167,8.95,30.7,0.29
2023-06-18T21:00,0.88,168,8.95,30.7,0.32
2023-06-18T22:00,0.88,170,8.95,30.6,0.4
2023-06-18T23:00,0.86,171,8.95,30.6,0.51
2023-06-19T00:00,0.84,172,8.9,30.6,0.6
2023-06-19T01:00,0.82,173,8.8,30.6,0.66
2023-06-19T02:00,0.8,174,8.75,30.5,0.66
2023-06-19T03:00,0.8,174,8.85,30.5,0.58
2023-06-19T04:00,0.8,173,9.0,30.5,0.47
2023-06-19T05:00,0.8,173,9.15,30.5,0.37
2023-06-19T06:00,0.8,173,9.3,30.5,0.27
2023-06-19T07:00,0.8,172,9.45,30.5,0.21
2023-06-19T08:00,0.8,172,9.6,30.5,0.23
2023-06-19T09:00,0.8,172,9.7,30.6,0.32
2023-06-19T10:00,0.8,171,9.7,30.6,0.46
2023-06-19T11:00,0.8,171,9.75,30.6,0.63
2023-06-19T12:00,0.8,171,9.8,30.6,0.79
2023-06-19T13:00,0.82,170,9.8,30.7,0.89
2023-06-19T14:00,0.82,170,9.75,30.7,0.92
2023-06-19T15:00,0.84,171,9.6,30.7,0.86
2023-06-19T16:00,0.86,171,9.35,30.7,0.73
2023-06-19T17:00,0.88,172,9.15,30.7,0.58
2023-06-19T18:00,0.9,172,9.0,30.7,0.43
2023-06-19T19:00,0.92,173,8.8,30.7,0.3
2023-06-19T20:00,0.94,173,8.75,30.6,0.21
2023-06-19T21:00,0.94,172,8.8,30.6,0.21
2023-06-19T22:00,0.94,172,8.9,30.6,0.28
2023-06-19T23:00,0.94,171,9.05,30.6,0.39
2023-06-20T00:00,0.92,170,9.15,30.5,0.49
2023-06-20T01:00,0.92,170,9.3,30.5,0.57
2023-06-20T02:00,0.9,169,9.4,30.5,0.6
2023-06-20T03:00,0.9,169,9.5,30.4,0.57
2023-06-20T04:00,0.88,168,9.55,30.4,0.49
2023-06-20T05:00,0.88,168,9.6,30.4,0.37
2023-06-20T06:00,0.88,168,9.65,30.4,0.26
2023-06-20T07:00,0.86,167,9.7,30.4,0.18
2023-06-20T08:00,0.86,167,9.7,30.5,0.17
2023-06-20T09:00,0.86,167,9.6,30.5,0.22
2023-06-20T10:00,0.86,168,9.45,30.6,0.35
2023-06-20T11:00,0.86,168,9.25,30.6,0.52
2023-06-20T12:00,0.88,169,9.0,30.7,0.67
2023-06-20T13:00,0.88,171,8.7,30.7,0.79
2023-06-20T14:00,0.9,172,8.45,30.8,0.86
2023-06-20T15:00,0.92,173,8.3,30.8,0.86
2023-06-20T16:00,0.96,174,8.15,30.8,0.77
2023-06-20T17:00,0.98,175,8.05,30.8,0.63
2023-06-20T18:00,1.0,175,7.95,30.8,0.47
2023-06-20T19:00,1.0,176,7.9,30.8,0.32
2023-06-20T20:00,1.02,176,7.9,30.8,0.21
2023-06-20T21:00,1.02,176,7.9,30.7,0.17
2023-06-20T22:00,1.02,175,8.0,30.7,0.21
2023-06-20T23:00,1.02,175,8.0,30.7,0.3
2023-06-21T00:00,1.0,175,7.95,30.6,0.4
2023-06-21T01:00,0.98,175,7.9,30.6,0.5
2023-06-21T02:00,0.96,175,7.85,30.6,0.56
2023-06-21T03:00,0.96,175,7.85,30.6,0.57
2023-06-21T04:00,0.98,176,7.85,30.5,0.52
2023-06-21T05:00,0.98,176,7.9,30.5,0.42
2023-06-21T06:00,1.0,176,7.95,30.5,0.31
2023-06-21T07:00,1.0,176,7.95,30.5,0.22
2023-06-21T08:00,1.02,176,8.0,30.6,0.17
2023-06-21T09:00,1.02,176,8.0,30.6,0.19
2023-06-21T10:00,1.04,176,8.05,30.6,0.27
2023-06-21T11:00,1.04,176,8.05,30.6,0.41
2023-06-21T12:00,1.04,176,8.05,30.6,0.58
2023-06-21T13:00,1.02,175,8.05,30.7,0.73
2023-06-21T14:00,1.02,175,8.0,30.7,0.81
2023-06-21T15:00,1.02,175,7.95,30.7,0.83
2023-06-21T16:00,1.04,175,7.85,30.7,0.8
2023-06-21T17:00,1.04,175,7.75,30.7,0.68
2023-06-21T18:00,1.04,175,7.65,30.7,0.51
2023-06-21T19:00,1.02,176,7.55,30.7,0.36
2023-06-21T20:00,1.02,176,7.55,30.7,0.25
2023-06-21T21:00,1.0,176,7.6,30.7,0.18
2023-06-21T22:00,1.0,176,7.75,30.6,0.18
2023-06-21T23:00,0.98,176,7.9,30.6,0.26
2023-06-22T00:00,0.96,176,8.05,30.6,0.36
2023-06-22T01:00,0.94,175,8.25,30.6,0.45
2023-06-22T02:00,0.92,175,8.4,30.5,0.53
2023-06-22T03:00,0.9,174,8.55,30.5,0.57
2023-06-22T04:00,0.88,173,8.7,30.4,0.55
2023-06-22T05:00,0.86,172,8.85,30.4,0.49
2023-06-22T06:00,0.84,172,8.95,30.4,0.39
2023-06-22T07:00,0.84,171,9.05,30.5,0.28
2023-06-22T08:00,0.82,171,9.1,30.5,0.21
2023-06-22T09:00,0.82,171,9.15,30.5,0.21
2023-06-22T10:00,0.8,170,9.2,30.6,0.27
2023-06-22T11:00,0.8,170,9.25,30.6,0.39
2023-06-22T12:00,0.8,170,9.3,30.7,0.53
2023-06-22T13:00,0.8,169,9.3,30.7,0.68
2023-06-22T14:00,0.8,169,9.3,30.7,0.78
2023-06-22T15:00,0.82,169,9.25,30.8,0.82
2023-06-22T16:00,0.82,170,9.15,30.8,0.81
2023-06-22T17:00,0.84,170,9.0,30.8,0.74
2023-06-22T18:00,0.88,171,8.85,30.8,0.62
2023-06-22T19:00,0.9,172,8.65,30.8,0.45
2023-06-22T20:00,0.94,173,8.5,30.8,0.31
2023-06-22T21:00,0.92,173,8.45,30.7,0.23
2023-06-22T22:00,0.92,173,8.5,30.7,0.2
2023-06-22T23:00,0.9,173,8.5,30.7,0.24
2023-06-23T00:00,0.9,174,8.5,30.6,0.32
2023-06-23T01:00,0.88,175,8.5,30.6,0.4
2023-06-23T02:00,0.88,176,8.55,30.5,0.48
2023-06-23T03:00,0.88,176,8.65,30.5,0.54
2023-06-23T04:00,0.88,175,8.75,30.4,0.54
2023-06-23T05:00,0.88,175,8.95,30.4,0.51
2023-06-23T06:00,0.92,175,9.25,30.4,0.44
2023-06-23T07:00,0.98,174,9.65,30.5,0.34
2023-06-23T08:00,1.02,174,9.8,30.5,0.26
2023-06-23T09:00,1.0,174,9.6,30.5,0.23
2023-06-23T10:00,0.98,173,9.2,30.6,0.27
2023-06-23T11:00,0.96,173,8.85,30.6,0.34
2023-06-23T12:00,0.96,174,8.55,30.7,0.46
2023-06-23T13:00,0.94,174,8.3,30.8,0.6
2023-06-23T14:00,0.94,175,8.05,30.8,0.71
2023-06-23T15:00,0.96,176,7.9,30.9,0.77
2023-06-23T16:00,0.96,176,7.8,31.0,0.78
2023-06-23T17:00,0.98,177,7.7,31.0,0.74
2023-06-23T18:00,1.0,178,7.6,31.0,0.65
2023-06-23T19:00,1.02,178,7.5,30.9,0.48
2023-06-23T20:00,1.04,179,7.45,30.9,0.33
2023-06-23T21:00,1.02,181,7.45,30.8,0.24
2023-06-23T22:00,1.0,183,7.45,30.7,0.2
2023-06-23T23:00,0.98,185,7.55,30.7,0.2
2023-06-24T00:00,0.96,186,7.7,30.6,0.24
2023-06-24T01:00,0.94,187,7.9,30.6,0.34
2023-06-24T02:00,0.92,188,8.1,30.5,0.43
2023-06-24T03:00,0.9,186,8.3,30.5,0.49
2023-06-24T04:00,0.88,184,8.55,30.4,0.52
2023-06-24T05:00,0.86,182,8.8,30.4,0.53
2023-06-24T06:00,0.88,180,9.25,30.4,0.49
2023-06-24T07:00,0.9,179,9.7,30.4,0.42
2023-06-24T08:00,0.92,177,9.85,30.5,0.34
2023-06-24T09:00,0.82,176,9.4,30.5,0.3
2023-06-24T10:00,0.72,175,8.65,30.5,0.31
2023-06-24T11:00,0.62,174,8.15,30.6,0.36
2023-06-24T12:00,0.66,174,8.3,30.6,0.44
2023-06-24T13:00,0.72,174,8.7,30.7,0.56
2023-06-24T14:00,0.76,174,8.95,30.7,0.66
2023-06-24T15:00,0.78,175,8.9,30.8,0.73
2023-06-24T16:00,0.82,177,8.75,30.8,0.76
2023-06-24T17:00,0.84,178,8.55,30.8,0.74
2023-06-24T18:00,0.88,181,8.35,30.8,0.67
2023-06-24T19:00,0.92,183,8.1,30.8,0.56
2023-06-24T20:00,0.96,186,7.9,30.8,0.42
2023-06-24T21:00,0.96,188,7.8,30.7,0.31
2023-06-24T22:00,0.98,190,7.8,30.7,0.25
2023-06-24T23:00,0.98,192,7.85,30.6,0.23
2023-06-25T00:00,0.96,191,8.05,30.6,0.26
2023-06-25T01:00,0.94,190,8.35,30.5,0.32
2023-06-25T02:00,0.92,189,8.65,30.5,0.41
2023-06-25T03:00,0.9,186,9.05,30.4,0.48
2023-06-25T04:00,0.9,184,9.45,30.4,0.53
2023-06-25T05:00,0.88,181,9.8,30.4,0.55
2023-06-25T06:00,0.9,180,10.0,30.4,0.54
2023-06-25T07:00,0.9,180,10.1,30.4,0.5
2023-06-25T08:00,0.92,179,10.0,30.4,0.44
2023-06-25T09:00,1.0,180,9.6,30.5,0.39
2023-06-25T10:00,1.06,181,9.05,30.5,0.37
2023-06-25T11:00,1.14,182,8.6,30.5,0.38
2023-06-25T12:00,1.24,183,8.45,30.6,0.42
2023-06-25T13:00,1.36,185,8.5,30.6,0.47
2023-06-25T14:00,1.46,186,8.5,30.7,0.55
2023-06-25T15:00,1.5,187,8.45,30.7,0.62
2023-06-25T16:00,1.56,189,8.4,30.8,0.65
2023-06-25T17:00,1.6,190,8.45,30.8,0.65
2023-06-25T18:00,1.7,190,8.7,30.8,0.61
2023-06-25T19:00,1.8,190,9.1,30.7,0.53
2023-06-25T20:00,1.9,190,9.4,30.7,0.45
2023-06-25T21:00,1.8,189,9.5,30.7,0.34
2023-06-25T22:00,1.68,187,9.5,30.6,0.26
2023-06-25T23:00,1.58,186,9.5,30.6,0.23
2023-06-26T00:00,1.52,185,9.55,30.5,0.22
2023-06-26T01:00,1.48,185,9.6,30.5,0.25
2023-06-26T02:00,1.42,184,9.65,30.4,0.32
2023-06-26T03:00,1.38,184,9.7,30.4,0.4
2023-06-26T04:00,1.36,183,9.8,30.4,0.46
2023-06-26T05:00,1.32,183,9.85,30.4,0.5
2023-06-26T06:00,1.28,183,9.85,30.4,0.5
2023-06-26T07:00,1.26,183,9.9,30.4,0.5
2023-06-26T08:00,1.22,183,9.85,30.5,0.49
2023-06-26T09:00,1.2,183,9.8,30.5,0.45
2023-06-26T10:00,1.18,182,9.7,30.6,0.41
2023-06-26T11:00,1.16,182,9.6,30.6,0.39
2023-06-26T12:00,1.16,182,9.5,30.7,0.41
2023-06-26T13:00,1.16,182,9.35,30.7,0.45
2023-06-26T14:00,1.16,182,9.25,30.7,0.5
2023-06-26T15:00,1.16,183,9.1,30.8,0.55
2023-06-26T16:00,1.16,183,8.95,30.8,0.59
2023-06-26T17:00,1.16,184,8.85,30.8,0.59
2023-06-26T18:00,1.16,185,8.8,30.8,0.57
2023-06-26T19:00,1.18,186,8.75,30.7,0.54
2023-06-26T20:00,1.18,187,8.65,30.7,0.49
2023-06-26T21:00,1.16,187,8.45,30.7,0.42
2023-06-26T22:00,1.12,187,8.25,30.6,0.33
2023-06-26T23:00,1.1,187,8.1,30.6,0.27
2023-06-27T00:00,1.1,187,8.15,30.5,0.25
2023-06-27T01:00,1.12,186,8.25,30.5,0.25
2023-06-27T02:00,1.12,186,8.35,30.4,0.3
2023-06-27T03:00,1.08,185,8.4,30.4,0.36
2023-06-27T04:00,1.06,185,8.4,30.3,0.43
2023-06-27T05:00,1.02,184,8.4,30.3,0.49
2023-06-27T06:00,1.0,183,8.45,30.3,0.53
2023-06-27T07:00,1.0,183,8.55,30.4,0.55
2023-06-27T08:00,0.98,182,8.6,30.4,0.56
2023-06-27T09:00,0.98,182,8.6,30.4,0.54
2023-06-27T10:00,1.0,183,8.6,30.5,0.52
2023-06-27T11:00,1.0,183,8.55,30.5,0.49
2023-06-27T12:00,1.02,184,8.55,30.6,0.46
2023-06-27T13:00,1.02,184,8.5,30.6,0.44
2023-06-27T14:00,1.04,185,8.45,30.6,0.44
2023-06-27T15:00,1.0,186,8.3,30.7,0.48
2023-06-27T16:00,0.98,187,8.2,30.7,0.52
2023-06-27T17:00,0.94,188,8.15,30.7,0.5
2023-06-27T18:00,0.94,187,8.35,30.7,0.51
2023-06-27T19:00,0.94,185,8.65,30.6,0.5
2023-06-27T20:00,0.94,184,8.95,30.6,0.47
2023-06-27T21:00,0.94,183,9.15,30.6,0.44
2023-06-27T22:00,0.92,181,9.3,30.5,0.39
2023-06-27T23:00,0.92,180,9.4,30.5,0.34
2023-06-28T00:00,0.92,179,9.45,30.4,0.29
2023-06-28T01:00,0.9,179,9.5,30.4,0.26
2023-06-28T02:00,0.9,178,9.55,30.3,0.27
2023-06-28T03:00,0.88,177,9.65,30.3,0.31
2023-06-28T04:00,0.88,177,9.75,30.3,0.37
2023-06-28T05:00,0.86,176,9.85,30.3,0.42
2023-06-28T06:00,0.84,175,9.95,30.3,0.49
2023-06-28T07:00,0.84,175,10.1,30.3,0.55
2023-06-28T08:00,0.82,174,10.15,30.4,0.58
2023-06-28T09:00,0.84,174,10.15,30.4,0.61
2023-06-28T10:00,0.84,173,10.1,30.5,0.62
2023-06-28T11:00,0.86,173,9.9,30.5,0.59
2023-06-28T12:00,0.88,174,9.45,30.6,0.54
2023-06-28T13:00,0.88,176,8.8,30.6,0.5
2023-06-28T14:00,0.9,177,8.25,30.7,0.47
2023-06-28T15:00,0.94,179,7.85,30.7,0.45
2023-06-28T16:00,0.98,180,7.55,30.7,0.45
2023-06-28T17:00,1.02,182,7.35,30.7,0.44
2023-06-28T18:00,1.02,183,7.35,30.7,0.44
2023-06-28T19:00,1.04,183,7.45,30.7,0.42
2023-06-28T20:00,1.04,184,7.6,30.7,0.41
2023-06-28T21:00,1.02,183,7.8,30.6,0.41
2023-06-28T22:00,1.0,183,8.05,30.6,0.38
2023-06-28T23:00,0.98,182,8.3,30.5,0.33
2023-06-29T00:00,0.96,181,8.5,30.5,0.27
2023-06-29T01:00,0.92,181,8.7,30.4,0.21
2023-06-29T02:00,0.9,180,8.85,30.4,0.19
2023-06-29T03:00,0.9,180,9.0,30.4,0.2
2023-06-29T04:00,0.88,180,9.15,30.3,0.24
2023-06-29T05:00,0.88,180,9.25,30.3,0.3
2023-06-29T06:00,0.88,180,9.35,30.4,0.36
2023-06-29T07:00,0.88,180,9.4,30.4,0.45
2023-06-29T08:00,0.88,180,9.35,30.5,0.52
2023-06-29T09:00,0.92,181,9.1,30.5,0.58
2023-06-29T10:00,0.94,182,8.7,30.6,0.62
2023-06-29T11:00,0.98,183,8.4,30.7,0.63
2023-06-29T12:00,1.0,184,8.2,30.7,0.59
2023-06-29T13:00,1.02,184,8.05,30.8,0.51
2023-06-29T14:00,1.04,185,8.0,30.8,0.45
2023-06-29T15:00,1.02,185,8.05,30.9,0.4
2023-06-29T16:00,1.0,184,8.2,30.9,0.34
2023-06-29T17:00,0.98,184,8.35,30.9,0.32
2023-06-29T18:00,0.96,184,8.4,30.8,0.31
2023-06-29T19:00,0.96,183,8.5,30.8,0.33
2023-06-29T20:00,0.94,183,8.55,30.7,0.36
2023-06-29T21:00,0.92,182,8.65,30.7,0.38
2023-06-29T22:00,0.92,182,8.75,30.6,0.39
2023-06-29T23:00,0.9,181,8.85,30.5,0.39
2023-06-30T00:00,0.88,180,8.95,30.5,0.35
2023-06-30T01:00,0.88,179,9.05,30.4,0.28
2023-06-30T02:00,0.86,178,9.1,30.4,0.23
2023-06-30T03:00,0.84,178,9.15,30.3,0.2
2023-06-30T04:00,0.84,177,9.15,30.3,0.21
2023-06-30T05:00,0.82,177,9.1,30.3,0.24
2023-06-30T06:00,0.82,177,9.05,30.3,0.31
2023-06-30T07:00,0.82,176,8.95,30.4,0.4
2023-06-30T08:00,0.82,176,8.85,30.4,0.5
2023-06-30T09:00,0.84,176,8.85,30.5,0.61
2023-06-30T10:00,0.86,176,8.85,30.6,0.69
2023-06-30T11:00,0.88,176,8.8,30.6,0.74
2023-06-30T12:00,0.9,176,8.7,30.7,0.73
2023-06-30T13:00,0.9,176,8.55,30.7,0.66
2023-06-30T14:00,0.92,176,8.4,30.8,0.57
2023-06-30T15:00,0.94,177,8.35,30.8,0.49
2023-06-30T16:00,0.94,178,8.3,30.9,0.4
2023-06-30T17:00,0.96,179,8.25,30.9,0.32
2023-06-30T18:00,0.98,181,8.15,30.9,0.28
2023-06-30T19:00,1.0,182,8.0,30.8,0.29
2023-06-30T20:00,1.02,184,7.9,30.7,0.32
2023-06-30T21:00,1.04,183,7.9,30.7,0.36
2023-06-30T22:00,1.04,183,8.0,30.6,0.4
2023-06-30T23:00,1.06,182,8.05,30.5,0.43
2023-07-01T00:00,1.02,181,8.0,30.5,0.41
2023-07-01T01:00,1.0,181,7.95,30.4,0.35
2023-07-01T02:00,0.96,180,7.95,30.4,0.27
2023-07-01T03:00,0.92,179,8.05,30.3,0.21
2023-07-01T04:00,0.9,179,8.2,30.3,0.17
2023-07-01T05:00,0.86,178,8.4,30.3,0.16
2023-07-01T06:00,0.84,177,8.6,30.3,0.2
2023-07-01T07:00,0.84,175,8.8,30.3,0.28
2023-07-01T08:00,0.82,174,8.95,30.4,0.4
2023-07-01T09:00,0.8,173,9.05,30.5,0.53
2023-07-01T10:00,0.8,172,9.15,30.5,0.64
2023-07-01T11:00,0.78,171,9.2,30.6,0.73
2023-07-01T12:00,0.78,171,9.2,30.6,0.76
2023-07-01T13:00,0.8,171,9.1,30.7,0.71
2023-07-01T14:00,0.8,171,9.15,30.7,0.62
2023-07-01T15:00,0.86,172,9.4,30.8,0.5
2023-07-01T16:00,0.92,173,9.7,30.8,0.38
2023-07-01T17:00,0.98,174,9.85,30.8,0.28
2023-07-01T18:00,0.96,174,9.6,30.8,0.2
2023-07-01T19:00,0.92,173,9.15,30.8,0.17
2023-07-01T20:00,0.9,173,8.8,30.7,0.19
2023-07-01T21:00,0.92,173,8.7,30.6,0.24
2023-07-01T22:00,0.92,173,8.75,30.6,0.31
2023-07-01T23:00,0.94,173,8.8,30.5,0.37
2023-07-02T00:00,0.94,174,8.8,30.5,0.39
2023-07-02T01:00,0.96,175,8.8,30.4,0.36
2023-07-02T02:00,0.96,176,8.8,30.4,0.3
2023-07-02T03:00,0.96,176,8.85,30.3,0.22
2023-07-02T04:00,0.96,175,8.9,30.3,0.15
2023-07-02T05:00,0.96,175,8.95,30.3,0.1
2023-07-02T06:00,0.96,174,9.0,30.3,0.1
2023-07-02T07:00,0.96,173,9.05,30.3,0.15
2023-07-02T08:00,0.96,172,9.05,30.3,0.27
2023-07-02T09:00,0.96,172,8.95,30.4,0.43
2023-07-02T10:00,0.96,172,8.8,30.4,0.58
2023-07-02T11:00,0.96,172,8.7,30.5,0.72
2023-07-02T12:00,0.96,172,8.6,30.5,0.8
2023-07-02T13:00,0.96,172,8.55,30.6,0.81
2023-07-02T14:00,0.96,172,8.5,30.7,0.74
2023-07-02T15:00,0.96,172,8.5,30.8,0.61
2023-07-02T16:00,0.96,173,8.55,30.9,0.49
2023-07-02T17:00,0.96,173,8.55,30.9,0.35
2023-07-02T18:00,0.96,173,8.55,30.9,0.24
2023-07-02T19:00,0.98,173,8.5,30.8,0.16
2023-07-02T20:00,0.98,173,8.45,30.7,0.15
2023-07-02T21:00,1.0,174,8.4,30.6,0.18
2023-07-02T22:00,1.0,175,8.3,30.5,0.28
2023-07-02T23:00,1.02,176,8.25,30.4,0.38
2023-07-03T00:00,1.02,179,8.2,30.4,0.43
2023-07-03T01:00,1.04,181,8.15,30.3,0.42
2023-07-03T02:00,1.04,184,8.05,30.3,0.38
2023-07-03T03:00,1.04,186,7.9,30.2,0.33
2023-07-03T04:00,1.04,189,7.75,30.2,0.22
2023-07-03T05:00,1.04,191,7.65,30.2,0.11
2023-07-03T06:00,1.02,191,7.6,30.2,0.06
2023-07-03T07:00,1.0,191,7.65,30.1,0.07
2023-07-03T08:00,0.98,191,7.65,30.1,0.14
2023-07-03T09:00,0.96,190,7.7,30.1,0.26
2023-07-03T10:00,0.94,189,7.75,30.1,0.43
2023-07-03T11:00,0.92,188,7.75,30.1,0.6
2023-07-03T12:00,0.94,191,7.7,30.1,0.73
2023-07-03T13:00,0.94,194,7.65,30.2,0.79
2023-07-03T14:00,0.96,197,7.55,30.2,0.77
2023-07-03T15:00,0.98,202,7.35,30.2,0.67
2023-07-03T16:00,1.0,208,7.15,30.2,0.52
2023-07-03T17:00,1.02,213,7.15,30.2,0.34
2023-07-03T18:00,1.04,205,7.45,30.2,0.2
2023-07-03T19:00,1.04,196,7.95,30.2,0.11
2023-07-03T20:00,1.06,188,8.4,30.1,0.08
2023-07-03T21:00,1.04,184,8.7,30.1,0.12
2023-07-03T22:00,1.02,180,8.95,30.0,0.21
2023-07-03T23:00,1.0,176,9.15,30.0,0.33
2023-07-04T00:00,1.0,175,9.25,29.9,0.43
2023-07-04T01:00,1.02,175,9.3,29.9,0.47
2023-07-04T02:00,1.02,174,9.25,29.9,0.47
2023-07-04T03:00,1.04,175,9.15,29.9,0.42
2023-07-04T04:00,1.08,175,8.95,29.9,0.31
2023-07-04T05:00,1.1,176,8.75,29.9,0.2
2023-07-04T06:00,1.12,177,8.6,29.9,0.12
2023-07-04T07:00,1.14,179,8.45,29.9,0.06
2023-07-04T08:00,1.16,180,8.3,29.9,0.07
2023-07-04T09:00,1.2,181,8.2,29.9,0.16
2023-07-04T10:00,1.22,182,8.05,29.9,0.32
2023-07-04T11:00,1.26,183,7.95,29.9,0.51
2023-07-04T12:00,1.24,184,7.8,29.9,0.65
2023-07-04T13:00,1.2,184,7.65,29.9,0.75
2023-07-04T14:00,1.18,185,7.55,29.9,0.8
2023-07-04T15:00,1.2,185,7.6,30.0,0.75
2023-07-04T16:00,1.24,186,7.75,30.0,0.64
2023-07-04T17:00,1.26,186,7.9,30.0,0.48
2023-07-04T18:00,1.24,186,8.0,30.0,0.32
2023-07-04T19:00,1.2,185,8.05,29.9,0.17
2023-07-04T20:00,1.18,185,8.1,29.9,0.07
2023-07-04T21:00,1.16,185,8.05,29.9,0.08
2023-07-04T22:00,1.12,186,7.9,29.9,0.15
2023-07-04T23:00,1.1,186,7.9,29.8,0.24
2023-07-05T00:00,1.12,187,8.1,29.8,0.36
2023-07-05T01:00,1.14,187,8.4,29.8,0.45
2023-07-05T02:00,1.16,188,8.7,29.7,0.49
2023-07-05T03:00,1.16,188,8.95,29.7,0.47
2023-07-05T04:00,1.16,187,9.15,29.7,0.39
2023-07-05T05:00,1.16,187,9.35,29.7,0.28
2023-07-05T06:00,1.16,187,9.55,29.7,0.16
2023-07-05T07:00,1.18,186,9.7,29.7,0.07
2023-07-05T08:00,1.18,186,9.85,29.7,0.05
2023-07-05T09:00,1.2,186,9.95,29.7,0.1
2023-07-05T10:00,1.2,186,10.0,29.7,0.22
2023-07-05T11:00,1.22,186,10.05,29.7,0.38
2023-07-05T12:00,1.26,186,10.1,29.7,0.56
2023-07-05T13:00,1.3,186,10.2,29.7,0.7
2023-07-05T14:00,1.34,186,10.25,29.7,0.78
2023-07-05T15:00,1.4,186,10.25,29.8,0.78
2023-07-05T16:00,1.44,185,10.25,29.8,0.72
2023-07-05T17:00,1.5,185,10.25,29.8,0.58
2023-07-05T18:00,1.58,185,10.25,29.8,0.4
2023-07-05T19:00,1.64,186,10.25,29.7,0.24
2023-07-05T20:00,1.72,186,10.2,29.7,0.13
2023-07-05T21:00,1.7,186,10.0,29.7,0.06
2023-07-05T22:00,1.68,186,9.7,29.7,0.07
2023-07-05T23:00,1.66,186,9.55,29.6,0.16
2023-07-06T00:00,1.64,186,9.55,29.6,0.29
2023-07-06T01:00,1.62,185,9.7,29.6,0.4
2023-07-06T02:00,1.6,185,9.85,29.5,0.47
2023-07-06T03:00,1.56,184,10.0,29.5,0.49
2023-07-06T04:00,1.54,182,10.2,29.4,0.45
2023-07-06T05:00,1.5,181,10.4,29.4,0.37
2023-07-06T06:00,1.48,180,10.55,29.4,0.24
2023-07-06T07:00,1.44,180,10.7,29.4,0.12
2023-07-06T08:00,1.42,179,10.85,29.4,0.05
2023-07-06T09:00,1.4,178,11.0,29.5,0.05
2023-07-06T10:00,1.4,178,11.1,29.5,0.11
2023-07-06T11:00,1.38,177,11.2,29.5,0.24
2023-07-06T12:00,1.36,177,11.25,29.6,0.42
2023-07-06T13:00,1.36,176,11.3,29.6,0.57
2023-07-06T14:00,1.34,176,11.3,29.7,0.68
2023-07-06T15:00,1.34,177,11.25,29.7,0.72
2023-07-06T16:00,1.32,177,11.2,29.8,0.7
2023-07-06T17:00,1.32,178,11.15,29.8,0.59
2023-07-06T18:00,1.32,177,11.2,29.8,0.43
2023-07-06T19:00,1.3,177,11.25,29.7,0.28
2023-07-06T20:00,1.3,176,11.35,29.7,0.13
2023-07-06T21:00,1.32,176,11.5,29.6,0.05
2023-07-06T22:00,1.36,175,11.6,29.6,0.03
2023-07-06T23:00,1.38,175,11.65,29.5,0.09
2023-07-07T00:00,1.38,175,11.5,29.5,0.2
2023-07-07T01:00,1.36,176,11.2,29.5,0.31
2023-07-07T02:00,1.36,176,11.05,29.4,0.42
2023-07-07T03:00,1.36,176,11.05,29.4,0.48
2023-07-07T04:00,1.34,176,11.15,29.4,0.48
2023-07-07T05:00,1.34,176,11.25,29.4,0.43
2023-07-07T06:00,1.34,176,11.35,29.4,0.33
2023-07-07T07:00,1.32,176,11.45,29.4,0.2
2023-07-07T08:00,1.32,176,11.55,29.4,0.1
2023-07-07T09:00,1.3,176,11.6,29.4,0.06
2023-07-07T10:00,1.28,175,11.65,29.4,0.08
2023-07-07T11:00,1.26,175,11.65,29.4,0.16
2023-07-07T12:00,1.24,174,11.6,29.4,0.29
2023-07-07T13:00,1.22,174,11.5,29.4,0.45
2023-07-07T14:00,1.2,173,11.45,29.5,0.58
2023-07-07T15:00,1.26,173,11.6,29.5,0.65
2023-07-07T16:00,1.3,172,11.8,29.6,0.65
2023-07-07T17:00,1.36,172,11.95,29.6,0.6
2023-07-07T18:00,1.36,172,11.9,29.6,0.48
2023-07-07T19:00,1.34,172,11.8,29.6,0.32
2023-07-07T20:00,1.34,172,11.75,29.5,0.16
2023-07-07T21:00,1.32,172,11.75,29.5,0.04
2023-07-07T22:00,1.32,171,11.8,29.5,-0.01
2023-07-07T23:00,1.3,171,11.85,29.4,0.01
2023-07-08T00:00,1.3,171,12.0,29.4,0.08
2023-07-08T01:00,1.3,170,12.15,29.4,0.2
2023-07-08T02:00,1.3,170,12.3,29.3,0.33
2023-07-08T03:00,1.28,170,12.35,29.3,0.43
2023-07-08T04:00,1.26,169,12.35,29.3,0.47
2023-07-08T05:00,1.24,169,12.35,29.3,0.47
2023-07-08T06:00,1.24,169,12.4,29.3,0.42
2023-07-08T07:00,1.26,168,12.45,29.4,0.32
2023-07-08T08:00,1.26,168,12.6,29.5,0.21
2023-07-08T09:00,1.32,168,12.95,29.5,0.14
2023-07-08T10:00,1.4,168,13.35,29.6,0.13
2023-07-08T11:00,1.46,168,13.55,29.7,0.18
2023-07-08T12:00,1.4,168,13.35,29.7,0.26
2023-07-08T13:00,1.32,169,12.9,29.8,0.37
2023-07-08T14:00,1.26,169,12.55,29.8,0.5
2023-07-08T15:00,1.26,171,12.4,29.9,0.59
2023-07-08T16:00,1.28,172,12.3,29.9,0.61
2023-07-08T17:00,1.28,174,12.25,29.9,0.56
2023-07-08T18:00,1.28,174,12.2,29.9,0.49
2023-07-08T19:00,1.3,173,12.2,29.8,0.36
2023-07-08T20:00,1.3,173,12.2,29.8,0.21
2023-07-08T21:00,1.28,172,12.15,29.7,0.09
2023-07-08T22:00,1.26,171,12.1,29.6,0.03
2023-07-08T23:00,1.24,170,12.05,29.6,0.02
2023-07-09T00:00,1.24,170,12.1,29.5,0.06
2023-07-09T01:00,1.22,169,12.15,29.5,0.15
2023-07-09T02:00,1.22,169,12.25,29.4,0.28
2023-07-09T03:00,1.22,169,12.35,29.4,0.4
2023-07-09T04:00,1.22,169,12.4,29.4,0.47
2023-07-09T05:00,1.22,169,12.55,29.4,0.5
2023-07-09T06:00,1.24,168,12.75,29.4,0.5
2023-07-09T07:00,1.28,168,12.95,29.5,0.43
2023-07-09T08:00,1.3,167,13.15,29.6,0.33
2023-07-09T09:00,1.3,167,13.25,29.6,0.25
2023-07-09T10:00,1.32,166,13.3,29.7,0.22
2023-07-09T11:00,1.32,166,13.3,29.8,0.21
2023-07-09T12:00,1.32,166,13.3,29.8,0.25
2023-07-09T13:00,1.34,166,13.3,29.8,0.33
2023-07-09T14:00,1.34,166,13.2,29.9,0.43
2023-07-09T15:00,1.36,166,13.05,29.9,0.53
2023-07-09T16:00,1.38,167,12.8,29.9,0.58
2023-07-09T17:00,1.4,167,12.6,29.9,0.57
2023-07-09T18:00,1.42,167,12.4,29.9,0.53
2023-07-09T19:00,1.42,168,12.2,29.8,0.44
2023-07-09T20:00,1.44,168,12.05,29.8,0.31
2023-07-09T21:00,1.42,168,12.0,29.8,0.19
2023-07-09T22:00,1.42,168,12.05,29.8,0.11
2023-07-09T23:00,1.4,168,12.1,29.7,0.07
2023-07-10T00:00,1.4,168,12.1,29.7,0.07
2023-07-10T01:00,1.38,168,12.1,29.6,0.13
2023-07-10T02:00,1.38,168,12.1,29.6,0.22
2023-07-10T03:00,1.38,168,12.05,29.6,0.33
2023-07-10T04:00,1.36,169,12.0,29.5,0.43
2023-07-10T05:00,1.36,169,12.0,29.5,0.49
2023-07-10T06:00,1.34,169,12.0,29.5,0.53
2023-07-10T07:00,1.34,168,12.05,29.6,0.52
2023-07-10T08:00,1.32,168,12.1,29.7,0.46
2023-07-10T09:00,1.32,167,12.1,29.7,0.4
2023-07-10T10:00,1.3,167,12.1,29.8,0.35
2023-07-10T11:00,1.3,166,12.05,29.8,0.32
2023-07-10T12:00,1.28,166,11.95,29.9,0.32
2023-07-10T13:00,1.28,167,11.8,29.9,0.34
2023-07-10T14:00,1.26,167,11.65,29.9,0.4
2023-07-10T15:00,1.26,168,11.4,30.0,0.48
2023-07-10T16:00,1.28,168,11.15,30.0,0.53
2023-07-10T17:00,1.28,169,10.9,30.0,0.55
2023-07-10T18:00,1.26,170,10.6,30.0,0.53
2023-07-10T19:00,1.26,171,10.35,29.9,0.47
2023-07-10T20:00,1.24,172,10.25,29.9,0.38
2023-07-10T21:00,1.28,171,10.5,29.8,0.28
2023-07-10T22:00,1.3,171,10.95,29.8,0.21
2023-07-10T23:00,1.34,170,11.3,29.7,0.15
2023-07-11T00:00,1.3,169,11.35,29.7,0.13
2023-07-11T01:00,1.26,169,11.3,29.7,0.15
2023-07-11T02:00,1.22,168,11.25,29.6,0.22
2023-07-11T03:00,1.18,168,11.25,29.6,0.31
2023-07-11T04:00,1.16,167,11.2,29.6,0.41
2023-07-11T05:00,1.12,167,11.2,29.6,0.5
2023-07-11T06:00,1.12,166,11.2,29.6,0.56
2023-07-11T07:00,1.1,166,11.25,29.6,0.56
2023-07-11T08:00,1.1,165,11.3,29.6,0.56
2023-07-11T09:00,1.08,165,11.35,29.6,0.53
2023-07-11T10:00,1.08,165,11.35,29.6,0.47
2023-07-11T11:00,1.06,165,11.35,29.6,0.43
2023-07-11T12:00,1.06,165,11.35,29.6,0.4
2023-07-11T13:00,1.08,164,11.3,29.7,0.4
2023-07-11T14:00,1.08,164,11.15,29.7,0.41
2023-07-11T15:00,1.12,165,10.7,29.7,0.44
2023-07-11T16:00,1.14,167,10.15,29.7,0.47
2023-07-11T17:00,1.18,168,9.7,29.7,0.49
2023-07-11T18:00,1.2,169,9.45,29.7,0.5
2023-07-11T19:00,1.22,170,9.3,29.7,0.46
2023-07-11T20:00,1.24,171,9.25,29.7,0.4
2023-07-11T21:00,1.22,171,9.3,29.6,0.34
2023-07-11T22:00,1.2,170,9.4,29.6,0.27
2023-07-11T23:00,1.18,170,9.55,29.6,0.2
2023-07-12T00:00,1.16,170,9.7,29.5,0.16
2023-07-12T01:00,1.14,169,9.85,29.5,0.16
2023-07-12T02:00,1.12,169,9.95,29.5,0.18
2023-07-12T03:00,1.12,169,10.0,29.4,0.23
2023-07-12T04:00,1.1,170,9.95,29.4,0.3
2023-07-12T05:00,1.1,170,9.9,29.4,0.39
2023-07-12T06:00,1.1,170,9.8,29.5,0.46
2023-07-12T07:00,1.12,171,9.7,29.5,0.5
2023-07-12T08:00,1.12,171,9.6,29.6,0.52
2023-07-12T09:00,1.1,171,9.55,29.6,0.54
2023-07-12T10:00,1.08,171,9.5,29.7,0.54
2023-07-12T11:00,1.06,171,9.45,29.7,0.5
2023-07-12T12:00,1.08,171,9.35,29.8,0.47
2023-07-12T13:00,1.08,170,9.3,29.8,0.44
2023-07-12T14:00,1.1,170,9.1,29.8,0.42
2023-07-12T15:00,1.16,171,8.75,29.9,0.39
2023-07-12T16:00,1.2,172,8.3,29.9,0.38
2023-07-12T17:00,1.26,173,8.05,29.9,0.39
2023-07-12T18:00,1.26,174,8.05,29.9,0.39
2023-07-12T19:00,1.26,174,8.2,29.8,0.37
2023-07-12T20:00,1.26,175,8.45,29.8,0.35
2023-07-12T21:00,1.22,174,8.75,29.8,0.33
2023-07-12T22:00,1.2,174,9.1,29.8,0.29
2023-07-12T23:00,1.16,173,9.45,29.7,0.23
2023-07-13T00:00,1.14,172,9.75,29.7,0.18
2023-07-13T01:00,1.14,172,9.95,29.7,0.16
2023-07-13T02:00,1.12,171,10.15,29.6,0.16
2023-07-13T03:00,1.1,171,10.2,29.6,0.18
2023-07-13T04:00,1.08,170,10.2,29.6,0.22
2023-07-13T05:00,1.06,170,10.3,29.6,0.27
2023-07-13T06:00,1.1,170,10.6,29.6,0.34
2023-07-13T07:00,1.14,171,10.95,29.7,0.42
2023-07-13T08:00,1.18,171,11.15,29.8,0.48
2023-07-13T09:00,1.2,171,11.0,29.8,0.54
2023-07-13T10:00,1.2,171,10.7,29.9,0.58
2023-07-13T11:00,1.22,171,10.45,30.0,0.57
2023-07-13T12:00,1.22,172,10.3,30.0,0.52
2023-07-13T13:00,1.24,172,10.15,30.1,0.47
2023-07-13T14:00,1.24,173,10.05,30.2,0.43
2023-07-13T15:00,1.24,173,10.05,30.2,0.38
2023-07-13T16:00,1.22,173,10.1,30.2,0.33
2023-07-13T17:00,1.22,173,10.15,30.2,0.29
2023-07-13T18:00,1.22,173,10.15,30.2,0.29
2023-07-13T19:00,1.24,174,10.2,30.1,0.3
2023-07-13T20:00,1.24,174,10.2,30.1,0.28
2023-07-13T21:00,1.24,175,10.2,30.0,0.3
2023-07-13T22:00,1.26,176,10.2,29.9,0.33
2023-07-13T23:00,1.26,177,10.25,29.8,0.3
2023-07-14T00:00,1.24,176,10.3,29.8,0.25
2023-07-14T01:00,1.24,176,10.4,29.7,0.21
2023-07-14T02:00,1.22,175,10.5,29.7,0.2
2023-07-14T03:00,1.2,174,10.6,29.7,0.18
2023-07-14T04:00,1.2,174,10.65,29.6,0.16
2023-07-14T05:00,1.18,173,10.7,29.6,0.2
2023-07-14T06:00,1.18,173,10.75,29.6,0.26
2023-07-14T07:00,1.18,172,10.75,29.7,0.33
2023-07-14T08:00,1.18,172,10.75,29.7,0.41
2023-07-14T09:00,1.16,172,10.65,29.7,0.51
2023-07-14T10:00,1.16,172,10.55,29.8,0.6
2023-07-14T11:00,1.14,172,10.45,29.9,0.63
2023-07-14T12:00,1.14,172,10.4,30.0,0.62
2023-07-14T13:00,1.16,172,10.35,30.2,0.58
2023-07-14T14:00,1.16,172,10.3,30.3,0.53
2023-07-14T15:00,1.2,173,10.25,30.5,0.46
2023-07-14T16:00,1.24,173,10.15,30.6,0.39
2023-07-14T17:00,1.28,174,10.05,30.7,0.33
2023-07-14T18:00,1.32,175,9.9,30.6,0.29
2023-07-14T19:00,1.34,175,9.7,30.5,0.27
2023-07-14T20:00,1.38,176,9.5,30.4,0.28
2023-07-14T21:00,1.3,176,9.3,30.2,0.32
2023-07-14T22:00,1.24,177,9.15,30.1,0.37
2023-07-14T23:00,1.16,177,9.1,30.0,0.39
2023-07-15T00:00,1.14,177,9.2,29.9,0.38
2023-07-15T01:00,1.12,176,9.4,29.8,0.33
2023-07-15T02:00,1.1,176,9.6,29.8,0.29
2023-07-15T03:00,1.08,175,9.75,29.7,0.24
2023-07-15T04:00,1.06,173,9.9,29.7,0.21
2023-07-15T05:00,1.04,172,10.05,29.7,0.2
2023-07-15T06:00,1.02,171,10.15,29.8,0.23
2023-07-15T07:00,1.02,170,10.25,29.8,0.29
2023-07-15T08:00,1.0,169,10.35,29.9,0.37
2023-07-15T09:00,1.0,169,10.45,30.0,0.49
2023-07-15T10:00,1.02,168,10.5,30.1,0.61
2023-07-15T11:00,1.02,168,10.55,30.2,0.7
2023-07-15T12:00,1.02,168,10.55,30.3,0.72
2023-07-15T13:00,1.02,168,10.45,30.3,0.69
2023-07-15T14:00,1.02,168,10.4,30.4,0.63
2023-07-15T15:00,1.02,168,10.3,30.5,0.54
2023-07-15T16:00,1.0,168,10.2,30.6,0.45
2023-07-15T17:00,1.0,168,10.1,30.6,0.35
2023-07-15T18:00,1.02,168,10.1,30.5,0.28
2023-07-15T19:00,1.02,169,10.15,30.5,0.25
2023-07-15T20:00,1.04,169,10.15,30.4,0.26
2023-07-15T21:00,1.04,169,10.1,30.3,0.31
2023-07-15T22:00,1.02,168,10.05,30.2,0.38
2023-07-15T23:00,1.02,168,9.95,30.1,0.45
2023-07-16T00:00,1.0,168,9.8,30.1,0.47
2023-07-16T01:00,1.0,169,9.65,30.0,0.46
2023-07-16T02:00,0.98,169,9.6,30.0,0.41
2023-07-16T03:00,1.0,168,9.75,29.9,0.35
2023-07-16T04:00,1.0,168,9.95,29.9,0.29
2023-07-16T05:00,1.02,167,10.15,29.9,0.23
2023-07-16T06:00,1.02,166,10.25,29.9,0.22
2023-07-16T07:00,1.0,166,10.35,30.0,0.24
2023-07-16T08:00,1.0,165,10.4,30.0,0.32
2023-07-16T09:00,1.0,165,10.45,30.1,0.44
2023-07-16T10:00,0.98,164,10.45,30.2,0.58
2023-07-16T11:00,0.98,164,10.45,30.2,0.7
2023-07-16T12:00,0.96,164,10.4,30.3,0.78
2023-07-16T13:00,0.96,164,10.3,30.3,0.8
2023-07-16T14:00,0.94,164,10.2,30.4,0.72
2023-07-16T15:00,0.92,164,10.1,30.4,0.63
2023-07-16T16:00,0.92,165,10.0,30.5,0.51
2023-07-16T17:00,0.9,165,9.9,30.5,0.39
2023-07-16T18:00,0.9,166,9.75,30.5,0.29
2023-07-16T19:00,0.88,167,9.55,30.4,0.21
2023-07-16T20:00,0.88,168,9.35,30.4,0.19
2023-07-16T21:00,0.88,168,9.2,30.4,0.23
2023-07-16T22:00,0.88,169,9.1,30.3,0.31
2023-07-16T23:00,0.88,169,8.95,30.3,0.38
2023-07-17T00:00,0.88,171,8.75,30.2,0.45
2023-07-17T01:00,0.88,173,8.6,30.2,0.46
2023-07-17T02:00,0.88,175,8.45,30.1,0.42
2023-07-17T03:00,0.86,175,8.4,30.1,0.33
2023-07-17T04:00,0.86,174,8.4,30.0,0.25
2023-07-17T05:00,0.84,174,8.45,30.0,0.17
2023-07-17T06:00,0.84,174,8.5,30.0,0.12
2023-07-17T07:00,0.82,174,8.5,30.0,0.1
2023-07-17T08:00,0.82,174,8.55,30.0,0.15
2023-07-17T09:00,0.82,174,8.6,30.1,0.26
2023-07-17T10:00,0.8,175,8.6,30.1,0.42
2023-07-17T11:00,0.8,175,8.6,30.1,0.57
2023-07-17T12:00,0.8,175,8.5,30.2,0.68
2023-07-17T13:00,0.8,176,8.4,30.2,0.75
2023-07-17T14:00,0.8,176,8.3,30.3,0.72
2023-07-17T15:00,0.82,176,8.2,30.3,0.63
2023-07-17T16:00,0.84,177,8.1,30.4,0.5
2023-07-17T17:00,0.86,177,8.05,30.4,0.35
2023-07-17T18:00,0.88,177,8.0,30.4,0.21
2023-07-17T19:00,0.9,178,7.95,30.3,0.09
2023-07-17T20:00,0.92,178,7.9,30.3,0.04
2023-07-17T21:00,0.92,178,7.9,30.3,0.08
2023-07-17T22:00,0.94,178,7.9,30.2,0.18
2023-07-17T23:00,0.94,178,7.95,30.2,0.27
2023-07-18T00:00,0.92,177,8.05,30.1,0.36
2023-07-18T01:00,0.92,177,8.15,30.1,0.43
2023-07-18T02:00,0.9,176,8.25,30.1,0.43
2023-07-18T03:00,0.86,175,8.3,30.0,0.36
2023-07-18T04:00,0.84,174,8.35,30.0,0.27
2023-07-18T05:00,0.8,173,8.45,30.0,0.17
2023-07-18T06:00,0.8,172,8.65,30.0,0.08
2023-07-18T07:00,0.8,172,8.85,30.0,0.03
2023-07-18T08:00,0.8,171,9.0,30.0,0.04
2023-07-18T09:00,0.82,171,9.0,30.0,0.13
2023-07-18T10:00,0.84,172,8.95,30.0,0.27
2023-07-18T11:00,0.86,172,8.85,30.1,0.44
2023-07-18T12:00,0.88,174,8.7,30.1,0.59
2023-07-18T13:00,0.92,175,8.45,30.2,0.69
2023-07-18T14:00,0.94,177,8.2,30.2,0.71
2023-07-18T15:00,0.98,183,7.9,30.2,0.64
2023-07-18T16:00,1.0,189,7.55,30.3,0.51
2023-07-18T17:00,1.04,195,7.3,30.3,0.36
2023-07-18T18:00,1.04,195,7.25,30.3,0.22
2023-07-18T19:00,1.06,195,7.25,30.2,0.09
2023-07-18T20:00,1.06,195,7.35,30.2,0.01
2023-07-18T21:00,1.04,193,7.45,30.1,0.03
2023-07-18T22:00,1.04,190,7.65,30.1,0.12
2023-07-18T23:00,1.02,188,7.8,30.0,0.23
2023-07-19T00:00,1.0,187,7.95,30.0,0.35
2023-07-19T01:00,1.0,185,8.1,29.9,0.44
2023-07-19T02:00,0.98,184,8.2,29.9,0.48
2023-07-19T03:00,0.96,184,8.3,29.9,0.45
2023-07-19T04:00,0.96,183,8.4,29.8,0.37
2023-07-19T05:00,0.94,183,8.5,29.8,0.27
2023-07-19T06:00,0.92,183,8.6,29.8,0.16
2023-07-19T07:00,0.92,182,8.65,29.8,0.07
2023-07-19T08:00,0.9,182,8.7,29.9,0.04
2023-07-19T09:00,0.92,183,8.75,29.9,0.11
2023-07-19T10:00,0.92,185,8.8,29.9,0.24
2023-07-19T11:00,0.94,186,8.8,29.9,0.39
2023-07-19T12:00,0.96,189,8.8,30.0,0.55
2023-07-19T13:00,1.0,191,8.7,30.0,0.67
2023-07-19T14:00,1.02,194,8.65,30.0,0.74
2023-07-19T15:00,1.04,197,8.55,30.1,0.72
2023-07-19T16:00,1.06,199,8.4,30.1,0.62
2023-07-19T17:00,1.08,202,8.3,30.1,0.46
2023-07-19T18:00,1.08,199,8.3,30.1,0.31
2023-07-19T19:00,1.1,197,8.3,30.1,0.17
2023-07-19T20:00,1.1,194,8.35,30.1,0.08
2023-07-19T21:00,1.08,192,8.4,30.0,0.06
2023-07-19T22:00,1.08,189,8.4,30.0,0.11
2023-07-19T23:00,1.06,187,8.45,29.9,0.21
2023-07-20T00:00,1.06,186,8.45,29.9,0.34
2023-07-20T01:00,1.04,185,8.45,29.8,0.46
2023-07-20T02:00,1.04,184,8.45,29.8,0.53
2023-07-20T03:00,1.04,184,8.5,29.8,0.53
2023-07-20T04:00,1.04,184,8.55,29.7,0.48
2023-07-20T05:00,1.04,184,8.6,29.7,0.38
2023-07-20T06:00,1.06,184,8.7,29.7,0.26
2023-07-20T07:00,1.08,185,8.8,29.7,0.15
2023-07-20T08:00,1.1,185,8.85,29.7,0.09
2023-07-20T09:00,1.08,187,8.85,29.7,0.11
2023-07-20T10:00,1.06,190,8.75,29.8,0.21
2023-07-20T11:00,1.04,192,8.7,29.8,0.36
2023-07-20T12:00,1.06,195,8.7,29.8,0.52
2023-07-20T13:00,1.1,199,8.7,29.8,0.67
2023-07-20T14:00,1.12,202,8.65,29.9,0.76
2023-07-20T15:00,1.14,205,8.45,29.9,0.78
2023-07-20T16:00,1.14,208,8.2,30.0,0.72
2023-07-20T17:00,1.16,211,8.05,30.0,0.58
2023-07-20T18:00,1.16,208,8.05,30.0,0.4
2023-07-20T19:00,1.14,204,8.2,29.9,0.24
2023-07-20T20:00,1.14,201,8.35,29.9,0.12
2023-07-20T21:00,1.1,197,8.55,29.8,0.08
2023-07-20T22:00,1.08,194,8.75,29.8,0.1
2023-07-20T23:00,1.04,190,9.0,29.7,0.19
2023-07-21T00:00,1.04,189,9.2,29.7,0.3
2023-07-21T01:00,1.02,188,9.4,29.6,0.42
2023-07-21T02:00,1.02,187,9.6,29.6,0.51
2023-07-21T03:00,1.02,187,9.8,29.5,0.56
2023-07-21T04:00,1.02,186,10.0,29.5,0.53
2023-07-21T05:00,1.02,186,10.2,29.5,0.46
2023-07-21T06:00,1.02,185,10.5,29.5,0.34
2023-07-21T07:00,1.04,185,10.8,29.5,0.21
2023-07-21T08:00,1.04,184,10.9,29.5,0.14
2023-07-21T09:00,0.96,183,10.65,29.5,0.14
2023-07-21T10:00,0.9,182,10.2,29.5,0.21
2023-07-21T11:00,0.82,181,9.9,29.5,0.32
2023-07-21T12:00,0.92,184,9.95,29.5,0.47
2023-07-21T13:00,1.02,186,10.2,29.6,0.61
2023-07-21T14:00,1.12,189,10.3,29.6,0.7
2023-07-21T15:00,1.18,193,10.15,29.7,0.74
2023-07-21T16:00,1.24,198,9.85,29.7,0.7
2023-07-21T17:00,1.3,202,9.65,29.7,0.59
2023-07-21T18:00,1.32,200,9.6,29.7,0.44
2023-07-21T19:00,1.34,197,9.65,29.6,0.27
2023-07-21T20:00,1.36,195,9.75,29.6,0.12
2023-07-21T21:00,1.36,192,9.9,29.5,0.04
2023-07-21T22:00,1.34,188,10.05,29.5,0.05
2023-07-21T23:00,1.34,185,10.2,29.4,0.11
2023-07-22T00:00,1.34,183,10.25,29.4,0.23
2023-07-22T01:00,1.32,182,10.25,29.3,0.36
2023-07-22T02:00,1.32,180,10.25,29.3,0.46
2023-07-22T03:00,1.32,179,10.25,29.3,0.52
2023-07-22T04:00,1.32,179,10.25,29.2,0.52
2023-07-22T05:00,1.32,178,10.3,29.2,0.47
2023-07-22T06:00,1.32,178,10.4,29.2,0.36
2023-07-22T07:00,1.3,177,10.5,29.2,0.22
2023-07-22T08:00,1.3,177,10.6,29.3,0.13
2023-07-22T09:00,1.3,177,10.7,29.3,0.09
2023-07-22T10:00,1.3,177,10.85,29.3,0.12
2023-07-22T11:00,1.3,177,10.9,29.3,0.19
2023-07-22T12:00,1.32,178,10.9,29.4,0.32
2023-07-22T13:00,1.34,180,10.85,29.4,0.45
2023-07-22T14:00,1.36,181,10.75,29.4,0.56
2023-07-22T15:00,1.38,184,10.5,29.5,0.62
2023-07-22T16:00,1.42,186,10.15,29.5,0.63
2023-07-22T17:00,1.44,189,9.9,29.5,0.54
2023-07-22T18:00,1.46,187,9.9,29.5,0.42
2023-07-22T19:00,1.48,185,10.0,29.4,0.24
2023-07-22T20:00,1.5,183,10.15,29.4,0.11
2023-07-22T21:00,1.48,181,10.3,29.3,0.02
2023-07-22T22:00,1.48,179,10.45,29.3,-0.01
2023-07-22T23:00,1.46,177,10.5,29.2,0.05
2023-07-23T00:00,1.4,176,10.35,29.2,0.15
2023-07-23T01:00,1.36,175,10.1,29.1,0.28
2023-07-23T02:00,1.3,174,10.0,29.1,0.4
2023-07-23T03:00,1.34,174,10.2,29.1,0.48
2023-07-23T04:00,1.4,173,10.5,29.0,0.5
2023-07-23T05:00,1.44,173,10.75,29.0,0.5
2023-07-23T06:00,1.44,173,10.85,29.0,0.45
2023-07-23T07:00,1.46,173,10.85,29.0,0.33
2023-07-23T08:00,1.46,173,10.85,29.1,0.21
2023-07-23T09:00,1.46,174,10.75,29.1,0.15
2023-07-23T10:00,1.46,174,10.65,29.1,0.14
2023-07-23T11:00,1.46,175,10.5,29.2,0.19
2023-07-23T12:00,1.46,176,10.35,29.2,0.3
2023-07-23T13:00,1.46,177,10.15,29.3,0.42
2023-07-23T14:00,1.46,178,10.05,29.3,0.52
2023-07-23T15:00,1.52,179,10.1,29.3,0.6
2023-07-23T16:00,1.56,180,10.2,29.4,0.62
2023-07-23T17:00,1.62,181,10.25,29.4,0.56
2023-07-23T18:00,1.56,181,10.1,29.4,0.47
2023-07-23T19:00,1.5,181,9.8,29.4,0.35
2023-07-23T20:00,1.44,181,9.6,29.3,0.21
2023-07-23T21:00,1.38,180,9.5,29.3,0.08
2023-07-23T22:00,1.34,178,9.4,29.3,0.04
2023-07-23T23:00,1.28,177,9.45,29.2,0.07
2023-07-24T00:00,1.3,176,9.65,29.2,0.14
2023-07-24T01:00,1.3,175,9.9,29.1,0.26
2023-07-24T02:00,1.32,174,10.15,29.1,0.38
2023-07-24T03:00,1.3,173,10.3,29.0,0.48
2023-07-24T04:00,1.3,172,10.4,29.0,0.54
2023-07-24T05:00,1.28,171,10.45,29.0,0.56
2023-07-24T06:00,1.26,171,10.45,29.0,0.52
2023-07-24T07:00,1.26,171,10.45,29.0,0.43
2023-07-24T08:00,1.24,171,10.4,29.0,0.33
2023-07-24T09:00,1.24,171,10.35,29.0,0.25
2023-07-24T10:00,1.22,172,10.35,29.0,0.2
2023-07-24T11:00,1.22,172,10.3,29.0,0.22
2023-07-24T12:00,1.22,171,10.25,29.0,0.3
2023-07-24T13:00,1.22,171,10.15,29.1,0.41
2023-07-24T14:00,1.22,170,10.2,29.1,0.5
2023-07-24T15:00,1.32,170,10.45,29.1,0.59
2023-07-24T16:00,1.44,170,10.85,29.2,0.63
2023-07-24T17:00,1.54,170,10.95,29.2,0.61
2023-07-24T18:00,1.46,170,10.55,29.2,0.54
2023-07-24T19:00,1.36,171,9.85,29.1,0.44
2023-07-24T20:00,1.28,171,9.4,29.1,0.3
2023-07-24T21:00,1.26,170,9.35,29.1,0.18
2023-07-24T22:00,1.22,170,9.5,29.0,0.12
2023-07-24T23:00,1.2,169,9.65,29.0,0.11
2023-07-25T00:00,1.2,169,9.8,28.9,0.15
2023-07-25T01:00,1.18,168,9.95,28.9,0.25
2023-07-25T02:00,1.18,168,10.1,28.9,0.36
2023-07-25T03:00,1.18,168,10.25,28.8,0.47
2023-07-25T04:00,1.18,167,10.35,28.8,0.54
2023-07-25T05:00,1.18,167,10.4,28.8,0.58
2023-07-25T06:00,1.18,167,10.4,28.9,0.56
2023-07-25T07:00,1.16,168,10.35,28.9,0.5
2023-07-25T08:00,1.16,168,10.2,29.0,0.44
2023-07-25T09:00,1.14,169,9.85,29.1,0.36
2023-07-25T10:00,1.12,169,9.4,29.1,0.3
2023-07-25T11:00,1.1,170,9.0,29.2,0.29
2023-07-25T12:00,1.14,171,8.8,29.2,0.31
2023-07-25T13:00,1.18,173,8.65,29.2,0.37
2023-07-25T14:00,1.22,174,8.55,29.2,0.44
2023-07-25T15:00,1.24,175,8.5,29.2,0.51
2023-07-25T16:00,1.24,177,8.45,29.2,0.53
2023-07-25T17:00,1.26,178,8.45,29.2,0.52
2023-07-25T18:00,1.24,178,8.45,29.2,0.47
2023-07-25T19:00,1.22,179,8.45,29.1,0.4
2023-07-25T20:00,1.2,179,8.5,29.1,0.31
2023-07-25T21:00,1.18,177,8.65,29.0,0.2
2023-07-25T22:00,1.14,176,8.9,29.0,0.13
2023-07-25T23:00,1.12,174,9.1,29.0,0.1
2023-07-26T00:00,1.1,173,9.35,28.9,0.11
2023-07-26T01:00,1.08,171,9.55,28.9,0.18
2023-07-26T02:00,1.06,170,9.75,28.9,0.29
2023-07-26T03:00,1.06,170,9.85,28.8,0.39
2023-07-26T04:00,1.06,169,9.95,28.8,0.48
2023-07-26T05:00,1.06,169,10.0,28.8,0.54
2023-07-26T06:00,1.08,169,10.1,28.8,0.55
2023-07-26T07:00,1.08,170,10.15,28.8,0.52
2023-07-26T08:00,1.1,170,10.25,28.8,0.48
2023-07-26T09:00,1.12,171,10.35,28.8,0.43
2023-07-26T10:00,1.12,172,10.5,28.8,0.37
2023-07-26T11:00,1.14,173,10.55,28.9,0.32
2023-07-26T12:00,1.18,175,10.5,28.9,0.31
2023-07-26T13:00,1.2,176,10.35,28.9,0.33
2023-07-26T14:00,1.24,178,10.15,29.0,0.37
2023-07-26T15:00,1.32,180,9.85,29.0,0.42
2023-07-26T16:00,1.38,181,9.55,29.1,0.46
2023-07-26T17:00,1.46,183,9.3,29.1,0.46
2023-07-26T18:00,1.5,183,9.2,29.1,0.44
2023-07-26T19:00,1.54,184,9.15,29.1,0.38
2023-07-26T20:00,1.58,184,9.15,29.0,0.31
2023-07-26T21:00,1.58,184,9.15,29.0,0.25
2023-07-26T22:00,1.56,184,9.15,29.0,0.19
2023-07-26T23:00,1.56,184,9.25,28.9,0.13
2023-07-27T00:00,1.52,182,9.45,28.9,0.1
2023-07-27T01:00,1.5,181,9.75,28.8,0.15
2023-07-27T02:00,1.46,179,10.05,28.8,0.22
2023-07-27T03:00,1.44,177,10.35,28.7,0.29
2023-07-27T04:00,1.4,176,10.7,28.7,0.39
2023-07-27T05:00,1.38,174,10.9,28.7,0.48
2023-07-27T06:00,1.34,173,10.95,28.8,0.52
2023-07-27T07:00,1.3,171,10.9,28.9,0.5
2023-07-27T08:00,1.26,170,10.9,29.0,0.5
2023-07-27T09:00,1.28,170,11.0,29.1,0.5
2023-07-27T10:00,1.32,169,11.2,29.2,0.47
2023-07-27T11:00,1.34,169,11.3,29.2,0.42
2023-07-27T12:00,1.34,169,11.35,29.3,0.39
2023-07-27T13:00,1.36,170,11.35,29.3,0.38
2023-07-27T14:00,1.36,170,11.2,29.3,0.38
2023-07-27T15:00,1.36,173,10.85,29.3,0.39
2023-07-27T16:00,1.34,176,10.35,29.3,0.39
2023-07-27T17:00,1.34,179,10.05,29.3,0.36
2023-07-27T18:00,1.42,178,10.1,29.3,0.34
2023-07-27T19:00,1.5,177,10.35,29.2,0.31
2023-07-27T20:00,1.58,176,10.55,29.2,0.27
2023-07-27T21:00,1.56,176,10.6,29.2,0.24
2023-07-27T22:00,1.56,175,10.6,29.1,0.2
2023-07-27T23:00,1.54,175,10.6,29.1,0.16
2023-07-28T00:00,1.46,174,10.5,29.0,0.13
2023-07-28T01:00,1.38,174,10.4,29.0,0.12
2023-07-28T02:00,1.3,173,10.4,28.9,0.14
2023-07-28T03:00,1.28,172,10.55,28.9,0.19
2023-07-28T04:00,1.28,172,10.8,28.8,0.27
2023-07-28T05:00,1.26,171,11.0,28.8,0.36
2023-07-28T06:00,1.28,170,11.15,28.9,0.43
2023-07-28T07:00,1.28,170,11.3,29.0,0.47
2023-07-28T08:00,1.3,169,11.4,29.1,0.5
2023-07-28T09:00,1.3,169,11.45,29.2,0.53
2023-07-28T10:00,1.32,168,11.5,29.3,0.54
2023-07-28T11:00,1.32,168,11.45,29.3,0.52
2023-07-28T12:00,1.34,168,11.35,29.4,0.48
2023-07-28T13:00,1.34,169,11.2,29.4,0.44
2023-07-28T14:00,1.36,169,11.0,29.4,0.41
2023-07-28T15:00,1.38,172,10.7,29.4,0.38
2023-07-28T16:00,1.4,174,10.3,29.3,0.35
2023-07-28T17:00,1.42,177,10.0,29.3,0.31
2023-07-28T18:00,1.44,180,9.75,29.3,0.27
2023-07-28T19:00,1.44,183,9.5,29.3,0.27
2023-07-28T20:00,1.46,186,9.4,29.2,0.25
2023-07-28T21:00,1.44,185,9.4,29.2,0.23
2023-07-28T22:00,1.44,184,9.5,29.1,0.23
2023-07-28T23:00,1.42,183,9.65,29.1,0.21
2023-07-29T00:00,1.4,180,9.8,29.0,0.18
2023-07-29T01:00,1.36,178,10.0,29.0,0.14
2023-07-29T02:00,1.34,175,10.2,28.9,0.12
2023-07-29T03:00,1.32,173,10.4,28.9,0.14
2023-07-29T04:00,1.3,172,10.6,28.9,0.18
2023-07-29T05:00,1.28,170,10.75,28.9,0.26
2023-07-29T06:00,1.26,169,10.85,28.9,0.34
2023-07-29T07:00,1.26,168,10.95,29.0,0.4
2023-07-29T08:00,1.24,167,11.05,29.1,0.47
2023-07-29T09:00,1.24,166,11.15,29.2,0.55
2023-07-29T10:00,1.22,166,11.2,29.4,0.62
2023-07-29T11:00,1.22,165,11.2,29.4,0.65
2023-07-29T12:00,1.2,165,11.15,29.5,0.63
2023-07-29T13:00,1.2,165,11.1,29.5,0.58
2023-07-29T14:00,1.18,165,10.95,29.5,0.52
2023-07-29T15:00,1.2,166,10.75,29.5,0.45
2023-07-29T16:00,1.2,168,10.5,29.5,0.38
2023-07-29T17:00,1.22,169,10.25,29.5,0.32
2023-07-29T18:00,1.24,171,10.0,29.5,0.28
2023-07-29T19:00,1.24,172,9.8,29.5,0.25
2023-07-29T20:00,1.26,174,9.6,29.4,0.25
2023-07-29T21:00,1.26,175,9.45,29.3,0.28
2023-07-29T22:00,1.26,175,9.35,29.3,0.3
2023-07-29T23:00,1.26,176,9.3,29.2,0.31
2023-07-30T00:00,1.22,175,9.35,29.2,0.29
2023-07-30T01:00,1.2,173,9.45,29.1,0.25
2023-07-30T02:00,1.16,172,9.55,29.1,0.21
2023-07-30T03:00,1.12,171,9.65,29.0,0.19
2023-07-30T04:00,1.1,169,9.75,29.0,0.18
2023-07-30T05:00,1.06,168,9.9,29.0,0.19
2023-07-30T06:00,1.04,167,10.1,29.1,0.23
2023-07-30T07:00,1.04,165,10.3,29.1,0.3
2023-07-30T08:00,1.02,164,10.45,29.2,0.4
2023-07-30T09:00,1.02,163,10.55,29.3,0.51
2023-07-30T10:00,1.02,163,10.65,29.4,0.6
2023-07-30T11:00,1.02,162,10.7,29.5,0.68
2023-07-30T12:00,1.02,162,10.7,29.6,0.71
2023-07-30T13:00,1.04,163,10.7,29.7,0.67
2023-07-30T14:00,1.04,163,10.65,29.8,0.59
2023-07-30T15:00,1.04,163,10.6,29.9,0.49
2023-07-30T16:00,1.06,164,10.5,30.0,0.39
2023-07-30T17:00,1.06,164,10.4,30.0,0.3
2023-07-30T18:00,1.06,165,10.25,29.9,0.23
2023-07-30T19:00,1.08,165,10.05,29.8,0.18
2023-07-30T20:00,1.08,166,9.9,29.7,0.18
2023-07-30T21:00,1.1,168,9.7,29.6,0.23
2023-07-30T22:00,1.12,170,9.55,29.4,0.29
2023-07-30T23:00,1.14,172,9.45,29.3,0.33
2023-07-31T00:00,1.14,172,9.45,29.3,0.36
2023-07-31T01:00,1.14,171,9.5,29.2,0.35
2023-07-31T02:00,1.14,171,9.6,29.2,0.29
2023-07-31T03:00,1.12,170,9.7,29.1,0.23
2023-07-31T04:00,1.12,168,9.8,29.1,0.18
2023-07-31T05:00,1.1,167,9.95,29.1,0.15
2023-07-31T06:00,1.08,166,10.15,29.1,0.14
2023-07-31T07:00,1.06,164,10.35,29.2,0.18
2023-07-31T08:00,1.04,163,10.55,29.2,0.28
2023-07-31T09:00,1.04,163,10.7,29.2,0.42
2023-07-31T10:00,1.02,162,10.8,29.3,0.57
2023-07-31T11:00,1.02,162,10.8,29.3,0.68
2023-07-31T12:00,1.0,162,10.7,29.4,0.76
2023-07-31T13:00,1.0,162,10.55,29.4,0.79
2023-07-31T14:00,0.98,162,10.3,29.5,0.73
2023-07-31T15:00,1.02,167,9.95,29.6,0.61
2023-07-31T16:00,1.08,172,9.45,29.6,0.47
2023-07-31T17:00,1.12,177,9.1,29.6,0.32
2023-07-31T18:00,1.14,179,8.85,29.6,0.2
2023-07-31T19:00,1.16,182,8.7,29.6,0.12
2023-07-31T20:00,1.18,184,8.6,29.5,0.11
2023-07-31T21:00,1.18,183,8.55,29.4,0.17
2023-07-31T22:00,1.16,183,8.55,29.4,0.26
2023-07-31T23:00,1.16,182,8.6,29.3,0.34
2023-08-01T00:00,1.14,180,8.65,29.3,0.4
2023-08-01T01:00,1.1,179,8.8,29.2,0.42
2023-08-01T02:00,1.08,177,8.9,29.2,0.38
2023-08-01T03:00,1.04,175,9.05,29.1,0.31
2023-08-01T04:00,1.0,172,9.2,29.1,0.21
2023-08-01T05:00,0.96,170,9.35,29.1,0.15
2023-08-01T06:00,0.94,169,9.55,29.1,0.1
2023-08-01T07:00,0.92,168,9.75,29.1,0.08
2023-08-01T08:00,0.9,167,9.9,29.2,0.14
2023-08-01T09:00,0.88,167,10.0,29.2,0.28
2023-08-01T10:00,0.84,167,10.0,29.3,0.45
2023-08-01T11:00,0.82,167,9.9,29.3,0.6
2023-08-01T12:00,0.84,171,9.65,29.4,0.73
2023-08-01T13:00,0.84,174,9.3,29.4,0.79
2023-08-01T14:00,0.86,178,8.9,29.5,0.76
2023-08-01T15:00,0.9,186,8.35,29.5,0.65
2023-08-01T16:00,0.94,195,7.8,29.5,0.49
2023-08-01T17:00,0.98,203,7.35,29.5,0.31
2023-08-01T18:00,1.0,205,7.2,29.5,0.16
2023-08-01T19:00,1.04,208,7.2,29.5,0.05
2023-08-01T20:00,1.06,210,7.3,29.4,0.02
2023-08-01T21:00,1.06,207,7.45,29.3,0.07
2023-08-01T22:00,1.04,205,7.6,29.3,0.17
2023-08-01T23:00,1.04,202,7.85,29.2,0.29
2023-08-02T00:00,1.02,196,8.1,29.2,0.39
2023-08-02T01:00,0.98,191,8.4,29.1,0.44
2023-08-02T02:00,0.96,185,8.75,29.1,0.45
2023-08-02T03:00,0.96,180,9.25,29.0,0.38
2023-08-02T04:00,0.98,175,9.85,29.0,0.28
2023-08-02T05:00,0.98,170,10.4,29.0,0.19
2023-08-02T06:00,0.96,169,10.85,29.0,0.09
2023-08-02T07:00,0.96,168,11.2,29.1,0.01
2023-08-02T08:00,0.94,167,11.4,29.2,0.02
2023-08-02T09:00,0.92,166,11.45,29.3,0.13
2023-08-02T10:00,0.92,165,11.35,29.4,0.29
2023-08-02T11:00,0.9,164,11.2,29.4,0.47
2023-08-02T12:00,0.92,165,11.1,29.5,0.65
2023-08-02T13:00,0.96,167,10.95,29.5,0.75
2023-08-02T14:00,0.98,168,10.75,29.5,0.78
2023-08-02T15:00,1.02,173,10.4,29.5,0.72
2023-08-02T16:00,1.04,179,9.95,29.5,0.58
2023-08-02T17:00,1.08,184,9.6,29.5,0.38
2023-08-02T18:00,1.1,186,9.35,29.5,0.22
2023-08-02T19:00,1.14,188,9.1,29.4,0.06
2023-08-02T20:00,1.16,190,9.0,29.4,-0.03
2023-08-02T21:00,1.18,189,9.0,29.3,-0.02
2023-08-02T22:00,1.18,188,9.1,29.3,0.08
2023-08-02T23:00,1.2,187,9.25,29.2,0.21
2023-08-03T00:00,1.18,184,9.5,29.2,0.36
2023-08-03T01:00,1.14,181,9.85,29.1,0.48
2023-08-03T02:00,1.12,178,10.1,29.1,0.54
2023-08-03T03:00,1.06,176,10.2,29.0,0.53
2023-08-03T04:00,1.02,174,10.2,29.0,0.45
2023-08-03T05:00,0.96,172,10.25,29.0,0.32
2023-08-03T06:00,1.0,171,10.5,29.1,0.19
2023-08-03T07:00,1.02,171,10.8,29.1,0.08
2023-08-03T08:00,1.06,170,10.95,29.2,0.05
2023-08-03T09:00,1.08,170,10.85,29.3,0.1
2023-08-03T10:00,1.1,171,10.55,29.4,0.23
2023-08-03T11:00,1.12,171,10.3,29.4,0.42
2023-08-03T12:00,1.14,172,10.1,29.5,0.63
2023-08-03T13:00,1.14,172,9.95,29.5,0.78
2023-08-03T14:00,1.16,173,9.8,29.5,0.84
2023-08-03T15:00,1.16,176,9.7,29.6,0.83
2023-08-03T16:00,1.18,179,9.65,29.6,0.71
2023-08-03T17:00,1.18,182,9.55,29.6,0.54
2023-08-03T18:00,1.2,183,9.45,29.6,0.35
2023-08-03T19:00,1.22,185,9.3,29.5,0.14
2023-08-03T20:00,1.24,186,9.25,29.5,0.01
2023-08-03T21:00,1.22,185,9.25,29.4,-0.02
2023-08-03T22:00,1.2,183,9.35,29.4,0.05
2023-08-03T23:00,1.18,182,9.45,29.3,0.17
2023-08-04T00:00,1.16,180,9.65,29.3,0.32
2023-08-04T01:00,1.16,178,9.95,29.2,0.48
2023-08-04T02:00,1.14,176,10.15,29.2,0.58
2023-08-04T03:00,1.08,175,10.2,29.1,0.61
2023-08-04T04:00,1.02,173,10.2,29.1,0.55
2023-08-04T05:00,0.96,172,10.3,29.1,0.45
2023-08-04T06:00,0.96,171,10.55,29.2,0.31
2023-08-04T07:00,0.98,170,10.9,29.3,0.17
2023-08-04T08:00,0.98,169,11.15,29.4,0.08
2023-08-04T09:00,0.98,169,11.25,29.5,0.07
2023-08-04T10:00,0.98,169,11.3,29.6,0.15
2023-08-04T11:00,0.98,169,11.3,29.7,0.31
2023-08-04T12:00,0.98,169,11.3,29.7,0.49
2023-08-04T13:00,0.98,169,11.3,29.7,0.66
2023-08-04T14:00,0.98,169,11.25,29.8,0.75
2023-08-04T15:00,0.98,170,11.2,29.7,0.77
2023-08-04T16:00,0.98,170,11.1,29.7,0.74
2023-08-04T17:00,0.98,171,10.95,29.7,0.6
2023-08-04T18:00,1.02,174,10.75,29.7,0.39
2023-08-04T19:00,1.04,176,10.55,29.7,0.19
2023-08-04T20:00,1.08,179,10.35,29.6,0.04
2023-08-04T21:00,1.1,180,10.25,29.6,-0.02
2023-08-04T22:00,1.12,180,10.2,29.5,0.0
2023-08-04T23:00,1.14,181,10.2,29.5,0.09
2023-08-05T00:00,1.14,180,10.35,29.4,0.28
2023-08-05T01:00,1.14,178,10.55,29.4,0.45
2023-08-05T02:00,1.14,177,10.8,29.3,0.58
2023-08-05T03:00,1.12,175,11.15,29.3,0.65
2023-08-05T04:00,1.12,173,11.5,29.3,0.65
2023-08-05T05:00,1.1,171,11.9,29.3,0.57
2023-08-05T06:00,1.1,170,12.25,29.3,0.42
2023-08-05T07:00,1.12,169,12.65,29.4,0.27
2023-08-05T08:00,1.12,168,12.95,29.5,0.17
2023-08-05T09:00,1.14,167,13.2,29.6,0.11
2023-08-05T10:00,1.18,167,13.4,29.7,0.14
2023-08-05T11:00,1.2,166,13.55,29.7,0.25
2023-08-05T12:00,1.22,166,13.7,29.8,0.41
2023-08-05T13:00,1.26,166,13.9,29.8,0.59
2023-08-05T14:00,1.28,166,14.0,29.8,0.73
2023-08-05T15:00,1.34,166,14.05,29.8,0.79
2023-08-05T16:00,1.38,165,14.1,29.8,0.77
2023-08-05T17:00,1.44,165,14.1,29.8,0.67
2023-08-05T18:00,1.48,165,14.1,29.8,0.5
2023-08-05T19:00,1.54,165,14.1,29.8,0.29
2023-08-05T20:00,1.58,165,14.05,29.8,0.13
2023-08-05T21:00,1.62,165,14.0,29.7,0.03
2023-08-05T22:00,1.64,165,14.0,29.7,0.0
2023-08-05T23:00,1.68,165,13.95,29.7,0.06
2023-08-06T00:00,1.7,165,13.9,29.6,0.2
2023-08-06T01:00,1.72,165,13.8,29.6,0.37
2023-08-06T02:00,1.74,165,13.75,29.5,0.53
2023-08-06T03:00,1.76,165,13.65,29.5,0.63
2023-08-06T04:00,1.76,164,13.6,29.5,0.66
2023-08-06T05:00,1.78,164,13.5,29.5,0.62
2023-08-06T06:00,1.78,164,13.45,29.5,0.52
2023-08-06T07:00,1.76,164,13.4,29.6,0.38
2023-08-06T08:00,1.76,164,13.35,29.7,0.24
2023-08-06T09:00,1.74,164,13.3,29.9,0.17
2023-08-06T10:00,1.72,163,13.2,30.0,0.17
2023-08-06T11:00,1.7,163,13.15,30.0,0.22
2023-08-06T12:00,1.68,163,13.1,30.1,0.33
2023-08-06T13:00,1.64,163,13.0,30.1,0.49
2023-08-06T14:00,1.62,163,12.95,30.1,0.62
2023-08-06T15:00,1.6,163,12.9,30.1,0.7
2023-08-06T16:00,1.6,163,12.9,30.0,0.7
2023-08-06T17:00,1.58,163,12.85,30.0,0.63
2023-08-06T18:00,1.58,164,12.7,30.0,0.51
2023-08-06T19:00,1.56,164,12.5,30.0,0.33
2023-08-06T20:00,1.56,165,12.35,29.9,0.15
2023-08-06T21:00,1.54,165,12.2,29.9,0.03
2023-08-06T22:00,1.52,166,12.05,29.9,-0.01
2023-08-06T23:00,1.5,166,11.95,29.8,0.02
2023-08-07T00:00,1.48,166,11.85,29.8,0.11
2023-08-07T01:00,1.46,167,11.8,29.7,0.27
2023-08-07T02:00,1.44,167,11.8,29.7,0.43
2023-08-07T03:00,1.42,166,11.8,29.6,0.56
2023-08-07T04:00,1.38,166,11.85,29.6,0.63
2023-08-07T05:00,1.36,165,11.9,29.6,0.65
2023-08-07T06:00,1.36,165,12.0,29.7,0.6
2023-08-07T07:00,1.34,164,12.15,29.7,0.48
2023-08-07T08:00,1.34,164,12.3,29.8,0.36
2023-08-07T09:00,1.34,164,12.4,29.9,0.28
2023-08-07T10:00,1.32,164,12.45,30.0,0.26
2023-08-07T11:00,1.32,164,12.5,30.1,0.28
2023-08-07T12:00,1.32,164,12.5,30.1,0.35
2023-08-07T13:00,1.3,163,12.45,30.1,0.45
2023-08-07T14:00,1.3,163,12.35,30.1,0.57
2023-08-07T15:00,1.28,163,12.2,30.1,0.67
2023-08-07T16:00,1.28,164,12.0,30.1,0.69
2023-08-07T17:00,1.26,164,11.8,30.1,0.65
2023-08-07T18:00,1.26,164,11.6,30.1,0.57
2023-08-07T19:00,1.24,165,11.4,30.1,0.42
2023-08-07T20:00,1.24,165,11.3,30.1,0.26
2023-08-07T21:00,1.22,165,11.25,30.0,0.14
2023-08-07T22:00,1.22,166,11.3,30.0,0.08
2023-08-07T23:00,1.2,166,11.35,30.0,0.07
2023-08-08T00:00,1.2,166,11.4,29.9,0.13
2023-08-08T01:00,1.18,165,11.4,29.9,0.24
2023-08-08T02:00,1.18,165,11.45,29.8,0.37
2023-08-08T03:00,1.18,165,11.45,29.8,0.5
2023-08-08T04:00,1.16,164,11.5,29.8,0.59
2023-08-08T05:00,1.16,164,11.5,29.8,0.65
2023-08-08T06:00,1.14,163,11.5,29.8,0.64
2023-08-08T07:00,1.14,163,11.55,29.9,0.57
2023-08-08T08:00,1.12,162,11.55,30.0,0.46
2023-08-08T09:00,1.1,162,11.5,30.0,0.39
2023-08-08T10:00,1.08,163,11.45,30.1,0.35
2023-08-08T11:00,1.06,163,11.4,30.2,0.34
2023-08-08T12:00,1.06,163,11.4,30.2,0.37
2023-08-08T13:00,1.06,162,11.45,30.2,0.43
2023-08-08T14:00,1.06,162,11.5,30.3,0.51
2023-08-08T15:00,1.06,162,11.55,30.3,0.58
2023-08-08T16:00,1.04,163,11.6,30.3,0.61
2023-08-08T17:00,1.04,163,11.6,30.3,0.59
2023-08-08T18:00,1.04,163,11.55,30.3,0.54
2023-08-08T19:00,1.02,164,11.5,30.2,0.45
2023-08-08T20:00,1.02,164,11.45,30.2,0.33
2023-08-08T21:00,1.0,164,11.45,30.2,0.21
2023-08-08T22:00,1.0,165,11.5,30.2,0.14
2023-08-08T23:00,0.98,165,11.45,30.1,0.12
2023-08-09T00:00,0.98,166,11.25,30.1,0.16
2023-08-09T01:00,1.0,168,11.0,30.0,0.24
2023-08-09T02:00,1.0,169,10.85,30.0,0.34
2023-08-09T03:00,1.0,169,10.8,30.0,0.45
2023-08-09T04:00,0.98,168,10.85,29.9,0.54
2023-08-09T05:00,0.98,168,10.9,29.9,0.6
2023-08-09T06:00,0.96,168,11.0,29.9,0.61
2023-08-09T07:00,0.96,167,11.1,30.0,0.58
2023-08-09T08:00,0.94,167,11.2,30.0,0.53
2023-08-09T09:00,0.94,166,11.3,30.1,0.47
2023-08-09T10:00,0.94,166,11.4,30.1,0.41
2023-08-09T11:00,0.94,165,11.5,30.2,0.39
2023-08-09T12:00,0.94,165,11.6,30.2,0.4
2023-08-09T13:00,0.92,165,11.65,30.2,0.42
2023-08-09T14:00,0.92,165,11.7,30.3,0.45
2023-08-09T15:00,0.92,165,11.7,30.3,0.5
2023-08-09T16:00,0.94,165,11.65,30.3,0.52
2023-08-09T17:00,0.94,165,11.65,30.3,0.5
2023-08-09T18:00,0.96,165,11.65,30.3,0.47
2023-08-09T19:00,0.96,166,11.7,30.3,0.41
2023-08-09T20:00,0.98,166,11.7,30.3,0.33
2023-08-09T21:00,0.98,166,11.75,30.3,0.25
2023-08-09T22:00,0.98,167,11.8,30.3,0.18
2023-08-09T23:00,0.98,167,11.8,30.2,0.15
2023-08-10T00:00,0.98,167,11.8,30.2,0.15
2023-08-10T01:00,1.0,168,11.75,30.2,0.18
2023-08-10T02:00,1.0,168,11.75,30.1,0.24
2023-08-10T03:00,1.0,168,11.8,30.1,0.31
2023-08-10T04:00,1.02,169,11.9,30.0,0.38
2023-08-10T05:00,1.02,169,11.95,30.0,0.45
2023-08-10T06:00,1.02,169,12.0,30.0,0.49
2023-08-10T07:00,1.02,168,12.0,30.0,0.49
2023-08-10T08:00,1.02,168,12.05,30.1,0.48
2023-08-10T09:00,1.02,168,12.1,30.1,0.45
2023-08-10T10:00,1.04,168,12.15,30.1,0.42
2023-08-10T11:00,1.04,168,12.2,30.2,0.38
2023-08-10T12:00,1.04,168,12.25,30.2,0.37
2023-08-10T13:00,1.06,168,12.3,30.2,0.37
2023-08-10T14:00,1.06,168,12.25,30.3,0.38
2023-08-10T15:00,1.08,168,12.05,30.3,0.39
2023-08-10T16:00,1.08,167,11.8,30.4,0.4
2023-08-10T17:00,1.1,167,11.6,30.4,0.38
2023-08-10T18:00,1.1,168,11.45,30.4,0.36
2023-08-10T19:00,1.12,168,11.35,30.4,0.33
2023-08-10T20:00,1.12,169,11.25,30.3,0.29
2023-08-10T21:00,1.08,169,11.15,30.3,0.25
2023-08-10T22:00,1.06,170,11.05,30.3,0.21
2023-08-10T23:00,1.02,170,11.0,30.3,0.17
2023-08-11T00:00,1.04,170,11.1,30.2,0.16
2023-08-11T01:00,1.04,171,11.3,30.2,0.17
2023-08-11T02:00,1.06,171,11.45,30.2,0.19
2023-08-11T03:00,1.06,171,11.45,30.2,0.23
2023-08-11T04:00,1.06,170,11.4,30.1,0.28
2023-08-11T05:00,1.06,170,11.3,30.1,0.31
2023-08-11T06:00,1.06,169,11.2,30.1,0.35
2023-08-11T07:00,1.04,167,11.15,30.2,0.39
2023-08-11T08:00,1.04,166,11.1,30.2,0.41
2023-08-11T09:00,1.02,167,11.15,30.2,0.43
2023-08-11T10:00,1.0,167,11.2,30.3,0.45
2023-08-11T11:00,0.98,168,11.3,30.3,0.43
2023-08-11T12:00,0.98,168,11.4,30.4,0.41
2023-08-11T13:00,0.96,169,11.45,30.4,0.39
2023-08-11T14:00,0.96,169,11.5,30.5,0.38
2023-08-11T15:00,0.96,170,11.5,30.5,0.35
2023-08-11T16:00,0.98,170,11.45,30.6,0.31
2023-08-11T17:00,0.98,171,11.4,30.6,0.28
2023-08-11T18:00,0.98,171,11.35,30.6,0.26
2023-08-11T19:00,1.0,172,11.35,30.6,0.24
2023-08-11T20:00,1.0,172,11.3,30.5,0.21
2023-08-11T21:00,0.98,173,11.25,30.5,0.21
2023-08-11T22:00,0.98,174,11.15,30.5,0.21
2023-08-11T23:00,0.96,175,11.1,30.4,0.2
2023-08-12T00:00,0.96,175,11.1,30.4,0.18
2023-08-12T01:00,0.98,175,11.2,30.4,0.17
2023-08-12T02:00,0.98,175,11.2,30.3,0.18
2023-08-12T03:00,0.96,175,11.15,30.3,0.18
2023-08-12T04:00,0.94,176,11.05,30.3,0.19
2023-08-12T05:00,0.92,176,11.0,30.3,0.21
2023-08-12T06:00,0.92,176,11.0,30.3,0.25
2023-08-12T07:00,0.9,175,11.05,30.3,0.3
2023-08-12T08:00,0.9,175,11.05,30.4,0.35
2023-08-12T09:00,0.9,175,11.05,30.5,0.41
2023-08-12T10:00,0.88,174,11.0,30.5,0.48
2023-08-12T11:00,0.88,174,10.95,30.6,0.51
2023-08-12T12:00,0.88,174,10.85,30.6,0.5
2023-08-12T13:00,0.88,174,10.8,30.7,0.47
2023-08-12T14:00,0.88,174,10.7,30.8,0.43
2023-08-12T15:00,0.88,174,10.65,30.8,0.38
2023-08-12T16:00,0.88,175,10.65,30.9,0.3
2023-08-12T17:00,0.88,175,10.6,30.9,0.26
2023-08-12T18:00,0.88,175,10.55,30.9,0.22
2023-08-12T19:00,0.9,175,10.5,30.8,0.19
2023-08-12T20:00,0.9,175,10.45,30.8,0.19
2023-08-12T21:00,0.9,174,10.45,30.7,0.22
2023-08-12T22:00,0.9,174,10.4,30.6,0.27
2023-08-12T23:00,0.9,173,10.4,30.6,0.28
2023-08-13T00:00,0.9,173,10.35,30.5,0.28
2023-08-13T01:00,0.92,173,10.25,30.5,0.27
2023-08-13T02:00,0.92,173,10.2,30.4,0.25
2023-08-13T03:00,0.92,173,10.2,30.4,0.21
2023-08-13T04:00,0.94,173,10.3,30.3,0.19
2023-08-13T05:00,0.94,173,10.35,30.3,0.18
2023-08-13T06:00,0.94,172,10.4,30.3,0.19
2023-08-13T07:00,0.92,172,10.5,30.4,0.23
2023-08-13T08:00,0.92,171,10.55,30.5,0.3
2023-08-13T09:00,0.92,171,10.6,30.5,0.41
2023-08-13T10:00,0.92,170,10.65,30.6,0.51
2023-08-13T11:00,0.92,170,10.65,30.6,0.6
2023-08-13T12:00,0.9,170,10.6,30.7,0.63
2023-08-13T13:00,0.9,170,10.5,30.7,0.61
2023-08-13T14:00,0.88,170,10.4,30.7,0.56
2023-08-13T15:00,0.88,170,10.4,30.8,0.48
2023-08-13T16:00,0.9,170,10.4,30.8,0.39
2023-08-13T17:00,0.9,170,10.4,30.8,0.28
2023-08-13T18:00,0.9,170,10.35,30.8,0.21
2023-08-13T19:00,0.92,171,10.2,30.8,0.17
2023-08-13T20:00,0.92,171,10.15,30.7,0.18
2023-08-13T21:00,0.92,171,10.15,30.7,0.23
2023-08-13T22:00,0.94,171,10.15,30.7,0.3
2023-08-13T23:00,0.94,171,10.15,30.6,0.37
2023-08-14T00:00,0.94,171,10.1,30.6,0.4
2023-08-14T01:00,0.94,172,10.05,30.5,0.39
2023-08-14T02:00,0.94,172,10.0,30.5,0.35
2023-08-14T03:00,0.94,172,10.0,30.4,0.3
2023-08-14T04:00,0.92,171,10.05,30.4,0.25
2023-08-14T05:00,0.92,171,10.1,30.4,0.2
2023-08-14T06:00,0.92,171,10.1,30.4,0.17
2023-08-14T07:00,0.9,170,10.1,30.4,0.18
2023-08-14T08:00,0.9,170,10.1,30.5,0.25
2023-08-14T09:00,0.9,170,10.15,30.5,0.37
2023-08-14T10:00,0.92,169,10.15,30.5,0.5
2023-08-14T11:00,0.92,169,10.1,30.6,0.63
2023-08-14T12:00,0.94,169,9.85,30.6,0.7
2023-08-14T13:00,0.96,170,9.55,30.6,0.71
2023-08-14T14:00,0.98,170,9.1,30.7,0.65
2023-08-14T15:00,1.04,172,8.5,30.7,0.57
2023-08-14T16:00,1.1,174,7.75,30.7,0.46
2023-08-14T17:00,1.16,176,7.25,30.7,0.33
2023-08-14T18:00,1.16,178,7.05,30.7,0.22
2023-08-14T19:00,1.18,179,7.1,30.7,0.16
2023-08-14T20:00,1.18,181,7.2,30.7,0.15
2023-08-14T21:00,1.14,180,7.4,30.6,0.2
2023-08-14T22:00,1.12,179,7.65,30.6,0.28
2023-08-14T23:00,1.08,178,7.95,30.6,0.38
2023-08-15T00:00,1.06,177,8.2,30.5,0.45
2023-08-15T01:00,1.02,176,8.5,30.5,0.47
2023-08-15T02:00,1.0,175,8.75,30.4,0.43
2023-08-15T03:00,0.98,174,8.95,30.4,0.36
2023-08-15T04:00,0.98,173,9.15,30.3,0.28
2023-08-15T05:00,0.96,172,9.3,30.3,0.19
2023-08-15T06:00,0.96,172,9.45,30.3,0.13
2023-08-15T07:00,0.94,171,9.55,30.4,0.11
2023-08-15T08:00,0.94,171,9.6,30.4,0.15
2023-08-15T09:00,0.94,171,9.6,30.4,0.26
2023-08-15T10:00,0.96,170,9.55,30.5,0.42
2023-08-15T11:00,0.96,170,9.4,30.5,0.56
2023-08-15T12:00,1.0,171,9.1,30.6,0.68
2023-08-15T13:00,1.04,171,8.65,30.6,0.74
2023-08-15T14:00,1.08,172,8.2,30.6,0.7
2023-08-15T15:00,1.18,175,7.75,30.7,0.6
2023-08-15T16:00,1.26,177,7.25,30.7,0.47
2023-08-15T17:00,1.36,180,6.95,30.7,0.32
2023-08-15T18:00,1.34,180,6.95,30.7,0.18
2023-08-15T19:00,1.34,179,7.15,30.6,0.08
2023-08-15T20:00,1.32,179,7.35,30.6,0.05
2023-08-15T21:00,1.28,179,7.55,30.6,0.09
2023-08-15T22:00,1.22,178,7.75,30.5,0.19
2023-08-15T23:00,1.18,178,8.0,30.5,0.32
2023-08-16T00:00,1.16,177,8.3,30.4,0.43
2023-08-16T01:00,1.14,177,8.6,30.4,0.49
2023-08-16T02:00,1.12,176,8.85,30.4,0.49
2023-08-16T03:00,1.1,175,9.0,30.3,0.42
2023-08-16T04:00,1.1,175,9.1,30.3,0.32
2023-08-16T05:00,1.08,174,9.15,30.3,0.22
2023-08-16T06:00,1.06,174,9.2,30.3,0.13
2023-08-16T07:00,1.06,173,9.25,30.3,0.08
2023-08-16T08:00,1.04,173,9.3,30.4,0.1
2023-08-16T09:00,1.04,173,9.35,30.4,0.2
2023-08-16T10:00,1.04,173,9.4,30.4,0.36
2023-08-16T11:00,1.04,173,9.3,30.5,0.54
2023-08-16T12:00,1.08,173,9.05,30.5,0.69
2023-08-16T13:00,1.12,173,8.7,30.5,0.78
2023-08-16T14:00,1.16,173,8.3,30.6,0.8
2023-08-16T15:00,1.26,175,7.75,30.6,0.73
2023-08-16T16:00,1.36,176,7.15,30.6,0.59
2023-08-16T17:00,1.46,178,6.7,30.6,0.41
2023-08-16T18:00,1.48,178,6.6,30.6,0.25
2023-08-16T19:00,1.48,179,6.65,30.6,0.13
2023-08-16T20:00,1.5,179,6.75,30.5,0.07
2023-08-16T21:00,1.46,179,6.8,30.5,0.1
2023-08-16T22:00,1.4,180,6.9,30.4,0.2
2023-08-16T23:00,1.36,180,7.05,30.4,0.34
2023-08-17T00:00,1.32,179,7.25,30.3,0.47
2023-08-17T01:00,1.3,179,7.55,30.3,0.57
2023-08-17T02:00,1.26,178,7.8,30.2,0.59
2023-08-17T03:00,1.22,177,8.0,30.2,0.55
2023-08-17T04:00,1.16,177,8.2,30.1,0.45
2023-08-17T05:00,1.12,176,8.4,30.1,0.33
2023-08-17T06:00,1.14,176,8.6,30.1,0.22
2023-08-17T07:00,1.14,176,8.75,30.2,0.13
2023-08-17T08:00,1.16,176,8.75,30.2,0.11
2023-08-17T09:00,1.06,176,8.35,30.3,0.19
2023-08-17T10:00,0.98,176,7.7,30.3,0.34
2023-08-17T11:00,0.88,176,7.35,30.4,0.52
2023-08-17T12:00,1.04,176,7.5,30.4,0.69
2023-08-17T13:00,1.2,176,7.95,30.5,0.82
2023-08-17T14:00,1.36,176,8.2,30.5,0.86
2023-08-17T15:00,1.44,177,8.05,30.5,0.81
2023-08-17T16:00,1.5,177,7.75,30.6,0.67
2023-08-17T17:00,1.58,178,7.55,30.6,0.49
2023-08-17T18:00,1.56,178,7.6,30.6,0.3
2023-08-17T19:00,1.54,177,7.75,30.5,0.15
2023-08-17T20:00,1.52,177,7.95,30.5,0.07
2023-08-17T21:00,1.46,177,8.15,30.5,0.07
2023-08-17T22:00,1.42,177,8.4,30.4,0.16
2023-08-17T23:00,1.36,177,8.65,30.4,0.3
2023-08-18T00:00,1.34,177,8.95,30.3,0.45
2023-08-18T01:00,1.3,176,9.25,30.3,0.56
2023-08-18T02:00,1.28,176,9.5,30.3,0.62
2023-08-18T03:00,1.28,175,9.75,30.2,0.62
2023-08-18T04:00,1.26,175,9.95,30.2,0.53
2023-08-18T05:00,1.26,174,10.15,30.2,0.38
2023-08-18T06:00,1.26,173,10.3,30.2,0.26
2023-08-18T07:00,1.28,173,10.4,30.2,0.14
2023-08-18T08:00,1.28,172,10.45,30.2,0.09
2023-08-18T09:00,1.3,172,10.4,30.3,0.13
2023-08-18T10:00,1.34,172,10.3,30.3,0.24
2023-08-18T11:00,1.36,172,10.2,30.4,0.41
2023-08-18T12:00,1.4,172,10.1,30.4,0.58
2023-08-18T13:00,1.42,173,10.0,30.5,0.72
2023-08-18T14:00,1.46,173,9.9,30.6,0.79
2023-08-18T15:00,1.5,174,9.7,30.6,0.79
2023-08-18T16:00,1.52,174,9.5,30.7,0.69
2023-08-18T17:00,1.56,175,9.4,30.7,0.49
2023-08-18T18:00,1.6,175,9.45,30.7,0.28
2023-08-18T19:00,1.64,175,9.55,30.6,0.12
2023-08-18T20:00,1.68,175,9.7,30.5,0.02
2023-08-18T21:00,1.66,175,9.8,30.5,-0.01
2023-08-18T22:00,1.66,175,9.9,30.4,0.05
2023-08-18T23:00,1.64,175,10.0,30.3,0.2
2023-08-19T00:00,1.6,175,10.1,30.3,0.36
2023-08-19T01:00,1.58,174,10.2,30.2,0.49
2023-08-19T02:00,1.54,174,10.3,30.2,0.57
2023-08-19T03:00,1.5,173,10.45,30.2,0.61
2023-08-19T04:00,1.48,172,10.6,30.1,0.55
2023-08-19T05:00,1.44,171,10.75,30.1,0.42
2023-08-19T06:00,1.42,171,10.85,30.1,0.27
2023-08-19T07:00,1.42,170,10.95,30.2,0.14
2023-08-19T08:00,1.4,170,11.0,30.2,0.06
2023-08-19T09:00,1.42,170,11.0,30.3,0.07
2023-08-19T10:00,1.42,170,10.9,30.3,0.15
2023-08-19T11:00,1.44,170,10.8,30.4,0.3
2023-08-19T12:00,1.44,170,10.65,30.4,0.48
2023-08-19T13:00,1.46,171,10.45,30.5,0.63
2023-08-19T14:00,1.46,171,10.3,30.6,0.72
2023-08-19T15:00,1.5,172,10.25,30.6,0.74
2023-08-19T16:00,1.54,172,10.2,30.7,0.67
2023-08-19T17:00,1.58,173,10.2,30.7,0.51
2023-08-19T18:00,1.6,173,10.2,30.6,0.3
2023-08-19T19:00,1.62,173,10.25,30.6,0.11
2023-08-19T20:00,1.64,173,10.2,30.5,0.0
2023-08-19T21:00,1.54,172,10.05,30.4,-0.04
2023-08-19T22:00,1.44,171,9.8,30.3,-0.01
2023-08-19T23:00,1.34,170,9.8,30.2,0.11
2023-08-20T00:00,1.38,169,10.2,30.1,0.28
2023-08-20T01:00,1.42,168,10.75,30.0,0.45
2023-08-20T02:00,1.46,167,11.1,30.0,0.56
2023-08-20T03:00,1.38,167,11.0,29.9,0.61
2023-08-20T04:00,1.32,166,10.7,29.9,0.59
2023-08-20T05:00,1.24,166,10.55,29.9,0.51
2023-08-20T06:00,1.28,166,10.75,29.9,0.37
2023-08-20T07:00,1.32,165,11.15,29.9,0.22
2023-08-20T08:00,1.36,165,11.4,29.9,0.12
2023-08-20T09:00,1.34,165,11.45,30.0,0.11
2023-08-20T10:00,1.34,164,11.35,30.0,0.18
2023-08-20T11:00,1.32,164,11.3,30.0,0.3
2023-08-20T12:00,1.3,164,11.25,30.1,0.46
2023-08-20T13:00,1.28,164,11.2,30.1,0.62
2023-08-20T14:00,1.26,164,11.15,30.2,0.73
2023-08-20T15:00,1.26,164,11.1,30.2,0.77
2023-08-20T16:00,1.24,165,11.0,30.3,0.73
2023-08-20T17:00,1.24,165,10.9,30.3,0.62
2023-08-20T18:00,1.24,165,10.8,30.3,0.45
2023-08-20T19:00,1.22,166,10.7,30.3,0.27
2023-08-20T20:00,1.22,166,10.6,30.3,0.13
2023-08-20T21:00,1.2,166,10.55,30.2,0.06
2023-08-20T22:00,1.18,165,10.5,30.2,0.08
2023-08-20T23:00,1.16,165,10.5,30.2,0.17
2023-08-21T00:00,1.16,165,10.5,30.1,0.33
2023-08-21T01:00,1.14,164,10.5,30.1,0.49
2023-08-21T02:00,1.14,164,10.55,30.0,0.62
2023-08-21T03:00,1.14,164,10.6,30.0,0.69
2023-08-21T04:00,1.12,163,10.65,29.9,0.69
2023-08-21T05:00,1.12,163,10.7,29.9,0.65
2023-08-21T06:00,1.1,162,10.8,29.9,0.53
2023-08-21T07:00,1.08,162,10.9,30.0,0.38
2023-08-21T08:00,1.06,161,10.95,30.0,0.24
2023-08-21T09:00,1.06,161,10.95,30.1,0.19
2023-08-21T10:00,1.04,160,10.95,30.1,0.2
2023-08-21T11:00,1.04,160,10.95,30.2,0.28
2023-08-21T12:00,1.02,160,10.95,30.2,0.41
2023-08-21T13:00,1.02,160,10.9,30.3,0.56
2023-08-21T14:00,1.0,160,10.9,30.3,0.67
2023-08-21T15:00,1.0,160,10.95,30.3,0.71
2023-08-21T16:00,1.02,160,11.0,30.4,0.7
2023-08-21T17:00,1.02,160,10.95,30.4,0.62
2023-08-21T18:00,0.98,160,10.55,30.4,0.48
2023-08-21T19:00,0.92,161,10.05,30.4,0.32
2023-08-21T20:00,0.88,161,9.75,30.4,0.18
2023-08-21T21:00,0.92,161,9.9,30.3,0.09
2023-08-21T22:00,0.94,162,10.3,30.3,0.09
2023-08-21T23:00,0.98,162,10.55,30.3,0.17
2023-08-22T00:00,0.98,162,10.55,30.2,0.31
2023-08-22T01:00,0.96,162,10.5,30.2,0.47
2023-08-22T02:00,0.96,162,10.45,30.2,0.61
2023-08-22T03:00,0.96,162,10.5,30.1,0.71
2023-08-22T04:00,0.96,161,10.6,30.1,0.73
2023-08-22T05:00,0.96,161,10.7,30.1,0.68
2023-08-22T06:00,0.98,161,10.7,30.1,0.6
2023-08-22T07:00,1.0,160,10.7,30.1,0.47
2023-08-22T08:00,1.02,160,10.75,30.1,0.33
2023-08-22T09:00,1.02,159,10.85,30.2,0.25
2023-08-22T10:00,1.02,159,11.0,30.2,0.24
2023-08-22T11:00,1.02,158,11.1,30.3,0.29
2023-08-22T12:00,1.02,157,11.1,30.3,0.39
2023-08-22T13:00,1.04,156,11.0,30.4,0.51
2023-08-22T14:00,1.04,155,10.9,30.5,0.62
2023-08-22T15:00,1.06,156,10.7,30.5,0.68
2023-08-22T16:00,1.08,157,10.45,30.6,0.67
2023-08-22T17:00,1.1,158,10.25,30.6,0.6
2023-08-22T18:00,1.1,159,10.05,30.6,0.49
2023-08-22T19:00,1.1,161,9.9,30.5,0.35
2023-08-22T20:00,1.1,162,9.85,30.5,0.21
2023-08-22T21:00,1.08,162,9.95,30.5,0.09
2023-08-22T22:00,1.08,162,10.15,30.4,0.06
2023-08-22T23:00,1.06,162,10.3,30.4,0.1
2023-08-23T00:00,1.06,162,10.4,30.3,0.19
2023-08-23T01:00,1.04,162,10.5,30.3,0.33
2023-08-23T02:00,1.04,162,10.65,30.2,0.48
2023-08-23T03:00,1.04,162,10.85,30.2,0.59
2023-08-23T04:00,1.06,161,11.05,30.2,0.64
2023-08-23T05:00,1.06,161,11.25,30.2,0.63
2023-08-23T06:00,1.06,161,11.4,30.2,0.58
2023-08-23T07:00,1.06,161,11.55,30.2,0.48
2023-08-23T08:00,1.06,161,11.65,30.3,0.36
2023-08-23T09:00,1.06,161,11.75,30.4,0.27
2023-08-23T10:00,1.06,161,11.85,30.4,0.24
2023-08-23T11:00,1.06,161,11.85,30.5,0.25
2023-08-23T12:00,1.06,161,11.8,30.5,0.32
2023-08-23T13:00,1.04,161,11.65,30.5,0.42
2023-08-23T14:00,1.04,161,11.4,30.6,0.52
2023-08-23T15:00,1.06,162,11.0,30.6,0.59
2023-08-23T16:00,1.1,162,10.5,30.6,0.61
2023-08-23T17:00,1.12,163,10.1,30.6,0.57
2023-08-23T18:00,1.14,164,9.95,30.6,0.48
2023-08-23T19:00,1.18,166,9.95,30.6,0.38
2023-08-23T20:00,1.2,167,9.95,30.6,0.25
2023-08-23T21:00,1.18,168,9.95,30.5,0.15
2023-08-23T22:00,1.14,169,9.9,30.5,0.09
2023-08-23T23:00,1.12,170,9.95,30.5,0.1
2023-08-24T00:00,1.12,170,10.05,30.4,0.17
2023-08-24T01:00,1.12,171,10.15,30.4,0.28
2023-08-24T02:00,1.12,171,10.3,30.3,0.41
2023-08-24T03:00,1.1,171,10.45,30.3,0.52
2023-08-24T04:00,1.08,171,10.6,30.2,0.59
2023-08-24T05:00,1.06,171,10.75,30.2,0.61
2023-08-24T06:00,1.06,170,10.95,30.2,0.59
2023-08-24T07:00,1.04,170,11.1,30.2,0.53
2023-08-24T08:00,1.04,169,11.25,30.3,0.45
2023-08-24T09:00,1.04,169,11.35,30.3,0.38
2023-08-24T10:00,1.04,168,11.45,30.3,0.33
2023-08-24T11:00,1.04,168,11.35,30.4,0.32
2023-08-24T12:00,1.08,168,11.1,30.4,0.35
2023-08-24T13:00,1.1,168,10.7,30.5,0.4
2023-08-24T14:00,1.14,168,10.15,30.5,0.47
2023-08-24T15:00,1.22,171,9.4,30.5,0.53
2023-08-24T16:00,1.28,173,8.55,30.6,0.55
2023-08-24T17:00,1.36,176,7.9,30.6,0.52
2023-08-24T18:00,1.38,177,7.7,30.6,0.45
2023-08-24T19:00,1.38,177,7.75,30.5,0.35
2023-08-24T20:00,1.4,178,7.85,30.5,0.26
2023-08-24T21:00,1.36,178,8.05,30.5,0.18
2023-08-24T22:00,1.32,177,8.3,30.4,0.12
2023-08-24T23:00,1.28,177,8.6,30.4,0.11
2023-08-25T00:00,1.24,176,8.9,30.3,0.15
2023-08-25T01:00,1.2,175,9.2,30.3,0.23
2023-08-25T02:00,1.16,174,9.45,30.2,0.33
2023-08-25T03:00,1.14,173,9.7,30.2,0.44
2023-08-25T04:00,1.12,172,9.9,30.2,0.53
2023-08-25T05:00,1.1,171,10.05,30.2,0.58
2023-08-25T06:00,1.08,170,10.2,30.2,0.58
2023-08-25T07:00,1.06,170,10.3,30.2,0.56
2023-08-25T08:00,1.04,169,10.35,30.3,0.53
2023-08-25T09:00,1.02,169,10.35,30.3,0.49
2023-08-25T10:00,1.0,168,10.35,30.4,0.46
2023-08-25T11:00,0.98,168,10.2,30.4,0.44
2023-08-25T12:00,0.98,168,9.9,30.5,0.44
2023-08-25T13:00,1.0,167,9.55,30.5,0.45
2023-08-25T14:00,1.0,167,9.05,30.6,0.48
2023-08-25T15:00,1.08,169,8.4,30.6,0.51
2023-08-25T16:00,1.16,172,7.65,30.6,0.52
2023-08-25T17:00,1.24,174,7.1,30.6,0.5
2023-08-25T18:00,1.28,175,6.95,30.6,0.45
2023-08-25T19:00,1.3,175,6.95,30.6,0.4
2023-08-25T20:00,1.34,176,7.05,30.6,0.34
2023-08-25T21:00,1.32,176,7.1,30.5,0.28
2023-08-25T22:00,1.3,176,7.15,30.5,0.23
2023-08-25T23:00,1.28,176,7.3,30.4,0.21
2023-08-26T00:00,1.28,175,7.55,30.4,0.22
2023-08-26T01:00,1.28,175,7.9,30.3,0.25
2023-08-26T02:00,1.28,174,8.15,30.3,0.31
2023-08-26T03:00,1.2,173,8.3,30.3,0.38
2023-08-26T04:00,1.14,171,8.45,30.2,0.45
2023-08-26T05:00,1.06,170,8.55,30.2,0.51
2023-08-26T06:00,1.02,169,8.7,30.2,0.54
2023-08-26T07:00,1.0,168,8.9,30.3,0.55
2023-08-26T08:00,0.96,167,9.0,30.3,0.55
2023-08-26T09:00,0.96,167,9.05,30.3,0.56
2023-08-26T10:00,0.98,167,9.05,30.4,0.56
2023-08-26T11:00,0.98,167,8.9,30.4,0.54
2023-08-26T12:00,1.02,168,8.6,30.5,0.51
2023-08-26T13:00,1.08,168,8.2,30.5,0.49
2023-08-26T14:00,1.12,169,7.8,30.6,0.48
2023-08-26T15:00,1.2,170,7.4,30.6,0.47
2023-08-26T16:00,1.26,172,7.0,30.6,0.45
2023-08-26T17:00,1.34,173,6.7,30.6,0.42
2023-08-26T18:00,1.32,174,6.6,30.6,0.39
2023-08-26T19:00,1.32,174,6.65,30.6,0.35
2023-08-26T20:00,1.3,175,6.7,30.5,0.31
2023-08-26T21:00,1.28,175,6.75,30.5,0.3
2023-08-26T22:00,1.24,176,6.8,30.4,0.29
2023-08-26T23:00,1.22,176,6.9,30.4,0.27
2023-08-27T00:00,1.18,175,7.0,30.3,0.26
2023-08-27T01:00,1.12,175,7.15,30.3,0.26
2023-08-27T02:00,1.08,174,7.3,30.2,0.28
2023-08-27T03:00,1.02,172,7.55,30.2,0.3
2023-08-27T04:00,0.98,171,7.8,30.2,0.33
2023-08-27T05:00,0.92,169,8.1,30.2,0.38
2023-08-27T06:00,0.9,168,8.4,30.2,0.43
2023-08-27T07:00,0.88,166,8.65,30.2,0.47
2023-08-27T08:00,0.86,165,8.9,30.3,0.5
2023-08-27T09:00,0.86,165,9.05,30.3,0.55
2023-08-27T10:00,0.84,164,9.2,30.4,0.6
2023-08-27T11:00,0.84,164,9.15,30.4,0.62
2023-08-27T12:00,0.86,164,8.9,30.5,0.61
2023-08-27T13:00,0.9,165,8.55,30.5,0.57
2023-08-27T14:00,0.92,165,8.15,30.6,0.53
2023-08-27T15:00,1.06,168,7.7,30.6,0.48
2023-08-27T16:00,1.22,170,7.2,30.6,0.42
2023-08-27T17:00,1.36,173,6.85,30.6,0.36
2023-08-27T18:00,1.34,174,6.65,30.6,0.32
2023-08-27T19:00,1.3,174,6.6,30.6,0.29
2023-08-27T20:00,1.28,175,6.6,30.6,0.28
2023-08-27T21:00,1.22,175,6.7,30.5,0.29
2023-08-27T22:00,1.18,176,6.85,30.5,0.31
2023-08-27T23:00,1.12,176,7.0,30.4,0.34
2023-08-28T00:00,1.06,176,7.15,30.4,0.34
2023-08-28T01:00,1.02,175,7.3,30.3,0.32
2023-08-28T02:00,0.96,175,7.5,30.3,0.29
2023-08-28T03:00,0.92,174,7.8,30.3,0.28
2023-08-28T04:00,0.9,172,8.15,30.2,0.25
2023-08-28T05:00,0.86,171,8.45,30.2,0.26
2023-08-28T06:00,0.84,170,8.7,30.2,0.29
2023-08-28T07:00,0.82,169,8.85,30.3,0.34
2023-08-28T08:00,0.8,168,9.0,30.3,0.42
2023-08-28T09:00,0.8,168,9.1,30.4,0.51
2023-08-28T10:00,0.82,168,9.1,30.4,0.61
2023-08-28T11:00,0.82,168,9.0,30.5,0.69
2023-08-28T12:00,0.88,170,8.6,30.5,0.72
2023-08-28T13:00,0.92,171,8.1,30.6,0.69
2023-08-28T14:00,0.98,173,7.6,30.6,0.62
2023-08-28T15:00,1.1,176,7.2,30.6,0.54
2023-08-28T16:00,1.22,179,6.85,30.7,0.43
2023-08-28T17:00,1.34,182,6.6,30.7,0.33
2023-08-28T18:00,1.36,183,6.6,30.7,0.26
2023-08-28T19:00,1.4,183,6.7,30.6,0.22
2023-08-28T20:00,1.42,184,6.85,30.6,0.24
2023-08-28T21:00,1.4,184,6.9,30.5,0.29
2023-08-28T22:00,1.4,184,7.0,30.5,0.36
2023-08-28T23:00,1.38,184,7.1,30.4,0.44
2023-08-29T00:00,1.36,183,7.25,30.4,0.47
2023-08-29T01:00,1.32,183,7.4,30.3,0.46
2023-08-29T02:00,1.3,182,7.6,30.3,0.41
2023-08-29T03:00,1.28,181,7.85,30.2,0.36
2023-08-29T04:00,1.24,179,8.15,30.2,0.29
2023-08-29T05:00,1.22,178,8.4,30.2,0.25
2023-08-29T06:00,1.22,177,8.6,30.2,0.23
2023-08-29T07:00,1.24,176,8.7,30.2,0.26
2023-08-29T08:00,1.24,175,8.8,30.2,0.34
2023-08-29T09:00,1.26,175,8.75,30.3,0.48
2023-08-29T10:00,1.3,174,8.7,30.3,0.62
2023-08-29T11:00,1.32,174,8.65,30.3,0.73
2023-08-29T12:00,1.34,174,8.75,30.4,0.81
2023-08-29T13:00,1.34,174,8.95,30.4,0.82
2023-08-29T14:00,1.36,174,9.1,30.4,0.74
2023-08-29T15:00,1.36,174,9.25,30.5,0.62
2023-08-29T16:00,1.34,173,9.45,30.5,0.47
2023-08-29T17:00,1.34,173,9.55,30.5,0.33
2023-08-29T18:00,1.34,173,9.55,30.5,0.21
2023-08-29T19:00,1.36,173,9.55,30.5,0.17
2023-08-29T20:00,1.36,173,9.6,30.5,0.18
2023-08-29T21:00,1.4,173,9.8,30.4,0.26
2023-08-29T22:00,1.42,173,10.05,30.4,0.38
2023-08-29T23:00,1.46,173,10.25,30.3,0.49
2023-08-30T00:00,1.44,173,10.35,30.3,0.58
2023-08-30T01:00,1.44,172,10.45,30.2,0.61
2023-08-30T02:00,1.42,172,10.55,30.2,0.56
2023-08-30T03:00,1.42,171,10.75,30.2,0.47
2023-08-30T04:00,1.42,171,11.0,30.1,0.36
2023-08-30T05:00,1.42,170,11.2,30.1,0.26
2023-08-30T06:00,1.42,169,11.3,30.1,0.19
2023-08-30T07:00,1.42,169,11.35,30.2,0.17
2023-08-30T08:00,1.42,168,11.4,30.2,0.23
2023-08-30T09:00,1.42,168,11.4,30.3,0.36
2023-08-30T10:00,1.42,167,11.35,30.3,0.53
2023-08-30T11:00,1.42,167,11.35,30.4,0.7
2023-08-30T12:00,1.42,167,11.35,30.4,0.82
2023-08-30T13:00,1.42,167,11.35,30.4,0.88
2023-08-30T14:00,1.42,167,11.35,30.5,0.84
2023-08-30T15:00,1.42,167,11.3,30.5,0.71
2023-08-30T16:00,1.42,166,11.25,30.5,0.56
2023-08-30T17:00,1.42,166,11.2,30.5,0.39
2023-08-30T18:00,1.42,166,11.15,30.5,0.23
2023-08-30T19:00,1.42,167,11.1,30.5,0.14
2023-08-30T20:00,1.42,167,11.05,30.5,0.13
2023-08-30T21:00,1.42,167,11.05,30.5,0.21
2023-08-30T22:00,1.42,167,11.05,30.4,0.36
2023-08-30T23:00,1.42,167,11.05,30.4,0.51
2023-08-31T00:00,1.42,167,11.05,30.4,0.64
2023-08-31T01:00,1.4,167,11.0,30.4,0.72
2023-08-31T02:00,1.4,167,11.0,30.3,0.71
2023-08-31T03:00,1.4,167,11.0,30.3,0.62
2023-08-31T04:00,1.38,167,11.0,30.3,0.49
2023-08-31T05:00,1.38,167,11.0,30.3,0.34
2023-08-31T06:00,1.38,167,11.0,30.3,0.22
2023-08-31T07:00,1.36,167,11.0,30.4,0.13
2023-08-31T08:00,1.36,167,10.95,30.4,0.14
2023-08-31T09:00,1.34,167,10.9,30.5,0.25
2023-08-31T10:00,1.3,168,10.8,30.6,0.41
2023-08-31T11:00,1.28,168,10.75,30.6,0.61
2023-08-31T12:00,1.28,168,10.75,30.7,0.77
2023-08-31T13:00,1.26,167,10.75,30.7,0.87
2023-08-31T14:00,1.26,167,10.7,30.7,0.86
2023-08-31T15:00,1.26,167,10.6,30.8,0.76
2023-08-31T16:00,1.26,168,10.45,30.8,0.62
2023-08-31T17:00,1.26,168,10.35,30.8,0.42
2023-08-31T18:00,1.3,169,10.3,30.8,0.22
2023-08-31T19:00,1.36,169,10.3,30.7,0.09
2023-08-31T20:00,1.4,170,10.3,30.7,0.03
2023-08-31T21:00,1.38,170,10.3,30.6,0.08
2023-08-31T22:00,1.34,170,10.35,30.6,0.23
2023-08-31T23:00,1.32,170,10.35,30.6,0.43
2023-09-01T00:00,1.3,170,10.4,30.5,0.6
2023-09-01T01:00,1.26,169,10.4,30.5,0.71
2023-09-01T02:00,1.24,169,10.45,30.5,0.76
2023-09-01T03:00,1.22,169,10.5,30.5,0.72
2023-09-01T04:00,1.22,169,10.55,30.5,0.58
2023-09-01T05:00,1.2,169,10.6,30.5,0.41
2023-09-01T06:00,1.22,169,10.65,30.5,0.26
2023-09-01T07:00,1.22,168,10.75,30.5,0.14
2023-09-01T08:00,1.24,168,10.7,30.5,0.09
2023-09-01T09:00,1.28,168,10.45,30.6,0.14
2023-09-01T10:00,1.32,169,10.15,30.6,0.3
2023-09-01T11:00,1.36,169,9.8,30.6,0.5
2023-09-01T12:00,1.4,170,9.5,30.7,0.69
2023-09-01T13:00,1.44,172,9.15,30.7,0.82
2023-09-01T14:00,1.48,173,8.9,30.8,0.88
2023-09-01T15:00,1.52,174,8.7,30.8,0.84
2023-09-01T16:00,1.54,174,8.6,30.9,0.68
2023-09-01T17:00,1.58,175,8.5,30.9,0.48
2023-09-01T18:00,1.58,175,8.45,30.9,0.29
2023-09-01T19:00,1.6,175,8.5,30.8,0.13
2023-09-01T20:00,1.6,175,8.55,30.8,0.02
2023-09-01T21:00,1.6,175,8.65,30.8,0.03
2023-09-01T22:00,1.58,175,8.75,30.7,0.16
2023-09-01T23:00,1.58,175,8.85,30.7,0.35
2023-09-02T00:00,1.58,174,8.95,30.6,0.55
2023-09-02T01:00,1.56,174,9.1,30.6,0.72
2023-09-02T02:00,1.56,173,9.25,30.6,0.82
2023-09-02T03:00,1.54,172,9.4,30.6,0.82
2023-09-02T04:00,1.52,171,9.6,30.5,0.72
2023-09-02T05:00,1.5,170,9.7,30.5,0.55
2023-09-02T06:00,1.5,169,9.75,30.5,0.39
2023-09-02T07:00,1.5,169,9.75,30.5,0.24
2023-09-02T08:00,1.5,168,9.75,30.6,0.14
2023-09-02T09:00,1.5,168,9.7,30.6,0.15
2023-09-02T10:00,1.5,167,9.55,30.6,0.26
2023-09-02T11:00,1.5,167,9.45,30.7,0.44
2023-09-02T12:00,1.48,167,9.35,30.7,0.64
2023-09-02T13:00,1.46,168,9.25,30.8,0.78
2023-09-02T14:00,1.44,168,9.15,30.8,0.86
2023-09-02T15:00,1.42,168,9.1,30.9,0.85
2023-09-02T16:00,1.42,169,9.05,30.9,0.75
2023-09-02T17:00,1.4,169,8.95,30.9,0.57
2023-09-02T18:00,1.38,170,8.8,30.9,0.37
2023-09-02T19:00,1.36,170,8.65,30.9,0.19
2023-09-02T20:00,1.34,171,8.45,30.9,0.08
2023-09-02T21:00,1.34,172,8.25,30.8,0.05
2023-09-02T22:00,1.34,173,8.1,30.8,0.13
2023-09-02T23:00,1.34,174,7.9,30.8,0.3
2023-09-03T00:00,1.34,174,7.7,30.7,0.51
2023-09-03T01:00,1.34,175,7.55,30.7,0.7
2023-09-03T02:00,1.34,175,7.45,30.7,0.83
2023-09-03T03:00,1.32,175,7.4,30.6,0.88
2023-09-03T04:00,1.32,174,7.45,30.6,0.83
2023-09-03T05:00,1.3,174,7.55,30.6,0.68
2023-09-03T06:00,1.32,173,7.8,30.5,0.51
2023-09-03T07:00,1.36,171,8.1,30.5,0.34
2023-09-03T08:00,1.38,170,8.3,30.5,0.2
2023-09-03T09:00,1.36,170,8.35,30.5,0.16
2023-09-03T10:00,1.34,169,8.35,30.5,0.21
2023-09-03T11:00,1.32,169,8.3,30.5,0.34
2023-09-03T12:00,1.3,169,8.3,30.5,0.52
2023-09-03T13:00,1.3,170,8.25,30.5,0.68
2023-09-03T14:00,1.28,170,8.25,30.6,0.78
2023-09-03T15:00,1.28,170,8.25,30.6,0.8
2023-09-03T16:00,1.26,171,8.3,30.6,0.75
2023-09-03T17:00,1.26,171,8.3,30.6,0.62
2023-09-03T18:00,1.26,171,8.3,30.6,0.42
2023-09-03T19:00,1.24,172,8.3,30.6,0.22
2023-09-03T20:00,1.24,172,8.3,30.6,0.08
2023-09-03T21:00,1.24,172,8.25,30.5,0.04
2023-09-03T22:00,1.24,173,8.25,30.5,0.07
2023-09-03T23:00,1.24,173,8.2,30.5,0.21
2023-09-04T00:00,1.24,173,8.2,30.4,0.41
2023-09-04T01:00,1.26,174,8.2,30.4,0.59
2023-09-04T02:00,1.26,174,8.25,30.4,0.76
2023-09-04T03:00,1.26,173,8.3,30.3,0.84
2023-09-04T04:00,1.26,173,8.4,30.3,0.83
2023-09-04T05:00,1.26,172,8.45,30.3,0.74
2023-09-04T06:00,1.26,172,8.5,30.3,0.59
2023-09-04T07:00,1.24,171,8.6,30.3,0.41
2023-09-04T08:00,1.24,171,8.65,30.3,0.27
2023-09-04T09:00,1.24,171,8.7,30.4,0.2
2023-09-04T10:00,1.24,172,8.75,30.4,0.21
2023-09-04T11:00,1.24,172,8.8,30.4,0.28
2023-09-04T12:00,1.24,172,8.9,30.4,0.41
2023-09-04T13:00,1.22,172,9.05,30.5,0.57
2023-09-04T14:00,1.22,172,9.15,30.5,0.68
2023-09-04T15:00,1.22,174,9.3,30.5,0.73
2023-09-04T16:00,1.22,175,9.45,30.5,0.69
2023-09-04T17:00,1.22,177,9.5,30.5,0.59
2023-09-04T18:00,1.22,177,9.35,30.5,0.44
2023-09-04T19:00,1.24,178,9.15,30.5,0.25
2023-09-04T20:00,1.24,178,8.9,30.4,0.1
2023-09-04T21:00,1.26,179,8.7,30.4,0.03
2023-09-04T22:00,1.3,179,8.5,30.4,0.04
2023-09-04T23:00,1.32,180,8.35,30.3,0.13
2023-09-05T00:00,1.36,180,8.3,30.3,0.28
2023-09-05T01:00,1.38,180,8.35,30.2,0.46
2023-09-05T02:00,1.42,180,8.4,30.2,0.62
2023-09-05T03:00,1.44,179,8.5,30.1,0.72
2023-09-05T04:00,1.46,179,8.6,30.1,0.75
2023-09-05T05:00,1.48,178,8.7,30.1,0.7
2023-09-05T06:00,1.48,178,8.75,30.1,0.59
2023-09-05T07:00,1.5,177,8.8,30.1,0.43
2023-09-05T08:00,1.5,177,8.8,30.1,0.29
2023-09-05T09:00,1.5,177,8.8,30.1,0.21
2023-09-05T10:00,1.52,177,8.85,30.1,0.19
2023-09-05T11:00,1.52,177,8.8,30.2,0.23
2023-09-05T12:00,1.52,177,8.7,30.2,0.33
2023-09-05T13:00,1.5,177,8.6,30.2,0.46
2023-09-05T14:00,1.5,177,8.4,30.3,0.57
2023-09-05T15:00,1.46,178,8.1,30.3,0.62
2023-09-05T16:00,1.4,179,7.8,30.4,0.61
2023-09-05T17:00,1.36,180,7.6,30.4,0.54
2023-09-05T18:00,1.4,180,7.65,30.4,0.43
2023-09-05T19:00,1.46,181,7.8,30.3,0.26
2023-09-05T20:00,1.5,181,7.95,30.3,0.11
2023-09-05T21:00,1.5,181,8.1,30.3,0.03
2023-09-05T22:00,1.5,180,8.25,30.2,0.02
2023-09-05T23:00,1.5,180,8.4,30.2,0.07
2023-09-06T00:00,1.52,180,8.5,30.1,0.18
2023-09-06T01:00,1.52,180,8.55,30.1,0.33
2023-09-06T02:00,1.54,180,8.6,30.1,0.47
2023-09-06T03:00,1.56,180,8.6,30.0,0.58
2023-09-06T04:00,1.6,180,8.6,30.0,0.64
2023-09-06T05:00,1.62,180,8.55,30.0,0.62
2023-09-06T06:00,1.64,180,8.5,30.0,0.55
2023-09-06T07:00,1.66,180,8.5,30.0,0.43
2023-09-06T08:00,1.68,180,8.45,30.0,0.31
2023-09-06T09:00,1.7,180,8.45,30.0,0.24
2023-09-06T10:00,1.72,179,8.4,30.0,0.19
2023-09-06T11:00,1.74,179,8.4,30.1,0.21
2023-09-06T12:00,1.76,179,8.35,30.1,0.29
2023-09-06T13:00,1.76,180,8.35,30.2,0.39
2023-09-06T14:00,1.78,180,8.3,30.2,0.48
2023-09-06T15:00,1.8,180,8.25,30.3,0.53
2023-09-06T16:00,1.82,181,8.2,30.3,0.53
2023-09-06T17:00,1.84,181,8.15,30.3,0.48
2023-09-06T18:00,1.82,181,8.15,30.3,0.39
2023-09-06T19:00,1.82,181,8.15,30.3,0.28
2023-09-06T20:00,1.8,181,8.15,30.3,0.16
2023-09-06T21:00,1.74,181,8.1,30.2,0.07
2023-09-06T22:00,1.68,180,8.0,30.2,0.04
2023-09-06T23:00,1.62,180,7.9,30.2,0.07
2023-09-07T00:00,1.64,180,7.85,30.1,0.15
2023-09-07T01:00,1.64,180,7.85,30.1,0.25
2023-09-07T02:00,1.66,180,7.85,30.1,0.37
2023-09-07T03:00,1.66,180,7.9,30.0,0.47
2023-09-07T04:00,1.68,179,8.0,30.0,0.54
2023-09-07T05:00,1.68,179,8.1,30.0,0.55
2023-09-07T06:00,1.68,179,8.15,30.0,0.53
2023-09-07T07:00,1.68,178,8.15,30.0,0.48
2023-09-07T08:00,1.68,178,8.15,30.0,0.39
2023-09-07T09:00,1.68,178,8.1,30.0,0.31
2023-09-07T10:00,1.68,177,8.05,30.1,0.29
2023-09-07T11:00,1.68,177,8.0,30.1,0.3
2023-09-07T12:00,1.68,177,7.95,30.1,0.34
2023-09-07T13:00,1.66,178,7.9,30.1,0.4
2023-09-07T14:00,1.66,178,7.85,30.2,0.42
2023-09-07T15:00,1.66,179,7.8,30.2,0.47
2023-09-07T16:00,1.66,180,7.75,30.2,0.49
2023-09-07T17:00,1.66,181,7.75,30.2,0.46
2023-09-07T18:00,1.64,181,7.75,30.2,0.4
2023-09-07T19:00,1.6,181,7.8,30.2,0.33
2023-09-07T20:00,1.58,181,7.85,30.2,0.25
2023-09-07T21:00,1.54,180,7.95,30.1,0.2
2023-09-07T22:00,1.52,179,8.05,30.1,0.14
2023-09-07T23:00,1.48,178,8.1,30.1,0.15
2023-09-08T00:00,1.48,178,8.1,30.0,0.21
2023-09-08T01:00,1.46,178,8.05,30.0,0.28
2023-09-08T02:00,1.46,178,8.0,30.0,0.35
2023-09-08T03:00,1.44,178,7.9,29.9,0.44
2023-09-08T04:00,1.44,178,7.75,29.9,0.5
2023-09-08T05:00,1.42,178,7.65,29.9,0.52
2023-09-08T06:00,1.42,177,7.65,29.9,0.52
2023-09-08T07:00,1.4,177,7.7,29.9,0.49
2023-09-08T08:00,1.4,176,7.75,29.9,0.46
2023-09-08T09:00,1.4,176,7.85,30.0,0.43
2023-09-08T10:00,1.38,175,7.9,30.0,0.41
2023-09-08T11:00,1.38,175,7.95,30.0,0.4
2023-09-08T12:00,1.38,176,7.9,30.1,0.42
2023-09-08T13:00,1.4,176,7.8,30.1,0.44
2023-09-08T14:00,1.4,177,7.7,30.2,0.46
2023-09-08T15:00,1.44,178,7.6,30.2,0.46
2023-09-08T16:00,1.46,180,7.5,30.3,0.46
2023-09-08T17:00,1.5,181,7.4,30.3,0.42
2023-09-08T18:00,1.52,182,7.35,30.3,0.38
2023-09-08T19:00,1.56,182,7.35,30.2,0.33
2023-09-08T20:00,1.58,183,7.3,30.2,0.28
2023-09-08T21:00,1.6,183,7.25,30.2,0.25
2023-09-08T22:00,1.6,183,7.15,30.1,0.23
2023-09-08T23:00,1.62,183,7.15,30.1,0.22
2023-09-09T00:00,1.56,182,7.25,30.0,0.24
2023-09-09T01:00,1.52,180,7.45,30.0,0.28
2023-09-09T02:00,1.46,179,7.65,29.9,0.31
2023-09-09T03:00,1.4,177,7.9,29.9,0.34
2023-09-09T04:00,1.32,175,8.2,29.8,0.38
2023-09-09T05:00,1.26,173,8.45,29.8,0.42
2023-09-09T06:00,1.22,172,8.65,29.9,0.43
2023-09-09T07:00,1.2,171,8.75,29.9,0.42
2023-09-09T08:00,1.16,170,8.75,30.0,0.44
2023-09-09T09:00,1.2,171,8.55,30.1,0.46
2023-09-09T10:00,1.24,171,8.25,30.1,0.47
2023-09-09T11:00,1.28,172,8.0,30.2,0.47
2023-09-09T12:00,1.3,173,7.85,30.2,0.46
2023-09-09T13:00,1.32,175,7.75,30.3,0.45
2023-09-09T14:00,1.34,176,7.65,30.3,0.43
2023-09-09T15:00,1.34,176,7.6,30.3,0.42
2023-09-09T16:00,1.36,177,7.6,30.3,0.38
2023-09-09T17:00,1.36,177,7.6,30.3,0.35
2023-09-09T18:00,1.38,178,7.55,30.3,0.31
2023-09-09T19:00,1.38,178,7.55,30.3,0.28
2023-09-09T20:00,1.4,179,7.5,30.2,0.27
2023-09-09T21:00,1.4,180,7.45,30.2,0.29
2023-09-09T22:00,1.38,181,7.45,30.2,0.3
2023-09-09T23:00,1.38,182,7.45,30.1,0.3
2023-09-10T00:00,1.34,181,7.55,30.1,0.31
2023-09-10T01:00,1.32,181,7.7,30.0,0.32
2023-09-10T02:00,1.28,180,7.9,30.0,0.33
2023-09-10T03:00,1.24,178,8.1,30.0,0.34
2023-09-10T04:00,1.2,177,8.3,29.9,0.34
2023-09-10T05:00,1.16,175,8.5,29.9,0.34
2023-09-10T06:00,1.16,174,8.65,29.9,0.36
2023-09-10T07:00,1.14,173,8.7,29.9,0.38
2023-09-10T08:00,1.14,172,8.75,30.0,0.41
2023-09-10T09:00,1.14,173,8.75,30.0,0.47
2023-09-10T10:00,1.16,173,8.65,30.0,0.52
2023-09-10T11:00,1.16,174,8.55,30.1,0.55
2023-09-10T12:00,1.16,175,8.4,30.1,0.53
2023-09-10T13:00,1.18,175,8.25,30.2,0.52
2023-09-10T14:00,1.18,176,8.1,30.3,0.49
2023-09-10T15:00,1.22,177,8.05,30.3,0.43
2023-09-10T16:00,1.28,177,8.1,30.4,0.37
2023-09-10T17:00,1.32,178,8.1,30.4,0.31
2023-09-10T18:00,1.3,179,8.05,30.4,0.27
2023-09-10T19:00,1.3,179,7.95,30.3,0.24
2023-09-10T20:00,1.28,180,7.95,30.3,0.25
2023-09-10T21:00,1.24,180,8.0,30.2,0.3
2023-09-10T22:00,1.2,179,8.15,30.2,0.36
2023-09-10T23:00,1.16,179,8.25,30.1,0.39
2023-09-11T00:00,1.14,178,8.35,30.1,0.4
2023-09-11T01:00,1.12,178,8.45,30.0,0.39
2023-09-11T02:00,1.1,177,8.55,30.0,0.37
2023-09-11T03:00,1.08,176,8.65,30.0,0.34
2023-09-11T04:00,1.06,174,8.7,29.9,0.3
2023-09-11T05:00,1.04,173,8.75,29.9,0.28
2023-09-11T06:00,1.02,172,8.8,29.9,0.28
2023-09-11T07:00,1.0,171,8.85,29.9,0.3
2023-09-11T08:00,0.98,170,8.85,30.0,0.36
2023-09-11T09:00,0.96,171,8.8,30.0,0.45
2023-09-11T10:00,0.96,173,8.65,30.0,0.54
2023-09-11T11:00,0.94,174,8.55,30.1,0.61
2023-09-11T12:00,0.94,174,8.5,30.1,0.63
2023-09-11T13:00,0.92,175,8.45,30.1,0.59
2023-09-11T14:00,0.92,175,8.35,30.2,0.52
2023-09-11T15:00,0.92,175,8.2,30.2,0.45
2023-09-11T16:00,0.94,176,8.05,30.2,0.36
2023-09-11T17:00,0.94,176,7.9,30.2,0.26
2023-09-11T18:00,0.94,176,7.8,30.2,0.19
2023-09-11T19:00,0.96,177,7.7,30.2,0.17
2023-09-11T20:00,0.96,177,7.65,30.1,0.19
2023-09-11T21:00,0.92,176,7.75,30.1,0.27
2023-09-11T22:00,0.9,174,7.85,30.0,0.35
2023-09-11T23:00,0.86,173,8.0,30.0,0.42
2023-09-12T00:00,0.84,172,8.05,29.9,0.46
2023-09-12T01:00,0.82,172,8.15,29.9,0.45
2023-09-12T02:00,0.8,171,8.2,29.9,0.42
2023-09-12T03:00,0.78,170,8.3,29.8,0.36
2023-09-12T04:00,0.78,170,8.45,29.8,0.29
2023-09-12T05:00,0.76,169,8.55,29.8,0.24
2023-09-12T06:00,0.76,169,8.7,29.8,0.22
2023-09-12T07:00,0.76,168,8.85,29.8,0.23
2023-09-12T08:00,0.76,168,8.9,29.8,0.29
2023-09-12T09:00,0.78,168,8.75,29.8,0.4
2023-09-12T10:00,0.8,167,8.45,29.9,0.53
2023-09-12T11:00,0.82,167,8.15,29.9,0.64
2023-09-12T12:00,0.86,169,7.8,30.0,0.7
2023-09-12T13:00,0.9,170,7.35,30.0,0.68
2023-09-12T14:00,0.94,172,7.0,30.1,0.61
2023-09-12T15:00,1.0,175,6.75,30.2,0.52
2023-09-12T16:00,1.08,177,6.5,30.2,0.39
2023-09-12T17:00,1.14,180,6.35,30.3,0.28
2023-09-12T18:00,1.18,182,6.25,30.3,0.19
2023-09-12T19:00,1.2,183,6.2,30.2,0.14
2023-09-12T20:00,1.24,185,6.2,30.2,0.15
2023-09-12T21:00,1.22,185,6.2,30.2,0.23
2023-09-12T22:00,1.22,185,6.2,30.1,0.34
2023-09-12T23:00,1.2,185,6.2,30.1,0.45
2023-09-13T00:00,1.18,185,6.25,30.0,0.51
2023-09-13T01:00,1.16,184,6.35,30.0,0.52
2023-09-13T02:00,1.14,184,6.4,30.0,0.48
2023-09-13T03:00,1.1,183,6.4,29.9,0.4
2023-09-13T04:00,1.08,183,6.45,29.9,0.3
2023-09-13T05:00,1.04,182,6.45,29.9,0.2
2023-09-13T06:00,1.02,181,6.55,29.9,0.14
2023-09-13T07:00,1.0,180,6.6,29.9,0.13
2023-09-13T08:00,0.98,179,6.6,29.9,0.19
2023-09-13T09:00,0.9,179,6.35,30.0,0.29
2023-09-13T10:00,0.8,178,5.95,30.0,0.44
2023-09-13T11:00,0.72,178,5.7,30.0,0.58
2023-09-13T12:00,0.8,178,5.8,30.1,0.69
2023-09-13T13:00,0.88,179,6.05,30.1,0.71
2023-09-13T14:00,0.96,179,6.2,30.2,0.66
2023-09-13T15:00,1.02,180,6.15,30.2,0.54
2023-09-13T16:00,1.1,182,6.05,30.3,0.4
2023-09-13T17:00,1.16,183,6.0,30.3,0.25
2023-09-13T18:00,1.16,183,6.0,30.3,0.15
2023-09-13T19:00,1.18,184,6.1,30.2,0.07
2023-09-13T20:00,1.18,184,6.15,30.2,0.07
2023-09-13T21:00,1.18,184,6.2,30.1,0.16
2023-09-13T22:00,1.16,183,6.3,30.1,0.29
2023-09-13T23:00,1.16,183,6.4,30.0,0.43
2023-09-14T00:00,1.14,183,6.5,30.0,0.54
2023-09-14T01:00,1.12,182,6.6,29.9,0.59
2023-09-14T02:00,1.1,182,6.75,29.9,0.57
2023-09-14T03:00,1.06,181,6.95,29.9,0.47
2023-09-14T04:00,1.02,179,7.15,29.8,0.35
2023-09-14T05:00,0.98,178,7.35,29.8,0.25
2023-09-14T06:00,0.98,177,7.45,29.8,0.14
2023-09-14T07:00,0.98,177,7.55,29.9,0.1
2023-09-14T08:00,0.98,176,7.55,29.9,0.13
2023-09-14T09:00,1.04,177,7.4,30.0,0.24
2023-09-14T10:00,1.08,177,7.2,30.0,0.41
2023-09-14T11:00,1.14,178,7.0,30.1,0.58
2023-09-14T12:00,1.2,179,6.9,30.1,0.71
2023-09-14T13:00,1.28,179,6.85,30.2,0.75
2023-09-14T14:00,1.34,180,6.8,30.2,0.72
2023-09-14T15:00,1.38,181,6.75,30.2,0.62
2023-09-14T16:00,1.42,182,6.75,30.3,0.46
2023-09-14T17:00,1.46,183,6.8,30.3,0.29
2023-09-14T18:00,1.48,183,6.9,30.3,0.17
2023-09-14T19:00,1.52,183,7.0,30.2,0.08
2023-09-14T20:00,1.54,183,7.1,30.2,0.05
2023-09-14T21:00,1.56,183,7.2,30.2,0.13
2023-09-14T22:00,1.56,182,7.3,30.1,0.29
2023-09-14T23:00,1.58,182,7.4,30.1,0.44
2023-09-15T00:00,1.56,181,7.55,30.0,0.58
2023-09-15T01:00,1.54,179,7.7,30.0,0.68
2023-09-15T02:00,1.52,178,7.9,29.9,0.69
2023-09-15T03:00,1.48,177,8.15,29.9,0.61
2023-09-15T04:00,1.46,175,8.4,29.8,0.47
2023-09-15T05:00,1.42,174,8.6,29.8,0.34
2023-09-15T06:00,1.42,174,8.7,29.8,0.22
2023-09-15T07:00,1.42,173,8.7,29.8,0.14
2023-09-15T08:00,1.42,173,8.65,29.9,0.14
2023-09-15T09:00,1.46,173,8.5,29.9,0.23
2023-09-15T10:00,1.5,174,8.3,29.9,0.39
2023-09-15T11:00,1.54,174,8.15,30.0,0.58
2023-09-15T12:00,1.56,174,8.05,30.0,0.73
2023-09-15T13:00,1.56,175,8.0,30.0,0.82
2023-09-15T14:00,1.58,175,7.95,30.1,0.83
2023-09-15T15:00,1.56,175,7.9,30.1,0.75
2023-09-15T16:00,1.56,176,7.85,30.1,0.6
2023-09-15T17:00,1.54,176,7.9,30.1,0.42
2023-09-15T18:00,1.56,176,8.15,30.1,0.24
2023-09-15T19:00,1.56,175,8.55,30.1,0.12
2023-09-15T20:00,1.58,175,8.8,30.1,0.09
2023-09-15T21:00,1.48,174,8.75,30.0,0.15
2023-09-15T22:00,1.4,174,8.55,30.0,0.28
2023-09-15T23:00,1.3,173,8.5,30.0,0.46
2023-09-16T00:00,1.32,173,8.65,29.9,0.63
2023-09-16T01:00,1.36,172,8.95,29.9,0.74
2023-09-16T02:00,1.38,172,9.15,29.9,0.78
2023-09-16T03:00,1.38,172,9.25,29.8,0.73
2023-09-16T04:00,1.4,172,9.25,29.8,0.6
2023-09-16T05:00,1.4,172,9.25,29.8,0.44
2023-09-16T06:00,1.4,172,9.2,29.8,0.28
2023-09-16T07:00,1.4,172,9.15,29.8,0.16
2023-09-16T08:00,1.4,172,9.1,29.8,0.13
2023-09-16T09:00,1.4,172,9.05,29.9,0.19
2023-09-16T10:00,1.42,172,9.05,29.9,0.33
2023-09-16T11:00,1.42,172,9.0,29.9,0.52
2023-09-16T12:00,1.42,172,8.95,30.0,0.69
2023-09-16T13:00,1.44,173,8.95,30.0,0.78
2023-09-16T14:00,1.44,173,8.9,30.1,0.8
2023-09-16T15:00,1.44,174,8.8,30.1,0.77
2023-09-16T16:00,1.46,174,8.7,30.2,0.65
2023-09-16T17:00,1.46,175,8.65,30.2,0.44
2023-09-16T18:00,1.46,175,8.65,30.2,0.24
2023-09-16T19:00,1.46,175,8.65,30.1,0.12
2023-09-16T20:00,1.46,175,8.7,30.1,0.06
2023-09-16T21:00,1.44,175,8.8,30.1,0.09
2023-09-16T22:00,1.44,174,8.95,30.0,0.22
2023-09-16T23:00,1.42,174,9.05,30.0,0.41
2023-09-17T00:00,1.4,173,9.15,29.9,0.59
2023-09-17T01:00,1.38,173,9.25,29.9,0.73
2023-09-17T02:00,1.36,172,9.3,29.9,0.8
2023-09-17T03:00,1.32,172,9.25,29.8,0.79
2023-09-17T04:00,1.28,172,9.1,29.8,0.69
2023-09-17T05:00,1.24,172,9.0,29.8,0.52
2023-09-17T06:00,1.26,172,8.9,29.8,0.35
2023-09-17T07:00,1.26,173,8.8,29.8,0.21
2023-09-17T08:00,1.28,173,8.75,29.8,0.14
2023-09-17T09:00,1.38,173,8.85,29.9,0.17
2023-09-17T10:00,1.48,172,9.0,29.9,0.28
2023-09-17T11:00,1.58,172,9.1,29.9,0.44
2023-09-17T12:00,1.56,172,9.15,30.0,0.62
2023-09-17T13:00,1.56,171,9.1,30.0,0.75
2023-09-17T14:00,1.54,171,9.05,30.0,0.8
2023-09-17T15:00,1.52,171,8.9,30.1,0.78
2023-09-17T16:00,1.48,171,8.75,30.1,0.68
2023-09-17T17:00,1.46,171,8.65,30.1,0.5
2023-09-17T18:00,1.48,171,8.65,30.1,0.31
2023-09-17T19:00,1.5,171,8.7,30.1,0.15
2023-09-17T20:00,1.52,171,8.75,30.1,0.06
2023-09-17T21:00,1.52,172,8.7,30.0,0.07
2023-09-17T22:00,1.52,172,8.65,30.0,0.16
2023-09-17T23:00,1.52,173,8.5,29.9,0.34
2023-09-18T00:00,1.46,174,8.25,29.9,0.54
2023-09-18T01:00,1.42,174,8.0,29.8,0.69
2023-09-18T02:00,1.36,175,7.8,29.8,0.77
2023-09-18T03:00,1.38,175,7.75,29.7,0.79
2023-09-18T04:00,1.38,175,7.75,29.7,0.73
2023-09-18T05:00,1.4,175,7.8,29.7,0.58
2023-09-18T06:00,1.42,175,7.85,29.7,0.41
2023-09-18T07:00,1.44,174,7.95,29.6,0.24
2023-09-18T08:00,1.46,174,8.0,29.6,0.13
2023-09-18T09:00,1.48,174,7.9,29.7,0.11
2023-09-18T10:00,1.52,175,7.75,29.7,0.19
2023-09-18T11:00,1.54,175,7.65,29.7,0.33
2023-09-18T12:00,1.54,175,7.6,29.7,0.5
2023-09-18T13:00,1.54,175,7.55,29.7,0.65
2023-09-18T14:00,1.54,175,7.5,29.8,0.73
2023-09-18T15:00,1.52,175,7.45,29.8,0.72
2023-09-18T16:00,1.48,175,7.45,29.9,0.63
2023-09-18T17:00,1.46,175,7.45,29.9,0.49
2023-09-18T18:00,1.44,175,7.45,29.9,0.31
2023-09-18T19:00,1.4,175,7.5,29.8,0.12
2023-09-18T20:00,1.38,175,7.55,29.8,0.01
2023-09-18T21:00,1.36,175,7.6,29.8,0.01
2023-09-18T22:00,1.32,174,7.65,29.7,0.09
2023-09-18T23:00,1.3,174,7.7,29.7,0.24
2023-09-19T00:00,1.28,174,7.75,29.6,0.42
2023-09-19T01:00,1.26,174,7.75,29.6,0.6
2023-09-19T02:00,1.24,174,7.75,29.6,0.72
2023-09-19T03:00,1.24,174,7.75,29.5,0.75
2023-09-19T04:00,1.24,174,7.7,29.5,0.72
2023-09-19T05:00,1.24,174,7.65,29.5,0.61
2023-09-19T06:00,1.24,174,7.6,29.5,0.45
2023-09-19T07:00,1.26,173,7.55,29.5,0.27
2023-09-19T08:00,1.26,173,7.5,29.5,0.15
2023-09-19T09:00,1.28,173,7.45,29.6,0.11
2023-09-19T10:00,1.28,173,7.4,29.6,0.16
2023-09-19T11:00,1.3,173,7.4,29.6,0.27
2023-09-19T12:00,1.32,174,7.45,29.7,0.44
2023-09-19T13:00,1.32,174,7.5,29.7,0.59
2023-09-19T14:00,1.34,175,7.55,29.8,0.65
2023-09-19T15:00,1.34,176,7.55,29.8,0.66
2023-09-19T16:00,1.34,176,7.55,29.9,0.64
2023-09-19T17:00,1.34,177,7.55,29.9,0.54
2023-09-19T18:00,1.32,177,7.6,29.9,0.38
2023-09-19T19:00,1.32,177,7.7,29.9,0.2
2023-09-19T20:00,1.3,177,7.85,29.9,0.08
2023-09-19T21:00,1.3,177,8.1,29.9,0.04
2023-09-19T22:00,1.32,176,8.4,29.8,0.1
2023-09-19T23:00,1.32,176,8.65,29.8,0.22
2023-09-20T00:00,1.3,175,8.8,29.8,0.39
2023-09-20T01:00,1.26,174,8.9,29.8,0.59
2023-09-20T02:00,1.24,173,8.95,29.8,0.73
2023-09-20T03:00,1.22,173,8.95,29.7,0.79
2023-09-20T04:00,1.22,172,8.95,29.7,0.77
2023-09-20T05:00,1.2,172,8.95,29.7,0.69
2023-09-20T06:00,1.2,171,9.0,29.7,0.57
2023-09-20T07:00,1.22,171,9.05,29.8,0.42
2023-09-20T08:00,1.22,170,9.1,29.8,0.27
2023-09-20T09:00,1.22,170,9.2,29.8,0.2
2023-09-20T10:00,1.2,169,9.3,29.9,0.22
2023-09-20T11:00,1.2,169,9.3,29.9,0.29
2023-09-20T12:00,1.16,169,9.05,30.0,0.41
2023-09-20T13:00,1.1,168,8.7,30.0,0.55
2023-09-20T14:00,1.06,168,8.45,30.0,0.66
2023-09-20T15:00,1.12,168,8.4,30.1,0.69
2023-09-20T16:00,1.2,169,8.45,30.1,0.64
2023-09-20T17:00,1.26,169,8.5,30.1,0.57
2023-09-20T18:00,1.3,170,8.5,30.1,0.45
2023-09-20T19:00,1.32,170,8.45,30.1,0.29
2023-09-20T20:00,1.36,171,8.45,30.1,0.14
2023-09-20T21:00,1.38,171,8.5,30.0,0.09
2023-09-20T22:00,1.38,172,8.55,30.0,0.12
2023-09-20T23:00,1.4,172,8.65,30.0,0.2
2023-09-21T00:00,1.38,172,8.85,29.9,0.34
2023-09-21T01:00,1.38,171,9.15,29.9,0.5
2023-09-21T02:00,1.36,171,9.4,29.8,0.65
2023-09-21T03:00,1.3,170,9.55,29.8,0.74
2023-09-21T04:00,1.24,169,9.65,29.8,0.74
2023-09-21T05:00,1.18,168,9.75,29.8,0.7
2023-09-21T06:00,1.2,168,9.95,29.8,0.6
2023-09-21T07:00,1.24,167,10.2,29.8,0.47
2023-09-21T08:00,1.26,167,10.4,29.9,0.34
2023-09-21T09:00,1.28,167,10.45,30.0,0.26
2023-09-21T10:00,1.3,167,10.45,30.0,0.25
2023-09-21T11:00,1.32,167,10.4,30.1,0.29
2023-09-21T12:00,1.34,167,10.35,30.1,0.37
2023-09-21T13:00,1.34,168,10.3,30.2,0.47
2023-09-21T14:00,1.36,168,10.25,30.2,0.57
2023-09-21T15:00,1.38,168,10.25,30.2,0.62
2023-09-21T16:00,1.38,169,10.2,30.3,0.61
2023-09-21T17:00,1.4,169,10.2,30.3,0.53
2023-09-21T18:00,1.42,169,10.15,30.3,0.42
2023-09-21T19:00,1.44,170,10.1,30.3,0.32
2023-09-21T20:00,1.46,170,10.0,30.2,0.21
2023-09-21T21:00,1.48,170,9.85,30.2,0.14
2023-09-21T22:00,1.5,171,9.7,30.2,0.14
2023-09-21T23:00,1.52,171,9.6,30.1,0.19
2023-09-22T00:00,1.52,171,9.55,30.1,0.3
2023-09-22T01:00,1.5,172,9.6,30.1,0.44
2023-09-22T02:00,1.5,172,9.65,30.0,0.57
2023-09-22T03:00,1.48,171,9.8,30.0,0.67
2023-09-22T04:00,1.48,171,10.0,30.0,0.7
2023-09-22T05:00,1.46,170,10.15,30.0,0.68
2023-09-22T06:00,1.44,169,10.3,30.0,0.62
2023-09-22T07:00,1.42,169,10.4,30.0,0.52
2023-09-22T08:00,1.4,168,10.4,30.0,0.43
2023-09-22T09:00,1.42,168,10.25,30.1,0.36
2023-09-22T10:00,1.44,169,10.05,30.1,0.32
2023-09-22T11:00,1.46,169,9.85,30.1,0.33
2023-09-22T12:00,1.48,169,9.7,30.2,0.38
2023-09-22T13:00,1.52,170,9.55,30.2,0.45
2023-09-22T14:00,1.54,170,9.4,30.2,0.51
2023-09-22T15:00,1.56,171,9.3,30.3,0.53
2023-09-22T16:00,1.58,171,9.2,30.3,0.54
2023-09-22T17:00,1.6,172,9.1,30.3,0.5
2023-09-22T18:00,1.6,172,9.05,30.3,0.42
2023-09-22T19:00,1.58,173,9.05,30.3,0.33
2023-09-22T20:00,1.58,173,9.05,30.3,0.25
2023-09-22T21:00,1.54,173,9.1,30.2,0.19
2023-09-22T22:00,1.5,172,9.2,30.2,0.17
2023-09-22T23:00,1.46,172,9.35,30.2,0.19
2023-09-23T00:00,1.46,172,9.55,30.1,0.27
2023-09-23T01:00,1.46,171,9.85,30.1,0.37
2023-09-23T02:00,1.46,171,10.05,30.1,0.47
2023-09-23T03:00,1.42,170,10.15,30.0,0.56
2023-09-23T04:00,1.4,170,10.2,30.0,0.62
2023-09-23T05:00,1.36,169,10.3,30.0,0.63
2023-09-23T06:00,1.38,168,10.5,30.1,0.6
2023-09-23T07:00,1.38,168,10.8,30.1,0.54
2023-09-23T08:00,1.4,167,10.95,30.2,0.5
2023-09-23T09:00,1.38,167,10.9,30.2,0.46
2023-09-23T10:00,1.36,167,10.8,30.3,0.43
2023-09-23T11:00,1.34,167,10.65,30.3,0.43
2023-09-23T12:00,1.32,167,10.55,30.4,0.44
2023-09-23T13:00,1.3,168,10.45,30.4,0.45
2023-09-23T14:00,1.28,168,10.35,30.4,0.46
2023-09-23T15:00,1.28,169,10.25,30.5,0.46
2023-09-23T16:00,1.28,169,10.2,30.5,0.47
2023-09-23T17:00,1.28,170,10.1,30.5,0.45
2023-09-23T18:00,1.28,170,9.95,30.5,0.39
2023-09-23T19:00,1.3,171,9.85,30.4,0.31
2023-09-23T20:00,1.3,171,9.7,30.4,0.25
2023-09-23T21:00,1.3,171,9.55,30.4,0.22
2023-09-23T22:00,1.3,172,9.45,30.4,0.22
2023-09-23T23:00,1.3,172,9.4,30.3,0.22
2023-09-24T00:00,1.26,172,9.45,30.3,0.25
2023-09-24T01:00,1.24,173,9.55,30.3,0.31
2023-09-24T02:00,1.2,173,9.7,30.2,0.36
2023-09-24T03:00,1.14,172,9.85,30.2,0.42
2023-09-24T04:00,1.1,170,10.1,30.2,0.47
2023-09-24T05:00,1.04,169,10.3,30.2,0.5
2023-09-24T06:00,1.06,169,10.55,30.2,0.5
2023-09-24T07:00,1.06,168,10.85,30.2,0.49
2023-09-24T08:00,1.08,168,11.0,30.3,0.48
2023-09-24T09:00,1.06,168,11.0,30.3,0.48
2023-09-24T10:00,1.06,168,10.85,30.4,0.48
2023-09-24T11:00,1.04,168,10.75,30.4,0.48
2023-09-24T12:00,1.04,168,10.65,30.5,0.48
2023-09-24T13:00,1.02,169,10.6,30.5,0.46
2023-09-24T14:00,1.02,169,10.5,30.5,0.42
2023-09-24T15:00,1.02,170,10.4,30.6,0.39
2023-09-24T16:00,1.02,170,10.35,30.6,0.37
2023-09-24T17:00,1.02,171,10.25,30.6,0.36
2023-09-24T18:00,1.02,172,10.15,30.6,0.32
2023-09-24T19:00,1.04,172,10.05,30.5,0.28
2023-09-24T20:00,1.04,173,9.95,30.5,0.26
2023-09-24T21:00,1.04,173,9.85,30.4,0.28
2023-09-24T22:00,1.04,174,9.7,30.4,0.29
2023-09-24T23:00,1.04,174,9.6,30.3,0.29
2023-09-25T00:00,1.04,174,9.5,30.3,0.29
2023-09-25T01:00,1.04,175,9.45,30.2,0.32
2023-09-25T02:00,1.04,175,9.45,30.2,0.34
2023-09-25T03:00,1.02,174,9.5,30.1,0.34
2023-09-25T04:00,1.0,174,9.65,30.1,0.35
2023-09-25T05:00,0.98,173,9.75,30.1,0.38
2023-09-25T06:00,0.96,172,9.85,30.1,0.4
2023-09-25T07:00,0.96,172,9.9,30.1,0.42
2023-09-25T08:00,0.94,171,9.95,30.2,0.46
2023-09-25T09:00,0.92,171,9.95,30.3,0.51
2023-09-25T10:00,0.92,171,9.95,30.3,0.56
2023-09-25T11:00,0.9,171,9.9,30.4,0.58
2023-09-25T12:00,0.88,171,9.8,30.4,0.56
2023-09-25T13:00,0.86,172,9.65,30.5,0.52
2023-09-25T14:00,0.84,172,9.5,30.6,0.48
2023-09-25T15:00,0.86,173,9.4,30.7,0.43
2023-09-25T16:00,0.86,173,9.35,30.7,0.36
2023-09-25T17:00,0.88,174,9.3,30.7,0.31
2023-09-25T18:00,0.9,175,9.2,30.7,0.29
2023-09-25T19:00,0.9,176,9.05,30.7,0.29
2023-09-25T20:00,0.92,177,8.95,30.6,0.31
2023-09-25T21:00,0.92,177,8.9,30.5,0.35
2023-09-25T22:00,0.92,177,8.9,30.4,0.4
2023-09-25T23:00,0.92,177,8.9,30.4,0.45
2023-09-26T00:00,0.92,177,8.95,30.3,0.46
2023-09-26T01:00,0.9,176,9.0,30.3,0.45
2023-09-26T02:00,0.9,176,9.1,30.2,0.42
2023-09-26T03:00,0.88,175,9.15,30.2,0.38
2023-09-26T04:00,0.86,175,9.2,30.1,0.35
2023-09-26T05:00,0.84,174,9.3,30.1,0.34
2023-09-26T06:00,0.84,173,9.45,30.1,0.35
2023-09-26T07:00,0.82,173,9.55,30.2,0.39
2023-09-26T08:00,0.82,172,9.65,30.2,0.47
2023-09-26T09:00,0.84,172,9.65,30.3,0.57
2023-09-26T10:00,0.84,172,9.55,30.3,0.66
2023-09-26T11:00,0.86,172,9.4,30.4,0.72
2023-09-26T12:00,0.9,173,9.2,30.4,0.74
2023-09-26T13:00,0.92,174,8.95,30.4,0.7
2023-09-26T14:00,0.96,175,8.7,30.5,0.6
2023-09-26T15:00,0.98,176,8.55,30.5,0.5
2023-09-26T16:00,1.02,176,8.4,30.5,0.4
2023-09-26T17:00,1.04,177,8.3,30.5,0.32
2023-09-26T18:00,1.06,177,8.25,30.5,0.28
2023-09-26T19:00,1.1,178,8.25,30.4,0.28
2023-09-26T20:00,1.12,178,8.25,30.4,0.33
2023-09-26T21:00,1.12,178,8.3,30.4,0.42
2023-09-26T22:00,1.12,179,8.35,30.3,0.51
2023-09-26T23:00,1.12,179,8.45,30.3,0.6
2023-09-27T00:00,1.1,179,8.6,30.2,0.63
2023-09-27T01:00,1.1,178,8.8,30.2,0.6
2023-09-27T02:00,1.08,178,9.0,30.1,0.54
2023-09-27T03:00,1.08,177,9.3,30.1,0.45
2023-09-27T04:00,1.06,176,9.6,30.1,0.37
2023-09-27T05:00,1.06,175,9.9,30.1,0.31
2023-09-27T06:00,1.06,175,10.15,30.1,0.28
2023-09-27T07:00,1.06,174,10.4,30.1,0.3
2023-09-27T08:00,1.06,174,10.5,30.2,0.4
2023-09-27T09:00,1.04,174,10.4,30.3,0.52
2023-09-27T10:00,1.0,173,10.2,30.3,0.66
2023-09-27T11:00,0.98,173,10.0,30.4,0.78
2023-09-27T12:00,1.0,173,9.9,30.4,0.84
2023-09-27T13:00,1.0,174,9.85,30.4,0.78
2023-09-27T14:00,1.02,174,9.8,30.5,0.68
2023-09-27T15:00,1.06,175,9.8,30.5,0.56
2023-09-27T16:00,1.12,176,9.85,30.5,0.44
2023-09-27T17:00,1.16,177,9.85,30.5,0.32
2023-09-27T18:00,1.2,178,9.75,30.5,0.22
2023-09-27T19:00,1.24,179,9.65,30.5,0.19
2023-09-27T20:00,1.28,180,9.6,30.5,0.27
2023-09-27T21:00,1.28,180,9.65,30.4,0.39
2023-09-27T22:00,1.26,179,9.7,30.4,0.52
2023-09-27T23:00,1.26,179,9.8,30.3,0.66
2023-09-28T00:00,1.26,179,9.85,30.3,0.75
2023-09-28T01:00,1.24,179,9.95,30.2,0.75
2023-09-28T02:00,1.24,179,10.0,30.2,0.67
2023-09-28T03:00,1.22,178,10.1,30.1,0.55
2023-09-28T04:00,1.2,178,10.2,30.1,0.42
2023-09-28T05:00,1.18,177,10.25,30.1,0.31
2023-09-28T06:00,1.18,177,10.25,30.1,0.22
2023-09-28T07:00,1.16,176,10.2,30.1,0.19
2023-09-28T08:00,1.16,176,10.05,30.2,0.27
2023-09-28T09:00,1.2,177,9.7,30.3,0.41
2023-09-28T10:00,1.24,178,9.2,30.3,0.58
2023-09-28T11:00,1.28,179,8.8,30.4,0.73
2023-09-28T12:00,1.3,180,8.55,30.4,0.84
2023-09-28T13:00,1.34,181,8.45,30.5,0.85
2023-09-28T14:00,1.36,182,8.35,30.5,0.74
2023-09-28T15:00,1.34,182,8.35,30.5,0.63
2023-09-28T16:00,1.32,182,8.35,30.6,0.47
2023-09-28T17:00,1.3,182,8.4,30.6,0.31
2023-09-28T18:00,1.3,182,8.4,30.6,0.18
2023-09-28T19:00,1.28,182,8.4,30.5,0.13
2023-09-28T20:00,1.28,182,8.35,30.5,0.18
2023-09-28T21:00,1.3,183,8.3,30.4,0.33
2023-09-28T22:00,1.3,183,8.2,30.3,0.51
2023-09-28T23:00,1.32,184,8.15,30.3,0.68
2023-09-29T00:00,1.32,184,8.2,30.2,0.81
2023-09-29T01:00,1.3,183,8.25,30.2,0.88
2023-09-29T02:00,1.3,183,8.35,30.2,0.83
2023-09-29T03:00,1.28,182,8.45,30.1,0.7
2023-09-29T04:00,1.28,182,8.55,30.1,0.53
2023-09-29T05:00,1.26,181,8.6,30.1,0.36
2023-09-29T06:00,1.28,181,8.55,30.1,0.23
2023-09-29T07:00,1.28,181,8.5,30.1,0.16
2023-09-29T08:00,1.3,181,8.4,30.1,0.18
2023-09-29T09:00,1.34,182,8.25,30.1,0.31
2023-09-29T10:00,1.38,183,8.1,30.1,0.47
2023-09-29T11:00,1.42,184,8.0,30.1,0.65
2023-09-29T12:00,1.44,184,7.95,30.1,0.8
2023-09-29T13:00,1.46,185,7.9,30.2,0.85
2023-09-29T14:00,1.48,185,7.85,30.2,0.81
2023-09-29T15:00,1.48,185,7.85,30.2,0.68
2023-09-29T16:00,1.5,186,7.85,30.3,0.5
2023-09-29T17:00,1.5,186,7.85,30.3,0.31
2023-09-29T18:00,1.5,186,7.9,30.3,0.14
2023-09-29T19:00,1.5,186,7.95,30.2,0.06
2023-09-29T20:00,1.5,186,7.95,30.2,0.08
2023-09-29T21:00,1.48,186,7.9,30.2,0.2
2023-09-29T22:00,1.44,185,7.85,30.1,0.39
2023-09-29T23:00,1.42,185,7.85,30.1,0.6
2023-09-30T00:00,1.4,184,7.9,30.0,0.78
2023-09-30T01:00,1.4,183,8.0,30.0,0.88
2023-09-30T02:00,1.38,182,8.1,30.0,0.88
2023-09-30T03:00,1.34,181,8.2,29.9,0.78
2023-09-30T04:00,1.3,180,8.3,29.9,0.6
2023-09-30T05:00,1.26,179,8.35,29.9,0.43
2023-09-30T06:00,1.28,179,8.35,29.9,0.26
2023-09-30T07:00,1.28,180,8.25,29.9,0.13
2023-09-30T08:00,1.3,180,8.15,30.0,0.12
2023-09-30T09:00,1.34,182,7.95,30.0,0.21
2023-09-30T10:00,1.38,184,7.75,30.0,0.37
2023-09-30T11:00,1.42,186,7.6,30.1,0.55
2023-09-30T12:00,1.46,186,7.65,30.1,0.71
2023-09-30T13:00,1.48,186,7.8,30.2,0.79
2023-09-30T14:00,1.52,186,7.85,30.2,0.8
2023-09-30T15:00,1.4,185,7.75,30.2,0.7
2023-09-30T16:00,1.28,184,7.6,30.3,0.54
2023-09-30T17:00,1.16,183,7.5,30.3,0.34
2023-09-30T18:00,1.22,183,7.6,30.3,0.15
2023-09-30T19:00,1.28,184,7.8,30.3,0.04
2023-09-30T20:00,1.34,184,7.9,30.2,0.01
2023-09-30T21:00,1.38,184,7.8,30.2,0.09
2023-09-30T22:00,1.4,184,7.6,30.2,0.28
2023-09-30T23:00,1.44,184,7.5,30.1,0.5
2023-10-01T00:00,1.44,184,7.5,30.1,0.71
2023-10-01T01:00,1.46,183,7.6,30.0,0.86
2023-10-01T02:00,1.46,183,7.7,30.0,0.91
2023-10-01T03:00,1.44,182,7.8,30.0,0.85
2023-10-01T04:00,1.42,182,7.9,29.9,0.7
2023-10-01T05:00,1.4,181,7.95,29.9,0.51
2023-10-01T06:00,1.4,181,7.95,29.9,0.32
2023-10-01T07:00,1.4,182,7.9,29.9,0.17
2023-10-01T08:00,1.4,182,7.85,30.0,0.09
2023-10-01T09:00,1.4,183,7.75,30.0,0.13
2023-10-01T10:00,1.4,183,7.6,30.0,0.26
2023-10-01T11:00,1.4,184,7.55,30.1,0.44
2023-10-01T12:00,1.4,184,7.6,30.1,0.62
2023-10-01T13:00,1.42,183,7.7,30.2,0.74
2023-10-01T14:00,1.42,183,7.85,30.2,0.79
2023-10-01T15:00,1.46,182,8.1,30.2,0.72
2023-10-01T16:00,1.52,182,8.4,30.3,0.58
2023-10-01T17:00,1.56,181,8.55,30.3,0.41
2023-10-01T18:00,1.52,181,8.5,30.3,0.21
2023-10-01T19:00,1.5,181,8.3,30.3,0.05
2023-10-01T20:00,1.46,181,8.15,30.2,0.01
2023-10-01T21:00,1.48,181,8.05,30.2,0.05
2023-10-01T22:00,1.52,182,8.0,30.2,0.18
2023-10-01T23:00,1.54,182,7.95,30.1,0.4
2023-10-02T00:00,1.52,181,8.0,30.1,0.62
2023-10-02T01:00,1.52,180,8.05,30.0,0.79
2023-10-02T02:00,1.5,179,8.15,30.0,0.88
2023-10-02T03:00,1.48,178,8.25,29.9,0.87
2023-10-02T04:00,1.44,177,8.3,29.9,0.77
2023-10-02T05:00,1.42,176,8.3,29.9,0.6
2023-10-02T06:00,1.42,176,8.2,29.9,0.4
2023-10-02T07:00,1.42,176,8.05,29.9,0.22
2023-10-02T08:00,1.42,176,7.85,29.9,0.12
2023-10-02T09:00,1.44,177,7.65,30.0,0.12
2023-10-02T10:00,1.48,178,7.4,30.0,0.2
2023-10-02T11:00,1.5,179,7.2,30.1,0.35
2023-10-02T12:00,1.52,179,7.15,30.1,0.53
2023-10-02T13:00,1.56,180,7.15,30.2,0.67
2023-10-02T14:00,1.58,180,7.15,30.2,0.74
2023-10-02T15:00,1.58,181,7.15,30.2,0.7
2023-10-02T16:00,1.58,181,7.2,30.3,0.61
2023-10-02T17:00,1.58,182,7.25,30.3,0.46
2023-10-02T18:00,1.58,182,7.3,30.3,0.25
2023-10-02T19:00,1.56,182,7.3,30.2,0.09
2023-10-02T20:00,1.56,182,7.35,30.2,0.02
2023-10-02T21:00,1.54,182,7.35,30.2,0.02
2023-10-02T22:00,1.52,182,7.35,30.1,0.12
2023-10-02T23:00,1.5,182,7.35,30.1,0.31
2023-10-03T00:00,1.46,181,7.4,30.0,0.53
2023-10-03T01:00,1.4,181,7.45,30.0,0.72
2023-10-03T02:00,1.36,180,7.55,30.0,0.84
2023-10-03T03:00,1.34,179,7.75,29.9,0.87
2023-10-03T04:00,1.3,177,8.05,29.9,0.83
2023-10-03T05:00,1.28,176,8.2,29.9,0.7
2023-10-03T06:00,1.28,176,8.2,29.9,0.53
2023-10-03T07:00,1.3,177,8.1,29.9,0.35
2023-10-03T08:00,1.3,177,7.9,29.9,0.24
2023-10-03T09:00,1.36,178,7.6,30.0,0.2
2023-10-03T10:00,1.42,180,7.25,30.0,0.25
2023-10-03T11:00,1.48,181,7.0,30.0,0.36
2023-10-03T12:00,1.52,182,6.9,30.1,0.52
2023-10-03T13:00,1.54,182,6.9,30.1,0.66
2023-10-03T14:00,1.58,183,6.9,30.2,0.75
2023-10-03T15:00,1.58,184,6.9,30.2,0.75
2023-10-03T16:00,1.58,184,6.95,30.3,0.69
2023-10-03T17:00,1.58,185,7.0,30.3,0.55
2023-10-03T18:00,1.56,184,7.1,30.3,0.37
2023-10-03T19:00,1.54,183,7.25,30.2,0.21
2023-10-03T20:00,1.52,182,7.4,30.2,0.12
2023-10-03T21:00,1.48,181,7.5,30.1,0.1
2023-10-03T22:00,1.42,179,7.6,30.1,0.16
2023-10-03T23:00,1.38,178,7.7,30.0,0.29
2023-10-04T00:00,1.36,177,7.8,30.0,0.47
2023-10-04T01:00,1.34,177,7.9,29.9,0.64
2023-10-04T02:00,1.32,176,8.05,29.9,0.78
2023-10-04T03:00,1.3,175,8.25,29.9,0.83
2023-10-04T04:00,1.3,175,8.45,29.8,0.81
2023-10-04T05:00,1.28,174,8.65,29.8,0.73
2023-10-04T06:00,1.28,173,8.75,29.8,0.59
2023-10-04T07:00,1.3,173,8.85,29.8,0.42
2023-10-04T08:00,1.3,172,8.85,29.9,0.29
2023-10-04T09:00,1.32,172,8.8,29.9,0.24
2023-10-04T10:00,1.34,172,8.7,29.9,0.27
2023-10-04T11:00,1.36,172,8.55,30.0,0.34
2023-10-04T12:00,1.38,173,8.4,30.0,0.46
2023-10-04T13:00,1.42,174,8.2,30.1,0.58
2023-10-04T14:00,1.44,175,8.05,30.1,0.67
2023-10-04T15:00,1.48,176,7.9,30.2,0.69
2023-10-04T16:00,1.54,178,7.75,30.2,0.64
2023-10-04T17:00,1.58,179,7.7,30.2,0.56
2023-10-04T18:00,1.62,179,7.85,30.2,0.43
2023-10-04T19:00,1.64,179,8.1,30.2,0.27
2023-10-04T20:00,1.68,179,8.35,30.1,0.15
2023-10-04T21:00,1.66,179,8.5,30.1,0.12
2023-10-04T22:00,1.64,178,8.6,30.0,0.15
2023-10-04T23:00,1.62,178,8.75,30.0,0.24
2023-10-05T00:00,1.58,177,8.95,29.9,0.38
2023-10-05T01:00,1.56,176,9.1,29.9,0.54
2023-10-05T02:00,1.52,175,9.35,29.8,0.67
2023-10-05T03:00,1.48,174,9.65,29.8,0.75
2023-10-05T04:00,1.46,173,9.95,29.7,0.76
2023-10-05T05:00,1.42,172,10.2,29.7,0.71
2023-10-05T06:00,1.4,171,10.4,29.8,0.61
2023-10-05T07:00,1.38,171,10.6,29.8,0.48
2023-10-05T08:00,1.36,170,10.65,29.9,0.37
2023-10-05T09:00,1.32,170,10.55,30.0,0.3
2023-10-05T10:00,1.3,169,10.4,30.1,0.29
2023-10-05T11:00,1.26,169,10.25,30.1,0.35
2023-10-05T12:00,1.32,170,10.25,30.2,0.44
2023-10-05T13:00,1.36,170,10.3,30.2,0.52
2023-10-05T14:00,1.42,171,10.35,30.2,0.59
2023-10-05T15:00,1.42,171,10.3,30.2,0.64
2023-10-05T16:00,1.42,172,10.2,30.2,0.61
2023-10-05T17:00,1.42,172,10.15,30.2,0.54
2023-10-05T18:00,1.42,172,10.1,30.2,0.45
2023-10-05T19:00,1.42,173,10.05,30.2,0.34
2023-10-05T20:00,1.42,173,10.0,30.2,0.23
2023-10-05T21:00,1.42,174,9.9,30.2,0.19
2023-10-05T22:00,1.44,174,9.75,30.1,0.21
2023-10-05T23:00,1.44,175,9.65,30.1,0.26
2023-10-06T00:00,1.44,175,9.7,30.1,0.35
2023-10-06T01:00,1.44,175,9.8,30.1,0.47
2023-10-06T02:00,1.44,175,9.9,30.0,0.58
2023-10-06T03:00,1.42,174,10.0,30.0,0.65
2023-10-06T04:00,1.38,173,10.15,30.0,0.67
2023-10-06T05:00,1.36,172,10.35,30.0,0.66
2023-10-06T06:00,1.4,171,10.7,30.0,0.6
2023-10-06T07:00,1.42,171,11.15,30.0,0.51
2023-10-06T08:00,1.46,170,11.4,30.1,0.42
2023-10-06T09:00,1.44,169,11.35,30.2,0.35
2023-10-06T10:00,1.4,169,11.2,30.2,0.34
2023-10-06T11:00,1.38,168,11.05,30.3,0.37
2023-10-06T12:00,1.36,168,11.05,30.3,0.41
2023-10-06T13:00,1.36,168,11.05,30.4,0.47
2023-10-06T14:00,1.34,168,11.05,30.4,0.53
2023-10-06T15:00,1.34,168,11.0,30.4,0.57
2023-10-06T16:00,1.32,169,10.95,30.5,0.56
2023-10-06T17:00,1.32,169,10.85,30.5,0.52
2023-10-06T18:00,1.34,168,10.75,30.5,0.45
2023-10-06T19:00,1.34,168,10.65,30.5,0.39
2023-10-06T20:00,1.36,167,10.55,30.4,0.32
2023-10-06T21:00,1.34,167,10.4,30.4,0.27
2023-10-06T22:00,1.34,168,10.25,30.4,0.27
2023-10-06T23:00,1.32,168,10.15,30.4,0.32
2023-10-07T00:00,1.3,168,10.05,30.3,0.38
2023-10-07T01:00,1.3,169,10.0,30.3,0.45
2023-10-07T02:00,1.28,169,10.0,30.3,0.52
2023-10-07T03:00,1.26,169,10.05,30.2,0.58
2023-10-07T04:00,1.26,168,10.1,30.2,0.61
2023-10-07T05:00,1.24,168,10.15,30.2,0.61
2023-10-07T06:00,1.22,168,10.2,30.3,0.58
2023-10-07T07:00,1.2,167,10.25,30.3,0.54
2023-10-07T08:00,1.18,167,10.25,30.4,0.5
2023-10-07T09:00,1.18,167,10.25,30.4,0.46
2023-10-07T10:00,1.16,166,10.25,30.5,0.45
2023-10-07T11:00,1.16,166,10.15,30.5,0.46
2023-10-07T12:00,1.14,166,9.9,30.6,0.48
2023-10-07T13:00,1.1,166,9.6,30.6,0.51
2023-10-07T14:00,1.08,166,9.2,30.6,0.53
2023-10-07T15:00,1.1,167,8.75,30.6,0.54
2023-10-07T16:00,1.14,169,8.2,30.6,0.52
2023-10-07T17:00,1.16,170,7.8,30.6,0.49
2023-10-07T18:00,1.16,171,7.55,30.6,0.45
2023-10-07T19:00,1.18,172,7.35,30.6,0.41
2023-10-07T20:00,1.18,173,7.25,30.5,0.38
2023-10-07T21:00,1.18,173,7.25,30.5,0.36
2023-10-07T22:00,1.16,173,7.3,30.5,0.35
2023-10-07T23:00,1.16,173,7.4,30.4,0.36
2023-10-08T00:00,1.14,172,7.45,30.4,0.4
2023-10-08T01:00,1.14,172,7.55,30.3,0.45
2023-10-08T02:00,1.12,171,7.65,30.3,0.48
2023-10-08T03:00,1.1,170,7.8,30.3,0.51
2023-10-08T04:00,1.08,169,8.0,30.2,0.53
2023-10-08T05:00,1.06,168,8.1,30.2,0.54
2023-10-08T06:00,1.06,168,8.15,30.2,0.53
2023-10-08T07:00,1.04,168,8.15,30.2,0.52
2023-10-08T08:00,1.04,168,8.1,30.3,0.52
2023-10-08T09:00,1.04,168,8.0,30.3,0.52
2023-10-08T10:00,1.06,167,7.85,30.3,0.53
2023-10-08T11:00,1.06,167,7.7,30.4,0.53
2023-10-08T12:00,1.08,167,7.55,30.4,0.52
2023-10-08T13:00,1.08,168,7.4,30.5,0.52
2023-10-08T14:00,1.1,168,7.25,30.5,0.51
2023-10-08T15:00,1.12,169,7.1,30.5,0.49
2023-10-08T16:00,1.12,170,7.0,30.6,0.45
2023-10-08T17:00,1.14,171,6.9,30.6,0.42
2023-10-08T18:00,1.14,171,6.9,30.6,0.39
2023-10-08T19:00,1.14,171,6.95,30.5,0.36
2023-10-08T20:00,1.14,171,7.0,30.5,0.37
2023-10-08T21:00,1.12,171,7.05,30.4,0.38
2023-10-08T22:00,1.08,170,7.15,30.3,0.4
2023-10-08T23:00,1.06,170,7.25,30.3,0.41
2023-10-09T00:00,1.06,170,7.45,30.2,0.43
2023-10-09T01:00,1.04,169,7.65,30.2,0.43
2023-10-09T02:00,1.04,169,7.85,30.1,0.44
2023-10-09T03:00,1.02,168,8.05,30.1,0.44
2023-10-09T04:00,0.98,168,8.2,30.0,0.44
2023-10-09T05:00,0.96,167,8.35,30.0,0.43
2023-10-09T06:00,0.96,167,8.5,30.0,0.44
2023-10-09T07:00,0.94,166,8.65,30.0,0.45
2023-10-09T08:00,0.94,166,8.75,30.1,0.48
2023-10-09T09:00,0.94,166,8.8,30.1,0.52
2023-10-09T10:00,0.96,166,8.85,30.1,0.55
2023-10-09T11:00,0.96,166,8.85,30.1,0.56
2023-10-09T12:00,0.98,166,8.8,30.2,0.56
2023-10-09T13:00,1.0,167,8.7,30.2,0.53
2023-10-09T14:00,1.02,167,8.6,30.2,0.49
2023-10-09T15:00,1.04,168,8.45,30.3,0.44
2023-10-09T16:00,1.04,168,8.35,30.3,0.38
2023-10-09T17:00,1.06,169,8.25,30.3,0.32
2023-10-09T18:00,1.06,169,8.25,30.3,0.29
2023-10-09T19:00,1.08,169,8.35,30.2,0.3
2023-10-09T20:00,1.08,169,8.45,30.2,0.32
2023-10-09T21:00,1.06,169,8.55,30.1,0.37
2023-10-09T22:00,1.06,170,8.7,30.1,0.43
2023-10-09T23:00,1.04,170,8.85,30.0,0.47
2023-10-10T00:00,1.02,170,8.95,30.0,0.47
2023-10-10T01:00,1.02,169,9.1,29.9,0.46
2023-10-10T02:00,1.0,169,9.2,29.9,0.44
2023-10-10T03:00,0.98,169,9.3,29.9,0.41
2023-10-10T04:00,0.98,168,9.4,29.8,0.38
2023-10-10T05:00,0.96,168,9.5,29.8,0.36
2023-10-10T06:00,0.96,168,9.6,29.8,0.35
2023-10-10T07:00,0.94,167,9.7,29.8,0.37
2023-10-10T08:00,0.94,167,9.65,29.9,0.43
2023-10-10T09:00,0.84,167,9.2,29.9,0.52
2023-10-10T10:00,0.76,167,8.6,29.9,0.6
2023-10-10T11:00,0.66,167,8.2,30.0,0.64
2023-10-10T12:00,0.74,167,8.35,30.0,0.64
2023-10-10T13:00,0.82,168,8.75,30.0,0.6
2023-10-10T14:00,0.9,168,9.0,30.1,0.53
2023-10-10T15:00,0.94,169,8.85,30.1,0.44
2023-10-10T16:00,0.98,170,8.5,30.1,0.36
2023-10-10T17:00,1.02,171,8.25,30.1,0.3
2023-10-10T18:00,1.04,172,8.2,30.1,0.26
2023-10-10T19:00,1.06,172,8.2,30.1,0.26
2023-10-10T20:00,1.08,173,8.2,30.0,0.32
2023-10-10T21:00,1.08,174,8.2,30.0,0.4
2023-10-10T22:00,1.1,174,8.15,29.9,0.5
2023-10-10T23:00,1.1,175,8.15,29.9,0.57
2023-10-11T00:00,1.08,175,8.15,29.8,0.59
2023-10-11T01:00,1.08,175,8.2,29.8,0.57
2023-10-11T02:00,1.06,175,8.25,29.7,0.53
2023-10-11T03:00,1.04,174,8.35,29.7,0.46
2023-10-11T04:00,1.04,174,8.45,29.6,0.39
2023-10-11T05:00,1.02,173,8.5,29.6,0.34
2023-10-11T06:00,1.02,173,8.55,29.6,0.31
2023-10-11T07:00,1.02,172,8.55,29.6,0.33
2023-10-11T08:00,1.02,172,8.5,29.7,0.41
2023-10-11T09:00,1.02,172,8.45,29.7,0.51
2023-10-11T10:00,1.04,172,8.35,29.7,0.62
2023-10-11T11:00,1.04,172,8.25,29.8,0.72
2023-10-11T12:00,1.06,172,8.1,29.8,0.74
2023-10-11T13:00,1.08,173,7.9,29.9,0.71
2023-10-11T14:00,1.1,173,7.75,29.9,0.62
2023-10-11T15:00,1.14,174,7.65,29.9,0.51
2023-10-11T16:00,1.2,175,7.6,30.0,0.4
2023-10-11T17:00,1.24,176,7.55,30.0,0.32
2023-10-11T18:00,1.26,176,7.5,30.0,0.26
2023-10-11T19:00,1.26,177,7.4,29.9,0.26
2023-10-11T20:00,1.28,177,7.35,29.9,0.33
2023-10-11T21:00,1.28,177,7.3,29.9,0.45
2023-10-11T22:00,1.28,178,7.3,29.8,0.56
2023-10-11T23:00,1.28,178,7.3,29.8,0.68
2023-10-12T00:00,1.24,177,7.4,29.7,0.73
2023-10-12T01:00,1.22,176,7.55,29.7,0.7
2023-10-12T02:00,1.18,175,7.7,29.6,0.63
2023-10-12T03:00,1.14,174,7.9,29.6,0.54
2023-10-12T04:00,1.12,173,8.05,29.6,0.43
2023-10-12T05:00,1.08,172,8.2,29.6,0.34
2023-10-12T06:00,1.08,172,8.25,29.6,0.28
2023-10-12T07:00,1.06,171,8.25,29.6,0.29
2023-10-12T08:00,1.06,171,8.2,29.7,0.35
2023-10-12T09:00,1.1,171,8.1,29.8,0.47
2023-10-12T10:00,1.12,172,7.95,29.8,0.6
2023-10-12T11:00,1.16,172,7.8,29.9,0.73
2023-10-12T12:00,1.18,173,7.7,29.9,0.79
2023-10-12T13:00,1.18,173,7.65,29.9,0.76
2023-10-12T14:00,1.2,174,7.6,30.0,0.67
2023-10-12T15:00,1.18,175,7.5,30.0,0.54
2023-10-12T16:00,1.18,175,7.4,30.0,0.42
2023-10-12T17:00,1.16,176,7.35,30.0,0.29
2023-10-12T18:00,1.14,176,7.35,30.0,0.21
2023-10-12T19:00,1.1,176,7.35,30.0,0.21
2023-10-12T20:00,1.08,176,7.45,29.9,0.28
2023-10-12T21:00,1.08,175,7.6,29.9,0.41
2023-10-12T22:00,1.1,175,7.75,29.9,0.56
2023-10-12T23:00,1.1,174,7.95,29.8,0.7
2023-10-13T00:00,1.08,173,8.1,29.8,0.79
2023-10-13T01:00,1.06,173,8.25,29.8,0.81
2023-10-13T02:00,1.04,172,8.4,29.7,0.73
2023-10-13T03:00,1.02,172,8.5,29.7,0.62
2023-10-13T04:00,1.0,172,8.55,29.7,0.48
2023-10-13T05:00,0.98,172,8.6,29.7,0.35
2023-10-13T06:00,0.96,171,8.6,29.7,0.26
2023-10-13T07:00,0.92,171,8.55,29.7,0.23
2023-10-13T08:00,0.9,170,8.55,29.8,0.28
2023-10-13T09:00,0.9,170,8.6,29.8,0.39
2023-10-13T10:00,0.88,169,8.65,29.8,0.54
2023-10-13T11:00,0.88,169,8.7,29.9,0.69
2023-10-13T12:00,0.88,169,8.7,29.9,0.79
2023-10-13T13:00,0.9,168,8.7,29.9,0.81
2023-10-13T14:00,0.9,168,8.7,30.0,0.74
2023-10-13T15:00,0.9,169,8.65,30.0,0.61
2023-10-13T16:00,0.92,170,8.65,30.0,0.46
2023-10-13T17:00,0.92,171,8.6,30.0,0.31
2023-10-13T18:00,0.94,170,8.6,30.0,0.21
2023-10-13T19:00,0.94,170,8.65,30.0,0.18
2023-10-13T20:00,0.96,169,8.65,29.9,0.22
2023-10-13T21:00,0.94,169,8.65,29.9,0.34
2023-10-13T22:00,0.94,169,8.6,29.9,0.52
2023-10-13T23:00,0.92,169,8.6,29.8,0.68
2023-10-14T00:00,0.92,169,8.6,29.8,0.81
2023-10-14T01:00,0.9,169,8.6,29.8,0.85
2023-10-14T02:00,0.9,169,8.65,29.7,0.8
2023-10-14T03:00,0.9,169,8.75,29.7,0.69
2023-10-14T04:00,0.9,169,8.85,29.6,0.53
2023-10-14T05:00,0.9,169,9.0,29.6,0.37
2023-10-14T06:00,0.9,169,9.15,29.6,0.25
2023-10-14T07:00,0.9,168,9.35,29.6,0.18
2023-10-14T08:00,0.9,168,9.45,29.6,0.2
2023-10-14T09:00,0.88,168,9.5,29.6,0.31
2023-10-14T10:00,0.86,167,9.5,29.6,0.46
2023-10-14T11:00,0.84,167,9.5,29.6,0.61
2023-10-14T12:00,0.86,167,9.6,29.6,0.73
2023-10-14T13:00,0.86,166,9.65,29.7,0.78
2023-10-14T14:00,0.88,166,9.65,29.7,0.75
2023-10-14T15:00,0.9,167,9.45,29.7,0.62
2023-10-14T16:00,0.9,167,9.15,29.7,0.45
2023-10-14T17:00,0.92,168,8.85,29.7,0.28
2023-10-14T18:00,0.94,169,8.55,29.7,0.15
2023-10-14T19:00,0.96,171,8.3,29.7,0.09
2023-10-14T20:00,0.98,172,8.05,29.6,0.11
2023-10-14T21:00,1.0,173,7.85,29.6,0.23
2023-10-14T22:00,1.02,174,7.75,29.5,0.41
2023-10-14T23:00,1.04,175,7.7,29.5,0.59
2023-10-15T00:00,1.02,175,7.85,29.4,0.74
2023-10-15T01:00,1.0,174,8.05,29.4,0.84
2023-10-15T02:00,0.98,174,8.35,29.4,0.84
2023-10-15T03:00,0.98,173,8.7,29.3,0.75
2023-10-15T04:00,0.98,173,9.1,29.3,0.56
2023-10-15T05:00,0.98,172,9.4,29.3,0.38
2023-10-15T06:00,0.96,172,9.6,29.3,0.22
2023-10-15T07:00,0.94,171,9.75,29.3,0.12
2023-10-15T08:00,0.92,171,9.85,29.3,0.1
2023-10-15T09:00,0.92,171,10.0,29.3,0.18
2023-10-15T10:00,0.94,172,10.1,29.4,0.33
2023-10-15T11:00,0.94,172,10.25,29.4,0.5
2023-10-15T12:00,0.94,172,10.45,29.4,0.64
2023-10-15T13:00,0.94,173,10.65,29.4,0.73
2023-10-15T14:00,0.94,173,10.8,29.4,0.74
2023-10-15T15:00,0.94,173,10.95,29.4,0.66
2023-10-15T16:00,0.96,172,11.05,29.4,0.51
2023-10-15T17:00,0.96,172,11.1,29.4,0.33
2023-10-15T18:00,0.98,172,11.15,29.4,0.19
2023-10-15T19:00,0.98,171,11.15,29.3,0.1
2023-10-15T20:00,1.0,171,11.15,29.3,0.11
2023-10-15T21:00,1.02,171,11.1,29.3,0.21
2023-10-15T22:00,1.02,172,11.0,29.3,0.39
2023-10-15T23:00,1.04,172,10.95,29.2,0.6
2023-10-16T00:00,1.04,172,11.0,29.2,0.77
2023-10-16T01:00,1.04,172,11.1,29.2,0.88
2023-10-16T02:00,1.04,172,11.25,29.1,0.91
2023-10-16T03:00,1.04,172,11.45,29.1,0.85
2023-10-16T04:00,1.04,171,11.65,29.1,0.7
2023-10-16T05:00,1.04,171,11.85,29.1,0.51
2023-10-16T06:00,1.04,170,12.0,29.1,0.32
2023-10-16T07:00,1.04,170,12.15,29.1,0.18
2023-10-16T08:00,1.04,169,12.25,29.2,0.13
2023-10-16T09:00,1.04,169,12.3,29.2,0.19
2023-10-16T10:00,1.06,169,12.35,29.2,0.31
2023-10-16T11:00,1.06,169,12.3,29.3,0.47
2023-10-16T12:00,1.04,169,12.15,29.3,0.64
2023-10-16T13:00,1.02,168,11.9,29.4,0.75
2023-10-16T14:00,1.0,168,11.75,29.4,0.78
2023-10-16T15:00,1.0,168,11.7,29.4,0.72
2023-10-16T16:00,1.02,168,11.7,29.5,0.59
2023-10-16T17:00,1.02,168,11.7,29.5,0.4
2023-10-16T18:00,1.02,168,11.65,29.5,0.23
2023-10-16T19:00,1.04,168,11.6,29.5,0.12
2023-10-16T20:00,1.04,168,11.55,29.4,0.09
2023-10-16T21:00,1.04,168,11.55,29.4,0.15
2023-10-16T22:00,1.02,168,11.55,29.4,0.31
2023-10-16T23:00,1.02,168,11.55,29.3,0.51
2023-10-17T00:00,1.02,168,11.55,29.3,0.71
2023-10-17T01:00,1.02,167,11.55,29.3,0.85
2023-10-17T02:00,1.02,167,11.55,29.2,0.9
2023-10-17T03:00,1.02,167,11.5,29.2,0.87
2023-10-17T04:00,1.04,166,11.45,29.2,0.75
2023-10-17T05:00,1.04,166,11.4,29.2,0.57
2023-10-17T06:00,1.04,166,11.35,29.2,0.37
2023-10-17T07:00,1.02,166,11.35,29.2,0.22
2023-10-17T08:00,1.02,166,11.3,29.3,0.14
2023-10-17T09:00,1.02,166,11.2,29.3,0.15
2023-10-17T10:00,1.02,166,11.15,29.4,0.25
2023-10-17T11:00,1.02,166,11.05,29.4,0.4
2023-10-17T12:00,1.02,166,11.0,29.5,0.56
2023-10-17T13:00,1.04,165,10.95,29.5,0.67
2023-10-17T14:00,1.04,165,10.9,29.5,0.71
2023-10-17T15:00,1.04,165,10.85,29.6,0.68
2023-10-17T16:00,1.04,165,10.85,29.6,0.57
2023-10-17T17:00,1.04,165,10.8,29.6,0.42
2023-10-17T18:00,1.04,165,10.75,29.6,0.24
2023-10-17T19:00,1.04,165,10.7,29.5,0.1
2023-10-17T20:00,1.04,165,10.65,29.5,0.06
2023-10-17T21:00,1.02,165,10.55,29.5,0.09
2023-10-17T22:00,1.02,165,10.45,29.4,0.21
2023-10-17T23:00,1.0,165,10.35,29.4,0.4
2023-10-18T00:00,1.0,165,10.3,29.3,0.6
2023-10-18T01:00,0.98,165,10.3,29.3,0.77
2023-10-18T02:00,0.98,165,10.25,29.3,0.85
2023-10-18T03:00,0.98,165,10.05,29.2,0.84
2023-10-18T04:00,0.96,165,9.85,29.2,0.77
2023-10-18T05:00,0.96,165,9.65,29.2,0.63
2023-10-18T06:00,0.94,164,9.55,29.2,0.46
2023-10-18T07:00,0.94,163,9.5,29.3,0.29
2023-10-18T08:00,0.92,162,9.45,29.3,0.18
2023-10-18T09:00,0.92,162,9.45,29.3,0.15
2023-10-18T10:00,0.9,163,9.5,29.4,0.21
2023-10-18T11:00,0.9,163,9.55,29.4,0.33
2023-10-18T12:00,0.9,163,9.55,29.5,0.46
2023-10-18T13:00,0.88,163,9.55,29.5,0.59
2023-10-18T14:00,0.88,163,9.55,29.6,0.66
2023-10-18T15:00,0.88,163,9.5,29.7,0.65
2023-10-18T16:00,0.86,163,9.5,29.7,0.57
2023-10-18T17:00,0.86,163,9.45,29.7,0.44
2023-10-18T18:00,0.86,163,9.45,29.7,0.29
2023-10-18T19:00,0.84,163,9.45,29.7,0.15
2023-10-18T20:00,0.84,163,9.45,29.7,0.07
2023-10-18T21:00,0.82,163,9.45,29.6,0.08
2023-10-18T22:00,0.82,163,9.4,29.6,0.17
2023-10-18T23:00,0.8,163,9.35,29.6,0.33
2023-10-19T00:00,0.78,163,9.25,29.5,0.51
2023-10-19T01:00,0.78,163,9.15,29.5,0.69
2023-10-19T02:00,0.76,163,9.1,29.5,0.81
2023-10-19T03:00,0.76,163,9.05,29.4,0.83
2023-10-19T04:00,0.74,163,9.05,29.4,0.78
2023-10-19T05:00,0.74,163,9.05,29.4,0.68
2023-10-19T06:00,0.74,163,9.0,29.5,0.53
2023-10-19T07:00,0.72,163,8.95,29.5,0.36
2023-10-19T08:00,0.72,163,8.95,29.6,0.23
2023-10-19T09:00,0.74,163,9.05,29.6,0.17
2023-10-19T10:00,0.74,163,9.15,29.7,0.2
2023-10-19T11:00,0.76,163,9.2,29.7,0.28
2023-10-19T12:00,0.74,163,9.15,29.8,0.4
2023-10-19T13:00,0.74,163,9.0,29.8,0.52
2023-10-19T14:00,0.72,163,8.9,29.8,0.6
2023-10-19T15:00,0.72,163,8.85,29.9,0.61
2023-10-19T16:00,0.72,162,8.85,29.9,0.56
2023-10-19T17:00,0.72,162,8.85,29.9,0.46
2023-10-19T18:00,0.72,162,8.8,29.9,0.33
2023-10-19T19:00,0.74,163,8.75,29.8,0.2
2023-10-19T20:00,0.74,163,8.7,29.8,0.11
2023-10-19T21:00,0.74,163,8.7,29.7,0.1
2023-10-19T22:00,0.76,162,8.75,29.7,0.15
2023-10-19T23:00,0.76,162,8.75,29.7,0.28
2023-10-20T00:00,0.74,162,8.75,29.6,0.43
2023-10-20T01:00,0.74,163,8.7,29.6,0.59
2023-10-20T02:00,0.72,163,8.7,29.6,0.71
2023-10-20T03:00,0.72,163,8.8,29.6,0.78
2023-10-20T04:00,0.72,163,8.85,29.6,0.76
2023-10-20T05:00,0.72,163,8.85,29.6,0.68
2023-10-20T06:00,0.68,163,8.55,29.6,0.57
2023-10-20T07:00,0.62,164,8.1,29.7,0.44
2023-10-20T08:00,0.58,164,7.9,29.7,0.33
2023-10-20T09:00,0.62,164,8.1,29.8,0.26
2023-10-20T10:00,0.64,164,8.55,29.8,0.26
2023-10-20T11:00,0.68,164,8.9,29.9,0.31
2023-10-20T12:00,0.72,164,9.05,29.9,0.4
2023-10-20T13:00,0.74,163,9.15,29.9,0.5
2023-10-20T14:00,0.78,163,9.15,30.0,0.58
2023-10-20T15:00,0.76,163,9.05,30.0,0.6
2023-10-20T16:00,0.76,163,8.9,30.0,0.57
2023-10-20T17:00,0.74,163,8.8,30.0,0.5
2023-10-20T18:00,0.76,163,8.8,30.0,0.39
2023-10-20T19:00,0.76,163,8.9,30.0,0.3
2023-10-20T20:00,0.78,163,8.95,30.0,0.21
2023-10-20T21:00,0.78,163,8.95,29.9,0.18
2023-10-20T22:00,0.78,162,8.9,29.9,0.21
2023-10-20T23:00,0.78,162,8.85,29.9,0.29
2023-10-21T00:00,0.78,162,8.85,29.8,0.41
2023-10-21T01:00,0.78,162,8.9,29.8,0.54
2023-10-21T02:00,0.78,162,8.95,29.8,0.66
2023-10-21T03:00,0.78,162,9.05,29.8,0.73
2023-10-21T04:00,0.78,163,9.15,29.8,0.75
2023-10-21T05:00,0.78,163,9.25,29.8,0.71
2023-10-21T06:00,0.78,163,9.3,29.8,0.63
2023-10-21T07:00,0.78,164,9.3,29.9,0.54
2023-10-21T08:00,0.78,164,9.3,30.0,0.46
2023-10-21T09:00,0.78,164,9.3,30.1,0.38
2023-10-21T10:00,0.8,164,9.3,30.2,0.36
2023-10-21T11:00,0.8,164,9.25,30.2,0.38
2023-10-21T12:00,0.8,164,9.15,30.3,0.42
2023-10-21T13:00,0.78,164,9.05,30.3,0.48
2023-10-21T14:00,0.78,164,8.95,30.3,0.54
2023-10-21T15:00,0.78,164,8.95,30.3,0.58
2023-10-21T16:00,0.78,165,8.95,30.2,0.56
2023-10-21T17:00,0.78,165,8.9,30.2,0.51
2023-10-21T18:00,0.78,165,8.8,30.2,0.44
2023-10-21T19:00,0.78,165,8.65,30.2,0.37
2023-10-21T20:00,0.78,165,8.5,30.1,0.31
2023-10-21T21:00,0.78,165,8.45,30.1,0.26
2023-10-21T22:00,0.78,166,8.4,30.1,0.27
2023-10-21T23:00,0.78,166,8.35,30.0,0.32
2023-10-22T00:00,0.78,166,8.3,30.0,0.39
2023-10-22T01:00,0.8,165,8.3,29.9,0.47
2023-10-22T02:00,0.8,165,8.3,29.9,0.56
2023-10-22T03:00,0.8,165,8.35,29.9,0.63
2023-10-22T04:00,0.78,165,8.4,29.9,0.67
2023-10-22T05:00,0.78,165,8.5,29.9,0.67
2023-10-22T06:00,0.78,165,8.6,29.9,0.63
2023-10-22T07:00,0.76,165,8.7,30.0,0.58
2023-10-22T08:00,0.76,165,8.75,30.1,0.52
2023-10-22T09:00,0.74,165,8.8,30.2,0.49
2023-10-22T10:00,0.74,165,8.8,30.3,0.46
2023-10-22T11:00,0.72,165,8.85,30.3,0.45
2023-10-22T12:00,0.72,165,8.9,30.4,0.47
2023-10-22T13:00,0.7,166,8.95,30.4,0.49
2023-10-22T14:00,0.7,166,9.0,30.4,0.51
2023-10-22T15:00,0.7,166,8.95,30.4,0.51
2023-10-22T16:00,0.7,166,8.9,30.4,0.51
2023-10-22T17:00,0.7,166,8.9,30.4,0.5
2023-10-22T18:00,0.74,166,9.0,30.4,0.45
2023-10-22T19:00,0.78,167,9.15,30.3,0.41
2023-10-22T20:00,0.82,167,9.3,30.3,0.38
2023-10-22T21:00,0.82,167,9.45,30.2,0.37
2023-10-22T22:00,0.82,167,9.55,30.2,0.36
2023-10-22T23:00,0.82,167,9.6,30.2,0.37
2023-10-23T00:00,0.8,167,9.6,30.1,0.42
2023-10-23T01:00,0.8,167,9.5,30.1,0.46
2023-10-23T02:00,0.78,167,9.4,30.1,0.51
2023-10-23T03:00,0.76,167,9.25,30.0,0.55
2023-10-23T04:00,0.74,167,9.1,30.0,0.58
2023-10-23T05:00,0.72,167,9.0,30.0,0.61
2023-10-23T06:00,0.7,167,8.95,30.0,0.6
2023-10-23T07:00,0.68,166,8.9,30.1,0.6
2023-10-23T08:00,0.66,166,8.85,30.1,0.59
2023-10-23T09:00,0.66,166,8.8,30.1,0.58
2023-10-23T10:00,0.66,166,8.75,30.2,0.57
2023-10-23T11:00,0.66,166,8.65,30.2,0.56
2023-10-23T12:00,0.68,167,8.4,30.3,0.55
2023-10-23T13:00,0.7,167,8.05,30.3,0.54
2023-10-23T14:00,0.72,168,7.7,30.3,0.52
2023-10-23T15:00,0.74,169,7.4,30.4,0.49
2023-10-23T16:00,0.76,169,7.05,30.4,0.47
2023-10-23T17:00,0.78,170,6.85,30.4,0.46
2023-10-23T18:00,0.8,170,6.75,30.4,0.45
2023-10-23T19:00,0.8,169,6.75,30.3,0.45
2023-10-23T20:00,0.82,169,6.8,30.3,0.46
2023-10-23T21:00,0.82,169,6.85,30.3,0.49
2023-10-23T22:00,0.8,168,6.9,30.2,0.52
2023-10-23T23:00,0.8,168,6.95,30.2,0.52
2023-10-24T00:00,0.78,168,7.0,30.1,0.52
2023-10-24T01:00,0.78,167,7.05,30.1,0.52
2023-10-24T02:00,0.76,167,7.1,30.1,0.52
2023-10-24T03:00,0.74,167,7.15,30.0,0.52
2023-10-24T04:00,0.74,167,7.15,30.0,0.52
2023-10-24T05:00,0.72,167,7.2,30.0,0.54
2023-10-24T06:00,0.72,167,7.25,30.1,0.55
2023-10-24T07:00,0.7,167,7.25,30.1,0.57
2023-10-24T08:00,0.7,167,7.3,30.2,0.61
2023-10-24T09:00,0.68,167,7.35,30.3,0.65
2023-10-24T10:00,0.68,166,7.45,30.3,0.68
2023-10-24T11:00,0.66,166,7.5,30.4,0.67
2023-10-24T12:00,0.64,166,7.55,30.4,0.65
2023-10-24T13:00,0.6,167,7.6,30.4,0.61
2023-10-24T14:00,0.58,167,7.6,30.4,0.55
2023-10-24T15:00,0.58,167,7.6,30.4,0.49
2023-10-24T16:00,0.58,167,7.55,30.4,0.44
2023-10-24T17:00,0.58,167,7.55,30.4,0.42
2023-10-24T18:00,0.58,167,7.55,30.4,0.43
2023-10-24T19:00,0.58,167,7.55,30.4,0.46
2023-10-24T20:00,0.58,167,7.6,30.3,0.51
2023-10-24T21:00,0.58,167,7.75,30.3,0.57
2023-10-24T22:00,0.56,167,7.9,30.3,0.63
2023-10-24T23:00,0.56,167,8.1,30.2,0.66
2023-10-25T00:00,0.56,167,8.3,30.2,0.65
2023-10-25T01:00,0.56,167,8.5,30.2,0.61
2023-10-25T02:00,0.56,167,8.65,30.1,0.55
2023-10-25T03:00,0.56,167,8.75,30.1,0.48
2023-10-25T04:00,0.58,167,8.8,30.1,0.44
2023-10-25T05:00,0.58,167,8.85,30.1,0.43
2023-10-25T06:00,0.6,167,8.85,30.1,0.43
2023-10-25T07:00,0.6,167,8.85,30.1,0.46
2023-10-25T08:00,0.62,167,8.85,30.1,0.53
2023-10-25T09:00,0.62,167,8.9,30.2,0.61
2023-10-25T10:00,0.64,166,9.0,30.2,0.67
2023-10-25T11:00,0.64,166,9.05,30.2,0.7
2023-10-25T12:00,0.64,166,9.1,30.3,0.68
2023-10-25T13:00,0.64,167,9.2,30.3,0.61
2023-10-25T14:00,0.64,167,9.25,30.3,0.53
2023-10-25T15:00,0.64,167,9.3,30.4,0.43
2023-10-25T16:00,0.64,167,9.4,30.4,0.35
2023-10-25T17:00,0.64,167,9.45,30.4,0.31
2023-10-25T18:00,0.64,167,9.45,30.4,0.31
2023-10-25T19:00,0.64,168,9.45,30.4,0.37
2023-10-25T20:00,0.64,168,9.45,30.4,0.46
2023-10-25T21:00,0.64,168,9.5,30.3,0.57
2023-10-25T22:00,0.66,168,9.55,30.3,0.68
2023-10-25T23:00,0.66,168,9.6,30.3,0.74
2023-10-26T00:00,0.66,168,9.6,30.2,0.74
2023-10-26T01:00,0.66,167,9.65,30.2,0.69
2023-10-26T02:00,0.66,167,9.65,30.2,0.61
2023-10-26T03:00,0.68,167,9.7,30.1,0.51
2023-10-26T04:00,0.68,167,9.8,30.1,0.41
2023-10-26T05:00,0.7,167,9.8,30.1,0.34
2023-10-26T06:00,0.68,167,9.75,30.2,0.32
2023-10-26T07:00,0.68,167,9.6,30.2,0.36
2023-10-26T08:00,0.66,167,9.5,30.3,0.44
2023-10-26T09:00,0.66,167,9.45,30.3,0.56
2023-10-26T10:00,0.66,167,9.4,30.4,0.67
2023-10-26T11:00,0.66,167,9.35,30.4,0.75
2023-10-26T12:00,0.66,167,9.35,30.5,0.76
2023-10-26T13:00,0.66,168,9.4,30.5,0.71
2023-10-26T14:00,0.66,168,9.4,30.6,0.61
2023-10-26T15:00,0.66,168,9.25,30.6,0.5
2023-10-26T16:00,0.64,167,9.05,30.6,0.38
2023-10-26T17:00,0.64,167,8.95,30.6,0.29
2023-10-26T18:00,0.66,167,9.05,30.6,0.27
2023-10-26T19:00,0.7,167,9.25,30.6,0.32
2023-10-26T20:00,0.72,167,9.4,30.6,0.44
2023-10-26T21:00,0.76,167,9.5,30.5,0.58
2023-10-26T22:00,0.8,166,9.55,30.5,0.74
2023-10-26T23:00,0.84,166,9.5,30.5,0.85
2023-10-27T00:00,0.82,165,9.25,30.4,0.9
2023-10-27T01:00,0.8,163,8.8,30.4,0.87
2023-10-27T02:00,0.78,162,8.45,30.4,0.77
2023-10-27T03:00,0.76,160,8.15,30.4,0.64
2023-10-27T04:00,0.74,159,7.85,30.3,0.5
2023-10-27T05:00,0.72,157,7.65,30.3,0.38
2023-10-27T06:00,0.72,155,7.55,30.3,0.31
2023-10-27T07:00,0.72,154,7.5,30.3,0.31
2023-10-27T08:00,0.72,152,7.5,30.4,0.39
2023-10-27T09:00,0.74,152,7.5,30.4,0.53
2023-10-27T10:00,0.74,151,7.5,30.4,0.67
2023-10-27T11:00,0.76,151,7.5,30.5,0.79
2023-10-27T12:00,0.74,152,7.55,30.5,0.85
2023-10-27T13:00,0.74,153,7.6,30.6,0.81
2023-10-27T14:00,0.72,154,7.7,30.6,0.7
2023-10-27T15:00,0.72,156,7.8,30.7,0.56
2023-10-27T16:00,0.7,158,7.95,30.7,0.42
2023-10-27T17:00,0.7,160,8.05,30.7,0.3
2023-10-27T18:00,0.7,161,8.15,30.7,0.24
2023-10-27T19:00,0.7,162,8.2,30.7,0.26
2023-10-27T20:00,0.7,163,8.3,30.7,0.37
2023-10-27T21:00,0.7,164,8.4,30.6,0.54
2023-10-27T22:00,0.72,164,8.55,30.6,0.73
2023-10-27T23:00,0.72,165,8.65,30.6,0.89
2023-10-28T00:00,0.72,165,8.7,30.5,0.99
2023-10-28T01:00,0.72,165,8.7,30.5,0.99
2023-10-28T02:00,0.72,165,8.7,30.5,0.9
2023-10-28T03:00,0.72,165,8.7,30.5,0.75
2023-10-28T04:00,0.7,165,8.65,30.4,0.58
2023-10-28T05:00,0.7,165,8.65,30.4,0.43
2023-10-28T06:00,0.68,165,8.6,30.4,0.3
2023-10-28T07:00,0.68,165,8.6,30.5,0.26
2023-10-28T08:00,0.66,165,8.6,30.5,0.3
2023-10-28T09:00,0.68,165,8.65,30.5,0.43
2023-10-28T10:00,0.68,165,8.75,30.5,0.59
2023-10-28T11:00,0.7,165,8.85,30.6,0.74
2023-10-28T12:00,0.7,165,8.9,30.6,0.83
2023-10-28T13:00,0.72,164,9.0,30.7,0.84
2023-10-28T14:00,0.72,164,9.0,30.7,0.77
2023-10-28T15:00,0.72,164,8.95,30.7,0.63
2023-10-28T16:00,0.7,164,8.9,30.8,0.47
2023-10-28T17:00,0.7,164,8.85,30.8,0.32
2023-10-28T18:00,0.7,164,8.9,30.8,0.22
2023-10-28T19:00,0.7,165,8.95,30.8,0.2
2023-10-28T20:00,0.7,165,9.0,30.7,0.27
2023-10-28T21:00,0.7,165,9.05,30.7,0.44
2023-10-28T22:00,0.72,166,9.15,30.7,0.65
2023-10-28T23:00,0.72,166,9.2,30.6,0.84
2023-10-29T00:00,0.74,166,9.25,30.6,0.99
2023-10-29T01:00,0.74,166,9.3,30.6,1.04
2023-10-29T02:00,0.76,166,9.3,30.5,0.99
2023-10-29T03:00,0.78,166,9.25,30.5,0.86
2023-10-29T04:00,0.78,166,9.15,30.5,0.67
2023-10-29T05:00,0.8,166,9.05,30.5,0.49
2023-10-29T06:00,0.8,166,9.0,30.5,0.33
2023-10-29T07:00,0.82,165,8.9,30.5,0.23
2023-10-29T08:00,0.82,165,8.8,30.5,0.24
2023-10-29T09:00,0.84,164,8.65,30.5,0.33
2023-10-29T10:00,0.84,162,8.45,30.6,0.49
2023-10-29T11:00,0.86,161,8.3,30.6,0.67
2023-10-29T12:00,0.86,160,8.2,30.6,0.79
2023-10-29T13:00,0.84,158,8.15,30.6,0.84
2023-10-29T14:00,0.84,157,8.15,30.7,0.81
2023-10-29T15:00,0.84,158,8.25,30.7,0.68
2023-10-29T16:00,0.84,158,8.35,30.7,0.51
2023-10-29T17:00,0.84,159,8.5,30.7,0.35
2023-10-29T18:00,0.86,160,8.65,30.7,0.22
2023-10-29T19:00,0.86,160,8.8,30.7,0.16
2023-10-29T20:00,0.88,161,8.9,30.6,0.19
2023-10-29T21:00,0.9,161,8.95,30.6,0.33
2023-10-29T22:00,0.92,161,8.95,30.6,0.52
2023-10-29T23:00,0.94,161,8.95,30.5,0.75
2023-10-30T00:00,0.94,161,8.9,30.5,0.92
2023-10-30T01:00,0.96,160,8.85,30.5,1.02
2023-10-30T02:00,0.96,160,8.8,30.4,1.02
2023-10-30T03:00,0.96,159,8.75,30.4,0.92
2023-10-30T04:00,0.98,159,8.7,30.3,0.73
2023-10-30T05:00,0.98,158,8.65,30.3,0.53
2023-10-30T06:00,1.0,157,8.6,30.3,0.34
2023-10-30T07:00,1.0,157,8.55,30.3,0.22
2023-10-30T08:00,1.02,156,8.5,30.3,0.17
2023-10-30T09:00,1.02,156,8.45,30.3,0.22
2023-10-30T10:00,1.02,156,8.4,30.3,0.35
2023-10-30T11:00,1.02,156,8.35,30.3,0.52
2023-10-30T12:00,1.02,156,8.35,30.4,0.67
2023-10-30T13:00,1.02,155,8.35,30.4,0.76
2023-10-30T14:00,1.02,155,8.35,30.4,0.76
2023-10-30T15:00,1.02,155,8.35,30.5,0.67
2023-10-30T16:00,1.04,155,8.35,30.5,0.52
2023-10-30T17:00,1.04,155,8.35,30.5,0.35
2023-10-30T18:00,1.04,155,8.4,30.5,0.2
2023-10-30T19:00,1.06,154,8.5,30.5,0.1
2023-10-30T20:00,1.06,154,8.55,30.5,0.11
2023-10-30T21:00,1.04,155,8.5,30.4,0.2
2023-10-30T22:00,1.02,155,8.4,30.4,0.36
2023-10-30T23:00,1.0,156,8.35,30.3,0.57
2023-10-31T00:00,1.0,156,8.35,30.3,0.77
2023-10-31T01:00,1.02,157,8.4,30.2,0.91
2023-10-31T02:00,1.02,157,8.45,30.2,0.95
2023-10-31T03:00,1.0,157,8.5,30.2,0.9
2023-10-31T04:00,1.0,158,8.55,30.1,0.76
2023-10-31T05:00,0.98,158,8.6,30.1,0.57
2023-10-31T06:00,0.98,158,8.6,30.1,0.37
2023-10-31T07:00,0.98,158,8.6,30.1,0.23
2023-10-31T08:00,0.98,158,,30.2,0.15
2023-10-31T09:00,0.98,158,,30.2,0.17
2023-10-31T10:00,1.0,157,,30.2,0.27
2023-10-31T11:00,1.0,157,,30.3,0.42
2023-10-31T12:00,1.0,157,,30.3,0.58
2023-10-31T13:00,1.0,157,,30.4,0.68
2023-10-31T14:00,1.0,157,,30.4,0.72
2023-10-31T15:00,1.0,157,,30.4,0.69
2023-10-31T16:00,1.02,157,,30.5,0.58
2023-10-31T17:00,1.02,157,,30.5,0.4
2023-10-31T18:00,1.02,157,,30.5,0.24
2023-10-31T19:00,1.02,156,,30.5,0.13
2023-10-31T20:00,1.02,156,,30.4,0.08
2023-10-31T21:00,1.02,156,,30.4,0.12
2023-10-31T22:00,1.04,156,,30.4,0.26
2023-10-31T23:00,1.04,156,,30.3,0.44
2023-11-01T00:00,1.04,156,,30.3,0.63
2023-11-01T01:00,1.04,156,,30.3,0.77
2023-11-01T02:00,1.04,156,,30.2,0.85
2023-11-01T03:00,1.04,156,,30.2,0.85
2023-11-01T04:00,1.06,155,,30.1,0.77
2023-11-01T05:00,1.06,155,,30.1,0.6
2023-11-01T06:00,1.06,155,,30.1,0.42
2023-11-01T07:00,1.06,155,,30.1,0.27
2023-11-01T08:00,1.06,155,9.45,30.1,0.18
2023-11-01T09:00,1.06,155,9.5,30.2,0.16
2023-11-01T10:00,1.04,155,9.5,30.2,0.23
2023-11-01T11:00,1.04,155,9.55,30.2,0.35
2023-11-01T12:00,1.02,155,9.55,30.3,0.49
2023-11-01T13:00,1.02,155,9.6,30.3,0.61
2023-11-01T14:00,1.0,155,9.6,30.4,0.67
2023-11-01T15:00,1.0,155,9.6,30.4,0.66
2023-11-01T16:00,1.02,156,9.65,30.5,0.59
2023-11-01T17:00,1.02,156,9.65,30.5,0.45
2023-11-01T18:00,1.02,155,9.65,30.5,0.3
2023-11-01T19:00,1.04,155,9.6,30.5,0.19
2023-11-01T20:00,1.04,154,9.6,30.4,0.13
2023-11-01T21:00,1.04,154,9.6,30.4,0.12
2023-11-01T22:00,1.04,154,9.55,30.4,0.21
2023-11-01T23:00,1.04,154,9.55,30.3,0.38
2023-11-02T00:00,1.04,154,9.5,30.3,0.55
2023-11-02T01:00,1.02,153,9.45,30.2,0.7
2023-11-02T02:00,1.02,153,9.4,30.2,0.8
2023-11-02T03:00,1.02,153,9.35,30.1,0.84
2023-11-02T04:00,1.02,153,9.25,30.1,0.79
2023-11-02T05:00,1.02,153,9.2,30.1,0.68
2023-11-02T06:00,1.02,152,9.15,30.1,0.53
2023-11-02T07:00,1.02,152,9.05,30.1,0.38
2023-11-02T08:00,1.02,151,9.0,30.1,0.27
2023-11-02T09:00,1.02,151,9.0,30.1,0.23
2023-11-02T10:00,1.02,150,9.0,30.1,0.26
2023-11-02T11:00,1.02,150,9.0,30.1,0.35
2023-11-02T12:00,1.02,150,9.05,30.2,0.46
2023-11-02T13:00,1.02,151,9.15,30.2,0.57
2023-11-02T14:00,1.02,151,9.2,30.3,0.64
2023-11-02T15:00,1.02,151,9.25,30.3,0.66
2023-11-02T16:00,1.0,151,9.3,30.4,0.62
2023-11-02T17:00,1.0,151,9.35,30.4,0.53
2023-11-02T18:00,1.0,152,9.4,30.4,0.4
2023-11-02T19:00,0.98,152,9.45,30.3,0.28
2023-11-02T20:00,0.98,153,9.5,30.3,0.21
2023-11-02T21:00,0.98,153,9.55,30.3,0.2
2023-11-02T22:00,0.98,153,9.55,30.2,0.25
2023-11-02T23:00,0.98,153,9.55,30.2,0.35
2023-11-03T00:00,0.98,153,9.5,30.1,0.49
2023-11-03T01:00,0.96,154,9.45,30.1,0.62
2023-11-03T02:00,0.96,154,9.4,30.1,0.73
2023-11-03T03:00,0.96,153,9.3,30.0,0.78
2023-11-03T04:00,0.98,153,9.15,30.0,0.77
2023-11-03T05:00,0.98,152,9.05,30.0,0.7
2023-11-03T06:00,0.98,151,9.0,30.0,0.59
2023-11-03T07:00,0.98,151,9.0,30.0,0.46
2023-11-03T08:00,0.98,150,9.05,30.0,0.34
2023-11-03T09:00,0.96,151,9.15,30.0,0.28
2023-11-03T10:00,0.96,153,9.3,30.1,0.29
2023-11-03T11:00,0.94,154,9.4,30.1,0.34
2023-11-03T12:00,0.94,155,9.45,30.1,0.42
2023-11-03T13:00,0.92,156,9.45,30.1,0.51
2023-11-03T14:00,0.92,157,9.45,30.2,0.57
2023-11-03T15:00,0.92,157,9.45,30.2,0.6
2023-11-03T16:00,0.9,158,9.4,30.2,0.57
2023-11-03T17:00,0.9,158,9.4,30.2,0.51
2023-11-03T18:00,0.9,158,9.35,30.2,0.42
2023-11-03T19:00,0.88,159,9.35,30.2,0.32
2023-11-03T20:00,0.88,159,9.3,30.2,0.24
2023-11-03T21:00,0.86,159,9.3,30.2,0.21
2023-11-03T22:00,0.86,159,9.25,30.2,0.24
2023-11-03T23:00,0.84,159,9.25,30.1,0.31
2023-11-04T00:00,0.84,159,9.2,30.1,0.4
2023-11-04T01:00,0.84,160,9.15,30.1,0.52
2023-11-04T02:00,0.84,160,9.15,30.0,0.61
2023-11-04T03:00,0.86,160,9.2,30.0,0.67
2023-11-04T04:00,0.88,161,9.3,29.9,0.68
2023-11-04T05:00,0.9,161,9.35,29.9,0.64
2023-11-04T06:00,0.9,161,9.35,29.9,0.58
2023-11-04T07:00,0.9,160,9.35,29.9,0.48
2023-11-04T08:00,0.9,160,9.3,29.9,0.37
2023-11-04T09:00,0.88,160,9.2,30.0,0.31
2023-11-04T10:00,0.88,161,9.05,30.0,0.29
2023-11-04T11:00,0.86,161,8.95,30.0,0.31
2023-11-04T12:00,0.84,161,8.85,30.0,0.36
2023-11-04T13:00,0.82,161,8.8,30.0,0.41
2023-11-04T14:00,0.8,161,8.75,30.0,0.46
2023-11-04T15:00,0.78,161,8.7,30.0,0.49
2023-11-04T16:00,0.78,162,8.6,30.0,0.48
2023-11-04T17:00,0.76,162,8.55,30.0,0.46
2023-11-04T18:00,0.76,162,8.5,30.0,0.4
2023-11-04T19:00,0.74,163,8.45,29.9,0.34
2023-11-04T20:00,0.74,163,8.4,29.9,0.29
2023-11-04T21:00,0.74,163,8.3,29.9,0.25
2023-11-04T22:00,0.76,164,8.25,29.9,0.26
2023-11-04T23:00,0.76,164,8.2,29.8,0.31
2023-11-05T00:00,0.76,164,8.2,29.8,0.37
2023-11-05T01:00,0.76,164,8.3,29.8,0.45
2023-11-05T02:00,0.76,164,8.35,29.7,0.53
2023-11-05T03:00,0.74,164,8.4,29.7,0.58
2023-11-05T04:00,0.74,164,8.45,29.7,0.6
2023-11-05T05:00,0.72,164,8.5,29.7,0.6
2023-11-05T06:00,0.72,164,8.55,29.7,0.56
2023-11-05T07:00,0.7,164,8.6,29.7,0.51
2023-11-05T08:00,0.7,164,8.65,29.8,0.44
2023-11-05T09:00,0.7,164,8.65,29.9,0.38
2023-11-05T10:00,0.68,164,8.65,29.9,0.35
2023-11-05T11:00,0.68,164,8.6,30.0,0.35
2023-11-05T12:00,0.68,164,8.55,30.0,0.36
2023-11-05T13:00,0.68,163,8.5,30.0,0.39
2023-11-05T14:00,0.68,163,8.5,30.1,0.42
2023-11-05T15:00,0.7,163,8.55,30.1,0.44
2023-11-05T16:00,0.7,163,8.6,30.1,0.45
2023-11-05T17:00,0.72,163,8.65,30.1,0.43
2023-11-05T18:00,0.72,163,8.65,30.1,0.4
2023-11-05T19:00,0.72,163,8.65,30.1,0.38
2023-11-05T20:00,0.72,163,8.65,30.0,0.36
2023-11-05T21:00,0.72,163,8.65,30.0,0.33
2023-11-05T22:00,0.7,163,8.6,30.0,0.33
2023-11-05T23:00,0.7,163,8.6,29.9,0.36
2023-11-06T00:00,0.7,163,8.65,29.9,0.4
2023-11-06T01:00,0.72,162,8.7,29.9,0.44
2023-11-06T02:00,0.72,162,8.75,29.8,0.5
2023-11-06T03:00,0.72,162,8.75,29.8,0.54
2023-11-06T04:00,0.74,162,8.75,29.8,0.56
2023-11-06T05:00,0.74,162,8.75,29.8,0.57
2023-11-06T06:00,0.76,162,8.8,29.8,0.56
2023-11-06T07:00,0.76,162,8.9,29.8,0.54
2023-11-06T08:00,0.78,162,8.85,29.9,0.51
2023-11-06T09:00,0.74,162,8.6,30.0,0.48
2023-11-06T10:00,0.68,162,8.25,30.0,0.45
2023-11-06T11:00,0.64,162,8.05,30.1,0.43
2023-11-06T12:00,0.66,162,8.2,30.1,0.42
2023-11-06T13:00,0.7,163,8.55,30.2,0.42
2023-11-06T14:00,0.72,163,8.8,30.2,0.43
2023-11-06T15:00,0.72,163,8.85,30.2,0.43
2023-11-06T16:00,0.74,163,8.85,30.3,0.42
2023-11-06T17:00,0.74,163,8.9,30.3,0.42
2023-11-06T18:00,0.74,163,9.0,30.3,0.42
2023-11-06T19:00,0.76,163,9.15,30.2,0.42
2023-11-06T20:00,0.76,163,9.25,30.2,0.42
2023-11-06T21:00,0.76,163,9.3,30.2,0.44
2023-11-06T22:00,0.76,162,9.3,30.1,0.45
2023-11-06T23:00,0.76,162,9.3,30.1,0.46
2023-11-07T00:00,0.76,162,9.3,30.0,0.46
2023-11-07T01:00,0.78,162,9.3,30.0,0.47
2023-11-07T02:00,0.78,162,9.3,30.0,0.49
2023-11-07T03:00,0.8,161,9.25,29.9,0.5
2023-11-07T04:00,0.8,161,9.2,29.9,0.5
2023-11-07T05:00,0.82,160,9.15,29.9,0.51
2023-11-07T06:00,0.82,159,9.15,29.9,0.51
2023-11-07T07:00,0.84,159,9.15,29.9,0.51
2023-11-07T08:00,0.84,158,9.1,29.9,0.52
2023-11-07T09:00,0.84,156,8.95,29.9,0.54
2023-11-07T10:00,0.84,154,8.8,29.9,0.52
2023-11-07T11:00,0.84,152,8.7,29.9,0.5
2023-11-07T12:00,0.84,151,8.7,30.0,0.47
2023-11-07T13:00,0.86,150,8.75,30.0,0.44
2023-11-07T14:00,0.86,149,8.8,30.1,0.42
2023-11-07T15:00,0.86,149,8.85,30.1,0.39
2023-11-07T16:00,0.84,148,8.85,30.2,0.37
2023-11-07T17:00,0.84,148,8.9,30.2,0.34
2023-11-07T18:00,0.84,148,8.95,30.2,0.33
2023-11-07T19:00,0.82,149,9.05,30.1,0.38
2023-11-07T20:00,0.82,149,9.1,30.1,0.41
2023-11-07T21:00,0.82,150,9.15,30.1,0.45
2023-11-07T22:00,0.8,150,9.2,30.0,0.5
2023-11-07T23:00,0.8,151,9.25,30.0,0.5
2023-11-08T00:00,0.8,152,9.35,29.9,0.48
2023-11-08T01:00,0.78,154,9.45,29.9,0.47
2023-11-08T02:00,0.78,155,9.6,29.9,0.46
2023-11-08T03:00,0.78,156,9.75,29.9,0.42
2023-11-08T04:00,0.76,158,9.9,29.8,0.38
2023-11-08T05:00,0.76,159,10.0,29.8,0.39
2023-11-08T06:00,0.74,160,10.0,29.8,0.4
2023-11-08T07:00,0.74,162,9.95,29.8,0.42
2023-11-08T08:00,0.72,163,9.9,29.8,0.45
2023-11-08T09:00,0.72,163,9.9,29.8,0.51
2023-11-08T10:00,0.72,163,9.9,29.9,0.55
2023-11-08T11:00,0.72,163,9.9,29.9,0.53
2023-11-08T12:00,0.72,163,9.95,29.9,0.5
2023-11-08T13:00,0.72,162,10.05,30.0,0.46
2023-11-08T14:00,0.72,162,10.05,30.0,0.4
2023-11-08T15:00,0.68,163,9.85,30.1,0.35
2023-11-08T16:00,0.66,165,9.5,30.1,0.3
2023-11-08T17:00,0.62,166,9.4,30.1,0.29
2023-11-08T18:00,0.66,166,9.7,30.1,0.3
2023-11-08T19:00,0.68,166,10.15,30.1,0.33
2023-11-08T20:00,0.72,166,10.55,30.1,0.4
2023-11-08T21:00,0.74,166,10.75,30.0,0.48
2023-11-08T22:00,0.76,165,10.85,30.0,0.57
2023-11-08T23:00,0.78,165,10.95,29.9,0.6
2023-11-09T00:00,0.78,165,11.05,29.9,0.58
2023-11-09T01:00,0.8,165,11.1,29.9,0.55
2023-11-09T02:00,0.8,165,11.05,29.8,0.5
2023-11-09T03:00,0.76,165,10.7,29.8,0.43
2023-11-09T04:00,0.7,165,10.25,29.8,0.37
2023-11-09T05:00,0.66,165,9.95,29.8,0.32
2023-11-09T06:00,0.7,165,9.95,29.8,0.32
2023-11-09T07:00,0.74,164,10.15,29.8,0.35
2023-11-09T08:00,0.78,164,10.3,29.8,0.4
2023-11-09T09:00,0.8,163,10.35,29.8,0.47
2023-11-09T10:00,0.8,163,10.4,29.8,0.54
2023-11-09T11:00,0.82,162,10.45,29.8,0.58
2023-11-09T12:00,0.82,162,10.5,29.8,0.56
2023-11-09T13:00,0.84,163,10.55,29.8,0.49
2023-11-09T14:00,0.84,163,10.65,29.9,0.42
2023-11-09T15:00,0.86,163,10.75,29.9,0.35
2023-11-09T16:00,0.86,164,10.85,29.9,0.28
2023-11-09T17:00,0.88,164,10.95,29.9,0.24
2023-11-09T18:00,0.9,164,11.0,29.9,0.24
2023-11-09T19:00,0.9,164,11.0,29.9,0.29
2023-11-09T20:00,0.92,164,11.0,29.8,0.37
2023-11-09T21:00,0.92,164,10.95,29.8,0.46
2023-11-09T22:00,0.92,165,10.9,29.8,0.57
2023-11-09T23:00,0.92,165,10.85,29.7,0.66
2023-11-10T00:00,0.92,165,10.85,29.7,0.67
2023-11-10T01:00,0.92,165,10.85,29.7,0.61
2023-11-10T02:00,0.92,165,10.75,29.7,0.53
2023-11-10T03:00,0.94,164,10.55,29.7,0.44
2023-11-10T04:00,0.94,163,10.3,29.7,0.34
2023-11-10T05:00,0.96,162,10.05,29.7,0.27
2023-11-10T06:00,0.96,160,9.9,29.7,0.24
2023-11-10T07:00,0.96,159,9.8,29.7,0.25
2023-11-10T08:00,0.96,157,9.65,29.6,0.31
2023-11-10T09:00,0.92,157,9.4,29.6,0.4
2023-11-10T10:00,0.88,156,9.15,29.6,0.49
2023-11-10T11:00,0.84,156,9.0,29.6,0.57
2023-11-10T12:00,0.84,157,9.0,29.6,0.58
2023-11-10T13:00,0.82,158,9.05,29.7,0.53
2023-11-10T14:00,0.82,159,9.15,29.7,0.43
2023-11-10T15:00,0.8,161,9.25,29.7,0.33
2023-11-10T16:00,0.78,162,9.4,29.8,0.23
2023-11-10T17:00,0.76,164,9.55,29.8,0.17
2023-11-10T18:00,0.76,165,9.7,29.8,0.15
2023-11-10T19:00,0.76,165,9.85,29.7,0.2
2023-11-10T20:00,0.76,166,9.9,29.7,0.29
2023-11-10T21:00,0.76,165,9.85,29.7,0.42
2023-11-10T22:00,0.78,165,9.75,29.7,0.57
2023-11-10T23:00,0.78,164,9.55,29.6,0.68
2023-11-11T00:00,0.8,160,9.25,29.6,0.73
2023-11-11T01:00,0.8,157,8.9,29.6,0.69
2023-11-11T02:00,0.82,153,8.6,29.5,0.6
2023-11-11T03:00,0.84,149,8.35,29.5,0.48
2023-11-11T04:00,0.86,144,8.1,29.4,0.35
2023-11-11T05:00,0.88,140,7.95,29.4,0.25
2023-11-11T06:00,0.9,137,7.9,29.4,0.19
2023-11-11T07:00,0.92,135,7.85,29.4,0.18
2023-11-11T08:00,0.94,132,7.85,29.4,0.24
2023-11-11T09:00,0.94,130,7.8,29.4,0.35
2023-11-11T10:00,0.94,128,7.75,29.5,0.47
2023-11-11T11:00,0.94,126,7.65,29.5,0.58
2023-11-11T12:00,0.94,126,7.55,29.5,0.63
2023-11-11T13:00,0.94,126,7.45,29.5,0.6
2023-11-11T14:00,0.94,126,7.35,29.6,0.51
2023-11-11T15:00,0.94,123,7.2,29.6,0.38
2023-11-11T16:00,0.92,119,7.0,29.6,0.27
2023-11-11T17:00,0.92,116,6.85,29.6,0.17
2023-11-11T18:00,0.92,115,6.75,29.6,0.14
2023-11-11T19:00,0.94,113,6.75,29.6,0.17
2023-11-11T20:00,0.94,112,6.75,29.6,0.26
2023-11-11T21:00,0.92,115,6.85,29.5,0.41
2023-11-11T22:00,0.92,118,7.05,29.5,0.58
2023-11-11T23:00,0.9,121,7.2,29.5,0.73
2023-11-12T00:00,0.88,124,7.25,29.4,0.8
2023-11-12T01:00,0.88,126,7.3,29.4,0.81
2023-11-12T02:00,0.86,129,7.25,29.4,0.73
2023-11-12T03:00,0.86,127,7.15,29.3,0.58
2023-11-12T04:00,0.86,125,7.0,29.3,0.41
2023-11-12T05:00,0.86,123,6.9,29.3,0.28
2023-11-12T06:00,0.86,119,6.8,29.3,0.17
2023-11-12T07:00,0.88,115,6.7,29.3,0.13
2023-11-12T08:00,0.88,111,6.65,29.3,0.16
2023-11-12T09:00,0.88,107,6.6,29.3,0.27
2023-11-12T10:00,0.9,102,6.5,29.4,0.41
2023-11-12T11:00,0.9,98,6.5,29.4,0.54
2023-11-12T12:00,0.9,99,6.55,29.4,0.61
2023-11-12T13:00,0.9,100,6.6,29.4,0.63
2023-11-12T14:00,0.9,101,6.7,29.5,0.58
2023-11-12T15:00,0.88,105,6.85,29.5,0.45
2023-11-12T16:00,0.88,108,7.0,29.5,0.29
2023-11-12T17:00,0.86,112,7.1,29.5,0.17
2023-11-12T18:00,0.86,114,7.15,29.5,0.1
2023-11-12T19:00,0.84,116,7.15,29.5,0.11
2023-11-12T20:00,0.84,118,7.15,29.5,0.19
2023-11-12T21:00,0.88,115,7.15,29.5,0.34
2023-11-12T22:00,0.94,111,7.1,29.5,0.54
2023-11-12T23:00,0.98,108,7.1,29.4,0.7
2023-11-13T00:00,0.98,108,7.15,29.4,0.81
2023-11-13T01:00,0.98,107,7.2,29.4,0.86
2023-11-13T02:00,0.98,107,7.3,29.3,0.8
2023-11-13T03:00,0.98,108,7.4,29.3,0.67
2023-11-13T04:00,0.96,110,7.5,29.2,0.5
2023-11-13T05:00,0.96,111,7.55,29.2,0.32
2023-11-13T06:00,0.94,111,7.45,29.2,0.19
2023-11-13T07:00,0.94,110,7.3,29.2,0.11
2023-11-13T08:00,0.92,110,7.15,29.2,0.12
2023-11-13T09:00,0.92,107,7.0,29.2,0.21
2023-11-13T10:00,0.9,105,6.9,29.2,0.35
2023-11-13T11:00,0.9,102,6.8,29.2,0.5
2023-11-13T12:00,0.9,99,6.7,29.3,0.61
2023-11-13T13:00,0.88,97,6.65,29.3,0.66
2023-11-13T14:00,0.88,94,6.6,29.3,0.63
2023-11-13T15:00,0.9,92,6.55,29.4,0.52
2023-11-13T16:00,0.9,89,6.5,29.4,0.36
2023-11-13T17:00,0.92,87,6.5,29.4,0.22
2023-11-13T18:00,0.94,85,6.5,29.4,0.11
2023-11-13T19:00,0.96,84,6.5,29.4,0.08
2023-11-13T20:00,0.98,82,6.5,29.4,0.14
2023-11-13T21:00,0.98,82,6.55,29.3,0.28
2023-11-13T22:00,0.98,82,6.6,29.3,0.46
2023-11-13T23:00,0.98,82,6.7,29.3,0.66
2023-11-14T00:00,0.96,86,6.85,29.2,0.81
2023-11-14T01:00,0.96,89,7.05,29.2,0.89
2023-11-14T02:00,0.94,93,7.25,29.2,0.88
2023-11-14T03:00,0.94,97,7.45,29.2,0.79
2023-11-14T04:00,0.92,102,7.7,29.1,0.62
2023-11-14T05:00,0.92,106,7.95,29.1,0.42
2023-11-14T06:00,0.96,110,8.35,29.1,0.26
2023-11-14T07:00,1.0,113,8.75,29.1,0.14
2023-11-14T08:00,1.04,117,9.0,29.1,0.1
2023-11-14T09:00,0.98,118,8.9,29.1,0.16
2023-11-14T10:00,0.94,119,8.65,29.0,0.3
2023-11-14T11:00,0.88,120,8.5,29.0,0.44
2023-11-14T12:00,0.86,126,8.55,29.0,0.56
2023-11-14T13:00,0.86,132,8.65,29.0,0.64
2023-11-14T14:00,0.84,138,8.75,29.0,0.64
2023-11-14T15:00,0.84,137,8.75,29.0,0.56
2023-11-14T16:00,0.86,136,8.7,29.0,0.43
2023-11-14T17:00,0.86,135,8.65,29.0,0.28
2023-11-14T18:00,0.9,132,8.6,29.0,0.15
2023-11-14T19:00,0.92,128,8.6,28.9,0.1
2023-11-14T20:00,0.96,125,8.55,28.9,0.1
2023-11-14T21:00,0.98,125,8.55,28.9,0.2
2023-11-14T22:00,1.0,126,8.55,28.9,0.38
2023-11-14T23:00,1.02,126,8.55,28.8,0.57
2023-11-15T00:00,1.02,129,8.6,28.8,0.73
2023-11-15T01:00,1.02,133,8.7,28.7,0.84
2023-11-15T02:00,1.02,136,8.8,28.7,0.88
2023-11-15T03:00,1.0,138,8.85,28.7,0.81
2023-11-15T04:00,1.0,139,8.85,28.6,0.68
2023-11-15T05:00,0.98,141,8.85,28.6,0.51
2023-11-15T06:00,0.98,141,8.85,28.6,0.31
2023-11-15T07:00,0.96,141,8.9,28.7,0.17
2023-11-15T08:00,0.96,141,8.95,28.7,0.11
2023-11-15T09:00,0.96,142,9.05,28.7,0.12
2023-11-15T10:00,0.94,144,9.15,28.8,0.22
2023-11-15T11:00,0.94,145,9.3,28.8,0.36
2023-11-15T12:00,0.92,146,9.45,28.9,0.5
2023-11-15T13:00,0.92,148,9.6,29.0,0.59
2023-11-15T14:00,0.9,149,9.8,29.0,0.6
2023-11-15T15:00,0.9,151,10.0,29.1,0.55
2023-11-15T16:00,0.88,154,10.2,29.1,0.44
2023-11-15T17:00,0.88,156,10.35,29.2,0.3
2023-11-15T18:00,0.88,157,10.5,29.2,0.15
2023-11-15T19:00,0.86,158,10.65,29.1,0.05
2023-11-15T20:00,0.86,159,10.7,29.1,0.04
2023-11-15T21:00,0.86,159,10.7,29.1,0.11
2023-11-15T22:00,0.88,159,10.6,29.0,0.25
2023-11-15T23:00,0.88,159,10.45,29.0,0.44
2023-11-16T00:00,0.88,158,10.25,28.9,0.63
2023-11-16T01:00,0.88,157,10.0,28.9,0.77
2023-11-16T02:00,0.88,156,9.8,28.9,0.83
2023-11-16T03:00,0.88,154,9.6,28.8,0.82
2023-11-16T04:00,0.9,153,9.45,28.8,0.73
2023-11-16T05:00,0.9,151,9.35,28.8,0.56
2023-11-16T06:00,0.9,150,9.3,28.8,0.38
2023-11-16T07:00,0.9,150,9.25,28.9,0.23
2023-11-16T08:00,0.9,149,9.2,28.9,0.13
2023-11-16T09:00,0.88,149,9.15,28.9,0.11
2023-11-16T10:00,0.88,148,9.1,29.0,0.17
2023-11-16T11:00,0.86,148,9.05,29.0,0.29
2023-11-16T12:00,0.84,149,9.05,29.1,0.42
2023-11-16T13:00,0.84,149,9.1,29.1,0.53
2023-11-16T14:00,0.82,150,9.15,29.2,0.58
2023-11-16T15:00,0.8,151,9.15,29.2,0.56
2023-11-16T16:00,0.8,151,9.15,29.3,0.49
2023-11-16T17:00,0.78,152,9.15,29.3,0.37
2023-11-16T18:00,0.8,152,9.25,29.3,0.23
2023-11-16T19:00,0.8,152,9.35,29.3,0.12
2023-11-16T20:00,0.82,152,9.45,29.2,0.07
2023-11-16T21:00,0.82,152,9.45,29.2,0.09
2023-11-16T22:00,0.82,153,9.45,29.2,0.19
2023-11-16T23:00,0.82,153,9.45,29.1,0.37
2023-11-17T00:00,0.82,153,9.45,29.1,0.54
2023-11-17T01:00,0.8,153,9.45,29.1,0.67
2023-11-17T02:00,0.8,153,9.45,29.1,0.77
2023-11-17T03:00,0.8,153,9.4,29.0,0.79
2023-11-17T04:00,0.78,154,9.3,29.0,0.74
2023-11-17T05:00,0.78,154,9.15,29.0,0.63
2023-11-17T06:00,0.78,154,9.0,29.0,0.47
2023-11-17T07:00,0.78,153,8.8,29.0,0.33
2023-11-17T08:00,0.78,153,8.65,29.1,0.22
2023-11-17T09:00,0.8,149,8.45,29.1,0.18
2023-11-17T10:00,0.8,144,8.3,29.1,0.2
2023-11-17T11:00,0.82,140,8.15,29.1,0.28
2023-11-17T12:00,0.82,138,8.05,29.2,0.4
2023-11-17T13:00,0.82,136,7.95,29.2,0.51
2023-11-17T14:00,0.82,134,7.9,29.3,0.58
2023-11-17T15:00,0.82,134,7.85,29.3,0.59
2023-11-17T16:00,0.82,133,7.8,29.4,0.54
2023-11-17T17:00,0.82,133,7.8,29.4,0.45
2023-11-17T18:00,0.82,134,7.8,29.4,0.34
2023-11-17T19:00,0.8,134,7.8,29.4,0.22
2023-11-17T20:00,0.8,135,7.85,29.4,0.15
2023-11-17T21:00,0.78,136,7.9,29.3,0.16
2023-11-17T22:00,0.78,138,7.9,29.3,0.21
2023-11-17T23:00,0.76,139,7.95,29.3,0.32
2023-11-18T00:00,0.74,140,7.95,29.3,0.46
2023-11-18T01:00,0.74,142,8.0,29.2,0.62
2023-11-18T02:00,0.72,143,8.0,29.2,0.72
2023-11-18T03:00,0.72,144,8.05,29.2,0.77
2023-11-18T04:00,0.7,145,8.05,29.1,0.75
2023-11-18T05:00,0.7,146,8.1,29.1,0.67
2023-11-18T06:00,0.68,147,8.15,29.1,0.57
2023-11-18T07:00,0.68,149,8.15,29.1,0.44
2023-11-18T08:00,0.66,150,8.2,29.2,0.32
2023-11-18T09:00,0.66,150,8.2,29.2,0.25
2023-11-18T10:00,0.66,151,8.2,29.2,0.24
2023-11-18T11:00,0.66,151,8.2,29.2,0.27
2023-11-18T12:00,0.66,151,8.15,29.3,0.34
2023-11-18T13:00,0.64,150,8.1,29.3,0.43
2023-11-18T14:00,0.64,150,8.0,29.4,0.5
2023-11-18T15:00,0.64,149,7.9,29.4,0.52
2023-11-18T16:00,0.66,147,7.75,29.5,0.49
2023-11-18T17:00,0.66,146,7.6,29.5,0.44
2023-11-18T18:00,0.66,145,7.45,29.5,0.36
2023-11-18T19:00,0.64,144,7.3,29.5,0.28
2023-11-18T20:00,0.64,143,7.2,29.4,0.2
2023-11-18T21:00,0.66,140,7.1,29.4,0.16
2023-11-18T22:00,0.68,138,7.05,29.4,0.19
2023-11-18T23:00,0.7,135,7.0,29.3,0.27
2023-11-19T00:00,0.76,129,7.0,29.3,0.36
2023-11-19T01:00,0.84,124,7.0,29.3,0.47
2023-11-19T02:00,0.9,118,6.9,29.2,0.58
2023-11-19T03:00,0.92,107,6.55,29.2,0.65
2023-11-19T04:00,0.94,96,6.0,29.2,0.67
2023-11-19T05:00,0.96,85,5.65,29.2,0.63
2023-11-19T06:00,0.94,83,5.5,29.2,0.57
2023-11-19T07:00,0.94,80,5.5,29.1,0.47
2023-11-19T08:00,0.92,78,5.55,29.1,0.36
2023-11-19T09:00,0.9,81,5.6,29.1,0.27
2023-11-19T10:00,0.86,85,5.7,29.1,0.25
2023-11-19T11:00,0.84,88,5.8,29.1,0.25
2023-11-19T12:00,0.82,93,5.95,29.1,0.29
2023-11-19T13:00,0.82,99,6.05,29.1,0.34
2023-11-19T14:00,0.8,104,6.25,29.2,0.4
2023-11-19T15:00,0.78,110,6.45,29.2,0.45
2023-11-19T16:00,0.74,115,6.7,29.2,0.47
2023-11-19T17:00,0.72,121,6.95,29.2,0.42
2023-11-19T18:00,0.72,125,7.2,29.2,0.39
2023-11-19T19:00,0.7,130,7.4,29.2,0.35
2023-11-19T20:00,0.7,134,7.55,29.1,0.29
2023-11-19T21:00,0.7,135,7.55,29.1,0.26
2023-11-19T22:00,0.7,137,7.5,29.1,0.26
2023-11-19T23:00,0.7,138,7.45,29.1,0.29
2023-11-20T00:00,0.7,137,7.45,29.0,0.35
2023-11-20T01:00,0.7,136,7.4,29.0,0.43
2023-11-20T02:00,0.7,135,7.45,29.0,0.51
2023-11-20T03:00,0.68,137,7.6,29.0,0.58
2023-11-20T04:00,0.68,138,7.75,28.9,0.62
2023-11-20T05:00,0.66,140,7.85,28.9,0.61
2023-11-20T06:00,0.64,141,7.85,28.9,0.57
2023-11-20T07:00,0.62,143,7.75,28.9,0.51
2023-11-20T08:00,0.6,144,7.65,29.0,0.45
2023-11-20T09:00,0.6,144,7.55,29.0,0.39
2023-11-20T10:00,0.58,144,7.45,29.0,0.34
2023-11-20T11:00,0.58,144,7.3,29.1,0.33
2023-11-20T12:00,0.58,140,7.05,29.1,0.33
2023-11-20T13:00,0.58,135,6.8,29.2,0.35
2023-11-20T14:00,0.58,131,6.6,29.2,0.39
2023-11-20T15:00,0.6,127,6.5,29.3,0.44
2023-11-20T16:00,0.6,122,6.45,29.3,0.47
2023-11-20T17:00,0.62,118,6.4,29.3,0.48
2023-11-20T18:00,0.64,116,6.4,29.3,0.47
2023-11-20T19:00,0.68,115,6.4,29.3,0.46
2023-11-20T20:00,0.7,113,6.35,29.3,0.45
2023-11-20T21:00,0.74,110,6.25,29.2,0.43
2023-11-20T22:00,0.76,107,6.15,29.2,0.43
2023-11-20T23:00,0.8,104,6.05,29.2,0.43
2023-11-21T00:00,0.8,103,6.0,29.1,0.45
2023-11-21T01:00,0.82,103,5.95,29.1,0.49
2023-11-21T02:00,0.82,102,6.0,29.1,0.52
2023-11-21T03:00,0.8,105,6.1,29.1,0.56
2023-11-21T04:00,0.78,109,6.25,29.0,0.61
2023-11-21T05:00,0.76,112,6.4,29.0,0.62
2023-11-21T06:00,0.74,117,6.55,29.0,0.62
2023-11-21T07:00,0.72,121,6.7,29.0,0.6
2023-11-21T08:00,0.7,126,6.85,29.1,0.58
2023-11-21T09:00,0.68,129,6.95,29.1,0.54
2023-11-21T10:00,0.68,131,7.05,29.1,0.5
2023-11-21T11:00,0.66,134,7.15,29.2,0.47
2023-11-21T12:00,0.66,136,7.25,29.2,0.45
2023-11-21T13:00,0.66,139,7.4,29.3,0.43
2023-11-21T14:00,0.66,141,7.5,29.3,0.43
2023-11-21T15:00,0.64,143,7.55,29.4,0.45
2023-11-21T16:00,0.64,146,7.6,29.4,0.48
2023-11-21T17:00,0.62,148,7.65,29.5,0.5
2023-11-21T18:00,0.62,150,7.75,29.5,0.53
2023-11-21T19:00,0.62,152,7.9,29.5,0.56
2023-11-21T20:00,0.62,154,8.05,29.4,0.59
2023-11-21T21:00,0.62,156,8.25,29.4,0.61
2023-11-21T22:00,0.64,157,8.45,29.4,0.6
2023-11-21T23:00,0.64,159,8.6,29.3,0.57
2023-11-22T00:00,0.64,160,8.65,29.3,0.56
2023-11-22T01:00,0.64,160,8.7,29.3,0.54
2023-11-22T02:00,0.64,161,8.7,29.3,0.53
2023-11-22T03:00,0.64,161,8.7,29.2,0.53
2023-11-22T04:00,0.64,161,8.65,29.2,0.55
2023-11-22T05:00,0.64,161,8.65,29.2,0.57
2023-11-22T06:00,0.64,161,8.6,29.2,0.59
2023-11-22T07:00,0.62,161,8.6,29.3,0.6
2023-11-22T08:00,0.62,161,8.6,29.3,0.61
2023-11-22T09:00,0.64,161,8.7,29.4,0.61
2023-11-22T10:00,0.64,161,8.8,29.4,0.6
2023-11-22T11:00,0.66,161,8.9,29.4,0.58
2023-11-22T12:00,0.66,161,8.9,29.5,0.53
2023-11-22T13:00,0.66,161,8.9,29.5,0.48
2023-11-22T14:00,0.66,161,8.9,29.5,0.44
2023-11-22T15:00,0.66,161,8.95,29.5,0.42
2023-11-22T16:00,0.66,162,9.05,29.5,0.42
2023-11-22T17:00,0.66,162,9.15,29.5,0.45
2023-11-22T18:00,0.66,162,9.15,29.5,0.51
2023-11-22T19:00,0.66,163,9.15,29.5,0.57
2023-11-22T20:00,0.66,163,9.2,29.5,0.62
2023-11-22T21:00,0.72,163,9.5,29.4,0.69
2023-11-22T22:00,0.78,164,9.9,29.4,0.72
2023-11-22T23:00,0.84,164,10.1,29.4,0.72
2023-11-23T00:00,0.82,164,10.0,29.4,0.67
2023-11-23T01:00,0.82,164,9.8,29.3,0.62
2023-11-23T02:00,0.8,164,9.55,29.3,0.57
2023-11-23T03:00,0.78,164,9.4,29.3,0.53
2023-11-23T04:00,0.76,165,9.25,29.3,0.49
2023-11-23T05:00,0.74,165,9.15,29.3,0.48
2023-11-23T06:00,0.74,165,9.1,29.3,0.51
2023-11-23T07:00,0.72,165,9.1,29.3,0.54
2023-11-23T08:00,0.72,165,9.05,29.3,0.58
2023-11-23T09:00,0.72,165,8.95,29.3,0.63
2023-11-23T10:00,0.72,166,8.85,29.3,0.65
2023-11-23T11:00,0.72,166,8.75,29.3,0.63
2023-11-23T12:00,0.72,166,8.65,29.4,0.58
2023-11-23T13:00,0.7,167,8.55,29.4,0.51
2023-11-23T14:00,0.7,167,8.45,29.5,0.45
2023-11-23T15:00,0.7,167,8.4,29.5,0.39
2023-11-23T16:00,0.68,167,8.35,29.6,0.36
2023-11-23T17:00,0.68,167,8.35,29.6,0.38
2023-11-23T18:00,0.66,167,8.4,29.6,0.42
2023-11-23T19:00,0.66,166,8.45,29.6,0.52
2023-11-23T20:00,0.64,166,8.55,29.5,0.62
2023-11-23T21:00,0.64,166,8.65,29.5,0.72
2023-11-23T22:00,0.64,166,8.75,29.5,0.81
2023-11-23T23:00,0.64,166,8.9,29.4,0.83
2023-11-24T00:00,0.64,166,9.05,29.4,0.8
2023-11-24T01:00,0.64,166,9.2,29.4,0.73
2023-11-24T02:00,0.64,166,9.35,29.4,0.64
2023-11-24T03:00,0.64,166,9.5,29.3,0.55
2023-11-24T04:00,0.64,165,9.6,29.3,0.47
2023-11-24T05:00,0.64,165,9.65,29.3,0.42
2023-11-24T06:00,0.64,164,9.6,29.3,0.41
2023-11-24T07:00,0.64,163,9.55,29.4,0.44
2023-11-24T08:00,0.64,162,9.45,29.4,0.51
2023-11-24T09:00,0.66,161,9.4,29.4,0.58
2023-11-24T10:00,0.66,159,9.3,29.5,0.64
2023-11-24T11:00,0.68,158,9.3,29.5,0.67
2023-11-24T12:00,0.7,157,9.4,29.6,0.64
2023-11-24T13:00,0.7,157,9.6,29.6,0.56
2023-11-24T14:00,0.72,156,9.7,29.6,0.48
2023-11-24T15:00,0.72,156,9.6,29.7,0.39
2023-11-24T16:00,0.72,156,9.4,29.7,0.32
2023-11-24T17:00,0.72,156,9.25,29.7,0.3
2023-11-24T18:00,0.72,156,9.15,29.7,0.33
2023-11-24T19:00,0.7,155,9.05,29.7,0.42
2023-11-24T20:00,0.7,155,8.95,29.7,0.55
2023-11-24T21:00,0.7,153,8.75,29.7,0.69
2023-11-24T22:00,0.72,151,8.55,29.7,0.81
2023-11-24T23:00,0.72,149,8.3,29.6,0.89
2023-11-25T00:00,0.74,146,8.05,29.6,0.89
2023-11-25T01:00,0.74,142,7.85,29.6,0.82
2023-11-25T02:00,0.76,139,7.6,29.5,0.71
2023-11-25T03:00,0.78,136,7.4,29.5,0.59
2023-11-25T04:00,0.78,132,7.15,29.4,0.47
2023-11-25T05:00,0.8,129,7.0,29.4,0.37
2023-11-25T06:00,0.8,126,6.85,29.4,0.33
2023-11-25T07:00,0.8,124,6.75,29.4,0.35
2023-11-25T08:00,0.8,121,6.7,29.4,0.42
2023-11-25T09:00,0.8,121,6.65,29.4,0.51
2023-11-25T10:00,0.8,121,6.65,29.4,0.61
2023-11-25T11:00,0.8,121,6.65,29.4,0.67
2023-11-25T12:00,0.8,122,6.65,29.5,0.69
2023-11-25T13:00,0.78,122,6.7,29.5,0.63
2023-11-25T14:00,0.78,123,6.75,29.5,0.52
2023-11-25T15:00,0.76,124,6.8,29.6,0.42
2023-11-25T16:00,0.76,124,6.85,29.6,0.32
2023-11-25T17:00,0.74,125,6.85,29.6,0.25
2023-11-25T18:00,0.74,125,6.85,29.6,0.25
2023-11-25T19:00,0.72,125,6.8,29.6,0.32
2023-11-25T20:00,0.72,125,6.7,29.6,0.44
2023-11-25T21:00,0.74,120,6.5,29.5,0.59
2023-11-25T22:00,0.78,114,6.3,29.5,0.76
2023-11-25T23:00,0.8,109,6.1,29.5,0.89
2023-11-26T00:00,0.82,103,5.95,29.4,0.92
2023-11-26T01:00,0.86,98,5.85,29.4,0.9
2023-11-26T02:00,0.88,92,5.75,29.4,0.79
2023-11-26T03:00,0.88,90,5.7,29.3,0.64
2023-11-26T04:00,0.9,88,5.65,29.3,0.49
2023-11-26T05:00,0.9,86,5.6,29.3,0.37
2023-11-26T06:00,0.9,86,5.6,29.3,0.28
2023-11-26T07:00,0.9,86,5.65,29.3,0.25
2023-11-26T08:00,0.9,86,5.65,29.3,0.31
2023-11-26T09:00,0.9,87,5.65,29.3,0.42
2023-11-26T10:00,0.88,87,5.65,29.3,0.53
2023-11-26T11:00,0.88,88,5.65,29.3,0.63
2023-11-26T12:00,0.9,88,5.65,29.3,0.68
2023-11-26T13:00,0.9,87,5.6,29.3,0.66
2023-11-26T14:00,0.92,87,5.6,29.4,0.58
2023-11-26T15:00,0.94,86,5.6,29.4,0.46
2023-11-26T16:00,0.94,84,5.55,29.5,0.33
2023-11-26T17:00,0.96,83,5.55,29.5,0.24
2023-11-26T18:00,0.96,82,5.5,29.5,0.19
2023-11-26T19:00,0.98,80,5.5,29.4,0.22
2023-11-26T20:00,0.98,79,5.45,29.4,0.32
2023-11-26T21:00,1.0,77,5.4,29.4,0.48
2023-11-26T22:00,1.0,76,5.35,29.3,0.67
2023-11-26T23:00,1.02,74,5.3,29.3,0.83
2023-11-27T00:00,1.02,74,5.3,29.2,0.93
2023-11-27T01:00,1.04,74,5.35,29.2,0.94
2023-11-27T02:00,1.04,74,5.35,29.2,0.87
2023-11-27T03:00,1.02,75,5.35,29.1,0.73
2023-11-27T04:00,1.02,76,5.4,29.1,0.57
2023-11-27T05:00,1.0,77,5.4,29.1,0.4
2023-11-27T06:00,1.0,78,5.4,29.1,0.27
2023-11-27T07:00,0.98,78,5.4,29.1,0.21
2023-11-27T08:00,0.98,79,5.45,29.1,0.23
2023-11-27T09:00,0.96,81,5.5,29.1,0.32
2023-11-27T10:00,0.96,83,5.6,29.1,0.45
2023-11-27T11:00,0.94,85,5.65,29.1,0.58
2023-11-27T12:00,0.94,86,5.7,29.2,0.67
2023-11-27T13:00,0.92,87,5.8,29.2,0.68
2023-11-27T14:00,0.92,88,5.85,29.2,0.64
2023-11-27T15:00,0.92,88,5.9,29.3,0.51
2023-11-27T16:00,0.94,88,5.95,29.3,0.37
2023-11-27T17:00,0.94,88,6.0,29.3,0.26
2023-11-27T18:00,0.92,88,6.0,29.3,0.17
2023-11-27T19:00,0.9,88,6.0,29.3,0.17
2023-11-27T20:00,0.88,88,6.1,29.2,0.23
2023-11-27T21:00,0.86,92,6.35,29.2,0.37
2023-11-27T22:00,0.86,96,6.75,29.2,0.55
2023-11-27T23:00,0.84,100,7.1,29.1,0.75
2023-11-28T00:00,0.84,104,7.4,29.1,0.89
2023-11-28T01:00,0.84,107,7.75,29.1,0.94
2023-11-28T02:00,0.84,111,8.0,29.0,0.91
2023-11-28T03:00,0.84,113,8.2,29.0,0.81
2023-11-28T04:00,0.86,115,8.35,29.0,0.65
2023-11-28T05:00,0.86,117,8.45,29.0,0.47
2023-11-28T06:00,0.88,117,8.55,29.0,0.33
2023-11-28T07:00,0.9,118,8.65,29.0,0.23
2023-11-28T08:00,0.92,118,8.75,29.0,0.2
2023-11-28T09:00,0.94,118,8.8,29.0,0.26
2023-11-28T10:00,0.96,119,8.8,29.0,0.38
2023-11-28T11:00,0.98,119,8.85,29.1,0.53
2023-11-28T12:00,1.0,122,9.0,29.1,0.64
2023-11-28T13:00,1.04,124,9.15,29.2,0.7
2023-11-28T14:00,1.06,127,9.3,29.2,0.7
2023-11-28T15:00,1.08,130,9.45,29.3,0.62
2023-11-28T16:00,1.08,132,9.55,29.4,0.48
2023-11-28T17:00,1.1,135,9.65,29.4,0.35
2023-11-28T18:00,1.08,135,9.65,29.4,0.25
2023-11-28T19:00,1.08,136,9.55,29.3,0.19
2023-11-28T20:00,1.06,136,9.5,29.3,0.21
2023-11-28T21:00,1.06,138,9.55,29.3,0.31
2023-11-28T22:00,1.04,139,9.6,29.2,0.49
2023-11-28T23:00,1.04,141,9.55,29.2,0.68
2023-11-29T00:00,0.96,142,9.15,29.1,0.83
2023-11-29T01:00,0.88,144,8.6,29.1,0.92
2023-11-29T02:00,0.8,145,8.3,29.1,0.96
2023-11-29T03:00,0.86,145,8.45,29.1,0.89
2023-11-29T04:00,0.94,145,8.8,29.0,0.75
2023-11-29T05:00,1.0,145,9.05,29.0,0.58
2023-11-29T06:00,1.02,141,8.95,29.0,0.42
2023-11-29T07:00,1.02,136,8.75,29.0,0.29
2023-11-29T08:00,1.04,132,8.5,29.0,0.23
2023-11-29T09:00,1.04,127,8.3,29.0,0.25
2023-11-29T10:00,1.04,123,8.1,29.1,0.35
2023-11-29T11:00,1.04,118,7.9,29.1,0.48
2023-11-29T12:00,1.04,114,7.65,29.1,0.61
2023-11-29T13:00,1.02,110,7.4,29.1,0.7
2023-11-29T14:00,1.02,106,7.2,29.2,0.73
2023-11-29T15:00,1.04,104,7.05,29.2,0.68
2023-11-29T16:00,1.04,103,6.95,29.3,0.57
2023-11-29T17:00,1.06,101,6.85,29.3,0.44
2023-11-29T18:00,1.06,102,6.8,29.3,0.31
2023-11-29T19:00,1.06,103,6.8,29.3,0.23
2023-11-29T20:00,1.06,104,6.85,29.2,0.2
2023-11-29T21:00,1.04,106,6.9,29.2,0.26
2023-11-29T22:00,1.04,107,7.0,29.2,0.4
2023-11-29T23:00,1.02,109,7.05,29.1,0.57
2023-11-30T00:00,1.0,111,7.1,29.1,0.73
2023-11-30T01:00,1.0,113,7.2,29.1,0.86
2023-11-30T02:00,0.98,115,7.25,29.0,0.91
2023-11-30T03:00,0.96,116,7.3,29.0,0.89
2023-11-30T04:00,0.94,118,7.3,28.9,0.79
2023-11-30T05:00,0.92,119,7.35,28.9,0.63
2023-11-30T06:00,0.9,120,7.4,28.9,0.46
2023-11-30T07:00,0.9,121,7.4,28.9,0.32
2023-11-30T08:00,0.88,122,7.4,29.0,0.22
2023-11-30T09:00,0.88,121,7.35,29.0,0.21
2023-11-30T10:00,0.86,121,7.3,29.0,0.26
2023-11-30T11:00,0.86,120,7.25,29.0,0.37
2023-11-30T12:00,0.86,120,7.25,29.1,0.49
2023-11-30T13:00,0.86,120,7.3,29.1,0.59
2023-11-30T14:00,0.86,120,7.3,29.1,0.65
2023-11-30T15:00,0.86,119,7.25,29.2,0.63
2023-11-30T16:00,0.86,119,7.2,29.2,0.56
2023-11-30T17:00,0.86,118,7.15,29.2,0.44
2023-11-30T18:00,0.86,116,7.05,29.2,0.31
2023-11-30T19:00,0.86,114,6.95,29.2,0.21
2023-11-30T20:00,0.86,112,6.9,29.1,0.16
2023-11-30T21:00,0.86,111,6.85,29.1,0.18
2023-11-30T22:00,0.86,111,6.85,29.1,0.28
2023-11-30T23:00,0.86,110,6.85,29.0,0.43
2023-12-01T00:00,0.84,110,6.85,29.0,0.59
2023-12-01T01:00,0.84,111,6.8,29.0,0.73
2023-12-01T02:00,0.82,111,6.8,28.9,0.82
2023-12-01T03:00,0.82,112,6.85,28.9,0.84
2023-12-01T04:00,0.82,112,6.9,28.9,0.79
2023-12-01T05:00,0.82,113,6.9,28.9,0.66
2023-12-01T06:00,0.82,111,6.85,28.9,0.51
2023-12-01T07:00,0.82,110,6.8,28.9,0.36
2023-12-01T08:00,0.82,108,6.75,28.9,0.26
2023-12-01T09:00,0.82,107,6.7,28.9,0.22
2023-12-01T10:00,0.8,105,6.7,28.9,0.24
2023-12-01T11:00,0.8,104,6.65,28.9,0.33
2023-12-01T12:00,0.76,105,6.55,28.9,0.44
2023-12-01T13:00,0.72,106,6.45,29.0,0.54
2023-12-01T14:00,0.68,107,6.5,29.0,0.62
2023-12-01T15:00,0.68,112,6.8,29.0,0.64
2023-12-01T16:00,0.66,117,7.2,29.1,0.6
2023-12-01T17:00,0.66,122,7.5,29.1,0.52
2023-12-01T18:00,0.66,124,7.65,29.1,0.4
2023-12-01T19:00,0.66,127,7.75,29.1,0.29
2023-12-01T20:00,0.66,129,7.75,29.0,0.23
2023-12-01T21:00,0.64,128,7.65,29.0,0.22
2023-12-01T22:00,0.64,127,7.5,29.0,0.27
2023-12-01T23:00,0.62,126,7.4,29.0,0.38
2023-12-02T00:00,0.64,127,7.5,29.0,0.52
2023-12-02T01:00,0.64,127,7.7,28.9,0.65
2023-12-02T02:00,0.66,128,7.85,28.9,0.75
2023-12-02T03:00,0.66,127,7.85,28.9,0.8
2023-12-02T04:00,0.68,127,7.75,28.9,0.78
2023-12-02T05:00,0.68,126,7.75,28.9,0.69
2023-12-02T06:00,0.68,127,7.8,28.9,0.57
2023-12-02T07:00,0.66,129,7.9,28.9,0.43
2023-12-02T08:00,0.66,130,8.05,29.0,0.31
2023-12-02T09:00,0.66,133,8.2,29.0,0.25
2023-12-02T10:00,0.64,136,8.4,29.1,0.24
2023-12-02T11:00,0.64,139,8.55,29.1,0.29
2023-12-02T12:00,0.64,142,8.7,29.2,0.38
2023-12-02T13:00,0.62,145,8.9,29.2,0.47
2023-12-02T14:00,0.62,148,9.05,29.3,0.55
2023-12-02T15:00,0.62,150,9.2,29.3,0.59
2023-12-02T16:00,0.62,152,9.3,29.3,0.57
2023-12-02T17:00,0.62,154,9.4,29.3,0.52
2023-12-02T18:00,0.62,155,9.5,29.3,0.44
2023-12-02T19:00,0.62,156,9.55,29.3,0.34
2023-12-02T20:00,0.62,157,9.6,29.3,0.25
2023-12-02T21:00,0.62,158,9.65,29.2,0.23
2023-12-02T22:00,0.62,158,9.7,29.2,0.25
2023-12-02T23:00,0.62,159,9.75,29.2,0.33
2023-12-03T00:00,0.62,160,9.8,29.1,0.43
2023-12-03T01:00,0.6,161,9.9,29.1,0.54
2023-12-03T02:00,0.6,162,9.95,29.1,0.65
2023-12-03T03:00,0.6,163,10.0,29.0,0.71
2023-12-03T04:00,0.6,164,10.1,29.0,0.7
2023-12-03T05:00,0.6,165,10.15,29.0,0.66
2023-12-03T06:00,0.6,165,10.2,29.1,0.58
2023-12-03T07:00,0.6,166,10.25,29.1,0.46
2023-12-03T08:00,0.6,166,10.25,29.2,0.32
2023-12-03T09:00,0.6,166,10.2,29.2,0.24
2023-12-03T10:00,0.58,167,10.15,29.3,0.22
2023-12-03T11:00,0.58,167,10.05,29.3,0.23
2023-12-03T12:00,0.56,167,9.85,29.4,0.28
2023-12-03T13:00,0.54,167,9.6,29.4,0.35
2023-12-03T14:00,0.52,167,9.45,29.4,0.43
2023-12-03T15:00,0.54,167,9.5,29.5,0.48
2023-12-03T16:00,0.54,167,9.65,29.5,0.49
2023-12-03T17:00,0.56,167,9.75,29.5,0.46
2023-12-03T18:00,0.58,167,9.8,29.5,0.42
2023-12-03T19:00,0.58,168,9.75,29.4,0.36
2023-12-03T20:00,0.6,168,9.7,29.4,0.29
2023-12-03T21:00,0.6,168,9.55,29.3,0.25
2023-12-03T22:00,0.58,169,9.3,29.3,0.26
2023-12-03T23:00,0.58,169,9.15,29.3,0.31
2023-12-04T00:00,0.6,169,9.05,29.2,0.38
2023-12-04T01:00,0.64,169,9.05,29.2,0.48
2023-12-04T02:00,0.66,169,9.05,29.2,0.58
2023-12-04T03:00,0.7,170,9.1,29.2,0.64
2023-12-04T04:00,0.72,172,9.15,29.2,0.66
2023-12-04T05:00,0.76,173,9.2,29.2,0.64
2023-12-04T06:00,0.76,172,9.15,29.2,0.59
2023-12-04T07:00,0.76,172,9.05,29.3,0.52
2023-12-04T08:00,0.76,171,8.95,29.4,0.42
2023-12-04T09:00,0.76,171,8.95,29.4,0.33
2023-12-04T10:00,0.78,171,8.95,29.5,0.28
2023-12-04T11:00,0.78,171,8.9,29.6,0.28
2023-12-04T12:00,0.8,171,8.75,29.6,0.31
2023-12-04T13:00,0.82,172,8.6,29.6,0.36
2023-12-04T14:00,0.84,172,8.45,29.7,0.42
2023-12-04T15:00,0.92,173,8.4,29.7,0.46
2023-12-04T16:00,1.0,175,8.3,29.7,0.5
2023-12-04T17:00,1.08,176,8.15,29.7,0.51
2023-12-04T18:00,1.06,177,7.75,29.7,0.48
2023-12-04T19:00,1.06,177,7.2,29.6,0.46
2023-12-04T20:00,1.04,178,6.8,29.6,0.42
2023-12-04T21:00,1.04,179,6.6,29.5,0.38
2023-12-04T22:00,1.04,179,6.5,29.5,0.37
2023-12-04T23:00,1.04,180,6.5,29.5,0.38
2023-12-05T00:00,1.04,180,6.6,29.4,0.44
2023-12-05T01:00,1.02,180,6.85,29.4,0.49
2023-12-05T02:00,1.02,180,7.05,29.4,0.55
2023-12-05T03:00,1.02,179,7.25,29.4,0.61
2023-12-05T04:00,1.0,178,7.45,29.4,0.65
2023-12-05T05:00,1.0,177,7.6,29.4,0.64
2023-12-05T06:00,1.0,176,7.7,29.4,0.61
2023-12-05T07:00,0.98,176,7.8,29.5,0.57
2023-12-05T08:00,0.98,175,7.9,29.6,0.51
2023-12-05T09:00,0.98,175,7.95,29.6,0.43
2023-12-05T10:00,0.96,175,8.05,29.7,0.36
2023-12-05T11:00,0.96,175,8.05,29.8,0.34
2023-12-05T12:00,0.94,175,8.05,29.8,0.34
2023-12-05T13:00,0.94,174,8.0,29.8,0.36
2023-12-05T14:00,0.92,174,7.9,29.9,0.39
2023-12-05T15:00,0.94,175,7.7,29.9,0.43
2023-12-05T16:00,0.96,175,7.4,29.9,0.48
2023-12-05T17:00,0.98,176,7.2,29.9,0.5
2023-12-05T18:00,1.0,176,7.1,29.9,0.5
2023-12-05T19:00,1.02,177,7.05,29.8,0.5
2023-12-05T20:00,1.04,177,7.0,29.8,0.5
2023-12-05T21:00,1.04,177,6.95,29.7,0.48
2023-12-05T22:00,1.02,177,6.9,29.7,0.45
2023-12-05T23:00,1.02,177,6.95,29.7,0.43
2023-12-06T00:00,1.0,177,7.05,29.6,0.44
2023-12-06T01:00,0.98,176,7.2,29.6,0.46
2023-12-06T02:00,0.96,176,7.4,29.6,0.49
2023-12-06T03:00,0.94,175,7.65,29.5,0.51
2023-12-06T04:00,0.92,175,7.9,29.5,0.54
2023-12-06T05:00,0.9,174,8.15,29.5,0.55
2023-12-06T06:00,0.88,174,8.35,29.6,0.54
2023-12-06T07:00,0.88,173,8.5,29.6,0.51
2023-12-06T08:00,0.86,173,8.7,29.7,0.48
2023-12-06T09:00,0.86,172,8.95,29.8,0.45
2023-12-06T10:00,0.86,172,9.2,29.9,0.39
2023-12-06T11:00,0.86,171,9.45,29.9,0.34
2023-12-06T12:00,0.86,171,9.7,30.0,0.32
2023-12-06T13:00,0.84,170,9.95,30.0,0.32
2023-12-06T14:00,0.84,170,10.1,30.0,0.32
2023-12-06T15:00,0.84,170,10.2,30.0,0.35
2023-12-06T16:00,0.86,169,10.2,30.0,0.38
2023-12-06T17:00,0.86,169,10.2,30.0,0.41
2023-12-06T18:00,0.86,169,10.15,30.0,0.44
2023-12-06T19:00,0.88,169,10.1,29.9,0.45
2023-12-06T20:00,0.88,169,10.05,29.9,0.48
2023-12-06T21:00,0.88,169,10.1,29.9,0.5
2023-12-06T22:00,0.9,168,10.15,29.9,0.49
2023-12-06T23:00,0.9,168,10.25,29.8,0.46
2023-12-07T00:00,0.9,168,10.35,29.8,0.44
2023-12-07T01:00,0.88,168,10.45,29.8,0.44
2023-12-07T02:00,0.88,168,10.6,29.7,0.43
2023-12-07T03:00,0.88,168,10.75,29.7,0.43
2023-12-07T04:00,0.86,167,10.95,29.7,0.42
2023-12-07T05:00,0.86,167,11.1,29.7,0.43
2023-12-07T06:00,0.86,167,11.25,29.7,0.43
2023-12-07T07:00,0.86,167,11.35,29.8,0.43
2023-12-07T08:00,0.86,167,11.4,29.8,0.43
2023-12-07T09:00,0.84,167,11.4,29.9,0.44
2023-12-07T10:00,0.84,168,11.4,30.0,0.42
2023-12-07T11:00,0.82,168,11.4,30.0,0.37
2023-12-07T12:00,0.82,168,11.4,30.1,0.33
2023-12-07T13:00,0.8,168,11.4,30.1,0.31
2023-12-07T14:00,0.8,168,11.35,30.1,0.29
2023-12-07T15:00,0.8,168,11.3,30.1,0.29
2023-12-07T16:00,0.78,168,11.25,30.1,0.3
2023-12-07T17:00,0.78,168,11.2,30.1,0.33
2023-12-07T18:00,0.78,168,11.25,30.1,0.36
2023-12-07T19:00,0.8,168,11.3,30.0,0.42
2023-12-07T20:00,0.8,168,11.35,30.0,0.48
2023-12-07T21:00,0.82,168,11.4,30.0,0.53
2023-12-07T22:00,0.82,168,11.45,29.9,0.55
2023-12-07T23:00,0.84,168,11.5,29.9,0.55
2023-12-08T00:00,0.84,168,11.5,29.9,0.51
2023-12-08T01:00,0.82,168,11.45,29.9,0.46
2023-12-08T02:00,0.82,168,11.4,29.9,0.42
2023-12-08T03:00,0.82,168,11.4,29.8,0.38
2023-12-08T04:00,0.82,168,11.4,29.8,0.36
2023-12-08T05:00,0.82,168,11.35,29.8,0.34
2023-12-08T06:00,0.82,168,11.3,29.8,0.34
2023-12-08T07:00,0.82,168,11.2,29.9,0.35
2023-12-08T08:00,0.82,168,11.15,29.9,0.37
2023-12-08T09:00,0.82,168,11.1,30.0,0.4
2023-12-08T10:00,0.8,168,11.0,30.0,0.42
2023-12-08T11:00,0.8,168,10.95,30.1,0.41
2023-12-08T12:00,0.8,168,10.9,30.1,0.36
2023-12-08T13:00,0.78,167,10.9,30.1,0.31
2023-12-08T14:00,0.78,167,10.85,30.2,0.27
2023-12-08T15:00,0.78,167,10.85,30.2,0.24
2023-12-08T16:00,0.78,167,10.8,30.2,0.23
2023-12-08T17:00,0.78,167,10.8,30.2,0.25
2023-12-08T18:00,0.78,167,10.8,30.2,0.3
2023-12-08T19:00,0.76,167,10.8,30.2,0.37
2023-12-08T20:00,0.76,167,10.85,30.2,0.46
2023-12-08T21:00,0.76,167,10.9,30.1,0.54
2023-12-08T22:00,0.78,167,10.95,30.1,0.61
2023-12-08T23:00,0.78,167,11.0,30.1,0.63
2023-12-09T00:00,0.8,167,11.05,30.1,0.6
2023-12-09T01:00,0.8,166,11.15,30.0,0.53
2023-12-09T02:00,0.82,166,11.2,30.0,0.45
2023-12-09T03:00,0.82,166,11.2,30.0,0.39
2023-12-09T04:00,0.82,165,11.15,30.0,0.32
2023-12-09T05:00,0.82,165,11.2,30.0,0.28
2023-12-09T06:00,0.86,164,11.5,30.0,0.27
2023-12-09T07:00,0.9,164,11.85,30.0,0.29
2023-12-09T08:00,0.94,163,12.15,30.0,0.33
2023-12-09T09:00,0.98,163,12.25,30.0,0.39
2023-12-09T10:00,1.0,162,12.25,30.0,0.44
2023-12-09T11:00,1.04,162,12.2,30.0,0.46
2023-12-09T12:00,1.04,162,12.1,30.0,0.44
2023-12-09T13:00,1.04,161,11.95,30.0,0.39
2023-12-09T14:00,1.04,161,11.8,30.1,0.33
2023-12-09T15:00,1.04,160,11.6,30.1,0.27
2023-12-09T16:00,1.02,160,11.4,30.2,0.24
2023-12-09T17:00,1.02,159,11.15,30.2,0.25
2023-12-09T18:00,1.0,157,10.85,30.2,0.29
2023-12-09T19:00,1.0,154,10.5,30.2,0.37
2023-12-09T20:00,0.98,152,10.15,30.1,0.47
2023-12-09T21:00,1.0,148,9.85,30.1,0.59
2023-12-09T22:00,1.02,144,9.6,30.1,0.7
2023-12-09T23:00,1.04,140,9.4,30.0,0.76
2023-12-10T00:00,1.04,136,9.2,30.0,0.76
2023-12-10T01:00,1.02,132,9.1,30.0,0.7
2023-12-10T02:00,1.02,128,8.95,29.9,0.6
2023-12-10T03:00,1.0,126,8.8,29.9,0.49
2023-12-10T04:00,1.0,125,8.7,29.8,0.39
2023-12-10T05:00,0.98,123,8.6,29.8,0.31
2023-12-10T06:00,1.0,122,8.55,29.8,0.28
2023-12-10T07:00,1.0,120,8.55,29.8,0.27
2023-12-10T08:00,1.02,119,8.5,29.8,0.32
2023-12-10T09:00,1.0,118,8.4,29.8,0.4
2023-12-10T10:00,0.98,116,8.25,29.8,0.48
2023-12-10T11:00,0.96,115,8.1,29.8,0.53
2023-12-10T12:00,0.96,112,7.85,29.8,0.54
2023-12-10T13:00,0.96,108,7.55,29.9,0.5
2023-12-10T14:00,0.96,105,7.3,29.9,0.42
2023-12-10T15:00,0.98,102,7.1,29.9,0.33
2023-12-10T16:00,1.0,99,6.95,29.9,0.26
2023-12-10T17:00,1.02,96,6.9,29.9,0.23
2023-12-10T18:00,1.02,97,7.0,29.9,0.25
2023-12-10T19:00,1.04,99,7.25,29.9,0.3
2023-12-10T20:00,1.04,100,7.4,29.8,0.41
2023-12-10T21:00,1.02,101,7.4,29.8,0.54
2023-12-10T22:00,1.0,103,7.35,29.8,0.66
2023-12-10T23:00,0.98,104,7.25,29.7,0.76
2023-12-11T00:00,0.96,104,7.1,29.7,0.81
2023-12-11T01:00,0.94,103,6.9,29.7,0.78
2023-12-11T02:00,0.92,103,6.8,29.6,0.66
2023-12-11T03:00,0.92,103,6.8,29.6,0.53
2023-12-11T04:00,0.9,104,6.85,29.5,0.4
2023-12-11T05:00,0.9,104,6.9,29.5,0.27
2023-12-11T06:00,0.9,104,6.9,29.5,0.19
2023-12-11T07:00,0.9,104,6.95,29.5,0.17
2023-12-11T08:00,0.9,104,7.0,29.5,0.21
2023-12-11T09:00,0.96,103,7.15,29.5,0.29
2023-12-11T10:00,1.04,101,7.3,29.5,0.38
2023-12-11T11:00,1.1,100,7.45,29.5,0.46
2023-12-11T12:00,1.1,101,7.55,29.5,0.51
2023-12-11T13:00,1.08,101,7.6,29.5,0.5
2023-12-11T14:00,1.08,102,7.6,29.6,0.42
2023-12-11T15:00,1.08,101,7.45,29.6,0.31
2023-12-11T16:00,1.06,100,7.15,29.6,0.22
2023-12-11T17:00,1.06,99,6.95,29.6,0.15
2023-12-11T18:00,1.06,98,6.8,29.6,0.12
2023-12-11T19:00,1.06,96,6.7,29.5,0.17
2023-12-11T20:00,1.06,95,6.6,29.5,0.27
2023-12-11T21:00,1.08,94,6.55,29.5,0.42
2023-12-11T22:00,1.08,92,6.5,29.4,0.57
2023-12-11T23:00,1.1,91,6.45,29.4,0.7
2023-12-12T00:00,1.1,92,6.45,29.3,0.78
2023-12-12T01:00,1.08,92,6.45,29.3,0.78
2023-12-12T02:00,1.08,93,6.5,29.3,0.71
2023-12-12T03:00,1.06,95,6.55,29.2,0.57
2023-12-12T04:00,1.04,96,6.65,29.2,0.42
2023-12-12T05:00,1.02,98,6.7,29.2,0.27
2023-12-12T06:00,1.0,99,6.7,29.2,0.13
2023-12-12T07:00,0.98,99,6.65,29.2,0.08
2023-12-12T08:00,0.96,100,6.6,29.2,0.09
2023-12-12T09:00,0.96,99,6.5,29.2,0.16
2023-12-12T10:00,0.94,97,6.35,29.2,0.27
2023-12-12T11:00,0.94,96,6.2,29.2,0.38
2023-12-12T12:00,0.94,94,6.1,29.2,0.45
2023-12-12T13:00,0.96,91,5.95,29.3,0.47
2023-12-12T14:00,0.96,89,5.85,29.3,0.42
2023-12-12T15:00,1.0,86,5.75,29.3,0.33
2023-12-12T16:00,1.02,83,5.65,29.3,0.22
2023-12-12T17:00,1.06,80,5.6,29.3,0.1
2023-12-12T18:00,1.08,80,5.65,29.3,0.04
2023-12-12T19:00,1.1,79,5.7,29.3,0.05
2023-12-12T20:00,1.12,79,5.8,29.2,0.13
2023-12-12T21:00,1.1,81,5.9,29.2,0.26
2023-12-12T22:00,1.08,82,5.95,29.2,0.43
2023-12-12T23:00,1.06,84,6.05,29.1,0.61
2023-12-13T00:00,1.04,86,6.15,29.1,0.73
2023-12-13T01:00,1.0,88,6.2,29.0,0.77
2023-12-13T02:00,0.98,90,6.3,29.0,0.75
2023-12-13T03:00,0.94,93,6.45,29.0,0.65
2023-12-13T04:00,0.92,95,6.55,28.9,0.48
2023-12-13T05:00,0.88,98,6.65,28.9,0.3
2023-12-13T06:00,0.88,96,6.65,28.9,0.15
2023-12-13T07:00,0.9,95,6.65,28.9,0.04
2023-12-13T08:00,0.9,93,6.55,28.9,0.01
2023-12-13T09:00,0.94,87,6.4,28.9,0.06
2023-12-13T10:00,1.0,80,6.2,29.0,0.18
2023-12-13T11:00,1.04,74,6.05,29.0,0.31
2023-12-13T12:00,1.08,73,5.95,29.0,0.41
2023-12-13T13:00,1.12,72,5.85,29.0,0.46
2023-12-13T14:00,1.16,71,5.8,29.1,0.45
2023-12-13T15:00,1.22,72,5.85,29.1,0.38
2023-12-13T16:00,1.3,72,6.0,29.1,0.26
2023-12-13T17:00,1.36,73,6.1,29.1,0.14
2023-12-13T18:00,1.36,74,6.2,29.1,0.05
2023-12-13T19:00,1.34,76,6.3,29.1,0.01
2023-12-13T20:00,1.34,77,6.4,29.0,0.04
2023-12-13T21:00,1.3,77,6.45,29.0,0.15
2023-12-13T22:00,1.24,78,6.45,28.9,0.32
2023-12-13T23:00,1.2,78,6.5,28.9,0.5
2023-12-14T00:00,1.18,79,6.65,28.8,0.66
2023-12-14T01:00,1.18,80,6.85,28.8,0.75
2023-12-14T02:00,1.16,81,7.0,28.8,0.76
2023-12-14T03:00,1.14,82,7.15,28.7,0.7
2023-12-14T04:00,1.14,82,7.3,28.7,0.57
2023-12-14T05:00,1.12,83,7.4,28.7,0.39
2023-12-14T06:00,1.12,82,7.45,28.7,0.21
2023-12-14T07:00,1.1,82,7.5,28.7,0.09
2023-12-14T08:00,1.1,81,7.5,28.7,0.03
2023-12-14T09:00,1.1,79,7.45,28.7,0.04
2023-12-14T10:00,1.12,78,7.4,28.7,0.12
2023-12-14T11:00,1.12,76,7.35,28.7,0.25
2023-12-14T12:00,1.12,77,7.3,28.7,0.38
2023-12-14T13:00,1.14,78,7.3,28.8,0.45
2023-12-14T14:00,1.14,79,7.25,28.8,0.47
2023-12-14T15:00,1.14,80,7.2,28.8,0.44
2023-12-14T16:00,1.16,81,7.1,28.9,0.35
2023-12-14T17:00,1.16,82,7.05,28.9,0.22
2023-12-14T18:00,1.16,83,7.05,28.9,0.11
2023-12-14T19:00,1.18,85,7.05,28.8,0.03
2023-12-14T20:00,1.18,86,7.05,28.8,0.01
2023-12-14T21:00,1.16,87,7.05,28.8,0.08
2023-12-14T22:00,1.16,89,7.1,28.8,0.22
2023-12-14T23:00,1.14,90,7.1,28.7,0.41
2023-12-15T00:00,1.14,90,7.1,28.7,0.59
2023-12-15T01:00,1.12,89,7.05,28.7,0.72
2023-12-15T02:00,1.12,89,7.0,28.6,0.78
2023-12-15T03:00,1.12,87,6.9,28.6,0.76
2023-12-15T04:00,1.14,85,6.8,28.6,0.67
2023-12-15T05:00,1.14,83,6.7,28.6,0.52
2023-12-15T06:00,1.16,80,6.6,28.6,0.34
2023-12-15T07:00,1.16,77,6.5,28.6,0.18
2023-12-15T08:00,1.18,74,6.45,28.6,0.08
2023-12-15T09:00,1.2,72,6.4,28.6,0.05
2023-12-15T10:00,1.22,69,6.3,28.6,0.11
2023-12-15T11:00,1.24,67,6.3,28.6,0.22
2023-12-15T12:00,1.22,68,6.35,28.6,0.35
2023-12-15T13:00,1.22,70,6.4,28.7,0.45
2023-12-15T14:00,1.2,71,6.5,28.7,0.5
2023-12-15T15:00,1.18,73,6.6,28.7,0.49
2023-12-15T16:00,1.16,76,6.7,28.8,0.42
2023-12-15T17:00,1.14,78,6.8,28.8,0.32
2023-12-15T18:00,1.14,80,6.9,28.8,0.19
2023-12-15T19:00,1.12,81,6.95,28.7,0.08
2023-12-15T20:00,1.12,83,6.95,28.7,0.03
2023-12-15T21:00,1.08,83,6.9,28.7,0.05
2023-12-15T22:00,1.06,83,6.8,28.6,0.16
2023-12-15T23:00,1.02,83,6.7,28.6,0.3
2023-12-16T00:00,1.02,81,6.6,28.5,0.47
2023-12-16T01:00,1.04,78,6.5,28.5,0.62
2023-12-16T02:00,1.04,76,6.45,28.5,0.71
2023-12-16T03:00,1.04,75,6.45,28.5,0.73
2023-12-16T04:00,1.02,75,6.5,28.4,0.68
2023-12-16T05:00,1.02,74,6.55,28.4,0.57
2023-12-16T06:00,1.02,75,6.6,28.4,0.4
2023-12-16T07:00,1.02,75,6.7,28.4,0.24
2023-12-16T08:00,1.02,76,6.75,28.4,0.12
2023-12-16T09:00,1.0,75,6.7,28.4,0.06
2023-12-16T10:00,0.98,74,6.65,28.3,0.06
2023-12-16T11:00,0.96,73,6.6,28.3,0.13
2023-12-16T12:00,0.96,71,6.6,28.3,0.24
2023-12-16T13:00,0.98,70,6.6,28.3,0.36
2023-12-16T14:00,0.98,68,6.55,28.3,0.43
2023-12-16T15:00,1.02,66,6.45,28.3,0.46
2023-12-16T16:00,1.04,65,6.35,28.2,0.46
2023-12-16T17:00,1.08,63,6.25,28.2,0.4
2023-12-16T18:00,1.1,63,6.15,28.2,0.27
2023-12-16T19:00,1.14,62,6.05,28.2,0.16
2023-12-16T20:00,1.16,62,5.95,28.2,0.11
2023-12-16T21:00,1.18,63,5.9,28.2,0.1
2023-12-16T22:00,1.22,63,5.9,28.1,0.14
2023-12-16T23:00,1.24,64,5.85,28.1,0.26
2023-12-17T00:00,1.26,64,5.8,28.1,0.42
2023-12-17T01:00,1.3,65,5.75,28.1,0.57
2023-12-17T02:00,1.32,65,5.7,28.1,0.68
2023-12-17T03:00,1.34,65,5.7,28.0,0.74
2023-12-17T04:00,1.38,65,5.65,28.0,0.73
2023-12-17T05:00,1.4,65,5.65,28.0,0.67
2023-12-17T06:00,1.4,65,5.6,28.0,0.56
2023-12-17T07:00,1.4,66,5.6,27.9,0.41
2023-12-17T08:00,1.4,66,5.6,27.9,0.28
2023-12-17T09:00,1.5,66,5.75,27.9,0.2
2023-12-17T10:00,1.62,67,5.95,27.9,0.18
2023-12-17T11:00,1.72,67,6.1,27.9,0.22
2023-12-17T12:00,1.7,68,6.1,27.9,0.3
2023-12-17T13:00,1.7,69,6.05,27.9,0.4
2023-12-17T14:00,1.68,70,6.0,27.9,0.51
2023-12-17T15:00,1.72,71,6.0,27.8,0.57
2023-12-17T16:00,1.78,71,6.0,27.8,0.59
2023-12-17T17:00,1.82,72,6.0,27.8,0.57
2023-12-17T18:00,1.76,74,5.95,27.8,0.5
2023-12-17T19:00,1.68,75,5.95,27.8,0.41
2023-12-17T20:00,1.62,77,5.9,27.8,0.34
2023-12-17T21:00,1.6,79,5.9,27.7,0.31
2023-12-17T22:00,1.56,80,5.95,27.7,0.3
2023-12-17T23:00,1.54,82,5.95,27.7,0.35
2023-12-18T00:00,1.58,83,5.9,27.6,0.45
2023-12-18T01:00,1.6,83,5.85,27.6,0.56
2023-12-18T02:00,1.64,84,5.8,27.6,0.67
2023-12-18T03:00,1.66,83,5.75,27.6,0.75
2023-12-18T04:00,1.7,83,5.65,27.5,0.77
2023-12-18T05:00,1.72,82,5.6,27.5,0.73
2023-12-18T06:00,1.68,82,5.55,27.5,0.65
2023-12-18T07:00,1.62,81,5.55,27.5,0.52
2023-12-18T08:00,1.58,81,5.5,27.5,0.38
2023-12-18T09:00,1.52,80,5.5,27.5,0.27
2023-12-18T10:00,1.48,80,5.45,27.5,0.21
2023-12-18T11:00,1.42,79,5.45,27.5,0.2
2023-12-18T12:00,1.4,78,5.45,27.5,0.23
2023-12-18T13:00,1.4,77,5.45,27.5,0.31
2023-12-18T14:00,1.38,76,5.45,27.5,0.41
2023-12-18T15:00,1.38,75,5.45,27.5,0.49
2023-12-18T16:00,1.38,74,5.4,27.5,0.55
2023-12-18T17:00,1.38,73,5.45,27.5,0.54
2023-12-18T18:00,1.44,73,5.6,27.5,0.49
2023-12-18T19:00,1.48,74,5.8,27.4,0.43
2023-12-18T20:00,1.54,74,6.0,27.4,0.35
2023-12-18T21:00,1.5,78,6.3,27.4,0.28
2023-12-18T22:00,1.44,82,6.6,27.3,0.25
2023-12-18T23:00,1.4,86,6.75,27.3,0.26
2023-12-19T00:00,1.36,86,6.65,27.3,0.31
2023-12-19T01:00,1.3,85,6.45,27.3,0.39
2023-12-19T02:00,1.26,85,6.2,27.3,0.49
2023-12-19T03:00,1.24,82,6.0,27.3,0.58
2023-12-19T04:00,1.22,78,5.85,27.3,0.61
2023-12-19T05:00,1.2,75,5.7,27.3,0.6
2023-12-19T06:00,1.2,73,5.6,27.3,0.54
2023-12-19T07:00,1.18,71,5.6,27.3,0.46
2023-12-19T08:00,1.18,69,5.55,27.3,0.36
2023-12-19T09:00,1.14,68,5.5,27.3,0.25
2023-12-19T10:00,1.1,68,5.45,27.3,0.18
2023-12-19T11:00,1.06,67,5.4,27.3,0.16
2023-12-19T12:00,1.06,67,5.4,27.3,0.17
2023-12-19T13:00,1.04,66,5.4,27.3,0.21
2023-12-19T14:00,1.04,66,5.4,27.3,0.29
2023-12-19T15:00,1.06,66,5.45,27.4,0.38
2023-12-19T16:00,1.1,67,5.45,27.4,0.46
2023-12-19T17:00,1.12,67,5.5,27.4,0.5
2023-12-19T18:00,1.14,67,5.55,27.4,0.49
2023-12-19T19:00,1.16,68,5.6,27.4,0.47
2023-12-19T20:00,1.18,68,5.6,27.3,0.44
2023-12-19T21:00,1.18,67,5.55,27.3,0.38
2023-12-19T22:00,1.16,66,5.5,27.3,0.33
2023-12-19T23:00,1.16,65,5.45,27.3,0.3
2023-12-20T00:00,1.16,64,5.45,27.3,0.32
2023-12-20T01:00,1.16,62,5.4,27.2,0.34
2023-12-20T02:00,1.16,61,5.4,27.2,0.4
2023-12-20T03:00,1.16,60,5.4,27.2,0.46
2023-12-20T04:00,1.16,60,5.35,27.2,0.51
2023-12-20T05:00,1.16,59,5.35,27.2,0.52
2023-12-20T06:00,1.14,59,5.35,27.2,0.5
2023-12-20T07:00,1.12,59,5.3,27.2,0.46
2023-12-20T08:00,1.1,59,5.3,27.2,0.39
2023-12-20T09:00,1.06,60,5.3,27.2,0.31
2023-12-20T10:00,1.04,60,5.3,27.2,0.23
2023-12-20T11:00,1.0,61,5.3,27.2,0.19
2023-12-20T12:00,1.0,61,5.25,27.2,0.18
2023-12-20T13:00,0.98,60,5.2,27.2,0.19
2023-12-20T14:00,0.98,60,5.15,27.2,0.25
2023-12-20T15:00,1.0,60,5.1,27.3,0.32
2023-12-20T16:00,1.04,59,5.1,27.3,0.4
2023-12-20T17:00,1.06,59,5.1,27.3,0.46
2023-12-20T18:00,1.08,59,5.15,27.3,0.5
2023-12-20T19:00,1.1,60,5.2,27.3,0.52
2023-12-20T20:00,1.12,60,5.25,27.2,0.53
2023-12-20T21:00,1.1,59,5.3,27.2,0.49
2023-12-20T22:00,1.1,59,5.3,27.2,0.45
2023-12-20T23:00,1.08,58,5.3,27.2,0.41
2023-12-21T00:00,1.08,57,5.3,27.2,0.39
2023-12-21T01:00,1.1,56,5.3,27.1,0.38
2023-12-21T02:00,1.1,55,5.3,27.1,0.39
2023-12-21T03:00,1.12,55,5.3,27.1,0.41
2023-12-21T04:00,1.14,55,5.3,27.0,0.45
2023-12-21T05:00,1.16,55,5.3,27.0,0.47
2023-12-21T06:00,1.14,57,5.3,27.0,0.47
2023-12-21T07:00,1.14,58,5.35,27.0,0.45
2023-12-21T08:00,1.12,60,5.4,27.0,0.42
2023-12-21T09:00,1.1,62,5.5,27.0,0.39
2023-12-21T10:00,1.1,64,5.65,27.0,0.32
2023-12-21T11:00,1.08,66,5.75,27.1,0.26
2023-12-21T12:00,1.08,67,5.8,27.1,0.22
2023-12-21T13:00,1.06,69,5.85,27.2,0.21
2023-12-21T14:00,1.06,70,5.85,27.2,0.21
2023-12-21T15:00,1.08,71,5.9,27.3,0.25
2023-12-21T16:00,1.1,73,5.9,27.3,0.32
2023-12-21T17:00,1.12,74,5.9,27.4,0.38
2023-12-21T18:00,1.12,74,5.85,27.4,0.45
2023-12-21T19:00,1.1,75,5.8,27.4,0.5
2023-12-21T20:00,1.1,75,5.75,27.4,0.53
2023-12-21T21:00,1.08,74,5.75,27.3,0.55
2023-12-21T22:00,1.08,74,5.8,27.3,0.54
2023-12-21T23:00,1.06,73,5.85,27.3,0.5
2023-12-22T00:00,1.04,73,5.9,27.3,0.45
2023-12-22T01:00,1.04,72,5.95,27.2,0.4
2023-12-22T02:00,1.02,72,6.0,27.2,0.37
2023-12-22T03:00,1.02,72,6.1,27.2,0.34
2023-12-22T04:00,1.02,72,6.15,27.1,0.34
2023-12-22T05:00,1.02,72,6.25,27.1,0.34
2023-12-22T06:00,1.02,72,6.3,27.1,0.35
2023-12-22T07:00,1.02,73,6.3,27.1,0.35
2023-12-22T08:00,1.02,73,6.35,27.2,0.35
2023-12-22T09:00,1.02,74,6.4,27.2,0.35
2023-12-22T10:00,1.02,74,6.4,27.2,0.33
2023-12-22T11:00,1.02,75,6.45,27.2,0.28
2023-12-22T12:00,1.0,77,6.5,27.3,0.23
2023-12-22T13:00,1.0,80,6.55,27.3,0.19
2023-12-22T14:00,0.98,82,6.6,27.3,0.18
2023-12-22T15:00,0.96,84,6.65,27.4,0.18
2023-12-22T16:00,0.96,86,6.7,27.4,0.21
2023-12-22T17:00,0.94,88,6.7,27.4,0.27
2023-12-22T18:00,0.96,88,6.65,27.4,0.35
2023-12-22T19:00,0.96,87,6.55,27.4,0.44
2023-12-22T20:00,0.98,87,6.45,27.4,0.52
2023-12-22T21:00,1.02,85,6.3,27.4,0.58
2023-12-22T22:00,1.06,83,6.15,27.3,0.62
2023-12-22T23:00,1.1,81,6.05,27.3,0.6
2023-12-23T00:00,1.1,81,6.0,27.3,0.54
2023-12-23T01:00,1.1,80,6.0,27.3,0.48
2023-12-23T02:00,1.1,80,6.05,27.2,0.41
2023-12-23T03:00,1.08,81,6.1,27.2,0.35
2023-12-23T04:00,1.04,81,6.1,27.2,0.3
2023-12-23T05:00,1.02,82,6.2,27.2,0.27
2023-12-23T06:00,1.02,83,6.35,27.2,0.27
2023-12-23T07:00,1.04,83,6.5,27.2,0.29
2023-12-23T08:00,1.04,84,6.65,27.2,0.32
2023-12-23T09:00,1.02,86,6.8,27.2,0.35
2023-12-23T10:00,0.98,89,6.9,27.2,0.37
2023-12-23T11:00,0.96,91,6.95,27.3,0.37
2023-12-23T12:00,0.94,92,6.95,27.3,0.33
2023-12-23T13:00,0.92,92,6.9,27.4,0.28
2023-12-23T14:00,0.9,93,6.85,27.4,0.25
2023-12-23T15:00,0.9,93,6.8,27.5,0.22
2023-12-23T16:00,0.9,94,6.75,27.5,0.22
2023-12-23T17:00,0.9,94,6.7,27.5,0.24
2023-12-23T18:00,0.9,94,6.7,27.5,0.3
2023-12-23T19:00,0.9,94,6.7,27.5,0.39
2023-12-23T20:00,0.9,94,6.7,27.5,0.5
2023-12-23T21:00,0.9,93,6.6,27.5,0.59
2023-12-23T22:00,0.88,93,6.45,27.4,0.67
2023-12-23T23:00,0.88,92,6.35,27.4,0.7
2023-12-24T00:00,0.9,90,6.25,27.4,0.67
2023-12-24T01:00,0.94,88,6.2,27.4,0.59
2023-12-24T02:00,0.96,86,6.15,27.3,0.5
2023-12-24T03:00,0.98,84,6.15,27.3,0.42
2023-12-24T04:00,0.98,82,6.1,27.3,0.33
2023-12-24T05:00,1.0,80,6.1,27.3,0.27
2023-12-24T06:00,1.0,78,6.05,27.3,0.24
2023-12-24T07:00,1.0,76,6.0,27.3,0.24
2023-12-24T08:00,1.0,74,5.95,27.3,0.28
2023-12-24T09:00,1.0,72,5.9,27.3,0.34
2023-12-24T10:00,1.02,70,5.85,27.3,0.4
2023-12-24T11:00,1.02,68,5.8,27.4,0.44
2023-12-24T12:00,1.04,67,5.75,27.4,0.43
2023-12-24T13:00,1.06,65,5.65,27.5,0.39
2023-12-24T14:00,1.08,64,5.6,27.5,0.32
2023-12-24T15:00,1.12,64,5.55,27.6,0.25
2023-12-24T16:00,1.14,65,5.5,27.6,0.21
2023-12-24T17:00,1.18,65,5.5,27.6,0.2
2023-12-24T18:00,1.2,65,5.5,27.6,0.21
2023-12-24T19:00,1.24,66,5.55,27.6,0.28
2023-12-24T20:00,1.26,66,5.6,27.6,0.39
2023-12-24T21:00,1.26,66,5.6,27.5,0.52
2023-12-24T22:00,1.28,66,5.65,27.5,0.64
2023-12-24T23:00,1.28,66,5.65,27.5,0.72
2023-12-25T00:00,1.24,66,5.65,27.4,0.74
2023-12-25T01:00,1.22,66,5.6,27.4,0.69
2023-12-25T02:00,1.18,66,5.6,27.4,0.58
2023-12-25T03:00,1.14,66,5.65,27.4,0.48
2023-12-25T04:00,1.08,67,5.7,27.3,0.37
2023-12-25T05:00,1.04,67,5.75,27.3,0.26
2023-12-25T06:00,1.0,67,5.75,27.3,0.19
2023-12-25T07:00,0.98,67,5.75,27.3,0.17
2023-12-25T08:00,0.94,67,5.8,27.3,0.21
2023-12-25T09:00,0.94,69,5.9,27.4,0.29
2023-12-25T10:00,0.94,70,6.05,27.4,0.37
2023-12-25T11:00,0.94,72,6.1,27.4,0.44
2023-12-25T12:00,0.96,73,6.1,27.5,0.48
2023-12-25T13:00,0.98,73,6.0,27.5,0.46
2023-12-25T14:00,1.0,74,5.9,27.6,0.38
2023-12-25T15:00,1.04,74,5.75,27.7,0.31
2023-12-25T16:00,1.06,73,5.6,27.7,0.24
2023-12-25T17:00,1.1,73,5.5,27.7,0.18
2023-12-25T18:00,1.12,72,5.45,27.7,0.15
2023-12-25T19:00,1.16,72,5.4,27.7,0.18
2023-12-25T20:00,1.18,71,5.4,27.7,0.27
2023-12-25T21:00,1.2,70,5.4,27.6,0.41
2023-12-25T22:00,1.22,70,5.4,27.6,0.55
2023-12-25T23:00,1.24,69,5.4,27.6,0.68
2023-12-26T00:00,1.24,69,5.45,27.5,0.75
2023-12-26T01:00,1.22,70,5.55,27.5,0.74
2023-12-26T02:00,1.22,70,5.6,27.5,0.66
2023-12-26T03:00,1.2,70,5.65,27.5,0.54
2023-12-26T04:00,1.18,71,5.75,27.4,0.42
2023-12-26T05:00,1.16,71,5.8,27.4,0.28
2023-12-26T06:00,1.16,70,5.85,27.4,0.16
2023-12-26T07:00,1.14,69,5.9,27.4,0.1
2023-12-26T08:00,1.14,68,5.9,27.4,0.1
2023-12-26T09:00,1.14,67,5.9,27.4,0.17
2023-12-26T10:00,1.14,67,5.9,27.5,0.28
2023-12-26T11:00,1.14,66,5.9,27.5,0.38
2023-12-26T12:00,1.16,66,5.85,27.5,0.45
2023-12-26T13:00,1.16,67,5.85,27.6,0.47
2023-12-26T14:00,1.18,67,5.8,27.6,0.43
2023-12-26T15:00,1.22,68,5.75,27.7,0.35
2023-12-26T16:00,1.24,69,5.75,27.7,0.25
2023-12-26T17:00,1.28,70,5.75,27.7,0.17
2023-12-26T18:00,1.28,71,5.8,27.7,0.11
2023-12-26T19:00,1.28,71,5.9,27.7,0.1
2023-12-26T20:00,1.28,72,5.95,27.7,0.15
2023-12-26T21:00,1.22,73,6.0,27.6,0.27
2023-12-26T22:00,1.18,75,6.05,27.6,0.42
2023-12-26T23:00,1.12,76,6.1,27.5,0.57
2023-12-27T00:00,1.1,76,6.1,27.5,0.69
2023-12-27T01:00,1.06,76,6.1,27.5,0.73
2023-12-27T02:00,1.04,76,6.05,27.4,0.7
2023-12-27T03:00,1.04,74,5.95,27.4,0.59
2023-12-27T04:00,1.04,71,5.85,27.4,0.45
2023-12-27T05:00,1.04,69,5.75,27.4,0.3
2023-12-27T06:00,1.06,67,5.7,27.4,0.17
2023-12-27T07:00,1.08,64,5.65,27.4,0.07
2023-12-27T08:00,1.1,62,5.65,27.4,0.04
2023-12-27T09:00,1.12,61,5.65,27.4,0.09
2023-12-27T10:00,1.14,60,5.6,27.4,0.2
2023-12-27T11:00,1.16,59,5.6,27.4,0.33
2023-12-27T12:00,1.16,60,5.6,27.5,0.43
2023-12-27T13:00,1.18,60,5.55,27.5,0.49
2023-12-27T14:00,1.18,61,5.55,27.5,0.49
2023-12-27T15:00,1.2,63,5.55,27.6,0.42
2023-12-27T16:00,1.24,64,5.6,27.6,0.31
2023-12-27T17:00,1.26,66,5.6,27.6,0.2
2023-12-27T18:00,1.28,67,5.6,27.6,0.12
2023-12-27T19:00,1.32,67,5.65,27.6,0.08
2023-12-27T20:00,1.34,68,5.65,27.6,0.09
2023-12-27T21:00,1.34,68,5.65,27.6,0.19
2023-12-27T22:00,1.36,67,5.65,27.5,0.34
2023-12-27T23:00,1.36,67,5.65,27.5,0.5
2023-12-28T00:00,1.36,66,5.65,27.5,0.64
2023-12-28T01:00,1.34,65,5.6,27.5,0.73
2023-12-28T02:00,1.34,64,5.6,27.4,0.75
2023-12-28T03:00,1.32,63,5.6,27.4,0.68
2023-12-28T04:00,1.32,63,5.55,27.4,0.55
2023-12-28T05:00,1.3,62,5.55,27.4,0.38
2023-12-28T06:00,1.3,62,5.55,27.4,0.22
2023-12-28T07:00,1.3,61,5.5,27.4,0.09
2023-12-28T08:00,1.3,61,5.5,27.4,0.04
2023-12-28T09:00,1.3,61,5.5,27.4,0.06
2023-12-28T10:00,1.32,62,5.45,27.4,0.13
2023-12-28T11:00,1.32,62,5.45,27.4,0.26
2023-12-28T12:00,1.32,63,5.45,27.4,0.39
2023-12-28T13:00,1.34,64,5.45,27.5,0.46
2023-12-28T14:00,1.34,65,5.45,27.5,0.5
2023-12-28T15:00,1.34,66,5.45,27.6,0.48
2023-12-28T16:00,1.34,68,5.45,27.6,0.38
2023-12-28T17:00,1.34,69,5.5,27.6,0.25
2023-12-28T18:00,1.38,70,5.55,27.6,0.15
2023-12-28T19:00,1.4,70,5.65,27.6,0.08
2023-12-28T20:00,1.44,71,5.7,27.6,0.05
2023-12-28T21:00,1.4,71,5.65,27.5,0.1
2023-12-28T22:00,1.38,71,5.6,27.5,0.24
2023-12-28T23:00,1.34,71,5.55,27.5,0.4
2023-12-29T00:00,1.32,71,5.55,27.4,0.56
2023-12-29T01:00,1.28,71,5.6,27.4,0.68
2023-12-29T02:00,1.26,71,5.65,27.4,0.74
2023-12-29T03:00,1.24,71,5.65,27.4,0.72
2023-12-29T04:00,1.2,70,5.6,27.3,0.61
2023-12-29T05:00,1.18,70,5.55,27.3,0.45
2023-12-29T06:00,1.16,69,5.5,27.3,0.29
2023-12-29T07:00,1.16,69,5.45,27.3,0.15
2023-12-29T08:00,1.14,68,5.4,27.4,0.06
2023-12-29T09:00,1.14,68,5.4,27.4,0.03
2023-12-29T10:00,1.14,69,5.4,27.4,0.09
2023-12-29T11:00,1.14,69,5.4,27.4,0.21
2023-12-29T12:00,1.14,70,5.4,27.5,0.33
2023-12-29T13:00,1.16,70,5.4,27.5,0.45
2023-12-29T14:00,1.16,71,5.4,27.6,0.53
2023-12-29T15:00,1.16,71,5.4,27.6,0.53
2023-12-29T16:00,1.18,71,5.4,27.7,0.46
2023-12-29T17:00,1.18,71,5.45,27.7,0.34
2023-12-29T18:00,1.18,70,5.5,27.7,0.21
2023-12-29T19:00,1.16,69,5.55,27.7,0.12
2023-12-29T20:00,1.16,68,5.6,27.7,0.08
2023-12-29T21:00,1.16,68,5.65,27.6,0.1
2023-12-29T22:00,1.18,67,5.7,27.6,0.19
2023-12-29T23:00,1.18,67,5.7,27.6,0.33
2023-12-30T00:00,1.18,66,5.65,27.6,0.5
2023-12-30T01:00,1.16,66,5.6,27.5,0.64
2023-12-30T02:00,1.16,65,5.55,27.5,0.73
2023-12-30T03:00,1.16,64,5.55,27.5,0.75
2023-12-30T04:00,1.14,63,5.55,27.4,0.7
2023-12-30T05:00,1.14,62,5.55,27.4,0.57
2023-12-30T06:00,1.14,61,5.55,27.4,0.4
2023-12-30T07:00,1.14,61,5.55,27.4,0.24
2023-12-30T08:00,1.14,60,5.55,27.4,0.13
2023-12-30T09:00,1.08,62,5.45,27.4,0.09
2023-12-30T10:00,1.0,64,5.3,27.4,0.13
2023-12-30T11:00,0.94,66,5.25,27.5,0.22
2023-12-30T12:00,0.96,68,5.4,27.5,0.35
2023-12-30T13:00,1.0,71,5.65,27.6,0.48
2023-12-30T14:00,1.02,73,5.8,27.6,0.57
2023-12-30T15:00,1.04,74,5.85,27.7,0.61
2023-12-30T16:00,1.08,75,5.85,27.7,0.59
2023-12-30T17:00,1.1,76,5.8,27.8,0.5
2023-12-30T18:00,1.12,76,5.75,27.8,0.38
2023-12-30T19:00,1.14,75,5.7,27.8,0.27
2023-12-30T20:00,1.16,75,5.65,27.7,0.2
2023-12-30T21:00,1.16,74,5.6,27.7,0.21
2023-12-30T22:00,1.16,74,5.5,27.7,0.26
2023-12-30T23:00,1.16,73,5.45,27.6,0.38
2023-12-31T00:00,1.16,72,5.4,27.6,0.53
2023-12-31T01:00,1.14,72,5.4,27.6,0.67
2023-12-31T02:00,1.14,71,5.4,27.5,0.77
2023-12-31T03:00,1.12,71,5.4,27.5,0.81
2023-12-31T04:00,1.12,70,5.35,27.5,0.79
2023-12-31T05:00,1.1,70,5.35,27.5,0.68
2023-12-31T06:00,1.08,70,5.3,27.5,0.53
2023-12-31T07:00,1.06,69,5.3,27.5,0.35
2023-12-31T08:00,1.04,69,5.3,27.5,0.22
2023-12-31T09:00,1.02,70,5.35,27.5,0.15
2023-12-31T10:00,1.02,71,5.45,27.5,0.14
2023-12-31T11:00,1.0,72,5.55,27.5,0.21
2023-12-31T12:00,1.0,73,5.6,27.6,0.32
2023-12-31T13:00,0.98,74,5.65,27.6,0.44
2023-12-31T14:00,0.98,75,5.65,27.7,0.55
2023-12-31T15:00,0.98,76,5.6,27.7,0.61
2023-12-31T16:00,0.98,77,5.55,27.8,0.61
2023-12-31T17:00,0.98,78,5.5,27.8,0.56
2023-12-31T18:00,0.98,78,5.5,27.8,0.47
2023-12-31T19:00,0.98,77,5.45,27.8,0.34
2023-12-31T20:00,0.98,77,5.45,27.8,0.24
2023-12-31T21:00,0.98,76,5.45,27.7,0.2
2023-12-31T22:00,0.98,74,5.4,27.7,0.24
2023-12-31T23:00,0.98,73,5.4,27.7,0.31
