recorded_at,temperature,feels_like,humidity,wind_speed,wind_direction,wind_gust,pressure,precipitation,visibility,uv_index,dew_point,heat_index,wind_chill,cloud_cover,solar_radiation,weather_condition,weather_description
2026-01-01T00:00,24.6,27.9,82,2.4444444444444446,81,5.5,1010.3,0.0,5,,21.3,24.6,24.6,100,0.0,Cloudy,Overcast
2026-01-01T01:00,24.4,27.3,85,3.4444444444444446,50,6.305555555555555,1009.8,0.0,11.55,,21.6,24.4,24.4,69,0.0,Partly Cloudy,Partly cloudy
2026-01-01T02:00,24.0,28.1,89,1.6944444444444442,23,6.194444444444445,1009.0,0.0,13.85,,22.1,24.0,24.0,23,0.0,Partly Cloudy,Mainly clear
2026-01-01T03:00,23.5,26.9,92,2.9166666666666665,12,5.194444444444444,1008.7,0.0,12.9,,22.1,23.5,23.5,42,0.0,Partly Cloudy,Mainly clear
2026-01-01T04:00,23.0,26.5,95,2.9166666666666665,355,5.388888888888888,1009.2,0.0,5,,22.2,23.0,23.0,100,0.0,Cloudy,Overcast
2026-01-01T05:00,22.9,26.7,95,2.2222222222222223,344,5.111111111111111,1009.3,0.0,5,,22.1,22.9,22.9,95,0.0,Cloudy,Overcast
2026-01-01T06:00,23.1,27.0,95,2.2777777777777777,338,4.5,1009.8,0.0,5,,22.3,23.1,23.1,99,0.0,Cloudy,Overcast
2026-01-01T07:00,24.0,28.1,91,2.111111111111111,345,4.0,1010.9,0.0,5,,22.5,24.0,24.0,92,51.0,Cloudy,Overcast
2026-01-01T08:00,25.5,29.7,85,2.305555555555556,2,5.305555555555556,1011.9,0.0,5,,22.7,25.5,25.5,98,253.0,Cloudy,Overcast
2026-01-01T09:00,26.9,30.9,78,2.5833333333333335,10,6.194444444444445,1012.3,0.0,11.15,,22.8,29.345598374317863,26.9,77,473.0,Partly Cloudy,Partly cloudy
2026-01-01T10:00,28.0,32.0,72,3.2777777777777777,33,7.5,1011.9,0.1,9.8,,22.6,30.93569989244442,28.0,99,634.0,Light Rain,Light drizzle
2026-01-01T11:00,28.3,33.7,75,2.861111111111111,55,7.611111111111111,1011.9,0.2,9.6,,23.4,32.02930416895115,28.3,100,751.0,Light Rain,Light drizzle
2026-01-01T12:00,28.8,34.2,73,3.3055555555555554,70,8.11111111111111,1010.8,0.0,5,,23.5,32.832202291715554,28.8,100,798.0,Cloudy,Overcast
2026-01-01T13:00,28.4,33.1,72,3.4722222222222223,63,8.5,1009.9,0.0,5,,22.8,31.77240044876451,28.4,100,771.0,Cloudy,Overcast
2026-01-01T14:00,28.5,32.8,73,3.333333333333333,68,8.38888888888889,1008.8,0.1,9.8,,23.3,32.15320358955564,28.5,93,619.0,Light Rain,Light drizzle
2026-01-01T15:00,27.0,30.5,78,3.638888888888889,43,8.805555555555555,1008.7,0.6,8.8,,22.9,29.554454533777832,27.0,100,515.0,Light Rain,Moderate drizzle
2026-01-01T16:00,27.1,31.1,78,2.861111111111111,54,7.805555555555555,1008.5,0.2,9.6,,23.0,29.766078975517935,27.1,100,311.0,Light Rain,Light drizzle
2026-01-01T17:00,26.5,30.4,85,4.027777777777778,51,7.111111111111112,1009.2,0.0,5,,23.9,26.5,26.5,100,149.0,Cloudy,Overcast
2026-01-01T18:00,26.3,30.3,84,3.194444444444444,45,7.694444444444444,1010.2,0.0,5,,23.3,26.3,26.3,100,19.0,Cloudy,Overcast
2026-01-01T19:00,25.7,29.9,87,3.0555555555555554,42,5.611111111111111,1011.2,0.0,5,,23.4,25.7,25.7,100,0.0,Cloudy,Overcast
2026-01-01T20:00,25.8,29.9,87,3.222222222222222,24,6.194444444444445,1012.1,0.0,5,,23.5,25.8,25.8,100,0.0,Cloudy,Overcast
2026-01-01T21:00,24.4,28.3,90,2.5555555555555554,353,5.805555555555555,1012.8,0.4,9.2,,22.6,24.4,24.4,100,0.0,Light Rain,Light drizzle
2026-01-01T22:00,23.5,27.8,97,2.361111111111111,299,5.611111111111111,1013.1,0.6,8.8,,23.0,23.5,23.5,100,0.0,Light Rain,Moderate drizzle
2026-01-01T23:00,23.7,28.3,95,1.5,270,3.888888888888889,1012.3,0.3,9.4,,22.9,23.7,23.7,100,0.0,Light Rain,Light drizzle
2026-01-02T00:00,23.2,27.4,97,2.2222222222222223,261,4.0,1012.1,0.1,9.8,,22.8,23.2,23.2,100,0.0,Light Rain,Light drizzle
2026-01-02T01:00,23.4,28.5,96,0.4722222222222222,212,4.0,1011.3,0.2,9.6,,22.8,23.4,23.4,100,0.0,Light Rain,Light drizzle
2026-01-02T02:00,23.2,28.1,95,0.4722222222222222,347,1.3888888888888888,1010.8,0.4,9.2,,22.4,23.2,23.2,98,0.0,Light Rain,Light drizzle
2026-01-02T03:00,22.9,27.6,97,0.888888888888889,297,1.8055555555555556,1010.5,0.1,9.8,,22.4,22.9,22.9,91,0.0,Light Rain,Light drizzle
2026-01-02T04:00,22.6,27.1,97,1.0555555555555556,311,1.8055555555555556,1010.8,0.0,11.35,,22.1,22.6,22.6,73,0.0,Partly Cloudy,Partly cloudy
2026-01-02T05:00,23.2,27.0,93,2.111111111111111,304,2.1944444444444446,1011.4,0.0,12.85,,22.0,23.2,23.2,43,0.0,Partly Cloudy,Mainly clear
2026-01-02T06:00,23.4,27.1,92,2.305555555555556,314,4.111111111111112,1012.0,0.0,5,,21.9,23.4,23.4,98,0.0,Cloudy,Overcast
2026-01-02T07:00,24.0,27.9,90,2.3333333333333335,353,3.888888888888889,1013.2,0.0,5,,22.3,24.0,24.0,100,37.0,Cloudy,Overcast
2026-01-02T08:00,24.9,29.0,88,2.305555555555556,359,4.694444444444444,1014.1,0.0,5,,22.7,24.9,24.9,100,117.0,Cloudy,Overcast
2026-01-02T09:00,26.5,30.4,81,2.861111111111111,359,6.0,1014.2,0.0,5,,22.9,26.5,26.5,97,283.0,Cloudy,Overcast
2026-01-02T10:00,28.1,31.5,70,3.222222222222222,15,7.388888888888889,1014.1,0.0,12.05,,22.2,30.86128781161561,28.1,59,527.0,Partly Cloudy,Partly cloudy
2026-01-02T11:00,27.7,32.2,69,2.2777777777777777,10,7.5,1014.0,0.0,5,,21.5,29.98061120425771,27.7,100,712.0,Cloudy,Overcast
2026-01-02T12:00,28.2,31.5,67,2.7222222222222223,36,7.0,1013.1,0.0,5,,21.6,30.64095234003563,28.2,100,519.0,Cloudy,Overcast
2026-01-02T13:00,28.0,31.7,69,2.1944444444444446,33,7.194444444444444,1012.2,0.0,5,,21.9,30.53506764577775,28.0,100,503.0,Cloudy,Overcast
2026-01-02T14:00,27.6,31.8,70,1.1666666666666667,40,5.5,1011.0,0.0,5,,21.8,29.912102020515718,27.6,100,308.0,Cloudy,Overcast
2026-01-02T15:00,27.5,31.1,70,2.0,68,4.5,1010.7,0.0,5,,21.6,29.729762543055585,27.5,100,260.0,Cloudy,Overcast
2026-01-02T16:00,26.7,30.1,74,2.5555555555555554,67,5.111111111111111,1010.8,0.0,5,,21.7,28.64234278149107,26.7,100,119.0,Cloudy,Overcast
2026-01-02T17:00,27.1,31.6,76,1.1944444444444444,88,5.111111111111111,1010.8,0.0,5,,22.5,29.573654678015675,27.1,100,65.0,Cloudy,Overcast
2026-01-02T18:00,26.0,30.9,83,0.9722222222222222,21,2.305555555555556,1011.4,0.0,5,,22.9,26.0,26.0,100,15.0,Cloudy,Overcast
2026-01-02T19:00,25.9,30.7,84,1.2777777777777777,13,2.1944444444444446,1012.1,0.0,5,,22.9,25.9,25.9,100,0.0,Cloudy,Overcast
2026-01-02T20:00,25.8,30.4,85,1.6944444444444442,14,2.888888888888889,1013.0,0.0,5,,23.0,25.8,25.8,100,0.0,Cloudy,Overcast
2026-01-02T21:00,25.6,29.7,86,2.5833333333333335,9,4.194444444444445,1013.5,0.0,5,,23.0,25.6,25.6,100,0.0,Cloudy,Overcast
2026-01-02T22:00,25.3,28.9,86,3.3888888888888884,13,5.5,1013.7,0.0,5,,22.8,25.3,25.3,97,0.0,Cloudy,Overcast
2026-01-02T23:00,24.2,27.1,85,3.333333333333333,7,7.0,1013.4,0.1,9.8,,21.5,24.2,24.2,23,0.0,Light Rain,Light drizzle
2026-01-03T00:00,24.0,27.1,86,2.8055555555555554,357,5.805555555555555,1013.4,0.0,12.35,,21.5,24.0,24.0,53,0.0,Partly Cloudy,Partly cloudy
2026-01-03T01:00,23.8,27.0,87,2.7777777777777777,352,5.0,1012.6,0.0,5,,21.5,23.8,23.8,100,0.0,Cloudy,Overcast
2026-01-03T02:00,23.7,26.7,88,3.3055555555555554,355,5.694444444444445,1012.1,0.0,5,,21.6,23.7,23.7,97,0.0,Cloudy,Overcast
2026-01-03T03:00,23.7,27.0,90,3.222222222222222,4,5.888888888888888,1011.8,0.0,5,,22.0,23.7,23.7,100,0.0,Cloudy,Overcast
2026-01-03T04:00,23.8,27.1,90,3.3055555555555554,1,5.805555555555555,1012.0,0.0,13.15,,22.2,23.8,23.8,37,0.0,Partly Cloudy,Mainly clear
2026-01-03T05:00,23.3,26.3,91,3.416666666666667,354,6.0,1012.3,0.0,14.95,,21.7,23.3,23.3,1,0.0,Sunny,Clear skies
2026-01-03T06:00,23.2,26.0,92,3.75,358,6.499999999999999,1013.1,0.0,13.65,,21.8,23.2,23.2,27,0.0,Partly Cloudy,Mainly clear
2026-01-03T07:00,23.8,26.2,90,5.0,2,9.305555555555555,1013.7,0.0,12.4,,22.1,23.8,23.8,52,53.0,Partly Cloudy,Partly cloudy
2026-01-03T08:00,25.4,27.3,81,5.777777777777778,18,11.194444444444443,1014.6,0.0,11.7,,22.0,25.4,25.4,66,228.0,Partly Cloudy,Partly cloudy
2026-01-03T09:00,26.6,28.2,75,5.972222222222222,25,11.694444444444445,1014.5,0.1,9.8,,21.8,26.6,26.6,44,368.0,Light Rain,Light drizzle
2026-01-03T10:00,27.4,29.3,72,5.805555555555555,28,12.38888888888889,1014.3,0.0,14.15,,21.8,29.757669571164392,27.4,17,570.0,Sunny,Clear skies
2026-01-03T11:00,28.1,30.7,67,5.694444444444445,29,12.38888888888889,1014.0,0.2,9.6,,21.4,30.458666748275643,28.1,39,739.0,Light Rain,Light drizzle
2026-01-03T12:00,28.5,30.8,65,6.083333333333333,43,13.11111111111111,1013.1,0.2,9.6,,21.2,30.906639537111143,28.5,23,761.0,Light Rain,Light drizzle
2026-01-03T13:00,28.8,31.7,65,5.333333333333333,46,12.38888888888889,1011.8,0.1,9.8,,21.6,31.459865358951042,28.8,12,754.0,Light Rain,Light drizzle
2026-01-03T14:00,28.9,30.9,62,6.333333333333333,49,12.5,1010.7,0.1,9.8,,21.0,31.1694977899979,28.9,24,739.0,Light Rain,Light drizzle
2026-01-03T15:00,28.6,28.9,58,6.138888888888889,51,13.194444444444445,1010.3,0.0,14.9,,19.5,30.1078413969955,28.6,2,534.0,Sunny,Clear skies
2026-01-03T16:00,28.3,28.9,59,5.75,52,12.11111111111111,1010.4,0.0,14.9,,19.6,29.780287115724587,28.3,2,365.0,Sunny,Clear skies
2026-01-03T17:00,27.4,29.8,71,4.583333333333333,62,11.194444444444443,1011.1,0.0,13.7,,21.8,29.65303237793771,27.4,26,185.0,Partly Cloudy,Mainly clear
2026-01-03T18:00,27.1,28.9,68,4.583333333333333,50,8.805555555555555,1012.0,0.0,13.65,,20.8,28.85231601618448,27.1,27,21.0,Partly Cloudy,Mainly clear
2026-01-03T19:00,26.8,28.6,70,4.833333333333333,53,8.5,1012.9,0.0,13.85,,20.9,28.52336455459563,26.8,23,0.0,Partly Cloudy,Mainly clear
2026-01-03T20:00,26.4,28.4,74,4.944444444444445,51,8.805555555555555,1013.6,0.0,13.75,,21.4,26.4,26.4,25,0.0,Partly Cloudy,Mainly clear
2026-01-03T21:00,26.1,28.2,77,5.027777777777778,45,9.0,1014.1,0.0,14.45,,21.7,26.1,26.1,11,0.0,Sunny,Clear skies
2026-01-03T22:00,25.9,27.9,76,4.805555555555555,39,8.88888888888889,1014.4,0.0,11.5,,21.4,25.9,25.9,70,0.0,Partly Cloudy,Partly cloudy
2026-01-03T23:00,25.7,27.3,73,4.777777777777778,34,8.61111111111111,1014.2,0.0,14.2,,20.5,25.7,25.7,16,0.0,Sunny,Clear skies
2026-01-04T00:00,25.3,27.1,78,5.166666666666667,25,9.194444444444445,1013.7,0.0,14.95,,21.2,25.3,25.3,1,0.0,Sunny,Clear skies
2026-01-04T01:00,24.4,26.6,84,4.75,17,9.194444444444445,1012.9,0.0,14.9,,21.5,24.4,24.4,2,0.0,Sunny,Clear skies
2026-01-04T02:00,23.8,26.1,86,4.361111111111111,10,8.5,1012.4,0.0,14.8,,21.4,23.8,23.8,4,0.0,Sunny,Clear skies
2026-01-04T03:00,23.3,25.6,88,4.305555555555555,360,7.805555555555555,1012.2,0.0,15.0,,21.3,23.3,23.3,0,0.0,Sunny,Clear skies
2026-01-04T04:00,23.0,25.1,88,4.361111111111111,355,7.805555555555555,1012.3,0.0,14.9,,21.0,23.0,23.0,2,0.0,Sunny,Clear skies
2026-01-04T05:00,22.6,24.4,88,4.666666666666667,355,7.888888888888888,1012.6,0.0,14.9,,20.6,22.6,22.6,2,0.0,Sunny,Clear skies
2026-01-04T06:00,22.4,24.3,90,4.333333333333333,352,8.305555555555555,1013.3,0.0,14.95,,20.6,22.4,22.4,1,0.0,Sunny,Clear skies
2026-01-04T07:00,23.0,24.9,87,4.416666666666667,346,8.194444444444445,1014.0,0.0,14.850000000000001,,20.7,23.0,23.0,3,56.0,Sunny,Clear skies
2026-01-04T08:00,24.5,26.2,79,4.916666666666666,356,9.805555555555555,1014.6,0.0,13.95,,20.7,24.5,24.5,21,258.0,Partly Cloudy,Mainly clear
2026-01-04T09:00,26.0,27.0,72,6.0,15,11.888888888888888,1015.0,0.0,5,,20.5,26.0,26.0,92,472.0,Cloudy,Overcast
2026-01-04T10:00,27.2,28.5,66,6.027777777777778,27,12.194444444444443,1014.8,0.0,14.3,,20.2,28.837937070951146,27.2,14,651.0,Sunny,Clear skies
2026-01-04T11:00,28.2,29.8,59,6.027777777777778,34,12.305555555555554,1014.5,0.0,14.25,,19.6,29.631409164924474,28.2,15,768.0,Sunny,Clear skies
2026-01-04T12:00,28.9,29.9,55,6.722222222222221,39,13.5,1013.3,0.0,12.55,,18.9,30.159277208915682,28.9,49,803.0,Partly Cloudy,Mainly clear
2026-01-04T13:00,29.1,29.9,54,6.638888888888888,45,13.61111111111111,1012.2,0.0,11.85,,18.8,30.316159424264484,29.1,63,755.0,Partly Cloudy,Partly cloudy
2026-01-04T14:00,29.1,29.5,54,6.194444444444445,54,13.305555555555555,1011.6,0.0,12.35,,18.8,30.316159424264484,29.1,53,640.0,Partly Cloudy,Partly cloudy
2026-01-04T15:00,28.8,29.0,54,5.833333333333333,59,12.38888888888889,1011.2,0.0,13.4,,18.7,29.88585160012451,28.8,32,506.0,Partly Cloudy,Mainly clear
2026-01-04T16:00,28.2,28.2,57,6.527777777777778,60,12.694444444444445,1011.2,0.0,14.2,,19.0,29.402715261991148,28.2,16,363.0,Sunny,Clear skies
2026-01-04T17:00,27.1,27.8,65,6.083333333333333,64,12.694444444444445,1011.7,0.0,14.45,,20.0,28.601761910871126,27.1,11,181.0,Sunny,Clear skies
2026-01-04T18:00,26.7,27.3,66,5.916666666666667,53,11.194444444444443,1012.3,0.0,14.9,,19.8,28.092219235251104,26.7,2,24.0,Sunny,Clear skies
2026-01-04T19:00,26.4,27.0,67,5.861111111111112,52,10.805555555555555,1013.5,0.0,14.75,,19.8,26.4,26.4,5,0.0,Sunny,Clear skies
2026-01-04T20:00,26.1,26.9,68,5.722222222222222,48,10.611111111111112,1014.1,0.0,13.9,,19.8,26.1,26.1,22,0.0,Partly Cloudy,Mainly clear
2026-01-04T21:00,25.8,26.9,70,5.166666666666667,43,10.305555555555555,1014.7,0.0,14.4,,19.9,25.8,25.8,12,0.0,Sunny,Clear skies
2026-01-04T22:00,25.3,26.6,72,4.694444444444444,36,9.305555555555555,1014.7,0.0,13.5,,19.9,25.3,25.3,30,0.0,Partly Cloudy,Mainly clear
2026-01-04T23:00,24.6,25.9,74,4.527777777777778,28,8.305555555555555,1014.6,0.0,14.95,,19.7,24.6,24.6,1,0.0,Sunny,Clear skies
2026-01-05T00:00,24.0,25.1,78,5.111111111111111,24,9.0,1014.0,0.0,14.25,,19.9,24.0,24.0,15,0.0,Sunny,Clear skies
2026-01-05T01:00,23.4,24.6,81,5.027777777777778,17,9.305555555555555,1013.5,0.0,11.85,,20.0,23.4,23.4,63,0.0,Partly Cloudy,Partly cloudy
2026-01-05T02:00,22.9,24.4,84,4.527777777777778,11,8.88888888888889,1013.2,0.0,11.85,,20.1,22.9,22.9,63,0.0,Partly Cloudy,Partly cloudy
2026-01-05T03:00,22.6,24.1,84,4.25,3,8.0,1012.8,0.0,5,,19.8,22.6,22.6,84,0.0,Cloudy,Overcast
2026-01-05T04:00,22.2,23.6,84,3.944444444444444,352,7.5,1013.0,0.0,5,,19.3,22.2,22.2,95,0.0,Cloudy,Overcast
2026-01-05T05:00,21.7,23.4,89,3.8055555555555554,333,6.888888888888889,1013.3,0.0,12.6,,19.7,21.7,21.7,48,0.0,Partly Cloudy,Mainly clear
2026-01-05T06:00,21.9,23.4,88,4.388888888888889,343,7.694444444444444,1013.9,0.0,5,,19.8,21.9,21.9,88,0.0,Cloudy,Overcast
2026-01-05T07:00,22.8,24.2,84,4.472222222222222,353,8.61111111111111,1014.6,0.0,5,,19.9,22.8,22.8,91,53.0,Cloudy,Overcast
2026-01-05T08:00,24.2,25.4,78,5.111111111111111,2,10.11111111111111,1015.6,0.0,13.95,,20.1,24.2,24.2,21,247.0,Partly Cloudy,Mainly clear
2026-01-05T09:00,25.7,27.0,73,5.361111111111112,9,10.88888888888889,1015.8,0.0,14.4,,20.4,25.7,25.7,12,475.0,Sunny,Clear skies
2026-01-05T10:00,27.2,28.6,66,5.888888888888888,18,12.0,1015.1,0.0,14.75,,20.3,28.837937070951146,27.2,5,642.0,Sunny,Clear skies
2026-01-05T11:00,28.4,29.9,61,6.499999999999999,28,12.888888888888888,1014.4,0.0,14.8,,20.1,30.186167723715712,28.4,4,772.0,Sunny,Clear skies
2026-01-05T12:00,29.2,31.2,56,6.0,34,13.194444444444445,1013.4,0.0,14.75,,19.7,30.753983784551085,29.2,5,854.0,Sunny,Clear skies
2026-01-05T13:00,29.7,31.4,54,6.305555555555555,48,12.805555555555555,1012.3,0.0,13.45,,19.5,31.228982446424524,29.7,31,837.0,Partly Cloudy,Mainly clear
2026-01-05T14:00,29.3,30.5,57,6.277777777777778,50,12.999999999999998,1011.0,0.0,14.55,,19.9,31.065755475991196,29.3,9,687.0,Sunny,Clear skies
2026-01-05T15:00,29.4,29.9,56,6.222222222222221,50,12.694444444444445,1010.4,0.0,11.8,,19.8,31.070471901671194,29.4,64,568.0,Partly Cloudy,Partly cloudy
2026-01-05T16:00,28.9,29.7,59,6.027777777777778,56,12.38888888888889,1010.7,0.0,11.45,,20.1,30.717955184364598,28.9,71,361.0,Partly Cloudy,Partly cloudy
2026-01-05T17:00,27.3,29.3,69,4.611111111111112,34,11.805555555555555,1011.8,0.0,5,,21.0,29.27584525225799,27.3,100,183.0,Cloudy,Overcast
2026-01-05T18:00,27.1,28.3,67,5.472222222222222,37,10.11111111111111,1012.4,0.0,5,,20.4,28.767589017875682,27.1,91,14.0,Cloudy,Overcast
2026-01-05T19:00,26.4,28.0,70,4.666666666666667,32,10.11111111111111,1013.2,0.0,5,,20.5,26.4,26.4,100,0.0,Cloudy,Overcast
2026-01-05T20:00,26.7,28.0,67,4.722222222222222,28,8.61111111111111,1013.8,0.0,5,,19.9,28.15824500283562,26.7,100,0.0,Cloudy,Overcast
2026-01-05T21:00,26.5,26.9,65,5.972222222222222,32,10.694444444444445,1014.3,0.0,5,,19.3,26.5,26.5,100,0.0,Cloudy,Overcast
2026-01-05T22:00,26.0,26.6,66,5.555555555555555,27,10.88888888888889,1014.3,0.0,5,,19.2,26.0,26.0,100,0.0,Cloudy,Overcast
2026-01-05T23:00,25.5,25.1,64,6.416666666666667,26,10.0,1014.1,0.0,5,,18.2,25.5,25.5,100,0.0,Cloudy,Overcast
2026-01-06T00:00,25.2,24.9,66,6.388888888888888,24,12.11111111111111,1013.8,0.0,5,,18.3,25.2,25.2,100,0.0,Cloudy,Overcast
2026-01-06T01:00,24.9,24.9,68,6.027777777777778,15,11.61111111111111,1013.2,0.0,5,,18.5,24.9,24.9,100,0.0,Cloudy,Overcast
2026-01-06T02:00,24.5,24.9,70,5.416666666666667,14,10.88888888888889,1012.3,0.0,5,,18.7,24.5,24.5,100,0.0,Cloudy,Overcast
2026-01-06T03:00,24.0,25.2,76,4.583333333333333,23,9.694444444444445,1012.1,0.2,9.6,,19.6,24.0,24.0,100,0.0,Light Rain,Light drizzle
2026-01-06T04:00,23.7,25.2,79,4.222222222222222,10,8.11111111111111,1012.3,0.1,9.8,,19.8,23.7,23.7,100,0.0,Light Rain,Light drizzle
2026-01-06T05:00,23.7,25.2,76,3.9722222222222223,356,7.888888888888888,1013.0,0.0,5,,19.3,23.7,23.7,100,0.0,Cloudy,Overcast
2026-01-06T06:00,23.9,25.0,74,4.361111111111111,358,7.694444444444444,1013.7,0.0,5,,19.0,23.9,23.9,99,0.0,Cloudy,Overcast
2026-01-06T07:00,24.2,25.5,73,4.138888888888889,1,7.888888888888888,1014.5,0.0,12.05,,19.1,24.2,24.2,59,32.0,Partly Cloudy,Partly cloudy
2026-01-06T08:00,25.3,26.7,69,4.027777777777778,6,7.805555555555555,1015.5,0.0,5,,19.3,25.3,25.3,100,184.0,Cloudy,Overcast
2026-01-06T09:00,26.3,27.4,66,4.833333333333333,6,9.694444444444445,1015.6,0.0,5,,19.4,26.3,26.3,100,371.0,Cloudy,Overcast
2026-01-06T10:00,26.9,27.2,63,5.972222222222222,18,11.194444444444443,1015.3,0.0,5,,19.2,28.16529202548451,26.9,100,355.0,Cloudy,Overcast
2026-01-06T11:00,27.2,27.3,61,6.388888888888888,26,12.888888888888888,1015.0,0.0,5,,19.1,28.417775049795512,27.2,100,422.0,Cloudy,Overcast
2026-01-06T12:00,28.5,28.9,56,5.944444444444444,30,12.999999999999998,1014.0,0.0,5,,18.7,29.709474294611166,28.5,100,604.0,Cloudy,Overcast
2026-01-06T13:00,28.9,28.8,52,5.916666666666667,32,12.0,1012.9,0.0,5,,18.2,29.77280285137568,28.9,100,522.0,Cloudy,Overcast
2026-01-06T14:00,29.1,29.3,53,5.75,38,12.0,1011.6,0.0,5,,18.4,30.17982289161783,29.1,99,572.0,Cloudy,Overcast
2026-01-06T15:00,29.2,29.5,53,5.444444444444445,39,11.694444444444445,1011.2,0.0,5,,18.5,30.323315318737905,29.2,98,535.0,Cloudy,Overcast
2026-01-06T16:00,27.9,27.9,60,7.0,43,13.5,1011.7,0.0,5,,19.5,29.303248231437887,27.9,100,328.0,Cloudy,Overcast
2026-01-06T17:00,26.7,27.9,66,4.944444444444445,24,13.694444444444443,1012.9,0.0,5,,19.9,28.092219235251104,26.7,99,171.0,Cloudy,Overcast
2026-01-06T18:00,26.4,27.8,66,4.333333333333333,34,9.11111111111111,1013.8,0.0,5,,19.6,26.4,26.4,100,22.0,Cloudy,Overcast
2026-01-06T19:00,26.4,28.0,67,4.277777777777778,42,7.805555555555555,1014.5,0.0,5,,19.9,26.4,26.4,100,0.0,Cloudy,Overcast
2026-01-06T20:00,26.5,27.9,68,4.722222222222222,39,8.38888888888889,1014.9,0.0,5,,20.0,26.5,26.5,100,0.0,Cloudy,Overcast
2026-01-06T21:00,26.2,27.5,69,4.888888888888889,31,8.805555555555555,1015.1,0.0,5,,20.0,26.2,26.2,100,0.0,Cloudy,Overcast
2026-01-06T22:00,25.9,27.2,68,4.583333333333333,20,8.805555555555555,1015.3,0.0,5,,19.6,25.9,25.9,100,0.0,Cloudy,Overcast
2026-01-06T23:00,25.6,26.7,68,4.444444444444445,14,8.194444444444445,1014.9,0.0,5,,19.2,25.6,25.6,100,0.0,Cloudy,Overcast
2026-01-07T00:00,25.4,26.2,68,4.722222222222222,10,8.38888888888889,1014.8,0.0,5,,18.9,25.4,25.4,100,0.0,Cloudy,Overcast
2026-01-07T01:00,24.8,25.7,69,4.388888888888889,359,8.5,1014.2,0.0,5,,18.8,24.8,24.8,100,0.0,Cloudy,Overcast
2026-01-07T02:00,24.4,25.3,71,4.416666666666667,356,7.888888888888888,1013.3,0.0,5,,18.7,24.4,24.4,100,0.0,Cloudy,Overcast
2026-01-07T03:00,23.8,25.0,73,3.888888888888889,347,7.888888888888888,1012.9,0.0,5,,18.7,23.8,23.8,99,0.0,Cloudy,Overcast
2026-01-07T04:00,23.6,24.9,75,3.7777777777777777,342,6.888888888888889,1013.2,0.0,5,,18.9,23.6,23.6,100,0.0,Cloudy,Overcast
2026-01-07T05:00,23.6,25.1,77,3.75,344,7.194444444444444,1013.9,0.0,5,,19.3,23.6,23.6,93,0.0,Cloudy,Overcast
2026-01-07T06:00,23.8,25.6,76,3.3888888888888884,351,6.694444444444445,1014.5,0.0,5,,19.4,23.8,23.8,100,0.0,Cloudy,Overcast
2026-01-07T07:00,24.0,25.6,77,4.055555555555555,359,7.305555555555555,1015.2,0.0,5,,19.7,24.0,24.0,98,23.0,Cloudy,Overcast
2026-01-07T08:00,24.9,26.5,74,4.305555555555555,359,8.38888888888889,1016.0,0.0,13.65,,20.0,24.9,24.9,27,128.0,Partly Cloudy,Mainly clear
2026-01-07T09:00,26.2,27.0,69,6.0,16,11.5,1016.2,0.0,11.55,,20.1,26.2,26.2,69,360.0,Partly Cloudy,Partly cloudy
2026-01-07T10:00,27.3,27.6,64,6.722222222222221,28,13.38888888888889,1015.7,0.0,11.35,,19.8,28.81348321233568,27.3,73,560.0,Partly Cloudy,Partly cloudy
2026-01-07T11:00,27.9,28.6,59,6.444444444444444,32,13.805555555555555,1015.2,0.0,5,,19.3,29.197461130764566,27.9,94,667.0,Cloudy,Overcast
2026-01-07T12:00,28.5,29.2,57,6.499999999999999,40,13.11111111111111,1014.1,0.0,5,,19.2,29.831762233111096,28.5,99,690.0,Cloudy,Overcast
2026-01-07T13:00,27.7,28.3,62,6.777777777777777,49,13.694444444444443,1013.1,0.0,5,,19.9,29.217935520557806,27.7,94,627.0,Cloudy,Overcast
2026-01-07T14:00,27.8,28.6,62,6.472222222222222,54,13.61111111111111,1012.1,0.2,9.6,,20.0,29.368350200657826,27.8,86,627.0,Light Rain,Light drizzle
2026-01-07T15:00,27.7,27.9,62,6.888888888888889,55,13.694444444444443,1011.6,0.1,9.8,,19.8,29.217935520557806,27.7,71,532.0,Light Rain,Light drizzle
2026-01-07T16:00,27.1,27.1,65,7.333333333333333,53,14.388888888888888,1011.7,0.0,5,,19.9,28.601761910871126,27.1,98,369.0,Cloudy,Overcast
2026-01-07T17:00,26.2,26.8,68,6.166666666666666,50,14.194444444444445,1012.7,0.0,5,,19.8,26.2,26.2,97,157.0,Cloudy,Overcast
2026-01-07T18:00,26.4,26.6,63,5.944444444444444,42,11.694444444444445,1013.3,0.0,12.4,,18.8,26.4,26.4,52,23.0,Partly Cloudy,Partly cloudy
2026-01-07T19:00,26.4,25.7,63,7.611111111111111,45,13.61111111111111,1014.3,0.0,5,,18.8,26.4,26.4,97,0.0,Cloudy,Overcast
2026-01-07T20:00,26.0,25.0,63,7.833333333333333,42,14.194444444444445,1014.7,0.0,5,,18.5,26.0,26.0,100,0.0,Cloudy,Overcast
2026-01-07T21:00,25.4,24.4,63,7.472222222222221,34,14.305555555555555,1015.3,0.0,5,,18.0,25.4,25.4,95,0.0,Cloudy,Overcast
2026-01-07T22:00,24.7,24.1,65,6.583333333333333,25,13.5,1015.2,0.0,5,,17.8,24.7,24.7,98,0.0,Cloudy,Overcast
2026-01-07T23:00,24.0,23.3,68,6.472222222222222,21,11.888888888888888,1015.1,0.0,5,,17.7,24.0,24.0,100,0.0,Cloudy,Overcast
2026-01-08T00:00,23.7,23.5,69,5.666666666666666,14,11.694444444444445,1015.0,0.0,5,,17.7,23.7,23.7,100,0.0,Cloudy,Overcast
2026-01-08T01:00,23.2,23.1,71,5.5,2,10.305555555555555,1014.6,0.0,5,,17.7,23.2,23.2,100,0.0,Cloudy,Overcast
2026-01-08T02:00,22.6,22.6,73,5.055555555555555,351,9.88888888888889,1014.1,0.0,5,,17.5,22.6,22.6,100,0.0,Cloudy,Overcast
2026-01-08T03:00,22.1,22.3,75,4.694444444444444,343,9.0,1013.9,0.0,5,,17.4,22.1,22.1,100,0.0,Cloudy,Overcast
2026-01-08T04:00,22.1,22.4,74,4.527777777777778,344,8.305555555555555,1014.2,0.0,5,,17.4,22.1,22.1,100,0.0,Cloudy,Overcast
2026-01-08T05:00,22.5,22.0,71,5.75,353,8.694444444444445,1014.3,0.0,12.05,,17.0,22.5,22.5,59,0.0,Partly Cloudy,Partly cloudy
2026-01-08T06:00,22.6,22.1,71,5.75,0,10.388888888888888,1015.1,0.0,5,,17.1,22.6,22.6,97,0.0,Cloudy,Overcast
2026-01-08T07:00,22.9,22.5,71,5.805555555555555,359,10.805555555555555,1016.0,0.0,5,,17.4,22.9,22.9,81,50.0,Cloudy,Overcast
2026-01-08T08:00,24.0,24.0,68,5.472222222222222,354,10.694444444444445,1016.5,0.0,5,,17.8,24.0,24.0,98,257.0,Cloudy,Overcast
2026-01-08T09:00,25.3,25.2,64,5.916666666666667,356,11.694444444444445,1016.8,0.0,5,,18.1,25.3,25.3,94,453.0,Cloudy,Overcast
2026-01-08T10:00,26.5,26.4,60,6.472222222222222,5,13.194444444444445,1016.2,0.0,5,,18.1,26.5,26.5,98,629.0,Cloudy,Overcast
2026-01-08T11:00,27.7,27.8,54,7.027777777777778,13,13.805555555555555,1016.0,0.0,5,,17.7,28.456943940824463,27.7,98,766.0,Cloudy,Overcast
2026-01-08T12:00,28.5,29.0,51,6.666666666666666,26,14.388888888888888,1014.8,0.0,5,,17.4,29.138273683777786,28.5,99,844.0,Cloudy,Overcast
2026-01-08T13:00,28.6,28.9,51,6.305555555555555,32,13.5,1013.9,0.0,5,,17.6,29.263513819537806,28.6,100,720.0,Cloudy,Overcast
2026-01-08T14:00,28.6,28.1,51,6.555555555555555,31,12.999999999999998,1012.9,0.0,5,,17.5,29.263513819537806,28.6,84,612.0,Cloudy,Overcast
2026-01-08T15:00,28.6,28.0,50,6.111111111111111,28,13.694444444444443,1012.3,0.0,5,,17.1,29.15404275820442,28.6,100,581.0,Cloudy,Overcast
2026-01-08T16:00,28.4,27.6,50,6.222222222222221,30,12.11111111111111,1012.2,0.0,5,,16.9,28.911906467804517,28.4,100,359.0,Cloudy,Overcast
2026-01-08T17:00,27.6,27.6,56,5.305555555555556,26,12.194444444444443,1012.4,0.0,5,,17.9,28.510988196071246,27.6,100,115.0,Cloudy,Overcast
2026-01-08T18:00,27.0,27.1,58,5.166666666666667,30,9.694444444444445,1012.6,0.0,5,,17.9,27.939517511555696,27.0,100,24.0,Cloudy,Overcast
2026-01-08T19:00,26.4,26.9,61,5.0,32,9.694444444444445,1013.5,0.0,5,,18.4,26.4,26.4,100,0.0,Cloudy,Overcast
2026-01-08T20:00,26.1,25.8,61,6.277777777777778,36,11.305555555555555,1014.3,0.0,5,,18.1,26.1,26.1,100,0.0,Cloudy,Overcast
2026-01-08T21:00,25.5,25.2,63,6.083333333333333,28,11.38888888888889,1014.9,0.0,5,,17.9,25.5,25.5,100,0.0,Cloudy,Overcast
2026-01-08T22:00,25.0,24.7,64,5.75,23,11.0,1014.9,0.0,5,,17.6,25.0,25.0,100,0.0,Cloudy,Overcast
2026-01-08T23:00,24.7,24.6,64,5.388888888888888,21,11.0,1014.4,0.0,5,,17.5,24.7,24.7,100,0.0,Cloudy,Overcast
2026-01-09T00:00,24.2,24.2,67,5.361111111111112,18,9.805555555555555,1014.3,0.0,5,,17.8,24.2,24.2,100,0.0,Cloudy,Overcast
2026-01-09T01:00,23.7,23.9,71,5.361111111111112,12,9.805555555555555,1013.9,0.0,11.85,,18.1,23.7,23.7,63,0.0,Partly Cloudy,Partly cloudy
2026-01-09T02:00,23.2,23.4,72,5.111111111111111,1,9.61111111111111,1013.0,0.0,5,,17.9,23.2,23.2,100,0.0,Cloudy,Overcast
2026-01-09T03:00,22.8,22.9,73,5.0,1,9.11111111111111,1012.8,0.0,14.15,,17.6,22.8,22.8,17,0.0,Sunny,Clear skies
2026-01-09T04:00,22.6,22.4,72,5.166666666666667,357,9.11111111111111,1012.9,0.0,5,,17.2,22.6,22.6,99,0.0,Cloudy,Overcast
2026-01-09T05:00,22.4,22.5,74,5.138888888888888,354,9.194444444444445,1013.4,0.0,12.55,,17.6,22.4,22.4,49,0.0,Partly Cloudy,Mainly clear
2026-01-09T06:00,22.4,22.6,75,5.111111111111111,358,9.194444444444445,1013.9,0.0,5,,17.8,22.4,22.4,95,0.0,Cloudy,Overcast
2026-01-09T07:00,23.0,23.4,75,5.055555555555555,359,9.194444444444445,1014.7,0.0,5,,18.3,23.0,23.0,100,49.0,Cloudy,Overcast
2026-01-09T08:00,24.3,24.8,71,5.222222222222222,6,10.0,1015.2,0.0,5,,18.7,24.3,24.3,98,213.0,Cloudy,Overcast
2026-01-09T09:00,25.6,25.8,66,5.861111111111112,7,11.805555555555555,1015.2,0.0,12.9,,18.8,25.6,25.6,42,450.0,Partly Cloudy,Mainly clear
2026-01-09T10:00,27.1,27.1,59,6.527777777777778,17,12.888888888888888,1014.7,0.0,5,,18.4,28.13329570676449,27.1,88,607.0,Cloudy,Overcast
2026-01-09T11:00,28.7,28.8,54,6.638888888888888,22,13.805555555555555,1014.1,0.0,5,,18.4,29.746282871624416,28.7,100,666.0,Cloudy,Overcast
2026-01-09T12:00,28.7,29.4,55,6.111111111111111,18,13.305555555555555,1013.2,0.0,5,,18.7,29.870633020595456,28.7,100,697.0,Cloudy,Overcast
2026-01-09T13:00,29.1,29.7,53,5.5,20,12.38888888888889,1012.0,0.0,5,,18.5,30.17982289161783,29.1,91,627.0,Cloudy,Overcast
2026-01-09T14:00,29.6,30.2,51,5.75,26,11.61111111111111,1010.8,0.0,5,,18.4,30.61620597873774,29.6,95,649.0,Cloudy,Overcast
2026-01-09T15:00,29.6,30.1,51,5.583333333333334,21,12.305555555555554,1010.5,0.0,5,,18.5,30.61620597873774,29.6,92,599.0,Cloudy,Overcast
2026-01-09T16:00,28.9,29.0,54,5.75,20,11.61111111111111,1010.4,0.0,5,,18.6,30.027353935064525,28.9,91,327.0,Cloudy,Overcast
2026-01-09T17:00,27.9,28.5,60,5.527777777777778,34,11.305555555555555,1010.8,0.0,5,,19.4,29.303248231437887,27.9,100,173.0,Cloudy,Overcast
2026-01-09T18:00,27.0,27.5,63,5.833333333333333,32,10.388888888888888,1011.3,0.0,5,,19.4,28.3019032004445,27.0,100,24.0,Cloudy,Overcast
2026-01-09T19:00,26.1,26.7,69,6.111111111111111,35,11.194444444444443,1012.3,0.0,5,,19.9,26.1,26.1,100,0.0,Cloudy,Overcast
2026-01-09T20:00,25.7,26.4,71,5.916666666666667,27,11.11111111111111,1012.8,0.0,5,,19.9,25.7,25.7,100,0.0,Cloudy,Overcast
2026-01-09T21:00,25.3,26.2,71,5.333333333333333,22,10.694444444444445,1013.3,0.0,5,,19.7,25.3,25.3,99,0.0,Cloudy,Overcast
2026-01-09T22:00,24.9,25.7,70,4.944444444444445,13,9.61111111111111,1013.5,0.0,5,,19.0,24.9,24.9,100,0.0,Cloudy,Overcast
2026-01-09T23:00,24.8,25.2,68,5.277777777777778,15,8.805555555555555,1013.0,0.0,13.95,,18.4,24.8,24.8,21,0.0,Partly Cloudy,Mainly clear
2026-01-10T00:00,24.6,24.7,68,5.75,15,10.194444444444445,1012.8,0.0,14.5,,18.3,24.6,24.6,10,0.0,Sunny,Clear skies
2026-01-10T01:00,24.2,24.2,69,5.777777777777778,9,10.388888888888888,1012.1,0.0,14.8,,18.3,24.2,24.2,4,0.0,Sunny,Clear skies
2026-01-10T02:00,24.0,23.9,69,5.722222222222222,9,10.388888888888888,1011.8,0.0,13.5,,18.0,24.0,24.0,30,0.0,Partly Cloudy,Mainly clear
2026-01-10T03:00,23.8,23.6,69,5.722222222222222,9,10.305555555555555,1011.4,0.0,5,,17.8,23.8,23.8,84,0.0,Cloudy,Overcast
2026-01-10T04:00,23.7,23.5,70,5.666666666666666,9,10.194444444444445,1011.2,0.0,14.7,,17.8,23.7,23.7,6,0.0,Sunny,Clear skies
2026-01-10T05:00,23.5,23.6,73,5.527777777777778,7,10.11111111111111,1012.0,0.0,14.850000000000001,,18.3,23.5,23.5,3,0.0,Sunny,Clear skies
2026-01-10T06:00,23.5,23.7,73,5.555555555555555,2,10.0,1012.2,0.0,14.3,,18.4,23.5,23.5,14,0.0,Sunny,Clear skies
2026-01-10T07:00,24.0,24.4,73,5.638888888888889,6,10.305555555555555,1013.0,0.0,14.55,,18.9,24.0,24.0,9,47.0,Sunny,Clear skies
2026-01-10T08:00,25.1,25.3,69,6.138888888888889,7,11.694444444444445,1013.5,0.0,13.5,,19.1,25.1,25.1,30,225.0,Partly Cloudy,Mainly clear
2026-01-10T09:00,26.1,26.2,65,6.333333333333333,10,12.5,1013.7,0.0,14.75,,19.0,26.1,26.1,5,414.0,Sunny,Clear skies
2026-01-10T10:00,27.4,28.0,60,6.277777777777778,10,12.888888888888888,1013.4,0.0,13.65,,19.0,28.602812367537766,27.4,27,661.0,Partly Cloudy,Mainly clear
2026-01-10T11:00,28.4,29.6,59,5.777777777777778,21,12.805555555555555,1013.1,0.0,12.5,,19.5,29.9312793695646,28.4,50,675.0,Partly Cloudy,Partly cloudy
2026-01-10T12:00,28.6,29.9,57,5.777777777777778,22,12.194444444444443,1012.2,0.0,5,,19.2,29.978862798631113,28.6,100,732.0,Cloudy,Overcast
2026-01-10T13:00,28.9,29.8,56,5.611111111111111,17,12.0,1011.1,0.0,11.4,,19.2,30.294298970771187,28.9,72,631.0,Partly Cloudy,Partly cloudy
2026-01-10T14:00,29.1,30.1,56,5.305555555555556,25,11.38888888888889,1010.4,0.0,5,,19.4,30.59874919837105,29.1,100,578.0,Cloudy,Overcast
2026-01-10T15:00,28.9,29.1,56,6.111111111111111,29,12.0,1009.9,0.0,5,,19.2,30.294298970771187,28.9,100,376.0,Cloudy,Overcast
2026-01-10T16:00,27.8,27.9,60,6.611111111111111,34,12.694444444444445,1010.1,0.0,5,,19.4,29.158861033617754,27.8,100,249.0,Cloudy,Overcast
2026-01-10T17:00,26.3,26.2,65,6.583333333333333,30,12.694444444444445,1010.8,0.0,12.75,,19.1,26.3,26.3,45,119.0,Partly Cloudy,Mainly clear
2026-01-10T18:00,25.9,26.5,67,5.555555555555555,28,11.888888888888888,1011.3,0.0,12.7,,19.3,25.9,25.9,46,25.0,Partly Cloudy,Mainly clear
2026-01-10T19:00,25.6,26.3,67,5.249999999999999,16,10.194444444444445,1012.2,0.0,5,,19.1,25.6,25.6,100,0.0,Cloudy,Overcast
2026-01-10T20:00,25.6,26.7,69,4.805555555555555,20,9.5,1013.0,0.0,5,,19.5,25.6,25.6,100,0.0,Cloudy,Overcast
2026-01-10T21:00,25.4,26.7,71,4.75,20,9.305555555555555,1013.6,0.0,5,,19.8,25.4,25.4,100,0.0,Cloudy,Overcast
2026-01-10T22:00,25.4,26.5,71,5.138888888888888,16,9.305555555555555,1013.7,0.0,5,,19.8,25.4,25.4,100,0.0,Cloudy,Overcast
2026-01-10T23:00,24.8,26.0,77,5.694444444444445,22,10.611111111111112,1013.5,0.0,5,,20.5,24.8,24.8,95,0.0,Cloudy,Overcast
2026-01-11T00:00,25.1,25.9,74,5.805555555555555,19,10.805555555555555,1013.4,0.0,13.3,,20.1,25.1,25.1,34,0.0,Partly Cloudy,Mainly clear
2026-01-11T01:00,24.6,25.8,75,4.916666666666666,4,10.499999999999998,1012.9,0.0,5,,19.8,24.6,24.6,99,0.0,Cloudy,Overcast
2026-01-11T02:00,24.5,25.7,75,4.805555555555555,8,8.694444444444445,1012.6,0.0,5,,19.7,24.5,24.5,100,0.0,Cloudy,Overcast
2026-01-11T03:00,23.9,24.8,76,5.166666666666667,9,9.194444444444445,1012.3,0.0,11.0,,19.5,23.9,23.9,80,0.0,Cloudy,Overcast
2026-01-11T04:00,23.5,24.6,78,4.75,7,9.305555555555555,1012.5,0.1,9.8,,19.4,23.5,23.5,100,0.0,Light Rain,Light drizzle
2026-01-11T05:00,23.3,23.5,77,6.0,360,8.61111111111111,1012.6,0.3,9.4,,18.9,23.3,23.3,32,0.0,Light Rain,Light drizzle
2026-01-11T06:00,23.4,23.8,75,5.444444444444445,1,10.694444444444445,1013.4,0.0,12.75,,18.8,23.4,23.4,45,0.0,Partly Cloudy,Mainly clear
2026-01-11T07:00,22.3,23.8,88,4.805555555555555,4,9.694444444444445,1014.5,1.8,6.4,,20.3,22.3,22.3,95,31.0,Light Rain,Slight rain
2026-01-11T08:00,22.6,24.2,88,4.861111111111111,355,8.694444444444445,1015.6,1.4,7.2,,20.6,22.6,22.6,100,106.0,Light Rain,Slight rain
2026-01-11T09:00,23.7,25.8,86,4.75,4,9.388888888888888,1015.6,0.2,9.6,,21.3,23.7,23.7,100,169.0,Light Rain,Light drizzle
2026-01-11T10:00,24.9,26.5,80,5.638888888888889,17,10.611111111111112,1015.5,0.1,9.8,,21.3,24.9,24.9,100,266.0,Light Rain,Light drizzle
2026-01-11T11:00,26.3,28.3,74,4.75,14,11.5,1015.2,0.0,5,,21.3,26.3,26.3,100,332.0,Cloudy,Overcast
2026-01-11T12:00,27.6,30.5,69,3.9166666666666665,17,9.805555555555555,1014.4,0.0,12.45,,21.4,29.800722290897852,27.6,51,617.0,Partly Cloudy,Partly cloudy
2026-01-11T13:00,28.5,32.6,65,3.138888888888889,37,8.5,1013.1,0.0,14.15,,21.4,30.906639537111143,28.5,17,751.0,Sunny,Clear skies
2026-01-11T14:00,28.6,32.9,67,3.333333333333333,64,7.694444444444444,1012.2,0.1,9.8,,21.9,31.394054377475655,28.6,15,768.0,Light Rain,Light drizzle
2026-01-11T15:00,28.0,31.5,71,3.611111111111111,71,7.888888888888888,1011.7,0.0,14.75,,22.3,30.799996281777833,28.0,5,610.0,Sunny,Clear skies
2026-01-11T16:00,27.6,31.1,74,3.2499999999999996,65,8.0,1011.5,0.0,14.850000000000001,,22.6,30.375005817031226,27.6,3,423.0,Sunny,Clear skies
2026-01-11T17:00,27.0,31.1,80,3.083333333333333,43,6.888888888888889,1011.9,0.0,5,,23.4,29.740206061777844,27.0,98,210.0,Cloudy,Overcast
2026-01-11T18:00,25.9,30.1,87,3.083333333333333,56,5.611111111111111,1012.6,0.0,11.35,,23.5,25.9,25.9,73,30.0,Partly Cloudy,Partly cloudy
2026-01-11T19:00,25.9,29.7,86,3.6944444444444446,49,6.499999999999999,1013.5,0.0,5,,23.4,25.9,25.9,87,0.0,Cloudy,Overcast
2026-01-11T20:00,25.8,29.2,84,3.861111111111111,33,6.888888888888889,1014.2,0.0,11.45,,22.9,25.8,25.8,71,0.0,Partly Cloudy,Partly cloudy
2026-01-11T21:00,25.3,28.8,86,3.4444444444444446,22,6.805555555555555,1014.7,0.0,14.600000000000001,,22.8,25.3,25.3,8,0.0,Sunny,Clear skies
2026-01-11T22:00,24.9,27.7,85,4.194444444444445,12,7.388888888888889,1015.0,0.1,9.8,,22.1,24.9,24.9,38,0.0,Light Rain,Light drizzle
2026-01-11T23:00,24.5,26.6,86,5.361111111111112,12,9.11111111111111,1014.9,0.1,9.8,,22.0,24.5,24.5,12,0.0,Light Rain,Light drizzle
2026-01-12T00:00,24.2,26.3,87,5.333333333333333,13,9.61111111111111,1014.4,0.0,11.3,,22.0,24.2,24.2,74,0.0,Partly Cloudy,Partly cloudy
2026-01-12T01:00,24.0,26.1,87,5.027777777777778,10,9.5,1013.9,0.0,11.5,,21.7,24.0,24.0,70,0.0,Partly Cloudy,Partly cloudy
2026-01-12T02:00,23.9,25.7,86,5.194444444444444,7,9.194444444444445,1013.3,0.0,5,,21.3,23.9,23.9,100,0.0,Cloudy,Overcast
2026-01-12T03:00,23.8,25.4,84,5.027777777777778,10,9.388888888888888,1013.3,0.0,12.8,,20.8,23.8,23.8,44,0.0,Partly Cloudy,Mainly clear
2026-01-12T04:00,23.5,24.9,82,5.0,7,9.0,1013.6,0.0,5,,20.3,23.5,23.5,100,0.0,Cloudy,Overcast
2026-01-12T05:00,23.2,24.8,85,4.638888888888888,7,9.0,1013.9,0.0,12.95,,20.4,23.2,23.2,41,0.0,Partly Cloudy,Mainly clear
2026-01-12T06:00,23.3,25.1,84,4.305555555555555,5,8.305555555555555,1014.6,0.1,9.8,,20.4,23.3,23.3,36,0.0,Light Rain,Light drizzle
2026-01-12T07:00,23.6,25.4,83,4.361111111111111,5,8.11111111111111,1015.7,0.0,12.75,,20.4,23.6,23.6,45,41.0,Partly Cloudy,Mainly clear
2026-01-12T08:00,24.6,26.5,78,4.222222222222222,7,8.38888888888889,1016.7,0.0,13.7,,20.5,24.6,24.6,26,204.0,Partly Cloudy,Mainly clear
2026-01-12T09:00,25.9,27.9,74,4.222222222222222,14,8.88888888888889,1017.2,0.0,13.65,,20.8,25.9,25.9,27,430.0,Partly Cloudy,Mainly clear
2026-01-12T10:00,27.2,29.6,70,4.611111111111112,21,9.61111111111111,1016.6,0.0,14.100000000000001,,21.3,29.197739472195558,27.2,18,609.0,Sunny,Clear skies
2026-01-12T11:00,28.3,31.3,66,4.972222222222221,36,10.805555555555555,1016.4,0.0,11.15,,21.2,30.68630723525122,28.3,77,765.0,Partly Cloudy,Partly cloudy
2026-01-12T12:00,28.8,32.5,64,4.277777777777778,48,10.388888888888888,1015.0,0.0,13.65,,21.4,31.30179953763562,28.8,27,803.0,Partly Cloudy,Mainly clear
2026-01-12T13:00,28.7,32.5,66,4.611111111111112,66,9.88888888888889,1014.3,0.0,13.85,,21.8,31.429279656051122,28.7,23,820.0,Partly Cloudy,Mainly clear
2026-01-12T14:00,28.3,31.6,71,5.333333333333333,66,11.11111111111111,1013.2,0.0,5,,22.4,31.40767859801777,28.3,93,741.0,Cloudy,Overcast
2026-01-12T15:00,28.4,30.2,69,6.111111111111111,44,12.11111111111111,1012.8,0.0,13.95,,22.1,31.308852204497814,28.4,21,534.0,Partly Cloudy,Mainly clear
2026-01-12T16:00,28.0,30.0,70,5.555555555555555,43,12.305555555555554,1012.9,0.2,9.6,,22.0,30.666452199555515,28.0,39,400.0,Light Rain,Light drizzle
2026-01-12T17:00,27.1,30.1,77,4.305555555555555,38,10.694444444444445,1013.4,6.8,0.1,,22.7,29.669262345164498,27.1,14,175.0,Light Rain,Moderate rain
2026-01-12T18:00,25.8,29.3,81,3.0,24,8.0,1014.4,0.0,14.45,,22.3,25.8,25.8,11,28.0,Sunny,Clear skies
2026-01-12T19:00,25.4,28.0,84,5.027777777777778,31,8.5,1015.2,0.0,11.85,,22.5,25.4,25.4,63,0.0,Partly Cloudy,Partly cloudy
2026-01-12T20:00,24.6,27.1,87,4.833333333333333,24,10.0,1016.1,0.0,5,,22.2,24.6,24.6,100,0.0,Cloudy,Overcast
2026-01-12T21:00,24.3,26.9,88,4.611111111111112,19,8.5,1017.2,0.0,5,,22.1,24.3,24.3,100,0.0,Cloudy,Overcast
2026-01-12T22:00,23.7,26.4,90,4.111111111111112,10,8.305555555555555,1017.2,0.2,9.6,,21.9,23.7,23.7,100,0.0,Light Rain,Light drizzle
2026-01-12T23:00,23.9,26.9,92,4.305555555555555,9,7.388888888888889,1016.7,0.2,9.6,,22.5,23.9,23.9,99,0.0,Light Rain,Light drizzle
2026-01-13T00:00,23.8,26.4,92,5.027777777777778,9,9.0,1016.2,0.1,9.8,,22.5,23.8,23.8,68,0.0,Light Rain,Light drizzle
2026-01-13T01:00,23.5,26.2,93,4.611111111111112,3,8.694444444444445,1015.5,0.0,5,,22.4,23.5,23.5,99,0.0,Cloudy,Overcast
2026-01-13T02:00,23.4,25.9,92,4.694444444444444,2,8.38888888888889,1014.9,0.1,9.8,,22.1,23.4,23.4,100,0.0,Light Rain,Light drizzle
2026-01-13T03:00,23.4,25.6,91,5.083333333333333,6,8.694444444444445,1014.4,0.3,9.4,,21.9,23.4,23.4,100,0.0,Light Rain,Light drizzle
2026-01-13T04:00,23.2,25.7,93,4.833333333333333,5,9.194444444444445,1014.6,0.5,9.0,,22.1,23.2,23.2,72,0.0,Light Rain,Moderate drizzle
2026-01-13T05:00,23.2,25.7,92,4.666666666666667,4,8.88888888888889,1014.8,0.1,9.8,,21.9,23.2,23.2,100,0.0,Light Rain,Light drizzle
2026-01-13T06:00,23.5,26.0,90,4.361111111111111,5,8.194444444444445,1015.8,0.0,5,,21.8,23.5,23.5,100,0.0,Cloudy,Overcast
2026-01-13T07:00,23.7,26.0,89,4.777777777777778,10,8.5,1016.7,0.0,5,,21.8,23.7,23.7,86,19.0,Cloudy,Overcast
2026-01-13T08:00,24.6,26.3,84,6.027777777777778,16,11.11111111111111,1017.6,0.0,5,,21.8,24.6,24.6,99,166.0,Cloudy,Overcast
2026-01-13T09:00,25.5,27.1,80,6.111111111111111,25,12.194444444444443,1018.0,0.1,9.8,,21.7,25.5,25.5,92,343.0,Light Rain,Light drizzle
2026-01-13T10:00,25.8,27.8,78,5.361111111111112,31,11.888888888888888,1018.0,0.1,9.8,,21.8,25.8,25.8,100,320.0,Light Rain,Light drizzle
2026-01-13T11:00,26.6,29.0,76,4.972222222222221,28,10.611111111111112,1017.3,0.4,9.2,,22.0,26.6,26.6,44,436.0,Light Rain,Light drizzle
2026-01-13T12:00,26.1,29.5,79,3.7777777777777777,31,10.305555555555555,1016.3,0.1,9.8,,22.2,26.1,26.1,37,616.0,Light Rain,Light drizzle
2026-01-13T13:00,27.6,31.8,76,3.6666666666666665,46,8.305555555555555,1015.0,0.0,13.45,,22.9,30.616888642115825,27.6,31,664.0,Partly Cloudy,Mainly clear
2026-01-13T14:00,27.5,30.3,72,5.166666666666667,30,11.11111111111111,1013.8,0.1,9.8,,22.1,29.947589581944598,27.5,39,661.0,Light Rain,Light drizzle
2026-01-13T15:00,27.2,29.4,75,5.611111111111111,22,11.11111111111111,1012.9,0.1,9.8,,22.3,29.677083454151102,27.2,20,567.0,Light Rain,Light drizzle
2026-01-13T16:00,27.0,28.7,71,5.277777777777778,13,11.5,1013.1,0.0,14.2,,21.3,28.939056981777714,27.0,16,414.0,Sunny,Clear skies
2026-01-13T17:00,27.2,29.6,72,4.361111111111111,16,10.388888888888888,1013.2,0.0,5,,21.6,29.38553160092445,27.2,99,200.0,Cloudy,Overcast
2026-01-13T18:00,26.3,28.8,76,4.416666666666667,12,8.0,1013.7,0.0,5,,21.7,26.3,26.3,99,16.0,Cloudy,Overcast
2026-01-13T19:00,25.7,28.5,79,3.888888888888889,7,7.888888888888888,1014.8,0.0,12.4,,21.8,25.7,25.7,52,0.0,Partly Cloudy,Partly cloudy
2026-01-13T20:00,25.0,28.0,83,3.3888888888888884,2,7.0,1015.7,0.0,5,,21.9,25.0,25.0,84,0.0,Cloudy,Overcast
2026-01-13T21:00,24.6,27.9,85,2.972222222222222,353,6.0,1016.1,0.0,12.8,,21.9,24.6,24.6,44,0.0,Partly Cloudy,Mainly clear
2026-01-13T22:00,24.3,27.5,86,3.1111111111111107,6,5.388888888888888,1016.0,0.0,13.45,,21.8,24.3,24.3,31,0.0,Partly Cloudy,Mainly clear
2026-01-13T23:00,24.5,27.7,87,3.416666666666667,8,5.694444444444445,1015.9,0.0,12.4,,22.1,24.5,24.5,52,0.0,Partly Cloudy,Partly cloudy
2026-01-14T00:00,24.2,27.4,88,3.3055555555555554,4,6.0,1015.2,0.0,14.15,,22.0,24.2,24.2,17,0.0,Sunny,Clear skies
2026-01-14T01:00,23.7,27.1,89,2.9166666666666665,357,5.694444444444445,1014.4,0.0,14.2,,21.9,23.7,23.7,16,0.0,Sunny,Clear skies
2026-01-14T02:00,23.3,26.6,91,2.861111111111111,353,5.0,1013.7,0.0,14.25,,21.8,23.3,23.3,15,0.0,Sunny,Clear skies
2026-01-14T03:00,23.1,26.3,92,3.0,349,5.305555555555556,1013.5,0.0,14.350000000000001,,21.8,23.1,23.1,13,0.0,Sunny,Clear skies
2026-01-14T04:00,22.9,26.2,93,2.7777777777777777,351,5.194444444444444,1013.7,0.0,13.05,,21.7,22.9,22.9,39,0.0,Partly Cloudy,Mainly clear
2026-01-14T05:00,22.9,26.3,93,2.6666666666666665,347,5.194444444444444,1014.0,0.0,13.3,,21.7,22.9,22.9,34,0.0,Partly Cloudy,Mainly clear
2026-01-14T06:00,23.1,26.4,92,2.7777777777777777,353,4.888888888888889,1014.6,0.0,12.25,,21.7,23.1,23.1,55,0.0,Partly Cloudy,Partly cloudy
2026-01-14T07:00,23.7,26.9,89,3.194444444444444,359,5.805555555555555,1015.7,0.0,11.3,,21.9,23.7,23.7,74,43.0,Partly Cloudy,Partly cloudy
2026-01-14T08:00,25.0,28.1,84,3.6666666666666665,11,7.5,1016.5,0.0,11.05,,22.2,25.0,25.0,79,229.0,Partly Cloudy,Partly cloudy
2026-01-14T09:00,26.2,29.1,80,4.194444444444445,25,8.805555555555555,1016.7,0.0,14.45,,22.4,26.2,26.2,11,452.0,Sunny,Clear skies
2026-01-14T10:00,27.2,30.5,74,4.25,32,9.305555555555555,1016.4,0.0,14.2,,22.1,29.57858434839106,27.2,16,638.0,Sunny,Clear skies
2026-01-14T11:00,28.0,31.8,68,4.083333333333333,39,9.305555555555555,1015.8,0.0,14.5,,21.7,30.40584262044447,28.0,10,777.0,Sunny,Clear skies
2026-01-14T12:00,28.6,33.1,67,3.75,54,9.0,1014.4,0.0,14.65,,21.9,31.394054377475655,28.6,7,856.0,Sunny,Clear skies
2026-01-14T13:00,28.4,33.5,72,3.861111111111111,73,9.0,1013.3,0.0,13.5,,22.9,31.77240044876451,28.4,30,858.0,Partly Cloudy,Mainly clear
2026-01-14T14:00,27.7,32.2,77,4.555555555555555,77,9.805555555555555,1012.1,0.0,11.65,,23.3,30.96287833012453,27.7,67,775.0,Partly Cloudy,Partly cloudy
2026-01-14T15:00,27.7,30.8,76,4.777777777777778,70,9.88888888888889,1011.6,0.0,13.4,,23.1,30.83364106929557,27.7,32,569.0,Partly Cloudy,Mainly clear
2026-01-14T16:00,27.3,30.4,79,4.944444444444445,68,10.194444444444445,1011.4,0.0,14.850000000000001,,23.3,30.30715954843567,27.3,3,428.0,Sunny,Clear skies
2026-01-14T17:00,26.9,30.4,81,4.166666666666667,71,9.88888888888889,1011.5,0.0,14.8,,23.3,29.608555705004328,26.9,4,211.0,Sunny,Clear skies
2026-01-14T18:00,26.2,29.8,84,3.8333333333333335,62,7.888888888888888,1012.3,0.0,14.95,,23.2,26.2,26.2,1,33.0,Sunny,Clear skies
2026-01-14T19:00,26.1,29.5,83,4.111111111111112,56,7.305555555555555,1013.4,0.0,14.95,,23.0,26.1,26.1,1,0.0,Sunny,Clear skies
2026-01-14T20:00,25.8,28.9,82,3.9166666666666665,48,7.305555555555555,1014.4,0.0,14.95,,22.4,25.8,25.8,1,0.0,Sunny,Clear skies
2026-01-14T21:00,25.3,28.5,84,3.6666666666666665,40,6.888888888888889,1014.7,0.0,15.0,,22.3,25.3,25.3,0,0.0,Sunny,Clear skies
2026-01-14T22:00,24.8,28.0,86,3.4722222222222223,35,6.388888888888888,1014.6,0.0,15.0,,22.3,24.8,24.8,0,0.0,Sunny,Clear skies
2026-01-14T23:00,24.5,28.0,89,3.3055555555555554,39,6.194444444444445,1014.4,0.0,15.0,,22.5,24.5,24.5,0,0.0,Sunny,Clear skies
2026-01-15T00:00,24.3,28.1,91,3.0555555555555554,41,5.805555555555555,1013.8,0.0,15.0,,22.8,24.3,24.3,0,0.0,Sunny,Clear skies
2026-01-15T01:00,24.0,28.0,94,2.888888888888889,36,5.305555555555556,1013.1,0.0,14.850000000000001,,22.9,24.0,24.0,3,0.0,Sunny,Clear skies
2026-01-15T02:00,23.7,27.7,94,2.694444444444444,27,5.0,1012.5,0.0,13.7,,22.8,23.7,23.7,26,0.0,Partly Cloudy,Mainly clear
2026-01-15T03:00,23.5,27.4,95,2.611111111111111,23,4.694444444444444,1012.1,0.0,13.3,,22.6,23.5,23.5,34,0.0,Partly Cloudy,Mainly clear
2026-01-15T04:00,23.3,27.2,95,2.4166666666666665,21,4.5,1012.2,0.0,12.75,,22.4,23.3,23.3,45,0.0,Partly Cloudy,Mainly clear
2026-01-15T05:00,23.1,26.9,96,2.4166666666666665,4,4.194444444444445,1012.6,0.0,13.3,,22.3,23.1,23.1,34,0.0,Partly Cloudy,Mainly clear
2026-01-15T06:00,22.9,26.6,95,2.5,350,4.388888888888889,1013.3,0.0,12.95,,22.1,22.9,22.9,41,0.0,Partly Cloudy,Mainly clear
2026-01-15T07:00,23.6,26.9,92,3.2499999999999996,351,6.305555555555555,1014.3,0.0,12.45,,22.2,23.6,23.6,51,40.0,Partly Cloudy,Partly cloudy
2026-01-15T08:00,24.9,28.1,86,3.8333333333333335,7,7.888888888888888,1015.1,0.0,13.05,,22.5,24.9,24.9,39,220.0,Partly Cloudy,Mainly clear
2026-01-15T09:00,26.3,29.3,78,3.944444444444444,26,8.38888888888889,1015.5,0.0,13.7,,22.2,26.3,26.3,26,426.0,Partly Cloudy,Mainly clear
2026-01-15T10:00,27.1,30.1,73,4.194444444444445,41,9.11111111111111,1015.1,0.0,14.4,,21.8,29.294085455795692,27.1,12,610.0,Sunny,Clear skies
2026-01-15T11:00,27.8,31.3,69,4.333333333333333,49,9.61111111111111,1014.6,0.0,14.65,,21.5,30.1629650678577,27.8,7,778.0,Sunny,Clear skies
2026-01-15T12:00,28.1,31.8,66,4.416666666666667,55,9.805555555555555,1013.4,0.0,14.9,,21.2,30.32898858797118,28.1,2,858.0,Sunny,Clear skies
2026-01-15T13:00,28.1,32.3,69,4.333333333333333,64,9.805555555555555,1012.1,0.0,14.850000000000001,,21.9,30.72481636009782,28.1,3,865.0,Sunny,Clear skies
2026-01-15T14:00,27.9,31.6,69,4.361111111111111,70,9.694444444444445,1010.8,0.0,14.7,,21.7,30.347783881697765,27.9,6,782.0,Sunny,Clear skies
2026-01-15T15:00,27.8,30.7,71,4.75,69,9.805555555555555,1010.3,0.0,14.9,,22.0,30.40754153921777,27.8,2,632.0,Sunny,Clear skies
2026-01-15T16:00,27.4,30.0,74,4.944444444444445,74,10.0,1010.3,0.0,15.0,,22.5,29.971525281031088,27.4,0,444.0,Sunny,Clear skies
2026-01-15T17:00,26.9,28.6,71,5.277777777777778,75,9.805555555555555,1010.5,0.0,15.0,,21.3,28.766896533537704,26.9,0,225.0,Sunny,Clear skies
2026-01-15T18:00,26.3,28.2,71,4.361111111111111,66,9.805555555555555,1011.3,0.0,15.0,,20.7,26.3,26.3,0,36.0,Sunny,Clear skies
2026-01-15T19:00,26.0,27.9,70,3.8055555555555554,60,7.805555555555555,1012.1,0.0,13.75,,20.1,26.0,26.0,25,0.0,Partly Cloudy,Mainly clear
2026-01-15T20:00,25.6,27.7,74,3.9166666666666665,51,6.805555555555555,1012.9,0.0,13.25,,20.6,25.6,25.6,35,0.0,Partly Cloudy,Mainly clear
2026-01-15T21:00,25.2,27.6,80,4.333333333333333,50,7.5,1013.4,0.0,14.8,,21.5,25.2,25.2,4,0.0,Sunny,Clear skies
2026-01-15T22:00,24.8,27.4,84,4.416666666666667,46,7.805555555555555,1013.7,0.0,15.0,,21.9,24.8,24.8,0,0.0,Sunny,Clear skies
2026-01-15T23:00,24.7,27.5,87,4.361111111111111,48,7.694444444444444,1013.6,0.0,15.0,,22.4,24.7,24.7,0,0.0,Sunny,Clear skies
2026-01-16T00:00,24.4,27.4,89,4.277777777777778,47,7.694444444444444,1013.0,0.0,15.0,,22.6,24.4,24.4,0,0.0,Sunny,Clear skies
2026-01-16T01:00,24.3,27.2,88,3.9722222222222223,46,7.611111111111111,1012.8,0.0,14.9,,22.1,24.3,24.3,2,0.0,Sunny,Clear skies
2026-01-16T02:00,24.1,26.9,86,3.611111111111111,45,7.0,1012.2,0.0,13.95,,21.7,24.1,24.1,21,0.0,Partly Cloudy,Mainly clear
2026-01-16T03:00,23.9,26.8,87,3.3888888888888884,38,6.305555555555555,1012.1,0.0,12.2,,21.6,23.9,23.9,56,0.0,Partly Cloudy,Partly cloudy
2026-01-16T04:00,23.4,26.5,89,2.972222222222222,22,5.888888888888888,1012.7,0.0,12.0,,21.5,23.4,23.4,60,0.0,Partly Cloudy,Partly cloudy
2026-01-16T05:00,22.8,26.2,94,2.75,3,5.194444444444444,1013.1,0.0,11.45,,21.9,22.8,22.8,71,0.0,Partly Cloudy,Partly cloudy
2026-01-16T06:00,22.5,25.8,95,2.9166666666666665,347,5.194444444444444,1013.7,0.0,5,,21.7,22.5,22.5,93,0.0,Cloudy,Overcast
2026-01-16T07:00,23.0,26.1,92,3.138888888888889,346,6.194444444444445,1014.7,0.0,5,,21.7,23.0,23.0,90,44.0,Cloudy,Overcast
2026-01-16T08:00,24.6,27.9,86,3.3055555555555554,360,6.888888888888889,1015.4,0.0,13.5,,22.1,24.6,24.6,30,232.0,Partly Cloudy,Mainly clear
2026-01-16T09:00,26.0,28.6,78,4.194444444444445,23,8.805555555555555,1015.5,0.1,9.8,,21.8,26.0,26.0,41,444.0,Light Rain,Light drizzle
2026-01-16T10:00,27.1,29.7,70,4.527777777777778,36,9.805555555555555,1015.3,0.1,9.8,,21.2,29.025396902415594,27.1,10,638.0,Light Rain,Light drizzle
2026-01-16T11:00,27.9,30.5,63,4.638888888888888,41,9.88888888888889,1014.6,0.0,14.350000000000001,,20.2,29.632936432684573,27.9,13,772.0,Sunny,Clear skies
2026-01-16T12:00,28.3,31.3,61,4.666666666666667,52,10.305555555555555,1013.5,0.0,13.45,,20.1,30.026780984595675,28.3,31,831.0,Partly Cloudy,Mainly clear
2026-01-16T13:00,28.2,30.8,63,4.833333333333333,67,10.388888888888888,1012.5,0.1,9.8,,20.5,30.117227239804485,28.2,27,748.0,Light Rain,Light drizzle
2026-01-16T14:00,27.8,29.9,65,5.027777777777778,79,10.499999999999998,1011.5,0.1,9.8,,20.6,29.697203661351036,27.8,52,660.0,Light Rain,Light drizzle
2026-01-16T15:00,27.6,28.6,63,5.638888888888889,79,11.38888888888889,1011.0,0.0,12.95,,19.9,29.1689521570846,27.6,41,575.0,Partly Cloudy,Mainly clear
2026-01-16T16:00,27.2,27.1,61,6.555555555555555,75,12.694444444444445,1010.7,0.0,14.5,,19.0,28.417775049795512,27.2,10,408.0,Sunny,Clear skies
2026-01-16T17:00,26.3,27.4,73,6.416666666666667,71,13.11111111111111,1011.0,0.0,14.350000000000001,,21.0,26.3,26.3,13,194.0,Sunny,Clear skies
2026-01-16T18:00,26.0,27.2,73,5.833333333333333,62,12.11111111111111,1011.5,0.0,14.850000000000001,,20.8,26.0,26.0,3,35.0,Sunny,Clear skies
2026-01-16T19:00,25.8,27.0,74,5.777777777777778,55,10.611111111111112,1012.4,0.0,14.9,,20.8,25.8,25.8,2,0.0,Sunny,Clear skies
2026-01-16T20:00,25.6,27.0,75,5.277777777777778,53,10.499999999999998,1012.8,0.0,14.95,,20.7,25.6,25.6,1,0.0,Sunny,Clear skies
2026-01-16T21:00,25.3,27.2,78,4.944444444444445,54,9.388888888888888,1013.3,0.0,15.0,,21.2,25.3,25.3,0,0.0,Sunny,Clear skies
2026-01-16T22:00,25.2,26.8,76,4.833333333333333,55,8.805555555555555,1013.3,0.0,15.0,,20.7,25.2,25.2,0,0.0,Sunny,Clear skies
2026-01-16T23:00,24.8,26.3,76,4.888888888888889,50,8.805555555555555,1012.8,0.0,15.0,,20.4,24.8,24.8,0,0.0,Sunny,Clear skies
2026-01-17T00:00,24.6,26.5,79,4.361111111111111,49,8.694444444444445,1012.7,0.0,15.0,,20.8,24.6,24.6,0,0.0,Sunny,Clear skies
2026-01-17T01:00,24.2,26.6,82,3.75,45,7.805555555555555,1012.2,0.0,14.75,,20.9,24.2,24.2,5,0.0,Sunny,Clear skies
2026-01-17T02:00,23.7,26.2,84,3.416666666666667,35,6.611111111111111,1011.6,0.0,13.85,,20.8,23.7,23.7,23,0.0,Partly Cloudy,Mainly clear
2026-01-17T03:00,23.1,25.8,87,3.1111111111111107,15,5.888888888888888,1011.3,0.0,14.2,,20.9,23.1,23.1,16,0.0,Sunny,Clear skies
2026-01-17T04:00,22.1,24.6,93,3.416666666666667,346,5.888888888888888,1011.7,0.0,14.65,,20.8,22.1,22.1,7,0.0,Sunny,Clear skies
2026-01-17T05:00,21.7,23.8,93,3.888888888888889,337,6.388888888888888,1011.9,0.0,14.95,,20.6,21.7,21.7,1,0.0,Sunny,Clear skies
2026-01-17T06:00,21.7,23.7,93,3.8333333333333335,340,7.0,1012.7,0.0,14.95,,20.4,21.7,21.7,1,0.0,Sunny,Clear skies
2026-01-17T07:00,22.1,24.3,90,3.611111111111111,340,6.888888888888889,1013.9,0.0,15.0,,20.4,22.1,22.1,0,47.0,Sunny,Clear skies
2026-01-17T08:00,23.8,26.0,83,3.8333333333333335,349,7.805555555555555,1014.8,0.0,14.95,,20.7,23.8,23.8,1,249.0,Sunny,Clear skies
2026-01-17T09:00,25.5,27.3,74,4.361111111111111,10,9.194444444444445,1015.2,0.0,14.95,,20.5,25.5,25.5,1,478.0,Sunny,Clear skies
2026-01-17T10:00,26.7,28.6,66,4.694444444444444,23,10.11111111111111,1014.7,0.0,14.8,,19.9,28.092219235251104,26.7,4,662.0,Sunny,Clear skies
2026-01-17T11:00,27.6,29.4,56,4.861111111111111,30,10.194444444444445,1014.1,0.0,13.4,,18.1,28.510988196071246,27.6,32,810.0,Partly Cloudy,Mainly clear
2026-01-17T12:00,28.4,30.0,52,4.916666666666666,33,10.499999999999998,1012.9,0.0,12.85,,17.6,29.12038584307565,28.4,43,843.0,Partly Cloudy,Mainly clear
2026-01-17T13:00,28.8,30.1,50,4.722222222222222,39,10.499999999999998,1011.4,0.0,12.3,,17.2,29.40332492908447,28.8,54,804.0,Partly Cloudy,Partly cloudy
2026-01-17T14:00,29.1,30.1,47,4.5,46,10.194444444444445,1010.3,0.0,12.95,,16.6,29.431220657431204,29.1,41,750.0,Partly Cloudy,Mainly clear
2026-01-17T15:00,28.9,29.2,47,4.472222222222222,57,9.694444444444445,1009.4,0.0,14.75,,16.4,29.190648682231124,28.9,5,628.0,Sunny,Clear skies
2026-01-17T16:00,27.5,27.7,55,5.0,83,10.0,1009.2,0.0,14.850000000000001,,17.8,28.30425060555552,27.5,3,456.0,Sunny,Clear skies
2026-01-17T17:00,26.1,26.9,66,5.055555555555555,87,10.388888888888888,1009.3,0.0,14.9,,19.2,26.1,26.1,2,232.0,Sunny,Clear skies
2026-01-17T18:00,25.4,26.6,72,4.972222222222221,75,9.61111111111111,1009.7,0.0,14.9,,20.0,25.4,25.4,2,38.0,Sunny,Clear skies
2026-01-17T19:00,25.6,26.6,71,5.472222222222222,60,9.805555555555555,1010.4,0.0,14.9,,20.0,25.6,25.6,2,0.0,Sunny,Clear skies
2026-01-17T20:00,25.4,26.7,74,5.249999999999999,57,9.805555555555555,1011.3,0.0,15.0,,20.3,25.4,25.4,0,0.0,Sunny,Clear skies
2026-01-17T21:00,25.1,26.8,78,4.861111111111111,54,9.305555555555555,1012.1,0.0,15.0,,20.9,25.1,25.1,0,0.0,Sunny,Clear skies
2026-01-17T22:00,24.9,26.5,76,4.777777777777778,53,8.61111111111111,1012.2,0.0,15.0,,20.4,24.9,24.9,0,0.0,Sunny,Clear skies
2026-01-17T23:00,24.8,26.3,74,4.25,52,8.38888888888889,1012.1,0.0,15.0,,19.8,24.8,24.8,0,0.0,Sunny,Clear skies
2026-01-18T00:00,24.7,26.3,73,3.8055555555555554,52,7.611111111111111,1011.7,0.0,14.8,,19.5,24.7,24.7,4,0.0,Sunny,Clear skies
2026-01-18T01:00,24.3,26.2,74,3.1111111111111107,45,6.694444444444445,1011.2,0.0,13.1,,19.4,24.3,24.3,38,0.0,Partly Cloudy,Mainly clear
2026-01-18T02:00,23.5,25.8,79,2.694444444444444,24,5.5,1010.9,0.0,11.35,,19.6,23.5,23.5,73,0.0,Partly Cloudy,Partly cloudy
2026-01-18T03:00,22.5,24.8,84,2.6666666666666665,351,4.694444444444444,1010.7,0.0,11.5,,19.7,22.5,22.5,70,0.0,Partly Cloudy,Partly cloudy
2026-01-18T04:00,21.7,23.4,84,3.0,330,5.194444444444444,1010.9,0.0,11.15,,18.8,21.7,21.7,77,0.0,Partly Cloudy,Partly cloudy
2026-01-18T05:00,21.4,23.3,88,3.0277777777777777,333,5.388888888888888,1011.1,0.0,11.8,,19.3,21.4,21.4,64,0.0,Partly Cloudy,Partly cloudy
2026-01-18T06:00,21.4,23.4,88,2.972222222222222,335,5.305555555555556,1011.7,0.0,11.6,,19.3,21.4,21.4,68,0.0,Partly Cloudy,Partly cloudy
2026-01-18T07:00,22.0,24.0,86,3.194444444444444,337,5.611111111111111,1012.4,0.0,12.5,,19.6,22.0,22.0,50,47.0,Partly Cloudy,Partly cloudy
2026-01-18T08:00,24.1,26.2,78,3.194444444444444,350,6.694444444444445,1013.1,0.0,11.95,,20.0,24.1,24.1,61,248.0,Partly Cloudy,Partly cloudy
2026-01-18T09:00,25.7,27.7,71,3.5,4,7.805555555555555,1013.3,0.0,12.6,,19.9,25.7,25.7,48,476.0,Partly Cloudy,Mainly clear
2026-01-18T10:00,26.9,29.3,64,3.5833333333333335,27,8.194444444444445,1013.0,0.0,12.2,,19.5,28.237006062575524,26.9,56,674.0,Partly Cloudy,Partly cloudy
2026-01-18T11:00,27.9,30.6,58,3.888888888888889,36,8.61111111111111,1012.3,0.0,13.65,,18.8,29.093728513295567,27.9,27,820.0,Partly Cloudy,Mainly clear
2026-01-18T12:00,28.5,31.2,53,3.7222222222222223,44,9.0,1011.2,0.0,13.9,,18.1,29.358706111777874,28.5,22,861.0,Partly Cloudy,Mainly clear
2026-01-18T13:00,29.1,31.5,48,3.5,66,8.61111111111111,1009.7,0.0,14.2,,17.1,29.547723772451164,29.1,16,850.0,Sunny,Clear skies
2026-01-18T14:00,28.2,29.8,54,4.666666666666667,93,10.0,1008.6,0.0,13.8,,18.1,29.07744332572439,28.2,24,759.0,Partly Cloudy,Mainly clear
2026-01-18T15:00,27.4,27.6,57,6.0,93,11.805555555555555,1008.0,0.0,5,,18.1,28.348457992231047,27.4,100,640.0,Cloudy,Overcast
2026-01-18T16:00,26.8,26.5,61,6.666666666666666,85,12.999999999999998,1008.1,0.0,5,,18.7,27.898249344195474,26.8,84,437.0,Cloudy,Overcast
2026-01-18T17:00,25.8,25.9,67,6.361111111111111,80,12.888888888888888,1008.4,0.0,13.1,,19.2,25.8,25.8,38,233.0,Partly Cloudy,Mainly clear
2026-01-18T18:00,25.5,26.1,69,5.638888888888889,70,12.0,1009.1,0.0,14.9,,19.4,25.5,25.5,2,38.0,Sunny,Clear skies
2026-01-18T19:00,25.6,26.6,68,4.805555555555555,70,10.194444444444445,1010.1,0.0,14.95,,19.3,25.6,25.6,1,0.0,Sunny,Clear skies
2026-01-18T20:00,25.4,26.9,69,4.055555555555555,70,8.61111111111111,1011.2,0.0,14.95,,19.4,25.4,25.4,1,0.0,Sunny,Clear skies
2026-01-18T21:00,25.1,27.2,73,3.333333333333333,68,7.111111111111112,1012.1,0.0,12.05,,19.9,25.1,25.1,59,0.0,Partly Cloudy,Partly cloudy
2026-01-18T22:00,24.6,27.4,77,2.4166666666666665,63,5.805555555555555,1012.7,0.0,14.600000000000001,,20.3,24.6,24.6,8,0.0,Sunny,Clear skies
2026-01-18T23:00,23.7,27.1,82,1.472222222222222,35,4.194444444444445,1012.9,0.0,14.350000000000001,,20.5,23.7,23.7,13,0.0,Sunny,Clear skies
2026-01-19T00:00,22.9,26.4,87,1.3055555555555556,351,2.388888888888889,1012.5,0.0,14.600000000000001,,20.6,22.9,22.9,8,0.0,Sunny,Clear skies
2026-01-19T01:00,22.5,25.7,88,1.6666666666666665,333,3.0,1012.2,0.0,14.3,,20.4,22.5,22.5,14,0.0,Sunny,Clear skies
2026-01-19T02:00,22.1,24.5,85,2.2777777777777777,328,3.888888888888889,1011.7,0.0,14.55,,19.5,22.1,22.1,9,0.0,Sunny,Clear skies
2026-01-19T03:00,21.8,23.9,84,2.3333333333333335,326,4.194444444444445,1011.5,0.0,14.9,,19.0,21.8,21.8,2,0.0,Sunny,Clear skies
2026-01-19T04:00,21.6,23.7,85,2.2222222222222223,332,4.0,1011.7,0.0,14.95,,18.9,21.6,21.6,1,0.0,Sunny,Clear skies
2026-01-19T05:00,21.5,23.4,86,2.833333333333333,346,4.194444444444445,1011.8,0.0,14.95,,19.1,21.5,21.5,1,0.0,Sunny,Clear skies
2026-01-19T06:00,21.6,23.5,86,2.8055555555555554,350,5.111111111111111,1012.2,0.0,15.0,,19.1,21.6,21.6,0,0.0,Sunny,Clear skies
2026-01-19T07:00,22.3,24.4,84,2.861111111111111,344,5.0,1013.2,0.0,15.0,,19.5,22.3,22.3,0,47.0,Sunny,Clear skies
2026-01-19T08:00,24.1,26.4,76,2.694444444444444,356,6.0,1014.1,0.0,15.0,,19.7,24.1,24.1,0,246.0,Sunny,Clear skies
2026-01-19T09:00,25.7,28.0,69,2.611111111111111,18,6.499999999999999,1014.6,0.0,15.0,,19.6,25.7,25.7,0,473.0,Sunny,Clear skies
2026-01-19T10:00,26.8,29.6,63,2.7222222222222223,36,7.0,1014.2,0.0,14.850000000000001,,19.2,28.030937131804492,26.8,3,673.0,Sunny,Clear skies
2026-01-19T11:00,27.9,31.2,59,2.944444444444444,40,7.5,1013.4,0.0,12.75,,19.1,29.197461130764566,27.9,45,793.0,Partly Cloudy,Mainly clear
2026-01-19T12:00,28.2,31.3,57,3.0277777777777777,61,7.5,1012.2,0.0,13.7,,18.9,29.402715261991148,28.2,26,779.0,Partly Cloudy,Mainly clear
2026-01-19T13:00,27.6,29.8,60,4.666666666666667,87,10.11111111111111,1011.2,0.0,12.95,,19.1,28.876536675537903,27.6,41,787.0,Partly Cloudy,Mainly clear
2026-01-19T14:00,27.9,30.1,58,4.222222222222222,83,10.499999999999998,1009.9,0.0,12.45,,18.9,29.093728513295567,27.9,51,749.0,Partly Cloudy,Partly cloudy
2026-01-19T15:00,28.2,29.7,59,4.722222222222222,84,9.805555555555555,1009.5,0.0,14.600000000000001,,19.5,29.631409164924474,28.2,8,618.0,Sunny,Clear skies
2026-01-19T16:00,26.8,27.1,65,6.499999999999999,88,12.999999999999998,1009.5,0.0,14.5,,19.7,28.16718303575128,26.8,10,452.0,Sunny,Clear skies
2026-01-19T17:00,26.0,27.1,68,4.944444444444445,81,12.805555555555555,1009.8,0.0,14.8,,19.7,26.0,26.0,4,233.0,Sunny,Clear skies
2026-01-19T18:00,25.4,26.4,69,4.944444444444445,74,9.5,1010.4,0.0,14.8,,19.3,25.4,25.4,4,38.0,Sunny,Clear skies
2026-01-19T19:00,25.4,26.6,71,4.944444444444445,72,9.305555555555555,1011.1,0.0,14.9,,19.8,25.4,25.4,2,0.0,Sunny,Clear skies
2026-01-19T20:00,25.4,27.4,72,3.5277777777777777,74,8.88888888888889,1012.3,0.0,14.8,,20.0,25.4,25.4,4,0.0,Sunny,Clear skies
2026-01-19T21:00,24.9,28.1,78,2.0,65,6.305555555555555,1013.1,0.0,14.55,,20.9,24.9,24.9,9,0.0,Sunny,Clear skies
2026-01-19T22:00,24.3,27.9,83,1.5833333333333333,49,3.5,1013.1,0.0,14.15,,21.2,24.3,24.3,17,0.0,Sunny,Clear skies
2026-01-19T23:00,24.5,27.5,81,2.8055555555555554,51,2.888888888888889,1012.9,0.0,14.3,,21.1,24.5,24.5,14,0.0,Sunny,Clear skies
2026-01-20T00:00,24.4,27.4,81,2.4722222222222223,36,5.111111111111111,1012.5,0.0,14.8,,20.8,24.4,24.4,4,0.0,Sunny,Clear skies
2026-01-20T01:00,23.7,26.8,84,2.1944444444444446,13,4.305555555555555,1012.3,0.0,14.600000000000001,,20.9,23.7,23.7,8,0.0,Sunny,Clear skies
2026-01-20T02:00,22.9,26.2,88,2.0,357,3.8055555555555554,1011.8,0.0,14.100000000000001,,20.9,22.9,22.9,18,0.0,Sunny,Clear skies
2026-01-20T03:00,22.4,25.4,89,2.2222222222222223,344,3.888888888888889,1011.7,0.0,14.2,,20.5,22.4,22.4,16,0.0,Sunny,Clear skies
2026-01-20T04:00,22.0,24.5,88,2.638888888888889,346,4.611111111111112,1011.8,0.0,14.75,,20.0,22.0,22.0,5,0.0,Sunny,Clear skies
2026-01-20T05:00,22.0,24.2,88,2.972222222222222,353,5.0,1012.1,0.0,11.05,,19.9,22.0,22.0,79,0.0,Partly Cloudy,Partly cloudy
2026-01-20T06:00,21.9,24.0,88,3.1666666666666665,353,5.611111111111111,1012.6,0.0,11.4,,19.8,21.9,21.9,72,0.0,Partly Cloudy,Partly cloudy
2026-01-20T07:00,22.5,24.6,84,3.2499999999999996,357,5.888888888888888,1013.1,0.0,12.4,,19.8,22.5,22.5,52,46.0,Partly Cloudy,Partly cloudy
2026-01-20T08:00,24.3,26.0,75,3.7777777777777777,7,7.694444444444444,1013.8,0.0,14.0,,19.6,24.3,24.3,20,246.0,Partly Cloudy,Mainly clear
2026-01-20T09:00,25.8,27.0,67,4.305555555555555,20,9.194444444444445,1014.1,0.0,13.3,,19.3,25.8,25.8,34,477.0,Partly Cloudy,Mainly clear
2026-01-20T10:00,27.0,28.4,60,4.555555555555555,29,10.0,1013.6,0.0,14.75,,18.5,28.081163901777806,27.0,5,676.0,Sunny,Clear skies
2026-01-20T11:00,28.2,30.3,55,4.416666666666667,39,10.0,1013.1,0.0,14.2,,18.3,29.183498115395537,28.2,16,823.0,Sunny,Clear skies
2026-01-20T12:00,28.6,31.1,53,4.277777777777778,52,9.805555555555555,1012.2,0.0,13.65,,18.0,29.490816315217785,28.6,27,901.0,Partly Cloudy,Mainly clear
2026-01-20T13:00,28.6,31.3,54,4.472222222222222,68,10.194444444444445,1011.1,0.0,13.7,,18.5,29.60864774956443,28.6,26,903.0,Partly Cloudy,Mainly clear
2026-01-20T14:00,28.2,30.5,58,4.861111111111111,80,10.694444444444445,1009.9,0.0,11.5,,19.1,29.515877618915624,28.2,70,825.0,Partly Cloudy,Partly cloudy
2026-01-20T15:00,27.3,28.6,62,5.416666666666667,85,11.305555555555555,1009.3,0.0,13.3,,19.5,28.63848681655789,27.3,34,661.0,Partly Cloudy,Mainly clear
2026-01-20T16:00,26.9,27.3,64,6.138888888888889,75,12.194444444444443,1009.3,0.0,13.65,,19.5,28.237006062575524,26.9,27,463.0,Partly Cloudy,Mainly clear
2026-01-20T17:00,26.5,26.8,65,6.194444444444445,76,12.38888888888889,1009.5,0.0,5,,19.3,26.5,26.5,91,239.0,Cloudy,Overcast
2026-01-20T18:00,25.8,26.2,68,5.888888888888888,73,11.805555555555555,1010.0,0.0,13.0,,19.4,25.8,25.8,40,41.0,Partly Cloudy,Mainly clear
2026-01-20T19:00,25.5,26.6,74,5.694444444444445,66,10.805555555555555,1011.0,0.0,5,,20.6,25.5,25.5,98,0.0,Cloudy,Overcast
2026-01-20T20:00,25.2,26.6,77,5.555555555555555,61,10.388888888888888,1012.1,0.0,5,,20.9,25.2,25.2,100,0.0,Cloudy,Overcast
2026-01-20T21:00,25.2,26.5,75,5.277777777777778,59,10.0,1012.9,0.0,5,,20.4,25.2,25.2,100,0.0,Cloudy,Overcast
2026-01-20T22:00,24.9,26.3,77,5.083333333333333,57,9.61111111111111,1013.2,0.0,5,,20.5,24.9,24.9,100,0.0,Cloudy,Overcast
2026-01-20T23:00,24.5,26.3,77,4.111111111111112,48,9.11111111111111,1013.2,0.0,5,,20.2,24.5,24.5,100,0.0,Cloudy,Overcast
2026-01-21T00:00,24.0,26.2,79,3.1111111111111107,33,7.305555555555555,1013.4,0.0,5,,20.0,24.0,24.0,100,0.0,Cloudy,Overcast
2026-01-21T01:00,23.1,25.5,84,2.944444444444444,19,5.5,1013.1,0.0,5,,20.2,23.1,23.1,100,0.0,Cloudy,Overcast
2026-01-21T02:00,22.3,24.7,87,2.9166666666666665,4,5.194444444444444,1012.5,0.0,5,,20.1,22.3,22.3,100,0.0,Cloudy,Overcast
2026-01-21T03:00,21.6,23.6,88,3.1666666666666665,347,5.611111111111111,1011.9,0.0,14.75,,19.6,21.6,21.6,5,0.0,Sunny,Clear skies
2026-01-21T04:00,21.2,22.8,89,3.5,341,6.111111111111111,1012.2,0.0,14.95,,19.2,21.2,21.2,1,0.0,Sunny,Clear skies
2026-01-21T05:00,20.9,22.3,88,3.5833333333333335,347,6.194444444444445,1012.8,0.0,15.0,,18.8,20.9,20.9,0,0.0,Sunny,Clear skies
2026-01-21T06:00,20.9,22.3,88,3.4444444444444446,344,6.305555555555555,1013.6,0.0,15.0,,18.7,20.9,20.9,0,0.0,Sunny,Clear skies
2026-01-21T07:00,21.5,22.9,85,3.555555555555556,343,6.305555555555555,1014.3,0.0,15.0,,18.8,21.5,21.5,0,47.0,Sunny,Clear skies
2026-01-21T08:00,23.6,24.9,75,3.8333333333333335,354,7.805555555555555,1015.1,0.0,14.95,,18.9,23.6,23.6,1,251.0,Sunny,Clear skies
2026-01-21T09:00,25.6,26.5,65,4.472222222222222,7,9.5,1015.5,0.0,15.0,,18.6,25.6,25.6,0,481.0,Sunny,Clear skies
2026-01-21T10:00,27.2,28.3,58,4.916666666666666,21,10.611111111111112,1015.4,0.0,14.4,,18.3,28.181459693315517,27.2,12,680.0,Sunny,Clear skies
2026-01-21T11:00,28.3,29.7,50,4.861111111111111,29,10.694444444444445,1014.8,0.0,15.0,,17.0,28.793518027784533,28.3,0,823.0,Sunny,Clear skies
2026-01-21T12:00,28.8,30.6,49,4.805555555555555,42,10.694444444444445,1013.6,0.0,14.8,,17.1,29.29018009203563,28.8,4,908.0,Sunny,Clear skies
2026-01-21T13:00,29.2,31.2,49,4.805555555555555,52,10.694444444444445,1012.3,0.0,14.95,,17.5,29.7968152344356,29.2,1,903.0,Sunny,Clear skies
2026-01-21T14:00,29.4,30.6,47,5.083333333333333,59,11.0,1010.8,0.0,15.0,,17.0,29.80463822103122,29.4,0,829.0,Sunny,Clear skies
2026-01-21T15:00,29.4,29.5,47,5.5,64,11.38888888888889,1010.1,0.0,14.350000000000001,,16.8,29.80463822103122,29.4,13,681.0,Sunny,Clear skies
2026-01-21T16:00,28.8,28.3,50,5.833333333333333,72,11.61111111111111,1009.9,0.0,14.3,,17.3,29.40332492908447,28.8,14,478.0,Sunny,Clear skies
2026-01-21T17:00,27.2,27.8,63,5.888888888888888,84,12.38888888888889,1010.4,0.0,13.4,,19.5,28.581894394204433,27.2,32,242.0,Partly Cloudy,Mainly clear
2026-01-21T18:00,26.1,26.9,70,5.916666666666667,77,11.305555555555555,1011.1,0.0,14.350000000000001,,20.1,26.1,26.1,13,42.0,Sunny,Clear skies
2026-01-21T19:00,25.8,26.7,73,6.305555555555555,70,11.61111111111111,1011.9,0.0,12.45,,20.6,25.8,25.8,51,0.0,Partly Cloudy,Partly cloudy
2026-01-21T20:00,25.7,27.0,75,5.777777777777778,62,11.5,1012.6,0.0,5,,20.9,25.7,25.7,83,0.0,Cloudy,Overcast
2026-01-21T21:00,25.6,26.9,74,5.388888888888888,57,10.388888888888888,1013.3,0.0,5,,20.6,25.6,25.6,89,0.0,Cloudy,Overcast
2026-01-21T22:00,25.2,26.8,76,5.027777777777778,47,9.694444444444445,1013.8,0.0,5,,20.7,25.2,25.2,91,0.0,Cloudy,Overcast
2026-01-21T23:00,24.8,26.7,78,4.527777777777778,49,9.11111111111111,1013.3,0.0,13.6,,20.8,24.8,24.8,28,0.0,Partly Cloudy,Mainly clear
2026-01-22T00:00,24.4,26.5,80,4.138888888888889,45,8.11111111111111,1013.0,0.0,14.9,,20.7,24.4,24.4,2,0.0,Sunny,Clear skies
2026-01-22T01:00,23.8,26.1,83,3.75,33,7.305555555555555,1012.7,0.0,15.0,,20.8,23.8,23.8,0,0.0,Sunny,Clear skies
2026-01-22T02:00,22.9,25.4,88,3.2777777777777777,11,6.611111111111111,1012.3,0.0,14.8,,20.8,22.9,22.9,4,0.0,Sunny,Clear skies
2026-01-22T03:00,22.0,24.1,89,3.416666666666667,348,5.888888888888888,1012.3,0.0,13.65,,20.0,22.0,22.0,27,0.0,Partly Cloudy,Mainly clear
2026-01-22T04:00,21.6,23.1,88,3.861111111111111,336,6.805555555555555,1012.8,0.0,14.600000000000001,,19.5,21.6,21.6,8,0.0,Sunny,Clear skies
2026-01-22T05:00,20.9,22.3,89,3.7222222222222223,340,7.0,1013.4,0.0,14.45,,19.0,20.9,20.9,11,0.0,Sunny,Clear skies
2026-01-22T06:00,20.9,22.4,89,3.6666666666666665,349,6.499999999999999,1014.4,0.0,14.95,,19.1,20.9,20.9,1,0.0,Sunny,Clear skies
2026-01-22T07:00,21.6,23.1,86,3.8055555555555554,349,7.0,1015.1,0.0,5,,19.2,21.6,21.6,89,47.0,Cloudy,Overcast
2026-01-22T08:00,23.3,24.5,79,4.361111111111111,355,8.88888888888889,1015.7,0.0,13.65,,19.4,23.3,23.3,27,251.0,Partly Cloudy,Mainly clear
2026-01-22T09:00,25.3,26.3,68,4.583333333333333,7,9.694444444444445,1015.9,0.0,11.75,,19.0,25.3,25.3,65,487.0,Partly Cloudy,Partly cloudy
2026-01-22T10:00,26.9,28.3,59,4.361111111111111,22,9.805555555555555,1015.7,0.0,12.95,,18.3,27.888397381164353,26.9,41,689.0,Partly Cloudy,Mainly clear
2026-01-22T11:00,28.1,30.0,53,4.472222222222222,37,9.805555555555555,1015.4,0.0,5,,17.6,28.849235670817848,28.1,89,836.0,Cloudy,Overcast
2026-01-22T12:00,28.5,30.8,52,4.361111111111111,49,10.0,1014.4,0.0,5,,17.5,29.24714859505563,28.5,88,917.0,Cloudy,Overcast
2026-01-22T13:00,28.7,31.0,51,4.305555555555555,59,10.0,1013.2,0.0,5,,17.5,29.390577424417724,28.7,89,911.0,Cloudy,Overcast
2026-01-22T14:00,28.7,30.7,51,4.222222222222222,67,9.88888888888889,1012.1,0.0,5,,17.5,29.390577424417724,28.7,95,824.0,Cloudy,Overcast
2026-01-22T15:00,28.2,29.7,55,4.305555555555555,75,9.61111111111111,1011.5,0.0,5,,18.4,29.183498115395537,28.2,98,673.0,Cloudy,Overcast
2026-01-22T16:00,27.9,28.9,59,4.694444444444444,75,9.694444444444445,1011.5,0.0,11.85,,19.2,29.197461130764566,27.9,63,481.0,Partly Cloudy,Partly cloudy
2026-01-22T17:00,26.9,28.3,66,4.722222222222222,85,10.694444444444445,1011.6,0.0,14.2,,20.0,28.383422587970983,26.9,16,244.0,Sunny,Clear skies
2026-01-22T18:00,25.9,27.7,72,4.5,78,9.11111111111111,1012.0,0.0,14.0,,20.5,25.9,25.9,20,44.0,Partly Cloudy,Mainly clear
2026-01-22T19:00,25.7,27.4,75,4.861111111111111,71,8.694444444444445,1012.6,0.0,14.95,,20.9,25.7,25.7,1,0.0,Sunny,Clear skies
2026-01-22T20:00,25.5,27.5,78,4.694444444444444,59,8.694444444444445,1013.2,0.0,14.95,,21.3,25.5,25.5,1,0.0,Sunny,Clear skies
2026-01-22T21:00,25.1,27.4,79,4.222222222222222,51,8.38888888888889,1013.8,0.0,14.9,,21.2,25.1,25.1,2,0.0,Sunny,Clear skies
2026-01-22T22:00,24.6,26.9,80,3.888888888888889,44,7.5,1013.9,0.0,13.0,,21.0,24.6,24.6,40,0.0,Partly Cloudy,Mainly clear
2026-01-22T23:00,24.3,26.3,81,4.194444444444445,40,7.111111111111112,1013.9,0.0,12.45,,20.7,24.3,24.3,51,0.0,Partly Cloudy,Partly cloudy
2026-01-23T00:00,24.1,26.3,83,4.027777777777778,39,7.388888888888889,1013.8,0.0,14.45,,21.0,24.1,24.1,11,0.0,Sunny,Clear skies
2026-01-23T01:00,23.6,25.9,85,3.888888888888889,33,7.111111111111112,1013.3,0.0,14.9,,21.0,23.6,23.6,2,0.0,Sunny,Clear skies
2026-01-23T02:00,22.7,24.7,87,4.027777777777778,19,7.111111111111112,1013.1,0.0,14.850000000000001,,20.5,22.7,22.7,3,0.0,Sunny,Clear skies
2026-01-23T03:00,21.8,23.5,87,3.861111111111111,1,7.111111111111112,1013.0,0.0,5,,19.6,21.8,21.8,93,0.0,Cloudy,Overcast
2026-01-23T04:00,21.1,22.6,88,3.555555555555556,346,6.694444444444445,1013.4,0.0,11.2,,19.0,21.1,21.1,76,0.0,Partly Cloudy,Partly cloudy
2026-01-23T05:00,20.5,21.8,87,3.4444444444444446,347,6.194444444444445,1013.8,0.0,13.6,,18.4,20.5,20.5,28,0.0,Partly Cloudy,Mainly clear
2026-01-23T06:00,20.5,21.8,87,3.4444444444444446,351,6.0,1014.6,0.0,11.5,,18.4,20.5,20.5,70,0.0,Partly Cloudy,Partly cloudy
2026-01-23T07:00,21.3,22.6,84,3.5277777777777777,349,6.305555555555555,1015.5,0.0,12.9,,18.5,21.3,21.3,42,48.0,Partly Cloudy,Mainly clear
2026-01-23T08:00,23.3,24.6,75,3.555555555555556,359,7.388888888888889,1016.3,0.0,14.55,,18.6,23.3,23.3,9,255.0,Sunny,Clear skies
2026-01-23T09:00,25.3,26.3,66,4.055555555555555,16,8.805555555555555,1016.6,0.0,15.0,,18.5,25.3,25.3,0,489.0,Sunny,Clear skies
2026-01-23T10:00,27.0,28.0,56,4.527777777777778,33,10.0,1016.3,0.0,15.0,,17.5,27.802281635111083,27.0,0,693.0,Sunny,Clear skies
2026-01-23T11:00,28.2,29.5,50,4.75,46,10.194444444444445,1016.0,0.0,15.0,,16.6,28.676916057884494,28.2,0,842.0,Sunny,Clear skies
2026-01-23T12:00,28.6,30.5,49,4.527777777777778,57,10.499999999999998,1015.2,0.0,15.0,,16.9,29.047358487875524,28.6,0,918.0,Sunny,Clear skies
2026-01-23T13:00,28.9,31.2,49,4.194444444444445,68,10.194444444444445,1013.8,0.0,15.0,,17.1,29.41421488587567,28.9,0,919.0,Sunny,Clear skies
2026-01-23T14:00,28.8,30.9,50,4.0,82,9.694444444444445,1012.3,0.0,14.8,,17.4,29.40332492908447,28.8,4,842.0,Sunny,Clear skies
2026-01-23T15:00,28.5,30.0,51,3.861111111111111,88,9.194444444444445,1011.5,0.0,15.0,,17.5,29.138273683777786,28.5,0,695.0,Sunny,Clear skies
2026-01-23T16:00,28.2,29.3,57,4.138888888888889,82,8.694444444444445,1011.5,0.0,15.0,,18.8,29.402715261991148,28.2,0,489.0,Sunny,Clear skies
2026-01-23T17:00,27.4,29.3,66,4.361111111111111,89,8.694444444444445,1012.0,0.0,15.0,,20.5,29.152753028870976,27.4,0,251.0,Sunny,Clear skies
2026-01-23T18:00,26.4,28.6,71,3.8055555555555554,88,8.5,1012.4,0.0,15.0,,20.7,26.4,26.4,0,45.0,Sunny,Clear skies
2026-01-23T19:00,25.9,28.4,75,3.7777777777777777,82,7.0,1013.3,0.0,15.0,,21.1,25.9,25.9,0,0.0,Sunny,Clear skies
2026-01-23T20:00,25.6,28.5,82,4.027777777777778,71,7.0,1014.1,0.0,15.0,,22.2,25.6,25.6,0,0.0,Sunny,Clear skies
2026-01-23T21:00,25.7,28.3,80,4.277777777777778,58,7.805555555555555,1014.6,0.0,15.0,,22.0,25.7,25.7,0,0.0,Sunny,Clear skies
2026-01-23T22:00,25.4,28.3,80,3.75,42,7.611111111111111,1014.6,0.0,11.5,,21.8,25.4,25.4,70,0.0,Partly Cloudy,Partly cloudy
2026-01-23T23:00,25.1,28.1,81,3.2777777777777777,28,6.694444444444445,1015.0,0.0,13.35,,21.6,25.1,25.1,33,0.0,Partly Cloudy,Mainly clear
2026-01-24T00:00,24.6,27.6,81,2.8055555555555554,17,5.805555555555555,1014.5,0.0,15.0,,21.2,24.6,24.6,0,0.0,Sunny,Clear skies
2026-01-24T01:00,24.0,27.0,83,2.4166666666666665,4,5.0,1014.0,0.0,15.0,,20.8,24.0,24.0,0,0.0,Sunny,Clear skies
2026-01-24T02:00,23.3,26.0,84,2.638888888888889,346,4.611111111111112,1013.4,0.0,14.8,,20.5,23.3,23.3,4,0.0,Sunny,Clear skies
2026-01-24T03:00,22.8,25.3,85,2.833333333333333,326,4.888888888888889,1013.4,0.0,12.25,,20.2,22.8,22.8,55,0.0,Partly Cloudy,Partly cloudy
2026-01-24T04:00,22.8,25.0,85,3.3611111111111107,337,5.805555555555555,1013.7,0.0,14.0,,20.2,22.8,22.8,20,0.0,Partly Cloudy,Mainly clear
2026-01-24T05:00,22.6,25.0,87,3.2499999999999996,339,6.194444444444445,1013.8,0.0,13.7,,20.4,22.6,22.6,26,0.0,Partly Cloudy,Mainly clear
2026-01-24T06:00,22.6,25.0,90,3.416666666666667,342,6.0,1014.4,0.0,14.45,,20.8,22.6,22.6,11,0.0,Sunny,Clear skies
2026-01-24T07:00,23.4,25.8,86,3.8333333333333335,348,7.111111111111112,1015.2,0.0,14.2,,21.0,23.4,23.4,16,43.0,Sunny,Clear skies
2026-01-24T08:00,25.3,27.0,76,4.777777777777778,10,9.5,1015.5,0.0,14.8,,20.8,25.3,25.3,4,228.0,Sunny,Clear skies
2026-01-24T09:00,27.1,28.7,67,4.833333333333333,14,10.194444444444445,1015.8,0.0,14.95,,20.4,28.767589017875682,27.1,1,461.0,Sunny,Clear skies
2026-01-24T10:00,28.7,30.4,58,4.805555555555555,20,10.388888888888888,1015.7,0.0,14.45,,19.5,30.261028467215567,28.7,11,668.0,Sunny,Clear skies
2026-01-24T11:00,29.9,31.6,54,5.777777777777778,35,11.61111111111111,1015.0,0.0,12.05,,19.4,31.54872563866445,29.9,59,791.0,Partly Cloudy,Partly cloudy
2026-01-24T12:00,30.4,32.4,51,5.361111111111112,40,12.194444444444443,1014.1,0.0,5,,19.1,31.829649482737775,30.4,100,824.0,Cloudy,Overcast
2026-01-24T13:00,29.4,30.6,57,5.138888888888888,56,11.5,1013.0,0.0,5,,20.0,31.22919567543128,29.4,99,387.0,Cloudy,Overcast
2026-01-24T14:00,29.4,29.8,58,6.75,44,13.38888888888889,1011.8,0.0,5,,20.2,31.391534566595713,29.4,93,418.0,Cloudy,Overcast
2026-01-24T15:00,29.0,29.2,58,6.944444444444445,28,13.88888888888889,1011.3,0.0,12.2,,19.9,30.733060379555532,29.0,56,417.0,Partly Cloudy,Partly cloudy
2026-01-24T16:00,28.0,29.0,64,6.0,33,13.694444444444443,1011.4,0.1,9.8,,20.5,29.910537803555528,28.0,87,262.0,Light Rain,Light drizzle
2026-01-24T17:00,27.8,28.8,67,6.611111111111111,43,12.38888888888889,1011.4,0.0,12.95,,21.1,29.92618577523553,27.8,41,153.0,Partly Cloudy,Mainly clear
2026-01-24T18:00,26.7,28.3,72,5.638888888888889,37,12.888888888888888,1012.2,0.0,13.1,,21.2,28.50011530802454,26.7,38,34.0,Partly Cloudy,Mainly clear
2026-01-24T19:00,26.7,28.6,72,4.777777777777778,26,10.611111111111112,1013.0,0.0,5,,21.2,28.50011530802454,26.7,84,0.0,Cloudy,Overcast
2026-01-24T20:00,27.1,28.0,67,6.194444444444445,19,11.11111111111111,1013.6,0.1,9.8,,20.5,28.767589017875682,27.1,100,0.0,Light Rain,Light drizzle
2026-01-24T21:00,26.6,27.2,69,6.805555555555555,18,12.305555555555554,1014.0,0.0,5,,20.5,26.6,26.6,89,0.0,Cloudy,Overcast
2026-01-24T22:00,26.0,26.8,72,6.555555555555555,19,12.61111111111111,1014.0,0.0,12.7,,20.7,26.0,26.0,46,0.0,Partly Cloudy,Mainly clear
2026-01-24T23:00,26.0,26.8,73,6.583333333333333,14,11.888888888888888,1013.7,0.0,5,,20.8,26.0,26.0,98,0.0,Cloudy,Overcast
2026-01-25T00:00,25.6,26.4,74,6.333333333333333,12,12.194444444444443,1013.4,0.0,5,,20.6,25.6,25.6,100,0.0,Cloudy,Overcast
2026-01-25T01:00,25.2,26.1,75,6.083333333333333,7,11.61111111111111,1013.0,0.0,5,,20.5,25.2,25.2,100,0.0,Cloudy,Overcast
2026-01-25T02:00,24.9,26.0,77,5.861111111111112,8,11.305555555555555,1012.1,0.0,5,,20.6,24.9,24.9,98,0.0,Cloudy,Overcast
2026-01-25T03:00,24.3,26.0,81,4.944444444444445,8,10.805555555555555,1011.8,0.0,5,,20.9,24.3,24.3,90,0.0,Cloudy,Overcast
2026-01-25T04:00,24.0,25.8,85,5.166666666666667,6,9.194444444444445,1011.7,0.3,9.4,,21.3,24.0,24.0,100,0.0,Light Rain,Light drizzle
2026-01-25T05:00,23.9,25.8,86,5.222222222222222,7,9.305555555555555,1012.3,0.3,9.4,,21.4,23.9,23.9,100,0.0,Light Rain,Light drizzle
2026-01-25T06:00,24.0,26.1,86,4.722222222222222,4,9.305555555555555,1013.1,0.1,9.8,,21.4,24.0,24.0,100,0.0,Light Rain,Light drizzle
2026-01-25T07:00,24.1,26.3,85,4.638888888888888,11,8.38888888888889,1014.1,0.4,9.2,,21.4,24.1,24.1,100,19.0,Light Rain,Light drizzle
2026-01-25T08:00,24.6,26.9,84,4.583333333333333,6,8.805555555555555,1014.7,0.2,9.6,,21.7,24.6,24.6,94,128.0,Light Rain,Light drizzle
2026-01-25T09:00,25.2,27.6,80,4.388888888888889,15,8.694444444444445,1015.6,0.3,9.4,,21.6,25.2,25.2,100,204.0,Light Rain,Light drizzle
2026-01-25T10:00,25.5,27.9,78,4.305555555555555,9,8.805555555555555,1015.2,0.4,9.2,,21.4,25.5,25.5,100,232.0,Light Rain,Light drizzle
2026-01-25T11:00,27.0,29.1,70,4.333333333333333,24,8.61111111111111,1014.5,0.3,9.4,,21.0,28.855553559555556,27.0,100,167.0,Light Rain,Light drizzle
2026-01-25T12:00,28.0,30.1,65,4.111111111111112,36,9.11111111111111,1013.2,0.0,5,,20.8,30.03112471511116,28.0,88,409.0,Cloudy,Overcast
2026-01-25T13:00,29.1,31.6,60,4.055555555555555,45,9.305555555555555,1012.0,0.0,14.55,,20.5,31.203595581837817,29.1,9,653.0,Sunny,Clear skies
2026-01-25T14:00,29.4,32.6,60,4.027777777777778,58,9.305555555555555,1010.9,0.0,14.65,,20.7,31.72705770113784,29.4,7,743.0,Sunny,Clear skies
2026-01-25T15:00,29.1,31.8,62,3.861111111111111,69,9.194444444444445,1010.3,0.0,14.3,,20.9,31.52585219119787,29.1,14,627.0,Sunny,Clear skies
2026-01-25T16:00,28.4,31.1,66,3.6944444444444446,77,8.694444444444445,1010.5,0.0,14.45,,21.4,30.868508449671214,28.4,11,445.0,Sunny,Clear skies
2026-01-25T17:00,28.1,31.5,70,2.8055555555555554,59,7.888888888888888,1011.0,0.0,15.0,,22.0,30.86128781161561,28.1,0,234.0,Sunny,Clear skies
2026-01-25T18:00,26.7,30.6,79,2.8055555555555554,73,5.5,1011.6,0.0,14.9,,22.8,29.011609843635508,26.7,2,44.0,Sunny,Clear skies
2026-01-25T19:00,26.5,30.0,82,4.083333333333333,66,6.888888888888889,1012.6,0.0,14.9,,23.2,26.5,26.5,2,0.0,Sunny,Clear skies
2026-01-25T20:00,26.6,28.7,79,6.0,46,10.88888888888889,1013.6,0.0,15.0,,22.6,26.6,26.6,0,0.0,Sunny,Clear skies
2026-01-25T21:00,26.1,28.5,81,5.388888888888888,33,10.88888888888889,1014.4,0.0,14.95,,22.5,26.1,26.1,1,0.0,Sunny,Clear skies
2026-01-25T22:00,25.7,28.0,81,5.111111111111111,24,9.61111111111111,1014.9,0.0,11.7,,22.2,25.7,25.7,66,0.0,Partly Cloudy,Partly cloudy
2026-01-25T23:00,26.0,28.3,81,5.333333333333333,25,9.11111111111111,1014.4,0.0,11.3,,22.4,26.0,26.0,74,0.0,Partly Cloudy,Partly cloudy
2026-01-26T00:00,25.4,28.1,82,4.611111111111112,30,9.61111111111111,1014.4,0.0,5,,22.2,25.4,25.4,85,0.0,Cloudy,Overcast
2026-01-26T01:00,25.0,27.7,85,4.583333333333333,27,8.38888888888889,1013.7,0.0,5,,22.3,25.0,25.0,92,0.0,Cloudy,Overcast
2026-01-26T02:00,24.7,27.2,86,4.777777777777778,32,8.61111111111111,1012.9,0.1,9.8,,22.2,24.7,24.7,99,0.0,Light Rain,Light drizzle
2026-01-26T03:00,23.8,26.5,92,4.833333333333333,35,8.61111111111111,1012.7,0.8,8.4,,22.5,23.8,23.8,99,0.0,Light Rain,Moderate drizzle
2026-01-26T04:00,23.7,26.4,92,4.694444444444444,33,8.5,1013.1,1.6,6.8,,22.3,23.7,23.7,99,0.0,Light Rain,Slight rain
2026-01-26T05:00,23.5,26.4,94,4.333333333333333,19,8.194444444444445,1013.5,0.7,8.6,,22.5,23.5,23.5,100,0.0,Light Rain,Moderate drizzle
2026-01-26T06:00,23.6,26.3,92,4.416666666666667,28,7.805555555555555,1014.3,0.9,8.2,,22.3,23.6,23.6,100,0.0,Light Rain,Moderate drizzle
2026-01-26T07:00,23.9,26.5,91,4.694444444444444,22,8.305555555555555,1015.1,0.3,9.4,,22.3,23.9,23.9,87,19.0,Light Rain,Light drizzle
2026-01-26T08:00,24.4,27.4,89,4.25,27,8.694444444444445,1015.8,0.5,9.0,,22.5,24.4,24.4,100,95.0,Light Rain,Moderate drizzle
2026-01-26T09:00,25.7,28.3,82,4.805555555555555,23,9.388888888888888,1016.3,0.2,9.6,,22.3,25.7,25.7,30,252.0,Light Rain,Light drizzle
2026-01-26T10:00,27.6,29.9,71,5.249999999999999,37,11.194444444444443,1016.0,0.1,9.8,,21.8,30.02522023793782,27.6,89,600.0,Light Rain,Light drizzle
2026-01-26T11:00,28.8,30.3,64,5.666666666666666,37,11.305555555555555,1015.3,0.0,12.6,,21.3,31.30179953763562,28.8,48,519.0,Partly Cloudy,Mainly clear
2026-01-26T12:00,28.9,32.0,65,5.305555555555556,41,12.11111111111111,1014.4,0.1,9.8,,21.7,31.648926787671186,28.9,67,795.0,Light Rain,Light drizzle
2026-01-26T13:00,29.5,33.3,64,4.972222222222221,59,11.305555555555555,1013.5,0.1,9.8,,21.9,32.6394529810555,29.5,39,851.0,Light Rain,Light drizzle
2026-01-26T14:00,28.8,32.4,68,5.0,69,10.805555555555555,1012.6,0.0,13.65,,22.4,31.95203121660449,28.8,27,762.0,Partly Cloudy,Mainly clear
2026-01-26T15:00,28.4,30.6,68,5.833333333333333,66,12.0,1012.3,0.1,9.8,,21.9,31.159492676284515,28.4,27,616.0,Light Rain,Light drizzle
2026-01-26T16:00,28.3,30.9,70,4.611111111111112,58,11.805555555555555,1012.4,0.0,14.350000000000001,,22.3,31.258456716495616,28.3,13,422.0,Sunny,Clear skies
2026-01-26T17:00,27.5,30.3,73,4.083333333333333,51,9.388888888888888,1013.1,0.0,14.05,,22.1,30.058952405555562,27.5,19,212.0,Sunny,Clear skies
2026-01-26T18:00,26.8,30.0,77,3.8055555555555554,55,7.888888888888888,1014.0,0.0,13.6,,22.5,29.059378902524447,26.8,28,40.0,Partly Cloudy,Mainly clear
2026-01-26T19:00,26.9,29.4,75,4.555555555555555,48,8.194444444444445,1015.0,0.0,13.45,,22.0,29.09160639727105,26.9,31,0.0,Partly Cloudy,Mainly clear
2026-01-26T20:00,26.7,28.8,74,5.0,41,9.0,1015.9,0.0,14.05,,21.7,28.64234278149107,26.7,19,0.0,Sunny,Clear skies
2026-01-26T21:00,26.3,28.9,78,4.527777777777778,37,9.0,1016.7,0.0,14.25,,22.1,26.3,26.3,15,0.0,Sunny,Clear skies
2026-01-26T22:00,25.9,28.7,81,4.222222222222222,31,8.194444444444445,1016.8,0.0,14.350000000000001,,22.3,25.9,25.9,13,0.0,Sunny,Clear skies
2026-01-26T23:00,26.5,28.3,72,5.027777777777778,43,7.805555555555555,1016.5,0.0,13.5,,21.1,26.5,26.5,30,0.0,Partly Cloudy,Mainly clear
2026-01-27T00:00,26.4,28.1,72,5.138888888888888,37,9.388888888888888,1016.1,0.0,14.0,,21.0,26.4,26.4,20,0.0,Partly Cloudy,Mainly clear
2026-01-27T01:00,25.8,27.8,77,4.888888888888889,25,9.305555555555555,1015.6,0.0,14.2,,21.4,25.8,25.8,16,0.0,Sunny,Clear skies
2026-01-27T02:00,25.1,27.5,80,4.361111111111111,16,8.694444444444445,1014.8,0.0,14.65,,21.5,25.1,25.1,7,0.0,Sunny,Clear skies
2026-01-27T03:00,24.4,27.2,84,3.638888888888889,8,7.805555555555555,1014.6,0.0,14.55,,21.6,24.4,24.4,9,0.0,Sunny,Clear skies
2026-01-27T04:00,24.0,26.7,87,3.8333333333333335,6,6.694444444444445,1014.9,0.0,5,,21.7,24.0,24.0,81,0.0,Cloudy,Overcast
2026-01-27T05:00,23.9,26.3,87,4.416666666666667,12,7.388888888888889,1015.1,0.0,5,,21.6,23.9,23.9,100,0.0,Cloudy,Overcast
2026-01-27T06:00,23.8,26.2,88,4.361111111111111,10,8.0,1015.8,0.0,5,,21.7,23.8,23.8,100,0.0,Cloudy,Overcast
2026-01-27T07:00,24.0,26.5,87,4.472222222222222,4,8.194444444444445,1016.7,0.0,5,,21.8,24.0,24.0,99,41.0,Cloudy,Overcast
2026-01-27T08:00,25.5,27.7,81,5.166666666666667,12,10.305555555555555,1017.3,0.0,5,,22.0,25.5,25.5,100,224.0,Cloudy,Overcast
2026-01-27T09:00,27.1,29.1,72,5.111111111111111,21,10.694444444444445,1017.8,0.0,5,,21.5,29.20331364146466,27.1,100,450.0,Cloudy,Overcast
2026-01-27T10:00,28.4,30.5,64,5.194444444444444,29,11.11111111111111,1017.4,0.0,5,,20.9,30.58783732947565,28.4,98,657.0,Cloudy,Overcast
2026-01-27T11:00,29.6,32.0,57,5.166666666666667,38,11.194444444444443,1017.0,0.0,5,,20.2,31.5622034370312,29.6,100,776.0,Cloudy,Overcast
2026-01-27T12:00,30.1,32.7,55,5.194444444444444,51,11.305555555555555,1015.9,0.0,5,,19.9,32.05662505371555,30.1,100,851.0,Cloudy,Overcast
2026-01-27T13:00,30.0,32.0,54,5.249999999999999,59,11.305555555555555,1014.9,0.0,5,,19.8,31.711497644444403,30.0,100,757.0,Cloudy,Overcast
2026-01-27T14:00,29.1,31.4,60,4.888888888888889,63,11.38888888888889,1013.8,0.0,5,,20.7,31.203595581837817,29.1,100,679.0,Cloudy,Overcast
2026-01-27T15:00,28.2,30.4,68,5.083333333333333,71,10.694444444444445,1013.6,0.0,5,,21.9,30.777806587804534,28.2,100,508.0,Cloudy,Overcast
2026-01-27T16:00,28.3,30.1,65,5.194444444444444,64,10.694444444444445,1013.5,0.0,5,,21.2,30.54945437615106,28.3,100,416.0,Cloudy,Overcast
2026-01-27T17:00,27.4,29.4,69,4.916666666666666,71,10.611111111111112,1013.7,0.0,5,,21.3,29.44833931489782,27.4,100,224.0,Cloudy,Overcast
2026-01-27T18:00,26.8,28.7,74,5.305555555555556,72,9.5,1014.1,0.0,11.75,,21.7,28.824321293191044,26.8,65,44.0,Partly Cloudy,Partly cloudy
2026-01-27T19:00,26.7,28.0,73,6.583333333333333,62,12.0,1014.5,0.0,14.100000000000001,,21.6,28.570837662515455,26.7,18,0.0,Sunny,Clear skies
2026-01-27T20:00,26.4,28.1,75,5.805555555555555,52,11.888888888888888,1015.1,0.0,14.600000000000001,,21.6,26.4,26.4,8,0.0,Sunny,Clear skies
2026-01-27T21:00,26.1,28.1,79,5.527777777777778,52,10.388888888888888,1015.7,0.0,14.95,,22.1,26.1,26.1,1,0.0,Sunny,Clear skies
2026-01-27T22:00,25.9,27.9,79,5.472222222222222,50,10.0,1016.0,0.0,14.9,,22.0,25.9,25.9,2,0.0,Sunny,Clear skies
2026-01-27T23:00,25.5,27.4,80,5.444444444444445,46,9.88888888888889,1015.8,0.0,14.95,,21.8,25.5,25.5,1,0.0,Sunny,Clear skies
2026-01-28T00:00,25.1,27.3,83,4.972222222222221,40,9.805555555555555,1015.4,0.0,14.65,,21.9,25.1,25.1,7,0.0,Sunny,Clear skies
2026-01-28T01:00,24.5,26.9,85,4.5,29,8.88888888888889,1014.9,0.0,14.3,,21.8,24.5,24.5,14,0.0,Sunny,Clear skies
2026-01-28T02:00,23.8,26.3,87,4.222222222222222,17,8.0,1014.4,0.0,5,,21.6,23.8,23.8,91,0.0,Cloudy,Overcast
2026-01-28T03:00,23.3,25.8,88,3.8055555555555554,2,7.611111111111111,1014.1,0.0,5,,21.2,23.3,23.3,98,0.0,Cloudy,Overcast
2026-01-28T04:00,22.8,25.3,89,3.5833333333333335,353,6.805555555555555,1014.5,0.0,13.65,,20.9,22.8,22.8,27,0.0,Partly Cloudy,Mainly clear
2026-01-28T05:00,22.6,24.7,87,3.861111111111111,356,6.388888888888888,1014.6,0.0,15.0,,20.4,22.6,22.6,0,0.0,Sunny,Clear skies
2026-01-28T06:00,22.4,24.5,89,3.7777777777777777,353,6.805555555555555,1015.5,0.0,14.75,,20.4,22.4,22.4,5,0.0,Sunny,Clear skies
2026-01-28T07:00,23.0,25.0,86,3.888888888888889,353,7.111111111111112,1016.5,0.0,13.75,,20.4,23.0,23.0,25,45.0,Partly Cloudy,Mainly clear
2026-01-28T08:00,24.8,26.5,77,4.666666666666667,2,9.305555555555555,1017.2,0.0,12.75,,20.4,24.8,24.8,45,244.0,Partly Cloudy,Mainly clear
2026-01-28T09:00,26.5,27.3,68,5.722222222222222,22,11.694444444444445,1017.3,0.0,14.55,,20.0,26.5,26.5,9,476.0,Sunny,Clear skies
2026-01-28T10:00,27.7,28.8,61,5.944444444444444,34,12.5,1016.8,0.0,14.850000000000001,,19.5,29.116357702995465,27.7,3,675.0,Sunny,Clear skies
2026-01-28T11:00,29.0,30.6,56,6.083333333333333,42,12.38888888888889,1015.8,0.0,13.5,,19.4,30.44552092711114,29.0,30,817.0,Partly Cloudy,Mainly clear
2026-01-28T12:00,29.5,31.0,53,6.305555555555555,48,13.194444444444445,1014.7,0.0,13.05,,19.0,30.765174823777826,29.5,39,846.0,Partly Cloudy,Mainly clear
2026-01-28T13:00,29.5,31.2,55,6.25,62,13.194444444444445,1013.6,0.0,12.55,,19.6,31.07249054955561,29.5,49,814.0,Partly Cloudy,Mainly clear
2026-01-28T14:00,28.4,29.7,61,6.722222222222221,82,13.694444444444443,1012.5,0.0,14.350000000000001,,20.2,30.186167723715712,28.4,13,746.0,Sunny,Clear skies
2026-01-28T15:00,28.1,28.2,61,7.555555555555555,74,15.0,1011.9,0.0,14.7,,19.8,29.714564242515547,28.1,6,611.0,Sunny,Clear skies
2026-01-28T16:00,27.8,27.8,63,7.333333333333333,73,15.305555555555555,1011.7,0.0,14.9,,20.0,29.47601872620456,27.8,2,461.0,Sunny,Clear skies
2026-01-28T17:00,27.0,27.7,66,6.25,74,14.388888888888888,1011.8,0.0,15.0,,20.2,28.532566155111038,27.0,0,246.0,Sunny,Clear skies
2026-01-28T18:00,26.6,27.4,69,6.305555555555555,69,12.194444444444443,1012.2,0.0,15.0,,20.5,26.6,26.6,0,47.0,Sunny,Clear skies
2026-01-28T19:00,26.2,27.4,73,6.166666666666666,68,11.5,1012.9,0.0,15.0,,21.0,26.2,26.2,0,0.0,Sunny,Clear skies
2026-01-28T20:00,25.9,27.2,75,6.111111111111111,63,11.194444444444443,1013.7,0.0,15.0,,21.1,25.9,25.9,0,0.0,Sunny,Clear skies
2026-01-28T21:00,25.8,27.2,76,5.861111111111112,60,11.11111111111111,1014.3,0.0,15.0,,21.2,25.8,25.8,0,0.0,Sunny,Clear skies
2026-01-28T22:00,25.6,27.0,77,5.805555555555555,61,10.694444444444445,1014.6,0.0,15.0,,21.2,25.6,25.6,0,0.0,Sunny,Clear skies
2026-01-28T23:00,25.5,27.2,77,5.416666666666667,60,10.499999999999998,1014.3,0.0,14.65,,21.2,25.5,25.5,7,0.0,Sunny,Clear skies
2026-01-29T00:00,25.2,26.8,76,5.083333333333333,52,9.805555555555555,1014.0,0.0,15.0,,20.8,25.2,25.2,0,0.0,Sunny,Clear skies
2026-01-29T01:00,24.7,26.6,79,4.444444444444445,46,9.194444444444445,1013.6,0.0,15.0,,20.7,24.7,24.7,0,0.0,Sunny,Clear skies
2026-01-29T02:00,24.1,26.5,83,3.75,38,7.888888888888888,1013.2,0.0,14.5,,21.0,24.1,24.1,10,0.0,Sunny,Clear skies
2026-01-29T03:00,23.5,26.1,85,3.333333333333333,24,6.694444444444445,1012.9,0.0,13.85,,20.9,23.5,23.5,23,0.0,Partly Cloudy,Mainly clear
2026-01-29T04:00,22.9,25.3,87,3.3611111111111107,2,5.888888888888888,1013.1,0.0,13.5,,20.6,22.9,22.9,30,0.0,Partly Cloudy,Mainly clear
2026-01-29T05:00,22.0,23.8,87,3.7222222222222223,346,6.694444444444445,1013.3,0.0,14.9,,19.7,22.0,22.0,2,0.0,Sunny,Clear skies
2026-01-29T06:00,21.8,23.4,87,4.027777777777778,349,7.111111111111112,1014.0,0.0,14.65,,19.6,21.8,21.8,7,0.0,Sunny,Clear skies
2026-01-29T07:00,22.3,23.9,85,3.9166666666666665,343,7.388888888888889,1015.1,0.0,14.9,,19.6,22.3,22.3,2,46.0,Sunny,Clear skies
2026-01-29T08:00,24.4,25.9,75,4.361111111111111,351,8.88888888888889,1015.7,0.0,14.9,,19.8,24.4,24.4,2,249.0,Sunny,Clear skies
2026-01-29T09:00,26.3,27.5,68,4.944444444444445,9,10.388888888888888,1016.2,0.0,14.850000000000001,,19.9,26.3,26.3,3,486.0,Sunny,Clear skies
2026-01-29T10:00,27.7,29.3,61,5.083333333333333,28,11.0,1015.7,0.0,14.45,,19.4,29.116357702995465,27.7,11,679.0,Sunny,Clear skies
2026-01-29T11:00,29.1,31.1,53,4.888888888888889,40,11.305555555555555,1014.9,0.0,13.5,,18.7,30.17982289161783,29.1,30,812.0,Partly Cloudy,Mainly clear
2026-01-29T12:00,29.7,31.8,50,4.805555555555555,54,10.805555555555555,1014.0,0.0,12.75,,18.3,30.613524968984557,29.7,45,864.0,Partly Cloudy,Mainly clear
2026-01-29T13:00,28.9,31.5,59,5.472222222222222,76,11.888888888888888,1012.9,0.0,14.75,,20.1,30.717955184364598,28.9,5,867.0,Sunny,Clear skies
2026-01-29T14:00,28.5,30.8,61,5.444444444444445,84,12.0,1011.6,0.0,15.0,,20.3,30.34774004155558,28.5,0,797.0,Sunny,Clear skies
2026-01-29T15:00,27.9,29.5,64,5.916666666666667,85,12.194444444444443,1011.2,0.0,15.0,,20.3,29.746941466175592,27.9,0,690.0,Sunny,Clear skies
2026-01-29T16:00,27.5,28.5,67,6.472222222222222,79,12.888888888888888,1011.3,0.0,15.0,,20.9,29.41526850555566,27.5,0,485.0,Sunny,Clear skies
2026-01-29T17:00,26.7,28.0,73,6.166666666666666,78,12.999999999999998,1011.4,0.0,15.0,,21.4,28.570837662515455,26.7,0,258.0,Sunny,Clear skies
2026-01-29T18:00,25.9,27.6,79,6.027777777777778,76,11.61111111111111,1011.9,0.0,15.0,,21.9,25.9,25.9,0,50.0,Sunny,Clear skies
2026-01-29T19:00,25.9,27.6,79,6.25,67,11.5,1012.9,0.0,15.0,,22.0,25.9,25.9,0,0.0,Sunny,Clear skies
2026-01-29T20:00,25.7,27.7,80,5.5,59,11.305555555555555,1013.9,0.0,15.0,,22.0,25.7,25.7,0,0.0,Sunny,Clear skies
2026-01-29T21:00,25.4,27.3,80,5.638888888888889,54,10.11111111111111,1014.8,0.0,15.0,,21.8,25.4,25.4,0,0.0,Sunny,Clear skies
2026-01-29T22:00,25.3,27.0,79,5.583333333333334,54,10.194444444444445,1015.0,0.0,15.0,,21.4,25.3,25.3,0,0.0,Sunny,Clear skies
2026-01-29T23:00,25.1,26.6,78,5.333333333333333,48,10.0,1015.3,0.0,15.0,,20.9,25.1,25.1,0,0.0,Sunny,Clear skies
2026-01-30T00:00,24.3,25.8,79,4.916666666666666,38,9.5,1015.0,0.0,15.0,,20.4,24.3,24.3,0,0.0,Sunny,Clear skies
2026-01-30T01:00,23.6,25.1,80,4.305555555555555,32,8.805555555555555,1014.6,0.0,15.0,,19.8,23.6,23.6,0,0.0,Sunny,Clear skies
2026-01-30T02:00,22.6,24.1,81,3.75,12,7.611111111111111,1014.4,0.0,15.0,,19.1,22.6,22.6,0,0.0,Sunny,Clear skies
2026-01-30T03:00,21.5,22.3,80,3.9166666666666665,356,6.888888888888889,1014.4,0.0,14.45,,18.0,21.5,21.5,11,0.0,Sunny,Clear skies
2026-01-30T04:00,21.1,21.7,81,4.111111111111112,355,7.305555555555555,1014.6,0.0,14.7,,17.6,21.1,21.1,6,0.0,Sunny,Clear skies
2026-01-30T05:00,20.8,21.5,82,4.0,356,7.305555555555555,1014.6,0.0,15.0,,17.7,20.8,20.8,0,0.0,Sunny,Clear skies
2026-01-30T06:00,20.7,21.7,85,3.7777777777777777,352,7.111111111111112,1015.2,0.0,15.0,,18.1,20.7,20.7,0,0.0,Sunny,Clear skies
2026-01-30T07:00,21.4,22.6,84,3.75,348,6.805555555555555,1016.3,0.0,14.9,,18.5,21.4,21.4,2,48.0,Sunny,Clear skies
2026-01-30T08:00,23.5,24.7,76,4.166666666666667,353,8.5,1016.9,0.0,15.0,,19.1,23.5,23.5,0,259.0,Sunny,Clear skies
2026-01-30T09:00,25.6,26.3,65,4.888888888888889,11,10.305555555555555,1017.2,0.0,14.95,,18.6,25.6,25.6,1,498.0,Sunny,Clear skies
2026-01-30T10:00,27.2,28.1,56,5.0,23,10.88888888888889,1017.0,0.0,15.0,,17.8,28.030491895751087,27.2,0,702.0,Sunny,Clear skies
2026-01-30T11:00,28.4,30.0,51,4.916666666666666,35,10.88888888888889,1016.2,0.0,14.9,,17.4,29.014857017137818,28.4,2,850.0,Sunny,Clear skies
2026-01-30T12:00,29.1,31.3,50,4.75,48,10.88888888888889,1015.1,0.0,14.75,,17.7,29.790646711304436,29.1,5,921.0,Sunny,Clear skies
2026-01-30T13:00,29.6,31.7,49,4.888888888888889,57,11.0,1013.4,0.0,14.95,,17.6,30.331439622275568,29.6,1,922.0,Sunny,Clear skies
2026-01-30T14:00,29.5,31.0,50,5.305555555555556,74,11.61111111111111,1012.0,0.0,15.0,,17.9,30.33208633594447,29.5,0,850.0,Sunny,Clear skies
2026-01-30T15:00,28.2,28.8,55,6.166666666666666,86,12.61111111111111,1011.4,0.0,15.0,,18.3,29.183498115395537,28.2,0,703.0,Sunny,Clear skies
2026-01-30T16:00,27.5,27.2,58,6.722222222222221,77,13.305555555555555,1011.5,0.0,15.0,,18.6,28.559961343055615,27.5,0,498.0,Sunny,Clear skies
2026-01-30T17:00,26.8,26.5,61,6.722222222222221,77,13.38888888888889,1011.9,0.0,15.0,,18.7,27.898249344195474,26.8,0,261.0,Sunny,Clear skies
2026-01-30T18:00,26.3,26.6,65,6.027777777777778,76,12.694444444444445,1012.3,0.0,15.0,,19.2,26.3,26.3,0,51.0,Sunny,Clear skies
2026-01-30T19:00,26.3,27.0,69,6.027777777777778,71,11.11111111111111,1013.6,0.0,15.0,,20.1,26.3,26.3,0,0.0,Sunny,Clear skies
2026-01-30T20:00,26.0,27.3,72,5.472222222222222,61,11.11111111111111,1014.2,0.0,15.0,,20.6,26.0,26.0,0,0.0,Sunny,Clear skies
2026-01-30T21:00,25.7,27.2,73,4.972222222222221,53,9.805555555555555,1014.8,0.0,15.0,,20.6,25.7,25.7,0,0.0,Sunny,Clear skies
2026-01-30T22:00,25.4,27.0,75,4.888888888888889,48,8.88888888888889,1015.2,0.0,15.0,,20.6,25.4,25.4,0,0.0,Sunny,Clear skies
2026-01-30T23:00,25.0,26.6,75,4.694444444444444,44,8.694444444444445,1015.0,0.0,15.0,,20.3,25.0,25.0,0,0.0,Sunny,Clear skies
2026-01-31T00:00,24.6,26.1,75,4.472222222222222,34,8.38888888888889,1014.4,0.0,14.9,,20.0,24.6,24.6,2,0.0,Sunny,Clear skies
2026-01-31T01:00,23.9,25.2,74,4.027777777777778,17,8.0,1014.0,0.0,14.7,,19.0,23.9,23.9,6,0.0,Sunny,Clear skies
2026-01-31T02:00,23.3,24.3,73,3.611111111111111,6,7.194444444444444,1013.6,0.0,15.0,,18.1,23.3,23.3,0,0.0,Sunny,Clear skies
2026-01-31T03:00,22.6,23.7,74,3.2499999999999996,356,6.388888888888888,1013.2,0.0,15.0,,17.8,22.6,22.6,0,0.0,Sunny,Clear skies
2026-01-31T04:00,22.0,23.0,76,3.222222222222222,342,5.805555555555555,1013.6,0.0,14.9,,17.6,22.0,22.0,2,0.0,Sunny,Clear skies
2026-01-31T05:00,21.9,22.8,78,3.5833333333333335,344,5.805555555555555,1014.1,0.0,14.8,,17.8,21.9,21.9,4,0.0,Sunny,Clear skies
2026-01-31T06:00,21.7,22.8,79,3.555555555555556,350,6.305555555555555,1014.8,0.0,5,,18.0,21.7,21.7,99,0.0,Cloudy,Overcast
2026-01-31T07:00,22.4,23.6,79,3.75,356,7.111111111111112,1015.7,0.0,14.7,,18.6,22.4,22.4,6,32.0,Sunny,Clear skies
2026-01-31T08:00,23.9,25.1,75,4.388888888888889,1,8.805555555555555,1016.5,0.0,14.8,,19.3,23.9,23.9,4,215.0,Sunny,Clear skies
2026-01-31T09:00,25.9,26.9,67,4.916666666666666,10,10.388888888888888,1017.0,0.0,15.0,,19.3,25.9,25.9,0,474.0,Sunny,Clear skies
2026-01-31T10:00,27.6,28.9,59,5.111111111111111,20,11.0,1016.6,0.0,14.9,,18.8,28.78254182396467,27.6,2,684.0,Sunny,Clear skies
2026-01-31T11:00,29.2,31.1,53,5.083333333333333,31,11.0,1015.7,0.0,13.3,,18.5,30.323315318737905,29.2,34,826.0,Partly Cloudy,Mainly clear
2026-01-31T12:00,29.7,31.5,49,4.944444444444445,42,11.194444444444443,1014.7,0.0,11.45,,17.8,30.469469038835605,29.7,71,856.0,Partly Cloudy,Partly cloudy
2026-01-31T13:00,30.2,31.8,47,4.944444444444445,51,11.0,1013.7,0.0,14.350000000000001,,17.6,30.874101381991125,30.2,13,846.0,Sunny,Clear skies
2026-01-31T14:00,30.4,31.9,46,4.861111111111111,58,11.0,1012.3,0.0,11.15,,17.5,31.00194833811562,30.4,77,819.0,Partly Cloudy,Partly cloudy
2026-01-31T15:00,30.0,31.3,49,4.5,69,10.694444444444445,1011.7,0.0,11.35,,18.2,30.894053255555573,30.0,73,680.0,Partly Cloudy,Partly cloudy
2026-01-31T16:00,28.9,30.5,59,4.277777777777778,76,9.88888888888889,1011.5,0.0,13.0,,20.0,30.717955184364598,28.9,40,485.0,Partly Cloudy,Mainly clear
2026-01-31T17:00,28.0,29.4,64,5.166666666666667,74,9.5,1011.6,0.0,11.15,,20.6,29.910537803555528,28.0,77,256.0,Partly Cloudy,Partly cloudy
2026-01-31T18:00,26.7,28.9,75,5.111111111111111,71,10.194444444444445,1011.8,0.0,5,,21.9,28.71463066495108,26.7,94,50.0,Cloudy,Overcast
2026-01-31T19:00,26.9,28.7,74,5.694444444444445,65,10.305555555555555,1012.7,0.0,5,,21.9,29.008934705731015,26.9,90,0.0,Cloudy,Overcast
2026-01-31T20:00,26.7,28.4,77,6.305555555555555,56,11.805555555555555,1013.6,0.0,14.9,,22.2,28.861554725324424,26.7,2,0.0,Sunny,Clear skies
2026-01-31T21:00,26.1,28.3,78,5.333333333333333,50,11.61111111111111,1014.7,0.0,14.45,,22.1,26.1,26.1,11,0.0,Sunny,Clear skies
2026-01-31T22:00,25.9,27.9,79,5.444444444444445,47,9.805555555555555,1014.9,0.0,11.55,,21.9,25.9,25.9,69,0.0,Partly Cloudy,Partly cloudy
2026-01-31T23:00,26.3,28.2,76,5.416666666666667,47,10.194444444444445,1014.3,0.0,5,,21.8,26.3,26.3,100,0.0,Cloudy,Overcast
2026-02-01T00:00,26.2,28.0,74,5.055555555555555,41,9.805555555555555,1014.0,0.0,5,,21.2,26.2,26.2,100,0.0,Cloudy,Overcast
2026-02-01T01:00,25.8,27.1,73,5.333333333333333,32,9.61111111111111,1013.0,0.0,5,,20.5,25.8,25.8,99,0.0,Cloudy,Overcast
2026-02-01T02:00,24.4,25.6,80,5.833333333333333,33,10.611111111111112,1012.8,0.3,9.4,,20.7,24.4,24.4,100,0.0,Light Rain,Light drizzle
2026-02-01T03:00,23.5,25.8,87,4.333333333333333,26,10.499999999999998,1012.6,1.6,6.8,,21.3,23.5,23.5,100,0.0,Light Rain,Slight rain
2026-02-01T04:00,23.2,25.4,88,4.25,22,7.388888888888889,1013.0,0.6,8.8,,21.1,23.2,23.2,97,0.0,Light Rain,Moderate drizzle
2026-02-01T05:00,24.6,26.9,79,3.5,24,9.0,1012.8,4.8,0.40000000000000036,,20.6,24.6,24.6,91,0.0,Light Rain,Moderate rain
2026-02-01T06:00,24.3,26.3,79,4.083333333333333,24,7.111111111111112,1013.6,0.1,9.8,,20.5,24.3,24.3,100,0.0,Light Rain,Light drizzle
2026-02-01T07:00,24.8,26.3,77,4.805555555555555,16,8.694444444444445,1014.7,0.1,9.8,,20.4,24.8,24.8,91,26.0,Light Rain,Light drizzle
2026-02-01T08:00,25.9,27.1,70,5.166666666666667,17,10.194444444444445,1015.5,0.0,5,,20.0,25.9,25.9,98,173.0,Cloudy,Overcast
2026-02-01T09:00,27.4,28.6,65,5.361111111111112,24,11.305555555555555,1016.2,0.0,11.45,,20.3,29.057278482471045,27.4,71,441.0,Partly Cloudy,Partly cloudy
2026-02-01T10:00,28.1,29.2,64,5.777777777777778,37,11.61111111111111,1016.1,0.4,9.2,,20.7,30.076425558575593,28.1,57,527.0,Light Rain,Light drizzle
2026-02-01T11:00,28.9,30.0,61,6.333333333333333,37,13.61111111111111,1015.6,0.0,5,,20.6,31.015885100115625,28.9,81,603.0,Cloudy,Overcast
2026-02-01T12:00,28.1,29.9,66,5.083333333333333,43,13.11111111111111,1014.6,0.1,9.8,,21.1,30.32898858797118,28.1,77,490.0,Light Rain,Light drizzle
2026-02-01T13:00,29.4,31.9,63,5.194444444444444,51,11.888888888888888,1013.4,0.0,13.75,,21.5,32.25745578348457,29.4,25,683.0,Partly Cloudy,Mainly clear
2026-02-01T14:00,28.9,31.6,66,5.833333333333333,59,12.38888888888889,1012.3,0.1,9.8,,21.9,31.814933429571195,28.9,40,735.0,Light Rain,Light drizzle
2026-02-01T15:00,29.1,31.9,67,5.0,59,12.305555555555554,1011.8,0.0,14.2,,22.3,32.38934118267563,29.1,16,627.0,Sunny,Clear skies
2026-02-01T16:00,27.6,30.2,77,5.611111111111111,71,11.38888888888889,1011.7,0.5,9.0,,23.1,30.740437786364605,27.6,4,446.0,Light Rain,Moderate drizzle
2026-02-01T17:00,28.0,30.5,74,5.361111111111112,58,11.305555555555555,1012.2,0.0,14.350000000000001,,22.8,31.21358569911119,28.0,13,235.0,Sunny,Clear skies
2026-02-01T18:00,27.1,30.2,78,4.666666666666667,46,10.499999999999998,1012.8,0.0,14.8,,23.0,29.766078975517935,27.1,4,48.0,Sunny,Clear skies
2026-02-01T19:00,26.8,29.5,79,5.333333333333333,46,9.61111111111111,1013.6,0.0,14.2,,23.0,29.220531620835587,26.8,16,0.0,Sunny,Clear skies
2026-02-01T20:00,26.3,28.5,81,6.027777777777778,42,10.88888888888889,1014.3,0.0,5,,22.8,26.3,26.3,91,0.0,Cloudy,Overcast
2026-02-01T21:00,25.9,28.3,84,5.888888888888888,37,11.194444444444443,1014.9,0.0,5,,23.0,25.9,25.9,82,0.0,Cloudy,Overcast
2026-02-01T22:00,25.8,27.9,83,6.138888888888889,35,11.0,1015.1,0.0,5,,22.7,25.8,25.8,93,0.0,Cloudy,Overcast
2026-02-01T23:00,25.3,27.4,85,6.138888888888889,40,11.5,1015.0,0.1,9.8,,22.6,25.3,25.3,68,0.0,Light Rain,Light drizzle
2026-02-02T00:00,25.1,27.4,86,5.666666666666666,34,11.0,1014.5,0.0,12.05,,22.5,25.1,25.1,59,0.0,Partly Cloudy,Partly cloudy
2026-02-02T01:00,25.1,27.2,84,5.527777777777778,27,10.305555555555555,1013.6,0.0,12.75,,22.2,25.1,25.1,45,0.0,Partly Cloudy,Mainly clear
2026-02-02T02:00,24.7,26.9,85,5.111111111111111,26,10.0,1013.4,0.0,11.0,,22.0,24.7,24.7,80,0.0,Cloudy,Overcast
2026-02-02T03:00,24.5,26.9,86,4.75,25,9.11111111111111,1013.1,0.3,9.4,,22.0,24.5,24.5,73,0.0,Light Rain,Light drizzle
2026-02-02T04:00,24.3,26.9,88,4.666666666666667,18,8.5,1013.1,0.1,9.8,,22.1,24.3,24.3,53,0.0,Light Rain,Light drizzle
2026-02-02T05:00,23.7,26.4,90,4.25,9,8.194444444444445,1013.8,0.1,9.8,,22.0,23.7,23.7,100,0.0,Light Rain,Light drizzle
2026-02-02T06:00,24.0,26.6,88,4.194444444444445,9,7.694444444444444,1014.3,0.1,9.8,,21.9,24.0,24.0,100,0.0,Light Rain,Light drizzle
2026-02-02T07:00,24.5,26.9,84,4.5,1,8.0,1015.1,0.0,13.7,,21.6,24.5,24.5,26,37.0,Partly Cloudy,Mainly clear
2026-02-02T08:00,25.8,27.8,76,4.75,4,9.305555555555555,1015.7,0.0,12.95,,21.2,25.8,25.8,41,200.0,Partly Cloudy,Mainly clear
2026-02-02T09:00,27.4,28.5,67,6.138888888888889,19,12.11111111111111,1015.9,0.0,13.25,,20.9,29.24975468307548,27.4,35,409.0,Partly Cloudy,Mainly clear
2026-02-02T10:00,28.8,29.5,61,6.499999999999999,33,13.194444444444445,1015.3,0.0,12.4,,20.5,30.845570467395607,28.8,52,564.0,Partly Cloudy,Partly cloudy
2026-02-02T11:00,29.5,30.8,59,6.361111111111111,44,13.5,1014.5,0.0,13.95,,20.5,31.73173816244445,29.5,21,671.0,Partly Cloudy,Mainly clear
2026-02-02T12:00,29.8,32.1,59,6.25,53,13.194444444444445,1013.4,0.2,9.6,,20.9,32.267172742524416,29.8,20,817.0,Light Rain,Light drizzle
2026-02-02T13:00,29.9,32.5,60,6.083333333333333,59,13.194444444444445,1012.2,0.1,9.8,,21.3,32.642494817037814,29.9,31,814.0,Light Rain,Light drizzle
2026-02-02T14:00,29.6,32.5,62,5.694444444444445,62,12.805555555555555,1011.1,0.0,14.15,,21.6,32.45560572289786,29.6,17,780.0,Sunny,Clear skies
2026-02-02T15:00,28.9,31.3,67,5.722222222222222,71,12.11111111111111,1010.7,0.0,13.1,,22.3,31.98403855947564,28.9,38,619.0,Partly Cloudy,Mainly clear
2026-02-02T16:00,28.2,29.9,71,6.527777777777778,73,12.805555555555555,1010.6,0.0,11.55,,22.4,31.20258446561764,28.2,69,439.0,Partly Cloudy,Partly cloudy
2026-02-02T17:00,27.8,29.7,74,6.666666666666666,75,14.194444444444445,1011.1,0.0,5,,22.7,30.789025956391143,27.8,95,252.0,Cloudy,Overcast
2026-02-02T18:00,27.2,29.0,78,7.055555555555555,71,12.38888888888889,1011.6,0.0,5,,23.0,29.98047169953779,27.2,84,50.0,Cloudy,Overcast
2026-02-02T19:00,27.0,28.6,77,7.138888888888888,59,13.5,1013.0,0.0,12.45,,22.6,29.463232712444526,27.0,51,0.0,Partly Cloudy,Partly cloudy
2026-02-02T20:00,26.6,28.0,78,7.277777777777778,54,13.194444444444445,1013.9,0.0,14.5,,22.4,26.6,26.6,10,0.0,Sunny,Clear skies
2026-02-02T21:00,26.4,27.6,78,7.361111111111111,52,13.5,1014.8,0.0,14.7,,22.3,26.4,26.4,6,0.0,Sunny,Clear skies
2026-02-02T22:00,26.1,27.5,78,6.777777777777777,49,13.38888888888889,1015.1,0.0,14.3,,22.0,26.1,26.1,14,0.0,Sunny,Clear skies
2026-02-02T23:00,25.8,27.0,74,5.916666666666667,43,12.194444444444443,1015.1,0.0,14.75,,20.8,25.8,25.8,5,0.0,Sunny,Clear skies
2026-02-03T00:00,25.5,26.5,72,5.361111111111112,37,10.694444444444445,1014.8,0.0,14.75,,20.0,25.5,25.5,5,0.0,Sunny,Clear skies
2026-02-03T01:00,24.7,26.1,75,4.527777777777778,27,9.694444444444445,1014.3,0.0,14.350000000000001,,19.9,24.7,24.7,13,0.0,Sunny,Clear skies
2026-02-03T02:00,23.9,25.4,77,4.138888888888889,15,8.11111111111111,1014.0,0.0,13.45,,19.7,23.9,23.9,31,0.0,Partly Cloudy,Mainly clear
2026-02-03T03:00,23.3,24.8,79,3.7777777777777777,8,7.388888888888889,1014.0,0.0,5,,19.4,23.3,23.3,86,0.0,Cloudy,Overcast
2026-02-03T04:00,22.8,24.2,80,3.944444444444444,357,7.111111111111112,1014.1,0.0,5,,19.2,22.8,22.8,91,0.0,Cloudy,Overcast
2026-02-03T05:00,22.7,23.9,80,4.194444444444445,358,7.111111111111112,1014.2,0.0,5,,19.1,22.7,22.7,83,0.0,Cloudy,Overcast
2026-02-03T06:00,22.4,23.5,81,4.361111111111111,349,7.694444444444444,1015.0,0.0,5,,19.1,22.4,22.4,88,0.0,Cloudy,Overcast
2026-02-03T07:00,22.9,24.1,79,4.25,347,8.305555555555555,1016.1,0.0,5,,19.2,22.9,22.9,88,46.0,Cloudy,Overcast
2026-02-03T08:00,24.8,25.9,71,4.638888888888888,360,9.5,1016.9,0.0,14.9,,19.2,24.8,24.8,2,250.0,Sunny,Clear skies
2026-02-03T09:00,26.3,26.9,63,5.166666666666667,18,10.88888888888889,1017.1,0.0,15.0,,18.8,26.3,26.3,0,486.0,Sunny,Clear skies
2026-02-03T10:00,27.6,28.4,56,5.333333333333333,32,11.5,1016.5,0.0,14.45,,18.1,28.510988196071246,27.6,11,693.0,Sunny,Clear skies
2026-02-03T11:00,28.5,30.5,56,5.249999999999999,47,11.5,1016.0,0.0,13.1,,18.8,29.709474294611166,28.5,38,845.0,Partly Cloudy,Mainly clear
2026-02-03T12:00,29.0,31.0,53,5.416666666666667,55,11.888888888888888,1014.9,0.0,5,,18.4,30.038227501777822,29.0,93,898.0,Cloudy,Overcast
2026-02-03T13:00,29.3,30.9,52,5.666666666666666,63,12.194444444444443,1013.7,0.0,5,,18.4,30.328222305135633,29.3,100,848.0,Cloudy,Overcast
2026-02-03T14:00,28.3,29.6,57,6.055555555555555,79,12.805555555555555,1012.9,0.0,5,,18.9,29.54368846479128,28.3,100,807.0,Cloudy,Overcast
2026-02-03T15:00,28.1,28.6,56,6.277777777777778,74,12.888888888888888,1012.2,0.0,12.3,,18.5,29.156750657171138,28.1,54,673.0,Partly Cloudy,Partly cloudy
2026-02-03T16:00,27.8,27.5,57,6.611111111111111,77,13.194444444444445,1012.0,0.0,5,,18.6,28.859246993191213,27.8,89,497.0,Cloudy,Overcast
2026-02-03T17:00,27.3,28.2,65,5.805555555555555,77,13.194444444444445,1012.3,0.0,5,,20.1,28.90311321455128,27.3,95,242.0,Cloudy,Overcast
2026-02-03T18:00,26.7,27.9,68,5.388888888888888,73,11.11111111111111,1012.8,0.0,5,,20.4,28.22505353490453,26.7,100,50.0,Cloudy,Overcast
2026-02-03T19:00,26.8,28.0,67,5.333333333333333,65,9.805555555555555,1013.4,0.0,11.45,,20.2,28.30698705603568,26.8,71,0.0,Partly Cloudy,Partly cloudy
2026-02-03T20:00,26.4,27.9,69,4.805555555555555,59,9.61111111111111,1014.0,0.0,5,,20.3,26.4,26.4,87,0.0,Cloudy,Overcast
2026-02-03T21:00,25.8,27.7,76,5.222222222222222,54,9.305555555555555,1014.8,0.0,5,,21.4,25.8,25.8,100,0.0,Cloudy,Overcast
2026-02-03T22:00,25.7,27.5,79,5.722222222222222,54,10.305555555555555,1014.8,0.0,5,,21.8,25.7,25.7,100,0.0,Cloudy,Overcast
2026-02-03T23:00,25.5,27.3,80,5.805555555555555,48,11.11111111111111,1014.5,0.0,5,,21.9,25.5,25.5,100,0.0,Cloudy,Overcast
2026-02-04T00:00,25.3,26.8,80,6.166666666666666,42,11.11111111111111,1014.5,0.0,13.75,,21.6,25.3,25.3,25,0.0,Partly Cloudy,Mainly clear
2026-02-04T01:00,24.8,26.3,80,5.583333333333334,34,11.11111111111111,1014.1,0.0,15.0,,21.1,24.8,24.8,0,0.0,Sunny,Clear skies
2026-02-04T02:00,24.2,25.6,80,5.138888888888888,28,10.11111111111111,1013.5,0.0,14.850000000000001,,20.6,24.2,24.2,3,0.0,Sunny,Clear skies
2026-02-04T03:00,23.6,25.0,82,4.888888888888889,20,9.305555555555555,1013.1,0.0,15.0,,20.2,23.6,23.6,0,0.0,Sunny,Clear skies
2026-02-04T04:00,23.0,24.4,83,4.666666666666667,13,8.805555555555555,1013.2,0.0,15.0,,20.0,23.0,23.0,0,0.0,Sunny,Clear skies
2026-02-04T05:00,22.9,24.6,85,4.388888888888889,7,8.305555555555555,1013.8,0.0,15.0,,20.2,22.9,22.9,0,0.0,Sunny,Clear skies
2026-02-04T06:00,22.8,24.6,86,4.25,3,7.805555555555555,1014.4,0.0,14.8,,20.4,22.8,22.8,4,0.0,Sunny,Clear skies
2026-02-04T07:00,23.6,25.3,82,4.25,356,8.305555555555555,1015.3,0.0,14.9,,20.3,23.6,23.6,2,47.0,Sunny,Clear skies
2026-02-04T08:00,25.1,26.8,75,4.472222222222222,356,9.305555555555555,1015.8,0.0,14.600000000000001,,20.3,25.1,25.1,8,249.0,Sunny,Clear skies
2026-02-04T09:00,26.9,28.4,67,4.527777777777778,11,9.805555555555555,1016.4,0.0,13.95,,20.1,28.45812507627549,26.9,21,469.0,Partly Cloudy,Mainly clear
2026-02-04T10:00,28.5,30.2,59,4.722222222222222,26,10.388888888888888,1015.9,0.0,14.2,,19.6,30.084385926444497,28.5,16,653.0,Sunny,Clear skies
2026-02-04T11:00,29.5,31.7,55,5.305555555555556,43,11.194444444444443,1015.3,0.0,11.45,,19.6,31.07249054955561,29.5,71,808.0,Partly Cloudy,Partly cloudy
2026-02-04T12:00,29.5,31.9,56,5.555555555555555,56,11.888888888888888,1014.3,0.0,11.55,,19.8,31.231725432611015,29.5,69,853.0,Partly Cloudy,Partly cloudy
2026-02-04T13:00,29.9,32.4,55,5.472222222222222,58,12.194444444444443,1013.2,0.0,12.8,,19.7,31.7207000897156,29.9,44,886.0,Partly Cloudy,Mainly clear
2026-02-04T14:00,29.8,32.2,55,5.194444444444444,71,11.805555555555555,1012.2,0.0,13.15,,19.8,31.55569265619549,29.8,37,828.0,Partly Cloudy,Mainly clear
2026-02-04T15:00,29.2,30.5,57,5.861111111111112,78,12.0,1011.6,0.0,14.55,,19.7,30.904357730791187,29.2,9,698.0,Sunny,Clear skies
2026-02-04T16:00,28.7,29.5,62,6.527777777777778,76,12.805555555555555,1011.2,0.0,14.95,,20.7,30.822027395357768,28.7,1,492.0,Sunny,Clear skies
2026-02-04T17:00,27.7,29.1,72,6.722222222222221,75,13.61111111111111,1011.7,0.0,14.95,,22.1,30.33513165482441,27.7,1,263.0,Sunny,Clear skies
2026-02-04T18:00,27.1,28.6,74,6.555555555555555,70,12.5,1012.1,0.0,15.0,,22.0,29.38606623333116,27.1,0,55.0,Sunny,Clear skies
2026-02-04T19:00,27.1,28.6,73,6.25,62,12.0,1013.1,0.0,15.0,,21.9,29.294085455795692,27.1,0,0.0,Sunny,Clear skies
2026-02-04T20:00,26.7,28.7,75,5.666666666666666,54,11.38888888888889,1014.3,0.0,15.0,,22.0,28.71463066495108,26.7,0,0.0,Sunny,Clear skies
2026-02-04T21:00,26.3,28.4,79,5.722222222222222,50,10.388888888888888,1015.0,0.0,15.0,,22.3,26.3,26.3,0,0.0,Sunny,Clear skies
2026-02-04T22:00,25.9,28.1,82,5.722222222222222,44,10.611111111111112,1015.0,0.0,14.95,,22.5,25.9,25.9,1,0.0,Sunny,Clear skies
2026-02-04T23:00,26.1,28.4,81,5.416666666666667,41,10.499999999999998,1014.5,0.0,14.75,,22.5,26.1,26.1,5,0.0,Sunny,Clear skies
2026-02-05T00:00,25.6,27.9,82,5.361111111111112,39,10.194444444444445,1014.2,0.0,14.2,,22.3,25.6,25.6,16,0.0,Sunny,Clear skies
2026-02-05T01:00,25.2,27.2,82,5.416666666666667,35,10.305555555555555,1013.6,0.0,13.45,,22.0,25.2,25.2,31,0.0,Partly Cloudy,Mainly clear
2026-02-05T02:00,24.8,27.3,85,4.944444444444445,28,9.805555555555555,1013.0,0.0,13.95,,22.2,24.8,24.8,21,0.0,Partly Cloudy,Mainly clear
2026-02-05T03:00,24.4,26.6,86,5.111111111111111,29,9.11111111111111,1012.7,0.0,11.95,,21.9,24.4,24.4,61,0.0,Partly Cloudy,Partly cloudy
2026-02-05T04:00,24.0,26.3,88,4.805555555555555,21,9.305555555555555,1012.7,0.1,9.8,,21.8,24.0,24.0,40,0.0,Light Rain,Light drizzle
2026-02-05T05:00,23.8,26.5,92,4.694444444444444,20,8.694444444444445,1012.9,0.0,12.4,,22.4,23.8,23.8,52,0.0,Partly Cloudy,Partly cloudy
2026-02-05T06:00,23.7,26.4,92,4.694444444444444,14,8.305555555555555,1013.6,0.2,9.6,,22.3,23.7,23.7,40,0.0,Light Rain,Light drizzle
2026-02-05T07:00,24.0,26.5,89,4.722222222222222,13,8.11111111111111,1014.5,0.2,9.6,,22.1,24.0,24.0,81,35.0,Light Rain,Light drizzle
2026-02-05T08:00,25.1,27.2,83,5.444444444444445,19,10.194444444444445,1015.4,0.2,9.6,,22.0,25.1,25.1,77,159.0,Light Rain,Light drizzle
2026-02-05T09:00,26.6,28.2,74,5.666666666666666,33,11.305555555555555,1016.2,0.4,9.2,,21.5,26.6,26.6,88,319.0,Light Rain,Light drizzle
2026-02-05T10:00,26.8,28.7,74,5.694444444444445,39,11.805555555555555,1016.1,0.3,9.4,,21.8,28.824321293191044,26.8,57,440.0,Light Rain,Light drizzle
2026-02-05T11:00,27.9,30.0,67,5.777777777777778,38,11.805555555555555,1015.7,0.1,9.8,,21.3,30.101283465875653,27.9,24,674.0,Light Rain,Light drizzle
2026-02-05T12:00,29.0,31.6,62,5.861111111111112,51,12.61111111111111,1014.7,0.1,9.8,,21.0,31.34656448977779,29.0,19,819.0,Light Rain,Light drizzle
2026-02-05T13:00,29.0,31.9,63,5.75,59,12.694444444444445,1013.7,0.0,14.65,,21.3,31.50794576844439,29.0,7,830.0,Sunny,Clear skies
2026-02-05T14:00,29.1,31.8,64,6.0,63,12.694444444444445,1012.5,0.0,14.600000000000001,,21.6,31.861331078975557,29.1,8,799.0,Sunny,Clear skies
2026-02-05T15:00,28.5,30.5,67,6.472222222222222,72,13.11111111111111,1011.9,0.0,14.850000000000001,,21.9,31.202184917555606,28.5,3,667.0,Sunny,Clear skies
2026-02-05T16:00,27.7,29.6,72,6.083333333333333,68,13.305555555555555,1012.0,0.0,14.75,,22.2,30.33513165482441,27.7,5,484.0,Sunny,Clear skies
2026-02-05T17:00,27.7,29.7,72,5.666666666666666,63,12.194444444444443,1012.7,0.0,14.9,,22.2,30.33513165482441,27.7,2,252.0,Sunny,Clear skies
2026-02-05T18:00,27.2,29.2,73,5.416666666666667,61,10.805555555555555,1013.5,0.0,5,,21.9,29.481400397315515,27.2,85,53.0,Cloudy,Overcast
2026-02-05T19:00,27.1,28.8,71,5.472222222222222,59,10.11111111111111,1014.8,0.0,5,,21.3,29.11375079033778,27.1,93,0.0,Cloudy,Overcast
2026-02-05T20:00,26.6,28.6,74,5.166666666666667,52,10.0,1015.7,0.0,5,,21.6,26.6,26.6,98,0.0,Cloudy,Overcast
2026-02-05T21:00,26.2,28.5,78,5.138888888888888,45,9.5,1016.5,0.0,5,,22.1,26.2,26.2,96,0.0,Cloudy,Overcast
2026-02-05T22:00,26.0,28.4,79,4.972222222222221,39,9.305555555555555,1016.4,0.0,5,,22.1,26.0,26.0,98,0.0,Cloudy,Overcast
2026-02-05T23:00,25.9,28.1,78,5.027777777777778,31,9.11111111111111,1015.8,0.0,5,,21.8,25.9,25.9,98,0.0,Cloudy,Overcast
2026-02-06T00:00,25.6,27.7,79,5.166666666666667,23,9.388888888888888,1015.3,0.0,12.45,,21.7,25.6,25.6,51,0.0,Partly Cloudy,Partly cloudy
2026-02-06T01:00,25.2,27.4,80,4.75,24,9.305555555555555,1014.5,0.0,11.3,,21.6,25.2,25.2,74,0.0,Partly Cloudy,Partly cloudy
2026-02-06T02:00,24.9,27.2,82,4.694444444444444,21,8.5,1013.9,0.0,14.2,,21.6,24.9,24.9,16,0.0,Sunny,Clear skies
2026-02-06T03:00,24.5,26.9,84,4.472222222222222,20,8.38888888888889,1013.4,0.0,14.95,,21.6,24.5,24.5,1,0.0,Sunny,Clear skies
2026-02-06T04:00,24.2,26.4,85,4.611111111111112,10,8.305555555555555,1013.5,0.0,14.8,,21.5,24.2,24.2,4,0.0,Sunny,Clear skies
2026-02-06T05:00,23.9,26.1,87,4.861111111111111,4,8.694444444444445,1013.5,0.0,14.95,,21.6,23.9,23.9,1,0.0,Sunny,Clear skies
2026-02-06T06:00,23.8,26.0,88,4.805555555555555,1,8.805555555555555,1014.0,0.0,14.9,,21.6,23.8,23.8,2,0.0,Sunny,Clear skies
2026-02-06T07:00,24.5,26.8,84,4.611111111111112,2,9.0,1015.0,0.0,14.9,,21.7,24.5,24.5,2,44.0,Sunny,Clear skies
2026-02-06T08:00,25.9,27.6,77,5.583333333333334,15,11.11111111111111,1015.9,0.0,13.65,,21.5,25.9,25.9,27,235.0,Partly Cloudy,Mainly clear
2026-02-06T09:00,27.3,28.7,69,5.777777777777778,29,11.805555555555555,1016.7,0.0,13.6,,21.1,29.27584525225799,27.3,28,448.0,Partly Cloudy,Mainly clear
2026-02-06T10:00,28.7,30.3,62,5.777777777777778,40,12.194444444444443,1016.5,0.1,9.8,,20.8,30.822027395357768,28.7,20,640.0,Light Rain,Light drizzle
2026-02-06T11:00,30.0,32.4,57,5.555555555555555,43,12.694444444444445,1015.6,0.1,9.8,,20.5,32.25272841111113,30.0,22,792.0,Light Rain,Light drizzle
2026-02-06T12:00,30.2,32.9,56,5.388888888888888,50,11.888888888888888,1014.6,0.0,14.25,,20.4,32.4166769669512,30.2,15,843.0,Sunny,Clear skies
2026-02-06T13:00,30.3,33.0,56,5.611111111111111,60,12.11111111111111,1013.4,0.1,9.8,,20.4,32.59398101725108,30.3,53,874.0,Light Rain,Light drizzle
2026-02-06T14:00,29.6,32.0,60,5.722222222222222,66,12.194444444444443,1012.3,0.2,9.6,,21.0,32.08678250993773,29.6,69,756.0,Light Rain,Light drizzle
2026-02-06T15:00,29.0,31.0,65,6.083333333333333,67,12.61111111111111,1012.1,0.1,9.8,,21.6,31.840314627111134,29.0,82,647.0,Light Rain,Light drizzle
2026-02-06T16:00,28.4,30.0,68,6.333333333333333,69,12.694444444444445,1012.3,0.0,11.6,,21.9,31.159492676284515,28.4,68,469.0,Partly Cloudy,Partly cloudy
2026-02-06T17:00,27.5,28.9,74,7.138888888888888,73,13.38888888888889,1012.7,0.0,5,,22.4,30.17194809861116,27.5,93,241.0,Cloudy,Overcast
2026-02-06T18:00,27.1,28.7,77,7.111111111111112,66,13.694444444444443,1013.1,0.0,5,,22.7,29.669262345164498,27.1,100,52.0,Cloudy,Overcast
2026-02-06T19:00,26.9,28.3,77,7.388888888888889,62,13.5,1013.7,0.0,11.5,,22.6,29.25993823156446,26.9,70,0.0,Partly Cloudy,Partly cloudy
2026-02-06T20:00,26.6,28.1,78,7.111111111111112,55,13.61111111111111,1014.4,0.0,5,,22.4,26.6,26.6,82,0.0,Cloudy,Overcast
2026-02-06T21:00,26.3,28.0,79,6.555555555555555,50,12.999999999999998,1015.0,0.0,5,,22.4,26.3,26.3,98,0.0,Cloudy,Overcast
2026-02-06T22:00,25.9,28.1,83,5.916666666666667,47,12.0,1014.8,0.0,5,,22.7,25.9,25.9,98,0.0,Cloudy,Overcast
2026-02-06T23:00,25.8,28.2,81,5.333333333333333,42,10.694444444444445,1014.0,0.0,5,,22.4,25.8,25.8,98,0.0,Cloudy,Overcast
2026-02-07T00:00,25.7,28.2,81,4.833333333333333,39,9.61111111111111,1014.1,0.0,5,,22.2,25.7,25.7,91,0.0,Cloudy,Overcast
2026-02-07T01:00,25.4,28.1,82,4.277777777777778,34,8.694444444444445,1013.7,0.0,13.85,,22.0,25.4,25.4,23,0.0,Partly Cloudy,Mainly clear
2026-02-07T02:00,24.9,27.8,83,3.7222222222222223,22,7.694444444444444,1013.2,0.0,14.65,,21.8,24.9,24.9,7,0.0,Sunny,Clear skies
2026-02-07T03:00,24.4,27.1,84,3.6944444444444446,8,6.611111111111111,1012.8,0.0,14.0,,21.6,24.4,24.4,20,0.0,Partly Cloudy,Mainly clear
2026-02-07T04:00,24.0,26.4,85,4.111111111111112,359,7.305555555555555,1013.3,0.0,13.85,,21.4,24.0,24.0,23,0.0,Partly Cloudy,Mainly clear
2026-02-07T05:00,23.7,25.8,87,4.694444444444444,359,7.888888888888888,1013.6,0.0,14.350000000000001,,21.5,23.7,23.7,13,0.0,Sunny,Clear skies
2026-02-07T06:00,23.4,25.6,88,4.444444444444445,358,8.5,1014.4,0.0,14.55,,21.3,23.4,23.4,9,0.0,Sunny,Clear skies
2026-02-07T07:00,23.8,26.0,85,4.361111111111111,355,8.5,1015.3,0.0,14.7,,21.2,23.8,23.8,6,44.0,Sunny,Clear skies
2026-02-07T08:00,25.3,26.8,77,5.361111111111112,8,10.499999999999998,1015.9,0.0,13.9,,21.0,25.3,25.3,22,243.0,Partly Cloudy,Mainly clear
2026-02-07T09:00,27.2,28.4,67,5.666666666666666,17,11.694444444444445,1016.2,0.0,13.8,,20.5,28.925914939235675,27.2,24,467.0,Partly Cloudy,Mainly clear
2026-02-07T10:00,28.9,30.3,58,5.527777777777778,27,11.888888888888888,1015.6,0.0,5,,19.8,30.573637958495713,28.9,86,647.0,Cloudy,Overcast
2026-02-07T11:00,30.1,32.1,54,5.305555555555556,43,11.805555555555555,1014.6,0.0,5,,19.8,31.87620325666449,30.1,97,756.0,Cloudy,Overcast
2026-02-07T12:00,29.9,32.4,57,6.027777777777778,53,12.888888888888888,1013.6,0.0,5,,20.6,32.07703348623114,29.9,94,844.0,Cloudy,Overcast
2026-02-07T13:00,29.3,31.9,61,6.0,54,13.11111111111111,1012.9,0.4,9.2,,21.0,31.718999418195594,29.3,68,823.0,Light Rain,Light drizzle
2026-02-07T14:00,29.1,31.4,62,5.583333333333334,62,12.805555555555555,1012.0,0.2,9.6,,21.2,31.52585219119787,29.1,33,701.0,Light Rain,Light drizzle
2026-02-07T15:00,28.7,30.7,64,5.416666666666667,71,11.805555555555555,1011.5,0.1,9.8,,21.2,31.119871859135532,28.7,25,620.0,Light Rain,Light drizzle
2026-02-07T16:00,28.2,29.7,65,5.555555555555555,69,11.5,1011.4,0.0,14.0,,21.1,30.374351411751135,28.2,20,441.0,Partly Cloudy,Mainly clear
2026-02-07T17:00,27.6,29.3,71,6.027777777777778,74,11.38888888888889,1011.4,0.0,14.55,,21.9,30.02522023793782,27.6,9,255.0,Sunny,Clear skies
2026-02-07T18:00,27.1,29.2,75,5.527777777777778,70,11.5,1011.7,0.0,5,,22.2,29.47925597407127,27.1,88,52.0,Cloudy,Overcast
2026-02-07T19:00,26.9,28.7,75,6.194444444444445,62,11.11111111111111,1012.4,0.0,5,,22.2,29.09160639727105,26.9,91,0.0,Cloudy,Overcast
2026-02-07T20:00,26.6,27.9,75,6.499999999999999,50,12.11111111111111,1013.1,0.0,5,,21.7,26.6,26.6,100,0.0,Cloudy,Overcast
2026-02-07T21:00,26.2,27.9,78,6.138888888888889,50,11.805555555555555,1013.9,0.0,5,,22.1,26.2,26.2,84,0.0,Cloudy,Overcast
2026-02-07T22:00,25.9,27.9,80,5.888888888888888,50,11.11111111111111,1014.0,0.0,14.75,,22.3,25.9,25.9,5,0.0,Sunny,Clear skies
2026-02-07T23:00,25.8,27.6,78,5.583333333333334,46,10.611111111111112,1013.7,0.0,13.65,,21.7,25.8,25.8,27,0.0,Partly Cloudy,Mainly clear
2026-02-08T00:00,25.5,27.2,77,5.222222222222222,40,10.0,1013.6,0.0,14.9,,21.2,25.5,25.5,2,0.0,Sunny,Clear skies
2026-02-08T01:00,24.7,26.7,81,4.833333333333333,31,9.388888888888888,1013.2,0.0,14.65,,21.3,24.7,24.7,7,0.0,Sunny,Clear skies
2026-02-08T02:00,23.9,25.9,85,4.694444444444444,20,8.61111111111111,1012.7,0.0,14.350000000000001,,21.1,23.9,23.9,13,0.0,Sunny,Clear skies
2026-02-08T03:00,23.3,25.5,86,4.111111111111112,9,8.194444444444445,1012.5,0.0,14.850000000000001,,20.8,23.3,23.3,3,0.0,Sunny,Clear skies
2026-02-08T04:00,22.9,24.9,87,4.0,360,7.305555555555555,1012.6,0.0,5,,20.6,22.9,22.9,99,0.0,Cloudy,Overcast
2026-02-08T05:00,22.3,24.2,90,4.333333333333333,353,7.194444444444444,1012.6,0.0,11.35,,20.5,22.3,22.3,73,0.0,Partly Cloudy,Partly cloudy
2026-02-08T06:00,21.9,23.9,93,4.333333333333333,349,7.805555555555555,1013.1,0.0,5,,20.7,21.9,21.9,91,0.0,Cloudy,Overcast
2026-02-08T07:00,22.8,24.9,90,4.472222222222222,355,8.5,1014.2,0.0,11.15,,21.1,22.8,22.8,77,46.0,Partly Cloudy,Partly cloudy
2026-02-08T08:00,24.9,26.8,79,4.861111111111111,15,9.805555555555555,1015.3,0.0,5,,21.1,24.9,24.9,100,237.0,Cloudy,Overcast
2026-02-08T09:00,26.6,28.3,71,4.916666666666666,25,10.388888888888888,1015.8,0.0,5,,20.8,26.6,26.6,98,456.0,Cloudy,Overcast
2026-02-08T10:00,28.0,30.1,62,4.972222222222221,34,10.88888888888889,1015.4,0.0,5,,20.2,29.675842565777796,28.0,98,696.0,Cloudy,Overcast
2026-02-08T11:00,28.9,31.4,58,5.083333333333333,49,11.305555555555555,1014.6,0.0,5,,19.7,30.573637958495713,28.9,98,841.0,Cloudy,Overcast
2026-02-08T12:00,29.7,32.0,53,5.555555555555555,56,12.0,1013.3,0.0,5,,19.1,31.069233013537808,29.7,99,913.0,Cloudy,Overcast
2026-02-08T13:00,29.1,31.5,58,5.75,77,12.5,1012.1,0.0,5,,20.0,30.894561250895613,29.1,98,869.0,Cloudy,Overcast
2026-02-08T14:00,29.0,31.0,58,6.0,79,12.694444444444445,1010.8,0.0,5,,19.8,30.733060379555532,29.0,98,842.0,Cloudy,Overcast
2026-02-08T15:00,28.9,30.0,59,6.666666666666666,79,13.61111111111111,1010.3,0.0,5,,20.1,30.717955184364598,28.9,99,705.0,Cloudy,Overcast
2026-02-08T16:00,28.4,28.5,60,7.0,81,14.11111111111111,1010.2,0.0,5,,19.8,30.057434408337954,28.4,99,503.0,Cloudy,Overcast
2026-02-08T17:00,27.5,28.1,62,5.944444444444444,80,13.88888888888889,1010.3,0.0,5,,19.6,28.923769165277932,27.5,91,263.0,Cloudy,Overcast
2026-02-08T18:00,26.7,27.7,67,5.388888888888888,79,11.305555555555555,1010.9,0.0,5,,19.9,28.15824500283562,26.7,99,58.0,Cloudy,Overcast
2026-02-08T19:00,26.5,27.8,69,5.138888888888888,72,10.11111111111111,1011.7,0.0,5,,20.2,26.5,26.5,100,0.0,Cloudy,Overcast
2026-02-08T20:00,26.3,27.6,70,5.222222222222222,64,9.305555555555555,1012.8,0.0,5,,20.3,26.3,26.3,92,0.0,Cloudy,Overcast
2026-02-08T21:00,26.1,27.1,70,5.611111111111111,60,10.0,1013.2,0.0,13.8,,20.1,26.1,26.1,24,0.0,Partly Cloudy,Mainly clear
2026-02-08T22:00,25.6,26.9,74,5.416666666666667,56,10.11111111111111,1013.6,0.0,14.350000000000001,,20.6,25.6,25.6,13,0.0,Sunny,Clear skies
2026-02-08T23:00,25.1,27.1,79,4.611111111111112,56,9.694444444444445,1013.6,0.0,5,,21.1,25.1,25.1,87,0.0,Cloudy,Overcast
2026-02-09T00:00,24.7,26.9,81,4.444444444444445,49,8.194444444444445,1013.2,0.0,5,,21.3,24.7,24.7,100,0.0,Cloudy,Overcast
2026-02-09T01:00,24.0,26.6,85,3.6944444444444446,42,7.805555555555555,1012.9,0.0,5,,21.3,24.0,24.0,100,0.0,Cloudy,Overcast
2026-02-09T02:00,23.0,26.1,92,3.0555555555555554,15,6.499999999999999,1012.4,0.0,5,,21.6,23.0,23.0,100,0.0,Cloudy,Overcast
2026-02-09T03:00,22.2,25.2,95,3.0,360,5.5,1011.9,0.0,5,,21.3,22.2,22.2,100,0.0,Cloudy,Overcast
2026-02-09T04:00,21.7,24.5,95,3.0,360,5.388888888888888,1012.2,0.0,5,,20.9,21.7,21.7,100,0.0,Cloudy,Overcast
2026-02-09T05:00,21.5,24.2,95,2.972222222222222,347,5.194444444444444,1012.8,0.0,5,,20.7,21.5,21.5,100,0.0,Cloudy,Overcast
2026-02-09T06:00,21.1,23.6,95,2.888888888888889,337,5.194444444444444,1013.8,0.0,5,,20.3,21.1,21.1,100,0.0,Cloudy,Overcast
2026-02-09T07:00,22.1,24.3,90,3.5833333333333335,344,6.888888888888889,1014.7,0.0,5,,20.4,22.1,22.1,100,46.0,Cloudy,Overcast
2026-02-09T08:00,23.9,26.3,82,3.4722222222222223,355,7.5,1015.4,0.0,5,,20.7,23.9,23.9,98,253.0,Cloudy,Overcast
2026-02-09T09:00,26.0,27.8,71,4.361111111111111,22,9.388888888888888,1016.0,0.0,5,,20.4,26.0,26.0,99,483.0,Cloudy,Overcast
2026-02-09T10:00,27.6,29.7,61,4.416666666666667,31,10.0,1015.7,0.0,5,,19.4,28.97227001491563,27.6,100,702.0,Cloudy,Overcast
2026-02-09T11:00,28.5,31.0,58,4.833333333333333,50,10.388888888888888,1015.3,0.0,5,,19.3,29.956732777055564,28.5,100,842.0,Cloudy,Overcast
2026-02-09T12:00,28.8,31.4,58,4.75,65,10.805555555555555,1014.0,0.0,5,,19.7,30.416293987715537,28.8,100,827.0,Cloudy,Overcast
2026-02-09T13:00,28.0,30.6,64,5.444444444444445,84,11.888888888888888,1012.6,0.0,5,,20.6,29.910537803555528,28.0,99,806.0,Cloudy,Overcast
2026-02-09T14:00,28.6,30.7,59,5.527777777777778,80,12.0,1011.3,0.0,5,,19.7,30.239606786364487,28.6,100,813.0,Cloudy,Overcast
2026-02-09T15:00,28.4,29.4,59,6.527777777777778,81,13.38888888888889,1010.7,0.0,5,,19.7,29.9312793695646,28.4,98,686.0,Cloudy,Overcast
2026-02-09T16:00,28.3,28.8,60,6.277777777777778,79,13.5,1010.4,0.0,5,,19.8,29.90229714791783,28.3,96,509.0,Cloudy,Overcast
2026-02-09T17:00,27.5,28.5,63,5.166666666666667,81,12.694444444444445,1010.8,0.0,5,,19.8,29.018803294444467,27.5,83,272.0,Cloudy,Overcast
2026-02-09T18:00,26.5,27.6,69,5.611111111111111,79,10.194444444444445,1011.5,0.0,5,,20.4,26.5,26.5,95,58.0,Cloudy,Overcast
2026-02-09T19:00,26.3,26.9,71,6.833333333333334,71,12.5,1012.4,0.0,5,,20.6,26.3,26.3,100,0.0,Cloudy,Overcast
2026-02-09T20:00,26.1,26.8,71,6.527777777777778,67,12.61111111111111,1013.3,0.0,5,,20.5,26.1,26.1,97,0.0,Cloudy,Overcast
2026-02-09T21:00,26.1,27.0,70,5.861111111111112,61,11.888888888888888,1013.8,0.0,5,,20.3,26.1,26.1,98,0.0,Cloudy,Overcast
2026-02-09T22:00,26.0,26.9,70,5.583333333333334,54,10.694444444444445,1014.1,0.0,5,,20.1,26.0,26.0,100,0.0,Cloudy,Overcast
2026-02-09T23:00,25.5,27.0,72,4.583333333333333,49,10.11111111111111,1014.0,0.0,5,,20.1,25.5,25.5,98,0.0,Cloudy,Overcast
2026-02-10T00:00,25.0,27.2,76,3.6944444444444446,38,8.11111111111111,1013.7,0.0,5,,20.5,25.0,25.0,99,0.0,Cloudy,Overcast
2026-02-10T01:00,24.3,26.9,80,3.1111111111111107,21,6.611111111111111,1013.1,0.0,5,,20.6,24.3,24.3,100,0.0,Cloudy,Overcast
2026-02-10T02:00,23.5,26.1,83,2.7777777777777777,7,5.388888888888888,1012.7,0.0,5,,20.4,23.5,23.5,100,0.0,Cloudy,Overcast
2026-02-10T03:00,23.1,25.5,82,2.611111111111111,343,4.888888888888889,1012.2,0.0,5,,19.8,23.1,23.1,100,0.0,Cloudy,Overcast
2026-02-10T04:00,22.6,24.8,83,2.75,335,4.694444444444444,1012.6,0.0,5,,19.6,22.6,22.6,100,0.0,Cloudy,Overcast
2026-02-10T05:00,22.4,24.2,83,3.3055555555555554,342,5.611111111111111,1012.7,0.0,5,,19.4,22.4,22.4,100,0.0,Cloudy,Overcast
2026-02-10T06:00,22.1,23.6,84,3.7777777777777777,343,6.499999999999999,1013.4,0.0,5,,19.2,22.1,22.1,92,0.0,Cloudy,Overcast
2026-02-10T07:00,22.8,24.5,81,3.555555555555556,343,6.805555555555555,1014.4,0.0,5,,19.3,22.8,22.8,100,47.0,Cloudy,Overcast
2026-02-10T08:00,24.7,26.4,74,3.861111111111111,5,8.11111111111111,1015.3,0.0,5,,19.7,24.7,24.7,100,232.0,Cloudy,Overcast
2026-02-10T09:00,26.1,27.6,69,4.333333333333333,24,9.388888888888888,1015.5,0.0,5,,19.9,26.1,26.1,100,430.0,Cloudy,Overcast
2026-02-10T10:00,27.4,28.9,61,4.611111111111112,41,10.11111111111111,1015.5,0.0,5,,19.3,28.69065137491557,27.4,99,625.0,Cloudy,Overcast
2026-02-10T11:00,28.1,30.3,57,4.916666666666666,52,11.194444444444443,1015.0,0.0,5,,18.9,29.26378451343117,28.1,100,835.0,Cloudy,Overcast
2026-02-10T12:00,29.0,31.1,54,5.083333333333333,61,11.38888888888889,1013.9,0.0,5,,18.6,30.17078987644445,29.0,100,870.0,Cloudy,Overcast
2026-02-10T13:00,27.6,29.4,62,5.694444444444445,93,12.305555555555554,1012.8,0.0,5,,19.6,29.069741842097926,27.6,100,769.0,Cloudy,Overcast
2026-02-10T14:00,28.2,29.5,59,6.194444444444445,80,12.805555555555555,1011.8,0.0,5,,19.5,29.631409164924474,28.2,100,733.0,Cloudy,Overcast
2026-02-10T15:00,28.3,28.6,59,6.777777777777777,79,13.805555555555555,1011.2,0.0,5,,19.4,29.780287115724587,28.3,98,614.0,Cloudy,Overcast
2026-02-10T16:00,27.9,28.0,61,6.75,78,14.11111111111111,1011.4,0.0,12.55,,19.6,29.411089815315652,27.9,49,487.0,Partly Cloudy,Mainly clear
2026-02-10T17:00,27.4,27.9,62,5.833333333333333,80,13.61111111111111,1011.9,0.0,11.2,,19.4,28.780017490097773,27.4,76,269.0,Partly Cloudy,Partly cloudy
2026-02-10T18:00,26.1,27.0,71,6.027777777777778,76,11.61111111111111,1012.5,0.0,12.95,,20.4,26.1,26.1,41,59.0,Partly Cloudy,Mainly clear
2026-02-10T19:00,26.1,26.7,71,6.833333333333334,62,12.5,1013.4,0.0,14.0,,20.5,26.1,26.1,20,0.0,Partly Cloudy,Mainly clear
2026-02-10T20:00,26.0,26.3,70,6.805555555555555,58,12.805555555555555,1014.4,0.0,14.75,,20.1,26.0,26.0,5,0.0,Sunny,Clear skies
2026-02-10T21:00,25.7,25.6,69,7.166666666666667,58,12.999999999999998,1015.3,0.0,13.85,,19.6,25.7,25.7,23,0.0,Partly Cloudy,Mainly clear
2026-02-10T22:00,25.4,25.6,71,6.888888888888889,57,13.194444444444445,1015.5,0.0,12.05,,19.8,25.4,25.4,59,0.0,Partly Cloudy,Partly cloudy
2026-02-10T23:00,25.1,25.6,69,5.611111111111111,51,12.5,1015.3,0.0,13.3,,19.1,25.1,25.1,34,0.0,Partly Cloudy,Mainly clear
2026-02-11T00:00,24.8,25.6,69,4.805555555555555,44,10.11111111111111,1014.9,0.0,12.85,,18.8,24.8,24.8,43,0.0,Partly Cloudy,Mainly clear
2026-02-11T01:00,24.2,25.2,73,4.388888888888889,27,8.694444444444445,1014.1,0.0,14.45,,18.9,24.2,24.2,11,0.0,Sunny,Clear skies
2026-02-11T02:00,23.3,24.6,75,3.8055555555555554,9,7.888888888888888,1013.7,0.0,11.7,,18.7,23.3,23.3,66,0.0,Partly Cloudy,Partly cloudy
2026-02-11T03:00,22.5,23.7,76,3.5,350,6.694444444444445,1013.5,0.0,5,,18.1,22.5,22.5,100,0.0,Cloudy,Overcast
2026-02-11T04:00,22.1,23.2,77,3.5833333333333335,340,6.305555555555555,1014.0,0.0,5,,18.0,22.1,22.1,95,0.0,Cloudy,Overcast
2026-02-11T05:00,22.0,22.9,80,4.25,343,6.305555555555555,1013.8,0.0,13.3,,18.4,22.0,22.0,34,0.0,Partly Cloudy,Mainly clear
2026-02-11T06:00,21.7,22.7,83,4.027777777777778,343,7.5,1014.7,0.0,11.95,,18.6,21.7,21.7,61,0.0,Partly Cloudy,Partly cloudy
2026-02-11T07:00,22.5,23.7,81,4.083333333333333,349,7.694444444444444,1015.6,0.0,12.1,,19.0,22.5,22.5,58,50.0,Partly Cloudy,Partly cloudy
2026-02-11T08:00,24.5,25.3,72,5.0,3,10.11111111111111,1016.4,0.0,12.7,,19.1,24.5,24.5,46,261.0,Partly Cloudy,Mainly clear
2026-02-11T09:00,26.4,26.6,63,5.805555555555555,20,12.0,1016.8,0.0,14.2,,18.7,26.4,26.4,16,498.0,Sunny,Clear skies
2026-02-11T10:00,27.7,28.1,55,6.027777777777778,37,12.694444444444445,1016.9,0.0,13.15,,17.8,28.54561401819554,27.7,37,702.0,Partly Cloudy,Mainly clear
2026-02-11T11:00,28.6,29.2,51,6.083333333333333,41,13.305555555555555,1016.1,0.0,11.3,,17.5,29.263513819537806,28.6,74,794.0,Partly Cloudy,Partly cloudy
2026-02-11T12:00,29.2,29.6,48,6.25,50,13.194444444444445,1014.5,0.0,5,,16.9,29.673712452071225,29.2,95,807.0,Cloudy,Overcast
2026-02-11T13:00,29.7,30.4,45,6.388888888888888,59,13.61111111111111,1013.5,0.0,5,,16.5,29.93247907508453,29.7,98,912.0,Cloudy,Overcast
2026-02-11T14:00,29.3,29.6,47,6.472222222222222,72,13.61111111111111,1012.3,0.0,5,,16.7,29.678491086391205,29.3,100,846.0,Cloudy,Overcast
2026-02-11T15:00,28.2,27.5,50,7.444444444444445,78,15.11111111111111,1011.8,0.0,12.15,,17.0,28.676916057884494,28.2,57,708.0,Partly Cloudy,Partly cloudy
2026-02-11T16:00,28.4,26.8,50,7.749999999999999,77,15.499999999999998,1011.9,0.0,14.9,,17.0,28.911906467804517,28.4,2,520.0,Sunny,Clear skies
2026-02-11T17:00,27.0,26.8,61,6.638888888888888,81,15.194444444444445,1012.4,0.0,14.05,,18.9,28.153641039555563,27.0,19,282.0,Sunny,Clear skies
2026-02-11T18:00,26.3,26.7,69,6.666666666666666,79,12.805555555555555,1013.1,0.0,14.2,,20.2,26.3,26.3,16,61.0,Sunny,Clear skies
2026-02-11T19:00,26.3,26.8,68,6.361111111111111,70,12.61111111111111,1014.0,0.0,5,,20.0,26.3,26.3,83,0.0,Cloudy,Overcast
2026-02-11T20:00,26.1,26.8,70,6.111111111111111,63,11.61111111111111,1014.8,0.0,5,,20.2,26.1,26.1,96,0.0,Cloudy,Overcast
2026-02-11T21:00,26.0,26.8,71,6.0,57,11.11111111111111,1015.3,0.0,11.5,,20.3,26.0,26.0,70,0.0,Partly Cloudy,Partly cloudy
2026-02-11T22:00,25.6,26.6,73,5.916666666666667,47,11.0,1015.0,0.0,11.2,,20.5,25.6,25.6,76,0.0,Partly Cloudy,Partly cloudy
2026-02-11T23:00,24.9,26.1,76,5.583333333333334,36,10.611111111111112,1014.9,0.0,14.05,,20.5,24.9,24.9,19,0.0,Sunny,Clear skies
2026-02-12T00:00,24.5,25.7,78,5.5,31,10.11111111111111,1014.5,0.0,14.9,,20.4,24.5,24.5,2,0.0,Sunny,Clear skies
2026-02-12T01:00,24.0,25.2,79,5.111111111111111,27,10.0,1014.4,0.0,12.25,,20.0,24.0,24.0,55,0.0,Partly Cloudy,Partly cloudy
2026-02-12T02:00,23.4,24.6,79,4.722222222222222,18,9.11111111111111,1013.8,0.0,5,,19.6,23.4,23.4,82,0.0,Cloudy,Overcast
2026-02-12T03:00,22.8,24.0,81,4.333333333333333,7,8.38888888888889,1013.4,0.0,13.65,,19.3,22.8,22.8,27,0.0,Partly Cloudy,Mainly clear
2026-02-12T04:00,22.2,23.4,82,4.111111111111112,355,7.694444444444444,1013.6,0.0,13.85,,19.0,22.2,22.2,23,0.0,Partly Cloudy,Mainly clear
2026-02-12T05:00,22.1,23.2,82,4.138888888888889,345,7.388888888888889,1014.0,0.0,14.25,,18.8,22.1,22.1,15,0.0,Sunny,Clear skies
2026-02-12T06:00,21.9,23.0,82,4.027777777777778,348,7.305555555555555,1014.4,0.0,14.850000000000001,,18.6,21.9,21.9,3,0.0,Sunny,Clear skies
2026-02-12T07:00,22.7,23.6,77,4.277777777777778,346,8.11111111111111,1014.7,0.0,14.95,,18.5,22.7,22.7,1,51.0,Sunny,Clear skies
2026-02-12T08:00,24.8,25.4,67,4.722222222222222,355,9.5,1015.0,0.0,15.0,,18.3,24.8,24.8,0,264.0,Sunny,Clear skies
2026-02-12T09:00,26.8,27.3,59,4.694444444444444,8,10.194444444444445,1015.3,0.0,14.9,,18.1,27.769119672924457,26.8,2,504.0,Sunny,Clear skies
2026-02-12T10:00,28.6,29.9,53,4.583333333333333,31,10.305555555555555,1015.1,0.0,14.850000000000001,,18.0,29.490816315217785,28.6,3,708.0,Sunny,Clear skies
2026-02-12T11:00,29.8,31.9,49,4.527777777777778,52,10.611111111111112,1014.7,0.0,13.45,,18.0,30.609247783235535,29.8,31,849.0,Partly Cloudy,Mainly clear
2026-02-12T12:00,29.8,32.0,50,4.583333333333333,67,10.499999999999998,1013.6,0.0,13.65,,18.3,30.75692399068442,29.8,27,839.0,Partly Cloudy,Mainly clear
2026-02-12T13:00,30.1,33.2,51,4.138888888888889,75,10.611111111111112,1012.5,0.0,14.95,,18.9,31.360932150337817,30.1,1,916.0,Sunny,Clear skies
2026-02-12T14:00,30.4,33.6,50,3.611111111111111,70,9.805555555555555,1011.2,0.0,14.9,,18.9,31.654833993404495,30.4,2,869.0,Sunny,Clear skies
2026-02-12T15:00,30.3,33.0,52,3.4722222222222223,83,8.805555555555555,1010.5,0.0,14.7,,19.3,31.846993678335608,30.3,6,727.0,Sunny,Clear skies
2026-02-12T16:00,29.2,31.0,61,4.805555555555555,88,10.0,1010.5,0.0,14.25,,20.8,31.539942470595683,29.2,15,515.0,Sunny,Clear skies
2026-02-12T17:00,27.8,29.9,68,4.694444444444444,83,11.888888888888888,1011.0,0.0,12.95,,21.3,30.043600774204478,27.8,41,275.0,Partly Cloudy,Mainly clear
2026-02-12T18:00,27.0,29.5,75,4.805555555555555,76,9.194444444444445,1011.3,0.0,14.0,,22.2,29.284096955111167,27.0,20,60.0,Partly Cloudy,Mainly clear
2026-02-12T19:00,26.9,29.1,77,5.805555555555555,71,10.611111111111112,1012.0,0.0,11.8,,22.6,29.25993823156446,26.9,64,0.0,Partly Cloudy,Partly cloudy
2026-02-12T20:00,26.8,28.8,79,6.416666666666667,64,11.694444444444445,1012.5,0.0,5,,22.9,29.220531620835587,26.8,87,0.0,Cloudy,Overcast
2026-02-12T21:00,26.3,28.5,82,6.138888888888889,63,12.0,1013.2,0.0,11.35,,22.9,26.3,26.3,73,0.0,Partly Cloudy,Partly cloudy
2026-02-12T22:00,26.1,28.6,84,5.833333333333333,59,11.194444444444443,1013.5,0.0,5,,23.1,26.1,26.1,100,0.0,Cloudy,Overcast
2026-02-12T23:00,25.9,28.4,84,5.805555555555555,51,10.611111111111112,1013.6,0.0,11.4,,23.0,25.9,25.9,72,0.0,Partly Cloudy,Partly cloudy
2026-02-13T00:00,25.7,28.4,84,5.083333333333333,47,10.388888888888888,1013.0,0.0,5,,22.8,25.7,25.7,99,0.0,Cloudy,Overcast
2026-02-13T01:00,25.5,28.2,85,4.916666666666666,49,9.305555555555555,1012.3,0.0,5,,22.7,25.5,25.5,100,0.0,Cloudy,Overcast
2026-02-13T02:00,25.3,28.0,85,4.972222222222221,49,9.0,1011.8,0.0,5,,22.6,25.3,25.3,100,0.0,Cloudy,Overcast
2026-02-13T03:00,25.2,28.3,86,4.027777777777778,35,8.88888888888889,1011.4,0.0,5,,22.6,25.2,25.2,100,0.0,Cloudy,Overcast
2026-02-13T04:00,24.9,28.3,86,3.222222222222222,5,7.194444444444444,1011.8,0.1,9.8,,22.4,24.9,24.9,100,0.0,Light Rain,Light drizzle
2026-02-13T05:00,24.1,26.8,84,3.3611111111111107,345,5.805555555555555,1012.3,0.1,9.8,,21.2,24.1,24.1,66,0.0,Light Rain,Light drizzle
2026-02-13T06:00,24.1,26.3,84,4.277777777777778,355,7.694444444444444,1012.9,0.0,13.45,,21.2,24.1,24.1,31,0.0,Partly Cloudy,Mainly clear
2026-02-13T07:00,24.7,27.1,82,4.194444444444445,2,8.0,1013.8,0.0,13.5,,21.4,24.7,24.7,30,42.0,Partly Cloudy,Mainly clear
2026-02-13T08:00,25.8,27.5,77,5.527777777777778,20,11.194444444444443,1014.5,0.0,12.15,,21.4,25.8,25.8,57,176.0,Partly Cloudy,Partly cloudy
2026-02-13T09:00,27.5,29.4,69,4.944444444444445,30,11.305555555555555,1014.9,0.0,12.95,,21.3,29.623298327777928,27.5,41,402.0,Partly Cloudy,Mainly clear
2026-02-13T10:00,28.8,30.8,62,5.527777777777778,37,11.805555555555555,1014.2,0.0,12.95,,20.9,30.99465209185784,28.8,41,668.0,Partly Cloudy,Mainly clear
2026-02-13T11:00,29.5,31.9,59,6.222222222222221,48,12.999999999999998,1013.7,0.1,9.8,,20.7,31.73173816244445,29.5,30,843.0,Light Rain,Light drizzle
2026-02-13T12:00,29.9,32.4,58,6.527777777777778,56,13.805555555555555,1012.6,0.1,9.8,,20.8,32.261392431695604,29.9,13,906.0,Light Rain,Light drizzle
2026-02-13T13:00,30.3,33.2,57,6.111111111111111,60,13.694444444444443,1011.4,0.0,14.75,,20.9,32.79206791119113,30.3,5,923.0,Sunny,Clear skies
2026-02-13T14:00,29.7,32.7,62,6.0,71,13.11111111111111,1010.6,0.0,14.2,,21.6,32.64821943415781,29.7,16,844.0,Sunny,Clear skies
2026-02-13T15:00,29.6,31.4,61,6.555555555555555,70,13.38888888888889,1009.6,0.0,12.95,,21.4,32.26928373331552,29.6,41,691.0,Partly Cloudy,Mainly clear
2026-02-13T16:00,29.0,29.9,65,7.25,72,14.194444444444445,1009.4,0.0,11.2,,21.7,31.840314627111134,29.0,76,504.0,Partly Cloudy,Partly cloudy
2026-02-13T17:00,27.7,29.3,73,6.75,73,14.388888888888888,1009.8,0.0,5,,22.4,30.45699306411556,27.7,100,279.0,Cloudy,Overcast
2026-02-13T18:00,26.8,29.1,78,5.777777777777778,71,12.805555555555555,1010.3,0.0,5,,22.7,29.13951049713781,26.8,100,61.0,Cloudy,Overcast
2026-02-13T19:00,26.9,28.9,76,5.888888888888888,59,10.88888888888889,1011.1,0.0,11.9,,22.3,29.175274239215568,26.9,62,0.0,Partly Cloudy,Partly cloudy
2026-02-13T20:00,26.6,28.3,74,5.888888888888888,53,10.805555555555555,1011.7,0.0,14.850000000000001,,21.7,26.6,26.6,3,0.0,Sunny,Clear skies
2026-02-13T21:00,26.1,28.2,79,5.527777777777778,49,10.611111111111112,1012.1,0.0,5,,22.1,26.1,26.1,88,0.0,Cloudy,Overcast
2026-02-13T22:00,25.7,28.3,85,5.361111111111112,51,9.88888888888889,1012.4,0.0,5,,22.9,25.7,25.7,93,0.0,Cloudy,Overcast
2026-02-13T23:00,25.5,28.6,88,4.972222222222221,49,9.805555555555555,1012.6,0.0,5,,23.4,25.5,25.5,82,0.0,Cloudy,Overcast
2026-02-14T00:00,25.3,28.5,90,4.805555555555555,47,8.88888888888889,1012.1,0.0,11.6,,23.5,25.3,25.3,68,0.0,Partly Cloudy,Partly cloudy
2026-02-14T01:00,25.1,28.4,89,4.361111111111111,51,8.61111111111111,1011.6,0.0,12.5,,23.2,25.1,25.1,50,0.0,Partly Cloudy,Partly cloudy
2026-02-14T02:00,24.8,28.3,91,4.166666666666667,51,7.805555555555555,1011.2,0.0,12.6,,23.3,24.8,24.8,48,0.0,Partly Cloudy,Mainly clear
2026-02-14T03:00,24.6,28.2,91,3.7222222222222223,37,7.388888888888889,1010.8,0.0,11.95,,23.0,24.6,24.6,61,0.0,Partly Cloudy,Partly cloudy
2026-02-14T04:00,24.3,27.7,90,3.555555555555556,22,6.611111111111111,1010.9,0.0,13.3,,22.6,24.3,24.3,34,0.0,Partly Cloudy,Mainly clear
2026-02-14T05:00,23.3,26.4,95,4.0,357,6.694444444444445,1011.6,0.1,9.8,,22.4,23.3,23.3,22,0.0,Light Rain,Light drizzle
2026-02-14T06:00,23.2,26.0,95,4.305555555555555,357,7.5,1012.3,0.0,5,,22.3,23.2,23.2,91,0.0,Cloudy,Overcast
2026-02-14T07:00,24.1,26.7,89,4.75,359,8.805555555555555,1013.2,0.0,5,,22.2,24.1,24.1,100,45.0,Cloudy,Overcast
2026-02-14T08:00,25.6,27.7,78,4.888888888888889,1,10.11111111111111,1013.9,0.0,5,,21.5,25.6,25.6,98,221.0,Cloudy,Overcast
2026-02-14T09:00,27.5,29.0,65,4.916666666666666,9,10.388888888888888,1014.1,0.0,5,,20.4,29.21377016111115,27.5,88,471.0,Cloudy,Overcast
2026-02-14T10:00,29.3,30.8,55,5.111111111111111,27,11.11111111111111,1013.9,0.0,5,,19.3,30.760205973395532,29.3,97,686.0,Cloudy,Overcast
2026-02-14T11:00,30.1,32.2,52,5.194444444444444,51,11.694444444444445,1013.4,0.0,5,,19.1,31.528356804975665,30.1,89,823.0,Cloudy,Overcast
2026-02-14T12:00,29.1,31.4,60,6.277777777777778,53,13.61111111111111,1012.5,0.5,9.0,,20.5,31.203595581837817,29.1,98,866.0,Light Rain,Moderate drizzle
2026-02-14T13:00,29.8,32.4,58,5.444444444444445,58,13.11111111111111,1011.3,0.1,9.8,,20.7,32.083263958115566,29.8,100,804.0,Light Rain,Light drizzle
2026-02-14T14:00,29.6,32.1,60,5.666666666666666,69,12.194444444444443,1010.1,0.0,5,,21.0,32.08678250993773,29.6,99,766.0,Cloudy,Overcast
2026-02-14T15:00,29.3,31.1,61,6.027777777777778,74,12.61111111111111,1009.5,0.0,5,,21.0,31.718999418195594,29.3,83,679.0,Cloudy,Overcast
2026-02-14T16:00,29.1,29.8,61,6.611111111111111,74,12.999999999999998,1009.6,0.0,5,,20.7,31.36307110171554,29.1,88,486.0,Cloudy,Overcast
2026-02-14T17:00,28.1,29.6,68,6.138888888888889,72,13.305555555555555,1010.1,0.0,5,,21.7,30.590609338984464,28.1,100,265.0,Cloudy,Overcast
2026-02-14T18:00,26.9,28.9,77,6.111111111111111,72,12.194444444444443,1010.8,0.0,5,,22.5,29.25993823156446,26.9,100,58.0,Cloudy,Overcast
2026-02-14T19:00,26.8,28.8,76,5.805555555555555,62,11.305555555555555,1011.9,0.0,5,,22.2,28.98013683699556,26.8,100,0.0,Cloudy,Overcast
2026-02-14T20:00,26.6,28.6,76,5.472222222222222,55,10.499999999999998,1012.5,0.0,5,,21.9,26.6,26.6,100,0.0,Cloudy,Overcast
2026-02-14T21:00,26.3,28.1,75,5.5,57,10.0,1013.0,0.0,5,,21.5,26.3,26.3,99,0.0,Cloudy,Overcast
2026-02-14T22:00,26.0,28.3,77,4.777777777777778,58,9.88888888888889,1012.9,0.0,5,,21.7,26.0,26.0,100,0.0,Cloudy,Overcast
2026-02-14T23:00,25.8,28.2,79,4.638888888888888,48,8.5,1012.7,0.0,5,,21.8,25.8,25.8,100,0.0,Cloudy,Overcast
2026-02-15T00:00,25.7,28.2,79,4.388888888888889,44,8.305555555555555,1012.2,0.0,14.0,,21.8,25.7,25.7,20,0.0,Partly Cloudy,Mainly clear
2026-02-15T01:00,25.2,27.8,81,4.083333333333333,36,7.888888888888888,1011.9,0.0,14.7,,21.7,25.2,25.2,6,0.0,Sunny,Clear skies
2026-02-15T02:00,24.6,27.3,82,3.555555555555556,15,7.305555555555555,1011.1,0.0,15.0,,21.4,24.6,24.6,0,0.0,Sunny,Clear skies
2026-02-15T03:00,23.9,26.6,83,2.9166666666666665,5,6.305555555555555,1011.1,0.0,14.9,,20.8,23.9,23.9,2,0.0,Sunny,Clear skies
2026-02-15T04:00,23.5,25.9,84,3.3611111111111107,357,5.805555555555555,1011.1,0.0,14.350000000000001,,20.6,23.5,23.5,13,0.0,Sunny,Clear skies
2026-02-15T05:00,23.3,25.9,87,3.333333333333333,352,6.388888888888888,1011.7,0.0,14.350000000000001,,21.0,23.3,23.3,13,0.0,Sunny,Clear skies
2026-02-15T06:00,22.8,25.4,89,3.0555555555555554,335,5.805555555555555,1012.7,0.0,14.75,,20.8,22.8,22.8,5,0.0,Sunny,Clear skies
2026-02-15T07:00,23.5,26.0,85,3.2777777777777777,339,6.194444444444445,1013.4,0.0,14.2,,20.8,23.5,23.5,16,50.0,Sunny,Clear skies
2026-02-15T08:00,25.4,27.8,77,3.9166666666666665,2,8.305555555555555,1014.0,0.0,14.25,,21.1,25.4,25.4,15,255.0,Sunny,Clear skies
2026-02-15T09:00,27.2,29.0,68,4.472222222222222,25,9.694444444444445,1014.5,0.0,14.4,,20.7,29.015207962204563,27.2,12,482.0,Sunny,Clear skies
2026-02-15T10:00,28.5,30.6,61,4.888888888888889,36,10.805555555555555,1014.3,0.0,13.3,,20.2,30.34774004155558,28.5,34,687.0,Partly Cloudy,Mainly clear
2026-02-15T11:00,29.5,32.9,58,4.277777777777778,46,10.88888888888889,1013.9,0.0,5,,20.4,31.561349239055556,29.5,100,838.0,Cloudy,Overcast
2026-02-15T12:00,30.1,32.9,56,4.194444444444445,61,9.805555555555555,1012.8,0.0,5,,20.3,32.24137923157121,30.1,100,735.0,Cloudy,Overcast
2026-02-15T13:00,30.0,33.5,58,4.694444444444444,83,10.805555555555555,1011.9,0.0,13.55,,20.9,32.44159935555555,30.0,29,871.0,Partly Cloudy,Mainly clear
2026-02-15T14:00,29.9,33.1,59,4.638888888888888,83,10.88888888888889,1010.7,0.0,14.3,,20.9,32.44987954196447,29.9,14,809.0,Sunny,Clear skies
2026-02-15T15:00,30.0,32.1,59,5.611111111111111,76,11.888888888888888,1009.8,0.0,14.55,,21.2,32.634700644444386,30.0,9,664.0,Sunny,Clear skies
2026-02-15T16:00,28.7,30.2,66,6.305555555555555,82,12.694444444444445,1009.5,0.0,5,,21.8,31.429279656051122,28.7,96,490.0,Cloudy,Overcast
2026-02-15T17:00,28.1,29.9,69,6.027777777777778,84,13.38888888888889,1009.8,0.0,5,,22.0,30.72481636009782,28.1,82,269.0,Cloudy,Overcast
2026-02-15T18:00,26.9,28.7,75,6.138888888888889,83,11.888888888888888,1010.4,0.0,5,,22.2,29.09160639727105,26.9,100,56.0,Cloudy,Overcast
2026-02-15T19:00,26.8,28.3,75,6.333333333333333,73,11.805555555555555,1011.2,0.0,5,,21.9,28.9017843005512,26.8,100,0.0,Cloudy,Overcast
2026-02-15T20:00,26.8,27.8,70,6.333333333333333,67,11.888888888888888,1011.9,0.0,5,,20.9,28.52336455459563,26.8,100,0.0,Cloudy,Overcast
2026-02-15T21:00,26.3,28.3,78,5.75,66,11.5,1012.6,0.0,5,,22.1,26.3,26.3,100,0.0,Cloudy,Overcast
2026-02-15T22:00,26.0,28.4,82,5.472222222222222,62,10.388888888888888,1012.5,0.0,5,,22.7,26.0,26.0,100,0.0,Cloudy,Overcast
2026-02-15T23:00,25.6,28.5,85,5.027777777777778,67,9.88888888888889,1012.4,0.0,5,,23.0,25.6,25.6,100,0.0,Cloudy,Overcast
2026-02-16T00:00,25.4,28.3,86,4.805555555555555,60,9.0,1012.0,0.0,5,,22.9,25.4,25.4,100,0.0,Cloudy,Overcast
2026-02-16T01:00,25.1,28.7,87,3.611111111111111,38,8.61111111111111,1011.5,0.0,5,,22.9,25.1,25.1,100,0.0,Cloudy,Overcast
2026-02-16T02:00,24.8,28.4,88,3.138888888888889,9,6.499999999999999,1011.0,0.0,5,,22.7,24.8,24.8,100,0.0,Cloudy,Overcast
2026-02-16T03:00,24.3,27.5,86,3.194444444444444,351,5.805555555555555,1010.5,0.0,5,,21.9,24.3,24.3,100,0.0,Cloudy,Overcast
2026-02-16T04:00,24.0,27.1,87,3.1666666666666665,355,5.805555555555555,1010.8,0.0,5,,21.7,24.0,24.0,100,0.0,Cloudy,Overcast
2026-02-16T05:00,23.2,26.1,92,3.6666666666666665,354,6.111111111111111,1011.3,0.0,5,,21.8,23.2,23.2,100,0.0,Cloudy,Overcast
2026-02-16T06:00,23.0,25.7,92,3.7222222222222223,345,6.694444444444445,1012.1,0.0,5,,21.6,23.0,23.0,100,0.0,Cloudy,Overcast
2026-02-16T07:00,23.5,26.0,86,3.638888888888889,348,7.305555555555555,1013.1,0.0,5,,21.1,23.5,23.5,82,44.0,Cloudy,Overcast
2026-02-16T08:00,25.2,27.2,77,4.444444444444445,7,8.88888888888889,1013.5,0.0,5,,20.9,25.2,25.2,96,242.0,Cloudy,Overcast
2026-02-16T09:00,26.8,28.4,69,4.694444444444444,27,10.11111111111111,1013.8,0.0,5,,20.5,28.45034919265784,26.8,100,436.0,Cloudy,Overcast
2026-02-16T10:00,28.0,29.6,62,5.083333333333333,36,11.0,1013.4,0.0,5,,20.0,29.675842565777796,28.0,100,628.0,Cloudy,Overcast
2026-02-16T11:00,29.2,31.4,57,5.055555555555555,43,11.38888888888889,1013.1,0.0,5,,19.8,30.904357730791187,29.2,100,774.0,Cloudy,Overcast
2026-02-16T12:00,30.2,33.0,53,5.0,57,11.305555555555555,1011.6,0.0,5,,19.6,31.86257664033783,30.2,100,889.0,Cloudy,Overcast
2026-02-16T13:00,29.1,32.0,62,5.5,87,12.0,1010.5,0.0,5,,21.1,31.52585219119787,29.1,93,828.0,Cloudy,Overcast
2026-02-16T14:00,28.7,30.7,61,5.944444444444444,82,12.694444444444445,1009.2,0.0,14.7,,20.4,30.67744141339544,28.7,6,773.0,Sunny,Clear skies
2026-02-16T15:00,29.1,30.0,58,7.027777777777778,75,14.194444444444445,1008.2,0.0,15.0,,20.1,30.894561250895613,29.1,0,688.0,Sunny,Clear skies
2026-02-16T16:00,28.7,28.4,58,7.555555555555555,76,15.0,1007.9,0.0,15.0,,19.5,30.261028467215567,28.7,0,517.0,Sunny,Clear skies
2026-02-16T17:00,27.8,27.9,60,6.527777777777778,76,14.88888888888889,1008.4,0.0,11.35,,19.3,29.158861033617754,27.8,73,280.0,Partly Cloudy,Partly cloudy
2026-02-16T18:00,26.9,27.6,67,6.166666666666666,75,12.5,1009.1,0.0,5,,20.3,28.45812507627549,26.9,100,62.0,Cloudy,Overcast
2026-02-16T19:00,26.9,27.4,64,6.055555555555555,65,11.805555555555555,1009.9,0.0,5,,19.5,28.237006062575524,26.9,99,0.0,Cloudy,Overcast
2026-02-16T20:00,26.5,27.3,69,6.083333333333333,56,11.194444444444443,1010.5,0.0,5,,20.3,26.5,26.5,100,0.0,Cloudy,Overcast
2026-02-16T21:00,26.0,27.3,73,5.583333333333334,51,11.194444444444443,1011.2,0.0,12.0,,20.7,26.0,26.0,60,0.0,Partly Cloudy,Partly cloudy
2026-02-16T22:00,25.6,27.2,76,5.194444444444444,48,10.11111111111111,1011.5,0.0,14.7,,21.0,25.6,25.6,6,0.0,Sunny,Clear skies
2026-02-16T23:00,25.0,27.1,80,4.583333333333333,36,9.388888888888888,1011.3,0.0,15.0,,21.3,25.0,25.0,0,0.0,Sunny,Clear skies
2026-02-17T00:00,24.5,26.8,82,4.222222222222222,31,8.194444444444445,1011.0,0.0,15.0,,21.2,24.5,24.5,0,0.0,Sunny,Clear skies
2026-02-17T01:00,23.9,26.3,83,3.638888888888889,25,7.5,1010.8,0.0,15.0,,20.9,23.9,23.9,0,0.0,Sunny,Clear skies
2026-02-17T02:00,23.1,25.4,85,3.4444444444444446,13,6.388888888888888,1009.9,0.0,14.95,,20.5,23.1,23.1,1,0.0,Sunny,Clear skies
2026-02-17T03:00,22.3,24.5,87,3.333333333333333,13,6.111111111111111,1009.7,0.0,13.1,,20.1,22.3,22.3,38,0.0,Partly Cloudy,Mainly clear
2026-02-17T04:00,21.8,23.9,89,3.2499999999999996,9,5.805555555555555,1010.0,0.0,14.95,,19.9,21.8,21.8,1,0.0,Sunny,Clear skies
2026-02-17T05:00,21.6,23.4,90,3.8055555555555554,10,5.694444444444445,1010.7,0.0,14.65,,19.9,21.6,21.6,7,0.0,Sunny,Clear skies
2026-02-17T06:00,21.2,22.9,91,3.7222222222222223,353,6.694444444444445,1011.5,0.0,14.9,,19.6,21.2,21.2,2,0.0,Sunny,Clear skies
2026-02-17T07:00,21.7,23.1,85,3.9166666666666665,341,7.194444444444444,1012.3,0.0,14.95,,19.2,21.7,21.7,1,52.0,Sunny,Clear skies
2026-02-17T08:00,24.0,25.4,75,4.111111111111112,355,8.61111111111111,1012.8,0.0,14.9,,19.4,24.0,24.0,2,273.0,Sunny,Clear skies
2026-02-17T09:00,26.2,27.4,66,4.611111111111112,13,9.88888888888889,1013.3,0.0,14.4,,19.5,26.2,26.2,12,501.0,Sunny,Clear skies
2026-02-17T10:00,27.8,29.6,59,4.416666666666667,25,10.388888888888888,1013.1,0.0,14.25,,18.9,29.057040392124538,27.8,15,695.0,Sunny,Clear skies
2026-02-17T11:00,28.7,31.0,55,4.638888888888888,42,10.11111111111111,1012.9,0.0,14.7,,18.7,29.870633020595456,28.7,6,841.0,Sunny,Clear skies
2026-02-17T12:00,29.7,32.5,51,4.527777777777778,53,10.611111111111112,1011.5,0.0,14.9,,18.4,30.761504274817824,29.7,2,945.0,Sunny,Clear skies
2026-02-17T13:00,30.1,32.5,49,5.083333333333333,67,11.38888888888889,1010.6,0.0,14.55,,18.3,31.03907998347563,30.1,9,945.0,Sunny,Clear skies
2026-02-17T14:00,29.3,31.4,55,5.583333333333334,78,12.194444444444443,1009.6,0.0,14.55,,19.2,30.760205973395532,29.3,9,867.0,Sunny,Clear skies
2026-02-17T15:00,28.3,29.1,59,6.694444444444445,77,13.694444444444443,1009.2,0.0,5,,19.5,29.780287115724587,28.3,95,714.0,Cloudy,Overcast
2026-02-17T16:00,28.0,27.7,60,7.416666666666666,80,14.88888888888889,1009.2,0.0,5,,19.5,29.449785441777763,28.0,100,478.0,Cloudy,Overcast
2026-02-17T17:00,27.0,27.7,70,6.972222222222222,82,14.694444444444443,1009.6,0.0,5,,21.0,28.855553559555556,27.0,100,260.0,Cloudy,Overcast
2026-02-17T18:00,26.6,27.2,71,7.027777777777778,79,13.88888888888889,1010.3,0.0,5,,20.9,26.6,26.6,100,48.0,Cloudy,Overcast
2026-02-17T19:00,26.4,27.6,73,6.277777777777778,73,13.305555555555555,1011.1,0.0,5,,21.1,26.4,26.4,100,0.0,Cloudy,Overcast
2026-02-17T20:00,26.4,27.6,72,6.111111111111111,65,11.5,1011.8,0.0,5,,21.0,26.4,26.4,100,0.0,Cloudy,Overcast
2026-02-17T21:00,26.4,27.5,71,6.0,59,11.194444444444443,1012.3,0.0,5,,20.8,26.4,26.4,96,0.0,Cloudy,Overcast
2026-02-17T22:00,26.3,27.5,71,5.638888888888889,48,11.0,1012.0,0.0,5,,20.6,26.3,26.3,100,0.0,Cloudy,Overcast
2026-02-17T23:00,26.2,27.6,71,5.277777777777778,41,10.194444444444445,1011.7,0.0,5,,20.5,26.2,26.2,100,0.0,Cloudy,Overcast
2026-02-18T00:00,26.1,27.6,72,5.277777777777778,37,9.88888888888889,1011.2,0.0,5,,20.7,26.1,26.1,100,0.0,Cloudy,Overcast
2026-02-18T01:00,25.7,27.6,74,4.472222222222222,28,9.694444444444445,1011.0,0.0,5,,20.7,25.7,25.7,100,0.0,Cloudy,Overcast
2026-02-18T02:00,25.3,27.4,75,3.6666666666666665,17,8.305555555555555,1010.5,0.0,5,,20.4,25.3,25.3,100,0.0,Cloudy,Overcast
2026-02-18T03:00,24.9,26.7,74,4.027777777777778,6,7.305555555555555,1010.3,0.0,5,,20.0,24.9,24.9,100,0.0,Cloudy,Overcast
2026-02-18T04:00,24.7,26.2,75,4.361111111111111,3,8.11111111111111,1010.4,0.0,5,,19.9,24.7,24.7,100,0.0,Cloudy,Overcast
2026-02-18T05:00,24.4,25.8,76,4.5,3,8.0,1010.8,0.0,5,,19.9,24.4,24.4,98,0.0,Cloudy,Overcast
2026-02-18T06:00,23.9,25.6,79,4.055555555555555,1,8.11111111111111,1011.6,0.0,5,,19.9,23.9,23.9,97,0.0,Cloudy,Overcast
2026-02-18T07:00,24.3,26.0,77,4.166666666666667,356,7.888888888888888,1012.6,0.0,5,,20.0,24.3,24.3,100,49.0,Cloudy,Overcast
2026-02-18T08:00,25.8,27.1,70,4.722222222222222,4,9.61111111111111,1013.1,0.0,5,,19.9,25.8,25.8,99,237.0,Cloudy,Overcast
2026-02-18T09:00,27.3,28.4,63,5.0,14,10.611111111111112,1013.4,0.0,5,,19.7,28.725274413004442,27.3,100,400.0,Cloudy,Overcast
2026-02-18T10:00,28.4,29.2,59,5.333333333333333,30,11.305555555555555,1013.2,0.0,5,,19.5,29.9312793695646,28.4,100,484.0,Cloudy,Overcast
2026-02-18T11:00,29.1,30.1,59,5.777777777777778,43,11.38888888888889,1012.7,0.0,5,,20.2,31.04742563156449,29.1,100,552.0,Cloudy,Overcast
2026-02-18T12:00,29.3,30.8,58,5.638888888888889,50,12.38888888888889,1012.0,0.0,5,,20.3,31.223798344415556,29.3,94,659.0,Cloudy,Overcast
2026-02-18T13:00,29.4,31.3,58,5.555555555555555,52,12.194444444444443,1010.9,0.0,5,,20.3,31.391534566595713,29.4,95,713.0,Cloudy,Overcast
2026-02-18T14:00,29.0,30.7,59,5.5,54,12.194444444444443,1010.0,0.0,5,,20.1,30.881633256444477,29.0,100,672.0,Cloudy,Overcast
2026-02-18T15:00,28.5,29.9,60,4.888888888888889,50,11.805555555555555,1009.6,0.0,5,,20.1,30.21472168127771,28.5,100,423.0,Cloudy,Overcast
2026-02-18T16:00,28.1,29.1,60,5.138888888888888,44,10.88888888888889,1009.4,0.0,5,,19.5,29.598472664637818,28.1,100,286.0,Cloudy,Overcast
2026-02-18T17:00,27.7,29.6,67,4.666666666666667,65,10.499999999999998,1009.5,0.0,5,,21.0,29.753484051635585,27.7,97,150.0,Cloudy,Overcast
2026-02-18T18:00,26.7,28.9,74,4.666666666666667,64,9.194444444444445,1009.8,0.0,5,,21.6,28.64234278149107,26.7,93,34.0,Cloudy,Overcast
2026-02-18T19:00,26.7,29.2,74,4.277777777777778,58,9.11111111111111,1010.6,0.0,5,,21.7,28.64234278149107,26.7,100,0.0,Cloudy,Overcast
2026-02-18T20:00,26.8,29.3,73,4.083333333333333,59,8.11111111111111,1010.9,0.0,5,,21.6,28.747747814915684,26.8,100,0.0,Cloudy,Overcast
2026-02-18T21:00,26.6,29.0,76,4.888888888888889,54,8.88888888888889,1011.8,0.0,11.45,,22.0,26.6,26.6,71,0.0,Partly Cloudy,Partly cloudy
2026-02-18T22:00,26.3,28.8,80,5.166666666666667,53,9.388888888888888,1012.0,0.0,13.65,,22.5,26.3,26.3,27,0.0,Partly Cloudy,Mainly clear
2026-02-18T23:00,25.8,28.3,82,5.055555555555555,57,9.388888888888888,1011.8,0.0,11.35,,22.5,25.8,25.8,73,0.0,Partly Cloudy,Partly cloudy
2026-02-19T00:00,25.8,28.7,83,4.555555555555555,58,9.194444444444445,1011.4,0.0,5,,22.6,25.8,25.8,96,0.0,Cloudy,Overcast
2026-02-19T01:00,25.6,28.7,84,4.083333333333333,54,8.38888888888889,1010.9,0.0,5,,22.7,25.6,25.6,92,0.0,Cloudy,Overcast
2026-02-19T02:00,25.4,28.7,84,3.555555555555556,42,7.388888888888889,1010.5,0.0,5,,22.4,25.4,25.4,88,0.0,Cloudy,Overcast
2026-02-19T03:00,25.1,28.5,83,3.0555555555555554,21,6.305555555555555,1010.3,0.0,11.35,,22.1,25.1,25.1,73,0.0,Partly Cloudy,Partly cloudy
2026-02-19T04:00,24.9,27.8,82,3.2777777777777777,8,5.888888888888888,1010.5,0.0,13.1,,21.6,24.9,24.9,38,0.0,Partly Cloudy,Mainly clear
2026-02-19T05:00,24.4,27.0,82,3.416666666666667,3,6.694444444444445,1010.8,0.0,14.15,,21.0,24.4,24.4,17,0.0,Sunny,Clear skies
2026-02-19T06:00,24.2,26.5,81,3.611111111111111,358,6.388888888888888,1011.6,0.0,14.05,,20.8,24.2,24.2,19,0.0,Sunny,Clear skies
2026-02-19T07:00,25.0,27.2,77,3.944444444444444,359,7.5,1012.4,0.0,14.0,,20.8,25.0,25.0,20,52.0,Partly Cloudy,Mainly clear
2026-02-19T08:00,26.4,28.3,72,4.555555555555555,13,9.388888888888888,1012.9,0.0,13.7,,20.9,26.4,26.4,26,226.0,Partly Cloudy,Mainly clear
2026-02-19T09:00,28.0,29.5,65,5.5,30,11.5,1013.1,0.0,13.1,,20.9,30.03112471511116,28.0,38,465.0,Partly Cloudy,Mainly clear
2026-02-19T10:00,29.3,30.9,60,5.638888888888889,40,12.0,1013.1,0.0,13.65,,20.6,31.55042031551779,29.3,27,629.0,Partly Cloudy,Mainly clear
2026-02-19T11:00,30.6,32.8,55,6.083333333333333,48,12.999999999999998,1012.3,0.1,9.8,,20.6,32.930913029315576,30.6,23,805.0,Light Rain,Light drizzle
2026-02-19T12:00,30.5,33.1,57,6.194444444444445,59,13.305555555555555,1011.6,0.1,9.8,,21.0,33.161839849111075,30.5,30,869.0,Light Rain,Light drizzle
2026-02-19T13:00,30.4,33.2,58,5.777777777777778,63,13.305555555555555,1010.7,0.0,14.15,,21.1,33.18321155379562,30.4,17,824.0,Sunny,Clear skies
2026-02-19T14:00,31.0,34.1,54,4.916666666666666,65,12.5,1009.3,0.0,14.65,,20.8,33.44556605644451,31.0,7,828.0,Sunny,Clear skies
2026-02-19T15:00,30.6,33.2,57,4.916666666666666,81,11.11111111111111,1008.6,0.0,14.850000000000001,,21.0,33.34978949943118,30.6,3,695.0,Sunny,Clear skies
2026-02-19T16:00,29.7,31.0,58,5.583333333333334,80,11.38888888888889,1008.6,0.0,14.45,,20.6,31.90721393481561,29.7,11,509.0,Sunny,Clear skies
2026-02-19T17:00,28.3,30.0,68,5.777777777777778,80,12.694444444444445,1009.0,0.0,5,,21.7,30.967434366904584,28.3,100,272.0,Cloudy,Overcast
2026-02-19T18:00,27.5,29.3,76,6.861111111111111,66,12.61111111111111,1009.5,0.0,5,,22.8,30.402838093055593,27.5,100,53.0,Cloudy,Overcast
2026-02-19T19:00,27.9,29.8,72,6.277777777777778,57,12.5,1010.7,0.0,5,,22.5,30.732943129464598,27.9,100,0.0,Cloudy,Overcast
2026-02-19T20:00,27.6,29.6,73,5.916666666666667,56,11.61111111111111,1011.6,0.0,5,,22.3,30.256672136195764,27.6,100,0.0,Cloudy,Overcast
2026-02-19T21:00,27.1,29.5,76,5.444444444444445,54,11.11111111111111,1012.5,0.0,5,,22.6,29.573654678015675,27.1,100,0.0,Cloudy,Overcast
2026-02-19T22:00,26.6,29.2,80,5.361111111111112,53,10.0,1012.9,0.0,5,,22.8,26.6,26.6,100,0.0,Cloudy,Overcast
2026-02-19T23:00,26.5,29.0,79,5.055555555555555,45,9.805555555555555,1012.8,0.0,5,,22.5,26.5,26.5,100,0.0,Cloudy,Overcast
2026-02-20T00:00,26.2,28.7,79,4.861111111111111,42,9.11111111111111,1012.5,0.0,5,,22.3,26.2,26.2,98,0.0,Cloudy,Overcast
2026-02-20T01:00,25.7,28.4,80,4.194444444444445,33,8.805555555555555,1011.8,0.0,5,,22.0,25.7,25.7,98,0.0,Cloudy,Overcast
2026-02-20T02:00,25.2,27.7,80,4.222222222222222,27,7.611111111111111,1010.9,0.0,5,,21.6,25.2,25.2,97,0.0,Cloudy,Overcast
2026-02-20T03:00,24.9,27.1,80,4.416666666666667,22,7.888888888888888,1010.7,0.0,12.65,,21.2,24.9,24.9,47,0.0,Partly Cloudy,Mainly clear
2026-02-20T04:00,24.5,26.5,81,4.555555555555555,12,8.194444444444445,1010.8,0.0,13.95,,21.1,24.5,24.5,21,0.0,Partly Cloudy,Mainly clear
2026-02-20T05:00,24.2,26.5,84,4.277777777777778,14,8.11111111111111,1011.2,0.0,12.25,,21.3,24.2,24.2,55,0.0,Partly Cloudy,Partly cloudy
2026-02-20T06:00,24.1,26.5,85,4.305555555555555,12,7.694444444444444,1012.0,0.0,12.7,,21.5,24.1,24.1,46,0.0,Partly Cloudy,Mainly clear
2026-02-20T07:00,24.8,27.3,83,4.166666666666667,6,8.11111111111111,1012.6,0.0,5,,21.6,24.8,24.8,97,55.0,Cloudy,Overcast
2026-02-20T08:00,26.5,28.7,74,4.694444444444444,9,9.61111111111111,1013.3,0.0,11.7,,21.4,26.5,26.5,66,248.0,Partly Cloudy,Partly cloudy
2026-02-20T09:00,28.4,30.1,63,4.972222222222221,18,10.611111111111112,1013.4,0.0,14.25,,20.8,30.45136918428464,28.4,15,480.0,Sunny,Clear skies
2026-02-20T10:00,30.1,31.8,56,5.833333333333333,37,12.305555555555554,1013.7,0.0,13.05,,20.3,32.24137923157121,30.1,39,697.0,Partly Cloudy,Mainly clear
2026-02-20T11:00,30.9,33.0,55,6.166666666666666,48,12.888888888888888,1013.0,0.1,9.8,,20.8,33.479126202515594,30.9,23,784.0,Light Rain,Light drizzle
2026-02-20T12:00,30.7,33.1,57,6.111111111111111,56,12.888888888888888,1011.8,0.1,9.8,,21.2,33.539781603991294,30.7,20,787.0,Light Rain,Light drizzle
2026-02-20T13:00,30.7,33.9,58,5.888888888888888,68,13.88888888888889,1010.5,0.0,14.7,,21.6,33.76124443041572,30.7,6,863.0,Sunny,Clear skies
2026-02-20T14:00,30.2,33.3,62,5.888888888888888,71,13.194444444444445,1009.6,0.0,13.3,,22.1,33.64460301505783,30.2,34,799.0,Partly Cloudy,Mainly clear
2026-02-20T15:00,29.8,32.5,65,6.194444444444445,71,13.194444444444445,1008.6,0.0,5,,22.5,33.45516812855104,29.8,89,706.0,Cloudy,Overcast
2026-02-20T16:00,29.3,31.3,68,6.472222222222222,71,13.194444444444445,1008.5,0.0,5,,22.8,32.99739132330451,29.3,98,504.0,Cloudy,Overcast
2026-02-20T17:00,28.4,30.6,72,6.083333333333333,67,13.305555555555555,1009.1,0.0,5,,22.8,31.77240044876451,28.4,100,247.0,Cloudy,Overcast
2026-02-20T18:00,27.6,29.9,77,6.027777777777778,62,12.0,1009.8,0.0,5,,23.1,30.740437786364605,27.6,98,58.0,Cloudy,Overcast
2026-02-20T19:00,27.5,30.4,79,5.444444444444445,55,11.194444444444443,1010.7,0.0,5,,23.5,30.761419605555677,27.5,95,0.0,Cloudy,Overcast
2026-02-20T20:00,27.4,29.6,77,6.333333333333333,45,11.694444444444445,1011.4,0.0,5,,23.1,30.303762154364392,27.4,93,0.0,Cloudy,Overcast
2026-02-20T21:00,27.2,29.8,77,5.305555555555556,38,11.61111111111111,1012.2,0.0,13.85,,22.8,29.878027129724483,27.2,23,0.0,Partly Cloudy,Mainly clear
2026-02-20T22:00,26.8,29.6,78,4.805555555555555,39,9.694444444444445,1012.3,0.0,5,,22.6,29.13951049713781,26.8,98,0.0,Cloudy,Overcast
2026-02-20T23:00,26.8,29.8,79,4.527777777777778,33,8.694444444444445,1012.3,0.0,5,,22.8,29.220531620835587,26.8,84,0.0,Cloudy,Overcast
2026-02-21T00:00,26.6,29.6,78,4.166666666666667,24,8.194444444444445,1011.4,0.0,5,,22.4,26.6,26.6,99,0.0,Cloudy,Overcast
2026-02-21T01:00,26.4,29.1,77,4.138888888888889,15,7.611111111111111,1010.5,0.0,5,,22.0,26.4,26.4,100,0.0,Cloudy,Overcast
2026-02-21T02:00,26.0,28.6,77,4.083333333333333,8,7.611111111111111,1010.0,0.0,5,,21.7,26.0,26.0,100,0.0,Cloudy,Overcast
2026-02-21T03:00,25.7,28.4,78,3.75,2,7.305555555555555,1009.4,0.0,5,,21.6,25.7,25.7,100,0.0,Cloudy,Overcast
2026-02-21T04:00,25.5,28.0,79,4.166666666666667,3,7.5,1009.1,0.0,5,,21.6,25.5,25.5,100,0.0,Cloudy,Overcast
2026-02-21T05:00,25.2,28.1,82,3.8055555555555554,3,7.388888888888889,1009.3,0.0,5,,22.0,25.2,25.2,100,0.0,Cloudy,Overcast
2026-02-21T06:00,25.3,28.2,82,3.9722222222222223,4,7.194444444444444,1010.0,0.0,11.9,,22.0,25.3,25.3,62,0.0,Partly Cloudy,Partly cloudy
2026-02-21T07:00,25.9,28.9,79,3.6944444444444446,3,7.194444444444444,1010.6,0.0,5,,22.0,25.9,25.9,100,48.0,Cloudy,Overcast
2026-02-21T08:00,27.2,29.9,73,4.138888888888889,12,8.61111111111111,1011.2,0.0,5,,21.9,29.481400397315515,27.2,91,204.0,Cloudy,Overcast
2026-02-21T09:00,28.8,31.1,64,4.305555555555555,25,9.5,1011.8,0.0,11.35,,21.3,31.30179953763562,28.8,73,401.0,Partly Cloudy,Partly cloudy
2026-02-21T10:00,30.3,32.1,56,4.416666666666667,37,10.0,1011.3,0.0,14.25,,20.5,32.59398101725108,30.3,15,558.0,Sunny,Clear skies
2026-02-21T11:00,31.4,34.2,50,4.583333333333333,46,10.805555555555555,1010.7,0.0,5,,19.7,33.29426827420447,31.4,89,832.0,Cloudy,Overcast
2026-02-21T12:00,31.8,34.8,50,4.527777777777778,69,11.194444444444443,1009.2,0.0,5,,20.2,34.00006314988447,31.8,88,832.0,Cloudy,Overcast
2026-02-21T13:00,31.3,34.8,54,5.055555555555555,69,12.11111111111111,1008.0,0.2,9.6,,20.8,34.00349190562452,31.3,92,905.0,Light Rain,Light drizzle
2026-02-21T14:00,31.1,34.3,55,4.555555555555555,86,11.888888888888888,1006.7,0.0,5,,20.9,33.85445181291557,31.1,100,800.0,Cloudy,Overcast
2026-02-21T15:00,30.1,33.1,62,3.9166666666666665,87,10.305555555555555,1006.2,0.2,9.6,,22.2,33.44088429559791,30.1,100,555.0,Light Rain,Light drizzle
2026-02-21T16:00,28.5,31.8,74,4.75,99,10.88888888888889,1006.5,0.2,9.6,,23.5,32.321095820611205,28.5,100,402.0,Light Rain,Light drizzle
2026-02-21T17:00,28.0,30.0,72,6.055555555555555,49,9.805555555555555,1006.7,0.3,9.4,,22.4,30.93569989244442,28.0,100,204.0,Light Rain,Light drizzle
2026-02-21T18:00,28.1,32.4,70,1.3333333333333333,56,11.194444444444443,1007.7,0.0,5,,22.1,30.86128781161561,28.1,100,37.0,Cloudy,Overcast
2026-02-21T19:00,27.6,32.1,73,1.0,189,2.8055555555555554,1008.8,0.0,5,,22.3,30.256672136195764,27.6,100,0.0,Cloudy,Overcast
2026-02-21T20:00,27.2,31.4,76,2.0833333333333335,249,3.8055555555555554,1009.6,0.0,5,,22.6,29.77689771459559,27.2,100,0.0,Cloudy,Overcast
2026-02-21T21:00,26.9,31.1,79,2.2777777777777777,232,4.5,1010.5,0.0,5,,22.8,29.432254667475515,26.9,100,0.0,Cloudy,Overcast
2026-02-21T22:00,26.5,31.2,82,1.611111111111111,248,4.111111111111112,1010.6,0.0,5,,23.1,26.5,26.5,100,0.0,Cloudy,Overcast
2026-02-21T23:00,24.5,28.6,93,3.194444444444444,305,3.3055555555555554,1010.4,0.0,5,,23.4,24.5,24.5,100,0.0,Cloudy,Overcast
2026-02-22T00:00,24.5,29.1,92,1.9444444444444444,293,5.805555555555555,1009.6,0.1,9.8,,23.2,24.5,24.5,100,0.0,Light Rain,Light drizzle
2026-02-22T01:00,23.8,27.6,92,2.75,224,6.888888888888889,1009.2,0.7,8.6,,22.5,23.8,23.8,100,0.0,Light Rain,Moderate drizzle
2026-02-22T02:00,23.4,27.2,94,2.3333333333333335,247,4.694444444444444,1008.5,0.0,5,,22.3,23.4,23.4,99,0.0,Cloudy,Overcast
2026-02-22T03:00,22.9,25.9,95,3.7777777777777777,250,6.499999999999999,1008.4,0.0,5,,22.1,22.9,22.9,100,0.0,Cloudy,Overcast
2026-02-22T04:00,22.6,26.2,95,2.055555555555556,263,6.611111111111111,1007.7,0.0,14.05,,21.7,22.6,22.6,19,0.0,Sunny,Clear skies
2026-02-22T05:00,24.9,30.1,95,1.6388888888888888,182,3.611111111111111,1008.2,0.0,5,,24.0,24.9,24.9,100,0.0,Cloudy,Overcast
2026-02-22T06:00,24.7,30.2,96,1.0833333333333333,196,2.8055555555555554,1008.6,0.0,5,,23.9,24.7,24.7,100,0.0,Cloudy,Overcast
2026-02-22T07:00,25.7,31.2,91,1.472222222222222,192,2.888888888888889,1009.4,0.0,5,,24.2,25.7,25.7,100,43.0,Cloudy,Overcast
2026-02-22T08:00,27.3,32.9,81,0.6111111111111112,189,4.194444444444445,1009.9,0.0,5,,23.8,30.530476842284575,27.3,100,207.0,Cloudy,Overcast
2026-02-22T09:00,28.6,32.9,70,1.8888888888888888,27,5.194444444444444,1010.1,0.1,9.8,,22.6,31.872954275715642,28.6,100,408.0,Light Rain,Light drizzle
2026-02-22T10:00,29.5,33.9,65,2.2222222222222223,42,6.194444444444445,1009.9,0.1,9.8,,22.4,32.83214998511109,29.5,88,612.0,Light Rain,Light drizzle
2026-02-22T11:00,29.9,35.1,64,2.3333333333333335,59,6.499999999999999,1009.4,0.1,9.8,,22.3,33.454237565375564,29.9,100,780.0,Light Rain,Light drizzle
2026-02-22T12:00,29.8,34.4,66,2.6666666666666665,84,7.0,1008.2,0.1,9.8,,22.8,33.66725780615112,29.8,100,645.0,Light Rain,Light drizzle
2026-02-22T13:00,30.4,35.1,64,3.0,111,7.5,1006.7,0.0,5,,22.8,34.52427519267561,30.4,100,711.0,Cloudy,Overcast
2026-02-22T14:00,29.7,33.7,68,3.333333333333333,147,7.805555555555555,1005.5,0.0,5,,23.2,33.877428953704516,29.7,100,575.0,Cloudy,Overcast
2026-02-22T15:00,30.0,33.2,64,3.6944444444444446,159,8.305555555555555,1004.8,0.0,5,,22.4,33.66366225555557,30.0,98,534.0,Cloudy,Overcast
2026-02-22T16:00,29.5,32.8,67,3.75,178,8.194444444444445,1005.1,0.0,13.5,,22.6,33.22869803355555,29.5,30,419.0,Partly Cloudy,Mainly clear
2026-02-22T17:00,30.4,34.0,62,3.0555555555555554,178,7.888888888888888,1005.2,0.0,14.2,,22.4,34.058703458897845,30.4,16,247.0,Sunny,Clear skies
2026-02-22T18:00,28.9,32.7,71,3.416666666666667,177,6.305555555555555,1006.4,0.0,13.4,,23.2,32.69144395913779,28.9,32,56.0,Partly Cloudy,Mainly clear
2026-02-22T19:00,27.8,32.7,77,1.5,182,6.0,1007.5,0.2,9.6,,23.3,31.188054025724462,27.8,53,0.0,Light Rain,Light drizzle
2026-02-22T20:00,27.3,32.1,83,2.8055555555555554,160,4.888888888888889,1008.4,0.1,9.8,,24.2,30.759478947671223,27.3,33,0.0,Light Rain,Light drizzle
2026-02-22T21:00,25.5,31.2,93,1.1111111111111112,63,4.888888888888889,1009.5,3.1,3.8,,24.3,25.5,25.5,87,0.0,Light Rain,Moderate rain
2026-02-22T22:00,25.4,30.7,93,1.6944444444444442,140,2.8055555555555554,1009.7,0.2,9.6,,24.2,25.4,25.4,94,0.0,Light Rain,Light drizzle
2026-02-22T23:00,25.5,30.7,94,2.111111111111111,72,4.611111111111112,1009.3,0.0,5,,24.4,25.5,25.5,100,0.0,Cloudy,Overcast
2026-02-23T00:00,25.7,32.0,94,0.5277777777777778,68,4.888888888888889,1008.6,0.6,8.8,,24.7,25.7,25.7,100,0.0,Light Rain,Moderate drizzle
2026-02-23T01:00,24.8,29.3,91,1.972222222222222,286,4.5,1008.5,0.3,9.4,,23.2,24.8,24.8,100,0.0,Light Rain,Light drizzle
2026-02-23T02:00,23.7,27.9,95,2.361111111111111,305,6.611111111111111,1007.9,0.4,9.2,,22.9,23.7,23.7,52,0.0,Light Rain,Light drizzle
2026-02-23T03:00,23.5,27.5,96,2.5555555555555554,321,4.5,1007.5,0.0,13.65,,22.8,23.5,23.5,27,0.0,Partly Cloudy,Mainly clear
2026-02-23T04:00,23.3,27.0,96,2.888888888888889,330,5.0,1007.6,0.0,14.4,,22.6,23.3,23.3,12,0.0,Sunny,Clear skies
2026-02-23T05:00,23.4,27.5,95,2.2777777777777777,308,5.111111111111111,1008.0,0.0,5,,22.6,23.4,23.4,99,0.0,Cloudy,Overcast
2026-02-23T06:00,23.6,27.8,95,2.055555555555556,309,4.194444444444445,1008.7,0.0,13.7,,22.7,23.6,23.6,26,0.0,Partly Cloudy,Mainly clear
2026-02-23T07:00,24.6,29.0,92,2.2777777777777777,310,4.194444444444445,1009.4,0.0,14.75,,23.1,24.6,24.6,5,54.0,Sunny,Clear skies
2026-02-23T08:00,26.6,31.2,81,2.0277777777777777,300,5.111111111111111,1010.3,0.0,14.9,,23.2,26.6,26.6,2,264.0,Sunny,Clear skies
2026-02-23T09:00,28.8,33.0,68,1.9444444444444444,339,5.388888888888888,1010.7,0.0,13.65,,22.4,31.95203121660449,28.8,27,502.0,Partly Cloudy,Mainly clear
2026-02-23T10:00,30.6,35.2,59,1.8611111111111112,6,6.499999999999999,1010.5,0.0,13.95,,21.7,33.78802762316448,30.6,21,693.0,Partly Cloudy,Mainly clear
2026-02-23T11:00,31.0,36.2,57,2.361111111111111,54,6.0,1009.8,0.0,13.85,,21.5,34.12201264311117,31.0,23,844.0,Partly Cloudy,Mainly clear
2026-02-23T12:00,31.6,36.4,56,3.5277777777777777,79,8.5,1008.5,0.0,14.15,,21.7,35.081508328871045,31.6,17,901.0,Sunny,Clear skies
2026-02-23T13:00,31.2,35.9,59,4.0,81,9.694444444444445,1007.2,0.0,13.3,,22.3,35.017469511324556,31.2,34,872.0,Partly Cloudy,Mainly clear
2026-02-23T14:00,31.4,35.8,57,3.4444444444444446,82,9.388888888888888,1006.2,0.0,14.4,,21.8,34.926915054631245,31.4,12,807.0,Sunny,Clear skies
2026-02-23T15:00,30.9,34.9,60,3.3055555555555554,94,8.38888888888889,1005.5,0.0,13.85,,22.3,34.63461998783789,30.9,23,661.0,Partly Cloudy,Mainly clear
2026-02-23T16:00,29.9,33.3,64,3.2499999999999996,99,8.11111111111111,1005.6,0.0,14.55,,22.3,33.454237565375564,29.9,9,490.0,Sunny,Clear skies
2026-02-23T17:00,28.9,32.5,69,3.138888888888889,117,7.388888888888889,1005.7,0.0,14.25,,22.6,32.33154428329788,28.9,15,268.0,Sunny,Clear skies
2026-02-23T18:00,27.7,32.2,80,2.972222222222222,130,6.305555555555555,1006.3,0.0,14.600000000000001,,24.0,31.36165388991773,27.7,8,60.0,Sunny,Clear skies
2026-02-23T19:00,26.9,31.6,86,2.861111111111111,121,5.5,1007.2,0.0,14.850000000000001,,24.3,30.06674093090443,26.9,3,0.0,Sunny,Clear skies
2026-02-23T20:00,26.7,31.9,88,2.305555555555556,123,5.111111111111111,1008.1,0.0,14.55,,24.5,29.725604718015436,26.7,9,0.0,Sunny,Clear skies
2026-02-23T21:00,26.1,32.0,92,1.0555555555555556,135,4.0,1008.9,0.0,14.5,,24.7,26.1,26.1,10,0.0,Sunny,Clear skies
2026-02-23T22:00,25.8,32.1,93,0.41666666666666663,159,1.6944444444444442,1009.0,0.0,14.600000000000001,,24.6,25.8,25.8,8,0.0,Sunny,Clear skies
2026-02-23T23:00,25.3,31.5,96,0.3611111111111111,315,0.6111111111111112,1009.0,0.0,15.0,,24.5,25.3,25.3,0,0.0,Sunny,Clear skies
2026-02-24T00:00,24.9,31.0,97,0.6944444444444444,315,1.3888888888888888,1008.5,0.0,15.0,,24.5,24.9,24.9,0,0.0,Sunny,Clear skies
2026-02-24T01:00,24.7,30.2,98,1.4166666666666665,312,2.5,1007.9,0.0,14.0,,24.3,24.7,24.7,20,0.0,Partly Cloudy,Mainly clear
2026-02-24T02:00,24.6,30.0,98,1.7222222222222223,327,3.0,1007.4,0.1,9.8,,24.2,24.6,24.6,16,0.0,Light Rain,Light drizzle
2026-02-24T03:00,24.6,29.9,97,1.5555555555555554,333,3.194444444444444,1007.5,0.0,14.75,,24.0,24.6,24.6,5,0.0,Sunny,Clear skies
2026-02-24T04:00,24.3,29.6,97,1.3888888888888888,345,2.694444444444444,1007.7,0.0,14.9,,23.8,24.3,24.3,2,0.0,Sunny,Clear skies
2026-02-24T05:00,24.2,28.8,96,2.305555555555556,356,3.3055555555555554,1008.2,0.0,14.65,,23.6,24.2,24.2,7,0.0,Sunny,Clear skies
2026-02-24T06:00,24.4,28.8,94,2.611111111111111,1,4.5,1009.4,0.0,14.9,,23.5,24.4,24.4,2,0.0,Sunny,Clear skies
2026-02-24T07:00,25.7,29.6,85,3.1111111111111107,11,5.694444444444445,1010.3,0.0,15.0,,23.1,25.7,25.7,0,58.0,Sunny,Clear skies
2026-02-24T08:00,27.3,30.4,74,3.75,21,8.0,1011.0,0.0,14.55,,22.3,29.77373736429115,27.3,9,273.0,Sunny,Clear skies
2026-02-24T09:00,28.6,31.3,66,3.611111111111111,34,8.5,1011.6,0.0,14.8,,21.5,31.239994660071034,28.6,4,513.0,Sunny,Clear skies
2026-02-24T10:00,29.8,32.9,57,3.5833333333333335,50,8.694444444444445,1011.7,0.0,5,,20.4,31.903381015591112,29.8,90,724.0,Cloudy,Overcast
2026-02-24T11:00,29.6,33.6,59,3.888888888888889,66,9.194444444444445,1011.0,0.0,12.4,,20.8,31.90810205276451,29.6,52,863.0,Partly Cloudy,Partly cloudy
2026-02-24T12:00,30.3,34.4,56,4.027777777777778,76,9.805555555555555,1009.8,0.0,14.100000000000001,,20.5,32.59398101725108,30.3,18,956.0,Sunny,Clear skies
2026-02-24T13:00,30.6,34.2,55,4.527777777777778,82,10.499999999999998,1008.7,0.0,13.65,,20.4,32.930913029315576,30.6,27,927.0,Partly Cloudy,Mainly clear
2026-02-24T14:00,30.2,34.0,62,4.805555555555555,89,10.88888888888889,1007.7,0.0,13.9,,22.0,33.64460301505783,30.2,22,821.0,Partly Cloudy,Mainly clear
2026-02-24T15:00,29.4,33.0,66,4.527777777777778,97,10.88888888888889,1007.5,0.0,14.15,,22.4,32.82038992247122,29.4,17,706.0,Sunny,Clear skies
2026-02-24T16:00,28.6,31.7,69,3.8055555555555554,101,10.11111111111111,1007.6,0.0,14.0,,22.3,31.71053418529779,28.6,20,495.0,Partly Cloudy,Mainly clear
2026-02-24T17:00,28.4,31.7,70,3.638888888888889,98,8.5,1007.8,0.0,13.05,,22.5,31.460790009315602,28.4,39,260.0,Partly Cloudy,Mainly clear
2026-02-24T18:00,27.2,31.0,79,3.333333333333333,104,7.611111111111111,1008.4,0.0,14.65,,23.2,30.084231424035547,27.2,7,58.0,Sunny,Clear skies
2026-02-24T19:00,26.9,31.3,82,2.694444444444444,108,6.388888888888888,1009.4,0.0,14.55,,23.6,29.698200449375552,26.9,9,0.0,Sunny,Clear skies
2026-02-24T20:00,26.7,31.5,84,2.138888888888889,102,4.888888888888889,1010.3,0.0,14.9,,23.7,29.400446017891106,26.7,2,0.0,Sunny,Clear skies
2026-02-24T21:00,26.2,31.7,88,1.0833333333333333,112,3.8055555555555554,1011.0,0.0,11.35,,24.0,26.2,26.2,73,0.0,Partly Cloudy,Partly cloudy
2026-02-24T22:00,25.8,31.8,90,0.16666666666666666,236,1.611111111111111,1011.2,0.0,5,,24.0,25.8,25.8,97,0.0,Cloudy,Overcast
2026-02-24T23:00,25.2,30.7,93,1.25,270,1.8888888888888888,1011.2,0.0,5,,24.0,25.2,25.2,97,0.0,Cloudy,Overcast
2026-02-25T00:00,25.2,30.4,91,1.25,272,2.611111111111111,1010.7,0.0,5,,23.6,25.2,25.2,97,0.0,Cloudy,Overcast
2026-02-25T01:00,24.9,29.7,91,1.6388888888888888,301,2.8055555555555554,1010.1,0.0,5,,23.3,24.9,24.9,87,0.0,Cloudy,Overcast
2026-02-25T02:00,24.7,29.6,91,1.3888888888888888,316,2.888888888888889,1009.7,0.0,5,,23.2,24.7,24.7,95,0.0,Cloudy,Overcast
2026-02-25T03:00,24.2,29.1,93,1.2777777777777777,342,2.305555555555556,1009.5,0.0,5,,23.0,24.2,24.2,99,0.0,Cloudy,Overcast
2026-02-25T04:00,24.2,28.8,94,1.6944444444444442,355,2.888888888888889,1009.8,0.0,5,,23.1,24.2,24.2,100,0.0,Cloudy,Overcast
2026-02-25T05:00,23.9,28.3,92,1.5277777777777777,351,3.194444444444444,1010.2,0.0,11.7,,22.5,23.9,23.9,66,0.0,Partly Cloudy,Partly cloudy
2026-02-25T06:00,24.2,28.9,92,1.1944444444444444,15,2.8055555555555554,1011.0,0.0,13.9,,22.8,24.2,24.2,22,0.0,Partly Cloudy,Mainly clear
2026-02-25T07:00,26.2,30.9,83,1.6666666666666665,33,3.5,1011.8,0.0,11.5,,23.1,26.2,26.2,70,57.0,Partly Cloudy,Partly cloudy
2026-02-25T08:00,28.4,32.3,69,2.0,35,5.305555555555556,1012.9,0.0,5,,22.2,31.308852204497814,28.4,88,265.0,Cloudy,Overcast
2026-02-25T09:00,29.6,33.1,64,2.5555555555555554,59,6.888888888888889,1013.1,0.0,5,,21.9,32.83971200067557,29.6,98,471.0,Cloudy,Overcast
2026-02-25T10:00,30.4,34.5,61,3.1666666666666665,63,8.194444444444445,1013.1,0.0,5,,22.0,33.83287403731556,30.4,100,693.0,Cloudy,Overcast
2026-02-25T11:00,30.8,34.8,56,3.638888888888889,67,9.305555555555555,1012.7,0.0,5,,21.2,33.51059599255109,30.8,87,818.0,Cloudy,Overcast
2026-02-25T12:00,31.4,35.1,52,3.6666666666666665,93,9.11111111111111,1011.2,0.0,5,,20.4,33.73250970787562,31.4,100,825.0,Cloudy,Overcast
2026-02-25T13:00,30.0,34.0,64,4.583333333333333,106,10.694444444444445,1010.2,0.4,9.2,,22.5,33.66366225555557,30.0,88,789.0,Light Rain,Light drizzle
2026-02-25T14:00,29.1,34.5,66,2.0277777777777777,110,10.499999999999998,1009.8,3.2,3.5999999999999996,,22.1,32.21003224517104,29.1,98,783.0,Light Rain,Moderate rain
2026-02-25T15:00,28.8,32.8,64,1.027777777777778,219,6.305555555555555,1009.6,0.1,9.8,,21.3,31.30179953763562,28.8,88,462.0,Light Rain,Light drizzle
2026-02-25T16:00,29.0,32.6,64,2.111111111111111,78,5.194444444444444,1009.8,0.1,9.8,,21.6,31.67252914755559,29.0,67,394.0,Light Rain,Light drizzle
2026-02-25T17:00,28.0,31.7,69,2.055555555555556,87,7.611111111111111,1009.4,0.1,9.8,,21.8,30.53506764577775,28.0,83,244.0,Light Rain,Light drizzle
2026-02-25T18:00,26.8,31.4,78,1.4166666666666665,84,4.5,1010.4,0.0,11.25,,22.7,29.13951049713781,26.8,75,55.0,Partly Cloudy,Partly cloudy
2026-02-25T19:00,25.9,31.0,86,0.9722222222222222,105,2.694444444444444,1011.2,0.0,11.1,,23.3,25.9,25.9,78,0.0,Partly Cloudy,Partly cloudy
2026-02-25T20:00,25.4,30.8,90,1.027777777777778,125,1.6944444444444442,1012.3,0.0,5,,23.7,25.4,25.4,96,0.0,Cloudy,Overcast
2026-02-25T21:00,25.4,31.3,91,0.1388888888888889,360,1.8888888888888888,1013.1,0.0,11.0,,23.8,25.4,25.4,80,0.0,Cloudy,Overcast
2026-02-25T22:00,25.0,28.9,92,3.7222222222222223,32,5.611111111111111,1013.3,0.5,9.0,,23.6,25.0,25.0,88,0.0,Light Rain,Moderate drizzle
2026-02-25T23:00,23.8,28.3,92,1.25,61,7.388888888888889,1012.9,1.9,6.2,,22.4,23.8,23.8,41,0.0,Light Rain,Slight rain
2026-02-26T00:00,24.1,29.1,93,0.8611111111111112,280,2.111111111111111,1012.6,0.0,12.35,,22.9,24.1,24.1,53,0.0,Partly Cloudy,Partly cloudy
2026-02-26T01:00,23.7,27.9,95,2.2777777777777777,292,4.0,1011.7,0.0,13.65,,22.8,23.7,23.7,27,0.0,Partly Cloudy,Mainly clear
2026-02-26T02:00,23.4,27.7,96,1.8055555555555556,294,4.0,1011.1,0.0,14.4,,22.6,23.4,23.4,12,0.0,Sunny,Clear skies
2026-02-26T03:00,23.2,27.6,96,1.6388888888888888,322,3.194444444444444,1010.9,0.0,14.8,,22.5,23.2,23.2,4,0.0,Sunny,Clear skies
2026-02-26T04:00,23.1,27.5,96,1.5277777777777777,324,2.888888888888889,1010.7,0.0,14.95,,22.5,23.1,23.1,1,0.0,Sunny,Clear skies
2026-02-26T05:00,23.6,28.4,96,1.2222222222222223,339,3.3055555555555554,1010.6,0.0,14.350000000000001,,22.9,23.6,23.6,13,0.0,Sunny,Clear skies
2026-02-26T06:00,23.9,28.9,96,1.2222222222222223,330,2.5,1011.3,0.0,14.600000000000001,,23.2,23.9,23.9,8,0.0,Sunny,Clear skies
2026-02-26T07:00,25.2,30.1,90,1.6666666666666665,316,3.611111111111111,1012.0,0.0,14.25,,23.4,25.2,25.2,15,59.0,Sunny,Clear skies
2026-02-26T08:00,27.8,32.4,74,1.2222222222222223,328,4.194444444444445,1012.5,0.0,5,,22.6,30.789025956391143,27.8,85,262.0,Cloudy,Overcast
2026-02-26T09:00,29.8,33.9,61,1.0555555555555556,45,4.5,1012.7,0.0,5,,21.4,32.64706783699556,29.8,91,508.0,Cloudy,Overcast
2026-02-26T10:00,30.9,35.3,57,2.361111111111111,78,7.111111111111112,1012.5,0.0,5,,21.5,33.925893175831256,30.9,88,723.0,Cloudy,Overcast
2026-02-26T11:00,31.0,36.2,59,2.888888888888889,89,8.88888888888889,1011.8,0.0,5,,22.0,34.59919833644446,31.0,93,870.0,Cloudy,Overcast
2026-02-26T12:00,31.4,36.2,56,3.611111111111111,94,9.388888888888888,1010.6,0.0,11.05,,21.7,34.67674235527118,31.4,79,903.0,Partly Cloudy,Partly cloudy
2026-02-26T13:00,30.9,35.0,58,4.194444444444445,92,10.499999999999998,1009.2,0.0,5,,21.6,34.15699193289568,30.9,96,860.0,Cloudy,Overcast
2026-02-26T14:00,30.8,35.1,58,3.3055555555555554,112,10.0,1008.4,0.0,12.7,,21.6,33.95807895651558,30.8,46,785.0,Partly Cloudy,Mainly clear
2026-02-26T15:00,30.3,33.6,61,4.111111111111112,123,9.805555555555555,1007.9,0.0,13.1,,21.9,33.629775723795575,30.3,38,672.0,Partly Cloudy,Mainly clear
2026-02-26T16:00,29.8,32.8,61,3.222222222222222,134,9.388888888888888,1007.9,0.0,12.2,,21.6,32.64706783699556,29.8,56,364.0,Partly Cloudy,Partly cloudy
2026-02-26T17:00,29.4,33.1,67,2.9166666666666665,131,7.388888888888889,1007.8,0.0,13.0,,22.6,33.015264870275686,29.4,40,215.0,Partly Cloudy,Mainly clear
2026-02-26T18:00,28.4,32.6,74,2.861111111111111,142,6.194444444444445,1008.6,0.0,14.45,,23.3,32.09432399463126,28.4,11,56.0,Sunny,Clear skies
2026-02-26T19:00,27.7,32.6,80,2.2222222222222223,157,5.611111111111111,1009.3,0.0,14.25,,23.9,31.36165388991773,27.7,15,0.0,Sunny,Clear skies
2026-02-26T20:00,27.2,32.3,83,2.055555555555556,157,3.888888888888889,1010.0,0.0,12.8,,24.1,30.51242186887119,27.2,44,0.0,Partly Cloudy,Mainly clear
2026-02-26T21:00,26.9,32.2,84,1.611111111111111,160,3.8055555555555554,1010.6,0.0,14.7,,24.0,29.880478389331,26.9,6,0.0,Sunny,Clear skies
2026-02-26T22:00,26.5,31.9,87,1.4444444444444444,158,2.694444444444444,1010.9,0.0,5,,24.1,26.5,26.5,91,0.0,Cloudy,Overcast
2026-02-26T23:00,26.5,32.0,88,1.4444444444444444,158,2.611111111111111,1010.4,0.0,12.3,,24.4,26.5,26.5,54,0.0,Partly Cloudy,Partly cloudy
2026-02-27T00:00,25.8,30.6,90,2.5277777777777777,255,4.305555555555555,1009.9,0.3,9.4,,24.0,25.8,25.8,15,0.0,Light Rain,Light drizzle
2026-02-27T01:00,23.9,27.5,92,3.0277777777777777,326,5.611111111111111,1009.8,0.8,8.4,,22.6,23.9,23.9,99,0.0,Light Rain,Moderate drizzle
2026-02-27T02:00,23.1,26.7,93,2.361111111111111,306,8.61111111111111,1008.7,0.4,9.2,,21.8,23.1,23.1,41,0.0,Light Rain,Light drizzle
2026-02-27T03:00,22.6,25.8,94,2.833333333333333,318,5.305555555555556,1008.5,0.0,11.2,,21.6,22.6,22.6,76,0.0,Partly Cloudy,Partly cloudy
2026-02-27T04:00,22.3,26.0,94,1.4166666666666665,350,4.805555555555555,1008.5,0.0,14.9,,21.2,22.3,22.3,2,0.0,Sunny,Clear skies
2026-02-27T05:00,23.3,28.3,94,0.22222222222222224,243,3.194444444444444,1008.6,0.0,13.3,,22.4,23.3,23.3,34,0.0,Partly Cloudy,Mainly clear
2026-02-27T06:00,23.4,28.5,94,0.05555555555555556,270,0.38888888888888884,1009.1,0.0,14.7,,22.3,23.4,23.4,6,0.0,Sunny,Clear skies
2026-02-27T07:00,24.8,30.0,91,1.0555555555555556,275,2.388888888888889,1010.0,0.0,14.5,,23.3,24.8,24.8,10,62.0,Sunny,Clear skies
2026-02-27T08:00,27.1,31.7,76,1.2222222222222223,261,4.305555555555555,1010.6,0.0,14.850000000000001,,22.5,29.573654678015675,27.1,3,276.0,Sunny,Clear skies
2026-02-27T09:00,29.2,33.7,63,0.2777777777777778,135,4.194444444444445,1011.2,0.0,14.75,,21.5,31.878188213404503,29.2,5,519.0,Sunny,Clear skies
2026-02-27T10:00,30.8,35.1,53,1.5555555555555554,88,5.694444444444445,1011.1,0.0,14.4,,20.2,32.87719122273781,30.8,12,724.0,Sunny,Clear skies
2026-02-27T11:00,31.4,35.8,52,3.0,87,7.5,1010.4,0.0,14.0,,20.4,33.73250970787562,31.4,20,873.0,Partly Cloudy,Mainly clear
2026-02-27T12:00,31.8,36.3,52,3.3888888888888884,90,8.694444444444445,1009.3,0.0,13.5,,20.7,34.47396164563548,31.8,30,929.0,Partly Cloudy,Mainly clear
2026-02-27T13:00,31.7,35.9,52,3.6666666666666665,95,9.194444444444445,1008.1,0.0,14.25,,20.6,34.28580817393564,31.7,15,911.0,Sunny,Clear skies
2026-02-27T14:00,31.3,34.5,52,3.944444444444444,105,9.388888888888888,1006.9,0.0,14.3,,20.1,33.55179753553556,31.3,14,797.0,Sunny,Clear skies
2026-02-27T15:00,30.8,33.4,54,4.166666666666667,109,9.805555555555555,1006.2,0.0,14.350000000000001,,20.3,33.0832835225245,30.8,13,681.0,Sunny,Clear skies
2026-02-27T16:00,30.1,32.4,58,3.944444444444444,123,9.694444444444445,1006.6,0.0,14.4,,21.0,32.623884729695675,30.1,12,488.0,Sunny,Clear skies
2026-02-27T17:00,29.1,32.1,64,3.3888888888888884,127,8.805555555555555,1006.6,0.0,14.350000000000001,,21.7,31.861331078975557,29.1,13,265.0,Sunny,Clear skies
2026-02-27T18:00,28.0,31.7,71,2.611111111111111,122,7.0,1007.1,0.0,14.05,,22.3,30.799996281777833,28.0,19,60.0,Sunny,Clear skies
2026-02-27T19:00,27.4,32.0,78,1.9166666666666667,131,5.194444444444444,1008.1,0.0,14.600000000000001,,23.2,30.417561994417863,27.4,8,0.0,Sunny,Clear skies
2026-02-27T20:00,27.2,32.2,80,1.2777777777777777,144,3.3888888888888884,1008.7,0.0,14.8,,23.4,30.189306303217805,27.2,4,0.0,Sunny,Clear skies
2026-02-27T21:00,26.5,31.8,83,0.8333333333333333,155,2.388888888888889,1009.1,0.0,14.45,,23.4,26.5,26.5,11,0.0,Sunny,Clear skies
2026-02-27T22:00,25.8,31.0,86,0.9722222222222222,208,1.6944444444444442,1009.1,0.0,13.95,,23.4,25.8,25.8,21,0.0,Partly Cloudy,Mainly clear
2026-02-27T23:00,25.4,30.5,89,1.3333333333333333,255,2.5,1009.0,0.0,13.5,,23.5,25.4,25.4,30,0.0,Partly Cloudy,Mainly clear
2026-02-28T00:00,25.1,30.1,88,1.0833333333333333,286,2.694444444444444,1008.3,0.0,12.2,,23.1,25.1,25.1,56,0.0,Partly Cloudy,Partly cloudy
2026-02-28T01:00,24.5,29.2,91,1.2777777777777777,291,2.1944444444444446,1007.9,0.0,12.05,,22.8,24.5,24.5,59,0.0,Partly Cloudy,Partly cloudy
2026-02-28T02:00,23.8,28.5,93,1.027777777777778,325,2.305555555555556,1007.5,0.0,12.75,,22.6,23.8,23.8,45,0.0,Partly Cloudy,Mainly clear
2026-02-28T03:00,23.1,27.7,96,1.1388888888888888,347,2.0,1007.3,0.0,12.5,,22.4,23.1,23.1,50,0.0,Partly Cloudy,Partly cloudy
2026-02-28T04:00,23.2,27.4,95,1.9444444444444444,342,3.3055555555555554,1007.6,0.0,14.75,,22.4,23.2,23.2,5,0.0,Sunny,Clear skies
2026-02-28T05:00,24.9,30.1,94,1.5555555555555554,21,3.611111111111111,1007.7,0.0,14.100000000000001,,23.9,24.9,24.9,18,0.0,Sunny,Clear skies
2026-02-28T06:00,24.8,29.7,95,2.305555555555556,6,4.111111111111112,1008.7,0.0,14.25,,24.0,24.8,24.8,15,0.0,Sunny,Clear skies
2026-02-28T07:00,26.0,30.9,88,2.305555555555556,5,4.694444444444444,1009.8,0.0,14.15,,23.9,26.0,26.0,17,59.0,Sunny,Clear skies
2026-02-28T08:00,27.8,32.0,77,2.833333333333333,34,6.611111111111111,1010.6,0.0,14.4,,23.4,31.188054025724462,27.8,12,272.0,Sunny,Clear skies
2026-02-28T09:00,29.1,32.9,69,3.3055555555555554,56,8.0,1011.2,0.0,14.100000000000001,,23.0,32.757875766497754,29.1,18,509.0,Sunny,Clear skies
2026-02-28T10:00,30.2,34.5,63,3.5833333333333335,69,8.88888888888889,1011.1,0.0,14.2,,22.5,33.86477731500452,30.2,16,715.0,Sunny,Clear skies
2026-02-28T11:00,30.9,34.9,56,3.7777777777777777,85,9.694444444444445,1010.4,0.0,14.9,,21.1,33.69993793237112,30.9,2,833.0,Sunny,Clear skies
2026-02-28T12:00,31.2,35.9,57,4.111111111111112,93,10.0,1009.2,0.0,14.05,,21.6,34.52037894039131,31.2,19,944.0,Sunny,Clear skies
2026-02-28T13:00,31.2,35.9,58,4.25,99,10.194444444444445,1008.2,0.0,14.5,,22.1,34.766201563715704,31.2,10,935.0,Sunny,Clear skies
2026-02-28T14:00,31.0,35.2,58,4.25,105,10.305555555555555,1007.4,0.0,14.3,,21.9,34.35798335955565,31.0,14,847.0,Sunny,Clear skies
2026-02-28T15:00,30.4,34.3,61,3.5277777777777777,113,10.11111111111111,1007.1,0.0,14.350000000000001,,22.1,33.83287403731556,30.4,13,691.0,Sunny,Clear skies
2026-02-28T16:00,29.9,32.9,61,3.138888888888889,115,8.694444444444445,1007.3,0.0,14.600000000000001,,21.5,32.8392382569156,29.9,8,507.0,Sunny,Clear skies
2026-02-28T17:00,29.3,32.8,65,2.861111111111111,105,7.611111111111111,1007.4,0.0,14.75,,22.1,32.42843660975104,29.3,5,283.0,Sunny,Clear skies
2026-02-28T18:00,27.9,32.2,75,2.3333333333333335,124,6.194444444444445,1008.0,0.0,14.8,,23.0,31.136592726071132,27.9,4,65.0,Sunny,Clear skies
2026-02-28T19:00,27.2,31.8,81,2.305555555555556,150,4.611111111111112,1008.7,0.0,14.850000000000001,,23.6,30.295696337084436,27.2,3,0.0,Sunny,Clear skies
2026-02-28T20:00,26.4,31.3,84,1.6944444444444442,161,4.194444444444445,1009.2,0.0,14.95,,23.5,26.4,26.4,1,0.0,Sunny,Clear skies
2026-02-28T21:00,25.5,30.8,90,1.2222222222222223,173,3.1111111111111107,1009.8,0.0,15.0,,23.7,25.5,25.5,0,0.0,Sunny,Clear skies
2026-02-28T22:00,24.7,29.8,93,1.1944444444444444,213,2.0,1009.7,0.0,14.95,,23.5,24.7,24.7,1,0.0,Sunny,Clear skies
2026-02-28T23:00,24.3,29.6,96,1.0,261,2.111111111111111,1009.5,0.0,15.0,,23.6,24.3,24.3,0,0.0,Sunny,Clear skies
2026-03-01T00:00,23.7,28.5,97,1.5,300,2.611111111111111,1009.1,0.0,15.0,,23.2,23.7,23.7,0,0.0,Sunny,Clear skies
2026-03-01T01:00,23.2,27.9,98,1.3055555555555556,332,3.0,1008.5,0.0,13.35,,22.9,23.2,23.2,33,0.0,Partly Cloudy,Mainly clear
2026-03-01T02:00,22.9,27.4,99,1.5833333333333333,349,2.8055555555555554,1007.8,0.0,12.05,,22.7,22.9,22.9,59,0.0,Partly Cloudy,Partly cloudy
2026-03-01T03:00,22.8,27.2,98,1.611111111111111,340,3.0,1007.6,0.0,11.15,,22.5,22.8,22.8,77,0.0,Partly Cloudy,Partly cloudy
2026-03-01T04:00,22.5,26.6,98,1.6944444444444442,337,3.1111111111111107,1007.8,0.0,5,,22.2,22.5,22.5,90,0.0,Cloudy,Overcast
2026-03-01T05:00,22.9,27.6,99,1.2222222222222223,341,3.3055555555555554,1008.2,0.0,5,,22.8,22.9,22.9,100,0.0,Cloudy,Overcast
2026-03-01T06:00,23.0,27.9,99,0.888888888888889,357,2.694444444444444,1009.1,0.0,5,,22.8,23.0,23.0,100,0.0,Cloudy,Overcast
2026-03-01T07:00,23.9,28.9,96,1.1666666666666667,353,3.1111111111111107,1010.0,0.0,5,,23.2,23.9,23.9,99,49.0,Cloudy,Overcast
2026-03-01T08:00,26.5,31.5,81,1.0555555555555556,357,4.0,1010.8,0.0,14.4,,23.0,26.5,26.5,12,246.0,Sunny,Clear skies
2026-03-01T09:00,29.4,33.4,62,1.2777777777777777,36,5.0,1011.4,0.0,14.9,,21.5,32.077041305297904,29.4,2,509.0,Sunny,Clear skies
2026-03-01T10:00,31.3,34.6,48,2.25,61,6.611111111111111,1011.4,0.0,14.9,,19.1,32.71495649077114,31.3,2,740.0,Sunny,Clear skies
2026-03-01T11:00,31.4,35.1,49,3.4722222222222223,65,8.88888888888889,1010.8,0.0,13.05,,19.5,33.08361627987563,31.4,39,896.0,Partly Cloudy,Mainly clear
2026-03-01T12:00,31.6,34.8,49,4.055555555555555,68,9.805555555555555,1009.7,0.0,13.95,,19.6,33.42440024307559,31.6,21,855.0,Partly Cloudy,Mainly clear
2026-03-01T13:00,32.1,34.9,44,4.055555555555555,74,9.88888888888889,1009.1,0.0,14.350000000000001,,18.3,33.196149403197786,32.1,13,907.0,Sunny,Clear skies
2026-03-01T14:00,31.9,34.0,44,4.5,90,10.388888888888888,1008.3,0.0,14.7,,18.2,32.879454675597785,31.9,6,824.0,Sunny,Clear skies
2026-03-01T15:00,31.2,32.2,43,4.694444444444444,97,10.88888888888889,1007.8,0.0,14.75,,17.1,31.6506212637156,31.2,5,723.0,Sunny,Clear skies
2026-03-01T16:00,31.5,31.3,41,4.75,94,10.499999999999998,1007.9,0.0,14.95,,16.7,31.740754510444464,31.5,1,530.0,Sunny,Clear skies
2026-03-01T17:00,29.4,30.8,58,5.0,102,10.694444444444445,1008.0,0.0,14.8,,20.4,31.391534566595713,29.4,4,291.0,Sunny,Clear skies
2026-03-01T18:00,28.1,29.8,62,4.361111111111111,95,9.61111111111111,1008.5,0.0,14.850000000000001,,20.2,29.832920250797834,28.1,3,66.0,Sunny,Clear skies
2026-03-01T19:00,27.8,29.3,60,3.6944444444444446,90,8.0,1009.1,0.0,14.9,,19.2,29.158861033617754,27.8,2,0.0,Sunny,Clear skies
2026-03-01T20:00,27.4,29.9,65,2.833333333333333,80,6.611111111111111,1010.0,0.0,14.95,,20.3,29.057278482471045,27.4,1,0.0,Sunny,Clear skies
2026-03-01T21:00,27.8,29.4,60,3.4444444444444446,81,6.194444444444445,1010.7,0.0,15.0,,19.2,29.158861033617754,27.8,0,0.0,Sunny,Clear skies
2026-03-01T22:00,26.6,29.7,65,1.1388888888888888,56,6.194444444444445,1011.0,0.0,15.0,,19.6,26.6,26.6,0,0.0,Sunny,Clear skies
2026-03-01T23:00,25.6,27.5,68,3.0555555555555554,300,5.111111111111111,1011.3,0.0,15.0,,19.3,25.6,25.6,0,0.0,Sunny,Clear skies
2026-03-02T00:00,25.3,27.0,64,2.388888888888889,300,5.694444444444445,1010.9,0.0,14.9,,17.9,25.3,25.3,2,0.0,Sunny,Clear skies
2026-03-02T01:00,24.3,26.6,68,1.25,323,4.0,1010.1,0.0,15.0,,18.1,24.3,24.3,0,0.0,Sunny,Clear skies
2026-03-02T02:00,24.2,26.3,71,1.8333333333333333,338,3.194444444444444,1009.7,0.0,13.5,,18.5,24.2,24.2,30,0.0,Partly Cloudy,Mainly clear
2026-03-02T03:00,23.6,26.1,75,1.6666666666666665,351,3.194444444444444,1009.5,0.0,14.3,,18.9,23.6,23.6,14,0.0,Sunny,Clear skies
2026-03-02T04:00,22.8,25.4,80,1.5555555555555554,345,2.888888888888889,1009.6,0.0,15.0,,19.2,22.8,22.8,0,0.0,Sunny,Clear skies
2026-03-02T05:00,22.2,24.7,81,1.472222222222222,332,2.694444444444444,1009.7,0.0,15.0,,18.8,22.2,22.2,0,0.0,Sunny,Clear skies
2026-03-02T06:00,22.1,24.5,80,1.3333333333333333,335,2.388888888888889,1010.8,0.0,13.8,,18.5,22.1,22.1,24,0.0,Partly Cloudy,Mainly clear
2026-03-02T07:00,24.7,26.6,68,2.1666666666666665,341,3.888888888888889,1011.5,0.0,13.25,,18.4,24.7,24.7,35,69.0,Partly Cloudy,Mainly clear
2026-03-02T08:00,28.5,30.6,53,1.6944444444444442,14,4.694444444444444,1012.3,0.0,12.6,,18.1,29.358706111777874,28.5,48,296.0,Partly Cloudy,Mainly clear
2026-03-02T09:00,30.0,32.5,52,1.777777777777778,40,5.611111111111111,1012.8,0.0,12.9,,19.1,31.371828855555602,30.0,42,542.0,Partly Cloudy,Mainly clear
2026-03-02T10:00,31.2,34.7,48,2.25,66,6.694444444444445,1012.8,0.0,14.100000000000001,,19.0,32.55301492327115,31.2,18,755.0,Sunny,Clear skies
2026-03-02T11:00,31.8,35.7,48,3.333333333333333,77,8.805555555555555,1012.3,0.0,14.7,,19.5,33.55034496247111,31.8,6,910.0,Sunny,Clear skies
2026-03-02T12:00,32.0,35.3,44,3.888888888888889,82,9.694444444444445,1011.3,0.0,14.100000000000001,,18.2,33.03702130577785,32.0,18,980.0,Sunny,Clear skies
2026-03-02T13:00,32.0,34.7,44,3.944444444444444,91,9.694444444444445,1010.4,0.0,13.35,,18.0,33.03702130577785,32.0,33,906.0,Partly Cloudy,Mainly clear
2026-03-02T14:00,31.5,34.4,49,3.9722222222222223,105,9.805555555555555,1009.5,0.0,13.4,,19.4,33.253133597555674,31.5,32,821.0,Partly Cloudy,Mainly clear
2026-03-02T15:00,31.1,32.8,48,4.361111111111111,109,9.805555555555555,1008.6,0.0,12.8,,19.0,32.39278539805116,31.1,44,673.0,Partly Cloudy,Mainly clear
2026-03-02T16:00,30.4,31.6,51,4.166666666666667,106,9.88888888888889,1008.7,0.0,12.6,,19.0,31.829649482737775,30.4,48,493.0,Partly Cloudy,Mainly clear
2026-03-02T17:00,29.3,31.6,61,3.888888888888889,98,9.11111111111111,1008.5,0.0,11.9,,21.0,31.718999418195594,29.3,62,276.0,Partly Cloudy,Partly cloudy
2026-03-02T18:00,27.9,30.8,71,4.027777777777778,107,8.194444444444445,1009.0,0.0,12.55,,22.1,30.602502230337848,27.9,49,66.0,Partly Cloudy,Mainly clear
2026-03-02T19:00,27.3,29.7,68,3.5,103,7.805555555555555,1009.5,0.0,12.7,,20.8,29.180530438504523,27.3,46,0.0,Partly Cloudy,Mainly clear
2026-03-02T20:00,27.2,29.7,68,3.2499999999999996,94,6.388888888888888,1010.5,0.0,14.95,,20.8,29.015207962204563,27.2,1,0.0,Sunny,Clear skies
2026-03-02T21:00,27.1,29.8,68,2.7777777777777777,76,5.805555555555555,1011.1,0.0,15.0,,20.7,28.85231601618448,27.1,0,0.0,Sunny,Clear skies
2026-03-02T22:00,27.1,29.8,68,2.9166666666666665,83,5.111111111111111,1011.1,0.0,15.0,,20.8,28.85231601618448,27.1,0,0.0,Sunny,Clear skies
2026-03-02T23:00,26.5,30.5,75,1.6944444444444442,78,5.194444444444444,1011.2,0.0,15.0,,21.8,26.5,26.5,0,0.0,Sunny,Clear skies
2026-03-03T00:00,25.1,29.9,87,1.0833333333333333,24,2.8055555555555554,1011.0,0.0,14.8,,22.7,25.1,25.1,4,0.0,Sunny,Clear skies
2026-03-03T01:00,24.3,29.1,92,1.1666666666666667,353,2.0,1010.5,0.0,14.05,,22.8,24.3,24.3,19,0.0,Sunny,Clear skies
2026-03-03T02:00,23.9,28.1,90,1.5833333333333333,342,2.694444444444444,1010.1,0.0,12.75,,22.2,23.9,23.9,45,0.0,Partly Cloudy,Mainly clear
2026-03-03T03:00,23.7,26.8,82,1.972222222222222,326,3.5,1010.0,0.0,12.8,,20.5,23.7,23.7,44,0.0,Partly Cloudy,Mainly clear
2026-03-03T04:00,23.3,25.7,79,2.25,323,4.0,1010.3,0.0,11.9,,19.5,23.3,23.3,62,0.0,Partly Cloudy,Partly cloudy
2026-03-03T05:00,23.2,25.4,80,2.611111111111111,331,4.0,1010.7,0.0,11.65,,19.5,23.2,23.2,67,0.0,Partly Cloudy,Partly cloudy
2026-03-03T06:00,23.0,25.3,80,2.5277777777777777,333,4.694444444444444,1011.6,0.0,5,,19.5,23.0,23.0,95,0.0,Cloudy,Overcast
2026-03-03T07:00,24.2,26.5,76,2.8055555555555554,333,5.194444444444444,1012.6,0.0,5,,19.8,24.2,24.2,88,66.0,Cloudy,Overcast
2026-03-03T08:00,26.8,29.4,68,2.75,359,6.499999999999999,1013.3,0.0,12.4,,20.3,28.378223359804576,26.8,52,294.0,Partly Cloudy,Partly cloudy
2026-03-03T09:00,28.5,31.2,62,2.5555555555555554,39,6.888888888888889,1013.8,0.0,14.2,,20.4,30.483441007277843,28.5,16,545.0,Sunny,Clear skies
2026-03-03T10:00,29.4,32.8,58,3.1666666666666665,62,8.305555555555555,1014.1,0.0,14.7,,20.2,31.391534566595713,29.4,6,740.0,Sunny,Clear skies
2026-03-03T11:00,30.1,33.8,52,3.5277777777777777,65,9.0,1013.5,0.0,14.55,,19.3,31.528356804975665,30.1,9,907.0,Sunny,Clear skies
2026-03-03T12:00,30.6,34.2,50,3.5277777777777777,72,9.194444444444445,1012.3,0.0,14.600000000000001,,18.9,31.96842908860448,30.6,8,950.0,Sunny,Clear skies
2026-03-03T13:00,30.6,34.3,52,3.888888888888889,82,9.694444444444445,1011.4,0.0,14.3,,19.5,32.33890142467563,30.6,14,943.0,Sunny,Clear skies
2026-03-03T14:00,30.6,34.0,52,3.7222222222222223,96,9.805555555555555,1010.3,0.0,14.600000000000001,,19.6,32.33890142467563,30.6,8,862.0,Sunny,Clear skies
2026-03-03T15:00,30.3,32.9,52,3.6666666666666665,105,9.388888888888888,1009.6,0.0,13.7,,19.2,31.846993678335608,30.3,26,744.0,Partly Cloudy,Mainly clear
2026-03-03T16:00,29.7,31.2,52,3.5,104,9.0,1009.4,0.0,12.85,,18.9,30.913406956335653,29.7,43,537.0,Partly Cloudy,Mainly clear
2026-03-03T17:00,28.9,30.1,53,3.6944444444444446,99,8.305555555555555,1009.4,0.0,5,,18.5,29.898529149217854,28.9,97,298.0,Cloudy,Overcast
2026-03-03T18:00,27.5,29.8,66,3.3611111111111107,105,7.805555555555555,1010.0,0.0,5,,20.5,29.313702898611155,27.5,84,68.0,Cloudy,Overcast
2026-03-03T19:00,27.1,29.0,62,2.8055555555555554,101,6.611111111111111,1010.7,0.0,5,,19.1,28.362088474397883,27.1,88,0.0,Cloudy,Overcast
2026-03-03T20:00,26.8,29.0,64,2.6666666666666665,99,5.388888888888888,1011.5,0.0,11.9,,19.4,28.098615319235567,26.8,62,0.0,Partly Cloudy,Partly cloudy
2026-03-03T21:00,26.5,28.7,64,2.5833333333333335,98,4.805555555555555,1012.2,0.0,14.2,,19.2,26.5,26.5,16,0.0,Sunny,Clear skies
2026-03-03T22:00,26.5,28.4,62,2.5,96,4.5,1012.4,0.0,14.15,,18.6,26.5,26.5,17,0.0,Sunny,Clear skies
2026-03-03T23:00,26.7,29.3,69,3.0,91,4.694444444444444,1012.2,0.0,14.8,,20.6,28.292644831457842,26.7,4,0.0,Sunny,Clear skies
2026-03-04T00:00,25.9,29.8,78,1.8611111111111112,88,5.388888888888888,1011.7,0.0,15.0,,21.8,25.9,25.9,0,0.0,Sunny,Clear skies
2026-03-04T01:00,24.3,29.2,88,0.22222222222222224,27,3.194444444444444,1011.2,0.0,15.0,,22.2,24.3,24.3,0,0.0,Sunny,Clear skies
2026-03-04T02:00,23.3,27.3,90,1.25,304,2.0,1010.9,0.0,14.7,,21.5,23.3,23.3,6,0.0,Sunny,Clear skies
2026-03-04T03:00,23.4,25.9,78,1.972222222222222,317,3.5,1010.8,0.0,13.5,,19.4,23.4,23.4,30,0.0,Partly Cloudy,Mainly clear
2026-03-04T04:00,23.4,25.8,78,2.0277777777777777,330,3.6944444444444446,1010.8,0.0,13.7,,19.2,23.4,23.4,26,0.0,Partly Cloudy,Mainly clear
2026-03-04T05:00,23.3,25.4,79,2.8055555555555554,340,4.0,1011.1,0.0,13.3,,19.5,23.3,23.3,34,0.0,Partly Cloudy,Mainly clear
2026-03-04T06:00,23.6,26.1,82,2.7777777777777777,342,5.0,1012.0,0.0,13.55,,20.2,23.6,23.6,29,0.0,Partly Cloudy,Mainly clear
2026-03-04T07:00,24.7,27.6,81,3.0,350,6.194444444444445,1012.7,0.0,13.9,,21.2,24.7,24.7,22,64.0,Partly Cloudy,Mainly clear
2026-03-04T08:00,26.8,30.0,75,3.3888888888888884,24,7.305555555555555,1013.6,0.0,13.2,,22.1,28.9017843005512,26.8,36,279.0,Partly Cloudy,Mainly clear
2026-03-04T09:00,28.5,31.5,67,3.3611111111111107,46,8.0,1014.3,0.1,9.8,,21.7,31.202184917555606,28.5,23,499.0,Light Rain,Light drizzle
2026-03-04T10:00,29.6,33.1,61,3.7222222222222223,59,9.11111111111111,1014.2,0.1,9.8,,21.2,32.26928373331552,29.6,26,720.0,Light Rain,Light drizzle
2026-03-04T11:00,30.9,34.4,52,3.8333333333333335,66,9.694444444444445,1013.6,0.0,14.600000000000001,,19.9,32.847552094575754,30.9,8,873.0,Sunny,Clear skies
2026-03-04T12:00,31.2,34.5,48,4.138888888888889,78,10.194444444444445,1012.5,0.0,14.5,,18.9,32.55301492327115,31.2,10,952.0,Sunny,Clear skies
2026-03-04T13:00,31.6,35.1,48,4.0,93,10.194444444444445,1011.4,0.0,14.850000000000001,,19.1,33.21105344695115,31.6,3,955.0,Sunny,Clear skies
2026-03-04T14:00,31.1,34.7,53,4.333333333333333,96,10.305555555555555,1010.2,0.0,14.9,,20.3,33.410108517217864,31.1,2,899.0,Sunny,Clear skies
2026-03-04T15:00,30.7,33.5,53,4.138888888888889,91,10.388888888888888,1009.4,0.0,15.0,,20.2,32.70334619913797,30.7,0,748.0,Sunny,Clear skies
2026-03-04T16:00,29.9,32.5,63,4.305555555555555,100,9.805555555555555,1009.0,0.0,15.0,,22.0,33.24510963108455,29.9,0,530.0,Sunny,Clear skies
2026-03-04T17:00,28.8,31.8,68,4.0,106,9.694444444444445,1009.3,0.0,14.600000000000001,,22.4,31.95203121660449,28.8,8,287.0,Sunny,Clear skies
2026-03-04T18:00,27.5,30.9,74,3.2499999999999996,104,8.194444444444445,1009.9,0.0,14.8,,22.4,30.17194809861116,27.5,4,66.0,Sunny,Clear skies
2026-03-04T19:00,27.4,30.9,77,3.861111111111111,101,7.305555555555555,1010.7,0.0,14.9,,23.1,30.303762154364392,27.4,2,0.0,Sunny,Clear skies
2026-03-04T20:00,27.3,30.6,80,4.583333333333333,97,8.694444444444445,1011.4,0.0,14.8,,23.5,30.41810759391782,27.3,4,0.0,Sunny,Clear skies
2026-03-04T21:00,27.2,31.5,82,3.333333333333333,99,8.61111111111111,1012.2,0.0,15.0,,23.9,30.403401525635665,27.2,0,0.0,Sunny,Clear skies
2026-03-04T22:00,26.4,32.4,87,0.2777777777777778,158,6.0,1012.9,0.0,14.9,,24.1,26.4,26.4,2,0.0,Sunny,Clear skies
2026-03-04T23:00,26.0,31.9,87,0.11111111111111112,270,2.5,1012.7,0.8,8.4,,23.7,26.0,26.0,32,0.0,Light Rain,Moderate drizzle
2026-03-05T00:00,25.2,30.5,94,1.6388888888888888,235,2.888888888888889,1012.1,0.5,9.0,,24.1,25.2,25.2,54,0.0,Light Rain,Moderate drizzle
2026-03-05T01:00,24.5,29.5,97,2.0277777777777777,343,4.888888888888889,1011.7,0.6,8.8,,24.0,24.5,24.5,69,0.0,Light Rain,Moderate drizzle
2026-03-05T02:00,24.2,29.7,97,0.8611111111111112,283,4.805555555555555,1011.2,0.3,9.4,,23.7,24.2,24.2,61,0.0,Light Rain,Light drizzle
2026-03-05T03:00,23.7,29.1,98,0.6666666666666666,283,1.8888888888888888,1010.8,0.0,12.5,,23.4,23.7,23.7,50,0.0,Partly Cloudy,Partly cloudy
2026-03-05T04:00,23.7,28.8,98,0.9722222222222222,305,1.6944444444444442,1010.6,0.0,13.5,,23.3,23.7,23.7,30,0.0,Partly Cloudy,Mainly clear
2026-03-05T05:00,23.3,28.3,98,0.8611111111111112,294,2.611111111111111,1010.7,0.0,14.5,,23.0,23.3,23.3,10,0.0,Sunny,Clear skies
2026-03-05T06:00,23.1,27.7,97,1.1111111111111112,324,1.8888888888888888,1011.4,0.0,14.100000000000001,,22.5,23.1,23.1,18,0.0,Sunny,Clear skies
2026-03-05T07:00,24.8,29.3,91,2.0833333333333335,339,4.111111111111112,1012.1,0.0,14.55,,23.2,24.8,24.8,9,66.0,Sunny,Clear skies
2026-03-05T08:00,27.3,31.4,75,2.138888888888889,3,5.388888888888888,1012.7,0.0,14.7,,22.5,29.87757939535119,27.3,6,278.0,Sunny,Clear skies
2026-03-05T09:00,29.4,32.9,64,2.6666666666666665,26,6.888888888888889,1012.9,0.0,14.850000000000001,,21.9,32.44148537907566,29.4,3,513.0,Sunny,Clear skies
2026-03-05T10:00,30.7,34.4,57,3.138888888888889,46,8.11111111111111,1012.6,0.0,14.65,,21.1,33.539781603991294,30.7,7,722.0,Sunny,Clear skies
2026-03-05T11:00,31.2,35.5,55,3.5,66,9.0,1012.3,0.0,14.4,,20.9,34.04506966659555,31.2,12,886.0,Sunny,Clear skies
2026-03-05T12:00,31.5,35.9,53,3.5833333333333335,81,9.305555555555555,1011.3,0.0,14.0,,20.8,34.14722343177784,31.5,20,910.0,Partly Cloudy,Mainly clear
2026-03-05T13:00,31.6,35.8,54,4.027777777777778,104,9.805555555555555,1009.8,0.0,13.75,,21.1,34.57882021276445,31.6,25,914.0,Partly Cloudy,Mainly clear
2026-03-05T14:00,31.0,34.4,57,4.888888888888889,104,11.0,1009.1,0.0,14.0,,21.4,34.12201264311117,31.0,20,813.0,Partly Cloudy,Mainly clear
2026-03-05T15:00,30.3,32.4,57,5.083333333333333,95,11.38888888888889,1008.3,0.0,14.0,,20.7,32.79206791119113,30.3,20,660.0,Partly Cloudy,Mainly clear
2026-03-05T16:00,29.9,31.7,60,5.444444444444445,87,11.694444444444445,1008.3,0.0,14.65,,21.4,32.642494817037814,29.9,7,495.0,Sunny,Clear skies
2026-03-05T17:00,29.4,32.4,69,4.888888888888889,92,11.5,1008.4,0.0,14.350000000000001,,23.2,33.41586011809787,29.4,13,282.0,Sunny,Clear skies
2026-03-05T18:00,27.5,30.9,76,3.944444444444444,92,9.88888888888889,1008.7,0.0,14.9,,22.9,30.402838093055593,27.5,2,66.0,Sunny,Clear skies
2026-03-05T19:00,27.4,32.0,78,1.9166666666666667,121,7.5,1009.5,0.0,14.9,,23.2,30.417561994417863,27.4,2,0.0,Sunny,Clear skies
2026-03-05T20:00,26.8,31.7,82,1.611111111111111,185,3.611111111111111,1010.1,0.0,15.0,,23.4,29.468932166435714,26.8,0,0.0,Sunny,Clear skies
2026-03-05T21:00,26.2,30.9,84,1.9166666666666667,211,3.3888888888888884,1010.9,0.0,15.0,,23.4,26.2,26.2,0,0.0,Sunny,Clear skies
2026-03-05T22:00,25.5,29.7,85,2.4444444444444446,239,4.194444444444445,1011.1,0.0,15.0,,22.9,25.5,25.5,0,0.0,Sunny,Clear skies
2026-03-05T23:00,25.1,29.3,88,2.4166666666666665,256,4.388888888888889,1010.9,0.0,15.0,,22.9,25.1,25.1,0,0.0,Sunny,Clear skies
2026-03-06T00:00,24.8,28.9,87,2.111111111111111,256,4.194444444444445,1010.5,0.0,15.0,,22.5,24.8,24.8,0,0.0,Sunny,Clear skies
2026-03-06T01:00,24.0,28.3,90,1.4444444444444444,254,3.6944444444444446,1009.8,0.0,15.0,,22.3,24.0,24.0,0,0.0,Sunny,Clear skies
2026-03-06T02:00,23.0,27.2,93,1.2777777777777777,259,2.5,1009.1,0.0,15.0,,21.8,23.0,23.0,0,0.0,Sunny,Clear skies
2026-03-06T03:00,22.4,26.2,93,1.1944444444444444,246,2.0,1008.7,0.0,14.9,,21.2,22.4,22.4,2,0.0,Sunny,Clear skies
2026-03-06T04:00,21.8,25.5,95,1.3333333333333333,233,2.111111111111111,1008.9,0.0,14.9,,20.9,21.8,21.8,2,0.0,Sunny,Clear skies
2026-03-06T05:00,21.7,25.5,96,1.1388888888888888,229,2.0,1009.2,0.0,13.6,,21.1,21.7,21.7,28,0.0,Partly Cloudy,Mainly clear
2026-03-06T06:00,21.7,25.6,97,1.0555555555555556,225,2.1944444444444446,1010.1,0.0,12.55,,21.2,21.7,21.7,49,0.0,Partly Cloudy,Mainly clear
2026-03-06T07:00,22.9,26.7,90,1.3055555555555556,238,3.194444444444444,1011.1,0.0,14.55,,21.2,22.9,22.9,9,61.0,Sunny,Clear skies
2026-03-06T08:00,27.6,31.6,69,1.0,210,3.8055555555555554,1012.0,0.0,14.9,,21.3,29.800722290897852,27.6,2,266.0,Sunny,Clear skies
2026-03-06T09:00,31.1,32.8,41,1.0833333333333333,146,4.611111111111112,1012.5,0.0,14.95,,16.5,31.19301731940449,31.1,1,545.0,Sunny,Clear skies
2026-03-06T10:00,32.7,34.9,36,1.972222222222222,120,6.194444444444445,1012.4,0.0,14.9,,15.9,32.56020232338449,32.7,2,764.0,Sunny,Clear skies
2026-03-06T11:00,33.0,35.9,38,3.138888888888889,104,8.11111111111111,1011.7,0.0,14.850000000000001,,17.0,33.3684356071111,33.0,3,912.0,Sunny,Clear skies
2026-03-06T12:00,33.3,36.3,37,3.6666666666666665,104,9.305555555555555,1010.5,0.0,14.9,,16.9,33.61686139803552,33.3,2,996.0,Sunny,Clear skies
2026-03-06T13:00,33.5,35.8,34,3.6666666666666665,107,9.388888888888888,1009.2,0.0,14.95,,15.4,33.32074029505558,33.5,1,1000.0,Sunny,Clear skies
2026-03-06T14:00,33.5,34.4,31,4.416666666666667,110,10.305555555555555,1008.2,0.0,14.95,,14.0,32.79106246155562,33.5,1,920.0,Sunny,Clear skies
2026-03-06T15:00,32.8,33.1,34,4.805555555555555,119,10.88888888888889,1007.3,0.0,14.95,,15.1,32.35669658323556,32.8,1,761.0,Sunny,Clear skies
2026-03-06T16:00,31.7,31.9,43,4.555555555555555,136,10.805555555555555,1007.2,0.0,15.0,,17.4,32.38116016651563,31.7,0,546.0,Sunny,Clear skies
2026-03-06T17:00,30.8,31.1,46,4.75,161,9.88888888888889,1007.6,0.0,14.95,,17.9,31.57573858179559,30.8,1,298.0,Sunny,Clear skies
2026-03-06T18:00,28.9,30.3,59,4.75,169,9.694444444444445,1008.2,0.0,15.0,,20.1,30.717955184364598,28.9,0,68.0,Sunny,Clear skies
2026-03-06T19:00,28.4,31.2,67,3.611111111111111,182,8.88888888888889,1008.9,0.0,15.0,,21.6,31.012711424675686,28.4,0,0.0,Sunny,Clear skies
2026-03-06T20:00,28.0,29.6,57,3.1111111111111107,191,6.388888888888888,1009.5,0.0,15.0,,18.8,29.126896219111117,28.0,0,0.0,Sunny,Clear skies
2026-03-06T21:00,27.6,28.6,55,3.2499999999999996,197,5.611111111111111,1010.3,0.0,15.0,,17.6,28.423947295715678,27.6,0,0.0,Sunny,Clear skies
2026-03-06T22:00,26.9,28.2,58,3.0,208,5.888888888888888,1010.4,0.0,15.0,,17.9,27.821664096095525,26.9,0,0.0,Sunny,Clear skies
2026-03-06T23:00,26.1,28.9,70,2.361111111111111,232,5.194444444444444,1010.4,0.0,15.0,,20.3,26.1,26.1,0,0.0,Sunny,Clear skies
2026-03-07T00:00,25.4,29.0,77,1.5,233,4.0,1009.9,0.0,15.0,,21.1,25.4,25.4,0,0.0,Sunny,Clear skies
2026-03-07T01:00,24.1,28.0,84,1.3333333333333333,239,2.611111111111111,1009.1,0.0,15.0,,21.3,24.1,24.1,0,0.0,Sunny,Clear skies
2026-03-07T02:00,23.3,27.2,90,1.3333333333333333,248,2.1944444444444446,1008.8,0.0,15.0,,21.5,23.3,23.3,0,0.0,Sunny,Clear skies
2026-03-07T03:00,22.7,26.6,92,1.3055555555555556,277,2.1944444444444446,1008.7,0.0,15.0,,21.3,22.7,22.7,0,0.0,Sunny,Clear skies
2026-03-07T04:00,22.6,26.4,92,1.3333333333333333,290,2.1944444444444446,1008.9,0.0,15.0,,21.2,22.6,22.6,0,0.0,Sunny,Clear skies
2026-03-07T05:00,22.8,26.8,90,1.027777777777778,256,1.8888888888888888,1009.0,0.0,15.0,,21.2,22.8,22.8,0,0.0,Sunny,Clear skies
2026-03-07T06:00,22.4,26.3,92,1.0,273,1.5,1010.1,0.0,15.0,,21.1,22.4,22.4,0,0.0,Sunny,Clear skies
2026-03-07T07:00,24.7,28.7,84,1.5,272,3.194444444444444,1010.7,0.0,15.0,,21.9,24.7,24.7,0,73.0,Sunny,Clear skies
2026-03-07T08:00,28.6,33.1,68,0.7777777777777777,305,3.611111111111111,1011.5,0.0,15.0,,22.1,31.550900885884417,28.6,0,300.0,Sunny,Clear skies
2026-03-07T09:00,31.5,34.7,49,0.7777777777777777,75,4.111111111111112,1011.9,0.0,15.0,,19.6,33.253133597555674,31.5,0,549.0,Sunny,Clear skies
2026-03-07T10:00,32.9,36.3,44,2.2222222222222223,96,6.499999999999999,1011.8,0.0,14.55,,19.0,34.525387003197835,32.9,9,761.0,Sunny,Clear skies
2026-03-07T11:00,33.2,37.1,46,3.611111111111111,101,9.0,1011.2,0.0,14.65,,20.0,35.56852592739568,33.2,7,915.0,Sunny,Clear skies
2026-03-07T12:00,33.1,36.8,46,4.722222222222222,107,10.88888888888889,1010.2,0.0,12.4,,20.0,35.383333812815565,33.1,52,993.0,Partly Cloudy,Partly cloudy
2026-03-07T13:00,33.3,36.2,41,4.805555555555555,117,11.194444444444443,1009.2,0.0,12.25,,18.4,34.492084111084516,33.3,55,993.0,Partly Cloudy,Partly cloudy
2026-03-07T14:00,33.3,35.4,41,5.138888888888888,120,11.38888888888889,1008.3,0.0,12.55,,18.2,34.492084111084516,33.3,49,903.0,Partly Cloudy,Mainly clear
2026-03-07T15:00,32.4,33.8,46,5.916666666666667,127,12.61111111111111,1007.5,0.0,12.75,,19.3,34.13282616771561,32.4,45,749.0,Partly Cloudy,Mainly clear
2026-03-07T16:00,31.3,32.8,55,5.5,140,12.61111111111111,1007.6,0.0,13.6,,21.0,34.23765755259555,31.3,28,541.0,Partly Cloudy,Mainly clear
2026-03-07T17:00,29.8,32.3,65,5.333333333333333,151,11.5,1007.8,0.0,13.45,,22.6,33.45516812855104,29.8,31,287.0,Partly Cloudy,Mainly clear
2026-03-07T18:00,28.6,32.1,73,4.138888888888889,167,10.11111111111111,1008.5,0.0,14.100000000000001,,23.3,32.376935292995555,28.6,18,66.0,Sunny,Clear skies
2026-03-07T19:00,27.9,32.6,81,3.138888888888889,171,7.888888888888888,1009.4,0.0,14.95,,24.3,31.999362965804615,27.9,1,0.0,Sunny,Clear skies
2026-03-07T20:00,27.7,31.9,77,2.861111111111111,174,5.5,1010.2,0.0,14.95,,23.3,30.96287833012453,27.7,1,0.0,Sunny,Clear skies
2026-03-07T21:00,27.5,31.1,74,2.861111111111111,180,5.111111111111111,1010.8,0.0,15.0,,22.4,30.17194809861116,27.5,0,0.0,Sunny,Clear skies
2026-03-07T22:00,27.0,30.8,74,2.1666666666666665,188,4.888888888888889,1011.4,0.0,15.0,,21.9,29.196183019111068,27.0,0,0.0,Sunny,Clear skies
2026-03-07T23:00,26.1,30.3,77,1.2222222222222223,232,3.6944444444444446,1011.4,0.0,15.0,,21.8,26.1,26.1,0,0.0,Sunny,Clear skies
2026-03-08T00:00,25.7,30.2,78,0.4444444444444445,264,1.8055555555555556,1010.8,0.0,15.0,,21.6,25.7,25.7,0,0.0,Sunny,Clear skies
2026-03-08T01:00,25.2,29.8,79,0.05555555555555556,360,0.6944444444444444,1010.1,0.0,15.0,,21.4,25.2,25.2,0,0.0,Sunny,Clear skies
2026-03-08T02:00,24.2,28.5,84,0.6111111111111112,9,1.1111111111111112,1009.5,0.0,15.0,,21.3,24.2,24.2,0,0.0,Sunny,Clear skies
2026-03-08T03:00,23.7,27.9,89,1.1666666666666667,7,2.111111111111111,1009.2,0.0,15.0,,21.7,23.7,23.7,0,0.0,Sunny,Clear skies
2026-03-08T04:00,23.6,28.0,92,1.2222222222222223,12,2.1944444444444446,1009.4,0.0,15.0,,22.2,23.6,23.6,0,0.0,Sunny,Clear skies
2026-03-08T05:00,24.6,29.4,91,1.4444444444444444,29,2.0,1009.6,0.0,14.45,,23.0,24.6,24.6,11,0.0,Sunny,Clear skies
2026-03-08T06:00,24.9,29.8,91,1.3333333333333333,37,2.305555555555556,1010.3,0.0,14.4,,23.2,24.9,24.9,12,0.0,Sunny,Clear skies
2026-03-08T07:00,27.4,32.1,78,1.8611111111111112,44,3.6944444444444446,1011.4,0.0,13.85,,23.3,30.417561994417863,27.4,23,69.0,Partly Cloudy,Mainly clear
2026-03-08T08:00,29.5,32.7,61,2.4166666666666665,60,5.805555555555555,1012.0,0.1,9.8,,21.2,32.08367004955543,29.5,37,264.0,Light Rain,Light drizzle
2026-03-08T09:00,30.1,32.9,61,3.555555555555556,61,8.11111111111111,1012.7,0.4,9.2,,21.7,33.23013583291552,30.1,26,483.0,Light Rain,Light drizzle
2026-03-08T10:00,30.5,34.2,61,4.222222222222222,64,9.805555555555555,1012.5,0.4,9.2,,22.2,34.03815792955536,30.5,17,708.0,Light Rain,Light drizzle
2026-03-08T11:00,30.9,35.7,63,4.5,71,10.694444444444445,1012.1,0.0,14.600000000000001,,23.0,35.38963842228459,30.9,8,867.0,Sunny,Clear skies
2026-03-08T12:00,31.1,36.2,62,4.638888888888888,79,10.88888888888889,1011.2,0.0,14.55,,23.0,35.57801656399798,31.1,9,943.0,Sunny,Clear skies
2026-03-08T13:00,31.2,36.2,62,4.75,86,11.11111111111111,1010.2,0.0,14.65,,23.0,35.803945299858,31.2,7,941.0,Sunny,Clear skies
2026-03-08T14:00,31.0,35.5,61,4.555555555555555,89,11.194444444444443,1008.9,0.0,14.95,,22.7,35.09736107155551,31.0,1,858.0,Sunny,Clear skies
2026-03-08T15:00,31.1,34.7,57,4.055555555555555,90,10.611111111111112,1008.1,0.0,15.0,,21.6,34.32017456463127,31.1,0,732.0,Sunny,Clear skies
2026-03-08T16:00,31.3,33.4,52,3.5,93,9.5,1008.0,0.0,14.95,,20.2,33.55179753553556,31.3,1,533.0,Sunny,Clear skies
2026-03-08T17:00,30.1,33.6,63,3.194444444444444,104,8.194444444444445,1008.4,0.0,14.95,,22.4,33.65596513908454,30.1,1,295.0,Sunny,Clear skies
2026-03-08T18:00,28.2,31.5,66,2.388888888888889,127,6.805555555555555,1008.8,0.0,15.0,,21.4,30.506467281351142,28.2,0,68.0,Sunny,Clear skies
2026-03-08T19:00,27.9,30.5,64,2.5833333333333335,118,4.388888888888889,1009.4,0.0,15.0,,20.3,29.746941466175592,27.9,0,0.0,Sunny,Clear skies
2026-03-08T20:00,27.8,30.0,61,2.75,109,4.805555555555555,1010.1,0.0,15.0,,19.7,29.262630969795584,27.8,0,0.0,Sunny,Clear skies
2026-03-08T21:00,27.8,30.7,68,3.1111111111111107,108,5.805555555555555,1010.8,0.0,15.0,,21.3,30.043600774204478,27.8,0,0.0,Sunny,Clear skies
2026-03-08T22:00,26.3,30.5,78,1.4166666666666665,117,5.388888888888888,1011.2,0.0,15.0,,22.1,26.3,26.3,0,0.0,Sunny,Clear skies
2026-03-08T23:00,25.8,30.8,82,0.38888888888888884,230,2.0,1011.5,0.0,15.0,,22.5,25.8,25.8,0,0.0,Sunny,Clear skies
2026-03-09T00:00,25.5,29.3,81,2.0,269,3.5,1011.4,0.0,14.75,,21.9,25.5,25.5,5,0.0,Sunny,Clear skies
2026-03-09T01:00,24.5,29.0,85,0.8611111111111112,291,3.611111111111111,1010.5,0.0,13.3,,21.9,24.5,24.5,34,0.0,Partly Cloudy,Mainly clear
2026-03-09T02:00,24.5,29.4,86,0.16666666666666666,326,1.3888888888888888,1009.9,0.0,13.2,,22.0,24.5,24.5,36,0.0,Partly Cloudy,Mainly clear
2026-03-09T03:00,24.5,29.3,86,0.41666666666666663,339,0.6111111111111112,1009.8,0.0,13.3,,22.1,24.5,24.5,34,0.0,Partly Cloudy,Mainly clear
2026-03-09T04:00,24.6,28.8,85,1.0555555555555556,355,1.8055555555555556,1009.9,0.0,13.25,,21.8,24.6,24.6,35,0.0,Partly Cloudy,Mainly clear
2026-03-09T05:00,24.7,29.3,88,1.1666666666666667,36,2.305555555555556,1010.6,0.0,12.45,,22.5,24.7,24.7,51,0.0,Partly Cloudy,Partly cloudy
2026-03-09T06:00,25.4,29.7,83,1.3333333333333333,48,2.305555555555556,1011.0,0.1,9.8,,22.3,25.4,25.4,39,0.0,Light Rain,Light drizzle
2026-03-09T07:00,26.9,30.8,75,2.055555555555556,64,4.111111111111112,1012.0,0.1,9.8,,22.1,29.09160639727105,26.9,23,66.0,Light Rain,Light drizzle
2026-03-09T08:00,28.6,31.1,64,3.555555555555556,79,7.694444444444444,1012.5,0.0,13.1,,21.0,30.940235598275606,28.6,38,264.0,Partly Cloudy,Mainly clear
2026-03-09T09:00,29.5,31.9,60,3.5833333333333335,81,8.5,1013.2,0.0,13.6,,20.8,31.905845099277812,29.5,28,481.0,Partly Cloudy,Mainly clear
2026-03-09T10:00,30.2,32.4,54,4.194444444444445,78,9.88888888888889,1013.0,0.0,13.8,,19.9,32.04284247532452,30.2,24,675.0,Partly Cloudy,Mainly clear
2026-03-09T11:00,30.4,33.2,54,4.25,78,10.194444444444445,1012.7,0.1,9.8,,20.2,32.38192173196447,30.4,20,755.0,Light Rain,Light drizzle
2026-03-09T12:00,30.9,34.3,52,4.361111111111111,75,10.388888888888888,1011.6,0.0,14.4,,19.9,32.847552094575754,30.9,12,908.0,Sunny,Clear skies
2026-03-09T13:00,31.1,34.3,50,4.111111111111112,80,10.499999999999998,1010.7,0.0,14.05,,19.5,32.78368005370444,31.1,19,877.0,Sunny,Clear skies
2026-03-09T14:00,31.1,34.1,51,4.277777777777778,76,10.88888888888889,1009.7,0.0,14.600000000000001,,19.6,32.987144677537906,31.1,8,842.0,Sunny,Clear skies
2026-03-09T15:00,30.9,32.9,49,4.138888888888889,71,10.805555555555555,1009.1,0.0,14.25,,19.0,32.26226960907567,30.9,15,697.0,Sunny,Clear skies
2026-03-09T16:00,30.5,31.5,47,3.6944444444444446,74,9.694444444444445,1008.9,0.0,13.45,,18.1,31.30278118911103,30.5,31,488.0,Partly Cloudy,Mainly clear
2026-03-09T17:00,29.5,31.1,53,3.2499999999999996,85,8.61111111111111,1009.4,0.0,13.3,,18.9,30.765174823777826,29.5,34,270.0,Partly Cloudy,Mainly clear
2026-03-09T18:00,28.4,31.2,64,2.888888888888889,69,6.805555555555555,1009.7,0.0,14.0,,20.9,30.58783732947565,28.4,20,59.0,Partly Cloudy,Mainly clear
2026-03-09T19:00,28.1,30.9,70,4.0,62,7.111111111111112,1010.2,0.0,14.4,,22.0,30.86128781161561,28.1,12,0.0,Sunny,Clear skies
2026-03-09T20:00,28.3,30.3,64,4.555555555555555,51,8.194444444444445,1011.3,0.0,14.8,,21.0,30.415075321535646,28.3,4,0.0,Sunny,Clear skies
2026-03-09T21:00,27.9,29.6,62,4.027777777777778,41,8.194444444444445,1011.8,0.0,14.95,,20.0,29.520985882397902,27.9,1,0.0,Sunny,Clear skies
2026-03-09T22:00,27.2,28.7,65,4.555555555555555,40,7.888888888888888,1012.1,0.0,15.0,,20.0,28.75127435735108,27.2,0,0.0,Sunny,Clear skies
2026-03-09T23:00,27.0,29.0,75,5.638888888888889,48,9.388888888888888,1012.2,0.0,14.850000000000001,,22.2,29.284096955111167,27.0,3,0.0,Sunny,Clear skies
2026-03-10T00:00,26.9,29.3,77,5.444444444444445,51,10.194444444444445,1011.7,0.0,14.15,,22.6,29.25993823156446,26.9,17,0.0,Sunny,Clear skies
2026-03-10T01:00,26.7,29.0,77,5.277777777777778,52,9.805555555555555,1011.0,0.0,14.100000000000001,,22.4,28.861554725324424,26.7,18,0.0,Sunny,Clear skies
2026-03-10T02:00,26.4,28.8,77,4.75,49,9.61111111111111,1010.6,0.0,14.25,,22.0,26.4,26.4,15,0.0,Sunny,Clear skies
2026-03-10T03:00,26.0,28.9,78,3.8333333333333335,39,8.5,1010.4,0.0,13.65,,21.9,26.0,26.0,27,0.0,Partly Cloudy,Mainly clear
2026-03-10T04:00,25.1,28.4,83,3.194444444444444,20,6.805555555555555,1010.7,0.0,13.55,,22.0,25.1,25.1,29,0.0,Partly Cloudy,Mainly clear
2026-03-10T05:00,24.8,28.2,87,3.5,2,5.611111111111111,1011.2,0.0,14.350000000000001,,22.5,24.8,24.8,13,0.0,Sunny,Clear skies
2026-03-10T06:00,24.3,27.4,88,3.5833333333333335,353,6.305555555555555,1012.3,0.0,14.55,,22.1,24.3,24.3,9,0.0,Sunny,Clear skies
2026-03-10T07:00,25.3,27.8,79,3.9166666666666665,341,7.611111111111111,1013.2,0.0,14.0,,21.4,25.3,25.3,20,77.0,Partly Cloudy,Mainly clear
2026-03-10T08:00,27.3,29.3,68,4.416666666666667,6,9.305555555555555,1013.9,0.0,11.8,,20.9,29.180530438504523,27.3,64,289.0,Partly Cloudy,Partly cloudy
2026-03-10T09:00,28.4,29.8,62,5.138888888888888,40,10.88888888888889,1014.6,0.1,9.8,,20.4,30.3174793156979,28.4,43,437.0,Light Rain,Light drizzle
2026-03-10T10:00,29.4,30.9,58,5.416666666666667,50,11.805555555555555,1014.4,0.0,13.85,,20.4,31.391534566595713,29.4,23,618.0,Partly Cloudy,Mainly clear
2026-03-10T11:00,29.8,32.0,57,5.722222222222222,57,13.5,1013.6,0.1,9.8,,20.4,31.903381015591112,29.8,20,778.0,Light Rain,Light drizzle
2026-03-10T12:00,30.3,33.6,58,5.916666666666667,63,12.888888888888888,1012.5,0.2,9.6,,21.0,32.99469082881564,30.3,14,961.0,Light Rain,Light drizzle
2026-03-10T13:00,30.5,33.7,57,5.888888888888888,71,13.194444444444445,1011.7,0.0,15.0,,21.0,33.161839849111075,30.5,0,950.0,Sunny,Clear skies
2026-03-10T14:00,30.4,33.6,59,5.805555555555555,71,12.805555555555555,1010.4,0.0,15.0,,21.5,33.39512808476448,30.4,0,888.0,Sunny,Clear skies
2026-03-10T15:00,30.0,32.8,61,5.5,69,12.694444444444445,1009.8,0.0,15.0,,21.7,33.03359425555552,30.0,0,741.0,Sunny,Clear skies
2026-03-10T16:00,29.3,31.5,65,5.194444444444444,68,11.888888888888888,1009.7,0.0,15.0,,22.0,32.42843660975104,29.3,0,531.0,Sunny,Clear skies
2026-03-10T17:00,28.2,30.8,76,6.027777777777778,61,11.0,1010.2,0.0,15.0,,23.5,31.957931376995493,28.2,0,290.0,Sunny,Clear skies
2026-03-10T18:00,27.3,30.1,79,5.555555555555555,56,12.0,1010.7,0.0,15.0,,23.3,30.30715954843567,27.3,0,66.0,Sunny,Clear skies
2026-03-10T19:00,27.6,30.7,77,5.027777777777778,48,10.499999999999998,1011.4,0.0,15.0,,23.3,30.740437786364605,27.6,0,0.0,Sunny,Clear skies
2026-03-10T20:00,27.4,30.3,77,5.027777777777778,38,9.194444444444445,1012.1,0.0,14.75,,23.0,30.303762154364392,27.4,5,0.0,Sunny,Clear skies
2026-03-10T21:00,27.1,29.9,77,5.0,35,9.194444444444445,1012.8,0.0,12.4,,22.8,29.669262345164498,27.1,52,0.0,Partly Cloudy,Partly cloudy
2026-03-10T22:00,25.0,28.7,90,3.8055555555555554,51,9.11111111111111,1013.4,0.8,8.4,,23.3,25.0,25.0,85,0.0,Light Rain,Moderate drizzle
2026-03-10T23:00,26.3,29.3,84,5.027777777777778,55,7.305555555555555,1013.0,3.4,3.2,,23.3,26.3,26.3,49,0.0,Light Rain,Moderate rain
2026-03-11T00:00,24.7,28.7,91,3.0277777777777777,63,9.388888888888888,1012.6,2.4,5.2,,23.1,24.7,24.7,45,0.0,Light Rain,Slight rain
2026-03-11T01:00,24.9,28.9,91,3.138888888888889,56,5.305555555555556,1012.2,0.2,9.6,,23.3,24.9,24.9,50,0.0,Light Rain,Light drizzle
2026-03-11T02:00,24.3,28.2,92,2.9166666666666665,51,6.499999999999999,1011.7,1.9,6.2,,22.9,24.3,24.3,54,0.0,Light Rain,Slight rain
2026-03-11T03:00,24.3,28.3,91,2.6666666666666665,20,6.0,1011.5,0.0,12.95,,22.8,24.3,24.3,41,0.0,Partly Cloudy,Mainly clear
2026-03-11T04:00,23.7,27.7,94,2.5277777777777777,21,5.111111111111111,1011.9,0.8,8.4,,22.6,23.7,23.7,37,0.0,Light Rain,Moderate drizzle
2026-03-11T05:00,24.5,28.0,90,3.7222222222222223,27,5.805555555555555,1011.8,0.1,9.8,,22.8,24.5,24.5,11,0.0,Light Rain,Light drizzle
2026-03-11T06:00,24.1,27.5,92,3.6944444444444446,27,6.694444444444445,1012.6,0.1,9.8,,22.7,24.1,24.1,65,0.0,Light Rain,Light drizzle
2026-03-11T07:00,25.2,28.6,89,4.222222222222222,14,8.0,1013.1,0.1,9.8,,23.3,25.2,25.2,27,70.0,Light Rain,Light drizzle
2026-03-11T08:00,26.1,29.1,83,4.805555555555555,33,9.694444444444445,1013.8,0.1,9.8,,23.0,26.1,26.1,45,266.0,Light Rain,Light drizzle
2026-03-11T09:00,27.2,30.0,76,4.777777777777778,37,10.305555555555555,1014.4,0.1,9.8,,22.7,29.77689771459559,27.2,28,413.0,Light Rain,Light drizzle
2026-03-11T10:00,28.3,31.7,72,4.194444444444445,50,10.305555555555555,1014.4,0.0,14.350000000000001,,22.9,31.55937428402462,28.3,13,585.0,Sunny,Clear skies
2026-03-11T11:00,28.4,32.2,72,5.027777777777778,74,10.88888888888889,1014.0,0.3,9.4,,22.8,31.77240044876451,28.4,16,776.0,Light Rain,Light drizzle
2026-03-11T12:00,28.5,33.1,72,4.805555555555555,70,11.194444444444443,1012.8,0.0,13.5,,22.9,31.987993963944504,28.5,30,868.0,Partly Cloudy,Mainly clear
2026-03-11T13:00,29.4,34.1,67,4.611111111111112,67,10.611111111111112,1011.6,0.0,14.75,,22.5,33.015264870275686,29.4,5,919.0,Sunny,Clear skies
2026-03-11T14:00,29.5,34.0,65,4.305555555555555,70,10.305555555555555,1010.4,0.0,14.600000000000001,,22.2,32.83214998511109,29.5,8,880.0,Sunny,Clear skies
2026-03-11T15:00,29.5,33.3,65,4.055555555555555,74,9.694444444444445,1009.5,0.0,14.7,,22.1,32.83214998511109,29.5,6,722.0,Sunny,Clear skies
2026-03-11T16:00,29.3,32.3,66,3.861111111111111,80,9.0,1009.3,0.0,14.25,,22.3,32.61457610285114,29.3,15,512.0,Sunny,Clear skies
2026-03-11T17:00,28.6,32.2,73,4.138888888888889,71,8.194444444444445,1009.3,0.0,14.4,,23.4,32.376935292995555,28.6,12,271.0,Sunny,Clear skies
2026-03-11T18:00,27.9,31.5,77,4.111111111111112,74,7.888888888888888,1010.0,0.0,14.55,,23.5,31.41596487316456,27.9,9,62.0,Sunny,Clear skies
2026-03-11T19:00,27.9,30.6,77,5.722222222222222,73,10.0,1010.3,0.0,14.8,,23.4,31.41596487316456,27.9,4,0.0,Sunny,Clear skies
2026-03-11T20:00,27.8,30.0,73,5.888888888888888,63,11.0,1011.1,0.0,14.9,,22.5,30.65991518931551,27.8,2,0.0,Sunny,Clear skies
2026-03-11T21:00,27.4,30.2,77,5.222222222222222,65,10.499999999999998,1011.8,0.0,14.9,,23.0,30.303762154364392,27.4,2,0.0,Sunny,Clear skies
2026-03-11T22:00,27.2,30.3,80,4.888888888888889,65,9.388888888888888,1011.9,0.0,14.95,,23.4,30.189306303217805,27.2,1,0.0,Sunny,Clear skies
2026-03-11T23:00,27.3,30.7,80,4.472222222222222,70,8.805555555555555,1011.9,0.0,14.75,,23.5,30.41810759391782,27.3,5,0.0,Sunny,Clear skies
2026-03-12T00:00,27.3,31.1,79,3.6944444444444446,62,8.11111111111111,1011.2,0.0,14.95,,23.4,30.30715954843567,27.3,1,0.0,Sunny,Clear skies
2026-03-12T01:00,26.6,30.8,82,2.75,45,6.611111111111111,1010.8,0.0,13.35,,23.3,26.6,26.6,33,0.0,Partly Cloudy,Mainly clear
2026-03-12T02:00,26.1,30.5,84,2.388888888888889,30,4.805555555555555,1010.3,0.1,9.8,,23.2,26.1,26.1,43,0.0,Light Rain,Light drizzle
2026-03-12T03:00,25.7,30.0,86,2.4444444444444446,11,4.305555555555555,1010.3,0.1,9.8,,23.2,25.7,25.7,48,0.0,Light Rain,Light drizzle
2026-03-12T04:00,25.1,29.9,90,1.6944444444444442,2,4.305555555555555,1010.3,0.1,9.8,,23.3,25.1,25.1,37,0.0,Light Rain,Light drizzle
2026-03-12T05:00,25.3,29.6,90,2.7777777777777777,21,3.1111111111111107,1010.1,1.3,7.4,,23.4,25.3,25.3,47,0.0,Light Rain,Slight rain
2026-03-12T06:00,25.3,29.5,88,2.7777777777777777,23,5.111111111111111,1010.9,0.0,11.15,,23.3,25.3,25.3,77,0.0,Partly Cloudy,Partly cloudy
2026-03-12T07:00,26.3,30.3,84,3.3611111111111107,27,6.305555555555555,1011.6,0.1,9.8,,23.5,26.3,26.3,65,69.0,Light Rain,Light drizzle
2026-03-12T08:00,27.2,30.9,80,3.9722222222222223,37,8.0,1012.2,0.3,9.4,,23.5,30.189306303217805,27.2,66,270.0,Light Rain,Light drizzle
2026-03-12T09:00,28.4,32.0,74,3.8055555555555554,46,8.5,1012.4,0.2,9.6,,23.3,32.09432399463126,28.4,47,523.0,Light Rain,Light drizzle
2026-03-12T10:00,29.2,33.7,70,3.861111111111111,57,8.88888888888889,1012.4,0.0,14.600000000000001,,23.1,33.1694285209957,29.2,8,729.0,Sunny,Clear skies
2026-03-12T11:00,29.7,34.6,66,4.027777777777778,68,10.305555555555555,1011.6,0.0,14.45,,22.7,33.45199894445128,29.7,11,877.0,Sunny,Clear skies
2026-03-12T12:00,30.1,34.7,63,4.333333333333333,76,9.88888888888889,1010.4,0.0,14.55,,22.2,33.65596513908454,30.1,9,890.0,Sunny,Clear skies
2026-03-12T13:00,30.2,34.9,62,4.583333333333333,80,10.305555555555555,1009.3,0.0,14.45,,22.2,33.64460301505783,30.2,11,934.0,Sunny,Clear skies
2026-03-12T14:00,30.3,34.8,63,4.166666666666667,84,10.194444444444445,1008.2,0.0,14.2,,22.4,34.0758457722045,30.3,16,848.0,Sunny,Clear skies
2026-03-12T15:00,29.8,33.8,66,3.9722222222222223,78,9.5,1007.5,0.0,14.65,,22.7,33.66725780615112,29.8,7,707.0,Sunny,Clear skies
2026-03-12T16:00,29.4,32.9,66,3.3611111111111107,78,8.805555555555555,1007.4,0.0,14.75,,22.5,32.82038992247122,29.4,5,519.0,Sunny,Clear skies
2026-03-12T17:00,28.7,32.6,70,2.638888888888889,90,7.388888888888889,1007.4,0.0,14.9,,22.7,32.08278524929553,28.7,2,282.0,Sunny,Clear skies
2026-03-12T18:00,27.2,32.0,78,1.4166666666666665,80,5.305555555555556,1008.0,0.0,14.95,,23.1,29.98047169953779,27.2,1,65.0,Sunny,Clear skies
2026-03-12T19:00,26.7,31.4,81,1.6666666666666665,69,2.694444444444444,1008.6,0.0,14.9,,23.2,29.16479601988442,26.7,2,0.0,Sunny,Clear skies
2026-03-12T20:00,27.1,31.4,82,2.944444444444444,76,5.0,1009.4,0.0,15.0,,23.7,30.165435128975698,27.1,0,0.0,Sunny,Clear skies
2026-03-12T21:00,27.2,31.2,80,3.2777777777777777,64,5.694444444444445,1010.0,0.0,14.9,,23.5,30.189306303217805,27.2,2,0.0,Sunny,Clear skies
2026-03-12T22:00,26.9,30.7,80,3.4444444444444446,59,6.0,1010.4,0.0,14.9,,23.2,29.519907111037792,26.9,2,0.0,Sunny,Clear skies
2026-03-12T23:00,27.0,31.4,84,3.3611111111111107,58,6.499999999999999,1010.2,0.0,14.95,,24.1,30.12494065911114,27.0,1,0.0,Sunny,Clear skies
2026-03-13T00:00,27.0,31.4,86,3.75,61,6.611111111111111,1009.5,0.0,15.0,,24.5,30.323923728444413,27.0,0,0.0,Sunny,Clear skies
2026-03-13T01:00,26.9,31.2,86,3.7777777777777777,62,6.694444444444445,1009.0,0.0,15.0,,24.3,30.06674093090443,26.9,0,0.0,Sunny,Clear skies
2026-03-13T02:00,26.7,30.8,84,3.75,74,6.694444444444445,1008.6,0.0,14.9,,23.9,29.400446017891106,26.7,2,0.0,Sunny,Clear skies
2026-03-13T03:00,26.5,30.6,84,3.333333333333333,77,6.611111111111111,1008.6,0.0,14.55,,23.6,26.5,26.5,9,0.0,Sunny,Clear skies
2026-03-13T04:00,26.1,30.7,86,2.4722222222222223,66,5.888888888888888,1008.8,0.0,14.2,,23.6,26.1,26.1,16,0.0,Sunny,Clear skies
2026-03-13T05:00,25.0,29.9,88,0.888888888888889,27,4.305555555555555,1009.0,0.0,5,,22.8,25.0,25.0,95,0.0,Cloudy,Overcast
2026-03-13T06:00,25.0,29.8,87,1.0,18,1.611111111111111,1009.8,0.3,9.4,,22.7,25.0,25.0,85,0.0,Light Rain,Light drizzle
2026-03-13T07:00,26.4,31.2,84,2.0,360,4.0,1010.6,0.0,5,,23.6,26.4,26.4,88,72.0,Cloudy,Overcast
2026-03-13T08:00,28.0,32.5,77,2.7222222222222223,47,5.5,1011.4,0.3,9.4,,23.7,31.6466108724446,28.0,86,266.0,Light Rain,Light drizzle
2026-03-13T09:00,29.2,32.7,69,3.7777777777777777,56,8.305555555555555,1011.8,0.1,9.8,,23.0,32.974738933457864,29.2,83,498.0,Light Rain,Light drizzle
2026-03-13T10:00,29.7,33.8,67,4.055555555555555,61,9.11111111111111,1011.8,0.0,12.05,,22.9,33.66275226123558,29.7,59,692.0,Partly Cloudy,Partly cloudy
2026-03-13T11:00,29.1,34.1,70,4.194444444444445,75,9.694444444444445,1011.3,0.0,14.350000000000001,,23.1,32.94710141281545,29.1,13,860.0,Sunny,Clear skies
2026-03-13T12:00,30.1,35.3,63,3.6666666666666665,78,9.5,1009.9,0.0,14.75,,22.3,33.65596513908454,30.1,5,921.0,Sunny,Clear skies
2026-03-13T13:00,30.1,35.5,64,4.055555555555555,87,9.5,1008.9,0.0,14.95,,22.5,33.87537836337564,30.1,1,978.0,Sunny,Clear skies
2026-03-13T14:00,30.1,34.9,63,4.111111111111112,84,9.5,1008.2,0.0,14.350000000000001,,22.4,33.65596513908454,30.1,13,900.0,Sunny,Clear skies
2026-03-13T15:00,29.7,34.3,68,3.611111111111111,80,9.388888888888888,1007.3,0.0,14.95,,23.1,33.877428953704516,29.7,1,729.0,Sunny,Clear skies
2026-03-13T16:00,29.3,33.2,70,3.138888888888889,77,8.305555555555555,1007.2,0.0,14.9,,23.1,33.39425485609563,29.3,2,528.0,Sunny,Clear skies
2026-03-13T17:00,28.8,32.2,67,3.0277777777777777,61,7.194444444444444,1007.2,0.0,14.95,,22.1,31.78498119843565,28.8,1,287.0,Sunny,Clear skies
2026-03-13T18:00,27.4,32.1,76,1.4166666666666665,58,5.805555555555555,1007.7,0.0,14.9,,22.8,30.19148942211555,27.4,2,65.0,Sunny,Clear skies
2026-03-13T19:00,27.0,32.0,82,1.6666666666666665,80,2.8055555555555554,1008.5,0.0,14.9,,23.7,29.930368103555566,27.0,2,0.0,Sunny,Clear skies
2026-03-13T20:00,26.7,31.6,83,1.6944444444444442,71,3.1111111111111107,1009.5,0.0,14.75,,23.5,29.32111325407113,26.7,5,0.0,Sunny,Clear skies
2026-03-13T21:00,27.0,31.7,81,2.1944444444444446,77,3.6944444444444446,1010.2,0.0,14.55,,23.5,29.83473576844431,27.0,9,0.0,Sunny,Clear skies
2026-03-13T22:00,26.9,31.8,84,2.2222222222222223,76,4.194444444444445,1010.5,0.0,14.75,,24.0,29.880478389331,26.9,5,0.0,Sunny,Clear skies
2026-03-13T23:00,26.8,31.2,83,2.75,58,4.805555555555555,1010.7,0.0,15.0,,23.6,29.553511406471173,26.8,0,0.0,Sunny,Clear skies
2026-03-14T00:00,26.8,31.4,85,2.833333333333333,53,5.388888888888888,1010.4,0.0,15.0,,24.1,29.72533847379556,26.8,0,0.0,Sunny,Clear skies
2026-03-14T01:00,26.8,31.4,86,3.083333333333333,60,5.888888888888888,1010.1,0.0,14.55,,24.3,29.812586301084494,26.8,9,0.0,Sunny,Clear skies
2026-03-14T02:00,26.8,31.2,83,2.7777777777777777,62,5.388888888888888,1009.5,0.0,14.9,,23.6,29.553511406471173,26.8,2,0.0,Sunny,Clear skies
2026-03-14T03:00,26.6,30.8,83,2.833333333333333,59,5.305555555555556,1009.3,0.0,14.65,,23.4,26.6,26.6,7,0.0,Sunny,Clear skies
2026-03-14T04:00,26.2,30.7,86,2.4166666666666665,68,5.111111111111111,1009.4,0.0,14.4,,23.6,26.2,26.2,12,0.0,Sunny,Clear skies
2026-03-14T05:00,23.6,27.5,95,2.6666666666666665,291,4.305555555555555,1010.3,1.1,7.8,,22.8,23.6,23.6,55,0.0,Light Rain,Dense drizzle
2026-03-14T06:00,24.3,29.3,96,1.5277777777777777,337,4.388888888888889,1011.4,0.1,9.8,,23.6,24.3,24.3,94,0.0,Light Rain,Light drizzle
2026-03-14T07:00,25.1,30.7,93,0.8611111111111112,329,2.888888888888889,1012.5,0.1,9.8,,23.9,25.1,25.1,89,63.0,Light Rain,Light drizzle
2026-03-14T08:00,26.1,32.0,89,0.3333333333333333,333,3.5,1013.4,0.6,8.8,,24.1,26.1,26.1,79,264.0,Light Rain,Moderate drizzle
2026-03-14T09:00,28.3,33.5,76,1.4166666666666665,54,4.694444444444444,1013.6,0.1,9.8,,23.7,32.19089507289573,28.3,21,527.0,Light Rain,Light drizzle
2026-03-14T10:00,29.6,35.1,69,2.1944444444444446,66,6.805555555555555,1013.8,0.0,13.1,,23.3,33.86684110369777,29.6,38,716.0,Partly Cloudy,Mainly clear
2026-03-14T11:00,30.1,35.7,63,2.7222222222222223,72,7.388888888888889,1013.1,0.1,9.8,,22.2,33.65596513908454,30.1,18,883.0,Light Rain,Light drizzle
2026-03-14T12:00,30.5,36.2,63,3.1666666666666665,83,8.11111111111111,1012.1,0.0,14.75,,22.5,34.50475153044439,30.5,5,938.0,Sunny,Clear skies
2026-03-14T13:00,30.7,36.5,63,3.5,95,8.5,1011.1,0.0,14.5,,22.9,34.94268241380455,30.7,10,965.0,Sunny,Clear skies
2026-03-14T14:00,30.1,35.8,67,3.333333333333333,99,8.88888888888889,1010.0,0.0,14.75,,23.2,34.55961232107571,30.1,5,884.0,Sunny,Clear skies
2026-03-14T15:00,29.9,34.9,65,2.7777777777777777,96,8.194444444444445,1009.3,0.0,14.95,,22.7,33.6674936644711,29.9,1,737.0,Sunny,Clear skies
2026-03-14T16:00,29.6,33.4,66,2.638888888888889,92,7.0,1008.9,0.0,14.95,,22.5,33.23910134327106,29.6,1,531.0,Sunny,Clear skies
2026-03-14T17:00,28.7,33.1,74,2.944444444444444,99,6.388888888888888,1009.2,0.0,14.8,,23.6,32.78254417509099,28.7,4,290.0,Sunny,Clear skies
2026-03-14T18:00,27.6,32.4,80,2.0833333333333335,105,5.888888888888888,1009.8,0.0,14.75,,23.8,31.121516145937946,27.6,5,65.0,Sunny,Clear skies
2026-03-14T19:00,27.0,31.6,83,2.5,116,4.388888888888889,1010.7,0.0,14.8,,23.8,30.027103067111145,27.0,4,0.0,Sunny,Clear skies
2026-03-14T20:00,26.4,31.1,85,2.388888888888889,123,4.611111111111112,1011.7,0.0,14.9,,23.7,26.4,26.4,2,0.0,Sunny,Clear skies
2026-03-14T21:00,25.6,30.9,91,1.4444444444444444,134,4.194444444444445,1012.4,0.0,14.95,,24.0,25.6,25.6,1,0.0,Sunny,Clear skies
2026-03-14T22:00,25.0,30.3,93,1.2222222222222223,145,2.5,1012.7,0.0,14.95,,23.8,25.0,25.0,1,0.0,Sunny,Clear skies
2026-03-14T23:00,25.2,31.0,94,0.6666666666666666,167,2.0,1012.8,0.0,15.0,,24.1,25.2,25.2,0,0.0,Sunny,Clear skies
2026-03-15T00:00,24.5,30.3,96,0.5,259,0.888888888888889,1012.1,0.0,13.95,,23.9,24.5,24.5,21,0.0,Partly Cloudy,Mainly clear
2026-03-15T01:00,24.0,29.3,97,1.027777777777778,281,1.8055555555555556,1011.5,0.1,9.8,,23.5,24.0,24.0,75,0.0,Light Rain,Light drizzle
2026-03-15T02:00,23.9,29.2,97,0.8055555555555555,300,1.8055555555555556,1011.1,0.1,9.8,,23.4,23.9,23.9,89,0.0,Light Rain,Light drizzle
2026-03-15T03:00,24.0,29.3,97,0.8611111111111112,298,1.6944444444444442,1010.6,0.0,5,,23.4,24.0,24.0,88,0.0,Cloudy,Overcast
2026-03-15T04:00,24.1,29.0,96,1.5833333333333333,325,2.8055555555555554,1010.7,0.0,5,,23.5,24.1,24.1,93,0.0,Cloudy,Overcast
2026-03-15T05:00,24.4,30.1,96,0.5555555555555556,315,3.0,1011.0,0.0,5,,23.8,24.4,24.4,84,0.0,Cloudy,Overcast
2026-03-15T06:00,24.5,29.9,97,1.3333333333333333,329,2.388888888888889,1011.9,0.0,5,,24.0,24.5,24.5,90,0.0,Cloudy,Overcast
2026-03-15T07:00,25.4,31.0,96,1.6944444444444442,355,3.6944444444444446,1012.9,0.1,9.8,,24.6,25.4,25.4,75,73.0,Light Rain,Light drizzle
2026-03-15T08:00,26.9,31.9,85,2.2777777777777777,23,5.388888888888888,1013.8,0.1,9.8,,24.2,29.97311158491559,26.9,15,271.0,Light Rain,Light drizzle
2026-03-15T09:00,28.5,33.0,74,2.4722222222222223,50,6.388888888888888,1014.6,0.1,9.8,,23.5,32.321095820611205,28.5,12,523.0,Light Rain,Light drizzle
2026-03-15T10:00,29.8,34.8,66,2.7222222222222223,70,7.111111111111112,1014.5,0.1,9.8,,22.8,33.66725780615112,29.8,13,730.0,Light Rain,Light drizzle
2026-03-15T11:00,30.3,35.9,63,2.888888888888889,75,8.0,1013.9,0.0,14.25,,22.5,34.0758457722045,30.3,15,885.0,Sunny,Clear skies
2026-03-15T12:00,30.7,36.5,63,3.5833333333333335,83,8.694444444444445,1012.7,0.0,14.7,,22.8,34.94268241380455,30.7,6,957.0,Sunny,Clear skies
2026-03-15T13:00,30.8,36.5,62,3.638888888888889,90,8.88888888888889,1011.4,0.0,14.850000000000001,,22.7,34.91355636625777,30.8,3,968.0,Sunny,Clear skies
2026-03-15T14:00,30.5,35.6,64,3.9166666666666665,92,9.194444444444445,1010.1,0.0,14.5,,22.8,34.74515697105547,30.5,10,875.0,Sunny,Clear skies
2026-03-15T15:00,30.2,34.2,65,4.138888888888889,92,9.305555555555555,1009.4,0.0,14.25,,22.8,34.31842873655127,30.2,15,718.0,Sunny,Clear skies
2026-03-15T16:00,29.7,33.0,67,4.055555555555555,103,9.305555555555555,1009.0,0.0,14.2,,22.9,33.66275226123558,29.7,16,500.0,Sunny,Clear skies
2026-03-15T17:00,28.7,32.7,74,3.4722222222222223,105,8.694444444444445,1009.2,0.0,14.4,,23.5,32.78254417509099,28.7,12,275.0,Sunny,Clear skies
2026-03-15T18:00,27.7,31.7,75,2.861111111111111,96,7.0,1009.6,0.0,14.65,,23.0,30.706247771351123,27.7,7,62.0,Sunny,Clear skies
2026-03-15T19:00,27.4,31.0,76,3.416666666666667,93,5.888888888888888,1010.2,0.0,14.7,,22.8,30.19148942211555,27.4,6,0.0,Sunny,Clear skies
2026-03-15T20:00,27.2,30.7,76,3.3055555555555554,92,6.194444444444445,1010.9,0.0,14.9,,22.6,29.77689771459559,27.2,2,0.0,Sunny,Clear skies
2026-03-15T21:00,26.9,30.8,79,2.9166666666666665,98,5.805555555555555,1011.3,0.0,15.0,,22.9,29.432254667475515,26.9,0,0.0,Sunny,Clear skies
2026-03-15T22:00,25.6,30.5,85,1.0833333333333333,106,5.194444444444444,1011.7,0.0,15.0,,22.9,25.6,25.6,0,0.0,Sunny,Clear skies
2026-03-15T23:00,24.9,30.2,90,0.5555555555555556,280,2.111111111111111,1011.6,0.0,15.0,,23.2,24.9,24.9,0,0.0,Sunny,Clear skies
2026-03-16T00:00,24.7,29.4,94,2.361111111111111,287,4.111111111111112,1011.1,0.0,14.95,,23.6,24.7,24.7,1,0.0,Sunny,Clear skies
2026-03-16T01:00,24.4,29.0,95,2.3333333333333335,293,4.194444444444445,1010.4,0.0,14.45,,23.5,24.4,24.4,11,0.0,Sunny,Clear skies
2026-03-16T02:00,24.5,29.0,93,2.305555555555556,304,4.111111111111112,1009.7,0.0,14.65,,23.3,24.5,24.5,7,0.0,Sunny,Clear skies
2026-03-16T03:00,24.3,29.1,93,1.3611111111111112,324,4.111111111111112,1009.5,0.0,14.15,,23.1,24.3,24.3,17,0.0,Sunny,Clear skies
2026-03-16T04:00,24.1,29.1,92,0.75,4,2.1944444444444446,1009.4,0.0,14.05,,22.8,24.1,24.1,19,0.0,Sunny,Clear skies
2026-03-16T05:00,24.2,29.3,95,1.1388888888888888,56,2.0,1009.8,0.0,13.75,,23.4,24.2,24.2,25,0.0,Partly Cloudy,Mainly clear
2026-03-16T06:00,24.5,29.7,94,1.1944444444444444,24,2.111111111111111,1010.7,0.0,14.2,,23.5,24.5,24.5,16,0.0,Sunny,Clear skies
2026-03-16T07:00,26.4,31.5,85,1.7222222222222223,7,3.8055555555555554,1011.7,0.0,14.05,,23.7,26.4,26.4,19,80.0,Sunny,Clear skies
2026-03-16T08:00,28.0,32.5,74,1.8888888888888888,32,5.0,1012.5,0.0,13.7,,23.0,31.21358569911119,28.0,26,299.0,Partly Cloudy,Mainly clear
2026-03-16T09:00,29.3,33.4,68,2.4166666666666665,53,6.305555555555555,1012.8,0.0,13.55,,22.9,32.99739132330451,29.3,29,521.0,Partly Cloudy,Mainly clear
2026-03-16T10:00,30.1,34.9,65,2.888888888888889,70,7.388888888888889,1013.0,0.0,14.3,,22.8,34.099123968471204,30.1,14,715.0,Sunny,Clear skies
2026-03-16T11:00,30.2,35.5,65,3.5277777777777777,79,8.305555555555555,1012.4,0.0,13.65,,22.8,34.31842873655127,30.2,27,869.0,Partly Cloudy,Mainly clear
2026-03-16T12:00,30.1,36.0,66,3.3888888888888884,77,8.88888888888889,1011.0,0.0,13.8,,23.2,34.32720195437116,30.1,24,912.0,Partly Cloudy,Mainly clear
2026-03-16T13:00,30.5,36.1,64,3.4444444444444446,91,8.61111111111111,1009.8,0.0,13.6,,23.0,34.74515697105547,30.5,28,889.0,Partly Cloudy,Mainly clear
2026-03-16T14:00,30.3,34.9,65,3.888888888888889,99,9.194444444444445,1008.7,0.0,13.3,,22.9,34.540059915351065,30.3,34,767.0,Partly Cloudy,Mainly clear
2026-03-16T15:00,30.2,34.1,64,3.3888888888888884,106,9.194444444444445,1007.9,0.0,14.45,,22.6,34.089385888835665,30.2,11,627.0,Sunny,Clear skies
2026-03-16T16:00,29.9,33.1,66,4.25,128,9.0,1007.6,0.0,14.3,,22.8,33.88487792837119,29.9,14,487.0,Sunny,Clear skies
2026-03-16T17:00,29.1,32.3,65,3.0555555555555554,125,9.11111111111111,1007.8,0.0,14.4,,21.8,32.03402887727111,29.1,12,249.0,Sunny,Clear skies
2026-03-16T18:00,28.0,32.5,76,2.4444444444444446,147,6.111111111111111,1008.4,0.0,14.7,,23.4,31.500109619555538,28.0,6,62.0,Sunny,Clear skies
2026-03-16T19:00,27.3,32.3,82,2.0,180,4.388888888888889,1009.3,0.0,14.9,,23.9,30.644267293535577,27.3,2,0.0,Sunny,Clear skies
2026-03-16T20:00,27.0,31.3,80,2.5,209,4.388888888888889,1010.1,0.0,14.350000000000001,,23.3,29.740206061777844,27.0,13,0.0,Sunny,Clear skies
2026-03-16T21:00,26.6,30.5,78,2.5,233,4.388888888888889,1010.7,0.0,14.75,,22.5,26.6,26.6,5,0.0,Sunny,Clear skies
2026-03-16T22:00,26.0,30.3,81,1.7222222222222223,248,4.305555555555555,1011.1,0.0,14.8,,22.5,26.0,26.0,4,0.0,Sunny,Clear skies
2026-03-16T23:00,25.7,30.4,82,0.9166666666666666,276,2.888888888888889,1011.0,0.0,14.4,,22.4,25.7,25.7,12,0.0,Sunny,Clear skies
2026-03-17T00:00,25.5,30.2,83,0.75,8,1.5,1010.4,0.0,13.95,,22.4,25.5,25.5,21,0.0,Partly Cloudy,Mainly clear
2026-03-17T01:00,25.2,30.0,87,1.1388888888888888,2,2.0,1009.6,0.0,14.350000000000001,,22.8,25.2,25.2,13,0.0,Sunny,Clear skies
2026-03-17T02:00,25.2,30.2,90,1.611111111111111,14,2.694444444444444,1008.9,0.0,14.15,,23.5,25.2,25.2,17,0.0,Sunny,Clear skies
2026-03-17T03:00,25.6,30.6,90,2.0,18,3.5,1008.6,0.0,14.350000000000001,,23.9,25.6,25.6,13,0.0,Sunny,Clear skies
2026-03-17T04:00,25.5,30.5,91,2.138888888888889,25,3.611111111111111,1008.8,0.0,14.7,,23.9,25.5,25.5,6,0.0,Sunny,Clear skies
2026-03-17T05:00,26.0,31.2,91,2.2222222222222223,27,4.111111111111112,1008.8,0.0,14.8,,24.4,26.0,26.0,4,0.0,Sunny,Clear skies
2026-03-17T06:00,26.1,31.2,89,2.138888888888889,25,4.111111111111112,1009.7,0.0,14.5,,24.2,26.1,26.1,10,0.0,Sunny,Clear skies
2026-03-17T07:00,27.5,32.3,82,2.5833333333333335,24,5.194444444444444,1010.5,0.0,14.5,,24.1,31.134696943055765,27.5,10,83.0,Sunny,Clear skies
2026-03-17T08:00,28.8,33.2,73,2.694444444444444,39,6.388888888888888,1011.3,0.0,14.4,,23.6,32.832202291715554,28.8,12,294.0,Sunny,Clear skies
2026-03-17T09:00,29.3,33.4,71,3.416666666666667,51,8.0,1012.0,0.1,9.8,,23.6,33.597954739617755,29.3,26,529.0,Light Rain,Light drizzle
2026-03-17T10:00,29.7,35.1,70,2.6666666666666665,64,8.194444444444445,1012.1,0.9,8.2,,23.7,34.31855246569572,29.7,52,703.0,Light Rain,Moderate drizzle
2026-03-17T11:00,30.4,35.4,66,2.5555555555555554,83,7.388888888888889,1011.4,0.0,5,,23.4,35.00839744727117,30.4,95,652.0,Cloudy,Overcast
2026-03-17T12:00,29.7,35.2,70,3.416666666666667,86,8.305555555555555,1010.5,2.2,5.6,,23.6,34.31855246569572,29.7,37,807.0,Light Rain,Slight rain
2026-03-17T13:00,30.2,36.0,68,2.8055555555555554,115,8.61111111111111,1009.4,0.1,9.8,,23.6,35.03216292300459,30.2,59,792.0,Light Rain,Light drizzle
2026-03-17T14:00,30.2,35.1,67,3.3055555555555554,112,7.805555555555555,1008.5,0.1,9.8,,23.5,34.78981725363565,30.2,66,689.0,Light Rain,Light drizzle
2026-03-17T15:00,29.9,34.7,68,1.611111111111111,141,8.305555555555555,1007.9,0.2,9.6,,23.4,34.33203095058457,29.9,77,550.0,Light Rain,Light drizzle
2026-03-17T16:00,29.1,33.1,71,3.1111111111111107,142,7.111111111111112,1007.7,0.3,9.4,,23.2,33.13963262873772,29.1,52,409.0,Light Rain,Light drizzle
2026-03-17T17:00,30.1,34.5,66,2.0,174,7.111111111111112,1007.5,0.0,12.3,,22.9,34.32720195437116,30.1,54,214.0,Partly Cloudy,Partly cloudy
2026-03-17T18:00,29.4,33.8,68,2.055555555555556,183,4.5,1007.9,0.0,12.6,,22.9,33.21375493548458,29.4,48,53.0,Partly Cloudy,Mainly clear
2026-03-17T19:00,28.9,33.2,69,1.8611111111111112,171,3.6944444444444446,1009.0,0.0,13.6,,22.7,32.33154428329788,28.9,28,0.0,Partly Cloudy,Mainly clear
2026-03-17T20:00,28.5,32.4,69,2.111111111111111,188,3.611111111111111,1009.6,0.0,14.45,,22.2,31.50846071977779,28.5,11,0.0,Sunny,Clear skies
2026-03-17T21:00,27.7,31.4,68,1.6666666666666665,224,3.611111111111111,1010.3,0.0,13.85,,21.3,29.86612564650446,27.7,23,0.0,Partly Cloudy,Mainly clear
2026-03-17T22:00,26.9,30.5,71,1.5833333333333333,221,2.8055555555555554,1010.5,0.0,13.95,,21.2,28.766896533537704,26.9,21,0.0,Partly Cloudy,Mainly clear
2026-03-17T23:00,26.5,30.7,76,1.2777777777777777,219,2.694444444444444,1010.6,0.0,14.15,,21.9,26.5,26.5,17,0.0,Sunny,Clear skies
2026-03-18T00:00,26.6,31.0,77,1.0555555555555556,183,2.0,1010.1,0.0,14.65,,22.1,26.6,26.6,7,0.0,Sunny,Clear skies
2026-03-18T01:00,26.8,31.1,78,1.8611111111111112,183,3.1111111111111107,1009.1,0.0,14.3,,22.6,29.13951049713781,26.8,14,0.0,Sunny,Clear skies
2026-03-18T02:00,26.2,31.1,84,1.6666666666666665,183,3.194444444444444,1008.3,0.0,14.9,,23.4,26.2,26.2,2,0.0,Sunny,Clear skies
2026-03-18T03:00,25.7,30.7,87,1.3055555555555556,182,3.1111111111111107,1008.5,0.0,14.350000000000001,,23.4,25.7,25.7,13,0.0,Sunny,Clear skies
2026-03-18T04:00,25.6,31.1,88,0.6111111111111112,114,1.8888888888888888,1008.9,0.0,13.5,,23.5,25.6,25.6,30,0.0,Partly Cloudy,Mainly clear
2026-03-18T05:00,25.5,30.1,89,2.3333333333333335,145,0.888888888888889,1009.5,0.1,9.8,,23.6,25.5,25.5,59,0.0,Light Rain,Light drizzle
2026-03-18T06:00,25.2,30.8,92,0.6388888888888888,176,3.888888888888889,1010.6,0.0,13.0,,23.8,25.2,25.2,40,0.0,Partly Cloudy,Mainly clear
2026-03-18T07:00,26.0,29.8,83,3.0555555555555554,105,6.694444444444445,1011.7,0.0,13.35,,22.9,26.0,26.0,33,76.0,Partly Cloudy,Mainly clear
2026-03-18T08:00,27.6,31.5,75,2.8055555555555554,117,6.611111111111111,1012.4,0.0,12.95,,22.8,30.495077985671223,27.6,41,278.0,Partly Cloudy,Mainly clear
2026-03-18T09:00,28.0,32.2,74,2.25,102,6.805555555555555,1013.1,0.1,9.8,,22.9,31.21358569911119,28.0,30,449.0,Light Rain,Light drizzle
2026-03-18T10:00,28.1,32.3,73,2.9166666666666665,86,7.888888888888888,1013.4,0.1,9.8,,22.8,31.284288748595674,28.1,63,620.0,Light Rain,Light drizzle
2026-03-18T11:00,25.9,29.0,81,5.111111111111111,102,8.38888888888889,1013.5,0.1,9.8,,22.4,25.9,25.9,79,669.0,Light Rain,Light drizzle
2026-03-18T12:00,28.4,33.0,72,2.25,159,10.11111111111111,1011.8,0.1,9.8,,22.9,31.77240044876451,28.4,50,622.0,Light Rain,Light drizzle
2026-03-18T13:00,29.2,33.6,66,4.083333333333333,125,9.194444444444445,1010.6,0.4,9.2,,22.1,32.411123543751174,29.2,56,839.0,Light Rain,Light drizzle
2026-03-18T14:00,29.7,35.4,68,1.9166666666666667,147,9.61111111111111,1009.5,0.1,9.8,,23.0,33.877428953704516,29.7,58,751.0,Light Rain,Light drizzle
2026-03-18T15:00,29.4,34.1,69,2.111111111111111,137,6.499999999999999,1008.9,0.2,9.6,,23.2,33.41586011809787,29.4,80,588.0,Light Rain,Light drizzle
2026-03-18T16:00,29.6,34.4,67,1.1388888888888888,167,6.305555555555555,1008.6,0.0,12.6,,22.8,33.444527163875655,29.6,48,430.0,Partly Cloudy,Mainly clear
2026-03-18T17:00,29.4,33.3,67,2.5,185,4.111111111111112,1008.8,0.0,5,,22.5,33.015264870275686,29.4,88,204.0,Cloudy,Overcast
2026-03-18T18:00,29.2,33.1,65,1.8055555555555556,188,4.888888888888889,1009.0,0.0,13.1,,21.9,32.23006953815122,29.2,38,39.0,Partly Cloudy,Mainly clear
2026-03-18T19:00,28.8,33.1,69,1.6944444444444442,185,3.3888888888888884,1009.9,0.0,13.85,,22.5,32.12207596705782,28.8,23,0.0,Partly Cloudy,Mainly clear
2026-03-18T20:00,28.2,32.6,71,1.6666666666666665,207,3.0,1010.8,0.0,14.350000000000001,,22.6,31.20258446561764,28.2,13,0.0,Sunny,Clear skies
2026-03-18T21:00,27.6,31.8,72,1.5555555555555554,243,3.0,1011.6,0.0,14.5,,22.1,30.14007694316459,27.6,10,0.0,Sunny,Clear skies
2026-03-18T22:00,27.1,31.1,74,1.8055555555555556,246,3.1111111111111107,1012.0,0.0,14.350000000000001,,22.0,29.38606623333116,27.1,13,0.0,Sunny,Clear skies
2026-03-18T23:00,26.7,30.7,75,1.5555555555555554,327,3.194444444444444,1011.8,0.0,13.1,,21.8,28.71463066495108,26.7,38,0.0,Partly Cloudy,Mainly clear
2026-03-19T00:00,26.9,30.4,68,1.0555555555555556,357,3.3888888888888884,1011.2,0.0,11.7,,20.4,28.533823714984408,26.9,66,0.0,Partly Cloudy,Partly cloudy
2026-03-19T01:00,25.7,29.2,78,2.3333333333333335,121,4.5,1011.3,0.0,12.95,,21.7,25.7,25.7,41,0.0,Partly Cloudy,Mainly clear
2026-03-19T02:00,25.6,30.1,80,0.8611111111111112,357,4.0,1010.4,0.0,13.2,,22.0,25.6,25.6,36,0.0,Partly Cloudy,Mainly clear
2026-03-19T03:00,25.8,30.5,85,1.75,3,3.0,1010.7,0.1,9.8,,23.1,25.8,25.8,38,0.0,Light Rain,Light drizzle
2026-03-19T04:00,24.8,29.0,90,2.611111111111111,336,4.611111111111112,1010.9,0.0,12.95,,23.1,24.8,24.8,41,0.0,Partly Cloudy,Mainly clear
2026-03-19T05:00,24.1,28.9,90,0.75,337,5.388888888888888,1010.9,0.0,13.7,,22.4,24.1,24.1,26,0.0,Partly Cloudy,Mainly clear
2026-03-19T06:00,24.7,28.2,86,2.972222222222222,6,5.388888888888888,1012.3,0.0,14.0,,22.2,24.7,24.7,20,0.0,Partly Cloudy,Mainly clear
2026-03-19T07:00,26.5,30.8,79,1.8888888888888888,58,5.194444444444444,1013.0,0.0,13.8,,22.6,26.5,26.5,24,79.0,Partly Cloudy,Mainly clear
2026-03-19T08:00,28.4,32.2,71,2.638888888888889,37,6.499999999999999,1013.8,0.0,14.5,,22.6,31.615306090737747,28.4,10,293.0,Sunny,Clear skies
2026-03-19T09:00,29.9,33.4,63,2.611111111111111,32,6.888888888888889,1014.0,0.0,14.350000000000001,,22.0,33.24510963108455,29.9,13,527.0,Sunny,Clear skies
2026-03-19T10:00,31.1,35.3,57,2.6666666666666665,56,7.305555555555555,1014.1,0.0,13.85,,21.5,34.32017456463127,31.1,23,710.0,Partly Cloudy,Mainly clear
2026-03-19T11:00,31.5,35.8,55,3.138888888888889,80,8.88888888888889,1013.5,0.0,13.85,,21.2,34.628743421555555,31.5,23,818.0,Partly Cloudy,Mainly clear
2026-03-19T12:00,31.8,36.6,54,3.1111111111111107,92,8.61111111111111,1012.3,0.0,13.0,,21.3,34.972040449724425,31.8,40,887.0,Partly Cloudy,Mainly clear
2026-03-19T13:00,31.7,36.0,53,3.0555555555555554,93,8.805555555555555,1011.0,0.0,11.35,,21.1,34.527163112737895,31.7,73,806.0,Partly Cloudy,Partly cloudy
2026-03-19T14:00,31.4,34.8,54,3.083333333333333,107,7.888888888888888,1009.5,0.0,12.8,,21.0,34.1933344015645,31.4,44,653.0,Partly Cloudy,Mainly clear
2026-03-19T15:00,30.5,34.2,61,2.972222222222222,132,7.805555555555555,1009.2,0.4,9.2,,22.0,34.03815792955536,30.5,56,606.0,Light Rain,Light drizzle
2026-03-19T16:00,28.3,31.3,70,4.055555555555555,198,9.61111111111111,1009.2,0.1,9.8,,22.3,31.258456716495616,28.3,55,361.0,Light Rain,Light drizzle
2026-03-19T17:00,30.9,34.4,57,2.0277777777777777,173,8.61111111111111,1008.5,0.0,5,,21.4,33.925893175831256,30.9,93,261.0,Cloudy,Overcast
2026-03-19T18:00,29.4,33.3,64,2.0833333333333335,224,4.888888888888889,1009.3,0.0,5,,22.0,32.44148537907566,29.4,88,57.0,Cloudy,Overcast
2026-03-19T19:00,28.5,32.7,69,1.5,240,3.6944444444444446,1009.9,0.0,13.1,,22.1,31.50846071977779,28.5,38,0.0,Partly Cloudy,Mainly clear
2026-03-19T20:00,27.7,32.0,71,1.25,241,2.5,1010.9,0.0,14.55,,22.1,30.215114208417713,27.7,9,0.0,Sunny,Clear skies
2026-03-19T21:00,27.5,31.4,73,2.2222222222222223,198,3.6944444444444446,1011.6,0.0,14.600000000000001,,22.2,30.058952405555562,27.5,8,0.0,Sunny,Clear skies
2026-03-19T22:00,27.2,31.1,75,2.3333333333333335,196,4.111111111111112,1011.7,0.0,14.350000000000001,,22.3,29.677083454151102,27.2,13,0.0,Sunny,Clear skies
2026-03-19T23:00,26.9,31.3,78,1.8333333333333333,201,4.111111111111112,1011.7,0.0,14.3,,22.8,29.345598374317863,26.9,14,0.0,Sunny,Clear skies
2026-03-20T00:00,26.6,31.2,79,1.3888888888888888,224,3.194444444444444,1011.3,0.0,14.9,,22.7,26.6,26.6,2,0.0,Sunny,Clear skies
2026-03-20T01:00,25.8,30.4,83,1.2777777777777777,198,2.305555555555556,1010.2,0.0,14.7,,22.7,25.8,25.8,6,0.0,Sunny,Clear skies
2026-03-20T02:00,25.2,29.9,86,1.2222222222222223,201,2.305555555555556,1009.5,0.0,14.600000000000001,,22.7,25.2,25.2,8,0.0,Sunny,Clear skies
2026-03-20T03:00,24.5,29.1,88,1.1944444444444444,253,2.0,1009.5,0.0,14.75,,22.5,24.5,24.5,5,0.0,Sunny,Clear skies
2026-03-20T04:00,24.2,28.2,89,1.972222222222222,261,3.5,1009.3,0.0,15.0,,22.2,24.2,24.2,0,0.0,Sunny,Clear skies
2026-03-20T05:00,25.0,29.1,92,3.3888888888888884,68,3.5,1009.8,0.0,14.9,,23.7,25.0,25.0,2,0.0,Sunny,Clear skies
2026-03-20T06:00,25.7,30.0,88,2.9166666666666665,85,5.888888888888888,1010.9,0.0,14.350000000000001,,23.5,25.7,25.7,13,0.0,Sunny,Clear skies
2026-03-20T07:00,27.1,31.1,80,3.3055555555555554,75,6.611111111111111,1011.9,0.0,14.850000000000001,,23.4,29.963339125837837,27.1,3,89.0,Sunny,Clear skies
2026-03-20T08:00,28.1,32.1,75,3.138888888888889,65,7.305555555555555,1012.5,0.0,13.1,,23.2,31.577611525271127,28.1,38,292.0,Partly Cloudy,Mainly clear
2026-03-20T09:00,29.2,33.4,71,3.0,64,7.388888888888889,1012.8,0.1,9.8,,23.4,33.36752700401796,29.2,34,487.0,Light Rain,Light drizzle
2026-03-20T10:00,29.9,34.5,68,3.1666666666666665,64,8.194444444444445,1012.5,0.0,12.8,,23.3,34.33203095058457,29.9,44,666.0,Partly Cloudy,Mainly clear
2026-03-20T11:00,30.5,36.0,62,2.5277777777777777,72,8.11111111111111,1011.9,0.0,14.350000000000001,,22.5,34.26908518327773,30.5,13,826.0,Sunny,Clear skies
2026-03-20T12:00,31.9,37.6,57,3.0,86,8.11111111111111,1010.7,0.0,13.3,,22.2,35.978998289431225,31.9,34,948.0,Partly Cloudy,Mainly clear
2026-03-20T13:00,31.8,36.8,56,3.75,98,9.194444444444445,1009.4,0.0,5,,22.0,35.49429956215104,31.8,87,920.0,Cloudy,Overcast
2026-03-20T14:00,31.5,36.2,57,3.75,103,9.5,1008.1,0.0,12.0,,22.0,35.133246793111226,31.5,60,878.0,Partly Cloudy,Partly cloudy
2026-03-20T15:00,31.5,35.2,56,3.611111111111111,112,9.194444444444445,1007.5,0.0,12.3,,21.6,34.87812218461116,31.5,54,703.0,Partly Cloudy,Partly cloudy
2026-03-20T16:00,30.3,33.5,64,4.027777777777778,129,8.805555555555555,1007.4,0.0,11.9,,22.7,34.30568483193559,30.3,62,412.0,Partly Cloudy,Partly cloudy
2026-03-20T17:00,29.8,33.0,66,4.166666666666667,146,9.0,1007.7,0.0,14.4,,22.8,33.66725780615112,29.8,12,245.0,Sunny,Clear skies
2026-03-20T18:00,28.9,33.1,72,2.8055555555555554,174,8.11111111111111,1008.6,0.0,14.600000000000001,,23.4,32.8760415290645,28.9,8,54.0,Sunny,Clear skies
2026-03-20T19:00,28.5,33.0,75,2.5,177,5.305555555555556,1009.4,0.0,14.75,,23.6,32.49167065711113,28.5,5,0.0,Sunny,Clear skies
2026-03-20T20:00,28.1,32.7,77,2.638888888888889,169,4.805555555555555,1010.1,0.0,14.9,,23.7,31.879992023564505,28.1,2,0.0,Sunny,Clear skies
2026-03-20T21:00,27.7,32.6,81,2.5,175,4.805555555555555,1010.7,0.0,15.0,,24.1,31.498267002284436,27.7,0,0.0,Sunny,Clear skies
2026-03-20T22:00,27.3,32.3,83,2.305555555555556,184,4.388888888888889,1010.8,0.0,15.0,,24.2,30.759478947671223,27.3,0,0.0,Sunny,Clear skies
2026-03-20T23:00,26.7,32.3,87,1.5555555555555554,207,4.0,1010.6,0.0,15.0,,24.5,29.643140896257876,26.7,0,0.0,Sunny,Clear skies
2026-03-21T00:00,26.2,31.8,90,1.4444444444444444,245,2.694444444444444,1010.1,0.0,15.0,,24.4,26.2,26.2,0,0.0,Sunny,Clear skies
2026-03-21T01:00,25.5,30.9,92,1.4166666666666665,274,2.694444444444444,1009.7,0.0,14.9,,24.1,25.5,25.5,2,0.0,Sunny,Clear skies
2026-03-21T02:00,24.9,30.5,93,0.6666666666666666,297,2.5,1009.3,0.0,14.7,,23.8,24.9,24.9,6,0.0,Sunny,Clear skies
2026-03-21T03:00,24.9,30.6,92,0.25,307,1.0,1008.8,0.0,14.65,,23.5,24.9,24.9,7,0.0,Sunny,Clear skies
2026-03-21T04:00,24.7,30.3,92,0.3055555555555556,279,0.5,1008.8,0.0,14.75,,23.3,24.7,24.7,5,0.0,Sunny,Clear skies
2026-03-21T05:00,24.6,30.2,93,0.3611111111111111,225,1.0,1009.1,0.0,11.45,,23.5,24.6,24.6,71,0.0,Partly Cloudy,Partly cloudy
2026-03-21T06:00,24.3,29.9,94,0.19444444444444442,270,0.5,1009.9,0.0,13.85,,23.4,24.3,24.3,23,0.0,Partly Cloudy,Mainly clear
2026-03-21T07:00,26.7,32.5,85,0.38888888888888884,310,2.111111111111111,1010.9,0.0,14.75,,23.9,29.480561546195574,26.7,5,90.0,Sunny,Clear skies
2026-03-21T08:00,29.3,34.6,71,0.8611111111111112,83,3.611111111111111,1011.6,0.0,14.350000000000001,,23.4,33.597954739617755,29.3,13,312.0,Sunny,Clear skies
2026-03-21T09:00,30.9,34.8,59,1.8611111111111112,92,5.611111111111111,1012.1,0.0,14.0,,22.0,34.39323420356455,30.9,20,530.0,Partly Cloudy,Mainly clear
2026-03-21T10:00,31.7,36.1,56,2.888888888888889,92,7.694444444444444,1012.2,0.1,9.8,,21.9,35.286900788051085,31.7,23,735.0,Light Rain,Light drizzle
2026-03-21T11:00,31.9,36.7,56,3.5833333333333335,99,8.694444444444445,1011.7,0.1,9.8,,22.1,35.70370465117114,31.9,13,867.0,Light Rain,Light drizzle
2026-03-21T12:00,32.2,37.5,56,3.861111111111111,96,9.61111111111111,1010.8,0.0,14.5,,22.2,36.34395780775126,32.2,10,966.0,Sunny,Clear skies
2026-03-21T13:00,32.1,37.4,57,4.0,99,9.88888888888889,1009.5,0.0,14.55,,22.5,36.41412876303109,32.1,9,968.0,Sunny,Clear skies
2026-03-21T14:00,31.8,36.9,58,3.7222222222222223,104,9.805555555555555,1008.7,0.0,14.3,,22.6,36.04073898291552,31.8,14,869.0,Sunny,Clear skies
2026-03-21T15:00,31.6,35.8,59,3.5833333333333335,113,9.194444444444445,1007.9,0.0,14.9,,22.7,35.87938349756454,31.6,2,704.0,Sunny,Clear skies
2026-03-21T16:00,31.0,34.5,61,3.222222222222222,116,8.694444444444445,1007.6,0.0,14.95,,22.5,35.09736107155551,31.0,1,514.0,Sunny,Clear skies
2026-03-21T17:00,30.5,34.6,64,2.694444444444444,100,7.694444444444444,1008.1,0.0,13.95,,23.0,34.74515697105547,30.5,21,281.0,Partly Cloudy,Mainly clear
2026-03-21T18:00,29.1,34.0,73,2.0833333333333335,100,5.805555555555555,1008.9,0.0,12.45,,23.8,33.534611769395596,29.1,51,63.0,Partly Cloudy,Partly cloudy
2026-03-21T19:00,28.4,33.9,79,1.611111111111111,112,3.888888888888889,1009.5,0.0,14.9,,24.4,32.94425269987566,28.4,2,0.0,Sunny,Clear skies
2026-03-21T20:00,27.7,33.5,83,1.1944444444444444,114,3.3055555555555554,1010.3,0.0,14.850000000000001,,24.5,31.777025115671115,27.7,3,0.0,Sunny,Clear skies
2026-03-21T21:00,27.3,32.9,85,1.5555555555555554,117,3.0,1011.0,0.0,14.850000000000001,,24.5,30.994165864595615,27.3,3,0.0,Sunny,Clear skies
2026-03-21T22:00,27.0,32.4,86,1.6666666666666665,127,3.1111111111111107,1011.2,0.0,14.95,,24.4,30.323923728444413,27.0,1,0.0,Sunny,Clear skies
2026-03-21T23:00,26.6,32.3,86,1.027777777777778,133,3.0,1011.0,0.0,14.9,,24.2,26.6,26.6,2,0.0,Sunny,Clear skies
2026-03-22T00:00,26.4,32.5,87,0.11111111111111112,297,1.3888888888888888,1010.5,0.0,13.95,,24.1,26.4,26.4,21,0.0,Partly Cloudy,Mainly clear
2026-03-22T01:00,25.9,31.0,90,2.0,305,3.5,1010.1,0.0,12.05,,24.2,25.9,25.9,59,0.0,Partly Cloudy,Partly cloudy
2026-03-22T02:00,24.8,29.7,96,2.1944444444444446,3,4.5,1010.0,0.6,8.8,,24.0,24.8,24.8,100,0.0,Light Rain,Moderate drizzle
2026-03-22T03:00,24.7,29.5,92,1.777777777777778,302,5.0,1009.5,0.4,9.2,,23.4,24.7,24.7,91,0.0,Light Rain,Light drizzle
2026-03-22T04:00,25.1,30.2,92,1.5,356,3.1111111111111107,1009.8,0.0,12.25,,23.7,25.1,25.1,55,0.0,Partly Cloudy,Partly cloudy
2026-03-22T05:00,24.7,29.2,92,2.4444444444444446,317,2.611111111111111,1010.2,0.1,9.8,,23.4,24.7,24.7,26,0.0,Light Rain,Light drizzle
2026-03-22T06:00,25.2,29.9,91,2.1944444444444446,336,4.194444444444445,1010.9,0.0,14.0,,23.6,25.2,25.2,20,0.0,Partly Cloudy,Mainly clear
2026-03-22T07:00,27.0,31.9,85,2.5,344,4.888888888888889,1011.6,0.0,14.25,,24.2,30.22388087955555,27.0,15,89.0,Sunny,Clear skies
2026-03-22T08:00,29.1,33.7,73,2.6666666666666665,13,6.499999999999999,1012.2,0.0,14.350000000000001,,23.7,33.534611769395596,29.1,13,318.0,Sunny,Clear skies
2026-03-22T09:00,30.5,34.8,66,2.5833333333333335,41,6.888888888888889,1012.7,0.0,14.350000000000001,,23.4,35.24018513261102,30.5,13,539.0,Sunny,Clear skies
2026-03-22T10:00,31.5,36.4,61,3.2777777777777777,63,8.305555555555555,1012.7,0.0,14.350000000000001,,23.0,36.21120368155552,31.5,13,739.0,Sunny,Clear skies
2026-03-22T11:00,32.0,36.7,56,3.8333333333333335,73,9.5,1012.4,0.0,14.15,,22.0,35.91511605511118,32.0,17,878.0,Sunny,Clear skies
2026-03-22T12:00,32.4,37.3,53,3.888888888888889,78,9.61111111111111,1011.3,0.0,14.850000000000001,,21.6,35.9167086704178,32.4,3,965.0,Sunny,Clear skies
2026-03-22T13:00,32.2,37.0,54,4.083333333333333,82,10.0,1010.2,0.0,14.9,,21.7,35.7816842009245,32.2,2,965.0,Sunny,Clear skies
2026-03-22T14:00,32.1,36.2,53,4.305555555555555,86,10.305555555555555,1009.6,0.0,14.850000000000001,,21.4,35.30980692201782,32.1,3,894.0,Sunny,Clear skies
2026-03-22T15:00,31.8,35.1,51,3.6944444444444446,92,10.194444444444445,1009.1,0.0,14.9,,20.5,34.23398985921771,31.8,2,747.0,Sunny,Clear skies
2026-03-22T16:00,31.6,34.0,50,2.75,91,8.88888888888889,1008.8,0.0,14.9,,20.0,33.64359277180445,31.6,2,532.0,Sunny,Clear skies
2026-03-22T17:00,30.8,34.6,59,1.972222222222222,99,6.805555555555555,1009.2,0.0,13.0,,21.8,34.18938437372444,30.8,40,287.0,Partly Cloudy,Mainly clear
2026-03-22T18:00,29.1,34.4,70,0.5555555555555556,90,4.5,1009.6,0.0,12.2,,23.1,32.94710141281545,29.1,56,64.0,Partly Cloudy,Partly cloudy
2026-03-22T19:00,28.1,34.1,77,0.0,270,1.0,1010.1,0.0,11.9,,23.8,31.879992023564505,28.1,62,0.0,Partly Cloudy,Partly cloudy
2026-03-22T20:00,27.5,32.9,77,0.16666666666666666,162,0.3055555555555556,1010.6,0.0,5,,23.0,30.520732394444508,27.5,86,0.0,Cloudy,Overcast
2026-03-22T21:00,26.7,32.1,83,0.7222222222222222,129,1.1111111111111112,1011.3,0.0,5,,23.5,29.32111325407113,26.7,81,0.0,Cloudy,Overcast
2026-03-22T22:00,26.4,32.1,86,0.8611111111111112,103,1.1944444444444444,1011.4,0.0,14.0,,24.0,26.4,26.4,20,0.0,Partly Cloudy,Mainly clear
2026-03-22T23:00,26.5,31.6,84,1.4444444444444444,117,2.1944444444444446,1011.3,0.0,13.2,,23.5,26.5,26.5,36,0.0,Partly Cloudy,Mainly clear
2026-03-23T00:00,26.4,31.2,81,1.3888888888888888,111,2.388888888888889,1010.9,0.0,13.25,,23.0,26.4,26.4,35,0.0,Partly Cloudy,Mainly clear
2026-03-23T01:00,26.3,31.1,82,1.1944444444444444,85,2.305555555555556,1010.6,0.0,13.9,,22.9,26.3,26.3,22,0.0,Partly Cloudy,Mainly clear
2026-03-23T02:00,26.3,31.3,83,1.1388888888888888,49,1.8888888888888888,1010.2,0.0,12.75,,23.2,26.3,26.3,45,0.0,Partly Cloudy,Mainly clear
2026-03-23T03:00,25.3,29.6,92,3.2777777777777777,13,5.888888888888888,1010.3,0.5,9.0,,23.9,25.3,25.3,77,0.0,Light Rain,Moderate drizzle
2026-03-23T04:00,25.7,31.3,91,1.1944444444444444,360,5.611111111111111,1010.1,0.3,9.4,,24.1,25.7,25.7,78,0.0,Light Rain,Light drizzle
2026-03-23T05:00,24.3,28.3,95,3.4444444444444446,294,6.194444444444445,1010.6,0.0,5,,23.5,24.3,24.3,84,0.0,Cloudy,Overcast
2026-03-23T06:00,24.9,29.6,94,2.5555555555555554,309,5.888888888888888,1011.4,0.1,9.8,,23.9,24.9,24.9,18,0.0,Light Rain,Light drizzle
2026-03-23T07:00,26.2,31.0,91,3.1111111111111107,310,5.611111111111111,1011.9,0.0,11.8,,24.5,26.2,26.2,64,81.0,Partly Cloudy,Partly cloudy
2026-03-23T08:00,28.8,33.9,77,2.3333333333333335,345,6.388888888888888,1012.5,0.0,5,,24.4,33.59024433292454,28.8,100,296.0,Cloudy,Overcast
2026-03-23T09:00,30.5,35.2,67,2.3333333333333335,80,6.305555555555555,1012.5,0.0,5,,23.6,35.49480785355552,30.5,87,527.0,Cloudy,Overcast
2026-03-23T10:00,31.4,36.6,61,3.0555555555555554,92,8.0,1012.2,0.0,5,,23.1,35.984064002115524,31.4,88,755.0,Cloudy,Overcast
2026-03-23T11:00,31.7,37.2,59,3.638888888888889,91,9.11111111111111,1012.1,0.0,5,,22.8,36.1001477517244,31.7,88,925.0,Cloudy,Overcast
2026-03-23T12:00,32.2,37.6,56,3.861111111111111,84,9.61111111111111,1011.0,0.0,11.75,,22.4,36.34395780775126,32.2,65,973.0,Partly Cloudy,Partly cloudy
2026-03-23T13:00,32.2,37.5,57,4.027777777777778,84,9.88888888888889,1010.0,0.0,14.75,,22.5,36.63475768119119,32.2,5,969.0,Sunny,Clear skies
2026-03-23T14:00,32.0,36.8,55,3.8333333333333335,81,9.805555555555555,1008.9,0.0,14.75,,22.0,35.640933659555714,32.0,5,895.0,Sunny,Clear skies
2026-03-23T15:00,31.7,35.6,55,3.5277777777777777,84,9.388888888888888,1008.4,0.0,14.8,,21.6,35.027709419795706,31.7,4,743.0,Sunny,Clear skies
2026-03-23T16:00,31.3,34.3,56,3.083333333333333,97,8.5,1008.2,0.0,14.9,,21.4,34.47736884085117,31.3,2,528.0,Sunny,Clear skies
2026-03-23T17:00,30.1,33.8,64,2.888888888888889,110,7.305555555555555,1008.4,0.0,14.9,,22.5,33.87537836337564,30.1,2,288.0,Sunny,Clear skies
2026-03-23T18:00,28.5,33.0,73,2.055555555555556,119,6.0,1008.7,0.0,15.0,,23.1,32.15320358955564,28.5,0,66.0,Sunny,Clear skies
2026-03-23T19:00,27.2,32.0,78,1.4444444444444444,90,3.6944444444444446,1009.3,0.0,15.0,,23.1,29.98047169953779,27.2,0,0.0,Sunny,Clear skies
2026-03-23T20:00,27.4,31.1,73,2.361111111111111,73,3.888888888888889,1009.6,0.0,15.0,,22.1,29.86383387219557,27.4,0,0.0,Sunny,Clear skies
2026-03-23T21:00,27.7,31.3,76,3.75,74,6.388888888888888,1010.4,0.0,15.0,,23.0,30.83364106929557,27.7,0,0.0,Sunny,Clear skies
2026-03-23T22:00,27.8,31.0,75,4.388888888888889,61,7.611111111111111,1011.0,0.0,13.85,,22.9,30.920086018151103,27.8,23,0.0,Partly Cloudy,Mainly clear
2026-03-23T23:00,27.6,31.7,85,4.805555555555555,61,9.11111111111111,1011.2,0.0,14.55,,24.8,31.791416501315684,27.6,9,0.0,Sunny,Clear skies
2026-03-24T00:00,27.8,31.9,85,4.916666666666666,65,9.0,1010.5,0.0,15.0,,25.0,32.337897843395474,27.8,0,0.0,Sunny,Clear skies
2026-03-24T01:00,27.4,32.1,87,3.8055555555555554,58,8.805555555555555,1010.2,0.0,14.75,,25.0,31.51048040609772,27.4,5,0.0,Sunny,Clear skies
2026-03-24T02:00,26.2,32.0,93,1.777777777777778,50,6.805555555555555,1009.8,0.0,13.75,,24.9,26.2,26.2,25,0.0,Partly Cloudy,Mainly clear
2026-03-24T03:00,25.6,31.5,95,1.2777777777777777,39,3.0,1009.7,0.0,13.85,,24.8,25.6,25.6,23,0.0,Partly Cloudy,Mainly clear
2026-03-24T04:00,25.1,30.8,96,1.1944444444444444,33,2.305555555555556,1010.0,0.1,9.8,,24.4,25.1,25.1,33,0.0,Light Rain,Light drizzle
2026-03-24T05:00,24.8,29.9,94,1.75,336,2.111111111111111,1010.3,0.0,5,,23.9,24.8,24.8,86,0.0,Cloudy,Overcast
2026-03-24T06:00,24.8,29.7,94,2.111111111111111,333,3.8055555555555554,1011.0,0.1,9.8,,23.9,24.8,24.8,47,1.0,Light Rain,Light drizzle
2026-03-24T07:00,26.1,31.1,89,2.2777777777777777,328,4.805555555555555,1011.7,0.0,13.6,,24.1,26.1,26.1,28,84.0,Partly Cloudy,Mainly clear
2026-03-24T08:00,27.9,32.6,78,2.4166666666666665,18,6.0,1012.0,0.1,9.8,,23.7,31.558732671517816,27.9,21,299.0,Light Rain,Light drizzle
2026-03-24T09:00,29.6,33.4,68,3.3611111111111107,55,7.888888888888888,1012.3,0.2,9.6,,23.0,33.65377375068451,29.6,20,532.0,Light Rain,Light drizzle
2026-03-24T10:00,30.5,34.6,63,3.9722222222222223,62,9.305555555555555,1012.1,0.0,13.9,,22.6,34.50475153044439,30.5,22,715.0,Partly Cloudy,Mainly clear
2026-03-24T11:00,30.8,35.6,61,3.944444444444444,69,9.694444444444445,1011.8,0.0,14.0,,22.4,34.667123078595615,30.8,20,882.0,Partly Cloudy,Mainly clear
2026-03-24T12:00,31.5,36.6,57,3.8333333333333335,73,9.61111111111111,1010.5,0.0,14.5,,22.0,35.133246793111226,31.5,10,951.0,Sunny,Clear skies
2026-03-24T13:00,31.8,36.7,55,3.8333333333333335,83,9.5,1009.2,0.0,14.55,,21.8,35.2301474673956,31.8,9,944.0,Sunny,Clear skies
2026-03-24T14:00,31.5,36.0,58,4.277777777777778,96,10.11111111111111,1008.3,0.0,14.600000000000001,,22.1,35.39411724705568,31.5,8,890.0,Sunny,Clear skies
2026-03-24T15:00,30.9,34.4,57,3.9722222222222223,101,10.194444444444445,1007.8,0.0,14.65,,21.4,33.925893175831256,30.9,7,735.0,Sunny,Clear skies
2026-03-24T16:00,30.9,33.7,58,3.638888888888889,103,9.194444444444445,1007.5,0.0,14.75,,21.7,34.15699193289568,30.9,5,524.0,Sunny,Clear skies
2026-03-24T17:00,29.1,31.9,64,3.6944444444444446,111,8.694444444444445,1007.8,0.0,14.350000000000001,,21.7,31.861331078975557,29.1,13,286.0,Sunny,Clear skies
2026-03-24T18:00,28.2,31.2,64,2.361111111111111,91,7.305555555555555,1008.1,0.0,14.95,,20.8,30.244604731235526,28.2,1,65.0,Sunny,Clear skies
2026-03-24T19:00,27.6,31.1,69,2.1666666666666665,77,4.305555555555555,1008.7,0.0,14.9,,21.4,29.800722290897852,27.6,2,0.0,Sunny,Clear skies
2026-03-24T20:00,27.6,30.9,70,2.7222222222222223,62,4.611111111111112,1009.5,0.0,14.850000000000001,,21.6,29.912102020515718,27.6,3,0.0,Sunny,Clear skies
2026-03-24T21:00,27.9,31.5,74,3.3888888888888884,61,5.805555555555555,1010.0,0.0,14.95,,22.8,30.99998837733121,27.9,1,0.0,Sunny,Clear skies
2026-03-24T22:00,27.7,31.1,78,4.638888888888888,66,7.888888888888888,1010.3,0.0,14.95,,23.5,31.093959553837742,27.7,1,0.0,Sunny,Clear skies
2026-03-24T23:00,27.5,32.0,83,3.4444444444444446,50,9.0,1010.3,0.0,15.0,,24.4,31.262388461111097,27.5,0,0.0,Sunny,Clear skies
2026-03-25T00:00,26.2,31.9,91,1.75,5,6.0,1009.9,0.0,14.8,,24.7,26.2,26.2,4,0.0,Sunny,Clear skies
2026-03-25T01:00,25.8,30.6,88,2.055555555555556,356,3.611111111111111,1009.5,0.0,13.1,,23.7,25.8,25.8,38,0.0,Partly Cloudy,Mainly clear
2026-03-25T02:00,25.8,29.6,81,2.388888888888889,359,4.194444444444445,1009.2,0.0,13.75,,22.3,25.8,25.8,25,0.0,Partly Cloudy,Mainly clear
2026-03-25T03:00,25.7,29.6,82,2.361111111111111,5,4.305555555555555,1009.0,0.0,12.8,,22.4,25.7,25.7,44,0.0,Partly Cloudy,Mainly clear
2026-03-25T04:00,25.5,29.8,85,2.0,359,4.194444444444445,1009.4,0.0,13.1,,22.8,25.5,25.5,38,0.0,Partly Cloudy,Mainly clear
2026-03-25T05:00,25.2,29.7,87,1.8611111111111112,2,3.5,1009.5,0.0,13.95,,23.0,25.2,25.2,21,0.0,Partly Cloudy,Mainly clear
2026-03-25T06:00,25.4,30.0,88,2.0277777777777777,7,3.5,1010.5,0.0,13.75,,23.3,25.4,25.4,25,1.0,Partly Cloudy,Mainly clear
2026-03-25T07:00,27.0,31.5,81,2.4722222222222223,14,5.194444444444444,1011.3,0.0,13.8,,23.5,29.83473576844431,27.0,24,90.0,Partly Cloudy,Mainly clear
2026-03-25T08:00,28.7,32.7,73,3.2777777777777777,43,7.5,1012.0,0.0,13.65,,23.4,32.60326819371557,28.7,27,314.0,Partly Cloudy,Mainly clear
2026-03-25T09:00,30.1,33.7,65,3.3611111111111107,50,8.11111111111111,1012.5,0.0,13.9,,22.8,34.099123968471204,30.1,22,540.0,Partly Cloudy,Mainly clear
2026-03-25T10:00,31.0,35.2,60,3.6944444444444446,58,9.0,1012.1,0.0,14.0,,22.3,34.845657573777814,31.0,20,748.0,Partly Cloudy,Mainly clear
2026-03-25T11:00,31.3,36.1,60,3.944444444444444,68,9.61111111111111,1011.9,0.0,14.4,,22.5,35.49167040671781,31.3,12,873.0,Sunny,Clear skies
2026-03-25T12:00,31.7,37.0,58,3.9722222222222223,66,9.805555555555555,1010.6,0.0,14.600000000000001,,22.4,35.82311995401571,31.7,8,966.0,Sunny,Clear skies
2026-03-25T13:00,32.0,37.2,56,3.75,71,9.694444444444445,1009.5,0.0,14.55,,22.1,35.91511605511118,32.0,9,948.0,Sunny,Clear skies
2026-03-25T14:00,32.0,36.6,56,3.944444444444444,81,9.388888888888888,1008.3,0.0,14.850000000000001,,22.0,35.91511605511118,32.0,3,875.0,Sunny,Clear skies
2026-03-25T15:00,31.4,35.2,58,4.111111111111112,90,9.694444444444445,1007.6,0.0,14.75,,22.1,35.182733568995545,31.4,5,733.0,Sunny,Clear skies
2026-03-25T16:00,30.8,33.5,59,4.027777777777778,96,9.5,1007.1,0.0,15.0,,21.8,34.18938437372444,30.8,0,525.0,Sunny,Clear skies
2026-03-25T17:00,29.5,33.0,67,3.5,92,8.88888888888889,1007.4,0.0,15.0,,22.7,33.22869803355555,29.5,0,287.0,Sunny,Clear skies
2026-03-25T18:00,28.1,31.9,71,2.638888888888889,80,7.194444444444444,1008.0,0.0,13.65,,22.5,31.000023693537774,28.1,27,65.0,Partly Cloudy,Mainly clear
2026-03-25T19:00,28.2,31.1,67,3.4444444444444446,68,5.888888888888888,1008.4,0.0,12.45,,21.6,30.64095234003563,28.2,51,0.0,Partly Cloudy,Partly cloudy
2026-03-25T20:00,28.6,31.2,66,3.9722222222222223,62,6.805555555555555,1009.0,0.0,12.55,,21.6,31.239994660071034,28.6,49,0.0,Partly Cloudy,Mainly clear
2026-03-25T21:00,28.5,30.7,65,4.5,59,7.805555555555555,1009.4,0.0,14.8,,21.4,30.906639537111143,28.5,4,0.0,Sunny,Clear skies
2026-03-25T22:00,27.8,31.5,81,5.027777777777778,63,8.805555555555555,1010.2,0.0,15.0,,24.3,31.747381577084425,27.8,0,0.0,Sunny,Clear skies
2026-03-25T23:00,27.7,31.6,83,4.861111111111111,58,9.305555555555555,1010.3,0.0,15.0,,24.6,31.777025115671115,27.7,0,0.0,Sunny,Clear skies
2026-03-26T00:00,27.7,31.3,81,4.861111111111111,56,8.805555555555555,1010.0,0.0,15.0,,24.1,31.498267002284436,27.7,0,0.0,Sunny,Clear skies
2026-03-26T01:00,27.3,31.0,84,4.888888888888889,61,8.805555555555555,1009.6,0.0,14.95,,24.3,30.876111804691202,27.3,1,0.0,Sunny,Clear skies
2026-03-26T02:00,27.0,30.9,86,4.722222222222222,67,8.805555555555555,1009.1,0.0,14.100000000000001,,24.5,30.323923728444413,27.0,18,0.0,Sunny,Clear skies
2026-03-26T03:00,26.9,30.9,85,3.9722222222222223,65,8.5,1009.0,0.0,14.100000000000001,,24.1,29.97311158491559,26.9,18,0.0,Sunny,Clear skies
2026-03-26T04:00,26.2,30.9,87,2.5555555555555554,57,7.111111111111112,1009.5,0.0,13.65,,23.9,26.2,26.2,27,0.0,Partly Cloudy,Mainly clear
2026-03-26T05:00,25.5,30.7,92,1.8333333333333333,26,4.5,1009.9,0.1,9.8,,24.1,25.5,25.5,40,0.0,Light Rain,Light drizzle
2026-03-26T06:00,25.5,30.7,91,1.75,18,3.3055555555555554,1010.6,0.0,12.6,,23.9,25.5,25.5,48,1.0,Partly Cloudy,Mainly clear
2026-03-26T07:00,26.9,31.6,83,2.388888888888889,26,5.0,1011.2,0.0,13.05,,23.7,29.7888413441511,26.9,39,83.0,Partly Cloudy,Mainly clear
2026-03-26T08:00,28.3,32.3,74,3.222222222222222,48,7.111111111111112,1011.8,0.0,13.25,,23.2,31.870187069491237,28.3,35,266.0,Partly Cloudy,Mainly clear
2026-03-26T09:00,29.6,32.9,66,3.7777777777777777,55,8.5,1012.2,0.1,9.8,,22.7,33.23910134327106,29.6,49,482.0,Light Rain,Light drizzle
2026-03-26T10:00,30.7,34.1,60,4.222222222222222,56,9.694444444444445,1012.1,0.1,9.8,,21.9,34.21899485351784,30.7,39,688.0,Light Rain,Light drizzle
2026-03-26T11:00,31.2,35.9,59,3.8055555555555554,69,9.88888888888889,1011.9,0.0,13.85,,22.3,35.017469511324556,31.2,23,835.0,Partly Cloudy,Mainly clear
2026-03-26T12:00,31.9,37.2,57,3.7222222222222223,83,9.305555555555555,1011.0,0.0,14.75,,22.3,35.978998289431225,31.9,5,949.0,Sunny,Clear skies
2026-03-26T13:00,31.8,37.0,59,4.305555555555555,95,10.194444444444445,1009.8,0.0,14.8,,22.7,36.323026308924454,31.8,4,974.0,Sunny,Clear skies
2026-03-26T14:00,31.1,36.1,61,4.027777777777778,96,10.305555555555555,1009.1,0.0,14.95,,22.6,35.31575843611568,31.1,1,893.0,Sunny,Clear skies
2026-03-26T15:00,31.0,34.9,58,3.75,92,9.61111111111111,1008.4,0.0,15.0,,21.7,34.35798335955565,31.0,0,753.0,Sunny,Clear skies
2026-03-26T16:00,30.6,33.1,59,4.111111111111112,93,9.11111111111111,1008.1,0.0,15.0,,21.6,33.78802762316448,30.6,0,540.0,Sunny,Clear skies
2026-03-26T17:00,29.8,31.7,57,4.027777777777778,85,9.11111111111111,1008.3,0.0,15.0,,20.4,31.903381015591112,29.8,0,292.0,Sunny,Clear skies
2026-03-26T18:00,28.8,31.2,62,3.5,64,7.805555555555555,1008.6,0.0,15.0,,20.8,30.99465209185784,28.8,0,67.0,Sunny,Clear skies
2026-03-26T19:00,28.5,31.5,69,4.0,61,7.0,1009.5,0.0,15.0,,22.3,31.50846071977779,28.5,0,0.0,Sunny,Clear skies
2026-03-26T20:00,28.7,31.1,65,4.388888888888889,49,7.694444444444444,1010.5,0.0,15.0,,21.5,31.273130340951134,28.7,0,0.0,Sunny,Clear skies
2026-03-26T21:00,28.1,31.2,74,4.527777777777778,54,7.888888888888888,1011.3,0.0,15.0,,23.1,31.429817921731154,28.1,0,0.0,Sunny,Clear skies
2026-03-26T22:00,27.7,31.4,80,4.583333333333333,56,8.194444444444445,1011.9,0.0,15.0,,24.0,31.36165388991773,27.7,0,0.0,Sunny,Clear skies
2026-03-26T23:00,27.6,31.5,82,4.25,62,8.11111111111111,1011.7,0.0,15.0,,24.1,31.384260824675703,27.6,0,0.0,Sunny,Clear skies
2026-03-27T00:00,27.6,31.6,80,4.055555555555555,61,7.694444444444444,1010.8,0.0,15.0,,23.9,31.121516145937946,27.6,0,0.0,Sunny,Clear skies
2026-03-27T01:00,26.8,31.8,84,1.972222222222222,49,7.194444444444444,1010.2,0.0,14.850000000000001,,23.8,29.63898017559116,26.8,3,0.0,Sunny,Clear skies
2026-03-27T02:00,25.2,30.6,93,1.1944444444444444,5,3.3888888888888884,1009.8,0.0,12.75,,23.9,25.2,25.2,45,0.0,Partly Cloudy,Mainly clear
2026-03-27T03:00,25.2,30.0,90,1.8333333333333333,349,3.194444444444444,1009.5,0.0,13.35,,23.5,25.2,25.2,33,0.0,Partly Cloudy,Mainly clear
2026-03-27T04:00,24.9,29.0,88,2.4722222222222223,341,4.194444444444445,1009.9,0.0,13.5,,22.8,24.9,24.9,30,0.0,Partly Cloudy,Mainly clear
2026-03-27T05:00,25.1,29.3,89,2.75,344,5.305555555555556,1010.1,0.0,13.9,,23.1,25.1,25.1,22,0.0,Partly Cloudy,Mainly clear
2026-03-27T06:00,24.9,28.7,89,3.1111111111111107,338,5.5,1010.7,0.0,13.8,,23.0,24.9,24.9,24,1.0,Partly Cloudy,Mainly clear
2026-03-27T07:00,26.3,30.2,82,3.1111111111111107,341,6.305555555555555,1011.4,0.0,13.85,,23.1,26.3,26.3,23,100.0,Partly Cloudy,Mainly clear
2026-03-27T08:00,28.4,32.3,73,3.138888888888889,14,7.305555555555555,1012.0,0.0,13.55,,23.0,31.932073083395746,28.4,29,330.0,Partly Cloudy,Mainly clear
2026-03-27T09:00,30.0,33.7,64,2.9166666666666665,33,7.388888888888889,1012.3,0.0,13.7,,22.5,33.66366225555557,30.0,26,557.0,Partly Cloudy,Mainly clear
2026-03-27T10:00,31.2,35.7,58,3.1666666666666665,49,8.11111111111111,1012.2,0.0,13.85,,22.0,34.766201563715704,31.2,23,774.0,Partly Cloudy,Mainly clear
2026-03-27T11:00,31.7,36.9,57,3.5833333333333335,69,9.194444444444445,1011.4,0.0,14.850000000000001,,22.1,35.55203763279116,31.7,3,924.0,Sunny,Clear skies
2026-03-27T12:00,31.9,37.2,56,3.888888888888889,81,9.61111111111111,1010.1,0.0,15.0,,21.9,35.70370465117114,31.9,0,1009.0,Sunny,Clear skies
2026-03-27T13:00,32.3,36.9,51,4.111111111111112,87,9.88888888888889,1008.9,0.0,15.0,,20.9,35.17929763401775,32.3,0,1005.0,Sunny,Clear skies
2026-03-27T14:00,32.2,36.4,54,4.555555555555555,90,10.388888888888888,1007.4,0.0,14.95,,21.6,35.7816842009245,32.2,1,917.0,Sunny,Clear skies
2026-03-27T15:00,31.8,35.3,56,4.555555555555555,94,10.499999999999998,1006.7,0.0,14.95,,22.0,35.49429956215104,31.8,1,750.0,Sunny,Clear skies
2026-03-27T16:00,30.9,33.7,60,4.305555555555555,95,10.11111111111111,1006.6,0.0,14.850000000000001,,22.3,34.63461998783789,30.9,3,531.0,Sunny,Clear skies
2026-03-27T17:00,29.6,33.2,68,3.861111111111111,95,9.305555555555555,1007.2,0.0,14.850000000000001,,23.2,33.65377375068451,29.6,3,286.0,Sunny,Clear skies
2026-03-27T18:00,28.4,32.5,76,3.5833333333333335,105,7.805555555555555,1007.5,0.0,14.95,,23.8,32.42656064691576,28.4,1,63.0,Sunny,Clear skies
2026-03-27T19:00,27.7,32.5,80,2.5,105,6.611111111111111,1008.3,0.0,15.0,,24.0,31.36165388991773,27.7,0,0.0,Sunny,Clear skies
2026-03-27T20:00,27.1,32.9,85,0.888888888888889,146,4.388888888888889,1009.2,0.0,15.0,,24.4,30.477646357715702,27.1,0,0.0,Sunny,Clear skies
2026-03-27T21:00,26.7,31.0,84,3.0,232,5.111111111111111,1010.1,0.0,15.0,,23.7,29.400446017891106,26.7,0,0.0,Sunny,Clear skies
2026-03-27T22:00,26.0,30.1,82,2.4166666666666665,263,5.111111111111111,1010.7,0.0,15.0,,22.7,26.0,26.0,0,0.0,Sunny,Clear skies
2026-03-27T23:00,25.3,30.1,86,1.1111111111111112,249,4.194444444444445,1010.5,0.0,12.6,,22.8,25.3,25.3,48,0.0,Partly Cloudy,Mainly clear
2026-03-28T00:00,25.2,30.3,86,0.4722222222222222,229,1.3888888888888888,1009.8,0.0,12.9,,22.8,25.2,25.2,42,0.0,Partly Cloudy,Mainly clear
2026-03-28T01:00,24.8,30.0,88,0.11111111111111112,333,0.6944444444444444,1009.1,0.0,11.7,,22.6,24.8,24.8,66,0.0,Partly Cloudy,Partly cloudy
2026-03-28T02:00,24.3,29.4,89,0.11111111111111112,333,0.38888888888888884,1008.4,0.0,11.95,,22.4,24.3,24.3,61,0.0,Partly Cloudy,Partly cloudy
2026-03-28T03:00,23.3,27.8,93,0.7777777777777777,315,1.3888888888888888,1008.4,0.0,13.3,,22.1,23.3,23.3,34,0.0,Partly Cloudy,Mainly clear
2026-03-28T04:00,23.3,27.6,94,1.3333333333333333,315,2.611111111111111,1008.6,0.0,14.2,,22.2,23.3,23.3,16,0.0,Sunny,Clear skies
2026-03-28T05:00,24.9,30.3,90,0.38888888888888884,50,2.611111111111111,1008.7,0.0,15.0,,23.1,24.9,24.9,0,0.0,Sunny,Clear skies
2026-03-28T06:00,25.2,30.5,88,0.6388888888888888,61,0.888888888888889,1009.0,0.0,15.0,,23.2,25.2,25.2,0,1.0,Sunny,Clear skies
2026-03-28T07:00,28.0,33.1,77,1.4166666666666665,45,3.0,1009.8,0.0,5,,23.5,31.6466108724446,28.0,98,109.0,Cloudy,Overcast
2026-03-28T08:00,30.6,34.3,57,1.3611111111111112,36,4.388888888888889,1010.2,0.0,5,,21.2,33.34978949943118,30.6,99,348.0,Cloudy,Overcast
2026-03-28T09:00,31.9,36.2,54,1.0555555555555556,49,4.694444444444444,1010.3,0.0,5,,21.4,35.17155097786444,31.9,100,590.0,Cloudy,Overcast
2026-03-28T10:00,33.3,38.1,48,1.972222222222222,83,6.111111111111111,1009.9,0.0,5,,20.9,36.313316719571155,33.3,98,794.0,Cloudy,Overcast
2026-03-28T11:00,33.7,38.6,49,3.5,91,8.694444444444445,1009.2,0.0,11.2,,21.4,37.42509453003562,33.7,76,929.0,Partly Cloudy,Partly cloudy
2026-03-28T12:00,33.4,37.0,47,5.083333333333333,103,11.5,1008.2,0.0,11.65,,20.5,36.22370662743109,33.4,67,977.0,Partly Cloudy,Partly cloudy
2026-03-28T13:00,33.3,36.1,43,5.166666666666667,113,11.888888888888888,1007.1,0.0,14.7,,19.2,34.97482682251561,33.3,6,957.0,Sunny,Clear skies
2026-03-28T14:00,32.9,36.1,50,5.277777777777778,125,11.61111111111111,1006.1,0.0,14.15,,21.1,36.08838284290449,32.9,17,855.0,Sunny,Clear skies
2026-03-28T15:00,32.3,34.9,52,5.0,153,11.805555555555555,1005.7,0.0,14.45,,21.3,35.44263387673551,32.3,11,685.0,Sunny,Clear skies
2026-03-28T16:00,32.3,33.0,46,5.138888888888888,156,10.88888888888889,1005.2,0.0,14.45,,19.1,33.96073038369554,32.3,11,502.0,Sunny,Clear skies
2026-03-28T17:00,32.3,33.3,46,4.555555555555555,156,10.611111111111112,1005.3,0.0,14.45,,19.1,33.96073038369554,32.3,11,271.0,Sunny,Clear skies
2026-03-28T18:00,31.4,33.9,54,3.555555555555556,169,8.694444444444445,1006.2,0.0,14.7,,20.9,34.1933344015645,31.4,6,61.0,Sunny,Clear skies
2026-03-28T19:00,30.5,33.6,63,4.0,170,7.111111111111112,1007.1,0.0,14.0,,22.6,34.50475153044439,30.5,20,0.0,Partly Cloudy,Mainly clear
2026-03-28T20:00,29.7,32.9,65,3.7222222222222223,197,7.5,1007.9,0.0,14.55,,22.4,33.24516900335123,29.7,9,0.0,Sunny,Clear skies
2026-03-28T21:00,28.7,32.1,66,2.694444444444444,219,6.611111111111111,1008.7,0.0,11.8,,21.7,31.429279656051122,28.7,64,0.0,Partly Cloudy,Partly cloudy
2026-03-28T22:00,27.4,31.7,72,1.1111111111111112,231,4.611111111111112,1008.8,0.0,14.65,,21.9,29.757669571164392,27.4,7,0.0,Sunny,Clear skies
2026-03-28T23:00,27.1,31.3,74,1.4444444444444444,214,1.6944444444444442,1008.5,0.0,14.8,,22.0,29.38606623333116,27.1,4,0.0,Sunny,Clear skies
2026-03-29T00:00,26.5,31.0,77,0.8611111111111112,234,2.388888888888889,1008.0,0.0,14.350000000000001,,22.2,26.5,26.5,13,0.0,Sunny,Clear skies
2026-03-29T01:00,26.2,30.9,78,0.5277777777777778,299,1.3888888888888888,1007.3,0.0,11.0,,22.1,26.2,26.2,80,0.0,Cloudy,Overcast
2026-03-29T02:00,25.6,29.7,80,1.4444444444444444,319,2.1944444444444446,1006.4,0.0,5,,21.9,25.6,25.6,100,0.0,Cloudy,Overcast
2026-03-29T03:00,26.0,29.8,78,1.9166666666666667,303,3.194444444444444,1006.0,0.0,5,,21.8,26.0,26.0,100,0.0,Cloudy,Overcast
2026-03-29T04:00,25.8,29.5,78,1.972222222222222,294,3.5,1006.3,0.0,5,,21.6,25.8,25.8,100,0.0,Cloudy,Overcast
2026-03-29T05:00,25.1,29.6,83,1.0,276,3.3888888888888884,1006.8,0.0,5,,22.1,25.1,25.1,100,0.0,Cloudy,Overcast
2026-03-29T06:00,25.1,29.9,84,0.7222222222222222,304,1.3888888888888888,1007.9,0.0,5,,22.3,25.1,25.1,100,1.0,Cloudy,Overcast
2026-03-29T07:00,27.3,31.8,75,1.3888888888888888,330,3.194444444444444,1008.9,0.0,5,,22.6,29.87757939535119,27.3,100,90.0,Cloudy,Overcast
2026-03-29T08:00,29.6,34.0,67,1.75,13,4.888888888888889,1009.8,0.0,5,,22.8,33.444527163875655,29.6,99,293.0,Cloudy,Overcast
2026-03-29T09:00,31.3,35.8,62,2.4444444444444446,51,6.694444444444445,1010.1,0.0,11.95,,23.2,36.03209503735782,31.3,61,581.0,Partly Cloudy,Partly cloudy
2026-03-29T10:00,32.3,37.4,59,3.4722222222222223,65,8.694444444444445,1009.7,0.0,12.0,,23.2,37.46913364052446,32.3,60,780.0,Partly Cloudy,Partly cloudy
2026-03-29T11:00,32.8,38.5,56,3.3055555555555554,75,9.305555555555555,1009.4,0.0,5,,22.9,37.678634623751115,32.8,81,916.0,Cloudy,Overcast
2026-03-29T12:00,33.5,38.7,51,3.3611111111111107,78,8.805555555555555,1008.4,0.0,13.4,,22.0,37.6340301437778,33.5,32,934.0,Partly Cloudy,Mainly clear
2026-03-29T13:00,33.9,38.6,48,3.944444444444444,82,9.61111111111111,1007.2,0.0,12.55,,21.4,37.52636408605112,33.9,49,959.0,Partly Cloudy,Mainly clear
2026-03-29T14:00,33.6,37.4,48,4.444444444444445,88,10.305555555555555,1005.9,0.0,11.7,,21.1,36.912136212551054,33.6,66,888.0,Partly Cloudy,Partly cloudy
2026-03-29T15:00,33.0,36.1,50,4.527777777777778,98,10.499999999999998,1005.4,0.0,11.35,,21.1,36.288948908444574,33.0,73,746.0,Partly Cloudy,Partly cloudy
2026-03-29T16:00,31.7,35.3,62,4.277777777777778,108,10.305555555555555,1005.6,0.0,11.5,,23.6,36.96690400375789,31.7,70,525.0,Partly Cloudy,Partly cloudy
2026-03-29T17:00,30.6,34.7,69,4.166666666666667,123,9.388888888888888,1005.9,0.0,14.45,,24.3,36.269643046097826,30.6,11,277.0,Sunny,Clear skies
2026-03-29T18:00,29.4,34.1,76,3.4722222222222223,140,8.305555555555555,1006.8,0.0,14.15,,24.8,34.93181968371563,29.4,17,59.0,Sunny,Clear skies
2026-03-29T19:00,28.8,33.8,81,3.5,153,7.388888888888889,1007.5,0.0,14.55,,25.2,34.396202090684426,28.8,9,0.0,Sunny,Clear skies
2026-03-29T20:00,28.5,33.8,81,2.833333333333333,171,6.388888888888888,1007.9,0.0,14.75,,25.0,33.57145439044441,28.5,5,0.0,Sunny,Clear skies
2026-03-29T21:00,28.0,32.9,82,2.9166666666666665,184,5.305555555555556,1008.3,0.0,14.8,,24.6,32.41151006355561,28.0,4,0.0,Sunny,Clear skies
2026-03-29T22:00,27.3,32.5,83,1.9166666666666667,200,5.111111111111111,1008.7,0.0,12.6,,24.2,30.759478947671223,27.3,48,0.0,Partly Cloudy,Mainly clear
2026-03-29T23:00,26.5,31.9,85,1.1944444444444444,255,3.3055555555555554,1008.7,0.0,14.95,,23.8,26.5,26.5,1,0.0,Sunny,Clear skies
2026-03-30T00:00,25.9,31.2,87,1.1388888888888888,319,2.1944444444444446,1008.3,0.0,14.95,,23.6,25.9,25.9,1,0.0,Sunny,Clear skies
2026-03-30T01:00,25.3,30.5,91,1.4444444444444444,4,2.694444444444444,1007.6,0.0,14.8,,23.8,25.3,25.3,4,0.0,Sunny,Clear skies
2026-03-30T02:00,25.5,30.8,93,1.8888888888888888,17,3.3888888888888884,1006.9,0.0,14.9,,24.3,25.5,25.5,2,0.0,Sunny,Clear skies
2026-03-30T03:00,25.9,31.3,93,2.0277777777777777,30,3.5,1006.6,0.0,5,,24.6,25.9,25.9,92,0.0,Cloudy,Overcast
2026-03-30T04:00,26.2,31.6,91,2.2222222222222223,34,3.888888888888889,1006.6,0.0,5,,24.7,26.2,26.2,96,0.0,Cloudy,Overcast
2026-03-30T05:00,26.4,32.1,93,2.1666666666666665,37,4.0,1007.6,0.0,14.2,,25.1,26.4,26.4,16,0.0,Sunny,Clear skies
2026-03-30T06:00,26.4,32.5,93,1.6666666666666665,61,3.8055555555555554,1008.3,0.0,5,,25.3,26.4,26.4,83,1.0,Cloudy,Overcast
2026-03-30T07:00,28.6,34.7,81,1.472222222222222,66,3.6944444444444446,1009.3,0.0,12.2,,25.1,33.84350347660441,28.6,56,108.0,Partly Cloudy,Partly cloudy
2026-03-30T08:00,30.2,35.2,70,2.111111111111111,102,5.694444444444445,1009.9,0.0,14.55,,24.1,35.53015708339572,30.2,9,334.0,Sunny,Clear skies
2026-03-30T09:00,31.3,36.0,64,2.5277777777777777,107,6.805555555555555,1010.6,0.0,14.100000000000001,,23.7,36.594702233135585,31.3,18,561.0,Sunny,Clear skies
2026-03-30T10:00,32.1,37.4,61,3.3888888888888884,104,8.5,1010.8,0.0,13.35,,23.7,37.61993891131561,32.1,33,770.0,Partly Cloudy,Mainly clear
2026-03-30T11:00,32.9,38.6,58,4.166666666666667,93,9.88888888888889,1010.4,0.0,11.75,,23.7,38.57172601929564,32.9,65,921.0,Partly Cloudy,Partly cloudy
2026-03-30T12:00,32.8,38.5,57,4.472222222222222,100,10.611111111111112,1009.8,0.0,12.0,,23.3,38.00142272919115,32.8,60,996.0,Partly Cloudy,Partly cloudy
2026-03-30T13:00,32.7,37.8,57,4.861111111111111,107,11.194444444444443,1008.8,0.0,12.55,,23.0,37.768539085591215,32.7,49,979.0,Partly Cloudy,Mainly clear
2026-03-30T14:00,32.7,37.5,57,4.916666666666666,117,11.194444444444443,1007.9,0.0,11.2,,23.0,37.768539085591215,32.7,76,917.0,Partly Cloudy,Partly cloudy
2026-03-30T15:00,31.9,36.1,61,4.916666666666666,130,11.194444444444443,1007.4,0.0,14.4,,23.4,37.14161818651551,31.9,12,751.0,Sunny,Clear skies
2026-03-30T16:00,31.1,34.6,65,4.472222222222222,148,10.88888888888889,1007.0,0.0,12.4,,23.6,36.39686013167114,31.1,52,537.0,Partly Cloudy,Partly cloudy
2026-03-30T17:00,30.7,34.0,64,4.416666666666667,166,9.694444444444445,1007.4,0.0,5,,23.1,35.19379478073566,30.7,92,288.0,Cloudy,Overcast
2026-03-30T18:00,29.9,33.5,68,3.9722222222222223,168,8.694444444444445,1007.9,0.0,5,,23.4,34.33203095058457,29.9,100,64.0,Cloudy,Overcast
2026-03-30T19:00,29.1,32.8,73,4.111111111111112,183,7.611111111111111,1008.4,0.0,5,,23.7,33.534611769395596,29.1,100,0.0,Cloudy,Overcast
2026-03-30T20:00,28.5,32.6,75,3.194444444444444,184,7.305555555555555,1009.2,0.0,5,,23.6,32.49167065711113,28.5,100,0.0,Cloudy,Overcast
2026-03-30T21:00,27.9,32.2,79,3.138888888888889,189,5.694444444444445,1009.6,0.0,5,,23.8,31.70355495307562,27.9,97,0.0,Cloudy,Overcast
2026-03-30T22:00,27.2,31.5,80,2.888888888888889,195,5.5,1010.1,0.0,5,,23.6,30.189306303217805,27.2,98,0.0,Cloudy,Overcast
2026-03-30T23:00,26.7,31.2,79,1.8611111111111112,207,5.0,1009.5,0.0,15.0,,22.9,29.011609843635508,26.7,0,0.0,Sunny,Clear skies
2026-03-31T00:00,25.8,30.3,82,1.25,209,3.194444444444444,1008.7,0.0,15.0,,22.4,25.8,25.8,0,0.0,Sunny,Clear skies
2026-03-31T01:00,25.4,30.2,82,0.38888888888888884,247,2.0,1008.3,0.0,14.95,,22.1,25.4,25.4,1,0.0,Sunny,Clear skies
2026-03-31T02:00,24.7,29.6,85,0.16666666666666666,342,0.6111111111111112,1007.7,0.0,15.0,,22.0,24.7,24.7,0,0.0,Sunny,Clear skies
2026-03-31T03:00,24.3,29.1,88,0.38888888888888884,360,0.8055555555555555,1007.7,0.0,15.0,,22.2,24.3,24.3,0,0.0,Sunny,Clear skies
2026-03-31T04:00,24.8,29.8,86,0.25,360,0.8055555555555555,1007.9,0.0,15.0,,22.3,24.8,24.8,0,0.0,Sunny,Clear skies
2026-03-31T05:00,24.4,29.9,93,0.2777777777777778,329,0.5,1008.2,0.0,14.9,,23.2,24.4,24.4,2,0.0,Sunny,Clear skies
2026-03-31T06:00,24.6,30.2,95,0.6111111111111112,351,1.1944444444444444,1008.7,0.0,14.55,,23.7,24.6,24.6,9,1.0,Sunny,Clear skies
2026-03-31T07:00,27.4,33.6,86,1.0,6,3.1111111111111107,1009.7,0.0,14.3,,24.9,31.3829365958043,27.4,14,104.0,Sunny,Clear skies
2026-03-31T08:00,30.0,35.2,70,1.6666666666666665,80,4.805555555555555,1010.5,0.0,14.350000000000001,,24.0,35.038017555555435,30.0,13,324.0,Sunny,Clear skies
2026-03-31T09:00,31.3,35.5,61,2.4722222222222223,84,6.694444444444445,1011.2,0.1,9.8,,22.9,35.75910990139553,31.3,16,555.0,Light Rain,Light drizzle
2026-03-31T10:00,32.0,36.5,57,3.3611111111111107,87,8.38888888888889,1011.2,0.0,14.25,,22.5,36.19554229911118,32.0,15,739.0,Sunny,Clear skies
2026-03-31T11:00,32.0,37.1,60,4.166666666666667,100,9.5,1010.9,0.0,14.65,,23.2,37.07428412177793,32.0,7,865.0,Sunny,Clear skies
2026-03-31T12:00,32.0,37.6,60,4.194444444444445,108,10.11111111111111,1009.8,0.0,14.75,,23.4,37.07428412177793,32.0,5,931.0,Sunny,Clear skies
2026-03-31T13:00,32.1,37.6,59,4.083333333333333,110,10.305555555555555,1009.0,0.0,14.9,,23.2,37.004347798764535,32.1,2,946.0,Sunny,Clear skies
2026-03-31T14:00,32.1,37.1,59,4.138888888888889,110,10.11111111111111,1007.8,0.0,14.45,,23.1,37.004347798764535,32.1,11,857.0,Sunny,Clear skies
2026-03-31T15:00,31.2,35.0,60,4.25,117,10.305555555555555,1007.2,0.0,14.75,,22.6,35.27418278321781,31.2,5,701.0,Sunny,Clear skies
2026-03-31T16:00,31.3,34.7,60,3.3888888888888884,114,9.805555555555555,1007.2,0.0,14.55,,22.5,35.49167040671781,31.3,9,493.0,Sunny,Clear skies
2026-03-31T17:00,30.7,34.0,60,3.1666666666666665,115,8.11111111111111,1007.3,0.0,14.25,,22.0,34.21899485351784,30.7,15,251.0,Sunny,Clear skies
2026-03-31T18:00,29.2,33.6,70,2.388888888888889,126,6.805555555555555,1008.0,0.0,14.0,,23.2,33.1694285209957,29.2,20,57.0,Partly Cloudy,Mainly clear
2026-03-31T19:00,28.8,33.7,74,2.0277777777777777,134,4.888888888888889,1008.6,0.0,14.9,,23.8,33.01722070359112,28.8,2,0.0,Sunny,Clear skies
2026-03-31T20:00,27.9,33.3,79,1.1666666666666667,137,4.0,1009.2,0.0,14.9,,23.9,31.70355495307562,27.9,2,0.0,Sunny,Clear skies
2026-03-31T21:00,26.8,32.5,84,0.75,157,2.111111111111111,1010.1,0.0,14.95,,24.0,29.63898017559116,26.8,1,0.0,Sunny,Clear skies
2026-03-31T22:00,25.9,31.6,89,0.75,228,1.1944444444444444,1010.9,0.0,15.0,,24.0,25.9,25.9,0,0.0,Sunny,Clear skies
2026-03-31T23:00,26.1,32.3,90,0.16666666666666666,236,2.0,1010.9,0.0,15.0,,24.3,26.1,26.1,0,0.0,Sunny,Clear skies
2026-04-01T00:00,26.0,32.1,90,0.19444444444444442,256,0.6111111111111112,1010.4,0.0,15.0,,24.2,26.0,26.0,0,0.0,Sunny,Clear skies
2026-04-01T01:00,25.4,31.0,91,0.6388888888888888,293,1.3888888888888888,1009.9,0.0,14.05,,23.8,25.4,25.4,19,0.0,Sunny,Clear skies
2026-04-01T02:00,25.2,30.4,90,0.9166666666666666,299,1.8055555555555556,1009.2,0.0,13.75,,23.4,25.2,25.2,25,0.0,Partly Cloudy,Mainly clear
2026-04-01T03:00,25.2,30.1,89,1.472222222222222,327,2.5,1009.0,0.0,14.0,,23.3,25.2,25.2,20,0.0,Partly Cloudy,Mainly clear
2026-04-01T04:00,25.2,29.6,89,2.2777777777777777,346,3.888888888888889,1009.3,0.0,14.3,,23.2,25.2,25.2,14,0.0,Sunny,Clear skies
2026-04-01T05:00,26.2,30.6,82,1.972222222222222,27,4.805555555555555,1009.4,0.0,13.95,,22.9,26.2,26.2,21,0.0,Partly Cloudy,Mainly clear
2026-04-01T06:00,26.3,30.7,83,2.25,17,3.888888888888889,1010.1,0.0,14.5,,23.2,26.3,26.3,10,2.0,Sunny,Clear skies
2026-04-01T07:00,28.0,32.1,75,2.833333333333333,18,5.805555555555555,1010.9,0.0,13.8,,23.1,31.35576789511109,28.0,24,110.0,Partly Cloudy,Mainly clear
2026-04-01T08:00,29.7,32.8,65,3.7222222222222223,41,8.194444444444445,1011.3,0.0,13.35,,22.3,33.24516900335123,29.7,33,339.0,Partly Cloudy,Mainly clear
2026-04-01T09:00,30.9,33.7,59,4.166666666666667,53,9.5,1011.7,0.0,13.5,,21.9,34.39323420356455,30.9,30,567.0,Partly Cloudy,Mainly clear
2026-04-01T10:00,31.3,34.8,58,4.555555555555555,63,10.499999999999998,1011.5,0.2,9.6,,22.0,34.97342834121562,31.3,36,745.0,Light Rain,Light drizzle
2026-04-01T11:00,31.5,35.6,55,4.638888888888888,68,10.88888888888889,1011.3,0.0,14.75,,21.5,34.628743421555555,31.5,5,900.0,Sunny,Clear skies
2026-04-01T12:00,32.3,36.4,49,3.944444444444444,81,10.805555555555555,1010.0,0.0,14.55,,20.1,34.672247941235526,32.3,9,976.0,Sunny,Clear skies
2026-04-01T13:00,32.4,36.6,50,4.361111111111111,87,10.388888888888888,1008.8,0.0,13.25,,20.8,35.112349567004536,32.4,35,961.0,Partly Cloudy,Mainly clear
2026-04-01T14:00,31.9,35.8,53,4.75,93,11.0,1007.6,0.0,13.65,,21.2,34.914690942817906,31.9,27,912.0,Partly Cloudy,Mainly clear
2026-04-01T15:00,31.7,34.4,53,4.805555555555555,94,11.0,1006.9,0.0,14.3,,20.8,34.527163112737895,31.7,14,742.0,Sunny,Clear skies
2026-04-01T16:00,31.2,32.9,54,4.666666666666667,96,10.805555555555555,1006.8,0.0,15.0,,20.6,33.81558301612463,31.2,0,535.0,Sunny,Clear skies
2026-04-01T17:00,30.3,32.2,56,4.361111111111111,109,10.11111111111111,1007.0,0.0,12.35,,20.6,32.59398101725108,30.3,53,287.0,Partly Cloudy,Partly cloudy
2026-04-01T18:00,28.7,31.0,61,3.4444444444444446,100,8.805555555555555,1007.8,0.0,5,,20.5,30.67744141339544,28.7,97,63.0,Cloudy,Overcast
2026-04-01T19:00,29.1,31.6,60,3.333333333333333,102,6.694444444444445,1008.7,0.0,11.65,,20.6,31.203595581837817,29.1,67,0.0,Partly Cloudy,Partly cloudy
2026-04-01T20:00,28.4,31.1,62,2.5833333333333335,98,6.111111111111111,1009.2,0.0,12.0,,20.5,30.3174793156979,28.4,60,0.0,Partly Cloudy,Partly cloudy
2026-04-01T21:00,28.1,31.9,71,2.5555555555555554,90,4.694444444444444,1010.1,0.0,5,,22.3,31.000023693537774,28.1,89,0.0,Cloudy,Overcast
2026-04-01T22:00,27.0,32.4,79,0.2777777777777778,202,4.5,1011.0,0.0,5,,23.0,29.646778983555535,27.0,84,0.0,Cloudy,Overcast
2026-04-01T23:00,26.4,31.5,82,0.9722222222222222,279,3.3888888888888884,1011.3,0.0,13.55,,23.1,26.4,26.4,29,0.0,Partly Cloudy,Mainly clear
2026-04-02T00:00,26.0,30.2,77,1.027777777777778,281,1.8055555555555556,1010.7,0.0,11.8,,21.6,26.0,26.0,64,0.0,Partly Cloudy,Partly cloudy
2026-04-02T01:00,25.7,29.2,72,1.0833333333333333,292,1.8888888888888888,1010.3,0.0,5,,20.3,25.7,25.7,92,0.0,Cloudy,Overcast
2026-04-02T02:00,25.4,28.6,72,1.3333333333333333,312,2.305555555555556,1009.8,0.0,5,,20.0,25.4,25.4,98,0.0,Cloudy,Overcast
2026-04-02T03:00,25.5,28.7,73,1.5555555555555554,331,3.0,1009.5,0.0,5,,20.3,25.5,25.5,98,0.0,Cloudy,Overcast
2026-04-02T04:00,25.4,28.8,77,1.8888888888888888,331,3.1111111111111107,1009.6,0.0,5,,21.0,25.4,25.4,93,0.0,Cloudy,Overcast
2026-04-02T05:00,26.0,29.7,77,1.8611111111111112,355,3.8055555555555554,1009.9,0.0,5,,21.6,26.0,26.0,98,0.0,Cloudy,Overcast
2026-04-02T06:00,26.1,29.6,77,2.1944444444444446,356,3.6944444444444446,1010.6,0.0,5,,21.6,26.1,26.1,99,2.0,Cloudy,Overcast
2026-04-02T07:00,27.8,31.1,69,2.861111111111111,356,5.805555555555555,1011.2,0.0,5,,21.7,30.1629650678577,27.8,98,109.0,Cloudy,Overcast
2026-04-02T08:00,29.5,33.0,65,3.0277777777777777,27,7.194444444444444,1012.2,0.0,5,,22.3,32.83214998511109,29.5,95,323.0,Cloudy,Overcast
2026-04-02T09:00,30.7,34.0,60,3.3888888888888884,45,8.194444444444445,1012.9,0.0,5,,22.2,34.21899485351784,30.7,100,546.0,Cloudy,Overcast
2026-04-02T10:00,31.5,35.4,57,3.9166666666666665,60,9.388888888888888,1012.8,0.0,5,,22.0,35.133246793111226,31.5,97,740.0,Cloudy,Overcast
2026-04-02T11:00,32.3,36.7,54,4.305555555555555,67,10.11111111111111,1012.1,0.0,5,,21.7,35.988929154824376,32.3,94,906.0,Cloudy,Overcast
2026-04-02T12:00,32.5,36.7,52,4.222222222222222,80,10.194444444444445,1011.3,0.0,5,,21.3,35.843125043055615,32.5,97,905.0,Cloudy,Overcast
2026-04-02T13:00,33.0,37.4,49,4.444444444444445,93,10.694444444444445,1010.0,0.0,5,,21.0,36.005812703555605,33.0,95,990.0,Cloudy,Overcast
2026-04-02T14:00,33.0,36.8,48,4.055555555555555,99,10.611111111111112,1008.7,0.0,5,,20.5,35.72990560711124,33.0,92,880.0,Cloudy,Overcast
2026-04-02T15:00,32.8,35.5,48,4.277777777777778,114,9.805555555555555,1008.2,0.0,5,,20.4,35.34952507687112,32.8,98,716.0,Cloudy,Overcast
2026-04-02T16:00,31.5,33.7,56,4.694444444444444,130,10.194444444444445,1008.2,0.0,5,,21.6,34.87812218461116,31.5,88,512.0,Cloudy,Overcast
2026-04-02T17:00,31.2,33.8,59,4.75,128,10.194444444444445,1008.0,0.0,14.5,,22.2,35.017469511324556,31.2,10,273.0,Sunny,Clear skies
2026-04-02T18:00,30.4,33.7,63,3.638888888888889,138,9.305555555555555,1008.8,0.0,14.350000000000001,,22.5,34.28917051068451,30.4,13,60.0,Sunny,Clear skies
2026-04-02T19:00,30.0,33.5,68,4.361111111111111,155,8.11111111111111,1009.3,0.0,5,,23.5,34.56297774444439,30.0,100,0.0,Cloudy,Overcast
2026-04-02T20:00,29.4,33.7,75,3.888888888888889,180,8.11111111111111,1010.5,0.0,5,,24.4,34.704408679271154,29.4,100,0.0,Cloudy,Overcast
2026-04-02T21:00,29.1,34.2,77,2.75,175,7.194444444444444,1011.6,0.0,5,,24.6,34.36423688596448,29.1,98,0.0,Cloudy,Overcast
2026-04-02T22:00,28.7,34.1,79,2.25,180,4.888888888888889,1012.3,0.0,5,,24.8,33.72228658123557,28.7,99,0.0,Cloudy,Overcast
2026-04-02T23:00,27.4,32.9,85,1.972222222222222,131,4.0,1012.6,0.0,5,,24.7,31.256919893315505,27.4,100,0.0,Cloudy,Overcast
2026-04-03T00:00,27.1,32.9,84,0.6666666666666666,153,3.611111111111111,1012.1,2.8,4.4,,24.2,30.37236698493127,27.1,98,0.0,Light Rain,Moderate rain
2026-04-03T01:00,26.3,31.6,90,1.972222222222222,100,3.5,1011.4,2.2,5.6,,24.5,26.3,26.3,99,0.0,Light Rain,Slight rain
2026-04-03T02:00,26.1,31.7,93,2.138888888888889,120,4.194444444444445,1010.5,0.1,9.8,,24.9,26.1,26.1,100,0.0,Light Rain,Light drizzle
2026-04-03T03:00,25.9,31.3,92,2.111111111111111,144,3.888888888888889,1010.1,0.0,5,,24.6,25.9,25.9,100,0.0,Cloudy,Overcast
2026-04-03T04:00,25.5,31.4,93,0.9444444444444444,164,3.611111111111111,1009.9,0.0,5,,24.4,25.5,25.5,99,0.0,Cloudy,Overcast
2026-04-03T05:00,26.2,32.0,93,1.8055555555555556,183,1.6944444444444442,1010.0,0.0,14.15,,24.9,26.2,26.2,17,0.0,Sunny,Clear skies
2026-04-03T06:00,26.5,32.1,91,2.0,179,3.3888888888888884,1010.9,0.0,12.95,,25.0,26.5,26.5,41,2.0,Partly Cloudy,Mainly clear
2026-04-03T07:00,28.4,33.5,80,2.5555555555555554,187,5.194444444444444,1011.8,0.0,12.5,,24.6,33.12197327073792,28.4,50,95.0,Partly Cloudy,Partly cloudy
2026-04-03T08:00,29.6,33.4,68,3.3611111111111107,183,7.5,1012.5,0.0,13.95,,23.0,33.65377375068451,29.6,21,260.0,Partly Cloudy,Mainly clear
2026-04-03T09:00,31.4,35.5,60,2.4722222222222223,172,7.805555555555555,1012.7,0.0,14.600000000000001,,22.8,35.71130804273777,31.4,8,559.0,Sunny,Clear skies
2026-04-03T10:00,32.8,37.9,55,2.611111111111111,149,7.305555555555555,1012.6,0.0,11.85,,22.7,37.36287972099555,32.8,63,755.0,Partly Cloudy,Partly cloudy
2026-04-03T11:00,33.0,38.7,57,3.5833333333333335,129,9.388888888888888,1011.7,0.0,11.3,,23.4,38.47331737911121,33.0,74,891.0,Partly Cloudy,Partly cloudy
2026-04-03T12:00,32.5,37.7,59,4.777777777777778,135,11.0,1010.9,0.1,9.8,,23.5,37.94237669444462,32.5,76,916.0,Light Rain,Light drizzle
2026-04-03T13:00,33.9,38.1,49,4.333333333333333,147,11.194444444444443,1009.7,0.0,11.15,,21.8,37.84634757387563,33.9,77,867.0,Partly Cloudy,Partly cloudy
2026-04-03T14:00,32.9,37.4,54,3.6666666666666665,146,11.305555555555555,1008.7,0.3,9.4,,22.3,37.273004613464565,32.9,91,781.0,Light Rain,Light drizzle
2026-04-03T15:00,32.5,35.6,54,4.777777777777778,148,10.499999999999998,1008.0,0.0,5,,22.1,36.40921988194452,32.5,99,680.0,Cloudy,Overcast
2026-04-03T16:00,32.2,34.6,55,4.666666666666667,162,11.0,1008.1,0.0,5,,22.0,36.05959998099567,32.2,100,482.0,Cloudy,Overcast
2026-04-03T17:00,31.3,34.3,62,4.75,163,10.194444444444445,1008.2,0.0,5,,23.1,36.03209503735782,31.3,92,206.0,Cloudy,Overcast
2026-04-03T18:00,30.2,33.8,68,4.222222222222222,166,9.388888888888888,1009.1,0.0,5,,23.6,35.03216292300459,30.2,95,53.0,Cloudy,Overcast
2026-04-03T19:00,29.4,33.1,71,4.111111111111112,178,7.694444444444444,1009.8,0.0,11.8,,23.7,33.830915835537795,29.4,64,0.0,Partly Cloudy,Partly cloudy
2026-04-03T20:00,29.0,32.6,72,4.222222222222222,190,7.5,1010.7,0.0,13.95,,23.6,33.104471796444386,29.0,21,0.0,Partly Cloudy,Mainly clear
2026-04-03T21:00,28.8,32.6,73,3.8055555555555554,191,7.5,1011.3,0.0,12.7,,23.5,32.832202291715554,28.8,46,0.0,Partly Cloudy,Mainly clear
2026-04-03T22:00,28.5,32.5,75,3.5277777777777777,186,6.805555555555555,1011.8,0.0,14.15,,23.6,32.49167065711113,28.5,17,0.0,Sunny,Clear skies
2026-04-03T23:00,28.6,32.8,75,3.222222222222222,192,6.111111111111111,1011.5,0.0,5,,23.6,32.726856592871215,28.6,100,0.0,Cloudy,Overcast
2026-04-04T00:00,28.5,32.5,75,3.333333333333333,197,5.888888888888888,1010.8,0.0,5,,23.5,32.49167065711113,28.5,100,0.0,Cloudy,Overcast
2026-04-04T01:00,28.1,32.2,76,3.222222222222222,199,5.805555555555555,1010.0,0.0,5,,23.5,31.727669559215542,28.1,100,0.0,Cloudy,Overcast
2026-04-04T02:00,27.6,32.0,78,2.5833333333333335,204,5.611111111111111,1009.2,0.0,5,,23.4,30.865725418417963,27.6,97,0.0,Cloudy,Overcast
2026-04-04T03:00,27.2,31.7,79,2.305555555555556,210,4.388888888888889,1008.6,0.0,5,,23.3,30.084231424035547,27.2,99,0.0,Cloudy,Overcast
2026-04-04T04:00,26.8,31.2,81,2.25,219,4.0,1008.5,0.0,5,,23.2,29.385242455484406,26.8,100,0.0,Cloudy,Overcast
2026-04-04T05:00,26.4,31.3,84,1.75,211,3.888888888888889,1009.0,0.0,5,,23.4,26.4,26.4,98,0.0,Cloudy,Overcast
2026-04-04T06:00,26.3,31.2,84,1.5277777777777777,212,2.888888888888889,1009.6,0.0,5,,23.4,26.3,26.3,100,2.0,Cloudy,Overcast
2026-04-04T07:00,28.4,33.1,74,2.0277777777777777,211,4.5,1010.4,0.0,13.0,,23.4,32.09432399463126,28.4,40,109.0,Partly Cloudy,Mainly clear
2026-04-04T08:00,30.9,34.8,61,2.361111111111111,197,6.0,1010.9,0.0,14.4,,22.4,34.88114928571564,30.9,12,346.0,Sunny,Clear skies
2026-04-04T09:00,33.0,36.3,49,2.138888888888889,196,6.305555555555555,1011.0,0.0,14.2,,20.8,36.005812703555605,33.0,16,587.0,Sunny,Clear skies
2026-04-04T10:00,34.8,38.8,41,1.8611111111111112,180,6.388888888888888,1010.5,0.0,12.65,,19.4,37.14299907948454,34.8,47,784.0,Partly Cloudy,Mainly clear
2026-04-04T11:00,35.3,39.8,41,2.833333333333333,124,7.888888888888888,1009.9,0.0,14.75,,20.0,38.09898897828451,35.3,5,920.0,Sunny,Clear skies
2026-04-04T12:00,35.2,39.8,46,4.694444444444444,130,10.88888888888889,1008.8,0.0,13.5,,21.9,39.616146896195644,35.2,30,967.0,Partly Cloudy,Mainly clear
2026-04-04T13:00,34.2,37.6,48,5.916666666666667,151,12.888888888888888,1008.1,0.2,9.6,,21.7,38.1560003400713,34.2,100,919.0,Light Rain,Light drizzle
2026-04-04T14:00,34.8,37.4,44,5.555555555555555,171,12.999999999999998,1007.0,0.3,9.4,,20.8,38.082842650257945,34.8,82,805.0,Light Rain,Light drizzle
2026-04-04T15:00,34.7,36.4,44,5.805555555555555,165,12.194444444444443,1006.5,0.0,11.35,,20.7,37.88155493735788,34.7,73,676.0,Partly Cloudy,Partly cloudy
2026-04-04T16:00,33.0,34.5,51,6.0,181,12.999999999999998,1006.4,0.1,9.8,,21.5,36.5793142217777,33.0,83,421.0,Light Rain,Light drizzle
2026-04-04T17:00,33.1,36.0,54,4.472222222222222,184,11.888888888888888,1006.5,0.0,5,,22.6,37.716498617864495,33.1,94,200.0,Cloudy,Overcast
2026-04-04T18:00,32.6,35.8,53,2.972222222222222,194,8.61111111111111,1007.4,0.0,5,,21.7,36.33079502241779,32.6,99,43.0,Cloudy,Overcast
2026-04-04T19:00,32.1,35.4,51,1.472222222222222,252,5.194444444444444,1008.3,0.0,13.4,,20.6,34.79570411673779,32.1,32,0.0,Partly Cloudy,Mainly clear
2026-04-04T20:00,29.5,31.3,61,5.166666666666667,301,9.61111111111111,1009.2,0.0,13.05,,21.2,32.08367004955543,29.5,39,0.0,Partly Cloudy,Mainly clear
2026-04-04T21:00,29.3,31.7,63,4.305555555555555,288,9.194444444444445,1009.9,0.0,5,,21.4,32.066693857804566,29.3,91,0.0,Cloudy,Overcast
2026-04-04T22:00,29.4,32.1,64,4.111111111111112,283,7.805555555555555,1010.1,0.0,12.6,,21.9,32.44148537907566,29.4,48,0.0,Partly Cloudy,Mainly clear
2026-04-04T23:00,29.3,32.4,65,3.5833333333333335,276,7.111111111111112,1009.6,0.0,11.25,,22.1,32.42843660975104,29.3,75,0.0,Partly Cloudy,Partly cloudy
2026-04-05T00:00,29.3,32.8,64,2.4444444444444446,265,6.194444444444445,1009.1,0.0,5,,21.8,32.24580919473559,29.3,100,0.0,Cloudy,Overcast
2026-04-05T01:00,29.3,33.0,64,2.0277777777777777,247,4.194444444444445,1008.6,0.0,5,,21.7,32.24580919473559,29.3,86,0.0,Cloudy,Overcast
2026-04-05T02:00,28.1,32.3,69,1.1944444444444444,253,3.3888888888888884,1008.1,0.0,14.0,,21.8,30.72481636009782,28.1,20,0.0,Partly Cloudy,Mainly clear
2026-04-05T03:00,27.6,32.1,70,0.5277777777777778,299,1.6944444444444442,1008.1,0.0,14.2,,21.7,29.912102020515718,27.6,16,0.0,Sunny,Clear skies
2026-04-05T04:00,27.2,31.4,71,0.75,270,1.0,1008.0,0.0,13.65,,21.5,29.290977959217653,27.2,27,0.0,Partly Cloudy,Mainly clear
2026-04-05T05:00,27.0,32.3,78,0.3055555555555556,189,1.3888888888888888,1008.1,0.0,13.1,,22.9,29.554454533777832,27.0,38,0.0,Partly Cloudy,Mainly clear
2026-04-05T06:00,27.2,31.7,75,1.0833333333333333,317,1.3888888888888888,1008.7,0.0,13.6,,22.4,29.677083454151102,27.2,28,2.0,Partly Cloudy,Mainly clear
2026-04-05T07:00,30.3,33.5,58,2.25,309,4.5,1009.4,0.0,14.8,,21.1,32.99469082881564,30.3,4,114.0,Sunny,Clear skies
2026-04-05T08:00,32.9,34.9,47,3.5,296,7.694444444444444,1010.1,0.0,14.600000000000001,,20.0,35.27479440063118,32.9,8,346.0,Sunny,Clear skies
2026-04-05T09:00,35.1,36.8,39,3.6944444444444446,291,8.61111111111111,1010.3,0.0,12.2,,19.2,37.10262772943119,35.1,56,576.0,Partly Cloudy,Partly cloudy
2026-04-05T10:00,36.8,40.2,36,2.4722222222222223,315,8.61111111111111,1009.7,0.0,11.05,,19.1,39.313375861084474,36.8,79,767.0,Partly Cloudy,Partly cloudy
2026-04-05T11:00,37.0,41.7,37,2.2777777777777777,82,7.0,1009.2,0.0,5,,19.9,40.05929366355547,37.0,90,910.0,Cloudy,Overcast
2026-04-05T12:00,34.2,39.5,53,4.75,127,10.694444444444445,1008.5,0.4,9.2,,23.1,39.91665920673792,34.2,87,973.0,Light Rain,Light drizzle
2026-04-05T13:00,35.1,39.2,44,3.4722222222222223,160,11.194444444444443,1007.3,0.0,5,,21.2,38.69607459239785,35.1,94,803.0,Cloudy,Overcast
2026-04-05T14:00,33.5,36.3,55,6.305555555555555,146,12.999999999999998,1006.1,0.0,5,,23.2,38.97300922155554,33.5,100,655.0,Cloudy,Overcast
2026-04-05T15:00,33.9,36.7,48,4.055555555555555,162,13.305555555555555,1005.9,0.0,5,,21.4,37.52636408605112,33.9,100,605.0,Cloudy,Overcast
2026-04-05T16:00,34.1,37.6,47,1.9166666666666667,157,9.11111111111111,1005.9,0.0,5,,21.2,37.62251750943124,34.1,100,386.0,Cloudy,Overcast
2026-04-05T17:00,33.9,38.0,49,1.1388888888888888,131,5.111111111111111,1006.2,0.0,5,,21.7,37.84634757387563,33.9,97,180.0,Cloudy,Overcast
2026-04-05T18:00,32.2,37.9,62,0.4722222222222222,103,2.8055555555555554,1006.9,0.0,5,,23.9,38.18538774865798,32.2,99,51.0,Cloudy,Overcast
2026-04-05T19:00,31.2,38.0,72,0.6388888888888888,32,1.0,1007.5,0.0,5,,25.5,38.7794773401246,31.2,96,0.0,Cloudy,Overcast
2026-04-05T20:00,30.7,36.6,70,1.1944444444444444,336,1.8055555555555556,1008.0,0.0,5,,24.6,36.804242374095615,30.7,91,0.0,Cloudy,Overcast
2026-04-05T21:00,31.3,33.9,53,3.138888888888889,303,5.0,1008.7,0.0,5,,20.7,33.77487189993787,31.3,98,0.0,Cloudy,Overcast
2026-04-05T22:00,31.0,33.2,57,4.444444444444445,289,7.805555555555555,1009.0,0.0,5,,21.3,34.12201264311117,31.0,99,0.0,Cloudy,Overcast
2026-04-05T23:00,30.4,33.5,61,3.6944444444444446,286,7.805555555555555,1009.0,0.0,5,,22.1,33.83287403731556,30.4,95,0.0,Cloudy,Overcast
2026-04-06T00:00,30.0,33.1,63,3.861111111111111,287,6.694444444444445,1008.6,0.0,11.2,,22.3,33.44940924444435,30.0,76,0.0,Partly Cloudy,Partly cloudy
2026-04-06T01:00,29.6,32.6,65,3.9722222222222223,293,7.0,1008.1,0.0,12.85,,22.4,33.03749628887102,29.6,43,0.0,Partly Cloudy,Mainly clear
2026-04-06T02:00,29.3,32.0,65,4.0,286,7.111111111111112,1008.0,0.0,12.85,,21.9,32.42843660975104,29.3,43,0.0,Partly Cloudy,Mainly clear
2026-04-06T03:00,29.3,31.6,62,4.361111111111111,279,7.611111111111111,1007.7,0.0,13.5,,21.3,31.89109059895784,29.3,30,0.0,Partly Cloudy,Mainly clear
2026-04-06T04:00,29.1,31.1,63,4.722222222222222,285,8.305555555555555,1007.8,0.0,13.35,,21.3,31.691938850284536,29.1,33,0.0,Partly Cloudy,Mainly clear
2026-04-06T05:00,29.2,31.9,65,4.111111111111112,288,8.305555555555555,1008.0,0.0,5,,22.0,32.23006953815122,29.2,84,0.0,Cloudy,Overcast
2026-04-06T06:00,29.4,32.4,64,3.3888888888888884,298,7.305555555555555,1008.6,0.0,5,,21.8,32.44148537907566,29.4,91,2.0,Cloudy,Overcast
2026-04-06T07:00,30.7,34.2,59,2.694444444444444,342,5.888888888888888,1009.8,0.0,5,,21.9,33.98764884692456,30.7,99,116.0,Cloudy,Overcast
2026-04-06T08:00,31.8,35.6,58,2.8055555555555554,5,6.694444444444445,1010.8,0.0,5,,22.6,36.04073898291552,31.8,93,310.0,Cloudy,Overcast
2026-04-06T09:00,32.4,36.3,57,2.944444444444444,42,7.5,1011.7,0.0,5,,22.9,37.08214288023129,32.4,93,549.0,Cloudy,Overcast
2026-04-06T10:00,31.5,35.1,61,4.333333333333333,63,10.0,1011.9,0.0,11.65,,23.1,36.21120368155552,31.5,67,620.0,Partly Cloudy,Partly cloudy
2026-04-06T11:00,31.1,36.9,63,2.4444444444444446,62,10.0,1012.1,0.0,12.05,,23.2,35.845619555884475,31.1,59,800.0,Partly Cloudy,Partly cloudy
2026-04-06T12:00,32.8,39.3,58,2.388888888888889,75,7.111111111111112,1011.0,0.0,11.5,,23.4,38.3312440373155,32.8,70,894.0,Partly Cloudy,Partly cloudy
2026-04-06T13:00,32.7,38.8,59,3.194444444444444,86,8.805555555555555,1009.8,0.0,5,,23.6,38.42407696052456,32.7,83,909.0,Cloudy,Overcast
2026-04-06T14:00,32.8,38.1,56,2.861111111111111,109,8.5,1008.3,0.0,5,,23.0,37.678634623751115,32.8,99,778.0,Cloudy,Overcast
2026-04-06T15:00,33.1,37.3,55,2.9166666666666665,125,7.694444444444444,1008.0,0.1,9.8,,22.9,38.04111502731559,33.1,100,616.0,Light Rain,Light drizzle
2026-04-06T16:00,32.0,35.9,61,3.611111111111111,170,8.194444444444445,1008.4,0.0,5,,23.5,37.37968575955562,32.0,100,386.0,Cloudy,Overcast
2026-04-06T17:00,32.1,36.7,67,4.138888888888889,155,8.0,1007.7,0.0,5,,25.1,39.61894470987566,32.1,100,141.0,Cloudy,Overcast
2026-04-06T18:00,31.0,35.8,71,3.8333333333333335,167,8.194444444444445,1008.7,0.0,5,,25.1,37.90283037377779,31.0,100,47.0,Cloudy,Overcast
2026-04-06T19:00,30.4,35.7,74,3.2777777777777777,168,7.0,1009.6,0.0,5,,25.4,37.13039167383119,30.4,100,0.0,Cloudy,Overcast
2026-04-06T20:00,30.1,36.2,76,1.777777777777778,162,5.805555555555555,1010.3,0.0,5,,25.4,36.846262757615605,30.1,100,0.0,Cloudy,Overcast
2026-04-06T21:00,29.6,36.7,81,0.4722222222222222,103,3.1111111111111107,1010.8,0.0,5,,25.9,36.72166910380433,29.6,98,0.0,Cloudy,Overcast
2026-04-06T22:00,29.0,36.1,83,0.5,349,0.6944444444444444,1011.1,0.0,5,,25.9,35.40801243511108,29.0,98,0.0,Cloudy,Overcast
2026-04-06T23:00,29.4,34.2,71,1.8333333333333333,296,3.3888888888888884,1010.5,0.0,5,,23.5,33.830915835537795,29.4,100,0.0,Cloudy,Overcast
2026-04-07T00:00,29.4,33.4,69,2.694444444444444,294,4.305555555555555,1010.0,0.0,5,,23.0,33.41586011809787,29.4,100,0.0,Cloudy,Overcast
2026-04-07T01:00,29.3,32.4,66,3.8055555555555554,279,6.611111111111111,1009.1,0.0,5,,22.3,32.61457610285114,29.3,100,0.0,Cloudy,Overcast
2026-04-07T02:00,29.0,31.6,64,3.9722222222222223,280,6.888888888888889,1008.5,0.0,5,,21.5,31.67252914755559,29.0,100,0.0,Cloudy,Overcast
2026-04-07T03:00,28.9,30.5,58,4.055555555555555,288,7.0,1008.2,0.0,5,,19.8,30.573637958495713,28.9,100,0.0,Cloudy,Overcast
2026-04-07T04:00,28.8,29.7,53,3.9166666666666665,292,7.0,1008.4,0.0,5,,18.2,29.760727833937747,28.8,100,0.0,Cloudy,Overcast
2026-04-07T05:00,28.5,30.1,58,3.5277777777777777,301,6.805555555555555,1008.9,0.0,5,,19.3,29.956732777055564,28.5,100,0.0,Cloudy,Overcast
2026-04-07T06:00,28.5,30.0,57,3.7777777777777777,305,6.388888888888888,1009.7,0.0,5,,19.2,29.831762233111096,28.5,100,3.0,Cloudy,Overcast
2026-04-07T07:00,29.9,31.7,55,3.75,313,7.111111111111112,1010.4,0.0,5,,19.8,31.7207000897156,29.9,100,101.0,Cloudy,Overcast
2026-04-07T08:00,32.4,34.1,47,3.944444444444444,319,8.305555555555555,1011.3,0.0,5,,19.7,34.36774750983119,32.4,100,316.0,Cloudy,Overcast
2026-04-07T09:00,33.8,36.7,46,2.611111111111111,334,8.38888888888889,1011.3,0.0,5,,20.7,36.71405648259565,33.8,100,511.0,Cloudy,Overcast
2026-04-07T10:00,35.4,40.0,43,1.4444444444444444,16,6.805555555555555,1010.8,0.0,5,,20.7,38.970880569795554,35.4,100,741.0,Cloudy,Overcast
2026-04-07T11:00,35.8,41.6,45,2.305555555555556,74,6.694444444444445,1010.2,0.0,5,,22.1,40.564905637884515,35.8,100,899.0,Cloudy,Overcast
2026-04-07T12:00,35.9,41.4,46,3.5833333333333335,78,9.61111111111111,1009.3,0.0,5,,22.5,41.18751464001566,35.9,100,943.0,Cloudy,Overcast
2026-04-07T13:00,36.1,41.3,46,4.027777777777778,85,10.305555555555555,1008.1,0.0,5,,22.6,41.65121022441566,36.1,100,934.0,Cloudy,Overcast
2026-04-07T14:00,34.7,39.8,52,4.138888888888889,122,10.194444444444445,1007.4,0.5,9.0,,23.5,40.7396536303356,34.7,100,831.0,Light Rain,Moderate drizzle
2026-04-07T15:00,34.2,38.4,53,3.194444444444444,145,9.694444444444445,1007.2,0.0,5,,23.3,39.91665920673792,34.2,100,597.0,Cloudy,Overcast
2026-04-07T16:00,33.5,37.3,56,3.861111111111111,140,8.61111111111111,1006.9,0.0,5,,23.6,39.327044904611135,33.5,100,471.0,Cloudy,Overcast
2026-04-07T17:00,32.3,35.7,57,3.6944444444444446,150,8.694444444444445,1006.8,0.0,5,,22.7,36.85742905359111,32.3,100,246.0,Cloudy,Overcast
2026-04-07T18:00,30.9,35.4,69,3.5277777777777777,157,7.388888888888889,1007.7,0.0,5,,24.5,37.038550158497976,30.9,100,51.0,Cloudy,Overcast
2026-04-07T19:00,30.3,35.5,71,2.25,149,6.305555555555555,1008.4,0.0,5,,24.5,36.04156691321779,30.3,100,0.0,Cloudy,Overcast
2026-04-07T20:00,29.7,35.2,72,1.027777777777778,145,3.888888888888889,1008.7,0.0,5,,24.0,34.775369480424466,29.7,100,0.0,Cloudy,Overcast
2026-04-07T21:00,29.4,35.2,73,0.41666666666666663,111,1.611111111111111,1009.3,0.0,5,,24.0,34.26043202259561,29.4,92,0.0,Cloudy,Overcast
2026-04-07T22:00,28.7,34.6,76,0.5277777777777778,49,0.8055555555555555,1009.7,0.0,5,,24.1,33.14976863769547,28.7,91,0.0,Cloudy,Overcast
2026-04-07T23:00,28.1,34.1,80,0.5833333333333334,345,1.1111111111111112,1009.7,0.0,5,,24.3,32.35054599903777,28.1,100,0.0,Cloudy,Overcast
2026-04-08T00:00,27.9,33.6,81,1.1111111111111112,339,2.111111111111111,1008.9,0.0,5,,24.3,31.999362965804615,27.9,100,0.0,Cloudy,Overcast
2026-04-08T01:00,27.4,32.9,82,1.3055555555555556,332,2.388888888888889,1008.1,0.0,5,,24.1,30.888032432675573,27.4,99,0.0,Cloudy,Overcast
2026-04-08T02:00,27.2,31.6,77,1.9166666666666667,313,3.194444444444444,1007.5,0.0,5,,22.8,29.878027129724483,27.2,100,0.0,Cloudy,Overcast
2026-04-08T03:00,27.0,30.6,73,2.3333333333333335,310,4.111111111111112,1007.1,0.0,5,,21.8,29.10937171155569,27.0,88,0.0,Cloudy,Overcast
2026-04-08T04:00,26.9,30.2,71,2.3333333333333335,310,4.0,1007.4,0.0,11.55,,21.3,28.766896533537704,26.9,69,0.0,Partly Cloudy,Partly cloudy
2026-04-08T05:00,27.4,29.3,65,3.8055555555555554,304,5.305555555555556,1007.9,0.0,5,,20.1,29.057278482471045,27.4,98,0.0,Cloudy,Overcast
2026-04-08T06:00,27.8,29.3,62,4.277777777777778,296,7.388888888888889,1008.2,0.0,5,,19.8,29.368350200657826,27.8,89,3.0,Cloudy,Overcast
2026-04-08T07:00,29.3,31.4,59,3.888888888888889,308,7.5,1009.3,0.0,5,,20.4,31.385353290924552,29.3,97,123.0,Cloudy,Overcast
2026-04-08T08:00,31.8,34.2,53,3.8333333333333335,321,8.194444444444445,1010.1,0.0,5,,21.0,34.71997850913791,31.8,100,357.0,Cloudy,Overcast
2026-04-08T09:00,33.7,37.0,49,2.8055555555555554,343,8.305555555555555,1010.4,0.0,5,,21.5,37.42509453003562,33.7,99,590.0,Cloudy,Overcast
2026-04-08T10:00,34.9,39.7,46,2.2777777777777777,49,7.111111111111112,1010.5,0.0,5,,21.4,38.967259197215576,34.9,100,782.0,Cloudy,Overcast
2026-04-08T11:00,35.0,39.8,45,3.3888888888888884,70,8.61111111111111,1009.9,0.0,5,,21.5,38.831431944444496,35.0,99,907.0,Cloudy,Overcast
2026-04-08T12:00,35.0,39.7,45,3.861111111111111,77,9.388888888888888,1009.0,0.0,5,,21.4,38.831431944444496,35.0,98,946.0,Cloudy,Overcast
2026-04-08T13:00,35.0,39.2,44,3.888888888888889,81,9.388888888888888,1008.0,0.0,5,,20.9,38.49010247777781,35.0,85,910.0,Cloudy,Overcast
2026-04-08T14:00,34.9,38.3,43,4.0,87,9.388888888888888,1006.9,0.0,12.95,,20.4,37.95850059019548,34.9,41,818.0,Partly Cloudy,Mainly clear
2026-04-08T15:00,34.3,36.8,46,4.25,99,9.5,1006.2,0.0,13.8,,21.0,37.71368391489563,34.3,24,626.0,Partly Cloudy,Mainly clear
2026-04-08T16:00,33.1,36.6,56,3.9722222222222223,121,9.5,1006.3,0.0,11.5,,23.1,38.37305828317113,33.1,70,479.0,Partly Cloudy,Partly cloudy
2026-04-08T17:00,32.4,36.8,63,4.0,148,9.388888888888888,1006.3,0.0,13.85,,24.6,39.02948434908452,32.4,23,269.0,Partly Cloudy,Mainly clear
2026-04-08T18:00,31.0,35.2,66,3.5,167,8.11111111111111,1007.6,0.0,11.75,,23.9,36.434542467111115,31.0,65,56.0,Partly Cloudy,Partly cloudy
2026-04-08T19:00,30.8,35.7,66,1.9166666666666667,171,6.388888888888888,1008.6,0.0,14.65,,23.7,35.94971575175119,30.8,7,0.0,Sunny,Clear skies
2026-04-08T20:00,30.7,35.5,66,1.8055555555555556,152,3.3055555555555554,1009.3,0.0,14.55,,23.5,35.71084428485127,30.7,9,0.0,Sunny,Clear skies
2026-04-08T21:00,29.7,35.4,73,1.3333333333333333,169,3.194444444444444,1010.1,0.0,14.9,,24.4,35.00966305131568,29.7,2,0.0,Sunny,Clear skies
2026-04-08T22:00,29.2,35.2,77,0.8055555555555555,259,2.305555555555556,1010.6,0.0,15.0,,24.6,34.62770470732472,29.2,0,0.0,Sunny,Clear skies
2026-04-08T23:00,29.2,34.1,72,2.0277777777777777,301,3.3888888888888884,1010.6,0.0,12.05,,23.7,33.5690343825246,29.2,59,0.0,Partly Cloudy,Partly cloudy
2026-04-09T00:00,29.0,33.2,71,2.5,316,4.388888888888889,1009.8,0.0,5,,23.1,32.91427161377768,29.0,98,0.0,Cloudy,Overcast
2026-04-09T01:00,28.4,32.2,71,2.7777777777777777,304,5.194444444444444,1009.1,0.0,5,,22.6,31.615306090737747,28.4,95,0.0,Cloudy,Overcast
2026-04-09T02:00,27.8,31.4,72,2.9166666666666665,303,5.111111111111111,1008.5,0.0,5,,22.3,30.53275371692448,27.8,94,0.0,Cloudy,Overcast
2026-04-09T03:00,27.6,31.5,74,2.5,338,5.111111111111111,1008.8,0.0,5,,22.5,30.375005817031226,27.6,99,0.0,Cloudy,Overcast
2026-04-09T04:00,27.4,31.0,74,2.9166666666666665,353,5.111111111111111,1009.1,0.0,5,,22.4,29.971525281031088,27.4,95,0.0,Cloudy,Overcast
2026-04-09T05:00,26.7,31.6,81,1.1111111111111112,291,5.305555555555556,1009.5,0.0,14.350000000000001,,23.1,29.16479601988442,26.7,13,0.0,Sunny,Clear skies
2026-04-09T06:00,27.4,32.1,77,1.4166666666666665,302,2.1944444444444446,1010.3,0.0,13.45,,23.0,30.303762154364392,27.4,31,3.0,Partly Cloudy,Mainly clear
2026-04-09T07:00,29.7,33.8,67,2.4444444444444446,314,5.0,1010.9,0.0,5,,22.9,33.66275226123558,29.7,100,118.0,Cloudy,Overcast
2026-04-09T08:00,32.0,35.6,56,2.694444444444444,320,6.611111111111111,1011.6,0.0,5,,22.2,35.91511605511118,32.0,98,350.0,Cloudy,Overcast
2026-04-09T09:00,34.2,38.0,48,1.8333333333333333,323,6.611111111111111,1011.8,0.0,5,,21.5,38.1560003400713,34.2,100,584.0,Cloudy,Overcast
2026-04-09T10:00,35.7,40.5,40,0.6111111111111112,42,5.694444444444445,1011.3,0.0,5,,20.1,38.551172739695566,35.7,100,734.0,Cloudy,Overcast
2026-04-09T11:00,35.9,40.6,42,2.861111111111111,97,6.888888888888889,1010.9,0.0,5,,21.0,39.65263537039782,35.9,100,869.0,Cloudy,Overcast
2026-04-09T12:00,34.0,39.4,55,4.111111111111112,120,9.694444444444445,1010.3,0.4,9.2,,23.7,40.18220269155552,34.0,98,866.0,Light Rain,Light drizzle
2026-04-09T13:00,33.5,39.3,56,3.333333333333333,147,9.805555555555555,1009.6,1.0,8.0,,23.5,39.327044904611135,33.5,93,861.0,Light Rain,Dense drizzle
2026-04-09T14:00,33.5,37.7,56,5.194444444444444,130,11.0,1008.1,0.0,5,,23.6,39.327044904611135,33.5,100,775.0,Cloudy,Overcast
2026-04-09T15:00,33.6,37.3,52,4.027777777777778,145,11.694444444444445,1007.7,0.0,5,,22.4,38.178839683875566,33.6,99,687.0,Cloudy,Overcast
2026-04-09T16:00,33.5,37.3,53,3.0555555555555554,146,9.0,1007.2,0.0,11.8,,22.8,38.288086951777764,33.5,64,501.0,Partly Cloudy,Partly cloudy
2026-04-09T17:00,33.0,36.8,58,4.083333333333333,149,7.111111111111112,1007.4,0.0,14.8,,23.8,38.81428645155561,33.0,4,267.0,Sunny,Clear skies
2026-04-09T18:00,31.2,37.4,76,3.083333333333333,150,8.11111111111111,1008.4,0.0,11.0,,26.5,40.12215923619569,31.2,80,58.0,Cloudy,Overcast
2026-04-09T19:00,30.8,37.1,78,3.0555555555555554,157,5.5,1009.1,0.0,5,,26.6,39.542285762737876,30.8,86,0.0,Cloudy,Overcast
2026-04-09T20:00,30.9,35.3,65,2.611111111111111,181,5.388888888888888,1009.8,0.0,5,,23.5,35.91870161327123,30.9,92,0.0,Cloudy,Overcast
2026-04-09T21:00,30.0,34.2,63,1.3055555555555556,227,4.5,1010.7,0.0,5,,22.1,33.44940924444435,30.0,100,0.0,Cloudy,Overcast
2026-04-09T22:00,29.0,33.3,67,1.6388888888888888,297,2.611111111111111,1011.0,0.0,13.25,,22.3,32.1854918875556,29.0,35,0.0,Partly Cloudy,Mainly clear
2026-04-09T23:00,28.9,32.9,70,2.4722222222222223,308,4.305555555555555,1010.6,0.0,14.9,,22.8,32.50994487721562,28.9,2,0.0,Sunny,Clear skies
2026-04-10T00:00,28.8,32.6,68,2.5833333333333335,307,4.611111111111112,1010.0,0.0,14.55,,22.4,31.95203121660449,28.8,9,0.0,Sunny,Clear skies
2026-04-10T01:00,28.3,32.3,70,2.305555555555556,303,4.388888888888889,1009.4,0.0,13.15,,22.4,31.258456716495616,28.3,37,0.0,Partly Cloudy,Mainly clear
2026-04-10T02:00,27.8,31.8,73,2.361111111111111,302,4.111111111111112,1008.6,0.0,5,,22.6,30.65991518931551,27.8,100,0.0,Cloudy,Overcast
2026-04-10T03:00,27.3,31.6,76,2.055555555555556,304,4.0,1008.5,0.0,5,,22.7,29.982842629295558,27.3,100,0.0,Cloudy,Overcast
2026-04-10T04:00,26.8,31.3,79,1.6944444444444442,317,3.5,1008.8,0.0,5,,22.9,29.220531620835587,26.8,100,0.0,Cloudy,Overcast
2026-04-10T05:00,26.4,30.9,80,1.5,320,3.0,1009.2,0.0,5,,22.7,26.4,26.4,96,0.0,Cloudy,Overcast
2026-04-10T06:00,26.7,31.3,79,1.472222222222222,332,2.694444444444444,1009.9,0.0,12.95,,22.8,29.011609843635508,26.7,41,4.0,Partly Cloudy,Mainly clear
2026-04-10T07:00,29.1,33.9,70,1.25,353,3.5,1011.0,0.0,14.65,,23.0,32.94710141281545,29.1,7,125.0,Sunny,Clear skies
2026-04-10T08:00,31.8,36.4,59,1.5277777777777777,41,4.611111111111112,1012.1,0.0,14.850000000000001,,22.7,36.323026308924454,31.8,3,361.0,Sunny,Clear skies
2026-04-10T09:00,33.3,37.6,54,2.694444444444444,75,7.0,1012.8,0.0,14.850000000000001,,22.8,38.16772704802459,33.3,3,595.0,Sunny,Clear skies
2026-04-10T10:00,33.7,39.0,56,3.555555555555556,80,8.805555555555555,1012.4,0.0,14.850000000000001,,23.6,39.8160761048511,33.7,3,788.0,Sunny,Clear skies
2026-04-10T11:00,33.9,39.6,54,3.8055555555555554,95,9.5,1012.0,0.0,14.4,,23.4,39.5678188930645,33.9,12,913.0,Sunny,Clear skies
2026-04-10T12:00,33.7,39.4,55,4.166666666666667,96,9.88888888888889,1011.2,0.0,15.0,,23.3,39.45077651259559,33.7,0,974.0,Sunny,Clear skies
2026-04-10T13:00,33.5,39.0,55,4.527777777777778,113,10.388888888888888,1010.2,0.0,14.55,,23.3,38.97300922155554,33.5,9,966.0,Sunny,Clear skies
2026-04-10T14:00,33.3,38.0,55,4.611111111111112,126,10.499999999999998,1008.9,0.0,14.4,,22.9,38.50312205979564,33.3,12,875.0,Sunny,Clear skies
2026-04-10T15:00,32.8,36.8,58,5.027777777777778,133,10.88888888888889,1008.5,0.0,14.15,,23.4,38.3312440373155,32.8,17,719.0,Sunny,Clear skies
2026-04-10T16:00,31.9,35.1,62,5.249999999999999,143,11.0,1008.5,0.0,14.8,,23.8,37.447634496797896,31.9,4,511.0,Sunny,Clear skies
2026-04-10T17:00,30.8,34.8,71,5.166666666666667,152,11.0,1009.3,0.0,5,,24.9,37.358374012017684,30.8,94,269.0,Cloudy,Overcast
2026-04-10T18:00,29.8,33.9,75,5.0,168,10.194444444444445,1010.1,0.0,14.600000000000001,,25.0,35.75722778935101,29.8,8,57.0,Sunny,Clear skies
2026-04-10T19:00,29.5,34.1,77,4.194444444444445,188,9.11111111111111,1010.8,0.0,15.0,,25.1,35.43451908244443,29.5,0,0.0,Sunny,Clear skies
2026-04-10T20:00,29.0,33.5,78,3.944444444444444,200,7.611111111111111,1011.5,0.0,5,,24.8,34.3129170017778,29.0,88,0.0,Cloudy,Overcast
2026-04-10T21:00,28.7,32.8,77,4.111111111111112,212,7.305555555555555,1012.3,0.0,5,,24.3,33.33771711892448,28.7,100,0.0,Cloudy,Overcast
2026-04-10T22:00,28.5,32.7,75,3.2499999999999996,217,7.194444444444444,1012.7,0.0,14.3,,23.7,32.49167065711113,28.5,14,0.0,Sunny,Clear skies
2026-04-10T23:00,28.5,33.0,75,2.611111111111111,234,5.694444444444445,1012.1,0.0,5,,23.7,32.49167065711113,28.5,100,0.0,Cloudy,Overcast
2026-04-11T00:00,27.8,32.9,77,1.1388888888888888,182,4.5,1011.4,0.0,5,,23.4,31.188054025724462,27.8,91,0.0,Cloudy,Overcast
2026-04-11T01:00,27.8,32.4,77,2.0833333333333335,163,3.611111111111111,1010.8,0.0,11.3,,23.4,31.188054025724462,27.8,74,0.0,Partly Cloudy,Partly cloudy
2026-04-11T02:00,27.9,32.3,78,2.972222222222222,140,4.805555555555555,1010.4,0.0,5,,23.7,31.558732671517816,27.9,98,0.0,Cloudy,Overcast
2026-04-11T03:00,27.9,32.3,78,3.138888888888889,158,5.694444444444445,1010.1,0.0,5,,23.8,31.558732671517816,27.9,98,0.0,Cloudy,Overcast
2026-04-11T04:00,27.7,32.1,79,3.0,182,5.388888888888888,1010.0,0.0,5,,23.8,31.226884740435462,27.7,100,0.0,Cloudy,Overcast
2026-04-11T05:00,26.8,32.7,92,1.8611111111111112,211,5.111111111111111,1010.1,0.0,5,,25.3,30.354753375591233,26.8,83,0.0,Cloudy,Overcast
2026-04-11T06:00,26.8,32.5,89,1.5555555555555554,243,3.194444444444444,1010.8,0.0,5,,24.8,30.079666957457718,26.8,89,4.0,Cloudy,Overcast
2026-04-11T07:00,28.8,34.2,76,1.3333333333333333,295,3.611111111111111,1011.3,0.0,14.55,,24.1,33.39624172419558,28.8,9,114.0,Sunny,Clear skies
2026-04-11T08:00,31.5,36.3,61,1.4444444444444444,333,4.694444444444444,1011.6,0.0,14.75,,23.0,36.21120368155552,31.5,5,351.0,Sunny,Clear skies
2026-04-11T09:00,33.9,36.8,44,2.25,24,6.388888888888888,1011.8,0.0,13.5,,20.0,36.32746605479784,33.9,30,594.0,Partly Cloudy,Mainly clear
2026-04-11T10:00,34.8,38.5,43,3.1666666666666665,59,8.11111111111111,1011.2,0.0,5,,20.4,37.760594990115564,34.8,100,791.0,Cloudy,Overcast
2026-04-11T11:00,34.3,39.0,49,4.111111111111112,77,9.88888888888889,1011.1,0.0,5,,22.1,38.709845595635635,34.3,95,893.0,Cloudy,Overcast
2026-04-11T12:00,34.2,39.1,50,4.111111111111112,91,10.0,1010.1,0.0,12.5,,22.4,38.83508636428456,34.2,50,910.0,Partly Cloudy,Partly cloudy
2026-04-11T13:00,33.9,38.8,53,4.055555555555555,103,9.88888888888889,1009.1,0.0,5,,22.9,39.20731744521778,33.9,100,848.0,Cloudy,Overcast
2026-04-11T14:00,33.3,36.7,52,4.0,112,9.805555555555555,1007.8,0.0,5,,22.0,37.51950270193562,33.3,91,660.0,Cloudy,Overcast
2026-04-11T15:00,33.2,36.7,55,4.527777777777778,119,10.0,1007.3,0.0,14.7,,22.9,38.27113352739552,33.2,6,641.0,Sunny,Clear skies
2026-04-11T16:00,32.4,35.7,58,4.388888888888889,125,10.305555555555555,1007.2,0.0,14.2,,23.2,37.39010061219566,32.4,16,504.0,Sunny,Clear skies
2026-04-11T17:00,31.3,35.1,64,4.083333333333333,139,9.5,1007.5,0.0,14.9,,23.7,36.594702233135585,31.3,2,267.0,Sunny,Clear skies
2026-04-11T18:00,30.0,34.1,74,4.888888888888889,138,9.305555555555555,1008.2,0.0,15.0,,24.9,36.03886131111113,30.0,0,58.0,Sunny,Clear skies
2026-04-11T19:00,29.3,33.6,73,3.138888888888889,147,9.305555555555555,1009.0,0.0,13.4,,23.8,34.015890740915644,29.3,32,0.0,Partly Cloudy,Mainly clear
2026-04-11T20:00,29.0,34.2,80,3.2777777777777777,161,5.611111111111111,1009.6,0.0,12.25,,25.2,34.74134887377771,29.0,55,0.0,Partly Cloudy,Partly cloudy
2026-04-11T21:00,28.4,33.8,84,3.083333333333333,173,6.111111111111111,1010.0,0.0,12.1,,25.4,33.858638320231194,28.4,58,0.0,Partly Cloudy,Partly cloudy
2026-04-11T22:00,27.9,33.7,85,1.972222222222222,204,5.305555555555556,1010.4,0.0,12.15,,25.1,32.61563278971564,27.9,57,0.0,Partly Cloudy,Partly cloudy
2026-04-11T23:00,27.5,33.2,84,1.472222222222222,260,3.3888888888888884,1010.1,0.0,11.95,,24.6,31.39171284861114,27.5,61,0.0,Partly Cloudy,Partly cloudy
2026-04-12T00:00,26.9,32.6,85,0.9166666666666666,292,2.611111111111111,1009.5,0.0,15.0,,24.1,29.97311158491559,26.9,0,0.0,Sunny,Clear skies
2026-04-12T01:00,26.3,32.0,87,0.6666666666666666,324,1.611111111111111,1008.9,0.0,15.0,,24.0,26.3,26.3,0,0.0,Sunny,Clear skies
2026-04-12T02:00,25.9,31.3,89,1.1666666666666667,340,2.1944444444444446,1008.1,0.0,14.95,,24.0,25.9,25.9,1,0.0,Sunny,Clear skies
2026-04-12T03:00,25.6,30.9,91,1.472222222222222,352,2.611111111111111,1007.9,0.0,14.65,,24.0,25.6,25.6,7,0.0,Sunny,Clear skies
2026-04-12T04:00,25.8,30.8,89,1.8888888888888888,343,3.3888888888888884,1007.8,0.0,14.45,,23.8,25.8,25.8,11,0.0,Sunny,Clear skies
2026-04-12T05:00,26.2,31.0,87,2.2777777777777777,351,3.6944444444444446,1008.5,0.0,14.55,,23.9,26.2,26.2,9,0.0,Sunny,Clear skies
2026-04-12T06:00,26.7,31.9,88,2.5,1,4.305555555555555,1009.2,0.0,14.350000000000001,,24.6,29.725604718015436,26.7,13,4.0,Sunny,Clear skies
2026-04-12T07:00,29.1,34.5,79,2.5277777777777777,9,5.5,1009.8,0.0,14.55,,25.0,34.798882861875526,29.1,9,123.0,Sunny,Clear skies
2026-04-12T08:00,31.0,35.5,64,2.5,52,6.305555555555555,1010.5,0.0,14.2,,23.5,35.883937127555576,31.0,16,349.0,Sunny,Clear skies
2026-04-12T09:00,32.0,36.0,60,3.2499999999999996,70,7.888888888888888,1010.9,0.1,9.8,,23.3,37.07428412177793,32.0,16,559.0,Light Rain,Light drizzle
2026-04-12T10:00,32.5,37.3,59,3.8055555555555554,80,9.305555555555555,1010.7,0.0,11.85,,23.5,37.94237669444462,32.5,63,744.0,Partly Cloudy,Partly cloudy
2026-04-12T11:00,33.0,38.5,57,4.083333333333333,104,9.694444444444445,1009.9,0.0,11.0,,23.5,38.47331737911121,33.0,80,897.0,Cloudy,Overcast
2026-04-12T12:00,33.4,38.8,55,4.388888888888889,111,10.499999999999998,1009.0,0.0,14.4,,23.0,38.73708062451562,33.4,12,971.0,Sunny,Clear skies
2026-04-12T13:00,33.5,38.9,54,4.388888888888889,122,10.499999999999998,1007.8,0.0,14.9,,23.0,38.62668990394449,33.5,2,957.0,Sunny,Clear skies
2026-04-12T14:00,33.2,38.1,55,4.416666666666667,124,10.611111111111112,1006.8,0.0,15.0,,23.0,38.27113352739552,33.2,0,880.0,Sunny,Clear skies
2026-04-12T15:00,32.9,37.3,56,3.7777777777777777,125,10.388888888888888,1006.5,0.0,15.0,,23.0,37.90810286197111,32.9,0,726.0,Sunny,Clear skies
2026-04-12T16:00,32.2,36.3,59,2.888888888888889,126,9.0,1006.4,0.0,5,,23.2,37.23568356812457,32.2,91,517.0,Cloudy,Overcast
2026-04-12T17:00,31.8,35.7,59,2.694444444444444,115,7.305555555555555,1007.0,0.0,5,,22.7,36.323026308924454,31.8,96,267.0,Cloudy,Overcast
2026-04-12T18:00,30.1,35.1,70,2.388888888888889,139,5.888888888888888,1007.5,0.0,5,,24.1,35.28283770601565,30.1,91,55.0,Cloudy,Overcast
2026-04-12T19:00,29.5,34.6,76,2.8055555555555554,161,5.611111111111111,1008.5,0.0,5,,24.8,35.197205917055406,29.5,94,0.0,Cloudy,Overcast
2026-04-12T20:00,29.2,34.3,76,2.4722222222222223,189,5.305555555555556,1008.7,0.0,5,,24.6,34.409152851395646,29.2,100,0.0,Cloudy,Overcast
2026-04-12T21:00,28.7,33.4,79,3.611111111111111,199,6.305555555555555,1009.6,0.0,5,,24.8,33.72228658123557,28.7,100,0.0,Cloudy,Overcast
2026-04-12T22:00,28.1,33.2,84,3.4722222222222223,198,6.388888888888888,1010.1,0.0,5,,25.2,33.00965332533117,28.1,100,0.0,Cloudy,Overcast
2026-04-12T23:00,28.3,33.9,83,2.388888888888889,196,6.194444444444445,1009.8,0.0,5,,25.2,33.3912979260712,28.3,99,0.0,Cloudy,Overcast
2026-04-13T00:00,28.1,33.7,84,2.4166666666666665,210,4.305555555555555,1009.3,0.0,5,,25.1,33.00965332533117,28.1,83,0.0,Cloudy,Overcast
2026-04-13T01:00,27.7,33.0,84,2.4444444444444446,223,4.305555555555555,1009.0,0.0,5,,24.8,31.919170116691127,27.7,100,0.0,Cloudy,Overcast
2026-04-13T02:00,27.2,32.7,84,1.2222222222222223,243,4.194444444444445,1008.4,0.0,11.45,,24.2,30.62275736679103,27.2,71,0.0,Partly Cloudy,Partly cloudy
2026-04-13T03:00,26.6,32.1,85,0.9166666666666666,257,2.0,1008.4,0.0,5,,23.9,26.6,26.6,99,0.0,Cloudy,Overcast
2026-04-13T04:00,26.5,32.4,86,0.25,270,1.3888888888888888,1008.4,0.0,5,,23.9,26.5,26.5,100,0.0,Cloudy,Overcast
2026-04-13T05:00,26.7,32.9,90,0.75,143,1.0,1009.1,0.0,5,,24.8,29.892880654984303,26.7,100,0.0,Cloudy,Overcast
2026-04-13T06:00,27.6,33.4,86,1.8611111111111112,153,3.1111111111111107,1010.0,0.0,5,,25.1,31.93061203580463,27.6,100,4.0,Cloudy,Overcast
2026-04-13T07:00,29.6,34.9,73,1.6944444444444442,192,4.111111111111112,1010.9,0.0,5,,24.2,34.75731817779557,29.6,97,119.0,Cloudy,Overcast
2026-04-13T08:00,31.6,36.1,59,1.3888888888888888,180,4.888888888888889,1011.5,0.0,5,,22.7,35.87938349756454,31.6,98,361.0,Cloudy,Overcast
2026-04-13T09:00,33.0,37.2,52,1.5833333333333333,139,5.305555555555556,1011.7,0.0,5,,21.9,36.876908643555666,33.0,96,566.0,Cloudy,Overcast
2026-04-13T10:00,34.1,38.6,49,2.972222222222222,113,7.805555555555555,1011.3,0.0,5,,21.8,38.27459792907557,34.1,100,777.0,Cloudy,Overcast
2026-04-13T11:00,34.7,39.6,47,3.4444444444444446,103,10.11111111111111,1010.8,0.0,5,,21.8,38.886808189591115,34.7,100,886.0,Cloudy,Overcast
2026-04-13T12:00,34.7,39.2,46,4.472222222222222,100,10.499999999999998,1009.9,0.0,5,,21.5,38.54285260449561,34.7,96,971.0,Cloudy,Overcast
2026-04-13T13:00,34.4,38.3,45,4.611111111111112,103,10.88888888888889,1008.7,0.0,11.4,,20.7,37.59849836300438,34.4,72,955.0,Partly Cloudy,Partly cloudy
2026-04-13T14:00,34.0,37.6,48,5.027777777777778,109,11.305555555555555,1007.6,0.0,11.75,,21.4,37.73453079511117,34.0,65,870.0,Partly Cloudy,Partly cloudy
2026-04-13T15:00,33.3,36.9,54,5.222222222222222,122,11.5,1007.1,0.0,12.1,,22.8,38.16772704802459,33.3,58,733.0,Partly Cloudy,Partly cloudy
2026-04-13T16:00,32.5,35.5,58,5.027777777777778,134,11.38888888888889,1007.3,0.0,5,,23.2,37.62226879305571,32.5,98,501.0,Cloudy,Overcast
2026-04-13T17:00,31.1,34.7,67,5.111111111111111,143,10.88888888888889,1007.8,0.0,5,,24.2,36.96948016347562,31.1,99,267.0,Cloudy,Overcast
2026-04-13T18:00,29.6,33.5,74,4.833333333333333,163,10.694444444444445,1008.7,0.0,5,,24.5,34.989489361831104,29.6,100,55.0,Cloudy,Overcast
2026-04-13T19:00,29.3,33.1,75,4.805555555555555,166,9.388888888888888,1009.8,0.0,5,,24.4,34.447875054551176,29.3,100,0.0,Cloudy,Overcast
2026-04-13T20:00,29.3,33.6,76,3.9722222222222223,169,9.0,1010.5,0.0,5,,24.6,34.669135328495585,29.3,99,0.0,Cloudy,Overcast
2026-04-13T21:00,28.8,33.3,77,3.4722222222222223,174,7.305555555555555,1011.0,0.0,5,,24.4,33.59024433292454,28.8,100,0.0,Cloudy,Overcast
2026-04-13T22:00,28.3,33.2,78,2.4444444444444446,181,6.111111111111111,1011.0,0.0,5,,24.1,32.521498294237915,28.3,100,0.0,Cloudy,Overcast
2026-04-13T23:00,28.3,33.6,79,1.8055555555555556,203,4.194444444444445,1010.4,0.0,5,,24.3,32.690510611635645,28.3,100,0.0,Cloudy,Overcast
2026-04-14T00:00,28.1,33.8,81,1.3611111111111112,188,3.1111111111111107,1009.6,0.0,5,,24.5,32.511926185004484,28.1,100,0.0,Cloudy,Overcast
2026-04-14T01:00,27.7,33.4,83,1.472222222222222,170,2.388888888888889,1009.2,0.0,5,,24.6,31.777025115671115,27.7,99,0.0,Cloudy,Overcast
2026-04-14T02:00,27.6,33.0,83,2.0,161,3.3888888888888884,1008.7,0.0,5,,24.6,31.51824089575132,27.6,100,0.0,Cloudy,Overcast
2026-04-14T03:00,27.4,32.9,84,1.777777777777778,155,3.3888888888888884,1008.4,0.0,5,,24.5,31.132430298631007,27.4,100,0.0,Cloudy,Overcast
2026-04-14T04:00,27.0,32.7,87,1.5833333333333333,162,3.0,1008.6,0.0,5,,24.7,30.42506920577787,27.0,100,0.0,Cloudy,Overcast
2026-04-14T05:00,27.2,32.9,88,2.138888888888889,177,2.8055555555555554,1009.0,0.0,14.55,,25.1,31.077250905315484,27.2,9,0.0,Sunny,Clear skies
2026-04-14T06:00,27.5,33.5,89,2.1944444444444446,184,4.0,1009.8,0.0,12.8,,25.6,32.06282782777793,27.5,44,5.0,Partly Cloudy,Mainly clear
2026-04-14T07:00,29.3,35.1,80,2.25,184,5.0,1010.6,0.0,12.8,,25.4,35.58929720511786,29.3,44,127.0,Partly Cloudy,Mainly clear
2026-04-14T08:00,31.3,36.1,64,2.2777777777777777,170,6.194444444444445,1011.2,0.0,14.2,,23.8,36.594702233135585,31.3,16,368.0,Sunny,Clear skies
2026-04-14T09:00,33.1,37.2,52,2.0833333333333335,143,6.194444444444445,1011.7,0.0,13.9,,22.0,37.089246338175606,33.1,22,601.0,Partly Cloudy,Mainly clear
2026-04-14T10:00,34.1,38.8,49,3.083333333333333,120,8.0,1011.5,0.0,14.9,,22.0,38.27459792907557,34.1,2,795.0,Sunny,Clear skies
2026-04-14T11:00,34.4,39.0,47,4.194444444444445,116,10.194444444444445,1010.9,0.0,14.0,,21.6,38.24712708903111,34.4,20,930.0,Partly Cloudy,Mainly clear
2026-04-14T12:00,34.5,38.5,44,4.555555555555555,114,10.694444444444445,1010.2,0.0,5,,20.4,37.483663913277866,34.5,98,998.0,Cloudy,Overcast
2026-04-14T13:00,34.6,37.9,40,4.611111111111112,117,10.805555555555555,1008.7,0.0,5,,19.2,36.48458500131561,34.6,100,988.0,Cloudy,Overcast
2026-04-14T14:00,34.2,37.2,42,4.527777777777778,119,10.88888888888889,1007.6,0.0,5,,19.3,36.32016244705788,34.2,100,893.0,Cloudy,Overcast
2026-04-14T15:00,33.7,36.3,46,4.611111111111112,127,10.388888888888888,1006.9,0.0,5,,20.3,36.519042120095605,33.7,100,739.0,Cloudy,Overcast
2026-04-14T16:00,33.0,34.8,50,5.111111111111111,143,10.805555555555555,1006.7,0.0,5,,21.1,36.288948908444574,33.0,100,522.0,Cloudy,Overcast
2026-04-14T17:00,31.7,34.6,59,4.444444444444445,145,10.805555555555555,1007.1,0.0,5,,22.6,36.1001477517244,31.7,100,268.0,Cloudy,Overcast
2026-04-14T18:00,30.4,33.8,63,3.611111111111111,160,8.61111111111111,1007.9,0.0,5,,22.7,34.28917051068451,30.4,96,57.0,Cloudy,Overcast
2026-04-14T19:00,29.7,34.0,72,3.5,171,7.0,1008.8,0.0,14.25,,24.0,34.775369480424466,29.7,15,0.0,Sunny,Clear skies
2026-04-14T20:00,29.1,34.1,80,3.5277777777777777,187,6.305555555555555,1009.3,0.0,14.55,,25.2,35.021164204237834,29.1,9,0.0,Sunny,Clear skies
2026-04-14T21:00,28.5,33.4,81,3.638888888888889,196,6.611111111111111,1010.2,0.0,15.0,,25.0,33.57145439044441,28.5,0,0.0,Sunny,Clear skies
2026-04-14T22:00,28.3,33.2,81,3.1666666666666665,206,6.388888888888888,1010.4,0.0,14.95,,24.7,33.03595665988453,28.3,1,0.0,Sunny,Clear skies
2026-04-14T23:00,28.2,33.6,83,2.4444444444444446,211,5.611111111111111,1010.0,0.0,15.0,,24.9,33.11492299447119,28.2,0,0.0,Sunny,Clear skies
2026-04-15T00:00,28.0,33.4,82,2.1944444444444446,201,4.305555555555555,1009.0,0.0,14.95,,24.7,32.41151006355561,28.0,1,0.0,Sunny,Clear skies
2026-04-15T01:00,27.7,32.8,82,2.1666666666666665,203,3.8055555555555554,1008.3,0.0,14.95,,24.3,31.63672407753552,27.7,1,0.0,Sunny,Clear skies
2026-04-15T02:00,27.3,32.3,83,2.1666666666666665,206,3.888888888888889,1007.7,0.0,14.9,,24.2,30.759478947671223,27.3,2,0.0,Sunny,Clear skies
2026-04-15T03:00,26.9,31.8,84,2.055555555555556,219,3.8055555555555554,1007.4,0.0,14.850000000000001,,23.9,29.880478389331,26.9,3,0.0,Sunny,Clear skies
2026-04-15T04:00,26.0,31.3,88,1.2777777777777777,249,3.5,1007.4,0.0,14.75,,23.8,26.0,26.0,5,0.0,Sunny,Clear skies
2026-04-15T05:00,25.7,31.1,90,1.027777777777778,256,2.1944444444444446,1008.0,0.0,14.600000000000001,,23.8,25.7,25.7,8,0.0,Sunny,Clear skies
2026-04-15T06:00,26.2,31.6,87,1.0555555555555556,251,1.6944444444444442,1008.5,0.0,14.600000000000001,,23.8,26.2,26.2,8,5.0,Sunny,Clear skies
2026-04-15T07:00,28.8,34.4,74,0.6944444444444444,266,3.0,1009.0,0.0,14.850000000000001,,23.8,33.01722070359112,28.8,3,126.0,Sunny,Clear skies
2026-04-15T08:00,31.5,37.1,62,0.4722222222222222,13,3.611111111111111,1009.6,0.0,14.9,,23.5,36.495057517277935,31.5,2,365.0,Sunny,Clear skies
2026-04-15T09:00,33.6,38.2,50,1.0555555555555556,95,4.694444444444444,1009.6,0.0,14.95,,21.8,37.52986117420437,33.6,1,603.0,Sunny,Clear skies
2026-04-15T10:00,34.7,39.4,47,2.9166666666666665,107,7.694444444444444,1009.0,0.0,14.15,,21.9,38.886808189591115,34.7,17,784.0,Sunny,Clear skies
2026-04-15T11:00,34.4,39.7,51,4.138888888888889,118,10.694444444444445,1009.0,0.0,14.7,,22.8,39.6473973579377,34.4,6,929.0,Sunny,Clear skies
2026-04-15T12:00,34.5,39.8,51,4.583333333333333,127,10.805555555555555,1007.9,0.0,14.8,,23.0,39.88022217177785,34.5,4,977.0,Sunny,Clear skies
2026-04-15T13:00,34.6,39.3,50,4.916666666666666,132,11.305555555555555,1006.8,0.0,15.0,,22.5,39.74096589340445,34.6,0,970.0,Sunny,Clear skies
2026-04-15T14:00,34.3,38.4,50,5.083333333333333,136,11.5,1005.8,0.0,15.0,,22.3,39.05887654138452,34.3,0,881.0,Sunny,Clear skies
2026-04-15T15:00,33.6,36.8,53,5.527777777777778,143,11.888888888888888,1005.3,0.0,14.850000000000001,,22.5,38.51504901921771,33.6,3,733.0,Sunny,Clear skies
2026-04-15T16:00,32.5,35.6,60,5.416666666666667,152,11.888888888888888,1005.1,0.0,14.15,,23.8,38.269222865277825,32.5,17,514.0,Sunny,Clear skies
2026-04-15T17:00,31.8,35.2,63,4.833333333333333,163,11.38888888888889,1005.4,0.0,14.65,,23.8,37.512626383804495,31.8,7,273.0,Sunny,Clear skies
2026-04-15T18:00,30.5,34.4,69,4.416666666666667,175,9.5,1005.8,0.0,14.9,,24.1,36.01827057577775,30.5,2,60.0,Sunny,Clear skies
2026-04-15T19:00,30.2,34.1,68,3.555555555555556,189,8.38888888888889,1006.7,0.0,15.0,,23.6,35.03216292300459,30.2,0,0.0,Sunny,Clear skies
2026-04-15T20:00,29.4,33.1,70,3.7777777777777777,187,6.694444444444445,1007.5,0.0,15.0,,23.3,33.62158041811558,29.4,0,0.0,Sunny,Clear skies
2026-04-15T21:00,28.9,32.9,74,3.5277777777777777,187,6.694444444444445,1008.1,0.0,15.0,,23.7,33.254532132931104,28.9,0,0.0,Sunny,Clear skies
2026-04-15T22:00,28.4,33.0,76,2.611111111111111,210,6.111111111111111,1008.7,0.0,15.0,,23.8,32.42656064691576,28.4,0,0.0,Sunny,Clear skies
2026-04-15T23:00,28.1,33.0,78,2.055555555555556,202,4.388888888888889,1008.1,0.0,15.0,,23.8,32.03457891831787,28.1,0,0.0,Sunny,Clear skies
2026-04-16T00:00,27.6,32.6,80,1.9444444444444444,203,3.6944444444444446,1007.4,0.0,15.0,,23.8,31.121516145937946,27.6,0,0.0,Sunny,Clear skies
2026-04-16T01:00,26.5,31.7,85,1.5277777777777777,226,3.3888888888888884,1006.8,0.0,15.0,,23.8,26.5,26.5,0,0.0,Sunny,Clear skies
2026-04-16T02:00,25.6,31.0,89,0.9166666666666666,279,2.611111111111111,1006.5,0.0,14.350000000000001,,23.6,25.6,25.6,13,0.0,Sunny,Clear skies
2026-04-16T03:00,25.5,30.9,88,0.6388888888888888,328,1.3055555555555556,1006.3,0.0,13.55,,23.4,25.5,25.5,29,0.0,Partly Cloudy,Mainly clear
2026-04-16T04:00,25.5,30.6,87,0.9722222222222222,336,1.3888888888888888,1006.5,0.0,14.95,,23.1,25.5,25.5,1,0.0,Sunny,Clear skies
2026-04-16T05:00,25.8,30.9,86,1.2777777777777777,306,2.111111111111111,1006.8,0.0,12.85,,23.4,25.8,25.8,43,0.0,Partly Cloudy,Mainly clear
2026-04-16T06:00,26.9,31.5,81,2.305555555555556,300,3.6944444444444446,1007.5,0.0,14.45,,23.5,29.608555705004328,26.9,11,5.0,Sunny,Clear skies
2026-04-16T07:00,29.3,33.8,71,2.5277777777777777,309,5.5,1008.4,0.0,13.45,,23.6,33.597954739617755,29.3,31,138.0,Partly Cloudy,Mainly clear
2026-04-16T08:00,32.0,36.3,59,2.138888888888889,332,6.111111111111111,1009.1,0.0,14.45,,22.9,36.775126332444664,32.0,11,375.0,Sunny,Clear skies
2026-04-16T09:00,33.7,37.7,49,1.972222222222222,47,6.0,1009.7,0.0,14.5,,21.5,37.42509453003562,33.7,10,608.0,Sunny,Clear skies
2026-04-16T10:00,34.2,38.4,49,3.9722222222222223,73,9.305555555555555,1009.5,0.0,14.2,,22.1,38.49134709843549,34.2,16,790.0,Sunny,Clear skies
2026-04-16T11:00,34.9,38.9,45,4.555555555555555,75,11.61111111111111,1008.9,0.0,5,,21.3,38.62194469940445,34.9,100,913.0,Cloudy,Overcast
2026-04-16T12:00,34.9,39.3,45,4.611111111111112,94,10.805555555555555,1008.2,0.0,5,,21.3,38.62194469940445,34.9,100,985.0,Cloudy,Overcast
2026-04-16T13:00,33.7,39.0,57,5.5,116,12.305555555555554,1007.5,0.0,5,,24.0,40.18928596239121,33.7,100,969.0,Cloudy,Overcast
2026-04-16T14:00,33.1,38.0,60,5.583333333333334,129,12.5,1006.5,0.0,5,,24.3,39.7740997706378,33.1,100,860.0,Cloudy,Overcast
2026-04-16T15:00,32.3,36.9,64,5.388888888888888,137,12.194444444444443,1005.9,0.0,5,,24.8,39.11286139833555,32.3,95,715.0,Cloudy,Overcast
2026-04-16T16:00,31.7,35.4,65,5.083333333333333,154,11.61111111111111,1005.7,0.0,13.25,,24.4,37.8871695441513,31.7,35,514.0,Partly Cloudy,Mainly clear
2026-04-16T17:00,31.8,34.9,61,4.888888888888889,165,10.694444444444445,1005.9,0.0,5,,23.3,36.90573619219542,31.8,98,277.0,Cloudy,Overcast
2026-04-16T18:00,30.2,33.8,68,4.305555555555555,177,9.61111111111111,1006.4,0.0,5,,23.6,35.03216292300459,30.2,100,58.0,Cloudy,Overcast
2026-04-16T19:00,29.9,34.2,71,3.6666666666666665,190,8.194444444444445,1007.4,0.0,5,,24.1,35.033721719937866,29.9,100,0.0,Cloudy,Overcast
2026-04-16T20:00,29.3,33.7,75,3.6666666666666665,187,6.694444444444445,1008.1,0.0,5,,24.3,34.447875054551176,29.3,100,0.0,Cloudy,Overcast
2026-04-16T21:00,29.1,33.5,74,3.4722222222222223,184,6.611111111111111,1008.6,0.0,5,,24.1,33.7370596941311,29.1,100,0.0,Cloudy,Overcast
2026-04-16T22:00,29.0,33.5,74,2.75,196,6.111111111111111,1009.4,0.0,5,,23.8,33.494478463111044,29.0,100,0.0,Cloudy,Overcast
2026-04-16T23:00,28.1,33.4,78,1.472222222222222,204,4.694444444444444,1008.9,0.0,5,,23.9,32.03457891831787,28.1,100,0.0,Cloudy,Overcast
2026-04-17T00:00,27.8,33.2,79,1.25,185,2.305555555555556,1008.2,0.0,5,,23.9,31.46381921203556,27.8,100,0.0,Cloudy,Overcast
2026-04-17T01:00,27.0,32.5,84,1.2777777777777777,189,2.0,1007.5,0.0,5,,24.1,30.12494065911114,27.0,100,0.0,Cloudy,Overcast
2026-04-17T02:00,26.2,31.8,89,1.1666666666666667,220,2.0,1007.2,0.0,5,,24.2,26.2,26.2,100,0.0,Cloudy,Overcast
2026-04-17T03:00,25.5,30.9,91,1.3333333333333333,241,2.305555555555556,1007.1,0.0,5,,23.9,25.5,25.5,100,0.0,Cloudy,Overcast
2026-04-17T04:00,25.0,30.4,92,0.8055555555555555,277,2.305555555555556,1007.4,0.0,5,,23.6,25.0,25.0,100,0.0,Cloudy,Overcast
2026-04-17T05:00,25.0,30.8,92,0.22222222222222224,315,1.1944444444444444,1007.4,0.0,5,,23.6,25.0,25.0,100,0.0,Cloudy,Overcast
2026-04-17T06:00,25.5,31.0,88,0.6111111111111112,305,1.5,1008.1,0.0,5,,23.5,25.5,25.5,100,5.0,Cloudy,Overcast
2026-04-17T07:00,28.2,33.6,76,0.7222222222222222,309,2.888888888888889,1009.0,0.0,5,,23.6,31.957931376995493,28.2,100,111.0,Cloudy,Overcast
2026-04-17T08:00,31.0,36.4,63,0.3055555555555556,90,3.1111111111111107,1009.9,0.0,5,,23.1,35.6165008484444,31.0,100,332.0,Cloudy,Overcast
2026-04-17T09:00,33.0,37.3,53,1.6388888888888888,110,5.5,1010.3,0.0,5,,22.3,37.18173217377786,33.0,100,559.0,Cloudy,Overcast
2026-04-17T10:00,34.4,38.9,48,3.0555555555555554,109,8.0,1010.3,0.0,5,,21.8,38.58431805415117,34.4,100,776.0,Cloudy,Overcast
2026-04-17T11:00,34.5,39.0,48,4.25,109,10.11111111111111,1009.9,0.0,5,,21.8,38.80104497461117,34.5,100,929.0,Cloudy,Overcast
2026-04-17T12:00,34.6,38.7,45,4.555555555555555,114,10.694444444444445,1009.2,0.0,5,,21.0,38.003078919804466,34.6,100,948.0,Cloudy,Overcast
2026-04-17T13:00,34.3,38.3,47,4.611111111111112,126,10.805555555555555,1008.1,0.0,5,,21.4,38.03724928239123,34.3,100,903.0,Cloudy,Overcast
2026-04-17T14:00,33.8,37.5,50,4.777777777777778,134,10.88888888888889,1007.1,0.0,5,,21.9,37.95779035708452,33.8,98,810.0,Cloudy,Overcast
2026-04-17T15:00,33.5,37.1,53,4.388888888888889,136,10.88888888888889,1006.6,0.0,5,,22.5,38.288086951777764,33.5,93,687.0,Cloudy,Overcast
2026-04-17T16:00,32.8,36.0,56,4.194444444444445,142,10.0,1006.2,0.0,5,,22.9,37.678634623751115,32.8,87,496.0,Cloudy,Overcast
2026-04-17T17:00,31.3,35.2,64,3.7222222222222223,138,9.305555555555555,1006.6,0.0,5,,23.6,36.594702233135585,31.3,83,258.0,Cloudy,Overcast
2026-04-17T18:00,30.1,34.4,70,3.3055555555555554,148,7.805555555555555,1007.2,0.0,5,,23.9,35.28283770601565,30.1,92,56.0,Cloudy,Overcast
2026-04-17T19:00,29.6,34.3,73,3.0277777777777777,163,6.499999999999999,1008.0,0.0,11.0,,24.3,34.75731817779557,29.6,80,0.0,Cloudy,Overcast
2026-04-17T20:00,29.1,33.9,75,2.6666666666666665,184,5.888888888888888,1008.3,0.0,13.85,,24.3,33.94281318847107,29.1,23,0.0,Partly Cloudy,Mainly clear
2026-04-17T21:00,28.2,33.2,80,2.7777777777777777,210,4.888888888888889,1008.9,0.0,11.0,,24.5,32.60485430961779,28.2,80,0.0,Cloudy,Overcast
2026-04-17T22:00,27.4,32.4,84,2.611111111111111,230,4.888888888888889,1009.3,0.0,5,,24.4,31.132430298631007,27.4,87,0.0,Cloudy,Overcast
2026-04-17T23:00,27.2,32.4,85,2.305555555555556,237,4.611111111111112,1009.3,0.0,5,,24.5,30.73440801939556,27.2,93,0.0,Cloudy,Overcast
2026-04-18T00:00,26.9,32.1,85,1.972222222222222,249,4.111111111111112,1008.7,0.0,14.4,,24.2,29.97311158491559,26.9,12,0.0,Sunny,Clear skies
2026-04-18T01:00,26.1,31.5,88,1.1666666666666667,250,3.3888888888888884,1008.4,0.0,12.85,,24.0,26.1,26.1,43,0.0,Partly Cloudy,Mainly clear
2026-04-18T02:00,25.6,31.2,90,0.6666666666666666,257,1.8888888888888888,1007.9,0.0,12.05,,23.8,25.6,25.6,59,0.0,Partly Cloudy,Partly cloudy
2026-04-18T03:00,25.4,31.1,90,0.2777777777777778,248,1.0,1007.6,0.0,15.0,,23.6,25.4,25.4,0,0.0,Sunny,Clear skies
2026-04-18T04:00,25.0,30.6,91,0.11111111111111112,297,0.5,1007.7,0.0,14.95,,23.4,25.0,25.0,1,0.0,Sunny,Clear skies
2026-04-18T05:00,25.6,31.4,91,0.5,349,0.5,1008.0,0.0,14.9,,24.0,25.6,25.6,2,0.0,Sunny,Clear skies
2026-04-18T06:00,26.3,32.1,87,0.5555555555555556,350,1.1111111111111112,1008.6,0.0,14.850000000000001,,24.0,26.3,26.3,3,6.0,Sunny,Clear skies
2026-04-18T07:00,29.5,34.9,70,0.7222222222222222,12,2.8055555555555554,1009.4,0.0,14.8,,23.4,33.85140520705555,29.5,4,136.0,Sunny,Clear skies
2026-04-18T08:00,31.7,36.2,58,1.3611111111111112,84,4.694444444444444,1010.2,0.0,14.55,,22.4,35.82311995401571,31.7,9,367.0,Sunny,Clear skies
2026-04-18T09:00,32.9,37.1,54,2.138888888888889,91,6.388888888888888,1010.4,0.0,14.45,,22.3,37.273004613464565,32.9,11,595.0,Sunny,Clear skies
2026-04-18T10:00,33.6,38.4,52,2.9166666666666665,93,7.805555555555555,1010.2,0.0,14.5,,22.4,38.178839683875566,33.6,10,753.0,Sunny,Clear skies
2026-04-18T11:00,34.3,39.4,49,3.5277777777777777,97,9.305555555555555,1009.7,0.0,14.850000000000001,,22.0,38.709845595635635,34.3,3,910.0,Sunny,Clear skies
2026-04-18T12:00,34.4,39.3,47,4.111111111111112,104,10.11111111111111,1008.9,0.0,14.9,,21.6,38.24712708903111,34.4,2,985.0,Sunny,Clear skies
2026-04-18T13:00,34.3,38.9,47,4.166666666666667,114,10.305555555555555,1008.0,0.0,14.95,,21.3,38.03724928239123,34.3,1,963.0,Sunny,Clear skies
2026-04-18T14:00,33.9,38.2,48,4.027777777777778,115,10.11111111111111,1007.1,0.0,15.0,,21.5,37.52636408605112,33.9,0,874.0,Sunny,Clear skies
2026-04-18T15:00,33.5,37.2,52,4.361111111111111,124,10.0,1006.6,0.0,14.95,,22.3,37.95720036505558,33.5,1,721.0,Sunny,Clear skies
2026-04-18T16:00,32.6,35.3,56,4.777777777777778,137,10.499999999999998,1005.9,0.0,15.0,,22.6,37.225717092071214,32.6,0,516.0,Sunny,Clear skies
2026-04-18T17:00,31.8,34.6,59,4.777777777777778,152,10.305555555555555,1006.3,0.0,15.0,,22.7,36.323026308924454,31.8,0,275.0,Sunny,Clear skies
2026-04-18T18:00,30.5,33.9,64,3.7777777777777777,158,9.305555555555555,1006.9,0.0,14.95,,22.9,34.74515697105547,30.5,1,59.0,Sunny,Clear skies
2026-04-18T19:00,30.0,33.9,68,3.555555555555556,178,7.194444444444444,1007.4,0.0,15.0,,23.5,34.56297774444439,30.0,0,0.0,Sunny,Clear skies
2026-04-18T20:00,29.3,33.7,72,3.1111111111111107,195,6.611111111111111,1008.3,0.0,15.0,,23.8,33.805166701224486,29.3,0,0.0,Sunny,Clear skies
2026-04-18T21:00,28.7,33.1,75,2.972222222222222,203,5.5,1009.0,0.0,15.0,,23.8,32.96471098975103,28.7,0,0.0,Sunny,Clear skies
2026-04-18T22:00,27.9,32.6,78,2.5555555555555554,208,5.194444444444444,1009.8,0.0,15.0,,23.8,31.558732671517816,27.9,0,0.0,Sunny,Clear skies
2026-04-18T23:00,27.8,32.9,82,2.5277777777777777,218,4.388888888888889,1009.5,0.0,15.0,,24.4,31.892086701635613,27.8,0,0.0,Sunny,Clear skies
2026-04-19T00:00,27.8,32.9,82,2.305555555555556,224,4.5,1008.7,0.0,15.0,,24.4,31.892086701635613,27.8,0,0.0,Sunny,Clear skies
2026-04-19T01:00,27.1,32.4,82,1.3333333333333333,207,3.888888888888889,1008.2,0.0,15.0,,23.9,30.165435128975698,27.1,0,0.0,Sunny,Clear skies
2026-04-19T02:00,26.4,31.6,84,1.1944444444444444,202,2.1944444444444446,1007.6,0.0,15.0,,23.6,26.4,26.4,0,0.0,Sunny,Clear skies
2026-04-19T03:00,25.9,30.9,86,1.4166666666666665,219,2.388888888888889,1007.6,0.0,14.9,,23.3,25.9,25.9,2,0.0,Sunny,Clear skies
2026-04-19T04:00,25.5,30.2,86,1.3333333333333333,236,2.5,1007.8,0.0,14.850000000000001,,22.9,25.5,25.5,3,0.0,Sunny,Clear skies
2026-04-19T05:00,25.6,31.3,91,0.6388888888888888,209,2.1944444444444446,1007.9,0.0,14.95,,23.9,25.6,25.6,1,0.0,Sunny,Clear skies
2026-04-19T06:00,26.1,31.8,88,0.75,228,1.1111111111111112,1008.5,0.0,14.9,,23.9,26.1,26.1,2,6.0,Sunny,Clear skies
2026-04-19T07:00,29.1,34.4,72,1.1944444444444444,204,3.3888888888888884,1009.4,0.0,14.8,,23.6,33.335469414264495,29.1,4,137.0,Sunny,Clear skies
2026-04-19T08:00,31.9,36.3,57,1.25,196,4.611111111111112,1009.9,0.0,14.8,,22.3,35.978998289431225,31.9,4,369.0,Sunny,Clear skies
2026-04-19T09:00,34.0,37.8,45,1.25,151,5.0,1010.2,0.0,14.95,,20.5,36.808529160444465,34.0,1,603.0,Sunny,Clear skies
2026-04-19T10:00,35.4,39.1,40,2.833333333333333,131,7.611111111111111,1009.8,0.0,14.75,,19.9,37.97065470531561,35.4,5,797.0,Sunny,Clear skies
2026-04-19T11:00,35.2,39.2,44,4.583333333333333,123,10.499999999999998,1009.2,0.0,14.100000000000001,,21.1,38.903608174257855,35.2,18,925.0,Sunny,Clear skies
2026-04-19T12:00,34.3,38.5,51,5.833333333333333,129,12.805555555555555,1008.7,0.0,14.4,,22.7,39.416396013217884,34.3,12,961.0,Sunny,Clear skies
2026-04-19T13:00,34.4,37.7,46,5.833333333333333,138,12.999999999999998,1007.8,0.0,14.95,,21.1,37.91852052531554,34.4,1,949.0,Sunny,Clear skies
2026-04-19T14:00,34.0,37.4,49,5.416666666666667,141,12.694444444444445,1006.9,0.0,14.9,,21.6,38.059598087555614,34.0,2,855.0,Sunny,Clear skies
2026-04-19T15:00,33.7,36.4,49,5.277777777777778,147,11.888888888888888,1006.3,0.0,14.95,,21.4,37.42509453003562,33.7,1,722.0,Sunny,Clear skies
2026-04-19T16:00,32.9,35.3,55,5.361111111111112,158,11.61111111111111,1006.0,0.0,15.0,,22.6,37.58698812411554,32.9,0,515.0,Sunny,Clear skies
2026-04-19T17:00,31.9,35.1,60,4.75,163,11.305555555555555,1006.4,0.0,15.0,,23.3,36.84174641063781,31.9,0,272.0,Sunny,Clear skies
2026-04-19T18:00,30.5,33.9,67,4.722222222222222,171,9.388888888888888,1006.9,0.0,15.0,,23.7,35.49480785355552,30.5,0,59.0,Sunny,Clear skies
2026-04-19T19:00,29.8,33.3,71,4.861111111111111,176,9.305555555555555,1007.8,0.0,15.0,,23.9,34.78809382241776,29.8,0,0.0,Sunny,Clear skies
2026-04-19T20:00,29.2,33.2,75,4.5,183,9.0,1008.7,0.0,15.0,,24.4,34.1940098909512,29.2,0,0.0,Sunny,Clear skies
2026-04-19T21:00,28.8,32.8,76,4.333333333333333,191,8.11111111111111,1009.6,0.0,13.85,,24.2,33.39624172419558,28.8,23,0.0,Partly Cloudy,Mainly clear
2026-04-19T22:00,28.5,32.4,77,4.333333333333333,204,7.694444444444444,1009.9,0.0,11.55,,24.0,32.84086814644454,28.5,69,0.0,Partly Cloudy,Partly cloudy
2026-04-19T23:00,28.5,32.4,75,3.944444444444444,206,7.611111111111111,1009.4,0.0,12.65,,23.7,32.49167065711113,28.5,47,0.0,Partly Cloudy,Mainly clear
2026-04-20T00:00,28.2,32.0,74,3.333333333333333,210,6.888888888888889,1008.7,0.0,11.25,,23.1,31.64868504519108,28.2,75,0.0,Partly Cloudy,Partly cloudy
2026-04-20T01:00,27.6,31.6,75,2.5277777777777777,218,5.805555555555555,1008.1,0.0,14.9,,22.8,30.495077985671223,27.6,2,0.0,Sunny,Clear skies
2026-04-20T02:00,26.8,31.1,78,2.111111111111111,234,4.388888888888889,1007.5,0.0,14.95,,22.7,29.13951049713781,26.8,1,0.0,Sunny,Clear skies
2026-04-20T03:00,26.0,30.6,82,1.3055555555555556,252,3.6944444444444446,1007.4,0.0,15.0,,22.7,26.0,26.0,0,0.0,Sunny,Clear skies
2026-04-20T04:00,25.4,30.4,86,0.7222222222222222,258,2.305555555555556,1007.4,0.0,14.95,,22.8,25.4,25.4,1,0.0,Sunny,Clear skies
2026-04-20T05:00,25.8,30.8,83,0.5,204,1.1111111111111112,1007.5,0.0,14.95,,22.6,25.8,25.8,1,0.0,Sunny,Clear skies
2026-04-20T06:00,26.6,32.0,81,0.3611111111111111,172,0.6944444444444444,1008.3,0.0,14.9,,23.1,26.6,26.6,2,6.0,Sunny,Clear skies
2026-04-20T07:00,29.7,35.1,70,0.8055555555555555,150,2.888888888888889,1009.2,0.0,14.9,,23.6,34.31855246569572,29.7,2,140.0,Sunny,Clear skies
2026-04-20T08:00,31.9,37.2,59,0.3333333333333333,51,3.3055555555555554,1009.7,0.0,14.9,,23.0,36.548019169164405,31.9,2,372.0,Sunny,Clear skies
2026-04-20T09:00,33.7,38.2,49,1.0555555555555556,90,4.694444444444444,1009.9,0.0,13.85,,21.6,37.42509453003562,33.7,23,597.0,Partly Cloudy,Mainly clear
2026-04-20T10:00,34.9,38.8,44,3.222222222222222,106,8.11111111111111,1009.7,0.0,13.8,,20.9,38.28569183039781,34.9,24,767.0,Partly Cloudy,Mainly clear
2026-04-20T11:00,34.8,38.9,48,4.805555555555555,115,11.38888888888889,1008.9,0.0,13.7,,22.0,39.46149798967118,34.8,26,884.0,Partly Cloudy,Mainly clear
2026-04-20T12:00,34.6,39.3,50,5.166666666666667,132,11.805555555555555,1007.9,0.0,14.45,,22.8,39.74096589340445,34.6,11,950.0,Sunny,Clear skies
2026-04-20T13:00,35.0,38.9,46,5.416666666666667,141,12.0,1007.0,0.0,14.9,,21.7,39.181918055555634,35.0,2,944.0,Sunny,Clear skies
2026-04-20T14:00,34.2,37.6,50,5.722222222222222,149,12.694444444444445,1006.1,0.0,14.9,,22.2,38.83508636428456,34.2,2,834.0,Sunny,Clear skies
2026-04-20T15:00,34.2,36.5,46,5.5,155,12.5,1005.2,0.0,14.9,,21.0,37.51048434579564,34.2,2,715.0,Sunny,Clear skies
2026-04-20T16:00,33.1,35.6,56,5.666666666666666,162,12.0,1005.2,0.0,14.850000000000001,,23.0,38.37305828317113,33.1,3,494.0,Sunny,Clear skies
2026-04-20T17:00,32.2,34.8,58,5.583333333333334,165,11.694444444444445,1005.5,0.0,15.0,,23.0,36.93199960131567,32.2,0,260.0,Sunny,Clear skies
2026-04-20T18:00,31.0,34.1,64,5.0,173,10.805555555555555,1006.3,0.0,15.0,,23.3,35.883937127555576,31.0,0,56.0,Sunny,Clear skies
2026-04-20T19:00,30.1,33.7,70,5.027777777777778,185,9.61111111111111,1007.4,0.0,14.95,,24.1,35.28283770601565,30.1,1,0.0,Sunny,Clear skies
2026-04-20T20:00,29.5,33.7,76,4.527777777777778,185,9.5,1008.3,0.0,14.95,,24.8,35.197205917055406,29.5,1,0.0,Sunny,Clear skies
2026-04-20T21:00,29.2,33.5,78,4.694444444444444,187,8.5,1009.2,0.0,14.75,,25.0,34.849665458737974,29.2,5,0.0,Sunny,Clear skies
2026-04-20T22:00,28.9,33.2,79,4.5,188,8.38888888888889,1010.0,0.0,14.95,,24.9,34.254982182675676,28.9,1,0.0,Sunny,Clear skies
2026-04-20T23:00,28.9,33.4,78,3.8333333333333335,189,8.0,1009.5,0.0,15.0,,24.7,34.048695196717944,28.9,0,0.0,Sunny,Clear skies
2026-04-21T00:00,28.8,33.3,78,3.9166666666666665,195,6.888888888888889,1008.9,0.0,14.5,,24.6,33.78724167393779,28.8,10,0.0,Sunny,Clear skies
2026-04-21T01:00,28.6,33.0,77,3.638888888888889,198,7.0,1008.2,0.0,14.2,,24.3,33.08792505676448,28.6,16,0.0,Sunny,Clear skies
2026-04-21T02:00,28.2,32.7,79,3.1111111111111107,210,6.388888888888888,1007.3,0.0,12.75,,24.1,32.43956979283552,28.2,45,0.0,Partly Cloudy,Mainly clear
2026-04-21T03:00,27.6,32.3,81,2.7222222222222223,215,5.388888888888888,1006.8,0.0,12.85,,24.0,31.252019241404557,27.6,43,0.0,Partly Cloudy,Mainly clear
2026-04-21T04:00,27.1,31.9,83,2.361111111111111,204,4.694444444444444,1006.9,0.0,14.8,,23.9,30.26829657535116,27.1,4,0.0,Sunny,Clear skies
2026-04-21T05:00,27.0,32.1,86,2.388888888888889,211,4.0,1007.3,0.0,14.55,,24.4,30.323923728444413,27.0,9,0.0,Sunny,Clear skies
2026-04-21T06:00,27.3,32.3,83,2.2222222222222223,228,4.194444444444445,1007.6,0.0,13.05,,24.2,30.759478947671223,27.3,39,6.0,Partly Cloudy,Mainly clear
2026-04-21T07:00,29.2,34.2,73,1.6944444444444442,212,4.388888888888889,1008.2,0.0,14.4,,23.7,33.77395065651566,29.2,12,138.0,Sunny,Clear skies
2026-04-21T08:00,31.6,35.8,57,1.472222222222222,190,4.888888888888889,1008.7,0.0,14.8,,22.0,35.34162098583112,31.6,4,370.0,Sunny,Clear skies
2026-04-21T09:00,33.5,37.4,47,1.25,143,5.111111111111111,1009.0,0.0,14.7,,20.8,36.41851291311118,33.5,6,596.0,Sunny,Clear skies
2026-04-21T10:00,34.8,39.1,45,2.6666666666666665,116,7.305555555555555,1008.7,0.0,14.4,,21.0,38.41405678028449,34.8,12,784.0,Sunny,Clear skies
2026-04-21T11:00,34.1,38.8,51,4.388888888888889,119,10.499999999999998,1008.3,0.4,9.2,,22.5,38.959863731137744,34.1,45,903.0,Light Rain,Light drizzle
2026-04-21T12:00,33.9,38.7,51,4.472222222222222,132,10.88888888888889,1007.6,0.2,9.6,,22.2,38.51062532553786,33.9,57,957.0,Light Rain,Light drizzle
2026-04-21T13:00,35.0,38.8,44,4.666666666666667,134,10.694444444444445,1006.4,0.0,11.5,,21.0,38.49010247777781,35.0,70,906.0,Partly Cloudy,Partly cloudy
2026-04-21T14:00,33.9,37.1,50,5.527777777777778,133,12.305555555555554,1005.8,0.0,5,,21.9,38.17443465370448,33.9,91,814.0,Cloudy,Overcast
2026-04-21T15:00,33.4,36.0,52,5.833333333333333,143,12.305555555555554,1005.5,0.0,11.3,,22.2,37.73742137107563,33.4,74,678.0,Partly Cloudy,Partly cloudy
2026-04-21T16:00,32.4,35.0,57,5.138888888888888,151,12.5,1005.4,0.0,5,,22.7,37.08214288023129,32.4,87,456.0,Cloudy,Overcast
2026-04-21T17:00,31.6,34.0,59,5.527777777777778,171,10.805555555555555,1005.8,0.0,11.8,,22.7,35.87938349756454,31.6,64,245.0,Partly Cloudy,Partly cloudy
2026-04-21T18:00,30.5,33.3,64,5.194444444444444,172,11.0,1006.6,0.0,11.85,,23.0,34.74515697105547,30.5,63,53.0,Partly Cloudy,Partly cloudy
2026-04-21T19:00,30.2,33.7,68,4.694444444444444,179,10.11111111111111,1007.6,0.0,11.7,,23.7,35.03216292300459,30.2,66,0.0,Partly Cloudy,Partly cloudy
2026-04-21T20:00,29.9,33.6,69,4.055555555555555,194,9.11111111111111,1008.5,0.0,11.1,,23.7,34.56179970889785,29.9,78,0.0,Partly Cloudy,Partly cloudy
2026-04-21T21:00,29.6,33.9,71,3.1111111111111107,201,7.805555555555555,1009.0,0.0,5,,23.8,34.30443810833765,29.6,85,0.0,Cloudy,Overcast
2026-04-21T22:00,29.3,33.9,73,2.638888888888889,205,5.611111111111111,1009.5,0.0,5,,23.8,34.015890740915644,29.3,88,0.0,Cloudy,Overcast
2026-04-21T23:00,28.8,33.4,75,2.7222222222222223,206,4.694444444444444,1008.9,0.0,5,,24.0,33.205233847751124,28.8,95,0.0,Cloudy,Overcast
2026-04-22T00:00,28.4,33.1,77,2.5833333333333335,205,4.888888888888889,1008.3,0.0,12.25,,24.0,32.59654638796461,28.4,55,0.0,Partly Cloudy,Partly cloudy
2026-04-22T01:00,28.0,32.9,78,2.0277777777777777,203,4.5,1007.6,0.0,13.85,,23.8,31.79527165377775,28.0,23,0.0,Partly Cloudy,Mainly clear
2026-04-22T02:00,27.5,32.5,80,1.5277777777777777,189,3.5,1007.1,0.0,5,,23.6,30.88421251527777,27.5,95,0.0,Cloudy,Overcast
2026-04-22T03:00,27.1,32.1,82,1.5833333333333333,193,2.694444444444444,1006.8,0.0,11.25,,23.7,30.165435128975698,27.1,75,0.0,Partly Cloudy,Partly cloudy
2026-04-22T04:00,26.8,31.7,83,1.9166666666666667,205,3.3055555555555554,1007.0,0.0,5,,23.7,29.553511406471173,26.8,100,0.0,Cloudy,Overcast
2026-04-22T05:00,26.5,31.5,84,1.4166666666666665,219,3.5,1007.1,0.0,11.1,,23.5,26.5,26.5,78,0.0,Partly Cloudy,Partly cloudy
2026-04-22T06:00,26.9,31.9,82,1.4444444444444444,241,2.611111111111111,1007.5,0.0,5,,23.5,29.698200449375552,26.9,95,7.0,Cloudy,Overcast
2026-04-22T07:00,29.2,34.5,71,0.6666666666666666,243,2.888888888888889,1008.4,0.0,14.2,,23.3,33.36752700401796,29.2,16,137.0,Sunny,Clear skies
2026-04-22T08:00,31.6,36.7,59,0.3611111111111111,164,3.3888888888888884,1009.2,0.0,14.0,,22.6,35.87938349756454,31.6,20,374.0,Partly Cloudy,Mainly clear
2026-04-22T09:00,33.3,37.7,52,1.8333333333333333,106,5.888888888888888,1009.5,0.0,13.85,,22.1,37.51950270193562,33.3,23,606.0,Partly Cloudy,Mainly clear
2026-04-22T10:00,33.8,38.3,51,3.083333333333333,104,8.11111111111111,1009.5,0.0,13.85,,22.1,38.288741326417735,33.8,23,754.0,Partly Cloudy,Mainly clear
2026-04-22T11:00,33.9,39.0,51,3.5,116,9.194444444444445,1009.0,0.1,9.8,,22.3,38.51062532553786,33.9,22,883.0,Light Rain,Light drizzle
2026-04-22T12:00,34.0,39.2,51,3.944444444444444,116,9.805555555555555,1008.2,0.0,14.25,,22.4,38.73433279377783,34.0,15,934.0,Sunny,Clear skies
2026-04-22T13:00,34.0,38.9,51,4.138888888888889,120,10.194444444444445,1007.0,0.0,14.7,,22.5,38.73433279377783,34.0,6,911.0,Sunny,Clear skies
2026-04-22T14:00,33.6,38.5,54,3.861111111111111,121,10.11111111111111,1005.9,0.0,14.8,,22.9,38.85907174156445,33.6,4,828.0,Sunny,Clear skies
2026-04-22T15:00,33.4,37.5,54,3.8333333333333335,125,9.61111111111111,1005.3,0.0,14.600000000000001,,22.7,38.396241672764496,33.4,8,701.0,Sunny,Clear skies
2026-04-22T16:00,32.9,35.6,55,4.666666666666667,149,10.194444444444445,1005.2,0.0,14.850000000000001,,22.5,37.58698812411554,32.9,3,486.0,Sunny,Clear skies
2026-04-22T17:00,32.1,35.9,62,4.055555555555555,151,10.499999999999998,1005.2,0.0,14.8,,23.8,37.93724899639793,32.1,4,247.0,Sunny,Clear skies
2026-04-22T18:00,30.9,35.2,68,3.944444444444444,164,8.38888888888889,1005.5,0.0,14.75,,24.4,36.750872751784605,30.9,5,54.0,Sunny,Clear skies
2026-04-22T19:00,30.5,34.9,70,3.7777777777777777,175,7.694444444444444,1006.4,0.0,14.850000000000001,,24.4,36.287110577055415,30.5,3,0.0,Sunny,Clear skies
2026-04-22T20:00,30.1,34.3,70,3.611111111111111,180,7.5,1007.2,0.0,14.75,,24.0,35.28283770601565,30.1,5,0.0,Sunny,Clear skies
2026-04-22T21:00,29.8,34.4,74,3.5,181,6.694444444444445,1008.1,0.0,14.9,,24.6,35.50890553479106,29.8,2,0.0,Sunny,Clear skies
2026-04-22T22:00,29.4,34.3,77,3.3055555555555554,195,6.305555555555555,1008.6,0.0,14.95,,24.9,35.162845805564515,29.4,1,0.0,Sunny,Clear skies
2026-04-22T23:00,29.2,34.5,78,2.861111111111111,205,5.805555555555555,1008.1,0.0,15.0,,25.0,34.849665458737974,29.2,0,0.0,Sunny,Clear skies
2026-04-23T00:00,28.9,34.4,79,2.388888888888889,195,5.0,1007.5,0.0,14.5,,24.9,34.254982182675676,28.9,10,0.0,Sunny,Clear skies
2026-04-23T01:00,28.7,34.0,79,2.388888888888889,192,4.194444444444445,1006.9,0.0,14.75,,24.8,33.72228658123557,28.7,5,0.0,Sunny,Clear skies
2026-04-23T02:00,28.2,33.6,82,2.305555555555556,196,4.194444444444445,1006.2,0.0,14.9,,24.8,32.94253091043562,28.2,2,0.0,Sunny,Clear skies
2026-04-23T03:00,27.7,33.2,85,2.111111111111111,195,4.0,1006.1,0.0,14.75,,24.8,32.06315908059552,27.7,5,0.0,Sunny,Clear skies
2026-04-23T04:00,27.3,32.9,87,1.8888888888888888,207,3.6944444444444446,1006.4,0.0,14.4,,24.9,31.2345375930579,27.3,12,0.0,Sunny,Clear skies
2026-04-23T05:00,27.2,32.9,87,1.7222222222222223,229,3.3055555555555554,1006.4,0.0,14.45,,24.8,30.96165478865766,27.2,11,0.0,Sunny,Clear skies
2026-04-23T06:00,27.5,32.7,84,2.4722222222222223,225,4.111111111111112,1006.8,0.0,14.55,,24.5,31.39171284861114,27.5,9,7.0,Sunny,Clear skies
2026-04-23T07:00,29.6,35.0,73,1.8333333333333333,206,4.5,1007.8,0.0,14.350000000000001,,24.3,34.75731817779557,29.6,13,140.0,Sunny,Clear skies
2026-04-23T08:00,31.7,36.7,60,0.8055555555555555,173,4.694444444444444,1008.3,0.1,9.8,,22.9,36.383121025917845,31.7,44,358.0,Light Rain,Light drizzle
2026-04-23T09:00,33.0,37.2,53,1.472222222222222,125,5.194444444444444,1008.8,0.1,9.8,,22.1,37.18173217377786,33.0,19,496.0,Light Rain,Light drizzle
2026-04-23T10:00,34.2,38.8,49,2.694444444444444,117,7.305555555555555,1008.5,0.0,14.3,,22.0,38.49134709843549,34.2,14,730.0,Sunny,Clear skies
2026-04-23T11:00,34.4,39.1,49,3.944444444444444,110,9.88888888888889,1008.0,0.0,14.100000000000001,,22.1,38.9300934206755,34.4,18,874.0,Sunny,Clear skies
2026-04-23T12:00,34.0,39.1,51,4.305555555555555,116,10.611111111111112,1007.0,0.0,14.45,,22.5,38.73433279377783,34.0,11,948.0,Sunny,Clear skies
2026-04-23T13:00,34.2,38.9,49,4.277777777777778,119,10.388888888888888,1006.4,0.0,14.600000000000001,,22.1,38.49134709843549,34.2,8,938.0,Sunny,Clear skies
2026-04-23T14:00,33.8,38.5,52,4.027777777777778,124,10.305555555555555,1005.5,0.0,14.55,,22.5,38.62769929603572,33.8,9,852.0,Sunny,Clear skies
2026-04-23T15:00,33.4,37.3,54,4.166666666666667,123,9.805555555555555,1005.2,0.0,13.9,,22.8,38.396241672764496,33.4,22,693.0,Partly Cloudy,Mainly clear
2026-04-23T16:00,32.5,35.2,55,4.583333333333333,140,10.0,1005.5,0.0,12.3,,22.3,36.70237470555564,32.5,54,461.0,Partly Cloudy,Partly cloudy
2026-04-23T17:00,32.5,35.7,57,4.166666666666667,161,10.11111111111111,1005.2,0.0,5,,22.9,37.308899161111285,32.5,83,251.0,Cloudy,Overcast
2026-04-23T18:00,31.3,34.1,60,4.805555555555555,172,9.305555555555555,1005.7,0.0,11.85,,22.7,35.49167040671781,31.3,63,49.0,Partly Cloudy,Partly cloudy
2026-04-23T19:00,31.0,34.5,63,3.861111111111111,176,9.194444444444445,1006.4,0.0,13.6,,23.1,35.6165008484444,31.0,28,0.0,Partly Cloudy,Mainly clear
2026-04-23T20:00,30.0,34.0,71,4.111111111111112,175,7.694444444444444,1007.0,0.0,13.85,,24.1,35.28188297777771,30.0,23,0.0,Partly Cloudy,Mainly clear
2026-04-23T21:00,29.4,33.7,75,3.888888888888889,193,7.5,1007.8,0.0,13.35,,24.4,34.704408679271154,29.4,33,0.0,Partly Cloudy,Mainly clear
2026-04-23T22:00,29.0,33.4,75,3.5277777777777777,201,7.0,1008.2,0.0,13.65,,24.2,33.694284947111086,29.0,27,0.0,Partly Cloudy,Mainly clear
2026-04-23T23:00,28.9,33.8,78,2.833333333333333,198,6.194444444444445,1007.3,0.0,5,,24.6,34.048695196717944,28.9,84,0.0,Cloudy,Overcast
2026-04-24T00:00,28.4,33.3,78,2.638888888888889,182,5.0,1006.8,0.0,14.75,,24.3,32.76911040561793,28.4,5,0.0,Sunny,Clear skies
2026-04-24T01:00,27.9,32.9,80,2.25,180,4.694444444444444,1006.2,0.0,14.75,,24.1,31.85043171783788,27.9,5,0.0,Sunny,Clear skies
2026-04-24T02:00,27.3,32.6,82,1.5277777777777777,193,3.888888888888889,1005.6,0.0,13.85,,24.0,30.644267293535577,27.3,23,0.0,Partly Cloudy,Mainly clear
2026-04-24T03:00,26.4,31.8,86,1.2222222222222223,232,2.611111111111111,1005.7,0.0,12.55,,23.9,26.4,26.4,49,0.0,Partly Cloudy,Mainly clear
2026-04-24T04:00,26.0,31.1,87,1.3888888888888888,285,2.611111111111111,1006.3,0.0,11.0,,23.7,26.0,26.0,80,0.0,Cloudy,Overcast
2026-04-24T05:00,26.9,32.2,86,2.0,51,2.611111111111111,1006.4,0.0,14.2,,24.4,30.06674093090443,26.9,16,0.0,Sunny,Clear skies
2026-04-24T06:00,28.1,32.3,81,4.25,124,7.111111111111112,1007.2,0.0,14.7,,24.5,32.511926185004484,28.1,6,7.0,Sunny,Clear skies
2026-04-24T07:00,29.2,33.6,76,3.861111111111111,138,8.61111111111111,1008.3,0.0,14.5,,24.5,34.409152851395646,29.2,10,137.0,Sunny,Clear skies
2026-04-24T08:00,30.7,35.4,69,3.2777777777777777,136,8.0,1009.1,0.0,14.2,,24.4,36.523480466657894,30.7,16,361.0,Sunny,Clear skies
2026-04-24T09:00,31.8,36.6,66,3.333333333333333,135,8.5,1009.4,0.0,12.95,,24.6,38.46829974935109,31.8,41,579.0,Partly Cloudy,Mainly clear
2026-04-24T10:00,32.4,37.7,62,3.7777777777777777,132,9.305555555555555,1009.1,0.3,9.4,,24.3,38.68832825809793,32.4,100,743.0,Light Rain,Light drizzle
2026-04-24T11:00,32.8,37.2,58,4.361111111111111,130,9.305555555555555,1008.5,0.0,5,,23.4,38.3312440373155,32.8,100,735.0,Cloudy,Overcast
2026-04-24T12:00,32.7,37.7,58,5.166666666666667,143,11.694444444444445,1007.7,0.0,5,,23.3,38.09284050561563,32.7,90,949.0,Cloudy,Overcast
2026-04-24T13:00,32.8,37.5,58,5.305555555555556,146,11.888888888888888,1006.7,0.0,5,,23.5,38.3312440373155,32.8,100,903.0,Cloudy,Overcast
2026-04-24T14:00,32.6,36.8,59,5.444444444444445,152,12.0,1006.3,0.0,5,,23.5,38.182169675964545,32.6,94,817.0,Cloudy,Overcast
2026-04-24T15:00,32.4,35.9,59,5.305555555555556,160,12.0,1005.8,0.0,5,,23.3,37.70469801596466,32.4,98,676.0,Cloudy,Overcast
2026-04-24T16:00,32.3,35.5,58,4.305555555555555,165,11.5,1005.5,0.0,5,,23.1,37.16001088161546,32.3,100,472.0,Cloudy,Overcast
2026-04-24T17:00,31.2,34.7,63,4.083333333333333,162,9.388888888888888,1005.9,0.0,5,,23.3,36.0769945446045,31.2,100,212.0,Cloudy,Overcast
2026-04-24T18:00,30.1,34.2,68,3.4444444444444446,170,8.194444444444445,1006.3,0.0,5,,23.6,34.7963550685846,30.1,100,39.0,Cloudy,Overcast
2026-04-24T19:00,29.5,33.7,72,3.3055555555555554,179,6.805555555555555,1007.2,0.0,5,,23.8,34.2851333899444,29.5,100,0.0,Cloudy,Overcast
2026-04-24T20:00,29.1,33.9,75,2.944444444444444,180,6.305555555555555,1007.8,0.0,5,,24.3,33.94281318847107,29.1,100,0.0,Cloudy,Overcast
2026-04-24T21:00,28.9,33.7,78,3.1666666666666665,177,5.694444444444445,1008.4,0.0,5,,24.6,34.048695196717944,28.9,100,0.0,Cloudy,Overcast
2026-04-24T22:00,28.7,33.6,79,3.138888888888889,187,5.611111111111111,1008.9,0.0,5,,24.8,33.72228658123557,28.7,99,0.0,Cloudy,Overcast
2026-04-24T23:00,28.6,33.7,81,3.0277777777777777,189,6.305555555555555,1008.6,0.0,11.85,,25.0,33.84350347660441,28.6,63,0.0,Partly Cloudy,Partly cloudy
2026-04-25T00:00,28.5,33.7,82,3.1666666666666665,185,5.611111111111111,1007.8,0.0,12.15,,25.2,33.76080746505568,28.5,57,0.0,Partly Cloudy,Partly cloudy
2026-04-25T01:00,28.0,33.3,84,2.9166666666666665,192,5.611111111111111,1007.1,0.0,12.2,,25.1,32.73258643911113,28.0,56,0.0,Partly Cloudy,Partly cloudy
2026-04-25T02:00,27.6,33.0,86,2.4722222222222223,187,5.111111111111111,1006.7,0.0,13.95,,25.0,31.93061203580463,27.6,21,0.0,Partly Cloudy,Mainly clear
2026-04-25T03:00,27.3,32.8,87,2.1666666666666665,187,4.194444444444445,1006.7,0.0,13.55,,24.9,31.2345375930579,27.3,29,0.0,Partly Cloudy,Mainly clear
2026-04-25T04:00,27.3,33.0,87,1.9444444444444444,190,3.6944444444444446,1007.4,0.0,12.75,,25.0,31.2345375930579,27.3,45,0.0,Partly Cloudy,Mainly clear
2026-04-25T05:00,27.1,32.8,87,1.5555555555555554,96,3.5,1008.3,0.0,5,,24.7,30.691831992898035,27.1,100,0.0,Cloudy,Overcast
2026-04-25T06:00,27.7,33.2,83,1.777777777777778,169,3.1111111111111107,1008.6,0.2,9.6,,24.5,31.777025115671115,27.7,100,6.0,Light Rain,Light drizzle
2026-04-25T07:00,29.3,33.9,71,2.1666666666666665,140,5.0,1009.7,0.0,12.9,,23.4,33.597954739617755,29.3,42,124.0,Partly Cloudy,Mainly clear
2026-04-25T08:00,30.5,35.0,66,2.361111111111111,132,6.305555555555555,1010.2,0.0,13.95,,23.4,35.24018513261102,30.5,21,362.0,Partly Cloudy,Mainly clear
2026-04-25T09:00,31.6,36.2,62,2.611111111111111,120,7.111111111111112,1010.3,0.0,13.65,,23.4,36.729870259697854,31.6,27,595.0,Partly Cloudy,Mainly clear
2026-04-25T10:00,32.8,37.7,56,3.3888888888888884,107,8.694444444444445,1010.2,0.0,13.3,,22.8,37.678634623751115,32.8,34,789.0,Partly Cloudy,Mainly clear
2026-04-25T11:00,33.4,38.5,52,3.8333333333333335,98,9.694444444444445,1009.8,0.0,14.350000000000001,,22.2,37.73742137107563,33.4,13,926.0,Sunny,Clear skies
2026-04-25T12:00,33.8,39.1,51,3.888888888888889,102,9.805555555555555,1008.7,0.0,14.9,,22.2,38.288741326417735,33.8,2,982.0,Sunny,Clear skies
2026-04-25T13:00,33.8,39.1,51,4.027777777777778,111,10.0,1007.9,0.0,15.0,,22.4,38.288741326417735,33.8,0,964.0,Sunny,Clear skies
2026-04-25T14:00,33.7,38.4,51,3.8333333333333335,117,10.0,1007.1,0.0,14.25,,22.1,38.06868079641774,33.7,15,872.0,Sunny,Clear skies
2026-04-25T15:00,33.3,37.2,52,3.8055555555555554,122,9.5,1006.7,0.0,13.75,,22.1,37.51950270193562,33.3,25,718.0,Partly Cloudy,Mainly clear
2026-04-25T16:00,32.5,35.8,56,3.611111111111111,125,9.11111111111111,1006.6,0.0,13.15,,22.6,37.002267798611165,32.5,37,504.0,Partly Cloudy,Mainly clear
2026-04-25T17:00,31.6,34.9,58,3.611111111111111,133,8.5,1006.9,0.0,14.15,,22.4,35.60757937539553,31.6,17,263.0,Sunny,Clear skies
2026-04-25T18:00,30.3,34.7,66,2.361111111111111,142,7.305555555555555,1007.4,0.0,11.4,,23.3,34.77897102245114,30.3,72,57.0,Partly Cloudy,Partly cloudy
2026-04-25T19:00,29.8,34.8,70,1.6666666666666665,171,4.611111111111112,1008.1,0.0,14.100000000000001,,23.7,34.555874935395536,29.8,18,0.0,Sunny,Clear skies
2026-04-25T20:00,29.3,34.3,73,1.9166666666666667,187,3.5,1009.0,0.0,14.75,,23.9,34.015890740915644,29.3,5,0.0,Sunny,Clear skies
2026-04-25T21:00,29.0,33.8,75,2.388888888888889,195,4.194444444444445,1009.5,0.0,14.75,,24.0,33.694284947111086,29.0,5,0.0,Sunny,Clear skies
2026-04-25T22:00,28.5,33.4,79,2.694444444444444,202,4.805555555555555,1009.6,0.0,14.9,,24.4,33.20079605755559,28.5,2,0.0,Sunny,Clear skies
2026-04-25T23:00,28.3,33.9,82,2.0277777777777777,208,4.805555555555555,1009.1,0.0,15.0,,24.9,33.21239039073564,28.3,0,0.0,Sunny,Clear skies
2026-04-26T00:00,28.2,33.8,82,1.8888888888888888,222,3.611111111111111,1008.3,0.0,15.0,,24.8,32.94253091043562,28.2,0,0.0,Sunny,Clear skies
2026-04-26T01:00,27.6,33.3,84,1.5555555555555554,239,3.3055555555555554,1007.5,0.0,14.850000000000001,,24.7,31.65395945463122,27.6,3,0.0,Sunny,Clear skies
2026-04-26T02:00,27.2,32.8,85,1.472222222222222,252,3.1111111111111107,1007.3,0.0,13.65,,24.4,30.73440801939556,27.2,27,0.0,Partly Cloudy,Mainly clear
2026-04-26T03:00,26.5,31.7,89,2.25,119,3.194444444444444,1008.0,0.1,9.8,,24.5,26.5,26.5,73,0.0,Light Rain,Light drizzle
2026-04-26T04:00,26.0,31.2,90,1.8888888888888888,168,5.194444444444444,1008.1,0.2,9.6,,24.2,26.0,26.0,19,0.0,Light Rain,Light drizzle
2026-04-26T05:00,26.6,32.5,87,0.75,98,3.3888888888888884,1008.7,0.0,5,,24.3,26.6,26.6,91,0.0,Cloudy,Overcast
2026-04-26T06:00,27.4,33.6,85,0.6111111111111112,138,1.1111111111111112,1009.2,0.0,14.0,,24.6,31.256919893315505,27.4,20,7.0,Partly Cloudy,Mainly clear
2026-04-26T07:00,29.1,34.9,75,0.8055555555555555,191,2.888888888888889,1009.8,0.0,14.15,,24.2,33.94281318847107,29.1,17,136.0,Sunny,Clear skies
2026-04-26T08:00,31.0,36.3,64,0.9166666666666666,193,4.194444444444445,1010.3,0.0,14.5,,23.5,35.883937127555576,31.0,10,365.0,Sunny,Clear skies
2026-04-26T09:00,32.9,37.5,53,0.9722222222222222,102,4.611111111111112,1010.3,0.0,14.2,,22.0,36.966152330017856,32.9,16,588.0,Sunny,Clear skies
2026-04-26T10:00,34.0,39.0,50,2.2222222222222223,100,7.0,1010.0,0.0,14.55,,22.0,38.39286542044451,34.0,9,762.0,Sunny,Clear skies
2026-04-26T11:00,34.4,39.7,49,3.083333333333333,98,8.61111111111111,1009.3,0.0,14.7,,22.0,38.9300934206755,34.4,6,889.0,Sunny,Clear skies
2026-04-26T12:00,34.8,39.9,48,3.8333333333333335,101,9.61111111111111,1008.2,0.0,14.850000000000001,,22.1,39.46149798967118,34.8,3,946.0,Sunny,Clear skies
2026-04-26T13:00,34.6,39.3,48,4.25,111,10.194444444444445,1007.1,0.0,14.95,,21.9,39.01948393735117,34.6,1,934.0,Sunny,Clear skies
2026-04-26T14:00,34.3,38.4,49,4.388888888888889,117,10.388888888888888,1006.2,0.0,11.3,,21.9,38.709845595635635,34.3,74,851.0,Partly Cloudy,Partly cloudy
2026-04-26T15:00,33.8,37.6,52,4.055555555555555,116,10.305555555555555,1005.5,0.0,12.6,,22.5,38.62769929603572,33.8,48,691.0,Partly Cloudy,Mainly clear
2026-04-26T16:00,33.2,36.8,55,3.3888888888888884,119,9.5,1005.1,0.0,11.7,,22.9,38.27113352739552,33.2,66,500.0,Partly Cloudy,Partly cloudy
2026-04-26T17:00,31.9,36.0,62,3.5277777777777777,135,8.0,1005.8,0.0,5,,23.7,37.447634496797896,31.9,85,261.0,Cloudy,Overcast
2026-04-26T18:00,30.4,34.5,69,3.7777777777777777,152,7.611111111111111,1006.2,0.0,11.15,,24.0,35.769363055697866,30.4,77,56.0,Partly Cloudy,Partly cloudy
2026-04-26T19:00,30.2,34.6,70,3.4444444444444446,166,7.305555555555555,1007.0,0.0,12.05,,24.2,35.53015708339572,30.2,59,0.0,Partly Cloudy,Partly cloudy
2026-04-26T20:00,29.8,34.4,73,3.3055555555555554,175,6.694444444444445,1008.1,0.0,14.75,,24.4,35.26460912211558,29.8,5,0.0,Sunny,Clear skies
2026-04-26T21:00,29.3,34.3,77,3.138888888888889,189,6.0,1008.8,0.0,14.9,,24.8,34.89390768052442,29.3,2,0.0,Sunny,Clear skies
2026-04-26T22:00,29.0,33.6,78,3.611111111111111,200,6.388888888888888,1009.0,0.0,14.95,,24.7,34.3129170017778,29.0,1,0.0,Sunny,Clear skies
2026-04-26T23:00,28.7,33.5,78,3.0277777777777777,214,6.388888888888888,1008.7,0.0,14.95,,24.5,33.5285564334378,28.7,1,0.0,Sunny,Clear skies
2026-04-27T00:00,28.5,33.2,77,2.888888888888889,225,5.611111111111111,1007.8,0.0,5,,24.1,32.84086814644454,28.5,86,0.0,Cloudy,Overcast
2026-04-27T01:00,28.2,33.0,77,1.972222222222222,225,5.0,1007.2,0.0,11.6,,23.7,32.11610832652437,28.2,68,0.0,Partly Cloudy,Partly cloudy
2026-04-27T02:00,27.8,32.7,78,1.777777777777778,227,3.3888888888888884,1006.7,0.0,5,,23.5,31.32496197153783,27.8,92,0.0,Cloudy,Overcast
2026-04-27T03:00,27.6,32.8,78,1.25,164,3.3055555555555554,1006.8,0.0,5,,23.5,30.865725418417963,27.6,91,0.0,Cloudy,Overcast
2026-04-27T04:00,27.7,33.1,81,1.5555555555555554,173,2.8055555555555554,1007.0,0.0,5,,24.1,31.498267002284436,27.7,98,0.0,Cloudy,Overcast
2026-04-27T05:00,28.1,33.3,81,2.4444444444444446,179,2.694444444444444,1007.0,0.0,5,,24.6,32.511926185004484,28.1,85,0.0,Cloudy,Overcast
2026-04-27T06:00,28.6,33.5,79,2.833333333333333,189,4.694444444444444,1007.6,0.0,5,,24.5,33.460140684675636,28.6,99,7.0,Cloudy,Overcast
2026-04-27T07:00,30.3,34.6,68,2.9166666666666665,196,6.194444444444445,1008.4,0.0,11.75,,23.7,35.270401307704574,30.3,65,135.0,Partly Cloudy,Partly cloudy
2026-04-27T08:00,32.3,36.1,57,2.8055555555555554,191,7.0,1009.1,0.0,5,,22.6,36.85742905359111,32.3,88,366.0,Cloudy,Overcast
2026-04-27T09:00,34.2,37.8,47,2.055555555555556,179,6.888888888888889,1009.2,0.0,5,,21.3,37.82904608919114,34.2,99,581.0,Cloudy,Overcast
2026-04-27T10:00,35.5,39.7,42,2.2222222222222223,144,6.611111111111111,1008.3,0.0,12.2,,20.8,38.82990577327784,35.5,56,735.0,Partly Cloudy,Partly cloudy
2026-04-27T11:00,35.7,39.7,44,4.888888888888889,131,10.194444444444445,1007.9,0.0,5,,21.6,39.96469809215783,35.7,98,912.0,Cloudy,Overcast
2026-04-27T12:00,34.6,38.9,53,6.472222222222222,141,14.0,1007.3,0.0,5,,23.7,40.889006744017784,34.6,100,934.0,Cloudy,Overcast
2026-04-27T13:00,34.5,38.6,52,6.416666666666667,146,14.0,1006.1,0.0,5,,23.3,40.25730817105568,34.5,100,931.0,Cloudy,Overcast
2026-04-27T14:00,34.5,38.6,53,5.916666666666667,151,13.694444444444443,1005.1,0.0,5,,23.5,40.64307430377789,34.5,100,845.0,Cloudy,Overcast
2026-04-27T15:00,34.1,37.2,53,5.583333333333334,156,12.805555555555555,1004.6,0.0,5,,23.2,39.67831491561791,34.1,100,643.0,Cloudy,Overcast
2026-04-27T16:00,33.3,36.0,54,5.166666666666667,160,11.805555555555555,1004.8,0.0,5,,22.8,38.16772704802459,33.3,99,454.0,Cloudy,Overcast
2026-04-27T17:00,32.4,35.1,57,5.055555555555555,163,10.88888888888889,1004.6,0.0,5,,22.9,37.08214288023129,32.4,100,252.0,Cloudy,Overcast
2026-04-27T18:00,31.2,34.0,62,5.027777777777778,169,10.194444444444445,1005.5,0.0,5,,23.0,35.803945299858,31.2,100,53.0,Cloudy,Overcast
2026-04-27T19:00,30.2,33.3,68,5.361111111111112,175,10.388888888888888,1006.5,0.0,5,,23.7,35.03216292300459,30.2,99,0.0,Cloudy,Overcast
2026-04-27T20:00,30.0,33.7,70,4.666666666666667,182,10.11111111111111,1007.1,0.0,5,,24.0,35.038017555555435,30.0,100,0.0,Cloudy,Overcast
2026-04-27T21:00,29.7,33.5,72,4.361111111111111,191,8.5,1007.8,0.0,5,,24.0,34.775369480424466,29.7,100,0.0,Cloudy,Overcast
2026-04-27T22:00,29.4,33.2,73,4.444444444444445,201,7.888888888888888,1008.3,0.0,5,,24.0,34.26043202259561,29.4,100,0.0,Cloudy,Overcast
2026-04-27T23:00,29.5,33.4,71,4.027777777777778,200,8.38888888888889,1007.5,0.0,5,,23.8,34.06641029177772,29.5,100,0.0,Cloudy,Overcast
2026-04-28T00:00,29.4,33.1,71,4.083333333333333,200,7.388888888888889,1007.2,0.0,5,,23.6,33.830915835537795,29.4,100,0.0,Cloudy,Overcast
2026-04-28T01:00,29.1,32.9,72,3.888888888888889,200,7.388888888888889,1006.6,0.0,5,,23.6,33.335469414264495,29.1,100,0.0,Cloudy,Overcast
2026-04-28T02:00,28.7,32.8,75,3.555555555555556,195,7.0,1006.3,0.0,5,,23.8,32.96471098975103,28.7,98,0.0,Cloudy,Overcast
2026-04-28T03:00,28.5,32.7,77,3.611111111111111,194,6.499999999999999,1006.4,0.0,5,,24.0,32.84086814644454,28.5,99,0.0,Cloudy,Overcast
2026-04-28T04:00,28.0,32.4,78,2.972222222222222,215,6.388888888888888,1006.1,0.0,5,,23.8,31.79527165377775,28.0,100,0.0,Cloudy,Overcast
2026-04-28T05:00,28.1,32.9,78,2.361111111111111,209,5.194444444444444,1006.7,0.0,5,,23.8,32.03457891831787,28.1,100,0.0,Cloudy,Overcast
2026-04-28T06:00,28.3,33.2,77,2.2777777777777777,206,4.0,1007.4,0.0,5,,24.0,32.354959781324524,28.3,100,7.0,Cloudy,Overcast
2026-04-28T07:00,29.8,34.9,71,1.9444444444444444,209,4.805555555555555,1007.7,0.0,5,,24.0,34.78809382241776,29.8,100,130.0,Cloudy,Overcast
2026-04-28T08:00,32.1,37.2,61,1.2777777777777777,191,4.805555555555555,1008.3,0.0,5,,23.5,37.61993891131561,32.1,100,343.0,Cloudy,Overcast
2026-04-28T09:00,33.7,38.4,52,1.0,162,4.611111111111112,1008.4,0.0,5,,22.5,38.402339327535685,33.7,100,519.0,Cloudy,Overcast
2026-04-28T10:00,35.0,39.2,45,1.8333333333333333,135,5.888888888888888,1008.0,0.0,5,,21.4,38.831431944444496,35.0,100,643.0,Cloudy,Overcast
2026-04-28T11:00,35.4,39.4,46,3.5833333333333335,136,8.5,1007.8,0.0,5,,21.9,40.05692390211559,35.4,100,740.0,Cloudy,Overcast
2026-04-28T12:00,34.6,39.1,53,5.027777777777778,135,11.38888888888889,1007.2,0.0,5,,23.5,40.889006744017784,34.6,100,823.0,Cloudy,Overcast
2026-04-28T13:00,34.5,39.0,52,4.722222222222222,156,11.694444444444445,1006.5,0.1,9.8,,23.2,40.25730817105568,34.5,100,816.0,Light Rain,Light drizzle
2026-04-28T14:00,33.8,37.5,56,5.75,150,12.38888888888889,1005.5,0.0,5,,23.7,40.0636011773511,33.8,96,717.0,Cloudy,Overcast
2026-04-28T15:00,34.1,36.7,52,5.583333333333334,160,12.305555555555554,1004.9,0.0,5,,22.9,39.31494115057559,34.1,100,568.0,Cloudy,Overcast
2026-04-28T16:00,32.7,35.5,60,6.083333333333333,166,12.694444444444445,1004.9,0.0,5,,23.9,38.7622484503178,32.7,100,407.0,Cloudy,Overcast
2026-04-28T17:00,32.1,34.3,58,5.972222222222222,171,12.38888888888889,1005.4,0.0,5,,22.8,36.70606677129562,32.1,100,204.0,Cloudy,Overcast
2026-04-28T18:00,31.4,34.4,62,5.222222222222222,185,11.38888888888889,1005.7,0.0,5,,23.4,36.26246577649782,31.4,100,46.0,Cloudy,Overcast
2026-04-28T19:00,30.6,33.9,67,5.222222222222222,189,10.0,1006.5,0.0,5,,23.8,35.73459665427562,30.6,100,0.0,Cloudy,Overcast
2026-04-28T20:00,30.3,33.7,69,5.083333333333333,194,10.0,1007.6,0.0,5,,24.0,35.52292048585787,30.3,100,0.0,Cloudy,Overcast
2026-04-28T21:00,29.8,33.4,72,4.944444444444445,193,9.694444444444445,1008.4,0.0,5,,24.1,35.02433855132435,29.8,100,0.0,Cloudy,Overcast
2026-04-28T22:00,29.5,33.1,73,4.75,197,9.0,1008.4,0.0,5,,24.1,34.50757450155546,29.5,98,0.0,Cloudy,Overcast
2026-04-28T23:00,29.6,33.7,74,4.277777777777778,198,8.5,1007.6,0.0,5,,24.4,34.989489361831104,29.6,99,0.0,Cloudy,Overcast
2026-04-29T00:00,29.3,33.4,75,4.388888888888889,201,7.805555555555555,1007.3,0.0,5,,24.4,34.447875054551176,29.3,100,0.0,Cloudy,Overcast
2026-04-29T01:00,28.8,32.8,76,4.055555555555555,200,7.888888888888888,1006.6,0.0,5,,24.1,33.39624172419558,28.8,99,0.0,Cloudy,Overcast
2026-04-29T02:00,28.5,32.5,75,3.416666666666667,195,7.194444444444444,1006.1,0.0,5,,23.6,32.49167065711113,28.5,100,0.0,Cloudy,Overcast
2026-04-29T03:00,28.3,32.3,75,3.4444444444444446,197,6.194444444444445,1006.1,0.0,5,,23.4,32.02930416895115,28.3,100,0.0,Cloudy,Overcast
2026-04-29T04:00,28.1,32.0,77,3.6944444444444446,198,6.388888888888888,1006.5,0.0,5,,23.6,31.879992023564505,28.1,100,0.0,Cloudy,Overcast
2026-04-29T05:00,28.3,32.9,82,3.944444444444444,196,6.499999999999999,1006.8,0.0,5,,24.9,33.21239039073564,28.3,100,0.0,Cloudy,Overcast
2026-04-29T06:00,28.8,33.1,79,4.305555555555555,195,7.805555555555555,1007.3,0.0,5,,24.8,33.98723374723567,28.8,100,8.0,Cloudy,Overcast
2026-04-29T07:00,29.8,33.8,74,4.638888888888888,196,9.305555555555555,1008.0,0.0,5,,24.6,35.50890553479106,29.8,100,131.0,Cloudy,Overcast
2026-04-29T08:00,31.7,35.4,64,4.666666666666667,197,9.88888888888889,1008.8,0.0,5,,24.1,37.57446888753559,31.7,99,349.0,Cloudy,Overcast
2026-04-29T09:00,33.4,36.6,55,4.833333333333333,197,10.611111111111112,1009.5,0.1,9.8,,23.2,38.73708062451562,33.4,100,569.0,Light Rain,Light drizzle
2026-04-29T10:00,34.3,38.3,53,4.222222222222222,187,10.611111111111112,1009.2,0.0,5,,23.2,40.15690053513796,34.3,96,667.0,Cloudy,Overcast
2026-04-29T11:00,35.9,39.8,47,5.5,173,12.694444444444445,1008.4,0.0,5,,22.9,41.59624780143111,35.9,95,808.0,Cloudy,Overcast
2026-04-29T12:00,35.7,39.7,48,6.166666666666666,166,13.305555555555555,1007.8,0.0,5,,23.1,41.53530731797116,35.7,96,909.0,Cloudy,Overcast
2026-04-29T13:00,34.8,38.5,53,7.5,158,15.11111111111111,1006.6,0.2,9.6,,23.9,41.38656273633782,34.8,100,903.0,Light Rain,Light drizzle
2026-04-29T14:00,35.0,37.8,50,7.277777777777778,171,16.0,1005.6,0.0,5,,23.1,40.675428944444484,35.0,100,803.0,Cloudy,Overcast
2026-04-29T15:00,33.5,36.3,55,5.388888888888888,190,15.305555555555555,1005.8,0.1,9.8,,23.1,38.97300922155554,33.5,100,567.0,Light Rain,Light drizzle
2026-04-29T16:00,33.1,35.8,56,5.722222222222222,190,11.805555555555555,1005.9,0.0,5,,23.3,38.37305828317113,33.1,100,299.0,Cloudy,Overcast
2026-04-29T17:00,32.6,35.6,59,5.555555555555555,184,11.61111111111111,1006.1,0.4,9.2,,23.7,38.182169675964545,32.6,100,162.0,Light Rain,Light drizzle
2026-04-29T18:00,30.9,34.3,69,5.805555555555555,181,11.11111111111111,1006.8,0.0,5,,24.5,37.038550158497976,30.9,100,40.0,Cloudy,Overcast
2026-04-29T19:00,30.5,34.3,72,5.444444444444445,193,11.11111111111111,1007.8,0.0,5,,24.8,36.83900785994427,30.5,100,0.0,Cloudy,Overcast
2026-04-29T20:00,30.0,33.6,73,5.444444444444445,191,10.194444444444445,1008.6,0.0,5,,24.6,35.78230485555544,30.0,100,0.0,Cloudy,Overcast
2026-04-29T21:00,29.2,33.1,76,4.805555555555555,202,10.305555555555555,1009.3,0.0,5,,24.5,34.409152851395646,29.2,100,0.0,Cloudy,Overcast
2026-04-29T22:00,28.8,32.8,77,4.416666666666667,207,9.0,1009.7,0.0,5,,24.4,33.59024433292454,28.8,95,0.0,Cloudy,Overcast
2026-04-29T23:00,29.3,32.8,75,5.194444444444444,203,9.11111111111111,1008.8,0.0,14.3,,24.3,34.447875054551176,29.3,14,0.0,Sunny,Clear skies
2026-04-30T00:00,28.7,32.1,77,5.527777777777778,198,10.11111111111111,1008.5,0.0,14.15,,24.3,33.33771711892448,28.7,17,0.0,Sunny,Clear skies
2026-04-30T01:00,28.4,31.9,78,5.194444444444444,203,10.305555555555555,1007.9,0.0,14.75,,24.2,32.76911040561793,28.4,5,0.0,Sunny,Clear skies
2026-04-30T02:00,28.1,32.0,79,4.305555555555555,213,9.5,1007.6,0.0,13.95,,24.1,32.19143024347557,28.1,21,0.0,Partly Cloudy,Mainly clear
2026-04-30T03:00,27.7,31.8,81,3.861111111111111,201,7.694444444444444,1007.2,0.0,12.2,,24.1,31.498267002284436,27.7,56,0.0,Partly Cloudy,Partly cloudy
2026-04-30T04:00,27.3,31.8,82,3.222222222222222,217,7.0,1007.2,0.0,5,,24.0,30.644267293535577,27.3,99,0.0,Cloudy,Overcast
2026-04-30T05:00,27.4,32.6,81,1.7222222222222223,232,5.611111111111111,1007.6,0.0,5,,23.9,30.76812416140438,27.4,97,0.0,Cloudy,Overcast
2026-04-30T06:00,27.8,33.1,80,1.4444444444444444,202,3.0,1008.4,0.0,5,,24.0,31.60462574721783,27.8,100,8.0,Cloudy,Overcast
2026-04-30T07:00,29.7,35.3,71,0.75,176,3.1111111111111107,1009.3,0.0,5,,23.8,34.54499928521792,29.7,100,131.0,Cloudy,Overcast
2026-04-30T08:00,31.8,37.2,62,0.8055555555555555,97,3.888888888888889,1009.9,0.0,5,,23.5,37.20615874945767,31.8,100,357.0,Cloudy,Overcast
2026-04-30T09:00,33.4,38.2,55,1.7222222222222223,111,5.694444444444445,1010.2,0.0,12.05,,23.3,38.73708062451562,33.4,59,559.0,Partly Cloudy,Partly cloudy
2026-04-30T10:00,34.6,40.2,53,2.75,122,8.11111111111111,1009.9,0.0,5,,23.6,40.889006744017784,34.6,84,759.0,Cloudy,Overcast
2026-04-30T11:00,35.5,41.0,51,4.305555555555555,130,10.0,1009.1,0.0,11.4,,23.9,42.3087611117778,35.5,72,884.0,Partly Cloudy,Partly cloudy
2026-04-30T12:00,34.4,39.4,57,6.305555555555555,150,13.61111111111111,1008.7,0.0,11.95,,24.6,42.0053348034311,34.4,61,937.0,Partly Cloudy,Partly cloudy
2026-04-30T13:00,34.4,38.6,55,6.305555555555555,164,13.694444444444443,1007.8,0.0,5,,24.2,41.18501804931552,34.4,84,821.0,Cloudy,Overcast
2026-04-30T14:00,35.0,38.7,51,5.361111111111112,180,13.61111111111111,1006.8,0.0,11.5,,23.3,41.07169827777786,35.0,70,719.0,Partly Cloudy,Partly cloudy
2026-04-30T15:00,33.7,36.8,56,5.75,187,12.805555555555555,1006.2,0.0,11.1,,23.7,39.8160761048511,33.7,78,588.0,Partly Cloudy,Partly cloudy
2026-04-30T16:00,33.7,36.1,54,5.722222222222222,192,12.11111111111111,1006.2,0.0,5,,23.0,39.09338718562449,33.7,86,394.0,Cloudy,Overcast
2026-04-30T17:00,33.1,35.7,56,5.666666666666666,205,12.305555555555554,1006.6,0.0,5,,23.1,38.37305828317113,33.1,100,191.0,Cloudy,Overcast
2026-04-30T18:00,32.1,35.1,60,5.249999999999999,208,11.194444444444443,1007.2,0.0,5,,23.4,37.30897184543786,32.1,100,31.0,Cloudy,Overcast
2026-04-30T19:00,31.5,35.4,61,3.0,210,9.88888888888889,1008.0,0.0,5,,23.0,36.21120368155552,31.5,100,0.0,Cloudy,Overcast
2026-04-30T20:00,30.9,35.1,63,2.305555555555556,207,5.694444444444445,1008.5,0.0,5,,22.9,35.38963842228459,30.9,100,0.0,Cloudy,Overcast
2026-04-30T21:00,30.0,34.2,68,2.944444444444444,194,5.388888888888888,1009.8,0.0,5,,23.4,34.56297774444439,30.0,100,0.0,Cloudy,Overcast
2026-04-30T22:00,29.2,33.3,72,3.1111111111111107,185,5.888888888888888,1010.3,0.0,5,,23.5,33.5690343825246,29.2,100,0.0,Cloudy,Overcast
2026-04-30T23:00,28.5,32.5,74,3.333333333333333,201,5.694444444444445,1010.0,0.0,12.25,,23.4,32.321095820611205,28.5,55,0.0,Partly Cloudy,Partly cloudy
2026-05-01T00:00,28.1,32.3,75,2.7777777777777777,219,6.305555555555555,1009.7,0.0,5,,23.2,31.577611525271127,28.1,95,0.0,Cloudy,Overcast
2026-05-01T01:00,27.7,32.8,76,0.8611111111111112,216,5.194444444444444,1008.9,0.0,12.75,,23.1,30.83364106929557,27.7,45,0.0,Partly Cloudy,Mainly clear
2026-05-01T02:00,27.3,32.4,79,1.0,135,2.111111111111111,1007.9,0.0,11.75,,23.3,30.30715954843567,27.3,65,0.0,Partly Cloudy,Partly cloudy
2026-05-01T03:00,26.8,32.4,82,0.41666666666666663,173,1.8888888888888888,1007.7,0.0,5,,23.5,29.468932166435714,26.8,100,0.0,Cloudy,Overcast
2026-05-01T04:00,26.4,31.9,84,0.6666666666666666,193,1.1111111111111112,1007.8,0.0,5,,23.5,26.4,26.4,100,0.0,Cloudy,Overcast
2026-05-01T05:00,26.3,31.1,82,1.472222222222222,192,1.8888888888888888,1008.4,0.0,5,,23.1,26.3,26.3,95,0.0,Cloudy,Overcast
2026-05-01T06:00,27.0,31.8,80,1.6388888888888888,223,2.8055555555555554,1009.0,0.0,5,,23.2,29.740206061777844,27.0,89,9.0,Cloudy,Overcast
2026-05-01T07:00,29.3,34.0,69,1.5555555555555554,202,4.194444444444445,1009.6,0.0,5,,23.0,33.194067050657765,29.3,93,144.0,Cloudy,Overcast
2026-05-01T08:00,31.7,36.6,58,0.7777777777777777,169,4.611111111111112,1010.1,0.0,5,,22.6,35.82311995401571,31.7,86,369.0,Cloudy,Overcast
2026-05-01T09:00,33.7,38.5,51,0.8055555555555555,79,4.5,1010.3,0.0,5,,22.1,38.06868079641774,33.7,95,593.0,Cloudy,Overcast
2026-05-01T10:00,35.1,40.4,47,1.8888888888888888,101,6.194444444444445,1010.3,0.0,12.5,,22.0,39.76316091183124,35.1,50,774.0,Partly Cloudy,Partly cloudy
2026-05-01T11:00,35.6,41.1,48,3.333333333333333,108,9.11111111111111,1009.6,0.0,5,,22.9,41.298035890151304,35.6,98,867.0,Cloudy,Overcast
2026-05-01T12:00,35.4,40.6,51,4.638888888888888,131,10.805555555555555,1008.7,0.1,9.8,,23.6,42.05770160673771,35.4,98,896.0,Light Rain,Light drizzle
2026-05-01T13:00,34.9,39.9,53,5.527777777777778,151,12.5,1007.3,0.3,9.4,,24.0,41.63818628841776,34.9,44,901.0,Light Rain,Light drizzle
2026-05-01T14:00,35.6,39.7,49,5.416666666666667,168,13.11111111111111,1006.3,0.0,12.75,,23.2,41.70951489267559,35.6,45,805.0,Partly Cloudy,Mainly clear
2026-05-01T15:00,33.1,36.1,60,6.972222222222222,176,15.11111111111111,1005.5,0.0,11.75,,24.4,39.7740997706378,33.1,65,616.0,Partly Cloudy,Partly cloudy
2026-05-01T16:00,34.3,37.0,55,6.194444444444445,178,14.0,1005.4,0.0,11.5,,23.8,40.931359161395704,34.3,70,437.0,Partly Cloudy,Partly cloudy
2026-05-01T17:00,33.7,36.9,55,4.972222222222221,161,12.61111111111111,1005.6,0.0,5,,23.6,39.45077651259559,33.7,100,242.0,Cloudy,Overcast
2026-05-01T18:00,32.1,36.0,66,5.444444444444445,169,10.694444444444445,1006.4,0.0,5,,25.0,39.26991952877112,32.1,98,47.0,Cloudy,Overcast
2026-05-01T19:00,31.1,35.3,70,5.055555555555555,179,10.194444444444445,1007.2,0.0,5,,25.1,37.868496691215604,31.1,99,0.0,Cloudy,Overcast
2026-05-01T20:00,30.5,35.0,73,4.416666666666667,189,9.388888888888888,1007.7,0.0,5,,25.0,37.12206514155554,30.5,100,0.0,Cloudy,Overcast
2026-05-01T21:00,29.9,34.4,74,3.888888888888889,198,8.305555555555555,1008.4,0.0,5,,24.8,35.77256597253118,29.9,100,0.0,Cloudy,Overcast
2026-05-01T22:00,29.4,33.7,75,3.8333333333333335,198,6.888888888888889,1008.8,0.0,5,,24.4,34.704408679271154,29.4,98,0.0,Cloudy,Overcast
2026-05-01T23:00,29.4,34.0,75,3.2777777777777777,201,6.805555555555555,1008.1,0.0,5,,24.4,34.704408679271154,29.4,98,0.0,Cloudy,Overcast
2026-05-02T00:00,28.9,33.8,76,2.638888888888889,212,5.694444444444445,1007.3,0.0,13.65,,24.2,33.64541668881568,28.9,27,0.0,Partly Cloudy,Mainly clear
2026-05-02T01:00,28.3,33.6,78,1.75,185,4.694444444444444,1006.8,0.0,13.3,,24.2,32.521498294237915,28.3,34,0.0,Partly Cloudy,Mainly clear
2026-05-02T02:00,27.9,33.3,81,1.8611111111111112,182,3.194444444444444,1006.5,0.0,14.350000000000001,,24.3,31.999362965804615,27.9,13,0.0,Sunny,Clear skies
2026-05-02T03:00,27.5,33.0,83,1.6388888888888888,192,3.3055555555555554,1006.1,0.0,5,,24.4,31.262388461111097,27.5,82,0.0,Cloudy,Overcast
2026-05-02T04:00,26.9,32.7,86,1.027777777777778,209,2.888888888888889,1006.4,0.0,5,,24.3,30.06674093090443,26.9,98,0.0,Cloudy,Overcast
2026-05-02T05:00,27.1,32.8,84,0.8611111111111112,183,1.6944444444444442,1007.0,0.0,5,,24.1,30.37236698493127,27.1,100,0.0,Cloudy,Overcast
2026-05-02T06:00,27.9,33.6,81,1.1388888888888888,182,1.3055555555555556,1007.7,0.0,5,,24.3,31.999362965804615,27.9,100,9.0,Cloudy,Overcast
2026-05-02T07:00,30.2,36.2,72,1.0,143,3.3888888888888884,1008.5,0.0,5,,24.6,36.04588833932453,30.2,100,141.0,Cloudy,Overcast
2026-05-02T08:00,32.5,37.6,58,0.9722222222222222,66,4.305555555555555,1009.1,0.0,5,,23.3,37.62226879305571,32.5,100,357.0,Cloudy,Overcast
2026-05-02T09:00,34.4,39.5,51,0.75,62,4.5,1009.5,0.0,5,,22.7,39.6473973579377,34.4,100,579.0,Cloudy,Overcast
2026-05-02T10:00,35.9,41.4,45,1.3888888888888888,111,6.0,1009.0,0.0,5,,22.1,40.78878681620441,35.9,100,748.0,Cloudy,Overcast
2026-05-02T11:00,36.1,41.5,47,3.611111111111111,119,9.0,1008.6,0.0,5,,23.1,42.07126565823127,36.1,100,870.0,Cloudy,Overcast
2026-05-02T12:00,35.8,41.6,53,4.805555555555555,142,11.11111111111111,1007.6,0.0,5,,24.6,43.98816493473786,35.8,100,924.0,Cloudy,Overcast
2026-05-02T13:00,35.6,40.2,52,5.861111111111112,160,12.805555555555555,1006.6,0.0,5,,24.3,43.00229427667568,35.6,99,830.0,Cloudy,Overcast
2026-05-02T14:00,36.4,40.8,46,3.5833333333333335,164,12.61111111111111,1005.3,0.0,5,,22.8,42.35903141091546,36.4,97,713.0,Cloudy,Overcast
2026-05-02T15:00,36.4,39.7,44,4.166666666666667,164,9.5,1004.4,0.0,5,,22.3,41.515805601297714,36.4,89,621.0,Cloudy,Overcast
2026-05-02T16:00,35.8,38.8,47,4.638888888888888,178,10.11111111111111,1004.3,0.0,5,,22.8,41.36125079319115,35.8,93,477.0,Cloudy,Overcast
2026-05-02T17:00,35.0,38.0,47,3.8333333333333335,201,10.11111111111111,1004.1,0.3,9.4,,22.2,39.54156081111111,35.0,26,229.0,Light Rain,Light drizzle
2026-05-02T18:00,34.4,37.3,45,2.4166666666666665,278,7.194444444444444,1005.2,0.0,13.7,,20.8,37.59849836300438,34.4,26,48.0,Partly Cloudy,Mainly clear
2026-05-02T19:00,33.5,36.5,48,2.611111111111111,290,4.694444444444444,1006.5,0.0,13.6,,21.1,36.710817672611114,33.5,28,0.0,Partly Cloudy,Mainly clear
2026-05-02T20:00,32.0,35.1,56,3.4722222222222223,293,6.499999999999999,1007.2,0.0,14.05,,22.1,35.91511605511118,32.0,19,0.0,Sunny,Clear skies
2026-05-02T21:00,31.2,34.6,58,3.0277777777777777,276,6.388888888888888,1007.5,0.0,13.85,,22.1,34.766201563715704,31.2,23,0.0,Partly Cloudy,Mainly clear
2026-05-02T22:00,30.9,34.7,59,2.1944444444444446,267,5.5,1007.8,0.0,13.9,,22.0,34.39323420356455,30.9,22,0.0,Partly Cloudy,Mainly clear
2026-05-02T23:00,29.4,32.7,66,3.416666666666667,284,3.888888888888889,1007.7,0.0,5,,22.3,32.82038992247122,29.4,100,0.0,Cloudy,Overcast
2026-05-03T00:00,29.3,33.0,65,2.361111111111111,257,6.0,1006.9,0.0,5,,22.1,32.42843660975104,29.3,100,0.0,Cloudy,Overcast
2026-05-03T01:00,29.0,32.8,66,2.138888888888889,249,4.194444444444445,1007.0,0.0,5,,22.1,32.011302207111086,29.0,100,0.0,Cloudy,Overcast
2026-05-03T02:00,28.8,32.7,67,1.9166666666666667,250,3.888888888888889,1006.6,0.0,5,,22.0,31.78498119843565,28.8,100,0.0,Cloudy,Overcast
2026-05-03T03:00,28.4,32.7,68,1.1944444444444444,237,3.3055555555555554,1006.3,0.0,5,,22.0,31.159492676284515,28.4,100,0.0,Cloudy,Overcast
2026-05-03T04:00,27.8,32.5,73,0.9722222222222222,168,2.111111111111111,1006.6,0.0,5,,22.5,30.65991518931551,27.8,100,0.0,Cloudy,Overcast
2026-05-03T05:00,27.8,33.9,84,0.75,118,2.5,1007.0,0.0,5,,24.7,32.18734483479121,27.8,100,0.0,Cloudy,Overcast
2026-05-03T06:00,27.8,34.4,86,0.6666666666666666,171,1.611111111111111,1007.5,0.0,5,,25.2,32.490400146684436,27.8,100,9.0,Cloudy,Overcast
2026-05-03T07:00,30.0,35.0,69,1.611111111111111,216,4.111111111111112,1008.2,0.0,5,,23.6,34.79838247777783,30.0,100,136.0,Cloudy,Overcast
2026-05-03T08:00,31.8,36.4,58,1.3611111111111112,216,4.888888888888889,1009.0,0.0,5,,22.7,36.04073898291552,31.8,100,340.0,Cloudy,Overcast
2026-05-03T09:00,34.1,38.8,49,0.2777777777777778,202,4.694444444444444,1008.9,0.0,5,,21.8,38.27459792907557,34.1,100,555.0,Cloudy,Overcast
2026-05-03T10:00,35.7,40.9,44,0.9166666666666666,99,4.694444444444444,1008.6,0.0,5,,21.4,39.96469809215783,35.7,100,730.0,Cloudy,Overcast
2026-05-03T11:00,35.2,40.7,48,2.944444444444444,105,7.388888888888889,1008.2,0.0,5,,22.4,40.366070601671204,35.2,100,873.0,Cloudy,Overcast
2026-05-03T12:00,34.6,40.4,53,3.944444444444444,111,11.5,1007.4,1.2,7.6,,23.6,40.889006744017784,34.6,100,934.0,Light Rain,Dense drizzle
2026-05-03T13:00,34.7,39.6,52,4.361111111111111,118,10.388888888888888,1006.3,0.0,5,,23.3,40.7396536303356,34.7,100,849.0,Cloudy,Overcast
2026-05-03T14:00,34.1,37.8,53,4.777777777777778,150,11.11111111111111,1005.6,0.0,5,,23.2,39.67831491561791,34.1,100,682.0,Cloudy,Overcast
2026-05-03T15:00,34.3,37.6,52,4.083333333333333,188,10.611111111111112,1005.1,0.0,5,,23.0,39.782404011135654,34.3,99,534.0,Cloudy,Overcast
2026-05-03T16:00,34.8,38.7,49,2.361111111111111,270,9.194444444444445,1005.2,0.0,5,,22.4,39.828577999235755,34.8,100,382.0,Cloudy,Overcast
2026-05-03T17:00,35.1,38.4,44,2.0833333333333335,325,6.111111111111111,1004.8,0.0,5,,21.2,38.69607459239785,35.1,100,199.0,Cloudy,Overcast
2026-05-03T18:00,35.1,39.8,46,0.1388888888888889,360,4.5,1005.3,0.0,5,,21.8,39.398213955215624,35.1,100,43.0,Cloudy,Overcast
2026-05-03T19:00,34.0,37.9,46,0.8055555555555555,187,1.5,1006.0,0.0,5,,20.9,37.10899633155566,34.0,98,0.0,Cloudy,Overcast
2026-05-03T20:00,33.2,37.0,51,1.8611111111111112,234,3.0,1006.9,0.0,5,,21.7,36.995730183217816,33.2,98,0.0,Cloudy,Overcast
2026-05-03T21:00,32.0,36.2,59,2.111111111111111,225,4.194444444444445,1007.8,0.0,5,,22.8,36.775126332444664,32.0,99,0.0,Cloudy,Overcast
2026-05-03T22:00,31.0,35.9,65,1.8888888888888888,212,3.8055555555555554,1008.3,0.0,14.3,,23.6,36.156617667111206,31.0,14,0.0,Sunny,Clear skies
2026-05-03T23:00,30.5,36.3,69,0.8611111111111112,230,3.611111111111111,1007.7,0.0,14.95,,24.2,36.01827057577775,30.5,1,0.0,Sunny,Clear skies
2026-05-04T00:00,30.4,35.8,68,1.25,265,2.1944444444444446,1007.2,0.0,14.9,,23.9,35.51107022268456,30.4,2,0.0,Sunny,Clear skies
2026-05-04T01:00,30.0,34.9,69,1.75,275,3.0,1006.7,0.0,5,,23.6,34.79838247777783,30.0,95,0.0,Cloudy,Overcast
2026-05-04T02:00,29.6,34.1,69,2.1944444444444446,281,4.0,1005.7,0.0,11.35,,23.3,33.86684110369777,29.6,73,0.0,Partly Cloudy,Partly cloudy
2026-05-04T03:00,29.2,33.7,68,1.777777777777778,254,3.8055555555555554,1006.0,0.0,12.5,,22.8,32.78345824140457,29.2,50,0.0,Partly Cloudy,Partly cloudy
2026-05-04T04:00,28.8,33.5,70,1.4444444444444444,243,3.1111111111111107,1006.3,0.0,5,,22.8,32.29511544979564,28.8,81,0.0,Cloudy,Overcast
2026-05-04T05:00,27.8,32.9,77,1.1388888888888888,229,2.388888888888889,1006.1,0.0,5,,23.4,31.188054025724462,27.8,100,0.0,Cloudy,Overcast
2026-05-04T06:00,28.5,33.5,75,1.5,249,2.111111111111111,1007.3,0.0,5,,23.6,32.49167065711113,28.5,100,10.0,Cloudy,Overcast
2026-05-04T07:00,30.2,34.8,66,1.8611111111111112,254,4.611111111111112,1008.2,0.0,5,,23.2,34.55190585815129,30.2,100,137.0,Cloudy,Overcast
2026-05-04T08:00,32.6,36.7,54,1.6388888888888888,270,5.305555555555556,1008.7,0.0,5,,22.1,36.62226565516461,32.6,98,358.0,Cloudy,Overcast
2026-05-04T09:00,34.7,38.9,45,0.6666666666666666,228,5.111111111111111,1009.1,0.0,5,,20.9,38.20776818708445,34.7,100,583.0,Cloudy,Overcast
2026-05-04T10:00,36.3,41.2,39,0.75,148,4.611111111111112,1008.3,0.0,5,,20.3,39.391364671191155,36.3,100,757.0,Cloudy,Overcast
2026-05-04T11:00,35.2,40.4,52,3.888888888888889,126,8.38888888888889,1007.9,0.0,5,,23.8,41.978072963235654,35.2,100,782.0,Cloudy,Overcast
2026-05-04T12:00,34.6,39.2,52,4.388888888888889,132,10.611111111111112,1007.7,0.1,9.8,,23.4,40.497550738275606,34.6,100,767.0,Light Rain,Light drizzle
2026-05-04T13:00,33.9,37.6,55,4.972222222222221,146,11.11111111111111,1006.4,0.0,5,,23.6,39.93642393291563,33.9,91,633.0,Cloudy,Overcast
2026-05-04T14:00,35.1,38.2,47,4.805555555555555,167,11.194444444444443,1005.4,0.0,11.5,,22.3,39.76316091183124,35.1,70,648.0,Partly Cloudy,Partly cloudy
2026-05-04T15:00,34.6,37.2,50,5.166666666666667,164,10.694444444444445,1005.1,0.1,9.8,,22.7,39.74096589340445,34.6,54,562.0,Light Rain,Light drizzle
2026-05-04T16:00,33.9,35.4,51,6.861111111111111,184,13.694444444444443,1005.2,0.0,13.35,,22.4,38.51062532553786,33.9,33,353.0,Partly Cloudy,Mainly clear
2026-05-04T17:00,34.8,36.4,41,4.111111111111112,176,13.5,1004.8,0.0,5,,19.8,37.14299907948454,34.8,93,209.0,Cloudy,Overcast
2026-05-04T18:00,33.9,36.5,46,3.222222222222222,186,8.11111111111111,1005.4,0.0,5,,20.8,36.910707886415565,33.9,100,42.0,Cloudy,Overcast
2026-05-04T19:00,33.2,35.2,45,3.138888888888889,262,5.694444444444445,1006.4,0.0,5,,19.6,35.305358399484504,33.2,100,0.0,Cloudy,Overcast
2026-05-04T20:00,31.1,33.3,53,3.3611111111111107,272,6.888888888888889,1007.5,0.0,5,,20.3,33.410108517217864,31.1,100,0.0,Cloudy,Overcast
2026-05-04T21:00,30.5,32.6,54,3.4722222222222223,255,6.305555555555555,1008.4,0.0,5,,20.2,32.554361769944435,30.5,100,0.0,Cloudy,Overcast
2026-05-04T22:00,30.1,33.3,57,2.138888888888889,258,6.194444444444445,1008.5,0.0,5,,20.8,32.43046579023128,30.1,100,0.0,Cloudy,Overcast
2026-05-04T23:00,29.5,33.4,60,0.8611111111111112,249,3.8055555555555554,1008.3,0.0,5,,20.9,31.905845099277812,29.5,100,0.0,Cloudy,Overcast
2026-05-05T00:00,29.2,33.5,62,0.41666666666666663,234,1.1944444444444444,1007.6,0.0,5,,21.2,31.707360894257857,29.2,100,0.0,Cloudy,Overcast
2026-05-05T01:00,28.5,32.9,65,0.3611111111111111,278,0.6111111111111112,1006.9,0.0,5,,21.4,30.906639537111143,28.5,100,0.0,Cloudy,Overcast
2026-05-05T02:00,28.0,32.5,68,0.4722222222222222,283,0.6944444444444444,1006.8,0.0,5,,21.6,30.40584262044447,28.0,100,0.0,Cloudy,Overcast
2026-05-05T03:00,27.6,31.9,70,0.888888888888889,297,1.1944444444444444,1006.8,0.0,5,,21.7,29.912102020515718,27.6,100,0.0,Cloudy,Overcast
2026-05-05T04:00,27.3,31.5,72,1.1666666666666667,275,1.8055555555555556,1006.9,0.0,5,,21.8,29.570316910824584,27.3,100,0.0,Cloudy,Overcast
2026-05-05T05:00,27.6,33.0,77,0.4444444444444445,207,1.8055555555555556,1007.6,0.0,5,,23.3,30.740437786364605,27.6,100,0.0,Cloudy,Overcast
2026-05-05T06:00,27.6,33.0,77,0.4722222222222222,229,0.8055555555555555,1008.2,0.0,5,,23.3,30.740437786364605,27.6,100,7.0,Cloudy,Overcast
2026-05-05T07:00,29.5,34.7,67,0.19444444444444442,256,2.0,1009.0,0.0,5,,22.7,33.22869803355555,29.5,100,107.0,Cloudy,Overcast
2026-05-05T08:00,31.7,36.1,57,1.1111111111111112,300,4.194444444444445,1009.4,0.0,5,,22.1,35.55203763279116,31.7,100,345.0,Cloudy,Overcast
2026-05-05T09:00,33.8,38.1,49,0.9722222222222222,305,5.111111111111111,1009.5,0.0,5,,21.5,37.6348463880356,33.8,100,579.0,Cloudy,Overcast
2026-05-05T10:00,35.4,40.5,42,0.7222222222222222,106,4.888888888888889,1008.9,0.0,5,,20.7,38.627936674097775,35.4,100,743.0,Cloudy,Overcast
2026-05-05T11:00,34.6,39.6,51,4.166666666666667,127,9.388888888888888,1008.7,0.0,11.15,,22.9,40.11487045473776,34.6,77,882.0,Partly Cloudy,Partly cloudy
2026-05-05T12:00,32.4,36.7,59,4.861111111111111,168,11.694444444444445,1008.0,1.9,6.2,,23.4,37.70469801596466,32.4,95,764.0,Light Rain,Slight rain
2026-05-05T13:00,34.6,38.2,48,4.416666666666667,194,10.88888888888889,1007.0,0.0,5,,22.0,39.01948393735117,34.6,100,739.0,Cloudy,Overcast
2026-05-05T14:00,34.2,37.8,48,3.9722222222222223,228,10.499999999999998,1006.0,0.5,9.0,,21.6,38.1560003400713,34.2,100,731.0,Light Rain,Moderate drizzle
2026-05-05T15:00,34.1,36.9,48,3.638888888888889,223,9.194444444444445,1005.5,0.1,9.8,,21.6,37.94440954645119,34.1,100,503.0,Light Rain,Light drizzle
2026-05-05T16:00,33.8,36.9,48,2.611111111111111,223,8.38888888888889,1005.1,0.0,5,,21.3,37.31990941927126,33.8,100,287.0,Cloudy,Overcast
2026-05-05T17:00,32.9,36.5,56,3.5833333333333335,167,6.111111111111111,1005.2,0.0,5,,23.0,37.90810286197111,32.9,99,130.0,Cloudy,Overcast
2026-05-05T18:00,31.8,35.8,63,3.9722222222222223,174,7.805555555555555,1006.1,0.0,5,,23.9,37.512626383804495,31.8,100,29.0,Cloudy,Overcast
2026-05-05T19:00,30.9,35.3,69,3.8333333333333335,173,7.611111111111111,1006.9,0.0,5,,24.5,37.038550158497976,30.9,100,0.0,Cloudy,Overcast
2026-05-05T20:00,30.3,35.6,73,2.638888888888889,169,7.194444444444444,1007.5,0.0,5,,25.0,36.57835743531554,30.3,100,0.0,Cloudy,Overcast
2026-05-05T21:00,30.2,35.6,72,1.8611111111111112,182,4.805555555555555,1007.9,0.0,12.4,,24.5,36.04588833932453,30.2,52,0.0,Partly Cloudy,Partly cloudy
2026-05-05T22:00,29.6,35.1,71,0.888888888888889,227,3.194444444444444,1008.0,0.0,13.0,,23.7,34.30443810833765,29.6,40,0.0,Partly Cloudy,Mainly clear
2026-05-05T23:00,29.3,34.9,72,0.6388888888888888,309,2.0,1007.9,0.0,11.95,,23.8,33.805166701224486,29.3,61,0.0,Partly Cloudy,Partly cloudy
2026-05-06T00:00,29.8,34.8,71,2.0,348,3.1111111111111107,1007.3,0.0,11.9,,23.9,34.78809382241776,29.8,62,0.0,Partly Cloudy,Partly cloudy
2026-05-06T01:00,29.8,33.7,66,2.8055555555555554,336,5.305555555555556,1006.5,0.0,14.3,,22.8,33.66725780615112,29.8,14,0.0,Sunny,Clear skies
2026-05-06T02:00,29.1,32.8,67,2.8055555555555554,333,5.305555555555556,1005.9,0.0,5,,22.5,32.38934118267563,29.1,92,0.0,Cloudy,Overcast
2026-05-06T03:00,28.6,33.0,71,2.0,346,4.888888888888889,1006.0,0.0,12.1,,22.9,32.03816115713777,28.6,58,0.0,Partly Cloudy,Partly cloudy
2026-05-06T04:00,28.0,33.0,76,1.3888888888888888,341,3.611111111111111,1005.9,0.0,5,,23.4,31.500109619555538,28.0,86,0.0,Cloudy,Overcast
2026-05-06T05:00,27.5,33.3,82,0.9166666666666666,6,3.1111111111111107,1005.9,0.0,5,,24.2,31.134696943055765,27.5,100,0.0,Cloudy,Overcast
2026-05-06T06:00,28.2,34.0,82,1.611111111111111,344,2.694444444444444,1006.4,0.0,5,,24.8,32.94253091043562,28.2,97,10.0,Cloudy,Overcast
2026-05-06T07:00,29.8,35.9,77,1.5,339,4.194444444444445,1007.3,0.0,12.1,,25.2,36.26594982412446,29.8,58,136.0,Partly Cloudy,Partly cloudy
2026-05-06T08:00,31.0,37.1,71,1.5555555555555554,25,5.0,1007.9,0.2,9.6,,25.2,37.90283037377779,31.0,58,344.0,Light Rain,Light drizzle
2026-05-06T09:00,32.4,37.7,64,2.1944444444444446,47,6.305555555555555,1008.0,0.2,9.6,,24.6,39.377280111875685,32.4,28,548.0,Light Rain,Light drizzle
2026-05-06T10:00,34.1,39.0,52,2.75,57,7.805555555555555,1007.7,0.0,14.2,,22.7,39.31494115057559,34.1,16,732.0,Sunny,Clear skies
2026-05-06T11:00,34.5,39.0,44,2.5555555555555554,97,8.88888888888889,1007.0,0.0,13.9,,20.5,37.483663913277866,34.5,22,849.0,Partly Cloudy,Mainly clear
2026-05-06T12:00,34.7,38.8,44,4.0,93,9.694444444444445,1006.3,0.0,13.05,,20.8,37.88155493735788,34.7,39,901.0,Partly Cloudy,Mainly clear
2026-05-06T13:00,33.7,38.7,54,4.444444444444445,104,10.88888888888889,1005.7,0.1,9.8,,23.1,39.09338718562449,33.7,27,891.0,Light Rain,Light drizzle
2026-05-06T14:00,33.9,38.6,54,4.277777777777778,120,10.611111111111112,1004.4,0.0,14.5,,23.2,39.5678188930645,33.9,10,810.0,Sunny,Clear skies
2026-05-06T15:00,32.7,36.8,59,4.166666666666667,132,10.11111111111111,1004.4,0.2,9.6,,23.6,38.42407696052456,32.7,40,623.0,Light Rain,Light drizzle
2026-05-06T16:00,32.5,35.9,57,3.7777777777777777,146,9.61111111111111,1004.3,0.0,13.25,,22.9,37.308899161111285,32.5,35,430.0,Partly Cloudy,Mainly clear
2026-05-06T17:00,32.2,35.7,54,2.4166666666666665,156,8.694444444444445,1004.6,0.0,13.0,,21.6,35.7816842009245,32.2,40,218.0,Partly Cloudy,Mainly clear
2026-05-06T18:00,31.3,35.3,60,2.5277777777777777,163,5.611111111111111,1005.3,0.0,12.65,,22.7,35.49167040671781,31.3,47,48.0,Partly Cloudy,Mainly clear
2026-05-06T19:00,30.8,35.8,67,2.111111111111111,168,5.111111111111111,1006.2,0.0,11.35,,23.9,36.22136215683563,30.8,73,0.0,Partly Cloudy,Partly cloudy
2026-05-06T20:00,30.4,36.0,71,1.611111111111111,173,4.111111111111112,1006.9,0.0,5,,24.5,36.29986161233781,30.4,99,0.0,Cloudy,Overcast
2026-05-06T21:00,30.3,35.5,69,1.777777777777778,218,3.194444444444444,1007.3,0.0,5,,24.1,35.52292048585787,30.3,99,0.0,Cloudy,Overcast
2026-05-06T22:00,29.5,34.7,70,1.1388888888888888,285,3.1111111111111107,1007.4,0.0,5,,23.4,33.85140520705555,29.5,100,0.0,Cloudy,Overcast
2026-05-06T23:00,29.0,33.1,69,2.305555555555556,94,2.1944444444444446,1007.5,0.0,5,,22.7,32.54347754977772,29.0,100,0.0,Cloudy,Overcast
2026-05-07T00:00,27.0,31.1,87,4.583333333333333,152,8.88888888888889,1007.3,0.2,9.6,,24.7,30.42506920577787,27.0,100,0.0,Light Rain,Light drizzle
2026-05-07T01:00,26.9,32.2,88,2.361111111111111,156,8.194444444444445,1006.8,0.0,5,,24.7,30.256988074095563,26.9,100,0.0,Cloudy,Overcast
2026-05-07T02:00,27.0,32.9,89,1.5,178,4.305555555555555,1006.1,0.0,5,,25.0,30.630668045777686,27.0,100,0.0,Cloudy,Overcast
2026-05-07T03:00,26.9,32.9,90,1.777777777777778,190,2.888888888888889,1006.0,0.0,13.85,,25.2,30.451219818904367,26.9,23,0.0,Partly Cloudy,Mainly clear
2026-05-07T04:00,26.8,32.6,91,1.9166666666666667,203,3.194444444444444,1006.2,0.0,14.0,,25.1,30.262168373795518,26.8,20,0.0,Partly Cloudy,Mainly clear
2026-05-07T05:00,26.8,31.9,87,2.361111111111111,155,3.611111111111111,1006.8,0.0,5,,24.5,29.900723657457792,26.8,100,0.0,Cloudy,Overcast
2026-05-07T06:00,27.1,32.6,86,1.777777777777778,196,4.194444444444445,1007.0,0.1,9.8,,24.6,30.58413469370452,27.1,100,5.0,Light Rain,Light drizzle
2026-05-07T07:00,27.9,33.6,81,1.3333333333333333,236,3.5,1007.7,0.0,5,,24.4,31.999362965804615,27.9,100,92.0,Cloudy,Overcast
2026-05-07T08:00,29.1,34.5,72,1.0,267,3.888888888888889,1008.3,0.0,5,,23.7,33.335469414264495,29.1,100,218.0,Cloudy,Overcast
2026-05-07T09:00,30.6,35.6,64,1.0,330,4.111111111111112,1008.4,0.0,5,,23.0,34.9683301670756,30.6,100,350.0,Cloudy,Overcast
2026-05-07T10:00,31.7,36.3,59,1.25,23,4.611111111111112,1008.2,0.0,5,,22.7,36.1001477517244,31.7,100,429.0,Cloudy,Overcast
2026-05-07T11:00,31.8,36.4,60,1.6666666666666665,33,4.805555555555555,1007.4,0.0,5,,23.0,36.61135871201778,31.8,100,429.0,Cloudy,Overcast
2026-05-07T12:00,32.6,37.2,57,1.972222222222222,66,6.111111111111111,1006.5,0.0,5,,23.1,37.53769789623125,32.6,100,568.0,Cloudy,Overcast
2026-05-07T13:00,33.0,38.0,57,2.611111111111111,89,7.388888888888889,1005.6,0.0,5,,23.3,38.47331737911121,33.0,99,673.0,Cloudy,Overcast
2026-05-07T14:00,33.0,37.2,56,3.194444444444444,100,7.888888888888888,1004.6,0.0,5,,23.1,38.139577415111034,33.0,100,610.0,Cloudy,Overcast
2026-05-07T15:00,32.7,36.5,57,3.3888888888888884,112,8.38888888888889,1004.5,0.0,5,,23.1,37.768539085591215,32.7,95,562.0,Cloudy,Overcast
2026-05-07T16:00,32.2,36.1,58,2.833333333333333,118,8.11111111111111,1004.5,0.0,13.75,,22.8,36.93199960131567,32.2,25,420.0,Partly Cloudy,Mainly clear
2026-05-07T17:00,31.8,36.3,65,3.5277777777777777,159,6.805555555555555,1004.7,0.0,5,,24.5,38.143696883751076,31.8,92,228.0,Cloudy,Overcast
2026-05-07T18:00,30.3,34.7,69,3.416666666666667,187,7.305555555555555,1005.3,0.0,5,,24.1,35.52292048585787,30.3,100,44.0,Cloudy,Overcast
2026-05-07T19:00,30.0,34.8,72,2.861111111111111,218,6.388888888888888,1006.2,0.0,5,,24.3,35.52997874444458,30.0,100,0.0,Cloudy,Overcast
2026-05-07T20:00,29.1,33.6,75,3.222222222222222,237,6.388888888888888,1006.6,0.0,5,,24.2,33.94281318847107,29.1,100,0.0,Cloudy,Overcast
2026-05-07T21:00,28.0,32.6,80,2.9166666666666665,266,5.694444444444445,1007.5,0.0,5,,24.1,32.09907180177783,28.0,100,0.0,Cloudy,Overcast
2026-05-07T22:00,27.4,32.7,83,1.8333333333333333,315,5.305555555555556,1007.9,0.0,5,,24.2,31.009467811751076,27.4,100,0.0,Cloudy,Overcast
2026-05-07T23:00,28.0,32.9,81,2.611111111111111,358,3.5,1007.9,0.0,5,,24.4,32.25421116844447,28.0,100,0.0,Cloudy,Overcast
2026-05-08T00:00,27.8,33.4,82,1.5833333333333333,13,4.805555555555555,1007.2,0.0,5,,24.5,31.892086701635613,27.8,100,0.0,Cloudy,Overcast
2026-05-08T01:00,27.6,33.1,84,2.0833333333333335,21,3.611111111111111,1007.1,0.0,5,,24.7,31.65395945463122,27.6,100,0.0,Cloudy,Overcast
2026-05-08T02:00,27.5,32.3,84,3.0555555555555554,14,5.194444444444444,1006.6,0.0,5,,24.6,31.39171284861114,27.5,100,0.0,Cloudy,Overcast
2026-05-08T03:00,27.3,32.1,85,3.194444444444444,20,6.111111111111111,1005.9,0.1,9.8,,24.6,30.994165864595615,27.3,100,0.0,Light Rain,Light drizzle
2026-05-08T04:00,26.9,31.6,88,3.4444444444444446,19,6.111111111111111,1006.1,0.0,5,,24.7,30.256988074095563,26.9,100,0.0,Cloudy,Overcast
2026-05-08T05:00,26.6,31.1,87,3.194444444444444,20,6.194444444444445,1007.2,0.0,5,,24.2,26.6,26.6,100,0.0,Cloudy,Overcast
2026-05-08T06:00,26.2,30.7,87,3.0,350,6.111111111111111,1007.4,0.1,9.8,,24.0,26.2,26.2,100,5.0,Light Rain,Light drizzle
2026-05-08T07:00,26.7,31.3,84,2.611111111111111,342,6.111111111111111,1007.6,0.1,9.8,,23.7,29.400446017891106,26.7,100,105.0,Light Rain,Light drizzle
2026-05-08T08:00,27.9,32.4,77,2.5555555555555554,337,6.0,1007.9,0.0,5,,23.5,31.41596487316456,27.9,100,198.0,Cloudy,Overcast
2026-05-08T09:00,29.6,34.3,70,2.138888888888889,360,6.111111111111111,1008.2,0.0,5,,23.5,34.08372922291551,29.6,100,340.0,Cloudy,Overcast
2026-05-08T10:00,31.6,36.1,60,2.611111111111111,35,7.0,1007.8,0.0,12.35,,23.0,36.15703335233783,31.6,53,609.0,Partly Cloudy,Partly cloudy
2026-05-08T11:00,32.8,37.9,56,3.2499999999999996,44,8.38888888888889,1007.9,0.0,14.0,,22.9,37.678634623751115,32.8,20,811.0,Partly Cloudy,Mainly clear
2026-05-08T12:00,33.5,38.7,54,3.4444444444444446,57,9.0,1006.9,0.0,5,,22.8,38.62668990394449,33.5,100,843.0,Cloudy,Overcast
2026-05-08T13:00,33.6,38.7,54,3.9722222222222223,62,9.805555555555555,1005.8,0.0,5,,23.0,38.85907174156445,33.6,100,874.0,Cloudy,Overcast
2026-05-08T14:00,33.0,38.9,55,1.75,63,9.805555555555555,1004.7,0.0,5,,22.8,37.81306655955562,33.0,100,786.0,Cloudy,Overcast
2026-05-08T15:00,32.8,36.2,55,3.7777777777777777,59,8.88888888888889,1004.4,0.0,5,,22.7,37.36287972099555,32.8,100,557.0,Cloudy,Overcast
2026-05-08T16:00,32.2,35.8,59,3.8333333333333335,64,8.88888888888889,1004.5,0.0,5,,23.2,37.23568356812457,32.2,100,350.0,Cloudy,Overcast
2026-05-08T17:00,30.8,34.0,68,5.527777777777778,69,9.88888888888889,1005.0,1.0,8.0,,24.1,36.49805118540448,30.8,100,198.0,Light Rain,Dense drizzle
2026-05-08T18:00,30.4,34.4,69,4.0,58,10.694444444444445,1005.8,0.0,5,,24.0,35.769363055697866,30.4,100,43.0,Cloudy,Overcast
2026-05-08T19:00,30.0,34.4,72,3.9166666666666665,58,7.888888888888888,1006.7,0.0,5,,24.5,35.52997874444458,30.0,100,0.0,Cloudy,Overcast
2026-05-08T20:00,29.5,33.7,74,4.138888888888889,52,8.0,1007.5,0.0,5,,24.4,34.73373362661101,29.5,100,0.0,Cloudy,Overcast
2026-05-08T21:00,27.9,33.3,84,2.25,31,8.11111111111111,1008.5,5.6,0.1,,24.9,32.4584836089313,27.9,100,0.0,Light Rain,Moderate rain
2026-05-08T22:00,26.0,31.6,93,1.75,267,4.5,1009.1,5.3,0.1,,24.7,26.0,26.0,100,0.0,Light Rain,Moderate rain
2026-05-08T23:00,26.0,31.6,92,1.8055555555555556,347,4.388888888888889,1009.0,0.7,8.6,,24.6,26.0,26.0,100,0.0,Light Rain,Moderate drizzle
2026-05-09T00:00,25.7,31.2,95,2.0277777777777777,295,4.388888888888889,1008.2,2.4,5.2,,24.7,25.7,25.7,100,0.0,Light Rain,Slight rain
2026-05-09T01:00,25.6,31.4,95,1.6666666666666665,299,3.6944444444444446,1007.0,1.4,7.2,,24.8,25.6,25.6,100,0.0,Light Rain,Slight rain
2026-05-09T02:00,25.5,31.6,96,1.0555555555555556,270,3.0,1006.2,1.2,7.6,,24.8,25.5,25.5,100,0.0,Light Rain,Dense drizzle
2026-05-09T03:00,25.5,31.2,96,1.75,272,3.0,1006.1,1.9,6.2,,24.9,25.5,25.5,100,0.0,Light Rain,Slight rain
2026-05-09T04:00,25.5,30.8,96,2.388888888888889,282,4.111111111111112,1006.5,1.4,7.2,,24.8,25.5,25.5,100,0.0,Light Rain,Slight rain
2026-05-09T05:00,25.3,30.4,95,2.638888888888889,281,4.805555555555555,1006.8,1.9,6.2,,24.5,25.3,25.3,100,0.0,Light Rain,Slight rain
2026-05-09T06:00,25.6,30.7,95,2.638888888888889,281,4.611111111111112,1007.4,0.4,9.2,,24.7,25.6,25.6,100,5.0,Light Rain,Light drizzle
2026-05-09T07:00,26.3,32.0,93,2.1944444444444446,281,4.805555555555555,1007.8,0.3,9.4,,25.1,26.3,26.3,99,75.0,Light Rain,Light drizzle
2026-05-09T08:00,28.0,34.1,83,1.0,297,4.805555555555555,1008.9,0.2,9.6,,24.8,32.57096848711117,28.0,100,285.0,Light Rain,Light drizzle
2026-05-09T09:00,28.5,34.0,79,1.9444444444444444,18,4.888888888888889,1008.8,0.3,9.4,,24.6,33.20079605755559,28.5,100,271.0,Light Rain,Light drizzle
2026-05-09T10:00,29.0,34.4,77,2.138888888888889,49,5.888888888888888,1009.2,0.2,9.6,,24.7,34.1035042164445,29.0,100,429.0,Light Rain,Light drizzle
2026-05-09T11:00,29.3,34.9,76,1.611111111111111,64,6.0,1008.6,0.2,9.6,,24.6,34.669135328495585,29.3,100,487.0,Light Rain,Light drizzle
2026-05-09T12:00,30.4,37.3,73,0.8055555555555555,101,5.5,1007.4,0.3,9.4,,25.0,36.84891068979568,30.4,100,648.0,Light Rain,Light drizzle
2026-05-09T13:00,31.1,39.3,72,0.7777777777777777,140,5.5,1006.3,0.4,9.2,,25.4,38.49456536306456,31.1,100,789.0,Light Rain,Light drizzle
2026-05-09T14:00,30.8,37.3,72,1.9166666666666667,127,7.111111111111112,1005.4,4.9,0.1999999999999993,,25.2,37.655233534524584,30.8,99,664.0,Light Rain,Moderate rain
2026-05-09T15:00,28.4,33.7,82,2.7222222222222223,148,8.38888888888889,1005.1,6.9,0.1,,25.0,33.485149242275696,28.4,100,342.0,Light Rain,Moderate rain
2026-05-09T16:00,27.8,33.8,82,0.888888888888889,236,6.0,1005.1,1.0,8.0,,24.5,31.892086701635613,27.8,100,145.0,Light Rain,Dense drizzle
2026-05-09T17:00,27.1,33.2,88,1.1944444444444444,165,2.8055555555555554,1005.6,0.0,5,,24.9,30.80073825529573,27.1,100,134.0,Cloudy,Overcast
2026-05-09T18:00,26.7,33.4,92,0.41666666666666663,194,2.5,1006.2,0.1,9.8,,25.3,30.063287649891095,26.7,100,18.0,Light Rain,Light drizzle
2026-05-09T19:00,26.6,33.5,92,0.05555555555555556,180,1.0,1007.0,0.0,5,,25.2,26.6,26.6,100,0.0,Cloudy,Overcast
2026-05-09T20:00,26.8,33.3,90,0.5833333333333334,15,0.6944444444444444,1007.7,0.0,5,,25.1,30.17047290108456,26.8,100,0.0,Cloudy,Overcast
2026-05-09T21:00,26.6,32.9,93,1.0833333333333333,338,1.6944444444444442,1007.9,0.0,5,,25.3,26.6,26.6,100,0.0,Cloudy,Overcast
2026-05-09T22:00,26.7,32.8,93,1.8611111111111112,329,3.194444444444444,1007.9,0.0,5,,25.5,30.14966529407117,26.7,100,0.0,Cloudy,Overcast
2026-05-09T23:00,27.0,33.6,93,1.1944444444444444,345,3.8055555555555554,1007.8,0.0,5,,25.8,31.055097267111123,27.0,100,0.0,Cloudy,Overcast
2026-05-10T00:00,27.0,33.4,94,1.8611111111111112,19,3.1111111111111107,1007.1,0.0,5,,26.0,31.163961143555493,27.0,100,0.0,Cloudy,Overcast
2026-05-10T01:00,26.6,31.6,92,3.3888888888888884,358,5.805555555555555,1005.9,0.0,5,,25.2,26.6,26.6,100,0.0,Cloudy,Overcast
2026-05-10T02:00,26.3,31.0,89,3.1111111111111107,350,6.0,1005.7,0.0,5,,24.4,26.3,26.3,100,0.0,Cloudy,Overcast
2026-05-10T03:00,26.1,31.0,91,2.6666666666666665,339,5.388888888888888,1005.6,0.1,9.8,,24.4,26.1,26.1,100,0.0,Light Rain,Light drizzle
2026-05-10T04:00,25.9,31.1,92,2.2777777777777777,331,4.694444444444444,1005.7,0.2,9.6,,24.5,25.9,25.9,100,0.0,Light Rain,Light drizzle
2026-05-10T05:00,26.3,31.5,92,2.7222222222222223,325,3.888888888888889,1005.8,0.1,9.8,,24.9,26.3,26.3,100,0.0,Light Rain,Light drizzle
2026-05-10T06:00,26.5,31.9,92,2.611111111111111,347,4.611111111111112,1006.0,0.1,9.8,,25.1,26.5,26.5,100,6.0,Light Rain,Light drizzle
2026-05-10T07:00,27.3,33.2,89,2.055555555555556,1,4.611111111111112,1007.0,0.0,5,,25.3,31.48059413305791,27.3,100,64.0,Cloudy,Overcast
2026-05-10T08:00,28.0,33.4,85,2.6666666666666665,14,5.388888888888888,1008.0,0.0,5,,25.2,32.89636391955554,28.0,100,140.0,Cloudy,Overcast
2026-05-10T09:00,28.6,33.3,80,3.8055555555555554,39,7.805555555555555,1008.8,0.1,9.8,,24.8,33.65042868513787,28.6,100,186.0,Light Rain,Light drizzle
2026-05-10T10:00,28.9,33.9,79,3.0555555555555554,15,8.194444444444445,1008.0,0.1,9.8,,24.8,34.254982182675676,28.9,100,203.0,Light Rain,Light drizzle
2026-05-10T11:00,28.7,33.5,78,3.138888888888889,17,6.305555555555555,1008.2,0.3,9.4,,24.5,33.5285564334378,28.7,100,397.0,Light Rain,Light drizzle
2026-05-10T12:00,29.9,34.9,72,2.7222222222222223,40,7.305555555555555,1007.4,0.3,9.4,,24.4,35.2758749726645,29.9,100,567.0,Light Rain,Light drizzle
2026-05-10T13:00,30.1,35.2,71,2.4166666666666665,42,7.111111111111112,1006.5,0.1,9.8,,24.3,35.53257759593781,30.1,100,494.0,Light Rain,Light drizzle
2026-05-10T14:00,29.9,35.3,72,1.8055555555555556,71,6.611111111111111,1005.4,0.1,9.8,,24.4,35.2758749726645,29.9,100,420.0,Light Rain,Light drizzle
2026-05-10T15:00,29.2,34.6,76,2.0,127,4.888888888888889,1004.9,0.1,9.8,,24.6,34.409152851395646,29.2,100,235.0,Light Rain,Light drizzle
2026-05-10T16:00,28.8,34.3,78,1.8055555555555556,118,4.888888888888889,1004.7,0.1,9.8,,24.6,33.78724167393779,28.8,100,189.0,Light Rain,Light drizzle
2026-05-10T17:00,28.9,34.2,78,2.305555555555556,110,4.194444444444445,1005.0,0.2,9.6,,24.7,34.048695196717944,28.9,100,117.0,Light Rain,Light drizzle
2026-05-10T18:00,28.1,34.1,83,1.472222222222222,145,4.5,1005.9,0.0,5,,25.0,32.84147984815109,28.1,100,27.0,Cloudy,Overcast
2026-05-10T19:00,27.6,33.7,87,1.6388888888888888,191,2.8055555555555554,1006.7,0.0,5,,25.3,32.07154605809801,27.6,100,0.0,Cloudy,Overcast
2026-05-10T20:00,27.3,33.1,89,2.111111111111111,199,3.6944444444444446,1007.5,0.0,5,,25.3,31.48059413305791,27.3,100,0.0,Cloudy,Overcast
2026-05-10T21:00,27.0,32.4,88,2.2777777777777777,209,4.194444444444445,1008.1,0.0,5,,24.8,30.527317311555684,27.0,100,0.0,Cloudy,Overcast
2026-05-10T22:00,26.7,32.3,88,1.611111111111111,180,4.0,1008.2,0.0,5,,24.5,29.725604718015436,26.7,100,0.0,Cloudy,Overcast
2026-05-10T23:00,27.0,33.4,93,1.6666666666666665,190,2.888888888888889,1007.6,0.0,5,,25.7,31.055097267111123,27.0,100,0.0,Cloudy,Overcast
2026-05-11T00:00,27.0,32.7,91,2.305555555555556,224,3.888888888888889,1007.0,0.0,5,,25.3,30.840677399555553,27.0,100,0.0,Cloudy,Overcast
2026-05-11T01:00,26.3,31.7,92,2.4444444444444446,250,4.194444444444445,1006.4,0.0,5,,24.9,26.3,26.3,100,0.0,Cloudy,Overcast
2026-05-11T02:00,26.1,31.7,91,1.7222222222222223,262,4.194444444444445,1005.7,0.0,5,,24.6,26.1,26.1,100,0.0,Cloudy,Overcast
2026-05-11T03:00,25.8,32.0,93,0.6388888888888888,302,2.888888888888889,1005.7,0.0,5,,24.7,25.8,25.8,98,0.0,Cloudy,Overcast
2026-05-11T04:00,25.4,31.5,96,0.7777777777777777,333,1.3055555555555556,1005.6,0.0,5,,24.7,25.4,25.4,100,0.0,Cloudy,Overcast
2026-05-11T05:00,25.8,32.2,95,0.4722222222222222,342,2.111111111111111,1005.9,0.0,5,,24.9,25.8,25.8,99,0.0,Cloudy,Overcast
2026-05-11T06:00,26.9,33.3,92,1.2222222222222223,19,1.6944444444444442,1006.6,0.0,5,,25.5,30.649436165331206,26.9,100,9.0,Cloudy,Overcast
2026-05-11T07:00,28.7,35.5,84,1.0555555555555556,17,2.888888888888889,1007.1,0.0,5,,25.8,34.734299819491106,28.7,100,125.0,Cloudy,Overcast
2026-05-11T08:00,30.0,36.1,75,1.4444444444444444,22,4.388888888888889,1008.0,0.1,9.8,,25.1,36.29964811111102,30.0,100,329.0,Light Rain,Light drizzle
2026-05-11T09:00,30.8,36.5,71,1.8888888888888888,27,5.194444444444444,1008.2,0.1,9.8,,24.9,37.358374012017684,30.8,100,500.0,Light Rain,Light drizzle
2026-05-11T10:00,31.2,37.4,70,2.1666666666666665,44,5.888888888888888,1007.8,0.5,9.0,,25.1,38.14080833779555,31.2,96,647.0,Light Rain,Moderate drizzle
2026-05-11T11:00,31.4,38.8,68,1.8611111111111112,59,6.888888888888889,1007.5,0.5,9.0,,24.8,38.051438537884536,31.4,100,845.0,Light Rain,Moderate drizzle
2026-05-11T12:00,31.7,38.8,68,2.944444444444444,92,9.194444444444445,1006.6,0.1,9.8,,25.0,38.86094437290459,31.7,100,890.0,Light Rain,Light drizzle
2026-05-11T13:00,31.6,38.2,68,3.333333333333333,122,9.305555555555555,1005.8,0.8,8.4,,25.0,38.58867856428446,31.6,100,837.0,Light Rain,Moderate drizzle
2026-05-11T14:00,31.7,36.8,67,3.638888888888889,139,8.0,1005.0,0.0,5,,24.7,38.53040728683566,31.7,100,628.0,Cloudy,Overcast
2026-05-11T15:00,31.0,35.3,71,4.861111111111111,155,9.88888888888889,1004.5,0.0,5,,25.0,37.90283037377779,31.0,100,582.0,Cloudy,Overcast
2026-05-11T16:00,30.1,34.1,71,4.305555555555555,168,10.305555555555555,1004.2,0.0,5,,24.2,35.53257759593781,30.1,100,335.0,Cloudy,Overcast
2026-05-11T17:00,30.2,34.2,68,3.555555555555556,182,8.38888888888889,1004.6,0.0,5,,23.7,35.03216292300459,30.2,100,157.0,Cloudy,Overcast
2026-05-11T18:00,29.7,34.1,70,2.8055555555555554,185,6.305555555555555,1004.9,0.0,5,,23.7,34.31855246569572,29.7,100,43.0,Cloudy,Overcast
2026-05-11T19:00,29.4,34.2,73,2.611111111111111,182,5.111111111111111,1005.9,0.0,5,,24.1,34.26043202259561,29.4,100,0.0,Cloudy,Overcast
2026-05-11T20:00,28.5,33.8,78,1.75,183,4.388888888888889,1006.5,0.0,5,,24.2,33.01949079927781,28.5,100,0.0,Cloudy,Overcast
2026-05-11T21:00,27.6,33.2,82,1.2777777777777777,228,3.0,1006.6,0.0,5,,24.2,31.384260824675703,27.6,100,0.0,Cloudy,Overcast
2026-05-11T22:00,27.4,33.3,83,0.7777777777777777,281,2.111111111111111,1007.1,0.0,5,,24.2,31.009467811751076,27.4,100,0.0,Cloudy,Overcast
2026-05-11T23:00,27.2,33.2,85,1.0,311,1.3888888888888888,1006.6,0.0,5,,24.6,30.73440801939556,27.2,100,0.0,Cloudy,Overcast
2026-05-12T00:00,27.6,32.6,78,1.611111111111111,324,2.611111111111111,1005.6,0.0,5,,23.5,30.865725418417963,27.6,100,0.0,Cloudy,Overcast
2026-05-12T01:00,27.8,32.3,74,1.777777777777778,322,3.0,1004.9,0.0,5,,22.8,30.789025956391143,27.8,100,0.0,Cloudy,Overcast
2026-05-12T02:00,27.9,31.9,73,2.2222222222222223,298,3.8055555555555554,1004.4,0.0,5,,22.5,30.86543851179565,27.9,100,0.0,Cloudy,Overcast
2026-05-12T03:00,27.2,31.5,76,2.0277777777777777,293,3.8055555555555554,1004.0,0.0,5,,22.7,29.77689771459559,27.2,100,0.0,Cloudy,Overcast
2026-05-12T04:00,27.0,31.7,80,1.8611111111111112,308,3.3888888888888884,1004.2,0.0,5,,23.2,29.740206061777844,27.0,100,0.0,Cloudy,Overcast
2026-05-12T05:00,26.9,31.5,82,2.4444444444444446,317,3.611111111111111,1004.3,0.0,5,,23.6,29.698200449375552,26.9,93,0.0,Cloudy,Overcast
2026-05-12T06:00,27.6,33.0,86,2.5833333333333335,341,4.694444444444444,1004.7,0.0,11.2,,25.0,31.93061203580463,27.6,76,10.0,Partly Cloudy,Partly cloudy
2026-05-12T07:00,29.2,35.3,84,2.6666666666666665,3,5.5,1005.7,0.0,11.5,,26.1,36.253016772391355,29.2,70,139.0,Partly Cloudy,Partly cloudy
2026-05-12T08:00,30.6,36.4,75,2.833333333333333,26,7.111111111111112,1006.6,0.0,5,,25.7,37.99095214327118,30.6,100,362.0,Cloudy,Overcast
2026-05-12T09:00,31.6,37.2,69,2.5,37,6.499999999999999,1007.0,0.1,9.8,,25.2,38.91894001249777,31.6,29,558.0,Light Rain,Light drizzle
2026-05-12T10:00,32.5,38.8,63,2.305555555555556,56,6.388888888888888,1006.6,0.1,9.8,,24.6,39.290190994444664,32.5,38,732.0,Light Rain,Light drizzle
2026-05-12T11:00,32.3,38.9,62,2.638888888888889,76,7.305555555555555,1006.1,0.4,9.2,,24.1,38.43574750255776,32.3,84,848.0,Light Rain,Light drizzle
2026-05-12T12:00,31.4,37.9,70,3.1666666666666665,102,7.888888888888888,1005.5,0.9,8.2,,25.3,38.692929311715645,31.4,97,766.0,Light Rain,Moderate drizzle
2026-05-12T13:00,31.8,37.4,66,3.1666666666666665,113,7.805555555555555,1004.7,0.1,9.8,,24.7,38.46829974935109,31.8,99,676.0,Light Rain,Light drizzle
2026-05-12T14:00,31.5,36.6,69,3.888888888888889,118,8.694444444444445,1003.6,0.0,5,,25.1,38.642918039777946,31.5,100,607.0,Cloudy,Overcast
2026-05-12T15:00,30.5,35.7,76,3.7777777777777777,131,8.5,1003.6,0.0,5,,25.7,37.999671547055485,30.5,100,294.0,Cloudy,Overcast
2026-05-12T16:00,30.1,34.7,75,4.305555555555555,157,8.61111111111111,1003.6,0.1,9.8,,25.2,36.574860963671206,30.1,100,239.0,Light Rain,Light drizzle
2026-05-12T17:00,30.2,34.2,71,4.361111111111111,147,8.694444444444445,1003.9,0.0,5,,24.4,35.78580557441782,30.2,99,105.0,Cloudy,Overcast
2026-05-12T18:00,29.7,34.6,76,3.4722222222222223,160,8.38888888888889,1004.6,0.0,5,,25.0,35.73608401809568,29.7,100,37.0,Cloudy,Overcast
2026-05-12T19:00,29.6,34.6,77,3.2499999999999996,155,6.499999999999999,1005.1,0.0,5,,25.0,35.70892751116451,29.6,100,0.0,Cloudy,Overcast
2026-05-12T20:00,29.5,35.3,79,2.5277777777777777,163,5.694444444444445,1005.7,0.0,5,,25.5,35.920299453555494,29.5,100,0.0,Cloudy,Overcast
2026-05-12T21:00,29.4,35.9,82,1.611111111111111,158,4.305555555555555,1006.3,0.0,5,,25.9,36.3722031758758,29.4,100,0.0,Cloudy,Overcast
2026-05-12T22:00,29.1,35.9,84,1.3333333333333333,167,3.0,1006.6,0.0,5,,26.2,35.94334526973101,29.1,99,0.0,Cloudy,Overcast
2026-05-12T23:00,29.4,36.8,85,0.7777777777777777,153,2.1944444444444446,1006.1,0.0,12.0,,26.7,37.14119900691576,29.4,60,0.0,Partly Cloudy,Partly cloudy
2026-05-13T00:00,28.5,36.1,90,0.5833333333333334,250,1.1944444444444444,1005.2,0.0,5,,26.7,35.372205857944486,28.5,86,0.0,Cloudy,Overcast
2026-05-13T01:00,28.4,35.0,89,1.8888888888888888,325,3.1111111111111107,1004.4,0.0,5,,26.3,34.83748085569791,28.4,93,0.0,Cloudy,Overcast
2026-05-13T02:00,28.5,34.3,86,2.861111111111111,335,4.888888888888889,1003.8,0.0,5,,25.9,34.545045817944406,28.5,99,0.0,Cloudy,Overcast
2026-05-13T03:00,28.5,32.8,78,3.5833333333333335,312,6.194444444444445,1003.4,0.0,5,,24.2,33.01949079927781,28.5,98,0.0,Cloudy,Overcast
2026-05-13T04:00,28.3,31.5,70,3.555555555555556,304,6.194444444444445,1003.6,0.0,5,,22.4,31.258456716495616,28.3,97,0.0,Cloudy,Overcast
2026-05-13T05:00,27.8,31.9,76,2.944444444444444,271,6.305555555555555,1003.7,0.0,5,,23.2,31.053095374595543,27.8,85,0.0,Cloudy,Overcast
2026-05-13T06:00,27.8,32.2,77,2.5,270,5.111111111111111,1004.4,0.0,5,,23.3,31.188054025724462,27.8,100,9.0,Cloudy,Overcast
2026-05-13T07:00,28.9,33.5,73,2.2222222222222223,279,4.5,1005.6,0.0,5,,23.5,33.06373758699559,28.9,100,97.0,Cloudy,Overcast
2026-05-13T08:00,30.0,34.3,68,2.7222222222222223,276,5.611111111111111,1006.0,0.0,5,,23.4,34.56297774444439,30.0,100,207.0,Cloudy,Overcast
2026-05-13T09:00,31.2,35.5,63,2.611111111111111,263,6.111111111111111,1006.3,0.0,5,,23.4,36.0769945446045,31.2,100,313.0,Cloudy,Overcast
2026-05-13T10:00,32.3,37.1,60,1.9444444444444444,230,5.805555555555555,1005.8,0.0,5,,23.6,37.784797330317744,32.3,100,508.0,Cloudy,Overcast
2026-05-13T11:00,30.9,35.8,67,2.25,175,5.111111111111111,1005.9,0.0,5,,24.0,36.468338858675715,30.9,100,431.0,Cloudy,Overcast
2026-05-13T12:00,30.2,35.0,72,2.972222222222222,167,6.499999999999999,1005.2,0.0,5,,24.5,36.04588833932453,30.2,100,270.0,Cloudy,Overcast
2026-05-13T13:00,30.5,35.1,68,2.888888888888889,163,6.694444444444445,1004.1,0.0,5,,24.0,35.75416966794443,30.5,100,340.0,Cloudy,Overcast
2026-05-13T14:00,31.2,35.5,65,3.3055555555555554,162,7.194444444444444,1002.7,0.0,5,,23.9,36.639429006951175,31.2,100,434.0,Cloudy,Overcast
2026-05-13T15:00,30.5,34.4,67,3.7777777777777777,165,7.611111111111111,1002.4,0.0,5,,23.7,35.49480785355552,30.5,100,230.0,Cloudy,Overcast
2026-05-13T16:00,30.0,33.8,67,3.5,160,7.5,1002.5,0.0,5,,23.3,34.33180335555565,30.0,100,139.0,Cloudy,Overcast
2026-05-13T17:00,31.0,35.7,66,2.5277777777777777,155,6.694444444444445,1002.5,0.0,5,,23.9,36.434542467111115,31.0,95,51.0,Cloudy,Overcast
2026-05-13T18:00,30.2,35.7,72,1.9444444444444444,159,4.805555555555555,1003.3,0.0,5,,24.7,36.04588833932453,30.2,100,38.0,Cloudy,Overcast
2026-05-13T19:00,30.0,35.7,74,1.8611111111111112,166,3.3055555555555554,1004.0,0.0,5,,24.9,36.03886131111113,30.0,100,0.0,Cloudy,Overcast
2026-05-13T20:00,29.6,35.7,77,1.5833333333333333,198,3.194444444444444,1004.4,0.0,5,,25.2,35.70892751116451,29.6,100,0.0,Cloudy,Overcast
2026-05-13T21:00,29.2,35.5,80,1.3333333333333333,225,2.694444444444444,1004.9,0.0,5,,25.3,35.30381364801785,29.2,100,0.0,Cloudy,Overcast
2026-05-13T22:00,29.2,35.1,78,1.5555555555555554,248,2.611111111111111,1004.9,0.0,5,,25.0,34.849665458737974,29.2,100,0.0,Cloudy,Overcast
2026-05-13T23:00,29.0,35.5,82,1.0555555555555556,278,3.1111111111111107,1003.7,0.0,5,,25.5,35.18258914755547,29.0,100,0.0,Cloudy,Overcast
2026-05-14T00:00,29.0,33.8,72,1.7222222222222223,285,2.694444444444444,1003.0,0.0,5,,23.4,33.104471796444386,29.0,98,0.0,Cloudy,Overcast
2026-05-14T01:00,28.9,32.9,69,2.388888888888889,260,3.5,1002.3,0.0,5,,22.6,32.33154428329788,28.9,100,0.0,Cloudy,Overcast
2026-05-14T02:00,28.6,33.4,74,2.1666666666666665,248,4.5,1001.6,0.0,5,,23.6,32.55050254743109,28.6,99,0.0,Cloudy,Overcast
2026-05-14T03:00,28.3,34.1,80,1.1388888888888888,218,3.611111111111111,1001.7,0.0,5,,24.6,32.86199673351791,28.3,98,0.0,Cloudy,Overcast
2026-05-14T04:00,27.7,34.3,86,0.41666666666666663,240,1.8888888888888888,1002.2,0.0,5,,25.1,32.208992007384545,27.7,94,0.0,Cloudy,Overcast
2026-05-14T05:00,28.2,32.9,74,1.6944444444444442,284,1.3055555555555556,1002.3,0.0,5,,23.1,31.64868504519108,28.2,98,0.0,Cloudy,Overcast
2026-05-14T06:00,28.4,32.9,75,2.4722222222222223,288,3.888888888888889,1002.9,0.0,5,,23.5,32.25915318247125,28.4,100,11.0,Cloudy,Overcast
2026-05-14T07:00,29.8,34.9,73,2.361111111111111,282,4.888888888888889,1003.7,0.0,5,,24.4,35.26460912211558,29.8,100,120.0,Cloudy,Overcast
2026-05-14T08:00,30.9,36.5,69,1.5277777777777777,253,4.611111111111112,1004.3,0.0,5,,24.5,37.038550158497976,30.9,100,225.0,Cloudy,Overcast
2026-05-14T09:00,31.9,37.5,65,1.4444444444444444,245,3.888888888888889,1004.9,0.0,5,,24.4,38.40255063407126,31.9,100,310.0,Cloudy,Overcast
2026-05-14T10:00,31.7,37.3,65,1.3888888888888888,235,3.888888888888889,1005.5,0.0,5,,24.3,37.8871695441513,31.7,100,175.0,Cloudy,Overcast
2026-05-14T11:00,32.8,38.5,60,0.6666666666666666,234,3.6944444444444446,1004.5,0.0,5,,24.0,39.01198626161779,32.8,100,226.0,Cloudy,Overcast
2026-05-14T12:00,32.9,38.9,63,1.2777777777777777,144,3.6944444444444446,1003.7,0.0,5,,24.9,40.3555803886845,32.9,100,341.0,Cloudy,Overcast
2026-05-14T13:00,32.8,38.7,66,2.4722222222222223,140,5.611111111111111,1003.0,0.0,5,,25.7,41.22300979895109,32.8,100,409.0,Cloudy,Overcast
2026-05-14T14:00,32.7,37.9,65,3.222222222222222,152,7.305555555555555,1001.9,0.0,5,,25.3,40.55713142255123,32.7,100,406.0,Cloudy,Overcast
2026-05-14T15:00,33.2,38.5,61,2.3333333333333335,160,7.0,1001.3,0.0,5,,24.8,40.406971776195554,33.2,100,326.0,Cloudy,Overcast
2026-05-14T16:00,32.7,39.0,63,0.5555555555555556,153,5.194444444444444,1001.8,0.1,9.8,,24.8,39.818373129004456,32.7,100,177.0,Light Rain,Light drizzle
2026-05-14T17:00,32.0,36.8,65,3.0,165,2.8055555555555554,1002.6,0.3,9.4,,24.5,38.663730795111206,32.0,100,74.0,Light Rain,Light drizzle
2026-05-14T18:00,31.0,36.0,68,2.5,213,5.388888888888888,1003.6,0.0,5,,24.3,37.00612484844445,31.0,100,11.0,Cloudy,Overcast
2026-05-14T19:00,30.4,35.6,70,1.8055555555555556,246,4.388888888888889,1003.9,0.0,5,,24.2,36.03229351891557,30.4,100,0.0,Cloudy,Overcast
2026-05-14T20:00,29.9,35.9,73,0.888888888888889,251,3.0,1004.2,0.0,5,,24.6,35.52215639019566,29.9,100,0.0,Cloudy,Overcast
2026-05-14T21:00,29.7,36.1,75,0.5277777777777778,214,1.3888888888888888,1004.9,0.0,5,,24.8,35.49002032015121,29.7,100,0.0,Cloudy,Overcast
2026-05-14T22:00,29.3,36.1,80,0.5277777777777778,163,1.8055555555555556,1005.1,0.0,5,,25.5,35.58929720511786,29.3,100,0.0,Cloudy,Overcast
2026-05-14T23:00,28.9,34.8,80,1.5555555555555554,205,0.8055555555555555,1004.6,0.0,5,,25.0,34.46436765663795,28.9,100,0.0,Cloudy,Overcast
2026-05-15T00:00,28.5,34.1,81,2.0,215,3.3055555555555554,1004.0,0.0,5,,24.9,33.57145439044441,28.5,100,0.0,Cloudy,Overcast
2026-05-15T01:00,28.2,34.5,83,1.0555555555555556,229,3.5,1003.3,0.0,5,,25.1,33.11492299447119,28.2,100,0.0,Cloudy,Overcast
2026-05-15T02:00,28.1,35.0,86,0.41666666666666663,166,1.6944444444444442,1003.1,0.0,5,,25.5,33.352793570904396,28.1,95,0.0,Cloudy,Overcast
2026-05-15T03:00,28.0,34.5,87,1.0,189,1.6944444444444442,1002.9,0.0,5,,25.5,33.23039746577775,28.0,98,0.0,Cloudy,Overcast
2026-05-15T04:00,27.8,33.6,86,2.111111111111111,202,3.611111111111111,1002.9,0.0,12.25,,25.2,32.490400146684436,27.8,55,0.0,Partly Cloudy,Partly cloudy
2026-05-15T05:00,27.2,32.3,84,2.0277777777777777,203,3.888888888888889,1003.3,0.0,5,,24.2,30.62275736679103,27.2,100,0.0,Cloudy,Overcast
2026-05-15T06:00,27.2,31.9,84,2.944444444444444,223,5.305555555555556,1003.8,0.0,5,,24.3,30.62275736679103,27.2,100,6.0,Cloudy,Overcast
2026-05-15T07:00,27.7,32.5,82,3.083333333333333,224,5.888888888888888,1004.4,0.0,5,,24.4,31.63672407753552,27.7,100,38.0,Cloudy,Overcast
2026-05-15T08:00,29.2,34.6,76,2.1666666666666665,277,5.805555555555555,1005.1,0.0,5,,24.6,34.409152851395646,29.2,100,185.0,Cloudy,Overcast
2026-05-15T09:00,31.0,36.2,68,2.1944444444444446,290,5.694444444444445,1005.5,0.0,5,,24.4,37.00612484844445,31.0,98,396.0,Cloudy,Overcast
2026-05-15T10:00,31.6,37.0,65,1.4444444444444444,236,5.305555555555556,1005.4,0.0,5,,24.1,37.632968615271146,31.6,100,358.0,Cloudy,Overcast
2026-05-15T11:00,31.1,35.9,63,1.8333333333333333,279,4.111111111111112,1005.6,0.0,5,,23.4,35.845619555884475,31.1,100,374.0,Cloudy,Overcast
2026-05-15T12:00,32.4,38.2,58,0.5555555555555556,243,5.611111111111111,1004.9,0.2,9.6,,23.1,37.39010061219566,32.4,100,640.0,Light Rain,Light drizzle
2026-05-15T13:00,30.6,35.8,69,2.0,205,4.805555555555555,1004.7,0.7,8.6,,24.2,36.269643046097826,30.6,100,281.0,Light Rain,Moderate drizzle
2026-05-15T14:00,29.2,34.5,77,2.4166666666666665,212,5.111111111111111,1003.7,0.7,8.6,,24.8,34.62770470732472,29.2,100,221.0,Light Rain,Moderate drizzle
2026-05-15T15:00,28.4,33.9,79,1.5,228,5.0,1003.5,0.6,8.8,,24.4,32.94425269987566,28.4,100,179.0,Light Rain,Moderate drizzle
2026-05-15T16:00,28.8,34.2,76,1.5277777777777777,281,3.611111111111111,1003.0,0.0,5,,24.2,33.39624172419558,28.8,100,143.0,Cloudy,Overcast
2026-05-15T17:00,30.9,36.7,68,1.1666666666666667,50,5.611111111111111,1002.6,0.0,5,,24.4,36.750872751784605,30.9,85,160.0,Cloudy,Overcast
2026-05-15T18:00,29.7,35.9,76,1.0,45,2.611111111111111,1003.2,0.0,5,,25.1,35.73608401809568,29.7,96,52.0,Cloudy,Overcast
2026-05-15T19:00,29.3,36.3,81,0.41666666666666663,69,1.8055555555555556,1004.2,0.0,5,,25.6,35.82811786948443,29.3,96,0.0,Cloudy,Overcast
2026-05-15T20:00,29.1,35.4,79,1.027777777777778,219,1.611111111111111,1004.9,0.0,5,,25.1,34.798882861875526,29.1,91,0.0,Cloudy,Overcast
2026-05-15T21:00,28.7,34.1,77,1.75,235,3.0,1005.7,0.0,5,,24.4,33.33771711892448,28.7,100,0.0,Cloudy,Overcast
2026-05-15T22:00,28.1,33.6,80,1.4166666666666665,266,3.194444444444444,1006.1,0.0,5,,24.3,32.35054599903777,28.1,85,0.0,Cloudy,Overcast
2026-05-15T23:00,27.5,33.2,84,1.4166666666666665,247,2.305555555555556,1004.5,0.0,14.55,,24.5,31.39171284861114,27.5,9,0.0,Sunny,Clear skies
2026-05-16T00:00,27.2,32.9,85,1.1944444444444444,248,2.388888888888889,1004.2,0.0,14.600000000000001,,24.4,30.73440801939556,27.2,8,0.0,Sunny,Clear skies
2026-05-16T01:00,27.1,32.9,85,1.0,330,2.0,1004.3,0.0,13.7,,24.4,30.477646357715702,27.1,26,0.0,Partly Cloudy,Mainly clear
2026-05-16T02:00,26.8,33.3,89,0.38888888888888884,337,2.111111111111111,1003.4,0.0,14.5,,24.8,30.079666957457718,26.8,10,0.0,Sunny,Clear skies
2026-05-16T03:00,26.9,32.3,88,2.2222222222222223,344,4.305555555555555,1003.3,0.0,14.850000000000001,,24.7,30.256988074095563,26.9,3,0.0,Sunny,Clear skies
2026-05-16T04:00,26.5,32.5,90,1.027777777777778,313,3.6944444444444446,1003.3,0.0,12.85,,24.7,26.5,26.5,43,0.0,Partly Cloudy,Mainly clear
2026-05-16T05:00,25.7,31.4,91,0.8055555555555555,259,2.611111111111111,1002.7,0.0,14.7,,24.1,25.7,25.7,6,0.0,Sunny,Clear skies
2026-05-16T06:00,25.9,31.1,90,1.972222222222222,279,3.0,1003.7,0.0,12.25,,24.1,25.9,25.9,55,12.0,Partly Cloudy,Partly cloudy
2026-05-16T07:00,28.5,33.6,77,1.9444444444444444,273,4.305555555555555,1004.8,0.0,13.8,,24.1,32.84086814644454,28.5,24,144.0,Partly Cloudy,Mainly clear
2026-05-16T08:00,30.8,35.4,65,2.0,266,4.888888888888889,1005.1,0.0,12.65,,23.3,35.68311197015103,30.8,47,365.0,Partly Cloudy,Mainly clear
2026-05-16T09:00,32.8,36.6,53,2.111111111111111,265,5.694444444444445,1005.6,0.0,5,,21.9,36.752469523537776,32.8,90,566.0,Cloudy,Overcast
2026-05-16T10:00,33.8,37.9,46,1.3055555555555556,238,5.388888888888888,1005.4,0.0,5,,20.7,36.71405648259565,33.8,100,642.0,Cloudy,Overcast
2026-05-16T11:00,33.5,35.6,40,1.3333333333333333,151,4.388888888888889,1005.8,0.0,5,,17.9,34.58843782905559,33.5,99,423.0,Cloudy,Overcast
2026-05-16T12:00,32.3,34.0,46,3.2499999999999996,105,7.0,1005.2,0.0,5,,19.1,33.96073038369554,32.3,100,514.0,Cloudy,Overcast
2026-05-16T13:00,31.3,34.0,54,3.611111111111111,101,8.694444444444445,1004.2,0.0,5,,20.8,34.00349190562452,31.3,98,604.0,Cloudy,Overcast
2026-05-16T14:00,31.8,34.8,53,2.833333333333333,120,7.888888888888888,1002.7,0.0,11.3,,21.1,34.71997850913791,31.8,74,486.0,Partly Cloudy,Partly cloudy
2026-05-16T15:00,32.4,35.9,54,2.5833333333333335,122,6.388888888888888,1002.4,0.0,5,,21.8,36.19810771516453,32.4,90,472.0,Cloudy,Overcast
2026-05-16T16:00,31.5,34.6,58,3.8055555555555554,136,7.5,1002.5,0.0,5,,22.3,35.39411724705568,31.5,88,259.0,Cloudy,Overcast
2026-05-16T17:00,30.8,35.4,62,1.4166666666666665,318,9.388888888888888,1003.2,0.0,5,,22.7,34.91355636625777,30.8,100,201.0,Cloudy,Overcast
2026-05-16T18:00,30.5,34.4,60,1.8055555555555556,321,3.888888888888889,1003.5,0.0,5,,21.9,33.81196976927774,30.5,100,26.0,Cloudy,Overcast
2026-05-16T19:00,29.8,35.0,67,0.4722222222222222,342,3.1111111111111107,1004.1,0.0,5,,23.0,33.88337332563552,29.8,100,0.0,Cloudy,Overcast
2026-05-16T20:00,29.8,34.9,67,0.6388888888888888,302,1.3055555555555556,1004.6,0.0,5,,23.0,33.88337332563552,29.8,100,0.0,Cloudy,Overcast
2026-05-16T21:00,29.2,34.8,72,0.6111111111111112,305,1.3055555555555556,1005.4,0.0,5,,23.7,33.5690343825246,29.2,99,0.0,Cloudy,Overcast
2026-05-16T22:00,28.9,34.6,74,0.6111111111111112,294,1.1111111111111112,1005.9,0.0,5,,23.8,33.254532132931104,28.9,99,0.0,Cloudy,Overcast
2026-05-16T23:00,29.0,35.1,76,0.5277777777777778,292,2.111111111111111,1005.1,0.0,5,,24.4,33.897293531555505,29.0,99,0.0,Cloudy,Overcast
2026-05-17T00:00,28.7,34.6,76,0.41666666666666663,346,0.888888888888889,1005.1,0.0,5,,24.1,33.14976863769547,28.7,100,0.0,Cloudy,Overcast
2026-05-17T01:00,28.5,34.4,77,0.4722222222222222,347,0.888888888888889,1005.0,0.0,5,,24.1,32.84086814644454,28.5,98,0.0,Cloudy,Overcast
2026-05-17T02:00,28.4,34.0,76,0.6388888888888888,337,1.1944444444444444,1004.6,0.0,5,,23.8,32.42656064691576,28.4,99,0.0,Cloudy,Overcast
2026-05-17T03:00,28.2,34.0,79,0.8611111111111112,353,1.6944444444444442,1003.9,0.0,11.95,,24.2,32.43956979283552,28.2,61,0.0,Partly Cloudy,Partly cloudy
2026-05-17T04:00,28.2,34.0,80,1.25,14,2.305555555555556,1004.1,0.0,11.35,,24.5,32.60485430961779,28.2,73,0.0,Partly Cloudy,Partly cloudy
2026-05-17T05:00,28.2,33.6,76,0.7222222222222222,348,2.1944444444444446,1004.0,0.0,11.15,,23.5,31.957931376995493,28.2,77,0.0,Partly Cloudy,Partly cloudy
2026-05-17T06:00,28.6,33.7,74,1.1944444444444444,272,1.6944444444444442,1005.1,0.0,11.05,,23.5,32.55050254743109,28.6,79,8.0,Partly Cloudy,Partly cloudy
2026-05-17T07:00,29.8,34.6,68,1.5555555555555554,243,3.611111111111111,1006.0,0.0,11.4,,23.3,34.103514687004505,29.8,72,117.0,Partly Cloudy,Partly cloudy
2026-05-17T08:00,31.2,36.2,65,1.75,255,4.5,1006.4,0.0,14.0,,23.8,36.639429006951175,31.2,20,344.0,Partly Cloudy,Mainly clear
2026-05-17T09:00,32.7,37.9,60,1.8333333333333333,249,5.194444444444444,1006.6,0.0,14.850000000000001,,23.8,38.7622484503178,32.7,3,569.0,Sunny,Clear skies
2026-05-17T10:00,33.5,39.7,56,1.5,176,5.111111111111111,1006.6,0.0,14.45,,23.6,39.327044904611135,33.5,11,728.0,Sunny,Clear skies
2026-05-17T11:00,32.0,37.3,59,3.194444444444444,145,7.111111111111112,1006.2,0.0,14.2,,22.9,36.775126332444664,32.0,16,829.0,Sunny,Clear skies
2026-05-17T12:00,33.2,39.1,58,3.416666666666667,151,8.0,1005.6,0.4,9.2,,23.8,39.305642666915595,33.2,14,860.0,Light Rain,Light drizzle
2026-05-17T13:00,33.5,39.0,58,4.388888888888889,166,9.388888888888888,1004.8,0.0,14.5,,24.0,40.05826536705553,33.5,10,882.0,Sunny,Clear skies
2026-05-17T14:00,30.7,36.1,73,5.194444444444444,194,10.611111111111112,1004.0,1.1,7.8,,25.3,37.67617763691568,30.7,33,793.0,Light Rain,Dense drizzle
2026-05-17T15:00,33.0,37.7,61,3.7777777777777777,191,10.11111111111111,1002.8,0.6,8.8,,24.5,39.88056831955563,33.0,17,596.0,Light Rain,Moderate drizzle
2026-05-17T16:00,32.6,37.1,60,2.861111111111111,248,7.805555555555555,1002.9,0.2,9.6,,23.8,38.51466065153786,32.6,17,454.0,Light Rain,Light drizzle
2026-05-17T17:00,31.1,37.2,73,2.055555555555556,167,5.888888888888888,1003.0,0.2,9.6,,25.7,38.81561699499562,31.1,52,228.0,Light Rain,Light drizzle
2026-05-17T18:00,30.2,38.2,87,1.2222222222222223,142,4.305555555555555,1004.2,0.7,8.6,,27.7,40.47924267905792,30.2,53,52.0,Light Rain,Moderate drizzle
2026-05-17T19:00,30.0,38.5,89,0.5833333333333334,142,2.111111111111111,1005.0,0.0,12.05,,27.9,40.39484947777768,30.0,59,0.0,Partly Cloudy,Partly cloudy
2026-05-17T20:00,30.0,38.7,89,0.19444444444444442,256,0.888888888888889,1005.9,0.0,12.7,,28.0,40.39484947777768,30.0,46,0.0,Partly Cloudy,Mainly clear
2026-05-17T21:00,29.6,36.8,84,1.25,275,2.0,1006.8,0.0,12.95,,26.6,37.52134334343106,29.6,41,0.0,Partly Cloudy,Mainly clear
2026-05-17T22:00,29.2,34.3,75,2.1944444444444446,269,3.611111111111111,1007.3,0.0,12.1,,24.3,34.1940098909512,29.2,58,0.0,Partly Cloudy,Partly cloudy
2026-05-17T23:00,28.8,34.1,76,1.6944444444444442,238,4.0,1006.8,0.0,11.7,,24.2,33.39624172419558,28.8,66,0.0,Partly Cloudy,Partly cloudy
2026-05-18T00:00,28.2,33.8,79,1.3333333333333333,217,3.0,1006.3,0.0,5,,24.3,32.43956979283552,28.2,95,0.0,Cloudy,Overcast
2026-05-18T01:00,27.7,33.4,82,1.3055555555555556,189,2.305555555555556,1005.6,0.0,5,,24.4,31.63672407753552,27.7,97,0.0,Cloudy,Overcast
2026-05-18T02:00,27.4,33.1,84,1.3055555555555556,208,2.305555555555556,1005.1,0.0,5,,24.4,31.132430298631007,27.4,89,0.0,Cloudy,Overcast
2026-05-18T03:00,27.1,32.6,84,1.3333333333333333,207,2.388888888888889,1005.1,0.0,5,,24.2,30.37236698493127,27.1,84,0.0,Cloudy,Overcast
2026-05-18T04:00,26.9,32.1,84,1.6388888888888888,180,2.8055555555555554,1005.2,0.0,5,,24.0,29.880478389331,26.9,96,0.0,Cloudy,Overcast
2026-05-18T05:00,27.0,32.3,84,1.5833333333333333,198,3.6944444444444446,1005.3,0.0,5,,24.1,30.12494065911114,27.0,97,0.0,Cloudy,Overcast
2026-05-18T06:00,27.1,32.2,83,1.8333333333333333,221,3.0,1005.9,0.0,5,,24.0,30.26829657535116,27.1,98,11.0,Cloudy,Overcast
2026-05-18T07:00,28.4,33.7,77,1.472222222222222,246,3.6944444444444446,1006.7,0.0,5,,24.0,32.59654638796461,28.4,100,140.0,Cloudy,Overcast
2026-05-18T08:00,30.0,35.6,71,1.1944444444444444,225,3.888888888888889,1007.4,0.0,5,,24.2,35.28188297777771,30.0,99,345.0,Cloudy,Overcast
2026-05-18T09:00,31.5,37.0,65,1.25,196,4.305555555555555,1008.0,0.0,5,,24.0,37.381094097111244,31.5,99,560.0,Cloudy,Overcast
2026-05-18T10:00,32.8,38.7,59,2.25,184,5.888888888888888,1007.8,0.0,5,,23.8,38.66809854812454,32.8,99,730.0,Cloudy,Overcast
2026-05-18T11:00,34.0,39.4,54,3.8055555555555554,190,7.888888888888888,1006.8,0.0,5,,23.5,39.80793515644445,34.0,98,846.0,Cloudy,Overcast
2026-05-18T12:00,34.6,39.2,51,5.138888888888888,190,10.694444444444445,1006.1,0.0,5,,23.1,40.11487045473776,34.6,88,899.0,Cloudy,Overcast
2026-05-18T13:00,34.0,37.7,54,6.499999999999999,190,12.888888888888888,1005.5,0.1,9.8,,23.3,39.80793515644445,34.0,87,867.0,Light Rain,Light drizzle
2026-05-18T14:00,33.5,36.5,56,6.944444444444445,195,13.38888888888889,1004.4,0.4,9.2,,23.5,39.327044904611135,33.5,84,739.0,Light Rain,Light drizzle
2026-05-18T15:00,34.1,36.3,51,6.694444444444445,213,13.694444444444443,1003.9,0.3,9.4,,22.6,38.959863731137744,34.1,59,646.0,Light Rain,Light drizzle
2026-05-18T16:00,33.0,34.9,55,6.611111111111111,219,13.11111111111111,1004.3,0.3,9.4,,22.9,37.81306655955562,33.0,73,429.0,Light Rain,Light drizzle
2026-05-18T17:00,32.3,35.0,57,4.972222222222221,221,12.194444444444443,1004.8,0.0,5,,22.7,36.85742905359111,32.3,100,232.0,Cloudy,Overcast
2026-05-18T18:00,30.7,32.6,62,6.388888888888888,212,11.694444444444445,1005.6,0.0,5,,22.5,34.69651163695783,30.7,98,44.0,Cloudy,Overcast
2026-05-18T19:00,29.9,32.0,65,6.055555555555555,214,11.5,1006.7,0.0,11.4,,22.6,33.6674936644711,29.9,72,0.0,Partly Cloudy,Partly cloudy
2026-05-18T20:00,29.4,31.8,67,5.472222222222222,216,10.88888888888889,1007.6,0.0,12.5,,22.7,33.015264870275686,29.4,50,0.0,Partly Cloudy,Partly cloudy
2026-05-18T21:00,28.9,31.6,71,5.166666666666667,216,9.805555555555555,1008.5,0.0,5,,23.0,32.69144395913779,28.9,82,0.0,Cloudy,Overcast
2026-05-18T22:00,28.8,31.8,71,4.722222222222222,217,9.194444444444445,1008.9,0.0,5,,23.0,32.47114966481776,28.8,91,0.0,Cloudy,Overcast
2026-05-18T23:00,28.8,31.7,70,4.861111111111111,220,8.38888888888889,1008.4,0.0,5,,22.8,32.29511544979564,28.8,96,0.0,Cloudy,Overcast
2026-05-19T00:00,28.4,31.6,72,4.277777777777778,221,8.694444444444445,1008.0,0.0,5,,22.9,31.77240044876451,28.4,95,0.0,Cloudy,Overcast
2026-05-19T01:00,28.1,31.6,73,3.611111111111111,219,7.5,1007.4,0.0,5,,22.9,31.284288748595674,28.1,100,0.0,Cloudy,Overcast
2026-05-19T02:00,27.8,31.3,74,3.638888888888889,217,6.499999999999999,1007.0,0.0,5,,22.8,30.789025956391143,27.8,91,0.0,Cloudy,Overcast
2026-05-19T03:00,27.6,31.4,75,3.0555555555555554,222,6.388888888888888,1006.8,0.0,5,,22.7,30.495077985671223,27.6,94,0.0,Cloudy,Overcast
2026-05-19T04:00,27.5,31.5,75,2.638888888888889,219,5.305555555555556,1006.8,0.0,5,,22.8,30.286576661111194,27.5,91,0.0,Cloudy,Overcast
2026-05-19T05:00,27.2,31.2,78,2.944444444444444,215,4.5,1007.2,0.0,5,,23.1,29.98047169953779,27.2,99,0.0,Cloudy,Overcast
2026-05-19T06:00,27.1,31.3,79,2.5,224,5.305555555555556,1007.7,0.0,5,,23.1,29.864104569075657,27.1,99,12.0,Cloudy,Overcast
2026-05-19T07:00,28.3,32.8,74,2.1944444444444446,227,4.888888888888889,1008.4,0.0,5,,23.3,31.870187069491237,28.3,98,142.0,Cloudy,Overcast
2026-05-19T08:00,29.7,34.6,70,1.8888888888888888,222,5.111111111111111,1008.6,0.0,5,,23.6,34.31855246569572,29.7,86,358.0,Cloudy,Overcast
2026-05-19T09:00,31.4,36.5,64,1.777777777777778,216,5.111111111111111,1008.5,0.0,5,,23.7,36.836206770275595,31.4,93,566.0,Cloudy,Overcast
2026-05-19T10:00,33.5,37.9,55,4.277777777777778,232,9.0,1008.3,0.0,5,,23.2,38.97300922155554,33.5,98,748.0,Cloudy,Overcast
2026-05-19T11:00,34.2,39.1,54,3.5,237,10.388888888888888,1007.8,0.0,11.1,,23.4,40.29396850252446,34.2,78,740.0,Partly Cloudy,Partly cloudy
2026-05-19T12:00,34.9,39.6,50,4.388888888888889,221,9.61111111111111,1007.1,0.0,5,,23.0,40.439133476504466,34.9,94,834.0,Cloudy,Overcast
2026-05-19T13:00,35.1,38.3,47,6.222222222222221,211,12.38888888888889,1006.1,0.0,5,,22.2,39.76316091183124,35.1,96,847.0,Cloudy,Overcast
2026-05-19T14:00,34.2,36.1,50,7.277777777777778,206,14.694444444444443,1005.1,0.0,5,,22.3,38.83508636428456,34.2,99,712.0,Cloudy,Overcast
2026-05-19T15:00,33.3,34.9,54,7.388888888888889,207,14.805555555555554,1004.3,0.0,5,,22.8,38.16772704802459,33.3,95,577.0,Cloudy,Overcast
2026-05-19T16:00,32.7,34.7,57,6.777777777777777,206,14.305555555555555,1004.2,0.0,11.05,,23.1,37.768539085591215,32.7,79,444.0,Partly Cloudy,Partly cloudy
2026-05-19T17:00,32.5,35.1,57,5.249999999999999,210,12.999999999999998,1005.0,0.0,11.25,,22.8,37.308899161111285,32.5,75,237.0,Partly Cloudy,Partly cloudy
2026-05-19T18:00,31.4,34.2,61,4.888888888888889,209,9.805555555555555,1005.4,0.0,13.65,,22.9,35.984064002115524,31.4,27,51.0,Partly Cloudy,Mainly clear
2026-05-19T19:00,30.3,33.5,66,4.694444444444444,209,8.694444444444445,1006.6,0.0,13.6,,23.2,34.77897102245114,30.3,28,0.0,Partly Cloudy,Mainly clear
2026-05-19T20:00,29.8,33.6,69,3.7777777777777777,210,8.38888888888889,1007.7,0.0,13.85,,23.5,34.327681890257786,29.8,23,0.0,Partly Cloudy,Mainly clear
2026-05-19T21:00,29.5,33.9,71,2.944444444444444,212,6.694444444444445,1008.5,0.0,14.0,,23.7,34.06641029177772,29.5,20,0.0,Partly Cloudy,Mainly clear
2026-05-19T22:00,29.1,33.8,74,2.4444444444444446,215,5.194444444444444,1009.1,0.0,11.0,,23.9,33.7370596941311,29.1,80,0.0,Cloudy,Overcast
2026-05-19T23:00,29.1,33.1,72,3.6666666666666665,211,5.0,1008.7,0.0,5,,23.7,33.335469414264495,29.1,98,0.0,Cloudy,Overcast
2026-05-20T00:00,29.0,32.9,73,3.6666666666666665,219,6.805555555555555,1008.2,0.0,5,,23.6,33.29787407955561,29.0,99,0.0,Cloudy,Overcast
2026-05-20T01:00,28.6,32.4,74,3.8055555555555554,224,6.694444444444445,1007.5,0.0,5,,23.4,32.55050254743109,28.6,97,0.0,Cloudy,Overcast
2026-05-20T02:00,27.9,31.5,76,3.861111111111111,213,6.888888888888889,1006.6,0.0,5,,23.2,31.27525155801561,27.9,100,0.0,Cloudy,Overcast
2026-05-20T03:00,27.6,31.5,77,3.2777777777777777,227,6.805555555555555,1006.4,0.0,5,,23.1,30.740437786364605,27.6,100,0.0,Cloudy,Overcast
2026-05-20T04:00,27.6,31.6,77,2.8055555555555554,231,5.694444444444445,1006.9,0.0,5,,23.1,30.740437786364605,27.6,100,0.0,Cloudy,Overcast
2026-05-20T05:00,27.7,32.3,78,2.4166666666666665,223,4.805555555555555,1006.7,0.0,5,,23.6,31.093959553837742,27.7,100,0.0,Cloudy,Overcast
2026-05-20T06:00,27.8,32.6,79,2.4444444444444446,219,4.194444444444445,1007.0,0.0,5,,23.9,31.46381921203556,27.8,100,12.0,Cloudy,Overcast
2026-05-20T07:00,29.1,34.1,75,2.1666666666666665,218,4.805555555555555,1007.6,0.0,5,,24.1,33.94281318847107,29.1,100,146.0,Cloudy,Overcast
2026-05-20T08:00,31.0,36.0,67,2.2222222222222223,236,5.5,1007.9,0.0,5,,24.2,36.71771152755559,31.0,100,362.0,Cloudy,Overcast
2026-05-20T09:00,32.6,37.7,61,2.3333333333333335,245,5.805555555555555,1007.9,0.0,5,,24.1,38.853988350915586,32.6,100,575.0,Cloudy,Overcast
2026-05-20T10:00,34.3,40.0,54,2.5,247,6.611111111111111,1007.7,0.0,5,,23.6,40.539885585224475,34.3,100,750.0,Cloudy,Overcast
2026-05-20T11:00,35.5,41.3,47,2.5,224,6.388888888888888,1007.1,0.0,5,,22.6,40.666307449111166,35.5,100,862.0,Cloudy,Overcast
2026-05-20T12:00,36.7,42.0,44,3.222222222222222,233,8.0,1006.2,0.0,5,,22.4,42.203987970957805,36.7,100,877.0,Cloudy,Overcast
2026-05-20T13:00,37.5,43.1,43,2.75,233,8.305555555555555,1005.2,0.0,5,,22.6,43.63878250555557,37.5,100,870.0,Cloudy,Overcast
2026-05-20T14:00,35.4,39.3,49,4.916666666666666,291,10.194444444444445,1004.4,0.2,9.6,,23.0,41.22878470227549,35.4,100,753.0,Light Rain,Light drizzle
2026-05-20T15:00,36.2,39.7,45,3.8333333333333335,287,10.11111111111111,1004.0,0.1,9.8,,22.5,41.47002630668446,36.2,100,599.0,Light Rain,Light drizzle
2026-05-20T16:00,35.3,38.3,47,3.8055555555555554,268,8.5,1004.3,0.0,5,,22.2,40.21138495359118,35.3,98,437.0,Cloudy,Overcast
2026-05-20T17:00,34.4,38.2,51,2.944444444444444,284,7.388888888888889,1004.5,0.0,5,,22.7,39.6473973579377,34.4,95,236.0,Cloudy,Overcast
2026-05-20T18:00,33.5,38.0,54,1.8333333333333333,279,5.5,1005.4,0.0,11.7,,22.9,38.62668990394449,33.5,66,54.0,Partly Cloudy,Partly cloudy
2026-05-20T19:00,32.5,36.5,56,2.2777777777777777,247,3.6944444444444446,1006.3,0.0,14.75,,22.6,37.002267798611165,32.5,5,0.0,Sunny,Clear skies
2026-05-20T20:00,31.5,35.3,60,3.0555555555555554,230,5.305555555555556,1007.0,0.0,14.05,,22.9,35.93309569127784,31.5,19,0.0,Sunny,Clear skies
2026-05-20T21:00,30.5,34.3,66,3.611111111111111,222,6.388888888888888,1007.9,0.0,12.75,,23.3,35.24018513261102,30.5,45,0.0,Partly Cloudy,Mainly clear
2026-05-20T22:00,29.8,34.0,70,3.3888888888888884,224,6.499999999999999,1008.4,0.0,12.05,,23.8,34.555874935395536,29.8,59,0.0,Partly Cloudy,Partly cloudy
2026-05-20T23:00,29.6,34.1,73,3.194444444444444,221,6.0,1007.4,0.0,5,,24.1,34.75731817779557,29.6,83,0.0,Cloudy,Overcast
2026-05-21T00:00,29.1,33.6,75,3.222222222222222,221,5.805555555555555,1006.8,0.0,5,,24.2,33.94281318847107,29.1,90,0.0,Cloudy,Overcast
2026-05-21T01:00,28.6,33.1,77,3.3055555555555554,218,5.888888888888888,1006.3,0.0,5,,24.1,33.08792505676448,28.6,97,0.0,Cloudy,Overcast
2026-05-21T02:00,28.2,32.6,78,3.138888888888889,216,5.805555555555555,1005.8,0.0,5,,24.0,32.27665446513778,28.2,98,0.0,Cloudy,Overcast
2026-05-21T03:00,27.9,32.4,80,3.0277777777777777,220,5.611111111111111,1005.9,0.0,5,,24.0,31.85043171783788,27.9,93,0.0,Cloudy,Overcast
2026-05-21T04:00,27.7,32.2,81,3.083333333333333,219,5.305555555555556,1006.2,0.0,5,,24.1,31.498267002284436,27.7,100,0.0,Cloudy,Overcast
2026-05-21T05:00,28.0,32.4,81,3.75,211,5.611111111111111,1006.4,0.0,5,,24.5,32.25421116844447,28.0,98,0.0,Cloudy,Overcast
2026-05-21T06:00,28.1,32.7,82,3.555555555555556,214,6.694444444444445,1007.0,0.0,5,,24.6,32.67557080137564,28.1,92,12.0,Cloudy,Overcast
2026-05-21T07:00,29.5,34.2,75,3.416666666666667,215,6.805555555555555,1007.6,0.0,5,,24.7,34.96361076511119,29.5,98,146.0,Cloudy,Overcast
2026-05-21T08:00,31.4,36.0,66,3.4444444444444446,223,7.5,1008.2,0.0,5,,24.4,37.432531024071196,31.4,95,366.0,Cloudy,Overcast
2026-05-21T09:00,33.0,37.8,60,2.9166666666666665,232,7.388888888888889,1008.2,0.0,5,,24.3,39.51791192177781,33.0,100,561.0,Cloudy,Overcast
2026-05-21T10:00,34.4,40.2,55,2.6666666666666665,227,6.888888888888889,1007.7,0.0,5,,24.1,41.18501804931552,34.4,100,736.0,Cloudy,Overcast
2026-05-21T11:00,35.7,42.5,50,1.8333333333333333,213,6.694444444444445,1006.9,0.0,5,,23.5,42.37951838338451,35.7,95,871.0,Cloudy,Overcast
2026-05-21T12:00,36.6,43.0,46,2.5833333333333335,216,6.888888888888889,1006.3,0.0,5,,23.0,42.83909740851561,36.6,98,926.0,Cloudy,Overcast
2026-05-21T13:00,37.2,42.8,44,3.4722222222222223,198,7.805555555555555,1005.8,0.0,5,,23.1,43.38218793185786,37.2,93,891.0,Cloudy,Overcast
2026-05-21T14:00,35.2,39.3,50,4.944444444444445,227,11.38888888888889,1005.2,0.4,9.2,,23.2,41.15337929068452,35.2,91,767.0,Light Rain,Light drizzle
2026-05-21T15:00,34.4,39.3,56,3.4722222222222223,231,10.194444444444445,1004.5,0.6,8.8,,24.4,41.59088422567101,34.4,93,618.0,Light Rain,Moderate drizzle
2026-05-21T16:00,35.4,39.2,49,3.2777777777777777,219,7.0,1004.1,0.0,11.05,,23.0,41.22878470227549,35.4,79,448.0,Partly Cloudy,Partly cloudy
2026-05-21T17:00,34.6,38.2,50,3.3611111111111107,223,8.194444444444445,1004.6,0.0,11.95,,22.8,39.74096589340445,34.6,61,236.0,Partly Cloudy,Partly cloudy
2026-05-21T18:00,32.8,36.0,59,5.027777777777778,209,9.305555555555555,1005.2,0.0,14.2,,23.6,38.66809854812454,32.8,16,57.0,Sunny,Clear skies
2026-05-21T19:00,30.9,34.7,66,4.138888888888889,216,9.5,1006.6,0.0,14.55,,23.7,36.19094847917128,30.9,9,0.0,Sunny,Clear skies
2026-05-21T20:00,29.9,34.2,69,3.1666666666666665,219,7.805555555555555,1007.5,0.0,14.5,,23.7,34.56179970889785,29.9,10,0.0,Sunny,Clear skies
2026-05-21T21:00,29.4,33.9,73,2.972222222222222,213,5.888888888888888,1008.2,0.0,14.05,,24.0,34.26043202259561,29.4,19,0.0,Sunny,Clear skies
2026-05-21T22:00,28.9,33.6,75,2.7777777777777777,210,5.388888888888888,1008.4,0.0,14.350000000000001,,24.1,33.44842516687126,28.9,13,0.0,Sunny,Clear skies
2026-05-21T23:00,29.2,34.3,75,2.111111111111111,199,5.0,1007.7,0.0,14.350000000000001,,24.2,34.1940098909512,29.2,13,0.0,Sunny,Clear skies
2026-05-22T00:00,28.7,34.2,77,1.5277777777777777,203,3.888888888888889,1007.3,0.0,12.25,,24.3,33.33771711892448,28.7,55,0.0,Partly Cloudy,Partly cloudy
2026-05-22T01:00,28.3,34.7,81,0.5,259,2.611111111111111,1007.1,0.0,5,,24.8,33.03595665988453,28.3,90,0.0,Cloudy,Overcast
2026-05-22T02:00,28.1,33.4,79,1.6666666666666665,219,2.611111111111111,1006.9,0.0,5,,24.1,32.19143024347557,28.1,84,0.0,Cloudy,Overcast
2026-05-22T03:00,27.8,32.8,80,2.138888888888889,204,3.6944444444444446,1007.0,0.0,5,,24.1,31.60462574721783,27.8,96,0.0,Cloudy,Overcast
2026-05-22T04:00,27.5,33.0,82,1.3611111111111112,184,3.611111111111111,1007.2,0.0,5,,24.1,31.134696943055765,27.5,99,0.0,Cloudy,Overcast
2026-05-22T05:00,27.9,34.2,82,0.3333333333333333,243,2.8055555555555554,1007.0,0.0,5,,24.6,32.15034869697568,27.9,100,0.0,Cloudy,Overcast
2026-05-22T06:00,28.3,34.0,78,1.027777777777778,309,1.3055555555555556,1008.0,0.0,5,,24.1,32.521498294237915,28.3,99,12.0,Cloudy,Overcast
2026-05-22T07:00,29.5,34.8,71,1.1944444444444444,248,3.3055555555555554,1008.9,0.0,5,,23.7,34.06641029177772,29.5,97,147.0,Cloudy,Overcast
2026-05-22T08:00,31.1,36.5,66,1.25,230,4.0,1009.6,0.0,5,,23.9,36.680497715571164,31.1,91,365.0,Cloudy,Overcast
2026-05-22T09:00,33.1,38.2,58,1.8888888888888888,245,5.388888888888888,1009.7,0.0,5,,23.6,39.05892533409561,33.1,97,577.0,Cloudy,Overcast
2026-05-22T10:00,35.4,40.5,48,2.7777777777777777,261,6.888888888888889,1009.2,0.0,5,,22.8,40.82862916135112,35.4,97,744.0,Cloudy,Overcast
2026-05-22T11:00,35.9,42.1,46,1.75,233,8.88888888888889,1008.3,0.0,5,,22.4,41.18751464001566,35.9,93,868.0,Cloudy,Overcast
2026-05-22T12:00,36.8,43.9,44,0.8611111111111112,211,6.0,1007.8,0.0,11.2,,22.5,42.43650502865787,36.8,76,904.0,Partly Cloudy,Partly cloudy
2026-05-22T13:00,36.3,40.6,43,4.027777777777778,319,9.11111111111111,1007.5,0.0,12.25,,21.7,40.88914284571558,36.3,55,873.0,Partly Cloudy,Partly cloudy
2026-05-22T14:00,36.3,40.0,42,3.638888888888889,302,9.305555555555555,1006.6,0.1,9.8,,21.4,40.49913008815791,36.3,12,742.0,Light Rain,Light drizzle
2026-05-22T15:00,36.8,39.5,40,4.25,258,8.694444444444445,1006.4,0.1,9.8,,21.0,40.78820104419565,36.8,13,651.0,Light Rain,Light drizzle
2026-05-22T16:00,35.4,36.5,43,6.277777777777778,266,12.194444444444443,1006.4,0.0,14.350000000000001,,20.9,38.970880569795554,35.4,13,453.0,Sunny,Clear skies
2026-05-22T17:00,34.9,36.1,44,5.666666666666666,288,12.305555555555554,1006.3,0.0,5,,20.7,38.28569183039781,34.9,84,249.0,Cloudy,Overcast
2026-05-22T18:00,33.0,34.2,49,5.611111111111111,295,10.88888888888889,1007.3,0.0,5,,20.7,36.005812703555605,33.0,88,58.0,Cloudy,Overcast
2026-05-22T19:00,31.4,33.3,55,5.166666666666667,296,10.194444444444445,1007.9,0.0,12.05,,21.3,34.43221547091558,31.4,59,0.0,Partly Cloudy,Partly cloudy
2026-05-22T20:00,30.2,32.6,61,4.638888888888888,295,9.305555555555555,1008.5,0.0,12.65,,21.8,33.42886298899563,30.2,47,0.0,Partly Cloudy,Mainly clear
2026-05-22T21:00,29.6,32.3,63,3.9166666666666665,289,8.11111111111111,1009.2,0.0,5,,21.8,32.64574847868452,29.6,90,0.0,Cloudy,Overcast
2026-05-22T22:00,29.1,31.8,65,3.9166666666666665,286,7.0,1009.3,0.0,5,,21.7,32.03402887727111,29.1,98,0.0,Cloudy,Overcast
2026-05-22T23:00,29.2,31.1,63,5.166666666666667,276,7.0,1008.7,0.0,5,,21.5,31.878188213404503,29.2,100,0.0,Cloudy,Overcast
2026-05-23T00:00,28.9,31.1,65,5.055555555555555,270,9.388888888888888,1008.3,0.0,5,,21.8,31.648926787671186,28.9,99,0.0,Cloudy,Overcast
2026-05-23T01:00,28.8,31.7,67,3.8333333333333335,263,9.0,1008.2,0.0,5,,22.0,31.78498119843565,28.8,91,0.0,Cloudy,Overcast
2026-05-23T02:00,28.6,31.7,68,3.5277777777777777,263,6.694444444444445,1007.6,0.0,11.5,,22.1,31.550900885884417,28.6,70,0.0,Partly Cloudy,Partly cloudy
2026-05-23T03:00,28.4,31.6,69,3.3611111111111107,252,6.111111111111111,1007.5,0.0,5,,22.1,31.308852204497814,28.4,98,0.0,Cloudy,Overcast
2026-05-23T04:00,28.1,31.5,71,3.1111111111111107,246,5.888888888888888,1007.7,0.0,5,,22.3,31.000023693537774,28.1,99,0.0,Cloudy,Overcast
2026-05-23T05:00,28.1,31.8,72,3.1666666666666665,231,5.305555555555556,1007.9,0.0,5,,22.7,31.14102400586452,28.1,93,0.0,Cloudy,Overcast
2026-05-23T06:00,27.8,31.4,74,3.2499999999999996,216,5.694444444444445,1008.9,0.0,5,,22.7,30.789025956391143,27.8,89,12.0,Cloudy,Overcast
2026-05-23T07:00,29.4,33.3,67,2.694444444444444,208,6.0,1009.6,0.0,11.8,,22.7,33.015264870275686,29.4,64,151.0,Partly Cloudy,Partly cloudy
2026-05-23T08:00,31.7,35.3,57,2.7777777777777777,221,6.305555555555555,1009.9,0.0,5,,22.2,35.55203763279116,31.7,98,365.0,Cloudy,Overcast
2026-05-23T09:00,34.0,37.2,49,3.4444444444444446,257,7.694444444444444,1010.1,0.0,5,,21.9,38.059598087555614,34.0,98,570.0,Cloudy,Overcast
2026-05-23T10:00,35.9,39.4,43,3.944444444444444,272,9.0,1009.8,0.0,5,,21.4,40.02134718139553,35.9,98,745.0,Cloudy,Overcast
2026-05-23T11:00,37.2,40.3,38,4.805555555555555,286,9.0,1009.5,0.0,5,,20.6,40.84205627687111,37.2,100,830.0,Cloudy,Overcast
2026-05-23T12:00,37.9,41.5,35,3.555555555555556,296,10.11111111111111,1009.0,0.0,5,,19.9,41.08531528393784,37.9,100,864.0,Cloudy,Overcast
2026-05-23T13:00,37.6,41.4,35,2.5555555555555554,305,8.61111111111111,1008.1,0.0,5,,19.5,40.49432387953782,37.6,100,814.0,Cloudy,Overcast
2026-05-23T14:00,37.4,40.8,36,2.305555555555556,271,7.0,1007.0,0.0,5,,19.7,40.478380159804466,37.4,100,689.0,Cloudy,Overcast
2026-05-23T15:00,37.0,38.6,36,3.9166666666666665,291,8.194444444444445,1006.5,0.0,5,,19.6,39.69669686844449,37.0,100,536.0,Cloudy,Overcast
2026-05-23T16:00,35.5,36.4,42,5.972222222222222,301,11.194444444444443,1006.7,0.1,9.8,,20.4,38.82990577327784,35.5,97,277.0,Light Rain,Light drizzle
2026-05-23T17:00,35.8,37.2,39,4.305555555555555,305,12.61111111111111,1007.0,0.0,5,,19.7,38.41374884759122,35.8,100,200.0,Cloudy,Overcast
2026-05-23T18:00,33.3,34.7,50,6.388888888888888,302,11.805555555555555,1008.2,0.0,11.25,,21.6,36.90136592578457,33.3,75,49.0,Partly Cloudy,Partly cloudy
2026-05-23T19:00,31.5,33.1,58,6.777777777777777,294,12.694444444444445,1009.3,0.0,11.4,,22.3,35.39411724705568,31.5,72,0.0,Partly Cloudy,Partly cloudy
2026-05-23T20:00,30.7,33.3,63,5.527777777777778,285,12.694444444444445,1009.7,0.0,11.5,,22.9,34.94268241380455,30.7,70,0.0,Partly Cloudy,Partly cloudy
2026-05-23T21:00,30.4,33.1,63,4.777777777777778,280,10.11111111111111,1010.3,0.0,5,,22.6,34.28917051068451,30.4,96,0.0,Cloudy,Overcast
2026-05-23T22:00,30.5,33.2,62,4.694444444444444,268,8.61111111111111,1010.5,0.0,5,,22.5,34.26908518327773,30.5,100,0.0,Cloudy,Overcast
2026-05-23T23:00,31.1,33.5,60,5.194444444444444,271,9.0,1008.9,0.0,5,,22.5,35.058845172237916,31.1,95,0.0,Cloudy,Overcast
2026-05-24T00:00,30.7,33.4,61,4.666666666666667,279,9.5,1008.5,0.0,5,,22.4,34.45528245019576,30.7,98,0.0,Cloudy,Overcast
2026-05-24T01:00,30.6,33.8,63,3.944444444444444,274,8.11111111111111,1008.2,0.0,5,,22.6,34.722588831484536,30.6,99,0.0,Cloudy,Overcast
2026-05-24T02:00,30.2,32.8,63,4.75,273,8.38888888888889,1008.2,0.0,12.05,,22.3,33.86477731500452,30.2,59,0.0,Partly Cloudy,Partly cloudy
2026-05-24T03:00,29.9,32.5,63,4.638888888888888,269,9.0,1007.9,0.0,5,,22.1,33.24510963108455,29.9,97,0.0,Cloudy,Overcast
2026-05-24T04:00,30.0,32.9,63,3.9166666666666665,274,8.38888888888889,1008.2,0.0,5,,22.2,33.44940924444435,30.0,99,0.0,Cloudy,Overcast
2026-05-24T05:00,30.2,34.4,65,2.5,250,7.805555555555555,1008.0,0.0,5,,23.0,34.31842873655127,30.2,100,0.0,Cloudy,Overcast
2026-05-24T06:00,30.2,34.8,66,1.972222222222222,240,4.388888888888889,1008.8,0.0,5,,23.2,34.55190585815129,30.2,100,5.0,Cloudy,Overcast
2026-05-24T07:00,31.0,35.5,64,2.388888888888889,254,4.805555555555555,1009.6,0.0,5,,23.3,35.883937127555576,31.0,100,80.0,Cloudy,Overcast
2026-05-24T08:00,32.2,36.1,59,3.0,269,6.305555555555555,1010.0,0.0,14.2,,23.0,37.23568356812457,32.2,16,191.0,Sunny,Clear skies
2026-05-24T09:00,34.3,37.1,51,4.666666666666667,282,9.61111111111111,1010.0,0.0,14.7,,22.6,39.416396013217884,34.3,6,534.0,Sunny,Clear skies
2026-05-24T10:00,36.0,38.8,44,5.361111111111112,284,11.61111111111111,1009.8,0.0,14.55,,21.7,40.620089649777896,36.0,9,737.0,Sunny,Clear skies
2026-05-24T11:00,36.9,42.7,42,1.8611111111111112,276,11.5,1009.2,0.0,13.55,,21.8,41.81343176599774,36.9,29,879.0,Partly Cloudy,Mainly clear
2026-05-24T12:00,37.2,43.2,40,0.9166666666666666,292,6.194444444444445,1008.5,0.0,12.7,,21.3,41.64392387379554,37.2,46,861.0,Partly Cloudy,Mainly clear
2026-05-24T13:00,37.5,42.0,38,2.3333333333333335,281,6.388888888888888,1008.0,0.0,5,,20.7,41.46574949861112,37.5,91,820.0,Cloudy,Overcast
2026-05-24T14:00,35.9,36.4,41,7.055555555555555,295,13.61111111111111,1007.4,0.0,13.45,,20.5,39.29392889700448,35.9,31,581.0,Partly Cloudy,Mainly clear
2026-05-24T15:00,34.7,35.7,47,7.388888888888889,285,15.11111111111111,1007.1,1.3,7.4,,21.8,38.886808189591115,34.7,52,525.0,Light Rain,Slight rain
2026-05-24T16:00,34.5,35.1,46,7.361111111111111,284,14.5,1006.9,0.0,13.3,,21.3,38.12499417705566,34.5,34,374.0,Partly Cloudy,Mainly clear
2026-05-24T17:00,33.8,35.0,50,7.194444444444444,287,14.61111111111111,1007.2,0.0,13.5,,22.0,37.95779035708452,33.8,30,244.0,Partly Cloudy,Mainly clear
2026-05-24T18:00,32.2,32.6,52,7.833333333333333,280,15.11111111111111,1008.1,0.0,13.3,,21.2,35.24517878083567,32.2,34,54.0,Partly Cloudy,Mainly clear
2026-05-24T19:00,31.2,32.0,56,7.277777777777778,279,14.805555555555554,1008.5,0.0,13.1,,21.4,34.2800016413512,31.2,38,0.0,Partly Cloudy,Mainly clear
2026-05-24T20:00,30.3,31.6,61,6.75,280,13.88888888888889,1009.2,0.0,12.25,,21.9,33.629775723795575,30.3,55,0.0,Partly Cloudy,Partly cloudy
2026-05-24T21:00,30.1,31.9,61,5.75,277,12.305555555555554,1009.7,0.0,5,,21.8,33.23013583291552,30.1,88,0.0,Cloudy,Overcast
2026-05-24T22:00,30.2,31.2,57,6.194444444444445,277,11.61111111111111,1009.8,0.0,12.4,,20.8,32.61024562359132,30.2,52,0.0,Partly Cloudy,Partly cloudy
2026-05-24T23:00,30.7,31.7,54,5.944444444444444,277,11.305555555555555,1009.3,0.0,5,,20.4,32.90504266522449,30.7,98,0.0,Cloudy,Overcast
2026-05-25T00:00,30.6,31.9,54,5.111111111111111,274,10.611111111111112,1009.1,0.0,11.75,,20.3,32.72873541436453,30.6,65,0.0,Partly Cloudy,Partly cloudy
2026-05-25T01:00,30.4,32.5,55,3.8055555555555554,265,9.11111111111111,1008.7,0.0,5,,20.4,32.57528774211554,30.4,86,0.0,Cloudy,Overcast
2026-05-25T02:00,30.2,33.1,57,2.6666666666666665,250,6.805555555555555,1008.2,0.0,5,,20.8,32.61024562359132,30.2,95,0.0,Cloudy,Overcast
2026-05-25T03:00,29.8,33.3,61,2.0277777777777777,232,4.694444444444444,1008.2,0.0,5,,21.4,32.64706783699556,29.8,97,0.0,Cloudy,Overcast
2026-05-25T04:00,29.6,33.5,63,1.4444444444444444,221,3.5,1008.1,0.0,5,,21.7,32.64574847868452,29.6,99,0.0,Cloudy,Overcast
2026-05-25T05:00,27.9,32.5,71,0.6666666666666666,253,2.5,1008.2,0.0,13.2,,22.2,30.602502230337848,27.9,36,0.0,Partly Cloudy,Mainly clear
2026-05-25T06:00,28.1,32.0,68,1.611111111111111,236,2.5,1008.7,0.0,13.3,,21.6,30.590609338984464,28.1,34,12.0,Partly Cloudy,Mainly clear
2026-05-25T07:00,30.3,34.0,59,1.5555555555555554,211,3.888888888888889,1009.4,0.0,13.05,,21.4,33.20184977012445,30.3,39,151.0,Partly Cloudy,Mainly clear
2026-05-25T08:00,32.5,36.0,51,1.777777777777778,198,5.0,1009.8,0.0,13.7,,21.0,35.57018502777784,32.5,26,365.0,Partly Cloudy,Mainly clear
2026-05-25T09:00,34.2,37.4,46,2.4444444444444446,169,6.194444444444445,1009.9,0.0,14.600000000000001,,21.0,37.51048434579564,34.2,8,560.0,Sunny,Clear skies
2026-05-25T10:00,35.6,39.7,43,3.0277777777777777,167,7.5,1009.8,0.0,14.55,,21.2,39.386496818595646,35.6,9,758.0,Sunny,Clear skies
2026-05-25T11:00,36.5,41.2,42,3.333333333333333,141,7.611111111111111,1009.1,0.0,14.4,,21.5,40.93128936727782,36.5,12,879.0,Sunny,Clear skies
2026-05-25T12:00,36.8,40.7,40,4.5,146,9.88888888888889,1008.3,0.4,9.2,,21.0,40.78820104419565,36.8,49,914.0,Light Rain,Light drizzle
2026-05-25T13:00,36.4,39.8,43,4.611111111111112,150,10.11111111111111,1007.3,1.1,7.8,,21.9,41.10990042499548,36.4,20,742.0,Light Rain,Dense drizzle
2026-05-25T14:00,37.1,39.8,41,5.555555555555555,163,11.38888888888889,1006.1,0.1,9.8,,21.7,41.8400881386045,37.1,55,721.0,Light Rain,Light drizzle
2026-05-25T15:00,35.1,36.7,45,5.694444444444445,219,12.805555555555555,1005.8,0.6,8.8,,21.4,39.042518515404495,35.1,76,484.0,Light Rain,Moderate drizzle
2026-05-25T16:00,34.5,36.9,45,3.3888888888888884,244,11.11111111111111,1006.2,0.3,9.4,,20.7,37.79998897844452,34.5,81,351.0,Light Rain,Light drizzle
2026-05-25T17:00,34.7,37.6,47,3.638888888888889,232,7.194444444444444,1006.3,0.0,12.9,,21.8,38.886808189591115,34.7,42,197.0,Partly Cloudy,Mainly clear
2026-05-25T18:00,34.3,37.3,48,3.0,233,7.5,1007.2,0.0,13.15,,21.5,38.369303175971275,34.3,37,47.0,Partly Cloudy,Mainly clear
2026-05-25T19:00,33.6,37.3,51,2.1666666666666665,217,5.805555555555555,1008.1,0.0,14.350000000000001,,22.0,37.850443735537766,33.6,13,0.0,Sunny,Clear skies
2026-05-25T20:00,32.1,36.1,58,2.5,218,4.888888888888889,1008.8,0.0,14.5,,22.7,36.70606677129562,32.1,10,0.0,Sunny,Clear skies
2026-05-25T21:00,31.3,35.4,60,2.4722222222222223,243,4.805555555555555,1009.6,0.0,14.2,,22.7,35.49167040671781,31.3,16,0.0,Sunny,Clear skies
2026-05-25T22:00,30.5,34.6,64,2.5,227,4.805555555555555,1009.9,0.0,14.25,,23.0,34.74515697105547,30.5,15,0.0,Sunny,Clear skies
2026-05-25T23:00,30.3,34.5,65,2.4722222222222223,214,4.805555555555555,1009.5,0.0,13.1,,23.1,34.540059915351065,30.3,38,0.0,Partly Cloudy,Mainly clear
2026-05-26T00:00,29.8,33.9,67,2.5277777777777777,212,4.805555555555555,1009.1,0.0,14.2,,23.0,33.88337332563552,29.8,16,0.0,Sunny,Clear skies
2026-05-26T01:00,29.3,33.7,69,2.1944444444444446,223,4.805555555555555,1008.4,0.0,14.4,,23.0,33.194067050657765,29.3,12,0.0,Sunny,Clear skies
2026-05-26T02:00,29.1,33.8,69,1.472222222222222,235,3.888888888888889,1008.0,0.0,13.85,,22.9,32.757875766497754,29.1,23,0.0,Partly Cloudy,Mainly clear
2026-05-26T03:00,28.7,33.3,72,1.7222222222222223,201,3.1111111111111107,1007.8,0.0,13.8,,23.0,32.42688304562445,28.7,24,0.0,Partly Cloudy,Mainly clear
2026-05-26T04:00,28.3,32.8,74,2.0,192,3.5,1008.1,0.0,14.55,,23.1,31.870187069491237,28.3,9,0.0,Sunny,Clear skies
2026-05-26T05:00,28.2,32.9,74,1.6666666666666665,190,3.5,1008.1,0.0,13.8,,23.2,31.64868504519108,28.2,24,0.0,Partly Cloudy,Mainly clear
2026-05-26T06:00,28.1,33.1,76,1.5555555555555554,180,2.888888888888889,1008.7,0.0,14.05,,23.4,31.727669559215542,28.1,19,12.0,Sunny,Clear skies
2026-05-26T07:00,29.8,34.7,68,1.3888888888888888,195,3.888888888888889,1009.5,0.0,13.3,,23.3,34.103514687004505,29.8,34,153.0,Partly Cloudy,Mainly clear
2026-05-26T08:00,31.6,36.6,60,1.0,225,4.0,1010.0,0.0,14.75,,23.0,36.15703335233783,31.6,5,363.0,Sunny,Clear skies
2026-05-26T09:00,33.6,38.6,53,1.0,198,4.388888888888889,1010.1,0.0,15.0,,22.8,38.51504901921771,33.6,0,580.0,Sunny,Clear skies
2026-05-26T10:00,35.5,41.2,46,1.2222222222222223,161,5.0,1009.9,0.0,14.9,,22.2,40.27976796705565,35.5,2,757.0,Sunny,Clear skies
2026-05-26T11:00,36.1,41.5,46,3.3055555555555554,122,7.805555555555555,1009.2,0.0,5,,22.6,41.65121022441566,36.1,96,873.0,Cloudy,Overcast
2026-05-26T12:00,36.1,40.2,48,4.861111111111111,143,10.499999999999998,1008.5,0.0,11.65,,23.4,42.50151345205135,36.1,67,746.0,Partly Cloudy,Partly cloudy
2026-05-26T13:00,37.1,40.6,42,5.055555555555555,160,11.5,1007.3,0.0,13.35,,22.2,42.263414885597875,37.1,33,775.0,Partly Cloudy,Mainly clear
2026-05-26T14:00,38.1,40.5,37,5.388888888888888,190,12.305555555555554,1005.9,0.0,12.1,,20.8,42.315816749075616,38.1,58,745.0,Partly Cloudy,Partly cloudy
2026-05-26T15:00,35.8,37.8,42,4.5,266,11.38888888888889,1006.4,0.1,9.8,,21.0,39.444724991057825,35.8,96,520.0,Light Rain,Light drizzle
2026-05-26T16:00,35.5,38.2,43,3.0,240,9.5,1006.0,0.0,13.3,,20.9,39.17792696155557,35.5,34,235.0,Partly Cloudy,Mainly clear
2026-05-26T17:00,35.7,38.5,44,3.7777777777777777,197,6.388888888888888,1005.9,0.0,12.8,,21.7,39.96469809215783,35.7,44,208.0,Partly Cloudy,Mainly clear
2026-05-26T18:00,34.4,37.2,49,4.333333333333333,199,8.38888888888889,1006.9,0.0,13.4,,22.3,38.9300934206755,34.4,32,55.0,Partly Cloudy,Mainly clear
2026-05-26T19:00,32.4,35.5,57,4.333333333333333,211,8.805555555555555,1008.3,0.0,11.6,,22.9,37.08214288023129,32.4,68,0.0,Partly Cloudy,Partly cloudy
2026-05-26T20:00,31.0,34.8,63,3.333333333333333,220,8.305555555555555,1009.3,0.0,5,,23.1,35.6165008484444,31.0,100,0.0,Cloudy,Overcast
2026-05-26T21:00,30.2,34.1,66,3.1666666666666665,215,6.388888888888888,1010.2,0.0,13.45,,23.1,34.55190585815129,30.2,31,0.0,Partly Cloudy,Mainly clear
2026-05-26T22:00,29.8,33.7,67,3.0,217,6.194444444444445,1010.4,0.0,14.350000000000001,,23.0,33.88337332563552,29.8,13,0.0,Sunny,Clear skies
2026-05-26T23:00,29.6,33.9,69,2.5833333333333335,208,5.611111111111111,1010.0,0.0,14.9,,23.3,33.86684110369777,29.6,2,0.0,Sunny,Clear skies
2026-05-27T00:00,29.2,33.9,71,1.972222222222222,199,4.805555555555555,1009.5,0.0,14.95,,23.4,33.36752700401796,29.2,1,0.0,Sunny,Clear skies
2026-05-27T01:00,29.0,33.7,72,1.9444444444444444,209,3.6944444444444446,1008.9,0.0,15.0,,23.4,33.104471796444386,29.0,0,0.0,Sunny,Clear skies
2026-05-27T02:00,28.8,33.4,72,1.972222222222222,227,3.611111111111111,1008.5,0.0,15.0,,23.2,32.650178612124606,28.8,0,0.0,Sunny,Clear skies
2026-05-27T03:00,28.6,33.0,72,1.9166666666666667,242,3.3888888888888884,1008.1,0.0,15.0,,23.0,32.20615482956456,28.6,0,0.0,Sunny,Clear skies
2026-05-27T04:00,28.3,32.8,72,1.7222222222222223,232,3.3055555555555554,1008.4,0.0,14.5,,22.8,31.55937428402462,28.3,10,0.0,Sunny,Clear skies
2026-05-27T05:00,28.1,32.6,74,1.972222222222222,199,3.3888888888888884,1008.4,0.0,5,,23.0,31.429817921731154,28.1,89,0.0,Cloudy,Overcast
2026-05-27T06:00,28.1,32.6,74,1.972222222222222,201,3.611111111111111,1009.4,0.0,5,,23.0,31.429817921731154,28.1,88,12.0,Cloudy,Overcast
2026-05-27T07:00,29.9,34.2,66,2.0,207,4.694444444444444,1010.0,0.0,14.65,,22.9,33.88487792837119,29.9,7,149.0,Sunny,Clear skies
2026-05-27T08:00,32.1,36.3,57,1.972222222222222,225,5.388888888888888,1010.4,0.0,15.0,,22.5,36.41412876303109,32.1,0,371.0,Sunny,Clear skies
2026-05-27T09:00,34.2,38.6,49,1.4166666666666665,219,5.388888888888888,1010.5,0.0,14.95,,22.0,38.49134709843549,34.2,1,585.0,Sunny,Clear skies
2026-05-27T10:00,35.7,41.2,44,1.2222222222222223,142,5.111111111111111,1010.0,0.0,15.0,,21.7,39.96469809215783,35.7,0,761.0,Sunny,Clear skies
2026-05-27T11:00,36.3,42.2,44,2.1944444444444446,101,7.111111111111112,1009.4,0.0,14.25,,22.2,41.2895344125578,36.3,15,877.0,Sunny,Clear skies
2026-05-27T12:00,36.9,42.7,44,2.6666666666666665,110,7.888888888888888,1008.6,0.0,13.9,,22.5,42.67058355359782,36.9,22,898.0,Partly Cloudy,Mainly clear
2026-05-27T13:00,37.0,42.6,43,2.7777777777777777,124,7.805555555555555,1008.1,0.1,9.8,,22.5,42.466438671555565,37.0,12,877.0,Light Rain,Light drizzle
2026-05-27T14:00,38.0,41.9,38,3.2499999999999996,170,9.0,1007.0,0.0,13.4,,21.2,42.531864327111165,38.0,32,744.0,Partly Cloudy,Mainly clear
2026-05-27T15:00,30.8,34.6,69,4.833333333333333,292,12.5,1007.9,2.0,6.0,,24.4,36.77978283745783,30.8,71,563.0,Light Rain,Slight rain
2026-05-27T16:00,32.2,36.8,63,3.0277777777777777,257,9.61111111111111,1007.2,0.8,8.4,,24.3,38.514839902204535,32.2,9,341.0,Light Rain,Moderate drizzle
2026-05-27T17:00,33.3,38.3,58,2.138888888888889,259,8.0,1007.3,0.3,9.4,,24.0,39.554438450015674,33.3,37,252.0,Light Rain,Light drizzle
2026-05-27T18:00,33.4,37.6,51,1.3333333333333333,255,4.388888888888889,1008.1,0.0,12.35,,21.9,37.41944002113778,33.4,53,59.0,Partly Cloudy,Partly cloudy
2026-05-27T19:00,32.7,36.5,53,1.8611111111111112,264,3.1111111111111107,1009.1,0.0,11.25,,21.7,36.54068375433793,32.7,75,0.0,Partly Cloudy,Partly cloudy
2026-05-27T20:00,31.5,35.3,58,2.1944444444444446,267,4.305555555555555,1010.1,0.0,5,,22.1,35.39411724705568,31.5,88,0.0,Cloudy,Overcast
2026-05-27T21:00,30.5,34.8,63,2.0,238,4.0,1010.3,0.0,14.2,,22.7,34.50475153044439,30.5,16,0.0,Sunny,Clear skies
2026-05-27T22:00,29.9,34.3,66,2.0277777777777777,224,3.611111111111111,1010.3,0.0,14.850000000000001,,23.0,33.88487792837119,29.9,3,0.0,Sunny,Clear skies
2026-05-27T23:00,29.5,33.5,69,2.944444444444444,199,4.111111111111112,1009.8,0.0,14.75,,23.1,33.64011813577771,29.5,5,0.0,Sunny,Clear skies
2026-05-28T00:00,28.8,32.8,71,2.888888888888889,200,5.5,1009.4,0.0,11.0,,23.0,32.47114966481776,28.8,80,0.0,Cloudy,Overcast
2026-05-28T01:00,28.4,32.5,73,2.611111111111111,197,5.194444444444444,1009.2,0.0,13.3,,23.0,31.932073083395746,28.4,34,0.0,Partly Cloudy,Mainly clear
2026-05-28T02:00,28.1,32.3,74,2.4166666666666665,201,4.694444444444444,1008.9,0.0,13.7,,23.0,31.429817921731154,28.1,26,0.0,Partly Cloudy,Mainly clear
2026-05-28T03:00,27.8,31.9,76,2.7777777777777777,201,4.805555555555555,1008.7,0.0,14.55,,23.1,31.053095374595543,27.8,9,0.0,Sunny,Clear skies
2026-05-28T04:00,27.5,31.5,78,3.2777777777777777,208,5.888888888888888,1008.7,0.0,12.7,,23.3,30.64025956527784,27.5,46,0.0,Partly Cloudy,Mainly clear
2026-05-28T05:00,28.0,32.1,76,2.9166666666666665,202,5.888888888888888,1009.1,0.0,5,,23.3,31.500109619555538,28.0,94,0.0,Cloudy,Overcast
2026-05-28T06:00,28.2,32.3,76,3.194444444444444,211,5.888888888888888,1009.8,0.0,5,,23.5,31.957931376995493,28.2,97,12.0,Cloudy,Overcast
2026-05-28T07:00,29.7,34.4,70,2.2222222222222223,211,5.805555555555555,1010.6,0.0,11.35,,23.6,34.31855246569572,29.7,73,145.0,Partly Cloudy,Partly cloudy
2026-05-28T08:00,31.8,36.5,61,1.8611111111111112,214,5.305555555555556,1011.1,0.0,12.05,,23.3,36.90573619219542,31.8,59,356.0,Partly Cloudy,Partly cloudy
2026-05-28T09:00,33.6,38.6,55,1.4444444444444444,241,5.305555555555556,1011.3,0.0,12.75,,23.2,39.210907850915454,33.6,45,562.0,Partly Cloudy,Mainly clear
2026-05-28T10:00,35.5,41.4,48,1.3333333333333333,233,5.305555555555556,1011.1,0.0,5,,22.7,41.06247650461122,35.5,88,740.0,Cloudy,Overcast
2026-05-28T11:00,37.1,42.9,43,1.8611111111111112,185,6.0,1009.9,0.0,5,,22.3,42.69786050779562,37.1,97,829.0,Cloudy,Overcast
2026-05-28T12:00,37.8,42.3,39,3.4444444444444446,196,8.305555555555555,1008.8,0.0,5,,21.6,42.52971583799109,37.8,87,848.0,Cloudy,Overcast
2026-05-28T13:00,38.1,41.7,38,3.75,182,8.694444444444445,1007.7,0.0,5,,21.3,42.74908121165115,38.1,100,745.0,Cloudy,Overcast
2026-05-28T14:00,32.2,37.0,62,2.611111111111111,281,8.805555555555555,1008.3,1.8,6.4,,23.9,38.18538774865798,32.2,91,580.0,Light Rain,Slight rain
2026-05-28T15:00,32.0,37.5,63,0.9444444444444444,18,6.694444444444445,1007.6,1.3,7.4,,23.9,38.0092205804447,32.0,12,390.0,Light Rain,Slight rain
2026-05-28T16:00,33.6,38.7,54,0.8611111111111112,180,4.111111111111112,1007.6,0.4,9.2,,23.1,38.85907174156445,33.6,19,444.0,Light Rain,Light drizzle
2026-05-28T17:00,31.4,35.7,64,2.888888888888889,272,4.805555555555555,1008.2,0.0,11.35,,23.6,36.836206770275595,31.4,73,239.0,Partly Cloudy,Partly cloudy
2026-05-28T18:00,30.8,35.6,66,2.1666666666666665,263,5.5,1008.7,0.1,9.8,,23.8,35.94971575175119,30.8,67,58.0,Light Rain,Light drizzle
2026-05-28T19:00,30.6,35.4,66,1.8611111111111112,261,3.611111111111111,1009.2,0.0,5,,23.6,35.47433407847114,30.6,94,0.0,Cloudy,Overcast
2026-05-28T20:00,29.9,34.8,68,1.5,266,3.1111111111111107,1010.0,0.0,12.05,,23.4,34.33203095058457,29.9,59,0.0,Partly Cloudy,Partly cloudy
2026-05-28T21:00,29.2,34.4,72,1.2777777777777777,211,2.694444444444444,1010.4,0.0,12.45,,23.6,33.5690343825246,29.2,51,0.0,Partly Cloudy,Partly cloudy
2026-05-28T22:00,28.5,34.1,77,1.0555555555555556,205,2.305555555555556,1010.7,0.0,13.05,,24.0,32.84086814644454,28.5,39,0.0,Partly Cloudy,Mainly clear
2026-05-28T23:00,28.4,33.9,78,1.4444444444444444,194,2.388888888888889,1010.2,0.0,11.6,,24.3,32.76911040561793,28.4,68,0.0,Partly Cloudy,Partly cloudy
2026-05-29T00:00,27.8,33.2,80,1.5277777777777777,232,2.611111111111111,1009.9,0.0,11.4,,24.1,31.60462574721783,27.8,72,0.0,Partly Cloudy,Partly cloudy
2026-05-29T01:00,27.5,32.7,81,1.5,250,2.694444444444444,1009.3,0.0,5,,23.8,31.008638294444488,27.5,92,0.0,Cloudy,Overcast
2026-05-29T02:00,27.2,32.6,81,0.9444444444444444,252,2.5,1008.5,0.0,5,,23.7,30.295696337084436,27.2,95,0.0,Cloudy,Overcast
2026-05-29T03:00,26.9,32.2,83,1.0555555555555556,205,1.8055555555555556,1008.3,0.0,5,,23.7,29.7888413441511,26.9,95,0.0,Cloudy,Overcast
2026-05-29T04:00,26.7,31.4,83,1.9444444444444444,220,3.3055555555555554,1008.9,0.0,5,,23.5,29.32111325407113,26.7,95,0.0,Cloudy,Overcast
2026-05-29T05:00,27.4,33.3,82,0.38888888888888884,140,3.611111111111111,1008.6,0.0,5,,24.1,30.888032432675573,27.4,98,0.0,Cloudy,Overcast
2026-05-29T06:00,27.5,33.5,82,0.5555555555555556,85,1.3055555555555556,1009.3,0.0,5,,24.2,31.134696943055765,27.5,98,12.0,Cloudy,Overcast
2026-05-29T07:00,29.4,34.4,71,1.777777777777778,230,4.194444444444445,1010.5,0.0,5,,23.6,33.830915835537795,29.4,98,145.0,Cloudy,Overcast
2026-05-29T08:00,31.0,36.0,64,1.5,206,4.694444444444444,1010.5,0.0,5,,23.5,35.883937127555576,31.0,98,352.0,Cloudy,Overcast
2026-05-29T09:00,33.0,37.6,57,2.2777777777777777,220,6.111111111111111,1010.3,0.0,5,,23.4,38.47331737911121,33.0,100,546.0,Cloudy,Overcast
2026-05-29T10:00,35.0,40.3,50,2.4722222222222223,209,7.694444444444444,1010.0,0.0,5,,23.1,40.675428944444484,35.0,97,739.0,Cloudy,Overcast
2026-05-29T11:00,36.3,41.8,47,3.416666666666667,183,8.305555555555555,1009.2,0.0,5,,23.1,42.552981968791244,36.3,95,867.0,Cloudy,Overcast
2026-05-29T12:00,37.2,42.3,43,3.9722222222222223,190,9.0,1008.2,0.0,5,,22.6,42.93080580931552,37.2,94,909.0,Cloudy,Overcast
2026-05-29T13:00,37.0,41.6,44,4.916666666666666,186,10.499999999999998,1007.1,0.0,5,,22.9,42.906223545777785,37.0,91,896.0,Cloudy,Overcast
2026-05-29T14:00,37.2,40.6,43,5.611111111111111,191,12.194444444444443,1006.2,0.0,5,,22.3,42.93080580931552,37.2,84,807.0,Cloudy,Overcast
2026-05-29T15:00,30.6,34.6,70,4.583333333333333,252,12.999999999999998,1007.0,2.1,5.8,,24.5,36.54442686211558,30.6,63,547.0,Light Rain,Slight rain
2026-05-29T16:00,32.2,36.1,63,4.638888888888888,218,9.11111111111111,1006.5,0.2,9.6,,24.3,38.514839902204535,32.2,55,347.0,Light Rain,Light drizzle
2026-05-29T17:00,33.0,36.1,55,4.194444444444445,232,12.194444444444443,1006.7,0.1,9.8,,22.8,37.81306655955562,33.0,95,241.0,Light Rain,Light drizzle
2026-05-29T18:00,31.7,34.8,60,4.527777777777778,213,8.61111111111111,1007.1,0.0,5,,23.0,36.383121025917845,31.7,84,62.0,Cloudy,Overcast
2026-05-29T19:00,30.5,33.8,64,4.027777777777778,211,8.61111111111111,1008.2,0.0,5,,22.8,34.74515697105547,30.5,84,0.0,Cloudy,Overcast
2026-05-29T20:00,29.7,33.4,67,3.3888888888888884,207,7.305555555555555,1009.3,0.0,5,,22.9,33.66275226123558,29.7,100,0.0,Cloudy,Overcast
2026-05-29T21:00,29.0,32.9,71,3.1111111111111107,201,6.0,1009.9,0.0,5,,23.1,32.91427161377768,29.0,98,0.0,Cloudy,Overcast
2026-05-29T22:00,28.6,32.9,72,2.4444444444444446,200,5.5,1010.3,0.0,5,,23.1,32.20615482956456,28.6,100,0.0,Cloudy,Overcast
2026-05-29T23:00,28.7,33.3,73,1.8888888888888888,215,4.305555555555555,1009.9,0.0,5,,23.3,32.60326819371557,28.7,100,0.0,Cloudy,Overcast
2026-05-30T00:00,28.3,33.1,74,1.5833333333333333,233,3.3055555555555554,1009.3,0.0,5,,23.2,31.870187069491237,28.3,96,0.0,Cloudy,Overcast
2026-05-30T01:00,28.0,32.4,74,2.0277777777777777,224,3.3888888888888884,1008.4,0.0,5,,22.9,31.21358569911119,28.0,98,0.0,Cloudy,Overcast
2026-05-30T02:00,27.6,32.0,75,1.7222222222222223,213,3.611111111111111,1007.8,0.0,5,,22.7,30.495077985671223,27.6,98,0.0,Cloudy,Overcast
2026-05-30T03:00,27.3,31.8,76,1.5,214,3.0,1008.0,0.0,5,,22.7,29.982842629295558,27.3,99,0.0,Cloudy,Overcast
2026-05-30T04:00,27.1,31.7,77,1.2777777777777777,189,2.694444444444444,1007.9,0.0,5,,22.7,29.669262345164498,27.1,99,0.0,Cloudy,Overcast
2026-05-30T05:00,27.0,31.7,78,1.5555555555555554,220,2.388888888888889,1007.8,0.0,5,,22.9,29.554454533777832,27.0,98,0.0,Cloudy,Overcast
2026-05-30T06:00,27.2,32.3,78,0.9722222222222222,215,2.694444444444444,1008.5,0.0,5,,23.1,29.98047169953779,27.2,98,11.0,Cloudy,Overcast
2026-05-30T07:00,29.0,33.9,70,1.027777777777778,215,3.194444444444444,1009.2,0.0,5,,23.0,32.7272735315556,29.0,99,134.0,Cloudy,Overcast
2026-05-30T08:00,30.8,35.6,63,1.1111111111111112,219,4.0,1009.4,0.0,5,,22.9,35.16503227740458,30.8,100,322.0,Cloudy,Overcast
2026-05-30T09:00,32.4,36.8,57,1.7222222222222223,201,5.194444444444444,1009.6,0.0,5,,22.7,37.08214288023129,32.4,99,460.0,Cloudy,Overcast
2026-05-30T10:00,34.1,39.0,50,1.6666666666666665,177,5.5,1009.5,0.0,5,,22.3,38.613082657304545,34.1,98,648.0,Cloudy,Overcast
2026-05-30T11:00,35.5,41.3,47,1.6388888888888888,113,5.694444444444445,1009.1,0.0,5,,22.3,40.666307449111166,35.5,99,809.0,Cloudy,Overcast
2026-05-30T12:00,36.3,42.1,45,2.8055555555555554,115,8.38888888888889,1008.3,0.0,5,,22.6,41.700304788684484,36.3,99,895.0,Cloudy,Overcast
2026-05-30T13:00,37.3,42.4,41,2.972222222222222,143,8.805555555555555,1007.0,0.0,5,,21.9,42.28470645348452,37.3,99,858.0,Cloudy,Overcast
2026-05-30T14:00,38.0,42.7,37,1.3333333333333333,233,7.888888888888888,1005.9,0.0,5,,20.8,42.10421606355558,38.0,99,729.0,Cloudy,Overcast
2026-05-30T15:00,36.2,37.9,41,4.833333333333333,257,10.194444444444445,1005.6,0.0,5,,20.7,39.910933781884474,36.2,99,537.0,Cloudy,Overcast
2026-05-30T16:00,36.0,38.2,40,3.3055555555555554,231,10.194444444444445,1005.3,0.0,5,,20.2,39.144368171555605,36.0,99,379.0,Cloudy,Overcast
2026-05-30T17:00,35.6,38.2,41,2.694444444444444,228,7.194444444444444,1005.4,0.0,5,,20.3,38.68994729580454,35.6,98,207.0,Cloudy,Overcast
2026-05-30T18:00,33.4,36.1,50,3.8055555555555554,205,7.305555555555555,1006.8,0.0,5,,21.5,37.10907787180442,33.4,96,51.0,Cloudy,Overcast
2026-05-30T19:00,31.6,34.6,58,4.138888888888889,205,7.805555555555555,1007.9,0.0,5,,22.4,35.60757937539553,31.6,93,0.0,Cloudy,Overcast
2026-05-30T20:00,30.4,33.9,65,3.8055555555555554,207,8.0,1009.0,0.0,5,,23.0,34.7640175048711,30.4,91,0.0,Cloudy,Overcast
2026-05-30T21:00,29.8,33.8,68,3.222222222222222,213,7.111111111111112,1009.6,0.0,5,,23.3,34.103514687004505,29.8,97,0.0,Cloudy,Overcast
2026-05-30T22:00,29.3,33.5,70,2.888888888888889,219,5.805555555555555,1009.6,0.0,5,,23.4,33.39425485609563,29.3,85,0.0,Cloudy,Overcast
2026-05-30T23:00,29.3,33.1,70,3.333333333333333,212,5.111111111111111,1009.1,0.0,5,,23.1,33.39425485609563,29.3,94,0.0,Cloudy,Overcast
2026-05-31T00:00,28.9,32.9,70,2.611111111111111,212,6.0,1008.7,0.0,5,,22.8,32.50994487721562,28.9,93,0.0,Cloudy,Overcast
2026-05-31T01:00,28.7,32.6,69,2.388888888888889,206,4.5,1008.3,0.0,5,,22.5,31.915072601057748,28.7,96,0.0,Cloudy,Overcast
2026-05-31T02:00,28.2,32.3,71,1.9444444444444444,206,4.194444444444445,1007.9,0.0,5,,22.3,31.20258446561764,28.2,97,0.0,Cloudy,Overcast
2026-05-31T03:00,27.7,31.8,72,1.8611111111111112,199,3.3888888888888884,1007.6,0.0,5,,22.2,30.33513165482441,27.7,98,0.0,Cloudy,Overcast
2026-05-31T04:00,27.2,31.5,74,1.4166666666666665,186,3.3888888888888884,1007.7,0.0,5,,22.1,29.57858434839106,27.2,99,0.0,Cloudy,Overcast
2026-05-31T05:00,27.7,32.7,76,1.0833333333333333,158,2.388888888888889,1007.8,0.0,5,,23.1,30.83364106929557,27.7,98,0.0,Cloudy,Overcast
2026-05-31T06:00,27.7,32.7,77,1.1666666666666667,160,1.8888888888888888,1008.4,0.0,5,,23.2,30.96287833012453,27.7,95,12.0,Cloudy,Overcast
2026-05-31T07:00,29.6,34.4,67,1.1944444444444444,165,3.611111111111111,1009.0,0.0,5,,22.8,33.444527163875655,29.6,98,145.0,Cloudy,Overcast
2026-05-31T08:00,31.3,35.7,60,1.3611111111111112,170,4.5,1009.5,0.0,5,,22.5,35.49167040671781,31.3,82,318.0,Cloudy,Overcast
2026-05-31T09:00,33.3,37.4,52,1.6944444444444442,175,5.5,1009.6,0.0,11.25,,22.1,37.51950270193562,33.3,75,548.0,Partly Cloudy,Partly cloudy
2026-05-31T10:00,35.1,39.6,46,2.111111111111111,158,6.194444444444445,1009.7,0.0,5,,21.7,39.398213955215624,35.1,86,697.0,Cloudy,Overcast
2026-05-31T11:00,35.3,39.3,47,3.0,133,8.0,1008.9,0.0,5,,22.3,40.21138495359118,35.3,96,640.0,Cloudy,Overcast
2026-05-31T12:00,34.7,38.3,52,4.111111111111112,139,9.0,1008.6,0.0,5,,23.5,40.7396536303356,34.7,100,470.0,Cloudy,Overcast
2026-05-31T13:00,34.6,38.0,53,4.805555555555555,157,10.0,1007.8,0.0,5,,23.7,40.889006744017784,34.6,97,406.0,Cloudy,Overcast
2026-05-31T14:00,33.6,36.7,57,5.638888888888889,166,11.305555555555555,1006.8,0.0,5,,24.0,39.938020230631125,33.6,100,329.0,Cloudy,Overcast
2026-05-31T15:00,33.5,37.0,59,5.277777777777778,162,11.38888888888889,1006.3,0.0,11.6,,24.3,40.43545014644451,33.5,68,262.0,Partly Cloudy,Partly cloudy
2026-05-31T16:00,33.6,37.2,59,5.555555555555555,158,11.0,1006.1,0.0,5,,24.6,40.69638615836445,33.6,83,323.0,Cloudy,Overcast
2026-05-31T17:00,33.2,36.4,58,5.416666666666667,170,11.5,1006.5,0.0,14.05,,23.9,39.305642666915595,33.2,19,263.0,Sunny,Clear skies
2026-05-31T18:00,32.0,35.2,61,5.111111111111111,188,10.388888888888888,1007.4,0.0,13.45,,23.7,37.37968575955562,32.0,31,55.0,Partly Cloudy,Mainly clear
2026-05-31T19:00,31.2,34.8,64,4.277777777777778,201,9.5,1008.7,0.0,13.1,,23.6,36.3554891136357,31.2,38,0.0,Partly Cloudy,Mainly clear
2026-05-31T20:00,30.3,34.6,68,2.9166666666666665,193,8.0,1009.4,0.0,14.5,,23.7,35.270401307704574,30.3,10,0.0,Sunny,Clear skies
2026-05-31T21:00,29.8,34.6,70,2.2222222222222223,194,5.5,1010.0,0.0,14.8,,23.8,34.555874935395536,29.8,4,0.0,Sunny,Clear skies
2026-05-31T22:00,29.2,34.4,73,1.5833333333333333,208,3.888888888888889,1010.3,0.0,14.65,,23.8,33.77395065651566,29.2,7,0.0,Sunny,Clear skies
2026-05-31T23:00,29.8,34.1,67,2.0,276,3.194444444444444,1009.8,0.0,11.35,,22.9,33.88337332563552,29.8,73,0.0,Partly Cloudy,Partly cloudy
2026-06-01T00:00,29.4,33.4,66,2.25,275,3.888888888888889,1009.7,0.0,11.2,,22.5,32.82038992247122,29.4,76,0.0,Partly Cloudy,Partly cloudy
2026-06-01T01:00,29.0,33.1,69,2.25,271,3.888888888888889,1009.4,0.0,5,,22.6,32.54347754977772,29.0,85,0.0,Cloudy,Overcast
2026-06-01T02:00,28.4,32.5,72,2.3333333333333335,279,4.0,1008.9,0.0,5,,22.8,31.77240044876451,28.4,89,0.0,Cloudy,Overcast
2026-06-01T03:00,28.1,32.2,73,2.5277777777777777,285,4.305555555555555,1008.7,0.0,12.05,,22.9,31.284288748595674,28.1,59,0.0,Partly Cloudy,Partly cloudy
2026-06-01T04:00,27.9,31.9,74,2.5277777777777777,279,4.305555555555555,1009.1,0.0,13.15,,22.8,30.99998837733121,27.9,37,0.0,Partly Cloudy,Mainly clear
2026-06-01T05:00,28.0,32.5,73,1.6666666666666665,245,4.388888888888889,1008.8,0.0,13.4,,22.7,31.073563031555622,28.0,32,0.0,Partly Cloudy,Mainly clear
2026-06-01T06:00,28.2,32.7,73,1.777777777777778,230,3.0,1009.4,0.0,12.1,,22.9,31.497615662915607,28.2,58,12.0,Partly Cloudy,Partly cloudy
2026-06-01T07:00,30.0,34.4,65,1.9444444444444444,238,4.805555555555555,1010.2,0.0,11.5,,22.8,33.882145611111156,30.0,70,152.0,Partly Cloudy,Partly cloudy
2026-06-01T08:00,31.9,36.5,58,1.4166666666666665,222,5.0,1010.0,0.0,11.6,,22.7,36.260436462095704,31.9,68,369.0,Partly Cloudy,Partly cloudy
2026-06-01T09:00,33.5,38.2,53,1.2777777777777777,171,4.888888888888889,1009.8,0.0,11.2,,22.5,38.288086951777764,33.5,76,581.0,Partly Cloudy,Partly cloudy
2026-06-01T10:00,34.6,39.5,50,2.9166666666666665,141,7.388888888888889,1009.7,0.0,12.6,,22.6,39.74096589340445,34.6,48,759.0,Partly Cloudy,Mainly clear
2026-06-01T11:00,34.6,39.4,51,4.638888888888888,135,11.0,1009.3,0.0,14.3,,23.1,40.11487045473776,34.6,14,880.0,Sunny,Clear skies
2026-06-01T12:00,35.3,39.7,49,5.527777777777778,148,12.0,1008.9,0.0,13.55,,22.9,40.99104359883556,35.3,29,935.0,Partly Cloudy,Mainly clear
2026-06-01T13:00,35.3,38.8,48,6.527777777777778,166,13.694444444444443,1008.5,0.0,14.25,,22.7,40.5964938603712,35.3,15,914.0,Sunny,Clear skies
2026-06-01T14:00,34.7,37.6,50,6.888888888888889,171,14.11111111111111,1007.6,0.0,14.5,,22.8,39.971901950984446,34.7,10,792.0,Sunny,Clear skies
2026-06-01T15:00,34.4,36.1,50,7.361111111111111,182,14.805555555555554,1006.7,0.0,14.45,,22.3,39.28445318860442,34.4,11,662.0,Sunny,Clear skies
2026-06-01T16:00,33.4,34.7,54,7.527777777777778,185,15.194444444444445,1006.9,0.0,14.9,,22.7,38.396241672764496,33.4,2,479.0,Sunny,Clear skies
2026-06-01T17:00,33.5,35.7,54,6.138888888888889,179,14.88888888888889,1006.7,0.0,15.0,,22.9,38.62668990394449,33.5,0,262.0,Sunny,Clear skies
2026-06-01T18:00,31.9,34.8,61,5.388888888888888,186,12.0,1007.8,0.0,15.0,,23.5,37.14161818651551,31.9,0,66.0,Sunny,Clear skies
2026-06-01T19:00,30.9,34.4,66,4.777777777777778,187,10.305555555555555,1008.7,0.0,15.0,,23.9,36.19094847917128,30.9,0,0.0,Sunny,Clear skies
2026-06-01T20:00,30.5,33.6,66,5.0,194,9.388888888888888,1009.3,0.0,14.9,,23.5,35.24018513261102,30.5,2,0.0,Sunny,Clear skies
2026-06-01T21:00,29.7,33.0,69,4.777777777777778,203,9.388888888888888,1009.7,0.0,14.55,,23.5,34.096029021857845,29.7,9,0.0,Sunny,Clear skies
2026-06-01T22:00,29.1,32.9,73,4.083333333333333,205,8.88888888888889,1010.2,0.0,14.5,,23.7,33.534611769395596,29.1,10,0.0,Sunny,Clear skies
2026-06-01T23:00,28.8,32.8,74,3.5,209,7.388888888888889,1010.0,0.0,14.850000000000001,,23.6,33.01722070359112,28.8,3,0.0,Sunny,Clear skies
2026-06-02T00:00,28.4,32.8,75,2.6666666666666665,214,6.388888888888888,1009.3,0.0,15.0,,23.5,32.25915318247125,28.4,0,0.0,Sunny,Clear skies
2026-06-02T01:00,28.1,32.7,76,2.3333333333333335,205,4.694444444444444,1008.6,0.0,14.95,,23.5,31.727669559215542,28.1,1,0.0,Sunny,Clear skies
2026-06-02T02:00,27.8,32.4,77,2.138888888888889,191,4.111111111111112,1008.0,0.0,15.0,,23.4,31.188054025724462,27.8,0,0.0,Sunny,Clear skies
2026-06-02T03:00,27.6,32.1,78,2.305555555555556,200,4.111111111111112,1008.2,0.0,15.0,,23.4,30.865725418417963,27.6,0,0.0,Sunny,Clear skies
2026-06-02T04:00,27.5,32.1,78,2.055555555555556,206,4.0,1008.7,0.0,15.0,,23.3,30.64025956527784,27.5,0,0.0,Sunny,Clear skies
2026-06-02T05:00,27.8,31.8,75,2.75,205,3.611111111111111,1008.6,0.0,14.55,,22.9,30.920086018151103,27.8,9,0.0,Sunny,Clear skies
2026-06-02T06:00,27.9,31.8,74,2.972222222222222,205,5.194444444444444,1009.1,0.0,14.95,,22.9,30.99998837733121,27.9,1,12.0,Sunny,Clear skies
2026-06-02T07:00,29.7,33.3,67,3.5,218,7.305555555555555,1009.6,0.0,14.850000000000001,,22.9,33.66275226123558,29.7,3,154.0,Sunny,Clear skies
2026-06-02T08:00,32.0,35.5,57,3.1111111111111107,222,7.5,1009.8,0.0,14.95,,22.5,36.19554229911118,32.0,1,371.0,Sunny,Clear skies
2026-06-02T09:00,34.1,37.3,49,3.5277777777777777,211,8.305555555555555,1009.8,0.0,15.0,,21.9,38.27459792907557,34.1,0,580.0,Sunny,Clear skies
2026-06-02T10:00,35.8,39.2,44,4.666666666666667,196,10.305555555555555,1009.4,0.0,14.75,,21.7,40.181600477457906,35.8,5,753.0,Sunny,Clear skies
2026-06-02T11:00,35.8,37.9,41,6.555555555555555,184,13.305555555555555,1008.9,0.0,14.100000000000001,,20.5,39.09115466508454,35.8,18,867.0,Sunny,Clear skies
2026-06-02T12:00,34.9,37.6,48,7.555555555555555,177,15.305555555555555,1008.3,0.6,8.8,,22.3,39.68507307925111,34.9,16,897.0,Light Rain,Moderate drizzle
2026-06-02T13:00,34.2,36.4,51,8.38888888888889,185,16.805555555555554,1007.6,0.8,8.4,,22.5,39.187218137617705,34.2,29,865.0,Light Rain,Moderate drizzle
2026-06-02T14:00,35.0,36.9,47,7.944444444444445,189,16.694444444444443,1006.2,0.5,9.0,,22.0,39.54156081111111,35.0,33,806.0,Light Rain,Moderate drizzle
2026-06-02T15:00,35.1,35.9,45,8.055555555555555,196,15.88888888888889,1005.5,0.4,9.2,,21.5,39.042518515404495,35.1,2,646.0,Light Rain,Light drizzle
2026-06-02T16:00,34.4,34.3,46,8.777777777777779,206,17.11111111111111,1005.7,0.0,14.75,,21.2,37.91852052531554,34.4,5,462.0,Sunny,Clear skies
2026-06-02T17:00,33.9,34.4,47,7.361111111111111,208,17.11111111111111,1006.3,0.0,12.95,,21.0,37.21448419023119,33.9,41,256.0,Partly Cloudy,Mainly clear
2026-06-02T18:00,32.3,33.0,53,7.361111111111111,213,14.805555555555554,1007.3,0.0,14.2,,21.4,35.71251105033778,32.3,16,55.0,Sunny,Clear skies
2026-06-02T19:00,31.0,32.4,58,6.583333333333333,214,13.88888888888889,1008.2,0.0,14.75,,21.9,34.35798335955565,31.0,5,0.0,Sunny,Clear skies
2026-06-02T20:00,30.3,32.2,63,6.277777777777778,217,12.305555555555554,1009.3,0.0,14.8,,22.5,34.0758457722045,30.3,4,0.0,Sunny,Clear skies
2026-06-02T21:00,29.6,32.1,67,5.472222222222222,214,11.805555555555555,1009.7,0.0,14.100000000000001,,22.8,33.444527163875655,29.6,18,0.0,Sunny,Clear skies
2026-06-02T22:00,29.0,31.7,68,4.972222222222221,216,10.194444444444445,1010.0,0.0,11.95,,22.6,32.36288366844436,29.0,61,0.0,Partly Cloudy,Partly cloudy
2026-06-02T23:00,28.7,32.1,70,3.5277777777777777,220,9.11111111111111,1009.5,0.0,14.3,,22.7,32.08278524929553,28.7,14,0.0,Sunny,Clear skies
2026-06-03T00:00,28.5,32.7,72,2.3333333333333335,228,6.499999999999999,1009.0,0.0,13.8,,22.9,31.987993963944504,28.5,24,0.0,Partly Cloudy,Mainly clear
2026-06-03T01:00,28.1,32.2,74,2.5833333333333335,199,4.388888888888889,1008.2,0.1,9.8,,23.0,31.429817921731154,28.1,25,0.0,Light Rain,Light drizzle
2026-06-03T02:00,28.0,31.6,71,2.972222222222222,196,5.305555555555556,1007.7,0.0,11.15,,22.3,30.799996281777833,28.0,77,0.0,Partly Cloudy,Partly cloudy
2026-06-03T03:00,28.0,31.7,71,2.5833333333333335,212,5.194444444444444,1007.6,0.0,5,,22.3,30.799996281777833,28.0,98,0.0,Cloudy,Overcast
2026-06-03T04:00,27.7,31.8,73,1.9166666666666667,213,4.611111111111112,1007.9,0.0,5,,22.4,30.45699306411556,27.7,100,0.0,Cloudy,Overcast
2026-06-03T05:00,28.0,32.2,73,1.9166666666666667,205,4.0,1008.0,0.0,11.15,,22.6,31.073563031555622,28.0,77,0.0,Partly Cloudy,Partly cloudy
2026-06-03T06:00,28.0,32.3,73,1.9444444444444444,206,3.611111111111111,1008.7,0.0,12.0,,22.6,31.073563031555622,28.0,60,11.0,Partly Cloudy,Partly cloudy
2026-06-03T07:00,29.4,33.7,66,1.6944444444444442,204,4.5,1008.9,0.0,13.6,,22.5,32.82038992247122,29.4,28,140.0,Partly Cloudy,Mainly clear
2026-06-03T08:00,31.6,35.6,58,2.111111111111111,234,5.805555555555555,1009.2,0.0,12.6,,22.4,35.60757937539553,31.6,48,355.0,Partly Cloudy,Mainly clear
2026-06-03T09:00,33.8,37.5,50,2.5833333333333335,252,9.388888888888888,1009.2,0.0,11.15,,22.0,37.95779035708452,33.8,77,562.0,Partly Cloudy,Partly cloudy
2026-06-03T10:00,35.7,39.8,44,3.1666666666666665,249,9.61111111111111,1008.5,0.0,11.5,,21.7,39.96469809215783,35.7,70,720.0,Partly Cloudy,Partly cloudy
2026-06-03T11:00,37.5,41.1,38,4.305555555555555,260,11.0,1007.6,0.0,12.75,,20.9,41.46574949861112,37.5,45,841.0,Partly Cloudy,Mainly clear
2026-06-03T12:00,38.4,41.9,34,4.166666666666667,263,10.88888888888889,1006.9,0.2,9.6,,19.9,41.68114633267555,38.4,99,909.0,Light Rain,Light drizzle
2026-06-03T13:00,38.3,40.7,33,5.361111111111112,274,12.11111111111111,1006.3,0.3,9.4,,19.1,41.0865594767378,38.3,99,903.0,Light Rain,Light drizzle
2026-06-03T14:00,37.3,38.0,35,6.944444444444445,271,14.5,1005.2,0.4,9.2,,19.2,39.91426109881783,37.3,98,736.0,Light Rain,Light drizzle
2026-06-03T15:00,37.1,37.5,35,6.222222222222221,278,14.61111111111111,1004.6,0.2,9.6,,19.1,39.53362403593779,37.1,95,615.0,Light Rain,Light drizzle
2026-06-03T16:00,35.5,36.3,41,5.944444444444444,269,13.11111111111111,1004.4,0.3,9.4,,20.2,38.491514158444524,35.5,84,468.0,Light Rain,Light drizzle
2026-06-03T17:00,34.8,35.9,42,5.305555555555556,272,12.11111111111111,1005.2,0.0,5,,20.0,37.44731379985786,34.8,100,250.0,Cloudy,Overcast
2026-06-03T18:00,33.5,35.0,45,4.361111111111111,257,10.194444444444445,1006.4,0.0,5,,19.8,35.85705249044445,33.5,97,60.0,Cloudy,Overcast
2026-06-03T19:00,31.9,33.9,51,4.166666666666667,235,8.0,1007.3,0.0,13.5,,20.7,34.419404475937746,31.9,30,0.0,Partly Cloudy,Mainly clear
2026-06-03T20:00,30.7,33.3,58,3.9722222222222223,228,8.194444444444445,1008.2,0.0,14.15,,21.5,33.76124443041572,30.7,17,0.0,Sunny,Clear skies
2026-06-03T21:00,30.0,32.9,61,3.5277777777777777,230,7.305555555555555,1008.9,0.0,11.85,,21.6,33.03359425555552,30.0,63,0.0,Partly Cloudy,Partly cloudy
2026-06-03T22:00,29.5,32.7,64,3.1666666666666665,231,6.388888888888888,1009.3,0.0,5,,21.9,32.6394529810555,29.5,95,0.0,Cloudy,Overcast
2026-06-03T23:00,29.1,32.8,68,2.888888888888889,214,5.694444444444445,1008.7,0.0,5,,22.6,32.57195568978446,29.1,99,0.0,Cloudy,Overcast
2026-06-04T00:00,28.8,32.7,69,2.4166666666666665,218,5.111111111111111,1008.1,0.0,5,,22.6,32.12207596705782,28.8,99,0.0,Cloudy,Overcast
2026-06-04T01:00,28.4,32.2,70,2.4722222222222223,212,4.5,1007.4,0.0,5,,22.4,31.460790009315602,28.4,98,0.0,Cloudy,Overcast
2026-06-04T02:00,28.0,31.8,71,2.4444444444444446,203,4.388888888888889,1006.7,0.0,5,,22.3,30.799996281777833,28.0,100,0.0,Cloudy,Overcast
2026-06-04T03:00,27.9,31.9,72,2.138888888888889,204,4.305555555555555,1007.0,0.0,5,,22.4,30.732943129464598,27.9,99,0.0,Cloudy,Overcast
2026-06-04T04:00,27.6,31.6,74,2.4166666666666665,198,4.194444444444445,1007.3,0.0,5,,22.6,30.375005817031226,27.6,100,0.0,Cloudy,Overcast
2026-06-04T05:00,27.3,32.7,83,1.5555555555555554,228,4.305555555555555,1007.2,0.0,5,,24.1,30.759478947671223,27.3,99,0.0,Cloudy,Overcast
2026-06-04T06:00,27.6,33.2,83,1.4444444444444444,202,2.694444444444444,1007.5,0.1,9.8,,24.5,31.51824089575132,27.6,99,11.0,Light Rain,Light drizzle
2026-06-04T07:00,29.0,34.1,73,1.4166666666666665,238,3.888888888888889,1007.8,0.0,5,,23.6,33.29787407955561,29.0,99,138.0,Cloudy,Overcast
2026-06-04T08:00,31.3,35.9,61,1.6666666666666665,254,5.0,1008.5,0.0,5,,23.0,35.75910990139553,31.3,100,340.0,Cloudy,Overcast
2026-06-04T09:00,33.4,37.3,53,2.361111111111111,243,6.388888888888888,1008.7,0.0,5,,22.4,38.063021921617796,33.4,98,545.0,Cloudy,Overcast
2026-06-04T10:00,35.2,39.7,47,2.7777777777777777,231,8.61111111111111,1008.4,0.0,5,,22.2,39.9864356259912,35.2,99,713.0,Cloudy,Overcast
2026-06-04T11:00,36.6,41.3,43,2.888888888888889,238,8.61111111111111,1007.5,0.0,5,,21.9,41.555985979395615,36.6,99,785.0,Cloudy,Overcast
2026-06-04T12:00,36.5,40.8,43,4.277777777777778,263,10.11111111111111,1006.8,0.1,9.8,,21.9,41.33218146955563,36.5,99,860.0,Light Rain,Light drizzle
2026-06-04T13:00,35.3,38.5,46,5.222222222222222,240,11.61111111111111,1006.3,0.1,9.8,,21.8,39.83571687849569,35.3,96,778.0,Light Rain,Light drizzle
2026-06-04T14:00,34.0,37.9,51,3.2499999999999996,266,12.38888888888889,1005.7,2.2,5.6,,22.4,38.73433279377783,34.0,100,632.0,Light Rain,Slight rain
2026-06-04T15:00,33.0,36.1,55,4.638888888888888,240,10.0,1005.5,0.3,9.4,,22.8,37.81306655955562,33.0,100,577.0,Light Rain,Light drizzle
2026-06-04T16:00,33.4,36.6,52,3.75,233,10.0,1005.8,0.7,8.6,,22.4,37.73742137107563,33.4,99,398.0,Light Rain,Moderate drizzle
2026-06-04T17:00,29.9,34.2,74,4.138888888888889,249,10.0,1006.6,0.5,9.0,,24.6,35.77256597253118,29.9,99,221.0,Light Rain,Moderate drizzle
2026-06-04T18:00,29.9,35.6,79,2.944444444444444,255,7.111111111111112,1007.3,0.8,8.4,,25.8,37.08653635627564,29.9,96,42.0,Light Rain,Moderate drizzle
2026-06-04T19:00,27.4,32.5,88,3.4722222222222223,242,7.194444444444444,1007.9,0.9,8.2,,25.3,31.639551324195665,27.4,83,0.0,Light Rain,Moderate drizzle
2026-06-04T20:00,27.2,32.5,89,3.0277777777777777,218,6.0,1008.7,0.1,9.8,,25.3,31.194162176657706,27.2,88,0.0,Light Rain,Light drizzle
2026-06-04T21:00,27.1,32.3,88,2.694444444444444,227,5.5,1009.1,0.0,5,,24.9,30.80073825529573,27.1,93,0.0,Cloudy,Overcast
2026-06-04T22:00,27.2,32.2,84,2.611111111111111,230,4.5,1009.6,0.0,5,,24.3,30.62275736679103,27.2,94,0.0,Cloudy,Overcast
2026-06-04T23:00,27.9,33.5,84,2.111111111111111,251,5.194444444444444,1009.2,0.0,5,,24.9,32.4584836089313,27.9,100,0.0,Cloudy,Overcast
2026-06-05T00:00,27.6,33.2,86,2.055555555555556,229,3.6944444444444446,1008.4,0.0,11.15,,25.0,31.93061203580463,27.6,77,0.0,Partly Cloudy,Partly cloudy
2026-06-05T01:00,27.2,32.3,85,2.5,183,4.194444444444445,1007.8,0.0,5,,24.4,30.73440801939556,27.2,85,0.0,Cloudy,Overcast
2026-06-05T02:00,26.8,31.9,83,1.7222222222222223,195,4.388888888888889,1007.3,0.0,5,,23.7,29.553511406471173,26.8,98,0.0,Cloudy,Overcast
2026-06-05T03:00,26.6,31.6,83,1.4444444444444444,186,3.1111111111111107,1006.8,0.0,5,,23.5,26.6,26.6,100,0.0,Cloudy,Overcast
2026-06-05T04:00,26.4,31.3,85,1.6666666666666665,185,2.694444444444444,1007.5,0.0,5,,23.6,26.4,26.4,100,0.0,Cloudy,Overcast
2026-06-05T05:00,27.3,32.1,80,1.777777777777778,169,3.1111111111111107,1007.3,0.0,5,,23.4,30.41810759391782,27.3,99,0.0,Cloudy,Overcast
2026-06-05T06:00,27.4,32.4,79,1.4444444444444444,186,3.194444444444444,1007.8,0.0,5,,23.5,30.53288894227557,27.4,100,11.0,Cloudy,Overcast
2026-06-05T07:00,28.7,33.8,74,1.5,200,3.888888888888889,1008.3,0.0,5,,23.6,32.78254417509099,28.7,100,132.0,Cloudy,Overcast
2026-06-05T08:00,30.3,35.1,66,1.6944444444444442,251,4.888888888888889,1008.5,0.0,5,,23.3,34.77897102245114,30.3,100,276.0,Cloudy,Overcast
2026-06-05T09:00,32.1,36.1,58,2.861111111111111,286,7.111111111111112,1008.7,0.0,5,,22.9,36.70606677129562,32.1,100,500.0,Cloudy,Overcast
2026-06-05T10:00,33.5,37.8,53,3.083333333333333,284,7.694444444444444,1008.2,0.0,5,,22.5,38.288086951777764,33.5,100,672.0,Cloudy,Overcast
2026-06-05T11:00,35.5,38.5,44,5.027777777777778,275,11.805555555555555,1007.1,0.0,5,,21.2,39.53557772327792,35.5,100,784.0,Cloudy,Overcast
2026-06-05T12:00,36.5,40.3,40,3.861111111111111,266,11.38888888888889,1006.9,0.0,5,,20.7,40.16119921905555,36.5,100,843.0,Cloudy,Overcast
2026-06-05T13:00,36.9,41.2,40,2.4166666666666665,275,9.88888888888889,1006.3,0.0,5,,20.9,41.00001885201555,36.9,99,776.0,Cloudy,Overcast
2026-06-05T14:00,36.2,37.8,38,5.222222222222222,294,11.0,1005.6,0.0,5,,19.7,38.8496137792711,36.2,100,680.0,Cloudy,Overcast
2026-06-05T15:00,35.8,36.2,40,6.805555555555555,291,13.38888888888889,1005.0,0.0,5,,20.2,38.74749595059561,35.8,100,555.0,Cloudy,Overcast
2026-06-05T16:00,34.6,35.2,44,6.944444444444445,294,14.194444444444445,1004.9,0.0,5,,20.7,37.6818286916978,34.6,99,406.0,Cloudy,Overcast
2026-06-05T17:00,33.1,33.3,46,7.055555555555555,274,14.0,1005.7,0.0,5,,20.0,35.383333812815565,33.1,98,228.0,Cloudy,Overcast
2026-06-05T18:00,32.0,33.0,50,5.805555555555555,278,13.38888888888889,1006.2,0.0,5,,20.4,34.36367940844453,32.0,98,42.0,Cloudy,Overcast
2026-06-05T19:00,31.4,32.9,53,5.222222222222222,284,11.38888888888889,1007.0,0.0,5,,20.7,33.960099147217846,31.4,98,0.0,Cloudy,Overcast
2026-06-05T20:00,31.6,33.9,52,3.333333333333333,279,9.305555555555555,1007.3,0.0,5,,20.5,34.099515027075626,31.6,100,0.0,Cloudy,Overcast
2026-06-05T21:00,31.8,34.4,52,3.0,252,6.111111111111111,1008.0,0.0,11.85,,20.7,34.47396164563548,31.8,63,0.0,Partly Cloudy,Partly cloudy
2026-06-05T22:00,31.0,34.1,55,2.4722222222222223,243,5.5,1008.6,0.0,11.55,,21.1,33.665803991555485,31.0,69,0.0,Partly Cloudy,Partly cloudy
2026-06-05T23:00,30.0,33.4,64,3.1111111111111107,210,4.388888888888889,1008.5,0.0,5,,22.3,33.66366225555557,30.0,88,0.0,Cloudy,Overcast
2026-06-06T00:00,28.9,32.6,71,3.3055555555555554,211,6.0,1008.2,0.0,5,,23.0,32.69144395913779,28.9,99,0.0,Cloudy,Overcast
2026-06-06T01:00,28.6,32.5,72,3.083333333333333,216,6.111111111111111,1007.7,0.0,5,,23.0,32.20615482956456,28.6,97,0.0,Cloudy,Overcast
2026-06-06T02:00,27.9,31.8,74,3.083333333333333,209,5.805555555555555,1007.0,0.0,5,,22.9,30.99998837733121,27.9,99,0.0,Cloudy,Overcast
2026-06-06T03:00,27.6,31.1,76,3.888888888888889,208,7.194444444444444,1007.1,0.0,5,,23.0,30.616888642115825,27.6,98,0.0,Cloudy,Overcast
2026-06-06T04:00,27.5,31.2,77,3.416666666666667,207,6.888888888888889,1007.5,0.0,5,,23.0,30.520732394444508,27.5,98,0.0,Cloudy,Overcast
2026-06-06T05:00,27.4,31.4,76,2.7777777777777777,198,6.0,1007.4,0.0,5,,22.8,30.19148942211555,27.4,99,0.0,Cloudy,Overcast
2026-06-06T06:00,27.8,31.8,74,2.7777777777777777,200,4.888888888888889,1008.4,0.0,5,,22.9,30.789025956391143,27.8,99,12.0,Cloudy,Overcast
2026-06-06T07:00,29.3,33.3,67,2.5833333333333335,207,5.888888888888888,1009.3,0.0,5,,22.7,32.804227674035616,29.3,100,145.0,Cloudy,Overcast
2026-06-06T08:00,31.3,35.2,59,2.1666666666666665,212,6.111111111111111,1009.6,0.0,5,,22.3,35.22977655332445,31.3,99,349.0,Cloudy,Overcast
2026-06-06T09:00,33.1,36.9,52,2.0,207,6.111111111111111,1009.7,0.0,5,,21.9,37.089246338175606,33.1,100,549.0,Cloudy,Overcast
2026-06-06T10:00,35.1,39.5,46,2.5,237,8.305555555555555,1009.6,0.0,5,,21.7,39.398213955215624,35.1,100,722.0,Cloudy,Overcast
2026-06-06T11:00,36.5,41.1,40,2.6666666666666665,265,8.38888888888889,1008.8,0.0,5,,20.6,40.16119921905555,36.5,99,869.0,Cloudy,Overcast
2026-06-06T12:00,37.8,41.9,37,3.4722222222222223,277,9.0,1008.2,0.0,5,,20.6,41.68489202643558,37.8,92,871.0,Cloudy,Overcast
2026-06-06T13:00,36.5,39.3,40,4.611111111111112,283,10.499999999999998,1007.5,1.0,8.0,,20.7,40.16119921905555,36.5,94,752.0,Light Rain,Dense drizzle
2026-06-06T14:00,37.3,38.8,36,6.416666666666667,293,13.38888888888889,1006.0,0.0,5,,19.8,40.28107917738451,37.3,93,778.0,Cloudy,Overcast
2026-06-06T15:00,36.3,37.1,39,6.666666666666666,291,14.5,1005.7,0.0,5,,20.1,39.391364671191155,36.3,97,639.0,Cloudy,Overcast
2026-06-06T16:00,35.9,36.3,39,6.166666666666666,282,14.5,1005.5,0.0,5,,19.7,38.60653196303112,35.9,97,474.0,Cloudy,Overcast
2026-06-06T17:00,34.9,35.6,43,6.583333333333333,297,12.61111111111111,1005.7,0.0,5,,20.5,37.95850059019548,34.9,100,261.0,Cloudy,Overcast
2026-06-06T18:00,33.9,35.6,46,4.638888888888888,284,12.61111111111111,1006.7,0.0,5,,20.5,36.910707886415565,33.9,100,58.0,Cloudy,Overcast
2026-06-06T19:00,32.6,34.5,50,4.444444444444445,245,8.61111111111111,1007.8,0.0,5,,20.8,35.49740346700454,32.6,97,0.0,Cloudy,Overcast
2026-06-06T20:00,29.8,32.6,65,4.638888888888888,218,9.5,1008.9,0.0,5,,22.6,33.45516812855104,29.8,98,0.0,Cloudy,Overcast
2026-06-06T21:00,28.9,32.4,71,3.8055555555555554,220,8.805555555555555,1009.8,0.0,5,,23.0,32.69144395913779,28.9,100,0.0,Cloudy,Overcast
2026-06-06T22:00,28.7,32.5,72,3.3055555555555554,219,7.111111111111112,1010.6,0.0,5,,23.2,32.42688304562445,28.7,99,0.0,Cloudy,Overcast
2026-06-06T23:00,29.4,34.0,70,2.055555555555556,227,6.194444444444445,1010.3,0.0,5,,23.3,33.62158041811558,29.4,98,0.0,Cloudy,Overcast
2026-06-07T00:00,29.0,33.8,72,1.611111111111111,248,3.6944444444444446,1009.6,0.0,5,,23.3,33.104471796444386,29.0,92,0.0,Cloudy,Overcast
2026-06-07T01:00,28.7,33.8,73,1.1666666666666667,216,2.8055555555555554,1009.4,0.0,5,,23.3,32.60326819371557,28.7,91,0.0,Cloudy,Overcast
2026-06-07T02:00,28.2,32.9,75,1.9444444444444444,215,3.3055555555555554,1009.2,0.0,5,,23.4,31.802123616551146,28.2,88,0.0,Cloudy,Overcast
2026-06-07T03:00,27.8,31.9,77,2.944444444444444,183,5.0,1008.6,0.0,5,,23.3,31.188054025724462,27.8,92,0.0,Cloudy,Overcast
2026-06-07T04:00,27.4,31.4,77,2.861111111111111,207,5.888888888888888,1009.5,0.0,5,,23.0,30.303762154364392,27.4,98,0.0,Cloudy,Overcast
2026-06-07T05:00,27.7,31.9,75,2.361111111111111,204,7.111111111111112,1009.0,0.0,5,,22.9,30.706247771351123,27.7,100,0.0,Cloudy,Overcast
2026-06-07T06:00,28.0,32.7,75,1.5555555555555554,201,4.111111111111112,1009.7,0.0,5,,23.0,31.35576789511109,28.0,98,11.0,Cloudy,Overcast
2026-06-07T07:00,29.3,33.5,70,2.5,206,5.611111111111111,1010.1,0.0,5,,23.1,33.39425485609563,29.3,100,142.0,Cloudy,Overcast
2026-06-07T08:00,31.3,35.4,60,2.3333333333333335,225,6.111111111111111,1010.3,0.0,5,,22.6,35.49167040671781,31.3,98,344.0,Cloudy,Overcast
2026-06-07T09:00,33.7,37.1,50,2.833333333333333,240,7.194444444444444,1010.8,0.0,5,,21.9,37.742932530584376,33.7,97,559.0,Cloudy,Overcast
2026-06-07T10:00,35.1,39.2,47,3.0277777777777777,258,9.694444444444445,1010.2,0.0,11.35,,21.9,39.76316091183124,35.1,73,698.0,Partly Cloudy,Partly cloudy
2026-06-07T11:00,36.6,39.6,41,5.361111111111112,266,10.388888888888888,1009.2,0.0,5,,21.0,40.75386540300446,36.6,91,834.0,Cloudy,Overcast
2026-06-07T12:00,37.7,40.7,37,5.361111111111112,268,12.805555555555555,1008.5,0.0,11.85,,20.4,41.47716867483555,37.7,63,904.0,Partly Cloudy,Partly cloudy
2026-06-07T13:00,37.9,40.6,36,5.638888888888889,271,12.694444444444445,1007.7,0.0,5,,20.4,41.48368666770448,37.9,82,868.0,Cloudy,Overcast
2026-06-07T14:00,36.7,38.1,39,7.333333333333333,264,15.194444444444445,1007.3,0.3,9.4,,20.6,40.19811777359116,36.7,74,787.0,Light Rain,Light drizzle
2026-06-07T15:00,36.5,38.1,39,5.611111111111111,254,15.194444444444445,1006.8,0.0,5,,20.5,39.79200117311115,36.5,97,629.0,Cloudy,Overcast
2026-06-07T16:00,33.5,35.2,50,5.888888888888888,243,12.61111111111111,1007.2,1.1,7.8,,21.7,37.318576287944424,33.5,94,429.0,Light Rain,Dense drizzle
2026-06-07T17:00,33.5,35.1,49,5.611111111111111,259,12.305555555555554,1007.7,0.3,9.4,,21.4,37.01083879755558,33.5,98,243.0,Light Rain,Light drizzle
2026-06-07T18:00,31.1,34.0,61,4.638888888888888,229,10.694444444444445,1008.5,0.4,9.2,,22.7,35.31575843611568,31.1,82,58.0,Light Rain,Light drizzle
2026-06-07T19:00,29.3,32.1,71,5.416666666666667,211,10.194444444444445,1009.5,0.0,5,,23.4,33.597954739617755,29.3,84,0.0,Cloudy,Overcast
2026-06-07T20:00,28.3,31.4,74,4.722222222222222,219,10.305555555555555,1010.4,0.0,11.3,,23.2,31.870187069491237,28.3,74,0.0,Partly Cloudy,Partly cloudy
2026-06-07T21:00,28.1,31.5,75,4.111111111111112,224,8.88888888888889,1010.8,0.0,5,,23.2,31.577611525271127,28.1,83,0.0,Cloudy,Overcast
2026-06-07T22:00,28.1,31.5,74,3.9166666666666665,219,7.694444444444444,1011.3,0.0,5,,23.0,31.429817921731154,28.1,95,0.0,Cloudy,Overcast
2026-06-07T23:00,28.0,31.6,73,3.222222222222222,213,7.388888888888889,1011.2,0.0,5,,22.6,31.073563031555622,28.0,89,0.0,Cloudy,Overcast
2026-06-08T00:00,27.6,31.5,74,2.694444444444444,211,6.111111111111111,1010.8,0.0,5,,22.7,30.375005817031226,27.6,91,0.0,Cloudy,Overcast
2026-06-08T01:00,27.5,31.0,75,3.333333333333333,216,5.805555555555555,1010.2,0.0,5,,22.6,30.286576661111194,27.5,95,0.0,Cloudy,Overcast
2026-06-08T02:00,27.2,30.9,78,3.6666666666666665,220,6.194444444444445,1009.4,0.1,9.8,,23.1,29.98047169953779,27.2,100,0.0,Light Rain,Light drizzle
2026-06-08T03:00,27.1,30.8,80,3.7222222222222223,224,7.194444444444444,1009.0,0.0,5,,23.3,29.963339125837837,27.1,100,0.0,Cloudy,Overcast
2026-06-08T04:00,26.9,31.1,82,3.194444444444444,214,6.694444444444445,1009.4,0.0,5,,23.6,29.698200449375552,26.9,100,0.0,Cloudy,Overcast
2026-06-08T05:00,26.9,31.0,80,2.9166666666666665,218,6.194444444444445,1009.1,0.0,5,,23.2,29.519907111037792,26.9,95,0.0,Cloudy,Overcast
2026-06-08T06:00,27.2,31.3,79,3.0277777777777777,216,5.694444444444445,1009.8,0.0,5,,23.3,30.084231424035547,27.2,99,11.0,Cloudy,Overcast
2026-06-08T07:00,28.9,32.9,71,3.1111111111111107,228,6.888888888888889,1010.5,0.0,5,,23.2,32.69144395913779,28.9,100,138.0,Cloudy,Overcast
2026-06-08T08:00,30.9,35.4,63,1.9444444444444444,270,6.694444444444445,1010.7,0.0,5,,23.1,35.38963842228459,30.9,100,338.0,Cloudy,Overcast
2026-06-08T09:00,33.0,36.7,55,3.1111111111111107,274,7.388888888888889,1010.7,0.0,5,,22.7,37.81306655955562,33.0,96,534.0,Cloudy,Overcast
2026-06-08T10:00,34.6,38.0,47,4.305555555555555,267,9.805555555555555,1010.1,0.0,5,,21.6,38.671906542631206,34.6,96,732.0,Cloudy,Overcast
2026-06-08T11:00,35.7,37.8,42,6.499999999999999,272,12.694444444444445,1009.8,0.0,5,,20.8,39.23829993175777,35.7,90,834.0,Cloudy,Overcast
2026-06-08T12:00,36.3,37.8,39,7.361111111111111,277,15.11111111111111,1009.1,0.0,5,,20.2,39.391364671191155,36.3,93,868.0,Cloudy,Overcast
2026-06-08T13:00,36.2,38.0,40,6.972222222222222,274,15.194444444444445,1008.5,0.0,5,,20.6,39.5468747913956,36.2,92,848.0,Cloudy,Overcast
2026-06-08T14:00,35.8,37.6,43,6.972222222222222,281,16.5,1007.7,0.0,5,,21.3,39.8082069285156,35.8,95,740.0,Cloudy,Overcast
2026-06-08T15:00,34.8,35.6,45,7.027777777777778,274,15.61111111111111,1007.5,0.1,9.8,,21.2,38.41405678028449,34.8,93,463.0,Light Rain,Light drizzle
2026-06-08T16:00,34.6,35.8,46,6.166666666666666,268,14.194444444444445,1007.3,0.0,5,,21.2,38.33310487011563,34.6,96,446.0,Cloudy,Overcast
2026-06-08T17:00,34.0,35.6,46,5.305555555555556,266,13.11111111111111,1007.4,0.0,5,,20.9,37.10899633155566,34.0,89,228.0,Cloudy,Overcast
2026-06-08T18:00,32.8,34.5,49,4.805555555555555,268,10.805555555555555,1008.2,0.0,5,,20.7,35.616047560835554,32.8,82,68.0,Cloudy,Overcast
2026-06-08T19:00,32.1,34.4,53,4.111111111111112,267,9.194444444444445,1009.2,0.0,5,,21.3,35.30980692201782,32.1,91,0.0,Cloudy,Overcast
2026-06-08T20:00,31.3,34.2,57,3.5,244,7.888888888888888,1010.1,0.0,5,,21.7,34.7226257703912,31.3,95,0.0,Cloudy,Overcast
2026-06-08T21:00,30.6,34.0,61,3.3055555555555554,235,6.611111111111111,1010.8,0.0,5,,22.3,34.24562740051559,30.6,98,0.0,Cloudy,Overcast
2026-06-08T22:00,29.9,33.8,66,2.7777777777777777,218,6.111111111111111,1011.2,0.0,5,,22.8,33.88487792837119,29.9,98,0.0,Cloudy,Overcast
2026-06-08T23:00,29.8,33.9,67,2.75,209,5.194444444444444,1010.8,0.0,5,,23.1,33.88337332563552,29.8,97,0.0,Cloudy,Overcast
2026-06-09T00:00,29.2,33.1,69,2.9166666666666665,219,5.388888888888888,1010.0,0.0,5,,23.0,32.974738933457864,29.2,88,0.0,Cloudy,Overcast
2026-06-09T01:00,28.7,32.5,71,2.944444444444444,230,5.611111111111111,1009.4,0.0,5,,22.8,32.25338873081775,28.7,98,0.0,Cloudy,Overcast
2026-06-09T02:00,28.4,32.2,70,2.611111111111111,228,5.5,1008.9,0.0,5,,22.5,31.460790009315602,28.4,99,0.0,Cloudy,Overcast
2026-06-09T03:00,28.0,32.0,72,2.4722222222222223,218,5.0,1008.9,0.0,5,,22.5,30.93569989244442,28.0,100,0.0,Cloudy,Overcast
2026-06-09T04:00,27.9,32.0,73,2.361111111111111,205,4.611111111111112,1009.0,0.0,5,,22.7,30.86543851179565,27.9,90,0.0,Cloudy,Overcast
2026-06-09T05:00,28.4,32.7,73,2.305555555555556,207,4.5,1009.2,0.0,5,,23.0,31.932073083395746,28.4,88,0.0,Cloudy,Overcast
2026-06-09T06:00,28.4,32.8,73,2.305555555555556,204,4.111111111111112,1009.8,0.0,5,,23.1,31.932073083395746,28.4,93,10.0,Cloudy,Overcast
2026-06-09T07:00,29.9,34.0,66,2.5277777777777777,214,5.805555555555555,1010.1,0.0,12.35,,22.9,33.88487792837119,29.9,53,143.0,Partly Cloudy,Partly cloudy
2026-06-09T08:00,31.9,35.4,57,2.888888888888889,226,7.111111111111112,1010.4,0.0,5,,22.3,35.978998289431225,31.9,81,346.0,Cloudy,Overcast
2026-06-09T09:00,34.1,37.4,48,2.888888888888889,253,7.5,1010.4,0.0,5,,21.7,37.94440954645119,34.1,97,565.0,Cloudy,Overcast
2026-06-09T10:00,35.3,38.7,46,4.166666666666667,274,11.5,1010.1,0.0,5,,21.8,39.83571687849569,35.3,96,705.0,Cloudy,Overcast
2026-06-09T11:00,36.7,40.2,41,4.25,283,11.805555555555555,1009.1,0.0,11.15,,21.4,40.96821588708448,36.7,77,775.0,Partly Cloudy,Partly cloudy
2026-06-09T12:00,36.4,38.9,41,6.416666666666667,280,13.61111111111111,1008.6,0.1,9.8,,21.0,40.32950552940437,36.4,73,876.0,Light Rain,Light drizzle
2026-06-09T13:00,36.2,38.5,40,6.166666666666666,282,14.88888888888889,1007.8,0.0,11.45,,20.6,39.5468747913956,36.2,71,838.0,Partly Cloudy,Partly cloudy
2026-06-09T14:00,35.5,36.6,43,7.944444444444445,276,16.5,1007.1,0.1,9.8,,20.9,39.17792696155557,35.5,85,764.0,Light Rain,Light drizzle
2026-06-09T15:00,35.3,35.4,42,8.0,276,17.61111111111111,1006.7,0.1,9.8,,20.5,38.42745289495786,35.3,68,593.0,Light Rain,Light drizzle
2026-06-09T16:00,34.1,34.1,45,7.888888888888888,276,17.5,1006.7,0.0,11.2,,20.6,37.00362247220458,34.1,76,425.0,Partly Cloudy,Partly cloudy
2026-06-09T17:00,33.3,34.0,47,6.555555555555555,280,15.499999999999998,1006.9,0.0,13.5,,20.6,36.03057495519112,33.3,30,255.0,Partly Cloudy,Mainly clear
2026-06-09T18:00,31.9,33.3,53,5.611111111111111,274,12.5,1007.9,0.0,11.25,,21.0,34.914690942817906,31.9,75,70.0,Partly Cloudy,Partly cloudy
2026-06-09T19:00,31.2,33.9,57,3.7777777777777777,275,10.611111111111112,1008.6,0.0,5,,21.6,34.52037894039131,31.2,98,0.0,Cloudy,Overcast
2026-06-09T20:00,30.9,34.4,59,2.5833333333333335,251,7.0,1009.7,0.0,5,,21.9,34.39323420356455,30.9,88,0.0,Cloudy,Overcast
2026-06-09T21:00,30.0,33.5,63,2.8055555555555554,223,5.194444444444444,1010.2,0.0,5,,22.1,33.44940924444435,30.0,82,0.0,Cloudy,Overcast
2026-06-09T22:00,29.2,32.8,67,3.083333333333333,216,5.611111111111111,1010.7,0.0,12.6,,22.5,32.59558644483562,29.2,48,0.0,Partly Cloudy,Mainly clear
2026-06-09T23:00,29.0,33.3,71,2.5833333333333335,212,5.5,1010.4,0.0,11.45,,23.2,32.91427161377768,29.0,71,0.0,Partly Cloudy,Partly cloudy
2026-06-10T00:00,28.5,32.6,74,3.0555555555555554,214,5.305555555555556,1009.8,0.0,5,,23.4,32.321095820611205,28.5,98,0.0,Cloudy,Overcast
2026-06-10T01:00,28.2,32.0,75,3.4722222222222223,226,6.611111111111111,1009.0,0.0,5,,23.3,31.802123616551146,28.2,99,0.0,Cloudy,Overcast
2026-06-10T02:00,28.1,32.1,75,3.222222222222222,229,6.305555555555555,1008.4,0.0,5,,23.3,31.577611525271127,28.1,97,0.0,Cloudy,Overcast
2026-06-10T03:00,27.9,32.2,76,2.5,233,5.694444444444445,1008.4,0.0,11.25,,23.3,31.27525155801561,27.9,75,0.0,Partly Cloudy,Partly cloudy
2026-06-10T04:00,27.7,32.5,78,1.8055555555555556,226,4.388888888888889,1009.1,0.0,11.3,,23.5,31.093959553837742,27.7,74,0.0,Partly Cloudy,Partly cloudy
2026-06-10T05:00,28.0,32.5,77,2.5,211,3.888888888888889,1008.9,0.0,5,,23.6,31.6466108724446,28.0,98,0.0,Cloudy,Overcast
2026-06-10T06:00,28.3,32.9,77,2.5833333333333335,224,4.888888888888889,1009.3,0.0,5,,23.8,32.354959781324524,28.3,98,6.0,Cloudy,Overcast
2026-06-10T07:00,29.3,33.6,73,3.222222222222222,215,6.611111111111111,1010.0,0.0,5,,23.8,34.015890740915644,29.3,96,87.0,Cloudy,Overcast
2026-06-10T08:00,31.2,35.5,64,2.888888888888889,216,7.388888888888889,1009.9,0.0,5,,23.6,36.3554891136357,31.2,100,278.0,Cloudy,Overcast
2026-06-10T09:00,33.4,37.5,56,2.861111111111111,227,7.888888888888888,1009.7,0.0,5,,23.3,39.08553877687107,33.4,99,508.0,Cloudy,Overcast
2026-06-10T10:00,35.7,40.1,47,3.3888888888888884,250,10.805555555555555,1009.2,0.0,5,,22.6,41.12792839839109,35.7,99,718.0,Cloudy,Overcast
2026-06-10T11:00,36.8,41.4,43,3.416666666666667,278,10.694444444444445,1008.9,0.0,5,,22.3,42.00816539491559,36.8,100,780.0,Cloudy,Overcast
2026-06-10T12:00,33.5,36.3,53,5.861111111111112,284,12.305555555555554,1009.2,1.2,7.6,,22.7,38.288086951777764,33.5,99,680.0,Light Rain,Dense drizzle
2026-06-10T13:00,35.3,38.0,47,5.861111111111112,270,13.5,1008.1,0.4,9.2,,22.4,40.21138495359118,35.3,93,681.0,Light Rain,Light drizzle
2026-06-10T14:00,35.0,36.6,46,6.861111111111111,273,14.61111111111111,1006.8,0.1,9.8,,21.6,39.181918055555634,35.0,88,668.0,Light Rain,Light drizzle
2026-06-10T15:00,34.6,36.0,47,6.722222222222221,273,14.0,1006.3,0.0,5,,21.7,38.671906542631206,34.6,95,587.0,Cloudy,Overcast
2026-06-10T16:00,34.3,35.7,48,6.111111111111111,274,13.5,1006.0,0.0,5,,21.6,38.369303175971275,34.3,99,381.0,Cloudy,Overcast
2026-06-10T17:00,34.2,35.8,48,5.805555555555555,283,12.305555555555554,1005.9,0.0,11.5,,21.6,38.1560003400713,34.2,70,191.0,Partly Cloudy,Partly cloudy
2026-06-10T18:00,32.7,34.8,53,5.333333333333333,297,11.38888888888889,1007.0,0.0,5,,22.0,36.54068375433793,32.7,94,65.0,Cloudy,Overcast
2026-06-10T19:00,31.4,33.9,59,4.916666666666666,298,10.305555555555555,1008.0,0.0,5,,22.3,35.444197898364486,31.4,94,0.0,Cloudy,Overcast
2026-06-10T20:00,30.6,33.2,62,5.0,293,9.388888888888888,1009.1,0.0,5,,22.4,34.481687909297854,30.6,100,0.0,Cloudy,Overcast
2026-06-10T21:00,30.6,33.1,61,4.833333333333333,286,10.388888888888888,1010.3,0.0,5,,22.2,34.24562740051559,30.6,100,0.0,Cloudy,Overcast
2026-06-10T22:00,30.3,33.9,63,3.0555555555555554,271,8.694444444444445,1010.2,0.0,5,,22.6,34.0758457722045,30.3,100,0.0,Cloudy,Overcast
2026-06-10T23:00,30.4,34.3,64,2.8055555555555554,250,5.694444444444445,1009.7,0.0,5,,22.8,34.52427519267561,30.4,100,0.0,Cloudy,Overcast
2026-06-11T00:00,30.0,34.0,64,2.4166666666666665,249,5.111111111111111,1009.2,0.0,5,,22.6,33.66366225555557,30.0,98,0.0,Cloudy,Overcast
2026-06-11T01:00,29.5,33.5,65,2.0277777777777777,230,4.805555555555555,1007.8,0.0,5,,22.3,32.83214998511109,29.5,100,0.0,Cloudy,Overcast
2026-06-11T02:00,29.1,32.8,67,2.611111111111111,238,4.0,1007.5,0.0,11.1,,22.3,32.38934118267563,29.1,78,0.0,Partly Cloudy,Partly cloudy
2026-06-11T03:00,28.6,32.7,69,2.0277777777777777,218,4.194444444444445,1007.2,0.0,11.7,,22.4,31.71053418529779,28.6,66,0.0,Partly Cloudy,Partly cloudy
2026-06-11T04:00,28.2,32.1,73,2.75,207,3.8055555555555554,1007.7,0.0,5,,22.8,31.497615662915607,28.2,98,0.0,Cloudy,Overcast
2026-06-11T05:00,28.5,32.9,70,1.5277777777777777,216,4.388888888888889,1007.1,0.0,5,,22.5,31.665622529055568,28.5,97,0.0,Cloudy,Overcast
2026-06-11T06:00,28.4,32.6,72,2.4722222222222223,216,4.5,1007.9,0.0,11.0,,22.9,31.77240044876451,28.4,80,10.0,Cloudy,Overcast
2026-06-11T07:00,29.6,33.9,69,2.638888888888889,224,5.888888888888888,1008.8,0.0,13.65,,23.4,33.86684110369777,29.6,27,139.0,Partly Cloudy,Mainly clear
2026-06-11T08:00,31.4,35.1,62,3.75,222,8.305555555555555,1009.3,0.0,13.3,,23.3,36.26246577649782,31.4,34,320.0,Partly Cloudy,Mainly clear
2026-06-11T09:00,33.4,37.2,55,3.333333333333333,224,9.805555555555555,1009.5,0.0,12.05,,23.2,38.73708062451562,33.4,59,532.0,Partly Cloudy,Partly cloudy
2026-06-11T10:00,35.1,39.6,50,3.6944444444444446,235,10.11111111111111,1009.5,0.0,11.95,,23.1,40.91351088250454,35.1,61,712.0,Partly Cloudy,Partly cloudy
2026-06-11T11:00,35.7,40.6,47,3.8055555555555554,235,10.11111111111111,1008.4,0.0,5,,22.8,41.12792839839109,35.7,94,818.0,Cloudy,Overcast
2026-06-11T12:00,36.5,40.9,45,3.944444444444444,240,9.694444444444445,1007.6,0.0,5,,22.5,42.16565973044445,36.5,97,801.0,Cloudy,Overcast
2026-06-11T13:00,35.1,39.6,50,4.0,250,9.694444444444445,1007.4,0.3,9.4,,23.0,40.91351088250454,35.1,98,750.0,Light Rain,Light drizzle
2026-06-11T14:00,29.8,35.2,76,2.7222222222222223,252,10.499999999999998,1007.4,3.1,3.8,,25.2,36.0095758857955,29.8,98,373.0,Light Rain,Moderate rain
2026-06-11T15:00,32.4,37.2,63,3.138888888888889,256,8.38888888888889,1006.6,0.6,8.8,,24.3,39.02948434908452,32.4,80,584.0,Light Rain,Moderate drizzle
2026-06-11T16:00,32.0,35.9,61,3.638888888888889,243,8.88888888888889,1007.1,0.8,8.4,,23.5,37.37968575955562,32.0,91,419.0,Light Rain,Moderate drizzle
2026-06-11T17:00,33.6,35.9,50,4.861111111111111,274,8.61111111111111,1006.2,0.0,12.7,,21.9,37.52986117420437,33.6,46,242.0,Partly Cloudy,Mainly clear
2026-06-11T18:00,33.0,35.3,51,4.416666666666667,267,9.5,1007.0,0.0,5,,21.6,36.5793142217777,33.0,98,67.0,Cloudy,Overcast
2026-06-11T19:00,32.1,35.0,54,3.416666666666667,252,8.194444444444445,1008.1,0.0,5,,21.6,35.57637285346446,32.1,100,0.0,Cloudy,Overcast
2026-06-11T20:00,31.2,34.0,58,3.8055555555555554,225,6.805555555555555,1009.3,0.0,5,,21.9,34.766201563715704,31.2,100,0.0,Cloudy,Overcast
2026-06-11T21:00,29.6,33.0,67,3.75,213,7.888888888888888,1009.9,0.0,5,,22.9,33.444527163875655,29.6,100,0.0,Cloudy,Overcast
2026-06-11T22:00,28.4,31.7,74,4.472222222222222,208,8.305555555555555,1010.4,0.0,5,,23.3,32.09432399463126,28.4,98,0.0,Cloudy,Overcast
2026-06-11T23:00,28.3,32.2,75,3.5277777777777777,203,8.61111111111111,1009.6,0.0,5,,23.5,32.02930416895115,28.3,97,0.0,Cloudy,Overcast
2026-06-12T00:00,27.6,31.0,77,4.222222222222222,209,7.5,1008.7,0.0,5,,23.3,30.740437786364605,27.6,98,0.0,Cloudy,Overcast
2026-06-12T01:00,27.6,31.3,76,3.3055555555555554,210,7.694444444444444,1008.4,0.0,5,,22.9,30.616888642115825,27.6,99,0.0,Cloudy,Overcast
2026-06-12T02:00,27.5,31.0,75,3.5,197,6.305555555555555,1008.2,0.0,5,,22.7,30.286576661111194,27.5,96,0.0,Cloudy,Overcast
2026-06-12T03:00,27.3,30.6,77,4.222222222222222,204,7.5,1008.3,0.0,5,,22.9,30.089527066124674,27.3,99,0.0,Cloudy,Overcast
2026-06-12T04:00,26.8,30.0,79,4.305555555555555,208,8.194444444444445,1008.4,0.0,5,,22.8,29.220531620835587,26.8,100,0.0,Cloudy,Overcast
2026-06-12T05:00,26.6,30.0,82,4.277777777777778,204,7.888888888888888,1009.0,0.0,5,,23.3,26.6,26.6,98,0.0,Cloudy,Overcast
2026-06-12T06:00,26.3,30.8,85,2.5555555555555554,187,7.694444444444444,1009.2,0.1,9.8,,23.6,26.3,26.3,99,4.0,Light Rain,Light drizzle
2026-06-12T07:00,27.1,31.7,82,2.5833333333333335,220,5.888888888888888,1009.6,0.1,9.8,,23.8,30.165435128975698,27.1,99,96.0,Light Rain,Light drizzle
2026-06-12T08:00,29.2,34.0,72,2.055555555555556,241,5.611111111111111,1010.1,0.0,5,,23.7,33.5690343825246,29.2,100,224.0,Cloudy,Overcast
2026-06-12T09:00,30.9,35.6,65,2.138888888888889,233,6.0,1010.4,0.0,5,,23.5,35.91870161327123,30.9,100,354.0,Cloudy,Overcast
2026-06-12T10:00,32.4,36.5,58,2.694444444444444,219,8.61111111111111,1010.4,0.0,5,,23.0,37.39010061219566,32.4,100,464.0,Cloudy,Overcast
2026-06-12T11:00,31.3,35.0,61,3.194444444444444,228,7.388888888888889,1009.6,0.0,5,,22.9,35.75910990139553,31.3,100,461.0,Cloudy,Overcast
2026-06-12T12:00,32.1,35.3,56,3.5277777777777777,241,7.888888888888888,1009.7,0.0,5,,22.3,36.1285337739711,32.1,100,278.0,Cloudy,Overcast
2026-06-12T13:00,33.3,36.3,50,3.138888888888889,250,8.194444444444445,1008.9,0.0,5,,21.6,36.90136592578457,33.3,100,372.0,Cloudy,Overcast
2026-06-12T14:00,34.1,37.3,47,2.4444444444444446,259,7.611111111111111,1007.7,0.0,5,,21.1,37.62251750943124,34.1,100,455.0,Cloudy,Overcast
2026-06-12T15:00,34.2,37.2,46,2.5,268,6.611111111111111,1007.4,0.0,5,,20.9,37.51048434579564,34.2,100,324.0,Cloudy,Overcast
2026-06-12T16:00,33.7,37.0,47,2.111111111111111,243,6.499999999999999,1007.3,0.1,9.8,,21.0,36.81314932479111,33.7,100,245.0,Light Rain,Light drizzle
2026-06-12T17:00,33.9,36.6,45,2.6666666666666665,232,6.194444444444445,1007.4,0.0,5,,20.4,36.6150351746045,33.9,99,133.0,Cloudy,Overcast
2026-06-12T18:00,32.9,35.4,48,3.0555555555555554,229,5.888888888888888,1008.3,0.0,5,,20.5,35.5388593208512,32.9,100,44.0,Cloudy,Overcast
2026-06-12T19:00,31.2,34.4,60,3.7222222222222223,209,7.194444444444444,1009.3,0.0,5,,22.5,35.27418278321781,31.2,100,0.0,Cloudy,Overcast
2026-06-12T20:00,29.3,33.1,73,4.194444444444445,219,8.88888888888889,1010.7,0.0,5,,23.9,34.015890740915644,29.3,100,0.0,Cloudy,Overcast
2026-06-12T21:00,28.4,32.6,78,3.8055555555555554,212,8.194444444444445,1010.9,0.0,5,,24.2,32.76911040561793,28.4,100,0.0,Cloudy,Overcast
2026-06-12T22:00,27.6,31.1,81,5.083333333333333,205,9.388888888888888,1011.7,0.0,5,,24.1,31.252019241404557,27.6,100,0.0,Cloudy,Overcast
2026-06-12T23:00,25.6,28.8,93,6.083333333333333,208,10.805555555555555,1011.9,0.7,8.6,,24.4,25.6,25.6,100,0.0,Light Rain,Moderate drizzle
2026-06-13T00:00,25.2,28.3,94,6.083333333333333,214,10.805555555555555,1011.9,0.8,8.4,,24.3,25.2,25.2,100,0.0,Light Rain,Moderate drizzle
2026-06-13T01:00,24.6,29.0,96,3.194444444444444,211,10.805555555555555,1011.3,3.9,2.2,,24.0,24.6,24.6,100,0.0,Light Rain,Moderate rain
2026-06-13T02:00,25.0,29.6,96,3.138888888888889,197,6.805555555555555,1010.6,1.4,7.2,,24.3,25.0,25.0,100,0.0,Light Rain,Slight rain
2026-06-13T03:00,24.9,29.6,96,3.083333333333333,203,5.5,1010.4,1.4,7.2,,24.3,24.9,24.9,100,0.0,Light Rain,Slight rain
2026-06-13T04:00,24.9,29.5,96,3.138888888888889,198,6.0,1010.2,0.9,8.2,,24.2,24.9,24.9,99,0.0,Light Rain,Moderate drizzle
2026-06-13T05:00,25.3,30.5,96,2.4166666666666665,204,5.388888888888888,1009.3,0.0,5,,24.6,25.3,25.3,91,0.0,Cloudy,Overcast
2026-06-13T06:00,25.4,30.1,95,3.194444444444444,189,5.388888888888888,1010.3,0.0,11.3,,24.5,25.4,25.4,74,8.0,Partly Cloudy,Partly cloudy
2026-06-13T07:00,26.6,31.7,89,2.4166666666666665,210,5.805555555555555,1011.0,0.1,9.8,,24.5,26.6,26.6,52,144.0,Light Rain,Light drizzle
2026-06-13T08:00,29.3,33.8,71,2.25,215,6.0,1011.5,0.0,13.0,,23.4,33.597954739617755,29.3,40,362.0,Partly Cloudy,Mainly clear
2026-06-13T09:00,31.6,35.7,60,2.361111111111111,232,6.611111111111111,1011.5,0.0,13.1,,22.8,36.15703335233783,31.6,38,553.0,Partly Cloudy,Mainly clear
2026-06-13T10:00,33.6,38.4,53,2.611111111111111,240,8.88888888888889,1010.9,0.0,5,,22.6,38.51504901921771,33.6,96,716.0,Cloudy,Overcast
2026-06-13T11:00,35.1,39.7,47,3.416666666666667,249,9.0,1010.3,0.0,5,,22.2,39.76316091183124,35.1,95,786.0,Cloudy,Overcast
2026-06-13T12:00,35.6,39.0,42,3.611111111111111,260,9.11111111111111,1009.6,0.0,5,,20.6,39.03336019249784,35.6,100,755.0,Cloudy,Overcast
2026-06-13T13:00,31.3,33.3,57,5.222222222222222,298,11.888888888888888,1009.6,0.3,9.4,,21.7,34.7226257703912,31.3,100,415.0,Light Rain,Light drizzle
2026-06-13T14:00,33.2,35.9,50,3.555555555555556,241,10.611111111111112,1008.3,0.0,5,,21.4,36.6954404498845,33.2,98,433.0,Cloudy,Overcast
2026-06-13T15:00,34.2,36.4,46,4.083333333333333,222,9.0,1007.5,0.0,5,,20.8,37.51048434579564,34.2,100,533.0,Cloudy,Overcast
2026-06-13T16:00,33.4,35.0,46,4.416666666666667,243,9.11111111111111,1007.3,0.0,5,,20.1,35.943821280515635,33.4,83,153.0,Cloudy,Overcast
2026-06-13T17:00,32.4,32.2,48,7.444444444444445,275,9.194444444444445,1007.7,0.0,5,,19.8,34.60930852375119,32.4,98,199.0,Cloudy,Overcast
2026-06-13T18:00,30.9,32.5,54,4.861111111111111,258,13.88888888888889,1008.0,0.0,5,,20.6,33.26345798626451,30.9,100,55.0,Cloudy,Overcast
2026-06-13T19:00,31.2,33.6,54,3.5277777777777777,254,9.194444444444445,1008.9,0.0,5,,20.9,33.81558301612463,31.2,98,0.0,Cloudy,Overcast
2026-06-13T20:00,30.8,33.6,56,2.972222222222222,220,6.611111111111111,1009.8,0.0,5,,21.0,33.51059599255109,30.8,97,0.0,Cloudy,Overcast
2026-06-13T21:00,29.6,32.6,63,3.416666666666667,210,6.305555555555555,1010.4,0.0,11.0,,21.7,32.64574847868452,29.6,80,0.0,Cloudy,Overcast
2026-06-13T22:00,28.5,31.9,70,3.3611111111111107,207,6.305555555555555,1010.7,0.0,5,,22.4,31.665622529055568,28.5,90,0.0,Cloudy,Overcast
2026-06-13T23:00,28.4,32.0,73,3.611111111111111,215,6.388888888888888,1010.4,0.0,5,,23.0,31.932073083395746,28.4,95,0.0,Cloudy,Overcast
2026-06-14T00:00,28.2,31.7,73,3.5833333333333335,221,6.611111111111111,1010.0,0.0,5,,22.8,31.497615662915607,28.2,100,0.0,Cloudy,Overcast
2026-06-14T01:00,27.7,31.2,75,3.5277777777777777,219,6.388888888888888,1009.2,0.0,5,,22.8,30.706247771351123,27.7,99,0.0,Cloudy,Overcast
2026-06-14T02:00,27.1,30.8,78,3.194444444444444,215,6.194444444444445,1008.8,0.0,5,,22.8,29.766078975517935,27.1,98,0.0,Cloudy,Overcast
2026-06-14T03:00,26.6,30.5,79,2.8055555555555554,221,5.611111111111111,1008.3,0.0,5,,22.7,26.6,26.6,98,0.0,Cloudy,Overcast
2026-06-14T04:00,26.7,31.0,78,1.777777777777778,223,4.805555555555555,1008.8,0.0,5,,22.6,28.936190902237765,26.7,93,0.0,Cloudy,Overcast
2026-06-14T05:00,27.2,32.1,79,1.3055555555555556,223,3.0,1008.9,0.0,5,,23.2,30.084231424035547,27.2,95,0.0,Cloudy,Overcast
2026-06-14T06:00,27.5,32.0,77,1.8333333333333333,213,3.0,1009.8,0.0,5,,23.0,30.520732394444508,27.5,97,11.0,Cloudy,Overcast
2026-06-14T07:00,29.3,33.4,65,1.6666666666666665,229,4.194444444444445,1010.1,0.0,5,,22.1,32.42843660975104,29.3,95,122.0,Cloudy,Overcast
2026-06-14T08:00,31.5,35.0,55,2.1944444444444446,250,5.694444444444445,1010.2,0.0,11.25,,21.5,34.628743421555555,31.5,75,328.0,Partly Cloudy,Partly cloudy
2026-06-14T09:00,33.8,36.6,46,2.7222222222222223,264,7.111111111111112,1010.2,0.0,12.25,,20.7,36.71405648259565,33.8,55,565.0,Partly Cloudy,Partly cloudy
2026-06-14T10:00,35.5,38.3,40,3.7777777777777777,278,9.11111111111111,1009.6,0.0,5,,19.8,38.162752117055625,35.5,97,740.0,Cloudy,Overcast
2026-06-14T11:00,36.2,38.3,36,4.222222222222222,277,11.5,1009.2,0.0,5,,18.8,38.19349539228446,36.2,100,750.0,Cloudy,Overcast
2026-06-14T12:00,36.5,37.3,34,6.111111111111111,287,12.805555555555555,1008.5,0.1,9.8,,18.3,38.10448122505558,36.5,93,741.0,Light Rain,Light drizzle
2026-06-14T13:00,37.1,38.1,34,6.388888888888888,293,13.88888888888889,1007.4,0.0,5,,18.8,39.18812941537558,37.1,99,781.0,Cloudy,Overcast
2026-06-14T14:00,36.5,36.5,35,6.472222222222222,291,13.5,1006.3,0.0,5,,18.7,38.42085584377782,36.5,93,577.0,Cloudy,Overcast
2026-06-14T15:00,36.6,36.1,34,6.777777777777777,287,13.5,1005.6,0.5,9.0,,18.3,38.282151756675574,36.6,95,522.0,Light Rain,Moderate drizzle
2026-06-14T16:00,34.3,33.3,42,8.88888888888889,280,17.11111111111111,1005.5,0.2,9.6,,19.7,36.504307705757896,34.3,15,437.0,Light Rain,Light drizzle
2026-06-14T17:00,34.7,34.0,39,7.444444444444445,272,17.194444444444443,1005.3,0.0,14.25,,18.7,36.3835562039912,34.7,15,254.0,Sunny,Clear skies
2026-06-14T18:00,32.9,33.0,46,7.055555555555555,267,14.305555555555555,1005.7,0.0,14.65,,19.8,35.01786070761567,32.9,7,73.0,Sunny,Clear skies
2026-06-14T19:00,31.5,31.5,50,7.361111111111111,270,13.805555555555555,1006.7,0.0,13.05,,20.0,33.46803728794454,31.5,39,0.0,Partly Cloudy,Mainly clear
2026-06-14T20:00,30.8,31.1,54,7.222222222222222,275,13.61111111111111,1007.6,0.0,13.5,,20.5,33.0832835225245,30.8,30,0.0,Partly Cloudy,Mainly clear
2026-06-14T21:00,30.3,30.8,55,6.722222222222221,273,13.11111111111111,1007.9,0.0,12.15,,20.4,32.400430146995596,30.3,57,0.0,Partly Cloudy,Partly cloudy
2026-06-14T22:00,30.0,31.0,57,6.055555555555555,270,12.194444444444443,1008.5,0.0,12.3,,20.5,32.25272841111113,30.0,54,0.0,Partly Cloudy,Partly cloudy
2026-06-14T23:00,29.8,31.2,58,5.444444444444445,269,11.0,1007.9,0.0,11.0,,20.7,32.083263958115566,29.8,80,0.0,Cloudy,Overcast
2026-06-15T00:00,29.4,31.7,61,4.027777777777778,262,9.805555555555555,1007.6,0.0,13.1,,21.1,31.90024194451565,29.4,38,0.0,Partly Cloudy,Mainly clear
2026-06-15T01:00,29.0,32.0,64,3.1666666666666665,254,7.194444444444444,1007.3,0.0,14.2,,21.5,31.67252914755559,29.0,16,0.0,Sunny,Clear skies
2026-06-15T02:00,28.5,31.7,66,2.972222222222222,248,5.611111111111111,1006.8,0.0,13.3,,21.7,31.053070924611045,28.5,34,0.0,Partly Cloudy,Mainly clear
2026-06-15T03:00,28.3,31.7,68,2.7777777777777777,250,5.194444444444444,1007.0,0.0,5,,21.8,30.967434366904584,28.3,93,0.0,Cloudy,Overcast
2026-06-15T04:00,28.0,31.7,70,2.4166666666666665,240,4.805555555555555,1007.3,0.0,5,,22.1,30.666452199555515,28.0,97,0.0,Cloudy,Overcast
2026-06-15T05:00,28.2,31.7,70,2.944444444444444,247,4.194444444444445,1007.2,0.0,5,,22.2,31.058622650595566,28.2,95,0.0,Cloudy,Overcast
2026-06-15T06:00,28.3,31.9,70,2.7777777777777777,247,5.111111111111111,1007.5,0.0,5,,22.3,31.258456716495616,28.3,95,10.0,Cloudy,Overcast
2026-06-15T07:00,30.3,34.0,62,2.5,257,5.388888888888888,1008.2,0.0,5,,22.2,33.85054273615785,30.3,99,129.0,Cloudy,Overcast
2026-06-15T08:00,32.9,35.9,51,3.0555555555555554,273,7.111111111111112,1008.7,0.0,5,,21.4,36.37384144473775,32.9,96,326.0,Cloudy,Overcast
2026-06-15T09:00,35.1,37.2,42,3.5,287,8.38888888888889,1008.7,0.0,5,,20.1,38.03094129679792,35.1,98,497.0,Cloudy,Overcast
2026-06-15T10:00,36.8,40.1,35,2.111111111111111,298,8.38888888888889,1008.4,0.0,11.0,,19.1,38.97177562801781,36.8,80,717.0,Cloudy,Overcast
2026-06-15T11:00,35.9,40.9,43,2.5,102,6.694444444444445,1007.8,0.0,5,,21.2,40.02134718139553,35.9,98,857.0,Cloudy,Overcast
2026-06-15T12:00,34.0,39.5,58,4.833333333333333,120,11.11111111111111,1007.2,0.0,5,,24.6,41.35420553955563,34.0,95,842.0,Cloudy,Overcast
2026-06-15T13:00,33.9,37.9,54,5.611111111111111,134,12.305555555555554,1006.5,0.0,5,,23.4,39.5678188930645,33.9,88,813.0,Cloudy,Overcast
2026-06-15T14:00,33.4,36.8,53,5.638888888888889,144,13.11111111111111,1005.9,0.2,9.6,,22.7,38.063021921617796,33.4,98,758.0,Light Rain,Light drizzle
2026-06-15T15:00,33.8,36.3,51,4.694444444444444,149,12.11111111111111,1005.3,0.1,9.8,,22.2,38.288741326417735,33.8,55,551.0,Light Rain,Light drizzle
2026-06-15T16:00,33.6,36.3,51,4.333333333333333,158,10.11111111111111,1005.6,0.2,9.6,,22.1,37.850443735537766,33.6,97,466.0,Light Rain,Light drizzle
2026-06-15T17:00,34.4,38.4,50,2.25,151,9.194444444444445,1005.1,0.4,9.2,,22.5,39.28445318860442,34.4,98,232.0,Light Rain,Light drizzle
2026-06-15T18:00,33.9,38.4,51,1.1666666666666667,260,4.388888888888889,1005.9,0.1,9.8,,22.4,38.51062532553786,33.9,83,59.0,Light Rain,Light drizzle
2026-06-15T19:00,33.0,35.7,52,4.055555555555555,297,7.305555555555555,1007.0,0.0,5,,21.7,36.876908643555666,33.0,99,0.0,Cloudy,Overcast
2026-06-15T20:00,31.7,34.2,56,4.638888888888888,291,9.0,1007.7,0.0,5,,22.0,35.286900788051085,31.7,97,0.0,Cloudy,Overcast
2026-06-15T21:00,31.2,33.4,56,4.638888888888888,287,8.38888888888889,1008.2,0.0,5,,21.5,34.2800016413512,31.2,99,0.0,Cloudy,Overcast
2026-06-15T22:00,30.9,33.4,59,4.444444444444445,278,8.38888888888889,1008.4,0.0,5,,21.9,34.39323420356455,30.9,100,0.0,Cloudy,Overcast
2026-06-15T23:00,30.8,33.4,60,4.305555555555555,273,8.11111111111111,1008.0,0.0,5,,22.0,34.42573241441779,30.8,99,0.0,Cloudy,Overcast
2026-06-16T00:00,30.2,33.2,62,3.75,272,7.805555555555555,1007.5,0.0,5,,22.2,33.64460301505783,30.2,100,0.0,Cloudy,Overcast
2026-06-16T01:00,29.7,33.0,64,3.3611111111111107,274,6.694444444444445,1007.0,0.0,5,,22.3,33.04226243793564,29.7,99,0.0,Cloudy,Overcast
2026-06-16T02:00,29.4,32.5,65,3.638888888888889,283,6.388888888888888,1006.6,0.0,5,,22.1,32.62913009207115,29.4,99,0.0,Cloudy,Overcast
2026-06-16T03:00,29.1,31.9,67,4.361111111111111,283,7.5,1006.6,0.0,5,,22.4,32.38934118267563,29.1,97,0.0,Cloudy,Overcast
2026-06-16T04:00,28.9,31.8,69,4.444444444444445,282,7.805555555555555,1006.5,0.0,5,,22.6,32.33154428329788,28.9,100,0.0,Cloudy,Overcast
2026-06-16T05:00,29.6,32.4,66,4.694444444444444,284,8.5,1006.9,0.0,5,,22.5,33.23910134327106,29.6,98,0.0,Cloudy,Overcast
2026-06-16T06:00,29.8,32.1,63,5.0,282,8.88888888888889,1007.4,0.0,5,,22.1,33.04306629900446,29.8,100,11.0,Cloudy,Overcast
2026-06-16T07:00,31.0,33.5,60,4.666666666666667,276,9.194444444444445,1008.1,0.0,5,,22.2,34.845657573777814,31.0,98,133.0,Cloudy,Overcast
2026-06-16T08:00,33.4,35.8,51,4.583333333333333,276,9.61111111111111,1008.3,0.0,5,,21.8,37.41944002113778,33.4,88,358.0,Cloudy,Overcast
2026-06-16T09:00,36.0,38.2,40,3.5,280,9.694444444444445,1008.3,0.0,11.25,,20.2,39.144368171555605,36.0,75,563.0,Partly Cloudy,Partly cloudy
2026-06-16T10:00,37.3,41.6,35,0.75,212,8.305555555555555,1007.7,0.0,5,,19.1,39.91426109881783,37.3,90,751.0,Cloudy,Overcast
2026-06-16T11:00,35.9,41.6,48,3.083333333333333,124,7.694444444444444,1007.2,0.0,5,,23.2,42.01498630045117,35.9,95,848.0,Cloudy,Overcast
2026-06-16T12:00,32.0,37.5,65,5.055555555555555,129,11.61111111111111,1007.0,1.3,7.4,,24.6,38.663730795111206,32.0,100,866.0,Light Rain,Slight rain
2026-06-16T13:00,32.8,37.0,59,5.777777777777778,145,12.194444444444443,1006.5,1.6,6.8,,23.7,38.66809854812454,32.8,83,824.0,Light Rain,Slight rain
2026-06-16T14:00,34.8,39.2,50,4.055555555555555,136,11.888888888888888,1005.4,0.1,9.8,,22.9,40.20462447868455,34.8,99,771.0,Light Rain,Light drizzle
2026-06-16T15:00,34.5,38.3,55,4.527777777777778,143,9.88888888888889,1004.8,0.0,5,,24.0,41.44064696955567,34.5,100,571.0,Cloudy,Overcast
2026-06-16T16:00,34.5,37.6,52,4.583333333333333,151,9.88888888888889,1004.7,0.0,5,,23.1,40.25730817105568,34.5,99,377.0,Cloudy,Overcast
2026-06-16T17:00,34.3,36.8,48,4.055555555555555,166,9.388888888888888,1005.2,0.0,5,,21.6,38.369303175971275,34.3,92,232.0,Cloudy,Overcast
2026-06-16T18:00,32.7,35.6,54,4.305555555555555,176,8.305555555555555,1005.7,0.0,5,,22.3,36.83724503482447,32.7,98,71.0,Cloudy,Overcast
2026-06-16T19:00,31.5,35.5,63,3.416666666666667,186,8.0,1006.6,0.0,5,,23.5,36.784657198444485,31.5,100,0.0,Cloudy,Overcast
2026-06-16T20:00,31.0,36.4,68,1.8611111111111112,189,6.194444444444445,1007.7,0.0,5,,24.5,37.00612484844445,31.0,100,0.0,Cloudy,Overcast
2026-06-16T21:00,30.7,37.1,72,0.7222222222222222,245,3.3055555555555554,1008.4,0.0,5,,25.1,37.38059095922454,30.7,99,0.0,Cloudy,Overcast
2026-06-16T22:00,30.8,35.7,65,1.7222222222222223,287,2.8055555555555554,1008.8,0.0,5,,23.4,35.68311197015103,30.8,100,0.0,Cloudy,Overcast
2026-06-16T23:00,30.7,34.5,62,2.861111111111111,293,5.305555555555556,1008.3,0.0,5,,22.6,34.69651163695783,30.7,98,0.0,Cloudy,Overcast
2026-06-17T00:00,30.4,33.8,63,3.3888888888888884,292,6.0,1007.9,0.0,5,,22.5,34.28917051068451,30.4,100,0.0,Cloudy,Overcast
2026-06-17T01:00,30.1,33.3,63,3.4722222222222223,288,6.111111111111111,1007.7,0.0,5,,22.2,33.65596513908454,30.1,100,0.0,Cloudy,Overcast
2026-06-17T02:00,29.7,32.8,64,3.4722222222222223,275,6.305555555555555,1007.3,0.0,5,,22.0,33.04226243793564,29.7,99,0.0,Cloudy,Overcast
2026-06-17T03:00,29.3,32.4,65,3.4444444444444446,271,6.194444444444445,1007.4,0.0,5,,22.0,32.42843660975104,29.3,99,0.0,Cloudy,Overcast
2026-06-17T04:00,29.1,32.2,66,3.5833333333333335,264,6.305555555555555,1007.8,0.0,5,,22.1,32.21003224517104,29.1,100,0.0,Cloudy,Overcast
2026-06-17T05:00,29.5,33.1,65,2.75,272,6.305555555555555,1008.2,0.0,5,,22.3,32.83214998511109,29.5,100,0.0,Cloudy,Overcast
2026-06-17T06:00,29.9,33.3,63,2.944444444444444,260,5.194444444444444,1008.8,0.0,5,,22.1,33.24510963108455,29.9,100,7.0,Cloudy,Overcast
2026-06-17T07:00,30.6,33.9,60,3.1666666666666665,254,6.388888888888888,1009.3,0.0,5,,22.0,34.01440730513773,30.6,100,70.0,Cloudy,Overcast
2026-06-17T08:00,31.7,34.7,56,3.4444444444444446,256,7.194444444444444,1009.3,0.0,5,,21.8,35.286900788051085,31.7,92,165.0,Cloudy,Overcast
2026-06-17T09:00,34.4,37.0,46,3.611111111111111,270,8.38888888888889,1009.5,0.0,5,,21.3,37.91852052531554,34.4,91,498.0,Cloudy,Overcast
2026-06-17T10:00,36.3,39.5,40,3.0555555555555554,272,8.5,1009.0,0.0,14.2,,20.6,39.750241000895564,36.3,16,671.0,Sunny,Clear skies
2026-06-17T11:00,36.7,41.2,38,2.305555555555556,196,7.888888888888888,1008.5,0.0,5,,20.2,39.82919369957108,36.7,88,855.0,Cloudy,Overcast
2026-06-17T12:00,37.4,41.6,36,2.861111111111111,174,7.888888888888888,1007.6,0.0,5,,19.9,40.478380159804466,37.4,98,895.0,Cloudy,Overcast
2026-06-17T13:00,37.4,41.1,37,3.6944444444444446,171,9.11111111111111,1006.6,0.2,9.6,,20.3,40.86175328787556,37.4,84,849.0,Light Rain,Light drizzle
2026-06-17T14:00,35.4,37.5,43,4.666666666666667,208,9.88888888888889,1005.8,0.2,9.6,,20.9,38.970880569795554,35.4,94,579.0,Light Rain,Light drizzle
2026-06-17T15:00,34.0,35.9,46,4.416666666666667,256,11.61111111111111,1005.7,0.4,9.2,,20.7,37.10899633155566,34.0,67,490.0,Light Rain,Light drizzle
2026-06-17T16:00,35.5,38.0,42,3.0555555555555554,276,9.388888888888888,1005.4,0.0,13.65,,20.5,38.82990577327784,35.5,27,464.0,Partly Cloudy,Mainly clear
2026-06-17T17:00,34.7,36.8,44,4.0,261,7.194444444444444,1005.7,0.0,11.45,,20.8,37.88155493735788,34.7,71,269.0,Partly Cloudy,Partly cloudy
2026-06-17T18:00,34.0,36.4,45,3.1666666666666665,275,7.888888888888888,1006.0,0.0,5,,20.5,36.808529160444465,34.0,84,77.0,Cloudy,Overcast
2026-06-17T19:00,32.7,34.7,49,3.944444444444444,288,7.305555555555555,1007.1,0.0,11.65,,20.5,35.423788981235646,32.7,67,0.0,Partly Cloudy,Partly cloudy
2026-06-17T20:00,30.8,32.5,57,5.277777777777778,287,9.88888888888889,1008.1,0.0,5,,21.2,33.73181616279123,30.8,88,0.0,Cloudy,Overcast
2026-06-17T21:00,29.8,31.5,60,5.444444444444445,278,10.194444444444445,1008.3,0.0,5,,21.3,32.45510736881766,29.8,98,0.0,Cloudy,Overcast
2026-06-17T22:00,29.5,31.0,60,5.472222222222222,279,10.388888888888888,1008.6,0.0,5,,21.0,31.905845099277812,29.5,100,0.0,Cloudy,Overcast
2026-06-17T23:00,29.7,31.2,58,4.805555555555555,282,10.0,1008.2,0.0,5,,20.4,31.90721393481561,29.7,98,0.0,Cloudy,Overcast
2026-06-18T00:00,29.5,31.3,57,3.9722222222222223,276,8.61111111111111,1008.2,0.0,5,,20.2,31.39467832911114,29.5,100,0.0,Cloudy,Overcast
2026-06-18T01:00,29.3,31.8,58,2.7222222222222223,265,7.0,1008.0,0.0,5,,20.1,31.223798344415556,29.3,96,0.0,Cloudy,Overcast
2026-06-18T02:00,28.7,32.3,63,1.3888888888888888,218,4.611111111111112,1007.8,0.0,5,,20.9,30.969504210604416,28.7,97,0.0,Cloudy,Overcast
2026-06-18T03:00,28.1,32.6,70,1.0,183,2.388888888888889,1007.8,0.0,5,,22.2,30.86128781161561,28.1,98,0.0,Cloudy,Overcast
2026-06-18T04:00,27.6,32.9,78,0.888888888888889,183,1.8888888888888888,1008.0,0.0,5,,23.4,30.865725418417963,27.6,100,0.0,Cloudy,Overcast
2026-06-18T05:00,28.3,33.2,73,1.0,217,1.5,1008.0,0.0,5,,22.9,31.713543774515667,28.3,96,0.0,Cloudy,Overcast
2026-06-18T06:00,28.7,33.1,71,1.8333333333333333,248,2.694444444444444,1008.4,0.0,5,,22.9,32.25338873081775,28.7,93,9.0,Cloudy,Overcast
2026-06-18T07:00,30.5,34.0,60,2.611111111111111,274,5.305555555555556,1008.6,0.0,5,,21.8,33.81196976927774,30.5,89,117.0,Cloudy,Overcast
2026-06-18T08:00,32.5,34.9,50,3.4722222222222223,274,7.611111111111111,1009.2,0.0,5,,20.8,35.30398328194456,32.5,98,285.0,Cloudy,Overcast
2026-06-18T09:00,34.5,36.5,43,3.638888888888889,278,8.5,1009.4,0.0,5,,20.0,37.17601898155559,34.5,88,488.0,Cloudy,Overcast
2026-06-18T10:00,36.2,39.3,37,2.305555555555556,264,8.5,1009.1,0.0,12.25,,19.1,38.516411757635574,36.2,55,702.0,Partly Cloudy,Partly cloudy
2026-06-18T11:00,35.4,40.0,41,2.0277777777777777,140,7.194444444444444,1008.7,0.0,5,,20.2,38.294528052604456,35.4,90,840.0,Cloudy,Overcast
2026-06-18T12:00,33.0,38.3,56,3.5,137,9.5,1008.1,1.1,7.8,,23.0,38.139577415111034,33.0,100,860.0,Light Rain,Dense drizzle
2026-06-18T13:00,32.2,37.6,63,3.888888888888889,137,11.0,1007.7,2.0,6.0,,24.3,38.514839902204535,32.2,100,768.0,Light Rain,Slight rain
2026-06-18T14:00,34.1,38.5,55,3.944444444444444,131,10.0,1006.5,1.1,7.8,,23.8,40.42995148251564,34.1,100,641.0,Light Rain,Dense drizzle
2026-06-18T15:00,32.4,35.6,55,3.6944444444444446,229,10.0,1006.4,0.8,8.4,,22.3,36.486146431715575,32.4,100,511.0,Light Rain,Moderate drizzle
2026-06-18T16:00,32.3,34.9,53,4.166666666666667,280,9.805555555555555,1006.4,0.4,9.2,,21.7,35.71251105033778,32.3,99,301.0,Light Rain,Light drizzle
2026-06-18T17:00,32.3,35.3,54,3.638888888888889,283,8.5,1006.7,0.0,5,,21.9,35.988929154824376,32.3,98,197.0,Cloudy,Overcast
2026-06-18T18:00,31.6,34.0,56,4.527777777777778,283,8.38888888888889,1007.1,0.0,5,,21.8,35.081508328871045,31.6,99,60.0,Cloudy,Overcast
2026-06-18T19:00,30.3,32.5,60,4.944444444444445,283,9.11111111111111,1007.8,0.0,5,,21.7,33.41354473511771,30.3,98,0.0,Cloudy,Overcast
2026-06-18T20:00,29.7,31.9,61,4.611111111111112,291,9.305555555555555,1008.5,0.0,5,,21.3,32.457082995795645,29.7,94,0.0,Cloudy,Overcast
2026-06-18T21:00,29.4,31.5,60,4.277777777777778,294,8.5,1009.2,0.0,5,,20.9,31.72705770113784,29.4,95,0.0,Cloudy,Overcast
2026-06-18T22:00,29.2,31.3,61,4.305555555555555,296,7.694444444444444,1009.6,0.0,5,,20.9,31.539942470595683,29.2,98,0.0,Cloudy,Overcast
2026-06-18T23:00,29.1,31.7,62,3.4722222222222223,288,7.694444444444444,1009.0,0.0,5,,21.1,31.52585219119787,29.1,94,0.0,Cloudy,Overcast
2026-06-19T00:00,28.8,31.6,63,3.222222222222222,288,6.194444444444445,1008.6,0.0,11.6,,21.1,31.14672844860453,28.8,68,0.0,Partly Cloudy,Partly cloudy
2026-06-19T01:00,28.6,31.5,64,2.75,286,5.611111111111111,1008.2,0.0,12.3,,21.0,30.940235598275606,28.6,54,0.0,Partly Cloudy,Partly cloudy
2026-06-19T02:00,28.3,31.6,65,2.1666666666666665,285,4.694444444444444,1007.9,0.0,13.3,,21.1,30.54945437615106,28.3,34,0.0,Partly Cloudy,Mainly clear
2026-06-19T03:00,28.0,31.8,67,1.3888888888888888,272,3.6944444444444446,1007.9,0.0,11.55,,21.3,30.278777123555578,28.0,69,0.0,Partly Cloudy,Partly cloudy
2026-06-19T04:00,27.8,31.8,69,1.3333333333333333,259,2.388888888888889,1008.0,0.0,11.3,,21.6,30.1629650678577,27.8,74,0.0,Partly Cloudy,Partly cloudy
2026-06-19T05:00,27.8,32.0,72,1.75,246,2.388888888888889,1007.8,0.0,12.95,,22.3,30.53275371692448,27.8,41,0.0,Partly Cloudy,Mainly clear
2026-06-19T06:00,27.9,32.0,72,2.111111111111111,252,3.5,1008.5,0.0,14.7,,22.4,30.732943129464598,27.9,6,10.0,Sunny,Clear skies
2026-06-19T07:00,29.6,33.4,65,2.3333333333333335,251,5.111111111111111,1008.9,0.0,14.600000000000001,,22.2,33.03749628887102,29.6,8,145.0,Sunny,Clear skies
2026-06-19T08:00,31.6,34.5,56,3.4444444444444446,271,7.611111111111111,1009.3,0.0,14.7,,21.7,35.081508328871045,31.6,6,356.0,Sunny,Clear skies
2026-06-19T09:00,33.3,35.9,49,3.7777777777777777,287,8.805555555555555,1009.3,0.0,13.85,,21.2,36.60358037643559,33.3,23,558.0,Partly Cloudy,Mainly clear
2026-06-19T10:00,34.7,37.9,45,3.3611111111111107,303,8.61111111111111,1009.0,0.1,9.8,,21.0,38.20776818708445,34.7,30,667.0,Light Rain,Light drizzle
2026-06-19T11:00,35.6,41.1,42,0.9166666666666666,234,8.194444444444445,1008.3,0.0,13.4,,20.7,39.03336019249784,35.6,32,831.0,Partly Cloudy,Mainly clear
2026-06-19T12:00,35.4,41.2,45,2.1944444444444446,133,7.388888888888889,1007.8,0.0,12.6,,21.7,39.685374183804505,35.4,48,915.0,Partly Cloudy,Mainly clear
2026-06-19T13:00,33.5,39.1,58,4.555555555555555,115,10.305555555555555,1007.4,0.6,8.8,,24.2,40.05826536705553,33.5,70,884.0,Light Rain,Moderate drizzle
2026-06-19T14:00,33.0,37.1,59,6.194444444444445,124,12.888888888888888,1006.8,0.3,9.4,,24.1,39.16248463244454,33.0,90,806.0,Light Rain,Light drizzle
2026-06-19T15:00,33.0,36.2,55,5.222222222222222,154,12.999999999999998,1006.8,0.3,9.4,,22.9,37.81306655955562,33.0,95,655.0,Light Rain,Light drizzle
2026-06-19T16:00,33.2,35.7,51,4.305555555555555,167,10.88888888888889,1006.8,0.1,9.8,,21.7,36.995730183217816,33.2,91,441.0,Light Rain,Light drizzle
2026-06-19T17:00,33.1,36.6,51,2.3333333333333335,251,9.0,1006.7,0.0,11.2,,21.7,36.78661046793779,33.1,76,257.0,Partly Cloudy,Partly cloudy
2026-06-19T18:00,32.1,35.8,55,2.2222222222222223,245,5.0,1007.2,0.0,11.4,,21.9,35.84928180411557,32.1,72,75.0,Partly Cloudy,Partly cloudy
2026-06-19T19:00,31.1,35.6,61,1.5833333333333333,226,4.0,1007.9,0.0,11.15,,22.8,35.31575843611568,31.1,77,0.0,Partly Cloudy,Partly cloudy
2026-06-19T20:00,30.3,36.0,69,0.8333333333333333,256,2.8055555555555554,1008.8,0.0,14.15,,24.0,35.52292048585787,30.3,17,0.0,Sunny,Clear skies
2026-06-19T21:00,29.8,35.6,72,0.75,278,1.1944444444444444,1009.4,0.0,11.65,,24.2,35.02433855132435,29.8,67,0.0,Partly Cloudy,Partly cloudy
2026-06-19T22:00,29.4,34.8,72,1.1666666666666667,301,2.111111111111111,1009.7,0.0,12.15,,23.8,34.043866370364576,29.4,57,0.0,Partly Cloudy,Partly cloudy
2026-06-19T23:00,29.3,34.0,68,1.1944444444444444,298,1.8888888888888888,1009.7,0.0,5,,22.8,32.99739132330451,29.3,84,0.0,Cloudy,Overcast
2026-06-20T00:00,28.8,33.4,70,1.4444444444444444,299,2.305555555555556,1009.4,0.0,11.75,,22.7,32.29511544979564,28.8,65,0.0,Partly Cloudy,Partly cloudy
2026-06-20T01:00,28.6,32.7,70,2.1666666666666665,293,3.611111111111111,1008.8,0.0,5,,22.5,31.872954275715642,28.6,82,0.0,Cloudy,Overcast
2026-06-20T02:00,28.2,31.9,70,2.2777777777777777,296,4.194444444444445,1008.4,0.0,11.85,,22.1,31.058622650595566,28.2,63,0.0,Partly Cloudy,Partly cloudy
2026-06-20T03:00,27.7,32.0,71,1.25,293,4.0,1008.3,0.0,11.15,,22.0,30.215114208417713,27.7,77,0.0,Partly Cloudy,Partly cloudy
2026-06-20T04:00,27.4,32.2,75,0.6111111111111112,265,2.0,1008.5,0.0,5,,22.5,30.08074379767107,27.4,91,0.0,Cloudy,Overcast
2026-06-20T05:00,26.9,33.2,88,0.4722222222222222,162,1.3055555555555556,1008.7,0.0,11.2,,24.7,30.256988074095563,26.9,76,0.0,Partly Cloudy,Partly cloudy
2026-06-20T06:00,27.3,33.5,85,0.3611111111111111,262,0.6111111111111112,1009.3,0.0,5,,24.5,30.994165864595615,27.3,82,10.0,Cloudy,Overcast
2026-06-20T07:00,28.9,34.5,76,1.0833333333333333,298,3.3055555555555554,1009.7,0.0,5,,24.1,33.64541668881568,28.9,87,143.0,Cloudy,Overcast
2026-06-20T08:00,30.4,35.8,68,1.1111111111111112,288,4.194444444444445,1009.8,0.0,5,,23.8,35.51107022268456,30.4,91,351.0,Cloudy,Overcast
2026-06-20T09:00,32.2,36.7,56,1.1388888888888888,247,4.611111111111112,1010.0,0.0,5,,22.4,36.34395780775126,32.2,99,556.0,Cloudy,Overcast
2026-06-20T10:00,33.6,38.2,46,0.8333333333333333,166,4.694444444444444,1010.1,0.0,5,,20.5,36.32566479891555,33.6,98,688.0,Cloudy,Overcast
2026-06-20T11:00,33.0,38.9,57,2.5,113,6.305555555555555,1009.4,0.0,5,,23.2,38.47331737911121,33.0,95,828.0,Cloudy,Overcast
2026-06-20T12:00,32.3,38.4,65,4.666666666666667,128,10.499999999999998,1008.8,0.0,12.25,,24.8,39.46122974255111,32.3,55,915.0,Partly Cloudy,Partly cloudy
2026-06-20T13:00,32.9,37.6,58,5.5,141,12.0,1007.9,0.0,11.4,,23.5,38.57172601929564,32.9,72,918.0,Partly Cloudy,Partly cloudy
2026-06-20T14:00,33.5,36.8,52,6.0,156,12.5,1007.3,0.0,5,,22.4,37.95720036505558,33.5,91,833.0,Cloudy,Overcast
2026-06-20T15:00,33.0,34.9,53,6.638888888888888,169,13.38888888888889,1007.1,0.0,5,,22.0,37.18173217377786,33.0,89,660.0,Cloudy,Overcast
2026-06-20T16:00,32.4,34.7,59,6.333333333333333,170,13.194444444444445,1007.1,0.2,9.6,,23.2,37.70469801596466,32.4,63,477.0,Light Rain,Light drizzle
2026-06-20T17:00,31.8,34.2,62,6.583333333333333,174,12.38888888888889,1007.4,0.1,9.8,,23.5,37.20615874945767,31.8,70,265.0,Light Rain,Light drizzle
2026-06-20T18:00,30.5,33.6,68,5.75,183,12.194444444444443,1008.2,0.0,5,,24.0,35.75416966794443,30.5,92,78.0,Cloudy,Overcast
2026-06-20T19:00,29.6,33.2,73,5.222222222222222,184,10.694444444444445,1008.9,0.0,5,,24.3,34.75731817779557,29.6,88,0.0,Cloudy,Overcast
2026-06-20T20:00,29.2,32.9,74,4.666666666666667,189,9.5,1009.8,0.0,5,,24.1,33.982275825991216,29.2,93,0.0,Cloudy,Overcast
2026-06-20T21:00,28.8,33.1,76,3.611111111111111,191,8.305555555555555,1010.4,0.0,11.7,,24.2,33.39624172419558,28.8,66,0.0,Partly Cloudy,Partly cloudy
2026-06-20T22:00,28.6,33.1,76,3.0555555555555554,190,6.388888888888888,1010.5,0.0,13.85,,24.0,32.905997429315626,28.6,23,0.0,Partly Cloudy,Mainly clear
2026-06-20T23:00,28.5,33.2,77,2.694444444444444,196,5.388888888888888,1009.9,0.0,13.05,,24.1,32.84086814644454,28.5,39,0.0,Partly Cloudy,Mainly clear
2026-06-21T00:00,28.0,33.0,79,2.055555555555556,212,4.805555555555555,1009.5,0.0,11.85,,24.0,31.94609196355557,28.0,63,0.0,Partly Cloudy,Partly cloudy
2026-06-21T01:00,27.6,32.8,81,1.6388888888888888,218,3.611111111111111,1009.0,0.0,12.0,,23.9,31.252019241404557,27.6,60,0.0,Partly Cloudy,Partly cloudy
2026-06-21T02:00,27.2,32.5,82,1.3611111111111112,197,2.8055555555555554,1008.6,0.0,5,,23.8,30.403401525635665,27.2,95,0.0,Cloudy,Overcast
2026-06-21T03:00,27.0,32.0,82,1.6666666666666665,187,2.888888888888889,1008.5,0.0,5,,23.6,29.930368103555566,27.0,98,0.0,Cloudy,Overcast
2026-06-21T04:00,26.7,31.9,83,1.25,203,2.8055555555555554,1008.5,0.0,5,,23.5,29.32111325407113,26.7,95,0.0,Cloudy,Overcast
2026-06-21T05:00,27.0,32.7,84,1.0555555555555556,175,2.5,1008.2,0.0,5,,24.1,30.12494065911114,27.0,98,0.0,Cloudy,Overcast
2026-06-21T06:00,27.1,32.0,82,2.0833333333333335,210,3.5,1009.1,0.0,5,,23.8,30.165435128975698,27.1,99,8.0,Cloudy,Overcast
2026-06-21T07:00,28.8,34.0,73,1.2222222222222223,249,3.8055555555555554,1009.8,0.0,11.5,,23.5,32.832202291715554,28.8,70,120.0,Partly Cloudy,Partly cloudy
2026-06-21T08:00,30.9,36.4,64,0.41666666666666663,330,3.6944444444444446,1009.7,0.0,11.6,,23.4,35.65159826097569,30.9,68,346.0,Partly Cloudy,Partly cloudy
2026-06-21T09:00,32.5,37.9,58,0.5555555555555556,117,4.0,1009.7,0.0,5,,23.3,37.62226879305571,32.5,84,557.0,Cloudy,Overcast
2026-06-21T10:00,33.6,39.4,54,1.5277777777777777,117,5.805555555555555,1009.8,0.0,11.15,,23.0,38.85907174156445,33.6,77,720.0,Partly Cloudy,Partly cloudy
2026-06-21T11:00,34.1,38.7,48,3.222222222222222,112,9.305555555555555,1008.8,0.0,5,,21.7,37.94440954645119,34.1,99,822.0,Cloudy,Overcast
2026-06-21T12:00,33.5,38.1,57,4.944444444444445,123,11.0,1008.6,0.4,9.2,,23.8,39.6887969531112,33.5,96,793.0,Light Rain,Light drizzle
2026-06-21T13:00,34.4,38.9,53,5.083333333333333,144,11.305555555555555,1007.9,0.2,9.6,,23.5,40.39903890081777,34.4,73,828.0,Light Rain,Light drizzle
2026-06-21T14:00,35.3,39.5,48,4.638888888888888,155,11.305555555555555,1006.9,0.1,9.8,,22.5,40.5964938603712,35.3,55,821.0,Light Rain,Light drizzle
2026-06-21T15:00,32.7,37.2,57,2.694444444444444,184,10.499999999999998,1006.5,0.7,8.6,,23.1,37.768539085591215,32.7,67,616.0,Light Rain,Moderate drizzle
2026-06-21T16:00,32.7,38.0,58,0.6666666666666666,207,6.499999999999999,1006.7,1.7,6.6,,23.3,38.09284050561563,32.7,59,485.0,Light Rain,Slight rain
2026-06-21T17:00,34.3,38.2,46,0.9444444444444444,205,3.8055555555555554,1006.6,0.2,9.6,,21.1,37.71368391489563,34.3,98,253.0,Light Rain,Light drizzle
2026-06-21T18:00,33.2,37.1,50,1.25,307,3.194444444444444,1007.6,0.0,5,,21.4,36.6954404498845,33.2,91,67.0,Cloudy,Overcast
2026-06-21T19:00,31.6,35.6,59,2.361111111111111,276,4.611111111111112,1008.3,0.1,9.8,,22.6,35.87938349756454,31.6,99,0.0,Light Rain,Light drizzle
2026-06-21T20:00,31.0,35.8,62,1.0555555555555556,251,4.0,1008.6,0.0,5,,22.8,35.35430882977785,31.0,99,0.0,Cloudy,Overcast
2026-06-21T21:00,30.7,34.5,61,2.7222222222222223,301,4.611111111111112,1009.5,0.0,5,,22.5,34.45528245019576,30.7,98,0.0,Cloudy,Overcast
2026-06-21T22:00,30.0,32.5,63,4.638888888888888,289,8.305555555555555,1009.6,0.0,5,,22.1,33.44940924444435,30.0,90,0.0,Cloudy,Overcast
2026-06-21T23:00,29.4,31.9,64,4.416666666666667,285,8.305555555555555,1009.7,0.0,5,,21.9,32.44148537907566,29.4,90,0.0,Cloudy,Overcast
2026-06-22T00:00,28.9,31.5,67,4.333333333333333,281,8.0,1009.0,0.0,5,,22.0,31.98403855947564,28.9,88,0.0,Cloudy,Overcast
2026-06-22T01:00,28.6,31.4,67,3.944444444444444,279,7.611111111111111,1008.6,0.0,5,,21.9,31.394054377475655,28.6,85,0.0,Cloudy,Overcast
2026-06-22T02:00,28.4,31.4,67,3.3888888888888884,272,7.0,1008.5,0.0,5,,21.7,31.012711424675686,28.4,87,0.0,Cloudy,Overcast
2026-06-22T03:00,28.1,31.5,69,2.833333333333333,257,6.111111111111111,1008.6,0.0,11.45,,21.9,30.72481636009782,28.1,71,0.0,Partly Cloudy,Partly cloudy
2026-06-22T04:00,27.3,30.9,74,2.7222222222222223,240,4.888888888888889,1008.9,0.0,5,,22.3,29.77373736429115,27.3,99,0.0,Cloudy,Overcast
2026-06-22T05:00,27.4,31.6,72,1.1388888888888888,241,4.805555555555555,1008.2,0.0,5,,21.8,29.757669571164392,27.4,88,0.0,Cloudy,Overcast
2026-06-22T06:00,27.5,32.1,75,1.3888888888888888,201,2.0,1009.5,0.0,5,,22.7,30.286576661111194,27.5,97,9.0,Cloudy,Overcast
2026-06-22T07:00,29.0,33.5,69,1.6944444444444442,185,4.305555555555555,1010.2,0.0,5,,22.8,32.54347754977772,29.0,100,130.0,Cloudy,Overcast
2026-06-22T08:00,30.3,34.9,63,1.1666666666666667,216,4.305555555555555,1010.7,0.0,5,,22.5,34.0758457722045,30.3,87,311.0,Cloudy,Overcast
2026-06-22T09:00,31.9,36.7,57,0.4444444444444445,186,4.194444444444445,1010.8,0.0,12.6,,22.3,35.978998289431225,31.9,48,507.0,Partly Cloudy,Mainly clear
2026-06-22T10:00,33.4,38.8,52,1.611111111111111,144,5.611111111111111,1010.2,0.0,12.1,,22.1,37.73742137107563,33.4,58,745.0,Partly Cloudy,Partly cloudy
2026-06-22T11:00,33.5,38.4,53,3.611111111111111,116,8.805555555555555,1009.6,0.0,5,,22.6,38.288086951777764,33.5,81,840.0,Cloudy,Overcast
2026-06-22T12:00,34.8,39.5,48,4.166666666666667,147,10.194444444444445,1008.9,0.0,5,,22.2,39.46149798967118,34.8,84,893.0,Cloudy,Overcast
2026-06-22T13:00,34.5,39.2,49,3.611111111111111,197,10.0,1008.2,0.8,8.4,,22.2,39.152090573555625,34.5,85,838.0,Light Rain,Moderate drizzle
2026-06-22T14:00,33.0,38.0,54,2.111111111111111,248,8.694444444444445,1007.6,0.2,9.6,,22.4,37.4937848124445,33.0,68,711.0,Light Rain,Light drizzle
2026-06-22T15:00,33.3,37.3,53,2.5,301,7.5,1007.0,0.6,8.8,,22.5,37.83985392873782,33.3,40,571.0,Light Rain,Moderate drizzle
2026-06-22T16:00,34.4,38.9,50,0.9722222222222222,294,7.194444444444444,1006.6,0.1,9.8,,22.3,39.28445318860442,34.4,100,483.0,Light Rain,Light drizzle
2026-06-22T17:00,33.2,36.1,53,4.027777777777778,277,6.305555555555555,1007.3,0.1,9.8,,22.2,37.61858297313786,33.2,98,248.0,Light Rain,Light drizzle
2026-06-22T18:00,32.0,34.6,56,4.416666666666667,276,8.5,1008.0,0.2,9.6,,22.0,35.91511605511118,32.0,95,69.0,Light Rain,Light drizzle
2026-06-22T19:00,30.8,34.0,60,3.611111111111111,294,8.0,1009.2,0.0,5,,22.2,34.42573241441779,30.8,95,0.0,Cloudy,Overcast
2026-06-22T20:00,29.9,33.0,63,3.8333333333333335,299,6.888888888888889,1009.7,0.0,5,,22.2,33.24510963108455,29.9,97,0.0,Cloudy,Overcast
2026-06-22T21:00,29.0,32.4,66,3.0555555555555554,302,6.805555555555555,1010.0,0.0,5,,22.1,32.011302207111086,29.0,99,0.0,Cloudy,Overcast
2026-06-22T22:00,28.4,32.0,68,2.638888888888889,295,5.305555555555556,1010.1,0.0,5,,22.0,31.159492676284515,28.4,99,0.0,Cloudy,Overcast
2026-06-22T23:00,28.6,32.2,67,2.361111111111111,295,4.611111111111112,1009.8,0.0,5,,21.9,31.394054377475655,28.6,98,0.0,Cloudy,Overcast
2026-06-23T00:00,28.1,31.0,66,3.0,296,5.194444444444444,1009.0,0.0,5,,21.1,30.32898858797118,28.1,99,0.0,Cloudy,Overcast
2026-06-23T01:00,27.7,30.2,65,3.1666666666666665,297,5.805555555555555,1008.5,0.0,5,,20.5,29.533732750551167,27.7,100,0.0,Cloudy,Overcast
2026-06-23T02:00,27.3,30.2,68,2.638888888888889,295,5.388888888888888,1008.2,0.0,5,,20.8,29.180530438504523,27.3,99,0.0,Cloudy,Overcast
2026-06-23T03:00,27.0,30.6,71,1.777777777777778,288,4.5,1008.7,0.0,5,,21.4,28.939056981777714,27.0,99,0.0,Cloudy,Overcast
2026-06-23T04:00,26.5,30.6,74,1.2222222222222223,261,3.0,1008.8,0.0,5,,21.6,26.5,26.5,99,0.0,Cloudy,Overcast
2026-06-23T05:00,27.1,30.8,73,2.111111111111111,262,2.305555555555556,1008.4,0.0,5,,21.8,29.294085455795692,27.1,98,0.0,Cloudy,Overcast
2026-06-23T06:00,27.1,30.9,72,1.8611111111111112,261,3.6944444444444446,1009.0,0.0,5,,21.7,29.20331364146466,27.1,98,8.0,Cloudy,Overcast
2026-06-23T07:00,28.7,32.4,65,1.9444444444444444,252,4.5,1009.4,0.0,5,,21.5,31.273130340951134,28.7,99,117.0,Cloudy,Overcast
2026-06-23T08:00,30.6,34.3,59,2.0,231,5.388888888888888,1009.6,0.0,5,,21.6,33.78802762316448,30.6,99,317.0,Cloudy,Overcast
2026-06-23T09:00,32.3,35.9,54,2.25,242,6.111111111111111,1009.5,0.0,5,,21.7,35.988929154824376,32.3,98,512.0,Cloudy,Overcast
2026-06-23T10:00,33.7,36.7,49,3.7222222222222223,252,8.5,1009.2,0.0,5,,21.4,37.42509453003562,33.7,85,612.0,Cloudy,Overcast
2026-06-23T11:00,34.2,36.8,45,5.333333333333333,285,10.694444444444445,1008.7,0.0,5,,20.5,37.200315109884535,34.2,99,811.0,Cloudy,Overcast
2026-06-23T12:00,35.0,36.6,42,6.694444444444445,287,13.694444444444443,1008.0,0.0,5,,20.3,37.834913477777796,35.0,95,791.0,Cloudy,Overcast
2026-06-23T13:00,35.2,37.0,42,6.333333333333333,289,13.805555555555555,1007.4,0.0,11.7,,20.5,38.22845443585787,35.2,66,750.0,Partly Cloudy,Partly cloudy
2026-06-23T14:00,35.6,38.3,42,5.083333333333333,280,13.11111111111111,1006.5,0.0,12.2,,20.9,39.03336019249784,35.6,56,760.0,Partly Cloudy,Partly cloudy
2026-06-23T15:00,35.8,39.2,43,3.3055555555555554,274,12.11111111111111,1005.9,0.0,13.15,,21.3,39.8082069285156,35.8,37,644.0,Partly Cloudy,Mainly clear
2026-06-23T16:00,35.4,37.5,43,4.194444444444445,279,9.694444444444445,1005.9,0.0,13.75,,20.9,38.970880569795554,35.4,25,494.0,Partly Cloudy,Mainly clear
2026-06-23T17:00,33.6,34.6,48,6.499999999999999,282,11.0,1006.7,0.0,5,,21.1,36.912136212551054,33.6,100,270.0,Cloudy,Overcast
2026-06-23T18:00,32.2,33.6,52,5.944444444444444,276,12.5,1007.3,0.0,5,,21.2,35.24517878083567,32.2,100,52.0,Cloudy,Overcast
2026-06-23T19:00,31.2,31.8,55,7.166666666666667,267,13.194444444444445,1008.3,0.0,12.35,,21.0,34.04506966659555,31.2,53,0.0,Partly Cloudy,Partly cloudy
2026-06-23T20:00,30.2,31.2,59,6.75,273,13.38888888888889,1008.9,0.0,12.4,,21.2,33.010685758524595,30.2,52,0.0,Partly Cloudy,Partly cloudy
2026-06-23T21:00,30.1,31.0,59,6.805555555555555,269,12.999999999999998,1009.4,0.0,13.2,,21.2,32.82163604996455,30.1,36,0.0,Partly Cloudy,Mainly clear
2026-06-23T22:00,30.0,30.9,58,6.472222222222222,265,12.38888888888889,1009.6,0.0,12.75,,20.7,32.44159935555555,30.0,45,0.0,Partly Cloudy,Mainly clear
2026-06-23T23:00,30.2,31.3,56,5.666666666666666,260,11.38888888888889,1009.1,0.0,5,,20.6,32.4166769669512,30.2,100,0.0,Cloudy,Overcast
2026-06-24T00:00,30.0,31.7,58,4.972222222222221,252,10.305555555555555,1008.5,0.0,5,,20.8,32.44159935555555,30.0,100,0.0,Cloudy,Overcast
2026-06-24T01:00,29.9,31.1,57,5.416666666666667,256,9.694444444444445,1008.2,0.0,5,,20.4,32.07703348623114,29.9,99,0.0,Cloudy,Overcast
2026-06-24T02:00,29.3,29.7,57,6.527777777777778,266,11.61111111111111,1007.9,0.0,5,,19.9,31.065755475991196,29.3,100,0.0,Cloudy,Overcast
2026-06-24T03:00,28.4,29.0,61,6.333333333333333,276,12.11111111111111,1007.9,0.0,5,,20.2,30.186167723715712,28.4,100,0.0,Cloudy,Overcast
2026-06-24T04:00,28.8,29.9,60,5.583333333333334,287,11.38888888888889,1007.8,0.0,5,,20.4,30.699483575217748,28.8,100,0.0,Cloudy,Overcast
2026-06-24T05:00,29.5,30.2,57,6.166666666666666,281,9.88888888888889,1007.8,0.0,5,,20.1,31.39467832911114,29.5,100,0.0,Cloudy,Overcast
2026-06-24T06:00,29.3,30.4,59,5.611111111111111,279,11.194444444444443,1008.4,0.0,5,,20.4,31.385353290924552,29.3,100,7.0,Cloudy,Overcast
2026-06-24T07:00,30.6,32.1,55,5.111111111111111,274,11.888888888888888,1008.6,0.0,5,,20.7,32.930913029315576,30.6,99,95.0,Cloudy,Overcast
2026-06-24T08:00,32.1,33.7,51,5.0,273,10.11111111111111,1009.1,0.0,5,,20.7,34.79570411673779,32.1,98,250.0,Cloudy,Overcast
2026-06-24T09:00,33.9,35.1,45,5.333333333333333,275,10.88888888888889,1009.2,0.0,5,,20.2,36.6150351746045,33.9,97,402.0,Cloudy,Overcast
2026-06-24T10:00,36.0,37.3,38,5.027777777777778,277,11.38888888888889,1008.9,0.0,5,,19.5,38.4671009551112,36.0,91,623.0,Cloudy,Overcast
2026-06-24T11:00,37.6,40.4,32,3.555555555555556,279,11.0,1008.7,0.0,5,,18.2,39.41652874556449,37.6,88,846.0,Cloudy,Overcast
2026-06-24T12:00,37.8,41.9,32,1.5833333333333333,217,8.38888888888889,1008.2,0.0,11.95,,18.1,39.778613434524445,37.8,61,862.0,Partly Cloudy,Partly cloudy
2026-06-24T13:00,37.2,41.6,33,1.0833333333333333,196,7.111111111111112,1007.6,0.2,9.6,,18.4,39.03357521153779,37.2,91,838.0,Light Rain,Light drizzle
2026-06-24T14:00,36.8,40.9,36,1.1111111111111112,212,6.388888888888888,1006.7,0.4,9.2,,19.2,39.313375861084474,36.8,100,749.0,Light Rain,Light drizzle
2026-06-24T15:00,34.8,37.3,43,2.75,295,7.305555555555555,1006.4,0.7,8.6,,20.3,37.760594990115564,34.8,99,416.0,Light Rain,Moderate drizzle
2026-06-24T16:00,34.6,35.0,42,6.25,290,12.194444444444443,1006.8,0.1,9.8,,19.7,37.065655402097846,34.6,99,414.0,Light Rain,Light drizzle
2026-06-24T17:00,35.3,36.7,40,4.527777777777778,304,12.61111111111111,1006.5,0.3,9.4,,19.8,37.77996589329556,35.3,100,141.0,Light Rain,Light drizzle
2026-06-24T18:00,32.4,32.9,49,6.777777777777777,284,12.694444444444445,1007.2,0.3,9.4,,20.4,34.857509209475715,32.4,99,61.0,Light Rain,Light drizzle
2026-06-24T19:00,31.4,31.9,52,6.916666666666666,275,13.194444444444445,1007.7,0.0,5,,20.4,33.73250970787562,31.4,94,0.0,Cloudy,Overcast
2026-06-24T20:00,30.7,31.5,55,6.305555555555555,272,12.694444444444445,1008.3,0.0,5,,20.5,33.111680721395665,30.7,95,0.0,Cloudy,Overcast
2026-06-24T21:00,30.4,32.1,57,5.0,271,11.38888888888889,1008.8,0.0,5,,20.9,32.97593265303116,30.4,95,0.0,Cloudy,Overcast
2026-06-24T22:00,29.9,32.2,61,4.444444444444445,269,9.0,1009.4,0.0,5,,21.5,32.8392382569156,29.9,98,0.0,Cloudy,Overcast
2026-06-24T23:00,30.1,32.7,62,4.305555555555555,265,8.38888888888889,1009.1,0.0,5,,21.9,33.44088429559791,30.1,100,0.0,Cloudy,Overcast
2026-06-25T00:00,29.7,31.7,60,4.638888888888888,271,8.194444444444445,1008.7,0.0,5,,21.2,32.269869933117874,29.7,94,0.0,Cloudy,Overcast
2026-06-25T01:00,29.4,30.7,60,5.611111111111111,270,10.194444444444445,1008.1,0.0,13.0,,20.8,31.72705770113784,29.4,40,0.0,Partly Cloudy,Mainly clear
2026-06-25T02:00,29.0,30.6,63,5.416666666666667,275,10.11111111111111,1007.7,0.0,12.05,,21.1,31.50794576844439,29.0,59,0.0,Partly Cloudy,Partly cloudy
2026-06-25T03:00,28.7,30.7,64,4.722222222222222,276,9.805555555555555,1007.7,0.0,5,,21.2,31.119871859135532,28.7,95,0.0,Cloudy,Overcast
2026-06-25T04:00,28.6,31.5,65,3.3055555555555554,271,8.38888888888889,1007.8,0.0,5,,21.4,31.0887217336711,28.6,93,0.0,Cloudy,Overcast
2026-06-25T05:00,28.3,32.4,70,1.8888888888888888,252,5.805555555555555,1007.6,0.0,12.55,,22.3,31.258456716495616,28.3,49,0.0,Partly Cloudy,Mainly clear
2026-06-25T06:00,28.1,32.3,71,1.777777777777778,220,3.194444444444444,1008.2,0.0,12.2,,22.4,31.000023693537774,28.1,56,9.0,Partly Cloudy,Partly cloudy
2026-06-25T07:00,30.0,34.2,63,1.5277777777777777,212,4.194444444444445,1008.8,0.0,14.2,,22.1,33.44940924444435,30.0,16,149.0,Sunny,Clear skies
2026-06-25T08:00,32.2,35.9,54,1.9444444444444444,244,5.388888888888888,1009.3,0.0,14.600000000000001,,21.7,35.7816842009245,32.2,8,335.0,Sunny,Clear skies
2026-06-25T09:00,34.4,37.3,46,3.1111111111111107,272,7.611111111111111,1009.0,0.0,14.8,,21.2,37.91852052531554,34.4,4,552.0,Sunny,Clear skies
2026-06-25T10:00,36.2,39.3,41,4.111111111111112,280,11.194444444444443,1008.4,0.0,14.9,,20.7,39.910933781884474,36.2,2,736.0,Sunny,Clear skies
2026-06-25T11:00,37.5,40.6,36,4.5,283,11.305555555555555,1008.1,0.0,14.600000000000001,,19.9,40.676934581944494,37.5,8,861.0,Sunny,Clear skies
2026-06-25T12:00,38.6,41.7,33,4.444444444444445,285,11.194444444444443,1007.6,0.0,13.65,,19.4,41.67031114721786,38.6,27,916.0,Partly Cloudy,Mainly clear
2026-06-25T13:00,38.9,41.8,32,4.194444444444445,292,11.0,1006.6,0.0,13.6,,19.2,41.848442311464524,38.9,28,852.0,Partly Cloudy,Mainly clear
2026-06-25T14:00,39.0,40.9,31,4.666666666666667,283,10.88888888888889,1005.5,0.0,13.15,,18.6,41.6346641515556,39.0,37,784.0,Partly Cloudy,Mainly clear
2026-06-25T15:00,38.3,38.2,31,6.75,278,13.694444444444443,1004.7,0.0,11.95,,18.4,40.33166217099559,38.3,61,641.0,Partly Cloudy,Partly cloudy
2026-06-25T16:00,37.0,35.9,34,8.027777777777777,275,15.805555555555555,1004.3,0.0,5,,18.4,39.00458388355556,37.0,88,477.0,Cloudy,Overcast
2026-06-25T17:00,36.0,34.9,35,7.805555555555555,273,15.61111111111111,1005.0,0.0,13.5,,18.2,37.52694203377783,36.0,30,274.0,Partly Cloudy,Mainly clear
2026-06-25T18:00,33.8,33.3,41,6.944444444444445,268,15.11111111111111,1005.8,0.0,5,,18.6,35.3395466458845,33.8,89,80.0,Cloudy,Overcast
2026-06-25T19:00,32.4,32.2,45,6.833333333333334,264,12.999999999999998,1006.5,0.0,5,,19.0,33.90454449740449,32.4,100,0.0,Cloudy,Overcast
2026-06-25T20:00,31.6,31.6,48,6.638888888888888,270,13.194444444444445,1007.7,0.0,5,,19.3,33.21105344695115,31.6,99,0.0,Cloudy,Overcast
2026-06-25T21:00,31.4,32.2,49,5.249999999999999,269,12.0,1008.4,0.0,11.45,,19.4,33.08361627987563,31.4,71,0.0,Partly Cloudy,Partly cloudy
2026-06-25T22:00,31.0,32.3,52,4.722222222222222,263,9.5,1008.5,0.0,5,,19.8,33.02082296755563,31.0,95,0.0,Cloudy,Overcast
2026-06-25T23:00,30.7,31.8,53,5.444444444444445,268,8.694444444444445,1008.1,0.0,5,,20.1,32.70334619913797,30.7,98,0.0,Cloudy,Overcast
2026-06-26T00:00,30.2,31.5,56,5.361111111111112,266,10.0,1007.7,0.0,5,,20.6,32.4166769669512,30.2,95,0.0,Cloudy,Overcast
2026-06-26T01:00,29.6,31.4,60,4.944444444444445,261,9.694444444444445,1007.2,0.0,5,,21.0,32.08678250993773,29.6,99,0.0,Cloudy,Overcast
2026-06-26T02:00,29.3,31.1,62,4.972222222222221,266,9.194444444444445,1006.7,0.0,5,,21.2,31.89109059895784,29.3,99,0.0,Cloudy,Overcast
2026-06-26T03:00,29.1,31.0,63,4.944444444444445,268,8.88888888888889,1006.7,0.0,5,,21.4,31.691938850284536,29.1,98,0.0,Cloudy,Overcast
2026-06-26T04:00,28.9,30.8,65,5.305555555555556,271,9.5,1007.2,0.0,5,,21.6,31.648926787671186,28.9,93,0.0,Cloudy,Overcast
2026-06-26T05:00,29.1,32.0,67,4.194444444444445,267,9.5,1006.9,0.0,5,,22.3,32.38934118267563,29.1,98,0.0,Cloudy,Overcast
2026-06-26T06:00,29.3,32.1,66,4.25,271,7.611111111111111,1007.8,0.0,5,,22.2,32.61457610285114,29.3,96,9.0,Cloudy,Overcast
2026-06-26T07:00,30.8,33.2,60,4.861111111111111,269,9.5,1008.6,0.0,5,,22.1,34.42573241441779,30.8,95,134.0,Cloudy,Overcast
2026-06-26T08:00,32.6,34.5,53,5.472222222222222,276,11.11111111111111,1009.0,0.0,5,,21.8,36.33079502241779,32.6,99,326.0,Cloudy,Overcast
2026-06-26T09:00,34.5,35.5,46,6.499999999999999,281,13.194444444444445,1008.8,0.0,5,,21.1,38.12499417705566,34.5,98,523.0,Cloudy,Overcast
2026-06-26T10:00,36.0,37.0,40,7.055555555555555,284,14.61111111111111,1008.4,0.0,5,,20.4,39.144368171555605,36.0,92,696.0,Cloudy,Overcast
2026-06-26T11:00,37.7,39.1,35,6.916666666666666,289,14.388888888888888,1007.8,0.0,5,,19.8,40.69010672281772,37.7,91,824.0,Cloudy,Overcast
2026-06-26T12:00,37.4,39.0,36,6.305555555555555,290,14.11111111111111,1007.5,0.9,8.2,,19.8,40.478380159804466,37.4,89,804.0,Light Rain,Moderate drizzle
2026-06-26T13:00,34.6,36.6,47,6.694444444444445,282,14.805555555555554,1007.0,1.6,6.8,,21.5,38.671906542631206,34.6,63,743.0,Light Rain,Slight rain
2026-06-26T14:00,35.5,36.7,42,7.277777777777778,290,14.805555555555554,1005.7,0.5,9.0,,20.6,38.82990577327784,35.5,85,760.0,Light Rain,Moderate drizzle
2026-06-26T15:00,36.6,37.4,38,6.388888888888888,277,14.5,1004.9,0.2,9.6,,19.8,39.63061510295111,36.6,94,655.0,Light Rain,Light drizzle
2026-06-26T16:00,35.2,35.7,41,6.583333333333333,275,14.5,1004.9,0.4,9.2,,20.1,37.90489693548454,35.2,100,467.0,Light Rain,Light drizzle
2026-06-26T17:00,34.0,34.4,46,7.138888888888888,286,15.11111111111111,1005.5,0.0,5,,20.6,37.10899633155566,34.0,100,242.0,Cloudy,Overcast
2026-06-26T18:00,32.0,32.6,50,6.611111111111111,278,13.88888888888889,1006.4,0.0,5,,20.4,34.36367940844453,32.0,98,66.0,Cloudy,Overcast
2026-06-26T19:00,31.2,32.4,54,5.833333333333333,280,12.38888888888889,1007.1,0.0,5,,20.7,33.81558301612463,31.2,94,0.0,Cloudy,Overcast
2026-06-26T20:00,31.1,32.0,53,6.027777777777778,279,11.11111111111111,1008.0,0.0,5,,20.5,33.410108517217864,31.1,92,0.0,Cloudy,Overcast
2026-06-26T21:00,30.8,31.2,53,6.722222222222221,274,12.38888888888889,1008.4,0.0,11.0,,20.2,32.87719122273781,30.8,80,0.0,Cloudy,Overcast
2026-06-26T22:00,30.3,31.3,56,5.972222222222222,274,12.305555555555554,1008.4,0.0,5,,20.5,32.59398101725108,30.3,98,0.0,Cloudy,Overcast
2026-06-26T23:00,30.1,31.3,55,5.361111111111112,273,10.805555555555555,1008.5,0.0,5,,20.2,32.05662505371555,30.1,91,0.0,Cloudy,Overcast
2026-06-27T00:00,29.9,31.3,56,4.944444444444445,271,9.694444444444445,1007.9,0.0,5,,20.3,31.896802705571094,29.9,99,0.0,Cloudy,Overcast
2026-06-27T01:00,29.6,31.3,58,4.444444444444445,271,8.805555555555555,1007.2,0.0,5,,20.4,31.733242361795597,29.6,100,0.0,Cloudy,Overcast
2026-06-27T02:00,29.1,31.0,60,4.25,270,7.888888888888888,1006.6,0.0,5,,20.6,31.203595581837817,29.1,96,0.0,Cloudy,Overcast
2026-06-27T03:00,28.9,30.6,61,4.555555555555555,270,8.0,1006.3,0.0,5,,20.5,31.015885100115625,28.9,98,0.0,Cloudy,Overcast
2026-06-27T04:00,28.7,30.5,60,4.25,273,8.0,1006.5,0.0,5,,20.3,30.535746264717798,28.7,99,0.0,Cloudy,Overcast
2026-06-27T05:00,29.0,31.0,60,3.75,267,7.5,1006.6,0.0,5,,20.3,31.03340823377779,29.0,95,0.0,Cloudy,Overcast
2026-06-27T06:00,28.9,31.4,62,3.416666666666667,255,6.694444444444445,1007.7,0.0,5,,20.9,31.1694977899979,28.9,95,8.0,Cloudy,Overcast
2026-06-27T07:00,30.4,32.6,55,3.5277777777777777,257,7.111111111111112,1007.9,0.0,5,,20.4,32.57528774211554,30.4,99,116.0,Cloudy,Overcast
2026-06-27T08:00,32.2,33.9,48,4.166666666666667,265,8.694444444444445,1007.9,0.0,5,,20.0,34.24947250087112,32.2,100,284.0,Cloudy,Overcast
2026-06-27T09:00,34.2,35.5,43,4.555555555555555,273,9.805555555555555,1007.8,0.0,5,,19.7,36.60515416051559,34.2,99,466.0,Cloudy,Overcast
2026-06-27T10:00,36.6,38.7,36,4.138888888888889,277,10.194444444444445,1007.8,0.0,5,,19.1,38.935068612604496,36.6,100,716.0,Cloudy,Overcast
2026-06-27T11:00,36.3,40.9,36,1.0,147,9.694444444444445,1007.1,0.0,5,,19.1,38.37700853778447,36.3,98,811.0,Cloudy,Overcast
2026-06-27T12:00,34.7,39.2,49,3.9166666666666665,129,9.194444444444445,1006.5,0.4,9.2,,22.5,39.60133286283572,34.7,95,801.0,Light Rain,Light drizzle
2026-06-27T13:00,34.5,38.4,52,5.472222222222222,136,12.11111111111111,1006.2,0.2,9.6,,23.1,40.25730817105568,34.5,48,800.0,Light Rain,Light drizzle
2026-06-27T14:00,34.2,37.8,52,5.472222222222222,148,12.305555555555554,1004.7,0.6,8.8,,23.0,39.54774241843563,34.2,77,743.0,Light Rain,Moderate drizzle
2026-06-27T15:00,34.7,38.1,48,4.083333333333333,152,11.61111111111111,1004.5,0.3,9.4,,22.3,39.23963494237114,34.7,69,641.0,Light Rain,Light drizzle
2026-06-27T16:00,32.3,35.2,56,4.361111111111111,175,10.11111111111111,1004.4,0.4,9.2,,22.4,36.56138815645104,32.3,36,412.0,Light Rain,Light drizzle
2026-06-27T17:00,35.6,38.1,39,2.138888888888889,288,8.694444444444445,1004.4,0.6,8.8,,19.5,38.03229269063124,35.6,39,254.0,Light Rain,Moderate drizzle
2026-06-27T18:00,32.5,35.8,56,3.611111111111111,294,5.888888888888888,1005.3,0.7,8.6,,22.6,37.002267798611165,32.5,50,75.0,Light Rain,Moderate drizzle
2026-06-27T19:00,32.5,34.6,51,4.333333333333333,294,7.805555555555555,1006.4,0.0,12.75,,21.0,35.57018502777784,32.5,45,0.0,Partly Cloudy,Mainly clear
2026-06-27T20:00,31.5,33.6,54,4.444444444444445,293,8.38888888888889,1007.3,0.0,12.4,,21.2,34.38511050394455,31.5,52,0.0,Partly Cloudy,Partly cloudy
2026-06-27T21:00,30.8,33.0,57,4.444444444444445,281,8.305555555555555,1007.6,0.0,11.2,,21.3,33.73181616279123,30.8,76,0.0,Partly Cloudy,Partly cloudy
2026-06-27T22:00,30.4,32.5,58,4.555555555555555,271,8.194444444444445,1008.0,0.0,11.5,,21.3,33.18321155379562,30.4,70,0.0,Partly Cloudy,Partly cloudy
2026-06-27T23:00,30.2,31.9,57,4.694444444444444,269,8.194444444444445,1007.3,0.0,5,,20.7,32.61024562359132,30.2,88,0.0,Cloudy,Overcast
2026-06-28T00:00,29.7,31.6,58,4.194444444444445,272,8.38888888888889,1006.7,0.0,11.85,,20.5,31.90721393481561,29.7,63,0.0,Partly Cloudy,Partly cloudy
2026-06-28T01:00,29.4,31.5,59,3.861111111111111,271,7.388888888888889,1006.6,0.0,12.0,,20.5,31.557488575164573,29.4,60,0.0,Partly Cloudy,Partly cloudy
2026-06-28T02:00,29.0,31.2,60,3.6944444444444446,272,6.805555555555555,1006.3,0.0,11.75,,20.6,31.03340823377779,29.0,65,0.0,Partly Cloudy,Partly cloudy
2026-06-28T03:00,28.6,30.6,61,4.083333333333333,276,7.111111111111112,1006.2,0.0,12.4,,20.5,30.51149793811552,28.6,52,0.0,Partly Cloudy,Partly cloudy
2026-06-28T04:00,28.4,30.5,62,3.8333333333333335,279,7.194444444444444,1006.0,0.0,13.4,,20.5,30.3174793156979,28.4,32,0.0,Partly Cloudy,Mainly clear
2026-06-28T05:00,28.7,32.1,63,1.972222222222222,276,7.194444444444444,1006.2,0.0,12.6,,21.0,30.969504210604416,28.7,48,0.0,Partly Cloudy,Mainly clear
2026-06-28T06:00,28.9,31.9,62,2.5,276,4.0,1007.1,0.0,11.9,,20.9,31.1694977899979,28.9,62,9.0,Partly Cloudy,Partly cloudy
2026-06-28T07:00,30.7,33.3,56,3.2499999999999996,273,6.611111111111111,1007.8,0.0,13.0,,20.8,33.323260367651216,30.7,40,137.0,Partly Cloudy,Mainly clear
2026-06-28T08:00,32.7,34.5,49,4.444444444444445,282,9.388888888888888,1008.1,0.0,14.55,,20.7,35.423788981235646,32.7,9,337.0,Sunny,Clear skies
2026-06-28T09:00,34.5,35.5,44,5.805555555555555,285,12.0,1007.8,0.0,14.100000000000001,,20.3,37.483663913277866,34.5,18,558.0,Sunny,Clear skies
2026-06-28T10:00,36.3,37.9,38,5.944444444444444,281,13.11111111111111,1007.5,0.0,14.95,,19.8,39.042867150771094,36.3,1,742.0,Sunny,Clear skies
2026-06-28T11:00,37.5,40.9,35,3.5,268,12.805555555555555,1006.9,0.0,13.95,,19.3,40.29975532777778,37.5,21,861.0,Partly Cloudy,Mainly clear
2026-06-28T12:00,37.7,43.0,35,1.1111111111111112,207,9.388888888888888,1006.0,0.0,13.15,,19.7,40.69010672281772,37.7,37,893.0,Partly Cloudy,Mainly clear
2026-06-28T13:00,38.3,43.4,34,1.1944444444444444,237,6.888888888888889,1005.0,0.0,13.1,,19.4,41.48232580033556,38.3,38,885.0,Partly Cloudy,Mainly clear
2026-06-28T14:00,37.6,40.5,34,3.555555555555556,290,9.0,1004.4,0.5,9.0,,19.2,40.12348207507557,37.6,35,780.0,Light Rain,Moderate drizzle
2026-06-28T15:00,36.1,36.6,38,5.916666666666667,267,12.61111111111111,1004.1,0.4,9.2,,19.6,38.657691714051175,36.1,95,450.0,Light Rain,Light drizzle
2026-06-28T16:00,35.3,35.5,41,7.25,279,14.388888888888888,1004.2,0.2,9.6,,20.2,38.09898897828451,35.3,33,440.0,Light Rain,Light drizzle
2026-06-28T17:00,33.9,33.8,45,8.0,279,16.11111111111111,1004.8,0.0,13.65,,20.4,36.6150351746045,33.9,27,278.0,Partly Cloudy,Mainly clear
2026-06-28T18:00,32.2,33.3,52,6.25,285,15.388888888888888,1005.6,0.0,14.100000000000001,,21.0,35.24517878083567,32.2,18,81.0,Sunny,Clear skies
2026-06-28T19:00,31.4,32.3,54,6.416666666666667,286,12.305555555555554,1006.4,0.0,13.2,,20.9,34.1933344015645,31.4,36,0.0,Partly Cloudy,Mainly clear
2026-06-28T20:00,30.6,32.2,57,5.416666666666667,287,12.0,1007.1,0.0,13.4,,21.1,33.34978949943118,30.6,32,0.0,Partly Cloudy,Mainly clear
2026-06-28T21:00,30.0,32.4,61,4.277777777777778,281,10.0,1007.8,0.0,11.2,,21.5,33.03359425555552,30.0,76,0.0,Partly Cloudy,Partly cloudy
2026-06-28T22:00,29.7,32.0,61,4.5,278,8.305555555555555,1008.2,0.0,12.95,,21.5,32.457082995795645,29.7,41,0.0,Partly Cloudy,Mainly clear
2026-06-28T23:00,28.9,29.9,63,6.444444444444444,272,9.694444444444445,1007.7,0.0,14.0,,21.1,31.326208967884572,28.9,20,0.0,Partly Cloudy,Mainly clear
2026-06-29T00:00,28.9,29.7,61,6.166666666666666,279,12.38888888888889,1007.7,0.0,13.55,,20.5,31.015885100115625,28.9,29,0.0,Partly Cloudy,Mainly clear
2026-06-29T01:00,28.9,30.5,61,4.777777777777778,260,11.11111111111111,1007.3,0.0,12.8,,20.6,31.015885100115625,28.9,44,0.0,Partly Cloudy,Mainly clear
2026-06-29T02:00,28.7,30.9,63,3.9166666666666665,251,8.5,1006.7,0.0,14.0,,20.9,30.969504210604416,28.7,20,0.0,Partly Cloudy,Mainly clear
2026-06-29T03:00,28.5,30.4,63,4.611111111111112,266,8.0,1006.6,0.0,12.6,,20.9,30.62182457844439,28.5,48,0.0,Partly Cloudy,Mainly clear
2026-06-29T04:00,28.6,30.0,63,5.694444444444445,268,10.194444444444445,1006.4,0.0,13.8,,20.9,30.794536253884417,28.6,24,0.0,Partly Cloudy,Mainly clear
2026-06-29T05:00,28.5,29.9,62,5.249999999999999,272,10.88888888888889,1007.0,0.0,14.0,,20.5,30.483441007277843,28.5,20,0.0,Partly Cloudy,Mainly clear
2026-06-29T06:00,28.6,29.4,63,6.777777777777777,283,12.194444444444443,1007.6,0.0,14.350000000000001,,20.8,30.794536253884417,28.6,13,8.0,Sunny,Clear skies
2026-06-29T07:00,29.4,30.6,62,6.472222222222222,283,12.61111111111111,1008.3,0.0,13.65,,21.3,32.077041305297904,29.4,27,138.0,Partly Cloudy,Mainly clear
2026-06-29T08:00,31.2,32.6,55,5.722222222222222,279,12.694444444444445,1008.8,0.0,14.2,,21.1,34.04506966659555,31.2,16,338.0,Sunny,Clear skies
2026-06-29T09:00,32.9,33.8,48,5.888888888888888,277,12.38888888888889,1008.9,0.0,14.75,,20.4,35.5388593208512,32.9,5,531.0,Sunny,Clear skies
2026-06-29T10:00,34.7,36.6,42,5.388888888888888,277,12.61111111111111,1008.3,0.0,12.65,,20.0,37.25574194095783,34.7,47,726.0,Partly Cloudy,Mainly clear
2026-06-29T11:00,36.2,38.3,39,6.083333333333333,276,14.11111111111111,1008.7,0.0,13.6,,19.9,39.19310145719114,36.2,28,861.0,Partly Cloudy,Mainly clear
2026-06-29T12:00,36.3,37.8,37,6.777777777777777,285,14.388888888888888,1008.2,0.1,9.8,,19.4,38.704748439635665,36.3,16,866.0,Light Rain,Light drizzle
2026-06-29T13:00,35.6,36.4,39,8.055555555555555,283,16.5,1007.3,0.2,9.6,,19.4,38.03229269063124,35.6,35,891.0,Light Rain,Light drizzle
2026-06-29T14:00,35.7,36.8,38,6.555555555555555,278,16.805555555555554,1006.6,0.2,9.6,,19.2,37.903316515971156,35.7,48,778.0,Light Rain,Light drizzle
2026-06-29T15:00,34.7,34.7,41,6.75,268,15.0,1006.2,0.0,12.5,,19.3,36.95614219428452,34.7,50,552.0,Partly Cloudy,Partly cloudy
2026-06-29T16:00,33.2,34.1,46,5.861111111111112,256,13.61111111111111,1006.3,0.0,5,,20.2,35.56852592739568,33.2,84,421.0,Cloudy,Overcast
2026-06-29T17:00,32.7,30.8,42,9.277777777777777,284,12.38888888888889,1006.1,0.0,12.6,,18.2,33.73622197135788,32.7,48,224.0,Partly Cloudy,Mainly clear
2026-06-29T18:00,31.2,30.2,46,7.805555555555555,279,17.61111111111111,1006.7,0.0,11.9,,18.4,32.17572148659568,31.2,62,67.0,Partly Cloudy,Partly cloudy
2026-06-29T19:00,30.7,30.0,47,7.0,277,14.388888888888888,1007.2,0.0,5,,18.1,31.59694079439115,30.7,83,0.0,Cloudy,Overcast
2026-06-29T20:00,30.4,29.8,49,7.361111111111111,281,13.88888888888889,1007.6,0.0,13.1,,18.7,31.484656134275586,30.4,38,0.0,Partly Cloudy,Mainly clear
2026-06-29T21:00,30.1,29.8,52,7.027777777777778,281,13.61111111111111,1008.2,0.0,14.05,,19.1,31.528356804975665,30.1,19,0.0,Sunny,Clear skies
2026-06-29T22:00,29.9,30.3,54,6.222222222222221,276,12.888888888888888,1008.6,0.0,13.85,,19.6,31.54872563866445,29.9,23,0.0,Partly Cloudy,Mainly clear
2026-06-29T23:00,29.3,29.8,57,6.305555555555555,277,11.305555555555555,1008.7,0.0,12.5,,19.9,31.065755475991196,29.3,50,0.0,Partly Cloudy,Partly cloudy
2026-06-30T00:00,29.2,29.3,56,6.583333333333333,275,12.0,1008.3,0.0,13.25,,19.5,30.753983784551085,29.2,35,0.0,Partly Cloudy,Mainly clear
2026-06-30T01:00,29.5,29.5,55,6.75,267,12.0,1007.7,0.0,5,,19.5,31.07249054955561,29.5,90,0.0,Cloudy,Overcast
2026-06-30T02:00,29.1,29.4,56,6.111111111111111,270,12.38888888888889,1007.1,0.0,5,,19.3,30.59874919837105,29.1,95,0.0,Cloudy,Overcast
2026-06-30T03:00,28.9,29.8,55,4.861111111111111,251,10.88888888888889,1007.1,0.0,12.65,,19.1,30.159277208915682,28.9,47,0.0,Partly Cloudy,Mainly clear
2026-06-30T04:00,28.5,29.8,57,4.138888888888889,245,8.694444444444445,1007.3,0.0,11.5,,19.2,29.831762233111096,28.5,70,0.0,Partly Cloudy,Partly cloudy
2026-06-30T05:00,29.4,29.5,55,6.638888888888888,270,7.805555555555555,1007.2,0.0,11.25,,19.5,30.915363245315646,29.4,75,0.0,Partly Cloudy,Partly cloudy
2026-06-30T06:00,29.5,29.9,55,5.861111111111112,267,11.888888888888888,1008.3,0.0,11.35,,19.4,31.07249054955561,29.5,73,8.0,Partly Cloudy,Partly cloudy
2026-06-30T07:00,30.7,31.3,52,6.111111111111111,266,12.0,1008.9,0.0,11.05,,19.8,32.50659132313573,30.7,79,135.0,Partly Cloudy,Partly cloudy
2026-06-30T08:00,32.0,32.4,50,6.916666666666666,268,13.805555555555555,1009.3,0.0,12.55,,20.2,34.36367940844453,32.0,49,345.0,Partly Cloudy,Mainly clear
2026-06-30T09:00,33.5,33.6,45,7.111111111111112,269,14.5,1009.7,0.0,12.75,,19.9,35.85705249044445,33.5,45,543.0,Partly Cloudy,Mainly clear
2026-06-30T10:00,34.9,35.7,41,6.972222222222222,274,14.5,1009.4,0.0,5,,19.7,37.33130299620449,34.9,82,712.0,Cloudy,Overcast
2026-06-30T11:00,36.3,37.3,36,6.861111111111111,278,17.38888888888889,1008.9,0.0,5,,19.1,38.37700853778447,36.3,98,817.0,Cloudy,Overcast
2026-06-30T12:00,36.6,37.5,35,7.638888888888888,279,16.61111111111111,1008.1,0.0,11.9,,18.9,38.60328148033782,36.6,62,909.0,Partly Cloudy,Partly cloudy
2026-06-30T13:00,37.2,37.9,34,7.694444444444444,281,16.5,1007.3,0.0,5,,18.6,39.37284994723556,37.2,84,902.0,Cloudy,Overcast
2026-06-30T14:00,36.1,35.8,37,8.833333333333334,279,17.61111111111111,1006.4,0.2,9.6,,19.0,38.329367520275646,36.1,58,780.0,Light Rain,Light drizzle
2026-06-30T15:00,36.3,36.0,37,7.972222222222221,280,17.805555555555554,1005.5,0.0,12.65,,19.1,38.704748439635665,36.3,47,670.0,Partly Cloudy,Mainly clear
2026-06-30T16:00,35.0,34.0,39,8.416666666666666,283,16.805555555555554,1005.5,0.0,13.75,,19.1,36.92080481111118,35.0,25,484.0,Partly Cloudy,Mainly clear
2026-06-30T17:00,33.9,33.8,43,7.111111111111112,284,16.694444444444443,1006.3,0.0,12.45,,19.6,36.04800052699555,33.9,51,252.0,Partly Cloudy,Partly cloudy
2026-06-30T18:00,32.5,32.3,46,7.138888888888888,269,13.805555555555555,1007.5,0.0,5,,19.4,34.306558993055624,32.5,88,59.0,Cloudy,Overcast
2026-06-30T19:00,31.3,31.2,48,6.722222222222221,278,13.805555555555555,1008.6,0.0,5,,19.1,32.71495649077114,31.3,91,0.0,Cloudy,Overcast
2026-06-30T20:00,30.6,31.0,50,5.75,273,12.694444444444445,1009.3,0.0,5,,19.0,31.96842908860448,30.6,100,0.0,Cloudy,Overcast
2026-06-30T21:00,30.2,31.0,51,4.694444444444444,271,10.88888888888889,1009.9,0.0,11.85,,18.9,31.515347792017817,30.2,63,0.0,Partly Cloudy,Partly cloudy
2026-06-30T22:00,30.0,31.7,52,3.2777777777777777,264,8.694444444444445,1010.1,0.0,11.45,,19.0,31.371828855555602,30.0,71,0.0,Partly Cloudy,Partly cloudy
2026-06-30T23:00,30.3,31.6,50,3.7777777777777777,253,6.194444444444445,1009.6,0.0,5,,18.8,31.500716150984488,30.3,100,0.0,Cloudy,Overcast
2026-07-01T00:00,30.1,31.1,51,4.611111111111112,272,8.11111111111111,1009.5,0.0,5,,19.0,31.360932150337817,30.1,98,0.0,Cloudy,Overcast
2026-07-01T01:00,29.5,30.1,56,5.888888888888888,280,10.499999999999998,1008.9,0.0,5,,19.8,31.231725432611015,29.5,94,0.0,Cloudy,Overcast
2026-07-01T02:00,28.7,29.5,61,6.027777777777778,282,11.194444444444443,1008.2,0.0,11.75,,20.3,30.67744141339544,28.7,65,0.0,Partly Cloudy,Partly cloudy
2026-07-01T03:00,28.1,28.6,61,6.388888888888888,282,11.694444444444445,1008.0,0.0,11.05,,20.0,29.714564242515547,28.1,79,0.0,Partly Cloudy,Partly cloudy
2026-07-01T04:00,28.0,28.4,61,6.25,281,12.305555555555554,1007.9,0.0,5,,19.8,29.561734239555562,28.0,100,0.0,Cloudy,Overcast
2026-07-01T05:00,28.4,29.9,60,4.25,279,11.305555555555555,1007.9,0.0,11.65,,19.8,30.057434408337954,28.4,67,0.0,Partly Cloudy,Partly cloudy
2026-07-01T06:00,28.4,30.3,61,3.9166666666666665,280,7.5,1008.5,0.0,11.0,,20.2,30.186167723715712,28.4,80,8.0,Cloudy,Overcast
2026-07-01T07:00,29.7,32.4,58,2.638888888888889,268,7.611111111111111,1008.8,0.0,13.25,,20.4,31.90721393481561,29.7,35,128.0,Partly Cloudy,Mainly clear
2026-07-01T08:00,31.4,34.2,51,2.2222222222222223,242,6.194444444444445,1009.3,0.0,13.4,,20.2,33.510566083537825,31.4,32,350.0,Partly Cloudy,Mainly clear
2026-07-01T09:00,33.3,35.8,45,2.5,240,6.888888888888889,1009.2,0.0,14.3,,19.9,35.48765710388448,33.3,14,557.0,Sunny,Clear skies
2026-07-01T10:00,35.0,38.5,40,2.138888888888889,210,7.0,1008.8,0.0,13.85,,19.3,37.216351055555634,35.0,23,739.0,Partly Cloudy,Mainly clear
2026-07-01T11:00,36.2,40.3,37,2.25,215,8.0,1008.2,0.0,13.4,,19.2,38.516411757635574,36.2,32,862.0,Partly Cloudy,Mainly clear
2026-07-01T12:00,37.1,40.6,34,2.4166666666666665,265,7.694444444444444,1007.8,0.0,12.5,,18.8,39.18812941537558,37.1,50,808.0,Partly Cloudy,Partly cloudy
2026-07-01T13:00,37.3,39.0,33,4.416666666666667,290,10.305555555555555,1007.0,0.0,12.6,,18.3,39.2145323183378,37.3,48,749.0,Partly Cloudy,Mainly clear
2026-07-01T14:00,36.8,37.5,34,6.499999999999999,282,13.5,1006.0,0.0,12.25,,18.3,38.641017820035614,36.8,55,774.0,Partly Cloudy,Partly cloudy
2026-07-01T15:00,36.1,35.7,35,6.888888888888889,280,14.305555555555555,1005.3,0.0,11.5,,18.0,37.703296212737854,36.1,70,608.0,Partly Cloudy,Partly cloudy
2026-07-01T16:00,35.6,35.3,36,6.305555555555555,287,13.88888888888889,1005.2,0.0,12.6,,18.3,37.11873875340455,35.6,48,462.0,Partly Cloudy,Mainly clear
2026-07-01T17:00,34.6,34.1,41,7.416666666666666,287,12.805555555555555,1005.5,0.0,13.75,,19.2,36.770732340604496,34.6,25,243.0,Partly Cloudy,Mainly clear
2026-07-01T18:00,32.5,32.3,48,7.638888888888888,292,14.61111111111111,1006.6,0.0,11.25,,20.0,34.79179459861124,32.5,75,80.0,Partly Cloudy,Partly cloudy
2026-07-01T19:00,31.1,31.8,53,6.444444444444444,291,14.61111111111111,1007.5,0.0,5,,20.4,33.410108517217864,31.1,95,0.0,Cloudy,Overcast
2026-07-01T20:00,30.4,31.9,57,5.388888888888888,287,12.11111111111111,1008.2,0.0,5,,20.9,32.97593265303116,30.4,100,0.0,Cloudy,Overcast
2026-07-01T21:00,30.1,32.2,59,4.333333333333333,285,10.0,1009.3,0.0,5,,21.1,32.82163604996455,30.1,99,0.0,Cloudy,Overcast
2026-07-01T22:00,30.0,32.6,58,3.333333333333333,278,8.11111111111111,1009.5,0.0,5,,20.9,32.44159935555555,30.0,96,0.0,Cloudy,Overcast
2026-07-01T23:00,30.5,32.8,55,3.5277777777777777,263,6.305555555555555,1009.2,0.0,5,,20.6,32.752115369555526,30.5,96,0.0,Cloudy,Overcast
2026-07-02T00:00,30.1,32.8,57,2.972222222222222,257,6.611111111111111,1008.9,0.0,12.4,,20.7,32.43046579023128,30.1,52,0.0,Partly Cloudy,Partly cloudy
2026-07-02T01:00,29.8,32.8,59,2.25,252,5.305555555555556,1008.3,0.0,12.4,,20.8,32.267172742524416,29.8,52,0.0,Partly Cloudy,Partly cloudy
2026-07-02T02:00,29.1,32.6,61,1.611111111111111,263,4.0,1007.7,0.0,12.8,,20.9,31.36307110171554,29.1,44,0.0,Partly Cloudy,Mainly clear
2026-07-02T03:00,28.6,32.4,64,1.0555555555555556,267,2.8055555555555554,1007.5,0.0,13.75,,21.0,30.940235598275606,28.6,25,0.0,Partly Cloudy,Mainly clear
2026-07-02T04:00,27.9,31.8,67,0.9444444444444444,286,1.8055555555555556,1007.3,0.0,14.55,,21.1,30.101283465875653,27.9,9,0.0,Sunny,Clear skies
2026-07-02T05:00,27.6,31.8,70,0.9444444444444444,252,2.0,1007.3,0.0,13.9,,21.6,29.912102020515718,27.6,22,0.0,Partly Cloudy,Mainly clear
2026-07-02T06:00,27.8,31.8,69,1.4444444444444444,270,2.0,1007.9,0.0,14.600000000000001,,21.7,30.1629650678577,27.8,8,8.0,Sunny,Clear skies
2026-07-02T07:00,29.5,33.5,63,1.4444444444444444,250,4.111111111111112,1008.5,0.0,14.2,,21.7,32.45047399044444,29.5,16,138.0,Sunny,Clear skies
2026-07-02T08:00,31.5,35.2,56,1.972222222222222,232,5.5,1008.7,0.0,14.600000000000001,,21.6,34.87812218461116,31.5,8,354.0,Sunny,Clear skies
2026-07-02T09:00,33.7,36.6,47,2.8055555555555554,241,7.388888888888889,1008.6,0.0,13.5,,20.9,36.81314932479111,33.7,30,562.0,Partly Cloudy,Mainly clear
2026-07-02T10:00,36.4,39.1,38,3.6944444444444446,260,9.5,1008.2,0.0,14.0,,19.7,39.237451828551016,36.4,20,734.0,Partly Cloudy,Mainly clear
2026-07-02T11:00,37.6,41.0,34,3.194444444444444,256,9.388888888888888,1007.6,0.0,13.35,,19.1,40.12348207507557,37.6,33,850.0,Partly Cloudy,Mainly clear
2026-07-02T12:00,38.5,41.5,33,4.277777777777778,284,10.194444444444445,1007.0,0.0,14.55,,19.4,41.474591691777725,38.5,9,875.0,Sunny,Clear skies
2026-07-02T13:00,39.1,41.5,32,5.361111111111112,286,11.888888888888888,1006.1,0.0,14.350000000000001,,19.4,42.23902266866449,39.1,13,897.0,Sunny,Clear skies
2026-07-02T14:00,37.9,38.8,34,7.194444444444444,293,14.61111111111111,1005.0,0.0,13.3,,19.3,40.69879367137559,37.9,34,800.0,Partly Cloudy,Mainly clear
2026-07-02T15:00,37.0,36.8,36,7.916666666666666,288,16.11111111111111,1004.7,0.1,9.8,,19.4,39.69669686844449,37.0,27,663.0,Light Rain,Light drizzle
2026-07-02T16:00,35.0,34.5,43,8.63888888888889,291,17.0,1004.8,0.1,9.8,,20.4,38.15792965555555,35.0,32,461.0,Light Rain,Light drizzle
2026-07-02T17:00,34.8,34.9,43,7.611111111111111,286,16.88888888888889,1005.3,0.0,13.6,,20.5,37.760594990115564,34.8,28,268.0,Partly Cloudy,Mainly clear
2026-07-02T18:00,33.1,33.8,49,7.083333333333333,290,14.694444444444443,1006.7,0.0,12.95,,21.1,36.20331926667557,33.1,41,82.0,Partly Cloudy,Mainly clear
2026-07-02T19:00,31.2,32.7,57,6.222222222222221,293,13.5,1007.6,0.0,12.2,,21.7,34.52037894039131,31.2,56,0.0,Partly Cloudy,Partly cloudy
2026-07-02T20:00,30.2,32.3,61,5.194444444444444,290,11.694444444444445,1008.5,0.0,12.25,,21.8,33.42886298899563,30.2,55,0.0,Partly Cloudy,Partly cloudy
2026-07-02T21:00,30.0,32.8,62,3.8055555555555554,286,9.805555555555555,1009.4,0.0,5,,21.9,33.239386577777815,30.0,95,0.0,Cloudy,Overcast
2026-07-02T22:00,29.9,33.2,62,3.0277777777777777,282,7.194444444444444,1009.7,0.0,5,,21.9,33.04010986159781,29.9,97,0.0,Cloudy,Overcast
2026-07-02T23:00,30.3,33.9,62,2.611111111111111,267,5.805555555555555,1009.5,0.0,5,,22.1,33.85054273615785,30.3,91,0.0,Cloudy,Overcast
2026-07-03T00:00,29.7,33.6,64,2.1666666666666665,248,4.694444444444444,1009.1,0.0,5,,22.1,33.04226243793564,29.7,99,0.0,Cloudy,Overcast
2026-07-03T01:00,29.2,33.2,66,1.8888888888888888,215,3.8055555555555554,1008.6,0.0,5,,22.2,32.411123543751174,29.2,100,0.0,Cloudy,Overcast
2026-07-03T02:00,28.7,32.6,68,2.111111111111111,202,3.888888888888889,1008.5,0.0,5,,22.3,31.750250786104377,28.7,99,0.0,Cloudy,Overcast
2026-07-03T03:00,28.4,32.3,69,2.0,199,3.888888888888889,1008.3,0.0,5,,22.2,31.308852204497814,28.4,100,0.0,Cloudy,Overcast
2026-07-03T04:00,28.1,32.2,70,1.8611111111111112,211,3.6944444444444446,1008.2,0.0,5,,22.2,30.86128781161561,28.1,98,0.0,Cloudy,Overcast
2026-07-03T05:00,28.3,32.7,70,1.5,174,3.194444444444444,1008.5,0.0,5,,22.4,31.258456716495616,28.3,94,0.0,Cloudy,Overcast
2026-07-03T06:00,28.2,32.6,71,1.3611111111111112,204,2.5,1009.0,0.0,11.5,,22.4,31.20258446561764,28.2,70,7.0,Partly Cloudy,Partly cloudy
2026-07-03T07:00,29.7,33.9,64,1.4444444444444444,196,4.0,1009.5,0.0,12.6,,22.1,33.04226243793564,29.7,48,129.0,Partly Cloudy,Mainly clear
2026-07-03T08:00,31.9,35.4,56,2.7222222222222223,240,6.388888888888888,1009.6,0.0,12.3,,21.9,35.70370465117114,31.9,54,335.0,Partly Cloudy,Partly cloudy
2026-07-03T09:00,34.4,36.3,45,4.5,253,9.805555555555555,1009.3,0.0,5,,20.9,37.59849836300438,34.4,88,542.0,Cloudy,Overcast
2026-07-03T10:00,36.1,38.3,41,5.277777777777778,260,12.38888888888889,1009.0,0.0,5,,20.7,39.70381845540453,36.1,93,701.0,Cloudy,Overcast
2026-07-03T11:00,37.1,39.8,38,5.166666666666667,256,12.194444444444443,1008.2,0.0,5,,20.3,40.636821148851176,37.1,99,828.0,Cloudy,Overcast
2026-07-03T12:00,38.0,39.7,35,6.222222222222221,275,13.38888888888889,1007.9,0.0,5,,19.9,41.2847410017778,38.0,100,794.0,Cloudy,Overcast
2026-07-03T13:00,33.9,35.8,48,6.361111111111111,287,13.5,1007.9,1.1,7.8,,21.3,37.52636408605112,33.9,100,714.0,Light Rain,Dense drizzle
2026-07-03T14:00,32.9,36.2,54,3.555555555555556,276,13.11111111111111,1008.0,2.7,4.6,,22.5,37.273004613464565,32.9,88,528.0,Light Rain,Moderate rain
2026-07-03T15:00,34.2,35.2,45,6.138888888888889,282,12.888888888888888,1007.3,0.2,9.6,,20.8,37.200315109884535,34.2,98,517.0,Light Rain,Light drizzle
2026-07-03T16:00,33.8,35.1,47,5.916666666666667,284,13.11111111111111,1007.0,0.3,9.4,,21.0,37.0129794507912,33.8,98,380.0,Light Rain,Light drizzle
2026-07-03T17:00,33.5,33.9,46,6.861111111111111,284,12.694444444444445,1007.4,0.0,5,,20.2,36.13392451905563,33.5,91,186.0,Cloudy,Overcast
2026-07-03T18:00,31.5,32.4,53,6.277777777777778,287,13.61111111111111,1007.9,0.0,5,,20.7,34.14722343177784,31.5,99,71.0,Cloudy,Overcast
2026-07-03T19:00,30.7,32.4,56,5.083333333333333,280,11.888888888888888,1008.5,0.0,5,,21.0,33.323260367651216,30.7,100,0.0,Cloudy,Overcast
2026-07-03T20:00,30.1,32.5,59,4.027777777777778,277,9.694444444444445,1009.3,0.0,5,,21.2,32.82163604996455,30.1,100,0.0,Cloudy,Overcast
2026-07-03T21:00,29.5,31.9,62,4.194444444444445,282,8.11111111111111,1010.2,0.0,5,,21.5,32.26521301327779,29.5,100,0.0,Cloudy,Overcast
2026-07-03T22:00,29.1,32.4,64,2.75,272,8.0,1010.4,0.0,5,,21.7,31.861331078975557,29.1,100,0.0,Cloudy,Overcast
2026-07-03T23:00,29.9,32.8,59,2.7777777777777777,249,5.194444444444444,1010.0,0.0,5,,21.0,32.44987954196447,29.9,98,0.0,Cloudy,Overcast
2026-07-04T00:00,29.4,32.6,61,2.25,231,5.111111111111111,1009.7,0.0,5,,21.0,31.90024194451565,29.4,99,0.0,Cloudy,Overcast
2026-07-04T01:00,29.0,32.6,63,1.5833333333333333,246,3.888888888888889,1009.0,0.0,5,,21.1,31.50794576844439,29.0,99,0.0,Cloudy,Overcast
2026-07-04T02:00,28.8,32.1,64,2.388888888888889,255,4.0,1008.5,0.0,5,,21.2,31.30179953763562,28.8,99,0.0,Cloudy,Overcast
2026-07-04T03:00,28.5,31.9,65,2.305555555555556,264,4.611111111111112,1008.3,0.0,5,,21.3,30.906639537111143,28.5,100,0.0,Cloudy,Overcast
2026-07-04T04:00,28.3,31.8,66,2.2222222222222223,260,4.5,1008.5,0.0,5,,21.5,30.68630723525122,28.3,99,0.0,Cloudy,Overcast
2026-07-04T05:00,28.9,32.2,65,2.972222222222222,248,4.111111111111112,1008.3,0.0,5,,21.8,31.648926787671186,28.9,100,0.0,Cloudy,Overcast
2026-07-04T06:00,28.9,32.4,66,2.4444444444444446,237,6.305555555555555,1009.0,0.0,5,,21.9,31.814933429571195,28.9,100,5.0,Cloudy,Overcast
2026-07-04T07:00,29.4,33.2,64,1.9166666666666667,221,4.694444444444444,1009.2,0.0,5,,21.8,32.44148537907566,29.4,100,61.0,Cloudy,Overcast
2026-07-04T08:00,30.4,33.3,59,3.333333333333333,258,6.888888888888889,1009.6,0.0,5,,21.5,33.39512808476448,30.4,100,163.0,Cloudy,Overcast
2026-07-04T09:00,31.8,33.6,54,5.249999999999999,268,10.694444444444445,1009.7,0.0,5,,21.2,34.972040449724425,31.8,100,338.0,Cloudy,Overcast
2026-07-04T10:00,33.7,34.3,46,7.166666666666667,274,14.305555555555555,1009.4,0.0,5,,20.5,36.519042120095605,33.7,100,606.0,Cloudy,Overcast
2026-07-04T11:00,34.1,34.5,45,8.416666666666666,273,16.11111111111111,1008.7,0.0,5,,20.4,37.00362247220458,34.1,100,727.0,Cloudy,Overcast
2026-07-04T12:00,34.5,34.7,43,8.36111111111111,274,18.694444444444443,1008.2,0.0,5,,20.2,37.17601898155559,34.5,99,682.0,Cloudy,Overcast
2026-07-04T13:00,35.2,35.6,41,7.916666666666666,272,18.194444444444443,1007.4,0.0,5,,19.9,37.90489693548454,35.2,86,712.0,Cloudy,Overcast
2026-07-04T14:00,35.5,36.4,41,7.333333333333333,276,17.5,1006.9,0.0,5,,20.3,38.491514158444524,35.5,98,709.0,Cloudy,Overcast
2026-07-04T15:00,33.4,33.1,46,8.083333333333334,284,17.11111111111111,1006.7,0.3,9.4,,20.1,35.943821280515635,33.4,98,448.0,Light Rain,Light drizzle
2026-07-04T16:00,33.3,33.6,46,6.805555555555555,273,15.805555555555555,1006.5,0.0,5,,20.0,35.75535508329567,33.3,96,357.0,Cloudy,Overcast
2026-07-04T17:00,33.0,33.0,44,6.777777777777777,278,13.38888888888889,1007.0,0.0,5,,19.3,34.6985683057778,33.0,82,219.0,Cloudy,Overcast
2026-07-04T18:00,30.6,32.1,54,4.75,271,12.999999999999998,1008.0,0.1,9.8,,20.2,32.72873541436453,30.6,98,57.0,Light Rain,Light drizzle
2026-07-04T19:00,30.0,32.6,58,3.2499999999999996,273,9.0,1008.1,0.0,5,,20.8,32.44159935555555,30.0,100,0.0,Cloudy,Overcast
2026-07-04T20:00,29.8,32.9,59,2.4166666666666665,230,6.305555555555555,1008.8,0.0,5,,21.0,32.267172742524416,29.8,100,0.0,Cloudy,Overcast
2026-07-04T21:00,29.5,32.3,60,2.833333333333333,221,5.5,1009.5,0.0,5,,20.9,31.905845099277812,29.5,100,0.0,Cloudy,Overcast
2026-07-04T22:00,29.5,32.2,59,2.75,209,5.5,1009.7,0.0,5,,20.6,31.73173816244445,29.5,100,0.0,Cloudy,Overcast
2026-07-04T23:00,29.1,32.1,61,2.3333333333333335,195,5.388888888888888,1009.2,0.0,5,,20.8,31.36307110171554,29.1,99,0.0,Cloudy,Overcast
2026-07-05T00:00,28.4,31.7,66,2.6666666666666665,206,4.805555555555555,1008.5,0.0,5,,21.5,30.868508449671214,28.4,87,0.0,Cloudy,Overcast
2026-07-05T01:00,27.5,31.1,73,2.833333333333333,201,5.0,1008.0,0.0,5,,22.2,30.058952405555562,27.5,97,0.0,Cloudy,Overcast
2026-07-05T02:00,27.0,30.8,76,2.4444444444444446,197,5.0,1007.7,0.0,12.05,,22.3,29.37311351955562,27.0,59,0.0,Partly Cloudy,Partly cloudy
2026-07-05T03:00,26.8,30.9,77,1.8611111111111112,189,4.305555555555555,1007.5,0.0,12.45,,22.3,29.059378902524447,26.8,51,0.0,Partly Cloudy,Partly cloudy
2026-07-05T04:00,26.4,30.9,78,1.1666666666666667,192,3.194444444444444,1007.8,0.0,11.65,,22.3,26.4,26.4,67,0.0,Partly Cloudy,Partly cloudy
2026-07-05T05:00,27.0,31.3,76,1.5277777777777777,197,2.0,1007.6,0.0,5,,22.3,29.37311351955562,27.0,98,0.0,Cloudy,Overcast
2026-07-05T06:00,26.8,30.7,76,2.3333333333333335,189,3.611111111111111,1007.9,0.0,5,,22.3,28.98013683699556,26.8,98,7.0,Cloudy,Overcast
2026-07-05T07:00,28.9,32.4,66,2.4444444444444446,200,5.305555555555556,1008.3,0.0,5,,21.8,31.814933429571195,28.9,96,115.0,Cloudy,Overcast
2026-07-05T08:00,30.9,34.1,56,2.2222222222222223,220,6.111111111111111,1008.7,0.0,5,,21.0,33.69993793237112,30.9,100,329.0,Cloudy,Overcast
2026-07-05T09:00,32.8,36.2,50,1.9166666666666667,256,6.111111111111111,1008.7,0.0,12.4,,21.0,35.88960324748447,32.8,52,542.0,Partly Cloudy,Partly cloudy
2026-07-05T10:00,35.1,39.3,43,2.055555555555556,267,6.499999999999999,1008.5,0.0,5,,20.7,38.358882186195586,35.1,98,731.0,Cloudy,Overcast
2026-07-05T11:00,36.7,38.3,34,4.611111111111112,290,8.194444444444445,1008.1,0.0,5,,18.2,38.46099728833563,36.7,88,735.0,Cloudy,Overcast
2026-07-05T12:00,38.0,38.9,28,5.75,286,12.5,1007.3,0.0,13.0,,16.4,38.792703671555586,38.0,40,904.0,Partly Cloudy,Mainly clear
2026-07-05T13:00,38.5,38.7,27,6.666666666666666,281,13.805555555555555,1006.6,0.0,11.6,,15.9,39.295521086444396,38.5,68,907.0,Partly Cloudy,Partly cloudy
2026-07-05T14:00,38.2,37.6,28,7.611111111111111,278,15.305555555555555,1005.8,0.0,5,,16.3,39.12390135891562,38.2,88,825.0,Cloudy,Overcast
2026-07-05T15:00,37.0,36.2,32,7.388888888888889,278,15.499999999999998,1005.4,0.0,5,,17.5,38.35657837244443,37.0,90,639.0,Cloudy,Overcast
2026-07-05T16:00,35.5,34.7,37,7.416666666666666,280,15.388888888888888,1005.5,0.0,11.35,,18.4,37.23424343355558,35.5,73,482.0,Partly Cloudy,Partly cloudy
2026-07-05T17:00,33.9,32.3,38,8.11111111111111,286,14.88888888888889,1006.5,0.0,12.95,,17.6,34.77222676805111,33.9,41,282.0,Partly Cloudy,Mainly clear
2026-07-05T18:00,32.4,31.4,41,7.027777777777778,287,15.88888888888889,1007.4,0.0,12.55,,17.5,33.05781453420454,32.4,49,87.0,Partly Cloudy,Mainly clear
2026-07-05T19:00,31.2,31.3,46,5.75,281,13.38888888888889,1008.6,0.0,13.35,,18.4,32.17572148659568,31.2,33,1.0,Partly Cloudy,Mainly clear
2026-07-05T20:00,30.2,31.2,51,4.5,269,10.805555555555555,1009.5,0.0,13.65,,19.0,31.515347792017817,30.2,27,0.0,Partly Cloudy,Mainly clear
2026-07-05T21:00,29.7,30.7,54,4.666666666666667,275,8.61111111111111,1010.1,0.0,14.0,,19.3,31.228982446424524,29.7,20,0.0,Partly Cloudy,Mainly clear
2026-07-05T22:00,29.2,30.9,57,3.9722222222222223,276,8.5,1010.0,0.0,14.5,,19.8,30.904357730791187,29.2,10,0.0,Sunny,Clear skies
2026-07-05T23:00,29.1,31.2,59,3.638888888888889,269,7.111111111111112,1009.5,0.0,5,,20.3,31.04742563156449,29.1,84,0.0,Cloudy,Overcast
2026-07-06T00:00,28.5,31.1,62,2.75,270,6.499999999999999,1009.1,0.0,11.0,,20.4,30.483441007277843,28.5,80,0.0,Cloudy,Overcast
2026-07-06T01:00,28.0,30.9,65,2.4722222222222223,276,4.888888888888889,1008.6,0.0,11.7,,20.7,30.03112471511116,28.0,66,0.0,Partly Cloudy,Partly cloudy
2026-07-06T02:00,27.6,30.5,67,2.694444444444444,273,4.888888888888889,1008.2,0.0,5,,21.0,29.58317829507578,27.6,84,0.0,Cloudy,Overcast
2026-07-06T03:00,27.1,30.2,70,2.4722222222222223,264,4.694444444444444,1008.0,0.0,5,,21.1,29.025396902415594,27.1,84,0.0,Cloudy,Overcast
2026-07-06T04:00,26.6,30.1,72,1.777777777777778,259,4.305555555555555,1008.2,0.0,5,,21.1,26.6,26.6,91,0.0,Cloudy,Overcast
2026-07-06T05:00,27.1,30.7,72,2.2222222222222223,278,3.0,1008.1,0.0,5,,21.6,29.20331364146466,27.1,99,0.0,Cloudy,Overcast
2026-07-06T06:00,27.1,30.5,73,2.638888888888889,272,4.305555555555555,1008.6,0.0,5,,21.9,29.294085455795692,27.1,98,7.0,Cloudy,Overcast
2026-07-06T07:00,28.7,32.1,66,2.7777777777777777,261,5.805555555555555,1009.2,0.0,5,,21.8,31.429279656051122,28.7,99,133.0,Cloudy,Overcast
2026-07-06T08:00,31.0,33.1,55,3.9722222222222223,264,8.5,1009.4,0.0,5,,20.8,33.665803991555485,31.0,100,347.0,Cloudy,Overcast
2026-07-06T09:00,33.2,34.4,46,5.0,273,10.611111111111112,1009.1,0.0,5,,19.9,35.56852592739568,33.2,98,545.0,Cloudy,Overcast
2026-07-06T10:00,35.2,35.9,38,6.388888888888888,277,13.305555555555555,1009.1,0.0,11.2,,18.6,36.99030190967113,35.2,76,731.0,Partly Cloudy,Partly cloudy
2026-07-06T11:00,36.2,35.5,33,8.805555555555555,281,14.388888888888888,1008.0,0.0,11.05,,17.1,37.28646023393777,36.2,79,881.0,Partly Cloudy,Partly cloudy
2026-07-06T12:00,37.1,35.9,29,9.444444444444445,280,18.88888888888889,1007.6,0.0,14.15,,16.3,37.627439440631164,37.1,17,923.0,Sunny,Clear skies
2026-07-06T13:00,37.0,36.1,31,9.361111111111112,283,19.5,1007.1,0.0,14.4,,17.1,38.04911591955559,37.0,12,922.0,Sunny,Clear skies
2026-07-06T14:00,37.2,35.9,30,9.361111111111112,278,19.11111111111111,1006.0,0.0,12.65,,16.8,38.08301543655112,37.2,47,852.0,Partly Cloudy,Mainly clear
2026-07-06T15:00,36.7,35.2,32,8.944444444444445,275,18.805555555555557,1005.4,0.0,13.25,,17.3,37.841399013624454,36.7,35,698.0,Partly Cloudy,Mainly clear
2026-07-06T16:00,35.7,33.6,34,8.88888888888889,275,17.88888888888889,1005.7,0.0,12.6,,17.3,36.725416973535566,35.7,48,527.0,Partly Cloudy,Mainly clear
2026-07-06T17:00,34.5,33.0,38,8.63888888888889,280,17.38888888888889,1006.1,0.0,14.8,,18.3,35.76799632461116,34.5,4,303.0,Sunny,Clear skies
2026-07-06T18:00,32.6,32.0,43,7.194444444444444,276,16.61111111111111,1007.0,0.0,14.9,,18.5,33.79210850419555,32.6,2,91.0,Sunny,Clear skies
2026-07-06T19:00,31.5,31.4,46,6.361111111111111,270,13.61111111111111,1007.9,0.0,15.0,,18.6,32.64289759905558,31.5,0,1.0,Sunny,Clear skies
2026-07-06T20:00,30.7,31.0,50,5.805555555555555,266,11.888888888888888,1008.8,0.0,14.9,,19.0,32.12790634138454,30.7,2,0.0,Sunny,Clear skies
2026-07-06T21:00,30.3,31.3,52,4.805555555555555,262,10.611111111111112,1009.4,0.0,14.75,,19.4,31.846993678335608,30.3,5,0.0,Sunny,Clear skies
2026-07-06T22:00,30.0,31.7,54,3.888888888888889,261,8.805555555555555,1009.7,0.0,14.95,,19.8,31.711497644444403,30.0,1,0.0,Sunny,Clear skies
2026-07-06T23:00,30.1,31.8,55,4.0,262,7.111111111111112,1009.0,0.0,12.15,,20.0,32.05662505371555,30.1,57,0.0,Partly Cloudy,Partly cloudy
2026-07-07T00:00,29.4,32.0,56,2.361111111111111,245,7.111111111111112,1008.8,0.0,5,,19.8,31.070471901671194,29.4,92,0.0,Cloudy,Overcast
2026-07-07T01:00,28.7,31.7,58,1.4444444444444444,239,4.111111111111112,1008.3,0.0,5,,19.8,30.261028467215567,28.7,95,0.0,Cloudy,Overcast
2026-07-07T02:00,27.9,31.5,66,1.25,182,2.5,1008.0,0.0,5,,20.9,29.981114982771107,27.9,95,0.0,Cloudy,Overcast
2026-07-07T03:00,27.3,31.1,73,2.111111111111111,172,3.8055555555555554,1008.2,0.0,5,,22.1,29.67131653611567,27.3,88,0.0,Cloudy,Overcast
2026-07-07T04:00,27.0,31.0,74,1.5555555555555554,202,3.6944444444444446,1008.4,0.0,11.0,,21.9,29.196183019111068,27.0,80,0.0,Cloudy,Overcast
2026-07-07T05:00,27.3,31.4,76,2.388888888888889,191,2.694444444444444,1008.3,0.0,5,,22.8,29.982842629295558,27.3,84,0.0,Cloudy,Overcast
2026-07-07T06:00,27.3,31.7,76,1.75,215,4.111111111111112,1009.3,0.0,5,,22.7,29.982842629295558,27.3,90,7.0,Cloudy,Overcast
2026-07-07T07:00,29.1,33.8,68,1.0,213,3.3055555555555554,1010.1,0.0,5,,22.5,32.57195568978446,29.1,95,131.0,Cloudy,Overcast
2026-07-07T08:00,31.2,35.3,56,1.1944444444444444,213,4.5,1010.2,0.0,5,,21.5,34.2800016413512,31.2,91,333.0,Cloudy,Overcast
2026-07-07T09:00,33.6,36.8,47,2.0,289,6.111111111111111,1010.2,0.0,5,,20.7,36.61499381223106,33.6,93,554.0,Cloudy,Overcast
2026-07-07T10:00,35.6,37.7,39,4.777777777777778,299,10.388888888888888,1009.8,0.0,5,,19.6,38.03229269063124,35.6,98,737.0,Cloudy,Overcast
2026-07-07T11:00,36.2,36.1,34,8.13888888888889,286,14.694444444444443,1009.4,0.0,5,,18.0,37.578519630435565,36.2,100,841.0,Cloudy,Overcast
2026-07-07T12:00,37.2,37.3,33,8.444444444444445,283,17.5,1008.5,0.0,5,,18.1,39.03357521153779,37.2,97,926.0,Cloudy,Overcast
2026-07-07T13:00,37.7,37.0,30,9.0,286,18.305555555555557,1007.7,0.0,5,,17.2,38.92664021325109,37.7,94,908.0,Cloudy,Overcast
2026-07-07T14:00,37.6,37.0,31,8.63888888888889,286,18.305555555555557,1006.8,0.0,5,,17.4,39.080417220515585,37.6,95,840.0,Cloudy,Overcast
2026-07-07T15:00,37.3,35.5,30,8.777777777777779,282,17.61111111111111,1006.3,0.0,5,,16.6,38.249707589251166,37.3,95,668.0,Cloudy,Overcast
2026-07-07T16:00,35.7,33.6,35,9.305555555555555,280,18.499999999999996,1006.2,0.0,5,,17.8,37.005165246017796,35.7,98,504.0,Cloudy,Overcast
2026-07-07T17:00,34.7,32.8,38,9.11111111111111,279,18.38888888888889,1006.6,0.0,5,,18.1,36.11056996037116,34.7,93,280.0,Cloudy,Overcast
2026-07-07T18:00,33.0,31.9,43,8.083333333333334,280,17.5,1007.4,0.0,5,,18.6,34.4588067515556,33.0,89,84.0,Cloudy,Overcast
2026-07-07T19:00,31.9,31.7,46,6.666666666666666,278,15.305555555555555,1008.2,0.0,13.35,,18.7,33.28871766081559,31.9,33,1.0,Partly Cloudy,Mainly clear
2026-07-07T20:00,31.1,31.0,47,6.194444444444445,276,12.38888888888889,1009.0,0.0,12.05,,18.6,32.2053553662312,31.1,59,0.0,Partly Cloudy,Partly cloudy
2026-07-07T21:00,30.7,30.3,49,6.916666666666666,280,12.5,1009.8,0.0,13.3,,18.7,31.9459762356357,30.7,34,0.0,Partly Cloudy,Mainly clear
2026-07-07T22:00,30.3,30.4,51,6.388888888888888,285,12.61111111111111,1010.1,0.0,14.75,,19.1,31.6715869028178,30.3,5,0.0,Sunny,Clear skies
2026-07-07T23:00,29.6,30.0,55,6.138888888888889,279,11.61111111111111,1009.9,0.0,14.9,,19.6,31.23158788611553,29.6,2,0.0,Sunny,Clear skies
2026-07-08T00:00,29.4,30.1,56,5.694444444444445,281,11.0,1009.2,0.0,14.95,,19.7,31.070471901671194,29.4,1,0.0,Sunny,Clear skies
2026-07-08T01:00,29.4,30.6,55,4.611111111111112,279,10.194444444444445,1008.8,0.0,14.95,,19.5,30.915363245315646,29.4,1,0.0,Sunny,Clear skies
2026-07-08T02:00,28.8,31.0,55,2.1944444444444446,249,8.194444444444445,1008.5,0.0,14.7,,18.9,30.013970098595514,28.8,6,0.0,Sunny,Clear skies
2026-07-08T03:00,27.7,30.7,64,1.8055555555555556,194,3.888888888888889,1008.4,0.0,14.75,,20.3,29.426623044335543,27.7,5,0.0,Sunny,Clear skies
2026-07-08T04:00,26.9,30.8,72,1.3055555555555556,178,3.3055555555555554,1008.6,0.0,14.9,,21.4,28.846579773864416,26.9,2,0.0,Sunny,Clear skies
2026-07-08T05:00,27.1,31.6,72,0.6388888888888888,219,2.305555555555556,1008.4,0.0,14.850000000000001,,21.7,29.20331364146466,27.1,3,0.0,Sunny,Clear skies
2026-07-08T06:00,27.3,31.3,72,1.5,217,2.0,1009.0,0.0,14.850000000000001,,21.7,29.570316910824584,27.3,3,7.0,Sunny,Clear skies
2026-07-08T07:00,29.1,33.0,65,1.8611111111111112,185,4.5,1009.6,0.0,14.5,,21.9,32.03402887727111,29.1,10,134.0,Sunny,Clear skies
2026-07-08T08:00,31.8,35.1,52,1.6944444444444442,220,5.611111111111111,1009.7,0.0,13.25,,20.7,34.47396164563548,31.8,35,343.0,Partly Cloudy,Mainly clear
2026-07-08T09:00,33.7,36.0,47,3.7222222222222223,284,8.694444444444445,1009.6,0.0,14.55,,20.8,36.81314932479111,33.7,9,529.0,Sunny,Clear skies
2026-07-08T10:00,35.6,37.2,40,6.0,283,15.0,1009.3,0.0,14.350000000000001,,20.1,38.356258128515606,35.6,13,725.0,Sunny,Clear skies
2026-07-08T11:00,36.5,37.0,38,8.555555555555555,282,17.805555555555554,1008.3,0.0,14.75,,19.7,39.43336781261113,36.5,5,845.0,Sunny,Clear skies
2026-07-08T12:00,37.2,38.0,36,8.555555555555555,282,18.11111111111111,1007.9,0.0,13.2,,19.8,40.08503163468442,37.2,36,897.0,Partly Cloudy,Mainly clear
2026-07-08T13:00,38.0,38.6,34,8.833333333333334,285,17.805555555555554,1007.0,0.0,13.05,,19.6,40.892914203555634,38.0,39,921.0,Partly Cloudy,Mainly clear
2026-07-08T14:00,36.5,36.0,38,10.333333333333334,289,19.694444444444446,1005.9,0.4,9.2,,20.0,39.43336781261113,36.5,33,824.0,Light Rain,Light drizzle
2026-07-08T15:00,36.3,35.3,37,9.027777777777777,280,20.694444444444443,1005.7,0.3,9.4,,19.2,38.704748439635665,36.3,34,629.0,Light Rain,Light drizzle
2026-07-08T16:00,35.0,33.8,42,9.86111111111111,282,18.694444444444443,1006.0,0.0,11.95,,20.2,37.834913477777796,35.0,61,463.0,Partly Cloudy,Partly cloudy
2026-07-08T17:00,33.9,32.9,43,9.027777777777777,274,21.5,1006.4,0.2,9.6,,19.6,36.04800052699555,33.9,27,208.0,Light Rain,Light drizzle
2026-07-08T18:00,32.3,31.6,47,8.333333333333334,278,17.305555555555554,1007.1,0.0,14.05,,19.6,34.1913619719911,32.3,19,83.0,Sunny,Clear skies
2026-07-08T19:00,31.1,31.5,54,7.25,276,15.88888888888889,1007.8,0.0,13.9,,20.7,33.6296077330646,31.1,22,1.0,Partly Cloudy,Mainly clear
2026-07-08T20:00,30.6,31.5,55,6.277777777777778,275,13.805555555555555,1008.5,0.0,12.1,,20.6,32.930913029315576,30.6,58,0.0,Partly Cloudy,Partly cloudy
2026-07-08T21:00,30.1,31.5,59,6.027777777777778,279,12.194444444444443,1008.8,0.0,5,,21.3,32.82163604996455,30.1,85,0.0,Cloudy,Overcast
2026-07-08T22:00,29.9,32.0,59,4.5,269,11.194444444444443,1008.9,0.0,11.75,,21.2,32.44987954196447,29.9,65,0.0,Partly Cloudy,Partly cloudy
2026-07-08T23:00,30.3,32.1,57,4.5,272,9.694444444444445,1008.8,0.0,11.2,,20.7,32.79206791119113,30.3,76,0.0,Partly Cloudy,Partly cloudy
2026-07-09T00:00,30.0,32.8,58,2.861111111111111,259,8.305555555555555,1008.5,0.0,12.05,,20.8,32.44159935555555,30.0,59,0.0,Partly Cloudy,Partly cloudy
2026-07-09T01:00,29.6,32.8,59,2.0,267,5.111111111111111,1008.0,0.0,12.9,,20.8,31.90810205276451,29.6,42,0.0,Partly Cloudy,Mainly clear
2026-07-09T02:00,29.2,32.0,61,2.833333333333333,279,5.0,1007.9,0.0,11.25,,20.8,31.539942470595683,29.2,75,0.0,Partly Cloudy,Partly cloudy
2026-07-09T03:00,29.2,31.2,60,4.111111111111112,268,7.194444444444444,1007.5,0.0,5,,20.7,31.37593294241789,29.2,95,0.0,Cloudy,Overcast
2026-07-09T04:00,29.1,30.9,59,4.333333333333333,277,7.805555555555555,1007.9,0.0,5,,20.4,31.04742563156449,29.1,95,0.0,Cloudy,Overcast
2026-07-09T05:00,29.4,31.9,59,3.138888888888889,271,7.805555555555555,1007.7,0.0,5,,20.5,31.557488575164573,29.4,92,0.0,Cloudy,Overcast
2026-07-09T06:00,29.6,31.0,58,4.861111111111111,272,8.305555555555555,1008.3,0.0,12.6,,20.3,31.733242361795597,29.6,48,7.0,Partly Cloudy,Mainly clear
2026-07-09T07:00,30.7,31.6,54,5.916666666666667,279,11.305555555555555,1009.0,0.0,12.6,,20.2,32.90504266522449,30.7,48,132.0,Partly Cloudy,Mainly clear
2026-07-09T08:00,32.3,32.6,50,7.166666666666667,283,14.305555555555555,1009.5,0.0,12.6,,20.5,34.9225023221844,32.3,48,350.0,Partly Cloudy,Mainly clear
2026-07-09T09:00,34.1,34.2,44,7.444444444444445,288,15.0,1009.3,0.0,12.55,,20.3,36.70661947199787,34.1,49,555.0,Partly Cloudy,Mainly clear
2026-07-09T10:00,35.8,36.2,39,7.888888888888888,288,15.805555555555555,1009.0,0.0,14.05,,19.8,38.41374884759122,35.8,19,738.0,Sunny,Clear skies
2026-07-09T11:00,36.8,37.8,37,7.555555555555555,289,17.0,1008.4,0.0,13.2,,19.6,39.66581851923562,36.8,36,857.0,Partly Cloudy,Mainly clear
2026-07-09T12:00,38.0,40.5,34,5.416666666666667,279,15.11111111111111,1008.1,0.0,13.45,,19.3,40.892914203555634,38.0,31,918.0,Partly Cloudy,Mainly clear
2026-07-09T13:00,37.2,41.8,35,2.0833333333333335,195,12.305555555555554,1007.5,0.0,11.6,,19.4,39.723335421617776,37.2,68,899.0,Partly Cloudy,Partly cloudy
2026-07-09T14:00,35.8,39.5,43,3.7777777777777777,151,9.5,1006.5,0.0,5,,21.1,39.8082069285156,35.8,96,784.0,Cloudy,Overcast
2026-07-09T15:00,35.8,38.7,42,3.7222222222222223,163,10.305555555555555,1005.9,0.0,11.15,,20.8,39.444724991057825,35.8,77,656.0,Partly Cloudy,Partly cloudy
2026-07-09T16:00,36.3,38.6,39,3.0277777777777777,286,8.88888888888889,1005.8,0.1,9.8,,20.0,39.391364671191155,36.3,93,478.0,Light Rain,Light drizzle
2026-07-09T17:00,34.3,37.0,46,3.333333333333333,305,13.5,1006.1,0.2,9.6,,21.1,37.71368391489563,34.3,82,259.0,Light Rain,Light drizzle
2026-07-09T18:00,33.5,33.8,45,6.972222222222222,290,12.805555555555555,1006.8,0.1,9.8,,20.1,35.85705249044445,33.5,92,82.0,Light Rain,Light drizzle
2026-07-09T19:00,31.7,32.3,53,7.055555555555555,277,13.88888888888889,1007.7,0.0,5,,20.9,34.527163112737895,31.7,97,1.0,Cloudy,Overcast
2026-07-09T20:00,31.2,32.3,55,6.111111111111111,274,13.305555555555555,1008.4,0.0,5,,21.0,34.04506966659555,31.2,92,0.0,Cloudy,Overcast
2026-07-09T21:00,30.6,31.7,58,6.666666666666666,281,12.61111111111111,1008.9,0.0,5,,21.4,33.566488354595585,30.6,96,0.0,Cloudy,Overcast
2026-07-09T22:00,30.2,31.1,59,6.888888888888889,279,12.694444444444445,1009.1,0.0,5,,21.3,33.010685758524595,30.2,99,0.0,Cloudy,Overcast
2026-07-09T23:00,30.1,31.5,60,6.138888888888889,283,12.888888888888888,1009.1,0.0,5,,21.4,33.02371975103776,30.1,94,0.0,Cloudy,Overcast
2026-07-10T00:00,29.8,30.6,61,7.305555555555555,285,13.305555555555555,1008.8,0.0,5,,21.4,32.64706783699556,29.8,91,0.0,Cloudy,Overcast
2026-07-10T01:00,29.4,30.3,63,7.333333333333333,283,13.61111111111111,1008.5,0.0,5,,21.6,32.25745578348457,29.4,95,0.0,Cloudy,Overcast
2026-07-10T02:00,29.3,30.3,63,6.944444444444445,285,13.194444444444445,1007.9,0.0,11.8,,21.6,32.066693857804566,29.3,64,0.0,Partly Cloudy,Partly cloudy
2026-07-10T03:00,29.1,30.4,64,6.444444444444444,284,12.5,1007.7,0.0,5,,21.6,31.861331078975557,29.1,95,0.0,Cloudy,Overcast
2026-07-10T04:00,29.0,30.5,64,6.027777777777778,285,11.5,1008.1,0.0,5,,21.5,31.67252914755559,29.0,88,0.0,Cloudy,Overcast
2026-07-10T05:00,29.6,31.7,62,4.861111111111111,279,10.694444444444445,1008.2,0.0,5,,21.6,32.45560572289786,29.6,96,0.0,Cloudy,Overcast
2026-07-10T06:00,29.6,32.0,62,4.277777777777778,277,8.694444444444445,1009.3,0.0,5,,21.6,32.45560572289786,29.6,98,6.0,Cloudy,Overcast
2026-07-10T07:00,30.8,33.5,58,3.944444444444444,271,7.888888888888888,1010.0,0.0,5,,21.6,33.95807895651558,30.8,99,108.0,Cloudy,Overcast
2026-07-10T08:00,32.6,34.6,51,4.805555555555555,278,9.88888888888889,1010.5,0.0,5,,21.3,35.768363928337735,32.6,95,306.0,Cloudy,Overcast
2026-07-10T09:00,34.4,35.4,45,6.138888888888889,286,12.61111111111111,1010.8,0.0,11.1,,20.8,37.59849836300438,34.4,78,516.0,Partly Cloudy,Partly cloudy
2026-07-10T10:00,35.9,37.5,41,6.527777777777778,284,13.5,1010.7,0.2,9.6,,20.7,39.29392889700448,35.9,45,728.0,Light Rain,Light drizzle
2026-07-10T11:00,35.8,37.3,40,6.916666666666666,283,14.5,1009.8,0.6,8.8,,20.2,38.74749595059561,35.8,77,807.0,Light Rain,Moderate drizzle
2026-07-10T12:00,34.8,36.7,45,6.805555555555555,269,14.388888888888888,1009.7,2.2,5.6,,20.9,38.41405678028449,34.8,74,808.0,Light Rain,Slight rain
2026-07-10T13:00,36.1,38.5,42,6.194444444444445,276,13.88888888888889,1008.9,1.0,8.0,,21.2,40.0729120891979,36.1,61,795.0,Light Rain,Dense drizzle
2026-07-10T14:00,34.8,36.8,45,6.916666666666666,267,14.194444444444445,1008.4,0.9,8.2,,21.2,38.41405678028449,34.8,78,784.0,Light Rain,Moderate drizzle
2026-07-10T15:00,33.9,35.4,48,6.416666666666667,274,13.88888888888889,1008.1,0.4,9.2,,21.4,37.52636408605112,33.9,91,609.0,Light Rain,Light drizzle
2026-07-10T16:00,33.3,36.0,53,4.75,266,12.694444444444445,1008.1,0.4,9.2,,22.4,37.83985392873782,33.3,96,454.0,Light Rain,Light drizzle
2026-07-10T17:00,34.5,35.2,44,6.722222222222221,281,11.805555555555555,1008.0,0.0,5,,20.7,37.483663913277866,34.5,94,243.0,Cloudy,Overcast
2026-07-10T18:00,32.0,32.1,53,8.38888888888889,275,15.388888888888888,1008.9,0.0,5,,21.2,35.11130041377789,32.0,88,84.0,Cloudy,Overcast
2026-07-10T19:00,30.9,31.4,56,7.555555555555555,273,15.61111111111111,1009.8,0.0,11.45,,21.2,33.69993793237112,30.9,71,1.0,Partly Cloudy,Partly cloudy
2026-07-10T20:00,30.3,31.2,59,7.166666666666667,274,13.694444444444443,1010.4,0.0,11.8,,21.5,33.20184977012445,30.3,64,0.0,Partly Cloudy,Partly cloudy
2026-07-10T21:00,29.8,30.9,62,7.027777777777778,274,13.194444444444445,1010.9,0.0,5,,21.8,32.843054147057764,29.8,90,0.0,Cloudy,Overcast
2026-07-10T22:00,29.3,30.7,64,6.555555555555555,273,12.999999999999998,1010.9,0.0,12.05,,21.9,32.24580919473559,29.3,59,0.0,Partly Cloudy,Partly cloudy
2026-07-10T23:00,29.2,30.7,65,6.25,278,11.694444444444445,1010.3,0.0,11.05,,21.9,32.23006953815122,29.2,79,0.0,Partly Cloudy,Partly cloudy
2026-07-11T00:00,28.9,30.5,65,5.944444444444444,273,11.305555555555555,1010.2,0.0,5,,21.7,31.648926787671186,28.9,89,0.0,Cloudy,Overcast
2026-07-11T01:00,28.8,30.7,65,5.416666666666667,267,10.611111111111112,1009.4,0.0,5,,21.6,31.459865358951042,28.8,95,0.0,Cloudy,Overcast
2026-07-11T02:00,28.7,30.6,65,5.249999999999999,268,9.5,1008.7,0.0,5,,21.5,31.273130340951134,28.7,96,0.0,Cloudy,Overcast
2026-07-11T03:00,28.5,30.6,66,5.111111111111111,266,9.5,1008.6,0.0,5,,21.6,31.053070924611045,28.5,97,0.0,Cloudy,Overcast
2026-07-11T04:00,28.4,31.0,68,4.388888888888889,256,9.0,1008.8,0.0,5,,21.9,31.159492676284515,28.4,99,0.0,Cloudy,Overcast
2026-07-11T05:00,28.7,32.1,68,3.1111111111111107,249,7.611111111111111,1008.5,0.0,5,,22.2,31.750250786104377,28.7,94,0.0,Cloudy,Overcast
2026-07-11T06:00,28.6,32.3,69,2.694444444444444,246,5.388888888888888,1009.5,0.0,5,,22.4,31.71053418529779,28.6,88,6.0,Cloudy,Overcast
2026-07-11T07:00,30.1,33.9,63,2.361111111111111,243,5.305555555555556,1010.3,0.0,5,,22.3,33.65596513908454,30.1,82,124.0,Cloudy,Overcast
2026-07-11T08:00,32.0,35.5,57,3.138888888888889,262,7.111111111111112,1010.3,0.0,13.45,,22.4,36.19554229911118,32.0,31,335.0,Partly Cloudy,Mainly clear
2026-07-11T09:00,33.9,36.6,50,4.416666666666667,275,9.61111111111111,1010.2,0.0,13.85,,22.1,38.17443465370448,33.9,23,548.0,Partly Cloudy,Mainly clear
2026-07-11T10:00,35.3,37.5,45,6.138888888888889,280,13.88888888888889,1010.1,0.0,14.2,,21.4,39.46948963508447,35.3,16,717.0,Sunny,Clear skies
2026-07-11T11:00,36.9,38.8,37,6.333333333333333,281,13.88888888888889,1009.0,0.0,14.4,,20.0,39.861909869075575,36.9,12,832.0,Sunny,Clear skies
2026-07-11T12:00,36.8,39.1,38,6.583333333333333,276,14.11111111111111,1008.6,0.4,9.2,,20.3,40.02910360247117,36.8,35,923.0,Light Rain,Light drizzle
2026-07-11T13:00,36.7,39.4,38,5.472222222222222,280,14.0,1007.3,3.1,3.8,,20.1,39.82919369957108,36.7,91,874.0,Light Rain,Moderate rain
2026-07-11T14:00,36.3,38.9,40,5.249999999999999,291,11.61111111111111,1006.1,3.1,3.8,,20.5,39.750241000895564,36.3,98,806.0,Light Rain,Moderate rain
2026-07-11T15:00,36.6,38.3,40,5.083333333333333,280,10.88888888888889,1005.3,0.7,8.6,,20.9,40.36879122771565,36.6,99,568.0,Light Rain,Moderate drizzle
2026-07-11T16:00,36.4,37.3,40,6.305555555555555,290,12.194444444444443,1005.1,0.0,5,,20.7,39.9550158101155,36.4,95,468.0,Cloudy,Overcast
2026-07-11T17:00,35.1,35.7,44,7.305555555555555,278,14.11111111111111,1005.4,0.0,5,,21.1,38.69607459239785,35.1,93,269.0,Cloudy,Overcast
2026-07-11T18:00,33.5,34.6,48,6.166666666666666,267,13.694444444444443,1006.2,0.0,5,,21.1,36.710817672611114,33.5,88,83.0,Cloudy,Overcast
2026-07-11T19:00,32.6,33.7,51,6.333333333333333,261,12.11111111111111,1007.2,0.0,5,,21.2,35.768363928337735,32.6,93,1.0,Cloudy,Overcast
2026-07-11T20:00,31.6,32.9,55,6.333333333333333,265,11.805555555555555,1007.9,0.0,5,,21.4,34.82724140451552,31.6,83,0.0,Cloudy,Overcast
2026-07-11T21:00,31.0,32.0,57,7.0,269,12.61111111111111,1008.4,0.0,5,,21.5,34.12201264311117,31.0,95,0.0,Cloudy,Overcast
2026-07-11T22:00,30.7,31.8,59,6.916666666666666,272,12.694444444444445,1008.5,0.0,5,,21.6,33.98764884692456,30.7,91,0.0,Cloudy,Overcast
2026-07-11T23:00,30.0,31.2,60,6.611111111111111,271,12.38888888888889,1008.5,0.0,5,,21.5,32.83203227777776,30.0,97,0.0,Cloudy,Overcast
2026-07-12T00:00,29.7,31.1,62,6.194444444444445,268,11.888888888888888,1008.1,0.0,5,,21.5,32.64821943415781,29.7,97,0.0,Cloudy,Overcast
2026-07-12T01:00,29.3,30.9,63,5.888888888888888,270,11.11111111111111,1007.3,0.0,5,,21.6,32.066693857804566,29.3,98,0.0,Cloudy,Overcast
2026-07-12T02:00,29.0,30.6,64,5.916666666666667,274,10.611111111111112,1006.8,0.0,5,,21.6,31.67252914755559,29.0,99,0.0,Cloudy,Overcast
2026-07-12T03:00,28.7,30.3,66,5.916666666666667,275,10.694444444444445,1006.5,0.0,11.7,,21.6,31.429279656051122,28.7,66,0.0,Partly Cloudy,Partly cloudy
2026-07-12T04:00,28.5,30.1,66,5.916666666666667,272,10.694444444444445,1006.3,0.0,5,,21.6,31.053070924611045,28.5,98,0.0,Cloudy,Overcast
2026-07-12T05:00,28.8,31.1,66,5.0,269,10.499999999999998,1006.1,0.0,5,,21.9,31.62092591255121,28.8,98,0.0,Cloudy,Overcast
2026-07-12T06:00,29.0,31.2,66,5.055555555555555,269,8.88888888888889,1006.7,0.0,5,,21.9,32.011302207111086,29.0,94,6.0,Cloudy,Overcast
2026-07-12T07:00,30.5,32.7,59,4.638888888888888,263,9.11111111111111,1007.4,0.0,5,,21.5,33.59052070244432,30.5,95,127.0,Cloudy,Overcast
2026-07-12T08:00,32.4,33.6,51,5.861111111111112,273,11.61111111111111,1007.7,0.0,5,,20.9,35.37382959633797,32.4,86,321.0,Cloudy,Overcast
2026-07-12T09:00,34.1,34.4,45,7.333333333333333,279,14.5,1007.8,0.0,5,,20.5,37.00362247220458,34.1,98,539.0,Cloudy,Overcast
2026-07-12T10:00,35.7,36.7,40,7.055555555555555,280,14.805555555555554,1007.7,0.0,5,,20.1,38.551172739695566,35.7,98,710.0,Cloudy,Overcast
2026-07-12T11:00,37.1,38.5,36,6.777777777777777,283,14.305555555555555,1006.7,0.0,5,,19.6,39.89023753170453,37.1,95,834.0,Cloudy,Overcast
2026-07-12T12:00,38.3,41.3,33,4.5,287,13.694444444444443,1006.0,0.0,5,,19.3,41.0865594767378,38.3,98,911.0,Cloudy,Overcast
2026-07-12T13:00,38.9,41.8,30,3.75,293,10.694444444444445,1005.3,0.0,5,,18.4,41.05501261197114,38.9,95,888.0,Cloudy,Overcast
2026-07-12T14:00,38.5,40.6,32,4.388888888888889,282,10.305555555555555,1004.2,0.0,5,,18.7,41.08043344394441,38.5,100,770.0,Cloudy,Overcast
2026-07-12T15:00,37.7,37.8,34,7.138888888888888,283,14.194444444444445,1003.5,0.0,5,,19.2,40.314077607135545,37.7,96,638.0,Cloudy,Overcast
2026-07-12T16:00,36.2,35.2,39,9.388888888888888,283,17.88888888888889,1003.5,0.0,5,,20.2,39.19310145719114,36.2,97,471.0,Cloudy,Overcast
2026-07-12T17:00,34.7,34.4,43,8.36111111111111,274,18.0,1003.7,0.0,5,,20.5,37.56421285531556,34.7,100,258.0,Cloudy,Overcast
2026-07-12T18:00,33.0,33.0,48,7.749999999999999,276,16.305555555555557,1004.6,0.0,11.15,,20.4,35.72990560711124,33.0,77,84.0,Partly Cloudy,Partly cloudy
2026-07-12T19:00,31.1,31.0,54,8.36111111111111,277,15.694444444444445,1005.7,0.0,5,,20.8,33.6296077330646,31.1,98,1.0,Cloudy,Overcast
2026-07-12T20:00,30.5,31.6,58,6.444444444444444,276,15.305555555555555,1006.6,0.0,5,,21.2,33.37381072905563,30.5,94,0.0,Cloudy,Overcast
2026-07-12T21:00,30.1,31.7,59,5.444444444444445,267,11.888888888888888,1007.1,0.0,5,,21.1,32.82163604996455,30.1,95,0.0,Cloudy,Overcast
2026-07-12T22:00,29.8,31.1,59,5.861111111111112,267,10.499999999999998,1007.3,0.0,5,,20.9,32.267172742524416,29.8,99,0.0,Cloudy,Overcast
2026-07-12T23:00,29.9,30.8,59,6.499999999999999,272,10.88888888888889,1006.9,0.0,5,,20.9,32.44987954196447,29.9,84,0.0,Cloudy,Overcast
2026-07-13T00:00,29.6,30.9,59,5.666666666666666,274,11.805555555555555,1006.5,0.0,5,,20.8,31.90810205276451,29.6,91,0.0,Cloudy,Overcast
2026-07-13T01:00,29.1,30.6,60,5.166666666666667,276,10.194444444444445,1006.0,0.0,5,,20.6,31.203595581837817,29.1,92,0.0,Cloudy,Overcast
2026-07-13T02:00,28.7,30.2,60,4.833333333333333,276,9.194444444444445,1005.6,0.0,5,,20.3,30.535746264717798,28.7,98,0.0,Cloudy,Overcast
2026-07-13T03:00,28.6,30.2,59,4.361111111111111,276,8.5,1005.7,0.0,5,,19.9,30.239606786364487,28.6,97,0.0,Cloudy,Overcast
2026-07-13T04:00,28.5,29.9,60,4.5,274,7.888888888888888,1005.9,0.0,5,,19.9,30.21472168127771,28.5,84,0.0,Cloudy,Overcast
2026-07-13T05:00,28.7,30.5,61,4.194444444444445,271,8.0,1006.0,0.0,5,,20.4,30.67744141339544,28.7,97,0.0,Cloudy,Overcast
2026-07-13T06:00,28.6,31.0,63,3.7222222222222223,266,7.5,1006.9,0.0,5,,20.9,30.794536253884417,28.6,95,6.0,Cloudy,Overcast
2026-07-13T07:00,30.2,32.7,58,3.555555555555556,260,7.388888888888889,1007.7,0.0,5,,21.0,32.80824855411564,30.2,98,121.0,Cloudy,Overcast
2026-07-13T08:00,32.1,34.2,51,3.9722222222222223,264,8.5,1008.1,0.0,11.2,,20.6,34.79570411673779,32.1,76,317.0,Partly Cloudy,Partly cloudy
2026-07-13T09:00,34.6,35.4,41,5.222222222222222,275,11.11111111111111,1008.4,0.0,5,,19.5,36.770732340604496,34.6,82,542.0,Cloudy,Overcast
2026-07-13T10:00,36.5,38.1,36,5.194444444444444,278,11.888888888888888,1008.0,0.0,5,,19.1,38.74779514794449,36.5,91,720.0,Cloudy,Overcast
2026-07-13T11:00,37.8,41.0,32,3.2499999999999996,269,11.61111111111111,1007.6,0.0,11.75,,18.5,39.778613434524445,37.8,65,864.0,Partly Cloudy,Partly cloudy
2026-07-13T12:00,37.7,42.3,32,1.472222222222222,213,8.194444444444445,1006.9,0.0,5,,18.1,39.597023096424444,37.7,96,928.0,Cloudy,Overcast
2026-07-13T13:00,37.4,42.4,36,1.8611111111111112,161,6.388888888888888,1006.1,0.0,11.55,,19.7,40.478380159804466,37.4,69,920.0,Partly Cloudy,Partly cloudy
2026-07-13T14:00,36.4,41.5,44,3.1111111111111107,138,8.5,1005.0,0.0,5,,22.2,41.515805601297714,36.4,97,847.0,Cloudy,Overcast
2026-07-13T15:00,35.8,39.9,47,3.6944444444444446,128,9.194444444444445,1004.3,0.0,5,,22.8,41.36125079319115,35.8,95,689.0,Cloudy,Overcast
2026-07-13T16:00,35.7,39.5,48,3.194444444444444,130,9.5,1004.1,0.0,5,,23.0,41.53530731797116,35.7,95,509.0,Cloudy,Overcast
2026-07-13T17:00,34.9,39.9,51,1.0555555555555556,87,8.0,1004.4,0.0,5,,23.1,40.829756118337706,34.9,95,273.0,Cloudy,Overcast
2026-07-13T18:00,34.5,38.2,47,1.8333333333333333,331,4.0,1005.1,0.0,5,,21.6,38.458679509111136,34.5,86,81.0,Cloudy,Overcast
2026-07-13T19:00,33.8,35.7,45,3.861111111111111,297,7.194444444444444,1005.9,0.0,12.4,,20.1,36.42314051468449,33.8,52,1.0,Partly Cloudy,Partly cloudy
2026-07-13T20:00,32.0,33.8,51,4.388888888888889,272,8.194444444444445,1006.7,0.0,13.45,,20.5,34.60664256177792,32.0,31,0.0,Partly Cloudy,Mainly clear
2026-07-13T21:00,30.9,33.2,57,4.361111111111111,272,8.38888888888889,1007.2,0.0,5,,21.4,33.925893175831256,30.9,88,0.0,Cloudy,Overcast
2026-07-13T22:00,30.1,32.4,61,4.777777777777778,277,8.805555555555555,1008.0,0.0,5,,21.7,33.23013583291552,30.1,96,0.0,Cloudy,Overcast
2026-07-13T23:00,29.9,32.2,62,4.888888888888889,276,8.805555555555555,1007.5,0.0,5,,21.8,33.04010986159781,29.9,93,0.0,Cloudy,Overcast
2026-07-14T00:00,29.6,31.5,62,5.138888888888888,278,9.5,1007.3,0.0,5,,21.5,32.45560572289786,29.6,99,0.0,Cloudy,Overcast
2026-07-14T01:00,29.4,31.7,61,4.222222222222222,280,9.0,1006.5,0.0,5,,21.2,31.90024194451565,29.4,85,0.0,Cloudy,Overcast
2026-07-14T02:00,29.0,31.8,63,3.2499999999999996,273,7.305555555555555,1006.0,0.0,5,,21.3,31.50794576844439,29.0,94,0.0,Cloudy,Overcast
2026-07-14T03:00,28.4,31.7,65,2.5277777777777777,277,5.5,1005.9,0.0,5,,21.3,30.72688375127121,28.4,98,0.0,Cloudy,Overcast
2026-07-14T04:00,28.2,31.1,65,2.6666666666666665,278,4.388888888888889,1005.8,0.0,5,,20.9,30.374351411751135,28.2,100,0.0,Cloudy,Overcast
2026-07-14T05:00,28.7,30.5,63,4.777777777777778,283,5.611111111111111,1005.7,0.0,5,,20.8,30.969504210604416,28.7,99,0.0,Cloudy,Overcast
2026-07-14T06:00,28.7,30.3,62,4.972222222222221,283,8.694444444444445,1006.0,0.0,5,,20.8,30.822027395357768,28.7,98,6.0,Cloudy,Overcast
2026-07-14T07:00,30.2,32.1,57,4.333333333333333,277,9.694444444444445,1006.9,0.0,5,,20.7,32.61024562359132,30.2,99,115.0,Cloudy,Overcast
2026-07-14T08:00,32.4,34.1,48,4.194444444444445,278,8.805555555555555,1007.4,0.0,5,,20.1,34.60930852375119,32.4,98,288.0,Cloudy,Overcast
2026-07-14T09:00,34.9,35.6,39,4.944444444444445,282,10.499999999999998,1007.6,0.0,5,,18.8,36.74035191743111,34.9,100,484.0,Cloudy,Overcast
2026-07-14T10:00,37.3,38.4,32,4.694444444444444,279,11.194444444444443,1007.5,0.0,5,,17.9,38.8816216164245,37.3,99,688.0,Cloudy,Overcast
2026-07-14T11:00,38.6,41.4,28,2.138888888888889,245,10.611111111111112,1006.6,0.0,5,,16.6,39.79753164099562,38.6,99,810.0,Cloudy,Overcast
2026-07-14T12:00,38.1,42.2,30,1.3333333333333333,158,6.499999999999999,1005.9,0.0,5,,17.7,39.61983525837113,38.1,98,875.0,Cloudy,Overcast
2026-07-14T13:00,35.9,41.1,49,4.055555555555555,135,9.694444444444445,1005.5,0.0,5,,23.4,42.443730137075434,35.9,97,867.0,Cloudy,Overcast
2026-07-14T14:00,33.9,37.3,54,6.388888888888888,144,13.5,1004.9,0.0,5,,23.2,39.5678188930645,33.9,99,804.0,Cloudy,Overcast
2026-07-14T15:00,33.4,35.2,51,6.444444444444444,146,13.61111111111111,1004.5,0.0,5,,22.0,37.41944002113778,33.4,100,606.0,Cloudy,Overcast
2026-07-14T16:00,33.5,35.9,52,5.361111111111112,147,13.11111111111111,1004.4,0.0,5,,22.4,37.95720036505558,33.5,99,415.0,Cloudy,Overcast
2026-07-14T17:00,33.5,36.5,55,4.833333333333333,147,10.88888888888889,1004.7,0.0,5,,23.1,38.97300922155554,33.5,99,268.0,Cloudy,Overcast
2026-07-14T18:00,32.2,37.5,68,3.4722222222222223,136,8.805555555555555,1005.1,0.0,5,,25.6,40.25873137020463,32.2,98,74.0,Cloudy,Overcast
2026-07-14T19:00,32.1,38.8,69,1.0555555555555556,121,6.194444444444445,1006.0,0.0,5,,25.7,40.336024129697776,32.1,99,1.0,Cloudy,Overcast
2026-07-14T20:00,32.3,37.3,62,2.4444444444444446,332,4.111111111111112,1007.1,0.0,5,,24.2,38.43574750255776,32.3,100,0.0,Cloudy,Overcast
2026-07-14T21:00,32.2,35.1,53,3.0277777777777777,324,5.805555555555555,1007.8,0.0,5,,21.3,35.51021046753791,32.2,99,0.0,Cloudy,Overcast
2026-07-14T22:00,31.6,34.2,56,4.305555555555555,298,7.611111111111111,1008.4,0.0,5,,21.8,35.081508328871045,31.6,99,0.0,Cloudy,Overcast
2026-07-14T23:00,30.9,32.5,57,5.555555555555555,289,9.88888888888889,1007.5,0.0,5,,21.3,33.925893175831256,30.9,100,0.0,Cloudy,Overcast
2026-07-15T00:00,29.9,31.4,60,5.777777777777778,288,10.388888888888888,1007.4,0.0,5,,21.3,32.642494817037814,29.9,99,0.0,Cloudy,Overcast
2026-07-15T01:00,29.2,30.6,62,5.805555555555555,285,10.499999999999998,1007.2,0.0,5,,21.1,31.707360894257857,29.2,99,0.0,Cloudy,Overcast
2026-07-15T02:00,28.7,30.3,62,5.166666666666667,282,10.388888888888888,1006.8,0.0,5,,20.8,30.822027395357768,28.7,98,0.0,Cloudy,Overcast
2026-07-15T03:00,28.6,30.5,62,4.333333333333333,277,9.11111111111111,1006.9,0.0,5,,20.7,30.651623700497858,28.6,99,0.0,Cloudy,Overcast
2026-07-15T04:00,28.4,30.8,63,3.555555555555556,271,7.611111111111111,1007.2,0.0,5,,20.8,30.45136918428464,28.4,98,0.0,Cloudy,Overcast
2026-07-15T05:00,28.7,31.0,61,3.638888888888889,279,6.194444444444445,1007.5,0.0,5,,20.6,30.67744141339544,28.7,100,0.0,Cloudy,Overcast
2026-07-15T06:00,28.5,30.8,62,3.3611111111111107,282,6.388888888888888,1008.0,0.0,5,,20.5,30.483441007277843,28.5,98,6.0,Cloudy,Overcast
2026-07-15T07:00,29.8,32.2,57,3.333333333333333,278,6.888888888888889,1008.4,0.0,5,,20.5,31.903381015591112,29.8,97,117.0,Cloudy,Overcast
2026-07-15T08:00,31.8,34.2,50,2.9166666666666665,275,7.111111111111112,1008.8,0.0,5,,20.2,34.00006314988447,31.8,99,318.0,Cloudy,Overcast
2026-07-15T09:00,34.4,35.3,37,3.416666666666667,277,8.194444444444445,1009.0,0.0,5,,17.6,35.34735951507558,34.4,100,516.0,Cloudy,Overcast
2026-07-15T10:00,36.2,37.2,32,3.7777777777777777,278,9.305555555555555,1008.8,0.0,5,,16.9,37.00468649372442,36.2,100,651.0,Cloudy,Overcast
2026-07-15T11:00,36.4,39.9,31,1.1666666666666667,160,9.194444444444445,1008.1,0.0,5,,16.7,37.055840191715525,36.4,90,830.0,Cloudy,Overcast
2026-07-15T12:00,34.6,40.2,52,4.138888888888889,135,10.11111111111111,1007.9,0.0,5,,23.3,40.497550738275606,34.6,98,940.0,Cloudy,Overcast
2026-07-15T13:00,34.3,38.5,49,5.055555555555555,141,11.888888888888888,1007.0,0.0,5,,22.1,38.709845595635635,34.3,96,915.0,Cloudy,Overcast
2026-07-15T14:00,34.9,37.9,45,5.222222222222222,143,11.694444444444445,1005.9,0.0,5,,21.0,38.62194469940445,34.9,98,821.0,Cloudy,Overcast
2026-07-15T15:00,34.7,36.8,46,5.694444444444445,141,12.11111111111111,1005.2,0.0,5,,21.4,38.54285260449561,34.7,100,659.0,Cloudy,Overcast
2026-07-15T16:00,34.8,37.0,47,5.0,139,12.11111111111111,1005.2,0.0,5,,21.7,39.10338444999125,34.8,97,486.0,Cloudy,Overcast
2026-07-15T17:00,34.6,37.6,50,4.027777777777778,149,10.611111111111112,1005.6,0.0,5,,22.5,39.74096589340445,34.6,100,266.0,Cloudy,Overcast
2026-07-15T18:00,33.7,39.2,56,0.75,228,8.0,1006.3,0.0,5,,23.8,39.8160761048511,33.7,100,61.0,Cloudy,Overcast
2026-07-15T19:00,33.4,35.7,45,2.861111111111111,317,5.388888888888888,1007.4,0.0,5,,20.0,35.67155513420448,33.4,100,1.0,Cloudy,Overcast
2026-07-15T20:00,31.9,33.8,51,4.111111111111112,301,7.611111111111111,1008.0,0.0,5,,20.4,34.419404475937746,31.9,100,0.0,Cloudy,Overcast
2026-07-15T21:00,30.9,33.0,55,4.25,287,8.194444444444445,1008.6,0.0,5,,20.9,33.479126202515594,30.9,100,0.0,Cloudy,Overcast
2026-07-15T22:00,30.8,33.1,55,3.6944444444444446,283,7.805555555555555,1009.1,0.0,5,,20.8,33.294418445795614,30.8,100,0.0,Cloudy,Overcast
2026-07-15T23:00,30.6,32.7,57,4.166666666666667,274,6.694444444444445,1008.6,0.0,5,,21.0,33.34978949943118,30.6,100,0.0,Cloudy,Overcast
2026-07-16T00:00,30.1,32.6,58,3.611111111111111,276,7.611111111111111,1008.2,0.0,5,,21.0,32.623884729695675,30.1,100,0.0,Cloudy,Overcast
2026-07-16T01:00,29.7,32.7,60,2.7777777777777777,278,6.499999999999999,1007.9,0.0,5,,21.1,32.269869933117874,29.7,100,0.0,Cloudy,Overcast
2026-07-16T02:00,29.2,32.4,62,2.388888888888889,292,5.0,1007.8,0.0,5,,21.1,31.707360894257857,29.2,100,0.0,Cloudy,Overcast
2026-07-16T03:00,28.6,31.2,61,2.833333333333333,298,5.0,1007.9,0.0,5,,20.4,30.51149793811552,28.6,100,0.0,Cloudy,Overcast
2026-07-16T04:00,27.9,30.2,62,3.0277777777777777,286,5.111111111111111,1008.5,0.0,5,,19.9,29.520985882397902,27.9,100,0.0,Cloudy,Overcast
2026-07-16T05:00,27.9,30.2,64,3.5,283,6.888888888888889,1008.2,0.0,5,,20.5,29.746941466175592,27.9,100,0.0,Cloudy,Overcast
2026-07-16T06:00,27.8,29.9,64,3.8055555555555554,281,6.499999999999999,1009.2,0.0,5,,20.5,29.585636546435566,27.8,100,5.0,Cloudy,Overcast
2026-07-16T07:00,29.3,30.9,57,4.083333333333333,276,8.194444444444445,1009.8,0.0,5,,19.9,31.065755475991196,29.3,100,103.0,Cloudy,Overcast
2026-07-16T08:00,31.1,32.8,51,3.7222222222222223,264,8.194444444444445,1010.1,0.0,5,,19.6,32.987144677537906,31.1,100,278.0,Cloudy,Overcast
2026-07-16T09:00,33.0,34.7,44,3.1111111111111107,259,8.11111111111111,1010.2,0.0,5,,19.0,34.6985683057778,33.0,100,442.0,Cloudy,Overcast
2026-07-16T10:00,35.1,37.2,35,2.3333333333333335,251,7.611111111111111,1009.9,0.0,5,,17.6,35.994397541537836,35.1,100,655.0,Cloudy,Overcast
2026-07-16T11:00,36.0,39.3,32,1.611111111111111,180,6.805555555555555,1009.3,0.0,5,,16.6,36.67767339644453,36.0,98,848.0,Cloudy,Overcast
2026-07-16T12:00,35.2,39.9,45,3.5277777777777777,145,9.0,1008.8,0.0,5,,21.5,39.25520441228449,35.2,98,898.0,Cloudy,Overcast
2026-07-16T13:00,34.6,37.8,46,5.611111111111111,141,12.61111111111111,1007.8,0.0,5,,21.3,38.33310487011563,34.6,95,894.0,Cloudy,Overcast
2026-07-16T14:00,34.7,37.6,47,5.916666666666667,139,13.11111111111111,1006.7,0.0,5,,21.6,38.886808189591115,34.7,97,819.0,Cloudy,Overcast
2026-07-16T15:00,35.4,38.4,46,5.138888888888888,135,12.888888888888888,1005.8,0.0,5,,22.1,40.05692390211559,35.4,100,688.0,Cloudy,Overcast
2026-07-16T16:00,35.7,39.1,47,3.416666666666667,141,11.305555555555555,1005.4,0.0,5,,22.6,41.12792839839109,35.7,99,454.0,Cloudy,Overcast
2026-07-16T17:00,35.6,39.3,43,1.3888888888888888,161,7.805555555555555,1005.9,0.0,5,,21.1,39.386496818595646,35.6,98,266.0,Cloudy,Overcast
2026-07-16T18:00,34.6,36.4,40,3.138888888888889,297,6.111111111111111,1006.7,0.0,5,,19.1,36.48458500131561,34.6,95,78.0,Cloudy,Overcast
2026-07-16T19:00,32.1,33.4,52,5.805555555555555,303,10.805555555555555,1007.6,0.0,5,,21.0,35.04958400977563,32.1,89,1.0,Cloudy,Overcast
2026-07-16T20:00,30.7,32.4,57,5.5,287,11.38888888888889,1008.6,0.0,5,,21.3,33.539781603991294,30.7,98,0.0,Cloudy,Overcast
2026-07-16T21:00,30.7,33.4,58,3.555555555555556,269,10.194444444444445,1009.4,0.0,5,,21.4,33.76124443041572,30.7,91,0.0,Cloudy,Overcast
2026-07-16T22:00,30.8,34.0,57,2.5833333333333335,245,6.499999999999999,1009.7,0.0,12.4,,21.3,33.73181616279123,30.8,52,0.0,Partly Cloudy,Partly cloudy
2026-07-16T23:00,30.7,34.0,58,2.5,240,4.694444444444444,1009.4,0.0,12.75,,21.5,33.76124443041572,30.7,45,0.0,Partly Cloudy,Mainly clear
2026-07-17T00:00,29.6,33.0,62,2.5,241,4.5,1009.2,0.0,13.65,,21.6,32.45560572289786,29.6,27,0.0,Partly Cloudy,Mainly clear
2026-07-17T01:00,28.8,32.4,66,2.305555555555556,252,4.5,1008.7,0.0,13.1,,21.8,31.62092591255121,28.8,38,0.0,Partly Cloudy,Mainly clear
2026-07-17T02:00,28.2,31.9,68,2.111111111111111,255,4.0,1008.3,0.0,14.2,,21.8,30.777806587804534,28.2,16,0.0,Sunny,Clear skies
2026-07-17T03:00,27.7,31.5,70,1.75,243,3.6944444444444446,1008.4,0.0,14.95,,21.7,30.096940724895553,27.7,1,0.0,Sunny,Clear skies
2026-07-17T04:00,27.1,31.2,73,1.1666666666666667,230,3.0,1008.7,0.0,14.7,,21.7,29.294085455795692,27.1,6,0.0,Sunny,Clear skies
2026-07-17T05:00,27.1,31.3,75,1.6944444444444442,214,2.0,1008.6,0.0,13.35,,22.3,29.47925597407127,27.1,33,0.0,Partly Cloudy,Mainly clear
2026-07-17T06:00,27.0,31.1,75,1.6944444444444442,220,2.888888888888889,1009.3,0.0,12.6,,22.2,29.284096955111167,27.0,48,6.0,Partly Cloudy,Mainly clear
2026-07-17T07:00,29.0,32.5,66,2.5833333333333335,229,5.694444444444445,1009.9,0.0,12.7,,21.9,32.011302207111086,29.0,46,132.0,Partly Cloudy,Mainly clear
2026-07-17T08:00,31.2,34.1,55,2.861111111111111,255,6.888888888888889,1010.3,0.0,5,,21.1,34.04506966659555,31.2,100,353.0,Cloudy,Overcast
2026-07-17T09:00,33.3,36.1,47,2.861111111111111,265,7.5,1010.4,0.0,5,,20.6,36.03057495519112,33.3,97,572.0,Cloudy,Overcast
2026-07-17T10:00,35.6,39.0,39,2.5,257,9.11111111111111,1010.1,0.0,12.25,,19.5,38.03229269063124,35.6,55,751.0,Partly Cloudy,Partly cloudy
2026-07-17T11:00,36.5,40.4,33,1.472222222222222,246,7.694444444444444,1009.5,0.0,5,,17.7,37.79867129177785,36.5,92,852.0,Cloudy,Overcast
2026-07-17T12:00,37.6,41.1,30,1.6388888888888888,239,6.888888888888889,1009.0,0.1,9.8,,17.1,38.75588245527116,37.6,91,841.0,Light Rain,Light drizzle
2026-07-17T13:00,37.6,39.8,29,2.25,258,7.305555555555555,1008.2,0.1,9.8,,16.6,38.442924449831125,37.6,95,725.0,Light Rain,Light drizzle
2026-07-17T14:00,37.2,39.1,30,2.2222222222222223,256,7.694444444444444,1007.2,0.0,5,,16.9,38.08301543655112,37.2,100,647.0,Cloudy,Overcast
2026-07-17T15:00,35.4,36.7,37,3.416666666666667,291,7.888888888888888,1006.9,0.3,9.4,,18.3,37.056246308675526,35.4,68,364.0,Light Rain,Light drizzle
2026-07-17T16:00,35.4,35.5,37,5.416666666666667,287,11.11111111111111,1006.7,0.0,11.35,,18.3,37.056246308675526,35.4,73,329.0,Partly Cloudy,Partly cloudy
2026-07-17T17:00,35.3,35.2,36,5.694444444444445,283,11.888888888888888,1006.7,0.0,12.8,,18.1,36.59828187018449,35.3,44,216.0,Partly Cloudy,Mainly clear
2026-07-17T18:00,33.7,33.8,41,5.944444444444444,281,11.888888888888888,1007.5,0.0,13.45,,18.7,35.16716007588444,33.7,31,69.0,Partly Cloudy,Mainly clear
2026-07-17T19:00,32.3,33.2,48,5.472222222222222,283,11.694444444444445,1008.5,0.0,11.95,,19.8,34.42853449117118,32.3,61,1.0,Partly Cloudy,Partly cloudy
2026-07-17T20:00,31.3,33.5,56,4.5,280,10.499999999999998,1009.8,0.3,9.4,,21.4,34.47736884085117,31.3,73,0.0,Light Rain,Light drizzle
2026-07-17T21:00,28.7,32.2,72,4.0,262,8.694444444444445,1010.6,1.1,7.8,,23.1,32.42688304562445,28.7,100,0.0,Light Rain,Dense drizzle
2026-07-17T22:00,29.4,32.3,64,3.638888888888889,247,7.111111111111112,1011.0,0.0,5,,21.8,32.44148537907566,29.4,99,0.0,Cloudy,Overcast
2026-07-17T23:00,30.0,32.2,58,3.944444444444444,241,6.694444444444445,1010.3,0.0,5,,20.8,32.44159935555555,30.0,99,0.0,Cloudy,Overcast
2026-07-18T00:00,29.0,31.7,64,3.5277777777777777,225,7.388888888888889,1010.1,0.0,11.95,,21.4,31.67252914755559,29.0,61,0.0,Partly Cloudy,Partly cloudy
2026-07-18T01:00,28.2,31.3,68,3.2499999999999996,214,6.499999999999999,1009.5,0.0,14.45,,21.8,30.777806587804534,28.2,11,0.0,Sunny,Clear skies
2026-07-18T02:00,27.9,31.0,68,2.944444444444444,227,5.805555555555555,1009.0,0.0,11.0,,21.5,30.223506432184465,27.9,80,0.0,Cloudy,Overcast
2026-07-18T03:00,27.7,30.7,68,2.944444444444444,228,5.388888888888888,1008.8,0.0,12.1,,21.3,29.86612564650446,27.7,58,0.0,Partly Cloudy,Partly cloudy
2026-07-18T04:00,27.5,30.5,69,2.972222222222222,230,5.305555555555556,1009.1,0.0,11.9,,21.3,29.623298327777928,27.5,62,0.0,Partly Cloudy,Partly cloudy
2026-07-18T05:00,27.2,30.6,74,3.0555555555555554,206,5.388888888888888,1009.4,0.0,12.75,,22.1,29.57858434839106,27.2,45,0.0,Partly Cloudy,Mainly clear
2026-07-18T06:00,27.2,30.5,73,2.972222222222222,215,5.388888888888888,1009.8,0.0,14.55,,22.0,29.481400397315515,27.2,9,5.0,Sunny,Clear skies
2026-07-18T07:00,29.1,32.0,63,3.2499999999999996,224,6.694444444444445,1009.9,0.0,14.95,,21.5,31.691938850284536,29.1,1,128.0,Sunny,Clear skies
2026-07-18T08:00,31.5,33.3,52,4.444444444444445,258,9.305555555555555,1010.0,0.0,14.9,,20.6,33.91508220505566,31.5,2,342.0,Sunny,Clear skies
2026-07-18T09:00,33.6,34.2,44,6.083333333333333,277,12.61111111111111,1009.7,0.0,14.95,,19.8,35.7704469332978,33.6,1,560.0,Sunny,Clear skies
2026-07-18T10:00,35.0,35.5,39,7.25,277,14.805555555555554,1009.6,0.0,11.65,,19.1,36.92080481111118,35.0,67,741.0,Partly Cloudy,Partly cloudy
2026-07-18T11:00,36.6,37.1,33,7.111111111111112,280,15.305555555555555,1008.8,0.0,5,,17.8,37.97167944161784,36.6,84,874.0,Cloudy,Overcast
2026-07-18T12:00,37.6,38.2,31,7.194444444444444,285,15.0,1008.2,0.0,5,,17.7,39.080417220515585,37.6,96,906.0,Cloudy,Overcast
2026-07-18T13:00,37.9,39.1,32,6.361111111111111,288,14.88888888888889,1007.3,0.2,9.6,,18.2,39.96129975986449,37.9,98,888.0,Light Rain,Light drizzle
2026-07-18T14:00,38.1,38.4,31,6.722222222222221,285,14.0,1006.4,0.0,5,,18.1,39.9688822841156,38.1,89,743.0,Cloudy,Overcast
2026-07-18T15:00,37.3,36.3,32,8.166666666666666,283,16.305555555555557,1006.0,0.0,5,,18.0,38.8816216164245,37.3,86,646.0,Cloudy,Overcast
2026-07-18T16:00,35.1,34.3,39,8.0,276,16.38888888888889,1006.4,0.7,8.6,,19.2,37.10262772943119,35.1,98,442.0,Light Rain,Moderate drizzle
2026-07-18T17:00,35.3,35.1,39,6.916666666666666,273,15.499999999999998,1006.3,0.0,11.35,,19.2,37.47038363999116,35.3,73,206.0,Partly Cloudy,Partly cloudy
2026-07-18T18:00,33.4,33.3,43,6.666666666666666,267,13.38888888888889,1007.1,0.0,5,,19.2,35.14988044339556,33.4,88,90.0,Cloudy,Overcast
2026-07-18T19:00,32.0,32.1,48,6.638888888888888,270,12.61111111111111,1007.9,0.0,5,,19.6,33.896484647111244,32.0,97,1.0,Cloudy,Overcast
2026-07-18T20:00,31.0,31.3,51,6.361111111111111,273,12.5,1008.6,0.0,5,,19.6,32.8163178137777,31.0,89,0.0,Cloudy,Overcast
2026-07-18T21:00,30.2,30.4,53,6.666666666666666,272,12.11111111111111,1009.2,0.0,5,,19.7,31.86257664033783,30.2,90,0.0,Cloudy,Overcast
2026-07-18T22:00,29.7,30.0,56,6.861111111111111,272,12.305555555555554,1009.6,0.0,13.1,,20.0,31.560251439251186,29.7,38,0.0,Partly Cloudy,Mainly clear
2026-07-18T23:00,29.6,30.0,58,7.166666666666667,275,12.805555555555555,1009.3,0.0,13.55,,20.6,31.733242361795597,29.6,29,0.0,Partly Cloudy,Mainly clear
2026-07-19T00:00,29.3,30.1,60,6.416666666666667,273,12.999999999999998,1008.7,0.0,13.95,,20.6,31.55042031551779,29.3,21,0.0,Partly Cloudy,Mainly clear
2026-07-19T01:00,29.1,30.2,61,5.861111111111112,274,11.5,1008.2,0.0,5,,20.7,31.36307110171554,29.1,98,0.0,Cloudy,Overcast
2026-07-19T02:00,28.7,29.9,62,5.805555555555555,277,10.694444444444445,1008.0,0.0,5,,20.8,30.822027395357768,28.7,93,0.0,Cloudy,Overcast
2026-07-19T03:00,28.4,30.2,64,4.916666666666666,267,10.499999999999998,1007.9,0.0,5,,21.0,30.58783732947565,28.4,99,0.0,Cloudy,Overcast
2026-07-19T04:00,28.1,30.7,65,3.5277777777777777,258,8.805555555555555,1008.1,0.0,5,,21.0,30.201574858071076,28.1,99,0.0,Cloudy,Overcast
2026-07-19T05:00,28.5,30.6,64,4.333333333333333,263,6.194444444444445,1008.1,0.0,5,,21.0,30.76289075505561,28.5,97,0.0,Cloudy,Overcast
2026-07-19T06:00,28.6,30.8,64,4.055555555555555,261,7.694444444444444,1008.8,0.0,5,,21.0,30.940235598275606,28.6,93,5.0,Cloudy,Overcast
2026-07-19T07:00,30.2,32.4,58,4.138888888888889,262,8.305555555555555,1009.2,0.0,5,,21.1,32.80824855411564,30.2,89,120.0,Cloudy,Overcast
2026-07-19T08:00,32.1,34.2,52,4.194444444444445,269,9.0,1009.4,0.0,5,,20.9,35.04958400977563,32.1,96,319.0,Cloudy,Overcast
2026-07-19T09:00,34.2,35.9,44,4.444444444444445,282,10.0,1009.2,0.0,11.15,,20.4,36.89853838145785,34.2,77,524.0,Partly Cloudy,Partly cloudy
2026-07-19T10:00,36.2,39.1,38,3.3888888888888884,290,10.11111111111111,1009.2,0.0,12.05,,19.7,38.8496137792711,36.2,59,735.0,Partly Cloudy,Partly cloudy
2026-07-19T11:00,35.4,40.1,43,2.8055555555555554,133,8.805555555555555,1008.4,0.0,5,,20.8,38.970880569795554,35.4,99,867.0,Cloudy,Overcast
2026-07-19T12:00,33.4,38.7,59,5.027777777777778,133,11.5,1008.1,1.1,7.8,,24.4,40.17662843756451,33.4,98,874.0,Light Rain,Dense drizzle
2026-07-19T13:00,33.2,37.9,61,5.861111111111112,141,12.888888888888888,1007.4,0.4,9.2,,24.6,40.406971776195554,33.2,99,821.0,Light Rain,Light drizzle
2026-07-19T14:00,32.3,36.7,65,6.444444444444444,148,13.5,1006.6,0.3,9.4,,24.9,39.46122974255111,32.3,99,789.0,Light Rain,Light drizzle
2026-07-19T15:00,31.6,35.9,71,5.75,150,13.694444444444443,1006.2,1.0,8.0,,25.6,39.597000106737866,31.6,99,581.0,Light Rain,Dense drizzle
2026-07-19T16:00,33.1,36.7,58,4.194444444444445,152,11.38888888888889,1005.9,0.5,9.0,,23.6,39.05892533409561,33.1,100,417.0,Light Rain,Moderate drizzle
2026-07-19T17:00,32.8,38.2,62,1.8333333333333333,248,8.694444444444445,1006.3,0.7,8.6,,24.5,39.72086129665786,32.8,99,226.0,Light Rain,Moderate drizzle
2026-07-19T18:00,32.3,35.5,53,2.861111111111111,263,4.805555555555555,1007.3,0.2,9.6,,21.6,35.71251105033778,32.3,100,74.0,Light Rain,Light drizzle
2026-07-19T19:00,31.5,34.0,54,3.638888888888889,278,6.388888888888888,1008.1,0.0,5,,21.1,34.38511050394455,31.5,99,1.0,Cloudy,Overcast
2026-07-19T20:00,30.8,33.3,58,4.138888888888889,278,7.388888888888889,1008.9,0.0,5,,21.5,33.95807895651558,30.8,100,0.0,Cloudy,Overcast
2026-07-19T21:00,30.3,33.0,60,3.888888888888889,269,7.5,1009.5,0.0,5,,21.6,33.41354473511771,30.3,100,0.0,Cloudy,Overcast
2026-07-19T22:00,29.9,32.2,61,4.583333333333333,264,8.11111111111111,1009.8,0.0,5,,21.6,32.8392382569156,29.9,100,0.0,Cloudy,Overcast
2026-07-19T23:00,29.9,31.3,59,5.666666666666666,262,9.11111111111111,1009.3,0.0,5,,21.0,32.44987954196447,29.9,100,0.0,Cloudy,Overcast
2026-07-20T00:00,29.5,31.0,60,5.5,268,10.611111111111112,1009.0,0.0,5,,21.0,31.905845099277812,29.5,100,0.0,Cloudy,Overcast
2026-07-20T01:00,28.9,30.9,64,4.944444444444445,268,10.0,1008.8,0.0,5,,21.4,31.486018633775643,28.9,100,0.0,Cloudy,Overcast
2026-07-20T02:00,28.4,30.6,66,4.75,271,9.0,1008.6,0.0,5,,21.6,30.868508449671214,28.4,100,0.0,Cloudy,Overcast
2026-07-20T03:00,28.4,30.5,66,4.888888888888889,269,8.88888888888889,1008.6,0.0,5,,21.5,30.868508449671214,28.4,99,0.0,Cloudy,Overcast
2026-07-20T04:00,28.3,30.2,66,5.0,266,9.11111111111111,1008.6,0.0,5,,21.3,30.68630723525122,28.3,99,0.0,Cloudy,Overcast
2026-07-20T05:00,28.4,30.2,64,5.111111111111111,269,9.194444444444445,1008.7,0.0,5,,21.1,30.58783732947565,28.4,99,0.0,Cloudy,Overcast
2026-07-20T06:00,28.6,30.3,63,5.0,273,9.305555555555555,1009.3,0.0,5,,20.8,30.794536253884417,28.6,98,5.0,Cloudy,Overcast
2026-07-20T07:00,29.6,31.8,60,4.138888888888889,269,8.88888888888889,1009.8,0.0,5,,21.0,32.08678250993773,29.6,98,105.0,Cloudy,Overcast
2026-07-20T08:00,31.3,33.1,53,4.5,271,9.5,1009.9,0.0,5,,20.5,33.77487189993787,31.3,98,304.0,Cloudy,Overcast
2026-07-20T09:00,33.1,35.1,46,3.555555555555556,271,9.61111111111111,1010.0,0.0,5,,20.1,35.383333812815565,33.1,99,506.0,Cloudy,Overcast
2026-07-20T10:00,34.9,38.1,41,2.4722222222222223,256,8.305555555555555,1010.2,0.0,5,,19.6,37.33130299620449,34.9,94,700.0,Cloudy,Overcast
2026-07-20T11:00,35.6,39.9,37,0.8611111111111112,242,8.88888888888889,1009.2,0.0,5,,18.6,37.413533003075585,35.6,91,784.0,Cloudy,Overcast
2026-07-20T12:00,36.0,40.0,37,2.4722222222222223,295,7.888888888888888,1009.2,0.1,9.8,,19.0,38.14361572755561,36.0,88,874.0,Light Rain,Light drizzle
2026-07-20T13:00,36.7,39.3,36,4.222222222222222,284,10.305555555555555,1008.1,0.2,9.6,,19.2,39.1235955169845,36.7,82,811.0,Light Rain,Light drizzle
2026-07-20T14:00,37.2,38.3,34,6.388888888888888,282,13.61111111111111,1006.9,0.0,11.35,,18.8,39.37284994723556,37.2,73,793.0,Partly Cloudy,Partly cloudy
2026-07-20T15:00,37.2,36.9,33,7.611111111111111,280,15.694444444444445,1006.0,0.0,5,,18.2,39.03357521153779,37.2,100,705.0,Cloudy,Overcast
2026-07-20T16:00,35.9,34.9,36,8.027777777777777,279,15.805555555555555,1006.1,0.0,5,,18.6,37.650476594104504,35.9,100,437.0,Cloudy,Overcast
2026-07-20T17:00,35.0,34.2,39,7.833333333333333,278,16.694444444444443,1006.4,0.0,11.1,,18.9,36.92080481111118,35.0,78,264.0,Partly Cloudy,Partly cloudy
2026-07-20T18:00,32.7,32.3,46,7.583333333333333,275,15.11111111111111,1007.2,0.0,5,,19.6,34.658935767695574,32.7,94,80.0,Cloudy,Overcast
2026-07-20T19:00,31.1,31.3,53,7.166666666666667,273,13.88888888888889,1008.2,0.0,5,,20.3,33.410108517217864,31.1,100,1.0,Cloudy,Overcast
2026-07-20T20:00,30.1,30.6,57,7.111111111111112,267,13.38888888888889,1008.8,0.0,5,,20.8,32.43046579023128,30.1,99,0.0,Cloudy,Overcast
2026-07-20T21:00,29.7,30.4,59,6.916666666666666,268,13.194444444444445,1009.3,0.0,5,,20.9,32.08658024612456,29.7,100,0.0,Cloudy,Overcast
2026-07-20T22:00,29.5,30.4,59,6.361111111111111,266,12.61111111111111,1010.0,0.0,5,,20.8,31.73173816244445,29.5,100,0.0,Cloudy,Overcast
2026-07-20T23:00,29.7,30.6,57,6.027777777777778,265,11.38888888888889,1009.8,0.0,5,,20.3,31.731770999191188,29.7,100,0.0,Cloudy,Overcast
2026-07-21T00:00,29.4,30.6,58,5.416666666666667,265,10.88888888888889,1009.5,0.0,5,,20.3,31.391534566595713,29.4,98,0.0,Cloudy,Overcast
2026-07-21T01:00,29.0,30.3,60,5.388888888888888,263,9.805555555555555,1009.3,0.0,5,,20.5,31.03340823377779,29.0,94,0.0,Cloudy,Overcast
2026-07-21T02:00,28.7,29.9,61,5.555555555555555,265,10.0,1008.9,0.0,5,,20.5,30.67744141339544,28.7,100,0.0,Cloudy,Overcast
2026-07-21T03:00,28.5,29.9,62,5.361111111111112,265,10.0,1009.0,0.0,5,,20.6,30.483441007277843,28.5,100,0.0,Cloudy,Overcast
2026-07-21T04:00,28.5,29.8,61,5.0,261,9.5,1009.2,0.0,5,,20.3,30.34774004155558,28.5,98,0.0,Cloudy,Overcast
2026-07-21T05:00,28.4,31.0,64,3.4444444444444446,251,8.805555555555555,1008.9,0.0,5,,20.9,30.58783732947565,28.4,99,0.0,Cloudy,Overcast
2026-07-21T06:00,28.1,30.9,66,3.194444444444444,245,6.111111111111111,1009.1,0.0,12.4,,21.2,30.32898858797118,28.1,52,5.0,Partly Cloudy,Partly cloudy
2026-07-21T07:00,29.8,32.5,59,3.083333333333333,238,6.305555555555555,1009.7,0.0,5,,21.0,32.267172742524416,29.8,81,125.0,Cloudy,Overcast
2026-07-21T08:00,32.2,34.0,48,3.8055555555555554,253,8.305555555555555,1010.0,0.0,5,,19.9,34.24947250087112,32.2,100,333.0,Cloudy,Overcast
2026-07-21T09:00,34.1,35.4,43,4.388888888888889,270,9.61111111111111,1010.0,0.0,5,,19.6,36.41791281739563,34.1,100,476.0,Cloudy,Overcast
2026-07-21T10:00,35.9,37.3,37,4.5,279,10.194444444444445,1009.6,0.0,5,,18.8,37.95915637947556,35.9,99,647.0,Cloudy,Overcast
2026-07-21T11:00,37.7,39.1,30,4.388888888888889,281,10.305555555555555,1008.6,0.0,5,,17.1,38.92664021325109,37.7,96,780.0,Cloudy,Overcast
2026-07-21T12:00,38.4,41.0,28,2.833333333333333,280,10.11111111111111,1007.9,0.0,5,,16.7,39.45884401539557,38.4,98,853.0,Cloudy,Overcast
2026-07-21T13:00,39.1,41.6,27,2.694444444444444,286,8.194444444444445,1007.1,0.0,5,,16.5,40.29836031796449,39.1,99,852.0,Cloudy,Overcast
2026-07-21T14:00,39.5,41.5,25,3.0,268,8.38888888888889,1006.2,0.0,5,,15.8,40.25842854955551,39.5,100,828.0,Cloudy,Overcast
2026-07-21T15:00,39.5,39.6,25,4.194444444444445,271,9.694444444444445,1005.3,0.0,5,,15.6,40.25842854955551,39.5,99,636.0,Cloudy,Overcast
2026-07-21T16:00,38.4,37.4,27,5.75,267,12.11111111111111,1005.2,0.0,5,,16.1,39.13151703196447,38.4,100,480.0,Cloudy,Overcast
2026-07-21T17:00,36.6,36.0,32,6.055555555555555,262,13.11111111111111,1006.1,0.0,5,,17.2,37.67186453516446,36.6,98,245.0,Cloudy,Overcast
2026-07-21T18:00,34.5,34.6,39,6.111111111111111,268,12.5,1006.9,0.0,11.45,,18.7,36.032240589111176,34.5,71,77.0,Partly Cloudy,Partly cloudy
2026-07-21T19:00,33.5,34.4,44,5.305555555555556,266,11.805555555555555,1007.7,0.0,5,,19.5,35.58789682727779,33.5,96,1.0,Cloudy,Overcast
2026-07-21T20:00,32.8,34.5,47,3.9166666666666665,247,9.805555555555555,1008.7,0.0,11.15,,19.9,35.09003579559119,32.8,77,0.0,Partly Cloudy,Partly cloudy
2026-07-21T21:00,31.5,33.8,52,3.416666666666667,238,7.0,1009.5,0.0,5,,20.5,33.91508220505566,31.5,93,0.0,Cloudy,Overcast
2026-07-21T22:00,30.2,33.4,61,3.222222222222222,233,6.194444444444445,1010.0,0.0,5,,21.8,33.42886298899563,30.2,89,0.0,Cloudy,Overcast
2026-07-21T23:00,30.5,33.5,59,3.1111111111111107,246,5.888888888888888,1009.8,0.0,5,,21.5,33.59052070244432,30.5,91,0.0,Cloudy,Overcast
2026-07-22T00:00,29.5,32.9,64,2.75,235,5.611111111111111,1009.4,0.0,11.3,,21.9,32.6394529810555,29.5,74,0.0,Partly Cloudy,Partly cloudy
2026-07-22T01:00,28.5,32.3,70,2.6666666666666665,221,4.888888888888889,1009.0,0.0,12.0,,22.5,31.665622529055568,28.5,60,0.0,Partly Cloudy,Partly cloudy
2026-07-22T02:00,27.9,32.0,75,2.638888888888889,219,4.888888888888889,1008.6,0.0,5,,23.0,31.136592726071132,27.9,96,0.0,Cloudy,Overcast
2026-07-22T03:00,27.5,31.9,77,2.2222222222222223,216,4.611111111111112,1008.4,0.0,5,,23.1,30.520732394444508,27.5,99,0.0,Cloudy,Overcast
2026-07-22T04:00,27.0,31.6,79,1.8333333333333333,206,3.888888888888889,1008.6,0.0,5,,23.1,29.646778983555535,27.0,98,0.0,Cloudy,Overcast
2026-07-22T05:00,27.2,31.6,78,2.2222222222222223,218,3.1111111111111107,1008.5,0.0,11.75,,23.1,29.98047169953779,27.2,65,0.0,Partly Cloudy,Partly cloudy
2026-07-22T06:00,27.2,31.8,78,1.6388888888888888,225,3.8055555555555554,1009.0,0.0,5,,23.0,29.98047169953779,27.2,86,5.0,Cloudy,Overcast
2026-07-22T07:00,29.5,33.7,66,1.777777777777778,262,4.194444444444445,1009.5,0.0,5,,22.5,33.02856500261102,29.5,91,126.0,Cloudy,Overcast
2026-07-22T08:00,32.0,35.0,53,2.75,270,6.694444444444445,1009.4,0.0,13.45,,21.2,35.11130041377789,32.0,31,342.0,Partly Cloudy,Mainly clear
2026-07-22T09:00,34.5,37.0,42,2.638888888888889,268,7.305555555555555,1009.3,0.0,14.25,,19.9,36.87705418327783,34.5,15,564.0,Sunny,Clear skies
2026-07-22T10:00,35.9,40.2,38,1.1666666666666667,211,7.111111111111112,1008.9,0.0,5,,19.4,38.27784150245109,35.9,97,752.0,Cloudy,Overcast
2026-07-22T11:00,35.7,40.7,44,2.9166666666666665,143,8.694444444444445,1008.1,0.0,5,,21.7,39.96469809215783,35.7,96,873.0,Cloudy,Overcast
2026-07-22T12:00,35.2,39.9,50,5.194444444444444,148,11.694444444444445,1007.9,0.1,9.8,,23.2,41.15337929068452,35.2,94,921.0,Light Rain,Light drizzle
2026-07-22T13:00,34.8,38.4,49,6.416666666666667,158,14.0,1007.5,0.1,9.8,,22.6,39.828577999235755,34.8,99,902.0,Light Rain,Light drizzle
2026-07-22T14:00,34.3,37.1,50,7.0,159,14.388888888888888,1006.6,0.4,9.2,,22.5,39.05887654138452,34.3,99,829.0,Light Rain,Light drizzle
2026-07-22T15:00,35.1,37.3,47,6.305555555555555,162,14.61111111111111,1005.9,0.2,9.6,,22.2,39.76316091183124,35.1,95,658.0,Light Rain,Light drizzle
2026-07-22T16:00,35.6,38.0,46,5.027777777777778,169,12.999999999999998,1005.5,0.1,9.8,,22.3,40.50424907331573,35.6,100,451.0,Light Rain,Light drizzle
2026-07-22T17:00,33.7,38.2,58,3.416666666666667,174,10.499999999999998,1006.7,0.0,5,,24.4,40.57040608521554,33.7,98,260.0,Cloudy,Overcast
2026-07-22T18:00,33.2,37.7,55,2.055555555555556,236,6.305555555555555,1007.4,0.2,9.6,,23.1,38.27113352739552,33.2,94,83.0,Light Rain,Light drizzle
2026-07-22T19:00,32.8,35.2,50,3.7777777777777777,278,6.499999999999999,1008.4,0.0,5,,20.9,35.88960324748447,32.8,97,1.0,Cloudy,Overcast
2026-07-22T20:00,31.5,33.1,55,5.583333333333334,285,10.305555555555555,1009.1,0.0,5,,21.3,34.628743421555555,31.5,99,0.0,Cloudy,Overcast
2026-07-22T21:00,30.8,32.5,58,5.75,277,10.694444444444445,1009.9,0.0,5,,21.7,33.95807895651558,30.8,87,0.0,Cloudy,Overcast
2026-07-22T22:00,30.2,32.0,60,5.527777777777778,266,10.611111111111112,1010.1,0.0,5,,21.7,33.21755723681784,30.2,94,0.0,Cloudy,Overcast
2026-07-22T23:00,30.4,32.2,58,5.333333333333333,260,10.694444444444445,1009.6,0.0,5,,21.3,33.18321155379562,30.4,84,0.0,Cloudy,Overcast
2026-07-23T00:00,29.8,32.2,62,4.611111111111112,266,9.805555555555555,1009.2,0.0,11.8,,21.7,32.843054147057764,29.8,64,0.0,Partly Cloudy,Partly cloudy
2026-07-23T01:00,29.2,32.1,65,4.0,267,8.194444444444445,1008.7,0.0,13.25,,22.1,32.23006953815122,29.2,35,0.0,Partly Cloudy,Mainly clear
2026-07-23T02:00,28.7,31.8,68,3.9166666666666665,264,7.194444444444444,1008.2,0.0,5,,22.3,31.750250786104377,28.7,91,0.0,Cloudy,Overcast
2026-07-23T03:00,28.6,31.4,68,4.111111111111112,264,7.388888888888889,1008.0,0.0,5,,22.1,31.550900885884417,28.6,98,0.0,Cloudy,Overcast
2026-07-23T04:00,28.3,31.3,69,3.8333333333333335,263,7.388888888888889,1008.1,0.0,5,,22.2,31.11170863945783,28.3,100,0.0,Cloudy,Overcast
2026-07-23T05:00,28.4,32.2,71,2.9166666666666665,251,6.805555555555555,1007.7,0.0,5,,22.7,31.615306090737747,28.4,99,0.0,Cloudy,Overcast
2026-07-23T06:00,28.4,32.0,71,3.1666666666666665,255,5.194444444444444,1008.3,0.0,5,,22.6,31.615306090737747,28.4,96,5.0,Cloudy,Overcast
2026-07-23T07:00,30.3,33.2,61,3.7222222222222223,259,7.611111111111111,1008.9,0.0,5,,21.9,33.629775723795575,30.3,100,113.0,Cloudy,Overcast
2026-07-23T08:00,32.2,34.2,51,4.25,268,9.0,1009.1,0.0,5,,20.7,34.98658914081779,32.2,95,318.0,Cloudy,Overcast
2026-07-23T09:00,34.5,35.9,42,4.305555555555555,274,9.805555555555555,1008.8,0.0,5,,19.6,36.87705418327783,34.5,95,536.0,Cloudy,Overcast
2026-07-23T10:00,36.0,38.6,37,3.333333333333333,261,9.694444444444445,1008.5,0.0,12.6,,19.1,38.14361572755561,36.0,48,720.0,Partly Cloudy,Mainly clear
2026-07-23T11:00,36.3,40.1,35,2.0277777777777777,213,8.61111111111111,1008.2,0.0,13.3,,18.4,38.05964744521779,36.3,34,849.0,Partly Cloudy,Mainly clear
2026-07-23T12:00,36.4,40.6,36,2.138888888888889,189,6.805555555555555,1007.8,0.1,9.8,,19.0,38.56177512300434,36.4,41,869.0,Light Rain,Light drizzle
2026-07-23T13:00,33.5,39.1,53,2.888888888888889,178,6.888888888888889,1007.1,2.0,6.0,,22.8,38.288086951777764,33.5,59,855.0,Light Rain,Slight rain
2026-07-23T14:00,34.4,37.9,48,4.888888888888889,172,11.194444444444443,1006.1,1.1,7.8,,21.8,38.58431805415117,34.4,74,802.0,Light Rain,Dense drizzle
2026-07-23T15:00,33.3,37.2,57,5.0,162,11.305555555555555,1005.9,0.7,8.6,,23.6,39.19647776079115,33.3,32,685.0,Light Rain,Moderate drizzle
2026-07-23T16:00,32.5,37.1,64,3.7777777777777777,162,11.11111111111111,1005.8,0.8,8.4,,24.8,39.64399024305568,32.5,91,493.0,Light Rain,Moderate drizzle
2026-07-23T17:00,33.7,39.4,58,1.1111111111111112,185,8.0,1006.2,0.4,9.2,,24.2,40.57040608521554,33.7,87,272.0,Light Rain,Light drizzle
2026-07-23T18:00,32.7,39.0,67,1.5,268,3.1111111111111107,1006.7,0.6,8.8,,25.6,41.32362985563567,32.7,73,83.0,Light Rain,Moderate drizzle
2026-07-23T19:00,32.2,33.0,48,5.611111111111111,283,10.305555555555555,1007.5,0.0,14.55,,19.7,34.24947250087112,32.2,9,1.0,Sunny,Clear skies
2026-07-23T20:00,31.2,31.4,48,6.111111111111111,272,11.194444444444443,1008.5,0.0,14.75,,19.0,32.55301492327115,31.2,5,0.0,Sunny,Clear skies
2026-07-23T21:00,30.3,30.6,52,6.194444444444445,268,11.5,1008.9,0.0,15.0,,19.4,31.846993678335608,30.3,0,0.0,Sunny,Clear skies
2026-07-23T22:00,29.8,30.9,56,5.361111111111112,265,11.11111111111111,1009.3,0.0,15.0,,20.1,31.727523914951135,29.8,0,0.0,Sunny,Clear skies
2026-07-23T23:00,29.6,30.5,58,6.027777777777778,266,9.805555555555555,1009.1,0.0,12.4,,20.4,31.733242361795597,29.6,52,0.0,Partly Cloudy,Partly cloudy
2026-07-24T00:00,29.2,30.4,60,5.638888888888889,268,10.805555555555555,1008.4,0.0,13.85,,20.7,31.37593294241789,29.2,23,0.0,Partly Cloudy,Mainly clear
2026-07-24T01:00,28.8,30.1,63,5.694444444444445,272,10.11111111111111,1008.0,0.0,14.45,,20.9,31.14672844860453,28.8,11,0.0,Sunny,Clear skies
2026-07-24T02:00,28.4,29.8,65,5.944444444444444,271,10.694444444444445,1007.7,0.0,5,,21.3,30.72688375127121,28.4,95,0.0,Cloudy,Overcast
2026-07-24T03:00,28.2,29.6,66,5.805555555555555,270,10.88888888888889,1007.5,0.0,11.3,,21.2,30.506467281351142,28.2,74,0.0,Partly Cloudy,Partly cloudy
2026-07-24T04:00,28.2,29.8,64,5.249999999999999,269,10.499999999999998,1007.5,0.0,14.350000000000001,,20.8,30.244604731235526,28.2,13,0.0,Sunny,Clear skies
2026-07-24T05:00,28.2,30.3,66,4.583333333333333,264,9.388888888888888,1007.6,0.0,13.8,,21.2,30.506467281351142,28.2,24,0.0,Partly Cloudy,Mainly clear
2026-07-24T06:00,28.4,29.4,59,5.055555555555555,273,8.805555555555555,1008.0,0.0,13.1,,19.5,29.9312793695646,28.4,38,5.0,Partly Cloudy,Mainly clear
2026-07-24T07:00,30.1,30.9,53,5.249999999999999,274,9.88888888888889,1008.7,0.0,14.0,,19.4,31.70011384041782,30.1,20,131.0,Partly Cloudy,Mainly clear
2026-07-24T08:00,32.1,32.4,47,6.055555555555555,279,12.0,1008.8,0.0,12.6,,19.3,33.8436147366311,32.1,48,355.0,Partly Cloudy,Mainly clear
2026-07-24T09:00,34.2,34.8,41,5.444444444444445,281,12.305555555555554,1008.7,0.0,11.0,,18.9,36.04356324108446,34.2,80,576.0,Cloudy,Overcast
2026-07-24T10:00,36.1,38.0,35,4.472222222222222,283,11.5,1008.3,0.0,5,,18.4,37.703296212737854,36.1,83,760.0,Cloudy,Overcast
2026-07-24T11:00,36.8,40.3,31,1.9166666666666667,275,10.194444444444445,1007.4,0.0,12.05,,17.1,37.71379894659563,36.8,59,890.0,Partly Cloudy,Partly cloudy
2026-07-24T12:00,37.0,41.6,32,1.3055555555555556,173,6.305555555555555,1006.8,0.0,13.1,,17.7,38.35657837244443,37.0,38,950.0,Partly Cloudy,Mainly clear
2026-07-24T13:00,35.3,40.3,46,3.8055555555555554,152,9.5,1006.1,0.0,12.05,,22.0,39.83571687849569,35.3,59,933.0,Partly Cloudy,Partly cloudy
2026-07-24T14:00,34.8,39.0,49,4.694444444444444,141,11.194444444444443,1005.1,0.0,5,,22.5,39.828577999235755,34.8,94,843.0,Cloudy,Overcast
2026-07-24T15:00,35.0,38.6,48,4.444444444444445,134,11.194444444444443,1004.4,0.0,5,,22.5,39.9103602111111,35.0,94,698.0,Cloudy,Overcast
2026-07-24T16:00,34.7,37.9,49,3.7222222222222223,129,10.499999999999998,1004.3,0.0,5,,22.4,39.60133286283572,34.7,94,524.0,Cloudy,Overcast
2026-07-24T17:00,33.8,38.3,55,2.388888888888889,110,8.694444444444445,1004.6,0.0,5,,23.5,39.69261520659561,33.8,88,305.0,Cloudy,Overcast
2026-07-24T18:00,33.7,38.4,53,1.2222222222222223,289,5.111111111111111,1005.1,0.0,12.05,,22.7,38.743908123937715,33.7,59,82.0,Partly Cloudy,Partly cloudy
2026-07-24T19:00,33.2,35.5,48,3.4722222222222223,307,6.499999999999999,1006.1,0.0,13.4,,20.6,36.11713430647121,33.2,32,0.0,Partly Cloudy,Mainly clear
2026-07-24T20:00,31.9,33.3,51,5.166666666666667,274,9.5,1007.1,0.0,14.55,,20.5,34.419404475937746,31.9,9,0.0,Sunny,Clear skies
2026-07-24T21:00,30.7,31.6,54,6.166666666666666,282,11.5,1007.6,0.0,14.350000000000001,,20.5,32.90504266522449,30.7,13,0.0,Sunny,Clear skies
2026-07-24T22:00,30.2,31.0,56,6.222222222222221,278,11.888888888888888,1008.1,0.0,14.4,,20.4,32.4166769669512,30.2,12,0.0,Sunny,Clear skies
2026-07-24T23:00,30.3,30.9,52,5.75,277,11.305555555555555,1007.7,0.0,14.65,,19.5,31.846993678335608,30.3,7,0.0,Sunny,Clear skies
2026-07-25T00:00,29.8,30.5,54,5.388888888888888,280,10.305555555555555,1007.0,0.0,13.55,,19.4,31.38788723932444,29.8,29,0.0,Partly Cloudy,Mainly clear
2026-07-25T01:00,29.6,30.4,55,5.194444444444444,282,9.61111111111111,1006.8,0.0,11.7,,19.5,31.23158788611553,29.6,66,0.0,Partly Cloudy,Partly cloudy
2026-07-25T02:00,29.2,30.4,58,5.249999999999999,284,9.305555555555555,1006.5,0.0,13.5,,20.1,31.058140572515615,29.2,30,0.0,Partly Cloudy,Mainly clear
2026-07-25T03:00,28.9,30.4,61,5.027777777777778,289,9.305555555555555,1006.6,0.0,14.65,,20.7,31.015885100115625,28.9,7,0.0,Sunny,Clear skies
2026-07-25T04:00,28.7,30.6,63,4.583333333333333,293,8.88888888888889,1006.8,0.0,14.350000000000001,,20.9,30.969504210604416,28.7,13,0.0,Sunny,Clear skies
2026-07-25T05:00,28.9,30.9,61,4.0,294,8.0,1006.6,0.0,14.5,,20.6,31.015885100115625,28.9,10,0.0,Sunny,Clear skies
2026-07-25T06:00,28.9,30.9,59,3.611111111111111,295,7.0,1007.4,0.0,14.2,,20.1,30.717955184364598,28.9,16,5.0,Sunny,Clear skies
2026-07-25T07:00,30.9,32.5,50,3.611111111111111,295,7.194444444444444,1007.9,0.0,14.350000000000001,,19.3,32.452220257304525,30.9,13,126.0,Sunny,Clear skies
2026-07-25T08:00,33.5,34.5,40,3.8055555555555554,297,8.5,1008.1,0.0,14.75,,18.2,34.58843782905559,33.5,5,348.0,Sunny,Clear skies
2026-07-25T09:00,35.4,37.3,36,2.111111111111111,301,8.38888888888889,1008.1,0.0,14.55,,18.0,36.770514058204476,35.4,9,570.0,Sunny,Clear skies
2026-07-25T10:00,36.8,40.6,33,0.7777777777777777,35,6.305555555555555,1007.6,0.0,14.600000000000001,,17.9,38.32110243713779,36.8,8,755.0,Sunny,Clear skies
2026-07-25T11:00,35.8,39.8,42,3.9722222222222223,118,7.611111111111111,1007.2,0.0,14.4,,20.8,39.444724991057825,35.8,12,885.0,Sunny,Clear skies
2026-07-25T12:00,34.1,37.5,47,5.944444444444444,135,12.805555555555555,1006.9,0.0,5,,21.4,37.62251750943124,34.1,93,941.0,Cloudy,Overcast
2026-07-25T13:00,33.9,36.6,46,6.333333333333333,141,13.5,1006.2,0.0,11.65,,20.6,36.910707886415565,33.9,67,934.0,Partly Cloudy,Partly cloudy
2026-07-25T14:00,34.0,36.5,47,6.611111111111111,151,13.88888888888889,1005.2,0.0,11.7,,21.2,37.4176635431112,34.0,66,860.0,Partly Cloudy,Partly cloudy
2026-07-25T15:00,34.0,36.9,50,5.444444444444445,151,13.694444444444443,1004.9,0.0,13.0,,22.1,38.39286542044451,34.0,40,707.0,Partly Cloudy,Mainly clear
2026-07-25T16:00,33.4,36.8,55,4.027777777777778,138,11.5,1004.4,0.0,13.85,,23.1,38.73708062451562,33.4,23,495.0,Partly Cloudy,Mainly clear
2026-07-25T17:00,32.8,37.7,64,3.6666666666666665,140,8.694444444444445,1004.9,0.0,5,,25.1,40.45786914243557,32.8,84,300.0,Cloudy,Overcast
2026-07-25T18:00,31.7,37.6,69,2.1944444444444446,123,7.111111111111112,1005.3,0.0,11.4,,25.4,39.19742693545792,31.7,72,85.0,Partly Cloudy,Partly cloudy
2026-07-25T19:00,31.5,38.2,72,1.0833333333333333,37,4.611111111111112,1006.1,0.0,5,,25.8,39.649617373944544,31.5,82,1.0,Cloudy,Overcast
2026-07-25T20:00,32.3,35.9,55,2.6666666666666665,330,4.694444444444444,1007.0,0.0,5,,22.2,36.271888190195575,32.3,95,0.0,Cloudy,Overcast
2026-07-25T21:00,32.4,34.0,51,5.055555555555555,275,9.0,1007.6,0.0,11.95,,20.8,35.37382959633797,32.4,61,0.0,Partly Cloudy,Partly cloudy
2026-07-25T22:00,31.4,32.7,54,5.666666666666666,267,10.694444444444445,1008.0,0.0,12.05,,20.9,34.1933344015645,31.4,59,0.0,Partly Cloudy,Partly cloudy
2026-07-25T23:00,30.9,31.7,55,6.555555555555555,280,12.38888888888889,1007.5,0.0,14.0,,20.7,33.479126202515594,30.9,20,0.0,Partly Cloudy,Mainly clear
2026-07-26T00:00,30.1,30.5,57,7.222222222222222,280,12.999999999999998,1007.2,0.0,13.4,,20.6,32.43046579023128,30.1,32,0.0,Partly Cloudy,Mainly clear
2026-07-26T01:00,29.5,29.8,59,7.5,280,13.805555555555555,1006.7,0.0,13.65,,20.8,31.73173816244445,29.5,27,0.0,Partly Cloudy,Mainly clear
2026-07-26T02:00,29.1,29.6,63,7.694444444444444,285,14.0,1006.0,0.0,11.8,,21.3,31.691938850284536,29.1,64,0.0,Partly Cloudy,Partly cloudy
2026-07-26T03:00,29.2,29.7,59,6.777777777777777,286,13.805555555555555,1006.0,0.0,14.15,,20.3,31.215332309724545,29.2,17,0.0,Sunny,Clear skies
2026-07-26T04:00,29.2,29.6,56,6.277777777777778,284,12.194444444444443,1006.2,0.0,14.45,,19.7,30.753983784551085,29.2,11,0.0,Sunny,Clear skies
2026-07-26T05:00,29.4,30.2,59,6.166666666666666,281,11.38888888888889,1006.6,0.0,14.7,,20.4,31.557488575164573,29.4,6,0.0,Sunny,Clear skies
2026-07-26T06:00,29.2,30.1,60,6.194444444444445,280,11.194444444444443,1007.2,0.0,14.8,,20.6,31.37593294241789,29.2,4,5.0,Sunny,Clear skies
2026-07-26T07:00,30.7,31.9,55,5.583333333333334,277,12.11111111111111,1007.5,0.0,14.850000000000001,,20.6,33.111680721395665,30.7,3,128.0,Sunny,Clear skies
2026-07-26T08:00,32.7,33.5,49,6.388888888888888,277,12.694444444444445,1008.1,0.0,14.3,,20.6,35.423788981235646,32.7,14,350.0,Sunny,Clear skies
2026-07-26T09:00,34.6,34.6,42,7.194444444444444,281,14.5,1008.3,0.0,5,,19.7,37.065655402097846,34.6,88,568.0,Cloudy,Overcast
2026-07-26T10:00,36.5,37.0,35,6.916666666666666,283,14.805555555555554,1008.3,0.0,11.0,,18.7,38.42085584377782,36.5,80,749.0,Cloudy,Overcast
2026-07-26T11:00,38.0,38.1,30,7.5,283,15.0,1007.7,0.0,5,,17.5,39.4450118951111,38.0,98,851.0,Cloudy,Overcast
2026-07-26T12:00,38.7,39.5,28,6.25,280,15.499999999999998,1007.3,0.0,5,,16.8,39.968279817215574,38.7,100,897.0,Cloudy,Overcast
2026-07-26T13:00,39.4,40.4,25,5.249999999999999,279,13.805555555555555,1006.3,0.0,5,,16.1,40.09574847571557,39.4,98,878.0,Cloudy,Overcast
2026-07-26T14:00,39.4,39.3,24,5.833333333333333,282,12.805555555555555,1004.8,0.0,11.5,,15.4,39.75747832689779,39.4,70,778.0,Partly Cloudy,Partly cloudy
2026-07-26T15:00,39.1,37.1,23,7.916666666666666,283,15.805555555555555,1004.5,0.0,11.4,,14.3,38.97855102628449,39.1,72,716.0,Partly Cloudy,Partly cloudy
2026-07-26T16:00,37.2,34.0,29,9.972222222222221,282,18.88888888888889,1004.4,0.0,14.350000000000001,,16.1,37.78858365559109,37.2,13,522.0,Sunny,Clear skies
2026-07-26T17:00,35.9,33.7,31,8.333333333333334,274,19.194444444444443,1004.7,0.0,13.1,,16.3,36.25715773131561,35.9,38,304.0,Partly Cloudy,Mainly clear
2026-07-26T18:00,34.0,32.9,37,7.305555555555555,268,16.0,1005.3,0.0,5,,17.5,34.69999324755558,34.0,92,88.0,Cloudy,Overcast
2026-07-26T19:00,32.3,31.0,43,8.11111111111111,271,14.88888888888889,1006.2,0.0,5,,18.1,33.30808120411555,32.3,98,1.0,Cloudy,Overcast
2026-07-26T20:00,31.2,30.8,50,7.472222222222221,275,15.194444444444445,1007.0,0.0,5,,19.5,32.95208965708449,31.2,88,0.0,Cloudy,Overcast
2026-07-26T21:00,30.7,30.8,53,7.111111111111112,272,13.805555555555555,1007.7,0.0,5,,19.9,32.70334619913797,30.7,98,0.0,Cloudy,Overcast
2026-07-26T22:00,30.1,30.8,56,6.555555555555555,271,13.11111111111111,1007.9,0.0,5,,20.4,32.24137923157121,30.1,100,0.0,Cloudy,Overcast
2026-07-26T23:00,29.9,31.1,58,5.75,268,11.888888888888888,1007.2,0.0,5,,20.7,32.261392431695604,29.9,96,0.0,Cloudy,Overcast
2026-07-27T00:00,29.6,31.0,59,5.249999999999999,268,10.388888888888888,1006.8,0.0,5,,20.7,31.90810205276451,29.6,100,0.0,Cloudy,Overcast
2026-07-27T01:00,29.2,31.0,62,4.944444444444445,272,9.5,1006.3,0.0,5,,21.0,31.707360894257857,29.2,100,0.0,Cloudy,Overcast
2026-07-27T02:00,28.8,30.4,63,5.222222222222222,274,9.5,1006.2,0.0,5,,21.0,31.14672844860453,28.8,96,0.0,Cloudy,Overcast
2026-07-27T03:00,28.7,30.5,62,4.638888888888888,269,9.388888888888888,1006.3,0.0,14.350000000000001,,20.8,30.822027395357768,28.7,13,0.0,Sunny,Clear skies
2026-07-27T04:00,28.6,30.8,63,3.9722222222222223,259,8.305555555555555,1006.7,0.0,5,,20.8,30.794536253884417,28.6,89,0.0,Cloudy,Overcast
2026-07-27T05:00,29.2,31.2,62,4.611111111111112,257,7.388888888888889,1006.3,0.0,5,,21.1,31.707360894257857,29.2,98,0.0,Cloudy,Overcast
2026-07-27T06:00,29.2,30.6,62,5.75,267,10.194444444444445,1006.7,0.0,5,,21.1,31.707360894257857,29.2,93,5.0,Cloudy,Overcast
2026-07-27T07:00,30.4,32.0,59,5.722222222222222,260,11.11111111111111,1006.9,0.0,5,,21.4,33.39512808476448,30.4,83,121.0,Cloudy,Overcast
2026-07-27T08:00,32.3,33.4,53,6.75,268,13.38888888888889,1007.3,0.0,5,,21.5,35.71251105033778,32.3,99,341.0,Cloudy,Overcast
2026-07-27T09:00,33.9,34.2,48,7.944444444444445,272,15.805555555555555,1007.5,0.0,5,,21.2,37.52636408605112,33.9,84,552.0,Cloudy,Overcast
2026-07-27T10:00,35.5,36.3,42,8.11111111111111,276,16.305555555555557,1007.5,0.0,5,,20.8,38.82990577327784,35.5,98,740.0,Cloudy,Overcast
2026-07-27T11:00,36.8,37.5,37,8.5,275,17.0,1007.0,0.0,11.2,,19.7,39.66581851923562,36.8,76,880.0,Partly Cloudy,Partly cloudy
2026-07-27T12:00,37.9,38.8,34,8.083333333333334,278,16.88888888888889,1006.7,0.0,12.95,,19.2,40.69879367137559,37.9,41,935.0,Partly Cloudy,Mainly clear
2026-07-27T13:00,38.7,39.2,31,7.916666666666666,282,16.38888888888889,1005.8,0.0,13.2,,18.6,41.06989713579563,38.7,36,882.0,Partly Cloudy,Mainly clear
2026-07-27T14:00,38.3,38.1,32,9.166666666666666,279,18.11111111111111,1004.8,0.0,11.7,,18.9,40.7030049336245,38.3,66,860.0,Partly Cloudy,Partly cloudy
2026-07-27T15:00,37.6,37.1,34,8.972222222222221,277,18.305555555555557,1004.3,0.0,11.9,,19.1,40.12348207507557,37.6,62,737.0,Partly Cloudy,Partly cloudy
2026-07-27T16:00,36.2,34.9,36,8.805555555555555,281,17.88888888888889,1004.4,0.0,13.0,,18.9,38.19349539228446,36.2,40,514.0,Partly Cloudy,Mainly clear
2026-07-27T17:00,34.9,34.1,39,7.805555555555555,268,17.305555555555554,1004.8,0.0,5,,19.0,36.74035191743111,34.9,93,288.0,Cloudy,Overcast
2026-07-27T18:00,33.3,32.5,41,7.305555555555555,270,14.88888888888889,1005.9,0.0,13.25,,18.4,34.492084111084516,33.3,35,88.0,Partly Cloudy,Mainly clear
2026-07-27T19:00,31.8,31.7,47,6.499999999999999,266,13.88888888888889,1006.3,0.0,14.2,,18.9,33.33455348439113,31.8,16,0.0,Sunny,Clear skies
2026-07-27T20:00,31.3,31.9,49,5.555555555555555,267,12.194444444444443,1007.1,0.0,11.55,,19.3,32.91584829003558,31.3,69,0.0,Partly Cloudy,Partly cloudy
2026-07-27T21:00,30.8,32.0,51,4.722222222222222,266,10.194444444444445,1007.6,0.0,5,,19.7,32.48013449361776,30.8,99,0.0,Cloudy,Overcast
2026-07-27T22:00,30.5,32.6,53,3.3055555555555554,260,8.61111111111111,1008.3,0.0,5,,19.9,32.361347263777766,30.5,84,0.0,Cloudy,Overcast
2026-07-27T23:00,30.5,32.4,52,3.2499999999999996,261,6.0,1008.0,0.0,5,,19.6,32.1730718510555,30.5,94,0.0,Cloudy,Overcast
2026-07-28T00:00,29.8,32.6,55,1.8055555555555556,256,5.805555555555555,1007.4,0.0,5,,19.7,31.55569265619549,29.8,94,0.0,Cloudy,Overcast
2026-07-28T01:00,29.1,32.3,59,1.472222222222222,218,3.1111111111111107,1006.9,0.0,5,,20.2,31.04742563156449,29.1,99,0.0,Cloudy,Overcast
2026-07-28T02:00,28.4,32.0,65,1.75,215,3.3055555555555554,1006.5,0.0,5,,21.3,30.72688375127121,28.4,100,0.0,Cloudy,Overcast
2026-07-28T03:00,27.9,31.9,70,1.75,198,3.0,1006.1,0.0,5,,22.0,30.47411581441567,27.9,99,0.0,Cloudy,Overcast
2026-07-28T04:00,27.4,31.6,74,1.8888888888888888,191,3.3888888888888884,1006.3,0.0,5,,22.4,29.971525281031088,27.4,100,0.0,Cloudy,Overcast
2026-07-28T05:00,28.0,32.1,73,2.2222222222222223,200,3.3888888888888884,1006.6,0.0,5,,22.6,31.073563031555622,28.0,99,0.0,Cloudy,Overcast
2026-07-28T06:00,28.0,32.1,72,2.0,198,3.888888888888889,1007.0,0.0,5,,22.5,30.93569989244442,28.0,98,4.0,Cloudy,Overcast
2026-07-28T07:00,29.5,33.3,65,2.1666666666666665,209,4.888888888888889,1007.3,0.0,5,,22.1,32.83214998511109,29.5,95,104.0,Cloudy,Overcast
2026-07-28T08:00,31.6,34.7,55,2.861111111111111,247,6.805555555555555,1007.8,0.0,5,,21.5,34.82724140451552,31.6,96,302.0,Cloudy,Overcast
2026-07-28T09:00,33.9,36.8,48,3.1111111111111107,266,7.805555555555555,1007.9,0.0,5,,21.3,37.52636408605112,33.9,91,542.0,Cloudy,Overcast
2026-07-28T10:00,35.7,38.8,42,3.75,268,10.805555555555555,1007.5,0.0,11.8,,20.8,39.23829993175777,35.7,64,703.0,Partly Cloudy,Partly cloudy
2026-07-28T11:00,37.6,40.9,36,3.861111111111111,269,10.499999999999998,1006.9,0.0,5,,20.0,40.87674244380448,37.6,99,823.0,Cloudy,Overcast
2026-07-28T12:00,38.3,41.8,33,3.611111111111111,275,9.805555555555555,1006.4,0.0,5,,19.4,41.0865594767378,38.3,100,872.0,Cloudy,Overcast
2026-07-28T13:00,38.4,41.4,33,3.6944444444444446,288,9.388888888888888,1005.5,0.0,5,,19.2,41.28000780161784,38.4,97,820.0,Cloudy,Overcast
2026-07-28T14:00,36.2,38.0,39,5.972222222222222,286,12.305555555555554,1004.7,1.6,6.8,,20.1,39.19310145719114,36.2,82,774.0,Light Rain,Slight rain
2026-07-28T15:00,37.1,37.2,35,6.527777777777778,279,13.805555555555555,1004.0,0.1,9.8,,19.0,39.53362403593779,37.1,56,587.0,Light Rain,Light drizzle
2026-07-28T16:00,36.3,36.0,37,6.888888888888889,277,13.88888888888889,1004.2,0.4,9.2,,19.1,38.704748439635665,36.3,71,496.0,Light Rain,Light drizzle
2026-07-28T17:00,35.0,35.2,42,6.833333333333334,287,13.805555555555555,1004.3,0.0,13.7,,20.0,37.834913477777796,35.0,26,266.0,Partly Cloudy,Mainly clear
2026-07-28T18:00,33.0,33.8,48,6.444444444444444,290,13.38888888888889,1005.3,0.0,5,,20.7,35.72990560711124,33.0,95,83.0,Cloudy,Overcast
2026-07-28T19:00,32.0,33.8,53,5.055555555555555,288,12.38888888888889,1005.7,0.0,5,,21.1,35.11130041377789,32.0,93,0.0,Cloudy,Overcast
2026-07-28T20:00,31.3,34.0,56,3.861111111111111,280,9.694444444444445,1006.6,0.0,5,,21.6,34.47736884085117,31.3,85,0.0,Cloudy,Overcast
2026-07-28T21:00,30.8,33.9,59,3.3611111111111107,276,7.305555555555555,1007.7,0.0,5,,22.0,34.18938437372444,30.8,92,0.0,Cloudy,Overcast
2026-07-28T22:00,30.4,33.5,61,3.3055555555555554,259,6.388888888888888,1008.2,0.0,12.9,,21.9,33.83287403731556,30.4,42,0.0,Partly Cloudy,Mainly clear
2026-07-28T23:00,30.5,33.4,59,3.6666666666666665,244,6.111111111111111,1007.8,0.0,14.3,,21.7,33.59052070244432,30.5,14,0.0,Sunny,Clear skies
2026-07-29T00:00,29.7,33.0,63,3.138888888888889,236,6.805555555555555,1007.5,0.0,12.05,,22.0,32.84327924820452,29.7,59,0.0,Partly Cloudy,Partly cloudy
2026-07-29T01:00,29.3,32.8,65,2.861111111111111,235,5.611111111111111,1007.0,0.0,12.75,,22.2,32.42843660975104,29.3,45,0.0,Partly Cloudy,Mainly clear
2026-07-29T02:00,28.8,32.7,68,2.305555555555556,236,5.194444444444444,1006.3,0.0,12.85,,22.3,31.95203121660449,28.8,43,0.0,Partly Cloudy,Mainly clear
2026-07-29T03:00,28.6,32.6,69,2.0,258,4.111111111111112,1006.3,0.0,5,,22.3,31.71053418529779,28.6,100,0.0,Cloudy,Overcast
2026-07-29T04:00,28.2,32.4,71,1.9166666666666667,264,3.5,1006.3,0.0,5,,22.5,31.20258446561764,28.2,100,0.0,Cloudy,Overcast
2026-07-29T05:00,28.5,32.4,71,2.611111111111111,210,3.5,1006.0,0.0,5,,22.7,31.8254669437778,28.5,100,0.0,Cloudy,Overcast
2026-07-29T06:00,28.3,32.0,71,2.9166666666666665,215,5.388888888888888,1006.7,0.0,11.15,,22.5,31.40767859801777,28.3,77,4.0,Partly Cloudy,Partly cloudy
2026-07-29T07:00,29.8,33.5,64,2.7777777777777777,219,6.0,1007.6,0.0,11.05,,22.3,33.24710429283559,29.8,79,114.0,Partly Cloudy,Partly cloudy
2026-07-29T08:00,31.7,34.7,56,3.4444444444444446,246,7.694444444444444,1007.8,0.0,12.9,,21.8,35.286900788051085,31.7,42,304.0,Partly Cloudy,Mainly clear
2026-07-29T09:00,33.8,35.6,47,4.861111111111111,262,10.305555555555555,1007.9,0.0,12.45,,20.8,37.0129794507912,33.8,51,556.0,Partly Cloudy,Partly cloudy
2026-07-29T10:00,35.2,36.5,41,6.472222222222222,267,13.38888888888889,1007.1,0.0,5,,19.9,37.90489693548454,35.2,96,724.0,Cloudy,Overcast
2026-07-29T11:00,36.6,37.9,36,6.861111111111111,270,14.5,1006.3,0.0,12.9,,19.1,38.935068612604496,36.6,42,866.0,Partly Cloudy,Mainly clear
2026-07-29T12:00,37.3,38.7,35,7.055555555555555,274,15.805555555555555,1005.8,0.0,12.75,,19.2,39.91426109881783,37.3,45,923.0,Partly Cloudy,Mainly clear
2026-07-29T13:00,37.6,38.4,34,7.944444444444445,276,16.11111111111111,1004.6,0.0,11.35,,19.0,40.12348207507557,37.6,73,924.0,Partly Cloudy,Partly cloudy
2026-07-29T14:00,37.5,37.5,32,8.416666666666666,273,16.88888888888889,1003.8,0.0,5,,18.2,39.23713038194447,37.5,98,865.0,Cloudy,Overcast
2026-07-29T15:00,36.4,35.6,35,8.88888888888889,275,17.805555555555554,1003.4,0.0,5,,18.7,38.23964449873774,36.4,99,688.0,Cloudy,Overcast
2026-07-29T16:00,35.6,34.1,36,8.444444444444445,272,17.805555555555554,1003.4,0.0,5,,18.2,37.11873875340455,35.6,96,506.0,Cloudy,Overcast
2026-07-29T17:00,34.4,32.8,39,8.777777777777779,275,17.11111111111111,1003.7,0.0,5,,18.3,35.85863781863108,34.4,84,296.0,Cloudy,Overcast
2026-07-29T18:00,32.6,31.8,45,7.861111111111111,274,16.88888888888889,1004.4,0.0,11.0,,19.1,34.245152017404486,32.6,80,86.0,Cloudy,Overcast
2026-07-29T19:00,31.6,32.0,48,6.166666666666666,272,14.88888888888889,1005.3,0.0,5,,19.4,33.21105344695115,31.6,99,0.0,Cloudy,Overcast
2026-07-29T20:00,31.1,32.1,50,5.0,269,11.5,1006.1,0.0,5,,19.4,32.78368005370444,31.1,94,0.0,Cloudy,Overcast
2026-07-29T21:00,31.0,32.2,51,4.694444444444444,269,9.305555555555555,1007.0,0.0,5,,19.6,32.8163178137777,31.0,91,0.0,Cloudy,Overcast
2026-07-29T22:00,30.7,32.4,53,4.027777777777778,258,8.61111111111111,1007.4,0.0,5,,19.9,32.70334619913797,30.7,100,0.0,Cloudy,Overcast
2026-07-29T23:00,31.0,32.7,52,4.111111111111112,256,7.388888888888889,1006.6,0.0,5,,20.0,33.02082296755563,31.0,100,0.0,Cloudy,Overcast
2026-07-30T00:00,30.4,32.4,55,3.9166666666666665,253,7.611111111111111,1006.2,0.0,5,,20.3,32.57528774211554,30.4,99,0.0,Cloudy,Overcast
2026-07-30T01:00,29.8,32.6,58,2.75,238,7.0,1005.7,0.0,11.0,,20.7,32.083263958115566,29.8,80,0.0,Cloudy,Overcast
2026-07-30T02:00,29.3,32.3,62,2.944444444444444,226,5.305555555555556,1005.4,0.0,5,,21.2,31.89109059895784,29.3,87,0.0,Cloudy,Overcast
2026-07-30T03:00,28.9,32.2,65,2.694444444444444,220,5.5,1004.7,0.0,5,,21.7,31.648926787671186,28.9,95,0.0,Cloudy,Overcast
2026-07-30T04:00,28.7,32.0,66,2.7222222222222223,232,4.888888888888889,1004.5,0.0,5,,21.6,31.429279656051122,28.7,99,0.0,Cloudy,Overcast
2026-07-30T05:00,28.6,32.5,70,2.4444444444444446,182,5.0,1004.5,0.0,5,,22.5,31.872954275715642,28.6,94,0.0,Cloudy,Overcast
2026-07-30T06:00,28.2,32.2,72,2.4166666666666665,187,4.388888888888889,1004.9,0.0,5,,22.7,31.34891546972444,28.2,94,4.0,Cloudy,Overcast
2026-07-30T07:00,29.9,33.9,64,2.25,198,5.194444444444444,1005.3,0.0,11.05,,22.5,33.454237565375564,29.9,79,118.0,Partly Cloudy,Partly cloudy
2026-07-30T08:00,32.2,35.6,54,2.638888888888889,238,6.499999999999999,1005.7,0.0,11.9,,21.8,35.7816842009245,32.2,62,341.0,Partly Cloudy,Partly cloudy
2026-07-30T09:00,34.2,36.8,46,3.4722222222222223,258,8.305555555555555,1005.2,0.0,11.55,,21.1,37.51048434579564,34.2,69,541.0,Partly Cloudy,Partly cloudy
2026-07-30T10:00,36.2,38.2,39,5.666666666666666,275,12.0,1005.2,0.0,5,,20.3,39.19310145719114,36.2,94,740.0,Cloudy,Overcast
2026-07-30T11:00,37.5,38.8,35,6.972222222222222,275,14.694444444444443,1004.6,0.0,12.75,,19.4,40.29975532777778,37.5,45,858.0,Partly Cloudy,Mainly clear
2026-07-30T12:00,37.6,38.2,35,8.777777777777779,281,17.61111111111111,1004.0,0.0,11.0,,19.7,40.49432387953782,37.6,80,924.0,Cloudy,Overcast
2026-07-30T13:00,37.5,38.3,36,8.61111111111111,281,18.305555555555557,1003.4,0.0,5,,19.7,40.676934581944494,37.5,95,928.0,Cloudy,Overcast
2026-07-30T14:00,37.7,38.3,34,8.277777777777779,278,18.305555555555557,1002.2,0.0,5,,19.3,40.314077607135545,37.7,82,868.0,Cloudy,Overcast
2026-07-30T15:00,36.7,36.7,38,8.36111111111111,270,17.0,1001.5,0.1,9.8,,19.9,39.82919369957108,36.7,95,698.0,Light Rain,Light drizzle
2026-07-30T16:00,35.6,34.9,39,8.305555555555555,273,16.88888888888889,1001.7,0.0,5,,19.7,38.03229269063124,35.6,94,517.0,Cloudy,Overcast
2026-07-30T17:00,34.6,34.6,44,7.666666666666667,274,16.5,1002.2,0.0,5,,20.4,37.6818286916978,34.6,86,301.0,Cloudy,Overcast
2026-07-30T18:00,32.9,33.4,49,6.972222222222222,265,14.5,1003.1,0.0,5,,20.6,35.810055468275664,32.9,88,88.0,Cloudy,Overcast
2026-07-30T19:00,31.5,32.7,53,6.0,263,13.305555555555555,1003.9,0.0,5,,20.9,34.14722343177784,31.5,99,0.0,Cloudy,Overcast
2026-07-30T20:00,30.8,32.3,56,5.527777777777778,264,11.38888888888889,1004.8,0.0,5,,21.1,33.51059599255109,30.8,98,0.0,Cloudy,Overcast
2026-07-30T21:00,30.5,33.0,59,4.055555555555555,269,10.388888888888888,1005.5,0.0,5,,21.5,33.59052070244432,30.5,89,0.0,Cloudy,Overcast
2026-07-30T22:00,30.4,33.8,60,2.5555555555555554,277,7.694444444444444,1006.0,0.0,5,,21.7,33.611682245937764,30.4,95,0.0,Cloudy,Overcast
2026-07-30T23:00,30.9,34.5,57,1.972222222222222,255,4.694444444444444,1005.6,0.0,5,,21.5,33.925893175831256,30.9,97,0.0,Cloudy,Overcast
2026-07-31T00:00,30.2,34.2,60,1.4166666666666665,252,3.5,1005.3,0.0,5,,21.6,33.21755723681784,30.2,100,0.0,Cloudy,Overcast
2026-07-31T01:00,29.5,33.8,62,0.8333333333333333,245,2.611111111111111,1004.4,0.0,5,,21.6,32.26521301327779,29.5,96,0.0,Cloudy,Overcast
2026-07-31T02:00,29.1,33.5,65,0.7777777777777777,207,1.3888888888888888,1003.9,0.0,5,,21.8,32.03402887727111,29.1,99,0.0,Cloudy,Overcast
2026-07-31T03:00,28.7,33.3,68,0.9166666666666666,174,1.5,1003.5,0.0,5,,22.2,31.750250786104377,28.7,99,0.0,Cloudy,Overcast
2026-07-31T04:00,28.3,33.0,71,0.9444444444444444,186,2.111111111111111,1003.5,0.0,5,,22.6,31.40767859801777,28.3,98,0.0,Cloudy,Overcast
2026-07-31T05:00,29.3,33.3,64,1.5555555555555554,266,1.6944444444444442,1003.2,0.0,5,,21.8,32.24580919473559,29.3,100,0.0,Cloudy,Overcast
2026-07-31T06:00,29.4,32.5,62,2.861111111111111,268,5.0,1003.7,0.0,5,,21.4,32.077041305297904,29.4,98,4.0,Cloudy,Overcast
2026-07-31T07:00,30.8,34.6,58,1.7222222222222223,232,5.888888888888888,1004.3,0.0,5,,21.7,33.95807895651558,30.8,94,120.0,Cloudy,Overcast
2026-07-31T08:00,32.4,36.1,53,1.8888888888888888,212,5.5,1005.1,0.0,5,,21.6,35.9167086704178,32.4,88,340.0,Cloudy,Overcast
2026-07-31T09:00,34.6,37.3,45,3.2499999999999996,259,8.0,1005.2,0.0,5,,21.1,38.003078919804466,34.6,90,553.0,Cloudy,Overcast
2026-07-31T10:00,36.4,38.7,39,5.111111111111111,282,13.305555555555555,1005.4,0.0,5,,20.3,39.59099790983107,36.4,100,740.0,Cloudy,Overcast
2026-07-31T11:00,38.3,41.7,34,4.027777777777778,275,13.5,1004.6,0.0,5,,19.9,41.48232580033556,38.3,95,859.0,Cloudy,Overcast
2026-07-31T12:00,38.9,42.6,34,3.75,268,10.499999999999998,1003.8,0.0,5,,20.0,42.69287399497556,38.9,91,884.0,Cloudy,Overcast
2026-07-31T13:00,37.8,41.9,37,4.111111111111112,271,10.388888888888888,1002.9,1.1,7.8,,20.8,41.68489202643558,37.8,92,917.0,Light Rain,Dense drizzle
2026-07-31T14:00,37.6,39.8,37,5.583333333333334,263,11.888888888888888,1002.0,1.3,7.4,,20.3,41.27073776787562,37.6,64,781.0,Light Rain,Slight rain
2026-07-31T15:00,37.0,36.5,37,8.305555555555555,280,16.38888888888889,1001.7,0.2,9.6,,19.9,40.05929366355547,37.0,95,580.0,Light Rain,Light drizzle
2026-07-31T16:00,35.4,34.9,41,8.277777777777779,275,16.61111111111111,1002.0,0.5,9.0,,20.1,38.294528052604456,35.4,99,436.0,Light Rain,Moderate drizzle
2026-07-31T17:00,34.4,33.7,44,9.11111111111111,263,18.499999999999996,1002.0,0.1,9.8,,20.4,37.28706060209775,34.4,98,253.0,Light Rain,Light drizzle
2026-07-31T18:00,32.4,32.3,50,8.277777777777779,266,17.38888888888889,1003.2,0.0,5,,20.7,35.112349567004536,32.4,95,79.0,Cloudy,Overcast
2026-07-31T19:00,31.4,31.7,55,7.861111111111111,266,15.61111111111111,1004.2,0.0,5,,21.2,34.43221547091558,31.4,100,0.0,Cloudy,Overcast
2026-07-31T20:00,30.5,31.0,59,7.888888888888888,264,14.88888888888889,1005.1,0.0,5,,21.5,33.59052070244432,30.5,100,0.0,Cloudy,Overcast
2026-07-31T21:00,29.4,30.7,64,6.777777777777777,266,15.0,1006.1,0.0,5,,21.9,32.44148537907566,29.4,100,0.0,Cloudy,Overcast
2026-07-31T22:00,28.0,30.2,74,6.083333333333333,249,12.5,1006.9,0.0,5,,22.9,31.21358569911119,28.0,100,0.0,Cloudy,Overcast
2026-07-31T23:00,28.3,30.2,73,6.916666666666666,224,12.805555555555555,1007.1,0.5,9.0,,23.0,31.713543774515667,28.3,100,0.0,Light Rain,Moderate drizzle
2026-08-01T00:00,25.6,28.3,90,6.499999999999999,226,13.194444444444445,1007.0,0.5,9.0,,23.9,25.6,25.6,100,0.0,Light Rain,Moderate drizzle
2026-08-01T01:00,25.3,29.2,94,4.333333333333333,231,12.38888888888889,1006.3,1.5,7.0,,24.2,25.3,25.3,100,0.0,Light Rain,Slight rain
2026-08-01T02:00,25.4,29.3,92,4.166666666666667,254,7.694444444444444,1006.1,2.4,5.2,,24.0,25.4,25.4,100,0.0,Light Rain,Slight rain
2026-08-01T03:00,25.4,30.0,92,2.694444444444444,268,7.305555555555555,1006.0,4.3,1.4000000000000004,,23.9,25.4,25.4,100,0.0,Light Rain,Moderate rain
2026-08-01T04:00,25.6,30.5,91,2.25,246,6.694444444444445,1006.1,2.3,5.4,,24.0,25.6,25.6,100,0.0,Light Rain,Slight rain
2026-08-01T05:00,25.7,29.5,89,4.222222222222222,265,7.194444444444444,1005.6,2.5,5.0,,23.8,25.7,25.7,100,0.0,Light Rain,Moderate rain
2026-08-01T06:00,25.7,29.6,89,3.888888888888889,269,7.194444444444444,1006.4,0.3,9.4,,23.8,25.7,25.7,100,3.0,Light Rain,Light drizzle
2026-08-01T07:00,26.8,30.5,83,4.277777777777778,276,7.694444444444444,1007.0,0.1,9.8,,23.7,29.553511406471173,26.8,100,72.0,Light Rain,Light drizzle
2026-08-01T08:00,28.0,30.5,71,4.888888888888889,283,9.61111111111111,1007.3,0.2,9.6,,22.3,30.799996281777833,28.0,100,208.0,Light Rain,Light drizzle
2026-08-01T09:00,30.2,32.7,61,4.638888888888888,278,9.805555555555555,1007.5,0.0,5,,22.0,33.42886298899563,30.2,100,457.0,Cloudy,Overcast
2026-08-01T10:00,31.0,32.9,56,5.027777777777778,277,10.694444444444445,1007.4,0.0,5,,21.3,33.89128618711116,31.0,98,511.0,Cloudy,Overcast
2026-08-01T11:00,32.3,33.8,51,6.194444444444445,272,10.88888888888889,1006.6,0.0,5,,20.8,35.17929763401775,32.3,96,656.0,Cloudy,Overcast
2026-08-01T12:00,32.1,33.5,51,5.416666666666667,280,12.61111111111111,1006.3,0.0,5,,20.6,34.79570411673779,32.1,100,565.0,Cloudy,Overcast
2026-08-01T13:00,33.3,34.8,49,6.138888888888889,277,12.38888888888889,1005.6,0.0,5,,21.0,36.60358037643559,33.3,99,643.0,Cloudy,Overcast
2026-08-01T14:00,33.3,34.0,49,7.861111111111111,277,15.499999999999998,1004.5,0.0,5,,21.0,36.60358037643559,33.3,100,662.0,Cloudy,Overcast
2026-08-01T15:00,32.3,33.4,53,6.722222222222221,275,15.61111111111111,1004.2,0.0,5,,21.5,35.71251105033778,32.3,100,351.0,Cloudy,Overcast
2026-08-01T16:00,32.2,34.0,53,5.555555555555555,266,12.999999999999998,1004.4,0.0,5,,21.5,35.51021046753791,32.2,99,337.0,Cloudy,Overcast
2026-08-01T17:00,30.4,29.7,56,9.388888888888888,282,11.305555555555555,1004.9,0.0,5,,20.8,32.7732913824711,30.4,100,228.0,Cloudy,Overcast
2026-08-01T18:00,29.6,29.3,58,8.5,281,17.5,1005.5,0.0,5,,20.6,31.733242361795597,29.6,100,27.0,Cloudy,Overcast
2026-08-01T19:00,28.6,29.7,65,6.694444444444445,285,16.0,1006.1,0.0,5,,21.4,31.0887217336711,28.6,100,0.0,Cloudy,Overcast
2026-08-01T20:00,28.3,30.0,67,5.666666666666666,282,12.5,1007.0,0.0,5,,21.7,30.82563389883565,28.3,100,0.0,Cloudy,Overcast
2026-08-01T21:00,27.9,30.7,70,3.8055555555555554,267,10.499999999999998,1008.0,0.1,9.8,,21.8,30.47411581441567,27.9,100,0.0,Light Rain,Light drizzle
2026-08-01T22:00,28.0,30.1,68,4.972222222222221,275,9.11111111111111,1008.4,0.0,5,,21.6,30.40584262044447,28.0,100,0.0,Cloudy,Overcast
2026-08-01T23:00,28.1,29.3,65,5.805555555555555,268,9.5,1007.9,0.0,5,,20.9,30.201574858071076,28.1,100,0.0,Cloudy,Overcast
2026-08-02T00:00,27.8,29.5,67,5.305555555555556,272,10.88888888888889,1007.6,0.0,5,,21.1,29.92618577523553,27.8,99,0.0,Cloudy,Overcast
2026-08-02T01:00,27.3,28.2,68,6.444444444444444,276,11.805555555555555,1006.9,0.0,5,,20.8,29.180530438504523,27.3,92,0.0,Cloudy,Overcast
2026-08-02T02:00,27.1,27.7,67,6.555555555555555,277,12.194444444444443,1006.7,0.0,5,,20.5,28.767589017875682,27.1,87,0.0,Cloudy,Overcast
2026-08-02T03:00,27.3,28.4,67,5.944444444444444,273,11.888888888888888,1006.6,0.0,5,,20.7,29.086636827635758,27.3,100,0.0,Cloudy,Overcast
2026-08-02T04:00,27.4,28.6,68,5.888888888888888,271,10.88888888888889,1007.0,0.0,5,,20.9,29.348283445084306,27.4,97,0.0,Cloudy,Overcast
2026-08-02T05:00,28.0,30.7,68,3.638888888888889,261,10.805555555555555,1006.7,0.0,5,,21.5,30.40584262044447,28.0,91,0.0,Cloudy,Overcast
2026-08-02T06:00,27.8,30.2,68,4.111111111111112,271,6.888888888888889,1007.4,0.0,5,,21.4,30.043600774204478,27.8,95,4.0,Cloudy,Overcast
2026-08-02T07:00,28.6,30.3,65,5.305555555555556,284,10.388888888888888,1008.1,0.0,5,,21.3,31.0887217336711,28.6,100,87.0,Cloudy,Overcast
2026-08-02T08:00,29.0,30.8,63,5.305555555555556,284,10.305555555555555,1008.2,0.0,5,,21.3,31.50794576844439,29.0,95,136.0,Cloudy,Overcast
2026-08-02T09:00,30.8,32.0,57,6.333333333333333,275,12.61111111111111,1008.5,0.0,5,,21.3,33.73181616279123,30.8,98,338.0,Cloudy,Overcast
2026-08-02T10:00,32.5,32.9,51,7.472222222222221,278,14.694444444444443,1008.4,0.0,11.55,,21.0,35.57018502777784,32.5,69,547.0,Partly Cloudy,Partly cloudy
2026-08-02T11:00,34.2,34.6,45,8.722222222222221,283,17.11111111111111,1007.2,0.0,11.0,,20.6,37.200315109884535,34.2,80,749.0,Cloudy,Overcast
2026-08-02T12:00,34.4,35.4,44,8.027777777777777,283,17.11111111111111,1007.2,0.0,5,,20.3,37.28706060209775,34.4,94,834.0,Cloudy,Overcast
2026-08-02T13:00,34.3,35.3,43,7.361111111111111,279,16.0,1007.0,0.0,5,,20.1,36.79391896891562,34.3,91,770.0,Cloudy,Overcast
2026-08-02T14:00,34.2,34.8,43,8.13888888888889,278,16.0,1005.9,0.0,12.05,,20.0,36.60515416051559,34.2,59,800.0,Partly Cloudy,Partly cloudy
2026-08-02T15:00,33.8,34.2,45,7.944444444444445,279,16.5,1005.4,0.0,5,,20.1,36.42314051468449,33.8,96,685.0,Cloudy,Overcast
2026-08-02T16:00,32.8,32.8,48,7.583333333333333,276,15.61111111111111,1005.2,0.0,5,,20.2,35.34952507687112,32.8,100,373.0,Cloudy,Overcast
2026-08-02T17:00,33.2,33.3,46,7.25,278,14.61111111111111,1005.6,0.0,5,,20.1,35.56852592739568,33.2,98,166.0,Cloudy,Overcast
2026-08-02T18:00,31.1,31.5,55,7.5,283,15.0,1006.7,0.0,5,,20.9,33.85445181291557,31.1,100,51.0,Cloudy,Overcast
2026-08-02T19:00,30.3,31.5,58,6.25,280,13.5,1007.0,0.0,5,,21.2,32.99469082881564,30.3,100,0.0,Cloudy,Overcast
2026-08-02T20:00,29.8,31.6,60,5.222222222222222,276,11.305555555555555,1007.7,0.0,5,,21.3,32.45510736881766,29.8,100,0.0,Cloudy,Overcast
2026-08-02T21:00,29.3,31.7,64,4.583333333333333,278,9.5,1008.5,0.0,5,,21.8,32.24580919473559,29.3,100,0.0,Cloudy,Overcast
2026-08-02T22:00,28.7,31.3,68,4.611111111111112,276,8.694444444444445,1008.9,0.0,5,,22.2,31.750250786104377,28.7,100,0.0,Cloudy,Overcast
2026-08-02T23:00,29.0,32.7,68,2.944444444444444,269,8.5,1008.4,0.0,5,,22.6,32.36288366844436,29.0,99,0.0,Cloudy,Overcast
2026-08-03T00:00,28.4,31.9,72,3.611111111111111,280,6.111111111111111,1007.9,0.1,9.8,,22.8,31.77240044876451,28.4,99,0.0,Light Rain,Light drizzle
2026-08-03T01:00,28.1,30.9,70,4.138888888888889,290,7.5,1007.5,0.0,5,,22.1,30.86128781161561,28.1,100,0.0,Cloudy,Overcast
2026-08-03T02:00,27.8,30.2,70,4.527777777777778,290,8.194444444444445,1007.2,0.0,5,,21.8,30.28427865619561,27.8,99,0.0,Cloudy,Overcast
2026-08-03T03:00,27.3,29.0,71,5.694444444444445,291,9.805555555555555,1007.4,0.0,5,,21.5,29.470738488417894,27.3,91,0.0,Cloudy,Overcast
2026-08-03T04:00,24.7,26.5,90,7.055555555555555,272,12.5,1007.8,2.7,4.6,,22.9,24.7,24.7,97,0.0,Light Rain,Moderate rain
2026-08-03T05:00,25.8,29.2,89,5.166666666666667,258,12.11111111111111,1007.2,3.1,3.8,,23.9,25.8,25.8,100,0.0,Light Rain,Moderate rain
2026-08-03T06:00,26.2,30.4,88,3.638888888888889,251,9.0,1007.7,0.2,9.6,,24.1,26.2,26.2,100,2.0,Light Rain,Light drizzle
2026-08-03T07:00,27.2,31.3,81,3.4444444444444446,257,6.611111111111111,1008.8,0.0,5,,23.7,30.295696337084436,27.2,100,40.0,Cloudy,Overcast
2026-08-03T08:00,28.0,31.6,75,3.944444444444444,262,7.305555555555555,1009.2,0.0,5,,23.2,31.35576789511109,28.0,100,87.0,Cloudy,Overcast
2026-08-03T09:00,29.8,30.7,59,6.499999999999999,277,12.194444444444443,1008.9,0.0,5,,20.9,32.267172742524416,29.8,99,156.0,Cloudy,Overcast
2026-08-03T10:00,32.3,32.3,50,8.416666666666666,281,16.38888888888889,1009.2,0.0,5,,20.5,34.9225023221844,32.3,99,629.0,Cloudy,Overcast
2026-08-03T11:00,30.6,31.8,54,7.055555555555555,272,17.805555555555554,1009.1,0.0,5,,20.3,32.72873541436453,30.6,98,754.0,Cloudy,Overcast
2026-08-03T12:00,33.3,33.5,45,8.722222222222221,279,17.305555555555554,1008.2,0.0,5,,19.9,35.48765710388448,33.3,95,778.0,Cloudy,Overcast
2026-08-03T13:00,33.8,34.5,44,8.194444444444445,278,17.38888888888889,1007.7,0.0,5,,19.8,36.14023154705788,33.8,96,828.0,Cloudy,Overcast
2026-08-03T14:00,33.9,34.6,44,7.416666666666666,275,16.5,1006.6,0.0,5,,20.1,36.32746605479784,33.9,98,701.0,Cloudy,Overcast
2026-08-03T15:00,34.0,34.4,45,7.305555555555555,273,14.88888888888889,1006.3,0.0,5,,20.4,36.808529160444465,34.0,100,589.0,Cloudy,Overcast
2026-08-03T16:00,33.1,33.2,47,7.333333333333333,274,14.5,1006.0,0.0,5,,20.2,35.64933545103107,33.1,99,317.0,Cloudy,Overcast
2026-08-03T17:00,32.4,31.9,47,8.083333333333334,265,15.61111111111111,1005.8,0.0,5,,19.8,34.36774750983119,32.4,100,209.0,Cloudy,Overcast
2026-08-03T18:00,31.0,31.0,53,7.722222222222222,265,15.499999999999998,1006.5,0.0,5,,20.3,33.2305723817778,31.0,99,62.0,Cloudy,Overcast
2026-08-03T19:00,30.1,30.2,57,7.694444444444444,268,14.694444444444443,1007.3,0.0,5,,20.6,32.43046579023128,30.1,100,0.0,Cloudy,Overcast
2026-08-03T20:00,29.2,29.6,61,7.583333333333333,274,14.5,1008.0,0.0,5,,21.0,31.539942470595683,29.2,100,0.0,Cloudy,Overcast
2026-08-03T21:00,28.9,29.1,63,8.0,276,14.805555555555554,1008.7,0.0,5,,21.2,31.326208967884572,28.9,100,0.0,Cloudy,Overcast
2026-08-03T22:00,28.6,28.8,64,8.0,277,15.11111111111111,1009.4,0.0,5,,21.0,30.940235598275606,28.6,100,0.0,Cloudy,Overcast
2026-08-03T23:00,28.9,29.1,61,7.611111111111111,277,14.61111111111111,1009.1,0.0,5,,20.6,31.015885100115625,28.9,100,0.0,Cloudy,Overcast
2026-08-04T00:00,28.2,28.3,63,7.722222222222222,278,14.11111111111111,1008.6,0.0,5,,20.5,30.117227239804485,28.2,98,0.0,Cloudy,Overcast
2026-08-04T01:00,28.0,27.9,64,8.166666666666666,283,14.694444444444443,1008.2,0.0,5,,20.6,29.910537803555528,28.0,98,0.0,Cloudy,Overcast
2026-08-04T02:00,27.9,27.7,66,8.63888888888889,282,15.805555555555555,1007.5,0.0,5,,20.9,29.981114982771107,27.9,100,0.0,Cloudy,Overcast
2026-08-04T03:00,27.7,27.8,66,7.833333333333333,283,15.694444444444445,1007.3,0.0,5,,20.8,29.6426864196511,27.7,100,0.0,Cloudy,Overcast
2026-08-04T04:00,27.9,28.4,65,7.055555555555555,284,14.11111111111111,1007.2,0.0,11.15,,20.7,29.863000982871135,27.9,77,0.0,Partly Cloudy,Partly cloudy
2026-08-04T05:00,28.4,29.2,65,6.888888888888889,280,12.805555555555555,1006.7,0.0,14.0,,21.1,30.72688375127121,28.4,20,0.0,Partly Cloudy,Mainly clear
2026-08-04T06:00,28.5,29.4,64,6.583333333333333,277,12.38888888888889,1007.3,0.0,13.4,,21.0,30.76289075505561,28.5,32,3.0,Partly Cloudy,Mainly clear
2026-08-04T07:00,29.5,30.8,61,5.972222222222222,275,11.805555555555555,1008.1,0.0,13.25,,21.1,32.08367004955543,29.5,35,92.0,Partly Cloudy,Mainly clear
2026-08-04T08:00,31.3,32.2,54,6.777777777777777,274,13.305555555555555,1009.0,0.0,11.5,,21.0,34.00349190562452,31.3,70,294.0,Partly Cloudy,Partly cloudy
2026-08-04T09:00,32.7,33.5,51,7.027777777777778,276,14.305555555555555,1009.3,0.0,12.85,,21.2,35.96836629801776,32.7,43,492.0,Partly Cloudy,Mainly clear
2026-08-04T10:00,33.7,34.4,47,7.916666666666666,280,15.805555555555555,1009.3,0.0,5,,20.9,36.81314932479111,33.7,81,665.0,Cloudy,Overcast
2026-08-04T11:00,35.5,35.0,37,8.833333333333334,279,18.194444444444443,1008.7,0.0,11.0,,18.7,37.23424343355558,35.5,80,777.0,Cloudy,Overcast
2026-08-04T12:00,34.7,35.7,43,8.38888888888889,279,17.694444444444446,1008.4,0.7,8.6,,20.4,37.56421285531556,34.7,56,866.0,Light Rain,Moderate drizzle
2026-08-04T13:00,35.3,36.4,41,8.055555555555555,279,17.11111111111111,1007.8,0.1,9.8,,20.2,38.09898897828451,35.3,93,869.0,Light Rain,Light drizzle
2026-08-04T14:00,35.2,35.0,39,9.11111111111111,279,18.11111111111111,1006.6,0.2,9.6,,19.2,37.28582067239112,35.2,80,827.0,Light Rain,Light drizzle
2026-08-04T15:00,33.8,33.2,43,9.222222222222223,284,18.305555555555557,1006.3,0.6,8.8,,19.5,35.86532957971556,33.8,88,686.0,Light Rain,Moderate drizzle
2026-08-04T16:00,33.3,32.6,45,8.61111111111111,287,18.38888888888889,1006.1,0.0,5,,19.9,35.48765710388448,33.3,83,475.0,Cloudy,Overcast
2026-08-04T17:00,33.2,32.9,46,7.861111111111111,280,16.88888888888889,1006.4,0.0,5,,20.0,35.56852592739568,33.2,100,256.0,Cloudy,Overcast
2026-08-04T18:00,31.2,31.3,52,7.25,282,14.88888888888889,1007.1,0.0,5,,20.2,33.372945688035685,31.2,99,60.0,Cloudy,Overcast
2026-08-04T19:00,29.9,30.1,56,7.083333333333333,275,13.694444444444443,1008.1,0.0,5,,20.2,31.896802705571094,29.9,99,0.0,Cloudy,Overcast
2026-08-04T20:00,29.3,29.3,58,7.305555555555555,274,13.694444444444443,1008.5,0.0,5,,20.1,31.223798344415556,29.3,98,0.0,Cloudy,Overcast
2026-08-04T21:00,28.7,28.5,58,7.472222222222221,275,14.194444444444445,1009.0,0.0,5,,19.8,30.261028467215567,28.7,99,0.0,Cloudy,Overcast
2026-08-04T22:00,28.7,28.4,58,7.5,276,14.0,1009.4,0.0,5,,19.6,30.261028467215567,28.7,99,0.0,Cloudy,Overcast
2026-08-04T23:00,28.8,28.3,56,7.5,276,13.694444444444443,1008.6,0.0,5,,19.2,30.145083329351092,28.8,98,0.0,Cloudy,Overcast
2026-08-05T00:00,28.3,28.1,59,7.194444444444444,276,13.61111111111111,1008.5,0.0,5,,19.4,29.780287115724587,28.3,96,0.0,Cloudy,Overcast
2026-08-05T01:00,28.1,28.2,61,6.805555555555555,270,13.11111111111111,1008.2,0.0,11.15,,19.7,29.714564242515547,28.1,77,0.0,Partly Cloudy,Partly cloudy
2026-08-05T02:00,27.8,28.1,62,6.722222222222221,273,12.5,1007.5,0.0,12.5,,20.0,29.368350200657826,27.8,50,0.0,Partly Cloudy,Partly cloudy
2026-08-05T03:00,27.7,28.0,64,6.75,278,12.194444444444443,1007.3,0.0,11.15,,20.1,29.426623044335543,27.7,77,0.0,Partly Cloudy,Partly cloudy
2026-08-05T04:00,27.6,28.2,66,6.861111111111111,280,12.61111111111111,1007.5,0.0,5,,20.6,29.477014028871274,27.6,95,0.0,Cloudy,Overcast
2026-08-05T05:00,29.0,30.2,58,4.805555555555555,272,12.694444444444445,1007.6,0.0,11.75,,19.9,30.733060379555532,29.0,65,0.0,Partly Cloudy,Partly cloudy
2026-08-05T06:00,28.6,30.5,60,3.8055555555555554,271,8.694444444444445,1008.3,0.0,11.15,,20.2,30.374158966737767,28.6,77,3.0,Partly Cloudy,Partly cloudy
2026-08-05T07:00,29.7,31.1,57,5.111111111111111,275,9.694444444444445,1008.6,0.0,12.95,,20.4,31.731770999191188,29.7,41,107.0,Partly Cloudy,Mainly clear
2026-08-05T08:00,31.0,31.1,54,7.555555555555555,281,14.61111111111111,1008.8,0.0,5,,20.5,33.44556605644451,31.0,84,305.0,Cloudy,Overcast
2026-08-05T09:00,32.8,32.9,47,6.916666666666666,285,15.194444444444445,1008.4,0.0,5,,19.9,35.09003579559119,32.8,83,518.0,Cloudy,Overcast
2026-08-05T10:00,34.7,35.5,40,6.638888888888888,289,14.194444444444445,1008.0,0.0,11.7,,19.2,36.66541361529555,34.7,66,719.0,Partly Cloudy,Partly cloudy
2026-08-05T11:00,36.5,37.9,36,6.138888888888889,292,14.11111111111111,1007.6,0.0,11.15,,18.9,38.74779514794449,36.5,77,807.0,Partly Cloudy,Partly cloudy
2026-08-05T12:00,36.4,37.9,35,6.805555555555555,277,14.305555555555555,1006.6,0.2,9.6,,18.7,38.23964449873774,36.4,80,934.0,Light Rain,Light drizzle
2026-08-05T13:00,36.5,37.3,35,7.444444444444445,277,15.194444444444445,1005.8,0.3,9.4,,18.7,38.42085584377782,36.5,82,885.0,Light Rain,Light drizzle
2026-08-05T14:00,35.5,35.4,37,8.333333333333334,284,17.194444444444443,1004.9,0.0,5,,18.8,37.23424343355558,35.5,98,784.0,Cloudy,Overcast
2026-08-05T15:00,35.1,34.7,39,8.527777777777777,280,17.194444444444443,1004.5,0.0,5,,19.3,37.10262772943119,35.1,97,682.0,Cloudy,Overcast
2026-08-05T16:00,34.2,33.0,41,8.805555555555555,280,17.305555555555554,1004.1,0.0,5,,19.1,36.04356324108446,34.2,90,478.0,Cloudy,Overcast
2026-08-05T17:00,34.5,34.0,41,7.611111111111111,268,17.38888888888889,1003.9,0.0,5,,19.4,36.58676951844455,34.5,99,283.0,Cloudy,Overcast
2026-08-05T18:00,32.6,32.4,46,7.305555555555555,270,14.805555555555554,1004.8,0.0,5,,19.5,34.48192885971556,32.6,97,70.0,Cloudy,Overcast
2026-08-05T19:00,31.6,31.6,49,6.916666666666666,268,13.805555555555555,1005.9,0.0,5,,19.7,33.42440024307559,31.6,98,0.0,Cloudy,Overcast
2026-08-05T20:00,30.5,30.6,55,7.611111111111111,270,14.0,1006.7,0.0,5,,20.4,32.752115369555526,30.5,99,0.0,Cloudy,Overcast
2026-08-05T21:00,30.0,30.0,57,7.861111111111111,270,14.194444444444445,1007.5,0.0,5,,20.6,32.25272841111113,30.0,100,0.0,Cloudy,Overcast
2026-08-05T22:00,29.9,30.0,57,7.444444444444445,271,14.305555555555555,1008.1,0.0,5,,20.4,32.07703348623114,29.9,100,0.0,Cloudy,Overcast
2026-08-05T23:00,30.0,30.4,56,6.805555555555555,270,13.805555555555555,1007.9,0.0,5,,20.3,32.06808781111105,30.0,100,0.0,Cloudy,Overcast
2026-08-06T00:00,29.6,30.3,59,6.666666666666666,272,12.61111111111111,1007.6,0.0,5,,20.7,31.90810205276451,29.6,100,0.0,Cloudy,Overcast
2026-08-06T01:00,29.4,30.4,60,6.305555555555555,269,12.11111111111111,1007.2,0.0,5,,20.8,31.72705770113784,29.4,100,0.0,Cloudy,Overcast
2026-08-06T02:00,29.2,30.2,62,6.499999999999999,268,11.805555555555555,1006.7,0.0,5,,21.1,31.707360894257857,29.2,100,0.0,Cloudy,Overcast
2026-08-06T03:00,28.8,29.8,64,6.75,270,12.305555555555554,1006.5,0.0,5,,21.4,31.30179953763562,28.8,100,0.0,Cloudy,Overcast
2026-08-06T04:00,28.3,29.8,67,6.111111111111111,265,12.38888888888889,1007.1,0.0,5,,21.6,30.82563389883565,28.3,99,0.0,Cloudy,Overcast
2026-08-06T05:00,29.1,30.2,64,6.75,271,11.11111111111111,1007.1,0.0,5,,21.6,31.861331078975557,29.1,96,0.0,Cloudy,Overcast
2026-08-06T06:00,29.1,30.6,63,5.861111111111112,267,12.38888888888889,1007.6,0.0,5,,21.3,31.691938850284536,29.1,97,3.0,Cloudy,Overcast
2026-08-06T07:00,29.9,31.7,60,5.333333333333333,264,10.694444444444445,1008.0,0.0,5,,21.4,32.642494817037814,29.9,98,88.0,Cloudy,Overcast
2026-08-06T08:00,31.7,33.0,54,5.916666666666667,266,11.888888888888888,1008.4,0.0,5,,21.2,34.7744635280245,31.7,100,286.0,Cloudy,Overcast
2026-08-06T09:00,32.5,33.8,51,5.916666666666667,273,12.5,1008.8,0.0,5,,21.0,35.57018502777784,32.5,98,356.0,Cloudy,Overcast
2026-08-06T10:00,33.2,34.6,48,5.361111111111112,278,13.305555555555555,1008.8,0.0,5,,20.7,36.11713430647121,33.2,94,454.0,Cloudy,Overcast
2026-08-06T11:00,35.8,36.9,38,6.027777777777778,280,14.61111111111111,1007.9,0.2,9.6,,19.5,38.08991335607115,35.8,85,677.0,Light Rain,Light drizzle
2026-08-06T12:00,35.7,37.4,39,6.638888888888888,285,15.0,1007.4,0.5,9.0,,19.5,38.222335756791125,35.7,81,892.0,Light Rain,Moderate drizzle
2026-08-06T13:00,34.6,35.9,42,7.333333333333333,284,15.388888888888888,1006.9,0.2,9.6,,20.0,37.065655402097846,34.6,88,835.0,Light Rain,Light drizzle
2026-08-06T14:00,34.4,36.0,45,6.194444444444445,280,15.61111111111111,1006.6,0.2,9.6,,20.7,37.59849836300438,34.4,95,679.0,Light Rain,Light drizzle
2026-08-06T15:00,33.5,34.1,47,6.888888888888889,283,14.88888888888889,1005.9,0.3,9.4,,20.7,36.41851291311118,33.5,99,485.0,Light Rain,Light drizzle
2026-08-06T16:00,33.1,33.8,49,6.777777777777777,285,15.194444444444445,1005.6,0.0,5,,20.8,36.20331926667557,33.1,98,410.0,Cloudy,Overcast
2026-08-06T17:00,32.5,32.7,49,7.305555555555555,278,13.5,1005.8,0.0,5,,20.4,35.04451980555562,32.5,100,249.0,Cloudy,Overcast
2026-08-06T18:00,31.2,32.0,54,6.638888888888888,287,13.88888888888889,1007.0,0.0,5,,20.7,33.81558301612463,31.2,100,31.0,Cloudy,Overcast
2026-08-06T19:00,30.2,32.2,59,4.944444444444445,300,12.61111111111111,1007.9,0.0,5,,21.4,33.010685758524595,30.2,99,0.0,Cloudy,Overcast
2026-08-06T20:00,28.9,32.1,68,3.8055555555555554,303,9.305555555555555,1008.3,0.1,9.8,,22.5,32.156242177384506,28.9,80,0.0,Light Rain,Light drizzle
2026-08-06T21:00,28.5,32.3,70,2.861111111111111,297,7.0,1008.8,0.0,13.0,,22.6,31.665622529055568,28.5,40,0.0,Partly Cloudy,Mainly clear
2026-08-06T22:00,28.1,31.6,71,3.0277777777777777,299,5.611111111111111,1009.4,0.0,5,,22.4,31.000023693537774,28.1,87,0.0,Cloudy,Overcast
2026-08-06T23:00,28.4,31.1,66,3.7777777777777777,281,5.694444444444445,1008.9,0.0,11.7,,21.5,30.868508449671214,28.4,66,0.0,Partly Cloudy,Partly cloudy
2026-08-07T00:00,27.7,31.0,71,3.0277777777777777,289,6.888888888888889,1008.2,0.0,11.55,,21.9,30.215114208417713,27.7,69,0.0,Partly Cloudy,Partly cloudy
2026-08-07T01:00,26.9,30.1,78,4.0,288,6.388888888888888,1007.6,0.1,9.8,,22.7,29.345598374317863,26.9,62,0.0,Light Rain,Light drizzle
2026-08-07T02:00,26.4,29.7,80,4.027777777777778,264,7.194444444444444,1007.2,0.1,9.8,,22.8,26.4,26.4,92,0.0,Light Rain,Light drizzle
2026-08-07T03:00,26.7,30.0,78,3.75,257,7.0,1006.8,0.0,5,,22.6,28.936190902237765,26.7,97,0.0,Cloudy,Overcast
2026-08-07T04:00,27.3,29.8,71,4.083333333333333,256,7.388888888888889,1007.0,0.0,5,,21.6,29.470738488417894,27.3,100,0.0,Cloudy,Overcast
2026-08-07T05:00,27.8,30.3,68,3.9722222222222223,264,7.611111111111111,1006.8,0.0,5,,21.4,30.043600774204478,27.8,97,0.0,Cloudy,Overcast
2026-08-07T06:00,27.3,31.2,75,2.5833333333333335,236,7.111111111111112,1007.8,0.0,5,,22.5,29.87757939535119,27.3,84,3.0,Cloudy,Overcast
2026-08-07T07:00,28.0,32.8,75,1.5555555555555554,197,4.888888888888889,1008.2,0.0,12.95,,23.2,31.35576789511109,28.0,41,87.0,Partly Cloudy,Mainly clear
2026-08-07T08:00,30.3,33.3,61,3.4444444444444446,257,7.388888888888889,1008.3,0.0,5,,21.9,33.629775723795575,30.3,100,302.0,Cloudy,Overcast
2026-08-07T09:00,31.7,33.1,52,5.249999999999999,272,11.305555555555555,1008.5,0.0,11.0,,20.5,34.28580817393564,31.7,80,333.0,Cloudy,Overcast
2026-08-07T10:00,33.9,34.8,44,6.083333333333333,275,12.999999999999998,1008.5,0.0,11.35,,19.8,36.32746605479784,33.9,73,627.0,Partly Cloudy,Partly cloudy
2026-08-07T11:00,34.1,33.5,42,9.86111111111111,278,17.11111111111111,1007.7,0.0,11.3,,19.5,36.13750250839786,34.1,74,788.0,Partly Cloudy,Partly cloudy
2026-08-07T12:00,34.3,33.9,41,9.333333333333334,280,19.305555555555554,1007.2,0.0,11.85,,19.4,36.22318496868453,34.3,63,784.0,Partly Cloudy,Partly cloudy
2026-08-07T13:00,35.1,34.6,38,9.277777777777777,277,19.0,1006.5,0.0,5,,18.5,36.811692907251135,35.1,100,856.0,Cloudy,Overcast
2026-08-07T14:00,35.1,34.4,38,9.055555555555555,277,18.88888888888889,1005.2,0.0,5,,18.4,36.811692907251135,35.1,96,780.0,Cloudy,Overcast
2026-08-07T15:00,34.7,33.8,38,8.5,272,18.305555555555557,1005.1,0.0,5,,18.5,36.11056996037116,34.7,94,655.0,Cloudy,Overcast
2026-08-07T16:00,33.8,32.7,41,8.305555555555555,271,17.0,1005.4,0.0,5,,18.8,35.3395466458845,33.8,97,476.0,Cloudy,Overcast
2026-08-07T17:00,33.0,32.6,45,7.722222222222222,266,16.5,1005.3,0.0,5,,19.6,34.9455589684445,33.0,100,198.0,Cloudy,Overcast
2026-08-07T18:00,31.8,32.0,50,6.944444444444445,270,14.805555555555554,1006.3,0.0,5,,20.0,34.00006314988447,31.8,98,39.0,Cloudy,Overcast
2026-08-07T19:00,30.5,31.0,55,7.055555555555555,272,13.38888888888889,1007.1,0.0,5,,20.6,32.752115369555526,30.5,100,0.0,Cloudy,Overcast
2026-08-07T20:00,29.3,30.3,62,6.555555555555555,272,13.38888888888889,1007.7,0.0,5,,21.2,31.89109059895784,29.3,99,0.0,Cloudy,Overcast
2026-08-07T21:00,28.6,29.9,65,6.361111111111111,272,12.11111111111111,1008.5,0.0,5,,21.5,31.0887217336711,28.6,100,0.0,Cloudy,Overcast
2026-08-07T22:00,28.5,29.9,64,5.583333333333334,264,11.805555555555555,1008.9,0.0,5,,20.9,30.76289075505561,28.5,100,0.0,Cloudy,Overcast
2026-08-07T23:00,28.7,29.8,62,5.888888888888888,270,12.694444444444445,1008.7,0.0,5,,20.7,30.822027395357768,28.7,100,0.0,Cloudy,Overcast
2026-08-08T00:00,28.5,29.4,63,6.194444444444445,264,11.805555555555555,1007.9,0.0,5,,20.7,30.62182457844439,28.5,100,0.0,Cloudy,Overcast
2026-08-08T01:00,28.1,29.3,64,5.805555555555555,263,11.38888888888889,1007.6,0.0,5,,20.7,30.076425558575593,28.1,93,0.0,Cloudy,Overcast
2026-08-08T02:00,28.1,28.7,64,6.75,270,12.194444444444443,1006.8,0.0,5,,20.7,30.076425558575593,28.1,100,0.0,Cloudy,Overcast
2026-08-08T03:00,28.2,28.9,62,6.416666666666667,273,12.305555555555554,1006.3,0.0,5,,20.4,29.99221893745774,28.2,99,0.0,Cloudy,Overcast
2026-08-08T04:00,27.7,29.9,67,4.138888888888889,261,11.5,1006.4,0.0,5,,21.0,29.753484051635585,27.7,100,0.0,Cloudy,Overcast
2026-08-08T05:00,28.5,31.1,65,3.5833333333333335,262,7.305555555555555,1006.0,0.0,5,,21.2,30.906639537111143,28.5,89,0.0,Cloudy,Overcast
2026-08-08T06:00,27.7,31.1,68,2.361111111111111,208,6.305555555555555,1006.9,0.0,5,,21.4,29.86612564650446,27.7,100,4.0,Cloudy,Overcast
2026-08-08T07:00,27.9,31.9,70,1.4444444444444444,211,4.388888888888889,1007.8,0.0,5,,21.8,30.47411581441567,27.9,100,35.0,Cloudy,Overcast
2026-08-08T08:00,29.1,32.9,65,2.0833333333333335,235,4.888888888888889,1008.4,0.0,5,,21.9,32.03402887727111,29.1,100,108.0,Cloudy,Overcast
2026-08-08T09:00,30.8,34.2,58,2.5555555555555554,247,6.0,1008.8,0.0,5,,21.6,33.95807895651558,30.8,100,244.0,Cloudy,Overcast
2026-08-08T10:00,31.3,34.0,55,3.3055555555555554,265,7.111111111111112,1008.8,0.0,5,,21.1,34.23765755259555,31.3,100,220.0,Cloudy,Overcast
2026-08-08T11:00,34.2,34.5,44,6.805555555555555,280,13.305555555555555,1008.1,0.0,5,,20.1,36.89853838145785,34.2,99,555.0,Cloudy,Overcast
2026-08-08T12:00,35.2,35.2,40,8.805555555555555,279,18.0,1007.4,0.0,5,,19.6,37.590685680995556,35.2,100,775.0,Cloudy,Overcast
2026-08-08T13:00,35.5,35.7,40,8.472222222222221,280,18.305555555555557,1006.7,0.0,5,,19.8,38.162752117055625,35.5,100,763.0,Cloudy,Overcast
2026-08-08T14:00,34.0,33.4,44,8.833333333333334,284,17.805555555555554,1005.9,0.9,8.2,,19.9,36.516262029777806,34.0,98,603.0,Light Rain,Moderate drizzle
2026-08-08T15:00,33.4,32.7,45,8.75,264,18.694444444444443,1005.5,0.2,9.6,,20.0,35.67155513420448,33.4,97,422.0,Light Rain,Light drizzle
2026-08-08T16:00,32.9,32.4,47,8.472222222222221,278,16.805555555555554,1005.5,0.0,5,,20.2,35.27479440063118,32.9,88,318.0,Cloudy,Overcast
2026-08-08T17:00,32.1,31.0,51,10.0,270,17.5,1005.7,0.0,5,,20.6,34.79570411673779,32.1,95,273.0,Cloudy,Overcast
2026-08-08T18:00,30.5,29.9,54,8.694444444444445,268,19.0,1006.6,0.0,5,,20.2,32.554361769944435,30.5,100,58.0,Cloudy,Overcast
2026-08-08T19:00,29.9,30.8,59,6.499999999999999,269,16.38888888888889,1007.2,0.0,5,,21.0,32.44987954196447,29.9,100,0.0,Cloudy,Overcast
2026-08-08T20:00,29.5,31.1,61,5.416666666666667,268,12.305555555555554,1008.3,0.0,5,,21.1,32.08367004955543,29.5,99,0.0,Cloudy,Overcast
2026-08-08T21:00,29.1,30.8,62,5.138888888888888,260,10.11111111111111,1008.8,0.0,5,,21.1,31.52585219119787,29.1,99,0.0,Cloudy,Overcast
2026-08-08T22:00,28.8,29.8,63,6.499999999999999,274,12.61111111111111,1009.1,0.0,5,,21.1,31.14672844860453,28.8,94,0.0,Cloudy,Overcast
2026-08-08T23:00,29.0,30.0,62,6.583333333333333,265,11.805555555555555,1008.5,0.0,5,,21.1,31.34656448977779,29.0,96,0.0,Cloudy,Overcast
2026-08-09T00:00,28.8,29.4,63,7.277777777777778,265,13.194444444444445,1008.1,0.0,5,,21.1,31.14672844860453,28.8,100,0.0,Cloudy,Overcast
2026-08-09T01:00,28.4,29.3,65,7.055555555555555,266,13.305555555555555,1007.6,0.0,5,,21.3,30.72688375127121,28.4,98,0.0,Cloudy,Overcast
2026-08-09T02:00,28.2,29.0,67,7.111111111111112,274,12.999999999999998,1007.4,0.0,5,,21.4,30.64095234003563,28.2,95,0.0,Cloudy,Overcast
2026-08-09T03:00,28.3,29.0,65,7.194444444444444,276,13.11111111111111,1007.4,0.0,5,,21.2,30.54945437615106,28.3,99,0.0,Cloudy,Overcast
2026-08-09T04:00,28.3,29.5,65,6.222222222222221,273,13.11111111111111,1007.3,0.0,5,,21.1,30.54945437615106,28.3,98,0.0,Cloudy,Overcast
2026-08-09T05:00,28.6,29.9,64,6.0,270,11.305555555555555,1007.3,0.0,5,,21.2,30.940235598275606,28.6,99,0.0,Cloudy,Overcast
2026-08-09T06:00,28.6,29.8,64,6.305555555555555,270,11.305555555555555,1007.6,0.0,11.0,,21.2,30.940235598275606,28.6,80,4.0,Cloudy,Overcast
2026-08-09T07:00,29.6,30.5,61,6.888888888888889,271,13.11111111111111,1008.2,0.0,5,,21.3,32.26928373331552,29.6,99,114.0,Cloudy,Overcast
2026-08-09T08:00,31.6,31.9,54,7.861111111111111,272,15.11111111111111,1008.7,0.0,5,,21.1,34.57882021276445,31.6,98,341.0,Cloudy,Overcast
2026-08-09T09:00,33.0,33.2,49,7.666666666666667,274,15.805555555555555,1009.0,0.0,5,,20.8,36.005812703555605,33.0,88,523.0,Cloudy,Overcast
2026-08-09T10:00,34.8,35.7,42,7.194444444444444,276,15.305555555555555,1008.7,0.0,5,,20.0,37.44731379985786,34.8,83,735.0,Cloudy,Overcast
2026-08-09T11:00,36.2,38.2,38,5.805555555555555,277,15.61111111111111,1008.2,0.0,5,,19.7,38.8496137792711,36.2,96,827.0,Cloudy,Overcast
2026-08-09T12:00,36.8,38.8,37,6.555555555555555,280,13.805555555555555,1007.5,0.2,9.6,,19.9,39.66581851923562,36.8,99,903.0,Light Rain,Light drizzle
2026-08-09T13:00,37.5,38.9,36,6.777777777777777,285,14.0,1006.5,0.0,5,,19.8,40.676934581944494,37.5,91,805.0,Cloudy,Overcast
2026-08-09T14:00,37.4,38.6,35,6.333333333333333,292,14.0,1005.7,0.0,5,,19.3,40.10640106753783,37.4,99,765.0,Cloudy,Overcast
2026-08-09T15:00,34.6,34.3,44,8.333333333333334,279,15.61111111111111,1005.2,1.0,8.0,,20.4,37.6818286916978,34.6,98,529.0,Light Rain,Dense drizzle
2026-08-09T16:00,35.3,34.7,39,7.694444444444444,281,16.11111111111111,1005.2,0.2,9.6,,19.2,37.47038363999116,35.3,99,447.0,Light Rain,Light drizzle
2026-08-09T17:00,34.7,34.9,43,7.055555555555555,286,15.305555555555555,1005.6,0.0,11.7,,20.2,37.56421285531556,34.7,66,245.0,Partly Cloudy,Partly cloudy
2026-08-09T18:00,33.0,33.1,46,7.055555555555555,272,14.0,1006.5,0.0,12.7,,19.9,35.19977873955561,33.0,46,75.0,Partly Cloudy,Mainly clear
2026-08-09T19:00,31.4,31.7,52,7.055555555555555,273,13.5,1007.6,0.0,13.5,,20.4,33.73250970787562,31.4,30,0.0,Partly Cloudy,Mainly clear
2026-08-09T20:00,30.3,31.1,58,6.916666666666666,277,13.38888888888889,1008.4,0.0,13.6,,21.1,32.99469082881564,30.3,28,0.0,Partly Cloudy,Mainly clear
2026-08-09T21:00,29.6,30.9,62,6.333333333333333,275,12.805555555555555,1009.0,0.0,13.15,,21.5,32.45560572289786,29.6,37,0.0,Partly Cloudy,Mainly clear
2026-08-09T22:00,29.4,30.5,61,6.555555555555555,272,11.888888888888888,1009.1,0.0,12.95,,21.2,31.90024194451565,29.4,41,0.0,Partly Cloudy,Mainly clear
2026-08-09T23:00,29.1,30.5,63,6.027777777777778,276,12.999999999999998,1008.9,0.0,12.4,,21.4,31.691938850284536,29.1,52,0.0,Partly Cloudy,Partly cloudy
2026-08-10T00:00,29.0,30.0,61,6.333333333333333,275,11.888888888888888,1008.4,0.0,13.5,,20.9,31.18838531155553,29.0,30,0.0,Partly Cloudy,Mainly clear
2026-08-10T01:00,28.8,30.1,62,5.694444444444445,273,11.38888888888889,1007.8,0.0,14.2,,20.8,30.99465209185784,28.8,16,0.0,Sunny,Clear skies
2026-08-10T02:00,28.5,30.1,64,5.333333333333333,276,10.194444444444445,1007.3,0.0,12.45,,21.0,30.76289075505561,28.5,51,0.0,Partly Cloudy,Partly cloudy
2026-08-10T03:00,28.3,30.2,65,4.888888888888889,276,9.5,1006.8,0.0,13.15,,21.1,30.54945437615106,28.3,37,0.0,Partly Cloudy,Mainly clear
2026-08-10T04:00,28.2,30.2,65,4.666666666666667,276,8.805555555555555,1007.0,0.0,12.95,,21.1,30.374351411751135,28.2,41,0.0,Partly Cloudy,Mainly clear
2026-08-10T05:00,28.5,31.0,65,3.611111111111111,264,8.305555555555555,1007.0,0.0,14.2,,21.2,30.906639537111143,28.5,16,0.0,Sunny,Clear skies
2026-08-10T06:00,28.2,31.5,67,2.694444444444444,255,6.388888888888888,1007.7,0.0,14.55,,21.5,30.64095234003563,28.2,9,4.0,Sunny,Clear skies
2026-08-10T07:00,29.8,33.0,61,2.6666666666666665,262,5.694444444444445,1008.3,0.0,14.3,,21.5,32.64706783699556,29.8,14,122.0,Sunny,Clear skies
2026-08-10T08:00,32.0,34.5,53,3.611111111111111,276,8.11111111111111,1008.8,0.0,14.75,,21.1,35.11130041377789,32.0,5,341.0,Sunny,Clear skies
2026-08-10T09:00,34.6,36.4,43,4.277777777777778,284,9.694444444444445,1008.6,0.0,13.55,,20.2,37.369354185795565,34.6,29,566.0,Partly Cloudy,Mainly clear
2026-08-10T10:00,36.4,39.2,38,3.8055555555555554,287,10.0,1008.2,0.0,12.65,,19.8,39.237451828551016,36.4,47,744.0,Partly Cloudy,Mainly clear
2026-08-10T11:00,36.2,41.3,37,0.8611111111111112,263,9.5,1007.4,0.0,14.350000000000001,,19.2,38.516411757635574,36.2,13,880.0,Sunny,Clear skies
2026-08-10T12:00,36.1,41.0,40,2.5555555555555554,137,7.111111111111112,1006.5,0.0,13.65,,20.2,39.34491718161563,36.1,27,948.0,Partly Cloudy,Mainly clear
2026-08-10T13:00,33.9,38.5,53,5.194444444444444,137,12.11111111111111,1005.8,0.2,9.6,,22.9,39.20731744521778,33.9,44,925.0,Light Rain,Light drizzle
2026-08-10T14:00,34.4,38.2,50,5.111111111111111,153,12.61111111111111,1004.3,0.5,9.0,,22.5,39.28445318860442,34.4,47,818.0,Light Rain,Moderate drizzle
2026-08-10T15:00,32.7,38.0,60,2.055555555555556,183,11.61111111111111,1004.3,1.2,7.6,,23.8,38.7622484503178,32.7,73,617.0,Light Rain,Dense drizzle
2026-08-10T16:00,35.1,38.8,45,1.611111111111111,275,6.0,1003.7,0.5,9.0,,21.4,39.042518515404495,35.1,48,459.0,Light Rain,Moderate drizzle
2026-08-10T17:00,32.4,38.6,66,1.2222222222222223,7,9.194444444444445,1004.3,1.1,7.8,,25.2,40.09279065287127,32.4,44,243.0,Light Rain,Dense drizzle
2026-08-10T18:00,33.2,35.3,47,3.638888888888889,282,6.499999999999999,1005.1,0.0,13.45,,20.4,35.83911789639116,33.2,31,72.0,Partly Cloudy,Mainly clear
2026-08-10T19:00,32.0,33.1,52,6.194444444444445,283,11.61111111111111,1006.2,0.0,13.35,,21.0,34.85584956355563,32.0,33,0.0,Partly Cloudy,Mainly clear
2026-08-10T20:00,30.8,31.7,57,6.833333333333334,276,12.5,1006.9,0.0,13.75,,21.2,33.73181616279123,30.8,25,0.0,Partly Cloudy,Mainly clear
2026-08-10T21:00,30.3,31.9,58,5.388888888888888,271,12.5,1007.7,0.0,14.350000000000001,,21.1,32.99469082881564,30.3,13,0.0,Sunny,Clear skies
2026-08-10T22:00,30.2,31.4,57,5.805555555555555,268,10.805555555555555,1007.9,0.0,5,,20.7,32.61024562359132,30.2,83,0.0,Cloudy,Overcast
2026-08-10T23:00,30.2,31.7,56,5.055555555555555,268,10.694444444444445,1007.6,0.0,11.95,,20.6,32.4166769669512,30.2,61,0.0,Partly Cloudy,Partly cloudy
2026-08-11T00:00,29.9,31.3,56,5.055555555555555,274,9.305555555555555,1007.2,0.0,12.25,,20.3,31.896802705571094,29.9,55,0.0,Partly Cloudy,Partly cloudy
2026-08-11T01:00,29.7,30.8,56,5.333333333333333,276,9.61111111111111,1006.5,0.0,14.55,,20.0,31.560251439251186,29.7,9,0.0,Sunny,Clear skies
2026-08-11T02:00,29.1,30.2,58,5.333333333333333,281,9.61111111111111,1005.7,0.0,14.0,,20.1,30.894561250895613,29.1,20,0.0,Partly Cloudy,Mainly clear
2026-08-11T03:00,28.6,30.0,61,5.055555555555555,288,9.694444444444445,1005.2,0.0,12.9,,20.4,30.51149793811552,28.6,42,0.0,Partly Cloudy,Mainly clear
2026-08-11T04:00,28.3,30.2,63,4.361111111111111,292,8.88888888888889,1005.3,0.0,12.15,,20.5,30.283170071404616,28.3,57,0.0,Partly Cloudy,Partly cloudy
2026-08-11T05:00,28.6,30.9,64,3.9166666666666665,287,7.888888888888888,1005.4,0.0,5,,21.1,30.940235598275606,28.6,88,0.0,Cloudy,Overcast
2026-08-11T06:00,28.7,30.9,63,3.861111111111111,293,6.888888888888889,1006.3,0.0,11.55,,20.8,30.969504210604416,28.7,69,4.0,Partly Cloudy,Partly cloudy
2026-08-11T07:00,30.6,32.6,55,4.138888888888889,289,8.305555555555555,1006.9,0.0,13.85,,20.6,32.930913029315576,30.6,23,122.0,Partly Cloudy,Mainly clear
2026-08-11T08:00,32.8,34.9,49,4.0,283,8.805555555555555,1007.4,0.0,5,,20.7,35.616047560835554,32.8,84,350.0,Cloudy,Overcast
2026-08-11T09:00,35.0,37.6,42,2.638888888888889,289,8.805555555555555,1007.7,0.0,5,,20.2,37.834913477777796,35.0,97,560.0,Cloudy,Overcast
2026-08-11T10:00,36.3,41.1,39,0.5,45,7.0,1007.5,0.0,5,,20.1,39.391364671191155,36.3,92,711.0,Cloudy,Overcast
2026-08-11T11:00,33.3,37.4,52,4.666666666666667,105,9.194444444444445,1007.3,0.0,5,,22.1,37.51950270193562,33.3,100,842.0,Cloudy,Overcast
2026-08-11T12:00,33.1,36.7,51,5.305555555555556,112,11.805555555555555,1007.1,0.1,9.8,,21.5,36.78661046793779,33.1,100,903.0,Light Rain,Light drizzle
2026-08-11T13:00,32.6,35.9,56,6.083333333333333,150,12.805555555555555,1006.4,0.1,9.8,,22.6,37.225717092071214,32.6,99,800.0,Light Rain,Light drizzle
2026-08-11T14:00,34.0,37.5,48,5.027777777777778,174,13.61111111111111,1005.6,0.4,9.2,,21.6,37.73453079511117,34.0,100,821.0,Light Rain,Light drizzle
2026-08-11T15:00,31.9,35.0,58,4.111111111111112,204,11.11111111111111,1005.2,1.4,7.2,,22.6,36.260436462095704,31.9,100,517.0,Light Rain,Slight rain
2026-08-11T16:00,32.9,35.7,50,3.3055555555555554,190,8.88888888888889,1004.9,0.1,9.8,,21.2,36.08838284290449,32.9,99,408.0,Light Rain,Light drizzle
2026-08-11T17:00,32.5,35.8,52,2.2222222222222223,162,7.5,1005.0,0.0,5,,21.3,35.843125043055615,32.5,99,213.0,Cloudy,Overcast
2026-08-11T18:00,31.5,35.7,57,1.2222222222222223,173,5.111111111111111,1006.0,0.1,9.8,,21.9,35.133246793111226,31.5,100,46.0,Light Rain,Light drizzle
2026-08-11T19:00,31.4,35.2,56,1.5555555555555554,291,2.388888888888889,1007.1,0.0,5,,21.5,34.67674235527118,31.4,100,0.0,Cloudy,Overcast
2026-08-11T20:00,31.1,33.7,56,3.555555555555556,281,6.305555555555555,1007.8,0.0,5,,21.2,34.0846407567712,31.1,100,0.0,Cloudy,Overcast
2026-08-11T21:00,30.4,31.7,58,6.027777777777778,265,11.11111111111111,1008.4,0.0,5,,21.2,33.18321155379562,30.4,100,0.0,Cloudy,Overcast
2026-08-11T22:00,29.6,31.0,61,5.861111111111112,268,11.694444444444445,1009.1,0.0,5,,21.2,32.26928373331552,29.6,100,0.0,Cloudy,Overcast
2026-08-11T23:00,29.9,30.9,59,6.25,272,11.0,1008.6,0.0,5,,20.9,32.44987954196447,29.9,98,0.0,Cloudy,Overcast
2026-08-12T00:00,29.3,30.2,60,6.388888888888888,270,12.194444444444443,1008.0,0.0,5,,20.8,31.55042031551779,29.3,97,0.0,Cloudy,Overcast
2026-08-12T01:00,28.8,30.1,62,5.694444444444445,272,11.61111111111111,1007.4,0.0,5,,20.9,30.99465209185784,28.8,99,0.0,Cloudy,Overcast
2026-08-12T02:00,28.4,30.0,64,5.277777777777778,275,10.305555555555555,1006.7,0.0,5,,21.0,30.58783732947565,28.4,99,0.0,Cloudy,Overcast
2026-08-12T03:00,28.2,29.9,66,5.305555555555556,269,9.5,1006.5,0.0,5,,21.2,30.506467281351142,28.2,100,0.0,Cloudy,Overcast
2026-08-12T04:00,28.0,29.6,66,5.527777777777778,274,9.88888888888889,1006.8,0.0,5,,21.2,30.15387115511107,28.0,99,0.0,Cloudy,Overcast
2026-08-12T05:00,28.7,30.0,64,5.972222222222222,275,10.11111111111111,1006.5,0.0,5,,21.1,31.119871859135532,28.7,98,0.0,Cloudy,Overcast
2026-08-12T06:00,28.8,30.3,63,5.472222222222222,275,10.805555555555555,1007.2,0.0,5,,21.0,31.14672844860453,28.8,98,4.0,Cloudy,Overcast
2026-08-12T07:00,30.2,31.8,58,5.055555555555555,271,9.805555555555555,1008.2,0.0,13.05,,20.9,32.80824855411564,30.2,39,110.0,Partly Cloudy,Mainly clear
2026-08-12T08:00,32.1,33.1,50,5.916666666666667,273,11.694444444444445,1008.9,0.0,13.6,,20.5,34.54816724290446,32.1,28,346.0,Partly Cloudy,Mainly clear
2026-08-12T09:00,34.0,34.6,44,6.416666666666667,280,13.11111111111111,1008.7,0.0,5,,20.1,36.516262029777806,34.0,93,575.0,Cloudy,Overcast
2026-08-12T10:00,35.7,36.8,39,6.611111111111111,283,13.61111111111111,1008.7,0.0,11.3,,19.7,38.222335756791125,35.7,74,744.0,Partly Cloudy,Partly cloudy
2026-08-12T11:00,37.1,39.6,35,4.888888888888889,278,14.194444444444445,1008.2,0.0,11.5,,19.1,39.53362403593779,37.1,70,880.0,Partly Cloudy,Partly cloudy
2026-08-12T12:00,37.5,41.7,34,2.5555555555555554,249,11.0,1007.9,0.0,5,,18.8,39.93406154305559,37.5,88,929.0,Cloudy,Overcast
2026-08-12T13:00,37.2,40.7,35,2.4722222222222223,214,8.194444444444445,1007.0,0.0,5,,19.0,39.723335421617776,37.2,91,809.0,Cloudy,Overcast
2026-08-12T14:00,37.0,40.5,36,2.861111111111111,202,8.5,1006.2,0.1,9.8,,19.4,39.69669686844449,37.0,97,793.0,Light Rain,Light drizzle
2026-08-12T15:00,34.4,37.0,47,3.861111111111111,197,8.805555555555555,1005.9,0.7,8.6,,21.6,38.24712708903111,34.4,95,553.0,Light Rain,Moderate drizzle
2026-08-12T16:00,35.4,37.6,40,3.0,274,8.38888888888889,1005.9,1.2,7.6,,19.9,37.97065470531561,35.4,98,413.0,Light Rain,Dense drizzle
2026-08-12T17:00,35.2,35.8,40,5.75,296,10.611111111111112,1006.1,0.0,5,,19.7,37.590685680995556,35.2,85,244.0,Cloudy,Overcast
2026-08-12T18:00,33.3,34.7,48,5.333333333333333,295,11.5,1007.2,0.0,5,,20.7,36.313316719571155,33.3,96,69.0,Cloudy,Overcast
2026-08-12T19:00,32.2,34.0,52,4.944444444444445,293,10.305555555555555,1008.1,0.0,5,,21.1,35.24517878083567,32.2,97,0.0,Cloudy,Overcast
2026-08-12T20:00,31.2,33.3,56,4.833333333333333,286,9.5,1009.3,0.0,5,,21.4,34.2800016413512,31.2,95,0.0,Cloudy,Overcast
2026-08-12T21:00,30.3,32.6,60,4.527777777777778,281,9.0,1010.1,0.0,12.75,,21.6,33.41354473511771,30.3,45,0.0,Partly Cloudy,Mainly clear
2026-08-12T22:00,29.7,31.6,61,5.111111111111111,272,9.194444444444445,1010.6,0.0,13.85,,21.3,32.457082995795645,29.7,23,0.0,Partly Cloudy,Mainly clear
2026-08-12T23:00,29.8,31.1,59,5.5,267,10.0,1010.2,0.0,5,,20.8,32.267172742524416,29.8,83,0.0,Cloudy,Overcast
2026-08-13T00:00,29.3,31.2,61,4.805555555555555,269,10.11111111111111,1009.5,0.0,5,,21.1,31.718999418195594,29.3,97,0.0,Cloudy,Overcast
2026-08-13T01:00,29.0,31.6,64,3.9166666666666665,266,8.5,1009.2,0.0,5,,21.4,31.67252914755559,29.0,98,0.0,Cloudy,Overcast
2026-08-13T02:00,28.7,31.0,65,4.388888888888889,270,8.0,1008.5,0.0,5,,21.4,31.273130340951134,28.7,88,0.0,Cloudy,Overcast
2026-08-13T03:00,28.4,30.8,65,4.055555555555555,268,7.888888888888888,1008.5,0.0,5,,21.3,30.72688375127121,28.4,95,0.0,Cloudy,Overcast
2026-08-13T04:00,28.3,30.7,66,4.055555555555555,269,7.194444444444444,1008.7,0.0,5,,21.3,30.68630723525122,28.3,98,0.0,Cloudy,Overcast
2026-08-13T05:00,29.3,31.1,62,5.111111111111111,271,7.805555555555555,1008.6,0.0,5,,21.2,31.89109059895784,29.3,84,0.0,Cloudy,Overcast
2026-08-13T06:00,29.1,31.7,64,3.888888888888889,263,9.11111111111111,1009.2,0.0,12.65,,21.5,31.861331078975557,29.1,47,4.0,Partly Cloudy,Mainly clear
2026-08-13T07:00,30.3,33.7,60,2.5833333333333335,257,6.805555555555555,1010.0,0.0,13.15,,21.7,33.41354473511771,30.3,37,118.0,Partly Cloudy,Mainly clear
2026-08-13T08:00,32.2,35.2,53,3.0277777777777777,264,7.111111111111112,1010.6,0.0,13.85,,21.4,35.51021046753791,32.2,23,337.0,Partly Cloudy,Mainly clear
2026-08-13T09:00,33.9,36.4,47,3.5833333333333335,264,8.61111111111111,1010.5,0.0,13.35,,21.0,37.21448419023119,33.9,33,546.0,Partly Cloudy,Mainly clear
2026-08-13T10:00,35.9,38.4,40,4.916666666666666,274,12.194444444444443,1010.4,0.0,13.3,,20.3,38.94522776121552,35.9,34,755.0,Partly Cloudy,Mainly clear
2026-08-13T11:00,37.4,39.3,34,5.611111111111111,275,12.888888888888888,1009.7,0.0,14.2,,18.7,39.74581601107564,37.4,16,886.0,Sunny,Clear skies
2026-08-13T12:00,37.7,40.5,33,4.222222222222222,275,12.5,1009.1,0.2,9.6,,18.7,39.94971639833781,37.7,45,899.0,Light Rain,Light drizzle
2026-08-13T13:00,37.4,41.0,36,3.6666666666666665,272,10.499999999999998,1008.1,0.4,9.2,,19.7,40.478380159804466,37.4,77,878.0,Light Rain,Light drizzle
2026-08-13T14:00,34.3,36.9,44,4.666666666666667,264,10.11111111111111,1007.3,2.8,4.4,,20.3,37.092018758157806,34.3,78,759.0,Light Rain,Moderate rain
2026-08-13T15:00,35.2,35.7,41,6.722222222222221,254,14.0,1007.2,0.6,8.8,,20.0,37.90489693548454,35.2,81,570.0,Light Rain,Moderate drizzle
2026-08-13T16:00,33.9,34.0,43,6.916666666666666,273,14.11111111111111,1007.4,0.7,8.6,,19.7,36.04800052699555,33.9,55,340.0,Light Rain,Moderate drizzle
2026-08-13T17:00,33.7,32.7,42,8.222222222222223,278,15.88888888888889,1007.6,0.0,13.1,,19.0,35.421715954157776,33.7,38,216.0,Partly Cloudy,Mainly clear
2026-08-13T18:00,32.2,32.1,48,7.444444444444445,279,15.305555555555555,1008.7,0.0,13.65,,19.9,34.24947250087112,32.2,27,69.0,Partly Cloudy,Mainly clear
2026-08-13T19:00,30.5,31.0,55,6.861111111111111,280,14.805555555555554,1009.3,0.0,13.9,,20.4,32.752115369555526,30.5,22,0.0,Partly Cloudy,Mainly clear
2026-08-13T20:00,30.0,30.7,58,6.638888888888888,277,12.5,1010.0,0.0,13.65,,20.7,32.44159935555555,30.0,27,0.0,Partly Cloudy,Mainly clear
2026-08-13T21:00,29.4,30.3,60,6.527777777777778,276,12.194444444444443,1010.4,0.0,14.65,,20.8,31.72705770113784,29.4,7,0.0,Sunny,Clear skies
2026-08-13T22:00,29.2,30.0,61,6.444444444444444,273,12.11111111111111,1010.9,0.0,14.05,,20.8,31.539942470595683,29.2,19,0.0,Sunny,Clear skies
2026-08-13T23:00,29.4,30.1,58,6.361111111111111,271,11.5,1011.0,0.0,5,,20.3,31.391534566595713,29.4,100,0.0,Cloudy,Overcast
2026-08-14T00:00,29.4,30.3,59,6.166666666666666,266,11.5,1010.4,0.0,13.95,,20.5,31.557488575164573,29.4,21,0.0,Partly Cloudy,Mainly clear
2026-08-14T01:00,29.0,30.7,61,4.777777777777778,256,11.0,1009.8,0.0,5,,20.8,31.18838531155553,29.0,100,0.0,Cloudy,Overcast
2026-08-14T02:00,28.6,31.2,64,3.416666666666667,258,8.5,1009.0,0.0,5,,21.0,30.940235598275606,28.6,98,0.0,Cloudy,Overcast
2026-08-14T03:00,28.0,31.5,68,2.055555555555556,252,5.888888888888888,1008.5,0.0,13.6,,21.4,30.40584262044447,28.0,28,0.0,Partly Cloudy,Mainly clear
2026-08-14T04:00,27.7,31.6,70,1.5555555555555554,239,3.5,1008.7,0.0,14.55,,21.7,30.096940724895553,27.7,9,0.0,Sunny,Clear skies
2026-08-14T05:00,27.7,31.6,71,1.9166666666666667,217,3.1111111111111107,1008.8,0.0,14.0,,22.0,30.215114208417713,27.7,20,0.0,Partly Cloudy,Mainly clear
2026-08-14T06:00,27.5,31.4,73,2.2777777777777777,203,3.8055555555555554,1009.6,0.0,13.55,,22.2,30.058952405555562,27.5,29,4.0,Partly Cloudy,Mainly clear
2026-08-14T07:00,29.3,32.9,65,2.4166666666666665,218,5.388888888888888,1010.4,0.0,14.75,,21.9,32.42843660975104,29.3,5,122.0,Sunny,Clear skies
2026-08-14T08:00,31.7,34.4,53,3.222222222222222,255,7.305555555555555,1010.4,0.0,14.55,,21.0,34.527163112737895,31.7,9,353.0,Sunny,Clear skies
2026-08-14T09:00,33.9,35.4,44,4.75,269,10.305555555555555,1010.6,0.0,13.85,,20.1,36.32746605479784,33.9,23,573.0,Partly Cloudy,Mainly clear
2026-08-14T10:00,35.4,37.7,40,4.694444444444444,270,12.0,1010.2,0.0,12.4,,19.9,37.97065470531561,35.4,52,722.0,Partly Cloudy,Partly cloudy
2026-08-14T11:00,37.1,39.8,36,5.0,277,11.5,1009.1,0.0,11.85,,19.6,39.89023753170453,37.1,63,887.0,Partly Cloudy,Partly cloudy
2026-08-14T12:00,37.5,41.1,35,3.861111111111111,253,11.194444444444443,1008.7,0.2,9.6,,19.3,40.29975532777778,37.5,96,946.0,Light Rain,Light drizzle
2026-08-14T13:00,37.5,40.2,35,4.472222222222222,263,10.694444444444445,1007.9,0.8,8.4,,19.3,40.29975532777778,37.5,88,845.0,Light Rain,Moderate drizzle
2026-08-14T14:00,37.1,39.7,35,4.277777777777778,277,11.38888888888889,1006.8,0.2,9.6,,19.2,39.53362403593779,37.1,75,817.0,Light Rain,Light drizzle
2026-08-14T15:00,36.4,37.8,38,5.361111111111112,284,10.88888888888889,1006.4,0.8,8.4,,19.6,39.237451828551016,36.4,84,646.0,Light Rain,Moderate drizzle
2026-08-14T16:00,28.8,32.0,77,5.916666666666667,257,15.0,1007.4,4.1,1.8000000000000007,,24.4,33.59024433292454,28.8,99,405.0,Light Rain,Moderate rain
2026-08-14T17:00,33.3,33.7,47,7.194444444444444,277,10.694444444444445,1007.1,0.6,8.8,,20.6,36.03057495519112,33.3,52,196.0,Light Rain,Moderate drizzle
2026-08-14T18:00,31.3,31.7,55,7.805555555555555,285,15.0,1008.1,0.0,11.95,,21.2,34.23765755259555,31.3,61,70.0,Partly Cloudy,Partly cloudy
2026-08-14T19:00,30.3,31.6,59,6.333333333333333,288,14.11111111111111,1009.0,0.0,13.05,,21.4,33.20184977012445,30.3,39,0.0,Partly Cloudy,Mainly clear
2026-08-14T20:00,29.9,32.3,62,4.75,287,11.5,1009.8,0.0,13.35,,21.9,33.04010986159781,29.9,33,0.0,Partly Cloudy,Mainly clear
2026-08-14T21:00,29.9,33.0,62,3.3611111111111107,275,8.5,1010.3,0.0,12.8,,21.9,33.04010986159781,29.9,44,0.0,Partly Cloudy,Mainly clear
2026-08-14T22:00,29.2,32.5,65,3.1111111111111107,275,5.888888888888888,1010.7,0.0,12.05,,22.0,32.23006953815122,29.2,59,0.0,Partly Cloudy,Partly cloudy
2026-08-14T23:00,29.0,32.2,66,3.2499999999999996,260,6.111111111111111,1010.4,0.0,13.55,,21.9,32.011302207111086,29.0,29,0.0,Partly Cloudy,Mainly clear
2026-08-15T00:00,28.4,32.3,69,2.3333333333333335,251,5.805555555555555,1010.1,0.0,12.55,,22.2,31.308852204497814,28.4,49,0.0,Partly Cloudy,Mainly clear
2026-08-15T01:00,27.8,32.0,73,1.9166666666666667,233,4.0,1009.9,0.0,12.85,,22.5,30.65991518931551,27.8,43,0.0,Partly Cloudy,Mainly clear
2026-08-15T02:00,27.5,32.1,74,1.2777777777777777,257,3.3055555555555554,1009.5,0.0,12.75,,22.6,30.17194809861116,27.5,45,0.0,Partly Cloudy,Mainly clear
2026-08-15T03:00,27.3,31.6,76,1.8333333333333333,225,3.1111111111111107,1009.3,0.0,12.0,,22.6,29.982842629295558,27.3,60,0.0,Partly Cloudy,Partly cloudy
2026-08-15T04:00,27.1,31.5,77,1.6388888888888888,227,3.3888888888888884,1009.4,0.0,11.0,,22.7,29.669262345164498,27.1,80,0.0,Cloudy,Overcast
2026-08-15T05:00,27.9,30.4,69,4.166666666666667,267,3.8055555555555554,1009.2,0.0,11.4,,21.6,30.347783881697765,27.9,72,0.0,Partly Cloudy,Partly cloudy
2026-08-15T06:00,27.8,31.0,71,3.2499999999999996,249,7.5,1010.0,0.0,5,,22.0,30.40754153921777,27.8,94,4.0,Cloudy,Overcast
2026-08-15T07:00,28.9,32.6,68,2.8055555555555554,227,6.0,1010.3,0.0,5,,22.4,32.156242177384506,28.9,99,116.0,Cloudy,Overcast
2026-08-15T08:00,31.0,34.0,58,3.4444444444444446,251,7.611111111111111,1010.6,0.0,5,,21.7,34.35798335955565,31.0,98,332.0,Cloudy,Overcast
2026-08-15T09:00,33.4,34.9,46,4.75,271,10.305555555555555,1010.7,0.0,5,,20.3,35.943821280515635,33.4,97,546.0,Cloudy,Overcast
2026-08-15T10:00,35.0,37.4,42,4.611111111111112,272,10.805555555555555,1010.5,0.0,5,,20.0,37.834913477777796,35.0,97,724.0,Cloudy,Overcast
2026-08-15T11:00,36.3,39.1,37,4.416666666666667,283,12.11111111111111,1009.9,0.0,5,,19.2,38.704748439635665,36.3,99,854.0,Cloudy,Overcast
2026-08-15T12:00,37.2,40.0,35,4.472222222222222,286,11.11111111111111,1009.2,0.0,5,,19.0,39.723335421617776,37.2,99,878.0,Cloudy,Overcast
2026-08-15T13:00,37.9,40.0,32,4.833333333333333,287,11.305555555555555,1008.0,0.0,5,,18.3,39.96129975986449,37.9,97,867.0,Cloudy,Overcast
2026-08-15T14:00,37.6,38.5,32,5.972222222222222,293,12.805555555555555,1007.0,0.1,9.8,,18.1,39.41652874556449,37.6,96,766.0,Light Rain,Light drizzle
2026-08-15T15:00,37.1,37.2,34,6.777777777777777,289,14.194444444444445,1006.6,0.1,9.8,,18.8,39.18812941537558,37.1,92,622.0,Light Rain,Light drizzle
2026-08-15T16:00,36.3,35.6,35,7.444444444444445,284,15.11111111111111,1006.5,0.0,5,,18.6,38.05964744521779,36.3,88,490.0,Cloudy,Overcast
2026-08-15T17:00,34.8,34.6,40,6.916666666666666,282,14.805555555555554,1007.1,0.0,5,,19.1,36.84765082899557,34.8,100,263.0,Cloudy,Overcast
2026-08-15T18:00,33.1,33.0,44,6.861111111111111,278,13.61111111111111,1007.9,0.0,5,,19.2,34.8733110755978,33.1,100,61.0,Cloudy,Overcast
2026-08-15T19:00,32.2,32.4,46,6.111111111111111,278,13.11111111111111,1008.9,0.0,5,,19.2,33.790271640995655,32.2,100,0.0,Cloudy,Overcast
2026-08-15T20:00,31.6,32.7,49,4.916666666666666,274,11.61111111111111,1009.8,0.0,5,,19.6,33.42440024307559,31.6,98,0.0,Cloudy,Overcast
2026-08-15T21:00,30.9,32.5,53,4.5,267,9.0,1010.3,0.0,5,,20.2,33.05293328361793,30.9,96,0.0,Cloudy,Overcast
2026-08-15T22:00,30.1,32.0,57,4.194444444444445,262,8.305555555555555,1010.6,0.0,11.4,,20.5,32.43046579023128,30.1,72,0.0,Partly Cloudy,Partly cloudy
2026-08-15T23:00,29.8,31.5,57,4.388888888888889,251,7.611111111111111,1010.3,0.0,5,,20.3,31.903381015591112,29.8,97,0.0,Cloudy,Overcast
2026-08-16T00:00,29.3,31.5,58,3.5,245,7.888888888888888,1009.8,0.0,5,,20.3,31.223798344415556,29.3,85,0.0,Cloudy,Overcast
2026-08-16T01:00,28.8,31.3,61,3.083333333333333,248,6.194444444444445,1009.5,0.0,5,,20.5,30.845570467395607,28.8,90,0.0,Cloudy,Overcast
2026-08-16T02:00,28.2,30.8,64,3.2499999999999996,260,5.694444444444445,1008.9,0.0,5,,20.9,30.244604731235526,28.2,100,0.0,Cloudy,Overcast
2026-08-16T03:00,27.7,30.7,70,3.2499999999999996,268,5.888888888888888,1008.9,0.0,5,,21.6,30.096940724895553,27.7,100,0.0,Cloudy,Overcast
2026-08-16T04:00,27.4,30.6,72,3.138888888888889,256,5.694444444444445,1008.8,0.0,5,,21.8,29.757669571164392,27.4,99,0.0,Cloudy,Overcast
2026-08-16T05:00,27.7,31.2,71,2.5277777777777777,256,5.5,1008.8,0.0,5,,21.8,30.215114208417713,27.7,98,0.0,Cloudy,Overcast
2026-08-16T06:00,27.7,30.9,70,2.944444444444444,249,5.111111111111111,1009.3,0.0,5,,21.7,30.096940724895553,27.7,98,4.0,Cloudy,Overcast
2026-08-16T07:00,29.3,32.3,63,3.1111111111111107,249,6.499999999999999,1009.7,0.0,5,,21.6,32.066693857804566,29.3,98,119.0,Cloudy,Overcast
2026-08-16T08:00,31.4,33.9,55,3.861111111111111,260,8.38888888888889,1010.2,0.0,5,,21.4,34.43221547091558,31.4,90,323.0,Cloudy,Overcast
2026-08-16T09:00,33.7,35.6,47,4.361111111111111,266,9.694444444444445,1010.3,0.0,11.15,,20.7,36.81314932479111,33.7,77,546.0,Partly Cloudy,Partly cloudy
2026-08-16T10:00,35.7,37.8,39,4.75,272,11.888888888888888,1009.7,0.0,5,,19.8,38.222335756791125,35.7,99,727.0,Cloudy,Overcast
2026-08-16T11:00,37.0,39.0,35,5.472222222222222,279,11.888888888888888,1009.1,0.0,5,,18.9,39.34512694177781,37.0,97,851.0,Cloudy,Overcast
2026-08-16T12:00,37.8,40.0,32,4.777777777777778,281,12.194444444444443,1008.2,0.1,9.8,,18.3,39.778613434524445,37.8,97,872.0,Light Rain,Light drizzle
2026-08-16T13:00,38.0,40.5,31,3.5,268,11.194444444444443,1007.4,0.1,9.8,,17.9,39.78907673955563,38.0,98,806.0,Light Rain,Light drizzle
2026-08-16T14:00,37.1,39.2,32,2.972222222222222,256,9.194444444444445,1006.6,0.6,8.8,,17.7,38.53049679986453,37.1,96,700.0,Light Rain,Moderate drizzle
2026-08-16T15:00,36.1,37.8,36,3.4444444444444446,227,7.888888888888888,1006.5,0.9,8.2,,18.9,38.01123568650449,36.1,97,590.0,Light Rain,Moderate drizzle
2026-08-16T16:00,35.3,37.8,42,2.972222222222222,225,8.0,1006.3,0.3,9.4,,20.4,38.42745289495786,35.3,90,415.0,Light Rain,Light drizzle
2026-08-16T17:00,35.0,36.3,40,4.138888888888889,257,8.0,1006.7,0.0,5,,19.2,37.216351055555634,35.0,98,239.0,Cloudy,Overcast
2026-08-16T18:00,33.7,35.1,43,4.166666666666667,267,9.0,1007.6,0.0,5,,19.4,35.68418209771552,33.7,99,69.0,Cloudy,Overcast
2026-08-16T19:00,32.8,34.4,47,4.194444444444445,255,8.11111111111111,1008.5,0.0,5,,20.0,35.09003579559119,32.8,97,0.0,Cloudy,Overcast
2026-08-16T20:00,31.7,33.7,52,4.083333333333333,243,7.694444444444444,1009.3,0.0,5,,20.6,34.28580817393564,31.7,97,0.0,Cloudy,Overcast
2026-08-16T21:00,30.6,33.0,56,3.6944444444444446,238,7.5,1010.2,0.0,12.4,,21.0,33.13793105767115,30.6,52,0.0,Partly Cloudy,Partly cloudy
2026-08-16T22:00,29.8,32.6,61,3.194444444444444,230,6.611111111111111,1010.7,0.0,14.3,,21.3,32.64706783699556,29.8,14,0.0,Sunny,Clear skies
2026-08-16T23:00,29.2,32.3,63,3.0555555555555554,220,5.805555555555555,1010.8,0.0,14.25,,21.5,31.878188213404503,29.2,15,0.0,Sunny,Clear skies
2026-08-17T00:00,28.5,31.5,67,3.4444444444444446,214,6.194444444444445,1010.4,0.0,13.65,,21.9,31.202184917555606,28.5,27,0.0,Partly Cloudy,Mainly clear
2026-08-17T01:00,27.8,31.1,72,3.416666666666667,214,6.305555555555555,1010.3,0.0,13.0,,22.3,30.53275371692448,27.8,40,0.0,Partly Cloudy,Mainly clear
2026-08-17T02:00,27.2,30.7,75,3.3055555555555554,215,6.888888888888889,1009.5,0.0,13.55,,22.4,29.677083454151102,27.2,29,0.0,Partly Cloudy,Mainly clear
2026-08-17T03:00,26.4,29.9,81,3.7222222222222223,216,7.0,1009.5,0.0,11.25,,22.9,26.4,26.4,75,0.0,Partly Cloudy,Partly cloudy
2026-08-17T04:00,26.2,30.2,83,2.972222222222222,217,7.0,1009.5,0.0,14.2,,23.1,26.2,26.2,16,0.0,Sunny,Clear skies
2026-08-17T05:00,26.2,30.5,86,3.0555555555555554,212,5.5,1009.4,0.0,11.45,,23.7,26.2,26.2,71,0.0,Partly Cloudy,Partly cloudy
2026-08-17T06:00,26.3,31.0,86,2.25,209,5.5,1009.7,0.0,12.95,,23.7,26.3,26.3,41,4.0,Partly Cloudy,Mainly clear
2026-08-17T07:00,27.9,32.3,75,2.3333333333333335,214,5.388888888888888,1010.3,0.0,14.45,,23.2,31.136592726071132,27.9,11,122.0,Sunny,Clear skies
2026-08-17T08:00,30.5,34.4,63,2.861111111111111,241,7.0,1010.7,0.0,12.95,,22.8,34.50475153044439,30.5,41,350.0,Partly Cloudy,Mainly clear
2026-08-17T09:00,33.2,36.5,51,3.1111111111111107,259,7.805555555555555,1010.8,0.0,12.05,,21.9,36.995730183217816,33.2,59,564.0,Partly Cloudy,Partly cloudy
2026-08-17T10:00,35.8,38.7,40,4.194444444444445,273,11.194444444444443,1010.5,0.0,5,,20.3,38.74749595059561,35.8,91,760.0,Cloudy,Overcast
2026-08-17T11:00,36.6,38.2,35,5.972222222222222,281,11.305555555555555,1010.1,0.0,5,,18.8,38.60328148033782,36.6,96,847.0,Cloudy,Overcast
2026-08-17T12:00,38.2,40.0,31,5.5,285,13.194444444444445,1009.3,0.0,5,,18.0,40.14974409459562,38.2,92,911.0,Cloudy,Overcast
2026-08-17T13:00,38.6,41.1,29,4.0,279,12.38888888888889,1008.4,0.0,5,,17.6,40.14712397623119,38.6,95,910.0,Cloudy,Overcast
2026-08-17T14:00,38.1,39.9,29,3.416666666666667,267,10.305555555555555,1007.3,0.0,5,,17.1,39.28281929503113,38.1,98,748.0,Cloudy,Overcast
2026-08-17T15:00,38.1,39.1,29,3.75,268,9.388888888888888,1006.7,0.0,5,,17.1,39.28281929503113,38.1,97,634.0,Cloudy,Overcast
2026-08-17T16:00,36.9,36.5,34,6.555555555555555,281,13.305555555555555,1006.7,0.0,5,,18.4,38.8222133517756,36.9,87,439.0,Cloudy,Overcast
2026-08-17T17:00,35.7,35.0,38,7.638888888888888,278,15.61111111111111,1007.5,0.0,12.5,,19.0,37.903316515971156,35.7,50,259.0,Partly Cloudy,Partly cloudy
2026-08-17T18:00,33.4,33.3,44,7.194444444444444,281,15.11111111111111,1008.4,0.0,12.85,,19.6,35.40690818849783,33.4,43,66.0,Partly Cloudy,Mainly clear
2026-08-17T19:00,31.9,32.3,51,7.055555555555555,277,13.805555555555555,1009.1,0.0,13.5,,20.6,34.419404475937746,31.9,30,0.0,Partly Cloudy,Mainly clear
2026-08-17T20:00,31.2,32.8,54,4.944444444444445,271,13.194444444444445,1010.2,0.0,14.600000000000001,,20.7,33.81558301612463,31.2,8,0.0,Sunny,Clear skies
2026-08-17T21:00,31.0,32.7,53,4.472222222222222,264,9.305555555555555,1011.0,0.0,12.35,,20.4,33.2305723817778,31.0,53,0.0,Partly Cloudy,Partly cloudy
2026-08-17T22:00,30.3,32.4,56,3.8055555555555554,271,8.5,1011.5,0.0,14.4,,20.5,32.59398101725108,30.3,12,0.0,Sunny,Clear skies
2026-08-17T23:00,30.1,31.8,54,3.8055555555555554,253,7.0,1011.5,0.0,12.5,,19.8,31.87620325666449,30.1,50,0.0,Partly Cloudy,Partly cloudy
2026-08-18T00:00,29.3,31.6,58,3.222222222222222,238,6.888888888888889,1011.2,0.0,13.5,,20.3,31.223798344415556,29.3,30,0.0,Partly Cloudy,Mainly clear
2026-08-18T01:00,28.8,31.4,62,3.083333333333333,239,5.805555555555555,1010.9,0.0,13.75,,20.8,30.99465209185784,28.8,25,0.0,Partly Cloudy,Mainly clear
2026-08-18T02:00,28.3,31.1,65,3.083333333333333,234,5.5,1010.4,0.0,13.5,,21.1,30.54945437615106,28.3,30,0.0,Partly Cloudy,Mainly clear
2026-08-18T03:00,27.9,30.7,67,3.2777777777777777,241,5.888888888888888,1010.0,0.0,14.15,,21.1,30.101283465875653,27.9,17,0.0,Sunny,Clear skies
2026-08-18T04:00,27.6,30.8,68,2.611111111111111,241,5.805555555555555,1010.2,0.0,14.25,,21.3,29.691081049084566,27.6,15,0.0,Sunny,Clear skies
2026-08-18T05:00,27.9,31.6,70,2.0277777777777777,228,4.5,1010.1,0.0,14.5,,21.8,30.47411581441567,27.9,10,0.0,Sunny,Clear skies
2026-08-18T06:00,27.5,31.4,71,1.8333333333333333,209,3.3888888888888884,1010.7,0.0,14.55,,21.8,29.837859627777814,27.5,9,4.0,Sunny,Clear skies
2026-08-18T07:00,29.1,32.9,64,1.7222222222222223,216,4.5,1011.2,0.0,14.15,,21.6,31.861331078975557,29.1,17,129.0,Sunny,Clear skies
2026-08-18T08:00,31.4,34.8,54,1.8333333333333333,253,5.388888888888888,1011.7,0.0,14.600000000000001,,21.0,34.1933344015645,31.4,8,359.0,Sunny,Clear skies
2026-08-18T09:00,33.9,36.7,44,2.305555555555556,269,6.611111111111111,1011.6,0.0,14.7,,20.0,36.32746605479784,33.9,6,586.0,Sunny,Clear skies
2026-08-18T10:00,35.9,39.1,37,2.694444444444444,272,7.805555555555555,1011.5,0.0,14.65,,18.9,37.95915637947556,35.9,7,775.0,Sunny,Clear skies
2026-08-18T11:00,37.4,40.5,30,2.7777777777777777,277,8.694444444444445,1010.4,0.0,12.65,,17.1,38.41741614327114,37.4,47,905.0,Partly Cloudy,Mainly clear
2026-08-18T12:00,37.7,41.8,29,1.5,244,8.0,1009.6,0.0,11.35,,16.7,38.60895063199114,37.7,73,955.0,Partly Cloudy,Partly cloudy
2026-08-18T13:00,37.9,42.2,29,1.1111111111111112,201,6.611111111111111,1008.8,0.0,11.9,,16.9,38.94393217663116,37.9,62,941.0,Partly Cloudy,Partly cloudy
2026-08-18T14:00,37.4,40.6,31,1.6666666666666665,219,6.194444444444445,1007.6,0.3,9.4,,17.3,38.732425056515616,37.4,59,793.0,Light Rain,Light drizzle
2026-08-18T15:00,37.8,40.4,29,1.5277777777777777,229,6.305555555555555,1006.6,0.0,5,,16.8,38.77595320759113,37.8,84,704.0,Cloudy,Overcast
2026-08-18T16:00,37.0,38.6,32,1.972222222222222,294,6.0,1006.5,0.2,9.6,,17.4,38.35657837244443,37.0,82,480.0,Light Rain,Light drizzle
2026-08-18T17:00,35.7,36.3,35,4.416666666666667,299,9.694444444444445,1006.8,0.1,9.8,,18.1,37.005165246017796,35.7,45,258.0,Light Rain,Light drizzle
2026-08-18T18:00,33.1,33.3,47,7.277777777777778,298,13.61111111111111,1007.9,0.1,9.8,,20.3,35.64933545103107,33.1,38,67.0,Light Rain,Light drizzle
2026-08-18T19:00,31.7,32.1,52,7.138888888888888,281,14.0,1008.7,0.0,12.25,,20.6,34.28580817393564,31.7,55,0.0,Partly Cloudy,Partly cloudy
2026-08-18T20:00,30.9,32.0,54,5.5,273,13.38888888888889,1009.4,0.0,13.65,,20.4,33.26345798626451,30.9,27,0.0,Partly Cloudy,Mainly clear
2026-08-18T21:00,30.6,32.2,55,4.694444444444444,269,10.388888888888888,1010.2,0.0,13.95,,20.5,32.930913029315576,30.6,21,0.0,Partly Cloudy,Mainly clear
2026-08-18T22:00,30.4,32.1,56,4.555555555555555,266,8.694444444444445,1010.7,0.0,14.15,,20.6,32.7732913824711,30.4,17,0.0,Sunny,Clear skies
2026-08-18T23:00,30.1,31.2,54,5.194444444444444,269,8.61111111111111,1010.4,0.0,14.8,,19.9,31.87620325666449,30.1,4,0.0,Sunny,Clear skies
2026-08-19T00:00,29.6,30.6,56,5.416666666666667,273,9.805555555555555,1009.8,0.0,14.25,,19.9,31.394985278471033,29.6,15,0.0,Sunny,Clear skies
2026-08-19T01:00,29.1,30.0,57,5.416666666666667,272,9.805555555555555,1009.1,0.0,14.0,,19.8,30.745002439831094,29.1,20,0.0,Partly Cloudy,Mainly clear
2026-08-19T02:00,28.8,29.7,57,5.361111111111112,275,9.61111111111111,1009.0,0.0,14.5,,19.6,30.279191292391218,28.8,10,0.0,Sunny,Clear skies
2026-08-19T03:00,28.6,29.2,58,5.555555555555555,277,9.88888888888889,1008.7,0.0,12.6,,19.4,30.1078413969955,28.6,48,0.0,Partly Cloudy,Mainly clear
2026-08-19T04:00,28.5,29.3,59,5.527777777777778,279,10.0,1009.1,0.0,13.6,,19.6,30.084385926444497,28.5,28,0.0,Partly Cloudy,Mainly clear
2026-08-19T05:00,29.2,30.3,58,5.222222222222222,279,9.805555555555555,1009.3,0.0,12.35,,20.1,31.058140572515615,29.2,53,0.0,Partly Cloudy,Partly cloudy
2026-08-19T06:00,29.1,30.7,59,4.694444444444444,271,9.305555555555555,1009.7,0.0,14.4,,20.3,31.04742563156449,29.1,12,4.0,Sunny,Clear skies
2026-08-19T07:00,30.7,32.8,54,3.861111111111111,268,9.11111111111111,1010.2,0.0,14.7,,20.4,32.90504266522449,30.7,6,128.0,Sunny,Clear skies
2026-08-19T08:00,32.8,34.4,48,4.666666666666667,274,9.805555555555555,1010.7,0.0,14.850000000000001,,20.4,35.34952507687112,32.8,3,356.0,Sunny,Clear skies
2026-08-19T09:00,35.0,36.2,42,5.666666666666666,278,12.0,1010.7,0.0,14.9,,20.3,37.834913477777796,35.0,2,580.0,Sunny,Clear skies
2026-08-19T10:00,37.0,39.3,36,4.805555555555555,283,12.11111111111111,1010.3,0.0,14.5,,19.6,39.69669686844449,37.0,10,771.0,Sunny,Clear skies
2026-08-19T11:00,36.8,41.9,35,1.0833333333333333,214,11.0,1009.9,0.0,13.95,,19.1,38.97177562801781,36.8,21,894.0,Partly Cloudy,Mainly clear
2026-08-19T12:00,37.3,42.4,37,2.138888888888889,152,7.888888888888888,1009.0,0.0,12.8,,20.0,40.65919971483558,37.3,44,951.0,Partly Cloudy,Mainly clear
2026-08-19T13:00,37.7,43.0,37,1.777777777777778,158,8.61111111111111,1008.1,0.0,5,,20.5,41.47716867483555,37.7,89,886.0,Cloudy,Overcast
2026-08-19T14:00,36.8,40.6,37,1.8888888888888888,268,7.611111111111111,1007.3,0.3,9.4,,19.8,39.66581851923562,36.8,83,727.0,Light Rain,Light drizzle
2026-08-19T15:00,36.5,38.9,36,2.1666666666666665,292,7.805555555555555,1007.0,1.1,7.8,,19.1,38.74779514794449,36.5,75,583.0,Light Rain,Dense drizzle
2026-08-19T16:00,31.9,36.0,62,3.333333333333333,283,7.888888888888888,1007.4,1.5,7.0,,23.6,37.447634496797896,31.9,82,388.0,Light Rain,Slight rain
2026-08-19T17:00,34.7,36.2,43,4.972222222222221,285,12.888888888888888,1006.9,0.5,9.0,,20.5,37.56421285531556,34.7,33,240.0,Light Rain,Moderate drizzle
2026-08-19T18:00,32.9,33.5,50,7.333333333333333,283,13.305555555555555,1007.7,0.0,14.0,,21.0,36.08838284290449,32.9,20,69.0,Partly Cloudy,Mainly clear
2026-08-19T19:00,31.1,31.9,55,6.888888888888889,277,14.0,1008.8,0.0,13.85,,21.0,33.85445181291557,31.1,23,0.0,Partly Cloudy,Mainly clear
2026-08-19T20:00,30.1,31.0,60,7.138888888888888,276,14.194444444444445,1009.3,0.0,14.7,,21.5,33.02371975103776,30.1,6,0.0,Sunny,Clear skies
2026-08-19T21:00,29.8,31.0,61,6.416666666666667,278,13.194444444444445,1010.2,0.0,14.9,,21.4,32.64706783699556,29.8,2,0.0,Sunny,Clear skies
2026-08-19T22:00,29.5,30.7,62,6.388888888888888,277,11.61111111111111,1010.9,0.0,14.5,,21.4,32.26521301327779,29.5,10,0.0,Sunny,Clear skies
2026-08-19T23:00,29.6,31.3,62,5.777777777777778,279,11.61111111111111,1010.6,0.0,13.95,,21.6,32.45560572289786,29.6,21,0.0,Partly Cloudy,Mainly clear
2026-08-20T00:00,29.2,31.0,62,5.166666666666667,285,10.388888888888888,1010.0,0.0,12.75,,21.3,31.707360894257857,29.2,45,0.0,Partly Cloudy,Mainly clear
2026-08-20T01:00,28.8,30.5,63,5.111111111111111,288,9.194444444444445,1009.6,0.0,12.7,,21.0,31.14672844860453,28.8,46,0.0,Partly Cloudy,Mainly clear
2026-08-20T02:00,28.6,30.4,64,4.944444444444445,284,9.11111111111111,1009.2,0.0,12.15,,21.1,30.940235598275606,28.6,57,0.0,Partly Cloudy,Partly cloudy
2026-08-20T03:00,28.5,30.2,63,4.888888888888889,284,8.88888888888889,1009.3,0.0,12.35,,20.8,30.62182457844439,28.5,53,0.0,Partly Cloudy,Partly cloudy
2026-08-20T04:00,28.6,30.1,61,4.916666666666666,287,8.805555555555555,1009.3,0.0,13.35,,20.4,30.51149793811552,28.6,33,0.0,Partly Cloudy,Mainly clear
2026-08-20T05:00,28.5,30.2,62,4.583333333333333,284,8.61111111111111,1008.6,0.0,12.3,,20.5,30.483441007277843,28.5,54,0.0,Partly Cloudy,Partly cloudy
2026-08-20T06:00,28.4,30.7,63,3.611111111111111,272,7.888888888888888,1009.0,0.0,5,,20.7,30.45136918428464,28.4,92,4.0,Cloudy,Overcast
2026-08-20T07:00,30.1,32.2,58,4.111111111111112,279,8.194444444444445,1010.0,0.0,5,,20.8,32.623884729695675,30.1,92,117.0,Cloudy,Overcast
2026-08-20T08:00,32.9,34.3,47,4.583333333333333,286,9.5,1010.6,0.0,5,,20.0,35.27479440063118,32.9,88,341.0,Cloudy,Overcast
2026-08-20T09:00,34.9,36.5,41,3.944444444444444,290,9.88888888888889,1010.7,0.0,5,,19.5,37.33130299620449,34.9,97,558.0,Cloudy,Overcast
2026-08-20T10:00,36.3,40.2,37,1.7222222222222223,291,9.0,1010.3,0.0,5,,19.4,38.704748439635665,36.3,93,744.0,Cloudy,Overcast
2026-08-20T11:00,33.3,38.5,57,4.5,124,6.611111111111111,1009.9,0.0,5,,23.7,39.19647776079115,33.3,95,869.0,Cloudy,Overcast
2026-08-20T12:00,33.2,37.3,54,5.75,130,12.694444444444445,1009.3,0.3,9.4,,22.5,37.941146029724514,33.2,95,949.0,Light Rain,Light drizzle
2026-08-20T13:00,32.2,35.1,54,6.083333333333333,146,13.194444444444445,1008.6,0.6,8.8,,21.7,35.7816842009245,32.2,97,828.0,Light Rain,Moderate drizzle
2026-08-20T14:00,32.7,36.1,54,5.611111111111111,149,12.694444444444445,1007.4,0.6,8.8,,22.2,36.83724503482447,32.7,98,823.0,Light Rain,Moderate drizzle
2026-08-20T15:00,33.5,36.1,50,5.111111111111111,153,11.888888888888888,1007.0,0.4,9.2,,21.5,37.318576287944424,33.5,93,661.0,Light Rain,Light drizzle
2026-08-20T16:00,34.0,37.8,49,1.777777777777778,153,10.805555555555555,1007.0,0.3,9.4,,21.8,38.059598087555614,34.0,73,433.0,Light Rain,Light drizzle
2026-08-20T17:00,34.4,34.6,41,6.444444444444444,284,7.611111111111111,1006.7,1.1,7.8,,19.4,36.40425372780442,34.4,100,246.0,Light Rain,Dense drizzle
2026-08-20T18:00,31.9,31.6,49,7.722222222222222,280,15.194444444444445,1007.3,0.0,5,,19.8,33.94869614667559,31.9,85,62.0,Cloudy,Overcast
2026-08-20T19:00,30.8,30.6,53,7.944444444444445,281,15.388888888888888,1008.6,0.0,5,,20.2,32.87719122273781,30.8,82,0.0,Cloudy,Overcast
2026-08-20T20:00,30.3,31.6,57,5.722222222222222,279,14.88888888888889,1009.3,0.0,5,,20.9,32.79206791119113,30.3,100,0.0,Cloudy,Overcast
2026-08-20T21:00,30.2,31.3,57,5.916666666666667,273,11.194444444444443,1009.8,0.0,5,,20.7,32.61024562359132,30.2,96,0.0,Cloudy,Overcast
2026-08-20T22:00,29.8,30.7,58,6.222222222222221,279,11.61111111111111,1010.2,0.0,5,,20.7,32.083263958115566,29.8,92,0.0,Cloudy,Overcast
2026-08-20T23:00,30.0,30.8,55,5.777777777777778,282,11.61111111111111,1009.7,0.0,11.15,,19.9,31.887677555555527,30.0,77,0.0,Partly Cloudy,Partly cloudy
2026-08-21T00:00,29.4,30.3,57,5.472222222222222,282,10.499999999999998,1009.4,0.0,5,,19.9,31.22919567543128,29.4,82,0.0,Cloudy,Overcast
2026-08-21T01:00,28.9,30.2,59,4.861111111111111,278,9.805555555555555,1008.9,0.0,5,,20.0,30.717955184364598,28.9,82,0.0,Cloudy,Overcast
2026-08-21T02:00,28.6,30.0,60,4.722222222222222,275,8.61111111111111,1008.2,0.0,5,,20.0,30.374158966737767,28.6,95,0.0,Cloudy,Overcast
2026-08-21T03:00,28.6,29.7,60,5.083333333333333,281,9.0,1007.9,0.0,5,,20.0,30.374158966737767,28.6,95,0.0,Cloudy,Overcast
2026-08-21T04:00,28.4,29.6,60,4.916666666666666,279,9.0,1008.2,0.0,5,,19.9,30.057434408337954,28.4,100,0.0,Cloudy,Overcast
2026-08-21T05:00,28.7,30.1,58,4.472222222222222,276,8.805555555555555,1008.6,0.0,5,,19.7,30.261028467215567,28.7,99,0.0,Cloudy,Overcast
2026-08-21T06:00,28.7,29.8,56,4.361111111111111,276,8.0,1009.2,0.0,5,,19.2,29.997874002851024,28.7,95,4.0,Cloudy,Overcast
2026-08-21T07:00,30.0,30.9,52,4.861111111111111,274,9.305555555555555,1009.9,0.0,5,,19.2,31.371828855555602,30.0,95,114.0,Cloudy,Overcast
2026-08-21T08:00,32.1,32.2,45,5.861111111111112,278,11.694444444444445,1010.5,0.0,5,,18.6,33.40562816180446,32.1,98,321.0,Cloudy,Overcast
2026-08-21T09:00,34.0,33.0,37,6.888888888888889,283,14.0,1010.4,0.0,5,,17.4,34.69999324755558,34.0,99,550.0,Cloudy,Overcast
2026-08-21T10:00,35.4,34.7,33,7.305555555555555,282,15.0,1010.0,0.0,5,,16.5,35.970528952017766,35.4,98,730.0,Cloudy,Overcast
2026-08-21T11:00,37.0,37.3,30,6.388888888888888,284,16.0,1009.3,0.0,5,,16.5,37.752680335111094,37.0,96,846.0,Cloudy,Overcast
2026-08-21T12:00,38.1,38.5,27,6.611111111111111,284,14.11111111111111,1008.5,0.0,5,,15.9,38.64488055556452,38.1,94,963.0,Cloudy,Overcast
2026-08-21T13:00,38.2,40.3,27,4.055555555555555,279,13.88888888888889,1007.5,0.0,5,,16.0,38.806196766524515,38.2,88,944.0,Cloudy,Overcast
2026-08-21T14:00,38.5,40.0,27,4.0,279,10.388888888888888,1006.4,0.0,12.05,,16.0,39.295521086444396,38.5,59,838.0,Partly Cloudy,Partly cloudy
2026-08-21T15:00,38.4,38.2,27,5.555555555555555,278,12.11111111111111,1006.0,0.0,13.7,,15.9,39.13151703196447,38.4,26,699.0,Partly Cloudy,Mainly clear
2026-08-21T16:00,37.1,34.9,30,8.444444444444445,284,16.194444444444443,1006.3,0.0,12.7,,16.4,37.91733968517113,37.1,46,527.0,Partly Cloudy,Mainly clear
2026-08-21T17:00,34.9,32.2,33,9.416666666666666,277,17.61111111111111,1006.7,0.0,14.0,,16.4,35.18497777241779,34.9,20,269.0,Partly Cloudy,Mainly clear
2026-08-21T18:00,32.9,31.7,40,7.722222222222222,280,17.694444444444446,1007.8,0.0,12.8,,17.7,33.62601432081564,32.9,44,72.0,Partly Cloudy,Mainly clear
2026-08-21T19:00,32.0,31.8,46,6.611111111111111,277,14.388888888888888,1008.9,0.0,5,,18.8,33.45426527955561,32.0,100,0.0,Cloudy,Overcast
2026-08-21T20:00,31.4,32.0,48,5.305555555555556,273,12.11111111111111,1009.7,0.0,5,,19.2,32.87861010055113,31.4,100,0.0,Cloudy,Overcast
2026-08-21T21:00,30.9,31.6,50,5.249999999999999,266,9.805555555555555,1010.1,0.0,5,,19.2,32.452220257304525,30.9,97,0.0,Cloudy,Overcast
2026-08-21T22:00,30.0,30.7,53,5.444444444444445,268,10.194444444444445,1010.3,0.0,5,,19.4,31.539548077777795,30.0,97,0.0,Cloudy,Overcast
2026-08-21T23:00,29.7,29.8,52,6.055555555555555,271,10.0,1009.7,0.0,5,,18.7,30.913406956335653,29.7,99,0.0,Cloudy,Overcast
2026-08-22T00:00,29.0,29.2,54,5.75,273,11.0,1009.1,0.0,5,,18.8,30.17078987644445,29.0,94,0.0,Cloudy,Overcast
2026-08-22T01:00,28.4,28.5,56,6.083333333333333,276,10.88888888888889,1008.5,0.0,5,,18.8,29.568283912871227,28.4,94,0.0,Cloudy,Overcast
2026-08-22T02:00,28.1,28.0,57,6.472222222222222,275,11.805555555555555,1007.8,0.0,5,,18.9,29.26378451343117,28.1,99,0.0,Cloudy,Overcast
2026-08-22T03:00,27.9,27.9,57,6.0,271,11.694444444444445,1007.7,0.0,5,,18.6,28.99205037903114,27.9,98,0.0,Cloudy,Overcast
2026-08-22T04:00,27.7,27.9,56,5.361111111111112,272,10.694444444444445,1008.0,0.0,5,,18.1,28.63612805845109,27.7,95,0.0,Cloudy,Overcast
2026-08-22T05:00,28.2,28.2,54,5.555555555555555,277,9.805555555555555,1008.2,0.0,5,,18.0,29.07744332572439,28.2,97,0.0,Cloudy,Overcast
2026-08-22T06:00,27.7,28.4,59,4.861111111111111,268,9.88888888888889,1008.6,0.0,5,,18.8,28.918733956524534,27.7,100,4.0,Cloudy,Overcast
2026-08-22T07:00,29.2,30.6,54,3.5,253,8.38888888888889,1009.6,0.0,5,,18.8,30.46346257852453,29.2,100,112.0,Cloudy,Overcast
2026-08-22T08:00,31.3,32.4,47,4.0,267,8.38888888888889,1010.2,0.0,5,,18.7,32.519610332791096,31.3,99,330.0,Cloudy,Overcast
2026-08-22T09:00,33.6,33.4,40,6.25,280,12.805555555555555,1009.9,0.0,5,,18.2,34.753771846115484,33.6,90,562.0,Cloudy,Overcast
2026-08-22T10:00,35.4,35.5,37,7.583333333333333,281,15.388888888888888,1009.4,0.0,12.65,,18.5,37.056246308675526,35.4,47,762.0,Partly Cloudy,Mainly clear
2026-08-22T11:00,37.1,38.0,33,7.222222222222222,282,15.61111111111111,1008.7,0.0,12.7,,18.3,38.85375367001786,37.1,46,911.0,Partly Cloudy,Mainly clear
2026-08-22T12:00,37.9,40.0,31,5.5,273,15.0,1008.0,0.0,5,,18.0,39.610327460915606,37.9,97,974.0,Cloudy,Overcast
2026-08-22T13:00,38.1,40.1,31,4.972222222222221,273,12.694444444444445,1007.1,0.0,13.4,,17.9,39.9688822841156,38.1,32,902.0,Partly Cloudy,Mainly clear
2026-08-22T14:00,37.9,38.9,31,5.805555555555555,291,12.999999999999998,1006.1,0.0,14.25,,17.7,39.610327460915606,37.9,15,822.0,Sunny,Clear skies
2026-08-22T15:00,37.5,37.6,31,6.75,291,13.805555555555555,1005.5,0.0,12.85,,17.7,38.905893005555576,37.5,43,729.0,Partly Cloudy,Mainly clear
2026-08-22T16:00,36.0,35.3,38,8.166666666666666,282,16.305555555555557,1005.5,0.0,11.15,,19.4,38.4671009551112,36.0,77,529.0,Partly Cloudy,Partly cloudy
2026-08-22T17:00,35.3,34.8,39,7.388888888888889,285,16.11111111111111,1006.1,0.0,11.95,,19.1,37.47038363999116,35.3,61,290.0,Partly Cloudy,Partly cloudy
2026-08-22T18:00,32.8,32.5,47,8.083333333333334,278,15.694444444444445,1007.3,0.0,11.7,,20.1,35.09003579559119,32.8,66,70.0,Partly Cloudy,Partly cloudy
2026-08-22T19:00,31.5,31.6,51,7.361111111111111,275,15.305555555555555,1008.2,0.0,5,,20.1,33.688686823777886,31.5,90,0.0,Cloudy,Overcast
2026-08-22T20:00,30.6,31.2,56,6.861111111111111,278,14.0,1008.9,0.0,5,,20.8,33.13793105767115,30.6,93,0.0,Cloudy,Overcast
2026-08-22T21:00,30.0,31.1,58,6.111111111111111,273,12.694444444444445,1009.4,0.0,11.55,,20.8,32.44159935555555,30.0,69,0.0,Partly Cloudy,Partly cloudy
2026-08-22T22:00,29.7,30.8,59,6.083333333333333,275,11.5,1010.0,0.0,12.5,,20.7,32.08658024612456,29.7,50,0.0,Partly Cloudy,Partly cloudy
2026-08-22T23:00,29.8,30.8,58,6.111111111111111,275,11.38888888888889,1009.5,0.0,13.9,,20.7,32.083263958115566,29.8,22,0.0,Partly Cloudy,Mainly clear
2026-08-23T00:00,29.3,30.2,60,6.111111111111111,275,11.5,1008.9,0.0,13.5,,20.6,31.55042031551779,29.3,30,0.0,Partly Cloudy,Mainly clear
2026-08-23T01:00,29.0,30.2,61,5.805555555555555,274,11.11111111111111,1008.5,0.0,5,,20.8,31.18838531155553,29.0,83,0.0,Cloudy,Overcast
2026-08-23T02:00,28.7,30.1,62,5.305555555555556,274,10.499999999999998,1007.9,0.0,5,,20.8,30.822027395357768,28.7,82,0.0,Cloudy,Overcast
2026-08-23T03:00,28.6,30.0,62,5.333333333333333,277,9.61111111111111,1007.7,0.0,5,,20.7,30.651623700497858,28.6,96,0.0,Cloudy,Overcast
2026-08-23T04:00,28.3,29.8,64,5.361111111111112,273,9.805555555555555,1007.7,0.0,5,,20.9,30.415075321535646,28.3,96,0.0,Cloudy,Overcast
2026-08-23T05:00,29.1,31.6,62,3.8055555555555554,265,9.694444444444445,1008.1,0.0,5,,21.2,31.52585219119787,29.1,98,0.0,Cloudy,Overcast
2026-08-23T06:00,28.9,31.9,64,3.222222222222222,257,6.888888888888889,1008.6,0.0,11.65,,21.5,31.486018633775643,28.9,67,4.0,Partly Cloudy,Partly cloudy
2026-08-23T07:00,30.4,33.3,59,3.194444444444444,260,6.694444444444445,1009.5,0.0,11.15,,21.4,33.39512808476448,30.4,77,120.0,Partly Cloudy,Partly cloudy
2026-08-23T08:00,32.5,33.6,50,6.111111111111111,275,12.11111111111111,1010.1,0.0,11.15,,20.9,35.30398328194456,32.5,77,335.0,Partly Cloudy,Partly cloudy
2026-08-23T09:00,33.8,33.7,45,7.749999999999999,282,15.388888888888888,1010.2,0.0,5,,20.3,36.42314051468449,33.8,91,541.0,Cloudy,Overcast
2026-08-23T10:00,35.1,35.4,41,8.333333333333334,282,16.694444444444443,1009.6,0.0,11.9,,19.9,37.71225192420451,35.1,62,742.0,Partly Cloudy,Partly cloudy
2026-08-23T11:00,36.8,37.5,34,7.611111111111111,280,17.11111111111111,1008.9,0.0,12.9,,18.5,38.641017820035614,36.8,42,905.0,Partly Cloudy,Mainly clear
2026-08-23T12:00,37.4,38.7,35,7.777777777777778,286,15.88888888888889,1008.3,0.0,14.55,,19.5,40.10640106753783,37.4,9,965.0,Sunny,Clear skies
2026-08-23T13:00,38.1,39.6,33,6.888888888888889,283,15.88888888888889,1007.2,0.0,5,,19.0,40.703069522817884,38.1,91,925.0,Cloudy,Overcast
2026-08-23T14:00,38.2,39.3,31,6.333333333333333,279,14.388888888888888,1006.2,0.0,13.05,,18.3,40.14974409459562,38.2,39,831.0,Partly Cloudy,Mainly clear
2026-08-23T15:00,36.6,36.4,37,8.36111111111111,274,16.5,1006.0,0.2,9.6,,19.4,39.27751315347561,36.6,28,702.0,Light Rain,Light drizzle
2026-08-23T16:00,35.5,35.1,39,7.666666666666667,277,16.61111111111111,1005.9,0.1,9.8,,19.6,37.84361964911116,35.5,63,488.0,Light Rain,Light drizzle
2026-08-23T17:00,34.9,34.9,41,7.138888888888888,278,15.194444444444445,1006.4,0.0,5,,19.7,37.33130299620449,34.9,89,274.0,Cloudy,Overcast
2026-08-23T18:00,33.0,33.3,47,6.694444444444445,277,14.0,1007.7,0.0,5,,20.0,35.46122761911116,33.0,94,62.0,Cloudy,Overcast
2026-08-23T19:00,32.2,33.5,51,5.611111111111111,273,12.5,1008.8,0.0,5,,20.7,34.98658914081779,32.2,91,0.0,Cloudy,Overcast
2026-08-23T20:00,31.4,33.5,54,4.472222222222222,264,10.499999999999998,1009.7,0.0,5,,21.1,34.1933344015645,31.4,97,0.0,Cloudy,Overcast
2026-08-23T21:00,30.7,33.1,57,4.055555555555555,252,8.305555555555555,1010.5,0.0,5,,21.2,33.539781603991294,30.7,98,0.0,Cloudy,Overcast
2026-08-23T22:00,30.1,32.9,58,3.1111111111111107,242,7.5,1011.0,0.0,5,,21.1,32.623884729695675,30.1,95,0.0,Cloudy,Overcast
2026-08-23T23:00,30.3,33.4,59,2.888888888888889,238,5.611111111111111,1010.1,0.0,5,,21.4,33.20184977012445,30.3,98,0.0,Cloudy,Overcast
2026-08-24T00:00,29.7,33.0,62,2.5833333333333335,229,5.194444444444444,1009.9,0.0,5,,21.5,32.64821943415781,29.7,92,0.0,Cloudy,Overcast
2026-08-24T01:00,29.0,32.3,64,2.694444444444444,220,4.888888888888889,1009.2,0.0,5,,21.6,31.67252914755559,29.0,95,0.0,Cloudy,Overcast
2026-08-24T02:00,28.5,31.9,67,2.7777777777777777,219,5.0,1008.6,0.0,5,,21.9,31.202184917555606,28.5,90,0.0,Cloudy,Overcast
2026-08-24T03:00,28.1,31.7,70,2.611111111111111,209,5.0,1008.8,0.0,11.2,,22.1,30.86128781161561,28.1,76,0.0,Partly Cloudy,Partly cloudy
2026-08-24T04:00,27.8,31.5,72,2.5277777777777777,198,4.694444444444444,1008.9,0.0,5,,22.2,30.53275371692448,27.8,85,0.0,Cloudy,Overcast
2026-08-24T05:00,27.2,31.3,77,2.5555555555555554,183,4.694444444444444,1009.0,0.0,5,,22.9,29.878027129724483,27.2,98,0.0,Cloudy,Overcast
2026-08-24T06:00,27.2,31.1,76,2.8055555555555554,200,4.805555555555555,1009.7,0.0,5,,22.7,29.77689771459559,27.2,96,4.0,Cloudy,Overcast
2026-08-24T07:00,29.0,32.3,67,3.2777777777777777,205,6.805555555555555,1010.2,0.0,5,,22.2,32.1854918875556,29.0,94,106.0,Cloudy,Overcast
2026-08-24T08:00,31.3,34.3,57,3.4444444444444446,221,7.888888888888888,1010.9,0.0,5,,21.8,34.7226257703912,31.3,97,306.0,Cloudy,Overcast
2026-08-24T09:00,31.3,34.7,60,3.638888888888889,257,11.305555555555555,1011.7,0.4,9.2,,22.7,35.49167040671781,31.3,93,515.0,Light Rain,Light drizzle
2026-08-24T10:00,32.8,36.2,53,3.1111111111111107,269,11.194444444444443,1011.4,0.9,8.2,,22.1,36.752469523537776,32.8,99,575.0,Light Rain,Moderate drizzle
2026-08-24T11:00,33.4,34.8,49,6.861111111111111,283,10.499999999999998,1010.1,0.1,9.8,,21.3,36.806334923075546,33.4,98,648.0,Light Rain,Light drizzle
2026-08-24T12:00,35.2,37.7,42,5.638888888888889,269,13.88888888888889,1009.4,1.5,7.0,,20.5,38.22845443585787,35.2,67,827.0,Light Rain,Slight rain
2026-08-24T13:00,37.3,40.5,37,5.0,269,12.888888888888888,1008.3,0.0,11.0,,20.0,40.65919971483558,37.3,80,934.0,Cloudy,Overcast
2026-08-24T14:00,37.5,39.5,34,5.277777777777778,280,11.888888888888888,1007.1,0.0,5,,19.0,39.93406154305559,37.5,92,831.0,Cloudy,Overcast
2026-08-24T15:00,35.6,35.8,40,7.555555555555555,279,14.805555555555554,1007.1,1.0,8.0,,20.0,38.356258128515606,35.6,95,619.0,Light Rain,Dense drizzle
2026-08-24T16:00,33.5,33.5,46,7.638888888888888,284,16.305555555555557,1007.3,0.3,9.4,,20.4,36.13392451905563,33.5,90,343.0,Light Rain,Light drizzle
2026-08-24T17:00,33.0,32.2,46,8.722222222222221,283,16.11111111111111,1007.6,0.0,5,,20.0,35.19977873955561,33.0,98,233.0,Cloudy,Overcast
2026-08-24T18:00,31.3,31.4,54,7.972222222222221,286,16.61111111111111,1008.5,0.0,5,,20.8,34.00349190562452,31.3,98,56.0,Cloudy,Overcast
2026-08-24T19:00,30.2,31.5,58,6.0,286,14.305555555555555,1009.6,0.0,5,,21.2,32.80824855411564,30.2,99,0.0,Cloudy,Overcast
2026-08-24T20:00,29.8,32.0,61,4.694444444444444,284,11.11111111111111,1010.4,0.0,5,,21.4,32.64706783699556,29.8,99,0.0,Cloudy,Overcast
2026-08-24T21:00,29.3,32.2,64,3.5833333333333335,293,8.805555555555555,1011.4,0.0,5,,21.8,32.24580919473559,29.3,100,0.0,Cloudy,Overcast
2026-08-24T22:00,29.5,33.1,65,2.8055555555555554,267,6.805555555555555,1011.9,0.0,5,,22.3,32.83214998511109,29.5,84,0.0,Cloudy,Overcast
2026-08-24T23:00,29.7,33.7,64,2.0,264,4.888888888888889,1011.3,0.0,5,,22.2,33.04226243793564,29.7,95,0.0,Cloudy,Overcast
2026-08-25T00:00,29.3,33.7,66,1.5555555555555554,272,3.8055555555555554,1011.2,0.0,11.7,,22.4,32.61457610285114,29.3,66,0.0,Partly Cloudy,Partly cloudy
2026-08-25T01:00,28.8,33.3,69,1.3055555555555556,230,2.694444444444444,1010.4,0.0,5,,22.5,32.12207596705782,28.8,98,0.0,Cloudy,Overcast
2026-08-25T02:00,28.2,32.9,71,1.1111111111111112,219,2.305555555555556,1009.8,0.0,5,,22.5,31.20258446561764,28.2,99,0.0,Cloudy,Overcast
2026-08-25T03:00,28.0,32.6,72,1.027777777777778,219,1.8888888888888888,1009.5,0.0,5,,22.5,30.93569989244442,28.0,100,0.0,Cloudy,Overcast
2026-08-25T04:00,27.5,32.4,74,0.6388888888888888,302,1.8888888888888888,1010.0,0.0,5,,22.5,30.17194809861116,27.5,98,0.0,Cloudy,Overcast
2026-08-25T05:00,27.9,31.2,70,3.083333333333333,253,1.8888888888888888,1010.0,0.0,5,,22.0,30.47411581441567,27.9,100,0.0,Cloudy,Overcast
2026-08-25T06:00,27.6,30.7,71,3.333333333333333,251,5.805555555555555,1010.2,0.0,5,,21.8,30.02522023793782,27.6,99,2.0,Cloudy,Overcast
2026-08-25T07:00,29.0,31.9,64,3.3055555555555554,255,7.805555555555555,1011.0,0.0,5,,21.6,31.67252914755559,29.0,100,76.0,Cloudy,Overcast
2026-08-25T08:00,30.6,33.4,57,3.222222222222222,244,7.305555555555555,1011.5,0.0,5,,21.2,33.34978949943118,30.6,95,251.0,Cloudy,Overcast
2026-08-25T09:00,32.8,34.9,49,3.9722222222222223,250,9.0,1011.5,0.0,5,,20.7,35.616047560835554,32.8,98,496.0,Cloudy,Overcast
2026-08-25T10:00,34.5,36.4,43,5.416666666666667,273,11.805555555555555,1011.1,0.0,5,,20.2,37.17601898155559,34.5,96,705.0,Cloudy,Overcast
2026-08-25T11:00,35.1,36.7,41,6.611111111111111,275,12.888888888888888,1010.6,0.0,5,,19.7,37.71225192420451,35.1,99,853.0,Cloudy,Overcast
2026-08-25T12:00,35.5,37.2,40,6.083333333333333,281,13.805555555555555,1010.1,0.0,5,,19.8,38.162752117055625,35.5,92,780.0,Cloudy,Overcast
2026-08-25T13:00,36.6,38.5,36,5.805555555555555,285,14.88888888888889,1009.0,0.0,5,,19.2,38.935068612604496,36.6,100,852.0,Cloudy,Overcast
2026-08-25T14:00,34.3,34.8,44,7.333333333333333,287,14.11111111111111,1008.0,0.9,8.2,,20.3,37.092018758157806,34.3,100,628.0,Light Rain,Moderate drizzle
2026-08-25T15:00,34.5,34.4,43,7.583333333333333,286,15.194444444444445,1007.8,0.0,5,,20.1,37.17601898155559,34.5,100,507.0,Cloudy,Overcast
2026-08-25T16:00,33.8,34.1,46,7.305555555555555,289,15.11111111111111,1008.1,0.0,5,,20.4,36.71405648259565,33.8,100,354.0,Cloudy,Overcast
2026-08-25T17:00,32.9,32.9,47,7.5,286,14.388888888888888,1008.1,0.0,5,,20.1,35.27479440063118,32.9,97,175.0,Cloudy,Overcast
2026-08-25T18:00,31.9,33.0,51,5.916666666666667,289,14.11111111111111,1009.1,0.0,5,,20.6,34.419404475937746,31.9,99,43.0,Cloudy,Overcast
2026-08-25T19:00,31.5,33.3,53,4.694444444444444,285,11.194444444444443,1010.1,0.0,5,,20.7,34.14722343177784,31.5,94,0.0,Cloudy,Overcast
2026-08-25T20:00,30.6,33.5,57,2.9166666666666665,273,9.0,1010.9,0.0,5,,21.2,33.34978949943118,30.6,84,0.0,Cloudy,Overcast
2026-08-25T21:00,29.9,32.9,60,2.7777777777777777,236,5.388888888888888,1011.7,0.0,5,,21.3,32.642494817037814,29.9,99,0.0,Cloudy,Overcast
2026-08-25T22:00,29.3,32.6,62,2.2777777777777777,232,5.388888888888888,1012.3,0.0,5,,21.2,31.89109059895784,29.3,100,0.0,Cloudy,Overcast
2026-08-25T23:00,29.3,33.3,65,1.7222222222222223,291,4.388888888888889,1011.5,0.0,5,,22.0,32.42843660975104,29.3,100,0.0,Cloudy,Overcast
2026-08-26T00:00,28.9,32.5,66,2.361111111111111,291,4.5,1011.1,0.0,5,,21.9,31.814933429571195,28.9,100,0.0,Cloudy,Overcast
2026-08-26T01:00,28.6,32.4,66,1.9444444444444444,273,4.888888888888889,1010.9,0.0,5,,21.7,31.239994660071034,28.6,85,0.0,Cloudy,Overcast
2026-08-26T02:00,28.3,32.3,68,1.3611111111111112,253,3.8055555555555554,1010.7,0.0,5,,21.7,30.967434366904584,28.3,95,0.0,Cloudy,Overcast
2026-08-26T03:00,28.1,32.3,69,1.1111111111111112,212,2.388888888888889,1010.1,0.0,5,,21.8,30.72481636009782,28.1,93,0.0,Cloudy,Overcast
2026-08-26T04:00,27.8,31.8,70,1.5277777777777777,203,2.611111111111111,1010.2,0.0,5,,21.8,30.28427865619561,27.8,95,0.0,Cloudy,Overcast
2026-08-26T05:00,27.7,31.3,72,2.5833333333333335,190,3.3055555555555554,1010.5,0.0,5,,22.1,30.33513165482441,27.7,90,0.0,Cloudy,Overcast
2026-08-26T06:00,27.6,31.3,72,2.4444444444444446,206,4.805555555555555,1010.9,0.0,11.25,,22.2,30.14007694316459,27.6,75,4.0,Partly Cloudy,Partly cloudy
2026-08-26T07:00,29.2,33.0,65,2.138888888888889,249,4.888888888888889,1011.6,0.0,5,,21.9,32.23006953815122,29.2,92,109.0,Cloudy,Overcast
2026-08-26T08:00,31.3,34.4,56,3.0,246,7.194444444444444,1012.1,0.0,11.35,,21.5,34.47736884085117,31.3,73,345.0,Partly Cloudy,Partly cloudy
2026-08-26T09:00,33.6,35.7,47,4.055555555555555,251,9.388888888888888,1012.0,0.0,11.65,,20.8,36.61499381223106,33.6,67,561.0,Partly Cloudy,Partly cloudy
2026-08-26T10:00,35.4,38.1,41,4.555555555555555,257,11.694444444444445,1011.2,0.0,5,,20.3,38.294528052604456,35.4,84,747.0,Cloudy,Overcast
2026-08-26T11:00,36.9,40.2,38,4.194444444444445,267,11.38888888888889,1011.1,0.0,11.35,,20.2,40.23034481165108,36.9,73,847.0,Partly Cloudy,Partly cloudy
2026-08-26T12:00,37.1,40.0,36,4.222222222222222,275,10.194444444444445,1010.0,0.0,11.3,,19.6,39.89023753170453,37.1,74,832.0,Partly Cloudy,Partly cloudy
2026-08-26T13:00,37.2,39.5,35,4.055555555555555,297,10.11111111111111,1009.1,0.0,11.8,,19.2,39.723335421617776,37.2,64,728.0,Partly Cloudy,Partly cloudy
2026-08-26T14:00,36.2,38.3,37,4.472222222222222,299,10.694444444444445,1007.9,0.1,9.8,,19.3,38.516411757635574,36.2,91,733.0,Light Rain,Light drizzle
2026-08-26T15:00,35.5,36.9,39,4.472222222222222,281,10.388888888888888,1007.5,0.7,8.6,,19.6,37.84361964911116,35.5,77,554.0,Light Rain,Moderate drizzle
2026-08-26T16:00,34.5,35.7,43,5.0,290,10.805555555555555,1007.4,0.7,8.6,,20.0,37.17601898155559,34.5,91,426.0,Light Rain,Moderate drizzle
2026-08-26T17:00,35.1,35.7,40,5.444444444444445,284,10.611111111111112,1008.0,0.1,9.8,,19.3,37.40281406841564,35.1,88,182.0,Light Rain,Light drizzle
2026-08-26T18:00,32.1,32.6,50,6.722222222222221,295,13.305555555555555,1009.3,0.0,11.65,,20.5,34.54816724290446,32.1,67,47.0,Partly Cloudy,Partly cloudy
2026-08-26T19:00,30.8,32.3,56,5.361111111111112,291,12.805555555555555,1010.4,0.0,5,,20.9,33.51059599255109,30.8,100,0.0,Cloudy,Overcast
2026-08-26T20:00,30.4,32.3,57,4.638888888888888,278,10.194444444444445,1011.4,0.0,5,,20.9,32.97593265303116,30.4,98,0.0,Cloudy,Overcast
2026-08-26T21:00,29.9,32.0,59,4.277777777777778,259,8.88888888888889,1011.5,0.0,5,,21.0,32.44987954196447,29.9,100,0.0,Cloudy,Overcast
2026-08-26T22:00,29.6,32.3,60,3.333333333333333,253,8.11111111111111,1011.7,0.0,5,,21.1,32.08678250993773,29.6,84,0.0,Cloudy,Overcast
2026-08-26T23:00,29.7,31.4,59,4.916666666666666,253,6.194444444444445,1011.3,0.0,11.1,,20.8,32.08658024612456,29.7,78,0.0,Partly Cloudy,Partly cloudy
2026-08-27T00:00,29.2,31.3,60,4.083333333333333,253,9.305555555555555,1010.5,0.0,11.1,,20.8,31.37593294241789,29.2,78,0.0,Partly Cloudy,Partly cloudy
2026-08-27T01:00,28.7,31.4,63,3.333333333333333,237,7.305555555555555,1009.9,0.0,5,,21.1,30.969504210604416,28.7,95,0.0,Cloudy,Overcast
2026-08-27T02:00,28.4,31.6,65,2.388888888888889,234,6.111111111111111,1009.2,0.0,5,,21.1,30.72688375127121,28.4,99,0.0,Cloudy,Overcast
2026-08-27T03:00,27.9,31.4,68,2.138888888888889,216,4.194444444444445,1008.9,0.0,5,,21.5,30.223506432184465,27.9,97,0.0,Cloudy,Overcast
2026-08-27T04:00,27.5,31.4,70,1.3611111111111112,219,3.888888888888889,1009.4,0.0,5,,21.5,29.729762543055585,27.5,99,0.0,Cloudy,Overcast
2026-08-27T05:00,27.5,31.6,74,1.8888888888888888,177,3.194444444444444,1009.7,0.0,5,,22.3,30.17194809861116,27.5,98,0.0,Cloudy,Overcast
2026-08-27T06:00,27.5,31.6,72,1.6666666666666665,196,3.3055555555555554,1010.1,0.0,5,,22.1,29.947589581944598,27.5,100,4.0,Cloudy,Overcast
2026-08-27T07:00,29.7,33.6,63,2.0277777777777777,224,4.611111111111112,1010.6,0.0,5,,22.0,32.84327924820452,29.7,97,115.0,Cloudy,Overcast
2026-08-27T08:00,32.2,35.2,53,2.944444444444444,236,7.0,1011.3,0.0,5,,21.5,35.51021046753791,32.2,86,324.0,Cloudy,Overcast
2026-08-27T09:00,34.3,36.6,46,4.055555555555555,260,9.11111111111111,1011.2,0.0,5,,21.2,37.71368391489563,34.3,97,547.0,Cloudy,Overcast
2026-08-27T10:00,36.2,38.7,41,5.138888888888888,269,12.38888888888889,1010.7,0.0,5,,21.0,39.910933781884474,36.2,95,716.0,Cloudy,Overcast
2026-08-27T11:00,37.0,40.7,39,3.888888888888889,286,12.694444444444445,1010.0,0.0,5,,20.8,40.81756785911116,37.0,100,818.0,Cloudy,Overcast
2026-08-27T12:00,30.9,34.1,63,5.055555555555555,250,11.0,1010.2,3.5,3.0,,22.9,35.38963842228459,30.9,88,634.0,Light Rain,Moderate rain
2026-08-27T13:00,31.4,36.6,67,3.555555555555556,235,11.0,1009.7,3.1,3.8,,24.5,37.739161873475695,31.4,94,679.0,Light Rain,Moderate rain
2026-08-27T14:00,32.2,34.8,55,4.388888888888889,263,9.11111111111111,1008.1,0.3,9.4,,22.1,36.05959998099567,32.2,91,374.0,Light Rain,Light drizzle
2026-08-27T15:00,34.6,36.1,45,5.361111111111112,256,11.38888888888889,1007.7,0.0,11.0,,20.8,38.003078919804466,34.6,80,549.0,Cloudy,Overcast
2026-08-27T16:00,34.5,35.3,44,6.138888888888889,264,13.38888888888889,1007.5,0.0,11.15,,20.3,37.483663913277866,34.5,77,428.0,Partly Cloudy,Partly cloudy
2026-08-27T17:00,34.2,34.0,42,7.444444444444445,265,12.5,1007.4,0.0,13.75,,19.6,36.32016244705788,34.2,25,236.0,Partly Cloudy,Mainly clear
2026-08-27T18:00,32.5,32.5,48,7.472222222222221,265,14.305555555555555,1008.2,0.0,11.8,,20.0,34.79179459861124,32.5,64,62.0,Partly Cloudy,Partly cloudy
2026-08-27T19:00,31.1,31.9,55,6.75,272,14.305555555555555,1009.5,0.0,5,,20.9,33.85445181291557,31.1,86,0.0,Cloudy,Overcast
2026-08-27T20:00,30.6,32.1,58,5.611111111111111,274,12.61111111111111,1010.2,0.0,13.7,,21.3,33.566488354595585,30.6,26,0.0,Partly Cloudy,Mainly clear
2026-08-27T21:00,30.6,32.3,57,5.138888888888888,269,10.88888888888889,1011.0,0.0,13.65,,21.0,33.34978949943118,30.6,27,0.0,Partly Cloudy,Mainly clear
2026-08-27T22:00,30.5,32.2,58,5.249999999999999,261,9.61111111111111,1011.2,0.0,14.5,,21.2,33.37381072905563,30.5,10,0.0,Sunny,Clear skies
2026-08-27T23:00,30.0,30.9,59,6.499999999999999,266,9.61111111111111,1010.5,0.0,14.100000000000001,,21.0,32.634700644444386,30.0,18,0.0,Sunny,Clear skies
2026-08-28T00:00,29.7,31.1,60,5.638888888888889,264,11.888888888888888,1009.7,0.0,14.25,,21.0,32.269869933117874,29.7,15,0.0,Sunny,Clear skies
2026-08-28T01:00,29.3,31.0,61,5.138888888888888,259,10.194444444444445,1009.3,0.0,5,,21.0,31.718999418195594,29.3,84,0.0,Cloudy,Overcast
2026-08-28T02:00,29.1,30.3,60,5.444444444444445,268,9.805555555555555,1008.6,0.0,5,,20.4,31.203595581837817,29.1,86,0.0,Cloudy,Overcast
2026-08-28T03:00,28.8,29.9,59,5.305555555555556,266,9.88888888888889,1008.2,0.0,5,,20.1,30.55639141532455,28.8,94,0.0,Cloudy,Overcast
2026-08-28T04:00,28.6,30.2,61,4.666666666666667,261,9.61111111111111,1008.4,0.0,14.25,,20.3,30.51149793811552,28.6,15,0.0,Sunny,Clear skies
2026-08-28T05:00,28.7,31.2,64,3.8055555555555554,253,8.38888888888889,1009.1,0.0,11.65,,21.3,31.119871859135532,28.7,67,0.0,Partly Cloudy,Partly cloudy
2026-08-28T06:00,28.4,30.9,66,3.9166666666666665,255,6.694444444444445,1009.7,0.0,12.9,,21.4,30.868508449671214,28.4,42,4.0,Partly Cloudy,Mainly clear
2026-08-28T07:00,30.4,32.6,57,4.055555555555555,250,8.194444444444445,1010.5,0.0,5,,21.0,32.97593265303116,30.4,98,134.0,Cloudy,Overcast
2026-08-28T08:00,32.4,34.2,49,4.333333333333333,255,9.305555555555555,1010.9,0.0,13.95,,20.3,34.857509209475715,32.4,21,359.0,Partly Cloudy,Mainly clear
2026-08-28T09:00,34.9,35.7,39,5.222222222222222,265,11.194444444444443,1011.0,0.0,13.65,,19.0,36.74035191743111,34.9,27,599.0,Partly Cloudy,Mainly clear
2026-08-28T10:00,36.8,37.6,32,5.916666666666667,274,12.694444444444445,1010.4,0.0,12.95,,17.6,38.012029479324475,36.8,41,796.0,Partly Cloudy,Mainly clear
2026-08-28T11:00,38.3,38.5,28,7.055555555555555,282,13.805555555555555,1009.8,0.0,5,,16.5,39.29090456601554,38.3,88,920.0,Cloudy,Overcast
2026-08-28T12:00,39.3,40.7,25,5.194444444444444,284,14.805555555555554,1008.8,0.0,12.05,,15.7,39.93388333099559,39.3,59,977.0,Partly Cloudy,Partly cloudy
2026-08-28T13:00,39.6,41.2,25,4.333333333333333,284,12.11111111111111,1007.7,0.0,5,,15.6,40.42192355251559,39.6,88,920.0,Cloudy,Overcast
2026-08-28T14:00,39.6,40.9,24,4.25,270,10.88888888888889,1006.6,0.0,12.4,,15.5,40.0735949244978,39.6,52,866.0,Partly Cloudy,Partly cloudy
2026-08-28T15:00,39.0,38.7,26,5.75,268,12.5,1005.8,0.0,12.4,,16.0,39.78465913377781,39.0,52,701.0,Partly Cloudy,Partly cloudy
2026-08-28T16:00,37.6,36.1,30,7.694444444444444,286,15.194444444444445,1005.6,0.0,12.1,,17.2,38.75588245527116,37.6,58,475.0,Partly Cloudy,Partly cloudy
2026-08-28T17:00,34.7,33.3,40,9.333333333333334,276,17.38888888888889,1006.6,0.0,5,,19.3,36.66541361529555,34.7,91,267.0,Cloudy,Overcast
2026-08-28T18:00,31.9,31.3,51,8.916666666666666,280,18.305555555555557,1007.8,0.0,5,,20.5,34.419404475937746,31.9,98,58.0,Cloudy,Overcast
2026-08-28T19:00,30.9,31.2,55,7.416666666666666,277,16.694444444444443,1008.9,0.0,5,,20.8,33.479126202515594,30.9,98,0.0,Cloudy,Overcast
2026-08-28T20:00,30.6,32.1,57,5.305555555555556,274,13.805555555555555,1009.8,0.0,5,,21.0,33.34978949943118,30.6,100,0.0,Cloudy,Overcast
2026-08-28T21:00,30.5,32.7,57,4.305555555555555,268,9.805555555555555,1010.7,0.0,5,,21.1,33.161839849111075,30.5,97,0.0,Cloudy,Overcast
2026-08-28T22:00,30.3,31.8,55,4.861111111111111,261,8.88888888888889,1011.2,0.0,13.65,,20.3,32.400430146995596,30.3,27,0.0,Partly Cloudy,Mainly clear
2026-08-28T23:00,29.9,30.1,55,6.638888888888888,269,9.805555555555555,1010.9,0.0,5,,19.8,31.7207000897156,29.9,91,0.0,Cloudy,Overcast
2026-08-29T00:00,29.2,29.1,56,7.027777777777778,274,12.888888888888888,1010.2,0.0,5,,19.6,30.753983784551085,29.2,95,0.0,Cloudy,Overcast
2026-08-29T01:00,28.8,28.9,58,6.944444444444445,272,12.805555555555555,1009.6,0.0,5,,19.8,30.416293987715537,28.8,84,0.0,Cloudy,Overcast
2026-08-29T02:00,28.6,29.1,60,6.25,269,12.5,1009.1,0.0,5,,20.0,30.374158966737767,28.6,86,0.0,Cloudy,Overcast
2026-08-29T03:00,28.6,29.7,59,5.055555555555555,263,11.194444444444443,1008.8,0.0,11.15,,19.8,30.239606786364487,28.6,77,0.0,Partly Cloudy,Partly cloudy
2026-08-29T04:00,28.4,29.8,60,4.527777777777778,256,9.0,1008.8,0.0,5,,20.0,30.057434408337954,28.4,87,0.0,Cloudy,Overcast
2026-08-29T05:00,28.5,30.6,62,3.8333333333333335,248,8.194444444444445,1008.9,0.0,5,,20.5,30.483441007277843,28.5,97,0.0,Cloudy,Overcast
2026-08-29T06:00,28.1,30.9,66,3.1111111111111107,237,6.805555555555555,1009.7,0.0,5,,21.1,30.32898858797118,28.1,100,4.0,Cloudy,Overcast
2026-08-29T07:00,30.0,32.5,57,2.972222222222222,237,6.499999999999999,1010.5,0.0,5,,20.5,32.25272841111113,30.0,96,117.0,Cloudy,Overcast
2026-08-29T08:00,31.9,33.9,49,3.6666666666666665,250,8.11111111111111,1010.9,0.0,5,,20.0,33.94869614667559,31.9,100,330.0,Cloudy,Overcast
2026-08-29T09:00,34.0,35.2,42,4.666666666666667,266,10.194444444444445,1011.1,0.0,5,,19.4,35.95632788977784,34.0,100,553.0,Cloudy,Overcast
2026-08-29T10:00,35.9,37.2,36,5.166666666666667,276,11.38888888888889,1010.8,0.0,5,,18.7,37.650476594104504,35.9,100,725.0,Cloudy,Overcast
2026-08-29T11:00,37.3,39.1,33,5.583333333333334,275,13.194444444444445,1010.3,0.0,5,,18.3,39.2145323183378,37.3,91,891.0,Cloudy,Overcast
2026-08-29T12:00,38.4,40.4,30,4.861111111111111,279,12.5,1009.3,0.0,5,,17.6,40.15040375607114,38.4,99,909.0,Cloudy,Overcast
2026-08-29T13:00,39.1,40.5,28,5.305555555555556,278,12.194444444444443,1008.2,0.0,5,,17.1,40.66063494489553,39.1,94,880.0,Cloudy,Overcast
2026-08-29T14:00,38.8,38.6,28,7.361111111111111,287,15.11111111111111,1007.0,0.0,5,,16.9,40.139964235715546,38.8,97,823.0,Cloudy,Overcast
2026-08-29T15:00,38.0,37.2,30,7.694444444444444,284,15.805555555555555,1006.6,0.0,5,,17.4,39.4450118951111,38.0,99,683.0,Cloudy,Overcast
2026-08-29T16:00,36.5,34.8,31,7.833333333333333,281,16.0,1006.7,0.0,5,,16.8,37.218745481555594,36.5,99,456.0,Cloudy,Overcast
2026-08-29T17:00,35.1,33.4,34,7.611111111111111,273,15.61111111111111,1007.3,0.0,5,,16.7,35.740468786575626,35.1,95,225.0,Cloudy,Overcast
2026-08-29T18:00,33.2,32.4,39,6.388888888888888,276,14.61111111111111,1008.1,0.0,5,,17.3,33.88226649479117,33.2,98,55.0,Cloudy,Overcast
2026-08-29T19:00,32.1,31.9,43,5.944444444444444,283,12.11111111111111,1009.2,0.0,5,,18.0,32.993013663795644,32.1,96,0.0,Cloudy,Overcast
2026-08-29T20:00,30.7,31.5,51,5.444444444444445,283,11.38888888888889,1010.1,0.0,5,,19.6,32.314778037217835,30.7,99,0.0,Cloudy,Overcast
2026-08-29T21:00,30.4,31.5,53,5.055555555555555,273,10.0,1010.6,0.0,5,,19.8,32.19319335201776,30.4,99,0.0,Cloudy,Overcast
2026-08-29T22:00,30.0,31.5,54,4.361111111111111,274,9.61111111111111,1011.1,0.0,5,,19.7,31.711497644444403,30.0,99,0.0,Cloudy,Overcast
2026-08-29T23:00,29.9,30.9,53,4.833333333333333,263,7.888888888888888,1011.0,0.0,5,,19.3,31.380879352417836,29.9,98,0.0,Cloudy,Overcast
2026-08-30T00:00,29.4,30.5,54,4.472222222222222,263,8.88888888888889,1010.2,0.0,5,,19.2,30.763869706364556,29.4,99,0.0,Cloudy,Overcast
2026-08-30T01:00,29.0,30.4,56,3.944444444444444,262,8.194444444444445,1009.6,0.0,5,,19.2,30.44552092711114,29.0,98,0.0,Cloudy,Overcast
2026-08-30T02:00,28.6,30.2,57,3.555555555555556,268,7.111111111111112,1009.3,0.0,5,,19.2,29.978862798631113,28.6,97,0.0,Cloudy,Overcast
2026-08-30T03:00,28.1,29.7,59,3.8055555555555554,261,6.888888888888889,1009.0,0.0,5,,19.4,29.48464551716455,28.1,98,0.0,Cloudy,Overcast
2026-08-30T04:00,27.8,29.6,61,3.5,257,6.694444444444445,1009.0,0.0,5,,19.7,29.262630969795584,27.8,88,0.0,Cloudy,Overcast
2026-08-30T05:00,27.4,29.8,65,3.194444444444444,238,6.111111111111111,1009.5,0.0,5,,20.3,29.057278482471045,27.4,84,0.0,Cloudy,Overcast
2026-08-30T06:00,27.3,29.5,65,3.3611111111111107,245,5.611111111111111,1010.3,0.0,11.8,,20.2,28.90311321455128,27.3,64,5.0,Partly Cloudy,Partly cloudy
2026-08-30T07:00,29.8,31.4,54,3.8333333333333335,244,8.194444444444445,1010.8,0.0,5,,19.6,31.38788723932444,29.8,98,136.0,Cloudy,Overcast
2026-08-30T08:00,32.0,33.3,48,4.388888888888889,259,9.388888888888888,1010.9,0.0,12.8,,19.5,33.896484647111244,32.0,44,360.0,Partly Cloudy,Mainly clear
2026-08-30T09:00,34.2,35.0,41,5.444444444444445,270,11.61111111111111,1011.0,0.0,11.5,,19.2,36.04356324108446,34.2,70,589.0,Partly Cloudy,Partly cloudy
2026-08-30T10:00,36.2,37.4,36,5.916666666666667,276,12.999999999999998,1010.5,0.0,5,,18.8,38.19349539228446,36.2,82,784.0,Cloudy,Overcast
2026-08-30T11:00,37.8,39.4,30,5.555555555555555,281,13.38888888888889,1010.2,0.0,5,,17.5,39.09841437255111,37.8,97,915.0,Cloudy,Overcast
2026-08-30T12:00,38.6,40.6,29,4.722222222222222,288,12.5,1009.2,0.0,5,,17.2,40.14712397623119,38.6,99,931.0,Cloudy,Overcast
2026-08-30T13:00,38.5,39.7,30,5.111111111111111,287,11.5,1008.0,0.2,9.6,,18.0,40.32929272461104,38.5,99,763.0,Light Rain,Light drizzle
2026-08-30T14:00,39.0,39.8,30,6.222222222222221,284,13.194444444444445,1006.9,0.0,5,,18.1,41.23898358711111,39.0,99,800.0,Cloudy,Overcast
2026-08-30T15:00,37.4,36.0,32,9.0,275,17.305555555555554,1006.7,0.0,5,,18.0,39.0588280055645,37.4,99,652.0,Cloudy,Overcast
2026-08-30T16:00,35.7,34.4,36,8.25,269,18.38888888888889,1006.8,0.0,5,,18.2,37.294731260584484,35.7,99,443.0,Cloudy,Overcast
2026-08-30T17:00,34.6,33.6,38,7.861111111111111,270,16.194444444444443,1007.0,0.0,5,,18.4,35.93861748935116,34.6,100,222.0,Cloudy,Overcast
2026-08-30T18:00,32.9,32.7,45,6.944444444444445,272,15.11111111111111,1008.0,0.0,5,,19.3,34.76805824180449,32.9,100,47.0,Cloudy,Overcast
2026-08-30T19:00,31.6,31.7,51,7.138888888888888,271,13.805555555555555,1009.0,0.0,5,,20.1,33.86863103313777,31.6,100,0.0,Cloudy,Overcast
2026-08-30T20:00,30.6,31.3,55,6.555555555555555,269,13.61111111111111,1009.8,0.0,5,,20.5,32.930913029315576,30.6,100,0.0,Cloudy,Overcast
2026-08-30T21:00,30.2,30.9,56,6.388888888888888,270,12.194444444444443,1010.3,0.0,5,,20.4,32.4166769669512,30.2,100,0.0,Cloudy,Overcast
2026-08-30T22:00,29.9,30.3,56,6.555555555555555,271,12.305555555555554,1010.9,0.0,5,,20.1,31.896802705571094,29.9,84,0.0,Cloudy,Overcast
2026-08-30T23:00,29.6,29.7,56,7.055555555555555,271,11.805555555555555,1010.1,0.0,5,,19.8,31.394985278471033,29.6,88,0.0,Cloudy,Overcast
2026-08-31T00:00,29.1,29.0,56,7.111111111111112,270,13.11111111111111,1009.7,0.0,5,,19.5,30.59874919837105,29.1,97,0.0,Cloudy,Overcast
2026-08-31T01:00,28.6,28.4,58,7.361111111111111,270,13.194444444444445,1009.5,0.0,5,,19.6,30.1078413969955,28.6,95,0.0,Cloudy,Overcast
2026-08-31T02:00,28.2,28.5,62,6.888888888888889,270,13.194444444444445,1009.3,0.0,5,,20.2,29.99221893745774,28.2,98,0.0,Cloudy,Overcast
2026-08-31T03:00,28.1,28.7,62,6.416666666666667,273,12.38888888888889,1008.9,0.0,5,,20.2,29.832920250797834,28.1,87,0.0,Cloudy,Overcast
2026-08-31T04:00,28.2,28.7,61,6.361111111111111,271,11.694444444444445,1009.3,0.0,5,,20.1,29.869579824195448,28.2,95,0.0,Cloudy,Overcast
2026-08-31T05:00,28.7,29.8,60,5.388888888888888,272,11.38888888888889,1009.5,0.0,11.5,,20.1,30.535746264717798,28.7,70,0.0,Partly Cloudy,Partly cloudy
2026-08-31T06:00,28.8,29.7,59,5.527777777777778,276,9.694444444444445,1009.9,0.0,5,,19.9,30.55639141532455,28.8,84,4.0,Cloudy,Overcast
2026-08-31T07:00,30.2,31.4,54,5.027777777777778,276,10.305555555555555,1010.5,0.0,5,,19.8,32.04284247532452,30.2,95,118.0,Cloudy,Overcast
2026-08-31T08:00,32.2,32.7,47,5.888888888888888,277,11.805555555555555,1011.0,0.0,5,,19.6,34.01665104759118,32.2,87,350.0,Cloudy,Overcast
2026-08-31T09:00,34.3,35.1,40,5.222222222222222,289,12.11111111111111,1010.7,0.0,5,,19.0,35.95055075769566,34.3,81,585.0,Cloudy,Overcast
2026-08-31T10:00,36.5,38.4,35,4.361111111111111,300,11.194444444444443,1010.1,0.0,12.3,,18.4,38.42085584377782,36.5,54,768.0,Partly Cloudy,Partly cloudy
2026-08-31T11:00,37.6,41.2,30,2.2222222222222223,326,10.11111111111111,1009.1,0.0,13.5,,17.3,38.75588245527116,37.6,30,919.0,Partly Cloudy,Mainly clear
2026-08-31T12:00,37.7,42.5,31,1.2777777777777777,132,7.111111111111112,1008.4,0.0,5,,17.6,39.25599770139556,37.7,95,984.0,Cloudy,Overcast
2026-08-31T13:00,34.8,39.2,48,4.944444444444445,132,11.888888888888888,1007.6,0.0,11.35,,22.2,39.46149798967118,34.8,73,947.0,Partly Cloudy,Partly cloudy
2026-08-31T14:00,34.0,37.7,53,5.694444444444445,131,12.805555555555555,1006.4,0.0,13.2,,23.0,39.441867661777856,34.0,36,800.0,Partly Cloudy,Mainly clear
2026-08-31T15:00,33.8,37.7,55,5.055555555555555,120,13.194444444444445,1006.1,0.0,11.65,,23.4,39.69261520659561,33.8,67,698.0,Partly Cloudy,Partly cloudy
2026-08-31T16:00,32.9,38.0,64,3.333333333333333,116,11.5,1006.0,0.1,9.8,,25.3,40.73374494417564,32.9,34,468.0,Light Rain,Light drizzle
2026-08-31T17:00,33.1,39.4,64,1.3333333333333333,61,8.0,1006.3,0.4,9.2,,25.4,41.29237080057558,33.1,12,258.0,Light Rain,Light drizzle
2026-08-31T18:00,33.6,36.4,49,3.2499999999999996,304,5.888888888888888,1007.2,0.0,11.65,,21.4,37.21709199987558,33.6,67,56.0,Partly Cloudy,Partly cloudy
2026-08-31T19:00,32.9,33.9,45,4.916666666666666,287,9.194444444444445,1008.0,0.0,14.0,,19.5,34.76805824180449,32.9,20,0.0,Partly Cloudy,Mainly clear
2026-08-31T20:00,31.3,32.3,50,5.194444444444444,270,10.194444444444445,1008.6,0.0,14.350000000000001,,19.8,33.122285730584444,31.3,13,0.0,Sunny,Clear skies
2026-08-31T21:00,30.5,31.9,54,4.75,269,9.805555555555555,1009.1,0.0,13.5,,20.1,32.554361769944435,30.5,30,0.0,Partly Cloudy,Mainly clear
2026-08-31T22:00,29.9,31.6,57,4.611111111111112,267,8.88888888888889,1009.5,0.0,13.0,,20.4,32.07703348623114,29.9,40,0.0,Partly Cloudy,Mainly clear
2026-08-31T23:00,29.8,31.6,56,4.055555555555555,279,11.0,1009.0,0.0,13.8,,20.1,31.727523914951135,29.8,24,0.0,Partly Cloudy,Mainly clear
2026-09-01T00:00,29.4,30.2,55,5.083333333333333,289,9.0,1008.5,0.0,14.5,,19.3,30.915363245315646,29.4,10,0.0,Sunny,Clear skies
2026-09-01T01:00,28.9,29.7,56,5.111111111111111,290,9.194444444444445,1008.3,0.0,14.350000000000001,,19.3,30.294298970771187,28.9,13,0.0,Sunny,Clear skies
2026-09-01T02:00,28.7,29.5,57,5.111111111111111,292,9.11111111111111,1007.9,0.0,14.55,,19.3,30.128005818391127,28.7,9,0.0,Sunny,Clear skies
2026-09-01T03:00,28.3,29.4,60,5.111111111111111,296,9.11111111111111,1007.6,0.0,14.4,,19.8,29.90229714791783,28.3,12,0.0,Sunny,Clear skies
2026-09-01T04:00,28.1,29.3,61,5.0,296,8.88888888888889,1007.6,0.0,14.45,,20.0,29.714564242515547,28.1,11,0.0,Sunny,Clear skies
2026-09-01T05:00,28.6,30.0,61,5.055555555555555,291,8.694444444444445,1007.8,0.0,14.8,,20.4,30.51149793811552,28.6,4,0.0,Sunny,Clear skies
2026-09-01T06:00,28.5,29.9,62,4.972222222222221,292,8.88888888888889,1008.5,0.0,14.9,,20.4,30.483441007277843,28.5,2,5.0,Sunny,Clear skies
2026-09-01T07:00,30.6,32.1,55,4.861111111111111,294,9.694444444444445,1008.9,0.0,15.0,,20.4,32.930913029315576,30.6,0,138.0,Sunny,Clear skies
2026-09-01T08:00,33.5,34.6,43,4.527777777777778,295,9.88888888888889,1009.4,0.0,15.0,,19.2,35.32645752955553,33.5,0,377.0,Sunny,Clear skies
2026-09-01T09:00,35.9,37.9,35,2.5277777777777777,302,9.61111111111111,1009.7,0.0,14.8,,18.2,37.351802146337725,35.9,4,610.0,Sunny,Clear skies
2026-09-01T10:00,37.3,41.4,32,0.7222222222222222,16,7.0,1009.4,0.0,15.0,,17.8,38.8816216164245,37.3,0,802.0,Sunny,Clear skies
2026-09-01T11:00,36.9,40.8,36,3.638888888888889,106,7.611111111111111,1009.0,0.0,12.45,,19.6,39.5044096449044,36.9,51,934.0,Partly Cloudy,Partly cloudy
2026-09-01T12:00,34.9,38.7,46,5.583333333333334,121,12.61111111111111,1008.7,0.1,9.8,,21.6,38.967259197215576,34.9,33,952.0,Light Rain,Light drizzle
2026-09-01T13:00,33.9,37.1,50,6.555555555555555,142,13.88888888888889,1008.3,0.1,9.8,,22.0,38.17443465370448,33.9,34,919.0,Light Rain,Light drizzle
2026-09-01T14:00,34.2,37.0,47,5.805555555555555,152,13.805555555555555,1007.6,0.2,9.6,,21.3,37.82904608919114,34.2,20,824.0,Light Rain,Light drizzle
2026-09-01T15:00,34.1,36.0,46,5.722222222222222,146,12.61111111111111,1007.4,0.1,9.8,,20.7,37.3089218180157,34.1,31,685.0,Light Rain,Light drizzle
2026-09-01T16:00,34.1,36.0,48,4.944444444444445,142,12.0,1007.2,0.0,14.100000000000001,,21.4,37.94440954645119,34.1,18,473.0,Sunny,Clear skies
2026-09-01T17:00,33.4,35.1,48,5.083333333333333,131,10.388888888888888,1007.5,0.0,14.5,,20.9,36.51121117495118,33.4,10,255.0,Sunny,Clear skies
2026-09-01T18:00,31.7,35.8,65,4.361111111111111,136,9.88888888888889,1008.3,0.0,13.3,,24.4,37.8871695441513,31.7,34,56.0,Partly Cloudy,Mainly clear
2026-09-01T19:00,31.9,37.4,64,1.3055555555555556,173,7.388888888888889,1009.5,0.0,13.9,,24.2,38.07810072057563,31.9,22,0.0,Partly Cloudy,Mainly clear
2026-09-01T20:00,32.4,34.9,50,3.138888888888889,323,5.694444444444445,1010.4,0.0,14.75,,20.7,35.112349567004536,32.4,5,0.0,Sunny,Clear skies
2026-09-01T21:00,31.8,32.8,51,5.694444444444445,289,10.11111111111111,1010.9,0.0,14.9,,20.3,34.23398985921771,31.8,2,0.0,Sunny,Clear skies
2026-09-01T22:00,30.7,31.6,53,5.722222222222222,286,11.5,1011.4,0.0,14.600000000000001,,20.1,32.70334619913797,30.7,8,0.0,Sunny,Clear skies
2026-09-01T23:00,30.4,31.1,53,5.75,284,11.0,1011.0,0.0,5,,19.8,32.19319335201776,30.4,95,0.0,Cloudy,Overcast
2026-09-02T00:00,29.8,30.4,54,5.833333333333333,284,11.194444444444443,1010.2,0.0,5,,19.6,31.38788723932444,29.8,96,0.0,Cloudy,Overcast
2026-09-02T01:00,29.4,30.1,55,5.583333333333334,283,10.611111111111112,1009.5,0.0,5,,19.5,30.915363245315646,29.4,93,0.0,Cloudy,Overcast
2026-09-02T02:00,29.2,29.9,56,5.583333333333334,287,10.11111111111111,1009.1,0.0,5,,19.4,30.753983784551085,29.2,83,0.0,Cloudy,Overcast
2026-09-02T03:00,29.0,29.6,56,5.638888888888889,287,10.11111111111111,1008.9,0.0,12.6,,19.4,30.44552092711114,29.0,48,0.0,Partly Cloudy,Mainly clear
2026-09-02T04:00,28.8,29.6,57,5.222222222222222,284,10.0,1008.8,0.0,14.75,,19.4,30.279191292391218,28.8,5,0.0,Sunny,Clear skies
2026-09-02T05:00,28.8,30.1,59,4.805555555555555,280,9.305555555555555,1009.1,0.0,14.15,,20.0,30.55639141532455,28.8,17,0.0,Sunny,Clear skies
2026-09-02T06:00,28.7,30.1,59,4.444444444444445,279,8.5,1009.4,0.0,14.2,,19.8,30.396941949324475,28.7,16,5.0,Sunny,Clear skies
2026-09-02T07:00,30.5,31.7,52,4.527777777777778,281,9.194444444444445,1010.0,0.0,15.0,,19.6,32.1730718510555,30.5,0,137.0,Sunny,Clear skies
2026-09-02T08:00,33.0,34.2,44,4.388888888888889,281,9.305555555555555,1010.5,0.0,15.0,,19.3,34.6985683057778,33.0,0,375.0,Sunny,Clear skies
2026-09-02T09:00,35.4,37.0,37,3.611111111111111,292,9.61111111111111,1010.6,0.0,14.9,,18.6,37.056246308675526,35.4,2,607.0,Sunny,Clear skies
2026-09-02T10:00,36.8,40.8,34,1.0555555555555556,319,8.61111111111111,1010.2,0.0,15.0,,18.2,38.641017820035614,36.8,0,799.0,Sunny,Clear skies
2026-09-02T11:00,34.3,39.2,51,4.722222222222222,127,9.0,1010.1,0.0,13.3,,22.8,39.416396013217884,34.3,34,930.0,Partly Cloudy,Mainly clear
2026-09-02T12:00,33.6,36.7,48,6.222222222222221,136,13.61111111111111,1009.7,0.1,9.8,,21.2,36.912136212551054,33.6,21,962.0,Light Rain,Light drizzle
2026-09-02T13:00,33.9,36.1,45,6.333333333333333,147,13.61111111111111,1008.9,0.2,9.6,,20.4,36.6150351746045,33.9,13,877.0,Light Rain,Light drizzle
2026-09-02T14:00,34.8,37.6,44,5.166666666666667,154,13.38888888888889,1007.8,0.1,9.8,,20.8,38.082842650257945,34.8,30,809.0,Light Rain,Light drizzle
2026-09-02T15:00,34.7,37.0,46,5.249999999999999,156,11.38888888888889,1006.8,0.1,9.8,,21.4,38.54285260449561,34.7,27,651.0,Light Rain,Light drizzle
2026-09-02T16:00,34.6,36.6,46,4.916666666666666,165,11.194444444444443,1006.4,0.0,12.6,,21.4,38.33310487011563,34.6,48,455.0,Partly Cloudy,Mainly clear
2026-09-02T17:00,33.8,36.0,50,5.249999999999999,176,10.305555555555555,1006.8,0.0,5,,22.0,37.95779035708452,33.8,82,246.0,Cloudy,Overcast
2026-09-02T18:00,32.7,36.4,56,3.222222222222222,186,10.11111111111111,1007.8,0.0,5,,22.9,37.45117270045119,32.7,93,51.0,Cloudy,Overcast
2026-09-02T19:00,32.7,36.7,53,1.5555555555555554,268,6.0,1008.8,0.0,5,,21.8,36.54068375433793,32.7,99,0.0,Cloudy,Overcast
2026-09-02T20:00,32.5,34.9,50,3.2499999999999996,295,6.0,1009.7,0.0,5,,20.6,35.30398328194456,32.5,98,0.0,Cloudy,Overcast
2026-09-02T21:00,31.8,34.0,51,3.75,280,7.111111111111112,1010.4,0.0,5,,20.5,34.23398985921771,31.8,97,0.0,Cloudy,Overcast
2026-09-02T22:00,31.2,33.1,54,4.25,272,7.888888888888888,1011.0,0.0,5,,20.6,33.81558301612463,31.2,96,0.0,Cloudy,Overcast
2026-09-02T23:00,30.8,32.5,55,4.861111111111111,270,8.0,1010.7,0.0,5,,20.7,33.294418445795614,30.8,98,0.0,Cloudy,Overcast
2026-09-03T00:00,30.2,31.6,56,5.055555555555555,272,9.388888888888888,1010.0,0.0,5,,20.4,32.4166769669512,30.2,98,0.0,Cloudy,Overcast
2026-09-03T01:00,29.8,31.0,56,5.194444444444444,271,9.305555555555555,1009.5,0.0,11.0,,20.1,31.727523914951135,29.8,80,0.0,Cloudy,Overcast
2026-09-03T02:00,29.2,30.5,58,4.944444444444445,271,9.5,1009.0,0.0,11.55,,20.1,31.058140572515615,29.2,69,0.0,Partly Cloudy,Partly cloudy
2026-09-03T03:00,28.9,30.7,59,4.222222222222222,265,8.88888888888889,1008.8,0.0,13.35,,20.2,30.717955184364598,28.9,33,0.0,Partly Cloudy,Mainly clear
2026-09-03T04:00,28.7,31.0,60,3.3888888888888884,262,7.388888888888889,1008.9,0.0,5,,20.3,30.535746264717798,28.7,98,0.0,Cloudy,Overcast
2026-09-03T05:00,29.0,31.7,61,2.833333333333333,260,5.888888888888888,1009.3,0.0,11.1,,20.6,31.18838531155553,29.0,78,0.0,Partly Cloudy,Partly cloudy
2026-09-03T06:00,28.7,31.6,63,2.638888888888889,260,5.0,1009.6,0.0,12.75,,20.9,30.969504210604416,28.7,45,5.0,Partly Cloudy,Mainly clear
2026-09-03T07:00,30.5,33.1,54,2.694444444444444,272,6.0,1010.0,0.0,12.1,,20.2,32.554361769944435,30.5,58,135.0,Partly Cloudy,Partly cloudy
2026-09-03T08:00,32.7,34.9,47,2.944444444444444,281,7.194444444444444,1010.9,0.0,14.350000000000001,,19.9,34.906951803991234,32.7,13,364.0,Sunny,Clear skies
2026-09-03T09:00,34.8,37.5,40,2.2222222222222223,278,7.388888888888889,1010.7,0.0,14.8,,19.4,36.84765082899557,34.8,4,593.0,Sunny,Clear skies
2026-09-03T10:00,36.0,40.7,38,0.75,148,6.694444444444445,1010.1,0.0,14.75,,19.3,38.4671009551112,36.0,5,792.0,Sunny,Clear skies
2026-09-03T11:00,33.2,38.2,57,4.916666666666666,127,8.88888888888889,1009.9,0.1,9.8,,23.5,38.95338184599126,33.2,41,920.0,Light Rain,Light drizzle
2026-09-03T12:00,33.0,36.7,53,6.0,136,13.11111111111111,1009.3,0.2,9.6,,22.1,37.18173217377786,33.0,22,943.0,Light Rain,Light drizzle
2026-09-03T13:00,33.1,35.8,49,6.305555555555555,153,13.61111111111111,1008.6,0.5,9.0,,20.8,36.20331926667557,33.1,42,913.0,Light Rain,Moderate drizzle
2026-09-03T14:00,34.4,37.8,49,5.555555555555555,156,13.305555555555555,1007.1,0.1,9.8,,22.0,38.9300934206755,34.4,29,827.0,Light Rain,Light drizzle
2026-09-03T15:00,34.3,36.8,49,5.888888888888888,152,12.999999999999998,1006.6,0.0,14.15,,22.1,38.709845595635635,34.3,17,675.0,Sunny,Clear skies
2026-09-03T16:00,32.6,36.0,57,3.944444444444444,162,12.305555555555554,1006.6,0.5,9.0,,22.9,37.53769789623125,32.6,45,387.0,Light Rain,Moderate drizzle
2026-09-03T17:00,32.9,36.1,54,3.611111111111111,147,8.38888888888889,1007.1,0.4,9.2,,22.3,37.273004613464565,32.9,26,217.0,Light Rain,Light drizzle
2026-09-03T18:00,31.9,36.4,61,2.25,162,7.0,1007.8,0.1,9.8,,23.4,37.14161818651551,31.9,16,46.0,Light Rain,Light drizzle
2026-09-03T19:00,30.9,37.1,71,1.0,123,4.305555555555555,1009.0,0.1,9.8,,25.1,37.629335512737924,30.9,28,0.0,Light Rain,Light drizzle
2026-09-03T20:00,30.9,35.5,65,2.5,334,4.5,1009.4,0.0,14.25,,23.6,35.91870161327123,30.9,15,0.0,Sunny,Clear skies
2026-09-03T21:00,31.0,32.9,56,4.75,294,8.61111111111111,1009.8,0.0,14.0,,21.1,33.89128618711116,31.0,20,0.0,Partly Cloudy,Mainly clear
2026-09-03T22:00,30.5,32.0,56,5.249999999999999,280,9.805555555555555,1010.2,0.0,12.25,,20.8,32.954608062611065,30.5,55,0.0,Partly Cloudy,Partly cloudy
2026-09-03T23:00,30.5,31.8,54,4.861111111111111,282,9.305555555555555,1010.1,0.0,12.55,,20.0,32.554361769944435,30.5,49,0.0,Partly Cloudy,Mainly clear
2026-09-04T00:00,29.8,31.1,56,4.944444444444445,279,8.88888888888889,1009.5,0.0,12.95,,20.0,31.727523914951135,29.8,41,0.0,Partly Cloudy,Mainly clear
2026-09-04T01:00,29.2,30.5,57,4.805555555555555,278,9.0,1009.0,0.0,13.95,,19.8,30.904357730791187,29.2,21,0.0,Partly Cloudy,Mainly clear
2026-09-04T02:00,28.8,30.3,59,4.333333333333333,277,8.61111111111111,1008.6,0.0,14.5,,20.0,30.55639141532455,28.8,10,0.0,Sunny,Clear skies
2026-09-04T03:00,28.4,30.3,61,4.0,274,7.611111111111111,1008.3,0.0,14.5,,20.2,30.186167723715712,28.4,10,0.0,Sunny,Clear skies
2026-09-04T04:00,28.2,30.2,62,3.8055555555555554,272,7.0,1008.5,0.0,14.8,,20.2,29.99221893745774,28.2,4,0.0,Sunny,Clear skies
2026-09-04T05:00,28.6,31.1,60,2.7777777777777777,256,6.611111111111111,1008.5,0.0,14.75,,20.2,30.374158966737767,28.6,5,0.0,Sunny,Clear skies
2026-09-04T06:00,28.2,31.5,64,1.75,246,4.805555555555555,1009.4,0.0,14.75,,20.7,30.244604731235526,28.2,5,5.0,Sunny,Clear skies
2026-09-04T07:00,29.9,33.6,59,1.3888888888888888,257,3.888888888888889,1010.4,0.0,14.75,,21.1,32.44987954196447,29.9,5,137.0,Sunny,Clear skies
2026-09-04T08:00,32.1,35.4,51,1.6944444444444442,267,5.194444444444444,1011.1,0.0,14.7,,20.6,34.79570411673779,32.1,6,373.0,Sunny,Clear skies
2026-09-04T09:00,34.4,37.5,42,1.75,272,6.194444444444445,1010.8,0.0,14.95,,19.7,36.6899382844978,34.4,1,604.0,Sunny,Clear skies
2026-09-04T10:00,35.6,40.4,39,0.888888888888889,109,6.0,1010.2,0.0,15.0,,19.6,38.03229269063124,35.6,0,795.0,Sunny,Clear skies
2026-09-04T11:00,33.8,38.5,52,4.75,114,10.194444444444445,1010.2,0.0,13.2,,22.7,38.62769929603572,33.8,36,926.0,Partly Cloudy,Mainly clear
2026-09-04T12:00,33.0,36.9,53,5.944444444444444,121,13.11111111111111,1009.9,0.0,14.0,,22.3,37.18173217377786,33.0,20,960.0,Partly Cloudy,Mainly clear
2026-09-04T13:00,32.9,36.3,52,6.25,148,13.38888888888889,1009.2,0.3,9.4,,21.9,36.66643127377563,32.9,21,942.0,Light Rain,Light drizzle
2026-09-04T14:00,33.9,36.6,47,6.0,157,13.38888888888889,1007.8,0.0,14.100000000000001,,21.2,37.21448419023119,33.9,18,843.0,Sunny,Clear skies
2026-09-04T15:00,33.1,34.8,52,7.138888888888888,156,14.61111111111111,1007.5,0.0,13.8,,21.9,37.089246338175606,33.1,24,671.0,Partly Cloudy,Mainly clear
2026-09-04T16:00,32.8,34.8,53,5.638888888888889,162,14.5,1007.4,0.0,14.0,,22.0,36.752469523537776,32.8,20,463.0,Partly Cloudy,Mainly clear
2026-09-04T17:00,32.3,35.0,57,5.083333333333333,166,11.694444444444445,1007.6,0.0,13.5,,22.8,36.85742905359111,32.3,30,240.0,Partly Cloudy,Mainly clear
2026-09-04T18:00,31.5,35.4,63,3.7222222222222223,168,9.694444444444445,1008.7,0.0,12.25,,23.7,36.784657198444485,31.5,55,50.0,Partly Cloudy,Partly cloudy
2026-09-04T19:00,30.4,35.2,70,2.694444444444444,164,7.111111111111112,1010.0,0.1,9.8,,24.2,36.03229351891557,30.4,50,0.0,Light Rain,Light drizzle
2026-09-04T20:00,30.0,36.1,73,0.9444444444444444,155,5.111111111111111,1010.6,0.1,9.8,,24.7,35.78230485555544,30.0,86,0.0,Light Rain,Light drizzle
2026-09-04T21:00,30.5,36.1,68,1.1111111111111112,306,2.111111111111111,1011.0,0.0,11.7,,24.0,35.75416966794443,30.5,66,0.0,Partly Cloudy,Partly cloudy
2026-09-04T22:00,30.7,34.4,60,2.3333333333333335,298,3.888888888888889,1011.5,0.0,12.6,,22.0,34.21899485351784,30.7,48,0.0,Partly Cloudy,Mainly clear
2026-09-04T23:00,30.3,33.3,61,3.4444444444444446,286,7.194444444444444,1011.1,0.0,13.15,,21.9,33.629775723795575,30.3,37,0.0,Partly Cloudy,Mainly clear
2026-09-05T00:00,29.5,32.3,64,4.0,286,7.388888888888889,1010.6,0.0,12.7,,22.0,32.6394529810555,29.5,46,0.0,Partly Cloudy,Mainly clear
2026-09-05T01:00,29.5,32.1,61,3.5,279,6.888888888888889,1010.2,0.0,12.75,,21.1,32.08367004955543,29.5,45,0.0,Partly Cloudy,Mainly clear
2026-09-05T02:00,29.3,32.1,60,2.888888888888889,261,6.194444444444445,1009.8,0.0,12.6,,20.8,31.55042031551779,29.3,48,0.0,Partly Cloudy,Mainly clear
2026-09-05T03:00,29.0,32.3,62,2.111111111111111,258,5.0,1009.5,0.0,13.15,,21.1,31.34656448977779,29.0,37,0.0,Partly Cloudy,Mainly clear
2026-09-05T04:00,28.7,32.3,63,1.5833333333333333,257,3.6944444444444446,1009.9,0.0,12.65,,21.0,30.969504210604416,28.7,47,0.0,Partly Cloudy,Mainly clear
2026-09-05T05:00,29.1,32.5,61,1.6666666666666665,267,2.8055555555555554,1010.4,0.0,11.5,,20.7,31.36307110171554,29.1,70,0.0,Partly Cloudy,Partly cloudy
2026-09-05T06:00,28.9,32.1,61,2.0,269,3.1111111111111107,1011.0,0.0,5,,20.6,31.015885100115625,28.9,98,5.0,Cloudy,Overcast
2026-09-05T07:00,30.5,33.4,55,2.305555555555556,264,5.305555555555556,1011.5,0.0,5,,20.5,32.752115369555526,30.5,83,127.0,Cloudy,Overcast
2026-09-05T08:00,32.5,35.4,49,2.111111111111111,263,6.111111111111111,1011.8,0.0,13.3,,20.3,35.04451980555562,32.5,34,351.0,Partly Cloudy,Mainly clear
2026-09-05T09:00,34.2,37.8,44,0.9444444444444444,245,5.888888888888888,1011.9,0.0,12.25,,20.1,36.89853838145785,34.2,55,577.0,Partly Cloudy,Partly cloudy
2026-09-05T10:00,35.3,40.0,42,1.5833333333333333,136,6.388888888888888,1011.3,0.0,11.35,,20.5,38.42745289495786,35.3,73,781.0,Partly Cloudy,Partly cloudy
2026-09-05T11:00,33.6,38.4,54,4.75,137,10.805555555555555,1011.2,0.1,9.8,,23.0,38.85907174156445,33.6,95,900.0,Light Rain,Light drizzle
2026-09-05T12:00,33.1,38.2,58,5.444444444444445,134,11.888888888888888,1010.4,1.2,7.6,,23.6,39.05892533409561,33.1,98,979.0,Light Rain,Dense drizzle
2026-09-05T13:00,33.5,37.7,51,5.083333333333333,159,12.5,1010.0,0.4,9.2,,22.0,37.6340301437778,33.5,99,942.0,Light Rain,Light drizzle
2026-09-05T14:00,33.9,37.3,52,5.166666666666667,150,11.194444444444443,1008.5,0.1,9.8,,22.6,38.85491958937558,33.9,98,729.0,Light Rain,Light drizzle
2026-09-05T15:00,33.1,35.9,55,6.027777777777778,161,12.694444444444445,1008.0,0.0,5,,22.8,38.04111502731559,33.1,99,682.0,Cloudy,Overcast
2026-09-05T16:00,33.3,35.9,52,4.75,172,12.61111111111111,1008.0,0.0,5,,22.3,37.51950270193562,33.3,100,482.0,Cloudy,Overcast
2026-09-05T17:00,33.0,36.0,55,4.5,172,10.0,1008.2,0.0,5,,22.8,37.81306655955562,33.0,100,251.0,Cloudy,Overcast
2026-09-05T18:00,32.0,36.1,63,3.7777777777777777,174,8.805555555555555,1009.2,0.0,5,,24.0,38.0092205804447,32.0,100,50.0,Cloudy,Overcast
2026-09-05T19:00,31.0,35.6,66,2.861111111111111,173,7.194444444444444,1010.1,0.0,5,,24.0,36.434542467111115,31.0,95,0.0,Cloudy,Overcast
2026-09-05T20:00,31.2,36.1,64,1.8055555555555556,262,5.388888888888888,1011.0,0.0,5,,23.6,36.3554891136357,31.2,97,0.0,Cloudy,Overcast
2026-09-05T21:00,31.4,34.3,57,3.6944444444444446,289,6.694444444444445,1011.5,0.0,5,,22.0,34.926915054631245,31.4,98,0.0,Cloudy,Overcast
2026-09-05T22:00,30.8,32.6,59,5.888888888888888,287,10.499999999999998,1011.8,0.0,5,,21.9,34.18938437372444,30.8,98,0.0,Cloudy,Overcast
2026-09-05T23:00,29.0,31.5,66,4.611111111111112,288,11.0,1012.2,0.0,11.1,,21.9,32.011302207111086,29.0,78,0.0,Partly Cloudy,Partly cloudy
2026-09-06T00:00,28.6,31.9,71,3.888888888888889,296,8.305555555555555,1011.7,0.0,11.35,,22.8,32.03816115713777,28.6,73,0.0,Partly Cloudy,Partly cloudy
2026-09-06T01:00,28.4,32.7,72,2.2777777777777777,278,7.194444444444444,1011.2,0.0,11.25,,23.0,31.77240044876451,28.4,75,0.0,Partly Cloudy,Partly cloudy
2026-09-06T02:00,28.4,32.5,71,2.2222222222222223,234,4.305555555555555,1011.0,0.0,5,,22.6,31.615306090737747,28.4,98,0.0,Cloudy,Overcast
2026-09-06T03:00,28.0,32.6,74,1.6944444444444442,225,3.888888888888889,1010.8,0.0,5,,22.9,31.21358569911119,28.0,100,0.0,Cloudy,Overcast
2026-09-06T04:00,27.6,32.9,79,0.8333333333333333,163,2.8055555555555554,1010.7,0.0,5,,23.5,30.99275153827562,27.6,96,0.0,Cloudy,Overcast
2026-09-06T05:00,27.9,32.9,75,1.1944444444444444,213,1.6944444444444442,1011.2,0.0,5,,23.1,31.136592726071132,27.9,99,0.0,Cloudy,Overcast
2026-09-06T06:00,27.9,33.0,75,0.9444444444444444,174,1.8888888888888888,1011.7,0.0,5,,23.2,31.136592726071132,27.9,100,4.0,Cloudy,Overcast
2026-09-06T07:00,29.6,34.2,65,0.888888888888889,164,3.194444444444444,1012.5,0.0,5,,22.4,33.03749628887102,29.6,89,123.0,Cloudy,Overcast
2026-09-06T08:00,31.1,35.5,60,1.4444444444444444,151,4.888888888888889,1012.8,0.0,11.5,,22.4,35.058845172237916,31.1,70,344.0,Partly Cloudy,Partly cloudy
2026-09-06T09:00,32.7,37.1,54,1.6944444444444442,156,5.888888888888888,1012.8,0.0,12.5,,22.1,36.83724503482447,32.7,50,593.0,Partly Cloudy,Partly cloudy
2026-09-06T10:00,34.4,39.3,46,1.8888888888888888,153,6.499999999999999,1012.2,0.0,14.2,,21.2,37.91852052531554,34.4,16,778.0,Sunny,Clear skies
2026-09-06T11:00,35.6,40.9,43,2.4166666666666665,143,8.805555555555555,1011.8,0.0,14.350000000000001,,21.2,39.386496818595646,35.6,13,913.0,Sunny,Clear skies
2026-09-06T12:00,35.7,41.0,46,3.7777777777777777,137,10.305555555555555,1010.7,0.0,12.75,,22.4,40.73036722089562,35.7,45,956.0,Partly Cloudy,Mainly clear
2026-09-06T13:00,34.9,39.8,53,5.861111111111112,141,12.805555555555555,1009.9,0.1,9.8,,24.1,41.63818628841776,34.9,39,924.0,Light Rain,Light drizzle
2026-09-06T14:00,33.0,37.6,58,4.722222222222222,170,12.805555555555555,1009.2,2.5,5.0,,23.6,38.81428645155561,33.0,62,781.0,Light Rain,Moderate rain
2026-09-06T15:00,33.8,38.6,52,1.6666666666666665,260,10.11111111111111,1008.8,0.7,8.6,,22.7,38.62769929603572,33.8,13,604.0,Light Rain,Moderate drizzle
2026-09-06T16:00,33.7,36.5,49,3.416666666666667,274,7.805555555555555,1009.1,0.2,9.6,,21.5,37.42509453003562,33.7,28,443.0,Light Rain,Light drizzle
2026-09-06T17:00,34.6,37.7,42,1.2222222222222223,218,7.694444444444444,1009.1,0.0,5,,19.8,37.065655402097846,34.6,89,217.0,Cloudy,Overcast
2026-09-06T18:00,33.5,36.5,46,1.8611111111111112,211,3.888888888888889,1010.2,0.0,5,,20.4,36.13392451905563,33.5,85,48.0,Cloudy,Overcast
2026-09-06T19:00,32.8,36.8,51,1.027777777777778,247,3.194444444444444,1011.4,0.0,5,,21.3,36.17019213681781,32.8,91,0.0,Cloudy,Overcast
2026-09-06T20:00,32.1,35.8,54,1.8888888888888888,272,3.1111111111111107,1012.1,0.0,5,,21.6,35.57637285346446,32.1,98,0.0,Cloudy,Overcast
2026-09-06T21:00,31.1,35.0,59,1.972222222222222,249,3.3888888888888884,1012.8,0.0,5,,22.1,34.80727677236453,31.1,95,0.0,Cloudy,Overcast
2026-09-06T22:00,30.5,34.6,63,2.0833333333333335,233,3.5,1013.0,0.0,5,,22.6,34.50475153044439,30.5,94,0.0,Cloudy,Overcast
2026-09-06T23:00,30.2,34.6,64,1.8055555555555556,228,3.5,1012.6,0.0,5,,22.7,34.089385888835665,30.2,96,0.0,Cloudy,Overcast
2026-09-07T00:00,29.4,34.1,69,1.6388888888888888,232,3.194444444444444,1012.1,0.0,5,,23.1,33.41586011809787,29.4,97,0.0,Cloudy,Overcast
2026-09-07T01:00,28.9,33.9,72,1.4444444444444444,229,2.8055555555555554,1011.6,0.0,5,,23.4,32.8760415290645,28.9,98,0.0,Cloudy,Overcast
2026-09-07T02:00,28.5,33.7,75,1.2777777777777777,234,2.5,1011.0,0.0,5,,23.6,32.49167065711113,28.5,100,0.0,Cloudy,Overcast
2026-09-07T03:00,28.1,33.2,76,1.1111111111111112,234,2.1944444444444446,1010.5,0.0,5,,23.4,31.727669559215542,28.1,98,0.0,Cloudy,Overcast
2026-09-07T04:00,27.8,32.5,75,1.4444444444444444,221,2.5,1010.3,0.0,5,,23.0,30.920086018151103,27.8,91,0.0,Cloudy,Overcast
2026-09-07T05:00,28.0,32.7,73,1.1944444444444444,225,2.5,1010.6,0.0,5,,22.8,31.073563031555622,28.0,88,0.0,Cloudy,Overcast
2026-09-07T06:00,27.5,32.3,77,1.4166666666666665,228,2.111111111111111,1011.1,0.0,5,,23.1,30.520732394444508,27.5,94,5.0,Cloudy,Overcast
2026-09-07T07:00,29.3,34.0,67,1.0555555555555556,245,3.5,1011.8,0.0,5,,22.6,32.804227674035616,29.3,97,137.0,Cloudy,Overcast
2026-09-07T08:00,31.3,35.9,58,0.75,242,4.0,1012.5,0.0,5,,22.1,34.97342834121562,31.3,98,370.0,Cloudy,Overcast
2026-09-07T09:00,33.2,37.9,51,0.6111111111111112,204,4.305555555555555,1012.5,0.0,5,,21.6,36.995730183217816,33.2,99,600.0,Cloudy,Overcast
2026-09-07T10:00,34.7,39.8,44,1.1666666666666667,175,5.305555555555556,1012.2,0.0,5,,20.8,37.88155493735788,34.7,100,778.0,Cloudy,Overcast
2026-09-07T11:00,35.6,40.7,42,2.4166666666666665,158,8.38888888888889,1011.6,0.0,5,,20.7,39.03336019249784,35.6,99,914.0,Cloudy,Overcast
2026-09-07T12:00,33.8,39.6,57,4.638888888888888,143,11.694444444444445,1010.8,0.6,8.8,,24.0,40.44259414839131,33.8,98,963.0,Light Rain,Moderate drizzle
2026-09-07T13:00,34.6,38.8,50,5.75,151,12.805555555555555,1009.9,0.2,9.6,,22.7,39.74096589340445,34.6,90,934.0,Light Rain,Light drizzle
2026-09-07T14:00,33.8,37.4,52,5.138888888888888,156,12.694444444444445,1008.6,0.4,9.2,,22.4,38.62769929603572,33.8,88,772.0,Light Rain,Light drizzle
2026-09-07T15:00,35.3,37.9,43,3.861111111111111,163,10.88888888888889,1007.9,0.5,9.0,,20.9,38.765357643315596,35.3,73,611.0,Light Rain,Moderate drizzle
2026-09-07T16:00,34.5,36.1,45,5.027777777777778,207,9.88888888888889,1008.2,0.3,9.4,,20.8,37.79998897844452,34.5,73,457.0,Light Rain,Light drizzle
2026-09-07T17:00,34.6,36.5,42,3.5833333333333335,215,10.388888888888888,1008.9,0.2,9.6,,19.9,37.065655402097846,34.6,55,232.0,Light Rain,Light drizzle
2026-09-07T18:00,33.7,36.5,46,2.361111111111111,228,7.194444444444444,1009.7,0.0,11.35,,20.4,36.519042120095605,33.7,73,44.0,Partly Cloudy,Partly cloudy
2026-09-07T19:00,32.9,37.1,51,0.6388888888888888,299,4.0,1010.6,0.0,11.0,,21.3,36.37384144473775,32.9,80,0.0,Cloudy,Overcast
2026-09-07T20:00,32.4,36.0,52,1.9166666666666667,264,3.0,1011.3,0.0,5,,21.4,35.64194929747578,32.4,97,0.0,Cloudy,Overcast
2026-09-07T21:00,31.7,34.8,55,2.861111111111111,281,4.805555555555555,1012.1,0.0,5,,21.5,35.027709419795706,31.7,97,0.0,Cloudy,Overcast
2026-09-07T22:00,30.7,33.4,58,3.555555555555556,284,6.194444444444445,1012.5,0.0,12.05,,21.5,33.76124443041572,30.7,59,0.0,Partly Cloudy,Partly cloudy
2026-09-07T23:00,30.3,32.2,57,4.444444444444445,273,6.888888888888889,1012.1,0.0,12.25,,20.7,32.79206791119113,30.3,55,0.0,Partly Cloudy,Partly cloudy
2026-09-08T00:00,29.4,31.6,59,3.888888888888889,282,8.194444444444445,1011.4,0.0,5,,20.7,31.557488575164573,29.4,95,0.0,Cloudy,Overcast
2026-09-08T01:00,28.8,31.7,63,2.75,275,6.694444444444445,1010.6,0.0,12.25,,21.1,31.14672844860453,28.8,55,0.0,Partly Cloudy,Partly cloudy
2026-09-08T02:00,28.2,31.8,67,2.0277777777777777,260,4.694444444444444,1010.2,0.0,14.3,,21.6,30.64095234003563,28.2,14,0.0,Sunny,Clear skies
2026-09-08T03:00,27.4,31.5,71,1.1944444444444444,248,3.3888888888888884,1009.9,0.0,13.05,,21.7,29.65303237793771,27.4,39,0.0,Partly Cloudy,Mainly clear
2026-09-08T04:00,26.9,31.0,73,1.2222222222222223,258,2.0,1010.0,0.0,12.75,,21.6,28.927259164595537,26.9,45,0.0,Partly Cloudy,Mainly clear
2026-09-08T05:00,27.1,31.2,74,1.5833333333333333,238,3.1111111111111107,1010.2,0.0,13.1,,22.1,29.38606623333116,27.1,38,0.0,Partly Cloudy,Mainly clear
2026-09-08T06:00,26.8,30.8,75,1.5,268,2.8055555555555554,1010.9,0.0,14.2,,21.9,28.9017843005512,26.8,16,5.0,Sunny,Clear skies
2026-09-08T07:00,29.2,32.6,62,2.055555555555556,274,4.805555555555555,1011.9,0.0,12.8,,21.2,31.707360894257857,29.2,44,141.0,Partly Cloudy,Mainly clear
2026-09-08T08:00,31.8,34.5,51,2.4444444444444446,266,6.305555555555555,1012.7,0.0,14.75,,20.3,34.23398985921771,31.8,5,382.0,Sunny,Clear skies
2026-09-08T09:00,33.9,37.2,44,1.6388888888888888,252,6.388888888888888,1012.6,0.0,14.600000000000001,,19.9,36.32746605479784,33.9,8,615.0,Sunny,Clear skies
2026-09-08T10:00,35.4,40.1,39,0.9166666666666666,171,5.694444444444445,1012.0,0.0,14.8,,19.3,37.656316632231075,35.4,4,807.0,Sunny,Clear skies
2026-09-08T11:00,36.1,41.1,36,1.2777777777777777,138,7.0,1011.3,0.0,15.0,,18.7,38.01123568650449,36.1,0,939.0,Sunny,Clear skies
2026-09-08T12:00,36.1,41.3,41,2.861111111111111,137,8.0,1010.1,0.0,13.0,,20.8,39.70381845540453,36.1,40,990.0,Partly Cloudy,Mainly clear
2026-09-08T13:00,36.1,42.0,43,2.2777777777777777,148,8.38888888888889,1009.2,0.6,8.8,,21.5,40.45219808299566,36.1,33,958.0,Light Rain,Moderate drizzle
2026-09-08T14:00,37.4,41.1,32,1.3055555555555556,252,9.0,1008.0,0.3,9.4,,18.0,39.0588280055645,37.4,19,792.0,Light Rain,Light drizzle
2026-09-08T15:00,37.8,38.4,29,3.8055555555555554,281,8.88888888888889,1007.4,0.2,9.6,,16.7,38.77595320759113,37.8,17,608.0,Light Rain,Light drizzle
2026-09-08T16:00,37.2,36.7,32,6.083333333333333,281,12.194444444444443,1007.2,0.0,14.45,,17.5,38.70551121452447,37.2,11,464.0,Sunny,Clear skies
2026-09-08T17:00,35.9,35.5,36,6.833333333333334,283,14.11111111111111,1007.4,0.0,14.3,,18.5,37.650476594104504,35.9,14,237.0,Sunny,Clear skies
2026-09-08T18:00,33.6,33.8,44,6.805555555555555,284,13.61111111111111,1008.2,0.0,14.65,,19.9,35.7704469332978,33.6,7,46.0,Sunny,Clear skies
2026-09-08T19:00,32.7,33.5,48,6.0,283,12.805555555555555,1009.3,0.0,14.15,,20.3,35.161902875171194,32.7,17,0.0,Sunny,Clear skies
2026-09-08T20:00,31.7,33.4,52,4.888888888888889,278,11.194444444444443,1010.0,0.0,14.100000000000001,,20.7,34.28580817393564,31.7,18,0.0,Sunny,Clear skies
2026-09-08T21:00,31.0,32.9,55,4.666666666666667,274,9.11111111111111,1010.8,0.0,13.2,,20.9,33.665803991555485,31.0,36,0.0,Partly Cloudy,Mainly clear
2026-09-08T22:00,30.1,32.2,58,4.388888888888889,271,8.5,1011.4,0.0,13.15,,21.0,32.623884729695675,30.1,37,0.0,Partly Cloudy,Mainly clear
2026-09-08T23:00,30.0,32.4,60,4.222222222222222,257,7.888888888888888,1011.2,0.0,13.7,,21.4,32.83203227777776,30.0,26,0.0,Partly Cloudy,Mainly clear
2026-09-09T00:00,29.1,31.8,64,3.8333333333333335,258,7.611111111111111,1010.4,0.0,5,,21.7,31.861331078975557,29.1,94,0.0,Cloudy,Overcast
2026-09-09T01:00,28.5,31.4,67,3.416666666666667,256,6.805555555555555,1010.0,0.0,5,,21.7,31.202184917555606,28.5,92,0.0,Cloudy,Overcast
2026-09-09T02:00,28.0,31.1,69,3.138888888888889,256,6.0,1009.3,0.0,5,,21.7,30.53506764577775,28.0,93,0.0,Cloudy,Overcast
2026-09-09T03:00,27.6,31.0,70,2.5555555555555554,250,5.5,1009.1,0.0,5,,21.6,29.912102020515718,27.6,92,0.0,Cloudy,Overcast
2026-09-09T04:00,27.1,30.8,72,1.9444444444444444,244,4.388888888888889,1009.1,0.0,11.55,,21.6,29.20331364146466,27.1,69,0.0,Partly Cloudy,Partly cloudy
2026-09-09T05:00,27.1,30.9,73,1.9444444444444444,226,3.3055555555555554,1009.1,0.0,5,,21.8,29.294085455795692,27.1,97,0.0,Cloudy,Overcast
2026-09-09T06:00,26.9,30.9,74,1.5833333333333333,238,3.3055555555555554,1009.7,0.0,5,,21.9,29.008934705731015,26.9,91,5.0,Cloudy,Overcast
2026-09-09T07:00,29.4,33.1,63,1.9166666666666667,263,4.611111111111112,1010.2,0.0,12.35,,21.6,32.25745578348457,29.4,53,138.0,Partly Cloudy,Partly cloudy
2026-09-09T08:00,32.1,34.8,51,2.944444444444444,270,7.0,1010.6,0.0,11.5,,20.8,34.79570411673779,32.1,70,379.0,Partly Cloudy,Partly cloudy
2026-09-09T09:00,34.8,36.5,40,3.944444444444444,279,9.194444444444445,1010.6,0.0,5,,19.3,36.84765082899557,34.8,84,604.0,Cloudy,Overcast
2026-09-09T10:00,36.8,39.3,33,3.222222222222222,275,9.5,1010.0,0.0,5,,18.0,38.32110243713779,36.8,90,785.0,Cloudy,Overcast
2026-09-09T11:00,36.6,41.1,32,1.0,135,8.5,1009.6,0.0,5,,17.3,37.67186453516446,36.6,98,922.0,Cloudy,Overcast
2026-09-09T12:00,34.7,39.7,51,5.0,127,11.38888888888889,1008.8,0.0,5,,23.0,40.351342206817876,34.7,95,958.0,Cloudy,Overcast
2026-09-09T13:00,34.2,37.5,49,6.444444444444444,134,13.88888888888889,1008.0,0.0,13.1,,22.1,38.49134709843549,34.2,38,911.0,Partly Cloudy,Mainly clear
2026-09-09T14:00,33.3,36.0,51,6.555555555555555,138,14.11111111111111,1006.7,0.1,9.8,,21.7,37.20667336761786,33.3,36,841.0,Light Rain,Light drizzle
2026-09-09T15:00,34.0,36.3,47,5.555555555555555,141,13.61111111111111,1006.0,0.0,11.05,,21.3,37.4176635431112,34.0,79,690.0,Partly Cloudy,Partly cloudy
2026-09-09T16:00,33.9,35.7,46,4.722222222222222,140,11.694444444444445,1005.9,0.0,12.9,,20.8,36.910707886415565,33.9,42,464.0,Partly Cloudy,Mainly clear
2026-09-09T17:00,34.2,36.3,44,3.333333333333333,154,9.805555555555555,1006.1,0.0,11.3,,20.1,36.89853838145785,34.2,74,231.0,Partly Cloudy,Partly cloudy
2026-09-09T18:00,33.5,37.2,50,1.8888888888888888,180,6.805555555555555,1007.2,0.0,5,,21.6,37.318576287944424,33.5,96,44.0,Cloudy,Overcast
2026-09-09T19:00,33.3,35.4,46,3.4722222222222223,295,6.111111111111111,1008.2,0.0,5,,20.2,35.75535508329567,33.3,98,0.0,Cloudy,Overcast
2026-09-09T20:00,31.8,33.6,51,4.333333333333333,292,8.805555555555555,1009.4,0.0,5,,20.4,34.23398985921771,31.8,88,0.0,Cloudy,Overcast
2026-09-09T21:00,31.2,33.0,52,4.111111111111112,280,8.194444444444445,1009.9,0.0,13.65,,20.3,33.372945688035685,31.2,27,0.0,Partly Cloudy,Mainly clear
2026-09-09T22:00,30.4,32.0,54,4.222222222222222,284,8.11111111111111,1010.2,0.0,13.75,,19.9,32.38192173196447,30.4,25,0.0,Partly Cloudy,Mainly clear
2026-09-09T23:00,30.2,31.6,54,4.75,278,9.11111111111111,1009.7,0.0,12.0,,20.0,32.04284247532452,30.2,60,0.0,Partly Cloudy,Partly cloudy
2026-09-10T00:00,29.8,31.2,56,4.805555555555555,278,8.61111111111111,1009.0,0.0,12.25,,20.1,31.727523914951135,29.8,55,0.0,Partly Cloudy,Partly cloudy
2026-09-10T01:00,29.2,30.5,58,4.861111111111111,282,8.805555555555555,1008.3,0.0,5,,20.0,31.058140572515615,29.2,91,0.0,Cloudy,Overcast
2026-09-10T02:00,28.8,30.2,59,4.777777777777778,285,8.694444444444445,1008.1,0.0,5,,20.0,30.55639141532455,28.8,99,0.0,Cloudy,Overcast
2026-09-10T03:00,28.7,30.0,59,4.916666666666666,289,8.694444444444445,1007.7,0.0,5,,20.0,30.396941949324475,28.7,100,0.0,Cloudy,Overcast
2026-09-10T04:00,28.5,29.9,60,4.666666666666667,294,8.61111111111111,1007.7,0.0,5,,19.9,30.21472168127771,28.5,98,0.0,Cloudy,Overcast
2026-09-10T05:00,29.0,30.5,59,4.638888888888888,288,8.194444444444445,1007.6,0.0,11.3,,20.1,30.881633256444477,29.0,74,0.0,Partly Cloudy,Partly cloudy
2026-09-10T06:00,28.8,30.7,59,3.9722222222222223,284,8.11111111111111,1008.1,0.0,5,,20.1,30.55639141532455,28.8,89,5.0,Cloudy,Overcast
2026-09-10T07:00,30.7,32.6,54,3.861111111111111,281,7.888888888888888,1008.7,0.0,12.7,,20.2,32.90504266522449,30.7,46,138.0,Partly Cloudy,Mainly clear
2026-09-10T08:00,32.9,34.6,47,3.9722222222222223,284,8.805555555555555,1009.4,0.0,12.8,,20.0,35.27479440063118,32.9,44,381.0,Partly Cloudy,Mainly clear
2026-09-10T09:00,35.3,37.0,39,3.944444444444444,292,9.5,1009.5,0.0,12.4,,19.1,37.47038363999116,35.3,52,611.0,Partly Cloudy,Partly cloudy
2026-09-10T10:00,36.7,40.6,34,1.4444444444444444,329,9.194444444444445,1009.1,0.0,12.15,,18.5,38.46099728833563,36.7,57,804.0,Partly Cloudy,Partly cloudy
2026-09-10T11:00,34.9,39.7,46,3.6944444444444446,113,7.5,1008.9,0.0,12.95,,21.5,38.967259197215576,34.9,41,934.0,Partly Cloudy,Mainly clear
2026-09-10T12:00,33.9,38.3,51,5.527777777777778,125,12.38888888888889,1008.4,0.2,9.6,,22.4,38.51062532553786,33.9,28,990.0,Light Rain,Light drizzle
2026-09-10T13:00,33.3,36.6,51,6.25,148,13.38888888888889,1007.8,0.2,9.6,,21.9,37.20667336761786,33.3,63,916.0,Light Rain,Light drizzle
2026-09-10T14:00,33.5,36.1,50,6.111111111111111,157,13.61111111111111,1006.4,0.1,9.8,,21.5,37.318576287944424,33.5,95,808.0,Light Rain,Light drizzle
2026-09-10T15:00,33.7,35.2,47,5.916666666666667,151,12.999999999999998,1005.7,0.0,5,,20.7,36.81314932479111,33.7,93,645.0,Cloudy,Overcast
2026-09-10T16:00,33.3,35.0,48,4.861111111111111,140,12.38888888888889,1005.6,0.0,12.85,,20.8,36.313316719571155,33.3,43,447.0,Partly Cloudy,Mainly clear
2026-09-10T17:00,34.0,35.9,45,3.9166666666666665,146,10.11111111111111,1005.9,0.0,11.15,,20.2,36.808529160444465,34.0,77,253.0,Partly Cloudy,Partly cloudy
2026-09-10T18:00,32.9,36.3,52,2.7222222222222223,150,8.0,1006.5,0.0,5,,21.9,36.66643127377563,32.9,99,43.0,Cloudy,Overcast
2026-09-10T19:00,32.7,37.5,56,1.0833333333333333,217,5.0,1007.6,0.0,5,,22.7,37.45117270045119,32.7,100,0.0,Cloudy,Overcast
2026-09-10T20:00,32.4,35.2,51,2.8055555555555554,317,5.194444444444444,1008.2,0.0,5,,20.9,35.37382959633797,32.4,95,0.0,Cloudy,Overcast
2026-09-10T21:00,31.4,33.8,55,3.861111111111111,299,7.194444444444444,1008.8,0.0,5,,21.1,34.43221547091558,31.4,98,0.0,Cloudy,Overcast
2026-09-10T22:00,30.8,33.1,56,4.027777777777778,287,7.305555555555555,1009.2,0.0,5,,21.1,33.51059599255109,30.8,98,0.0,Cloudy,Overcast
2026-09-10T23:00,30.9,32.7,54,4.583333333333333,276,8.305555555555555,1008.8,0.0,5,,20.6,33.26345798626451,30.9,99,0.0,Cloudy,Overcast
2026-09-11T00:00,30.3,31.9,55,4.611111111111112,279,8.38888888888889,1008.1,0.0,5,,20.3,32.400430146995596,30.3,91,0.0,Cloudy,Overcast
2026-09-11T01:00,29.8,31.2,56,4.638888888888888,281,8.5,1007.6,0.0,5,,20.0,31.727523914951135,29.8,94,0.0,Cloudy,Overcast
2026-09-11T02:00,29.4,30.8,57,4.75,287,8.38888888888889,1007.2,0.0,5,,20.0,31.22919567543128,29.4,83,0.0,Cloudy,Overcast
2026-09-11T03:00,29.0,30.4,58,4.694444444444444,291,8.5,1007.0,0.0,11.7,,20.0,30.733060379555532,29.0,66,0.0,Partly Cloudy,Partly cloudy
2026-09-11T04:00,28.8,30.3,60,4.583333333333333,288,8.38888888888889,1007.0,0.0,5,,20.2,30.699483575217748,28.8,88,0.0,Cloudy,Overcast
2026-09-11T05:00,29.2,31.0,59,4.416666666666667,283,8.0,1007.2,0.0,5,,20.4,31.215332309724545,29.2,99,0.0,Cloudy,Overcast
2026-09-11T06:00,29.0,31.2,60,3.4722222222222223,277,7.694444444444444,1007.8,0.0,5,,20.4,31.03340823377779,29.0,95,5.0,Cloudy,Overcast
2026-09-11T07:00,30.8,33.4,55,2.888888888888889,271,6.194444444444445,1008.4,0.0,5,,20.6,33.294418445795614,30.8,96,131.0,Cloudy,Overcast
2026-09-11T08:00,33.4,35.1,44,3.3888888888888884,283,7.611111111111111,1008.8,0.0,5,,19.3,35.40690818849783,33.4,82,370.0,Cloudy,Overcast
2026-09-11T09:00,35.8,37.1,36,3.7222222222222223,277,9.0,1008.9,0.0,11.15,,18.2,37.471977207484535,35.8,77,601.0,Partly Cloudy,Partly cloudy
2026-09-11T10:00,37.0,40.4,32,1.7222222222222223,244,9.0,1008.8,0.0,5,,17.7,38.35657837244443,37.0,99,787.0,Cloudy,Overcast
2026-09-11T11:00,36.3,40.8,39,2.5833333333333335,137,7.194444444444444,1007.9,0.0,5,,20.0,39.391364671191155,36.3,99,886.0,Cloudy,Overcast
2026-09-11T12:00,35.3,39.7,47,4.861111111111111,119,11.194444444444443,1007.1,0.0,5,,22.2,40.21138495359118,35.3,95,938.0,Cloudy,Overcast
2026-09-11T13:00,34.3,37.3,47,6.694444444444445,138,14.305555555555555,1006.4,0.0,5,,21.5,38.03724928239123,34.3,97,942.0,Cloudy,Overcast
2026-09-11T14:00,34.8,37.5,45,5.444444444444445,145,14.305555555555555,1005.0,0.3,9.4,,21.1,38.41405678028449,34.8,99,788.0,Light Rain,Light drizzle
2026-09-11T15:00,35.3,37.8,44,4.666666666666667,142,11.694444444444445,1004.3,0.0,5,,21.3,39.112703223357805,35.3,97,633.0,Cloudy,Overcast
2026-09-11T16:00,35.1,37.2,44,4.277777777777778,148,10.305555555555555,1004.1,0.0,11.25,,20.9,38.69607459239785,35.1,75,423.0,Partly Cloudy,Partly cloudy
2026-09-11T17:00,34.7,37.2,48,4.527777777777778,147,9.11111111111111,1004.5,0.0,13.2,,22.0,39.23963494237114,34.7,36,241.0,Partly Cloudy,Mainly clear
2026-09-11T18:00,33.8,36.2,48,4.0,176,8.88888888888889,1005.2,0.0,12.35,,21.1,37.31990941927126,33.8,53,45.0,Partly Cloudy,Partly cloudy
2026-09-11T19:00,33.4,36.2,47,2.388888888888889,231,7.694444444444444,1006.1,0.0,5,,20.4,36.22370662743109,33.4,100,0.0,Cloudy,Overcast
2026-09-11T20:00,32.0,34.6,53,3.5277777777777777,310,6.499999999999999,1006.9,0.0,5,,21.1,35.11130041377789,32.0,100,0.0,Cloudy,Overcast
2026-09-11T21:00,31.0,33.2,58,4.694444444444444,292,8.61111111111111,1007.3,0.0,5,,21.6,34.35798335955565,31.0,91,0.0,Cloudy,Overcast
2026-09-11T22:00,30.6,32.8,59,4.944444444444445,292,9.11111111111111,1007.5,0.0,5,,21.7,33.78802762316448,30.6,98,0.0,Cloudy,Overcast
2026-09-11T23:00,30.8,32.6,56,4.777777777777778,291,9.11111111111111,1007.3,0.0,12.3,,21.0,33.51059599255109,30.8,54,0.0,Partly Cloudy,Partly cloudy
2026-09-12T00:00,30.1,31.7,56,4.611111111111112,293,8.805555555555555,1006.8,0.0,5,,20.3,32.24137923157121,30.1,93,0.0,Cloudy,Overcast
2026-09-12T01:00,29.7,31.0,55,4.666666666666667,294,8.305555555555555,1006.4,0.0,5,,19.6,31.39265525499564,29.7,97,0.0,Cloudy,Overcast
2026-09-12T02:00,29.3,30.5,56,4.583333333333333,298,8.305555555555555,1005.8,0.0,5,,19.5,30.911224685651145,29.3,97,0.0,Cloudy,Overcast
2026-09-12T03:00,29.0,30.5,58,4.361111111111111,303,8.194444444444445,1005.5,0.0,5,,19.9,30.733060379555532,29.0,100,0.0,Cloudy,Overcast
2026-09-12T04:00,28.7,30.5,60,4.027777777777778,304,7.694444444444444,1005.5,0.0,5,,20.2,30.535746264717798,28.7,100,0.0,Cloudy,Overcast
2026-09-12T05:00,29.0,31.1,59,3.4722222222222223,295,7.111111111111112,1006.2,0.0,11.25,,20.2,30.881633256444477,29.0,75,0.0,Partly Cloudy,Partly cloudy
2026-09-12T06:00,29.0,31.0,58,3.222222222222222,298,6.111111111111111,1006.7,0.0,11.15,,19.8,30.733060379555532,29.0,77,5.0,Partly Cloudy,Partly cloudy
2026-09-12T07:00,31.2,33.1,48,2.9166666666666665,299,6.305555555555555,1007.4,0.0,11.5,,19.0,32.55301492327115,31.2,70,141.0,Partly Cloudy,Partly cloudy
2026-09-12T08:00,33.6,35.5,42,2.5833333333333335,313,6.805555555555555,1008.2,0.0,5,,18.8,35.24648261569775,33.6,90,379.0,Cloudy,Overcast
2026-09-12T09:00,35.0,38.0,40,1.6666666666666665,7,6.611111111111111,1008.4,0.0,5,,19.3,37.216351055555634,35.0,90,611.0,Cloudy,Overcast
2026-09-12T10:00,35.7,39.9,41,2.305555555555556,74,6.694444444444445,1007.8,0.0,5,,20.3,38.88982746468451,35.7,96,794.0,Cloudy,Overcast
2026-09-12T11:00,35.1,39.6,47,4.416666666666667,115,9.11111111111111,1007.7,0.0,5,,22.0,39.76316091183124,35.1,98,912.0,Cloudy,Overcast
2026-09-12T12:00,34.9,38.5,46,5.472222222222222,135,12.194444444444443,1007.0,0.0,12.05,,21.4,38.967259197215576,34.9,59,947.0,Partly Cloudy,Partly cloudy
2026-09-12T13:00,35.4,38.8,43,5.611111111111111,145,12.305555555555554,1006.1,0.0,13.45,,21.1,38.970880569795554,35.4,31,957.0,Partly Cloudy,Mainly clear
2026-09-12T14:00,35.2,37.6,42,5.777777777777778,154,12.805555555555555,1005.2,0.0,13.5,,20.5,38.22845443585787,35.2,30,820.0,Partly Cloudy,Mainly clear
2026-09-12T15:00,35.1,37.1,42,5.472222222222222,150,12.5,1004.8,0.0,12.3,,20.5,38.03094129679792,35.1,54,700.0,Partly Cloudy,Partly cloudy
2026-09-12T16:00,34.3,35.9,46,5.277777777777778,151,12.11111111111111,1004.7,0.0,5,,20.9,37.71368391489563,34.3,91,493.0,Cloudy,Overcast
2026-09-12T17:00,33.8,35.7,46,4.055555555555555,166,11.0,1005.3,0.0,5,,20.4,36.71405648259565,33.8,88,249.0,Cloudy,Overcast
2026-09-12T18:00,32.7,35.1,49,3.4722222222222223,165,8.11111111111111,1006.2,0.0,5,,20.7,35.423788981235646,32.7,95,43.0,Cloudy,Overcast
2026-09-12T19:00,32.3,36.0,53,2.055555555555556,146,6.694444444444445,1007.2,0.0,5,,21.7,35.71251105033778,32.3,93,0.0,Cloudy,Overcast
2026-09-12T20:00,32.2,35.4,51,2.0,321,3.8055555555555554,1008.1,0.0,5,,20.7,34.98658914081779,32.2,98,0.0,Cloudy,Overcast
2026-09-12T21:00,31.6,33.9,52,3.611111111111111,294,6.611111111111111,1008.7,0.0,5,,20.7,34.099515027075626,31.6,100,0.0,Cloudy,Overcast
2026-09-12T22:00,30.9,33.1,55,4.083333333333333,294,7.5,1009.0,0.0,5,,20.8,33.479126202515594,30.9,100,0.0,Cloudy,Overcast
2026-09-12T23:00,30.7,32.3,54,4.527777777777778,299,8.11111111111111,1008.6,0.0,5,,20.4,32.90504266522449,30.7,100,0.0,Cloudy,Overcast
2026-09-13T00:00,30.1,31.4,54,4.583333333333333,302,8.61111111111111,1008.0,0.0,5,,19.7,31.87620325666449,30.1,100,0.0,Cloudy,Overcast
2026-09-13T01:00,29.6,30.5,53,4.694444444444444,306,8.5,1007.8,0.0,5,,19.0,30.91625540001783,29.6,100,0.0,Cloudy,Overcast
2026-09-13T02:00,29.2,29.9,53,4.638888888888888,304,8.694444444444445,1007.4,0.0,5,,18.6,30.323315318737905,29.2,100,0.0,Cloudy,Overcast
2026-09-13T03:00,28.9,29.9,53,3.888888888888889,299,8.194444444444445,1007.1,0.0,5,,18.3,29.898529149217854,28.9,100,0.0,Cloudy,Overcast
2026-09-13T04:00,28.6,29.7,54,3.6944444444444446,306,6.805555555555555,1007.2,0.0,5,,18.4,29.60864774956443,28.6,100,0.0,Cloudy,Overcast
2026-09-13T05:00,29.2,30.4,51,3.4722222222222223,307,6.499999999999999,1007.7,0.0,5,,18.2,30.053247485617785,29.2,100,0.0,Cloudy,Overcast
2026-09-13T06:00,29.2,30.6,52,3.194444444444444,312,6.111111111111111,1008.6,0.0,5,,18.4,30.186576954435584,29.2,100,5.0,Cloudy,Overcast
2026-09-13T07:00,30.9,32.4,48,3.0277777777777777,316,6.194444444444445,1009.2,0.0,5,,18.5,32.077462474451266,30.9,99,120.0,Cloudy,Overcast
2026-09-13T08:00,32.8,34.5,44,3.138888888888889,327,7.388888888888889,1009.8,0.0,5,,19.0,34.3537671678578,32.8,98,335.0,Cloudy,Overcast
2026-09-13T09:00,34.6,36.7,42,2.972222222222222,343,8.0,1010.1,0.0,5,,19.6,37.065655402097846,34.6,100,551.0,Cloudy,Overcast
2026-09-13T10:00,35.4,39.4,41,1.8333333333333333,26,7.611111111111111,1009.9,0.1,9.8,,20.0,38.294528052604456,35.4,100,731.0,Light Rain,Light drizzle
2026-09-13T11:00,34.7,39.7,45,2.3333333333333335,48,7.388888888888889,1009.7,0.4,9.2,,21.1,38.20776818708445,34.7,99,867.0,Light Rain,Light drizzle
2026-09-13T12:00,35.2,40.0,46,2.5,64,8.11111111111111,1008.9,0.4,9.2,,22.0,39.616146896195644,35.2,100,759.0,Light Rain,Light drizzle
2026-09-13T13:00,35.3,39.3,47,3.7222222222222223,54,9.11111111111111,1007.8,0.0,5,,22.2,40.21138495359118,35.3,99,725.0,Cloudy,Overcast
2026-09-13T14:00,34.9,38.4,47,3.0,46,9.694444444444445,1007.0,0.3,9.4,,21.9,39.321635323831096,34.9,80,584.0,Light Rain,Light drizzle
2026-09-13T15:00,34.0,37.9,54,4.027777777777778,113,9.11111111111111,1006.5,0.2,9.6,,23.4,39.80793515644445,34.0,54,601.0,Light Rain,Light drizzle
2026-09-13T16:00,32.9,35.5,52,4.416666666666667,141,10.388888888888888,1006.9,0.0,11.25,,21.9,36.66643127377563,32.9,75,462.0,Partly Cloudy,Partly cloudy
2026-09-13T17:00,31.8,35.2,61,4.472222222222222,144,9.5,1007.5,0.0,5,,23.4,36.90573619219542,31.8,85,164.0,Cloudy,Overcast
2026-09-13T18:00,30.9,34.7,63,3.2777777777777777,152,8.88888888888889,1009.0,0.0,5,,23.0,35.38963842228459,30.9,98,37.0,Cloudy,Overcast
2026-09-13T19:00,30.0,35.4,70,1.0,135,6.388888888888888,1009.8,0.4,9.2,,23.8,35.038017555555435,30.0,95,0.0,Light Rain,Light drizzle
2026-09-13T20:00,29.6,35.2,72,1.0833333333333333,298,2.694444444444444,1010.7,0.4,9.2,,24.1,34.52896775996457,29.6,92,0.0,Light Rain,Light drizzle
2026-09-13T21:00,29.7,34.2,68,2.0833333333333335,294,3.8055555555555554,1011.4,0.0,5,,23.2,33.877428953704516,29.7,92,0.0,Cloudy,Overcast
2026-09-13T22:00,30.2,33.4,61,3.083333333333333,306,5.194444444444444,1011.5,0.0,11.3,,21.8,33.42886298899563,30.2,74,0.0,Partly Cloudy,Partly cloudy
2026-09-13T23:00,27.0,30.8,83,4.222222222222222,289,6.805555555555555,1011.2,0.0,5,,23.9,30.027103067111145,27.0,100,0.0,Cloudy,Overcast
2026-09-14T00:00,27.6,31.2,78,4.083333333333333,293,8.305555555555555,1010.4,0.0,5,,23.4,30.865725418417963,27.6,100,0.0,Cloudy,Overcast
2026-09-14T01:00,27.8,31.7,77,3.333333333333333,294,7.194444444444444,1010.3,0.0,5,,23.3,31.188054025724462,27.8,100,0.0,Cloudy,Overcast
2026-09-14T02:00,27.9,31.2,74,3.9166666666666665,298,6.194444444444445,1009.5,0.0,5,,22.7,30.99998837733121,27.9,96,0.0,Cloudy,Overcast
2026-09-14T03:00,28.4,30.6,64,4.083333333333333,301,7.194444444444444,1009.1,0.0,11.2,,21.0,30.58783732947565,28.4,76,0.0,Partly Cloudy,Partly cloudy
2026-09-14T04:00,28.3,30.6,63,3.5277777777777777,306,7.111111111111112,1009.4,0.0,5,,20.7,30.283170071404616,28.3,82,0.0,Cloudy,Overcast
2026-09-14T05:00,29.1,32.2,64,2.833333333333333,314,6.111111111111111,1009.9,0.0,5,,21.5,31.861331078975557,29.1,100,0.0,Cloudy,Overcast
2026-09-14T06:00,29.1,32.4,64,2.694444444444444,321,4.888888888888889,1010.6,0.0,5,,21.6,31.861331078975557,29.1,85,4.0,Cloudy,Overcast
2026-09-14T07:00,30.8,34.2,59,2.7222222222222223,340,6.0,1010.9,0.0,11.55,,21.9,34.18938437372444,30.8,69,137.0,Partly Cloudy,Partly cloudy
2026-09-14T08:00,32.0,35.6,58,3.2777777777777777,26,7.694444444444444,1011.7,0.0,5,,22.7,36.48221239155565,32.0,99,368.0,Cloudy,Overcast
2026-09-14T09:00,33.1,37.1,54,2.7777777777777777,38,7.888888888888888,1011.9,0.1,9.8,,22.7,37.716498617864495,33.1,98,585.0,Light Rain,Light drizzle
2026-09-14T10:00,33.8,38.4,52,2.972222222222222,65,8.0,1011.4,0.0,5,,22.7,38.62769929603572,33.8,100,702.0,Cloudy,Overcast
2026-09-14T11:00,31.4,36.1,63,4.333333333333333,63,10.194444444444445,1011.7,0.0,5,,23.5,36.5465133658845,31.4,100,784.0,Cloudy,Overcast
2026-09-14T12:00,32.4,37.0,59,4.25,86,10.0,1010.8,0.4,9.2,,23.3,37.70469801596466,32.4,50,779.0,Light Rain,Light drizzle
2026-09-14T13:00,33.1,39.8,54,1.5555555555555554,96,10.0,1009.9,0.8,8.4,,22.6,37.716498617864495,33.1,30,905.0,Light Rain,Moderate drizzle
2026-09-14T14:00,31.9,37.4,58,2.4166666666666665,114,8.305555555555555,1009.1,0.7,8.6,,22.5,36.260436462095704,31.9,31,823.0,Light Rain,Moderate drizzle
2026-09-14T15:00,33.3,38.2,50,0.9444444444444444,87,7.0,1008.3,0.1,9.8,,21.5,36.90136592578457,33.3,23,670.0,Light Rain,Light drizzle
2026-09-14T16:00,32.4,36.3,53,1.3888888888888888,255,4.805555555555555,1008.6,0.2,9.6,,21.5,35.9167086704178,32.4,47,455.0,Light Rain,Light drizzle
2026-09-14T17:00,32.1,36.2,53,0.888888888888889,180,6.305555555555555,1009.0,0.1,9.8,,21.4,35.30980692201782,32.1,86,231.0,Light Rain,Light drizzle
2026-09-14T18:00,30.7,34.5,60,2.388888888888889,306,4.694444444444444,1009.9,0.2,9.6,,22.1,34.21899485351784,30.7,61,35.0,Light Rain,Light drizzle
2026-09-14T19:00,29.9,33.7,66,3.083333333333333,314,5.888888888888888,1010.9,0.0,12.55,,22.8,33.88487792837119,29.9,49,0.0,Partly Cloudy,Mainly clear
2026-09-14T20:00,29.5,33.7,69,2.861111111111111,313,6.388888888888888,1011.8,0.0,11.15,,23.3,33.64011813577771,29.5,77,0.0,Partly Cloudy,Partly cloudy
2026-09-14T21:00,29.4,33.6,69,2.4444444444444446,313,5.5,1012.5,0.0,5,,23.0,33.41586011809787,29.4,82,0.0,Cloudy,Overcast
2026-09-14T22:00,29.1,32.8,66,2.4722222222222223,302,4.611111111111112,1012.9,0.0,5,,22.1,32.21003224517104,29.1,96,0.0,Cloudy,Overcast
2026-09-14T23:00,28.7,32.2,68,2.944444444444444,320,4.5,1012.2,0.0,5,,22.2,31.750250786104377,28.7,99,0.0,Cloudy,Overcast
2026-09-15T00:00,28.1,32.2,74,2.75,338,5.5,1011.8,0.0,5,,23.1,31.429817921731154,28.1,100,0.0,Cloudy,Overcast
2026-09-15T01:00,27.8,32.4,77,2.388888888888889,345,5.194444444444444,1011.4,0.0,5,,23.5,31.188054025724462,27.8,100,0.0,Cloudy,Overcast
2026-09-15T02:00,27.5,32.0,79,2.5555555555555554,340,4.805555555555555,1010.9,0.0,5,,23.6,30.761419605555677,27.5,100,0.0,Cloudy,Overcast
2026-09-15T03:00,27.3,31.9,80,2.2222222222222223,335,4.805555555555555,1010.8,0.0,5,,23.4,30.41810759391782,27.3,100,0.0,Cloudy,Overcast
2026-09-15T04:00,27.1,31.7,80,1.8611111111111112,341,3.888888888888889,1010.9,0.0,5,,23.2,29.963339125837837,27.1,100,0.0,Cloudy,Overcast
2026-09-15T05:00,27.9,33.0,78,1.5,334,3.194444444444444,1011.0,0.0,5,,23.7,31.558732671517816,27.9,96,0.0,Cloudy,Overcast
2026-09-15T06:00,27.6,32.9,80,1.2777777777777777,342,2.611111111111111,1011.7,0.0,5,,23.8,31.121516145937946,27.6,87,5.0,Cloudy,Overcast
2026-09-15T07:00,29.2,34.0,69,1.3333333333333333,335,3.888888888888889,1012.4,0.0,5,,23.0,32.974738933457864,29.2,98,128.0,Cloudy,Overcast
2026-09-15T08:00,30.7,35.4,61,0.7777777777777777,11,4.0,1012.9,0.0,11.3,,22.3,34.45528245019576,30.7,74,310.0,Partly Cloudy,Partly cloudy
2026-09-15T09:00,32.5,36.8,54,1.3333333333333333,61,5.194444444444444,1012.9,0.0,5,,21.9,36.40921988194452,32.5,90,581.0,Cloudy,Overcast
2026-09-15T10:00,33.7,38.8,50,2.25,87,7.111111111111112,1012.3,0.0,5,,22.0,37.742932530584376,33.7,90,781.0,Cloudy,Overcast
2026-09-15T11:00,33.3,38.2,53,3.8055555555555554,111,9.805555555555555,1011.8,0.0,5,,22.4,37.83985392873782,33.3,99,868.0,Cloudy,Overcast
2026-09-15T12:00,32.3,36.7,57,4.166666666666667,136,9.88888888888889,1011.2,0.9,8.2,,22.7,36.85742905359111,32.3,98,799.0,Light Rain,Moderate drizzle
2026-09-15T13:00,32.4,36.6,53,3.4444444444444446,144,10.0,1010.6,0.2,9.6,,21.7,35.9167086704178,32.4,100,784.0,Light Rain,Light drizzle
2026-09-15T14:00,32.1,35.4,58,4.861111111111111,148,10.694444444444445,1009.4,0.5,9.0,,22.8,36.70606677129562,32.1,100,644.0,Light Rain,Moderate drizzle
2026-09-15T15:00,32.3,35.3,55,3.6666666666666665,175,11.11111111111111,1009.0,0.0,5,,22.1,36.271888190195575,32.3,99,544.0,Cloudy,Overcast
2026-09-15T16:00,31.2,34.2,60,4.111111111111112,164,8.805555555555555,1008.8,0.0,5,,22.5,35.27418278321781,31.2,100,236.0,Cloudy,Overcast
2026-09-15T17:00,31.5,34.5,58,3.638888888888889,161,8.694444444444445,1009.0,0.0,12.85,,22.1,35.39411724705568,31.5,43,99.0,Partly Cloudy,Mainly clear
2026-09-15T18:00,30.7,33.8,59,3.416666666666667,159,7.611111111111111,1009.9,0.0,5,,21.9,33.98764884692456,30.7,96,37.0,Cloudy,Overcast
2026-09-15T19:00,30.5,33.9,60,2.861111111111111,164,6.694444444444445,1010.6,0.0,5,,22.0,33.81196976927774,30.5,100,0.0,Cloudy,Overcast
2026-09-15T20:00,30.1,34.5,69,3.0277777777777777,156,5.805555555555555,1011.3,0.0,5,,23.8,35.03743019689787,30.1,91,0.0,Cloudy,Overcast
2026-09-15T21:00,29.5,35.1,78,2.361111111111111,168,5.805555555555555,1011.9,0.0,5,,25.2,35.675550261277856,29.5,98,0.0,Cloudy,Overcast
2026-09-15T22:00,29.3,35.4,77,1.0555555555555556,191,4.5,1012.4,0.0,11.0,,24.9,34.89390768052442,29.3,80,0.0,Cloudy,Overcast
2026-09-15T23:00,29.8,35.6,73,1.1666666666666667,265,1.8888888888888888,1011.9,0.0,5,,24.4,35.26460912211558,29.8,98,0.0,Cloudy,Overcast
2026-09-16T00:00,29.7,33.9,66,2.111111111111111,298,3.5,1011.4,0.0,5,,22.7,33.45199894445128,29.7,98,0.0,Cloudy,Overcast
2026-09-16T01:00,29.4,32.5,61,2.5833333333333335,319,4.694444444444444,1011.2,0.0,5,,21.2,31.90024194451565,29.4,99,0.0,Cloudy,Overcast
2026-09-16T02:00,29.2,32.0,61,2.7222222222222223,314,4.694444444444444,1010.5,0.0,5,,20.8,31.539942470595683,29.2,100,0.0,Cloudy,Overcast
2026-09-16T03:00,29.0,31.1,59,3.416666666666667,301,5.888888888888888,1010.3,0.0,5,,20.1,30.881633256444477,29.0,100,0.0,Cloudy,Overcast
2026-09-16T04:00,28.8,30.3,56,3.6944444444444446,289,6.499999999999999,1010.5,0.0,5,,19.2,30.145083329351092,28.8,100,0.0,Cloudy,Overcast
2026-09-16T05:00,28.8,31.1,58,2.833333333333333,287,6.611111111111111,1011.1,0.0,11.25,,19.8,30.416293987715537,28.8,75,0.0,Partly Cloudy,Partly cloudy
2026-09-16T06:00,28.3,30.8,61,2.8055555555555554,292,5.0,1012.0,0.0,5,,20.2,30.026780984595675,28.3,95,5.0,Cloudy,Overcast
2026-09-16T07:00,29.9,32.6,57,2.6666666666666665,293,5.694444444444445,1012.7,0.0,5,,20.5,32.07703348623114,29.9,100,116.0,Cloudy,Overcast
2026-09-16T08:00,31.9,34.8,53,2.944444444444444,328,6.888888888888889,1013.0,0.0,5,,21.1,34.914690942817906,31.9,98,277.0,Cloudy,Overcast
2026-09-16T09:00,33.5,36.3,47,2.5,12,7.0,1012.9,0.0,11.85,,20.6,36.41851291311118,33.5,63,505.0,Partly Cloudy,Partly cloudy
2026-09-16T10:00,34.6,38.6,45,2.4166666666666665,45,7.194444444444444,1012.3,0.0,5,,20.8,38.003078919804466,34.6,99,723.0,Cloudy,Overcast
2026-09-16T11:00,34.3,38.3,47,3.083333333333333,61,8.0,1011.8,0.0,5,,21.4,38.03724928239123,34.3,98,736.0,Cloudy,Overcast
2026-09-16T12:00,34.6,39.1,47,3.7777777777777777,75,9.388888888888888,1010.6,0.0,5,,21.5,38.671906542631206,34.6,98,885.0,Cloudy,Overcast
2026-09-16T13:00,34.4,38.5,47,4.611111111111112,85,10.805555555555555,1009.8,0.0,5,,21.6,38.24712708903111,34.4,94,896.0,Cloudy,Overcast
2026-09-16T14:00,33.7,36.6,50,4.472222222222222,101,10.805555555555555,1008.9,0.0,11.5,,21.7,37.742932530584376,33.7,70,656.0,Partly Cloudy,Partly cloudy
2026-09-16T15:00,32.6,34.9,57,5.972222222222222,152,12.38888888888889,1008.8,0.0,12.85,,22.9,37.53769789623125,32.6,43,462.0,Partly Cloudy,Mainly clear
2026-09-16T16:00,32.7,34.8,54,5.666666666666666,164,12.5,1008.6,0.0,13.8,,22.2,36.83724503482447,32.7,24,456.0,Partly Cloudy,Mainly clear
2026-09-16T17:00,32.5,34.7,53,5.027777777777778,175,11.694444444444445,1009.1,0.0,5,,21.8,36.12280332777792,32.5,99,233.0,Cloudy,Overcast
2026-09-16T18:00,31.2,33.5,60,5.555555555555555,183,11.11111111111111,1010.1,0.0,5,,22.6,35.27418278321781,31.2,99,26.0,Cloudy,Overcast
2026-09-16T19:00,30.6,34.3,67,4.194444444444445,188,10.499999999999998,1010.6,0.0,5,,23.7,35.73459665427562,30.6,88,0.0,Cloudy,Overcast
2026-09-16T20:00,30.1,34.5,70,3.3611111111111107,183,8.0,1011.0,0.0,5,,24.1,35.28283770601565,30.1,97,0.0,Cloudy,Overcast
2026-09-16T21:00,30.4,35.1,67,2.25,180,6.499999999999999,1011.3,0.0,5,,23.7,35.257415019875666,30.4,98,0.0,Cloudy,Overcast
2026-09-16T22:00,30.6,34.5,62,2.5277777777777777,198,4.805555555555555,1011.9,0.0,5,,22.6,34.481687909297854,30.6,96,0.0,Cloudy,Overcast
2026-09-16T23:00,31.0,33.8,57,3.4722222222222223,285,4.805555555555555,1011.5,0.0,5,,21.6,34.12201264311117,31.0,94,0.0,Cloudy,Overcast
2026-09-17T00:00,29.8,32.3,58,3.4722222222222223,288,7.305555555555555,1010.7,0.0,5,,20.8,32.083263958115566,29.8,98,0.0,Cloudy,Overcast
2026-09-17T01:00,29.4,32.4,61,2.8055555555555554,260,6.499999999999999,1010.2,0.0,5,,21.2,31.90024194451565,29.4,100,0.0,Cloudy,Overcast
2026-09-17T02:00,29.2,32.3,62,2.6666666666666665,262,5.194444444444444,1010.1,0.0,5,,21.2,31.707360894257857,29.2,95,0.0,Cloudy,Overcast
2026-09-17T03:00,29.1,32.0,60,2.388888888888889,272,4.694444444444444,1009.6,0.0,12.45,,20.6,31.203595581837817,29.1,51,0.0,Partly Cloudy,Partly cloudy
2026-09-17T04:00,28.8,31.7,61,2.2222222222222223,265,4.305555555555555,1009.3,0.0,13.15,,20.4,30.845570467395607,28.8,37,0.0,Partly Cloudy,Mainly clear
2026-09-17T05:00,28.3,33.4,74,1.0,189,3.8055555555555554,1009.8,0.0,5,,23.3,31.870187069491237,28.3,91,0.0,Cloudy,Overcast
2026-09-17T06:00,28.2,33.4,74,0.888888888888889,218,1.6944444444444442,1010.8,0.0,5,,23.2,31.64868504519108,28.2,100,4.0,Cloudy,Overcast
2026-09-17T07:00,29.5,34.2,68,1.4166666666666665,203,3.8055555555555554,1011.2,0.0,5,,22.9,33.43254907794441,29.5,98,90.0,Cloudy,Overcast
2026-09-17T08:00,31.1,35.5,60,1.3333333333333333,222,4.388888888888889,1012.0,0.0,5,,22.4,35.058845172237916,31.1,95,233.0,Cloudy,Overcast
2026-09-17T09:00,32.1,36.3,55,1.25,217,4.5,1012.4,0.0,5,,21.9,35.84928180411557,32.1,100,294.0,Cloudy,Overcast
2026-09-17T10:00,32.9,36.8,51,1.3055555555555556,180,4.611111111111112,1012.1,0.0,5,,21.4,36.37384144473775,32.9,100,320.0,Cloudy,Overcast
2026-09-17T11:00,33.6,36.6,49,3.1666666666666665,131,5.888888888888888,1011.6,0.0,5,,21.5,37.21709199987558,33.6,100,424.0,Cloudy,Overcast
2026-09-17T12:00,32.0,34.5,58,5.277777777777778,162,10.694444444444445,1010.8,0.1,9.8,,22.7,36.48221239155565,32.0,52,325.0,Light Rain,Light drizzle
2026-09-17T13:00,33.8,37.8,51,4.861111111111111,185,11.888888888888888,1009.8,0.4,9.2,,22.3,38.288741326417735,33.8,35,834.0,Light Rain,Light drizzle
2026-09-17T14:00,34.5,38.5,50,5.111111111111111,184,11.194444444444443,1008.6,0.2,9.6,,22.7,39.51181630594452,34.5,20,816.0,Light Rain,Light drizzle
2026-09-17T15:00,33.6,36.4,53,5.611111111111111,189,12.0,1008.4,0.1,9.8,,22.7,38.51504901921771,33.6,40,637.0,Light Rain,Light drizzle
2026-09-17T16:00,32.8,36.1,57,4.277777777777778,201,12.0,1008.9,0.3,9.4,,23.1,38.00142272919115,32.8,52,430.0,Light Rain,Light drizzle
2026-09-17T17:00,32.3,36.2,57,2.694444444444444,205,9.0,1008.9,0.2,9.6,,22.8,36.85742905359111,32.3,48,194.0,Light Rain,Light drizzle
2026-09-17T18:00,31.6,35.6,59,2.4166666666666665,188,5.805555555555555,1009.3,0.0,11.35,,22.7,35.87938349756454,31.6,73,33.0,Partly Cloudy,Partly cloudy
2026-09-17T19:00,31.0,35.3,63,2.611111111111111,181,5.0,1010.2,0.0,13.8,,23.2,35.6165008484444,31.0,24,0.0,Partly Cloudy,Mainly clear
2026-09-17T20:00,30.6,34.9,63,2.138888888888889,208,5.0,1011.0,0.0,13.8,,22.9,34.722588831484536,30.6,24,0.0,Partly Cloudy,Mainly clear
2026-09-17T21:00,29.7,33.6,66,2.694444444444444,207,5.0,1011.6,0.0,14.55,,22.6,33.45199894445128,29.7,9,0.0,Sunny,Clear skies
2026-09-17T22:00,28.8,32.7,70,2.7222222222222223,203,5.5,1012.0,0.0,14.3,,22.7,32.29511544979564,28.8,14,0.0,Sunny,Clear skies
2026-09-17T23:00,28.3,32.7,72,1.8333333333333333,209,5.0,1011.7,0.0,14.55,,22.7,31.55937428402462,28.3,9,0.0,Sunny,Clear skies
