recorded_at,aqi,aqi_category,pm25,pm10,no2,so2,co,o3,nh3,temperature,humidity,wind_speed,wind_direction,pressure
2022-01-01T00:00,,Unknown,,,,,,,,,,,,
2022-01-01T01:00,,Unknown,,,,,,,,,,,,
2022-01-01T02:00,,Unknown,,,,,,,,,,,,
2022-01-01T03:00,,Unknown,,,,,,,,,,,,
2022-01-01T04:00,,Unknown,,,,,,,,,,,,
2022-01-01T05:00,,Unknown,,,,,,,,,,,,
2022-01-01T06:00,,Unknown,,,,,,,,,,,,
2022-01-01T07:00,,Unknown,,,,,,,,,,,,
2022-01-01T08:00,,Unknown,,,,,,,,,,,,
2022-01-01T09:00,,Unknown,,,,,,,,,,,,
2022-01-01T10:00,,Unknown,,,,,,,,,,,,
2022-01-01T11:00,,Unknown,,,,,,,,,,,,
2022-01-01T12:00,,Unknown,,,,,,,,,,,,
2022-01-01T13:00,,Unknown,,,,,,,,,,,,
2022-01-01T14:00,,Unknown,,,,,,,,,,,,
2022-01-01T15:00,,Unknown,,,,,,,,,,,,
2022-01-01T16:00,,Unknown,,,,,,,,,,,,
2022-01-01T17:00,,Unknown,,,,,,,,,,,,
2022-01-01T18:00,,Unknown,,,,,,,,,,,,
2022-01-01T19:00,,Unknown,,,,,,,,,,,,
2022-01-01T20:00,,Unknown,,,,,,,,,,,,
2022-01-01T21:00,,Unknown,,,,,,,,,,,,
2022-01-01T22:00,,Unknown,,,,,,,,,,,,
2022-01-01T23:00,,Unknown,,,,,,,,,,,,
2022-01-02T00:00,,Unknown,,,,,,,,,,,,
2022-01-02T01:00,,Unknown,,,,,,,,,,,,
2022-01-02T02:00,,Unknown,,,,,,,,,,,,
2022-01-02T03:00,,Unknown,,,,,,,,,,,,
2022-01-02T04:00,,Unknown,,,,,,,,,,,,
2022-01-02T05:00,,Unknown,,,,,,,,,,,,
2022-01-02T06:00,,Unknown,,,,,,,,,,,,
2022-01-02T07:00,,Unknown,,,,,,,,,,,,
2022-01-02T08:00,,Unknown,,,,,,,,,,,,
2022-01-02T09:00,,Unknown,,,,,,,,,,,,
2022-01-02T10:00,,Unknown,,,,,,,,,,,,
2022-01-02T11:00,,Unknown,,,,,,,,,,,,
2022-01-02T12:00,,Unknown,,,,,,,,,,,,
2022-01-02T13:00,,Unknown,,,,,,,,,,,,
2022-01-02T14:00,,Unknown,,,,,,,,,,,,
2022-01-02T15:00,,Unknown,,,,,,,,,,,,
2022-01-02T16:00,,Unknown,,,,,,,,,,,,
2022-01-02T17:00,,Unknown,,,,,,,,,,,,
2022-01-02T18:00,,Unknown,,,,,,,,,,,,
2022-01-02T19:00,,Unknown,,,,,,,,,,,,
2022-01-02T20:00,,Unknown,,,,,,,,,,,,
2022-01-02T21:00,,Unknown,,,,,,,,,,,,
2022-01-02T22:00,,Unknown,,,,,,,,,,,,
2022-01-02T23:00,,Unknown,,,,,,,,,,,,
2022-01-03T00:00,,Unknown,,,,,,,,,,,,
2022-01-03T01:00,,Unknown,,,,,,,,,,,,
2022-01-03T02:00,,Unknown,,,,,,,,,,,,
2022-01-03T03:00,,Unknown,,,,,,,,,,,,
2022-01-03T04:00,,Unknown,,,,,,,,,,,,
2022-01-03T05:00,,Unknown,,,,,,,,,,,,
2022-01-03T06:00,,Unknown,,,,,,,,,,,,
2022-01-03T07:00,,Unknown,,,,,,,,,,,,
2022-01-03T08:00,,Unknown,,,,,,,,,,,,
2022-01-03T09:00,,Unknown,,,,,,,,,,,,
2022-01-03T10:00,,Unknown,,,,,,,,,,,,
2022-01-03T11:00,,Unknown,,,,,,,,,,,,
2022-01-03T12:00,,Unknown,,,,,,,,,,,,
2022-01-03T13:00,,Unknown,,,,,,,,,,,,
2022-01-03T14:00,,Unknown,,,,,,,,,,,,
2022-01-03T15:00,,Unknown,,,,,,,,,,,,
2022-01-03T16:00,,Unknown,,,,,,,,,,,,
2022-01-03T17:00,,Unknown,,,,,,,,,,,,
2022-01-03T18:00,,Unknown,,,,,,,,,,,,
2022-01-03T19:00,,Unknown,,,,,,,,,,,,
2022-01-03T20:00,,Unknown,,,,,,,,,,,,
2022-01-03T21:00,,Unknown,,,,,,,,,,,,
2022-01-03T22:00,,Unknown,,,,,,,,,,,,
2022-01-03T23:00,,Unknown,,,,,,,,,,,,
2022-01-04T00:00,,Unknown,,,,,,,,,,,,
2022-01-04T01:00,,Unknown,,,,,,,,,,,,
2022-01-04T02:00,,Unknown,,,,,,,,,,,,
2022-01-04T03:00,,Unknown,,,,,,,,,,,,
2022-01-04T04:00,,Unknown,,,,,,,,,,,,
2022-01-04T05:00,,Unknown,,,,,,,,,,,,
2022-01-04T06:00,,Unknown,,,,,,,,,,,,
2022-01-04T07:00,,Unknown,,,,,,,,,,,,
2022-01-04T08:00,,Unknown,,,,,,,,,,,,
2022-01-04T09:00,,Unknown,,,,,,,,,,,,
2022-01-04T10:00,,Unknown,,,,,,,,,,,,
2022-01-04T11:00,,Unknown,,,,,,,,,,,,
2022-01-04T12:00,,Unknown,,,,,,,,,,,,
2022-01-04T13:00,,Unknown,,,,,,,,,,,,
2022-01-04T14:00,,Unknown,,,,,,,,,,,,
2022-01-04T15:00,,Unknown,,,,,,,,,,,,
2022-01-04T16:00,,Unknown,,,,,,,,,,,,
2022-01-04T17:00,,Unknown,,,,,,,,,,,,
2022-01-04T18:00,,Unknown,,,,,,,,,,,,
2022-01-04T19:00,,Unknown,,,,,,,,,,,,
2022-01-04T20:00,,Unknown,,,,,,,,,,,,
2022-01-04T21:00,,Unknown,,,,,,,,,,,,
2022-01-04T22:00,,Unknown,,,,,,,,,,,,
2022-01-04T23:00,,Unknown,,,,,,,,,,,,
2022-01-05T00:00,,Unknown,,,,,,,,,,,,
2022-01-05T01:00,,Unknown,,,,,,,,,,,,
2022-01-05T02:00,,Unknown,,,,,,,,,,,,
2022-01-05T03:00,,Unknown,,,,,,,,,,,,
2022-01-05T04:00,,Unknown,,,,,,,,,,,,
2022-01-05T05:00,,Unknown,,,,,,,,,,,,
2022-01-05T06:00,,Unknown,,,,,,,,,,,,
2022-01-05T07:00,,Unknown,,,,,,,,,,,,
2022-01-05T08:00,,Unknown,,,,,,,,,,,,
2022-01-05T09:00,,Unknown,,,,,,,,,,,,
2022-01-05T10:00,,Unknown,,,,,,,,,,,,
2022-01-05T11:00,,Unknown,,,,,,,,,,,,
2022-01-05T12:00,,Unknown,,,,,,,,,,,,
2022-01-05T13:00,,Unknown,,,,,,,,,,,,
2022-01-05T14:00,,Unknown,,,,,,,,,,,,
2022-01-05T15:00,,Unknown,,,,,,,,,,,,
2022-01-05T16:00,,Unknown,,,,,,,,,,,,
2022-01-05T17:00,,Unknown,,,,,,,,,,,,
2022-01-05T18:00,,Unknown,,,,,,,,,,,,
2022-01-05T19:00,,Unknown,,,,,,,,,,,,
2022-01-05T20:00,,Unknown,,,,,,,,,,,,
2022-01-05T21:00,,Unknown,,,,,,,,,,,,
2022-01-05T22:00,,Unknown,,,,,,,,,,,,
2022-01-05T23:00,,Unknown,,,,,,,,,,,,
2022-01-06T00:00,,Unknown,,,,,,,,,,,,
2022-01-06T01:00,,Unknown,,,,,,,,,,,,
2022-01-06T02:00,,Unknown,,,,,,,,,,,,
2022-01-06T03:00,,Unknown,,,,,,,,,,,,
2022-01-06T04:00,,Unknown,,,,,,,,,,,,
2022-01-06T05:00,,Unknown,,,,,,,,,,,,
2022-01-06T06:00,,Unknown,,,,,,,,,,,,
2022-01-06T07:00,,Unknown,,,,,,,,,,,,
2022-01-06T08:00,,Unknown,,,,,,,,,,,,
2022-01-06T09:00,,Unknown,,,,,,,,,,,,
2022-01-06T10:00,,Unknown,,,,,,,,,,,,
2022-01-06T11:00,,Unknown,,,,,,,,,,,,
2022-01-06T12:00,,Unknown,,,,,,,,,,,,
2022-01-06T13:00,,Unknown,,,,,,,,,,,,
2022-01-06T14:00,,Unknown,,,,,,,,,,,,
2022-01-06T15:00,,Unknown,,,,,,,,,,,,
2022-01-06T16:00,,Unknown,,,,,,,,,,,,
2022-01-06T17:00,,Unknown,,,,,,,,,,,,
2022-01-06T18:00,,Unknown,,,,,,,,,,,,
2022-01-06T19:00,,Unknown,,,,,,,,,,,,
2022-01-06T20:00,,Unknown,,,,,,,,,,,,
2022-01-06T21:00,,Unknown,,,,,,,,,,,,
2022-01-06T22:00,,Unknown,,,,,,,,,,,,
2022-01-06T23:00,,Unknown,,,,,,,,,,,,
2022-01-07T00:00,,Unknown,,,,,,,,,,,,
2022-01-07T01:00,,Unknown,,,,,,,,,,,,
2022-01-07T02:00,,Unknown,,,,,,,,,,,,
2022-01-07T03:00,,Unknown,,,,,,,,,,,,
2022-01-07T04:00,,Unknown,,,,,,,,,,,,
2022-01-07T05:00,,Unknown,,,,,,,,,,,,
2022-01-07T06:00,,Unknown,,,,,,,,,,,,
2022-01-07T07:00,,Unknown,,,,,,,,,,,,
2022-01-07T08:00,,Unknown,,,,,,,,,,,,
2022-01-07T09:00,,Unknown,,,,,,,,,,,,
2022-01-07T10:00,,Unknown,,,,,,,,,,,,
2022-01-07T11:00,,Unknown,,,,,,,,,,,,
2022-01-07T12:00,,Unknown,,,,,,,,,,,,
2022-01-07T13:00,,Unknown,,,,,,,,,,,,
2022-01-07T14:00,,Unknown,,,,,,,,,,,,
2022-01-07T15:00,,Unknown,,,,,,,,,,,,
2022-01-07T16:00,,Unknown,,,,,,,,,,,,
2022-01-07T17:00,,Unknown,,,,,,,,,,,,
2022-01-07T18:00,,Unknown,,,,,,,,,,,,
2022-01-07T19:00,,Unknown,,,,,,,,,,,,
2022-01-07T20:00,,Unknown,,,,,,,,,,,,
2022-01-07T21:00,,Unknown,,,,,,,,,,,,
2022-01-07T22:00,,Unknown,,,,,,,,,,,,
2022-01-07T23:00,,Unknown,,,,,,,,,,,,
2022-01-08T00:00,,Unknown,,,,,,,,,,,,
2022-01-08T01:00,,Unknown,,,,,,,,,,,,
2022-01-08T02:00,,Unknown,,,,,,,,,,,,
2022-01-08T03:00,,Unknown,,,,,,,,,,,,
2022-01-08T04:00,,Unknown,,,,,,,,,,,,
2022-01-08T05:00,,Unknown,,,,,,,,,,,,
2022-01-08T06:00,,Unknown,,,,,,,,,,,,
2022-01-08T07:00,,Unknown,,,,,,,,,,,,
2022-01-08T08:00,,Unknown,,,,,,,,,,,,
2022-01-08T09:00,,Unknown,,,,,,,,,,,,
2022-01-08T10:00,,Unknown,,,,,,,,,,,,
2022-01-08T11:00,,Unknown,,,,,,,,,,,,
2022-01-08T12:00,,Unknown,,,,,,,,,,,,
2022-01-08T13:00,,Unknown,,,,,,,,,,,,
2022-01-08T14:00,,Unknown,,,,,,,,,,,,
2022-01-08T15:00,,Unknown,,,,,,,,,,,,
2022-01-08T16:00,,Unknown,,,,,,,,,,,,
2022-01-08T17:00,,Unknown,,,,,,,,,,,,
2022-01-08T18:00,,Unknown,,,,,,,,,,,,
2022-01-08T19:00,,Unknown,,,,,,,,,,,,
2022-01-08T20:00,,Unknown,,,,,,,,,,,,
2022-01-08T21:00,,Unknown,,,,,,,,,,,,
2022-01-08T22:00,,Unknown,,,,,,,,,,,,
2022-01-08T23:00,,Unknown,,,,,,,,,,,,
2022-01-09T00:00,,Unknown,,,,,,,,,,,,
2022-01-09T01:00,,Unknown,,,,,,,,,,,,
2022-01-09T02:00,,Unknown,,,,,,,,,,,,
2022-01-09T03:00,,Unknown,,,,,,,,,,,,
2022-01-09T04:00,,Unknown,,,,,,,,,,,,
2022-01-09T05:00,,Unknown,,,,,,,,,,,,
2022-01-09T06:00,,Unknown,,,,,,,,,,,,
2022-01-09T07:00,,Unknown,,,,,,,,,,,,
2022-01-09T08:00,,Unknown,,,,,,,,,,,,
2022-01-09T09:00,,Unknown,,,,,,,,,,,,
2022-01-09T10:00,,Unknown,,,,,,,,,,,,
2022-01-09T11:00,,Unknown,,,,,,,,,,,,
2022-01-09T12:00,,Unknown,,,,,,,,,,,,
2022-01-09T13:00,,Unknown,,,,,,,,,,,,
2022-01-09T14:00,,Unknown,,,,,,,,,,,,
2022-01-09T15:00,,Unknown,,,,,,,,,,,,
2022-01-09T16:00,,Unknown,,,,,,,,,,,,
2022-01-09T17:00,,Unknown,,,,,,,,,,,,
2022-01-09T18:00,,Unknown,,,,,,,,,,,,
2022-01-09T19:00,,Unknown,,,,,,,,,,,,
2022-01-09T20:00,,Unknown,,,,,,,,,,,,
2022-01-09T21:00,,Unknown,,,,,,,,,,,,
2022-01-09T22:00,,Unknown,,,,,,,,,,,,
2022-01-09T23:00,,Unknown,,,,,,,,,,,,
2022-01-10T00:00,,Unknown,,,,,,,,,,,,
2022-01-10T01:00,,Unknown,,,,,,,,,,,,
2022-01-10T02:00,,Unknown,,,,,,,,,,,,
2022-01-10T03:00,,Unknown,,,,,,,,,,,,
2022-01-10T04:00,,Unknown,,,,,,,,,,,,
2022-01-10T05:00,,Unknown,,,,,,,,,,,,
2022-01-10T06:00,,Unknown,,,,,,,,,,,,
2022-01-10T07:00,,Unknown,,,,,,,,,,,,
2022-01-10T08:00,,Unknown,,,,,,,,,,,,
2022-01-10T09:00,,Unknown,,,,,,,,,,,,
2022-01-10T10:00,,Unknown,,,,,,,,,,,,
2022-01-10T11:00,,Unknown,,,,,,,,,,,,
2022-01-10T12:00,,Unknown,,,,,,,,,,,,
2022-01-10T13:00,,Unknown,,,,,,,,,,,,
2022-01-10T14:00,,Unknown,,,,,,,,,,,,
2022-01-10T15:00,,Unknown,,,,,,,,,,,,
2022-01-10T16:00,,Unknown,,,,,,,,,,,,
2022-01-10T17:00,,Unknown,,,,,,,,,,,,
2022-01-10T18:00,,Unknown,,,,,,,,,,,,
2022-01-10T19:00,,Unknown,,,,,,,,,,,,
2022-01-10T20:00,,Unknown,,,,,,,,,,,,
2022-01-10T21:00,,Unknown,,,,,,,,,,,,
2022-01-10T22:00,,Unknown,,,,,,,,,,,,
2022-01-10T23:00,,Unknown,,,,,,,,,,,,
2022-01-11T00:00,,Unknown,,,,,,,,,,,,
2022-01-11T01:00,,Unknown,,,,,,,,,,,,
2022-01-11T02:00,,Unknown,,,,,,,,,,,,
2022-01-11T03:00,,Unknown,,,,,,,,,,,,
2022-01-11T04:00,,Unknown,,,,,,,,,,,,
2022-01-11T05:00,,Unknown,,,,,,,,,,,,
2022-01-11T06:00,,Unknown,,,,,,,,,,,,
2022-01-11T07:00,,Unknown,,,,,,,,,,,,
2022-01-11T08:00,,Unknown,,,,,,,,,,,,
2022-01-11T09:00,,Unknown,,,,,,,,,,,,
2022-01-11T10:00,,Unknown,,,,,,,,,,,,
2022-01-11T11:00,,Unknown,,,,,,,,,,,,
2022-01-11T12:00,,Unknown,,,,,,,,,,,,
2022-01-11T13:00,,Unknown,,,,,,,,,,,,
2022-01-11T14:00,,Unknown,,,,,,,,,,,,
2022-01-11T15:00,,Unknown,,,,,,,,,,,,
2022-01-11T16:00,,Unknown,,,,,,,,,,,,
2022-01-11T17:00,,Unknown,,,,,,,,,,,,
2022-01-11T18:00,,Unknown,,,,,,,,,,,,
2022-01-11T19:00,,Unknown,,,,,,,,,,,,
2022-01-11T20:00,,Unknown,,,,,,,,,,,,
2022-01-11T21:00,,Unknown,,,,,,,,,,,,
2022-01-11T22:00,,Unknown,,,,,,,,,,,,
2022-01-11T23:00,,Unknown,,,,,,,,,,,,
2022-01-12T00:00,,Unknown,,,,,,,,,,,,
2022-01-12T01:00,,Unknown,,,,,,,,,,,,
2022-01-12T02:00,,Unknown,,,,,,,,,,,,
2022-01-12T03:00,,Unknown,,,,,,,,,,,,
2022-01-12T04:00,,Unknown,,,,,,,,,,,,
2022-01-12T05:00,,Unknown,,,,,,,,,,,,
2022-01-12T06:00,,Unknown,,,,,,,,,,,,
2022-01-12T07:00,,Unknown,,,,,,,,,,,,
2022-01-12T08:00,,Unknown,,,,,,,,,,,,
2022-01-12T09:00,,Unknown,,,,,,,,,,,,
2022-01-12T10:00,,Unknown,,,,,,,,,,,,
2022-01-12T11:00,,Unknown,,,,,,,,,,,,
2022-01-12T12:00,,Unknown,,,,,,,,,,,,
2022-01-12T13:00,,Unknown,,,,,,,,,,,,
2022-01-12T14:00,,Unknown,,,,,,,,,,,,
2022-01-12T15:00,,Unknown,,,,,,,,,,,,
2022-01-12T16:00,,Unknown,,,,,,,,,,,,
2022-01-12T17:00,,Unknown,,,,,,,,,,,,
2022-01-12T18:00,,Unknown,,,,,,,,,,,,
2022-01-12T19:00,,Unknown,,,,,,,,,,,,
2022-01-12T20:00,,Unknown,,,,,,,,,,,,
2022-01-12T21:00,,Unknown,,,,,,,,,,,,
2022-01-12T22:00,,Unknown,,,,,,,,,,,,
2022-01-12T23:00,,Unknown,,,,,,,,,,,,
2022-01-13T00:00,,Unknown,,,,,,,,,,,,
2022-01-13T01:00,,Unknown,,,,,,,,,,,,
2022-01-13T02:00,,Unknown,,,,,,,,,,,,
2022-01-13T03:00,,Unknown,,,,,,,,,,,,
2022-01-13T04:00,,Unknown,,,,,,,,,,,,
2022-01-13T05:00,,Unknown,,,,,,,,,,,,
2022-01-13T06:00,,Unknown,,,,,,,,,,,,
2022-01-13T07:00,,Unknown,,,,,,,,,,,,
2022-01-13T08:00,,Unknown,,,,,,,,,,,,
2022-01-13T09:00,,Unknown,,,,,,,,,,,,
2022-01-13T10:00,,Unknown,,,,,,,,,,,,
2022-01-13T11:00,,Unknown,,,,,,,,,,,,
2022-01-13T12:00,,Unknown,,,,,,,,,,,,
2022-01-13T13:00,,Unknown,,,,,,,,,,,,
2022-01-13T14:00,,Unknown,,,,,,,,,,,,
2022-01-13T15:00,,Unknown,,,,,,,,,,,,
2022-01-13T16:00,,Unknown,,,,,,,,,,,,
2022-01-13T17:00,,Unknown,,,,,,,,,,,,
2022-01-13T18:00,,Unknown,,,,,,,,,,,,
2022-01-13T19:00,,Unknown,,,,,,,,,,,,
2022-01-13T20:00,,Unknown,,,,,,,,,,,,
2022-01-13T21:00,,Unknown,,,,,,,,,,,,
2022-01-13T22:00,,Unknown,,,,,,,,,,,,
2022-01-13T23:00,,Unknown,,,,,,,,,,,,
2022-01-14T00:00,,Unknown,,,,,,,,,,,,
2022-01-14T01:00,,Unknown,,,,,,,,,,,,
2022-01-14T02:00,,Unknown,,,,,,,,,,,,
2022-01-14T03:00,,Unknown,,,,,,,,,,,,
2022-01-14T04:00,,Unknown,,,,,,,,,,,,
2022-01-14T05:00,,Unknown,,,,,,,,,,,,
2022-01-14T06:00,,Unknown,,,,,,,,,,,,
2022-01-14T07:00,,Unknown,,,,,,,,,,,,
2022-01-14T08:00,,Unknown,,,,,,,,,,,,
2022-01-14T09:00,,Unknown,,,,,,,,,,,,
2022-01-14T10:00,,Unknown,,,,,,,,,,,,
2022-01-14T11:00,,Unknown,,,,,,,,,,,,
2022-01-14T12:00,,Unknown,,,,,,,,,,,,
2022-01-14T13:00,,Unknown,,,,,,,,,,,,
2022-01-14T14:00,,Unknown,,,,,,,,,,,,
2022-01-14T15:00,,Unknown,,,,,,,,,,,,
2022-01-14T16:00,,Unknown,,,,,,,,,,,,
2022-01-14T17:00,,Unknown,,,,,,,,,,,,
2022-01-14T18:00,,Unknown,,,,,,,,,,,,
2022-01-14T19:00,,Unknown,,,,,,,,,,,,
2022-01-14T20:00,,Unknown,,,,,,,,,,,,
2022-01-14T21:00,,Unknown,,,,,,,,,,,,
2022-01-14T22:00,,Unknown,,,,,,,,,,,,
2022-01-14T23:00,,Unknown,,,,,,,,,,,,
2022-01-15T00:00,,Unknown,,,,,,,,,,,,
2022-01-15T01:00,,Unknown,,,,,,,,,,,,
2022-01-15T02:00,,Unknown,,,,,,,,,,,,
2022-01-15T03:00,,Unknown,,,,,,,,,,,,
2022-01-15T04:00,,Unknown,,,,,,,,,,,,
2022-01-15T05:00,,Unknown,,,,,,,,,,,,
2022-01-15T06:00,,Unknown,,,,,,,,,,,,
2022-01-15T07:00,,Unknown,,,,,,,,,,,,
2022-01-15T08:00,,Unknown,,,,,,,,,,,,
2022-01-15T09:00,,Unknown,,,,,,,,,,,,
2022-01-15T10:00,,Unknown,,,,,,,,,,,,
2022-01-15T11:00,,Unknown,,,,,,,,,,,,
2022-01-15T12:00,,Unknown,,,,,,,,,,,,
2022-01-15T13:00,,Unknown,,,,,,,,,,,,
2022-01-15T14:00,,Unknown,,,,,,,,,,,,
2022-01-15T15:00,,Unknown,,,,,,,,,,,,
2022-01-15T16:00,,Unknown,,,,,,,,,,,,
2022-01-15T17:00,,Unknown,,,,,,,,,,,,
2022-01-15T18:00,,Unknown,,,,,,,,,,,,
2022-01-15T19:00,,Unknown,,,,,,,,,,,,
2022-01-15T20:00,,Unknown,,,,,,,,,,,,
2022-01-15T21:00,,Unknown,,,,,,,,,,,,
2022-01-15T22:00,,Unknown,,,,,,,,,,,,
2022-01-15T23:00,,Unknown,,,,,,,,,,,,
2022-01-16T00:00,,Unknown,,,,,,,,,,,,
2022-01-16T01:00,,Unknown,,,,,,,,,,,,
2022-01-16T02:00,,Unknown,,,,,,,,,,,,
2022-01-16T03:00,,Unknown,,,,,,,,,,,,
2022-01-16T04:00,,Unknown,,,,,,,,,,,,
2022-01-16T05:00,,Unknown,,,,,,,,,,,,
2022-01-16T06:00,,Unknown,,,,,,,,,,,,
2022-01-16T07:00,,Unknown,,,,,,,,,,,,
2022-01-16T08:00,,Unknown,,,,,,,,,,,,
2022-01-16T09:00,,Unknown,,,,,,,,,,,,
2022-01-16T10:00,,Unknown,,,,,,,,,,,,
2022-01-16T11:00,,Unknown,,,,,,,,,,,,
2022-01-16T12:00,,Unknown,,,,,,,,,,,,
2022-01-16T13:00,,Unknown,,,,,,,,,,,,
2022-01-16T14:00,,Unknown,,,,,,,,,,,,
2022-01-16T15:00,,Unknown,,,,,,,,,,,,
2022-01-16T16:00,,Unknown,,,,,,,,,,,,
2022-01-16T17:00,,Unknown,,,,,,,,,,,,
2022-01-16T18:00,,Unknown,,,,,,,,,,,,
2022-01-16T19:00,,Unknown,,,,,,,,,,,,
2022-01-16T20:00,,Unknown,,,,,,,,,,,,
2022-01-16T21:00,,Unknown,,,,,,,,,,,,
2022-01-16T22:00,,Unknown,,,,,,,,,,,,
2022-01-16T23:00,,Unknown,,,,,,,,,,,,
2022-01-17T00:00,,Unknown,,,,,,,,,,,,
2022-01-17T01:00,,Unknown,,,,,,,,,,,,
2022-01-17T02:00,,Unknown,,,,,,,,,,,,
2022-01-17T03:00,,Unknown,,,,,,,,,,,,
2022-01-17T04:00,,Unknown,,,,,,,,,,,,
2022-01-17T05:00,,Unknown,,,,,,,,,,,,
2022-01-17T06:00,,Unknown,,,,,,,,,,,,
2022-01-17T07:00,,Unknown,,,,,,,,,,,,
2022-01-17T08:00,,Unknown,,,,,,,,,,,,
2022-01-17T09:00,,Unknown,,,,,,,,,,,,
2022-01-17T10:00,,Unknown,,,,,,,,,,,,
2022-01-17T11:00,,Unknown,,,,,,,,,,,,
2022-01-17T12:00,,Unknown,,,,,,,,,,,,
2022-01-17T13:00,,Unknown,,,,,,,,,,,,
2022-01-17T14:00,,Unknown,,,,,,,,,,,,
2022-01-17T15:00,,Unknown,,,,,,,,,,,,
2022-01-17T16:00,,Unknown,,,,,,,,,,,,
2022-01-17T17:00,,Unknown,,,,,,,,,,,,
2022-01-17T18:00,,Unknown,,,,,,,,,,,,
2022-01-17T19:00,,Unknown,,,,,,,,,,,,
2022-01-17T20:00,,Unknown,,,,,,,,,,,,
2022-01-17T21:00,,Unknown,,,,,,,,,,,,
2022-01-17T22:00,,Unknown,,,,,,,,,,,,
2022-01-17T23:00,,Unknown,,,,,,,,,,,,
2022-01-18T00:00,,Unknown,,,,,,,,,,,,
2022-01-18T01:00,,Unknown,,,,,,,,,,,,
2022-01-18T02:00,,Unknown,,,,,,,,,,,,
2022-01-18T03:00,,Unknown,,,,,,,,,,,,
2022-01-18T04:00,,Unknown,,,,,,,,,,,,
2022-01-18T05:00,,Unknown,,,,,,,,,,,,
2022-01-18T06:00,,Unknown,,,,,,,,,,,,
2022-01-18T07:00,,Unknown,,,,,,,,,,,,
2022-01-18T08:00,,Unknown,,,,,,,,,,,,
2022-01-18T09:00,,Unknown,,,,,,,,,,,,
2022-01-18T10:00,,Unknown,,,,,,,,,,,,
2022-01-18T11:00,,Unknown,,,,,,,,,,,,
2022-01-18T12:00,,Unknown,,,,,,,,,,,,
2022-01-18T13:00,,Unknown,,,,,,,,,,,,
2022-01-18T14:00,,Unknown,,,,,,,,,,,,
2022-01-18T15:00,,Unknown,,,,,,,,,,,,
2022-01-18T16:00,,Unknown,,,,,,,,,,,,
2022-01-18T17:00,,Unknown,,,,,,,,,,,,
2022-01-18T18:00,,Unknown,,,,,,,,,,,,
2022-01-18T19:00,,Unknown,,,,,,,,,,,,
2022-01-18T20:00,,Unknown,,,,,,,,,,,,
2022-01-18T21:00,,Unknown,,,,,,,,,,,,
2022-01-18T22:00,,Unknown,,,,,,,,,,,,
2022-01-18T23:00,,Unknown,,,,,,,,,,,,
2022-01-19T00:00,,Unknown,,,,,,,,,,,,
2022-01-19T01:00,,Unknown,,,,,,,,,,,,
2022-01-19T02:00,,Unknown,,,,,,,,,,,,
2022-01-19T03:00,,Unknown,,,,,,,,,,,,
2022-01-19T04:00,,Unknown,,,,,,,,,,,,
2022-01-19T05:00,,Unknown,,,,,,,,,,,,
2022-01-19T06:00,,Unknown,,,,,,,,,,,,
2022-01-19T07:00,,Unknown,,,,,,,,,,,,
2022-01-19T08:00,,Unknown,,,,,,,,,,,,
2022-01-19T09:00,,Unknown,,,,,,,,,,,,
2022-01-19T10:00,,Unknown,,,,,,,,,,,,
2022-01-19T11:00,,Unknown,,,,,,,,,,,,
2022-01-19T12:00,,Unknown,,,,,,,,,,,,
2022-01-19T13:00,,Unknown,,,,,,,,,,,,
2022-01-19T14:00,,Unknown,,,,,,,,,,,,
2022-01-19T15:00,,Unknown,,,,,,,,,,,,
2022-01-19T16:00,,Unknown,,,,,,,,,,,,
2022-01-19T17:00,,Unknown,,,,,,,,,,,,
2022-01-19T18:00,,Unknown,,,,,,,,,,,,
2022-01-19T19:00,,Unknown,,,,,,,,,,,,
2022-01-19T20:00,,Unknown,,,,,,,,,,,,
2022-01-19T21:00,,Unknown,,,,,,,,,,,,
2022-01-19T22:00,,Unknown,,,,,,,,,,,,
2022-01-19T23:00,,Unknown,,,,,,,,,,,,
2022-01-20T00:00,,Unknown,,,,,,,,,,,,
2022-01-20T01:00,,Unknown,,,,,,,,,,,,
2022-01-20T02:00,,Unknown,,,,,,,,,,,,
2022-01-20T03:00,,Unknown,,,,,,,,,,,,
2022-01-20T04:00,,Unknown,,,,,,,,,,,,
2022-01-20T05:00,,Unknown,,,,,,,,,,,,
2022-01-20T06:00,,Unknown,,,,,,,,,,,,
2022-01-20T07:00,,Unknown,,,,,,,,,,,,
2022-01-20T08:00,,Unknown,,,,,,,,,,,,
2022-01-20T09:00,,Unknown,,,,,,,,,,,,
2022-01-20T10:00,,Unknown,,,,,,,,,,,,
2022-01-20T11:00,,Unknown,,,,,,,,,,,,
2022-01-20T12:00,,Unknown,,,,,,,,,,,,
2022-01-20T13:00,,Unknown,,,,,,,,,,,,
2022-01-20T14:00,,Unknown,,,,,,,,,,,,
2022-01-20T15:00,,Unknown,,,,,,,,,,,,
2022-01-20T16:00,,Unknown,,,,,,,,,,,,
2022-01-20T17:00,,Unknown,,,,,,,,,,,,
2022-01-20T18:00,,Unknown,,,,,,,,,,,,
2022-01-20T19:00,,Unknown,,,,,,,,,,,,
2022-01-20T20:00,,Unknown,,,,,,,,,,,,
2022-01-20T21:00,,Unknown,,,,,,,,,,,,
2022-01-20T22:00,,Unknown,,,,,,,,,,,,
2022-01-20T23:00,,Unknown,,,,,,,,,,,,
2022-01-21T00:00,,Unknown,,,,,,,,,,,,
2022-01-21T01:00,,Unknown,,,,,,,,,,,,
2022-01-21T02:00,,Unknown,,,,,,,,,,,,
2022-01-21T03:00,,Unknown,,,,,,,,,,,,
2022-01-21T04:00,,Unknown,,,,,,,,,,,,
2022-01-21T05:00,,Unknown,,,,,,,,,,,,
2022-01-21T06:00,,Unknown,,,,,,,,,,,,
2022-01-21T07:00,,Unknown,,,,,,,,,,,,
2022-01-21T08:00,,Unknown,,,,,,,,,,,,
2022-01-21T09:00,,Unknown,,,,,,,,,,,,
2022-01-21T10:00,,Unknown,,,,,,,,,,,,
2022-01-21T11:00,,Unknown,,,,,,,,,,,,
2022-01-21T12:00,,Unknown,,,,,,,,,,,,
2022-01-21T13:00,,Unknown,,,,,,,,,,,,
2022-01-21T14:00,,Unknown,,,,,,,,,,,,
2022-01-21T15:00,,Unknown,,,,,,,,,,,,
2022-01-21T16:00,,Unknown,,,,,,,,,,,,
2022-01-21T17:00,,Unknown,,,,,,,,,,,,
2022-01-21T18:00,,Unknown,,,,,,,,,,,,
2022-01-21T19:00,,Unknown,,,,,,,,,,,,
2022-01-21T20:00,,Unknown,,,,,,,,,,,,
2022-01-21T21:00,,Unknown,,,,,,,,,,,,
2022-01-21T22:00,,Unknown,,,,,,,,,,,,
2022-01-21T23:00,,Unknown,,,,,,,,,,,,
2022-01-22T00:00,,Unknown,,,,,,,,,,,,
2022-01-22T01:00,,Unknown,,,,,,,,,,,,
2022-01-22T02:00,,Unknown,,,,,,,,,,,,
2022-01-22T03:00,,Unknown,,,,,,,,,,,,
2022-01-22T04:00,,Unknown,,,,,,,,,,,,
2022-01-22T05:00,,Unknown,,,,,,,,,,,,
2022-01-22T06:00,,Unknown,,,,,,,,,,,,
2022-01-22T07:00,,Unknown,,,,,,,,,,,,
2022-01-22T08:00,,Unknown,,,,,,,,,,,,
2022-01-22T09:00,,Unknown,,,,,,,,,,,,
2022-01-22T10:00,,Unknown,,,,,,,,,,,,
2022-01-22T11:00,,Unknown,,,,,,,,,,,,
2022-01-22T12:00,,Unknown,,,,,,,,,,,,
2022-01-22T13:00,,Unknown,,,,,,,,,,,,
2022-01-22T14:00,,Unknown,,,,,,,,,,,,
2022-01-22T15:00,,Unknown,,,,,,,,,,,,
2022-01-22T16:00,,Unknown,,,,,,,,,,,,
2022-01-22T17:00,,Unknown,,,,,,,,,,,,
2022-01-22T18:00,,Unknown,,,,,,,,,,,,
2022-01-22T19:00,,Unknown,,,,,,,,,,,,
2022-01-22T20:00,,Unknown,,,,,,,,,,,,
2022-01-22T21:00,,Unknown,,,,,,,,,,,,
2022-01-22T22:00,,Unknown,,,,,,,,,,,,
2022-01-22T23:00,,Unknown,,,,,,,,,,,,
2022-01-23T00:00,,Unknown,,,,,,,,,,,,
2022-01-23T01:00,,Unknown,,,,,,,,,,,,
2022-01-23T02:00,,Unknown,,,,,,,,,,,,
2022-01-23T03:00,,Unknown,,,,,,,,,,,,
2022-01-23T04:00,,Unknown,,,,,,,,,,,,
2022-01-23T05:00,,Unknown,,,,,,,,,,,,
2022-01-23T06:00,,Unknown,,,,,,,,,,,,
2022-01-23T07:00,,Unknown,,,,,,,,,,,,
2022-01-23T08:00,,Unknown,,,,,,,,,,,,
2022-01-23T09:00,,Unknown,,,,,,,,,,,,
2022-01-23T10:00,,Unknown,,,,,,,,,,,,
2022-01-23T11:00,,Unknown,,,,,,,,,,,,
2022-01-23T12:00,,Unknown,,,,,,,,,,,,
2022-01-23T13:00,,Unknown,,,,,,,,,,,,
2022-01-23T14:00,,Unknown,,,,,,,,,,,,
2022-01-23T15:00,,Unknown,,,,,,,,,,,,
2022-01-23T16:00,,Unknown,,,,,,,,,,,,
2022-01-23T17:00,,Unknown,,,,,,,,,,,,
2022-01-23T18:00,,Unknown,,,,,,,,,,,,
2022-01-23T19:00,,Unknown,,,,,,,,,,,,
2022-01-23T20:00,,Unknown,,,,,,,,,,,,
2022-01-23T21:00,,Unknown,,,,,,,,,,,,
2022-01-23T22:00,,Unknown,,,,,,,,,,,,
2022-01-23T23:00,,Unknown,,,,,,,,,,,,
2022-01-24T00:00,,Unknown,,,,,,,,,,,,
2022-01-24T01:00,,Unknown,,,,,,,,,,,,
2022-01-24T02:00,,Unknown,,,,,,,,,,,,
2022-01-24T03:00,,Unknown,,,,,,,,,,,,
2022-01-24T04:00,,Unknown,,,,,,,,,,,,
2022-01-24T05:00,,Unknown,,,,,,,,,,,,
2022-01-24T06:00,,Unknown,,,,,,,,,,,,
2022-01-24T07:00,,Unknown,,,,,,,,,,,,
2022-01-24T08:00,,Unknown,,,,,,,,,,,,
2022-01-24T09:00,,Unknown,,,,,,,,,,,,
2022-01-24T10:00,,Unknown,,,,,,,,,,,,
2022-01-24T11:00,,Unknown,,,,,,,,,,,,
2022-01-24T12:00,,Unknown,,,,,,,,,,,,
2022-01-24T13:00,,Unknown,,,,,,,,,,,,
2022-01-24T14:00,,Unknown,,,,,,,,,,,,
2022-01-24T15:00,,Unknown,,,,,,,,,,,,
2022-01-24T16:00,,Unknown,,,,,,,,,,,,
2022-01-24T17:00,,Unknown,,,,,,,,,,,,
2022-01-24T18:00,,Unknown,,,,,,,,,,,,
2022-01-24T19:00,,Unknown,,,,,,,,,,,,
2022-01-24T20:00,,Unknown,,,,,,,,,,,,
2022-01-24T21:00,,Unknown,,,,,,,,,,,,
2022-01-24T22:00,,Unknown,,,,,,,,,,,,
2022-01-24T23:00,,Unknown,,,,,,,,,,,,
2022-01-25T00:00,,Unknown,,,,,,,,,,,,
2022-01-25T01:00,,Unknown,,,,,,,,,,,,
2022-01-25T02:00,,Unknown,,,,,,,,,,,,
2022-01-25T03:00,,Unknown,,,,,,,,,,,,
2022-01-25T04:00,,Unknown,,,,,,,,,,,,
2022-01-25T05:00,,Unknown,,,,,,,,,,,,
2022-01-25T06:00,,Unknown,,,,,,,,,,,,
2022-01-25T07:00,,Unknown,,,,,,,,,,,,
2022-01-25T08:00,,Unknown,,,,,,,,,,,,
2022-01-25T09:00,,Unknown,,,,,,,,,,,,
2022-01-25T10:00,,Unknown,,,,,,,,,,,,
2022-01-25T11:00,,Unknown,,,,,,,,,,,,
2022-01-25T12:00,,Unknown,,,,,,,,,,,,
2022-01-25T13:00,,Unknown,,,,,,,,,,,,
2022-01-25T14:00,,Unknown,,,,,,,,,,,,
2022-01-25T15:00,,Unknown,,,,,,,,,,,,
2022-01-25T16:00,,Unknown,,,,,,,,,,,,
2022-01-25T17:00,,Unknown,,,,,,,,,,,,
2022-01-25T18:00,,Unknown,,,,,,,,,,,,
2022-01-25T19:00,,Unknown,,,,,,,,,,,,
2022-01-25T20:00,,Unknown,,,,,,,,,,,,
2022-01-25T21:00,,Unknown,,,,,,,,,,,,
2022-01-25T22:00,,Unknown,,,,,,,,,,,,
2022-01-25T23:00,,Unknown,,,,,,,,,,,,
2022-01-26T00:00,,Unknown,,,,,,,,,,,,
2022-01-26T01:00,,Unknown,,,,,,,,,,,,
2022-01-26T02:00,,Unknown,,,,,,,,,,,,
2022-01-26T03:00,,Unknown,,,,,,,,,,,,
2022-01-26T04:00,,Unknown,,,,,,,,,,,,
2022-01-26T05:00,,Unknown,,,,,,,,,,,,
2022-01-26T06:00,,Unknown,,,,,,,,,,,,
2022-01-26T07:00,,Unknown,,,,,,,,,,,,
2022-01-26T08:00,,Unknown,,,,,,,,,,,,
2022-01-26T09:00,,Unknown,,,,,,,,,,,,
2022-01-26T10:00,,Unknown,,,,,,,,,,,,
2022-01-26T11:00,,Unknown,,,,,,,,,,,,
2022-01-26T12:00,,Unknown,,,,,,,,,,,,
2022-01-26T13:00,,Unknown,,,,,,,,,,,,
2022-01-26T14:00,,Unknown,,,,,,,,,,,,
2022-01-26T15:00,,Unknown,,,,,,,,,,,,
2022-01-26T16:00,,Unknown,,,,,,,,,,,,
2022-01-26T17:00,,Unknown,,,,,,,,,,,,
2022-01-26T18:00,,Unknown,,,,,,,,,,,,
2022-01-26T19:00,,Unknown,,,,,,,,,,,,
2022-01-26T20:00,,Unknown,,,,,,,,,,,,
2022-01-26T21:00,,Unknown,,,,,,,,,,,,
2022-01-26T22:00,,Unknown,,,,,,,,,,,,
2022-01-26T23:00,,Unknown,,,,,,,,,,,,
2022-01-27T00:00,,Unknown,,,,,,,,,,,,
2022-01-27T01:00,,Unknown,,,,,,,,,,,,
2022-01-27T02:00,,Unknown,,,,,,,,,,,,
2022-01-27T03:00,,Unknown,,,,,,,,,,,,
2022-01-27T04:00,,Unknown,,,,,,,,,,,,
2022-01-27T05:00,,Unknown,,,,,,,,,,,,
2022-01-27T06:00,,Unknown,,,,,,,,,,,,
2022-01-27T07:00,,Unknown,,,,,,,,,,,,
2022-01-27T08:00,,Unknown,,,,,,,,,,,,
2022-01-27T09:00,,Unknown,,,,,,,,,,,,
2022-01-27T10:00,,Unknown,,,,,,,,,,,,
2022-01-27T11:00,,Unknown,,,,,,,,,,,,
2022-01-27T12:00,,Unknown,,,,,,,,,,,,
2022-01-27T13:00,,Unknown,,,,,,,,,,,,
2022-01-27T14:00,,Unknown,,,,,,,,,,,,
2022-01-27T15:00,,Unknown,,,,,,,,,,,,
2022-01-27T16:00,,Unknown,,,,,,,,,,,,
2022-01-27T17:00,,Unknown,,,,,,,,,,,,
2022-01-27T18:00,,Unknown,,,,,,,,,,,,
2022-01-27T19:00,,Unknown,,,,,,,,,,,,
2022-01-27T20:00,,Unknown,,,,,,,,,,,,
2022-01-27T21:00,,Unknown,,,,,,,,,,,,
2022-01-27T22:00,,Unknown,,,,,,,,,,,,
2022-01-27T23:00,,Unknown,,,,,,,,,,,,
2022-01-28T00:00,,Unknown,,,,,,,,,,,,
2022-01-28T01:00,,Unknown,,,,,,,,,,,,
2022-01-28T02:00,,Unknown,,,,,,,,,,,,
2022-01-28T03:00,,Unknown,,,,,,,,,,,,
2022-01-28T04:00,,Unknown,,,,,,,,,,,,
2022-01-28T05:00,,Unknown,,,,,,,,,,,,
2022-01-28T06:00,,Unknown,,,,,,,,,,,,
2022-01-28T07:00,,Unknown,,,,,,,,,,,,
2022-01-28T08:00,,Unknown,,,,,,,,,,,,
2022-01-28T09:00,,Unknown,,,,,,,,,,,,
2022-01-28T10:00,,Unknown,,,,,,,,,,,,
2022-01-28T11:00,,Unknown,,,,,,,,,,,,
2022-01-28T12:00,,Unknown,,,,,,,,,,,,
2022-01-28T13:00,,Unknown,,,,,,,,,,,,
2022-01-28T14:00,,Unknown,,,,,,,,,,,,
2022-01-28T15:00,,Unknown,,,,,,,,,,,,
2022-01-28T16:00,,Unknown,,,,,,,,,,,,
2022-01-28T17:00,,Unknown,,,,,,,,,,,,
2022-01-28T18:00,,Unknown,,,,,,,,,,,,
2022-01-28T19:00,,Unknown,,,,,,,,,,,,
2022-01-28T20:00,,Unknown,,,,,,,,,,,,
2022-01-28T21:00,,Unknown,,,,,,,,,,,,
2022-01-28T22:00,,Unknown,,,,,,,,,,,,
2022-01-28T23:00,,Unknown,,,,,,,,,,,,
2022-01-29T00:00,,Unknown,,,,,,,,,,,,
2022-01-29T01:00,,Unknown,,,,,,,,,,,,
2022-01-29T02:00,,Unknown,,,,,,,,,,,,
2022-01-29T03:00,,Unknown,,,,,,,,,,,,
2022-01-29T04:00,,Unknown,,,,,,,,,,,,
2022-01-29T05:00,,Unknown,,,,,,,,,,,,
2022-01-29T06:00,,Unknown,,,,,,,,,,,,
2022-01-29T07:00,,Unknown,,,,,,,,,,,,
2022-01-29T08:00,,Unknown,,,,,,,,,,,,
2022-01-29T09:00,,Unknown,,,,,,,,,,,,
2022-01-29T10:00,,Unknown,,,,,,,,,,,,
2022-01-29T11:00,,Unknown,,,,,,,,,,,,
2022-01-29T12:00,,Unknown,,,,,,,,,,,,
2022-01-29T13:00,,Unknown,,,,,,,,,,,,
2022-01-29T14:00,,Unknown,,,,,,,,,,,,
2022-01-29T15:00,,Unknown,,,,,,,,,,,,
2022-01-29T16:00,,Unknown,,,,,,,,,,,,
2022-01-29T17:00,,Unknown,,,,,,,,,,,,
2022-01-29T18:00,,Unknown,,,,,,,,,,,,
2022-01-29T19:00,,Unknown,,,,,,,,,,,,
2022-01-29T20:00,,Unknown,,,,,,,,,,,,
2022-01-29T21:00,,Unknown,,,,,,,,,,,,
2022-01-29T22:00,,Unknown,,,,,,,,,,,,
2022-01-29T23:00,,Unknown,,,,,,,,,,,,
2022-01-30T00:00,,Unknown,,,,,,,,,,,,
2022-01-30T01:00,,Unknown,,,,,,,,,,,,
2022-01-30T02:00,,Unknown,,,,,,,,,,,,
2022-01-30T03:00,,Unknown,,,,,,,,,,,,
2022-01-30T04:00,,Unknown,,,,,,,,,,,,
2022-01-30T05:00,,Unknown,,,,,,,,,,,,
2022-01-30T06:00,,Unknown,,,,,,,,,,,,
2022-01-30T07:00,,Unknown,,,,,,,,,,,,
2022-01-30T08:00,,Unknown,,,,,,,,,,,,
2022-01-30T09:00,,Unknown,,,,,,,,,,,,
2022-01-30T10:00,,Unknown,,,,,,,,,,,,
2022-01-30T11:00,,Unknown,,,,,,,,,,,,
2022-01-30T12:00,,Unknown,,,,,,,,,,,,
2022-01-30T13:00,,Unknown,,,,,,,,,,,,
2022-01-30T14:00,,Unknown,,,,,,,,,,,,
2022-01-30T15:00,,Unknown,,,,,,,,,,,,
2022-01-30T16:00,,Unknown,,,,,,,,,,,,
2022-01-30T17:00,,Unknown,,,,,,,,,,,,
2022-01-30T18:00,,Unknown,,,,,,,,,,,,
2022-01-30T19:00,,Unknown,,,,,,,,,,,,
2022-01-30T20:00,,Unknown,,,,,,,,,,,,
2022-01-30T21:00,,Unknown,,,,,,,,,,,,
2022-01-30T22:00,,Unknown,,,,,,,,,,,,
2022-01-30T23:00,,Unknown,,,,,,,,,,,,
2022-01-31T00:00,,Unknown,,,,,,,,,,,,
2022-01-31T01:00,,Unknown,,,,,,,,,,,,
2022-01-31T02:00,,Unknown,,,,,,,,,,,,
2022-01-31T03:00,,Unknown,,,,,,,,,,,,
2022-01-31T04:00,,Unknown,,,,,,,,,,,,
2022-01-31T05:00,,Unknown,,,,,,,,,,,,
2022-01-31T06:00,,Unknown,,,,,,,,,,,,
2022-01-31T07:00,,Unknown,,,,,,,,,,,,
2022-01-31T08:00,,Unknown,,,,,,,,,,,,
2022-01-31T09:00,,Unknown,,,,,,,,,,,,
2022-01-31T10:00,,Unknown,,,,,,,,,,,,
2022-01-31T11:00,,Unknown,,,,,,,,,,,,
2022-01-31T12:00,,Unknown,,,,,,,,,,,,
2022-01-31T13:00,,Unknown,,,,,,,,,,,,
2022-01-31T14:00,,Unknown,,,,,,,,,,,,
2022-01-31T15:00,,Unknown,,,,,,,,,,,,
2022-01-31T16:00,,Unknown,,,,,,,,,,,,
2022-01-31T17:00,,Unknown,,,,,,,,,,,,
2022-01-31T18:00,,Unknown,,,,,,,,,,,,
2022-01-31T19:00,,Unknown,,,,,,,,,,,,
2022-01-31T20:00,,Unknown,,,,,,,,,,,,
2022-01-31T21:00,,Unknown,,,,,,,,,,,,
2022-01-31T22:00,,Unknown,,,,,,,,,,,,
2022-01-31T23:00,,Unknown,,,,,,,,,,,,
2022-02-01T00:00,,Unknown,,,,,,,,,,,,
2022-02-01T01:00,,Unknown,,,,,,,,,,,,
2022-02-01T02:00,,Unknown,,,,,,,,,,,,
2022-02-01T03:00,,Unknown,,,,,,,,,,,,
2022-02-01T04:00,,Unknown,,,,,,,,,,,,
2022-02-01T05:00,,Unknown,,,,,,,,,,,,
2022-02-01T06:00,,Unknown,,,,,,,,,,,,
2022-02-01T07:00,,Unknown,,,,,,,,,,,,
2022-02-01T08:00,,Unknown,,,,,,,,,,,,
2022-02-01T09:00,,Unknown,,,,,,,,,,,,
2022-02-01T10:00,,Unknown,,,,,,,,,,,,
2022-02-01T11:00,,Unknown,,,,,,,,,,,,
2022-02-01T12:00,,Unknown,,,,,,,,,,,,
2022-02-01T13:00,,Unknown,,,,,,,,,,,,
2022-02-01T14:00,,Unknown,,,,,,,,,,,,
2022-02-01T15:00,,Unknown,,,,,,,,,,,,
2022-02-01T16:00,,Unknown,,,,,,,,,,,,
2022-02-01T17:00,,Unknown,,,,,,,,,,,,
2022-02-01T18:00,,Unknown,,,,,,,,,,,,
2022-02-01T19:00,,Unknown,,,,,,,,,,,,
2022-02-01T20:00,,Unknown,,,,,,,,,,,,
2022-02-01T21:00,,Unknown,,,,,,,,,,,,
2022-02-01T22:00,,Unknown,,,,,,,,,,,,
2022-02-01T23:00,,Unknown,,,,,,,,,,,,
2022-02-02T00:00,,Unknown,,,,,,,,,,,,
2022-02-02T01:00,,Unknown,,,,,,,,,,,,
2022-02-02T02:00,,Unknown,,,,,,,,,,,,
2022-02-02T03:00,,Unknown,,,,,,,,,,,,
2022-02-02T04:00,,Unknown,,,,,,,,,,,,
2022-02-02T05:00,,Unknown,,,,,,,,,,,,
2022-02-02T06:00,,Unknown,,,,,,,,,,,,
2022-02-02T07:00,,Unknown,,,,,,,,,,,,
2022-02-02T08:00,,Unknown,,,,,,,,,,,,
2022-02-02T09:00,,Unknown,,,,,,,,,,,,
2022-02-02T10:00,,Unknown,,,,,,,,,,,,
2022-02-02T11:00,,Unknown,,,,,,,,,,,,
2022-02-02T12:00,,Unknown,,,,,,,,,,,,
2022-02-02T13:00,,Unknown,,,,,,,,,,,,
2022-02-02T14:00,,Unknown,,,,,,,,,,,,
2022-02-02T15:00,,Unknown,,,,,,,,,,,,
2022-02-02T16:00,,Unknown,,,,,,,,,,,,
2022-02-02T17:00,,Unknown,,,,,,,,,,,,
2022-02-02T18:00,,Unknown,,,,,,,,,,,,
2022-02-02T19:00,,Unknown,,,,,,,,,,,,
2022-02-02T20:00,,Unknown,,,,,,,,,,,,
2022-02-02T21:00,,Unknown,,,,,,,,,,,,
2022-02-02T22:00,,Unknown,,,,,,,,,,,,
2022-02-02T23:00,,Unknown,,,,,,,,,,,,
2022-02-03T00:00,,Unknown,,,,,,,,,,,,
2022-02-03T01:00,,Unknown,,,,,,,,,,,,
2022-02-03T02:00,,Unknown,,,,,,,,,,,,
2022-02-03T03:00,,Unknown,,,,,,,,,,,,
2022-02-03T04:00,,Unknown,,,,,,,,,,,,
2022-02-03T05:00,,Unknown,,,,,,,,,,,,
2022-02-03T06:00,,Unknown,,,,,,,,,,,,
2022-02-03T07:00,,Unknown,,,,,,,,,,,,
2022-02-03T08:00,,Unknown,,,,,,,,,,,,
2022-02-03T09:00,,Unknown,,,,,,,,,,,,
2022-02-03T10:00,,Unknown,,,,,,,,,,,,
2022-02-03T11:00,,Unknown,,,,,,,,,,,,
2022-02-03T12:00,,Unknown,,,,,,,,,,,,
2022-02-03T13:00,,Unknown,,,,,,,,,,,,
2022-02-03T14:00,,Unknown,,,,,,,,,,,,
2022-02-03T15:00,,Unknown,,,,,,,,,,,,
2022-02-03T16:00,,Unknown,,,,,,,,,,,,
2022-02-03T17:00,,Unknown,,,,,,,,,,,,
2022-02-03T18:00,,Unknown,,,,,,,,,,,,
2022-02-03T19:00,,Unknown,,,,,,,,,,,,
2022-02-03T20:00,,Unknown,,,,,,,,,,,,
2022-02-03T21:00,,Unknown,,,,,,,,,,,,
2022-02-03T22:00,,Unknown,,,,,,,,,,,,
2022-02-03T23:00,,Unknown,,,,,,,,,,,,
2022-02-04T00:00,,Unknown,,,,,,,,,,,,
2022-02-04T01:00,,Unknown,,,,,,,,,,,,
2022-02-04T02:00,,Unknown,,,,,,,,,,,,
2022-02-04T03:00,,Unknown,,,,,,,,,,,,
2022-02-04T04:00,,Unknown,,,,,,,,,,,,
2022-02-04T05:00,,Unknown,,,,,,,,,,,,
2022-02-04T06:00,,Unknown,,,,,,,,,,,,
2022-02-04T07:00,,Unknown,,,,,,,,,,,,
2022-02-04T08:00,,Unknown,,,,,,,,,,,,
2022-02-04T09:00,,Unknown,,,,,,,,,,,,
2022-02-04T10:00,,Unknown,,,,,,,,,,,,
2022-02-04T11:00,,Unknown,,,,,,,,,,,,
2022-02-04T12:00,,Unknown,,,,,,,,,,,,
2022-02-04T13:00,,Unknown,,,,,,,,,,,,
2022-02-04T14:00,,Unknown,,,,,,,,,,,,
2022-02-04T15:00,,Unknown,,,,,,,,,,,,
2022-02-04T16:00,,Unknown,,,,,,,,,,,,
2022-02-04T17:00,,Unknown,,,,,,,,,,,,
2022-02-04T18:00,,Unknown,,,,,,,,,,,,
2022-02-04T19:00,,Unknown,,,,,,,,,,,,
2022-02-04T20:00,,Unknown,,,,,,,,,,,,
2022-02-04T21:00,,Unknown,,,,,,,,,,,,
2022-02-04T22:00,,Unknown,,,,,,,,,,,,
2022-02-04T23:00,,Unknown,,,,,,,,,,,,
2022-02-05T00:00,,Unknown,,,,,,,,,,,,
2022-02-05T01:00,,Unknown,,,,,,,,,,,,
2022-02-05T02:00,,Unknown,,,,,,,,,,,,
2022-02-05T03:00,,Unknown,,,,,,,,,,,,
2022-02-05T04:00,,Unknown,,,,,,,,,,,,
2022-02-05T05:00,,Unknown,,,,,,,,,,,,
2022-02-05T06:00,,Unknown,,,,,,,,,,,,
2022-02-05T07:00,,Unknown,,,,,,,,,,,,
2022-02-05T08:00,,Unknown,,,,,,,,,,,,
2022-02-05T09:00,,Unknown,,,,,,,,,,,,
2022-02-05T10:00,,Unknown,,,,,,,,,,,,
2022-02-05T11:00,,Unknown,,,,,,,,,,,,
2022-02-05T12:00,,Unknown,,,,,,,,,,,,
2022-02-05T13:00,,Unknown,,,,,,,,,,,,
2022-02-05T14:00,,Unknown,,,,,,,,,,,,
2022-02-05T15:00,,Unknown,,,,,,,,,,,,
2022-02-05T16:00,,Unknown,,,,,,,,,,,,
2022-02-05T17:00,,Unknown,,,,,,,,,,,,
2022-02-05T18:00,,Unknown,,,,,,,,,,,,
2022-02-05T19:00,,Unknown,,,,,,,,,,,,
2022-02-05T20:00,,Unknown,,,,,,,,,,,,
2022-02-05T21:00,,Unknown,,,,,,,,,,,,
2022-02-05T22:00,,Unknown,,,,,,,,,,,,
2022-02-05T23:00,,Unknown,,,,,,,,,,,,
2022-02-06T00:00,,Unknown,,,,,,,,,,,,
2022-02-06T01:00,,Unknown,,,,,,,,,,,,
2022-02-06T02:00,,Unknown,,,,,,,,,,,,
2022-02-06T03:00,,Unknown,,,,,,,,,,,,
2022-02-06T04:00,,Unknown,,,,,,,,,,,,
2022-02-06T05:00,,Unknown,,,,,,,,,,,,
2022-02-06T06:00,,Unknown,,,,,,,,,,,,
2022-02-06T07:00,,Unknown,,,,,,,,,,,,
2022-02-06T08:00,,Unknown,,,,,,,,,,,,
2022-02-06T09:00,,Unknown,,,,,,,,,,,,
2022-02-06T10:00,,Unknown,,,,,,,,,,,,
2022-02-06T11:00,,Unknown,,,,,,,,,,,,
2022-02-06T12:00,,Unknown,,,,,,,,,,,,
2022-02-06T13:00,,Unknown,,,,,,,,,,,,
2022-02-06T14:00,,Unknown,,,,,,,,,,,,
2022-02-06T15:00,,Unknown,,,,,,,,,,,,
2022-02-06T16:00,,Unknown,,,,,,,,,,,,
2022-02-06T17:00,,Unknown,,,,,,,,,,,,
2022-02-06T18:00,,Unknown,,,,,,,,,,,,
2022-02-06T19:00,,Unknown,,,,,,,,,,,,
2022-02-06T20:00,,Unknown,,,,,,,,,,,,
2022-02-06T21:00,,Unknown,,,,,,,,,,,,
2022-02-06T22:00,,Unknown,,,,,,,,,,,,
2022-02-06T23:00,,Unknown,,,,,,,,,,,,
2022-02-07T00:00,,Unknown,,,,,,,,,,,,
2022-02-07T01:00,,Unknown,,,,,,,,,,,,
2022-02-07T02:00,,Unknown,,,,,,,,,,,,
2022-02-07T03:00,,Unknown,,,,,,,,,,,,
2022-02-07T04:00,,Unknown,,,,,,,,,,,,
2022-02-07T05:00,,Unknown,,,,,,,,,,,,
2022-02-07T06:00,,Unknown,,,,,,,,,,,,
2022-02-07T07:00,,Unknown,,,,,,,,,,,,
2022-02-07T08:00,,Unknown,,,,,,,,,,,,
2022-02-07T09:00,,Unknown,,,,,,,,,,,,
2022-02-07T10:00,,Unknown,,,,,,,,,,,,
2022-02-07T11:00,,Unknown,,,,,,,,,,,,
2022-02-07T12:00,,Unknown,,,,,,,,,,,,
2022-02-07T13:00,,Unknown,,,,,,,,,,,,
2022-02-07T14:00,,Unknown,,,,,,,,,,,,
2022-02-07T15:00,,Unknown,,,,,,,,,,,,
2022-02-07T16:00,,Unknown,,,,,,,,,,,,
2022-02-07T17:00,,Unknown,,,,,,,,,,,,
2022-02-07T18:00,,Unknown,,,,,,,,,,,,
2022-02-07T19:00,,Unknown,,,,,,,,,,,,
2022-02-07T20:00,,Unknown,,,,,,,,,,,,
2022-02-07T21:00,,Unknown,,,,,,,,,,,,
2022-02-07T22:00,,Unknown,,,,,,,,,,,,
2022-02-07T23:00,,Unknown,,,,,,,,,,,,
2022-02-08T00:00,,Unknown,,,,,,,,,,,,
2022-02-08T01:00,,Unknown,,,,,,,,,,,,
2022-02-08T02:00,,Unknown,,,,,,,,,,,,
2022-02-08T03:00,,Unknown,,,,,,,,,,,,
2022-02-08T04:00,,Unknown,,,,,,,,,,,,
2022-02-08T05:00,,Unknown,,,,,,,,,,,,
2022-02-08T06:00,,Unknown,,,,,,,,,,,,
2022-02-08T07:00,,Unknown,,,,,,,,,,,,
2022-02-08T08:00,,Unknown,,,,,,,,,,,,
2022-02-08T09:00,,Unknown,,,,,,,,,,,,
2022-02-08T10:00,,Unknown,,,,,,,,,,,,
2022-02-08T11:00,,Unknown,,,,,,,,,,,,
2022-02-08T12:00,,Unknown,,,,,,,,,,,,
2022-02-08T13:00,,Unknown,,,,,,,,,,,,
2022-02-08T14:00,,Unknown,,,,,,,,,,,,
2022-02-08T15:00,,Unknown,,,,,,,,,,,,
2022-02-08T16:00,,Unknown,,,,,,,,,,,,
2022-02-08T17:00,,Unknown,,,,,,,,,,,,
2022-02-08T18:00,,Unknown,,,,,,,,,,,,
2022-02-08T19:00,,Unknown,,,,,,,,,,,,
2022-02-08T20:00,,Unknown,,,,,,,,,,,,
2022-02-08T21:00,,Unknown,,,,,,,,,,,,
2022-02-08T22:00,,Unknown,,,,,,,,,,,,
2022-02-08T23:00,,Unknown,,,,,,,,,,,,
2022-02-09T00:00,,Unknown,,,,,,,,,,,,
2022-02-09T01:00,,Unknown,,,,,,,,,,,,
2022-02-09T02:00,,Unknown,,,,,,,,,,,,
2022-02-09T03:00,,Unknown,,,,,,,,,,,,
2022-02-09T04:00,,Unknown,,,,,,,,,,,,
2022-02-09T05:00,,Unknown,,,,,,,,,,,,
2022-02-09T06:00,,Unknown,,,,,,,,,,,,
2022-02-09T07:00,,Unknown,,,,,,,,,,,,
2022-02-09T08:00,,Unknown,,,,,,,,,,,,
2022-02-09T09:00,,Unknown,,,,,,,,,,,,
2022-02-09T10:00,,Unknown,,,,,,,,,,,,
2022-02-09T11:00,,Unknown,,,,,,,,,,,,
2022-02-09T12:00,,Unknown,,,,,,,,,,,,
2022-02-09T13:00,,Unknown,,,,,,,,,,,,
2022-02-09T14:00,,Unknown,,,,,,,,,,,,
2022-02-09T15:00,,Unknown,,,,,,,,,,,,
2022-02-09T16:00,,Unknown,,,,,,,,,,,,
2022-02-09T17:00,,Unknown,,,,,,,,,,,,
2022-02-09T18:00,,Unknown,,,,,,,,,,,,
2022-02-09T19:00,,Unknown,,,,,,,,,,,,
2022-02-09T20:00,,Unknown,,,,,,,,,,,,
2022-02-09T21:00,,Unknown,,,,,,,,,,,,
2022-02-09T22:00,,Unknown,,,,,,,,,,,,
2022-02-09T23:00,,Unknown,,,,,,,,,,,,
2022-02-10T00:00,,Unknown,,,,,,,,,,,,
2022-02-10T01:00,,Unknown,,,,,,,,,,,,
2022-02-10T02:00,,Unknown,,,,,,,,,,,,
2022-02-10T03:00,,Unknown,,,,,,,,,,,,
2022-02-10T04:00,,Unknown,,,,,,,,,,,,
2022-02-10T05:00,,Unknown,,,,,,,,,,,,
2022-02-10T06:00,,Unknown,,,,,,,,,,,,
2022-02-10T07:00,,Unknown,,,,,,,,,,,,
2022-02-10T08:00,,Unknown,,,,,,,,,,,,
2022-02-10T09:00,,Unknown,,,,,,,,,,,,
2022-02-10T10:00,,Unknown,,,,,,,,,,,,
2022-02-10T11:00,,Unknown,,,,,,,,,,,,
2022-02-10T12:00,,Unknown,,,,,,,,,,,,
2022-02-10T13:00,,Unknown,,,,,,,,,,,,
2022-02-10T14:00,,Unknown,,,,,,,,,,,,
2022-02-10T15:00,,Unknown,,,,,,,,,,,,
2022-02-10T16:00,,Unknown,,,,,,,,,,,,
2022-02-10T17:00,,Unknown,,,,,,,,,,,,
2022-02-10T18:00,,Unknown,,,,,,,,,,,,
2022-02-10T19:00,,Unknown,,,,,,,,,,,,
2022-02-10T20:00,,Unknown,,,,,,,,,,,,
2022-02-10T21:00,,Unknown,,,,,,,,,,,,
2022-02-10T22:00,,Unknown,,,,,,,,,,,,
2022-02-10T23:00,,Unknown,,,,,,,,,,,,
2022-02-11T00:00,,Unknown,,,,,,,,,,,,
2022-02-11T01:00,,Unknown,,,,,,,,,,,,
2022-02-11T02:00,,Unknown,,,,,,,,,,,,
2022-02-11T03:00,,Unknown,,,,,,,,,,,,
2022-02-11T04:00,,Unknown,,,,,,,,,,,,
2022-02-11T05:00,,Unknown,,,,,,,,,,,,
2022-02-11T06:00,,Unknown,,,,,,,,,,,,
2022-02-11T07:00,,Unknown,,,,,,,,,,,,
2022-02-11T08:00,,Unknown,,,,,,,,,,,,
2022-02-11T09:00,,Unknown,,,,,,,,,,,,
2022-02-11T10:00,,Unknown,,,,,,,,,,,,
2022-02-11T11:00,,Unknown,,,,,,,,,,,,
2022-02-11T12:00,,Unknown,,,,,,,,,,,,
2022-02-11T13:00,,Unknown,,,,,,,,,,,,
2022-02-11T14:00,,Unknown,,,,,,,,,,,,
2022-02-11T15:00,,Unknown,,,,,,,,,,,,
2022-02-11T16:00,,Unknown,,,,,,,,,,,,
2022-02-11T17:00,,Unknown,,,,,,,,,,,,
2022-02-11T18:00,,Unknown,,,,,,,,,,,,
2022-02-11T19:00,,Unknown,,,,,,,,,,,,
2022-02-11T20:00,,Unknown,,,,,,,,,,,,
2022-02-11T21:00,,Unknown,,,,,,,,,,,,
2022-02-11T22:00,,Unknown,,,,,,,,,,,,
2022-02-11T23:00,,Unknown,,,,,,,,,,,,
2022-02-12T00:00,,Unknown,,,,,,,,,,,,
2022-02-12T01:00,,Unknown,,,,,,,,,,,,
2022-02-12T02:00,,Unknown,,,,,,,,,,,,
2022-02-12T03:00,,Unknown,,,,,,,,,,,,
2022-02-12T04:00,,Unknown,,,,,,,,,,,,
2022-02-12T05:00,,Unknown,,,,,,,,,,,,
2022-02-12T06:00,,Unknown,,,,,,,,,,,,
2022-02-12T07:00,,Unknown,,,,,,,,,,,,
2022-02-12T08:00,,Unknown,,,,,,,,,,,,
2022-02-12T09:00,,Unknown,,,,,,,,,,,,
2022-02-12T10:00,,Unknown,,,,,,,,,,,,
2022-02-12T11:00,,Unknown,,,,,,,,,,,,
2022-02-12T12:00,,Unknown,,,,,,,,,,,,
2022-02-12T13:00,,Unknown,,,,,,,,,,,,
2022-02-12T14:00,,Unknown,,,,,,,,,,,,
2022-02-12T15:00,,Unknown,,,,,,,,,,,,
2022-02-12T16:00,,Unknown,,,,,,,,,,,,
2022-02-12T17:00,,Unknown,,,,,,,,,,,,
2022-02-12T18:00,,Unknown,,,,,,,,,,,,
2022-02-12T19:00,,Unknown,,,,,,,,,,,,
2022-02-12T20:00,,Unknown,,,,,,,,,,,,
2022-02-12T21:00,,Unknown,,,,,,,,,,,,
2022-02-12T22:00,,Unknown,,,,,,,,,,,,
2022-02-12T23:00,,Unknown,,,,,,,,,,,,
2022-02-13T00:00,,Unknown,,,,,,,,,,,,
2022-02-13T01:00,,Unknown,,,,,,,,,,,,
2022-02-13T02:00,,Unknown,,,,,,,,,,,,
2022-02-13T03:00,,Unknown,,,,,,,,,,,,
2022-02-13T04:00,,Unknown,,,,,,,,,,,,
2022-02-13T05:00,,Unknown,,,,,,,,,,,,
2022-02-13T06:00,,Unknown,,,,,,,,,,,,
2022-02-13T07:00,,Unknown,,,,,,,,,,,,
2022-02-13T08:00,,Unknown,,,,,,,,,,,,
2022-02-13T09:00,,Unknown,,,,,,,,,,,,
2022-02-13T10:00,,Unknown,,,,,,,,,,,,
2022-02-13T11:00,,Unknown,,,,,,,,,,,,
2022-02-13T12:00,,Unknown,,,,,,,,,,,,
2022-02-13T13:00,,Unknown,,,,,,,,,,,,
2022-02-13T14:00,,Unknown,,,,,,,,,,,,
2022-02-13T15:00,,Unknown,,,,,,,,,,,,
2022-02-13T16:00,,Unknown,,,,,,,,,,,,
2022-02-13T17:00,,Unknown,,,,,,,,,,,,
2022-02-13T18:00,,Unknown,,,,,,,,,,,,
2022-02-13T19:00,,Unknown,,,,,,,,,,,,
2022-02-13T20:00,,Unknown,,,,,,,,,,,,
2022-02-13T21:00,,Unknown,,,,,,,,,,,,
2022-02-13T22:00,,Unknown,,,,,,,,,,,,
2022-02-13T23:00,,Unknown,,,,,,,,,,,,
2022-02-14T00:00,,Unknown,,,,,,,,,,,,
2022-02-14T01:00,,Unknown,,,,,,,,,,,,
2022-02-14T02:00,,Unknown,,,,,,,,,,,,
2022-02-14T03:00,,Unknown,,,,,,,,,,,,
2022-02-14T04:00,,Unknown,,,,,,,,,,,,
2022-02-14T05:00,,Unknown,,,,,,,,,,,,
2022-02-14T06:00,,Unknown,,,,,,,,,,,,
2022-02-14T07:00,,Unknown,,,,,,,,,,,,
2022-02-14T08:00,,Unknown,,,,,,,,,,,,
2022-02-14T09:00,,Unknown,,,,,,,,,,,,
2022-02-14T10:00,,Unknown,,,,,,,,,,,,
2022-02-14T11:00,,Unknown,,,,,,,,,,,,
2022-02-14T12:00,,Unknown,,,,,,,,,,,,
2022-02-14T13:00,,Unknown,,,,,,,,,,,,
2022-02-14T14:00,,Unknown,,,,,,,,,,,,
2022-02-14T15:00,,Unknown,,,,,,,,,,,,
2022-02-14T16:00,,Unknown,,,,,,,,,,,,
2022-02-14T17:00,,Unknown,,,,,,,,,,,,
2022-02-14T18:00,,Unknown,,,,,,,,,,,,
2022-02-14T19:00,,Unknown,,,,,,,,,,,,
2022-02-14T20:00,,Unknown,,,,,,,,,,,,
2022-02-14T21:00,,Unknown,,,,,,,,,,,,
2022-02-14T22:00,,Unknown,,,,,,,,,,,,
2022-02-14T23:00,,Unknown,,,,,,,,,,,,
2022-02-15T00:00,,Unknown,,,,,,,,,,,,
2022-02-15T01:00,,Unknown,,,,,,,,,,,,
2022-02-15T02:00,,Unknown,,,,,,,,,,,,
2022-02-15T03:00,,Unknown,,,,,,,,,,,,
2022-02-15T04:00,,Unknown,,,,,,,,,,,,
2022-02-15T05:00,,Unknown,,,,,,,,,,,,
2022-02-15T06:00,,Unknown,,,,,,,,,,,,
2022-02-15T07:00,,Unknown,,,,,,,,,,,,
2022-02-15T08:00,,Unknown,,,,,,,,,,,,
2022-02-15T09:00,,Unknown,,,,,,,,,,,,
2022-02-15T10:00,,Unknown,,,,,,,,,,,,
2022-02-15T11:00,,Unknown,,,,,,,,,,,,
2022-02-15T12:00,,Unknown,,,,,,,,,,,,
2022-02-15T13:00,,Unknown,,,,,,,,,,,,
2022-02-15T14:00,,Unknown,,,,,,,,,,,,
2022-02-15T15:00,,Unknown,,,,,,,,,,,,
2022-02-15T16:00,,Unknown,,,,,,,,,,,,
2022-02-15T17:00,,Unknown,,,,,,,,,,,,
2022-02-15T18:00,,Unknown,,,,,,,,,,,,
2022-02-15T19:00,,Unknown,,,,,,,,,,,,
2022-02-15T20:00,,Unknown,,,,,,,,,,,,
2022-02-15T21:00,,Unknown,,,,,,,,,,,,
2022-02-15T22:00,,Unknown,,,,,,,,,,,,
2022-02-15T23:00,,Unknown,,,,,,,,,,,,
2022-02-16T00:00,,Unknown,,,,,,,,,,,,
2022-02-16T01:00,,Unknown,,,,,,,,,,,,
2022-02-16T02:00,,Unknown,,,,,,,,,,,,
2022-02-16T03:00,,Unknown,,,,,,,,,,,,
2022-02-16T04:00,,Unknown,,,,,,,,,,,,
2022-02-16T05:00,,Unknown,,,,,,,,,,,,
2022-02-16T06:00,,Unknown,,,,,,,,,,,,
2022-02-16T07:00,,Unknown,,,,,,,,,,,,
2022-02-16T08:00,,Unknown,,,,,,,,,,,,
2022-02-16T09:00,,Unknown,,,,,,,,,,,,
2022-02-16T10:00,,Unknown,,,,,,,,,,,,
2022-02-16T11:00,,Unknown,,,,,,,,,,,,
2022-02-16T12:00,,Unknown,,,,,,,,,,,,
2022-02-16T13:00,,Unknown,,,,,,,,,,,,
2022-02-16T14:00,,Unknown,,,,,,,,,,,,
2022-02-16T15:00,,Unknown,,,,,,,,,,,,
2022-02-16T16:00,,Unknown,,,,,,,,,,,,
2022-02-16T17:00,,Unknown,,,,,,,,,,,,
2022-02-16T18:00,,Unknown,,,,,,,,,,,,
2022-02-16T19:00,,Unknown,,,,,,,,,,,,
2022-02-16T20:00,,Unknown,,,,,,,,,,,,
2022-02-16T21:00,,Unknown,,,,,,,,,,,,
2022-02-16T22:00,,Unknown,,,,,,,,,,,,
2022-02-16T23:00,,Unknown,,,,,,,,,,,,
2022-02-17T00:00,,Unknown,,,,,,,,,,,,
2022-02-17T01:00,,Unknown,,,,,,,,,,,,
2022-02-17T02:00,,Unknown,,,,,,,,,,,,
2022-02-17T03:00,,Unknown,,,,,,,,,,,,
2022-02-17T04:00,,Unknown,,,,,,,,,,,,
2022-02-17T05:00,,Unknown,,,,,,,,,,,,
2022-02-17T06:00,,Unknown,,,,,,,,,,,,
2022-02-17T07:00,,Unknown,,,,,,,,,,,,
2022-02-17T08:00,,Unknown,,,,,,,,,,,,
2022-02-17T09:00,,Unknown,,,,,,,,,,,,
2022-02-17T10:00,,Unknown,,,,,,,,,,,,
2022-02-17T11:00,,Unknown,,,,,,,,,,,,
2022-02-17T12:00,,Unknown,,,,,,,,,,,,
2022-02-17T13:00,,Unknown,,,,,,,,,,,,
2022-02-17T14:00,,Unknown,,,,,,,,,,,,
2022-02-17T15:00,,Unknown,,,,,,,,,,,,
2022-02-17T16:00,,Unknown,,,,,,,,,,,,
2022-02-17T17:00,,Unknown,,,,,,,,,,,,
2022-02-17T18:00,,Unknown,,,,,,,,,,,,
2022-02-17T19:00,,Unknown,,,,,,,,,,,,
2022-02-17T20:00,,Unknown,,,,,,,,,,,,
2022-02-17T21:00,,Unknown,,,,,,,,,,,,
2022-02-17T22:00,,Unknown,,,,,,,,,,,,
2022-02-17T23:00,,Unknown,,,,,,,,,,,,
2022-02-18T00:00,,Unknown,,,,,,,,,,,,
2022-02-18T01:00,,Unknown,,,,,,,,,,,,
2022-02-18T02:00,,Unknown,,,,,,,,,,,,
2022-02-18T03:00,,Unknown,,,,,,,,,,,,
2022-02-18T04:00,,Unknown,,,,,,,,,,,,
2022-02-18T05:00,,Unknown,,,,,,,,,,,,
2022-02-18T06:00,,Unknown,,,,,,,,,,,,
2022-02-18T07:00,,Unknown,,,,,,,,,,,,
2022-02-18T08:00,,Unknown,,,,,,,,,,,,
2022-02-18T09:00,,Unknown,,,,,,,,,,,,
2022-02-18T10:00,,Unknown,,,,,,,,,,,,
2022-02-18T11:00,,Unknown,,,,,,,,,,,,
2022-02-18T12:00,,Unknown,,,,,,,,,,,,
2022-02-18T13:00,,Unknown,,,,,,,,,,,,
2022-02-18T14:00,,Unknown,,,,,,,,,,,,
2022-02-18T15:00,,Unknown,,,,,,,,,,,,
2022-02-18T16:00,,Unknown,,,,,,,,,,,,
2022-02-18T17:00,,Unknown,,,,,,,,,,,,
2022-02-18T18:00,,Unknown,,,,,,,,,,,,
2022-02-18T19:00,,Unknown,,,,,,,,,,,,
2022-02-18T20:00,,Unknown,,,,,,,,,,,,
2022-02-18T21:00,,Unknown,,,,,,,,,,,,
2022-02-18T22:00,,Unknown,,,,,,,,,,,,
2022-02-18T23:00,,Unknown,,,,,,,,,,,,
2022-02-19T00:00,,Unknown,,,,,,,,,,,,
2022-02-19T01:00,,Unknown,,,,,,,,,,,,
2022-02-19T02:00,,Unknown,,,,,,,,,,,,
2022-02-19T03:00,,Unknown,,,,,,,,,,,,
2022-02-19T04:00,,Unknown,,,,,,,,,,,,
2022-02-19T05:00,,Unknown,,,,,,,,,,,,
2022-02-19T06:00,,Unknown,,,,,,,,,,,,
2022-02-19T07:00,,Unknown,,,,,,,,,,,,
2022-02-19T08:00,,Unknown,,,,,,,,,,,,
2022-02-19T09:00,,Unknown,,,,,,,,,,,,
2022-02-19T10:00,,Unknown,,,,,,,,,,,,
2022-02-19T11:00,,Unknown,,,,,,,,,,,,
2022-02-19T12:00,,Unknown,,,,,,,,,,,,
2022-02-19T13:00,,Unknown,,,,,,,,,,,,
2022-02-19T14:00,,Unknown,,,,,,,,,,,,
2022-02-19T15:00,,Unknown,,,,,,,,,,,,
2022-02-19T16:00,,Unknown,,,,,,,,,,,,
2022-02-19T17:00,,Unknown,,,,,,,,,,,,
2022-02-19T18:00,,Unknown,,,,,,,,,,,,
2022-02-19T19:00,,Unknown,,,,,,,,,,,,
2022-02-19T20:00,,Unknown,,,,,,,,,,,,
2022-02-19T21:00,,Unknown,,,,,,,,,,,,
2022-02-19T22:00,,Unknown,,,,,,,,,,,,
2022-02-19T23:00,,Unknown,,,,,,,,,,,,
2022-02-20T00:00,,Unknown,,,,,,,,,,,,
2022-02-20T01:00,,Unknown,,,,,,,,,,,,
2022-02-20T02:00,,Unknown,,,,,,,,,,,,
2022-02-20T03:00,,Unknown,,,,,,,,,,,,
2022-02-20T04:00,,Unknown,,,,,,,,,,,,
2022-02-20T05:00,,Unknown,,,,,,,,,,,,
2022-02-20T06:00,,Unknown,,,,,,,,,,,,
2022-02-20T07:00,,Unknown,,,,,,,,,,,,
2022-02-20T08:00,,Unknown,,,,,,,,,,,,
2022-02-20T09:00,,Unknown,,,,,,,,,,,,
2022-02-20T10:00,,Unknown,,,,,,,,,,,,
2022-02-20T11:00,,Unknown,,,,,,,,,,,,
2022-02-20T12:00,,Unknown,,,,,,,,,,,,
2022-02-20T13:00,,Unknown,,,,,,,,,,,,
2022-02-20T14:00,,Unknown,,,,,,,,,,,,
2022-02-20T15:00,,Unknown,,,,,,,,,,,,
2022-02-20T16:00,,Unknown,,,,,,,,,,,,
2022-02-20T17:00,,Unknown,,,,,,,,,,,,
2022-02-20T18:00,,Unknown,,,,,,,,,,,,
2022-02-20T19:00,,Unknown,,,,,,,,,,,,
2022-02-20T20:00,,Unknown,,,,,,,,,,,,
2022-02-20T21:00,,Unknown,,,,,,,,,,,,
2022-02-20T22:00,,Unknown,,,,,,,,,,,,
2022-02-20T23:00,,Unknown,,,,,,,,,,,,
2022-02-21T00:00,,Unknown,,,,,,,,,,,,
2022-02-21T01:00,,Unknown,,,,,,,,,,,,
2022-02-21T02:00,,Unknown,,,,,,,,,,,,
2022-02-21T03:00,,Unknown,,,,,,,,,,,,
2022-02-21T04:00,,Unknown,,,,,,,,,,,,
2022-02-21T05:00,,Unknown,,,,,,,,,,,,
2022-02-21T06:00,,Unknown,,,,,,,,,,,,
2022-02-21T07:00,,Unknown,,,,,,,,,,,,
2022-02-21T08:00,,Unknown,,,,,,,,,,,,
2022-02-21T09:00,,Unknown,,,,,,,,,,,,
2022-02-21T10:00,,Unknown,,,,,,,,,,,,
2022-02-21T11:00,,Unknown,,,,,,,,,,,,
2022-02-21T12:00,,Unknown,,,,,,,,,,,,
2022-02-21T13:00,,Unknown,,,,,,,,,,,,
2022-02-21T14:00,,Unknown,,,,,,,,,,,,
2022-02-21T15:00,,Unknown,,,,,,,,,,,,
2022-02-21T16:00,,Unknown,,,,,,,,,,,,
2022-02-21T17:00,,Unknown,,,,,,,,,,,,
2022-02-21T18:00,,Unknown,,,,,,,,,,,,
2022-02-21T19:00,,Unknown,,,,,,,,,,,,
2022-02-21T20:00,,Unknown,,,,,,,,,,,,
2022-02-21T21:00,,Unknown,,,,,,,,,,,,
2022-02-21T22:00,,Unknown,,,,,,,,,,,,
2022-02-21T23:00,,Unknown,,,,,,,,,,,,
2022-02-22T00:00,,Unknown,,,,,,,,,,,,
2022-02-22T01:00,,Unknown,,,,,,,,,,,,
2022-02-22T02:00,,Unknown,,,,,,,,,,,,
2022-02-22T03:00,,Unknown,,,,,,,,,,,,
2022-02-22T04:00,,Unknown,,,,,,,,,,,,
2022-02-22T05:00,,Unknown,,,,,,,,,,,,
2022-02-22T06:00,,Unknown,,,,,,,,,,,,
2022-02-22T07:00,,Unknown,,,,,,,,,,,,
2022-02-22T08:00,,Unknown,,,,,,,,,,,,
2022-02-22T09:00,,Unknown,,,,,,,,,,,,
2022-02-22T10:00,,Unknown,,,,,,,,,,,,
2022-02-22T11:00,,Unknown,,,,,,,,,,,,
2022-02-22T12:00,,Unknown,,,,,,,,,,,,
2022-02-22T13:00,,Unknown,,,,,,,,,,,,
2022-02-22T14:00,,Unknown,,,,,,,,,,,,
2022-02-22T15:00,,Unknown,,,,,,,,,,,,
2022-02-22T16:00,,Unknown,,,,,,,,,,,,
2022-02-22T17:00,,Unknown,,,,,,,,,,,,
2022-02-22T18:00,,Unknown,,,,,,,,,,,,
2022-02-22T19:00,,Unknown,,,,,,,,,,,,
2022-02-22T20:00,,Unknown,,,,,,,,,,,,
2022-02-22T21:00,,Unknown,,,,,,,,,,,,
2022-02-22T22:00,,Unknown,,,,,,,,,,,,
2022-02-22T23:00,,Unknown,,,,,,,,,,,,
2022-02-23T00:00,,Unknown,,,,,,,,,,,,
2022-02-23T01:00,,Unknown,,,,,,,,,,,,
2022-02-23T02:00,,Unknown,,,,,,,,,,,,
2022-02-23T03:00,,Unknown,,,,,,,,,,,,
2022-02-23T04:00,,Unknown,,,,,,,,,,,,
2022-02-23T05:00,,Unknown,,,,,,,,,,,,
2022-02-23T06:00,,Unknown,,,,,,,,,,,,
2022-02-23T07:00,,Unknown,,,,,,,,,,,,
2022-02-23T08:00,,Unknown,,,,,,,,,,,,
2022-02-23T09:00,,Unknown,,,,,,,,,,,,
2022-02-23T10:00,,Unknown,,,,,,,,,,,,
2022-02-23T11:00,,Unknown,,,,,,,,,,,,
2022-02-23T12:00,,Unknown,,,,,,,,,,,,
2022-02-23T13:00,,Unknown,,,,,,,,,,,,
2022-02-23T14:00,,Unknown,,,,,,,,,,,,
2022-02-23T15:00,,Unknown,,,,,,,,,,,,
2022-02-23T16:00,,Unknown,,,,,,,,,,,,
2022-02-23T17:00,,Unknown,,,,,,,,,,,,
2022-02-23T18:00,,Unknown,,,,,,,,,,,,
2022-02-23T19:00,,Unknown,,,,,,,,,,,,
2022-02-23T20:00,,Unknown,,,,,,,,,,,,
2022-02-23T21:00,,Unknown,,,,,,,,,,,,
2022-02-23T22:00,,Unknown,,,,,,,,,,,,
2022-02-23T23:00,,Unknown,,,,,,,,,,,,
2022-02-24T00:00,,Unknown,,,,,,,,,,,,
2022-02-24T01:00,,Unknown,,,,,,,,,,,,
2022-02-24T02:00,,Unknown,,,,,,,,,,,,
2022-02-24T03:00,,Unknown,,,,,,,,,,,,
2022-02-24T04:00,,Unknown,,,,,,,,,,,,
2022-02-24T05:00,,Unknown,,,,,,,,,,,,
2022-02-24T06:00,,Unknown,,,,,,,,,,,,
2022-02-24T07:00,,Unknown,,,,,,,,,,,,
2022-02-24T08:00,,Unknown,,,,,,,,,,,,
2022-02-24T09:00,,Unknown,,,,,,,,,,,,
2022-02-24T10:00,,Unknown,,,,,,,,,,,,
2022-02-24T11:00,,Unknown,,,,,,,,,,,,
2022-02-24T12:00,,Unknown,,,,,,,,,,,,
2022-02-24T13:00,,Unknown,,,,,,,,,,,,
2022-02-24T14:00,,Unknown,,,,,,,,,,,,
2022-02-24T15:00,,Unknown,,,,,,,,,,,,
2022-02-24T16:00,,Unknown,,,,,,,,,,,,
2022-02-24T17:00,,Unknown,,,,,,,,,,,,
2022-02-24T18:00,,Unknown,,,,,,,,,,,,
2022-02-24T19:00,,Unknown,,,,,,,,,,,,
2022-02-24T20:00,,Unknown,,,,,,,,,,,,
2022-02-24T21:00,,Unknown,,,,,,,,,,,,
2022-02-24T22:00,,Unknown,,,,,,,,,,,,
2022-02-24T23:00,,Unknown,,,,,,,,,,,,
2022-02-25T00:00,,Unknown,,,,,,,,,,,,
2022-02-25T01:00,,Unknown,,,,,,,,,,,,
2022-02-25T02:00,,Unknown,,,,,,,,,,,,
2022-02-25T03:00,,Unknown,,,,,,,,,,,,
2022-02-25T04:00,,Unknown,,,,,,,,,,,,
2022-02-25T05:00,,Unknown,,,,,,,,,,,,
2022-02-25T06:00,,Unknown,,,,,,,,,,,,
2022-02-25T07:00,,Unknown,,,,,,,,,,,,
2022-02-25T08:00,,Unknown,,,,,,,,,,,,
2022-02-25T09:00,,Unknown,,,,,,,,,,,,
2022-02-25T10:00,,Unknown,,,,,,,,,,,,
2022-02-25T11:00,,Unknown,,,,,,,,,,,,
2022-02-25T12:00,,Unknown,,,,,,,,,,,,
2022-02-25T13:00,,Unknown,,,,,,,,,,,,
2022-02-25T14:00,,Unknown,,,,,,,,,,,,
2022-02-25T15:00,,Unknown,,,,,,,,,,,,
2022-02-25T16:00,,Unknown,,,,,,,,,,,,
2022-02-25T17:00,,Unknown,,,,,,,,,,,,
2022-02-25T18:00,,Unknown,,,,,,,,,,,,
2022-02-25T19:00,,Unknown,,,,,,,,,,,,
2022-02-25T20:00,,Unknown,,,,,,,,,,,,
2022-02-25T21:00,,Unknown,,,,,,,,,,,,
2022-02-25T22:00,,Unknown,,,,,,,,,,,,
2022-02-25T23:00,,Unknown,,,,,,,,,,,,
2022-02-26T00:00,,Unknown,,,,,,,,,,,,
2022-02-26T01:00,,Unknown,,,,,,,,,,,,
2022-02-26T02:00,,Unknown,,,,,,,,,,,,
2022-02-26T03:00,,Unknown,,,,,,,,,,,,
2022-02-26T04:00,,Unknown,,,,,,,,,,,,
2022-02-26T05:00,,Unknown,,,,,,,,,,,,
2022-02-26T06:00,,Unknown,,,,,,,,,,,,
2022-02-26T07:00,,Unknown,,,,,,,,,,,,
2022-02-26T08:00,,Unknown,,,,,,,,,,,,
2022-02-26T09:00,,Unknown,,,,,,,,,,,,
2022-02-26T10:00,,Unknown,,,,,,,,,,,,
2022-02-26T11:00,,Unknown,,,,,,,,,,,,
2022-02-26T12:00,,Unknown,,,,,,,,,,,,
2022-02-26T13:00,,Unknown,,,,,,,,,,,,
2022-02-26T14:00,,Unknown,,,,,,,,,,,,
2022-02-26T15:00,,Unknown,,,,,,,,,,,,
2022-02-26T16:00,,Unknown,,,,,,,,,,,,
2022-02-26T17:00,,Unknown,,,,,,,,,,,,
2022-02-26T18:00,,Unknown,,,,,,,,,,,,
2022-02-26T19:00,,Unknown,,,,,,,,,,,,
2022-02-26T20:00,,Unknown,,,,,,,,,,,,
2022-02-26T21:00,,Unknown,,,,,,,,,,,,
2022-02-26T22:00,,Unknown,,,,,,,,,,,,
2022-02-26T23:00,,Unknown,,,,,,,,,,,,
2022-02-27T00:00,,Unknown,,,,,,,,,,,,
2022-02-27T01:00,,Unknown,,,,,,,,,,,,
2022-02-27T02:00,,Unknown,,,,,,,,,,,,
2022-02-27T03:00,,Unknown,,,,,,,,,,,,
2022-02-27T04:00,,Unknown,,,,,,,,,,,,
2022-02-27T05:00,,Unknown,,,,,,,,,,,,
2022-02-27T06:00,,Unknown,,,,,,,,,,,,
2022-02-27T07:00,,Unknown,,,,,,,,,,,,
2022-02-27T08:00,,Unknown,,,,,,,,,,,,
2022-02-27T09:00,,Unknown,,,,,,,,,,,,
2022-02-27T10:00,,Unknown,,,,,,,,,,,,
2022-02-27T11:00,,Unknown,,,,,,,,,,,,
2022-02-27T12:00,,Unknown,,,,,,,,,,,,
2022-02-27T13:00,,Unknown,,,,,,,,,,,,
2022-02-27T14:00,,Unknown,,,,,,,,,,,,
2022-02-27T15:00,,Unknown,,,,,,,,,,,,
2022-02-27T16:00,,Unknown,,,,,,,,,,,,
2022-02-27T17:00,,Unknown,,,,,,,,,,,,
2022-02-27T18:00,,Unknown,,,,,,,,,,,,
2022-02-27T19:00,,Unknown,,,,,,,,,,,,
2022-02-27T20:00,,Unknown,,,,,,,,,,,,
2022-02-27T21:00,,Unknown,,,,,,,,,,,,
2022-02-27T22:00,,Unknown,,,,,,,,,,,,
2022-02-27T23:00,,Unknown,,,,,,,,,,,,
2022-02-28T00:00,,Unknown,,,,,,,,,,,,
2022-02-28T01:00,,Unknown,,,,,,,,,,,,
2022-02-28T02:00,,Unknown,,,,,,,,,,,,
2022-02-28T03:00,,Unknown,,,,,,,,,,,,
2022-02-28T04:00,,Unknown,,,,,,,,,,,,
2022-02-28T05:00,,Unknown,,,,,,,,,,,,
2022-02-28T06:00,,Unknown,,,,,,,,,,,,
2022-02-28T07:00,,Unknown,,,,,,,,,,,,
2022-02-28T08:00,,Unknown,,,,,,,,,,,,
2022-02-28T09:00,,Unknown,,,,,,,,,,,,
2022-02-28T10:00,,Unknown,,,,,,,,,,,,
2022-02-28T11:00,,Unknown,,,,,,,,,,,,
2022-02-28T12:00,,Unknown,,,,,,,,,,,,
2022-02-28T13:00,,Unknown,,,,,,,,,,,,
2022-02-28T14:00,,Unknown,,,,,,,,,,,,
2022-02-28T15:00,,Unknown,,,,,,,,,,,,
2022-02-28T16:00,,Unknown,,,,,,,,,,,,
2022-02-28T17:00,,Unknown,,,,,,,,,,,,
2022-02-28T18:00,,Unknown,,,,,,,,,,,,
2022-02-28T19:00,,Unknown,,,,,,,,,,,,
2022-02-28T20:00,,Unknown,,,,,,,,,,,,
2022-02-28T21:00,,Unknown,,,,,,,,,,,,
2022-02-28T22:00,,Unknown,,,,,,,,,,,,
2022-02-28T23:00,,Unknown,,,,,,,,,,,,
2022-03-01T00:00,,Unknown,,,,,,,,,,,,
2022-03-01T01:00,,Unknown,,,,,,,,,,,,
2022-03-01T02:00,,Unknown,,,,,,,,,,,,
2022-03-01T03:00,,Unknown,,,,,,,,,,,,
2022-03-01T04:00,,Unknown,,,,,,,,,,,,
2022-03-01T05:00,,Unknown,,,,,,,,,,,,
2022-03-01T06:00,,Unknown,,,,,,,,,,,,
2022-03-01T07:00,,Unknown,,,,,,,,,,,,
2022-03-01T08:00,,Unknown,,,,,,,,,,,,
2022-03-01T09:00,,Unknown,,,,,,,,,,,,
2022-03-01T10:00,,Unknown,,,,,,,,,,,,
2022-03-01T11:00,,Unknown,,,,,,,,,,,,
2022-03-01T12:00,,Unknown,,,,,,,,,,,,
2022-03-01T13:00,,Unknown,,,,,,,,,,,,
2022-03-01T14:00,,Unknown,,,,,,,,,,,,
2022-03-01T15:00,,Unknown,,,,,,,,,,,,
2022-03-01T16:00,,Unknown,,,,,,,,,,,,
2022-03-01T17:00,,Unknown,,,,,,,,,,,,
2022-03-01T18:00,,Unknown,,,,,,,,,,,,
2022-03-01T19:00,,Unknown,,,,,,,,,,,,
2022-03-01T20:00,,Unknown,,,,,,,,,,,,
2022-03-01T21:00,,Unknown,,,,,,,,,,,,
2022-03-01T22:00,,Unknown,,,,,,,,,,,,
2022-03-01T23:00,,Unknown,,,,,,,,,,,,
2022-03-02T00:00,,Unknown,,,,,,,,,,,,
2022-03-02T01:00,,Unknown,,,,,,,,,,,,
2022-03-02T02:00,,Unknown,,,,,,,,,,,,
2022-03-02T03:00,,Unknown,,,,,,,,,,,,
2022-03-02T04:00,,Unknown,,,,,,,,,,,,
2022-03-02T05:00,,Unknown,,,,,,,,,,,,
2022-03-02T06:00,,Unknown,,,,,,,,,,,,
2022-03-02T07:00,,Unknown,,,,,,,,,,,,
2022-03-02T08:00,,Unknown,,,,,,,,,,,,
2022-03-02T09:00,,Unknown,,,,,,,,,,,,
2022-03-02T10:00,,Unknown,,,,,,,,,,,,
2022-03-02T11:00,,Unknown,,,,,,,,,,,,
2022-03-02T12:00,,Unknown,,,,,,,,,,,,
2022-03-02T13:00,,Unknown,,,,,,,,,,,,
2022-03-02T14:00,,Unknown,,,,,,,,,,,,
2022-03-02T15:00,,Unknown,,,,,,,,,,,,
2022-03-02T16:00,,Unknown,,,,,,,,,,,,
2022-03-02T17:00,,Unknown,,,,,,,,,,,,
2022-03-02T18:00,,Unknown,,,,,,,,,,,,
2022-03-02T19:00,,Unknown,,,,,,,,,,,,
2022-03-02T20:00,,Unknown,,,,,,,,,,,,
2022-03-02T21:00,,Unknown,,,,,,,,,,,,
2022-03-02T22:00,,Unknown,,,,,,,,,,,,
2022-03-02T23:00,,Unknown,,,,,,,,,,,,
2022-03-03T00:00,,Unknown,,,,,,,,,,,,
2022-03-03T01:00,,Unknown,,,,,,,,,,,,
2022-03-03T02:00,,Unknown,,,,,,,,,,,,
2022-03-03T03:00,,Unknown,,,,,,,,,,,,
2022-03-03T04:00,,Unknown,,,,,,,,,,,,
2022-03-03T05:00,,Unknown,,,,,,,,,,,,
2022-03-03T06:00,,Unknown,,,,,,,,,,,,
2022-03-03T07:00,,Unknown,,,,,,,,,,,,
2022-03-03T08:00,,Unknown,,,,,,,,,,,,
2022-03-03T09:00,,Unknown,,,,,,,,,,,,
2022-03-03T10:00,,Unknown,,,,,,,,,,,,
2022-03-03T11:00,,Unknown,,,,,,,,,,,,
2022-03-03T12:00,,Unknown,,,,,,,,,,,,
2022-03-03T13:00,,Unknown,,,,,,,,,,,,
2022-03-03T14:00,,Unknown,,,,,,,,,,,,
2022-03-03T15:00,,Unknown,,,,,,,,,,,,
2022-03-03T16:00,,Unknown,,,,,,,,,,,,
2022-03-03T17:00,,Unknown,,,,,,,,,,,,
2022-03-03T18:00,,Unknown,,,,,,,,,,,,
2022-03-03T19:00,,Unknown,,,,,,,,,,,,
2022-03-03T20:00,,Unknown,,,,,,,,,,,,
2022-03-03T21:00,,Unknown,,,,,,,,,,,,
2022-03-03T22:00,,Unknown,,,,,,,,,,,,
2022-03-03T23:00,,Unknown,,,,,,,,,,,,
2022-03-04T00:00,,Unknown,,,,,,,,,,,,
2022-03-04T01:00,,Unknown,,,,,,,,,,,,
2022-03-04T02:00,,Unknown,,,,,,,,,,,,
2022-03-04T03:00,,Unknown,,,,,,,,,,,,
2022-03-04T04:00,,Unknown,,,,,,,,,,,,
2022-03-04T05:00,,Unknown,,,,,,,,,,,,
2022-03-04T06:00,,Unknown,,,,,,,,,,,,
2022-03-04T07:00,,Unknown,,,,,,,,,,,,
2022-03-04T08:00,,Unknown,,,,,,,,,,,,
2022-03-04T09:00,,Unknown,,,,,,,,,,,,
2022-03-04T10:00,,Unknown,,,,,,,,,,,,
2022-03-04T11:00,,Unknown,,,,,,,,,,,,
2022-03-04T12:00,,Unknown,,,,,,,,,,,,
2022-03-04T13:00,,Unknown,,,,,,,,,,,,
2022-03-04T14:00,,Unknown,,,,,,,,,,,,
2022-03-04T15:00,,Unknown,,,,,,,,,,,,
2022-03-04T16:00,,Unknown,,,,,,,,,,,,
2022-03-04T17:00,,Unknown,,,,,,,,,,,,
2022-03-04T18:00,,Unknown,,,,,,,,,,,,
2022-03-04T19:00,,Unknown,,,,,,,,,,,,
2022-03-04T20:00,,Unknown,,,,,,,,,,,,
2022-03-04T21:00,,Unknown,,,,,,,,,,,,
2022-03-04T22:00,,Unknown,,,,,,,,,,,,
2022-03-04T23:00,,Unknown,,,,,,,,,,,,
2022-03-05T00:00,,Unknown,,,,,,,,,,,,
2022-03-05T01:00,,Unknown,,,,,,,,,,,,
2022-03-05T02:00,,Unknown,,,,,,,,,,,,
2022-03-05T03:00,,Unknown,,,,,,,,,,,,
2022-03-05T04:00,,Unknown,,,,,,,,,,,,
2022-03-05T05:00,,Unknown,,,,,,,,,,,,
2022-03-05T06:00,,Unknown,,,,,,,,,,,,
2022-03-05T07:00,,Unknown,,,,,,,,,,,,
2022-03-05T08:00,,Unknown,,,,,,,,,,,,
2022-03-05T09:00,,Unknown,,,,,,,,,,,,
2022-03-05T10:00,,Unknown,,,,,,,,,,,,
2022-03-05T11:00,,Unknown,,,,,,,,,,,,
2022-03-05T12:00,,Unknown,,,,,,,,,,,,
2022-03-05T13:00,,Unknown,,,,,,,,,,,,
2022-03-05T14:00,,Unknown,,,,,,,,,,,,
2022-03-05T15:00,,Unknown,,,,,,,,,,,,
2022-03-05T16:00,,Unknown,,,,,,,,,,,,
2022-03-05T17:00,,Unknown,,,,,,,,,,,,
2022-03-05T18:00,,Unknown,,,,,,,,,,,,
2022-03-05T19:00,,Unknown,,,,,,,,,,,,
2022-03-05T20:00,,Unknown,,,,,,,,,,,,
2022-03-05T21:00,,Unknown,,,,,,,,,,,,
2022-03-05T22:00,,Unknown,,,,,,,,,,,,
2022-03-05T23:00,,Unknown,,,,,,,,,,,,
2022-03-06T00:00,,Unknown,,,,,,,,,,,,
2022-03-06T01:00,,Unknown,,,,,,,,,,,,
2022-03-06T02:00,,Unknown,,,,,,,,,,,,
2022-03-06T03:00,,Unknown,,,,,,,,,,,,
2022-03-06T04:00,,Unknown,,,,,,,,,,,,
2022-03-06T05:00,,Unknown,,,,,,,,,,,,
2022-03-06T06:00,,Unknown,,,,,,,,,,,,
2022-03-06T07:00,,Unknown,,,,,,,,,,,,
2022-03-06T08:00,,Unknown,,,,,,,,,,,,
2022-03-06T09:00,,Unknown,,,,,,,,,,,,
2022-03-06T10:00,,Unknown,,,,,,,,,,,,
2022-03-06T11:00,,Unknown,,,,,,,,,,,,
2022-03-06T12:00,,Unknown,,,,,,,,,,,,
2022-03-06T13:00,,Unknown,,,,,,,,,,,,
2022-03-06T14:00,,Unknown,,,,,,,,,,,,
2022-03-06T15:00,,Unknown,,,,,,,,,,,,
2022-03-06T16:00,,Unknown,,,,,,,,,,,,
2022-03-06T17:00,,Unknown,,,,,,,,,,,,
2022-03-06T18:00,,Unknown,,,,,,,,,,,,
2022-03-06T19:00,,Unknown,,,,,,,,,,,,
2022-03-06T20:00,,Unknown,,,,,,,,,,,,
2022-03-06T21:00,,Unknown,,,,,,,,,,,,
2022-03-06T22:00,,Unknown,,,,,,,,,,,,
2022-03-06T23:00,,Unknown,,,,,,,,,,,,
2022-03-07T00:00,,Unknown,,,,,,,,,,,,
2022-03-07T01:00,,Unknown,,,,,,,,,,,,
2022-03-07T02:00,,Unknown,,,,,,,,,,,,
2022-03-07T03:00,,Unknown,,,,,,,,,,,,
2022-03-07T04:00,,Unknown,,,,,,,,,,,,
2022-03-07T05:00,,Unknown,,,,,,,,,,,,
2022-03-07T06:00,,Unknown,,,,,,,,,,,,
2022-03-07T07:00,,Unknown,,,,,,,,,,,,
2022-03-07T08:00,,Unknown,,,,,,,,,,,,
2022-03-07T09:00,,Unknown,,,,,,,,,,,,
2022-03-07T10:00,,Unknown,,,,,,,,,,,,
2022-03-07T11:00,,Unknown,,,,,,,,,,,,
2022-03-07T12:00,,Unknown,,,,,,,,,,,,
2022-03-07T13:00,,Unknown,,,,,,,,,,,,
2022-03-07T14:00,,Unknown,,,,,,,,,,,,
2022-03-07T15:00,,Unknown,,,,,,,,,,,,
2022-03-07T16:00,,Unknown,,,,,,,,,,,,
2022-03-07T17:00,,Unknown,,,,,,,,,,,,
2022-03-07T18:00,,Unknown,,,,,,,,,,,,
2022-03-07T19:00,,Unknown,,,,,,,,,,,,
2022-03-07T20:00,,Unknown,,,,,,,,,,,,
2022-03-07T21:00,,Unknown,,,,,,,,,,,,
2022-03-07T22:00,,Unknown,,,,,,,,,,,,
2022-03-07T23:00,,Unknown,,,,,,,,,,,,
2022-03-08T00:00,,Unknown,,,,,,,,,,,,
2022-03-08T01:00,,Unknown,,,,,,,,,,,,
2022-03-08T02:00,,Unknown,,,,,,,,,,,,
2022-03-08T03:00,,Unknown,,,,,,,,,,,,
2022-03-08T04:00,,Unknown,,,,,,,,,,,,
2022-03-08T05:00,,Unknown,,,,,,,,,,,,
2022-03-08T06:00,,Unknown,,,,,,,,,,,,
2022-03-08T07:00,,Unknown,,,,,,,,,,,,
2022-03-08T08:00,,Unknown,,,,,,,,,,,,
2022-03-08T09:00,,Unknown,,,,,,,,,,,,
2022-03-08T10:00,,Unknown,,,,,,,,,,,,
2022-03-08T11:00,,Unknown,,,,,,,,,,,,
2022-03-08T12:00,,Unknown,,,,,,,,,,,,
2022-03-08T13:00,,Unknown,,,,,,,,,,,,
2022-03-08T14:00,,Unknown,,,,,,,,,,,,
2022-03-08T15:00,,Unknown,,,,,,,,,,,,
2022-03-08T16:00,,Unknown,,,,,,,,,,,,
2022-03-08T17:00,,Unknown,,,,,,,,,,,,
2022-03-08T18:00,,Unknown,,,,,,,,,,,,
2022-03-08T19:00,,Unknown,,,,,,,,,,,,
2022-03-08T20:00,,Unknown,,,,,,,,,,,,
2022-03-08T21:00,,Unknown,,,,,,,,,,,,
2022-03-08T22:00,,Unknown,,,,,,,,,,,,
2022-03-08T23:00,,Unknown,,,,,,,,,,,,
2022-03-09T00:00,,Unknown,,,,,,,,,,,,
2022-03-09T01:00,,Unknown,,,,,,,,,,,,
2022-03-09T02:00,,Unknown,,,,,,,,,,,,
2022-03-09T03:00,,Unknown,,,,,,,,,,,,
2022-03-09T04:00,,Unknown,,,,,,,,,,,,
2022-03-09T05:00,,Unknown,,,,,,,,,,,,
2022-03-09T06:00,,Unknown,,,,,,,,,,,,
2022-03-09T07:00,,Unknown,,,,,,,,,,,,
2022-03-09T08:00,,Unknown,,,,,,,,,,,,
2022-03-09T09:00,,Unknown,,,,,,,,,,,,
2022-03-09T10:00,,Unknown,,,,,,,,,,,,
2022-03-09T11:00,,Unknown,,,,,,,,,,,,
2022-03-09T12:00,,Unknown,,,,,,,,,,,,
2022-03-09T13:00,,Unknown,,,,,,,,,,,,
2022-03-09T14:00,,Unknown,,,,,,,,,,,,
2022-03-09T15:00,,Unknown,,,,,,,,,,,,
2022-03-09T16:00,,Unknown,,,,,,,,,,,,
2022-03-09T17:00,,Unknown,,,,,,,,,,,,
2022-03-09T18:00,,Unknown,,,,,,,,,,,,
2022-03-09T19:00,,Unknown,,,,,,,,,,,,
2022-03-09T20:00,,Unknown,,,,,,,,,,,,
2022-03-09T21:00,,Unknown,,,,,,,,,,,,
2022-03-09T22:00,,Unknown,,,,,,,,,,,,
2022-03-09T23:00,,Unknown,,,,,,,,,,,,
2022-03-10T00:00,,Unknown,,,,,,,,,,,,
2022-03-10T01:00,,Unknown,,,,,,,,,,,,
2022-03-10T02:00,,Unknown,,,,,,,,,,,,
2022-03-10T03:00,,Unknown,,,,,,,,,,,,
2022-03-10T04:00,,Unknown,,,,,,,,,,,,
2022-03-10T05:00,,Unknown,,,,,,,,,,,,
2022-03-10T06:00,,Unknown,,,,,,,,,,,,
2022-03-10T07:00,,Unknown,,,,,,,,,,,,
2022-03-10T08:00,,Unknown,,,,,,,,,,,,
2022-03-10T09:00,,Unknown,,,,,,,,,,,,
2022-03-10T10:00,,Unknown,,,,,,,,,,,,
2022-03-10T11:00,,Unknown,,,,,,,,,,,,
2022-03-10T12:00,,Unknown,,,,,,,,,,,,
2022-03-10T13:00,,Unknown,,,,,,,,,,,,
2022-03-10T14:00,,Unknown,,,,,,,,,,,,
2022-03-10T15:00,,Unknown,,,,,,,,,,,,
2022-03-10T16:00,,Unknown,,,,,,,,,,,,
2022-03-10T17:00,,Unknown,,,,,,,,,,,,
2022-03-10T18:00,,Unknown,,,,,,,,,,,,
2022-03-10T19:00,,Unknown,,,,,,,,,,,,
2022-03-10T20:00,,Unknown,,,,,,,,,,,,
2022-03-10T21:00,,Unknown,,,,,,,,,,,,
2022-03-10T22:00,,Unknown,,,,,,,,,,,,
2022-03-10T23:00,,Unknown,,,,,,,,,,,,
2022-03-11T00:00,,Unknown,,,,,,,,,,,,
2022-03-11T01:00,,Unknown,,,,,,,,,,,,
2022-03-11T02:00,,Unknown,,,,,,,,,,,,
2022-03-11T03:00,,Unknown,,,,,,,,,,,,
2022-03-11T04:00,,Unknown,,,,,,,,,,,,
2022-03-11T05:00,,Unknown,,,,,,,,,,,,
2022-03-11T06:00,,Unknown,,,,,,,,,,,,
2022-03-11T07:00,,Unknown,,,,,,,,,,,,
2022-03-11T08:00,,Unknown,,,,,,,,,,,,
2022-03-11T09:00,,Unknown,,,,,,,,,,,,
2022-03-11T10:00,,Unknown,,,,,,,,,,,,
2022-03-11T11:00,,Unknown,,,,,,,,,,,,
2022-03-11T12:00,,Unknown,,,,,,,,,,,,
2022-03-11T13:00,,Unknown,,,,,,,,,,,,
2022-03-11T14:00,,Unknown,,,,,,,,,,,,
2022-03-11T15:00,,Unknown,,,,,,,,,,,,
2022-03-11T16:00,,Unknown,,,,,,,,,,,,
2022-03-11T17:00,,Unknown,,,,,,,,,,,,
2022-03-11T18:00,,Unknown,,,,,,,,,,,,
2022-03-11T19:00,,Unknown,,,,,,,,,,,,
2022-03-11T20:00,,Unknown,,,,,,,,,,,,
2022-03-11T21:00,,Unknown,,,,,,,,,,,,
2022-03-11T22:00,,Unknown,,,,,,,,,,,,
2022-03-11T23:00,,Unknown,,,,,,,,,,,,
2022-03-12T00:00,,Unknown,,,,,,,,,,,,
2022-03-12T01:00,,Unknown,,,,,,,,,,,,
2022-03-12T02:00,,Unknown,,,,,,,,,,,,
2022-03-12T03:00,,Unknown,,,,,,,,,,,,
2022-03-12T04:00,,Unknown,,,,,,,,,,,,
2022-03-12T05:00,,Unknown,,,,,,,,,,,,
2022-03-12T06:00,,Unknown,,,,,,,,,,,,
2022-03-12T07:00,,Unknown,,,,,,,,,,,,
2022-03-12T08:00,,Unknown,,,,,,,,,,,,
2022-03-12T09:00,,Unknown,,,,,,,,,,,,
2022-03-12T10:00,,Unknown,,,,,,,,,,,,
2022-03-12T11:00,,Unknown,,,,,,,,,,,,
2022-03-12T12:00,,Unknown,,,,,,,,,,,,
2022-03-12T13:00,,Unknown,,,,,,,,,,,,
2022-03-12T14:00,,Unknown,,,,,,,,,,,,
2022-03-12T15:00,,Unknown,,,,,,,,,,,,
2022-03-12T16:00,,Unknown,,,,,,,,,,,,
2022-03-12T17:00,,Unknown,,,,,,,,,,,,
2022-03-12T18:00,,Unknown,,,,,,,,,,,,
2022-03-12T19:00,,Unknown,,,,,,,,,,,,
2022-03-12T20:00,,Unknown,,,,,,,,,,,,
2022-03-12T21:00,,Unknown,,,,,,,,,,,,
2022-03-12T22:00,,Unknown,,,,,,,,,,,,
2022-03-12T23:00,,Unknown,,,,,,,,,,,,
2022-03-13T00:00,,Unknown,,,,,,,,,,,,
2022-03-13T01:00,,Unknown,,,,,,,,,,,,
2022-03-13T02:00,,Unknown,,,,,,,,,,,,
2022-03-13T03:00,,Unknown,,,,,,,,,,,,
2022-03-13T04:00,,Unknown,,,,,,,,,,,,
2022-03-13T05:00,,Unknown,,,,,,,,,,,,
2022-03-13T06:00,,Unknown,,,,,,,,,,,,
2022-03-13T07:00,,Unknown,,,,,,,,,,,,
2022-03-13T08:00,,Unknown,,,,,,,,,,,,
2022-03-13T09:00,,Unknown,,,,,,,,,,,,
2022-03-13T10:00,,Unknown,,,,,,,,,,,,
2022-03-13T11:00,,Unknown,,,,,,,,,,,,
2022-03-13T12:00,,Unknown,,,,,,,,,,,,
2022-03-13T13:00,,Unknown,,,,,,,,,,,,
2022-03-13T14:00,,Unknown,,,,,,,,,,,,
2022-03-13T15:00,,Unknown,,,,,,,,,,,,
2022-03-13T16:00,,Unknown,,,,,,,,,,,,
2022-03-13T17:00,,Unknown,,,,,,,,,,,,
2022-03-13T18:00,,Unknown,,,,,,,,,,,,
2022-03-13T19:00,,Unknown,,,,,,,,,,,,
2022-03-13T20:00,,Unknown,,,,,,,,,,,,
2022-03-13T21:00,,Unknown,,,,,,,,,,,,
2022-03-13T22:00,,Unknown,,,,,,,,,,,,
2022-03-13T23:00,,Unknown,,,,,,,,,,,,
2022-03-14T00:00,,Unknown,,,,,,,,,,,,
2022-03-14T01:00,,Unknown,,,,,,,,,,,,
2022-03-14T02:00,,Unknown,,,,,,,,,,,,
2022-03-14T03:00,,Unknown,,,,,,,,,,,,
2022-03-14T04:00,,Unknown,,,,,,,,,,,,
2022-03-14T05:00,,Unknown,,,,,,,,,,,,
2022-03-14T06:00,,Unknown,,,,,,,,,,,,
2022-03-14T07:00,,Unknown,,,,,,,,,,,,
2022-03-14T08:00,,Unknown,,,,,,,,,,,,
2022-03-14T09:00,,Unknown,,,,,,,,,,,,
2022-03-14T10:00,,Unknown,,,,,,,,,,,,
2022-03-14T11:00,,Unknown,,,,,,,,,,,,
2022-03-14T12:00,,Unknown,,,,,,,,,,,,
2022-03-14T13:00,,Unknown,,,,,,,,,,,,
2022-03-14T14:00,,Unknown,,,,,,,,,,,,
2022-03-14T15:00,,Unknown,,,,,,,,,,,,
2022-03-14T16:00,,Unknown,,,,,,,,,,,,
2022-03-14T17:00,,Unknown,,,,,,,,,,,,
2022-03-14T18:00,,Unknown,,,,,,,,,,,,
2022-03-14T19:00,,Unknown,,,,,,,,,,,,
2022-03-14T20:00,,Unknown,,,,,,,,,,,,
2022-03-14T21:00,,Unknown,,,,,,,,,,,,
2022-03-14T22:00,,Unknown,,,,,,,,,,,,
2022-03-14T23:00,,Unknown,,,,,,,,,,,,
2022-03-15T00:00,,Unknown,,,,,,,,,,,,
2022-03-15T01:00,,Unknown,,,,,,,,,,,,
2022-03-15T02:00,,Unknown,,,,,,,,,,,,
2022-03-15T03:00,,Unknown,,,,,,,,,,,,
2022-03-15T04:00,,Unknown,,,,,,,,,,,,
2022-03-15T05:00,,Unknown,,,,,,,,,,,,
2022-03-15T06:00,,Unknown,,,,,,,,,,,,
2022-03-15T07:00,,Unknown,,,,,,,,,,,,
2022-03-15T08:00,,Unknown,,,,,,,,,,,,
2022-03-15T09:00,,Unknown,,,,,,,,,,,,
2022-03-15T10:00,,Unknown,,,,,,,,,,,,
2022-03-15T11:00,,Unknown,,,,,,,,,,,,
2022-03-15T12:00,,Unknown,,,,,,,,,,,,
2022-03-15T13:00,,Unknown,,,,,,,,,,,,
2022-03-15T14:00,,Unknown,,,,,,,,,,,,
2022-03-15T15:00,,Unknown,,,,,,,,,,,,
2022-03-15T16:00,,Unknown,,,,,,,,,,,,
2022-03-15T17:00,,Unknown,,,,,,,,,,,,
2022-03-15T18:00,,Unknown,,,,,,,,,,,,
2022-03-15T19:00,,Unknown,,,,,,,,,,,,
2022-03-15T20:00,,Unknown,,,,,,,,,,,,
2022-03-15T21:00,,Unknown,,,,,,,,,,,,
2022-03-15T22:00,,Unknown,,,,,,,,,,,,
2022-03-15T23:00,,Unknown,,,,,,,,,,,,
2022-03-16T00:00,,Unknown,,,,,,,,,,,,
2022-03-16T01:00,,Unknown,,,,,,,,,,,,
2022-03-16T02:00,,Unknown,,,,,,,,,,,,
2022-03-16T03:00,,Unknown,,,,,,,,,,,,
2022-03-16T04:00,,Unknown,,,,,,,,,,,,
2022-03-16T05:00,,Unknown,,,,,,,,,,,,
2022-03-16T06:00,,Unknown,,,,,,,,,,,,
2022-03-16T07:00,,Unknown,,,,,,,,,,,,
2022-03-16T08:00,,Unknown,,,,,,,,,,,,
2022-03-16T09:00,,Unknown,,,,,,,,,,,,
2022-03-16T10:00,,Unknown,,,,,,,,,,,,
2022-03-16T11:00,,Unknown,,,,,,,,,,,,
2022-03-16T12:00,,Unknown,,,,,,,,,,,,
2022-03-16T13:00,,Unknown,,,,,,,,,,,,
2022-03-16T14:00,,Unknown,,,,,,,,,,,,
2022-03-16T15:00,,Unknown,,,,,,,,,,,,
2022-03-16T16:00,,Unknown,,,,,,,,,,,,
2022-03-16T17:00,,Unknown,,,,,,,,,,,,
2022-03-16T18:00,,Unknown,,,,,,,,,,,,
2022-03-16T19:00,,Unknown,,,,,,,,,,,,
2022-03-16T20:00,,Unknown,,,,,,,,,,,,
2022-03-16T21:00,,Unknown,,,,,,,,,,,,
2022-03-16T22:00,,Unknown,,,,,,,,,,,,
2022-03-16T23:00,,Unknown,,,,,,,,,,,,
2022-03-17T00:00,,Unknown,,,,,,,,,,,,
2022-03-17T01:00,,Unknown,,,,,,,,,,,,
2022-03-17T02:00,,Unknown,,,,,,,,,,,,
2022-03-17T03:00,,Unknown,,,,,,,,,,,,
2022-03-17T04:00,,Unknown,,,,,,,,,,,,
2022-03-17T05:00,,Unknown,,,,,,,,,,,,
2022-03-17T06:00,,Unknown,,,,,,,,,,,,
2022-03-17T07:00,,Unknown,,,,,,,,,,,,
2022-03-17T08:00,,Unknown,,,,,,,,,,,,
2022-03-17T09:00,,Unknown,,,,,,,,,,,,
2022-03-17T10:00,,Unknown,,,,,,,,,,,,
2022-03-17T11:00,,Unknown,,,,,,,,,,,,
2022-03-17T12:00,,Unknown,,,,,,,,,,,,
2022-03-17T13:00,,Unknown,,,,,,,,,,,,
2022-03-17T14:00,,Unknown,,,,,,,,,,,,
2022-03-17T15:00,,Unknown,,,,,,,,,,,,
2022-03-17T16:00,,Unknown,,,,,,,,,,,,
2022-03-17T17:00,,Unknown,,,,,,,,,,,,
2022-03-17T18:00,,Unknown,,,,,,,,,,,,
2022-03-17T19:00,,Unknown,,,,,,,,,,,,
2022-03-17T20:00,,Unknown,,,,,,,,,,,,
2022-03-17T21:00,,Unknown,,,,,,,,,,,,
2022-03-17T22:00,,Unknown,,,,,,,,,,,,
2022-03-17T23:00,,Unknown,,,,,,,,,,,,
2022-03-18T00:00,,Unknown,,,,,,,,,,,,
2022-03-18T01:00,,Unknown,,,,,,,,,,,,
2022-03-18T02:00,,Unknown,,,,,,,,,,,,
2022-03-18T03:00,,Unknown,,,,,,,,,,,,
2022-03-18T04:00,,Unknown,,,,,,,,,,,,
2022-03-18T05:00,,Unknown,,,,,,,,,,,,
2022-03-18T06:00,,Unknown,,,,,,,,,,,,
2022-03-18T07:00,,Unknown,,,,,,,,,,,,
2022-03-18T08:00,,Unknown,,,,,,,,,,,,
2022-03-18T09:00,,Unknown,,,,,,,,,,,,
2022-03-18T10:00,,Unknown,,,,,,,,,,,,
2022-03-18T11:00,,Unknown,,,,,,,,,,,,
2022-03-18T12:00,,Unknown,,,,,,,,,,,,
2022-03-18T13:00,,Unknown,,,,,,,,,,,,
2022-03-18T14:00,,Unknown,,,,,,,,,,,,
2022-03-18T15:00,,Unknown,,,,,,,,,,,,
2022-03-18T16:00,,Unknown,,,,,,,,,,,,
2022-03-18T17:00,,Unknown,,,,,,,,,,,,
2022-03-18T18:00,,Unknown,,,,,,,,,,,,
2022-03-18T19:00,,Unknown,,,,,,,,,,,,
2022-03-18T20:00,,Unknown,,,,,,,,,,,,
2022-03-18T21:00,,Unknown,,,,,,,,,,,,
2022-03-18T22:00,,Unknown,,,,,,,,,,,,
2022-03-18T23:00,,Unknown,,,,,,,,,,,,
2022-03-19T00:00,,Unknown,,,,,,,,,,,,
2022-03-19T01:00,,Unknown,,,,,,,,,,,,
2022-03-19T02:00,,Unknown,,,,,,,,,,,,
2022-03-19T03:00,,Unknown,,,,,,,,,,,,
2022-03-19T04:00,,Unknown,,,,,,,,,,,,
2022-03-19T05:00,,Unknown,,,,,,,,,,,,
2022-03-19T06:00,,Unknown,,,,,,,,,,,,
2022-03-19T07:00,,Unknown,,,,,,,,,,,,
2022-03-19T08:00,,Unknown,,,,,,,,,,,,
2022-03-19T09:00,,Unknown,,,,,,,,,,,,
2022-03-19T10:00,,Unknown,,,,,,,,,,,,
2022-03-19T11:00,,Unknown,,,,,,,,,,,,
2022-03-19T12:00,,Unknown,,,,,,,,,,,,
2022-03-19T13:00,,Unknown,,,,,,,,,,,,
2022-03-19T14:00,,Unknown,,,,,,,,,,,,
2022-03-19T15:00,,Unknown,,,,,,,,,,,,
2022-03-19T16:00,,Unknown,,,,,,,,,,,,
2022-03-19T17:00,,Unknown,,,,,,,,,,,,
2022-03-19T18:00,,Unknown,,,,,,,,,,,,
2022-03-19T19:00,,Unknown,,,,,,,,,,,,
2022-03-19T20:00,,Unknown,,,,,,,,,,,,
2022-03-19T21:00,,Unknown,,,,,,,,,,,,
2022-03-19T22:00,,Unknown,,,,,,,,,,,,
2022-03-19T23:00,,Unknown,,,,,,,,,,,,
2022-03-20T00:00,,Unknown,,,,,,,,,,,,
2022-03-20T01:00,,Unknown,,,,,,,,,,,,
2022-03-20T02:00,,Unknown,,,,,,,,,,,,
2022-03-20T03:00,,Unknown,,,,,,,,,,,,
2022-03-20T04:00,,Unknown,,,,,,,,,,,,
2022-03-20T05:00,,Unknown,,,,,,,,,,,,
2022-03-20T06:00,,Unknown,,,,,,,,,,,,
2022-03-20T07:00,,Unknown,,,,,,,,,,,,
2022-03-20T08:00,,Unknown,,,,,,,,,,,,
2022-03-20T09:00,,Unknown,,,,,,,,,,,,
2022-03-20T10:00,,Unknown,,,,,,,,,,,,
2022-03-20T11:00,,Unknown,,,,,,,,,,,,
2022-03-20T12:00,,Unknown,,,,,,,,,,,,
2022-03-20T13:00,,Unknown,,,,,,,,,,,,
2022-03-20T14:00,,Unknown,,,,,,,,,,,,
2022-03-20T15:00,,Unknown,,,,,,,,,,,,
2022-03-20T16:00,,Unknown,,,,,,,,,,,,
2022-03-20T17:00,,Unknown,,,,,,,,,,,,
2022-03-20T18:00,,Unknown,,,,,,,,,,,,
2022-03-20T19:00,,Unknown,,,,,,,,,,,,
2022-03-20T20:00,,Unknown,,,,,,,,,,,,
2022-03-20T21:00,,Unknown,,,,,,,,,,,,
2022-03-20T22:00,,Unknown,,,,,,,,,,,,
2022-03-20T23:00,,Unknown,,,,,,,,,,,,
2022-03-21T00:00,,Unknown,,,,,,,,,,,,
2022-03-21T01:00,,Unknown,,,,,,,,,,,,
2022-03-21T02:00,,Unknown,,,,,,,,,,,,
2022-03-21T03:00,,Unknown,,,,,,,,,,,,
2022-03-21T04:00,,Unknown,,,,,,,,,,,,
2022-03-21T05:00,,Unknown,,,,,,,,,,,,
2022-03-21T06:00,,Unknown,,,,,,,,,,,,
2022-03-21T07:00,,Unknown,,,,,,,,,,,,
2022-03-21T08:00,,Unknown,,,,,,,,,,,,
2022-03-21T09:00,,Unknown,,,,,,,,,,,,
2022-03-21T10:00,,Unknown,,,,,,,,,,,,
2022-03-21T11:00,,Unknown,,,,,,,,,,,,
2022-03-21T12:00,,Unknown,,,,,,,,,,,,
2022-03-21T13:00,,Unknown,,,,,,,,,,,,
2022-03-21T14:00,,Unknown,,,,,,,,,,,,
2022-03-21T15:00,,Unknown,,,,,,,,,,,,
2022-03-21T16:00,,Unknown,,,,,,,,,,,,
2022-03-21T17:00,,Unknown,,,,,,,,,,,,
2022-03-21T18:00,,Unknown,,,,,,,,,,,,
2022-03-21T19:00,,Unknown,,,,,,,,,,,,
2022-03-21T20:00,,Unknown,,,,,,,,,,,,
2022-03-21T21:00,,Unknown,,,,,,,,,,,,
2022-03-21T22:00,,Unknown,,,,,,,,,,,,
2022-03-21T23:00,,Unknown,,,,,,,,,,,,
2022-03-22T00:00,,Unknown,,,,,,,,,,,,
2022-03-22T01:00,,Unknown,,,,,,,,,,,,
2022-03-22T02:00,,Unknown,,,,,,,,,,,,
2022-03-22T03:00,,Unknown,,,,,,,,,,,,
2022-03-22T04:00,,Unknown,,,,,,,,,,,,
2022-03-22T05:00,,Unknown,,,,,,,,,,,,
2022-03-22T06:00,,Unknown,,,,,,,,,,,,
2022-03-22T07:00,,Unknown,,,,,,,,,,,,
2022-03-22T08:00,,Unknown,,,,,,,,,,,,
2022-03-22T09:00,,Unknown,,,,,,,,,,,,
2022-03-22T10:00,,Unknown,,,,,,,,,,,,
2022-03-22T11:00,,Unknown,,,,,,,,,,,,
2022-03-22T12:00,,Unknown,,,,,,,,,,,,
2022-03-22T13:00,,Unknown,,,,,,,,,,,,
2022-03-22T14:00,,Unknown,,,,,,,,,,,,
2022-03-22T15:00,,Unknown,,,,,,,,,,,,
2022-03-22T16:00,,Unknown,,,,,,,,,,,,
2022-03-22T17:00,,Unknown,,,,,,,,,,,,
2022-03-22T18:00,,Unknown,,,,,,,,,,,,
2022-03-22T19:00,,Unknown,,,,,,,,,,,,
2022-03-22T20:00,,Unknown,,,,,,,,,,,,
2022-03-22T21:00,,Unknown,,,,,,,,,,,,
2022-03-22T22:00,,Unknown,,,,,,,,,,,,
2022-03-22T23:00,,Unknown,,,,,,,,,,,,
2022-03-23T00:00,,Unknown,,,,,,,,,,,,
2022-03-23T01:00,,Unknown,,,,,,,,,,,,
2022-03-23T02:00,,Unknown,,,,,,,,,,,,
2022-03-23T03:00,,Unknown,,,,,,,,,,,,
2022-03-23T04:00,,Unknown,,,,,,,,,,,,
2022-03-23T05:00,,Unknown,,,,,,,,,,,,
2022-03-23T06:00,,Unknown,,,,,,,,,,,,
2022-03-23T07:00,,Unknown,,,,,,,,,,,,
2022-03-23T08:00,,Unknown,,,,,,,,,,,,
2022-03-23T09:00,,Unknown,,,,,,,,,,,,
2022-03-23T10:00,,Unknown,,,,,,,,,,,,
2022-03-23T11:00,,Unknown,,,,,,,,,,,,
2022-03-23T12:00,,Unknown,,,,,,,,,,,,
2022-03-23T13:00,,Unknown,,,,,,,,,,,,
2022-03-23T14:00,,Unknown,,,,,,,,,,,,
2022-03-23T15:00,,Unknown,,,,,,,,,,,,
2022-03-23T16:00,,Unknown,,,,,,,,,,,,
2022-03-23T17:00,,Unknown,,,,,,,,,,,,
2022-03-23T18:00,,Unknown,,,,,,,,,,,,
2022-03-23T19:00,,Unknown,,,,,,,,,,,,
2022-03-23T20:00,,Unknown,,,,,,,,,,,,
2022-03-23T21:00,,Unknown,,,,,,,,,,,,
2022-03-23T22:00,,Unknown,,,,,,,,,,,,
2022-03-23T23:00,,Unknown,,,,,,,,,,,,
2022-03-24T00:00,,Unknown,,,,,,,,,,,,
2022-03-24T01:00,,Unknown,,,,,,,,,,,,
2022-03-24T02:00,,Unknown,,,,,,,,,,,,
2022-03-24T03:00,,Unknown,,,,,,,,,,,,
2022-03-24T04:00,,Unknown,,,,,,,,,,,,
2022-03-24T05:00,,Unknown,,,,,,,,,,,,
2022-03-24T06:00,,Unknown,,,,,,,,,,,,
2022-03-24T07:00,,Unknown,,,,,,,,,,,,
2022-03-24T08:00,,Unknown,,,,,,,,,,,,
2022-03-24T09:00,,Unknown,,,,,,,,,,,,
2022-03-24T10:00,,Unknown,,,,,,,,,,,,
2022-03-24T11:00,,Unknown,,,,,,,,,,,,
2022-03-24T12:00,,Unknown,,,,,,,,,,,,
2022-03-24T13:00,,Unknown,,,,,,,,,,,,
2022-03-24T14:00,,Unknown,,,,,,,,,,,,
2022-03-24T15:00,,Unknown,,,,,,,,,,,,
2022-03-24T16:00,,Unknown,,,,,,,,,,,,
2022-03-24T17:00,,Unknown,,,,,,,,,,,,
2022-03-24T18:00,,Unknown,,,,,,,,,,,,
2022-03-24T19:00,,Unknown,,,,,,,,,,,,
2022-03-24T20:00,,Unknown,,,,,,,,,,,,
2022-03-24T21:00,,Unknown,,,,,,,,,,,,
2022-03-24T22:00,,Unknown,,,,,,,,,,,,
2022-03-24T23:00,,Unknown,,,,,,,,,,,,
2022-03-25T00:00,,Unknown,,,,,,,,,,,,
2022-03-25T01:00,,Unknown,,,,,,,,,,,,
2022-03-25T02:00,,Unknown,,,,,,,,,,,,
2022-03-25T03:00,,Unknown,,,,,,,,,,,,
2022-03-25T04:00,,Unknown,,,,,,,,,,,,
2022-03-25T05:00,,Unknown,,,,,,,,,,,,
2022-03-25T06:00,,Unknown,,,,,,,,,,,,
2022-03-25T07:00,,Unknown,,,,,,,,,,,,
2022-03-25T08:00,,Unknown,,,,,,,,,,,,
2022-03-25T09:00,,Unknown,,,,,,,,,,,,
2022-03-25T10:00,,Unknown,,,,,,,,,,,,
2022-03-25T11:00,,Unknown,,,,,,,,,,,,
2022-03-25T12:00,,Unknown,,,,,,,,,,,,
2022-03-25T13:00,,Unknown,,,,,,,,,,,,
2022-03-25T14:00,,Unknown,,,,,,,,,,,,
2022-03-25T15:00,,Unknown,,,,,,,,,,,,
2022-03-25T16:00,,Unknown,,,,,,,,,,,,
2022-03-25T17:00,,Unknown,,,,,,,,,,,,
2022-03-25T18:00,,Unknown,,,,,,,,,,,,
2022-03-25T19:00,,Unknown,,,,,,,,,,,,
2022-03-25T20:00,,Unknown,,,,,,,,,,,,
2022-03-25T21:00,,Unknown,,,,,,,,,,,,
2022-03-25T22:00,,Unknown,,,,,,,,,,,,
2022-03-25T23:00,,Unknown,,,,,,,,,,,,
2022-03-26T00:00,,Unknown,,,,,,,,,,,,
2022-03-26T01:00,,Unknown,,,,,,,,,,,,
2022-03-26T02:00,,Unknown,,,,,,,,,,,,
2022-03-26T03:00,,Unknown,,,,,,,,,,,,
2022-03-26T04:00,,Unknown,,,,,,,,,,,,
2022-03-26T05:00,,Unknown,,,,,,,,,,,,
2022-03-26T06:00,,Unknown,,,,,,,,,,,,
2022-03-26T07:00,,Unknown,,,,,,,,,,,,
2022-03-26T08:00,,Unknown,,,,,,,,,,,,
2022-03-26T09:00,,Unknown,,,,,,,,,,,,
2022-03-26T10:00,,Unknown,,,,,,,,,,,,
2022-03-26T11:00,,Unknown,,,,,,,,,,,,
2022-03-26T12:00,,Unknown,,,,,,,,,,,,
2022-03-26T13:00,,Unknown,,,,,,,,,,,,
2022-03-26T14:00,,Unknown,,,,,,,,,,,,
2022-03-26T15:00,,Unknown,,,,,,,,,,,,
2022-03-26T16:00,,Unknown,,,,,,,,,,,,
2022-03-26T17:00,,Unknown,,,,,,,,,,,,
2022-03-26T18:00,,Unknown,,,,,,,,,,,,
2022-03-26T19:00,,Unknown,,,,,,,,,,,,
2022-03-26T20:00,,Unknown,,,,,,,,,,,,
2022-03-26T21:00,,Unknown,,,,,,,,,,,,
2022-03-26T22:00,,Unknown,,,,,,,,,,,,
2022-03-26T23:00,,Unknown,,,,,,,,,,,,
2022-03-27T00:00,,Unknown,,,,,,,,,,,,
2022-03-27T01:00,,Unknown,,,,,,,,,,,,
2022-03-27T02:00,,Unknown,,,,,,,,,,,,
2022-03-27T03:00,,Unknown,,,,,,,,,,,,
2022-03-27T04:00,,Unknown,,,,,,,,,,,,
2022-03-27T05:00,,Unknown,,,,,,,,,,,,
2022-03-27T06:00,,Unknown,,,,,,,,,,,,
2022-03-27T07:00,,Unknown,,,,,,,,,,,,
2022-03-27T08:00,,Unknown,,,,,,,,,,,,
2022-03-27T09:00,,Unknown,,,,,,,,,,,,
2022-03-27T10:00,,Unknown,,,,,,,,,,,,
2022-03-27T11:00,,Unknown,,,,,,,,,,,,
2022-03-27T12:00,,Unknown,,,,,,,,,,,,
2022-03-27T13:00,,Unknown,,,,,,,,,,,,
2022-03-27T14:00,,Unknown,,,,,,,,,,,,
2022-03-27T15:00,,Unknown,,,,,,,,,,,,
2022-03-27T16:00,,Unknown,,,,,,,,,,,,
2022-03-27T17:00,,Unknown,,,,,,,,,,,,
2022-03-27T18:00,,Unknown,,,,,,,,,,,,
2022-03-27T19:00,,Unknown,,,,,,,,,,,,
2022-03-27T20:00,,Unknown,,,,,,,,,,,,
2022-03-27T21:00,,Unknown,,,,,,,,,,,,
2022-03-27T22:00,,Unknown,,,,,,,,,,,,
2022-03-27T23:00,,Unknown,,,,,,,,,,,,
2022-03-28T00:00,,Unknown,,,,,,,,,,,,
2022-03-28T01:00,,Unknown,,,,,,,,,,,,
2022-03-28T02:00,,Unknown,,,,,,,,,,,,
2022-03-28T03:00,,Unknown,,,,,,,,,,,,
2022-03-28T04:00,,Unknown,,,,,,,,,,,,
2022-03-28T05:00,,Unknown,,,,,,,,,,,,
2022-03-28T06:00,,Unknown,,,,,,,,,,,,
2022-03-28T07:00,,Unknown,,,,,,,,,,,,
2022-03-28T08:00,,Unknown,,,,,,,,,,,,
2022-03-28T09:00,,Unknown,,,,,,,,,,,,
2022-03-28T10:00,,Unknown,,,,,,,,,,,,
2022-03-28T11:00,,Unknown,,,,,,,,,,,,
2022-03-28T12:00,,Unknown,,,,,,,,,,,,
2022-03-28T13:00,,Unknown,,,,,,,,,,,,
2022-03-28T14:00,,Unknown,,,,,,,,,,,,
2022-03-28T15:00,,Unknown,,,,,,,,,,,,
2022-03-28T16:00,,Unknown,,,,,,,,,,,,
2022-03-28T17:00,,Unknown,,,,,,,,,,,,
2022-03-28T18:00,,Unknown,,,,,,,,,,,,
2022-03-28T19:00,,Unknown,,,,,,,,,,,,
2022-03-28T20:00,,Unknown,,,,,,,,,,,,
2022-03-28T21:00,,Unknown,,,,,,,,,,,,
2022-03-28T22:00,,Unknown,,,,,,,,,,,,
2022-03-28T23:00,,Unknown,,,,,,,,,,,,
2022-03-29T00:00,,Unknown,,,,,,,,,,,,
2022-03-29T01:00,,Unknown,,,,,,,,,,,,
2022-03-29T02:00,,Unknown,,,,,,,,,,,,
2022-03-29T03:00,,Unknown,,,,,,,,,,,,
2022-03-29T04:00,,Unknown,,,,,,,,,,,,
2022-03-29T05:00,,Unknown,,,,,,,,,,,,
2022-03-29T06:00,,Unknown,,,,,,,,,,,,
2022-03-29T07:00,,Unknown,,,,,,,,,,,,
2022-03-29T08:00,,Unknown,,,,,,,,,,,,
2022-03-29T09:00,,Unknown,,,,,,,,,,,,
2022-03-29T10:00,,Unknown,,,,,,,,,,,,
2022-03-29T11:00,,Unknown,,,,,,,,,,,,
2022-03-29T12:00,,Unknown,,,,,,,,,,,,
2022-03-29T13:00,,Unknown,,,,,,,,,,,,
2022-03-29T14:00,,Unknown,,,,,,,,,,,,
2022-03-29T15:00,,Unknown,,,,,,,,,,,,
2022-03-29T16:00,,Unknown,,,,,,,,,,,,
2022-03-29T17:00,,Unknown,,,,,,,,,,,,
2022-03-29T18:00,,Unknown,,,,,,,,,,,,
2022-03-29T19:00,,Unknown,,,,,,,,,,,,
2022-03-29T20:00,,Unknown,,,,,,,,,,,,
2022-03-29T21:00,,Unknown,,,,,,,,,,,,
2022-03-29T22:00,,Unknown,,,,,,,,,,,,
2022-03-29T23:00,,Unknown,,,,,,,,,,,,
2022-03-30T00:00,,Unknown,,,,,,,,,,,,
2022-03-30T01:00,,Unknown,,,,,,,,,,,,
2022-03-30T02:00,,Unknown,,,,,,,,,,,,
2022-03-30T03:00,,Unknown,,,,,,,,,,,,
2022-03-30T04:00,,Unknown,,,,,,,,,,,,
2022-03-30T05:00,,Unknown,,,,,,,,,,,,
2022-03-30T06:00,,Unknown,,,,,,,,,,,,
2022-03-30T07:00,,Unknown,,,,,,,,,,,,
2022-03-30T08:00,,Unknown,,,,,,,,,,,,
2022-03-30T09:00,,Unknown,,,,,,,,,,,,
2022-03-30T10:00,,Unknown,,,,,,,,,,,,
2022-03-30T11:00,,Unknown,,,,,,,,,,,,
2022-03-30T12:00,,Unknown,,,,,,,,,,,,
2022-03-30T13:00,,Unknown,,,,,,,,,,,,
2022-03-30T14:00,,Unknown,,,,,,,,,,,,
2022-03-30T15:00,,Unknown,,,,,,,,,,,,
2022-03-30T16:00,,Unknown,,,,,,,,,,,,
2022-03-30T17:00,,Unknown,,,,,,,,,,,,
2022-03-30T18:00,,Unknown,,,,,,,,,,,,
2022-03-30T19:00,,Unknown,,,,,,,,,,,,
2022-03-30T20:00,,Unknown,,,,,,,,,,,,
2022-03-30T21:00,,Unknown,,,,,,,,,,,,
2022-03-30T22:00,,Unknown,,,,,,,,,,,,
2022-03-30T23:00,,Unknown,,,,,,,,,,,,
2022-03-31T00:00,,Unknown,,,,,,,,,,,,
2022-03-31T01:00,,Unknown,,,,,,,,,,,,
2022-03-31T02:00,,Unknown,,,,,,,,,,,,
2022-03-31T03:00,,Unknown,,,,,,,,,,,,
2022-03-31T04:00,,Unknown,,,,,,,,,,,,
2022-03-31T05:00,,Unknown,,,,,,,,,,,,
2022-03-31T06:00,,Unknown,,,,,,,,,,,,
2022-03-31T07:00,,Unknown,,,,,,,,,,,,
2022-03-31T08:00,,Unknown,,,,,,,,,,,,
2022-03-31T09:00,,Unknown,,,,,,,,,,,,
2022-03-31T10:00,,Unknown,,,,,,,,,,,,
2022-03-31T11:00,,Unknown,,,,,,,,,,,,
2022-03-31T12:00,,Unknown,,,,,,,,,,,,
2022-03-31T13:00,,Unknown,,,,,,,,,,,,
2022-03-31T14:00,,Unknown,,,,,,,,,,,,
2022-03-31T15:00,,Unknown,,,,,,,,,,,,
2022-03-31T16:00,,Unknown,,,,,,,,,,,,
2022-03-31T17:00,,Unknown,,,,,,,,,,,,
2022-03-31T18:00,,Unknown,,,,,,,,,,,,
2022-03-31T19:00,,Unknown,,,,,,,,,,,,
2022-03-31T20:00,,Unknown,,,,,,,,,,,,
2022-03-31T21:00,,Unknown,,,,,,,,,,,,
2022-03-31T22:00,,Unknown,,,,,,,,,,,,
2022-03-31T23:00,,Unknown,,,,,,,,,,,,
2022-04-01T00:00,,Unknown,,,,,,,,,,,,
2022-04-01T01:00,,Unknown,,,,,,,,,,,,
2022-04-01T02:00,,Unknown,,,,,,,,,,,,
2022-04-01T03:00,,Unknown,,,,,,,,,,,,
2022-04-01T04:00,,Unknown,,,,,,,,,,,,
2022-04-01T05:00,,Unknown,,,,,,,,,,,,
2022-04-01T06:00,,Unknown,,,,,,,,,,,,
2022-04-01T07:00,,Unknown,,,,,,,,,,,,
2022-04-01T08:00,,Unknown,,,,,,,,,,,,
2022-04-01T09:00,,Unknown,,,,,,,,,,,,
2022-04-01T10:00,,Unknown,,,,,,,,,,,,
2022-04-01T11:00,,Unknown,,,,,,,,,,,,
2022-04-01T12:00,,Unknown,,,,,,,,,,,,
2022-04-01T13:00,,Unknown,,,,,,,,,,,,
2022-04-01T14:00,,Unknown,,,,,,,,,,,,
2022-04-01T15:00,,Unknown,,,,,,,,,,,,
2022-04-01T16:00,,Unknown,,,,,,,,,,,,
2022-04-01T17:00,,Unknown,,,,,,,,,,,,
2022-04-01T18:00,,Unknown,,,,,,,,,,,,
2022-04-01T19:00,,Unknown,,,,,,,,,,,,
2022-04-01T20:00,,Unknown,,,,,,,,,,,,
2022-04-01T21:00,,Unknown,,,,,,,,,,,,
2022-04-01T22:00,,Unknown,,,,,,,,,,,,
2022-04-01T23:00,,Unknown,,,,,,,,,,,,
2022-04-02T00:00,,Unknown,,,,,,,,,,,,
2022-04-02T01:00,,Unknown,,,,,,,,,,,,
2022-04-02T02:00,,Unknown,,,,,,,,,,,,
2022-04-02T03:00,,Unknown,,,,,,,,,,,,
2022-04-02T04:00,,Unknown,,,,,,,,,,,,
2022-04-02T05:00,,Unknown,,,,,,,,,,,,
2022-04-02T06:00,,Unknown,,,,,,,,,,,,
2022-04-02T07:00,,Unknown,,,,,,,,,,,,
2022-04-02T08:00,,Unknown,,,,,,,,,,,,
2022-04-02T09:00,,Unknown,,,,,,,,,,,,
2022-04-02T10:00,,Unknown,,,,,,,,,,,,
2022-04-02T11:00,,Unknown,,,,,,,,,,,,
2022-04-02T12:00,,Unknown,,,,,,,,,,,,
2022-04-02T13:00,,Unknown,,,,,,,,,,,,
2022-04-02T14:00,,Unknown,,,,,,,,,,,,
2022-04-02T15:00,,Unknown,,,,,,,,,,,,
2022-04-02T16:00,,Unknown,,,,,,,,,,,,
2022-04-02T17:00,,Unknown,,,,,,,,,,,,
2022-04-02T18:00,,Unknown,,,,,,,,,,,,
2022-04-02T19:00,,Unknown,,,,,,,,,,,,
2022-04-02T20:00,,Unknown,,,,,,,,,,,,
2022-04-02T21:00,,Unknown,,,,,,,,,,,,
2022-04-02T22:00,,Unknown,,,,,,,,,,,,
2022-04-02T23:00,,Unknown,,,,,,,,,,,,
2022-04-03T00:00,,Unknown,,,,,,,,,,,,
2022-04-03T01:00,,Unknown,,,,,,,,,,,,
2022-04-03T02:00,,Unknown,,,,,,,,,,,,
2022-04-03T03:00,,Unknown,,,,,,,,,,,,
2022-04-03T04:00,,Unknown,,,,,,,,,,,,
2022-04-03T05:00,,Unknown,,,,,,,,,,,,
2022-04-03T06:00,,Unknown,,,,,,,,,,,,
2022-04-03T07:00,,Unknown,,,,,,,,,,,,
2022-04-03T08:00,,Unknown,,,,,,,,,,,,
2022-04-03T09:00,,Unknown,,,,,,,,,,,,
2022-04-03T10:00,,Unknown,,,,,,,,,,,,
2022-04-03T11:00,,Unknown,,,,,,,,,,,,
2022-04-03T12:00,,Unknown,,,,,,,,,,,,
2022-04-03T13:00,,Unknown,,,,,,,,,,,,
2022-04-03T14:00,,Unknown,,,,,,,,,,,,
2022-04-03T15:00,,Unknown,,,,,,,,,,,,
2022-04-03T16:00,,Unknown,,,,,,,,,,,,
2022-04-03T17:00,,Unknown,,,,,,,,,,,,
2022-04-03T18:00,,Unknown,,,,,,,,,,,,
2022-04-03T19:00,,Unknown,,,,,,,,,,,,
2022-04-03T20:00,,Unknown,,,,,,,,,,,,
2022-04-03T21:00,,Unknown,,,,,,,,,,,,
2022-04-03T22:00,,Unknown,,,,,,,,,,,,
2022-04-03T23:00,,Unknown,,,,,,,,,,,,
2022-04-04T00:00,,Unknown,,,,,,,,,,,,
2022-04-04T01:00,,Unknown,,,,,,,,,,,,
2022-04-04T02:00,,Unknown,,,,,,,,,,,,
2022-04-04T03:00,,Unknown,,,,,,,,,,,,
2022-04-04T04:00,,Unknown,,,,,,,,,,,,
2022-04-04T05:00,,Unknown,,,,,,,,,,,,
2022-04-04T06:00,,Unknown,,,,,,,,,,,,
2022-04-04T07:00,,Unknown,,,,,,,,,,,,
2022-04-04T08:00,,Unknown,,,,,,,,,,,,
2022-04-04T09:00,,Unknown,,,,,,,,,,,,
2022-04-04T10:00,,Unknown,,,,,,,,,,,,
2022-04-04T11:00,,Unknown,,,,,,,,,,,,
2022-04-04T12:00,,Unknown,,,,,,,,,,,,
2022-04-04T13:00,,Unknown,,,,,,,,,,,,
2022-04-04T14:00,,Unknown,,,,,,,,,,,,
2022-04-04T15:00,,Unknown,,,,,,,,,,,,
2022-04-04T16:00,,Unknown,,,,,,,,,,,,
2022-04-04T17:00,,Unknown,,,,,,,,,,,,
2022-04-04T18:00,,Unknown,,,,,,,,,,,,
2022-04-04T19:00,,Unknown,,,,,,,,,,,,
2022-04-04T20:00,,Unknown,,,,,,,,,,,,
2022-04-04T21:00,,Unknown,,,,,,,,,,,,
2022-04-04T22:00,,Unknown,,,,,,,,,,,,
2022-04-04T23:00,,Unknown,,,,,,,,,,,,
2022-04-05T00:00,,Unknown,,,,,,,,,,,,
2022-04-05T01:00,,Unknown,,,,,,,,,,,,
2022-04-05T02:00,,Unknown,,,,,,,,,,,,
2022-04-05T03:00,,Unknown,,,,,,,,,,,,
2022-04-05T04:00,,Unknown,,,,,,,,,,,,
2022-04-05T05:00,,Unknown,,,,,,,,,,,,
2022-04-05T06:00,,Unknown,,,,,,,,,,,,
2022-04-05T07:00,,Unknown,,,,,,,,,,,,
2022-04-05T08:00,,Unknown,,,,,,,,,,,,
2022-04-05T09:00,,Unknown,,,,,,,,,,,,
2022-04-05T10:00,,Unknown,,,,,,,,,,,,
2022-04-05T11:00,,Unknown,,,,,,,,,,,,
2022-04-05T12:00,,Unknown,,,,,,,,,,,,
2022-04-05T13:00,,Unknown,,,,,,,,,,,,
2022-04-05T14:00,,Unknown,,,,,,,,,,,,
2022-04-05T15:00,,Unknown,,,,,,,,,,,,
2022-04-05T16:00,,Unknown,,,,,,,,,,,,
2022-04-05T17:00,,Unknown,,,,,,,,,,,,
2022-04-05T18:00,,Unknown,,,,,,,,,,,,
2022-04-05T19:00,,Unknown,,,,,,,,,,,,
2022-04-05T20:00,,Unknown,,,,,,,,,,,,
2022-04-05T21:00,,Unknown,,,,,,,,,,,,
2022-04-05T22:00,,Unknown,,,,,,,,,,,,
2022-04-05T23:00,,Unknown,,,,,,,,,,,,
2022-04-06T00:00,,Unknown,,,,,,,,,,,,
2022-04-06T01:00,,Unknown,,,,,,,,,,,,
2022-04-06T02:00,,Unknown,,,,,,,,,,,,
2022-04-06T03:00,,Unknown,,,,,,,,,,,,
2022-04-06T04:00,,Unknown,,,,,,,,,,,,
2022-04-06T05:00,,Unknown,,,,,,,,,,,,
2022-04-06T06:00,,Unknown,,,,,,,,,,,,
2022-04-06T07:00,,Unknown,,,,,,,,,,,,
2022-04-06T08:00,,Unknown,,,,,,,,,,,,
2022-04-06T09:00,,Unknown,,,,,,,,,,,,
2022-04-06T10:00,,Unknown,,,,,,,,,,,,
2022-04-06T11:00,,Unknown,,,,,,,,,,,,
2022-04-06T12:00,,Unknown,,,,,,,,,,,,
2022-04-06T13:00,,Unknown,,,,,,,,,,,,
2022-04-06T14:00,,Unknown,,,,,,,,,,,,
2022-04-06T15:00,,Unknown,,,,,,,,,,,,
2022-04-06T16:00,,Unknown,,,,,,,,,,,,
2022-04-06T17:00,,Unknown,,,,,,,,,,,,
2022-04-06T18:00,,Unknown,,,,,,,,,,,,
2022-04-06T19:00,,Unknown,,,,,,,,,,,,
2022-04-06T20:00,,Unknown,,,,,,,,,,,,
2022-04-06T21:00,,Unknown,,,,,,,,,,,,
2022-04-06T22:00,,Unknown,,,,,,,,,,,,
2022-04-06T23:00,,Unknown,,,,,,,,,,,,
2022-04-07T00:00,,Unknown,,,,,,,,,,,,
2022-04-07T01:00,,Unknown,,,,,,,,,,,,
2022-04-07T02:00,,Unknown,,,,,,,,,,,,
2022-04-07T03:00,,Unknown,,,,,,,,,,,,
2022-04-07T04:00,,Unknown,,,,,,,,,,,,
2022-04-07T05:00,,Unknown,,,,,,,,,,,,
2022-04-07T06:00,,Unknown,,,,,,,,,,,,
2022-04-07T07:00,,Unknown,,,,,,,,,,,,
2022-04-07T08:00,,Unknown,,,,,,,,,,,,
2022-04-07T09:00,,Unknown,,,,,,,,,,,,
2022-04-07T10:00,,Unknown,,,,,,,,,,,,
2022-04-07T11:00,,Unknown,,,,,,,,,,,,
2022-04-07T12:00,,Unknown,,,,,,,,,,,,
2022-04-07T13:00,,Unknown,,,,,,,,,,,,
2022-04-07T14:00,,Unknown,,,,,,,,,,,,
2022-04-07T15:00,,Unknown,,,,,,,,,,,,
2022-04-07T16:00,,Unknown,,,,,,,,,,,,
2022-04-07T17:00,,Unknown,,,,,,,,,,,,
2022-04-07T18:00,,Unknown,,,,,,,,,,,,
2022-04-07T19:00,,Unknown,,,,,,,,,,,,
2022-04-07T20:00,,Unknown,,,,,,,,,,,,
2022-04-07T21:00,,Unknown,,,,,,,,,,,,
2022-04-07T22:00,,Unknown,,,,,,,,,,,,
2022-04-07T23:00,,Unknown,,,,,,,,,,,,
2022-04-08T00:00,,Unknown,,,,,,,,,,,,
2022-04-08T01:00,,Unknown,,,,,,,,,,,,
2022-04-08T02:00,,Unknown,,,,,,,,,,,,
2022-04-08T03:00,,Unknown,,,,,,,,,,,,
2022-04-08T04:00,,Unknown,,,,,,,,,,,,
2022-04-08T05:00,,Unknown,,,,,,,,,,,,
2022-04-08T06:00,,Unknown,,,,,,,,,,,,
2022-04-08T07:00,,Unknown,,,,,,,,,,,,
2022-04-08T08:00,,Unknown,,,,,,,,,,,,
2022-04-08T09:00,,Unknown,,,,,,,,,,,,
2022-04-08T10:00,,Unknown,,,,,,,,,,,,
2022-04-08T11:00,,Unknown,,,,,,,,,,,,
2022-04-08T12:00,,Unknown,,,,,,,,,,,,
2022-04-08T13:00,,Unknown,,,,,,,,,,,,
2022-04-08T14:00,,Unknown,,,,,,,,,,,,
2022-04-08T15:00,,Unknown,,,,,,,,,,,,
2022-04-08T16:00,,Unknown,,,,,,,,,,,,
2022-04-08T17:00,,Unknown,,,,,,,,,,,,
2022-04-08T18:00,,Unknown,,,,,,,,,,,,
2022-04-08T19:00,,Unknown,,,,,,,,,,,,
2022-04-08T20:00,,Unknown,,,,,,,,,,,,
2022-04-08T21:00,,Unknown,,,,,,,,,,,,
2022-04-08T22:00,,Unknown,,,,,,,,,,,,
2022-04-08T23:00,,Unknown,,,,,,,,,,,,
2022-04-09T00:00,,Unknown,,,,,,,,,,,,
2022-04-09T01:00,,Unknown,,,,,,,,,,,,
2022-04-09T02:00,,Unknown,,,,,,,,,,,,
2022-04-09T03:00,,Unknown,,,,,,,,,,,,
2022-04-09T04:00,,Unknown,,,,,,,,,,,,
2022-04-09T05:00,,Unknown,,,,,,,,,,,,
2022-04-09T06:00,,Unknown,,,,,,,,,,,,
2022-04-09T07:00,,Unknown,,,,,,,,,,,,
2022-04-09T08:00,,Unknown,,,,,,,,,,,,
2022-04-09T09:00,,Unknown,,,,,,,,,,,,
2022-04-09T10:00,,Unknown,,,,,,,,,,,,
2022-04-09T11:00,,Unknown,,,,,,,,,,,,
2022-04-09T12:00,,Unknown,,,,,,,,,,,,
2022-04-09T13:00,,Unknown,,,,,,,,,,,,
2022-04-09T14:00,,Unknown,,,,,,,,,,,,
2022-04-09T15:00,,Unknown,,,,,,,,,,,,
2022-04-09T16:00,,Unknown,,,,,,,,,,,,
2022-04-09T17:00,,Unknown,,,,,,,,,,,,
2022-04-09T18:00,,Unknown,,,,,,,,,,,,
2022-04-09T19:00,,Unknown,,,,,,,,,,,,
2022-04-09T20:00,,Unknown,,,,,,,,,,,,
2022-04-09T21:00,,Unknown,,,,,,,,,,,,
2022-04-09T22:00,,Unknown,,,,,,,,,,,,
2022-04-09T23:00,,Unknown,,,,,,,,,,,,
2022-04-10T00:00,,Unknown,,,,,,,,,,,,
2022-04-10T01:00,,Unknown,,,,,,,,,,,,
2022-04-10T02:00,,Unknown,,,,,,,,,,,,
2022-04-10T03:00,,Unknown,,,,,,,,,,,,
2022-04-10T04:00,,Unknown,,,,,,,,,,,,
2022-04-10T05:00,,Unknown,,,,,,,,,,,,
2022-04-10T06:00,,Unknown,,,,,,,,,,,,
2022-04-10T07:00,,Unknown,,,,,,,,,,,,
2022-04-10T08:00,,Unknown,,,,,,,,,,,,
2022-04-10T09:00,,Unknown,,,,,,,,,,,,
2022-04-10T10:00,,Unknown,,,,,,,,,,,,
2022-04-10T11:00,,Unknown,,,,,,,,,,,,
2022-04-10T12:00,,Unknown,,,,,,,,,,,,
2022-04-10T13:00,,Unknown,,,,,,,,,,,,
2022-04-10T14:00,,Unknown,,,,,,,,,,,,
2022-04-10T15:00,,Unknown,,,,,,,,,,,,
2022-04-10T16:00,,Unknown,,,,,,,,,,,,
2022-04-10T17:00,,Unknown,,,,,,,,,,,,
2022-04-10T18:00,,Unknown,,,,,,,,,,,,
2022-04-10T19:00,,Unknown,,,,,,,,,,,,
2022-04-10T20:00,,Unknown,,,,,,,,,,,,
2022-04-10T21:00,,Unknown,,,,,,,,,,,,
2022-04-10T22:00,,Unknown,,,,,,,,,,,,
2022-04-10T23:00,,Unknown,,,,,,,,,,,,
2022-04-11T00:00,,Unknown,,,,,,,,,,,,
2022-04-11T01:00,,Unknown,,,,,,,,,,,,
2022-04-11T02:00,,Unknown,,,,,,,,,,,,
2022-04-11T03:00,,Unknown,,,,,,,,,,,,
2022-04-11T04:00,,Unknown,,,,,,,,,,,,
2022-04-11T05:00,,Unknown,,,,,,,,,,,,
2022-04-11T06:00,,Unknown,,,,,,,,,,,,
2022-04-11T07:00,,Unknown,,,,,,,,,,,,
2022-04-11T08:00,,Unknown,,,,,,,,,,,,
2022-04-11T09:00,,Unknown,,,,,,,,,,,,
2022-04-11T10:00,,Unknown,,,,,,,,,,,,
2022-04-11T11:00,,Unknown,,,,,,,,,,,,
2022-04-11T12:00,,Unknown,,,,,,,,,,,,
2022-04-11T13:00,,Unknown,,,,,,,,,,,,
2022-04-11T14:00,,Unknown,,,,,,,,,,,,
2022-04-11T15:00,,Unknown,,,,,,,,,,,,
2022-04-11T16:00,,Unknown,,,,,,,,,,,,
2022-04-11T17:00,,Unknown,,,,,,,,,,,,
2022-04-11T18:00,,Unknown,,,,,,,,,,,,
2022-04-11T19:00,,Unknown,,,,,,,,,,,,
2022-04-11T20:00,,Unknown,,,,,,,,,,,,
2022-04-11T21:00,,Unknown,,,,,,,,,,,,
2022-04-11T22:00,,Unknown,,,,,,,,,,,,
2022-04-11T23:00,,Unknown,,,,,,,,,,,,
2022-04-12T00:00,,Unknown,,,,,,,,,,,,
2022-04-12T01:00,,Unknown,,,,,,,,,,,,
2022-04-12T02:00,,Unknown,,,,,,,,,,,,
2022-04-12T03:00,,Unknown,,,,,,,,,,,,
2022-04-12T04:00,,Unknown,,,,,,,,,,,,
2022-04-12T05:00,,Unknown,,,,,,,,,,,,
2022-04-12T06:00,,Unknown,,,,,,,,,,,,
2022-04-12T07:00,,Unknown,,,,,,,,,,,,
2022-04-12T08:00,,Unknown,,,,,,,,,,,,
2022-04-12T09:00,,Unknown,,,,,,,,,,,,
2022-04-12T10:00,,Unknown,,,,,,,,,,,,
2022-04-12T11:00,,Unknown,,,,,,,,,,,,
2022-04-12T12:00,,Unknown,,,,,,,,,,,,
2022-04-12T13:00,,Unknown,,,,,,,,,,,,
2022-04-12T14:00,,Unknown,,,,,,,,,,,,
2022-04-12T15:00,,Unknown,,,,,,,,,,,,
2022-04-12T16:00,,Unknown,,,,,,,,,,,,
2022-04-12T17:00,,Unknown,,,,,,,,,,,,
2022-04-12T18:00,,Unknown,,,,,,,,,,,,
2022-04-12T19:00,,Unknown,,,,,,,,,,,,
2022-04-12T20:00,,Unknown,,,,,,,,,,,,
2022-04-12T21:00,,Unknown,,,,,,,,,,,,
2022-04-12T22:00,,Unknown,,,,,,,,,,,,
2022-04-12T23:00,,Unknown,,,,,,,,,,,,
2022-04-13T00:00,,Unknown,,,,,,,,,,,,
2022-04-13T01:00,,Unknown,,,,,,,,,,,,
2022-04-13T02:00,,Unknown,,,,,,,,,,,,
2022-04-13T03:00,,Unknown,,,,,,,,,,,,
2022-04-13T04:00,,Unknown,,,,,,,,,,,,
2022-04-13T05:00,,Unknown,,,,,,,,,,,,
2022-04-13T06:00,,Unknown,,,,,,,,,,,,
2022-04-13T07:00,,Unknown,,,,,,,,,,,,
2022-04-13T08:00,,Unknown,,,,,,,,,,,,
2022-04-13T09:00,,Unknown,,,,,,,,,,,,
2022-04-13T10:00,,Unknown,,,,,,,,,,,,
2022-04-13T11:00,,Unknown,,,,,,,,,,,,
2022-04-13T12:00,,Unknown,,,,,,,,,,,,
2022-04-13T13:00,,Unknown,,,,,,,,,,,,
2022-04-13T14:00,,Unknown,,,,,,,,,,,,
2022-04-13T15:00,,Unknown,,,,,,,,,,,,
2022-04-13T16:00,,Unknown,,,,,,,,,,,,
2022-04-13T17:00,,Unknown,,,,,,,,,,,,
2022-04-13T18:00,,Unknown,,,,,,,,,,,,
2022-04-13T19:00,,Unknown,,,,,,,,,,,,
2022-04-13T20:00,,Unknown,,,,,,,,,,,,
2022-04-13T21:00,,Unknown,,,,,,,,,,,,
2022-04-13T22:00,,Unknown,,,,,,,,,,,,
2022-04-13T23:00,,Unknown,,,,,,,,,,,,
2022-04-14T00:00,,Unknown,,,,,,,,,,,,
2022-04-14T01:00,,Unknown,,,,,,,,,,,,
2022-04-14T02:00,,Unknown,,,,,,,,,,,,
2022-04-14T03:00,,Unknown,,,,,,,,,,,,
2022-04-14T04:00,,Unknown,,,,,,,,,,,,
2022-04-14T05:00,,Unknown,,,,,,,,,,,,
2022-04-14T06:00,,Unknown,,,,,,,,,,,,
2022-04-14T07:00,,Unknown,,,,,,,,,,,,
2022-04-14T08:00,,Unknown,,,,,,,,,,,,
2022-04-14T09:00,,Unknown,,,,,,,,,,,,
2022-04-14T10:00,,Unknown,,,,,,,,,,,,
2022-04-14T11:00,,Unknown,,,,,,,,,,,,
2022-04-14T12:00,,Unknown,,,,,,,,,,,,
2022-04-14T13:00,,Unknown,,,,,,,,,,,,
2022-04-14T14:00,,Unknown,,,,,,,,,,,,
2022-04-14T15:00,,Unknown,,,,,,,,,,,,
2022-04-14T16:00,,Unknown,,,,,,,,,,,,
2022-04-14T17:00,,Unknown,,,,,,,,,,,,
2022-04-14T18:00,,Unknown,,,,,,,,,,,,
2022-04-14T19:00,,Unknown,,,,,,,,,,,,
2022-04-14T20:00,,Unknown,,,,,,,,,,,,
2022-04-14T21:00,,Unknown,,,,,,,,,,,,
2022-04-14T22:00,,Unknown,,,,,,,,,,,,
2022-04-14T23:00,,Unknown,,,,,,,,,,,,
2022-04-15T00:00,,Unknown,,,,,,,,,,,,
2022-04-15T01:00,,Unknown,,,,,,,,,,,,
2022-04-15T02:00,,Unknown,,,,,,,,,,,,
2022-04-15T03:00,,Unknown,,,,,,,,,,,,
2022-04-15T04:00,,Unknown,,,,,,,,,,,,
2022-04-15T05:00,,Unknown,,,,,,,,,,,,
2022-04-15T06:00,,Unknown,,,,,,,,,,,,
2022-04-15T07:00,,Unknown,,,,,,,,,,,,
2022-04-15T08:00,,Unknown,,,,,,,,,,,,
2022-04-15T09:00,,Unknown,,,,,,,,,,,,
2022-04-15T10:00,,Unknown,,,,,,,,,,,,
2022-04-15T11:00,,Unknown,,,,,,,,,,,,
2022-04-15T12:00,,Unknown,,,,,,,,,,,,
2022-04-15T13:00,,Unknown,,,,,,,,,,,,
2022-04-15T14:00,,Unknown,,,,,,,,,,,,
2022-04-15T15:00,,Unknown,,,,,,,,,,,,
2022-04-15T16:00,,Unknown,,,,,,,,,,,,
2022-04-15T17:00,,Unknown,,,,,,,,,,,,
2022-04-15T18:00,,Unknown,,,,,,,,,,,,
2022-04-15T19:00,,Unknown,,,,,,,,,,,,
2022-04-15T20:00,,Unknown,,,,,,,,,,,,
2022-04-15T21:00,,Unknown,,,,,,,,,,,,
2022-04-15T22:00,,Unknown,,,,,,,,,,,,
2022-04-15T23:00,,Unknown,,,,,,,,,,,,
2022-04-16T00:00,,Unknown,,,,,,,,,,,,
2022-04-16T01:00,,Unknown,,,,,,,,,,,,
2022-04-16T02:00,,Unknown,,,,,,,,,,,,
2022-04-16T03:00,,Unknown,,,,,,,,,,,,
2022-04-16T04:00,,Unknown,,,,,,,,,,,,
2022-04-16T05:00,,Unknown,,,,,,,,,,,,
2022-04-16T06:00,,Unknown,,,,,,,,,,,,
2022-04-16T07:00,,Unknown,,,,,,,,,,,,
2022-04-16T08:00,,Unknown,,,,,,,,,,,,
2022-04-16T09:00,,Unknown,,,,,,,,,,,,
2022-04-16T10:00,,Unknown,,,,,,,,,,,,
2022-04-16T11:00,,Unknown,,,,,,,,,,,,
2022-04-16T12:00,,Unknown,,,,,,,,,,,,
2022-04-16T13:00,,Unknown,,,,,,,,,,,,
2022-04-16T14:00,,Unknown,,,,,,,,,,,,
2022-04-16T15:00,,Unknown,,,,,,,,,,,,
2022-04-16T16:00,,Unknown,,,,,,,,,,,,
2022-04-16T17:00,,Unknown,,,,,,,,,,,,
2022-04-16T18:00,,Unknown,,,,,,,,,,,,
2022-04-16T19:00,,Unknown,,,,,,,,,,,,
2022-04-16T20:00,,Unknown,,,,,,,,,,,,
2022-04-16T21:00,,Unknown,,,,,,,,,,,,
2022-04-16T22:00,,Unknown,,,,,,,,,,,,
2022-04-16T23:00,,Unknown,,,,,,,,,,,,
2022-04-17T00:00,,Unknown,,,,,,,,,,,,
2022-04-17T01:00,,Unknown,,,,,,,,,,,,
2022-04-17T02:00,,Unknown,,,,,,,,,,,,
2022-04-17T03:00,,Unknown,,,,,,,,,,,,
2022-04-17T04:00,,Unknown,,,,,,,,,,,,
2022-04-17T05:00,,Unknown,,,,,,,,,,,,
2022-04-17T06:00,,Unknown,,,,,,,,,,,,
2022-04-17T07:00,,Unknown,,,,,,,,,,,,
2022-04-17T08:00,,Unknown,,,,,,,,,,,,
2022-04-17T09:00,,Unknown,,,,,,,,,,,,
2022-04-17T10:00,,Unknown,,,,,,,,,,,,
2022-04-17T11:00,,Unknown,,,,,,,,,,,,
2022-04-17T12:00,,Unknown,,,,,,,,,,,,
2022-04-17T13:00,,Unknown,,,,,,,,,,,,
2022-04-17T14:00,,Unknown,,,,,,,,,,,,
2022-04-17T15:00,,Unknown,,,,,,,,,,,,
2022-04-17T16:00,,Unknown,,,,,,,,,,,,
2022-04-17T17:00,,Unknown,,,,,,,,,,,,
2022-04-17T18:00,,Unknown,,,,,,,,,,,,
2022-04-17T19:00,,Unknown,,,,,,,,,,,,
2022-04-17T20:00,,Unknown,,,,,,,,,,,,
2022-04-17T21:00,,Unknown,,,,,,,,,,,,
2022-04-17T22:00,,Unknown,,,,,,,,,,,,
2022-04-17T23:00,,Unknown,,,,,,,,,,,,
2022-04-18T00:00,,Unknown,,,,,,,,,,,,
2022-04-18T01:00,,Unknown,,,,,,,,,,,,
2022-04-18T02:00,,Unknown,,,,,,,,,,,,
2022-04-18T03:00,,Unknown,,,,,,,,,,,,
2022-04-18T04:00,,Unknown,,,,,,,,,,,,
2022-04-18T05:00,,Unknown,,,,,,,,,,,,
2022-04-18T06:00,,Unknown,,,,,,,,,,,,
2022-04-18T07:00,,Unknown,,,,,,,,,,,,
2022-04-18T08:00,,Unknown,,,,,,,,,,,,
2022-04-18T09:00,,Unknown,,,,,,,,,,,,
2022-04-18T10:00,,Unknown,,,,,,,,,,,,
2022-04-18T11:00,,Unknown,,,,,,,,,,,,
2022-04-18T12:00,,Unknown,,,,,,,,,,,,
2022-04-18T13:00,,Unknown,,,,,,,,,,,,
2022-04-18T14:00,,Unknown,,,,,,,,,,,,
2022-04-18T15:00,,Unknown,,,,,,,,,,,,
2022-04-18T16:00,,Unknown,,,,,,,,,,,,
2022-04-18T17:00,,Unknown,,,,,,,,,,,,
2022-04-18T18:00,,Unknown,,,,,,,,,,,,
2022-04-18T19:00,,Unknown,,,,,,,,,,,,
2022-04-18T20:00,,Unknown,,,,,,,,,,,,
2022-04-18T21:00,,Unknown,,,,,,,,,,,,
2022-04-18T22:00,,Unknown,,,,,,,,,,,,
2022-04-18T23:00,,Unknown,,,,,,,,,,,,
2022-04-19T00:00,,Unknown,,,,,,,,,,,,
2022-04-19T01:00,,Unknown,,,,,,,,,,,,
2022-04-19T02:00,,Unknown,,,,,,,,,,,,
2022-04-19T03:00,,Unknown,,,,,,,,,,,,
2022-04-19T04:00,,Unknown,,,,,,,,,,,,
2022-04-19T05:00,,Unknown,,,,,,,,,,,,
2022-04-19T06:00,,Unknown,,,,,,,,,,,,
2022-04-19T07:00,,Unknown,,,,,,,,,,,,
2022-04-19T08:00,,Unknown,,,,,,,,,,,,
2022-04-19T09:00,,Unknown,,,,,,,,,,,,
2022-04-19T10:00,,Unknown,,,,,,,,,,,,
2022-04-19T11:00,,Unknown,,,,,,,,,,,,
2022-04-19T12:00,,Unknown,,,,,,,,,,,,
2022-04-19T13:00,,Unknown,,,,,,,,,,,,
2022-04-19T14:00,,Unknown,,,,,,,,,,,,
2022-04-19T15:00,,Unknown,,,,,,,,,,,,
2022-04-19T16:00,,Unknown,,,,,,,,,,,,
2022-04-19T17:00,,Unknown,,,,,,,,,,,,
2022-04-19T18:00,,Unknown,,,,,,,,,,,,
2022-04-19T19:00,,Unknown,,,,,,,,,,,,
2022-04-19T20:00,,Unknown,,,,,,,,,,,,
2022-04-19T21:00,,Unknown,,,,,,,,,,,,
2022-04-19T22:00,,Unknown,,,,,,,,,,,,
2022-04-19T23:00,,Unknown,,,,,,,,,,,,
2022-04-20T00:00,,Unknown,,,,,,,,,,,,
2022-04-20T01:00,,Unknown,,,,,,,,,,,,
2022-04-20T02:00,,Unknown,,,,,,,,,,,,
2022-04-20T03:00,,Unknown,,,,,,,,,,,,
2022-04-20T04:00,,Unknown,,,,,,,,,,,,
2022-04-20T05:00,,Unknown,,,,,,,,,,,,
2022-04-20T06:00,,Unknown,,,,,,,,,,,,
2022-04-20T07:00,,Unknown,,,,,,,,,,,,
2022-04-20T08:00,,Unknown,,,,,,,,,,,,
2022-04-20T09:00,,Unknown,,,,,,,,,,,,
2022-04-20T10:00,,Unknown,,,,,,,,,,,,
2022-04-20T11:00,,Unknown,,,,,,,,,,,,
2022-04-20T12:00,,Unknown,,,,,,,,,,,,
2022-04-20T13:00,,Unknown,,,,,,,,,,,,
2022-04-20T14:00,,Unknown,,,,,,,,,,,,
2022-04-20T15:00,,Unknown,,,,,,,,,,,,
2022-04-20T16:00,,Unknown,,,,,,,,,,,,
2022-04-20T17:00,,Unknown,,,,,,,,,,,,
2022-04-20T18:00,,Unknown,,,,,,,,,,,,
2022-04-20T19:00,,Unknown,,,,,,,,,,,,
2022-04-20T20:00,,Unknown,,,,,,,,,,,,
2022-04-20T21:00,,Unknown,,,,,,,,,,,,
2022-04-20T22:00,,Unknown,,,,,,,,,,,,
2022-04-20T23:00,,Unknown,,,,,,,,,,,,
2022-04-21T00:00,,Unknown,,,,,,,,,,,,
2022-04-21T01:00,,Unknown,,,,,,,,,,,,
2022-04-21T02:00,,Unknown,,,,,,,,,,,,
2022-04-21T03:00,,Unknown,,,,,,,,,,,,
2022-04-21T04:00,,Unknown,,,,,,,,,,,,
2022-04-21T05:00,,Unknown,,,,,,,,,,,,
2022-04-21T06:00,,Unknown,,,,,,,,,,,,
2022-04-21T07:00,,Unknown,,,,,,,,,,,,
2022-04-21T08:00,,Unknown,,,,,,,,,,,,
2022-04-21T09:00,,Unknown,,,,,,,,,,,,
2022-04-21T10:00,,Unknown,,,,,,,,,,,,
2022-04-21T11:00,,Unknown,,,,,,,,,,,,
2022-04-21T12:00,,Unknown,,,,,,,,,,,,
2022-04-21T13:00,,Unknown,,,,,,,,,,,,
2022-04-21T14:00,,Unknown,,,,,,,,,,,,
2022-04-21T15:00,,Unknown,,,,,,,,,,,,
2022-04-21T16:00,,Unknown,,,,,,,,,,,,
2022-04-21T17:00,,Unknown,,,,,,,,,,,,
2022-04-21T18:00,,Unknown,,,,,,,,,,,,
2022-04-21T19:00,,Unknown,,,,,,,,,,,,
2022-04-21T20:00,,Unknown,,,,,,,,,,,,
2022-04-21T21:00,,Unknown,,,,,,,,,,,,
2022-04-21T22:00,,Unknown,,,,,,,,,,,,
2022-04-21T23:00,,Unknown,,,,,,,,,,,,
2022-04-22T00:00,,Unknown,,,,,,,,,,,,
2022-04-22T01:00,,Unknown,,,,,,,,,,,,
2022-04-22T02:00,,Unknown,,,,,,,,,,,,
2022-04-22T03:00,,Unknown,,,,,,,,,,,,
2022-04-22T04:00,,Unknown,,,,,,,,,,,,
2022-04-22T05:00,,Unknown,,,,,,,,,,,,
2022-04-22T06:00,,Unknown,,,,,,,,,,,,
2022-04-22T07:00,,Unknown,,,,,,,,,,,,
2022-04-22T08:00,,Unknown,,,,,,,,,,,,
2022-04-22T09:00,,Unknown,,,,,,,,,,,,
2022-04-22T10:00,,Unknown,,,,,,,,,,,,
2022-04-22T11:00,,Unknown,,,,,,,,,,,,
2022-04-22T12:00,,Unknown,,,,,,,,,,,,
2022-04-22T13:00,,Unknown,,,,,,,,,,,,
2022-04-22T14:00,,Unknown,,,,,,,,,,,,
2022-04-22T15:00,,Unknown,,,,,,,,,,,,
2022-04-22T16:00,,Unknown,,,,,,,,,,,,
2022-04-22T17:00,,Unknown,,,,,,,,,,,,
2022-04-22T18:00,,Unknown,,,,,,,,,,,,
2022-04-22T19:00,,Unknown,,,,,,,,,,,,
2022-04-22T20:00,,Unknown,,,,,,,,,,,,
2022-04-22T21:00,,Unknown,,,,,,,,,,,,
2022-04-22T22:00,,Unknown,,,,,,,,,,,,
2022-04-22T23:00,,Unknown,,,,,,,,,,,,
2022-04-23T00:00,,Unknown,,,,,,,,,,,,
2022-04-23T01:00,,Unknown,,,,,,,,,,,,
2022-04-23T02:00,,Unknown,,,,,,,,,,,,
2022-04-23T03:00,,Unknown,,,,,,,,,,,,
2022-04-23T04:00,,Unknown,,,,,,,,,,,,
2022-04-23T05:00,,Unknown,,,,,,,,,,,,
2022-04-23T06:00,,Unknown,,,,,,,,,,,,
2022-04-23T07:00,,Unknown,,,,,,,,,,,,
2022-04-23T08:00,,Unknown,,,,,,,,,,,,
2022-04-23T09:00,,Unknown,,,,,,,,,,,,
2022-04-23T10:00,,Unknown,,,,,,,,,,,,
2022-04-23T11:00,,Unknown,,,,,,,,,,,,
2022-04-23T12:00,,Unknown,,,,,,,,,,,,
2022-04-23T13:00,,Unknown,,,,,,,,,,,,
2022-04-23T14:00,,Unknown,,,,,,,,,,,,
2022-04-23T15:00,,Unknown,,,,,,,,,,,,
2022-04-23T16:00,,Unknown,,,,,,,,,,,,
2022-04-23T17:00,,Unknown,,,,,,,,,,,,
2022-04-23T18:00,,Unknown,,,,,,,,,,,,
2022-04-23T19:00,,Unknown,,,,,,,,,,,,
2022-04-23T20:00,,Unknown,,,,,,,,,,,,
2022-04-23T21:00,,Unknown,,,,,,,,,,,,
2022-04-23T22:00,,Unknown,,,,,,,,,,,,
2022-04-23T23:00,,Unknown,,,,,,,,,,,,
2022-04-24T00:00,,Unknown,,,,,,,,,,,,
2022-04-24T01:00,,Unknown,,,,,,,,,,,,
2022-04-24T02:00,,Unknown,,,,,,,,,,,,
2022-04-24T03:00,,Unknown,,,,,,,,,,,,
2022-04-24T04:00,,Unknown,,,,,,,,,,,,
2022-04-24T05:00,,Unknown,,,,,,,,,,,,
2022-04-24T06:00,,Unknown,,,,,,,,,,,,
2022-04-24T07:00,,Unknown,,,,,,,,,,,,
2022-04-24T08:00,,Unknown,,,,,,,,,,,,
2022-04-24T09:00,,Unknown,,,,,,,,,,,,
2022-04-24T10:00,,Unknown,,,,,,,,,,,,
2022-04-24T11:00,,Unknown,,,,,,,,,,,,
2022-04-24T12:00,,Unknown,,,,,,,,,,,,
2022-04-24T13:00,,Unknown,,,,,,,,,,,,
2022-04-24T14:00,,Unknown,,,,,,,,,,,,
2022-04-24T15:00,,Unknown,,,,,,,,,,,,
2022-04-24T16:00,,Unknown,,,,,,,,,,,,
2022-04-24T17:00,,Unknown,,,,,,,,,,,,
2022-04-24T18:00,,Unknown,,,,,,,,,,,,
2022-04-24T19:00,,Unknown,,,,,,,,,,,,
2022-04-24T20:00,,Unknown,,,,,,,,,,,,
2022-04-24T21:00,,Unknown,,,,,,,,,,,,
2022-04-24T22:00,,Unknown,,,,,,,,,,,,
2022-04-24T23:00,,Unknown,,,,,,,,,,,,
2022-04-25T00:00,,Unknown,,,,,,,,,,,,
2022-04-25T01:00,,Unknown,,,,,,,,,,,,
2022-04-25T02:00,,Unknown,,,,,,,,,,,,
2022-04-25T03:00,,Unknown,,,,,,,,,,,,
2022-04-25T04:00,,Unknown,,,,,,,,,,,,
2022-04-25T05:00,,Unknown,,,,,,,,,,,,
2022-04-25T06:00,,Unknown,,,,,,,,,,,,
2022-04-25T07:00,,Unknown,,,,,,,,,,,,
2022-04-25T08:00,,Unknown,,,,,,,,,,,,
2022-04-25T09:00,,Unknown,,,,,,,,,,,,
2022-04-25T10:00,,Unknown,,,,,,,,,,,,
2022-04-25T11:00,,Unknown,,,,,,,,,,,,
2022-04-25T12:00,,Unknown,,,,,,,,,,,,
2022-04-25T13:00,,Unknown,,,,,,,,,,,,
2022-04-25T14:00,,Unknown,,,,,,,,,,,,
2022-04-25T15:00,,Unknown,,,,,,,,,,,,
2022-04-25T16:00,,Unknown,,,,,,,,,,,,
2022-04-25T17:00,,Unknown,,,,,,,,,,,,
2022-04-25T18:00,,Unknown,,,,,,,,,,,,
2022-04-25T19:00,,Unknown,,,,,,,,,,,,
2022-04-25T20:00,,Unknown,,,,,,,,,,,,
2022-04-25T21:00,,Unknown,,,,,,,,,,,,
2022-04-25T22:00,,Unknown,,,,,,,,,,,,
2022-04-25T23:00,,Unknown,,,,,,,,,,,,
2022-04-26T00:00,,Unknown,,,,,,,,,,,,
2022-04-26T01:00,,Unknown,,,,,,,,,,,,
2022-04-26T02:00,,Unknown,,,,,,,,,,,,
2022-04-26T03:00,,Unknown,,,,,,,,,,,,
2022-04-26T04:00,,Unknown,,,,,,,,,,,,
2022-04-26T05:00,,Unknown,,,,,,,,,,,,
2022-04-26T06:00,,Unknown,,,,,,,,,,,,
2022-04-26T07:00,,Unknown,,,,,,,,,,,,
2022-04-26T08:00,,Unknown,,,,,,,,,,,,
2022-04-26T09:00,,Unknown,,,,,,,,,,,,
2022-04-26T10:00,,Unknown,,,,,,,,,,,,
2022-04-26T11:00,,Unknown,,,,,,,,,,,,
2022-04-26T12:00,,Unknown,,,,,,,,,,,,
2022-04-26T13:00,,Unknown,,,,,,,,,,,,
2022-04-26T14:00,,Unknown,,,,,,,,,,,,
2022-04-26T15:00,,Unknown,,,,,,,,,,,,
2022-04-26T16:00,,Unknown,,,,,,,,,,,,
2022-04-26T17:00,,Unknown,,,,,,,,,,,,
2022-04-26T18:00,,Unknown,,,,,,,,,,,,
2022-04-26T19:00,,Unknown,,,,,,,,,,,,
2022-04-26T20:00,,Unknown,,,,,,,,,,,,
2022-04-26T21:00,,Unknown,,,,,,,,,,,,
2022-04-26T22:00,,Unknown,,,,,,,,,,,,
2022-04-26T23:00,,Unknown,,,,,,,,,,,,
2022-04-27T00:00,,Unknown,,,,,,,,,,,,
2022-04-27T01:00,,Unknown,,,,,,,,,,,,
2022-04-27T02:00,,Unknown,,,,,,,,,,,,
2022-04-27T03:00,,Unknown,,,,,,,,,,,,
2022-04-27T04:00,,Unknown,,,,,,,,,,,,
2022-04-27T05:00,,Unknown,,,,,,,,,,,,
2022-04-27T06:00,,Unknown,,,,,,,,,,,,
2022-04-27T07:00,,Unknown,,,,,,,,,,,,
2022-04-27T08:00,,Unknown,,,,,,,,,,,,
2022-04-27T09:00,,Unknown,,,,,,,,,,,,
2022-04-27T10:00,,Unknown,,,,,,,,,,,,
2022-04-27T11:00,,Unknown,,,,,,,,,,,,
2022-04-27T12:00,,Unknown,,,,,,,,,,,,
2022-04-27T13:00,,Unknown,,,,,,,,,,,,
2022-04-27T14:00,,Unknown,,,,,,,,,,,,
2022-04-27T15:00,,Unknown,,,,,,,,,,,,
2022-04-27T16:00,,Unknown,,,,,,,,,,,,
2022-04-27T17:00,,Unknown,,,,,,,,,,,,
2022-04-27T18:00,,Unknown,,,,,,,,,,,,
2022-04-27T19:00,,Unknown,,,,,,,,,,,,
2022-04-27T20:00,,Unknown,,,,,,,,,,,,
2022-04-27T21:00,,Unknown,,,,,,,,,,,,
2022-04-27T22:00,,Unknown,,,,,,,,,,,,
2022-04-27T23:00,,Unknown,,,,,,,,,,,,
2022-04-28T00:00,,Unknown,,,,,,,,,,,,
2022-04-28T01:00,,Unknown,,,,,,,,,,,,
2022-04-28T02:00,,Unknown,,,,,,,,,,,,
2022-04-28T03:00,,Unknown,,,,,,,,,,,,
2022-04-28T04:00,,Unknown,,,,,,,,,,,,
2022-04-28T05:00,,Unknown,,,,,,,,,,,,
2022-04-28T06:00,,Unknown,,,,,,,,,,,,
2022-04-28T07:00,,Unknown,,,,,,,,,,,,
2022-04-28T08:00,,Unknown,,,,,,,,,,,,
2022-04-28T09:00,,Unknown,,,,,,,,,,,,
2022-04-28T10:00,,Unknown,,,,,,,,,,,,
2022-04-28T11:00,,Unknown,,,,,,,,,,,,
2022-04-28T12:00,,Unknown,,,,,,,,,,,,
2022-04-28T13:00,,Unknown,,,,,,,,,,,,
2022-04-28T14:00,,Unknown,,,,,,,,,,,,
2022-04-28T15:00,,Unknown,,,,,,,,,,,,
2022-04-28T16:00,,Unknown,,,,,,,,,,,,
2022-04-28T17:00,,Unknown,,,,,,,,,,,,
2022-04-28T18:00,,Unknown,,,,,,,,,,,,
2022-04-28T19:00,,Unknown,,,,,,,,,,,,
2022-04-28T20:00,,Unknown,,,,,,,,,,,,
2022-04-28T21:00,,Unknown,,,,,,,,,,,,
2022-04-28T22:00,,Unknown,,,,,,,,,,,,
2022-04-28T23:00,,Unknown,,,,,,,,,,,,
2022-04-29T00:00,,Unknown,,,,,,,,,,,,
2022-04-29T01:00,,Unknown,,,,,,,,,,,,
2022-04-29T02:00,,Unknown,,,,,,,,,,,,
2022-04-29T03:00,,Unknown,,,,,,,,,,,,
2022-04-29T04:00,,Unknown,,,,,,,,,,,,
2022-04-29T05:00,,Unknown,,,,,,,,,,,,
2022-04-29T06:00,,Unknown,,,,,,,,,,,,
2022-04-29T07:00,,Unknown,,,,,,,,,,,,
2022-04-29T08:00,,Unknown,,,,,,,,,,,,
2022-04-29T09:00,,Unknown,,,,,,,,,,,,
2022-04-29T10:00,,Unknown,,,,,,,,,,,,
2022-04-29T11:00,,Unknown,,,,,,,,,,,,
2022-04-29T12:00,,Unknown,,,,,,,,,,,,
2022-04-29T13:00,,Unknown,,,,,,,,,,,,
2022-04-29T14:00,,Unknown,,,,,,,,,,,,
2022-04-29T15:00,,Unknown,,,,,,,,,,,,
2022-04-29T16:00,,Unknown,,,,,,,,,,,,
2022-04-29T17:00,,Unknown,,,,,,,,,,,,
2022-04-29T18:00,,Unknown,,,,,,,,,,,,
2022-04-29T19:00,,Unknown,,,,,,,,,,,,
2022-04-29T20:00,,Unknown,,,,,,,,,,,,
2022-04-29T21:00,,Unknown,,,,,,,,,,,,
2022-04-29T22:00,,Unknown,,,,,,,,,,,,
2022-04-29T23:00,,Unknown,,,,,,,,,,,,
2022-04-30T00:00,,Unknown,,,,,,,,,,,,
2022-04-30T01:00,,Unknown,,,,,,,,,,,,
2022-04-30T02:00,,Unknown,,,,,,,,,,,,
2022-04-30T03:00,,Unknown,,,,,,,,,,,,
2022-04-30T04:00,,Unknown,,,,,,,,,,,,
2022-04-30T05:00,,Unknown,,,,,,,,,,,,
2022-04-30T06:00,,Unknown,,,,,,,,,,,,
2022-04-30T07:00,,Unknown,,,,,,,,,,,,
2022-04-30T08:00,,Unknown,,,,,,,,,,,,
2022-04-30T09:00,,Unknown,,,,,,,,,,,,
2022-04-30T10:00,,Unknown,,,,,,,,,,,,
2022-04-30T11:00,,Unknown,,,,,,,,,,,,
2022-04-30T12:00,,Unknown,,,,,,,,,,,,
2022-04-30T13:00,,Unknown,,,,,,,,,,,,
2022-04-30T14:00,,Unknown,,,,,,,,,,,,
2022-04-30T15:00,,Unknown,,,,,,,,,,,,
2022-04-30T16:00,,Unknown,,,,,,,,,,,,
2022-04-30T17:00,,Unknown,,,,,,,,,,,,
2022-04-30T18:00,,Unknown,,,,,,,,,,,,
2022-04-30T19:00,,Unknown,,,,,,,,,,,,
2022-04-30T20:00,,Unknown,,,,,,,,,,,,
2022-04-30T21:00,,Unknown,,,,,,,,,,,,
2022-04-30T22:00,,Unknown,,,,,,,,,,,,
2022-04-30T23:00,,Unknown,,,,,,,,,,,,
2022-05-01T00:00,,Unknown,,,,,,,,,,,,
2022-05-01T01:00,,Unknown,,,,,,,,,,,,
2022-05-01T02:00,,Unknown,,,,,,,,,,,,
2022-05-01T03:00,,Unknown,,,,,,,,,,,,
2022-05-01T04:00,,Unknown,,,,,,,,,,,,
2022-05-01T05:00,,Unknown,,,,,,,,,,,,
2022-05-01T06:00,,Unknown,,,,,,,,,,,,
2022-05-01T07:00,,Unknown,,,,,,,,,,,,
2022-05-01T08:00,,Unknown,,,,,,,,,,,,
2022-05-01T09:00,,Unknown,,,,,,,,,,,,
2022-05-01T10:00,,Unknown,,,,,,,,,,,,
2022-05-01T11:00,,Unknown,,,,,,,,,,,,
2022-05-01T12:00,,Unknown,,,,,,,,,,,,
2022-05-01T13:00,,Unknown,,,,,,,,,,,,
2022-05-01T14:00,,Unknown,,,,,,,,,,,,
2022-05-01T15:00,,Unknown,,,,,,,,,,,,
2022-05-01T16:00,,Unknown,,,,,,,,,,,,
2022-05-01T17:00,,Unknown,,,,,,,,,,,,
2022-05-01T18:00,,Unknown,,,,,,,,,,,,
2022-05-01T19:00,,Unknown,,,,,,,,,,,,
2022-05-01T20:00,,Unknown,,,,,,,,,,,,
2022-05-01T21:00,,Unknown,,,,,,,,,,,,
2022-05-01T22:00,,Unknown,,,,,,,,,,,,
2022-05-01T23:00,,Unknown,,,,,,,,,,,,
2022-05-02T00:00,,Unknown,,,,,,,,,,,,
2022-05-02T01:00,,Unknown,,,,,,,,,,,,
2022-05-02T02:00,,Unknown,,,,,,,,,,,,
2022-05-02T03:00,,Unknown,,,,,,,,,,,,
2022-05-02T04:00,,Unknown,,,,,,,,,,,,
2022-05-02T05:00,,Unknown,,,,,,,,,,,,
2022-05-02T06:00,,Unknown,,,,,,,,,,,,
2022-05-02T07:00,,Unknown,,,,,,,,,,,,
2022-05-02T08:00,,Unknown,,,,,,,,,,,,
2022-05-02T09:00,,Unknown,,,,,,,,,,,,
2022-05-02T10:00,,Unknown,,,,,,,,,,,,
2022-05-02T11:00,,Unknown,,,,,,,,,,,,
2022-05-02T12:00,,Unknown,,,,,,,,,,,,
2022-05-02T13:00,,Unknown,,,,,,,,,,,,
2022-05-02T14:00,,Unknown,,,,,,,,,,,,
2022-05-02T15:00,,Unknown,,,,,,,,,,,,
2022-05-02T16:00,,Unknown,,,,,,,,,,,,
2022-05-02T17:00,,Unknown,,,,,,,,,,,,
2022-05-02T18:00,,Unknown,,,,,,,,,,,,
2022-05-02T19:00,,Unknown,,,,,,,,,,,,
2022-05-02T20:00,,Unknown,,,,,,,,,,,,
2022-05-02T21:00,,Unknown,,,,,,,,,,,,
2022-05-02T22:00,,Unknown,,,,,,,,,,,,
2022-05-02T23:00,,Unknown,,,,,,,,,,,,
2022-05-03T00:00,,Unknown,,,,,,,,,,,,
2022-05-03T01:00,,Unknown,,,,,,,,,,,,
2022-05-03T02:00,,Unknown,,,,,,,,,,,,
2022-05-03T03:00,,Unknown,,,,,,,,,,,,
2022-05-03T04:00,,Unknown,,,,,,,,,,,,
2022-05-03T05:00,,Unknown,,,,,,,,,,,,
2022-05-03T06:00,,Unknown,,,,,,,,,,,,
2022-05-03T07:00,,Unknown,,,,,,,,,,,,
2022-05-03T08:00,,Unknown,,,,,,,,,,,,
2022-05-03T09:00,,Unknown,,,,,,,,,,,,
2022-05-03T10:00,,Unknown,,,,,,,,,,,,
2022-05-03T11:00,,Unknown,,,,,,,,,,,,
2022-05-03T12:00,,Unknown,,,,,,,,,,,,
2022-05-03T13:00,,Unknown,,,,,,,,,,,,
2022-05-03T14:00,,Unknown,,,,,,,,,,,,
2022-05-03T15:00,,Unknown,,,,,,,,,,,,
2022-05-03T16:00,,Unknown,,,,,,,,,,,,
2022-05-03T17:00,,Unknown,,,,,,,,,,,,
2022-05-03T18:00,,Unknown,,,,,,,,,,,,
2022-05-03T19:00,,Unknown,,,,,,,,,,,,
2022-05-03T20:00,,Unknown,,,,,,,,,,,,
2022-05-03T21:00,,Unknown,,,,,,,,,,,,
2022-05-03T22:00,,Unknown,,,,,,,,,,,,
2022-05-03T23:00,,Unknown,,,,,,,,,,,,
2022-05-04T00:00,,Unknown,,,,,,,,,,,,
2022-05-04T01:00,,Unknown,,,,,,,,,,,,
2022-05-04T02:00,,Unknown,,,,,,,,,,,,
2022-05-04T03:00,,Unknown,,,,,,,,,,,,
2022-05-04T04:00,,Unknown,,,,,,,,,,,,
2022-05-04T05:00,,Unknown,,,,,,,,,,,,
2022-05-04T06:00,,Unknown,,,,,,,,,,,,
2022-05-04T07:00,,Unknown,,,,,,,,,,,,
2022-05-04T08:00,,Unknown,,,,,,,,,,,,
2022-05-04T09:00,,Unknown,,,,,,,,,,,,
2022-05-04T10:00,,Unknown,,,,,,,,,,,,
2022-05-04T11:00,,Unknown,,,,,,,,,,,,
2022-05-04T12:00,,Unknown,,,,,,,,,,,,
2022-05-04T13:00,,Unknown,,,,,,,,,,,,
2022-05-04T14:00,,Unknown,,,,,,,,,,,,
2022-05-04T15:00,,Unknown,,,,,,,,,,,,
2022-05-04T16:00,,Unknown,,,,,,,,,,,,
2022-05-04T17:00,,Unknown,,,,,,,,,,,,
2022-05-04T18:00,,Unknown,,,,,,,,,,,,
2022-05-04T19:00,,Unknown,,,,,,,,,,,,
2022-05-04T20:00,,Unknown,,,,,,,,,,,,
2022-05-04T21:00,,Unknown,,,,,,,,,,,,
2022-05-04T22:00,,Unknown,,,,,,,,,,,,
2022-05-04T23:00,,Unknown,,,,,,,,,,,,
2022-05-05T00:00,,Unknown,,,,,,,,,,,,
2022-05-05T01:00,,Unknown,,,,,,,,,,,,
2022-05-05T02:00,,Unknown,,,,,,,,,,,,
2022-05-05T03:00,,Unknown,,,,,,,,,,,,
2022-05-05T04:00,,Unknown,,,,,,,,,,,,
2022-05-05T05:00,,Unknown,,,,,,,,,,,,
2022-05-05T06:00,,Unknown,,,,,,,,,,,,
2022-05-05T07:00,,Unknown,,,,,,,,,,,,
2022-05-05T08:00,,Unknown,,,,,,,,,,,,
2022-05-05T09:00,,Unknown,,,,,,,,,,,,
2022-05-05T10:00,,Unknown,,,,,,,,,,,,
2022-05-05T11:00,,Unknown,,,,,,,,,,,,
2022-05-05T12:00,,Unknown,,,,,,,,,,,,
2022-05-05T13:00,,Unknown,,,,,,,,,,,,
2022-05-05T14:00,,Unknown,,,,,,,,,,,,
2022-05-05T15:00,,Unknown,,,,,,,,,,,,
2022-05-05T16:00,,Unknown,,,,,,,,,,,,
2022-05-05T17:00,,Unknown,,,,,,,,,,,,
2022-05-05T18:00,,Unknown,,,,,,,,,,,,
2022-05-05T19:00,,Unknown,,,,,,,,,,,,
2022-05-05T20:00,,Unknown,,,,,,,,,,,,
2022-05-05T21:00,,Unknown,,,,,,,,,,,,
2022-05-05T22:00,,Unknown,,,,,,,,,,,,
2022-05-05T23:00,,Unknown,,,,,,,,,,,,
2022-05-06T00:00,,Unknown,,,,,,,,,,,,
2022-05-06T01:00,,Unknown,,,,,,,,,,,,
2022-05-06T02:00,,Unknown,,,,,,,,,,,,
2022-05-06T03:00,,Unknown,,,,,,,,,,,,
2022-05-06T04:00,,Unknown,,,,,,,,,,,,
2022-05-06T05:00,,Unknown,,,,,,,,,,,,
2022-05-06T06:00,,Unknown,,,,,,,,,,,,
2022-05-06T07:00,,Unknown,,,,,,,,,,,,
2022-05-06T08:00,,Unknown,,,,,,,,,,,,
2022-05-06T09:00,,Unknown,,,,,,,,,,,,
2022-05-06T10:00,,Unknown,,,,,,,,,,,,
2022-05-06T11:00,,Unknown,,,,,,,,,,,,
2022-05-06T12:00,,Unknown,,,,,,,,,,,,
2022-05-06T13:00,,Unknown,,,,,,,,,,,,
2022-05-06T14:00,,Unknown,,,,,,,,,,,,
2022-05-06T15:00,,Unknown,,,,,,,,,,,,
2022-05-06T16:00,,Unknown,,,,,,,,,,,,
2022-05-06T17:00,,Unknown,,,,,,,,,,,,
2022-05-06T18:00,,Unknown,,,,,,,,,,,,
2022-05-06T19:00,,Unknown,,,,,,,,,,,,
2022-05-06T20:00,,Unknown,,,,,,,,,,,,
2022-05-06T21:00,,Unknown,,,,,,,,,,,,
2022-05-06T22:00,,Unknown,,,,,,,,,,,,
2022-05-06T23:00,,Unknown,,,,,,,,,,,,
2022-05-07T00:00,,Unknown,,,,,,,,,,,,
2022-05-07T01:00,,Unknown,,,,,,,,,,,,
2022-05-07T02:00,,Unknown,,,,,,,,,,,,
2022-05-07T03:00,,Unknown,,,,,,,,,,,,
2022-05-07T04:00,,Unknown,,,,,,,,,,,,
2022-05-07T05:00,,Unknown,,,,,,,,,,,,
2022-05-07T06:00,,Unknown,,,,,,,,,,,,
2022-05-07T07:00,,Unknown,,,,,,,,,,,,
2022-05-07T08:00,,Unknown,,,,,,,,,,,,
2022-05-07T09:00,,Unknown,,,,,,,,,,,,
2022-05-07T10:00,,Unknown,,,,,,,,,,,,
2022-05-07T11:00,,Unknown,,,,,,,,,,,,
2022-05-07T12:00,,Unknown,,,,,,,,,,,,
2022-05-07T13:00,,Unknown,,,,,,,,,,,,
2022-05-07T14:00,,Unknown,,,,,,,,,,,,
2022-05-07T15:00,,Unknown,,,,,,,,,,,,
2022-05-07T16:00,,Unknown,,,,,,,,,,,,
2022-05-07T17:00,,Unknown,,,,,,,,,,,,
2022-05-07T18:00,,Unknown,,,,,,,,,,,,
2022-05-07T19:00,,Unknown,,,,,,,,,,,,
2022-05-07T20:00,,Unknown,,,,,,,,,,,,
2022-05-07T21:00,,Unknown,,,,,,,,,,,,
2022-05-07T22:00,,Unknown,,,,,,,,,,,,
2022-05-07T23:00,,Unknown,,,,,,,,,,,,
2022-05-08T00:00,,Unknown,,,,,,,,,,,,
2022-05-08T01:00,,Unknown,,,,,,,,,,,,
2022-05-08T02:00,,Unknown,,,,,,,,,,,,
2022-05-08T03:00,,Unknown,,,,,,,,,,,,
2022-05-08T04:00,,Unknown,,,,,,,,,,,,
2022-05-08T05:00,,Unknown,,,,,,,,,,,,
2022-05-08T06:00,,Unknown,,,,,,,,,,,,
2022-05-08T07:00,,Unknown,,,,,,,,,,,,
2022-05-08T08:00,,Unknown,,,,,,,,,,,,
2022-05-08T09:00,,Unknown,,,,,,,,,,,,
2022-05-08T10:00,,Unknown,,,,,,,,,,,,
2022-05-08T11:00,,Unknown,,,,,,,,,,,,
2022-05-08T12:00,,Unknown,,,,,,,,,,,,
2022-05-08T13:00,,Unknown,,,,,,,,,,,,
2022-05-08T14:00,,Unknown,,,,,,,,,,,,
2022-05-08T15:00,,Unknown,,,,,,,,,,,,
2022-05-08T16:00,,Unknown,,,,,,,,,,,,
2022-05-08T17:00,,Unknown,,,,,,,,,,,,
2022-05-08T18:00,,Unknown,,,,,,,,,,,,
2022-05-08T19:00,,Unknown,,,,,,,,,,,,
2022-05-08T20:00,,Unknown,,,,,,,,,,,,
2022-05-08T21:00,,Unknown,,,,,,,,,,,,
2022-05-08T22:00,,Unknown,,,,,,,,,,,,
2022-05-08T23:00,,Unknown,,,,,,,,,,,,
2022-05-09T00:00,,Unknown,,,,,,,,,,,,
2022-05-09T01:00,,Unknown,,,,,,,,,,,,
2022-05-09T02:00,,Unknown,,,,,,,,,,,,
2022-05-09T03:00,,Unknown,,,,,,,,,,,,
2022-05-09T04:00,,Unknown,,,,,,,,,,,,
2022-05-09T05:00,,Unknown,,,,,,,,,,,,
2022-05-09T06:00,,Unknown,,,,,,,,,,,,
2022-05-09T07:00,,Unknown,,,,,,,,,,,,
2022-05-09T08:00,,Unknown,,,,,,,,,,,,
2022-05-09T09:00,,Unknown,,,,,,,,,,,,
2022-05-09T10:00,,Unknown,,,,,,,,,,,,
2022-05-09T11:00,,Unknown,,,,,,,,,,,,
2022-05-09T12:00,,Unknown,,,,,,,,,,,,
2022-05-09T13:00,,Unknown,,,,,,,,,,,,
2022-05-09T14:00,,Unknown,,,,,,,,,,,,
2022-05-09T15:00,,Unknown,,,,,,,,,,,,
2022-05-09T16:00,,Unknown,,,,,,,,,,,,
2022-05-09T17:00,,Unknown,,,,,,,,,,,,
2022-05-09T18:00,,Unknown,,,,,,,,,,,,
2022-05-09T19:00,,Unknown,,,,,,,,,,,,
2022-05-09T20:00,,Unknown,,,,,,,,,,,,
2022-05-09T21:00,,Unknown,,,,,,,,,,,,
2022-05-09T22:00,,Unknown,,,,,,,,,,,,
2022-05-09T23:00,,Unknown,,,,,,,,,,,,
2022-05-10T00:00,,Unknown,,,,,,,,,,,,
2022-05-10T01:00,,Unknown,,,,,,,,,,,,
2022-05-10T02:00,,Unknown,,,,,,,,,,,,
2022-05-10T03:00,,Unknown,,,,,,,,,,,,
2022-05-10T04:00,,Unknown,,,,,,,,,,,,
2022-05-10T05:00,,Unknown,,,,,,,,,,,,
2022-05-10T06:00,,Unknown,,,,,,,,,,,,
2022-05-10T07:00,,Unknown,,,,,,,,,,,,
2022-05-10T08:00,,Unknown,,,,,,,,,,,,
2022-05-10T09:00,,Unknown,,,,,,,,,,,,
2022-05-10T10:00,,Unknown,,,,,,,,,,,,
2022-05-10T11:00,,Unknown,,,,,,,,,,,,
2022-05-10T12:00,,Unknown,,,,,,,,,,,,
2022-05-10T13:00,,Unknown,,,,,,,,,,,,
2022-05-10T14:00,,Unknown,,,,,,,,,,,,
2022-05-10T15:00,,Unknown,,,,,,,,,,,,
2022-05-10T16:00,,Unknown,,,,,,,,,,,,
2022-05-10T17:00,,Unknown,,,,,,,,,,,,
2022-05-10T18:00,,Unknown,,,,,,,,,,,,
2022-05-10T19:00,,Unknown,,,,,,,,,,,,
2022-05-10T20:00,,Unknown,,,,,,,,,,,,
2022-05-10T21:00,,Unknown,,,,,,,,,,,,
2022-05-10T22:00,,Unknown,,,,,,,,,,,,
2022-05-10T23:00,,Unknown,,,,,,,,,,,,
2022-05-11T00:00,,Unknown,,,,,,,,,,,,
2022-05-11T01:00,,Unknown,,,,,,,,,,,,
2022-05-11T02:00,,Unknown,,,,,,,,,,,,
2022-05-11T03:00,,Unknown,,,,,,,,,,,,
2022-05-11T04:00,,Unknown,,,,,,,,,,,,
2022-05-11T05:00,,Unknown,,,,,,,,,,,,
2022-05-11T06:00,,Unknown,,,,,,,,,,,,
2022-05-11T07:00,,Unknown,,,,,,,,,,,,
2022-05-11T08:00,,Unknown,,,,,,,,,,,,
2022-05-11T09:00,,Unknown,,,,,,,,,,,,
2022-05-11T10:00,,Unknown,,,,,,,,,,,,
2022-05-11T11:00,,Unknown,,,,,,,,,,,,
2022-05-11T12:00,,Unknown,,,,,,,,,,,,
2022-05-11T13:00,,Unknown,,,,,,,,,,,,
2022-05-11T14:00,,Unknown,,,,,,,,,,,,
2022-05-11T15:00,,Unknown,,,,,,,,,,,,
2022-05-11T16:00,,Unknown,,,,,,,,,,,,
2022-05-11T17:00,,Unknown,,,,,,,,,,,,
2022-05-11T18:00,,Unknown,,,,,,,,,,,,
2022-05-11T19:00,,Unknown,,,,,,,,,,,,
2022-05-11T20:00,,Unknown,,,,,,,,,,,,
2022-05-11T21:00,,Unknown,,,,,,,,,,,,
2022-05-11T22:00,,Unknown,,,,,,,,,,,,
2022-05-11T23:00,,Unknown,,,,,,,,,,,,
2022-05-12T00:00,,Unknown,,,,,,,,,,,,
2022-05-12T01:00,,Unknown,,,,,,,,,,,,
2022-05-12T02:00,,Unknown,,,,,,,,,,,,
2022-05-12T03:00,,Unknown,,,,,,,,,,,,
2022-05-12T04:00,,Unknown,,,,,,,,,,,,
2022-05-12T05:00,,Unknown,,,,,,,,,,,,
2022-05-12T06:00,,Unknown,,,,,,,,,,,,
2022-05-12T07:00,,Unknown,,,,,,,,,,,,
2022-05-12T08:00,,Unknown,,,,,,,,,,,,
2022-05-12T09:00,,Unknown,,,,,,,,,,,,
2022-05-12T10:00,,Unknown,,,,,,,,,,,,
2022-05-12T11:00,,Unknown,,,,,,,,,,,,
2022-05-12T12:00,,Unknown,,,,,,,,,,,,
2022-05-12T13:00,,Unknown,,,,,,,,,,,,
2022-05-12T14:00,,Unknown,,,,,,,,,,,,
2022-05-12T15:00,,Unknown,,,,,,,,,,,,
2022-05-12T16:00,,Unknown,,,,,,,,,,,,
2022-05-12T17:00,,Unknown,,,,,,,,,,,,
2022-05-12T18:00,,Unknown,,,,,,,,,,,,
2022-05-12T19:00,,Unknown,,,,,,,,,,,,
2022-05-12T20:00,,Unknown,,,,,,,,,,,,
2022-05-12T21:00,,Unknown,,,,,,,,,,,,
2022-05-12T22:00,,Unknown,,,,,,,,,,,,
2022-05-12T23:00,,Unknown,,,,,,,,,,,,
2022-05-13T00:00,,Unknown,,,,,,,,,,,,
2022-05-13T01:00,,Unknown,,,,,,,,,,,,
2022-05-13T02:00,,Unknown,,,,,,,,,,,,
2022-05-13T03:00,,Unknown,,,,,,,,,,,,
2022-05-13T04:00,,Unknown,,,,,,,,,,,,
2022-05-13T05:00,,Unknown,,,,,,,,,,,,
2022-05-13T06:00,,Unknown,,,,,,,,,,,,
2022-05-13T07:00,,Unknown,,,,,,,,,,,,
2022-05-13T08:00,,Unknown,,,,,,,,,,,,
2022-05-13T09:00,,Unknown,,,,,,,,,,,,
2022-05-13T10:00,,Unknown,,,,,,,,,,,,
2022-05-13T11:00,,Unknown,,,,,,,,,,,,
2022-05-13T12:00,,Unknown,,,,,,,,,,,,
2022-05-13T13:00,,Unknown,,,,,,,,,,,,
2022-05-13T14:00,,Unknown,,,,,,,,,,,,
2022-05-13T15:00,,Unknown,,,,,,,,,,,,
2022-05-13T16:00,,Unknown,,,,,,,,,,,,
2022-05-13T17:00,,Unknown,,,,,,,,,,,,
2022-05-13T18:00,,Unknown,,,,,,,,,,,,
2022-05-13T19:00,,Unknown,,,,,,,,,,,,
2022-05-13T20:00,,Unknown,,,,,,,,,,,,
2022-05-13T21:00,,Unknown,,,,,,,,,,,,
2022-05-13T22:00,,Unknown,,,,,,,,,,,,
2022-05-13T23:00,,Unknown,,,,,,,,,,,,
2022-05-14T00:00,,Unknown,,,,,,,,,,,,
2022-05-14T01:00,,Unknown,,,,,,,,,,,,
2022-05-14T02:00,,Unknown,,,,,,,,,,,,
2022-05-14T03:00,,Unknown,,,,,,,,,,,,
2022-05-14T04:00,,Unknown,,,,,,,,,,,,
2022-05-14T05:00,,Unknown,,,,,,,,,,,,
2022-05-14T06:00,,Unknown,,,,,,,,,,,,
2022-05-14T07:00,,Unknown,,,,,,,,,,,,
2022-05-14T08:00,,Unknown,,,,,,,,,,,,
2022-05-14T09:00,,Unknown,,,,,,,,,,,,
2022-05-14T10:00,,Unknown,,,,,,,,,,,,
2022-05-14T11:00,,Unknown,,,,,,,,,,,,
2022-05-14T12:00,,Unknown,,,,,,,,,,,,
2022-05-14T13:00,,Unknown,,,,,,,,,,,,
2022-05-14T14:00,,Unknown,,,,,,,,,,,,
2022-05-14T15:00,,Unknown,,,,,,,,,,,,
2022-05-14T16:00,,Unknown,,,,,,,,,,,,
2022-05-14T17:00,,Unknown,,,,,,,,,,,,
2022-05-14T18:00,,Unknown,,,,,,,,,,,,
2022-05-14T19:00,,Unknown,,,,,,,,,,,,
2022-05-14T20:00,,Unknown,,,,,,,,,,,,
2022-05-14T21:00,,Unknown,,,,,,,,,,,,
2022-05-14T22:00,,Unknown,,,,,,,,,,,,
2022-05-14T23:00,,Unknown,,,,,,,,,,,,
2022-05-15T00:00,,Unknown,,,,,,,,,,,,
2022-05-15T01:00,,Unknown,,,,,,,,,,,,
2022-05-15T02:00,,Unknown,,,,,,,,,,,,
2022-05-15T03:00,,Unknown,,,,,,,,,,,,
2022-05-15T04:00,,Unknown,,,,,,,,,,,,
2022-05-15T05:00,,Unknown,,,,,,,,,,,,
2022-05-15T06:00,,Unknown,,,,,,,,,,,,
2022-05-15T07:00,,Unknown,,,,,,,,,,,,
2022-05-15T08:00,,Unknown,,,,,,,,,,,,
2022-05-15T09:00,,Unknown,,,,,,,,,,,,
2022-05-15T10:00,,Unknown,,,,,,,,,,,,
2022-05-15T11:00,,Unknown,,,,,,,,,,,,
2022-05-15T12:00,,Unknown,,,,,,,,,,,,
2022-05-15T13:00,,Unknown,,,,,,,,,,,,
2022-05-15T14:00,,Unknown,,,,,,,,,,,,
2022-05-15T15:00,,Unknown,,,,,,,,,,,,
2022-05-15T16:00,,Unknown,,,,,,,,,,,,
2022-05-15T17:00,,Unknown,,,,,,,,,,,,
2022-05-15T18:00,,Unknown,,,,,,,,,,,,
2022-05-15T19:00,,Unknown,,,,,,,,,,,,
2022-05-15T20:00,,Unknown,,,,,,,,,,,,
2022-05-15T21:00,,Unknown,,,,,,,,,,,,
2022-05-15T22:00,,Unknown,,,,,,,,,,,,
2022-05-15T23:00,,Unknown,,,,,,,,,,,,
2022-05-16T00:00,,Unknown,,,,,,,,,,,,
2022-05-16T01:00,,Unknown,,,,,,,,,,,,
2022-05-16T02:00,,Unknown,,,,,,,,,,,,
2022-05-16T03:00,,Unknown,,,,,,,,,,,,
2022-05-16T04:00,,Unknown,,,,,,,,,,,,
2022-05-16T05:00,,Unknown,,,,,,,,,,,,
2022-05-16T06:00,,Unknown,,,,,,,,,,,,
2022-05-16T07:00,,Unknown,,,,,,,,,,,,
2022-05-16T08:00,,Unknown,,,,,,,,,,,,
2022-05-16T09:00,,Unknown,,,,,,,,,,,,
2022-05-16T10:00,,Unknown,,,,,,,,,,,,
2022-05-16T11:00,,Unknown,,,,,,,,,,,,
2022-05-16T12:00,,Unknown,,,,,,,,,,,,
2022-05-16T13:00,,Unknown,,,,,,,,,,,,
2022-05-16T14:00,,Unknown,,,,,,,,,,,,
2022-05-16T15:00,,Unknown,,,,,,,,,,,,
2022-05-16T16:00,,Unknown,,,,,,,,,,,,
2022-05-16T17:00,,Unknown,,,,,,,,,,,,
2022-05-16T18:00,,Unknown,,,,,,,,,,,,
2022-05-16T19:00,,Unknown,,,,,,,,,,,,
2022-05-16T20:00,,Unknown,,,,,,,,,,,,
2022-05-16T21:00,,Unknown,,,,,,,,,,,,
2022-05-16T22:00,,Unknown,,,,,,,,,,,,
2022-05-16T23:00,,Unknown,,,,,,,,,,,,
2022-05-17T00:00,,Unknown,,,,,,,,,,,,
2022-05-17T01:00,,Unknown,,,,,,,,,,,,
2022-05-17T02:00,,Unknown,,,,,,,,,,,,
2022-05-17T03:00,,Unknown,,,,,,,,,,,,
2022-05-17T04:00,,Unknown,,,,,,,,,,,,
2022-05-17T05:00,,Unknown,,,,,,,,,,,,
2022-05-17T06:00,,Unknown,,,,,,,,,,,,
2022-05-17T07:00,,Unknown,,,,,,,,,,,,
2022-05-17T08:00,,Unknown,,,,,,,,,,,,
2022-05-17T09:00,,Unknown,,,,,,,,,,,,
2022-05-17T10:00,,Unknown,,,,,,,,,,,,
2022-05-17T11:00,,Unknown,,,,,,,,,,,,
2022-05-17T12:00,,Unknown,,,,,,,,,,,,
2022-05-17T13:00,,Unknown,,,,,,,,,,,,
2022-05-17T14:00,,Unknown,,,,,,,,,,,,
2022-05-17T15:00,,Unknown,,,,,,,,,,,,
2022-05-17T16:00,,Unknown,,,,,,,,,,,,
2022-05-17T17:00,,Unknown,,,,,,,,,,,,
2022-05-17T18:00,,Unknown,,,,,,,,,,,,
2022-05-17T19:00,,Unknown,,,,,,,,,,,,
2022-05-17T20:00,,Unknown,,,,,,,,,,,,
2022-05-17T21:00,,Unknown,,,,,,,,,,,,
2022-05-17T22:00,,Unknown,,,,,,,,,,,,
2022-05-17T23:00,,Unknown,,,,,,,,,,,,
2022-05-18T00:00,,Unknown,,,,,,,,,,,,
2022-05-18T01:00,,Unknown,,,,,,,,,,,,
2022-05-18T02:00,,Unknown,,,,,,,,,,,,
2022-05-18T03:00,,Unknown,,,,,,,,,,,,
2022-05-18T04:00,,Unknown,,,,,,,,,,,,
2022-05-18T05:00,,Unknown,,,,,,,,,,,,
2022-05-18T06:00,,Unknown,,,,,,,,,,,,
2022-05-18T07:00,,Unknown,,,,,,,,,,,,
2022-05-18T08:00,,Unknown,,,,,,,,,,,,
2022-05-18T09:00,,Unknown,,,,,,,,,,,,
2022-05-18T10:00,,Unknown,,,,,,,,,,,,
2022-05-18T11:00,,Unknown,,,,,,,,,,,,
2022-05-18T12:00,,Unknown,,,,,,,,,,,,
2022-05-18T13:00,,Unknown,,,,,,,,,,,,
2022-05-18T14:00,,Unknown,,,,,,,,,,,,
2022-05-18T15:00,,Unknown,,,,,,,,,,,,
2022-05-18T16:00,,Unknown,,,,,,,,,,,,
2022-05-18T17:00,,Unknown,,,,,,,,,,,,
2022-05-18T18:00,,Unknown,,,,,,,,,,,,
2022-05-18T19:00,,Unknown,,,,,,,,,,,,
2022-05-18T20:00,,Unknown,,,,,,,,,,,,
2022-05-18T21:00,,Unknown,,,,,,,,,,,,
2022-05-18T22:00,,Unknown,,,,,,,,,,,,
2022-05-18T23:00,,Unknown,,,,,,,,,,,,
2022-05-19T00:00,,Unknown,,,,,,,,,,,,
2022-05-19T01:00,,Unknown,,,,,,,,,,,,
2022-05-19T02:00,,Unknown,,,,,,,,,,,,
2022-05-19T03:00,,Unknown,,,,,,,,,,,,
2022-05-19T04:00,,Unknown,,,,,,,,,,,,
2022-05-19T05:00,,Unknown,,,,,,,,,,,,
2022-05-19T06:00,,Unknown,,,,,,,,,,,,
2022-05-19T07:00,,Unknown,,,,,,,,,,,,
2022-05-19T08:00,,Unknown,,,,,,,,,,,,
2022-05-19T09:00,,Unknown,,,,,,,,,,,,
2022-05-19T10:00,,Unknown,,,,,,,,,,,,
2022-05-19T11:00,,Unknown,,,,,,,,,,,,
2022-05-19T12:00,,Unknown,,,,,,,,,,,,
2022-05-19T13:00,,Unknown,,,,,,,,,,,,
2022-05-19T14:00,,Unknown,,,,,,,,,,,,
2022-05-19T15:00,,Unknown,,,,,,,,,,,,
2022-05-19T16:00,,Unknown,,,,,,,,,,,,
2022-05-19T17:00,,Unknown,,,,,,,,,,,,
2022-05-19T18:00,,Unknown,,,,,,,,,,,,
2022-05-19T19:00,,Unknown,,,,,,,,,,,,
2022-05-19T20:00,,Unknown,,,,,,,,,,,,
2022-05-19T21:00,,Unknown,,,,,,,,,,,,
2022-05-19T22:00,,Unknown,,,,,,,,,,,,
2022-05-19T23:00,,Unknown,,,,,,,,,,,,
2022-05-20T00:00,,Unknown,,,,,,,,,,,,
2022-05-20T01:00,,Unknown,,,,,,,,,,,,
2022-05-20T02:00,,Unknown,,,,,,,,,,,,
2022-05-20T03:00,,Unknown,,,,,,,,,,,,
2022-05-20T04:00,,Unknown,,,,,,,,,,,,
2022-05-20T05:00,,Unknown,,,,,,,,,,,,
2022-05-20T06:00,,Unknown,,,,,,,,,,,,
2022-05-20T07:00,,Unknown,,,,,,,,,,,,
2022-05-20T08:00,,Unknown,,,,,,,,,,,,
2022-05-20T09:00,,Unknown,,,,,,,,,,,,
2022-05-20T10:00,,Unknown,,,,,,,,,,,,
2022-05-20T11:00,,Unknown,,,,,,,,,,,,
2022-05-20T12:00,,Unknown,,,,,,,,,,,,
2022-05-20T13:00,,Unknown,,,,,,,,,,,,
2022-05-20T14:00,,Unknown,,,,,,,,,,,,
2022-05-20T15:00,,Unknown,,,,,,,,,,,,
2022-05-20T16:00,,Unknown,,,,,,,,,,,,
2022-05-20T17:00,,Unknown,,,,,,,,,,,,
2022-05-20T18:00,,Unknown,,,,,,,,,,,,
2022-05-20T19:00,,Unknown,,,,,,,,,,,,
2022-05-20T20:00,,Unknown,,,,,,,,,,,,
2022-05-20T21:00,,Unknown,,,,,,,,,,,,
2022-05-20T22:00,,Unknown,,,,,,,,,,,,
2022-05-20T23:00,,Unknown,,,,,,,,,,,,
2022-05-21T00:00,,Unknown,,,,,,,,,,,,
2022-05-21T01:00,,Unknown,,,,,,,,,,,,
2022-05-21T02:00,,Unknown,,,,,,,,,,,,
2022-05-21T03:00,,Unknown,,,,,,,,,,,,
2022-05-21T04:00,,Unknown,,,,,,,,,,,,
2022-05-21T05:00,,Unknown,,,,,,,,,,,,
2022-05-21T06:00,,Unknown,,,,,,,,,,,,
2022-05-21T07:00,,Unknown,,,,,,,,,,,,
2022-05-21T08:00,,Unknown,,,,,,,,,,,,
2022-05-21T09:00,,Unknown,,,,,,,,,,,,
2022-05-21T10:00,,Unknown,,,,,,,,,,,,
2022-05-21T11:00,,Unknown,,,,,,,,,,,,
2022-05-21T12:00,,Unknown,,,,,,,,,,,,
2022-05-21T13:00,,Unknown,,,,,,,,,,,,
2022-05-21T14:00,,Unknown,,,,,,,,,,,,
2022-05-21T15:00,,Unknown,,,,,,,,,,,,
2022-05-21T16:00,,Unknown,,,,,,,,,,,,
2022-05-21T17:00,,Unknown,,,,,,,,,,,,
2022-05-21T18:00,,Unknown,,,,,,,,,,,,
2022-05-21T19:00,,Unknown,,,,,,,,,,,,
2022-05-21T20:00,,Unknown,,,,,,,,,,,,
2022-05-21T21:00,,Unknown,,,,,,,,,,,,
2022-05-21T22:00,,Unknown,,,,,,,,,,,,
2022-05-21T23:00,,Unknown,,,,,,,,,,,,
2022-05-22T00:00,,Unknown,,,,,,,,,,,,
2022-05-22T01:00,,Unknown,,,,,,,,,,,,
2022-05-22T02:00,,Unknown,,,,,,,,,,,,
2022-05-22T03:00,,Unknown,,,,,,,,,,,,
2022-05-22T04:00,,Unknown,,,,,,,,,,,,
2022-05-22T05:00,,Unknown,,,,,,,,,,,,
2022-05-22T06:00,,Unknown,,,,,,,,,,,,
2022-05-22T07:00,,Unknown,,,,,,,,,,,,
2022-05-22T08:00,,Unknown,,,,,,,,,,,,
2022-05-22T09:00,,Unknown,,,,,,,,,,,,
2022-05-22T10:00,,Unknown,,,,,,,,,,,,
2022-05-22T11:00,,Unknown,,,,,,,,,,,,
2022-05-22T12:00,,Unknown,,,,,,,,,,,,
2022-05-22T13:00,,Unknown,,,,,,,,,,,,
2022-05-22T14:00,,Unknown,,,,,,,,,,,,
2022-05-22T15:00,,Unknown,,,,,,,,,,,,
2022-05-22T16:00,,Unknown,,,,,,,,,,,,
2022-05-22T17:00,,Unknown,,,,,,,,,,,,
2022-05-22T18:00,,Unknown,,,,,,,,,,,,
2022-05-22T19:00,,Unknown,,,,,,,,,,,,
2022-05-22T20:00,,Unknown,,,,,,,,,,,,
2022-05-22T21:00,,Unknown,,,,,,,,,,,,
2022-05-22T22:00,,Unknown,,,,,,,,,,,,
2022-05-22T23:00,,Unknown,,,,,,,,,,,,
2022-05-23T00:00,,Unknown,,,,,,,,,,,,
2022-05-23T01:00,,Unknown,,,,,,,,,,,,
2022-05-23T02:00,,Unknown,,,,,,,,,,,,
2022-05-23T03:00,,Unknown,,,,,,,,,,,,
2022-05-23T04:00,,Unknown,,,,,,,,,,,,
2022-05-23T05:00,,Unknown,,,,,,,,,,,,
2022-05-23T06:00,,Unknown,,,,,,,,,,,,
2022-05-23T07:00,,Unknown,,,,,,,,,,,,
2022-05-23T08:00,,Unknown,,,,,,,,,,,,
2022-05-23T09:00,,Unknown,,,,,,,,,,,,
2022-05-23T10:00,,Unknown,,,,,,,,,,,,
2022-05-23T11:00,,Unknown,,,,,,,,,,,,
2022-05-23T12:00,,Unknown,,,,,,,,,,,,
2022-05-23T13:00,,Unknown,,,,,,,,,,,,
2022-05-23T14:00,,Unknown,,,,,,,,,,,,
2022-05-23T15:00,,Unknown,,,,,,,,,,,,
2022-05-23T16:00,,Unknown,,,,,,,,,,,,
2022-05-23T17:00,,Unknown,,,,,,,,,,,,
2022-05-23T18:00,,Unknown,,,,,,,,,,,,
2022-05-23T19:00,,Unknown,,,,,,,,,,,,
2022-05-23T20:00,,Unknown,,,,,,,,,,,,
2022-05-23T21:00,,Unknown,,,,,,,,,,,,
2022-05-23T22:00,,Unknown,,,,,,,,,,,,
2022-05-23T23:00,,Unknown,,,,,,,,,,,,
2022-05-24T00:00,,Unknown,,,,,,,,,,,,
2022-05-24T01:00,,Unknown,,,,,,,,,,,,
2022-05-24T02:00,,Unknown,,,,,,,,,,,,
2022-05-24T03:00,,Unknown,,,,,,,,,,,,
2022-05-24T04:00,,Unknown,,,,,,,,,,,,
2022-05-24T05:00,,Unknown,,,,,,,,,,,,
2022-05-24T06:00,,Unknown,,,,,,,,,,,,
2022-05-24T07:00,,Unknown,,,,,,,,,,,,
2022-05-24T08:00,,Unknown,,,,,,,,,,,,
2022-05-24T09:00,,Unknown,,,,,,,,,,,,
2022-05-24T10:00,,Unknown,,,,,,,,,,,,
2022-05-24T11:00,,Unknown,,,,,,,,,,,,
2022-05-24T12:00,,Unknown,,,,,,,,,,,,
2022-05-24T13:00,,Unknown,,,,,,,,,,,,
2022-05-24T14:00,,Unknown,,,,,,,,,,,,
2022-05-24T15:00,,Unknown,,,,,,,,,,,,
2022-05-24T16:00,,Unknown,,,,,,,,,,,,
2022-05-24T17:00,,Unknown,,,,,,,,,,,,
2022-05-24T18:00,,Unknown,,,,,,,,,,,,
2022-05-24T19:00,,Unknown,,,,,,,,,,,,
2022-05-24T20:00,,Unknown,,,,,,,,,,,,
2022-05-24T21:00,,Unknown,,,,,,,,,,,,
2022-05-24T22:00,,Unknown,,,,,,,,,,,,
2022-05-24T23:00,,Unknown,,,,,,,,,,,,
2022-05-25T00:00,,Unknown,,,,,,,,,,,,
2022-05-25T01:00,,Unknown,,,,,,,,,,,,
2022-05-25T02:00,,Unknown,,,,,,,,,,,,
2022-05-25T03:00,,Unknown,,,,,,,,,,,,
2022-05-25T04:00,,Unknown,,,,,,,,,,,,
2022-05-25T05:00,,Unknown,,,,,,,,,,,,
2022-05-25T06:00,,Unknown,,,,,,,,,,,,
2022-05-25T07:00,,Unknown,,,,,,,,,,,,
2022-05-25T08:00,,Unknown,,,,,,,,,,,,
2022-05-25T09:00,,Unknown,,,,,,,,,,,,
2022-05-25T10:00,,Unknown,,,,,,,,,,,,
2022-05-25T11:00,,Unknown,,,,,,,,,,,,
2022-05-25T12:00,,Unknown,,,,,,,,,,,,
2022-05-25T13:00,,Unknown,,,,,,,,,,,,
2022-05-25T14:00,,Unknown,,,,,,,,,,,,
2022-05-25T15:00,,Unknown,,,,,,,,,,,,
2022-05-25T16:00,,Unknown,,,,,,,,,,,,
2022-05-25T17:00,,Unknown,,,,,,,,,,,,
2022-05-25T18:00,,Unknown,,,,,,,,,,,,
2022-05-25T19:00,,Unknown,,,,,,,,,,,,
2022-05-25T20:00,,Unknown,,,,,,,,,,,,
2022-05-25T21:00,,Unknown,,,,,,,,,,,,
2022-05-25T22:00,,Unknown,,,,,,,,,,,,
2022-05-25T23:00,,Unknown,,,,,,,,,,,,
2022-05-26T00:00,,Unknown,,,,,,,,,,,,
2022-05-26T01:00,,Unknown,,,,,,,,,,,,
2022-05-26T02:00,,Unknown,,,,,,,,,,,,
2022-05-26T03:00,,Unknown,,,,,,,,,,,,
2022-05-26T04:00,,Unknown,,,,,,,,,,,,
2022-05-26T05:00,,Unknown,,,,,,,,,,,,
2022-05-26T06:00,,Unknown,,,,,,,,,,,,
2022-05-26T07:00,,Unknown,,,,,,,,,,,,
2022-05-26T08:00,,Unknown,,,,,,,,,,,,
2022-05-26T09:00,,Unknown,,,,,,,,,,,,
2022-05-26T10:00,,Unknown,,,,,,,,,,,,
2022-05-26T11:00,,Unknown,,,,,,,,,,,,
2022-05-26T12:00,,Unknown,,,,,,,,,,,,
2022-05-26T13:00,,Unknown,,,,,,,,,,,,
2022-05-26T14:00,,Unknown,,,,,,,,,,,,
2022-05-26T15:00,,Unknown,,,,,,,,,,,,
2022-05-26T16:00,,Unknown,,,,,,,,,,,,
2022-05-26T17:00,,Unknown,,,,,,,,,,,,
2022-05-26T18:00,,Unknown,,,,,,,,,,,,
2022-05-26T19:00,,Unknown,,,,,,,,,,,,
2022-05-26T20:00,,Unknown,,,,,,,,,,,,
2022-05-26T21:00,,Unknown,,,,,,,,,,,,
2022-05-26T22:00,,Unknown,,,,,,,,,,,,
2022-05-26T23:00,,Unknown,,,,,,,,,,,,
2022-05-27T00:00,,Unknown,,,,,,,,,,,,
2022-05-27T01:00,,Unknown,,,,,,,,,,,,
2022-05-27T02:00,,Unknown,,,,,,,,,,,,
2022-05-27T03:00,,Unknown,,,,,,,,,,,,
2022-05-27T04:00,,Unknown,,,,,,,,,,,,
2022-05-27T05:00,,Unknown,,,,,,,,,,,,
2022-05-27T06:00,,Unknown,,,,,,,,,,,,
2022-05-27T07:00,,Unknown,,,,,,,,,,,,
2022-05-27T08:00,,Unknown,,,,,,,,,,,,
2022-05-27T09:00,,Unknown,,,,,,,,,,,,
2022-05-27T10:00,,Unknown,,,,,,,,,,,,
2022-05-27T11:00,,Unknown,,,,,,,,,,,,
2022-05-27T12:00,,Unknown,,,,,,,,,,,,
2022-05-27T13:00,,Unknown,,,,,,,,,,,,
2022-05-27T14:00,,Unknown,,,,,,,,,,,,
2022-05-27T15:00,,Unknown,,,,,,,,,,,,
2022-05-27T16:00,,Unknown,,,,,,,,,,,,
2022-05-27T17:00,,Unknown,,,,,,,,,,,,
2022-05-27T18:00,,Unknown,,,,,,,,,,,,
2022-05-27T19:00,,Unknown,,,,,,,,,,,,
2022-05-27T20:00,,Unknown,,,,,,,,,,,,
2022-05-27T21:00,,Unknown,,,,,,,,,,,,
2022-05-27T22:00,,Unknown,,,,,,,,,,,,
2022-05-27T23:00,,Unknown,,,,,,,,,,,,
2022-05-28T00:00,,Unknown,,,,,,,,,,,,
2022-05-28T01:00,,Unknown,,,,,,,,,,,,
2022-05-28T02:00,,Unknown,,,,,,,,,,,,
2022-05-28T03:00,,Unknown,,,,,,,,,,,,
2022-05-28T04:00,,Unknown,,,,,,,,,,,,
2022-05-28T05:00,,Unknown,,,,,,,,,,,,
2022-05-28T06:00,,Unknown,,,,,,,,,,,,
2022-05-28T07:00,,Unknown,,,,,,,,,,,,
2022-05-28T08:00,,Unknown,,,,,,,,,,,,
2022-05-28T09:00,,Unknown,,,,,,,,,,,,
2022-05-28T10:00,,Unknown,,,,,,,,,,,,
2022-05-28T11:00,,Unknown,,,,,,,,,,,,
2022-05-28T12:00,,Unknown,,,,,,,,,,,,
2022-05-28T13:00,,Unknown,,,,,,,,,,,,
2022-05-28T14:00,,Unknown,,,,,,,,,,,,
2022-05-28T15:00,,Unknown,,,,,,,,,,,,
2022-05-28T16:00,,Unknown,,,,,,,,,,,,
2022-05-28T17:00,,Unknown,,,,,,,,,,,,
2022-05-28T18:00,,Unknown,,,,,,,,,,,,
2022-05-28T19:00,,Unknown,,,,,,,,,,,,
2022-05-28T20:00,,Unknown,,,,,,,,,,,,
2022-05-28T21:00,,Unknown,,,,,,,,,,,,
2022-05-28T22:00,,Unknown,,,,,,,,,,,,
2022-05-28T23:00,,Unknown,,,,,,,,,,,,
2022-05-29T00:00,,Unknown,,,,,,,,,,,,
2022-05-29T01:00,,Unknown,,,,,,,,,,,,
2022-05-29T02:00,,Unknown,,,,,,,,,,,,
2022-05-29T03:00,,Unknown,,,,,,,,,,,,
2022-05-29T04:00,,Unknown,,,,,,,,,,,,
2022-05-29T05:00,,Unknown,,,,,,,,,,,,
2022-05-29T06:00,,Unknown,,,,,,,,,,,,
2022-05-29T07:00,,Unknown,,,,,,,,,,,,
2022-05-29T08:00,,Unknown,,,,,,,,,,,,
2022-05-29T09:00,,Unknown,,,,,,,,,,,,
2022-05-29T10:00,,Unknown,,,,,,,,,,,,
2022-05-29T11:00,,Unknown,,,,,,,,,,,,
2022-05-29T12:00,,Unknown,,,,,,,,,,,,
2022-05-29T13:00,,Unknown,,,,,,,,,,,,
2022-05-29T14:00,,Unknown,,,,,,,,,,,,
2022-05-29T15:00,,Unknown,,,,,,,,,,,,
2022-05-29T16:00,,Unknown,,,,,,,,,,,,
2022-05-29T17:00,,Unknown,,,,,,,,,,,,
2022-05-29T18:00,,Unknown,,,,,,,,,,,,
2022-05-29T19:00,,Unknown,,,,,,,,,,,,
2022-05-29T20:00,,Unknown,,,,,,,,,,,,
2022-05-29T21:00,,Unknown,,,,,,,,,,,,
2022-05-29T22:00,,Unknown,,,,,,,,,,,,
2022-05-29T23:00,,Unknown,,,,,,,,,,,,
2022-05-30T00:00,,Unknown,,,,,,,,,,,,
2022-05-30T01:00,,Unknown,,,,,,,,,,,,
2022-05-30T02:00,,Unknown,,,,,,,,,,,,
2022-05-30T03:00,,Unknown,,,,,,,,,,,,
2022-05-30T04:00,,Unknown,,,,,,,,,,,,
2022-05-30T05:00,,Unknown,,,,,,,,,,,,
2022-05-30T06:00,,Unknown,,,,,,,,,,,,
2022-05-30T07:00,,Unknown,,,,,,,,,,,,
2022-05-30T08:00,,Unknown,,,,,,,,,,,,
2022-05-30T09:00,,Unknown,,,,,,,,,,,,
2022-05-30T10:00,,Unknown,,,,,,,,,,,,
2022-05-30T11:00,,Unknown,,,,,,,,,,,,
2022-05-30T12:00,,Unknown,,,,,,,,,,,,
2022-05-30T13:00,,Unknown,,,,,,,,,,,,
2022-05-30T14:00,,Unknown,,,,,,,,,,,,
2022-05-30T15:00,,Unknown,,,,,,,,,,,,
2022-05-30T16:00,,Unknown,,,,,,,,,,,,
2022-05-30T17:00,,Unknown,,,,,,,,,,,,
2022-05-30T18:00,,Unknown,,,,,,,,,,,,
2022-05-30T19:00,,Unknown,,,,,,,,,,,,
2022-05-30T20:00,,Unknown,,,,,,,,,,,,
2022-05-30T21:00,,Unknown,,,,,,,,,,,,
2022-05-30T22:00,,Unknown,,,,,,,,,,,,
2022-05-30T23:00,,Unknown,,,,,,,,,,,,
2022-05-31T00:00,,Unknown,,,,,,,,,,,,
2022-05-31T01:00,,Unknown,,,,,,,,,,,,
2022-05-31T02:00,,Unknown,,,,,,,,,,,,
2022-05-31T03:00,,Unknown,,,,,,,,,,,,
2022-05-31T04:00,,Unknown,,,,,,,,,,,,
2022-05-31T05:00,,Unknown,,,,,,,,,,,,
2022-05-31T06:00,,Unknown,,,,,,,,,,,,
2022-05-31T07:00,,Unknown,,,,,,,,,,,,
2022-05-31T08:00,,Unknown,,,,,,,,,,,,
2022-05-31T09:00,,Unknown,,,,,,,,,,,,
2022-05-31T10:00,,Unknown,,,,,,,,,,,,
2022-05-31T11:00,,Unknown,,,,,,,,,,,,
2022-05-31T12:00,,Unknown,,,,,,,,,,,,
2022-05-31T13:00,,Unknown,,,,,,,,,,,,
2022-05-31T14:00,,Unknown,,,,,,,,,,,,
2022-05-31T15:00,,Unknown,,,,,,,,,,,,
2022-05-31T16:00,,Unknown,,,,,,,,,,,,
2022-05-31T17:00,,Unknown,,,,,,,,,,,,
2022-05-31T18:00,,Unknown,,,,,,,,,,,,
2022-05-31T19:00,,Unknown,,,,,,,,,,,,
2022-05-31T20:00,,Unknown,,,,,,,,,,,,
2022-05-31T21:00,,Unknown,,,,,,,,,,,,
2022-05-31T22:00,,Unknown,,,,,,,,,,,,
2022-05-31T23:00,,Unknown,,,,,,,,,,,,
2022-06-01T00:00,,Unknown,,,,,,,,,,,,
2022-06-01T01:00,,Unknown,,,,,,,,,,,,
2022-06-01T02:00,,Unknown,,,,,,,,,,,,
2022-06-01T03:00,,Unknown,,,,,,,,,,,,
2022-06-01T04:00,,Unknown,,,,,,,,,,,,
2022-06-01T05:00,,Unknown,,,,,,,,,,,,
2022-06-01T06:00,,Unknown,,,,,,,,,,,,
2022-06-01T07:00,,Unknown,,,,,,,,,,,,
2022-06-01T08:00,,Unknown,,,,,,,,,,,,
2022-06-01T09:00,,Unknown,,,,,,,,,,,,
2022-06-01T10:00,,Unknown,,,,,,,,,,,,
2022-06-01T11:00,,Unknown,,,,,,,,,,,,
2022-06-01T12:00,,Unknown,,,,,,,,,,,,
2022-06-01T13:00,,Unknown,,,,,,,,,,,,
2022-06-01T14:00,,Unknown,,,,,,,,,,,,
2022-06-01T15:00,,Unknown,,,,,,,,,,,,
2022-06-01T16:00,,Unknown,,,,,,,,,,,,
2022-06-01T17:00,,Unknown,,,,,,,,,,,,
2022-06-01T18:00,,Unknown,,,,,,,,,,,,
2022-06-01T19:00,,Unknown,,,,,,,,,,,,
2022-06-01T20:00,,Unknown,,,,,,,,,,,,
2022-06-01T21:00,,Unknown,,,,,,,,,,,,
2022-06-01T22:00,,Unknown,,,,,,,,,,,,
2022-06-01T23:00,,Unknown,,,,,,,,,,,,
2022-06-02T00:00,,Unknown,,,,,,,,,,,,
2022-06-02T01:00,,Unknown,,,,,,,,,,,,
2022-06-02T02:00,,Unknown,,,,,,,,,,,,
2022-06-02T03:00,,Unknown,,,,,,,,,,,,
2022-06-02T04:00,,Unknown,,,,,,,,,,,,
2022-06-02T05:00,,Unknown,,,,,,,,,,,,
2022-06-02T06:00,,Unknown,,,,,,,,,,,,
2022-06-02T07:00,,Unknown,,,,,,,,,,,,
2022-06-02T08:00,,Unknown,,,,,,,,,,,,
2022-06-02T09:00,,Unknown,,,,,,,,,,,,
2022-06-02T10:00,,Unknown,,,,,,,,,,,,
2022-06-02T11:00,,Unknown,,,,,,,,,,,,
2022-06-02T12:00,,Unknown,,,,,,,,,,,,
2022-06-02T13:00,,Unknown,,,,,,,,,,,,
2022-06-02T14:00,,Unknown,,,,,,,,,,,,
2022-06-02T15:00,,Unknown,,,,,,,,,,,,
2022-06-02T16:00,,Unknown,,,,,,,,,,,,
2022-06-02T17:00,,Unknown,,,,,,,,,,,,
2022-06-02T18:00,,Unknown,,,,,,,,,,,,
2022-06-02T19:00,,Unknown,,,,,,,,,,,,
2022-06-02T20:00,,Unknown,,,,,,,,,,,,
2022-06-02T21:00,,Unknown,,,,,,,,,,,,
2022-06-02T22:00,,Unknown,,,,,,,,,,,,
2022-06-02T23:00,,Unknown,,,,,,,,,,,,
2022-06-03T00:00,,Unknown,,,,,,,,,,,,
2022-06-03T01:00,,Unknown,,,,,,,,,,,,
2022-06-03T02:00,,Unknown,,,,,,,,,,,,
2022-06-03T03:00,,Unknown,,,,,,,,,,,,
2022-06-03T04:00,,Unknown,,,,,,,,,,,,
2022-06-03T05:00,,Unknown,,,,,,,,,,,,
2022-06-03T06:00,,Unknown,,,,,,,,,,,,
2022-06-03T07:00,,Unknown,,,,,,,,,,,,
2022-06-03T08:00,,Unknown,,,,,,,,,,,,
2022-06-03T09:00,,Unknown,,,,,,,,,,,,
2022-06-03T10:00,,Unknown,,,,,,,,,,,,
2022-06-03T11:00,,Unknown,,,,,,,,,,,,
2022-06-03T12:00,,Unknown,,,,,,,,,,,,
2022-06-03T13:00,,Unknown,,,,,,,,,,,,
2022-06-03T14:00,,Unknown,,,,,,,,,,,,
2022-06-03T15:00,,Unknown,,,,,,,,,,,,
2022-06-03T16:00,,Unknown,,,,,,,,,,,,
2022-06-03T17:00,,Unknown,,,,,,,,,,,,
2022-06-03T18:00,,Unknown,,,,,,,,,,,,
2022-06-03T19:00,,Unknown,,,,,,,,,,,,
2022-06-03T20:00,,Unknown,,,,,,,,,,,,
2022-06-03T21:00,,Unknown,,,,,,,,,,,,
2022-06-03T22:00,,Unknown,,,,,,,,,,,,
2022-06-03T23:00,,Unknown,,,,,,,,,,,,
2022-06-04T00:00,,Unknown,,,,,,,,,,,,
2022-06-04T01:00,,Unknown,,,,,,,,,,,,
2022-06-04T02:00,,Unknown,,,,,,,,,,,,
2022-06-04T03:00,,Unknown,,,,,,,,,,,,
2022-06-04T04:00,,Unknown,,,,,,,,,,,,
2022-06-04T05:00,,Unknown,,,,,,,,,,,,
2022-06-04T06:00,,Unknown,,,,,,,,,,,,
2022-06-04T07:00,,Unknown,,,,,,,,,,,,
2022-06-04T08:00,,Unknown,,,,,,,,,,,,
2022-06-04T09:00,,Unknown,,,,,,,,,,,,
2022-06-04T10:00,,Unknown,,,,,,,,,,,,
2022-06-04T11:00,,Unknown,,,,,,,,,,,,
2022-06-04T12:00,,Unknown,,,,,,,,,,,,
2022-06-04T13:00,,Unknown,,,,,,,,,,,,
2022-06-04T14:00,,Unknown,,,,,,,,,,,,
2022-06-04T15:00,,Unknown,,,,,,,,,,,,
2022-06-04T16:00,,Unknown,,,,,,,,,,,,
2022-06-04T17:00,,Unknown,,,,,,,,,,,,
2022-06-04T18:00,,Unknown,,,,,,,,,,,,
2022-06-04T19:00,,Unknown,,,,,,,,,,,,
2022-06-04T20:00,,Unknown,,,,,,,,,,,,
2022-06-04T21:00,,Unknown,,,,,,,,,,,,
2022-06-04T22:00,,Unknown,,,,,,,,,,,,
2022-06-04T23:00,,Unknown,,,,,,,,,,,,
2022-06-05T00:00,,Unknown,,,,,,,,,,,,
2022-06-05T01:00,,Unknown,,,,,,,,,,,,
2022-06-05T02:00,,Unknown,,,,,,,,,,,,
2022-06-05T03:00,,Unknown,,,,,,,,,,,,
2022-06-05T04:00,,Unknown,,,,,,,,,,,,
2022-06-05T05:00,,Unknown,,,,,,,,,,,,
2022-06-05T06:00,,Unknown,,,,,,,,,,,,
2022-06-05T07:00,,Unknown,,,,,,,,,,,,
2022-06-05T08:00,,Unknown,,,,,,,,,,,,
2022-06-05T09:00,,Unknown,,,,,,,,,,,,
2022-06-05T10:00,,Unknown,,,,,,,,,,,,
2022-06-05T11:00,,Unknown,,,,,,,,,,,,
2022-06-05T12:00,,Unknown,,,,,,,,,,,,
2022-06-05T13:00,,Unknown,,,,,,,,,,,,
2022-06-05T14:00,,Unknown,,,,,,,,,,,,
2022-06-05T15:00,,Unknown,,,,,,,,,,,,
2022-06-05T16:00,,Unknown,,,,,,,,,,,,
2022-06-05T17:00,,Unknown,,,,,,,,,,,,
2022-06-05T18:00,,Unknown,,,,,,,,,,,,
2022-06-05T19:00,,Unknown,,,,,,,,,,,,
2022-06-05T20:00,,Unknown,,,,,,,,,,,,
2022-06-05T21:00,,Unknown,,,,,,,,,,,,
2022-06-05T22:00,,Unknown,,,,,,,,,,,,
2022-06-05T23:00,,Unknown,,,,,,,,,,,,
2022-06-06T00:00,,Unknown,,,,,,,,,,,,
2022-06-06T01:00,,Unknown,,,,,,,,,,,,
2022-06-06T02:00,,Unknown,,,,,,,,,,,,
2022-06-06T03:00,,Unknown,,,,,,,,,,,,
2022-06-06T04:00,,Unknown,,,,,,,,,,,,
2022-06-06T05:00,,Unknown,,,,,,,,,,,,
2022-06-06T06:00,,Unknown,,,,,,,,,,,,
2022-06-06T07:00,,Unknown,,,,,,,,,,,,
2022-06-06T08:00,,Unknown,,,,,,,,,,,,
2022-06-06T09:00,,Unknown,,,,,,,,,,,,
2022-06-06T10:00,,Unknown,,,,,,,,,,,,
2022-06-06T11:00,,Unknown,,,,,,,,,,,,
2022-06-06T12:00,,Unknown,,,,,,,,,,,,
2022-06-06T13:00,,Unknown,,,,,,,,,,,,
2022-06-06T14:00,,Unknown,,,,,,,,,,,,
2022-06-06T15:00,,Unknown,,,,,,,,,,,,
2022-06-06T16:00,,Unknown,,,,,,,,,,,,
2022-06-06T17:00,,Unknown,,,,,,,,,,,,
2022-06-06T18:00,,Unknown,,,,,,,,,,,,
2022-06-06T19:00,,Unknown,,,,,,,,,,,,
2022-06-06T20:00,,Unknown,,,,,,,,,,,,
2022-06-06T21:00,,Unknown,,,,,,,,,,,,
2022-06-06T22:00,,Unknown,,,,,,,,,,,,
2022-06-06T23:00,,Unknown,,,,,,,,,,,,
2022-06-07T00:00,,Unknown,,,,,,,,,,,,
2022-06-07T01:00,,Unknown,,,,,,,,,,,,
2022-06-07T02:00,,Unknown,,,,,,,,,,,,
2022-06-07T03:00,,Unknown,,,,,,,,,,,,
2022-06-07T04:00,,Unknown,,,,,,,,,,,,
2022-06-07T05:00,,Unknown,,,,,,,,,,,,
2022-06-07T06:00,,Unknown,,,,,,,,,,,,
2022-06-07T07:00,,Unknown,,,,,,,,,,,,
2022-06-07T08:00,,Unknown,,,,,,,,,,,,
2022-06-07T09:00,,Unknown,,,,,,,,,,,,
2022-06-07T10:00,,Unknown,,,,,,,,,,,,
2022-06-07T11:00,,Unknown,,,,,,,,,,,,
2022-06-07T12:00,,Unknown,,,,,,,,,,,,
2022-06-07T13:00,,Unknown,,,,,,,,,,,,
2022-06-07T14:00,,Unknown,,,,,,,,,,,,
2022-06-07T15:00,,Unknown,,,,,,,,,,,,
2022-06-07T16:00,,Unknown,,,,,,,,,,,,
2022-06-07T17:00,,Unknown,,,,,,,,,,,,
2022-06-07T18:00,,Unknown,,,,,,,,,,,,
2022-06-07T19:00,,Unknown,,,,,,,,,,,,
2022-06-07T20:00,,Unknown,,,,,,,,,,,,
2022-06-07T21:00,,Unknown,,,,,,,,,,,,
2022-06-07T22:00,,Unknown,,,,,,,,,,,,
2022-06-07T23:00,,Unknown,,,,,,,,,,,,
2022-06-08T00:00,,Unknown,,,,,,,,,,,,
2022-06-08T01:00,,Unknown,,,,,,,,,,,,
2022-06-08T02:00,,Unknown,,,,,,,,,,,,
2022-06-08T03:00,,Unknown,,,,,,,,,,,,
2022-06-08T04:00,,Unknown,,,,,,,,,,,,
2022-06-08T05:00,,Unknown,,,,,,,,,,,,
2022-06-08T06:00,,Unknown,,,,,,,,,,,,
2022-06-08T07:00,,Unknown,,,,,,,,,,,,
2022-06-08T08:00,,Unknown,,,,,,,,,,,,
2022-06-08T09:00,,Unknown,,,,,,,,,,,,
2022-06-08T10:00,,Unknown,,,,,,,,,,,,
2022-06-08T11:00,,Unknown,,,,,,,,,,,,
2022-06-08T12:00,,Unknown,,,,,,,,,,,,
2022-06-08T13:00,,Unknown,,,,,,,,,,,,
2022-06-08T14:00,,Unknown,,,,,,,,,,,,
2022-06-08T15:00,,Unknown,,,,,,,,,,,,
2022-06-08T16:00,,Unknown,,,,,,,,,,,,
2022-06-08T17:00,,Unknown,,,,,,,,,,,,
2022-06-08T18:00,,Unknown,,,,,,,,,,,,
2022-06-08T19:00,,Unknown,,,,,,,,,,,,
2022-06-08T20:00,,Unknown,,,,,,,,,,,,
2022-06-08T21:00,,Unknown,,,,,,,,,,,,
2022-06-08T22:00,,Unknown,,,,,,,,,,,,
2022-06-08T23:00,,Unknown,,,,,,,,,,,,
2022-06-09T00:00,,Unknown,,,,,,,,,,,,
2022-06-09T01:00,,Unknown,,,,,,,,,,,,
2022-06-09T02:00,,Unknown,,,,,,,,,,,,
2022-06-09T03:00,,Unknown,,,,,,,,,,,,
2022-06-09T04:00,,Unknown,,,,,,,,,,,,
2022-06-09T05:00,,Unknown,,,,,,,,,,,,
2022-06-09T06:00,,Unknown,,,,,,,,,,,,
2022-06-09T07:00,,Unknown,,,,,,,,,,,,
2022-06-09T08:00,,Unknown,,,,,,,,,,,,
2022-06-09T09:00,,Unknown,,,,,,,,,,,,
2022-06-09T10:00,,Unknown,,,,,,,,,,,,
2022-06-09T11:00,,Unknown,,,,,,,,,,,,
2022-06-09T12:00,,Unknown,,,,,,,,,,,,
2022-06-09T13:00,,Unknown,,,,,,,,,,,,
2022-06-09T14:00,,Unknown,,,,,,,,,,,,
2022-06-09T15:00,,Unknown,,,,,,,,,,,,
2022-06-09T16:00,,Unknown,,,,,,,,,,,,
2022-06-09T17:00,,Unknown,,,,,,,,,,,,
2022-06-09T18:00,,Unknown,,,,,,,,,,,,
2022-06-09T19:00,,Unknown,,,,,,,,,,,,
2022-06-09T20:00,,Unknown,,,,,,,,,,,,
2022-06-09T21:00,,Unknown,,,,,,,,,,,,
2022-06-09T22:00,,Unknown,,,,,,,,,,,,
2022-06-09T23:00,,Unknown,,,,,,,,,,,,
2022-06-10T00:00,,Unknown,,,,,,,,,,,,
2022-06-10T01:00,,Unknown,,,,,,,,,,,,
2022-06-10T02:00,,Unknown,,,,,,,,,,,,
2022-06-10T03:00,,Unknown,,,,,,,,,,,,
2022-06-10T04:00,,Unknown,,,,,,,,,,,,
2022-06-10T05:00,,Unknown,,,,,,,,,,,,
2022-06-10T06:00,,Unknown,,,,,,,,,,,,
2022-06-10T07:00,,Unknown,,,,,,,,,,,,
2022-06-10T08:00,,Unknown,,,,,,,,,,,,
2022-06-10T09:00,,Unknown,,,,,,,,,,,,
2022-06-10T10:00,,Unknown,,,,,,,,,,,,
2022-06-10T11:00,,Unknown,,,,,,,,,,,,
2022-06-10T12:00,,Unknown,,,,,,,,,,,,
2022-06-10T13:00,,Unknown,,,,,,,,,,,,
2022-06-10T14:00,,Unknown,,,,,,,,,,,,
2022-06-10T15:00,,Unknown,,,,,,,,,,,,
2022-06-10T16:00,,Unknown,,,,,,,,,,,,
2022-06-10T17:00,,Unknown,,,,,,,,,,,,
2022-06-10T18:00,,Unknown,,,,,,,,,,,,
2022-06-10T19:00,,Unknown,,,,,,,,,,,,
2022-06-10T20:00,,Unknown,,,,,,,,,,,,
2022-06-10T21:00,,Unknown,,,,,,,,,,,,
2022-06-10T22:00,,Unknown,,,,,,,,,,,,
2022-06-10T23:00,,Unknown,,,,,,,,,,,,
2022-06-11T00:00,,Unknown,,,,,,,,,,,,
2022-06-11T01:00,,Unknown,,,,,,,,,,,,
2022-06-11T02:00,,Unknown,,,,,,,,,,,,
2022-06-11T03:00,,Unknown,,,,,,,,,,,,
2022-06-11T04:00,,Unknown,,,,,,,,,,,,
2022-06-11T05:00,,Unknown,,,,,,,,,,,,
2022-06-11T06:00,,Unknown,,,,,,,,,,,,
2022-06-11T07:00,,Unknown,,,,,,,,,,,,
2022-06-11T08:00,,Unknown,,,,,,,,,,,,
2022-06-11T09:00,,Unknown,,,,,,,,,,,,
2022-06-11T10:00,,Unknown,,,,,,,,,,,,
2022-06-11T11:00,,Unknown,,,,,,,,,,,,
2022-06-11T12:00,,Unknown,,,,,,,,,,,,
2022-06-11T13:00,,Unknown,,,,,,,,,,,,
2022-06-11T14:00,,Unknown,,,,,,,,,,,,
2022-06-11T15:00,,Unknown,,,,,,,,,,,,
2022-06-11T16:00,,Unknown,,,,,,,,,,,,
2022-06-11T17:00,,Unknown,,,,,,,,,,,,
2022-06-11T18:00,,Unknown,,,,,,,,,,,,
2022-06-11T19:00,,Unknown,,,,,,,,,,,,
2022-06-11T20:00,,Unknown,,,,,,,,,,,,
2022-06-11T21:00,,Unknown,,,,,,,,,,,,
2022-06-11T22:00,,Unknown,,,,,,,,,,,,
2022-06-11T23:00,,Unknown,,,,,,,,,,,,
2022-06-12T00:00,,Unknown,,,,,,,,,,,,
2022-06-12T01:00,,Unknown,,,,,,,,,,,,
2022-06-12T02:00,,Unknown,,,,,,,,,,,,
2022-06-12T03:00,,Unknown,,,,,,,,,,,,
2022-06-12T04:00,,Unknown,,,,,,,,,,,,
2022-06-12T05:00,,Unknown,,,,,,,,,,,,
2022-06-12T06:00,,Unknown,,,,,,,,,,,,
2022-06-12T07:00,,Unknown,,,,,,,,,,,,
2022-06-12T08:00,,Unknown,,,,,,,,,,,,
2022-06-12T09:00,,Unknown,,,,,,,,,,,,
2022-06-12T10:00,,Unknown,,,,,,,,,,,,
2022-06-12T11:00,,Unknown,,,,,,,,,,,,
2022-06-12T12:00,,Unknown,,,,,,,,,,,,
2022-06-12T13:00,,Unknown,,,,,,,,,,,,
2022-06-12T14:00,,Unknown,,,,,,,,,,,,
2022-06-12T15:00,,Unknown,,,,,,,,,,,,
2022-06-12T16:00,,Unknown,,,,,,,,,,,,
2022-06-12T17:00,,Unknown,,,,,,,,,,,,
2022-06-12T18:00,,Unknown,,,,,,,,,,,,
2022-06-12T19:00,,Unknown,,,,,,,,,,,,
2022-06-12T20:00,,Unknown,,,,,,,,,,,,
2022-06-12T21:00,,Unknown,,,,,,,,,,,,
2022-06-12T22:00,,Unknown,,,,,,,,,,,,
2022-06-12T23:00,,Unknown,,,,,,,,,,,,
2022-06-13T00:00,,Unknown,,,,,,,,,,,,
2022-06-13T01:00,,Unknown,,,,,,,,,,,,
2022-06-13T02:00,,Unknown,,,,,,,,,,,,
2022-06-13T03:00,,Unknown,,,,,,,,,,,,
2022-06-13T04:00,,Unknown,,,,,,,,,,,,
2022-06-13T05:00,,Unknown,,,,,,,,,,,,
2022-06-13T06:00,,Unknown,,,,,,,,,,,,
2022-06-13T07:00,,Unknown,,,,,,,,,,,,
2022-06-13T08:00,,Unknown,,,,,,,,,,,,
2022-06-13T09:00,,Unknown,,,,,,,,,,,,
2022-06-13T10:00,,Unknown,,,,,,,,,,,,
2022-06-13T11:00,,Unknown,,,,,,,,,,,,
2022-06-13T12:00,,Unknown,,,,,,,,,,,,
2022-06-13T13:00,,Unknown,,,,,,,,,,,,
2022-06-13T14:00,,Unknown,,,,,,,,,,,,
2022-06-13T15:00,,Unknown,,,,,,,,,,,,
2022-06-13T16:00,,Unknown,,,,,,,,,,,,
2022-06-13T17:00,,Unknown,,,,,,,,,,,,
2022-06-13T18:00,,Unknown,,,,,,,,,,,,
2022-06-13T19:00,,Unknown,,,,,,,,,,,,
2022-06-13T20:00,,Unknown,,,,,,,,,,,,
2022-06-13T21:00,,Unknown,,,,,,,,,,,,
2022-06-13T22:00,,Unknown,,,,,,,,,,,,
2022-06-13T23:00,,Unknown,,,,,,,,,,,,
2022-06-14T00:00,,Unknown,,,,,,,,,,,,
2022-06-14T01:00,,Unknown,,,,,,,,,,,,
2022-06-14T02:00,,Unknown,,,,,,,,,,,,
2022-06-14T03:00,,Unknown,,,,,,,,,,,,
2022-06-14T04:00,,Unknown,,,,,,,,,,,,
2022-06-14T05:00,,Unknown,,,,,,,,,,,,
2022-06-14T06:00,,Unknown,,,,,,,,,,,,
2022-06-14T07:00,,Unknown,,,,,,,,,,,,
2022-06-14T08:00,,Unknown,,,,,,,,,,,,
2022-06-14T09:00,,Unknown,,,,,,,,,,,,
2022-06-14T10:00,,Unknown,,,,,,,,,,,,
2022-06-14T11:00,,Unknown,,,,,,,,,,,,
2022-06-14T12:00,,Unknown,,,,,,,,,,,,
2022-06-14T13:00,,Unknown,,,,,,,,,,,,
2022-06-14T14:00,,Unknown,,,,,,,,,,,,
2022-06-14T15:00,,Unknown,,,,,,,,,,,,
2022-06-14T16:00,,Unknown,,,,,,,,,,,,
2022-06-14T17:00,,Unknown,,,,,,,,,,,,
2022-06-14T18:00,,Unknown,,,,,,,,,,,,
2022-06-14T19:00,,Unknown,,,,,,,,,,,,
2022-06-14T20:00,,Unknown,,,,,,,,,,,,
2022-06-14T21:00,,Unknown,,,,,,,,,,,,
2022-06-14T22:00,,Unknown,,,,,,,,,,,,
2022-06-14T23:00,,Unknown,,,,,,,,,,,,
2022-06-15T00:00,,Unknown,,,,,,,,,,,,
2022-06-15T01:00,,Unknown,,,,,,,,,,,,
2022-06-15T02:00,,Unknown,,,,,,,,,,,,
2022-06-15T03:00,,Unknown,,,,,,,,,,,,
2022-06-15T04:00,,Unknown,,,,,,,,,,,,
2022-06-15T05:00,,Unknown,,,,,,,,,,,,
2022-06-15T06:00,,Unknown,,,,,,,,,,,,
2022-06-15T07:00,,Unknown,,,,,,,,,,,,
2022-06-15T08:00,,Unknown,,,,,,,,,,,,
2022-06-15T09:00,,Unknown,,,,,,,,,,,,
2022-06-15T10:00,,Unknown,,,,,,,,,,,,
2022-06-15T11:00,,Unknown,,,,,,,,,,,,
2022-06-15T12:00,,Unknown,,,,,,,,,,,,
2022-06-15T13:00,,Unknown,,,,,,,,,,,,
2022-06-15T14:00,,Unknown,,,,,,,,,,,,
2022-06-15T15:00,,Unknown,,,,,,,,,,,,
2022-06-15T16:00,,Unknown,,,,,,,,,,,,
2022-06-15T17:00,,Unknown,,,,,,,,,,,,
2022-06-15T18:00,,Unknown,,,,,,,,,,,,
2022-06-15T19:00,,Unknown,,,,,,,,,,,,
2022-06-15T20:00,,Unknown,,,,,,,,,,,,
2022-06-15T21:00,,Unknown,,,,,,,,,,,,
2022-06-15T22:00,,Unknown,,,,,,,,,,,,
2022-06-15T23:00,,Unknown,,,,,,,,,,,,
2022-06-16T00:00,,Unknown,,,,,,,,,,,,
2022-06-16T01:00,,Unknown,,,,,,,,,,,,
2022-06-16T02:00,,Unknown,,,,,,,,,,,,
2022-06-16T03:00,,Unknown,,,,,,,,,,,,
2022-06-16T04:00,,Unknown,,,,,,,,,,,,
2022-06-16T05:00,,Unknown,,,,,,,,,,,,
2022-06-16T06:00,,Unknown,,,,,,,,,,,,
2022-06-16T07:00,,Unknown,,,,,,,,,,,,
2022-06-16T08:00,,Unknown,,,,,,,,,,,,
2022-06-16T09:00,,Unknown,,,,,,,,,,,,
2022-06-16T10:00,,Unknown,,,,,,,,,,,,
2022-06-16T11:00,,Unknown,,,,,,,,,,,,
2022-06-16T12:00,,Unknown,,,,,,,,,,,,
2022-06-16T13:00,,Unknown,,,,,,,,,,,,
2022-06-16T14:00,,Unknown,,,,,,,,,,,,
2022-06-16T15:00,,Unknown,,,,,,,,,,,,
2022-06-16T16:00,,Unknown,,,,,,,,,,,,
2022-06-16T17:00,,Unknown,,,,,,,,,,,,
2022-06-16T18:00,,Unknown,,,,,,,,,,,,
2022-06-16T19:00,,Unknown,,,,,,,,,,,,
2022-06-16T20:00,,Unknown,,,,,,,,,,,,
2022-06-16T21:00,,Unknown,,,,,,,,,,,,
2022-06-16T22:00,,Unknown,,,,,,,,,,,,
2022-06-16T23:00,,Unknown,,,,,,,,,,,,
2022-06-17T00:00,,Unknown,,,,,,,,,,,,
2022-06-17T01:00,,Unknown,,,,,,,,,,,,
2022-06-17T02:00,,Unknown,,,,,,,,,,,,
2022-06-17T03:00,,Unknown,,,,,,,,,,,,
2022-06-17T04:00,,Unknown,,,,,,,,,,,,
2022-06-17T05:00,,Unknown,,,,,,,,,,,,
2022-06-17T06:00,,Unknown,,,,,,,,,,,,
2022-06-17T07:00,,Unknown,,,,,,,,,,,,
2022-06-17T08:00,,Unknown,,,,,,,,,,,,
2022-06-17T09:00,,Unknown,,,,,,,,,,,,
2022-06-17T10:00,,Unknown,,,,,,,,,,,,
2022-06-17T11:00,,Unknown,,,,,,,,,,,,
2022-06-17T12:00,,Unknown,,,,,,,,,,,,
2022-06-17T13:00,,Unknown,,,,,,,,,,,,
2022-06-17T14:00,,Unknown,,,,,,,,,,,,
2022-06-17T15:00,,Unknown,,,,,,,,,,,,
2022-06-17T16:00,,Unknown,,,,,,,,,,,,
2022-06-17T17:00,,Unknown,,,,,,,,,,,,
2022-06-17T18:00,,Unknown,,,,,,,,,,,,
2022-06-17T19:00,,Unknown,,,,,,,,,,,,
2022-06-17T20:00,,Unknown,,,,,,,,,,,,
2022-06-17T21:00,,Unknown,,,,,,,,,,,,
2022-06-17T22:00,,Unknown,,,,,,,,,,,,
2022-06-17T23:00,,Unknown,,,,,,,,,,,,
2022-06-18T00:00,,Unknown,,,,,,,,,,,,
2022-06-18T01:00,,Unknown,,,,,,,,,,,,
2022-06-18T02:00,,Unknown,,,,,,,,,,,,
2022-06-18T03:00,,Unknown,,,,,,,,,,,,
2022-06-18T04:00,,Unknown,,,,,,,,,,,,
2022-06-18T05:00,,Unknown,,,,,,,,,,,,
2022-06-18T06:00,,Unknown,,,,,,,,,,,,
2022-06-18T07:00,,Unknown,,,,,,,,,,,,
2022-06-18T08:00,,Unknown,,,,,,,,,,,,
2022-06-18T09:00,,Unknown,,,,,,,,,,,,
2022-06-18T10:00,,Unknown,,,,,,,,,,,,
2022-06-18T11:00,,Unknown,,,,,,,,,,,,
2022-06-18T12:00,,Unknown,,,,,,,,,,,,
2022-06-18T13:00,,Unknown,,,,,,,,,,,,
2022-06-18T14:00,,Unknown,,,,,,,,,,,,
2022-06-18T15:00,,Unknown,,,,,,,,,,,,
2022-06-18T16:00,,Unknown,,,,,,,,,,,,
2022-06-18T17:00,,Unknown,,,,,,,,,,,,
2022-06-18T18:00,,Unknown,,,,,,,,,,,,
2022-06-18T19:00,,Unknown,,,,,,,,,,,,
2022-06-18T20:00,,Unknown,,,,,,,,,,,,
2022-06-18T21:00,,Unknown,,,,,,,,,,,,
2022-06-18T22:00,,Unknown,,,,,,,,,,,,
2022-06-18T23:00,,Unknown,,,,,,,,,,,,
2022-06-19T00:00,,Unknown,,,,,,,,,,,,
2022-06-19T01:00,,Unknown,,,,,,,,,,,,
2022-06-19T02:00,,Unknown,,,,,,,,,,,,
2022-06-19T03:00,,Unknown,,,,,,,,,,,,
2022-06-19T04:00,,Unknown,,,,,,,,,,,,
2022-06-19T05:00,,Unknown,,,,,,,,,,,,
2022-06-19T06:00,,Unknown,,,,,,,,,,,,
2022-06-19T07:00,,Unknown,,,,,,,,,,,,
2022-06-19T08:00,,Unknown,,,,,,,,,,,,
2022-06-19T09:00,,Unknown,,,,,,,,,,,,
2022-06-19T10:00,,Unknown,,,,,,,,,,,,
2022-06-19T11:00,,Unknown,,,,,,,,,,,,
2022-06-19T12:00,,Unknown,,,,,,,,,,,,
2022-06-19T13:00,,Unknown,,,,,,,,,,,,
2022-06-19T14:00,,Unknown,,,,,,,,,,,,
2022-06-19T15:00,,Unknown,,,,,,,,,,,,
2022-06-19T16:00,,Unknown,,,,,,,,,,,,
2022-06-19T17:00,,Unknown,,,,,,,,,,,,
2022-06-19T18:00,,Unknown,,,,,,,,,,,,
2022-06-19T19:00,,Unknown,,,,,,,,,,,,
2022-06-19T20:00,,Unknown,,,,,,,,,,,,
2022-06-19T21:00,,Unknown,,,,,,,,,,,,
2022-06-19T22:00,,Unknown,,,,,,,,,,,,
2022-06-19T23:00,,Unknown,,,,,,,,,,,,
2022-06-20T00:00,,Unknown,,,,,,,,,,,,
2022-06-20T01:00,,Unknown,,,,,,,,,,,,
2022-06-20T02:00,,Unknown,,,,,,,,,,,,
2022-06-20T03:00,,Unknown,,,,,,,,,,,,
2022-06-20T04:00,,Unknown,,,,,,,,,,,,
2022-06-20T05:00,,Unknown,,,,,,,,,,,,
2022-06-20T06:00,,Unknown,,,,,,,,,,,,
2022-06-20T07:00,,Unknown,,,,,,,,,,,,
2022-06-20T08:00,,Unknown,,,,,,,,,,,,
2022-06-20T09:00,,Unknown,,,,,,,,,,,,
2022-06-20T10:00,,Unknown,,,,,,,,,,,,
2022-06-20T11:00,,Unknown,,,,,,,,,,,,
2022-06-20T12:00,,Unknown,,,,,,,,,,,,
2022-06-20T13:00,,Unknown,,,,,,,,,,,,
2022-06-20T14:00,,Unknown,,,,,,,,,,,,
2022-06-20T15:00,,Unknown,,,,,,,,,,,,
2022-06-20T16:00,,Unknown,,,,,,,,,,,,
2022-06-20T17:00,,Unknown,,,,,,,,,,,,
2022-06-20T18:00,,Unknown,,,,,,,,,,,,
2022-06-20T19:00,,Unknown,,,,,,,,,,,,
2022-06-20T20:00,,Unknown,,,,,,,,,,,,
2022-06-20T21:00,,Unknown,,,,,,,,,,,,
2022-06-20T22:00,,Unknown,,,,,,,,,,,,
2022-06-20T23:00,,Unknown,,,,,,,,,,,,
2022-06-21T00:00,,Unknown,,,,,,,,,,,,
2022-06-21T01:00,,Unknown,,,,,,,,,,,,
2022-06-21T02:00,,Unknown,,,,,,,,,,,,
2022-06-21T03:00,,Unknown,,,,,,,,,,,,
2022-06-21T04:00,,Unknown,,,,,,,,,,,,
2022-06-21T05:00,,Unknown,,,,,,,,,,,,
2022-06-21T06:00,,Unknown,,,,,,,,,,,,
2022-06-21T07:00,,Unknown,,,,,,,,,,,,
2022-06-21T08:00,,Unknown,,,,,,,,,,,,
2022-06-21T09:00,,Unknown,,,,,,,,,,,,
2022-06-21T10:00,,Unknown,,,,,,,,,,,,
2022-06-21T11:00,,Unknown,,,,,,,,,,,,
2022-06-21T12:00,,Unknown,,,,,,,,,,,,
2022-06-21T13:00,,Unknown,,,,,,,,,,,,
2022-06-21T14:00,,Unknown,,,,,,,,,,,,
2022-06-21T15:00,,Unknown,,,,,,,,,,,,
2022-06-21T16:00,,Unknown,,,,,,,,,,,,
2022-06-21T17:00,,Unknown,,,,,,,,,,,,
2022-06-21T18:00,,Unknown,,,,,,,,,,,,
2022-06-21T19:00,,Unknown,,,,,,,,,,,,
2022-06-21T20:00,,Unknown,,,,,,,,,,,,
2022-06-21T21:00,,Unknown,,,,,,,,,,,,
2022-06-21T22:00,,Unknown,,,,,,,,,,,,
2022-06-21T23:00,,Unknown,,,,,,,,,,,,
2022-06-22T00:00,,Unknown,,,,,,,,,,,,
2022-06-22T01:00,,Unknown,,,,,,,,,,,,
2022-06-22T02:00,,Unknown,,,,,,,,,,,,
2022-06-22T03:00,,Unknown,,,,,,,,,,,,
2022-06-22T04:00,,Unknown,,,,,,,,,,,,
2022-06-22T05:00,,Unknown,,,,,,,,,,,,
2022-06-22T06:00,,Unknown,,,,,,,,,,,,
2022-06-22T07:00,,Unknown,,,,,,,,,,,,
2022-06-22T08:00,,Unknown,,,,,,,,,,,,
2022-06-22T09:00,,Unknown,,,,,,,,,,,,
2022-06-22T10:00,,Unknown,,,,,,,,,,,,
2022-06-22T11:00,,Unknown,,,,,,,,,,,,
2022-06-22T12:00,,Unknown,,,,,,,,,,,,
2022-06-22T13:00,,Unknown,,,,,,,,,,,,
2022-06-22T14:00,,Unknown,,,,,,,,,,,,
2022-06-22T15:00,,Unknown,,,,,,,,,,,,
2022-06-22T16:00,,Unknown,,,,,,,,,,,,
2022-06-22T17:00,,Unknown,,,,,,,,,,,,
2022-06-22T18:00,,Unknown,,,,,,,,,,,,
2022-06-22T19:00,,Unknown,,,,,,,,,,,,
2022-06-22T20:00,,Unknown,,,,,,,,,,,,
2022-06-22T21:00,,Unknown,,,,,,,,,,,,
2022-06-22T22:00,,Unknown,,,,,,,,,,,,
2022-06-22T23:00,,Unknown,,,,,,,,,,,,
2022-06-23T00:00,,Unknown,,,,,,,,,,,,
2022-06-23T01:00,,Unknown,,,,,,,,,,,,
2022-06-23T02:00,,Unknown,,,,,,,,,,,,
2022-06-23T03:00,,Unknown,,,,,,,,,,,,
2022-06-23T04:00,,Unknown,,,,,,,,,,,,
2022-06-23T05:00,,Unknown,,,,,,,,,,,,
2022-06-23T06:00,,Unknown,,,,,,,,,,,,
2022-06-23T07:00,,Unknown,,,,,,,,,,,,
2022-06-23T08:00,,Unknown,,,,,,,,,,,,
2022-06-23T09:00,,Unknown,,,,,,,,,,,,
2022-06-23T10:00,,Unknown,,,,,,,,,,,,
2022-06-23T11:00,,Unknown,,,,,,,,,,,,
2022-06-23T12:00,,Unknown,,,,,,,,,,,,
2022-06-23T13:00,,Unknown,,,,,,,,,,,,
2022-06-23T14:00,,Unknown,,,,,,,,,,,,
2022-06-23T15:00,,Unknown,,,,,,,,,,,,
2022-06-23T16:00,,Unknown,,,,,,,,,,,,
2022-06-23T17:00,,Unknown,,,,,,,,,,,,
2022-06-23T18:00,,Unknown,,,,,,,,,,,,
2022-06-23T19:00,,Unknown,,,,,,,,,,,,
2022-06-23T20:00,,Unknown,,,,,,,,,,,,
2022-06-23T21:00,,Unknown,,,,,,,,,,,,
2022-06-23T22:00,,Unknown,,,,,,,,,,,,
2022-06-23T23:00,,Unknown,,,,,,,,,,,,
2022-06-24T00:00,,Unknown,,,,,,,,,,,,
2022-06-24T01:00,,Unknown,,,,,,,,,,,,
2022-06-24T02:00,,Unknown,,,,,,,,,,,,
2022-06-24T03:00,,Unknown,,,,,,,,,,,,
2022-06-24T04:00,,Unknown,,,,,,,,,,,,
2022-06-24T05:00,,Unknown,,,,,,,,,,,,
2022-06-24T06:00,,Unknown,,,,,,,,,,,,
2022-06-24T07:00,,Unknown,,,,,,,,,,,,
2022-06-24T08:00,,Unknown,,,,,,,,,,,,
2022-06-24T09:00,,Unknown,,,,,,,,,,,,
2022-06-24T10:00,,Unknown,,,,,,,,,,,,
2022-06-24T11:00,,Unknown,,,,,,,,,,,,
2022-06-24T12:00,,Unknown,,,,,,,,,,,,
2022-06-24T13:00,,Unknown,,,,,,,,,,,,
2022-06-24T14:00,,Unknown,,,,,,,,,,,,
2022-06-24T15:00,,Unknown,,,,,,,,,,,,
2022-06-24T16:00,,Unknown,,,,,,,,,,,,
2022-06-24T17:00,,Unknown,,,,,,,,,,,,
2022-06-24T18:00,,Unknown,,,,,,,,,,,,
2022-06-24T19:00,,Unknown,,,,,,,,,,,,
2022-06-24T20:00,,Unknown,,,,,,,,,,,,
2022-06-24T21:00,,Unknown,,,,,,,,,,,,
2022-06-24T22:00,,Unknown,,,,,,,,,,,,
2022-06-24T23:00,,Unknown,,,,,,,,,,,,
2022-06-25T00:00,,Unknown,,,,,,,,,,,,
2022-06-25T01:00,,Unknown,,,,,,,,,,,,
2022-06-25T02:00,,Unknown,,,,,,,,,,,,
2022-06-25T03:00,,Unknown,,,,,,,,,,,,
2022-06-25T04:00,,Unknown,,,,,,,,,,,,
2022-06-25T05:00,,Unknown,,,,,,,,,,,,
2022-06-25T06:00,,Unknown,,,,,,,,,,,,
2022-06-25T07:00,,Unknown,,,,,,,,,,,,
2022-06-25T08:00,,Unknown,,,,,,,,,,,,
2022-06-25T09:00,,Unknown,,,,,,,,,,,,
2022-06-25T10:00,,Unknown,,,,,,,,,,,,
2022-06-25T11:00,,Unknown,,,,,,,,,,,,
2022-06-25T12:00,,Unknown,,,,,,,,,,,,
2022-06-25T13:00,,Unknown,,,,,,,,,,,,
2022-06-25T14:00,,Unknown,,,,,,,,,,,,
2022-06-25T15:00,,Unknown,,,,,,,,,,,,
2022-06-25T16:00,,Unknown,,,,,,,,,,,,
2022-06-25T17:00,,Unknown,,,,,,,,,,,,
2022-06-25T18:00,,Unknown,,,,,,,,,,,,
2022-06-25T19:00,,Unknown,,,,,,,,,,,,
2022-06-25T20:00,,Unknown,,,,,,,,,,,,
2022-06-25T21:00,,Unknown,,,,,,,,,,,,
2022-06-25T22:00,,Unknown,,,,,,,,,,,,
2022-06-25T23:00,,Unknown,,,,,,,,,,,,
2022-06-26T00:00,,Unknown,,,,,,,,,,,,
2022-06-26T01:00,,Unknown,,,,,,,,,,,,
2022-06-26T02:00,,Unknown,,,,,,,,,,,,
2022-06-26T03:00,,Unknown,,,,,,,,,,,,
2022-06-26T04:00,,Unknown,,,,,,,,,,,,
2022-06-26T05:00,,Unknown,,,,,,,,,,,,
2022-06-26T06:00,,Unknown,,,,,,,,,,,,
2022-06-26T07:00,,Unknown,,,,,,,,,,,,
2022-06-26T08:00,,Unknown,,,,,,,,,,,,
2022-06-26T09:00,,Unknown,,,,,,,,,,,,
2022-06-26T10:00,,Unknown,,,,,,,,,,,,
2022-06-26T11:00,,Unknown,,,,,,,,,,,,
2022-06-26T12:00,,Unknown,,,,,,,,,,,,
2022-06-26T13:00,,Unknown,,,,,,,,,,,,
2022-06-26T14:00,,Unknown,,,,,,,,,,,,
2022-06-26T15:00,,Unknown,,,,,,,,,,,,
2022-06-26T16:00,,Unknown,,,,,,,,,,,,
2022-06-26T17:00,,Unknown,,,,,,,,,,,,
2022-06-26T18:00,,Unknown,,,,,,,,,,,,
2022-06-26T19:00,,Unknown,,,,,,,,,,,,
2022-06-26T20:00,,Unknown,,,,,,,,,,,,
2022-06-26T21:00,,Unknown,,,,,,,,,,,,
2022-06-26T22:00,,Unknown,,,,,,,,,,,,
2022-06-26T23:00,,Unknown,,,,,,,,,,,,
2022-06-27T00:00,,Unknown,,,,,,,,,,,,
2022-06-27T01:00,,Unknown,,,,,,,,,,,,
2022-06-27T02:00,,Unknown,,,,,,,,,,,,
2022-06-27T03:00,,Unknown,,,,,,,,,,,,
2022-06-27T04:00,,Unknown,,,,,,,,,,,,
2022-06-27T05:00,,Unknown,,,,,,,,,,,,
2022-06-27T06:00,,Unknown,,,,,,,,,,,,
2022-06-27T07:00,,Unknown,,,,,,,,,,,,
2022-06-27T08:00,,Unknown,,,,,,,,,,,,
2022-06-27T09:00,,Unknown,,,,,,,,,,,,
2022-06-27T10:00,,Unknown,,,,,,,,,,,,
2022-06-27T11:00,,Unknown,,,,,,,,,,,,
2022-06-27T12:00,,Unknown,,,,,,,,,,,,
2022-06-27T13:00,,Unknown,,,,,,,,,,,,
2022-06-27T14:00,,Unknown,,,,,,,,,,,,
2022-06-27T15:00,,Unknown,,,,,,,,,,,,
2022-06-27T16:00,,Unknown,,,,,,,,,,,,
2022-06-27T17:00,,Unknown,,,,,,,,,,,,
2022-06-27T18:00,,Unknown,,,,,,,,,,,,
2022-06-27T19:00,,Unknown,,,,,,,,,,,,
2022-06-27T20:00,,Unknown,,,,,,,,,,,,
2022-06-27T21:00,,Unknown,,,,,,,,,,,,
2022-06-27T22:00,,Unknown,,,,,,,,,,,,
2022-06-27T23:00,,Unknown,,,,,,,,,,,,
2022-06-28T00:00,,Unknown,,,,,,,,,,,,
2022-06-28T01:00,,Unknown,,,,,,,,,,,,
2022-06-28T02:00,,Unknown,,,,,,,,,,,,
2022-06-28T03:00,,Unknown,,,,,,,,,,,,
2022-06-28T04:00,,Unknown,,,,,,,,,,,,
2022-06-28T05:00,,Unknown,,,,,,,,,,,,
2022-06-28T06:00,,Unknown,,,,,,,,,,,,
2022-06-28T07:00,,Unknown,,,,,,,,,,,,
2022-06-28T08:00,,Unknown,,,,,,,,,,,,
2022-06-28T09:00,,Unknown,,,,,,,,,,,,
2022-06-28T10:00,,Unknown,,,,,,,,,,,,
2022-06-28T11:00,,Unknown,,,,,,,,,,,,
2022-06-28T12:00,,Unknown,,,,,,,,,,,,
2022-06-28T13:00,,Unknown,,,,,,,,,,,,
2022-06-28T14:00,,Unknown,,,,,,,,,,,,
2022-06-28T15:00,,Unknown,,,,,,,,,,,,
2022-06-28T16:00,,Unknown,,,,,,,,,,,,
2022-06-28T17:00,,Unknown,,,,,,,,,,,,
2022-06-28T18:00,,Unknown,,,,,,,,,,,,
2022-06-28T19:00,,Unknown,,,,,,,,,,,,
2022-06-28T20:00,,Unknown,,,,,,,,,,,,
2022-06-28T21:00,,Unknown,,,,,,,,,,,,
2022-06-28T22:00,,Unknown,,,,,,,,,,,,
2022-06-28T23:00,,Unknown,,,,,,,,,,,,
2022-06-29T00:00,,Unknown,,,,,,,,,,,,
2022-06-29T01:00,,Unknown,,,,,,,,,,,,
2022-06-29T02:00,,Unknown,,,,,,,,,,,,
2022-06-29T03:00,,Unknown,,,,,,,,,,,,
2022-06-29T04:00,,Unknown,,,,,,,,,,,,
2022-06-29T05:00,,Unknown,,,,,,,,,,,,
2022-06-29T06:00,,Unknown,,,,,,,,,,,,
2022-06-29T07:00,,Unknown,,,,,,,,,,,,
2022-06-29T08:00,,Unknown,,,,,,,,,,,,
2022-06-29T09:00,,Unknown,,,,,,,,,,,,
2022-06-29T10:00,,Unknown,,,,,,,,,,,,
2022-06-29T11:00,,Unknown,,,,,,,,,,,,
2022-06-29T12:00,,Unknown,,,,,,,,,,,,
2022-06-29T13:00,,Unknown,,,,,,,,,,,,
2022-06-29T14:00,,Unknown,,,,,,,,,,,,
2022-06-29T15:00,,Unknown,,,,,,,,,,,,
2022-06-29T16:00,,Unknown,,,,,,,,,,,,
2022-06-29T17:00,,Unknown,,,,,,,,,,,,
2022-06-29T18:00,,Unknown,,,,,,,,,,,,
2022-06-29T19:00,,Unknown,,,,,,,,,,,,
2022-06-29T20:00,,Unknown,,,,,,,,,,,,
2022-06-29T21:00,,Unknown,,,,,,,,,,,,
2022-06-29T22:00,,Unknown,,,,,,,,,,,,
2022-06-29T23:00,,Unknown,,,,,,,,,,,,
2022-06-30T00:00,,Unknown,,,,,,,,,,,,
2022-06-30T01:00,,Unknown,,,,,,,,,,,,
2022-06-30T02:00,,Unknown,,,,,,,,,,,,
2022-06-30T03:00,,Unknown,,,,,,,,,,,,
2022-06-30T04:00,,Unknown,,,,,,,,,,,,
2022-06-30T05:00,,Unknown,,,,,,,,,,,,
2022-06-30T06:00,,Unknown,,,,,,,,,,,,
2022-06-30T07:00,,Unknown,,,,,,,,,,,,
2022-06-30T08:00,,Unknown,,,,,,,,,,,,
2022-06-30T09:00,,Unknown,,,,,,,,,,,,
2022-06-30T10:00,,Unknown,,,,,,,,,,,,
2022-06-30T11:00,,Unknown,,,,,,,,,,,,
2022-06-30T12:00,,Unknown,,,,,,,,,,,,
2022-06-30T13:00,,Unknown,,,,,,,,,,,,
2022-06-30T14:00,,Unknown,,,,,,,,,,,,
2022-06-30T15:00,,Unknown,,,,,,,,,,,,
2022-06-30T16:00,,Unknown,,,,,,,,,,,,
2022-06-30T17:00,,Unknown,,,,,,,,,,,,
2022-06-30T18:00,,Unknown,,,,,,,,,,,,
2022-06-30T19:00,,Unknown,,,,,,,,,,,,
2022-06-30T20:00,,Unknown,,,,,,,,,,,,
2022-06-30T21:00,,Unknown,,,,,,,,,,,,
2022-06-30T22:00,,Unknown,,,,,,,,,,,,
2022-06-30T23:00,,Unknown,,,,,,,,,,,,
2022-07-01T00:00,,Unknown,,,,,,,,,,,,
2022-07-01T01:00,,Unknown,,,,,,,,,,,,
2022-07-01T02:00,,Unknown,,,,,,,,,,,,
2022-07-01T03:00,,Unknown,,,,,,,,,,,,
2022-07-01T04:00,,Unknown,,,,,,,,,,,,
2022-07-01T05:00,,Unknown,,,,,,,,,,,,
2022-07-01T06:00,,Unknown,,,,,,,,,,,,
2022-07-01T07:00,,Unknown,,,,,,,,,,,,
2022-07-01T08:00,,Unknown,,,,,,,,,,,,
2022-07-01T09:00,,Unknown,,,,,,,,,,,,
2022-07-01T10:00,,Unknown,,,,,,,,,,,,
2022-07-01T11:00,,Unknown,,,,,,,,,,,,
2022-07-01T12:00,,Unknown,,,,,,,,,,,,
2022-07-01T13:00,,Unknown,,,,,,,,,,,,
2022-07-01T14:00,,Unknown,,,,,,,,,,,,
2022-07-01T15:00,,Unknown,,,,,,,,,,,,
2022-07-01T16:00,,Unknown,,,,,,,,,,,,
2022-07-01T17:00,,Unknown,,,,,,,,,,,,
2022-07-01T18:00,,Unknown,,,,,,,,,,,,
2022-07-01T19:00,,Unknown,,,,,,,,,,,,
2022-07-01T20:00,,Unknown,,,,,,,,,,,,
2022-07-01T21:00,,Unknown,,,,,,,,,,,,
2022-07-01T22:00,,Unknown,,,,,,,,,,,,
2022-07-01T23:00,,Unknown,,,,,,,,,,,,
2022-07-02T00:00,,Unknown,,,,,,,,,,,,
2022-07-02T01:00,,Unknown,,,,,,,,,,,,
2022-07-02T02:00,,Unknown,,,,,,,,,,,,
2022-07-02T03:00,,Unknown,,,,,,,,,,,,
2022-07-02T04:00,,Unknown,,,,,,,,,,,,
2022-07-02T05:00,,Unknown,,,,,,,,,,,,
2022-07-02T06:00,,Unknown,,,,,,,,,,,,
2022-07-02T07:00,,Unknown,,,,,,,,,,,,
2022-07-02T08:00,,Unknown,,,,,,,,,,,,
2022-07-02T09:00,,Unknown,,,,,,,,,,,,
2022-07-02T10:00,,Unknown,,,,,,,,,,,,
2022-07-02T11:00,,Unknown,,,,,,,,,,,,
2022-07-02T12:00,,Unknown,,,,,,,,,,,,
2022-07-02T13:00,,Unknown,,,,,,,,,,,,
2022-07-02T14:00,,Unknown,,,,,,,,,,,,
2022-07-02T15:00,,Unknown,,,,,,,,,,,,
2022-07-02T16:00,,Unknown,,,,,,,,,,,,
2022-07-02T17:00,,Unknown,,,,,,,,,,,,
2022-07-02T18:00,,Unknown,,,,,,,,,,,,
2022-07-02T19:00,,Unknown,,,,,,,,,,,,
2022-07-02T20:00,,Unknown,,,,,,,,,,,,
2022-07-02T21:00,,Unknown,,,,,,,,,,,,
2022-07-02T22:00,,Unknown,,,,,,,,,,,,
2022-07-02T23:00,,Unknown,,,,,,,,,,,,
2022-07-03T00:00,,Unknown,,,,,,,,,,,,
2022-07-03T01:00,,Unknown,,,,,,,,,,,,
2022-07-03T02:00,,Unknown,,,,,,,,,,,,
2022-07-03T03:00,,Unknown,,,,,,,,,,,,
2022-07-03T04:00,,Unknown,,,,,,,,,,,,
2022-07-03T05:00,,Unknown,,,,,,,,,,,,
2022-07-03T06:00,,Unknown,,,,,,,,,,,,
2022-07-03T07:00,,Unknown,,,,,,,,,,,,
2022-07-03T08:00,,Unknown,,,,,,,,,,,,
2022-07-03T09:00,,Unknown,,,,,,,,,,,,
2022-07-03T10:00,,Unknown,,,,,,,,,,,,
2022-07-03T11:00,,Unknown,,,,,,,,,,,,
2022-07-03T12:00,,Unknown,,,,,,,,,,,,
2022-07-03T13:00,,Unknown,,,,,,,,,,,,
2022-07-03T14:00,,Unknown,,,,,,,,,,,,
2022-07-03T15:00,,Unknown,,,,,,,,,,,,
2022-07-03T16:00,,Unknown,,,,,,,,,,,,
2022-07-03T17:00,,Unknown,,,,,,,,,,,,
2022-07-03T18:00,,Unknown,,,,,,,,,,,,
2022-07-03T19:00,,Unknown,,,,,,,,,,,,
2022-07-03T20:00,,Unknown,,,,,,,,,,,,
2022-07-03T21:00,,Unknown,,,,,,,,,,,,
2022-07-03T22:00,,Unknown,,,,,,,,,,,,
2022-07-03T23:00,,Unknown,,,,,,,,,,,,
2022-07-04T00:00,,Unknown,,,,,,,,,,,,
2022-07-04T01:00,,Unknown,,,,,,,,,,,,
2022-07-04T02:00,,Unknown,,,,,,,,,,,,
2022-07-04T03:00,,Unknown,,,,,,,,,,,,
2022-07-04T04:00,,Unknown,,,,,,,,,,,,
2022-07-04T05:00,,Unknown,,,,,,,,,,,,
2022-07-04T06:00,,Unknown,,,,,,,,,,,,
2022-07-04T07:00,,Unknown,,,,,,,,,,,,
2022-07-04T08:00,,Unknown,,,,,,,,,,,,
2022-07-04T09:00,,Unknown,,,,,,,,,,,,
2022-07-04T10:00,,Unknown,,,,,,,,,,,,
2022-07-04T11:00,,Unknown,,,,,,,,,,,,
2022-07-04T12:00,,Unknown,,,,,,,,,,,,
2022-07-04T13:00,,Unknown,,,,,,,,,,,,
2022-07-04T14:00,,Unknown,,,,,,,,,,,,
2022-07-04T15:00,,Unknown,,,,,,,,,,,,
2022-07-04T16:00,,Unknown,,,,,,,,,,,,
2022-07-04T17:00,,Unknown,,,,,,,,,,,,
2022-07-04T18:00,,Unknown,,,,,,,,,,,,
2022-07-04T19:00,,Unknown,,,,,,,,,,,,
2022-07-04T20:00,,Unknown,,,,,,,,,,,,
2022-07-04T21:00,,Unknown,,,,,,,,,,,,
2022-07-04T22:00,,Unknown,,,,,,,,,,,,
2022-07-04T23:00,,Unknown,,,,,,,,,,,,
2022-07-05T00:00,,Unknown,,,,,,,,,,,,
2022-07-05T01:00,,Unknown,,,,,,,,,,,,
2022-07-05T02:00,,Unknown,,,,,,,,,,,,
2022-07-05T03:00,,Unknown,,,,,,,,,,,,
2022-07-05T04:00,,Unknown,,,,,,,,,,,,
2022-07-05T05:00,,Unknown,,,,,,,,,,,,
2022-07-05T06:00,,Unknown,,,,,,,,,,,,
2022-07-05T07:00,,Unknown,,,,,,,,,,,,
2022-07-05T08:00,,Unknown,,,,,,,,,,,,
2022-07-05T09:00,,Unknown,,,,,,,,,,,,
2022-07-05T10:00,,Unknown,,,,,,,,,,,,
2022-07-05T11:00,,Unknown,,,,,,,,,,,,
2022-07-05T12:00,,Unknown,,,,,,,,,,,,
2022-07-05T13:00,,Unknown,,,,,,,,,,,,
2022-07-05T14:00,,Unknown,,,,,,,,,,,,
2022-07-05T15:00,,Unknown,,,,,,,,,,,,
2022-07-05T16:00,,Unknown,,,,,,,,,,,,
2022-07-05T17:00,,Unknown,,,,,,,,,,,,
2022-07-05T18:00,,Unknown,,,,,,,,,,,,
2022-07-05T19:00,,Unknown,,,,,,,,,,,,
2022-07-05T20:00,,Unknown,,,,,,,,,,,,
2022-07-05T21:00,,Unknown,,,,,,,,,,,,
2022-07-05T22:00,,Unknown,,,,,,,,,,,,
2022-07-05T23:00,,Unknown,,,,,,,,,,,,
2022-07-06T00:00,,Unknown,,,,,,,,,,,,
2022-07-06T01:00,,Unknown,,,,,,,,,,,,
2022-07-06T02:00,,Unknown,,,,,,,,,,,,
2022-07-06T03:00,,Unknown,,,,,,,,,,,,
2022-07-06T04:00,,Unknown,,,,,,,,,,,,
2022-07-06T05:00,,Unknown,,,,,,,,,,,,
2022-07-06T06:00,,Unknown,,,,,,,,,,,,
2022-07-06T07:00,,Unknown,,,,,,,,,,,,
2022-07-06T08:00,,Unknown,,,,,,,,,,,,
2022-07-06T09:00,,Unknown,,,,,,,,,,,,
2022-07-06T10:00,,Unknown,,,,,,,,,,,,
2022-07-06T11:00,,Unknown,,,,,,,,,,,,
2022-07-06T12:00,,Unknown,,,,,,,,,,,,
2022-07-06T13:00,,Unknown,,,,,,,,,,,,
2022-07-06T14:00,,Unknown,,,,,,,,,,,,
2022-07-06T15:00,,Unknown,,,,,,,,,,,,
2022-07-06T16:00,,Unknown,,,,,,,,,,,,
2022-07-06T17:00,,Unknown,,,,,,,,,,,,
2022-07-06T18:00,,Unknown,,,,,,,,,,,,
2022-07-06T19:00,,Unknown,,,,,,,,,,,,
2022-07-06T20:00,,Unknown,,,,,,,,,,,,
2022-07-06T21:00,,Unknown,,,,,,,,,,,,
2022-07-06T22:00,,Unknown,,,,,,,,,,,,
2022-07-06T23:00,,Unknown,,,,,,,,,,,,
2022-07-07T00:00,,Unknown,,,,,,,,,,,,
2022-07-07T01:00,,Unknown,,,,,,,,,,,,
2022-07-07T02:00,,Unknown,,,,,,,,,,,,
2022-07-07T03:00,,Unknown,,,,,,,,,,,,
2022-07-07T04:00,,Unknown,,,,,,,,,,,,
2022-07-07T05:00,,Unknown,,,,,,,,,,,,
2022-07-07T06:00,,Unknown,,,,,,,,,,,,
2022-07-07T07:00,,Unknown,,,,,,,,,,,,
2022-07-07T08:00,,Unknown,,,,,,,,,,,,
2022-07-07T09:00,,Unknown,,,,,,,,,,,,
2022-07-07T10:00,,Unknown,,,,,,,,,,,,
2022-07-07T11:00,,Unknown,,,,,,,,,,,,
2022-07-07T12:00,,Unknown,,,,,,,,,,,,
2022-07-07T13:00,,Unknown,,,,,,,,,,,,
2022-07-07T14:00,,Unknown,,,,,,,,,,,,
2022-07-07T15:00,,Unknown,,,,,,,,,,,,
2022-07-07T16:00,,Unknown,,,,,,,,,,,,
2022-07-07T17:00,,Unknown,,,,,,,,,,,,
2022-07-07T18:00,,Unknown,,,,,,,,,,,,
2022-07-07T19:00,,Unknown,,,,,,,,,,,,
2022-07-07T20:00,,Unknown,,,,,,,,,,,,
2022-07-07T21:00,,Unknown,,,,,,,,,,,,
2022-07-07T22:00,,Unknown,,,,,,,,,,,,
2022-07-07T23:00,,Unknown,,,,,,,,,,,,
2022-07-08T00:00,,Unknown,,,,,,,,,,,,
2022-07-08T01:00,,Unknown,,,,,,,,,,,,
2022-07-08T02:00,,Unknown,,,,,,,,,,,,
2022-07-08T03:00,,Unknown,,,,,,,,,,,,
2022-07-08T04:00,,Unknown,,,,,,,,,,,,
2022-07-08T05:00,,Unknown,,,,,,,,,,,,
2022-07-08T06:00,,Unknown,,,,,,,,,,,,
2022-07-08T07:00,,Unknown,,,,,,,,,,,,
2022-07-08T08:00,,Unknown,,,,,,,,,,,,
2022-07-08T09:00,,Unknown,,,,,,,,,,,,
2022-07-08T10:00,,Unknown,,,,,,,,,,,,
2022-07-08T11:00,,Unknown,,,,,,,,,,,,
2022-07-08T12:00,,Unknown,,,,,,,,,,,,
2022-07-08T13:00,,Unknown,,,,,,,,,,,,
2022-07-08T14:00,,Unknown,,,,,,,,,,,,
2022-07-08T15:00,,Unknown,,,,,,,,,,,,
2022-07-08T16:00,,Unknown,,,,,,,,,,,,
2022-07-08T17:00,,Unknown,,,,,,,,,,,,
2022-07-08T18:00,,Unknown,,,,,,,,,,,,
2022-07-08T19:00,,Unknown,,,,,,,,,,,,
2022-07-08T20:00,,Unknown,,,,,,,,,,,,
2022-07-08T21:00,,Unknown,,,,,,,,,,,,
2022-07-08T22:00,,Unknown,,,,,,,,,,,,
2022-07-08T23:00,,Unknown,,,,,,,,,,,,
2022-07-09T00:00,,Unknown,,,,,,,,,,,,
2022-07-09T01:00,,Unknown,,,,,,,,,,,,
2022-07-09T02:00,,Unknown,,,,,,,,,,,,
2022-07-09T03:00,,Unknown,,,,,,,,,,,,
2022-07-09T04:00,,Unknown,,,,,,,,,,,,
2022-07-09T05:00,,Unknown,,,,,,,,,,,,
2022-07-09T06:00,,Unknown,,,,,,,,,,,,
2022-07-09T07:00,,Unknown,,,,,,,,,,,,
2022-07-09T08:00,,Unknown,,,,,,,,,,,,
2022-07-09T09:00,,Unknown,,,,,,,,,,,,
2022-07-09T10:00,,Unknown,,,,,,,,,,,,
2022-07-09T11:00,,Unknown,,,,,,,,,,,,
2022-07-09T12:00,,Unknown,,,,,,,,,,,,
2022-07-09T13:00,,Unknown,,,,,,,,,,,,
2022-07-09T14:00,,Unknown,,,,,,,,,,,,
2022-07-09T15:00,,Unknown,,,,,,,,,,,,
2022-07-09T16:00,,Unknown,,,,,,,,,,,,
2022-07-09T17:00,,Unknown,,,,,,,,,,,,
2022-07-09T18:00,,Unknown,,,,,,,,,,,,
2022-07-09T19:00,,Unknown,,,,,,,,,,,,
2022-07-09T20:00,,Unknown,,,,,,,,,,,,
2022-07-09T21:00,,Unknown,,,,,,,,,,,,
2022-07-09T22:00,,Unknown,,,,,,,,,,,,
2022-07-09T23:00,,Unknown,,,,,,,,,,,,
2022-07-10T00:00,,Unknown,,,,,,,,,,,,
2022-07-10T01:00,,Unknown,,,,,,,,,,,,
2022-07-10T02:00,,Unknown,,,,,,,,,,,,
2022-07-10T03:00,,Unknown,,,,,,,,,,,,
2022-07-10T04:00,,Unknown,,,,,,,,,,,,
2022-07-10T05:00,,Unknown,,,,,,,,,,,,
2022-07-10T06:00,,Unknown,,,,,,,,,,,,
2022-07-10T07:00,,Unknown,,,,,,,,,,,,
2022-07-10T08:00,,Unknown,,,,,,,,,,,,
2022-07-10T09:00,,Unknown,,,,,,,,,,,,
2022-07-10T10:00,,Unknown,,,,,,,,,,,,
2022-07-10T11:00,,Unknown,,,,,,,,,,,,
2022-07-10T12:00,,Unknown,,,,,,,,,,,,
2022-07-10T13:00,,Unknown,,,,,,,,,,,,
2022-07-10T14:00,,Unknown,,,,,,,,,,,,
2022-07-10T15:00,,Unknown,,,,,,,,,,,,
2022-07-10T16:00,,Unknown,,,,,,,,,,,,
2022-07-10T17:00,,Unknown,,,,,,,,,,,,
2022-07-10T18:00,,Unknown,,,,,,,,,,,,
2022-07-10T19:00,,Unknown,,,,,,,,,,,,
2022-07-10T20:00,,Unknown,,,,,,,,,,,,
2022-07-10T21:00,,Unknown,,,,,,,,,,,,
2022-07-10T22:00,,Unknown,,,,,,,,,,,,
2022-07-10T23:00,,Unknown,,,,,,,,,,,,
2022-07-11T00:00,,Unknown,,,,,,,,,,,,
2022-07-11T01:00,,Unknown,,,,,,,,,,,,
2022-07-11T02:00,,Unknown,,,,,,,,,,,,
2022-07-11T03:00,,Unknown,,,,,,,,,,,,
2022-07-11T04:00,,Unknown,,,,,,,,,,,,
2022-07-11T05:00,,Unknown,,,,,,,,,,,,
2022-07-11T06:00,,Unknown,,,,,,,,,,,,
2022-07-11T07:00,,Unknown,,,,,,,,,,,,
2022-07-11T08:00,,Unknown,,,,,,,,,,,,
2022-07-11T09:00,,Unknown,,,,,,,,,,,,
2022-07-11T10:00,,Unknown,,,,,,,,,,,,
2022-07-11T11:00,,Unknown,,,,,,,,,,,,
2022-07-11T12:00,,Unknown,,,,,,,,,,,,
2022-07-11T13:00,,Unknown,,,,,,,,,,,,
2022-07-11T14:00,,Unknown,,,,,,,,,,,,
2022-07-11T15:00,,Unknown,,,,,,,,,,,,
2022-07-11T16:00,,Unknown,,,,,,,,,,,,
2022-07-11T17:00,,Unknown,,,,,,,,,,,,
2022-07-11T18:00,,Unknown,,,,,,,,,,,,
2022-07-11T19:00,,Unknown,,,,,,,,,,,,
2022-07-11T20:00,,Unknown,,,,,,,,,,,,
2022-07-11T21:00,,Unknown,,,,,,,,,,,,
2022-07-11T22:00,,Unknown,,,,,,,,,,,,
2022-07-11T23:00,,Unknown,,,,,,,,,,,,
2022-07-12T00:00,,Unknown,,,,,,,,,,,,
2022-07-12T01:00,,Unknown,,,,,,,,,,,,
2022-07-12T02:00,,Unknown,,,,,,,,,,,,
2022-07-12T03:00,,Unknown,,,,,,,,,,,,
2022-07-12T04:00,,Unknown,,,,,,,,,,,,
2022-07-12T05:00,,Unknown,,,,,,,,,,,,
2022-07-12T06:00,,Unknown,,,,,,,,,,,,
2022-07-12T07:00,,Unknown,,,,,,,,,,,,
2022-07-12T08:00,,Unknown,,,,,,,,,,,,
2022-07-12T09:00,,Unknown,,,,,,,,,,,,
2022-07-12T10:00,,Unknown,,,,,,,,,,,,
2022-07-12T11:00,,Unknown,,,,,,,,,,,,
2022-07-12T12:00,,Unknown,,,,,,,,,,,,
2022-07-12T13:00,,Unknown,,,,,,,,,,,,
2022-07-12T14:00,,Unknown,,,,,,,,,,,,
2022-07-12T15:00,,Unknown,,,,,,,,,,,,
2022-07-12T16:00,,Unknown,,,,,,,,,,,,
2022-07-12T17:00,,Unknown,,,,,,,,,,,,
2022-07-12T18:00,,Unknown,,,,,,,,,,,,
2022-07-12T19:00,,Unknown,,,,,,,,,,,,
2022-07-12T20:00,,Unknown,,,,,,,,,,,,
2022-07-12T21:00,,Unknown,,,,,,,,,,,,
2022-07-12T22:00,,Unknown,,,,,,,,,,,,
2022-07-12T23:00,,Unknown,,,,,,,,,,,,
2022-07-13T00:00,,Unknown,,,,,,,,,,,,
2022-07-13T01:00,,Unknown,,,,,,,,,,,,
2022-07-13T02:00,,Unknown,,,,,,,,,,,,
2022-07-13T03:00,,Unknown,,,,,,,,,,,,
2022-07-13T04:00,,Unknown,,,,,,,,,,,,
2022-07-13T05:00,,Unknown,,,,,,,,,,,,
2022-07-13T06:00,,Unknown,,,,,,,,,,,,
2022-07-13T07:00,,Unknown,,,,,,,,,,,,
2022-07-13T08:00,,Unknown,,,,,,,,,,,,
2022-07-13T09:00,,Unknown,,,,,,,,,,,,
2022-07-13T10:00,,Unknown,,,,,,,,,,,,
2022-07-13T11:00,,Unknown,,,,,,,,,,,,
2022-07-13T12:00,,Unknown,,,,,,,,,,,,
2022-07-13T13:00,,Unknown,,,,,,,,,,,,
2022-07-13T14:00,,Unknown,,,,,,,,,,,,
2022-07-13T15:00,,Unknown,,,,,,,,,,,,
2022-07-13T16:00,,Unknown,,,,,,,,,,,,
2022-07-13T17:00,,Unknown,,,,,,,,,,,,
2022-07-13T18:00,,Unknown,,,,,,,,,,,,
2022-07-13T19:00,,Unknown,,,,,,,,,,,,
2022-07-13T20:00,,Unknown,,,,,,,,,,,,
2022-07-13T21:00,,Unknown,,,,,,,,,,,,
2022-07-13T22:00,,Unknown,,,,,,,,,,,,
2022-07-13T23:00,,Unknown,,,,,,,,,,,,
2022-07-14T00:00,,Unknown,,,,,,,,,,,,
2022-07-14T01:00,,Unknown,,,,,,,,,,,,
2022-07-14T02:00,,Unknown,,,,,,,,,,,,
2022-07-14T03:00,,Unknown,,,,,,,,,,,,
2022-07-14T04:00,,Unknown,,,,,,,,,,,,
2022-07-14T05:00,,Unknown,,,,,,,,,,,,
2022-07-14T06:00,,Unknown,,,,,,,,,,,,
2022-07-14T07:00,,Unknown,,,,,,,,,,,,
2022-07-14T08:00,,Unknown,,,,,,,,,,,,
2022-07-14T09:00,,Unknown,,,,,,,,,,,,
2022-07-14T10:00,,Unknown,,,,,,,,,,,,
2022-07-14T11:00,,Unknown,,,,,,,,,,,,
2022-07-14T12:00,,Unknown,,,,,,,,,,,,
2022-07-14T13:00,,Unknown,,,,,,,,,,,,
2022-07-14T14:00,,Unknown,,,,,,,,,,,,
2022-07-14T15:00,,Unknown,,,,,,,,,,,,
2022-07-14T16:00,,Unknown,,,,,,,,,,,,
2022-07-14T17:00,,Unknown,,,,,,,,,,,,
2022-07-14T18:00,,Unknown,,,,,,,,,,,,
2022-07-14T19:00,,Unknown,,,,,,,,,,,,
2022-07-14T20:00,,Unknown,,,,,,,,,,,,
2022-07-14T21:00,,Unknown,,,,,,,,,,,,
2022-07-14T22:00,,Unknown,,,,,,,,,,,,
2022-07-14T23:00,,Unknown,,,,,,,,,,,,
2022-07-15T00:00,,Unknown,,,,,,,,,,,,
2022-07-15T01:00,,Unknown,,,,,,,,,,,,
2022-07-15T02:00,,Unknown,,,,,,,,,,,,
2022-07-15T03:00,,Unknown,,,,,,,,,,,,
2022-07-15T04:00,,Unknown,,,,,,,,,,,,
2022-07-15T05:00,,Unknown,,,,,,,,,,,,
2022-07-15T06:00,,Unknown,,,,,,,,,,,,
2022-07-15T07:00,,Unknown,,,,,,,,,,,,
2022-07-15T08:00,,Unknown,,,,,,,,,,,,
2022-07-15T09:00,,Unknown,,,,,,,,,,,,
2022-07-15T10:00,,Unknown,,,,,,,,,,,,
2022-07-15T11:00,,Unknown,,,,,,,,,,,,
2022-07-15T12:00,,Unknown,,,,,,,,,,,,
2022-07-15T13:00,,Unknown,,,,,,,,,,,,
2022-07-15T14:00,,Unknown,,,,,,,,,,,,
2022-07-15T15:00,,Unknown,,,,,,,,,,,,
2022-07-15T16:00,,Unknown,,,,,,,,,,,,
2022-07-15T17:00,,Unknown,,,,,,,,,,,,
2022-07-15T18:00,,Unknown,,,,,,,,,,,,
2022-07-15T19:00,,Unknown,,,,,,,,,,,,
2022-07-15T20:00,,Unknown,,,,,,,,,,,,
2022-07-15T21:00,,Unknown,,,,,,,,,,,,
2022-07-15T22:00,,Unknown,,,,,,,,,,,,
2022-07-15T23:00,,Unknown,,,,,,,,,,,,
2022-07-16T00:00,,Unknown,,,,,,,,,,,,
2022-07-16T01:00,,Unknown,,,,,,,,,,,,
2022-07-16T02:00,,Unknown,,,,,,,,,,,,
2022-07-16T03:00,,Unknown,,,,,,,,,,,,
2022-07-16T04:00,,Unknown,,,,,,,,,,,,
2022-07-16T05:00,,Unknown,,,,,,,,,,,,
2022-07-16T06:00,,Unknown,,,,,,,,,,,,
2022-07-16T07:00,,Unknown,,,,,,,,,,,,
2022-07-16T08:00,,Unknown,,,,,,,,,,,,
2022-07-16T09:00,,Unknown,,,,,,,,,,,,
2022-07-16T10:00,,Unknown,,,,,,,,,,,,
2022-07-16T11:00,,Unknown,,,,,,,,,,,,
2022-07-16T12:00,,Unknown,,,,,,,,,,,,
2022-07-16T13:00,,Unknown,,,,,,,,,,,,
2022-07-16T14:00,,Unknown,,,,,,,,,,,,
2022-07-16T15:00,,Unknown,,,,,,,,,,,,
2022-07-16T16:00,,Unknown,,,,,,,,,,,,
2022-07-16T17:00,,Unknown,,,,,,,,,,,,
2022-07-16T18:00,,Unknown,,,,,,,,,,,,
2022-07-16T19:00,,Unknown,,,,,,,,,,,,
2022-07-16T20:00,,Unknown,,,,,,,,,,,,
2022-07-16T21:00,,Unknown,,,,,,,,,,,,
2022-07-16T22:00,,Unknown,,,,,,,,,,,,
2022-07-16T23:00,,Unknown,,,,,,,,,,,,
2022-07-17T00:00,,Unknown,,,,,,,,,,,,
2022-07-17T01:00,,Unknown,,,,,,,,,,,,
2022-07-17T02:00,,Unknown,,,,,,,,,,,,
2022-07-17T03:00,,Unknown,,,,,,,,,,,,
2022-07-17T04:00,,Unknown,,,,,,,,,,,,
2022-07-17T05:00,,Unknown,,,,,,,,,,,,
2022-07-17T06:00,,Unknown,,,,,,,,,,,,
2022-07-17T07:00,,Unknown,,,,,,,,,,,,
2022-07-17T08:00,,Unknown,,,,,,,,,,,,
2022-07-17T09:00,,Unknown,,,,,,,,,,,,
2022-07-17T10:00,,Unknown,,,,,,,,,,,,
2022-07-17T11:00,,Unknown,,,,,,,,,,,,
2022-07-17T12:00,,Unknown,,,,,,,,,,,,
2022-07-17T13:00,,Unknown,,,,,,,,,,,,
2022-07-17T14:00,,Unknown,,,,,,,,,,,,
2022-07-17T15:00,,Unknown,,,,,,,,,,,,
2022-07-17T16:00,,Unknown,,,,,,,,,,,,
2022-07-17T17:00,,Unknown,,,,,,,,,,,,
2022-07-17T18:00,,Unknown,,,,,,,,,,,,
2022-07-17T19:00,,Unknown,,,,,,,,,,,,
2022-07-17T20:00,,Unknown,,,,,,,,,,,,
2022-07-17T21:00,,Unknown,,,,,,,,,,,,
2022-07-17T22:00,,Unknown,,,,,,,,,,,,
2022-07-17T23:00,,Unknown,,,,,,,,,,,,
2022-07-18T00:00,,Unknown,,,,,,,,,,,,
2022-07-18T01:00,,Unknown,,,,,,,,,,,,
2022-07-18T02:00,,Unknown,,,,,,,,,,,,
2022-07-18T03:00,,Unknown,,,,,,,,,,,,
2022-07-18T04:00,,Unknown,,,,,,,,,,,,
2022-07-18T05:00,,Unknown,,,,,,,,,,,,
2022-07-18T06:00,,Unknown,,,,,,,,,,,,
2022-07-18T07:00,,Unknown,,,,,,,,,,,,
2022-07-18T08:00,,Unknown,,,,,,,,,,,,
2022-07-18T09:00,,Unknown,,,,,,,,,,,,
2022-07-18T10:00,,Unknown,,,,,,,,,,,,
2022-07-18T11:00,,Unknown,,,,,,,,,,,,
2022-07-18T12:00,,Unknown,,,,,,,,,,,,
2022-07-18T13:00,,Unknown,,,,,,,,,,,,
2022-07-18T14:00,,Unknown,,,,,,,,,,,,
2022-07-18T15:00,,Unknown,,,,,,,,,,,,
2022-07-18T16:00,,Unknown,,,,,,,,,,,,
2022-07-18T17:00,,Unknown,,,,,,,,,,,,
2022-07-18T18:00,,Unknown,,,,,,,,,,,,
2022-07-18T19:00,,Unknown,,,,,,,,,,,,
2022-07-18T20:00,,Unknown,,,,,,,,,,,,
2022-07-18T21:00,,Unknown,,,,,,,,,,,,
2022-07-18T22:00,,Unknown,,,,,,,,,,,,
2022-07-18T23:00,,Unknown,,,,,,,,,,,,
2022-07-19T00:00,,Unknown,,,,,,,,,,,,
2022-07-19T01:00,,Unknown,,,,,,,,,,,,
2022-07-19T02:00,,Unknown,,,,,,,,,,,,
2022-07-19T03:00,,Unknown,,,,,,,,,,,,
2022-07-19T04:00,,Unknown,,,,,,,,,,,,
2022-07-19T05:00,,Unknown,,,,,,,,,,,,
2022-07-19T06:00,,Unknown,,,,,,,,,,,,
2022-07-19T07:00,,Unknown,,,,,,,,,,,,
2022-07-19T08:00,,Unknown,,,,,,,,,,,,
2022-07-19T09:00,,Unknown,,,,,,,,,,,,
2022-07-19T10:00,,Unknown,,,,,,,,,,,,
2022-07-19T11:00,,Unknown,,,,,,,,,,,,
2022-07-19T12:00,,Unknown,,,,,,,,,,,,
2022-07-19T13:00,,Unknown,,,,,,,,,,,,
2022-07-19T14:00,,Unknown,,,,,,,,,,,,
2022-07-19T15:00,,Unknown,,,,,,,,,,,,
2022-07-19T16:00,,Unknown,,,,,,,,,,,,
2022-07-19T17:00,,Unknown,,,,,,,,,,,,
2022-07-19T18:00,,Unknown,,,,,,,,,,,,
2022-07-19T19:00,,Unknown,,,,,,,,,,,,
2022-07-19T20:00,,Unknown,,,,,,,,,,,,
2022-07-19T21:00,,Unknown,,,,,,,,,,,,
2022-07-19T22:00,,Unknown,,,,,,,,,,,,
2022-07-19T23:00,,Unknown,,,,,,,,,,,,
2022-07-20T00:00,,Unknown,,,,,,,,,,,,
2022-07-20T01:00,,Unknown,,,,,,,,,,,,
2022-07-20T02:00,,Unknown,,,,,,,,,,,,
2022-07-20T03:00,,Unknown,,,,,,,,,,,,
2022-07-20T04:00,,Unknown,,,,,,,,,,,,
2022-07-20T05:00,,Unknown,,,,,,,,,,,,
2022-07-20T06:00,,Unknown,,,,,,,,,,,,
2022-07-20T07:00,,Unknown,,,,,,,,,,,,
2022-07-20T08:00,,Unknown,,,,,,,,,,,,
2022-07-20T09:00,,Unknown,,,,,,,,,,,,
2022-07-20T10:00,,Unknown,,,,,,,,,,,,
2022-07-20T11:00,,Unknown,,,,,,,,,,,,
2022-07-20T12:00,,Unknown,,,,,,,,,,,,
2022-07-20T13:00,,Unknown,,,,,,,,,,,,
2022-07-20T14:00,,Unknown,,,,,,,,,,,,
2022-07-20T15:00,,Unknown,,,,,,,,,,,,
2022-07-20T16:00,,Unknown,,,,,,,,,,,,
2022-07-20T17:00,,Unknown,,,,,,,,,,,,
2022-07-20T18:00,,Unknown,,,,,,,,,,,,
2022-07-20T19:00,,Unknown,,,,,,,,,,,,
2022-07-20T20:00,,Unknown,,,,,,,,,,,,
2022-07-20T21:00,,Unknown,,,,,,,,,,,,
2022-07-20T22:00,,Unknown,,,,,,,,,,,,
2022-07-20T23:00,,Unknown,,,,,,,,,,,,
2022-07-21T00:00,,Unknown,,,,,,,,,,,,
2022-07-21T01:00,,Unknown,,,,,,,,,,,,
2022-07-21T02:00,,Unknown,,,,,,,,,,,,
2022-07-21T03:00,,Unknown,,,,,,,,,,,,
2022-07-21T04:00,,Unknown,,,,,,,,,,,,
2022-07-21T05:00,,Unknown,,,,,,,,,,,,
2022-07-21T06:00,,Unknown,,,,,,,,,,,,
2022-07-21T07:00,,Unknown,,,,,,,,,,,,
2022-07-21T08:00,,Unknown,,,,,,,,,,,,
2022-07-21T09:00,,Unknown,,,,,,,,,,,,
2022-07-21T10:00,,Unknown,,,,,,,,,,,,
2022-07-21T11:00,,Unknown,,,,,,,,,,,,
2022-07-21T12:00,,Unknown,,,,,,,,,,,,
2022-07-21T13:00,,Unknown,,,,,,,,,,,,
2022-07-21T14:00,,Unknown,,,,,,,,,,,,
2022-07-21T15:00,,Unknown,,,,,,,,,,,,
2022-07-21T16:00,,Unknown,,,,,,,,,,,,
2022-07-21T17:00,,Unknown,,,,,,,,,,,,
2022-07-21T18:00,,Unknown,,,,,,,,,,,,
2022-07-21T19:00,,Unknown,,,,,,,,,,,,
2022-07-21T20:00,,Unknown,,,,,,,,,,,,
2022-07-21T21:00,,Unknown,,,,,,,,,,,,
2022-07-21T22:00,,Unknown,,,,,,,,,,,,
2022-07-21T23:00,,Unknown,,,,,,,,,,,,
2022-07-22T00:00,,Unknown,,,,,,,,,,,,
2022-07-22T01:00,,Unknown,,,,,,,,,,,,
2022-07-22T02:00,,Unknown,,,,,,,,,,,,
2022-07-22T03:00,,Unknown,,,,,,,,,,,,
2022-07-22T04:00,,Unknown,,,,,,,,,,,,
2022-07-22T05:00,,Unknown,,,,,,,,,,,,
2022-07-22T06:00,,Unknown,,,,,,,,,,,,
2022-07-22T07:00,,Unknown,,,,,,,,,,,,
2022-07-22T08:00,,Unknown,,,,,,,,,,,,
2022-07-22T09:00,,Unknown,,,,,,,,,,,,
2022-07-22T10:00,,Unknown,,,,,,,,,,,,
2022-07-22T11:00,,Unknown,,,,,,,,,,,,
2022-07-22T12:00,,Unknown,,,,,,,,,,,,
2022-07-22T13:00,,Unknown,,,,,,,,,,,,
2022-07-22T14:00,,Unknown,,,,,,,,,,,,
2022-07-22T15:00,,Unknown,,,,,,,,,,,,
2022-07-22T16:00,,Unknown,,,,,,,,,,,,
2022-07-22T17:00,,Unknown,,,,,,,,,,,,
2022-07-22T18:00,,Unknown,,,,,,,,,,,,
2022-07-22T19:00,,Unknown,,,,,,,,,,,,
2022-07-22T20:00,,Unknown,,,,,,,,,,,,
2022-07-22T21:00,,Unknown,,,,,,,,,,,,
2022-07-22T22:00,,Unknown,,,,,,,,,,,,
2022-07-22T23:00,,Unknown,,,,,,,,,,,,
2022-07-23T00:00,,Unknown,,,,,,,,,,,,
2022-07-23T01:00,,Unknown,,,,,,,,,,,,
2022-07-23T02:00,,Unknown,,,,,,,,,,,,
2022-07-23T03:00,,Unknown,,,,,,,,,,,,
2022-07-23T04:00,,Unknown,,,,,,,,,,,,
2022-07-23T05:00,,Unknown,,,,,,,,,,,,
2022-07-23T06:00,,Unknown,,,,,,,,,,,,
2022-07-23T07:00,,Unknown,,,,,,,,,,,,
2022-07-23T08:00,,Unknown,,,,,,,,,,,,
2022-07-23T09:00,,Unknown,,,,,,,,,,,,
2022-07-23T10:00,,Unknown,,,,,,,,,,,,
2022-07-23T11:00,,Unknown,,,,,,,,,,,,
2022-07-23T12:00,,Unknown,,,,,,,,,,,,
2022-07-23T13:00,,Unknown,,,,,,,,,,,,
2022-07-23T14:00,,Unknown,,,,,,,,,,,,
2022-07-23T15:00,,Unknown,,,,,,,,,,,,
2022-07-23T16:00,,Unknown,,,,,,,,,,,,
2022-07-23T17:00,,Unknown,,,,,,,,,,,,
2022-07-23T18:00,,Unknown,,,,,,,,,,,,
2022-07-23T19:00,,Unknown,,,,,,,,,,,,
2022-07-23T20:00,,Unknown,,,,,,,,,,,,
2022-07-23T21:00,,Unknown,,,,,,,,,,,,
2022-07-23T22:00,,Unknown,,,,,,,,,,,,
2022-07-23T23:00,,Unknown,,,,,,,,,,,,
2022-07-24T00:00,,Unknown,,,,,,,,,,,,
2022-07-24T01:00,,Unknown,,,,,,,,,,,,
2022-07-24T02:00,,Unknown,,,,,,,,,,,,
2022-07-24T03:00,,Unknown,,,,,,,,,,,,
2022-07-24T04:00,,Unknown,,,,,,,,,,,,
2022-07-24T05:00,,Unknown,,,,,,,,,,,,
2022-07-24T06:00,,Unknown,,,,,,,,,,,,
2022-07-24T07:00,,Unknown,,,,,,,,,,,,
2022-07-24T08:00,,Unknown,,,,,,,,,,,,
2022-07-24T09:00,,Unknown,,,,,,,,,,,,
2022-07-24T10:00,,Unknown,,,,,,,,,,,,
2022-07-24T11:00,,Unknown,,,,,,,,,,,,
2022-07-24T12:00,,Unknown,,,,,,,,,,,,
2022-07-24T13:00,,Unknown,,,,,,,,,,,,
2022-07-24T14:00,,Unknown,,,,,,,,,,,,
2022-07-24T15:00,,Unknown,,,,,,,,,,,,
2022-07-24T16:00,,Unknown,,,,,,,,,,,,
2022-07-24T17:00,,Unknown,,,,,,,,,,,,
2022-07-24T18:00,,Unknown,,,,,,,,,,,,
2022-07-24T19:00,,Unknown,,,,,,,,,,,,
2022-07-24T20:00,,Unknown,,,,,,,,,,,,
2022-07-24T21:00,,Unknown,,,,,,,,,,,,
2022-07-24T22:00,,Unknown,,,,,,,,,,,,
2022-07-24T23:00,,Unknown,,,,,,,,,,,,
2022-07-25T00:00,,Unknown,,,,,,,,,,,,
2022-07-25T01:00,,Unknown,,,,,,,,,,,,
2022-07-25T02:00,,Unknown,,,,,,,,,,,,
2022-07-25T03:00,,Unknown,,,,,,,,,,,,
2022-07-25T04:00,,Unknown,,,,,,,,,,,,
2022-07-25T05:00,,Unknown,,,,,,,,,,,,
2022-07-25T06:00,,Unknown,,,,,,,,,,,,
2022-07-25T07:00,,Unknown,,,,,,,,,,,,
2022-07-25T08:00,,Unknown,,,,,,,,,,,,
2022-07-25T09:00,,Unknown,,,,,,,,,,,,
2022-07-25T10:00,,Unknown,,,,,,,,,,,,
2022-07-25T11:00,,Unknown,,,,,,,,,,,,
2022-07-25T12:00,,Unknown,,,,,,,,,,,,
2022-07-25T13:00,,Unknown,,,,,,,,,,,,
2022-07-25T14:00,,Unknown,,,,,,,,,,,,
2022-07-25T15:00,,Unknown,,,,,,,,,,,,
2022-07-25T16:00,,Unknown,,,,,,,,,,,,
2022-07-25T17:00,,Unknown,,,,,,,,,,,,
2022-07-25T18:00,,Unknown,,,,,,,,,,,,
2022-07-25T19:00,,Unknown,,,,,,,,,,,,
2022-07-25T20:00,,Unknown,,,,,,,,,,,,
2022-07-25T21:00,,Unknown,,,,,,,,,,,,
2022-07-25T22:00,,Unknown,,,,,,,,,,,,
2022-07-25T23:00,,Unknown,,,,,,,,,,,,
2022-07-26T00:00,,Unknown,,,,,,,,,,,,
2022-07-26T01:00,,Unknown,,,,,,,,,,,,
2022-07-26T02:00,,Unknown,,,,,,,,,,,,
2022-07-26T03:00,,Unknown,,,,,,,,,,,,
2022-07-26T04:00,,Unknown,,,,,,,,,,,,
2022-07-26T05:00,,Unknown,,,,,,,,,,,,
2022-07-26T06:00,,Unknown,,,,,,,,,,,,
2022-07-26T07:00,,Unknown,,,,,,,,,,,,
2022-07-26T08:00,,Unknown,,,,,,,,,,,,
2022-07-26T09:00,,Unknown,,,,,,,,,,,,
2022-07-26T10:00,,Unknown,,,,,,,,,,,,
2022-07-26T11:00,,Unknown,,,,,,,,,,,,
2022-07-26T12:00,,Unknown,,,,,,,,,,,,
2022-07-26T13:00,,Unknown,,,,,,,,,,,,
2022-07-26T14:00,,Unknown,,,,,,,,,,,,
2022-07-26T15:00,,Unknown,,,,,,,,,,,,
2022-07-26T16:00,,Unknown,,,,,,,,,,,,
2022-07-26T17:00,,Unknown,,,,,,,,,,,,
2022-07-26T18:00,,Unknown,,,,,,,,,,,,
2022-07-26T19:00,,Unknown,,,,,,,,,,,,
2022-07-26T20:00,,Unknown,,,,,,,,,,,,
2022-07-26T21:00,,Unknown,,,,,,,,,,,,
2022-07-26T22:00,,Unknown,,,,,,,,,,,,
2022-07-26T23:00,,Unknown,,,,,,,,,,,,
2022-07-27T00:00,,Unknown,,,,,,,,,,,,
2022-07-27T01:00,,Unknown,,,,,,,,,,,,
2022-07-27T02:00,,Unknown,,,,,,,,,,,,
2022-07-27T03:00,,Unknown,,,,,,,,,,,,
2022-07-27T04:00,,Unknown,,,,,,,,,,,,
2022-07-27T05:00,,Unknown,,,,,,,,,,,,
2022-07-27T06:00,,Unknown,,,,,,,,,,,,
2022-07-27T07:00,,Unknown,,,,,,,,,,,,
2022-07-27T08:00,,Unknown,,,,,,,,,,,,
2022-07-27T09:00,,Unknown,,,,,,,,,,,,
2022-07-27T10:00,,Unknown,,,,,,,,,,,,
2022-07-27T11:00,,Unknown,,,,,,,,,,,,
2022-07-27T12:00,,Unknown,,,,,,,,,,,,
2022-07-27T13:00,,Unknown,,,,,,,,,,,,
2022-07-27T14:00,,Unknown,,,,,,,,,,,,
2022-07-27T15:00,,Unknown,,,,,,,,,,,,
2022-07-27T16:00,,Unknown,,,,,,,,,,,,
2022-07-27T17:00,,Unknown,,,,,,,,,,,,
2022-07-27T18:00,,Unknown,,,,,,,,,,,,
2022-07-27T19:00,,Unknown,,,,,,,,,,,,
2022-07-27T20:00,,Unknown,,,,,,,,,,,,
2022-07-27T21:00,,Unknown,,,,,,,,,,,,
2022-07-27T22:00,,Unknown,,,,,,,,,,,,
2022-07-27T23:00,,Unknown,,,,,,,,,,,,
2022-07-28T00:00,,Unknown,,,,,,,,,,,,
2022-07-28T01:00,,Unknown,,,,,,,,,,,,
2022-07-28T02:00,,Unknown,,,,,,,,,,,,
2022-07-28T03:00,,Unknown,,,,,,,,,,,,
2022-07-28T04:00,,Unknown,,,,,,,,,,,,
2022-07-28T05:00,,Unknown,,,,,,,,,,,,
2022-07-28T06:00,,Unknown,,,,,,,,,,,,
2022-07-28T07:00,,Unknown,,,,,,,,,,,,
2022-07-28T08:00,,Unknown,,,,,,,,,,,,
2022-07-28T09:00,,Unknown,,,,,,,,,,,,
2022-07-28T10:00,,Unknown,,,,,,,,,,,,
2022-07-28T11:00,,Unknown,,,,,,,,,,,,
2022-07-28T12:00,,Unknown,,,,,,,,,,,,
2022-07-28T13:00,,Unknown,,,,,,,,,,,,
2022-07-28T14:00,,Unknown,,,,,,,,,,,,
2022-07-28T15:00,,Unknown,,,,,,,,,,,,
2022-07-28T16:00,,Unknown,,,,,,,,,,,,
2022-07-28T17:00,,Unknown,,,,,,,,,,,,
2022-07-28T18:00,,Unknown,,,,,,,,,,,,
2022-07-28T19:00,,Unknown,,,,,,,,,,,,
2022-07-28T20:00,,Unknown,,,,,,,,,,,,
2022-07-28T21:00,,Unknown,,,,,,,,,,,,
2022-07-28T22:00,,Unknown,,,,,,,,,,,,
2022-07-28T23:00,,Unknown,,,,,,,,,,,,
2022-07-29T00:00,,Unknown,,,,,,,,,,,,
2022-07-29T01:00,,Unknown,,,,,,,,,,,,
2022-07-29T02:00,,Unknown,,,,,,,,,,,,
2022-07-29T03:00,,Unknown,,,,,,,,,,,,
2022-07-29T04:00,,Unknown,,,,,,,,,,,,
2022-07-29T05:00,,Unknown,,,,,,,,,,,,
2022-07-29T06:00,,Unknown,,,,,,,,,,,,
2022-07-29T07:00,,Unknown,,,,,,,,,,,,
2022-07-29T08:00,,Unknown,,,,,,,,,,,,
2022-07-29T09:00,,Unknown,,,,,,,,,,,,
2022-07-29T10:00,,Unknown,,,,,,,,,,,,
2022-07-29T11:00,,Unknown,,,,,,,,,,,,
2022-07-29T12:00,,Unknown,,,,,,,,,,,,
2022-07-29T13:00,,Unknown,,,,,,,,,,,,
2022-07-29T14:00,,Unknown,,,,,,,,,,,,
2022-07-29T15:00,,Unknown,,,,,,,,,,,,
2022-07-29T16:00,,Unknown,,,,,,,,,,,,
2022-07-29T17:00,,Unknown,,,,,,,,,,,,
2022-07-29T18:00,,Unknown,,,,,,,,,,,,
2022-07-29T19:00,,Unknown,,,,,,,,,,,,
2022-07-29T20:00,,Unknown,,,,,,,,,,,,
2022-07-29T21:00,,Unknown,,,,,,,,,,,,
2022-07-29T22:00,,Unknown,,,,,,,,,,,,
2022-07-29T23:00,,Unknown,,,,,,,,,,,,
2022-07-30T00:00,,Unknown,,,,,,,,,,,,
2022-07-30T01:00,,Unknown,,,,,,,,,,,,
2022-07-30T02:00,,Unknown,,,,,,,,,,,,
2022-07-30T03:00,,Unknown,,,,,,,,,,,,
2022-07-30T04:00,,Unknown,,,,,,,,,,,,
2022-07-30T05:00,,Unknown,,,,,,,,,,,,
2022-07-30T06:00,,Unknown,,,,,,,,,,,,
2022-07-30T07:00,,Unknown,,,,,,,,,,,,
2022-07-30T08:00,,Unknown,,,,,,,,,,,,
2022-07-30T09:00,,Unknown,,,,,,,,,,,,
2022-07-30T10:00,,Unknown,,,,,,,,,,,,
2022-07-30T11:00,,Unknown,,,,,,,,,,,,
2022-07-30T12:00,,Unknown,,,,,,,,,,,,
2022-07-30T13:00,,Unknown,,,,,,,,,,,,
2022-07-30T14:00,,Unknown,,,,,,,,,,,,
2022-07-30T15:00,,Unknown,,,,,,,,,,,,
2022-07-30T16:00,,Unknown,,,,,,,,,,,,
2022-07-30T17:00,,Unknown,,,,,,,,,,,,
2022-07-30T18:00,,Unknown,,,,,,,,,,,,
2022-07-30T19:00,,Unknown,,,,,,,,,,,,
2022-07-30T20:00,,Unknown,,,,,,,,,,,,
2022-07-30T21:00,,Unknown,,,,,,,,,,,,
2022-07-30T22:00,,Unknown,,,,,,,,,,,,
2022-07-30T23:00,,Unknown,,,,,,,,,,,,
2022-07-31T00:00,,Unknown,,,,,,,,,,,,
2022-07-31T01:00,,Unknown,,,,,,,,,,,,
2022-07-31T02:00,,Unknown,,,,,,,,,,,,
2022-07-31T03:00,,Unknown,,,,,,,,,,,,
2022-07-31T04:00,,Unknown,,,,,,,,,,,,
2022-07-31T05:00,,Unknown,,,,,,,,,,,,
2022-07-31T06:00,,Unknown,,,,,,,,,,,,
2022-07-31T07:00,,Unknown,,,,,,,,,,,,
2022-07-31T08:00,,Unknown,,,,,,,,,,,,
2022-07-31T09:00,,Unknown,,,,,,,,,,,,
2022-07-31T10:00,,Unknown,,,,,,,,,,,,
2022-07-31T11:00,,Unknown,,,,,,,,,,,,
2022-07-31T12:00,,Unknown,,,,,,,,,,,,
2022-07-31T13:00,,Unknown,,,,,,,,,,,,
2022-07-31T14:00,,Unknown,,,,,,,,,,,,
2022-07-31T15:00,,Unknown,,,,,,,,,,,,
2022-07-31T16:00,,Unknown,,,,,,,,,,,,
2022-07-31T17:00,,Unknown,,,,,,,,,,,,
2022-07-31T18:00,,Unknown,,,,,,,,,,,,
2022-07-31T19:00,,Unknown,,,,,,,,,,,,
2022-07-31T20:00,,Unknown,,,,,,,,,,,,
2022-07-31T21:00,,Unknown,,,,,,,,,,,,
2022-07-31T22:00,,Unknown,,,,,,,,,,,,
2022-07-31T23:00,,Unknown,,,,,,,,,,,,
2022-08-01T00:00,,Unknown,,,,,,,,,,,,
2022-08-01T01:00,,Unknown,,,,,,,,,,,,
2022-08-01T02:00,,Unknown,,,,,,,,,,,,
2022-08-01T03:00,,Unknown,,,,,,,,,,,,
2022-08-01T04:00,,Unknown,,,,,,,,,,,,
2022-08-01T05:00,,Unknown,,,,,,,,,,,,
2022-08-01T06:00,,Unknown,,,,,,,,,,,,
2022-08-01T07:00,,Unknown,,,,,,,,,,,,
2022-08-01T08:00,,Unknown,,,,,,,,,,,,
2022-08-01T09:00,,Unknown,,,,,,,,,,,,
2022-08-01T10:00,,Unknown,,,,,,,,,,,,
2022-08-01T11:00,,Unknown,,,,,,,,,,,,
2022-08-01T12:00,,Unknown,,,,,,,,,,,,
2022-08-01T13:00,,Unknown,,,,,,,,,,,,
2022-08-01T14:00,,Unknown,,,,,,,,,,,,
2022-08-01T15:00,,Unknown,,,,,,,,,,,,
2022-08-01T16:00,,Unknown,,,,,,,,,,,,
2022-08-01T17:00,,Unknown,,,,,,,,,,,,
2022-08-01T18:00,,Unknown,,,,,,,,,,,,
2022-08-01T19:00,,Unknown,,,,,,,,,,,,
2022-08-01T20:00,,Unknown,,,,,,,,,,,,
2022-08-01T21:00,,Unknown,,,,,,,,,,,,
2022-08-01T22:00,,Unknown,,,,,,,,,,,,
2022-08-01T23:00,,Unknown,,,,,,,,,,,,
2022-08-02T00:00,,Unknown,,,,,,,,,,,,
2022-08-02T01:00,,Unknown,,,,,,,,,,,,
2022-08-02T02:00,,Unknown,,,,,,,,,,,,
2022-08-02T03:00,,Unknown,,,,,,,,,,,,
2022-08-02T04:00,,Unknown,,,,,,,,,,,,
2022-08-02T05:00,,Unknown,,,,,,,,,,,,
2022-08-02T06:00,,Unknown,,,,,,,,,,,,
2022-08-02T07:00,,Unknown,,,,,,,,,,,,
2022-08-02T08:00,,Unknown,,,,,,,,,,,,
2022-08-02T09:00,,Unknown,,,,,,,,,,,,
2022-08-02T10:00,,Unknown,,,,,,,,,,,,
2022-08-02T11:00,,Unknown,,,,,,,,,,,,
2022-08-02T12:00,,Unknown,,,,,,,,,,,,
2022-08-02T13:00,,Unknown,,,,,,,,,,,,
2022-08-02T14:00,,Unknown,,,,,,,,,,,,
2022-08-02T15:00,,Unknown,,,,,,,,,,,,
2022-08-02T16:00,,Unknown,,,,,,,,,,,,
2022-08-02T17:00,,Unknown,,,,,,,,,,,,
2022-08-02T18:00,,Unknown,,,,,,,,,,,,
2022-08-02T19:00,,Unknown,,,,,,,,,,,,
2022-08-02T20:00,,Unknown,,,,,,,,,,,,
2022-08-02T21:00,,Unknown,,,,,,,,,,,,
2022-08-02T22:00,,Unknown,,,,,,,,,,,,
2022-08-02T23:00,,Unknown,,,,,,,,,,,,
2022-08-03T00:00,,Unknown,,,,,,,,,,,,
2022-08-03T01:00,,Unknown,,,,,,,,,,,,
2022-08-03T02:00,,Unknown,,,,,,,,,,,,
2022-08-03T03:00,,Unknown,,,,,,,,,,,,
2022-08-03T04:00,,Unknown,,,,,,,,,,,,
2022-08-03T05:00,,Unknown,,,,,,,,,,,,
2022-08-03T06:00,,Unknown,,,,,,,,,,,,
2022-08-03T07:00,,Unknown,,,,,,,,,,,,
2022-08-03T08:00,,Unknown,,,,,,,,,,,,
2022-08-03T09:00,,Unknown,,,,,,,,,,,,
2022-08-03T10:00,,Unknown,,,,,,,,,,,,
2022-08-03T11:00,,Unknown,,,,,,,,,,,,
2022-08-03T12:00,,Unknown,,,,,,,,,,,,
2022-08-03T13:00,,Unknown,,,,,,,,,,,,
2022-08-03T14:00,,Unknown,,,,,,,,,,,,
2022-08-03T15:00,,Unknown,,,,,,,,,,,,
2022-08-03T16:00,,Unknown,,,,,,,,,,,,
2022-08-03T17:00,,Unknown,,,,,,,,,,,,
2022-08-03T18:00,,Unknown,,,,,,,,,,,,
2022-08-03T19:00,,Unknown,,,,,,,,,,,,
2022-08-03T20:00,,Unknown,,,,,,,,,,,,
2022-08-03T21:00,,Unknown,,,,,,,,,,,,
2022-08-03T22:00,,Unknown,,,,,,,,,,,,
2022-08-03T23:00,,Unknown,,,,,,,,,,,,
2022-08-04T00:00,,Unknown,,,,,,,,,,,,
2022-08-04T01:00,,Unknown,,,,,,,,,,,,
2022-08-04T02:00,,Unknown,,,,,,,,,,,,
2022-08-04T03:00,,Unknown,,,,,,,,,,,,
2022-08-04T04:00,,Unknown,,,,,,,,,,,,
2022-08-04T05:00,,Unknown,5.1,9.5,1.5,4.7,95.0,50.0,,,,,,
2022-08-04T06:00,,Unknown,5.0,9.2,2.4,5.2,97.0,50.0,,,,,,
2022-08-04T07:00,,Unknown,5.7,10.4,3.7,5.9,101.0,49.0,,,,,,
2022-08-04T08:00,,Unknown,6.8,12.3,5.1,6.7,106.0,49.0,,,,,,
2022-08-04T09:00,,Unknown,8.8,15.5,5.4,7.0,110.0,50.0,,,,,,
2022-08-04T10:00,,Unknown,11.2,19.8,5.4,7.1,114.0,52.0,,,,,,
2022-08-04T11:00,,Unknown,13.0,22.9,5.2,7.1,117.0,54.0,,,,,,
2022-08-04T12:00,,Unknown,14.5,25.1,4.9,7.2,117.0,56.0,,,,,,
2022-08-04T13:00,,Unknown,16.6,28.7,4.4,7.2,116.0,58.0,,,,,,
2022-08-04T14:00,,Unknown,16.2,27.7,4.4,7.1,113.0,58.0,,,,,,
2022-08-04T15:00,,Unknown,14.5,24.9,5.3,6.7,110.0,55.0,,,,,,
2022-08-04T16:00,,Unknown,13.5,23.6,6.8,6.1,106.0,51.0,,,,,,
2022-08-04T17:00,,Unknown,11.0,19.2,9.1,6.7,113.0,46.0,,,,,,
2022-08-04T18:00,,Unknown,8.9,15.9,9.7,6.5,115.0,44.0,,,,,,
2022-08-04T19:00,,Unknown,7.2,13.1,10.6,6.3,118.0,41.0,,,,,,
2022-08-04T20:00,,Unknown,6.3,11.6,11.3,6.2,122.0,39.0,,,,,,
2022-08-04T21:00,,Unknown,6.0,11.1,11.3,6.7,125.0,39.0,,,,,,
2022-08-04T22:00,,Unknown,5.4,9.9,10.9,7.5,128.0,40.0,,,,,,
2022-08-04T23:00,,Unknown,5.0,9.1,9.8,8.0,129.0,41.0,,,,,,
2022-08-05T00:00,,Unknown,5.0,9.3,8.2,7.7,126.0,42.0,,,,,,
2022-08-05T01:00,,Unknown,5.0,9.3,6.2,7.0,122.0,44.0,,,,,,
2022-08-05T02:00,,Unknown,5.1,9.5,4.0,6.1,115.0,46.0,,,,,,
2022-08-05T03:00,,Unknown,4.9,9.0,2.9,5.6,110.0,47.0,,,,,,
2022-08-05T04:00,,Unknown,4.6,8.6,2.0,5.2,104.0,48.0,,,,,,
2022-08-05T05:00,48,Good,5.2,9.1,1.5,4.7,96.0,48.0,,,,,,
2022-08-05T06:00,48,Good,5.7,9.9,2.5,5.1,97.0,47.0,,,,,,
2022-08-05T07:00,48,Good,6.1,10.6,3.9,5.7,99.0,46.0,,,,,,
2022-08-05T08:00,48,Good,6.4,11.1,5.6,6.7,102.0,45.0,,,,,,
2022-08-05T09:00,48,Good,7.1,12.0,6.5,7.6,106.0,45.0,,,,,,
2022-08-05T10:00,47,Good,8.4,13.9,7.3,8.7,112.0,45.0,,,,,,
2022-08-05T11:00,47,Good,10.7,17.3,7.9,10.0,119.0,46.0,,,,,,
2022-08-05T12:00,46,Good,12.9,20.8,7.9,10.8,123.0,48.0,,,,,,
2022-08-05T13:00,46,Good,14.8,23.8,7.6,11.5,127.0,51.0,,,,,,
2022-08-05T14:00,45,Good,16.4,26.5,7.5,12.0,130.0,54.0,,,,,,
2022-08-05T15:00,45,Good,16.2,26.4,8.0,11.7,131.0,55.0,,,,,,
2022-08-05T16:00,46,Good,13.9,22.5,8.9,11.1,130.0,55.0,,,,,,
2022-08-05T17:00,46,Good,15.1,24.9,11.6,11.8,132.0,54.0,,,,,,
2022-08-05T18:00,47,Good,11.8,19.6,12.4,11.1,130.0,50.0,,,,,,
2022-08-05T19:00,48,Good,10.2,17.2,13.4,10.1,127.0,44.0,,,,,,
2022-08-05T20:00,48,Good,9.7,16.6,14.2,9.2,124.0,38.0,,,,,,
2022-08-05T21:00,49,Good,9.1,15.7,13.7,9.3,124.0,37.0,,,,,,
2022-08-05T22:00,50,Good,8.0,13.6,12.8,9.8,126.0,37.0,,,,,,
2022-08-05T23:00,50,Good,6.8,11.6,11.1,10.3,127.0,39.0,,,,,,
2022-08-06T00:00,50,Good,6.1,10.7,9.7,10.4,125.0,40.0,,,,,,
2022-08-06T01:00,50,Good,5.7,10.1,8.0,10.2,123.0,42.0,,,,,,
2022-08-06T02:00,50,Good,5.8,10.4,6.0,9.9,118.0,44.0,,,,,,
2022-08-06T03:00,50,Good,6.4,11.5,4.7,9.3,113.0,46.0,,,,,,
2022-08-06T04:00,51,Moderate,6.7,12.3,3.5,8.6,108.0,47.0,,,,,,
2022-08-06T05:00,51,Moderate,7.3,13.2,2.6,6.9,103.0,49.0,,,,,,
2022-08-06T06:00,51,Moderate,7.6,13.6,3.1,7.4,102.0,49.0,,,,,,
2022-08-06T07:00,51,Moderate,8.1,14.4,3.7,8.0,101.0,49.0,,,,,,
2022-08-06T08:00,51,Moderate,8.9,15.8,4.4,8.7,101.0,51.0,,,,,,
2022-08-06T09:00,51,Moderate,10.4,18.2,4.7,9.2,104.0,53.0,,,,,,
2022-08-06T10:00,52,Moderate,12.1,21.0,5.0,9.7,108.0,57.0,,,,,,
2022-08-06T11:00,52,Moderate,13.3,22.9,5.0,9.8,113.0,62.0,,,,,,
2022-08-06T12:00,52,Moderate,14.6,24.8,4.5,9.3,115.0,68.0,,,,,,
2022-08-06T13:00,52,Moderate,15.8,26.8,3.6,8.4,116.0,74.0,,,,,,
2022-08-06T14:00,52,Moderate,17.5,30.3,3.2,7.4,117.0,79.0,,,,,,
2022-08-06T15:00,52,Moderate,16.6,28.6,4.1,6.9,116.0,77.0,,,,,,
2022-08-06T16:00,52,Moderate,15.8,27.5,5.7,6.6,115.0,71.0,,,,,,
2022-08-06T17:00,53,Moderate,16.2,29.0,5.6,5.1,111.0,67.0,,,,,,
2022-08-06T18:00,53,Moderate,14.4,25.3,7.9,5.7,114.0,60.0,,,,,,
2022-08-06T19:00,53,Moderate,11.7,20.4,11.0,6.7,117.0,51.0,,,,,,
2022-08-06T20:00,53,Moderate,10.9,18.9,14.3,8.1,122.0,40.0,,,,,,
2022-08-06T21:00,53,Moderate,10.9,18.9,15.3,9.6,125.0,36.0,,,,,,
2022-08-06T22:00,53,Moderate,10.9,18.9,15.4,11.2,129.0,35.0,,,,,,
2022-08-06T23:00,53,Moderate,10.6,18.7,14.6,12.6,131.0,35.0,,,,,,
2022-08-07T00:00,54,Moderate,10.3,18.3,12.7,12.3,130.0,37.0,,,,,,
2022-08-07T01:00,54,Moderate,10.0,17.8,10.1,11.2,127.0,39.0,,,,,,
2022-08-07T02:00,54,Moderate,9.5,17.1,7.0,9.8,123.0,43.0,,,,,,
2022-08-07T03:00,55,Moderate,9.0,16.3,5.4,8.8,120.0,45.0,,,,,,
2022-08-07T04:00,55,Moderate,8.2,14.8,4.2,7.9,118.0,47.0,,,,,,
2022-08-07T05:00,55,Moderate,8.4,15.5,2.6,6.8,103.0,50.0,,,,,,
2022-08-07T06:00,55,Moderate,7.9,14.7,3.1,6.9,103.0,49.0,,,,,,
2022-08-07T07:00,55,Moderate,6.5,11.9,3.8,7.0,102.0,49.0,,,,,,
2022-08-07T08:00,55,Moderate,5.9,10.8,4.4,7.1,102.0,50.0,,,,,,
2022-08-07T09:00,55,Moderate,7.5,13.5,4.2,7.2,104.0,54.0,,,,,,
2022-08-07T10:00,55,Moderate,10.2,18.0,3.6,7.3,106.0,61.0,,,,,,
2022-08-07T11:00,54,Moderate,13.0,23.2,2.9,7.2,109.0,69.0,,,,,,
2022-08-07T12:00,54,Moderate,14.9,27.1,2.4,6.7,110.0,75.0,,,,,,
2022-08-07T13:00,54,Moderate,17.2,31.2,1.9,5.9,110.0,81.0,,,,,,
2022-08-07T14:00,55,Moderate,17.9,32.4,1.9,5.2,110.0,84.0,,,,,,
2022-08-07T15:00,55,Moderate,16.3,29.2,2.6,5.1,109.0,81.0,,,,,,
2022-08-07T16:00,55,Moderate,14.8,26.4,3.8,5.3,109.0,74.0,,,,,,
2022-08-07T17:00,54,Moderate,14.1,25.6,5.2,4.8,105.0,64.0,,,,,,
2022-08-07T18:00,54,Moderate,12.9,23.3,7.3,5.5,108.0,58.0,,,,,,
2022-08-07T19:00,54,Moderate,11.3,20.2,10.2,6.6,112.0,49.0,,,,,,
2022-08-07T20:00,54,Moderate,10.1,18.0,13.0,7.9,117.0,40.0,,,,,,
2022-08-07T21:00,54,Moderate,9.8,17.6,13.1,8.5,120.0,38.0,,,,,,
2022-08-07T22:00,54,Moderate,10.0,18.0,12.3,8.9,122.0,38.0,,,,,,
2022-08-07T23:00,54,Moderate,9.2,16.5,10.7,9.2,123.0,39.0,,,,,,
2022-08-08T00:00,54,Moderate,8.5,15.3,9.2,9.0,121.0,41.0,,,,,,
2022-08-08T01:00,54,Moderate,8.3,15.2,7.4,8.6,117.0,43.0,,,,,,
2022-08-08T02:00,54,Moderate,7.6,14.0,5.2,8.0,112.0,46.0,,,,,,
2022-08-08T03:00,53,Moderate,7.0,12.9,4.1,7.8,109.0,48.0,,,,,,
2022-08-08T04:00,53,Moderate,6.9,12.7,3.2,7.6,106.0,49.0,,,,,,
2022-08-08T05:00,53,Moderate,7.5,14.1,2.1,5.8,98.0,52.0,,,,,,
2022-08-08T06:00,53,Moderate,8.7,16.3,3.0,6.2,98.0,51.0,,,,,,
2022-08-08T07:00,53,Moderate,9.5,17.9,4.3,6.8,98.0,50.0,,,,,,
2022-08-08T08:00,53,Moderate,9.9,18.3,5.5,7.5,100.0,50.0,,,,,,
2022-08-08T09:00,54,Moderate,11.1,20.1,5.4,7.7,104.0,53.0,,,,,,
2022-08-08T10:00,54,Moderate,12.5,22.4,4.8,7.8,108.0,57.0,,,,,,
2022-08-08T11:00,54,Moderate,14.7,26.2,3.9,7.5,113.0,62.0,,,,,,
2022-08-08T12:00,54,Moderate,16.0,28.9,3.3,6.7,114.0,66.0,,,,,,
2022-08-08T13:00,54,Moderate,17.4,31.4,2.6,5.4,113.0,71.0,,,,,,
2022-08-08T14:00,54,Moderate,17.8,32.4,2.3,4.2,112.0,74.0,,,,,,
2022-08-08T15:00,54,Moderate,17.1,31.2,2.9,3.9,111.0,72.0,,,,,,
2022-08-08T16:00,54,Moderate,15.4,28.4,3.9,4.0,110.0,67.0,,,,,,
2022-08-08T17:00,55,Moderate,14.3,26.3,5.9,4.8,113.0,60.0,,,,,,
2022-08-08T18:00,55,Moderate,13.1,23.9,8.5,5.4,117.0,54.0,,,,,,
2022-08-08T19:00,55,Moderate,12.4,22.4,12.1,6.3,123.0,46.0,,,,,,
2022-08-08T20:00,55,Moderate,11.9,21.4,15.1,7.3,128.0,38.0,,,,,,
2022-08-08T21:00,55,Moderate,10.7,19.3,14.1,7.6,128.0,37.0,,,,,,
2022-08-08T22:00,55,Moderate,10.4,18.7,11.5,7.6,126.0,39.0,,,,,,
2022-08-08T23:00,55,Moderate,8.2,14.9,8.2,7.5,122.0,42.0,,,,,,
2022-08-09T00:00,55,Moderate,7.6,13.9,6.6,7.2,120.0,44.0,,,,,,
2022-08-09T01:00,55,Moderate,8.3,15.3,5.3,6.7,117.0,45.0,,,,,,
2022-08-09T02:00,55,Moderate,8.4,15.5,3.9,6.2,114.0,47.0,,,,,,
2022-08-09T03:00,55,Moderate,8.3,15.3,3.1,5.9,111.0,48.0,,,,,,
2022-08-09T04:00,55,Moderate,8.2,15.0,2.5,5.8,109.0,49.0,,,,,,
2022-08-09T05:00,55,Moderate,7.3,13.4,2.4,5.6,107.0,49.0,,,,,,
2022-08-09T06:00,55,Moderate,7.3,13.4,3.2,6.0,107.0,48.0,,,,,,
2022-08-09T07:00,55,Moderate,7.3,13.6,4.5,6.5,107.0,47.0,,,,,,
2022-08-09T08:00,55,Moderate,8.0,14.8,5.5,7.0,107.0,48.0,,,,,,
2022-08-09T09:00,55,Moderate,9.5,17.2,5.2,7.0,108.0,51.0,,,,,,
2022-08-09T10:00,54,Moderate,11.8,21.1,4.3,6.8,108.0,55.0,,,,,,
2022-08-09T11:00,54,Moderate,14.1,24.9,3.2,6.3,109.0,61.0,,,,,,
2022-08-09T12:00,54,Moderate,15.4,27.5,2.6,5.6,109.0,67.0,,,,,,
2022-08-09T13:00,54,Moderate,15.9,28.2,2.0,4.8,108.0,73.0,,,,,,
2022-08-09T14:00,54,Moderate,16.2,28.8,1.8,4.0,107.0,77.0,,,,,,
2022-08-09T15:00,54,Moderate,15.8,28.3,2.2,4.0,105.0,75.0,,,,,,
2022-08-09T16:00,54,Moderate,15.5,28.2,3.0,4.2,102.0,69.0,,,,,,
2022-08-09T17:00,54,Moderate,14.0,25.3,4.8,4.4,107.0,62.0,,,,,,
2022-08-09T18:00,54,Moderate,13.3,24.0,7.8,5.3,112.0,55.0,,,,,,
2022-08-09T19:00,54,Moderate,12.6,22.4,12.0,6.7,118.0,45.0,,,,,,
2022-08-09T20:00,54,Moderate,11.4,20.0,15.6,8.3,125.0,35.0,,,,,,
2022-08-09T21:00,54,Moderate,9.7,16.9,15.1,8.9,126.0,33.0,,,,,,
2022-08-09T22:00,54,Moderate,9.1,15.9,13.0,9.2,125.0,34.0,,,,,,
2022-08-09T23:00,54,Moderate,9.0,15.7,10.2,9.5,123.0,36.0,,,,,,
2022-08-10T00:00,54,Moderate,9.9,17.5,8.9,9.5,122.0,37.0,,,,,,
2022-08-10T01:00,54,Moderate,10.1,17.9,7.7,9.5,121.0,38.0,,,,,,
2022-08-10T02:00,54,Moderate,9.8,17.5,6.3,9.1,118.0,40.0,,,,,,
2022-08-10T03:00,54,Moderate,9.5,16.9,5.1,8.5,114.0,41.0,,,,,,
2022-08-10T04:00,54,Moderate,9.3,16.8,3.9,7.8,108.0,43.0,,,,,,
2022-08-10T05:00,54,Moderate,8.6,15.6,2.7,7.2,102.0,45.0,,,,,,
2022-08-10T06:00,54,Moderate,7.5,13.8,3.1,7.3,101.0,45.0,,,,,,
2022-08-10T07:00,55,Moderate,7.2,13.2,3.7,7.5,100.0,45.0,,,,,,
2022-08-10T08:00,54,Moderate,7.9,14.5,4.2,7.7,100.0,47.0,,,,,,
2022-08-10T09:00,54,Moderate,9.7,17.5,4.1,8.0,103.0,53.0,,,,,,
2022-08-10T10:00,55,Moderate,11.9,21.2,3.8,8.4,108.0,60.0,,,,,,
2022-08-10T11:00,55,Moderate,13.6,24.2,3.2,8.3,114.0,70.0,,,,,,
2022-08-10T12:00,54,Moderate,15.0,26.5,2.7,7.4,116.0,77.0,,,,,,
2022-08-10T13:00,54,Moderate,16.8,29.8,2.1,6.0,118.0,83.0,,,,,,
2022-08-10T14:00,55,Moderate,17.2,30.5,1.8,4.5,119.0,87.0,,,,,,
2022-08-10T15:00,55,Moderate,17.5,31.4,2.2,4.0,118.0,84.0,,,,,,
2022-08-10T16:00,55,Moderate,16.9,30.7,3.0,3.7,115.0,78.0,,,,,,
2022-08-10T17:00,55,Moderate,14.2,25.6,5.0,4.2,112.0,70.0,,,,,,
2022-08-10T18:00,55,Moderate,12.9,23.5,7.7,4.9,115.0,62.0,,,,,,
2022-08-10T19:00,55,Moderate,11.6,21.1,11.5,6.0,119.0,51.0,,,,,,
2022-08-10T20:00,55,Moderate,10.7,19.3,15.1,7.4,124.0,40.0,,,,,,
2022-08-10T21:00,55,Moderate,10.7,19.3,15.0,8.3,126.0,37.0,,,,,,
2022-08-10T22:00,55,Moderate,11.0,19.8,13.7,9.1,126.0,38.0,,,,,,
2022-08-10T23:00,55,Moderate,9.8,17.3,11.4,9.7,126.0,39.0,,,,,,
2022-08-11T00:00,55,Moderate,10.1,18.0,9.9,9.6,125.0,39.0,,,,,,
2022-08-11T01:00,55,Moderate,9.3,16.2,8.2,9.2,123.0,40.0,,,,,,
2022-08-11T02:00,55,Moderate,10.5,18.6,6.3,8.7,120.0,41.0,,,,,,
2022-08-11T03:00,55,Moderate,9.0,15.5,5.3,8.4,119.0,41.0,,,,,,
2022-08-11T04:00,55,Moderate,9.3,16.2,4.5,8.2,118.0,41.0,,,,,,
2022-08-11T05:00,55,Moderate,9.2,15.8,3.7,7.4,113.0,40.0,,,,,,
2022-08-11T06:00,55,Moderate,9.4,15.9,4.1,8.0,114.0,40.0,,,,,,
2022-08-11T07:00,55,Moderate,9.3,15.7,4.7,9.0,115.0,39.0,,,,,,
2022-08-11T08:00,55,Moderate,9.6,16.2,5.2,9.8,117.0,42.0,,,,,,
2022-08-11T09:00,55,Moderate,11.3,19.0,5.1,9.8,119.0,48.0,,,,,,
2022-08-11T10:00,56,Moderate,14.1,24.0,4.8,9.5,122.0,57.0,,,,,,
2022-08-11T11:00,56,Moderate,17.8,30.6,4.1,8.6,125.0,70.0,,,,,,
2022-08-11T12:00,56,Moderate,22.0,37.1,3.2,7.2,126.0,80.0,,,,,,
2022-08-11T13:00,57,Moderate,28.3,47.0,2.2,5.5,126.0,91.0,,,,,,
2022-08-11T14:00,58,Moderate,32.9,54.8,1.5,3.8,125.0,99.0,,,,,,
2022-08-11T15:00,59,Moderate,30.6,51.5,1.8,3.3,123.0,98.0,,,,,,
2022-08-11T16:00,60,Moderate,26.4,45.1,2.6,3.3,120.0,92.0,,,,,,
2022-08-11T17:00,61,Moderate,24.7,43.0,3.8,3.4,123.0,88.0,,,,,,
2022-08-11T18:00,61,Moderate,21.0,37.0,6.7,4.4,123.0,75.0,,,,,,
2022-08-11T19:00,62,Moderate,15.9,28.3,10.8,5.8,123.0,57.0,,,,,,
2022-08-11T20:00,62,Moderate,12.3,22.0,14.8,7.4,123.0,38.0,,,,,,
2022-08-11T21:00,62,Moderate,11.0,19.7,15.3,8.0,123.0,32.0,,,,,,
2022-08-11T22:00,62,Moderate,10.5,18.8,14.4,8.4,124.0,30.0,,,,,,
2022-08-11T23:00,62,Moderate,10.2,18.3,12.8,8.7,124.0,29.0,,,,,,
2022-08-12T00:00,62,Moderate,10.0,17.9,11.7,8.8,123.0,28.0,,,,,,
2022-08-12T01:00,62,Moderate,10.1,17.9,10.3,8.7,122.0,28.0,,,,,,
2022-08-12T02:00,63,Moderate,9.9,17.5,8.7,8.7,121.0,29.0,,,,,,
2022-08-12T03:00,62,Moderate,8.3,14.4,7.6,9.0,120.0,29.0,,,,,,
2022-08-12T04:00,62,Moderate,7.3,12.6,6.5,9.4,118.0,29.0,,,,,,
2022-08-12T05:00,62,Moderate,8.6,14.7,6.4,9.5,124.0,29.0,,,,,,
2022-08-12T06:00,62,Moderate,7.5,12.6,6.5,10.0,123.0,30.0,,,,,,
2022-08-12T07:00,62,Moderate,8.0,13.7,6.8,10.8,122.0,31.0,,,,,,
2022-08-12T08:00,62,Moderate,8.5,14.5,6.9,11.5,121.0,34.0,,,,,,
2022-08-12T09:00,62,Moderate,9.7,16.2,6.9,11.3,119.0,38.0,,,,,,
2022-08-12T10:00,62,Moderate,12.5,20.5,6.8,10.8,118.0,42.0,,,,,,
2022-08-12T11:00,62,Moderate,17.7,28.4,6.3,9.7,117.0,52.0,,,,,,
2022-08-12T12:00,62,Moderate,24.0,38.1,5.1,8.4,119.0,65.0,,,,,,
2022-08-12T13:00,62,Moderate,29.3,46.7,3.5,6.7,122.0,81.0,,,,,,
2022-08-12T14:00,62,Moderate,34.0,55.6,2.1,4.8,125.0,95.0,,,,,,
2022-08-12T15:00,62,Moderate,30.2,49.5,2.0,4.1,126.0,96.0,,,,,,
2022-08-12T16:00,62,Moderate,27.1,45.4,2.6,3.7,126.0,93.0,,,,,,
2022-08-12T17:00,62,Moderate,23.1,39.6,5.0,3.8,122.0,79.0,,,,,,
2022-08-12T18:00,62,Moderate,20.0,34.9,8.3,4.7,123.0,68.0,,,,,,
2022-08-12T19:00,62,Moderate,16.2,28.6,12.8,6.0,124.0,53.0,,,,,,
2022-08-12T20:00,62,Moderate,13.2,23.2,17.4,7.3,126.0,37.0,,,,,,
2022-08-12T21:00,62,Moderate,11.6,20.5,18.1,7.6,128.0,32.0,,,,,,
2022-08-12T22:00,62,Moderate,10.3,18.0,17.5,7.6,131.0,29.0,,,,,,
2022-08-12T23:00,62,Moderate,9.7,16.8,16.0,7.5,134.0,28.0,,,,,,
2022-08-13T00:00,62,Moderate,9.5,16.5,14.9,7.5,133.0,27.0,,,,,,
2022-08-13T01:00,62,Moderate,9.5,16.3,13.3,7.5,131.0,27.0,,,,,,
2022-08-13T02:00,62,Moderate,9.7,16.8,11.5,7.4,130.0,27.0,,,,,,
2022-08-13T03:00,62,Moderate,10.0,17.1,10.3,7.1,131.0,27.0,,,,,,
2022-08-13T04:00,62,Moderate,10.1,17.1,9.2,6.8,134.0,26.0,,,,,,
2022-08-13T05:00,62,Moderate,10.1,17.2,7.3,7.0,130.0,27.0,,,,,,
2022-08-13T06:00,62,Moderate,9.9,16.6,7.6,7.4,133.0,27.0,,,,,,
2022-08-13T07:00,62,Moderate,10.0,16.5,8.0,7.9,138.0,28.0,,,,,,
2022-08-13T08:00,63,Moderate,10.6,17.3,8.1,8.6,141.0,33.0,,,,,,
2022-08-13T09:00,63,Moderate,11.9,19.2,7.6,9.0,139.0,41.0,,,,,,
2022-08-13T10:00,63,Moderate,14.3,22.9,6.7,9.3,134.0,52.0,,,,,,
2022-08-13T11:00,63,Moderate,21.5,33.6,5.4,9.2,130.0,69.0,,,,,,
2022-08-13T12:00,63,Moderate,33.6,53.0,4.4,8.2,132.0,84.0,,,,,,
2022-08-13T13:00,64,Moderate,42.8,68.0,3.2,6.8,137.0,100.0,,,,,,
2022-08-13T14:00,65,Moderate,37.7,61.5,2.1,5.0,142.0,115.0,,,,,,
2022-08-13T15:00,65,Moderate,33.1,54.6,1.7,4.1,143.0,117.0,,,,,,
2022-08-13T16:00,66,Moderate,27.3,45.5,1.6,3.4,143.0,114.0,,,,,,
2022-08-13T17:00,66,Moderate,25.5,42.7,3.3,3.7,144.0,103.0,,,,,,
2022-08-13T18:00,66,Moderate,23.5,39.8,5.8,4.7,145.0,94.0,,,,,,
2022-08-13T19:00,66,Moderate,21.4,36.4,9.5,6.1,147.0,80.0,,,,,,
2022-08-13T20:00,67,Moderate,19.5,33.2,13.1,7.5,149.0,64.0,,,,,,
2022-08-13T21:00,67,Moderate,17.2,29.3,13.8,7.8,149.0,56.0,,,,,,
2022-08-13T22:00,68,Moderate,14.5,24.5,13.4,7.7,148.0,49.0,,,,,,
2022-08-13T23:00,68,Moderate,12.5,21.0,12.2,7.5,146.0,42.0,,,,,,
2022-08-14T00:00,68,Moderate,10.7,17.8,10.9,7.2,144.0,40.0,,,,,,
2022-08-14T01:00,68,Moderate,10.7,17.6,9.3,6.9,143.0,39.0,,,,,,
2022-08-14T02:00,68,Moderate,10.8,18.0,7.5,6.7,142.0,38.0,,,,,,
2022-08-14T03:00,68,Moderate,10.9,18.1,7.1,6.8,144.0,36.0,,,,,,
2022-08-14T04:00,68,Moderate,10.9,17.8,7.2,7.0,147.0,34.0,,,,,,
2022-08-14T05:00,68,Moderate,10.9,17.7,7.3,7.3,155.0,33.0,,,,,,
2022-08-14T06:00,69,Moderate,10.7,17.1,7.5,7.5,159.0,33.0,,,,,,
2022-08-14T07:00,69,Moderate,10.9,17.2,7.9,7.6,165.0,34.0,,,,,,
2022-08-14T08:00,69,Moderate,11.6,18.3,8.0,7.9,171.0,40.0,,,,,,
2022-08-14T09:00,69,Moderate,13.0,20.4,7.6,8.1,171.0,50.0,,,,,,
2022-08-14T10:00,69,Moderate,16.2,25.0,7.0,8.4,170.0,64.0,,,,,,
2022-08-14T11:00,69,Moderate,22.8,35.5,5.9,8.2,169.0,84.0,,,,,,
2022-08-14T12:00,69,Moderate,32.6,52.4,4.5,7.2,171.0,100.0,,,,,,
2022-08-14T13:00,69,Moderate,32.0,53.3,2.8,5.7,174.0,116.0,,,,,,
2022-08-14T14:00,68,Moderate,29.7,50.4,1.1,3.8,176.0,130.0,,,,,,
2022-08-14T15:00,68,Moderate,25.1,42.6,0.6,2.9,175.0,130.0,,,,,,
2022-08-14T16:00,67,Moderate,21.4,36.6,0.6,2.2,172.0,125.0,,,,,,
2022-08-14T17:00,66,Moderate,22.5,38.3,0.7,1.7,172.0,115.0,,,,,,
2022-08-14T18:00,66,Moderate,20.4,34.6,0.4,1.4,169.0,113.0,,,,,,
2022-08-14T19:00,66,Moderate,18.9,31.9,-0.1,1.1,164.0,111.0,,,,,,
2022-08-14T20:00,66,Moderate,17.6,29.4,0.8,1.1,161.0,105.0,,,,,,
2022-08-14T21:00,68,Moderate,16.4,27.2,3.2,1.7,162.0,97.0,,,,,,
2022-08-14T22:00,66,Moderate,15.4,25.2,6.7,2.6,165.0,87.0,,,,,,
2022-08-14T23:00,66,Moderate,15.2,24.4,11.8,4.4,171.0,74.0,,,,,,
2022-08-15T00:00,66,Moderate,15.3,24.3,16.1,6.6,176.0,65.0,,,,,,
2022-08-15T01:00,66,Moderate,15.4,24.3,20.9,9.3,182.0,56.0,,,,,,
2022-08-15T02:00,67,Moderate,16.1,25.6,24.6,11.9,188.0,46.0,,,,,,
2022-08-15T03:00,67,Moderate,16.6,26.3,23.7,12.3,191.0,41.0,,,,,,
2022-08-15T04:00,67,Moderate,17.0,27.1,20.7,11.9,192.0,38.0,,,,,,
2022-08-15T05:00,68,Moderate,16.5,26.3,16.0,10.9,194.0,35.0,,,,,,
2022-08-15T06:00,68,Moderate,15.8,25.2,14.6,10.4,195.0,35.0,,,,,,
2022-08-15T07:00,69,Moderate,15.3,24.4,12.5,9.7,196.0,35.0,,,,,,
2022-08-15T08:00,69,Moderate,15.8,25.2,9.5,8.5,197.0,44.0,,,,,,
2022-08-15T09:00,69,Moderate,17.6,28.0,7.2,7.3,199.0,63.0,,,,,,
2022-08-15T10:00,70,Moderate,21.5,34.3,4.7,6.0,200.0,89.0,,,,,,
2022-08-15T11:00,70,Moderate,25.1,40.5,2.2,4.5,202.0,118.0,,,,,,
2022-08-15T12:00,70,Moderate,28.7,47.4,1.3,4.0,203.0,130.0,,,,,,
2022-08-15T13:00,70,Moderate,29.8,49.9,0.9,3.7,203.0,137.0,,,,,,
2022-08-15T14:00,70,Moderate,28.8,49.0,0.7,3.4,200.0,142.0,,,,,,
2022-08-15T15:00,70,Moderate,26.3,45.3,0.5,3.2,194.0,141.0,,,,,,
2022-08-15T16:00,70,Moderate,21.9,39.1,0.4,3.1,187.0,137.0,,,,,,
2022-08-15T17:00,70,Moderate,20.0,35.9,0.5,3.2,191.0,130.0,,,,,,
2022-08-15T18:00,84,Moderate,18.3,33.5,0.4,3.2,184.0,127.0,,,,,,
2022-08-15T19:00,92,Moderate,16.4,31.3,0.4,3.1,174.0,123.0,,,,,,
2022-08-15T20:00,93,Moderate,14.9,29.3,0.4,3.0,164.0,118.0,,,,,,
2022-08-15T21:00,91,Moderate,15.7,30.0,0.4,2.9,163.0,115.0,,,,,,
2022-08-15T22:00,86,Moderate,15.7,29.5,0.4,2.8,164.0,113.0,,,,,,
2022-08-15T23:00,80,Moderate,15.6,28.6,0.4,2.7,166.0,110.0,,,,,,
2022-08-16T00:00,74,Moderate,15.4,27.4,0.5,2.6,166.0,108.0,,,,,,
2022-08-16T01:00,69,Moderate,15.4,27.0,0.5,2.5,165.0,106.0,,,,,,
2022-08-16T02:00,69,Moderate,15.1,26.0,0.6,2.3,164.0,103.0,,,,,,
2022-08-16T03:00,69,Moderate,15.0,25.4,0.7,2.3,163.0,99.0,,,,,,
2022-08-16T04:00,69,Moderate,14.6,24.3,0.9,2.2,162.0,95.0,,,,,,
2022-08-16T05:00,69,Moderate,12.7,22.1,0.8,2.2,157.0,96.0,,,,,,
2022-08-16T06:00,69,Moderate,12.5,21.6,0.8,2.1,155.0,94.0,,,,,,
2022-08-16T07:00,68,Moderate,12.8,21.8,0.9,2.0,153.0,91.0,,,,,,
2022-08-16T08:00,68,Moderate,13.1,22.1,1.0,1.9,153.0,90.0,,,,,,
2022-08-16T09:00,68,Moderate,13.9,23.0,0.9,1.9,157.0,92.0,,,,,,
2022-08-16T10:00,68,Moderate,15.3,24.6,0.8,1.9,162.0,96.0,,,,,,
2022-08-16T11:00,67,Moderate,17.2,27.5,0.7,2.0,173.0,104.0,,,,,,
2022-08-16T12:00,66,Moderate,19.8,31.5,0.6,2.1,186.0,114.0,,,,,,
2022-08-16T13:00,66,Moderate,22.1,35.4,0.6,2.2,201.0,127.0,,,,,,
2022-08-16T14:00,65,Moderate,23.5,37.8,0.7,2.4,216.0,141.0,,,,,,
2022-08-16T15:00,65,Moderate,23.9,39.2,0.7,2.5,219.0,146.0,,,,,,
2022-08-16T16:00,65,Moderate,23.7,39.6,0.7,2.6,218.0,148.0,,,,,,
2022-08-16T17:00,72,Moderate,20.6,35.3,0.8,2.6,190.0,129.0,,,,,,
2022-08-16T18:00,80,Moderate,19.5,33.8,1.3,2.7,180.0,122.0,,,,,,
2022-08-16T19:00,86,Moderate,18.3,31.7,2.0,2.8,166.0,112.0,,,,,,
2022-08-16T20:00,88,Moderate,17.3,29.9,3.0,3.1,149.0,98.0,,,,,,
2022-08-16T21:00,84,Moderate,16.2,28.0,3.8,3.6,141.0,89.0,,,,,,
2022-08-16T22:00,76,Moderate,15.1,25.7,4.5,4.2,135.0,80.0,,,,,,
2022-08-16T23:00,65,Moderate,15.7,27.1,5.7,5.2,131.0,69.0,,,,,,
2022-08-17T00:00,65,Moderate,15.5,26.8,6.9,6.1,133.0,62.0,,,,,,
2022-08-17T01:00,65,Moderate,15.2,26.2,8.2,7.1,138.0,55.0,,,,,,
2022-08-17T02:00,65,Moderate,15.0,25.5,9.5,8.4,147.0,48.0,,,,,,
2022-08-17T03:00,65,Moderate,15.3,25.8,9.8,9.2,155.0,46.0,,,,,,
2022-08-17T04:00,65,Moderate,15.7,26.0,9.9,10.1,164.0,45.0,,,,,,
2022-08-17T05:00,65,Moderate,15.7,25.4,11.2,11.9,192.0,42.0,,,,,,
2022-08-17T06:00,65,Moderate,16.8,26.5,11.3,12.9,204.0,46.0,,,,,,
2022-08-17T07:00,66,Moderate,18.2,28.4,11.5,14.3,221.0,52.0,,,,,,
2022-08-17T08:00,66,Moderate,20.4,31.8,10.9,15.8,238.0,68.0,,,,,,
2022-08-17T09:00,67,Moderate,23.5,36.6,9.1,16.7,243.0,92.0,,,,,,
2022-08-17T10:00,68,Moderate,25.2,39.6,6.6,17.3,245.0,123.0,,,,,,
2022-08-17T11:00,68,Moderate,25.7,40.7,3.7,16.8,240.0,153.0,,,,,,
2022-08-17T12:00,69,Moderate,28.2,45.1,2.4,14.6,230.0,159.0,,,,,,
2022-08-17T13:00,70,Moderate,29.3,48.8,1.5,11.3,215.0,157.0,,,,,,
2022-08-17T14:00,70,Moderate,26.1,45.3,0.9,7.6,192.0,147.0,,,,,,
2022-08-17T15:00,70,Moderate,21.1,37.8,0.9,6.2,172.0,134.0,,,,,,
2022-08-17T16:00,86,Moderate,19.7,36.2,1.2,5.3,149.0,115.0,,,,,,
2022-08-17T17:00,96,Moderate,16.8,30.6,1.1,1.7,107.0,76.0,,,,,,
2022-08-17T18:00,93,Moderate,16.0,29.0,2.7,2.4,105.0,68.0,,,,,,
2022-08-17T19:00,81,Moderate,16.4,29.9,5.1,3.3,103.0,58.0,,,,,,
2022-08-17T20:00,69,Moderate,15.7,28.7,8.0,4.7,104.0,46.0,,,,,,
2022-08-17T21:00,69,Moderate,14.7,26.8,9.5,5.8,112.0,42.0,,,,,,
2022-08-17T22:00,69,Moderate,13.4,23.9,10.7,6.8,123.0,41.0,,,,,,
2022-08-17T23:00,69,Moderate,14.3,24.9,11.6,8.1,138.0,41.0,,,,,,
2022-08-18T00:00,69,Moderate,14.9,25.4,11.5,8.7,147.0,43.0,,,,,,
2022-08-18T01:00,69,Moderate,14.9,25.1,10.9,9.2,156.0,47.0,,,,,,
2022-08-18T02:00,69,Moderate,15.0,25.0,10.0,9.9,166.0,51.0,,,,,,
2022-08-18T03:00,69,Moderate,15.8,26.4,9.4,10.9,174.0,51.0,,,,,,
2022-08-18T04:00,69,Moderate,16.8,27.8,8.8,12.0,181.0,50.0,,,,,,
2022-08-18T05:00,69,Moderate,15.3,24.4,5.0,7.2,190.0,64.0,,,,,,
2022-08-18T06:00,69,Moderate,15.0,23.6,5.1,7.6,190.0,63.0,,,,,,
2022-08-18T07:00,69,Moderate,14.7,23.0,5.2,8.2,191.0,61.0,,,,,,
2022-08-18T08:00,68,Moderate,14.9,23.4,4.9,8.3,192.0,65.0,,,,,,
2022-08-18T09:00,68,Moderate,16.1,25.6,4.0,7.4,193.0,77.0,,,,,,
2022-08-18T10:00,67,Moderate,17.9,28.3,2.6,6.1,195.0,94.0,,,,,,
2022-08-18T11:00,67,Moderate,20.0,31.4,1.1,4.5,196.0,112.0,,,,,,
2022-08-18T12:00,66,Moderate,21.3,33.5,0.6,3.9,196.0,118.0,,,,,,
2022-08-18T13:00,66,Moderate,21.0,33.4,0.4,3.5,196.0,122.0,,,,,,
2022-08-18T14:00,65,Moderate,21.1,34.0,0.5,3.4,191.0,122.0,,,,,,
2022-08-18T15:00,65,Moderate,19.5,32.5,0.5,3.3,181.0,120.0,,,,,,
2022-08-18T16:00,65,Moderate,17.8,31.1,0.6,3.5,167.0,115.0,,,,,,
2022-08-18T17:00,64,Moderate,18.0,33.4,1.1,3.3,142.0,102.0,,,,,,
2022-08-18T18:00,65,Moderate,17.6,32.4,5.1,4.8,145.0,95.0,,,,,,
2022-08-18T19:00,65,Moderate,18.0,32.5,10.8,7.0,150.0,84.0,,,,,,
2022-08-18T20:00,65,Moderate,18.6,32.8,17.7,9.6,157.0,70.0,,,,,,
2022-08-18T21:00,65,Moderate,18.2,31.8,21.8,11.1,165.0,59.0,,,,,,
2022-08-18T22:00,65,Moderate,18.3,31.3,25.3,12.3,173.0,48.0,,,,,,
2022-08-18T23:00,66,Moderate,18.0,30.3,27.3,13.5,181.0,36.0,,,,,,
2022-08-19T00:00,66,Moderate,17.1,28.5,25.2,14.1,181.0,32.0,,,,,,
2022-08-19T01:00,66,Moderate,15.5,25.6,21.0,14.4,178.0,30.0,,,,,,
2022-08-19T02:00,66,Moderate,13.6,22.1,15.6,14.2,173.0,29.0,,,,,,
2022-08-19T03:00,66,Moderate,11.9,19.3,13.0,13.0,169.0,27.0,,,,,,
2022-08-19T04:00,66,Moderate,10.6,17.1,10.8,11.2,165.0,26.0,,,,,,
2022-08-19T05:00,65,Moderate,13.5,20.8,10.6,10.5,196.0,27.0,,,,,,
2022-08-19T06:00,65,Moderate,13.8,21.1,9.9,10.7,201.0,30.0,,,,,,
2022-08-19T07:00,65,Moderate,14.3,21.8,8.8,11.0,209.0,35.0,,,,,,
2022-08-19T08:00,65,Moderate,15.5,23.6,7.3,11.4,217.0,48.0,,,,,,
2022-08-19T09:00,65,Moderate,17.6,26.9,6.1,11.7,219.0,67.0,,,,,,
2022-08-19T10:00,65,Moderate,20.0,30.6,4.9,12.0,220.0,92.0,,,,,,
2022-08-19T11:00,65,Moderate,22.7,35.0,3.4,11.9,216.0,119.0,,,,,,
2022-08-19T12:00,66,Moderate,26.3,41.1,2.5,11.1,209.0,131.0,,,,,,
2022-08-19T13:00,66,Moderate,26.0,42.5,1.7,10.0,200.0,138.0,,,,,,
2022-08-19T14:00,66,Moderate,24.5,42.0,0.9,8.2,185.0,140.0,,,,,,
2022-08-19T15:00,67,Moderate,20.8,37.6,0.4,6.3,172.0,132.0,,,,,,
2022-08-19T16:00,67,Moderate,18.5,34.0,0.0,4.2,157.0,118.0,,,,,,
2022-08-19T17:00,67,Moderate,20.8,38.6,0.6,3.1,150.0,105.0,,,,,,
2022-08-19T18:00,74,Moderate,18.8,34.8,1.6,3.3,147.0,99.0,,,,,,
2022-08-19T19:00,75,Moderate,17.0,31.1,3.0,3.7,142.0,90.0,,,,,,
2022-08-19T20:00,69,Moderate,16.4,29.5,5.8,4.7,143.0,78.0,,,,,,
2022-08-19T21:00,67,Moderate,17.4,31.0,9.1,6.6,156.0,71.0,,,,,,
2022-08-19T22:00,67,Moderate,17.8,30.9,13.2,8.9,175.0,64.0,,,,,,
2022-08-19T23:00,67,Moderate,18.3,31.2,16.7,11.2,195.0,57.0,,,,,,
2022-08-20T00:00,67,Moderate,18.3,30.4,16.3,11.4,202.0,53.0,,,,,,
2022-08-20T01:00,67,Moderate,16.9,27.9,14.3,10.7,204.0,50.0,,,,,,
2022-08-20T02:00,67,Moderate,15.5,25.6,11.6,10.0,203.0,45.0,,,,,,
2022-08-20T03:00,67,Moderate,13.7,22.8,10.5,10.0,197.0,40.0,,,,,,
2022-08-20T04:00,67,Moderate,12.1,20.3,9.6,10.1,188.0,35.0,,,,,,
2022-08-20T05:00,67,Moderate,14.4,23.5,5.0,4.4,196.0,54.0,,,,,,
2022-08-20T06:00,67,Moderate,13.3,21.8,5.0,4.6,193.0,53.0,,,,,,
2022-08-20T07:00,67,Moderate,12.7,21.0,5.1,4.9,188.0,52.0,,,,,,
2022-08-20T08:00,67,Moderate,13.0,21.4,4.7,5.2,183.0,57.0,,,,,,
2022-08-20T09:00,67,Moderate,14.5,23.6,3.9,5.3,182.0,70.0,,,,,,
2022-08-20T10:00,67,Moderate,17.2,27.8,2.9,5.4,183.0,88.0,,,,,,
2022-08-20T11:00,67,Moderate,20.1,32.5,1.6,5.2,183.0,107.0,,,,,,
2022-08-20T12:00,66,Moderate,22.2,35.9,1.1,4.4,182.0,112.0,,,,,,
2022-08-20T13:00,66,Moderate,22.8,37.1,0.8,3.3,181.0,113.0,,,,,,
2022-08-20T14:00,66,Moderate,21.6,35.7,0.5,2.2,176.0,112.0,,,,,,
2022-08-20T15:00,66,Moderate,19.0,32.5,0.1,1.7,167.0,109.0,,,,,,
2022-08-20T16:00,65,Moderate,17.2,30.5,-0.4,1.5,155.0,105.0,,,,,,
2022-08-20T17:00,65,Moderate,17.8,31.9,0.4,2.0,147.0,98.0,,,,,,
2022-08-20T18:00,65,Moderate,16.0,29.1,1.2,2.1,143.0,96.0,,,,,,
2022-08-20T19:00,65,Moderate,15.3,27.6,2.3,2.4,138.0,92.0,,,,,,
2022-08-20T20:00,65,Moderate,15.9,28.1,6.2,3.9,138.0,83.0,,,,,,
2022-08-20T21:00,65,Moderate,16.5,28.6,13.3,6.9,150.0,71.0,,,,,,
2022-08-20T22:00,65,Moderate,17.1,29.0,22.5,11.0,168.0,55.0,,,,,,
2022-08-20T23:00,65,Moderate,17.4,29.2,29.9,14.8,183.0,39.0,,,,,,
2022-08-21T00:00,65,Moderate,16.4,27.2,27.5,14.7,179.0,35.0,,,,,,
2022-08-21T01:00,64,Moderate,14.1,23.5,21.1,13.2,167.0,34.0,,,,,,
2022-08-21T02:00,64,Moderate,11.2,19.0,13.0,11.0,152.0,34.0,,,,,,
2022-08-21T03:00,64,Moderate,9.3,15.9,9.7,9.8,144.0,33.0,,,,,,
2022-08-21T04:00,63,Moderate,8.2,14.2,7.2,8.6,137.0,31.0,,,,,,
2022-08-21T05:00,63,Moderate,9.5,15.7,7.7,8.5,154.0,30.0,,,,,,
2022-08-21T06:00,63,Moderate,9.2,15.1,7.7,8.9,159.0,31.0,,,,,,
2022-08-21T07:00,62,Moderate,9.5,15.3,7.6,9.5,166.0,32.0,,,,,,
2022-08-21T08:00,62,Moderate,10.6,17.1,7.3,10.2,172.0,39.0,,,,,,
2022-08-21T09:00,62,Moderate,13.0,20.7,6.8,11.0,173.0,52.0,,,,,,
2022-08-21T10:00,62,Moderate,16.4,26.1,6.1,11.8,172.0,69.0,,,,,,
2022-08-21T11:00,62,Moderate,19.8,31.8,5.0,12.0,166.0,89.0,,,,,,
2022-08-21T12:00,62,Moderate,22.3,36.9,3.8,10.8,157.0,98.0,,,,,,
2022-08-21T13:00,62,Moderate,23.3,40.3,2.3,8.8,146.0,104.0,,,,,,
2022-08-21T14:00,62,Moderate,23.1,41.6,1.3,6.6,132.0,105.0,,,,,,
2022-08-21T15:00,62,Moderate,21.4,40.0,2.0,5.7,126.0,99.0,,,,,,
2022-08-21T16:00,62,Moderate,20.7,39.2,3.5,5.1,121.0,87.0,,,,,,
2022-08-21T17:00,62,Moderate,20.4,37.1,6.2,5.7,124.0,75.0,,,,,,
2022-08-21T18:00,63,Moderate,16.6,29.7,7.9,6.1,126.0,66.0,,,,,,
2022-08-21T19:00,63,Moderate,13.3,23.1,10.4,6.6,129.0,54.0,,,,,,
2022-08-21T20:00,63,Moderate,11.1,19.1,12.6,7.2,132.0,40.0,,,,,,
2022-08-21T21:00,62,Moderate,9.6,16.4,12.6,7.6,133.0,34.0,,,,,,
2022-08-21T22:00,62,Moderate,8.4,14.6,11.8,8.0,133.0,31.0,,,,,,
2022-08-21T23:00,61,Moderate,7.6,13.2,10.3,8.2,131.0,28.0,,,,,,
2022-08-22T00:00,60,Moderate,6.6,11.6,8.9,8.1,127.0,27.0,,,,,,
2022-08-22T01:00,59,Moderate,5.7,10.0,7.2,7.7,120.0,26.0,,,,,,
2022-08-22T02:00,59,Moderate,5.2,9.2,5.3,7.3,113.0,26.0,,,,,,
2022-08-22T03:00,58,Moderate,5.0,8.9,4.4,7.2,110.0,26.0,,,,,,
2022-08-22T04:00,58,Moderate,4.8,8.6,3.8,7.1,107.0,27.0,,,,,,
2022-08-22T05:00,58,Moderate,5.4,9.9,2.5,6.8,96.0,33.0,,,,,,
2022-08-22T06:00,57,Moderate,5.3,9.7,3.1,7.3,96.0,33.0,,,,,,
2022-08-22T07:00,57,Moderate,5.5,10.1,4.1,8.1,97.0,32.0,,,,,,
2022-08-22T08:00,57,Moderate,6.3,11.2,4.8,8.8,98.0,34.0,,,,,,
2022-08-22T09:00,56,Moderate,7.4,12.9,4.6,8.8,99.0,39.0,,,,,,
2022-08-22T10:00,56,Moderate,9.3,15.7,4.0,8.6,101.0,46.0,,,,,,
2022-08-22T11:00,55,Moderate,11.2,18.7,3.1,8.0,102.0,54.0,,,,,,
2022-08-22T12:00,55,Moderate,11.9,20.0,2.4,7.1,101.0,60.0,,,,,,
2022-08-22T13:00,54,Moderate,12.6,21.4,1.7,5.9,99.0,65.0,,,,,,
2022-08-22T14:00,53,Moderate,13.4,23.2,1.5,4.7,98.0,68.0,,,,,,
2022-08-22T15:00,52,Moderate,13.2,23.2,2.3,4.3,99.0,66.0,,,,,,
2022-08-22T16:00,52,Moderate,12.7,22.5,3.6,4.2,100.0,61.0,,,,,,
2022-08-22T17:00,51,Moderate,9.6,16.8,4.8,4.8,102.0,54.0,,,,,,
2022-08-22T18:00,50,Good,9.1,16.2,6.7,5.5,105.0,47.0,,,,,,
2022-08-22T19:00,49,Good,8.4,15.1,9.4,6.3,110.0,38.0,,,,,,
2022-08-22T20:00,48,Good,7.9,14.3,12.0,7.4,115.0,28.0,,,,,,
2022-08-22T21:00,47,Good,7.4,13.3,12.2,8.0,118.0,25.0,,,,,,
2022-08-22T22:00,46,Good,6.6,11.8,11.7,8.5,121.0,25.0,,,,,,
2022-08-22T23:00,46,Good,6.0,10.7,10.5,8.8,123.0,26.0,,,,,,
2022-08-23T00:00,45,Good,5.6,9.9,9.4,8.8,122.0,27.0,,,,,,
2022-08-23T01:00,45,Good,5.9,10.7,8.0,8.7,120.0,28.0,,,,,,
2022-08-23T02:00,45,Good,6.0,11.1,6.3,8.3,116.0,30.0,,,,,,
2022-08-23T03:00,45,Good,5.7,10.4,5.2,7.9,113.0,31.0,,,,,,
2022-08-23T04:00,46,Good,5.0,9.1,4.1,7.4,109.0,32.0,,,,,,
2022-08-23T05:00,46,Good,5.4,9.7,3.1,7.1,104.0,34.0,,,,,,
2022-08-23T06:00,46,Good,5.1,9.1,3.6,7.7,104.0,34.0,,,,,,
2022-08-23T07:00,46,Good,5.0,9.1,4.4,8.4,103.0,34.0,,,,,,
2022-08-23T08:00,46,Good,5.0,8.8,5.1,9.3,103.0,36.0,,,,,,
2022-08-23T09:00,45,Good,6.1,10.2,5.1,9.7,103.0,39.0,,,,,,
2022-08-23T10:00,45,Good,8.1,13.0,4.8,9.9,104.0,43.0,,,,,,
2022-08-23T11:00,45,Good,10.0,15.8,4.2,9.6,104.0,50.0,,,,,,
2022-08-23T12:00,44,Good,11.3,17.9,3.4,8.5,103.0,58.0,,,,,,
2022-08-23T13:00,44,Good,11.3,17.5,2.3,6.8,102.0,66.0,,,,,,
2022-08-23T14:00,44,Good,10.9,17.6,1.7,5.1,101.0,74.0,,,,,,
2022-08-23T15:00,43,Good,10.5,17.2,2.2,4.6,102.0,74.0,,,,,,
2022-08-23T16:00,43,Good,9.7,16.2,3.2,4.4,104.0,71.0,,,,,,
2022-08-23T17:00,42,Good,9.8,16.6,5.2,4.9,108.0,61.0,,,,,,
2022-08-23T18:00,42,Good,8.4,14.6,7.0,5.7,111.0,54.0,,,,,,
2022-08-23T19:00,42,Good,6.9,12.0,9.5,6.8,115.0,45.0,,,,,,
2022-08-23T20:00,42,Good,6.1,10.8,12.1,8.1,120.0,35.0,,,,,,
2022-08-23T21:00,41,Good,6.0,10.7,12.5,8.6,123.0,32.0,,,,,,
2022-08-23T22:00,41,Good,6.0,10.6,12.2,9.0,127.0,31.0,,,,,,
2022-08-23T23:00,41,Good,5.7,10.1,11.4,9.2,130.0,30.0,,,,,,
2022-08-24T00:00,41,Good,5.4,9.6,10.4,9.0,131.0,30.0,,,,,,
2022-08-24T01:00,41,Good,5.2,9.2,9.2,8.6,130.0,30.0,,,,,,
2022-08-24T02:00,40,Good,5.0,9.0,7.6,8.0,129.0,30.0,,,,,,
2022-08-24T03:00,40,Good,4.7,8.4,6.6,7.7,128.0,30.0,,,,,,
2022-08-24T04:00,40,Good,4.4,7.6,5.7,7.3,128.0,31.0,,,,,,
2022-08-24T05:00,40,Good,5.1,8.7,5.3,7.4,123.0,31.0,,,,,,
2022-08-24T06:00,40,Good,5.1,8.5,5.8,8.1,126.0,31.0,,,,,,
2022-08-24T07:00,40,Good,5.1,8.4,6.6,9.2,130.0,32.0,,,,,,
2022-08-24T08:00,40,Good,6.1,9.8,7.6,10.7,135.0,34.0,,,,,,
2022-08-24T09:00,40,Good,8.0,12.5,8.2,11.9,139.0,38.0,,,,,,
2022-08-24T10:00,40,Good,10.2,15.7,8.7,13.2,143.0,45.0,,,,,,
2022-08-24T11:00,41,Good,12.7,19.3,8.9,14.6,146.0,53.0,,,,,,
2022-08-24T12:00,42,Good,14.4,21.8,8.3,15.1,146.0,60.0,,,,,,
2022-08-24T13:00,42,Good,15.7,23.7,7.1,15.3,144.0,66.0,,,,,,
2022-08-24T14:00,43,Good,16.1,24.4,6.4,15.5,143.0,73.0,,,,,,
2022-08-24T15:00,45,Good,16.3,24.8,6.9,15.7,143.0,75.0,,,,,,
2022-08-24T16:00,46,Good,16.1,24.7,8.0,15.9,144.0,75.0,,,,,,
2022-08-24T17:00,47,Good,13.7,20.7,6.1,8.3,140.0,74.0,,,,,,
2022-08-24T18:00,48,Good,14.1,21.5,8.9,8.4,144.0,69.0,,,,,,
2022-08-24T19:00,50,Good,13.4,20.4,12.9,8.5,151.0,61.0,,,,,,
2022-08-24T20:00,50,Good,12.6,19.4,17.5,9.1,160.0,51.0,,,,,,
2022-08-24T21:00,51,Moderate,11.3,17.5,19.7,10.3,168.0,45.0,,,,,,
2022-08-24T22:00,51,Moderate,10.1,15.5,21.2,11.9,177.0,40.0,,,,,,
2022-08-24T23:00,52,Moderate,9.4,14.5,21.8,13.4,186.0,35.0,,,,,,
2022-08-25T00:00,52,Moderate,9.1,14.2,20.9,13.2,189.0,33.0,,,,,,
2022-08-25T01:00,52,Moderate,9.0,14.1,19.0,12.5,190.0,32.0,,,,,,
2022-08-25T02:00,52,Moderate,8.6,13.7,16.2,11.6,188.0,32.0,,,,,,
2022-08-25T03:00,53,Moderate,8.0,12.7,14.0,11.5,182.0,32.0,,,,,,
2022-08-25T04:00,53,Moderate,7.5,11.8,11.7,11.5,174.0,33.0,,,,,,
2022-08-25T05:00,53,Moderate,10.4,15.9,15.0,11.3,222.0,27.0,,,,,,
2022-08-25T06:00,54,Moderate,10.2,15.5,13.9,11.5,222.0,30.0,,,,,,
2022-08-25T07:00,54,Moderate,10.5,15.9,12.3,11.7,223.0,36.0,,,,,,
2022-08-25T08:00,55,Moderate,11.8,17.9,10.1,11.9,221.0,48.0,,,,,,
2022-08-25T09:00,55,Moderate,14.1,21.1,8.5,11.9,216.0,65.0,,,,,,
2022-08-25T10:00,55,Moderate,16.6,24.7,6.7,11.9,209.0,86.0,,,,,,
2022-08-25T11:00,56,Moderate,19.3,28.9,4.6,11.3,201.0,111.0,,,,,,
2022-08-25T12:00,56,Moderate,22.6,34.2,3.1,10.3,199.0,124.0,,,,,,
2022-08-25T13:00,57,Moderate,24.0,37.3,1.8,8.8,198.0,134.0,,,,,,
2022-08-25T14:00,58,Moderate,21.4,34.8,0.9,7.4,194.0,140.0,,,,,,
2022-08-25T15:00,58,Moderate,18.4,31.0,1.0,6.7,184.0,135.0,,,,,,
2022-08-25T16:00,58,Moderate,16.5,28.5,1.6,6.3,170.0,125.0,,,,,,
2022-08-25T17:00,62,Moderate,17.7,30.6,4.3,7.3,163.0,108.0,,,,,,
2022-08-25T18:00,71,Moderate,16.8,28.2,7.4,9.3,164.0,96.0,,,,,,
2022-08-25T19:00,74,Moderate,16.4,26.5,11.7,12.1,165.0,79.0,,,,,,
2022-08-25T20:00,67,Moderate,15.7,24.7,15.4,14.1,167.0,61.0,,,,,,
2022-08-25T21:00,59,Moderate,14.3,22.2,14.4,12.7,168.0,55.0,,,,,,
2022-08-25T22:00,60,Moderate,12.7,19.7,11.7,10.0,168.0,53.0,,,,,,
2022-08-25T23:00,60,Moderate,11.8,18.2,8.3,6.6,170.0,52.0,,,,,,
2022-08-26T00:00,60,Moderate,11.6,18.0,7.0,5.4,173.0,52.0,,,,,,
2022-08-26T01:00,60,Moderate,11.7,18.0,6.1,4.6,178.0,52.0,,,,,,
2022-08-26T02:00,60,Moderate,12.0,18.5,5.3,3.9,184.0,54.0,,,,,,
2022-08-26T03:00,61,Moderate,12.6,19.3,4.8,3.5,188.0,55.0,,,,,,
2022-08-26T04:00,61,Moderate,13.1,19.8,4.4,3.5,193.0,56.0,,,,,,
2022-08-26T05:00,61,Moderate,13.0,19.7,4.3,3.0,199.0,57.0,,,,,,
2022-08-26T06:00,62,Moderate,13.5,20.4,3.7,2.5,193.0,62.0,,,,,,
2022-08-26T07:00,62,Moderate,13.7,20.8,2.7,1.8,185.0,69.0,,,,,,
2022-08-26T08:00,62,Moderate,13.8,21.1,1.7,1.1,173.0,76.0,,,,,,
2022-08-26T09:00,62,Moderate,14.2,22.0,1.4,0.8,164.0,77.0,,,,,,
2022-08-26T10:00,62,Moderate,13.9,21.7,1.2,0.6,153.0,77.0,,,,,,
2022-08-26T11:00,62,Moderate,14.1,21.9,1.1,0.5,143.0,77.0,,,,,,
2022-08-26T12:00,62,Moderate,13.3,20.8,0.8,0.4,139.0,79.0,,,,,,
2022-08-26T13:00,61,Moderate,12.2,18.9,0.4,0.3,138.0,81.0,,,,,,
2022-08-26T14:00,60,Moderate,11.7,18.1,0.4,0.5,138.0,83.0,,,,,,
2022-08-26T15:00,59,Moderate,10.8,16.9,0.8,0.9,138.0,84.0,,,,,,
2022-08-26T16:00,59,Moderate,11.3,18.8,1.5,1.6,139.0,86.0,,,,,,
2022-08-26T17:00,58,Moderate,17.5,29.7,5.5,6.2,167.0,95.0,,,,,,
2022-08-26T18:00,58,Moderate,17.6,29.7,9.3,8.3,172.0,85.0,,,,,,
2022-08-26T19:00,58,Moderate,17.6,29.1,14.7,11.2,179.0,72.0,,,,,,
2022-08-26T20:00,58,Moderate,17.0,27.9,19.5,13.8,184.0,56.0,,,,,,
2022-08-26T21:00,59,Moderate,14.9,24.2,18.9,13.4,181.0,49.0,,,,,,
2022-08-26T22:00,59,Moderate,12.5,20.3,16.4,11.8,175.0,45.0,,,,,,
2022-08-26T23:00,59,Moderate,10.5,16.9,13.0,9.8,170.0,41.0,,,,,,
2022-08-27T00:00,58,Moderate,9.3,14.8,11.7,9.0,172.0,39.0,,,,,,
2022-08-27T01:00,58,Moderate,8.9,14.1,10.7,8.4,177.0,38.0,,,,,,
2022-08-27T02:00,58,Moderate,9.2,14.5,9.5,8.1,181.0,37.0,,,,,,
2022-08-27T03:00,58,Moderate,9.3,14.6,8.6,8.4,179.0,36.0,,,,,,
2022-08-27T04:00,58,Moderate,8.8,13.8,7.9,9.0,175.0,35.0,,,,,,
2022-08-27T05:00,57,Moderate,9.7,16.2,7.9,10.0,161.0,35.0,,,,,,
2022-08-27T06:00,57,Moderate,8.5,14.2,8.0,10.2,158.0,35.0,,,,,,
2022-08-27T07:00,57,Moderate,8.0,13.5,8.0,10.5,155.0,35.0,,,,,,
2022-08-27T08:00,56,Moderate,7.8,13.1,8.0,11.1,151.0,37.0,,,,,,
2022-08-27T09:00,56,Moderate,8.5,14.1,7.9,12.0,151.0,42.0,,,,,,
2022-08-27T10:00,55,Moderate,10.4,17.0,7.8,13.2,152.0,49.0,,,,,,
2022-08-27T11:00,55,Moderate,12.6,20.3,7.2,13.9,151.0,59.0,,,,,,
2022-08-27T12:00,55,Moderate,14.3,23.2,5.9,13.1,145.0,66.0,,,,,,
2022-08-27T13:00,55,Moderate,15.2,25.5,4.3,11.5,137.0,73.0,,,,,,
2022-08-27T14:00,55,Moderate,15.3,26.7,2.9,9.7,129.0,79.0,,,,,,
2022-08-27T15:00,55,Moderate,15.0,27.1,3.1,9.0,125.0,78.0,,,,,,
2022-08-27T16:00,56,Moderate,14.5,26.1,3.9,8.4,123.0,74.0,,,,,,
2022-08-27T17:00,56,Moderate,18.9,29.9,15.3,17.5,177.0,61.0,,,,,,
2022-08-27T18:00,56,Moderate,17.2,27.1,16.6,17.0,177.0,56.0,,,,,,
2022-08-27T19:00,56,Moderate,14.6,22.8,18.4,16.3,176.0,49.0,,,,,,
2022-08-27T20:00,56,Moderate,12.1,18.7,19.7,15.0,175.0,41.0,,,,,,
2022-08-27T21:00,56,Moderate,10.0,15.4,18.9,13.7,172.0,39.0,,,,,,
2022-08-27T22:00,55,Moderate,8.4,12.8,17.2,12.1,169.0,39.0,,,,,,
2022-08-27T23:00,55,Moderate,7.4,11.3,15.2,10.6,167.0,38.0,,,,,,
2022-08-28T00:00,55,Moderate,7.1,10.9,14.7,10.4,169.0,36.0,,,,,,
2022-08-28T01:00,54,Moderate,7.2,11.0,14.6,10.7,173.0,34.0,,,,,,
2022-08-28T02:00,54,Moderate,7.1,11.1,14.4,11.3,177.0,31.0,,,,,,
2022-08-28T03:00,54,Moderate,6.9,10.9,14.0,11.7,176.0,29.0,,,,,,
2022-08-28T04:00,54,Moderate,6.7,10.6,13.5,12.2,174.0,27.0,,,,,,
2022-08-28T05:00,54,Moderate,6.6,10.2,11.2,10.6,178.0,28.0,,,,,,
2022-08-28T06:00,53,Moderate,6.5,10.0,10.4,10.9,178.0,29.0,,,,,,
2022-08-28T07:00,53,Moderate,6.7,10.2,9.3,11.3,178.0,32.0,,,,,,
2022-08-28T08:00,53,Moderate,7.5,11.3,7.8,12.0,177.0,40.0,,,,,,
2022-08-28T09:00,53,Moderate,9.4,14.0,6.8,12.7,174.0,53.0,,,,,,
2022-08-28T10:00,53,Moderate,12.1,17.9,5.8,13.6,170.0,71.0,,,,,,
2022-08-28T11:00,53,Moderate,15.0,22.2,4.5,14.1,166.0,93.0,,,,,,
2022-08-28T12:00,54,Moderate,15.7,23.6,3.2,13.7,165.0,107.0,,,,,,
2022-08-28T13:00,54,Moderate,17.6,26.7,1.9,12.8,164.0,121.0,,,,,,
2022-08-28T14:00,54,Moderate,18.2,28.5,1.3,11.7,163.0,130.0,,,,,,
2022-08-28T15:00,54,Moderate,17.4,28.5,2.1,10.7,160.0,127.0,,,,,,
2022-08-28T16:00,54,Moderate,16.8,28.9,3.7,9.7,155.0,118.0,,,,,,
2022-08-28T17:00,54,Moderate,18.2,31.8,6.4,9.0,146.0,93.0,,,,,,
2022-08-28T18:00,54,Moderate,15.9,26.5,10.0,10.4,150.0,84.0,,,,,,
2022-08-28T19:00,54,Moderate,15.1,24.0,15.1,12.4,155.0,70.0,,,,,,
2022-08-28T20:00,54,Moderate,14.4,22.2,20.2,14.2,163.0,55.0,,,,,,
2022-08-28T21:00,55,Moderate,14.3,21.9,21.0,14.1,170.0,49.0,,,,,,
2022-08-28T22:00,55,Moderate,13.9,21.4,20.3,13.2,178.0,45.0,,,,,,
2022-08-28T23:00,55,Moderate,13.5,20.8,18.7,12.1,187.0,42.0,,,,,,
2022-08-29T00:00,56,Moderate,13.0,20.0,17.4,11.6,192.0,40.0,,,,,,
2022-08-29T01:00,56,Moderate,12.7,19.3,15.8,11.2,197.0,40.0,,,,,,
2022-08-29T02:00,57,Moderate,12.4,18.8,13.6,10.8,202.0,40.0,,,,,,
2022-08-29T03:00,57,Moderate,12.2,18.3,12.3,10.7,204.0,40.0,,,,,,
2022-08-29T04:00,58,Moderate,12.3,18.3,11.0,10.7,206.0,41.0,,,,,,
2022-08-29T05:00,58,Moderate,12.1,19.0,11.4,11.3,199.0,32.0,,,,,,
2022-08-29T06:00,58,Moderate,12.0,18.7,10.7,11.8,201.0,35.0,,,,,,
2022-08-29T07:00,59,Moderate,12.1,18.8,9.6,12.4,203.0,41.0,,,,,,
2022-08-29T08:00,59,Moderate,12.5,19.4,7.9,12.7,203.0,53.0,,,,,,
2022-08-29T09:00,60,Moderate,13.8,21.2,6.3,12.2,199.0,70.0,,,,,,
2022-08-29T10:00,60,Moderate,15.3,23.5,4.5,11.2,193.0,91.0,,,,,,
2022-08-29T11:00,60,Moderate,17.0,25.9,2.5,9.5,187.0,114.0,,,,,,
2022-08-29T12:00,60,Moderate,17.8,27.1,1.7,7.7,187.0,123.0,,,,,,
2022-08-29T13:00,61,Moderate,18.9,28.8,1.1,5.7,189.0,127.0,,,,,,
2022-08-29T14:00,61,Moderate,20.1,30.7,0.7,3.6,190.0,130.0,,,,,,
2022-08-29T15:00,61,Moderate,20.6,32.1,0.1,2.7,186.0,130.0,,,,,,
2022-08-29T16:00,61,Moderate,19.0,31.0,-0.5,2.3,180.0,129.0,,,,,,
2022-08-29T17:00,61,Moderate,16.8,29.6,2.7,4.6,150.0,107.0,,,,,,
2022-08-29T18:00,69,Moderate,14.8,25.5,6.8,7.0,152.0,96.0,,,,,,
2022-08-29T19:00,70,Moderate,13.9,22.7,12.6,10.5,154.0,81.0,,,,,,
2022-08-29T20:00,63,Moderate,14.0,22.2,18.7,14.4,159.0,64.0,,,,,,
2022-08-29T21:00,61,Moderate,14.4,22.2,20.3,15.8,164.0,58.0,,,,,,
2022-08-29T22:00,61,Moderate,14.6,22.1,20.5,16.6,171.0,55.0,,,,,,
2022-08-29T23:00,61,Moderate,15.0,22.5,19.2,16.3,177.0,55.0,,,,,,
2022-08-30T00:00,61,Moderate,14.7,21.8,16.9,14.7,178.0,58.0,,,,,,
2022-08-30T01:00,61,Moderate,13.7,20.3,13.4,12.2,178.0,63.0,,,,,,
2022-08-30T02:00,61,Moderate,12.8,19.1,9.3,9.1,177.0,70.0,,,,,,
2022-08-30T03:00,61,Moderate,12.7,18.9,7.1,7.6,178.0,73.0,,,,,,
2022-08-30T04:00,61,Moderate,12.2,18.2,5.4,6.5,179.0,75.0,,,,,,
2022-08-30T05:00,61,Moderate,12.8,19.0,6.2,6.2,203.0,64.0,,,,,,
2022-08-30T06:00,61,Moderate,12.4,18.3,5.9,6.3,203.0,66.0,,,,,,
2022-08-30T07:00,61,Moderate,12.2,18.1,5.5,6.3,202.0,68.0,,,,,,
2022-08-30T08:00,61,Moderate,12.6,18.7,4.6,5.9,201.0,75.0,,,,,,
2022-08-30T09:00,61,Moderate,14.1,21.0,3.5,4.8,199.0,86.0,,,,,,
2022-08-30T10:00,62,Moderate,16.1,23.8,2.2,3.3,197.0,100.0,,,,,,
2022-08-30T11:00,62,Moderate,17.9,26.3,0.8,1.6,194.0,113.0,,,,,,
2022-08-30T12:00,62,Moderate,18.5,27.4,0.4,1.0,191.0,114.0,,,,,,
2022-08-30T13:00,62,Moderate,18.5,27.4,0.3,0.6,188.0,112.0,,,,,,
2022-08-30T14:00,62,Moderate,17.5,26.3,0.3,0.4,182.0,106.0,,,,,,
2022-08-30T15:00,61,Moderate,15.5,23.9,0.1,0.1,176.0,101.0,,,,,,
2022-08-30T16:00,61,Moderate,13.9,21.9,-0.3,-0.1,169.0,96.0,,,,,,
2022-08-30T17:00,61,Moderate,14.1,22.4,0.3,0.5,167.0,95.0,,,,,,
2022-08-30T18:00,60,Moderate,15.1,24.3,1.9,2.1,170.0,97.0,,,,,,
2022-08-30T19:00,60,Moderate,16.0,25.8,4.1,4.5,175.0,100.0,,,,,,
2022-08-30T20:00,61,Moderate,16.2,26.3,6.6,7.5,180.0,102.0,,,,,,
2022-08-30T21:00,61,Moderate,16.4,26.7,7.6,9.5,183.0,101.0,,,,,,
2022-08-30T22:00,61,Moderate,16.8,27.1,8.2,11.4,185.0,98.0,,,,,,
2022-08-30T23:00,61,Moderate,16.3,26.3,8.4,12.9,186.0,93.0,,,,,,
2022-08-31T00:00,61,Moderate,15.9,25.7,8.0,12.5,185.0,89.0,,,,,,
2022-08-31T01:00,61,Moderate,15.3,24.6,7.1,11.3,183.0,86.0,,,,,,
2022-08-31T02:00,61,Moderate,15.0,24.0,5.9,9.5,179.0,81.0,,,,,,
2022-08-31T03:00,62,Moderate,13.6,21.6,5.1,8.1,175.0,78.0,,,,,,
2022-08-31T04:00,62,Moderate,12.5,19.9,4.1,6.6,170.0,76.0,,,,,,
2022-08-31T05:00,62,Moderate,11.0,17.6,2.9,4.7,159.0,83.0,,,,,,
2022-08-31T06:00,62,Moderate,9.9,15.8,2.7,4.3,158.0,83.0,,,,,,
2022-08-31T07:00,61,Moderate,9.0,14.4,2.3,3.8,156.0,83.0,,,,,,
2022-08-31T08:00,61,Moderate,8.6,13.9,1.7,2.9,153.0,83.0,,,,,,
2022-08-31T09:00,61,Moderate,9.1,14.5,1.3,2.1,150.0,84.0,,,,,,
2022-08-31T10:00,60,Moderate,9.5,15.2,0.8,1.3,147.0,85.0,,,,,,
2022-08-31T11:00,60,Moderate,10.2,16.1,0.3,0.4,144.0,86.0,,,,,,
2022-08-31T12:00,59,Moderate,11.0,17.5,0.2,0.2,143.0,85.0,,,,,,
2022-08-31T13:00,59,Moderate,11.4,18.2,0.3,0.2,142.0,84.0,,,,,,
2022-08-31T14:00,58,Moderate,10.6,17.2,0.3,0.3,142.0,83.0,,,,,,
2022-08-31T15:00,58,Moderate,10.0,16.5,0.2,0.2,142.0,83.0,,,,,,
2022-08-31T16:00,57,Moderate,9.9,16.7,-0.1,0.2,141.0,83.0,,,,,,
2022-08-31T17:00,57,Moderate,14.4,24.7,3.4,5.0,151.0,90.0,,,,,,
2022-08-31T18:00,57,Moderate,12.5,21.5,7.1,7.0,152.0,80.0,,,,,,
2022-08-31T19:00,57,Moderate,11.2,19.1,12.4,9.7,152.0,65.0,,,,,,
2022-08-31T20:00,56,Moderate,11.0,18.0,17.7,12.8,157.0,50.0,,,,,,
2022-08-31T21:00,56,Moderate,11.4,18.0,18.8,13.7,165.0,46.0,,,,,,
2022-08-31T22:00,56,Moderate,11.6,17.9,18.4,14.1,177.0,44.0,,,,,,
2022-08-31T23:00,55,Moderate,12.0,18.4,17.4,14.3,189.0,44.0,,,,,,
2022-09-01T00:00,55,Moderate,12.1,18.3,16.6,14.7,194.0,44.0,,,,,,
2022-09-01T01:00,54,Moderate,11.7,17.7,15.5,14.9,197.0,44.0,,,,,,
2022-09-01T02:00,54,Moderate,11.1,16.8,13.9,15.2,199.0,44.0,,,,,,
2022-09-01T03:00,54,Moderate,10.8,16.3,12.5,15.2,201.0,44.0,,,,,,
2022-09-01T04:00,54,Moderate,9.7,14.8,11.1,15.2,202.0,44.0,,,,,,
2022-09-01T05:00,53,Moderate,14.4,21.1,12.1,12.9,232.0,44.0,,,,,,
2022-09-01T06:00,54,Moderate,14.1,20.6,11.3,12.6,233.0,45.0,,,,,,
2022-09-01T07:00,54,Moderate,13.9,20.4,10.3,12.2,234.0,48.0,,,,,,
2022-09-01T08:00,54,Moderate,14.3,20.8,8.7,11.1,233.0,52.0,,,,,,
2022-09-01T09:00,55,Moderate,15.7,22.9,7.6,9.6,230.0,57.0,,,,,,
2022-09-01T10:00,55,Moderate,17.8,25.9,6.4,7.7,225.0,64.0,,,,,,
2022-09-01T11:00,56,Moderate,18.6,27.1,4.9,5.4,216.0,72.0,,,,,,
2022-09-01T12:00,57,Moderate,18.6,27.2,3.7,4.2,207.0,77.0,,,,,,
2022-09-01T13:00,57,Moderate,17.5,25.6,2.5,3.2,196.0,82.0,,,,,,
2022-09-01T14:00,58,Moderate,15.0,22.0,1.5,2.4,182.0,86.0,,,,,,
2022-09-01T15:00,58,Moderate,12.5,18.5,0.9,1.9,172.0,88.0,,,,,,
2022-09-01T16:00,58,Moderate,9.5,14.7,0.6,1.6,163.0,89.0,,,,,,
2022-09-01T17:00,58,Moderate,19.7,29.5,12.9,15.1,199.0,81.0,,,,,,
2022-09-01T18:00,59,Moderate,18.6,28.1,15.8,15.9,199.0,73.0,,,,,,
2022-09-01T19:00,59,Moderate,17.9,27.0,20.0,17.1,198.0,62.0,,,,,,
2022-09-01T20:00,60,Moderate,16.7,25.3,23.9,18.5,198.0,50.0,,,,,,
2022-09-01T21:00,60,Moderate,15.7,23.6,24.1,19.1,199.0,46.0,,,,,,
2022-09-01T22:00,60,Moderate,15.0,22.5,23.1,19.5,200.0,43.0,,,,,,
2022-09-01T23:00,61,Moderate,14.3,21.7,21.0,19.6,200.0,41.0,,,,,,
2022-09-02T00:00,61,Moderate,12.6,19.3,19.2,19.2,197.0,39.0,,,,,,
2022-09-02T01:00,61,Moderate,11.0,17.1,17.0,18.3,191.0,38.0,,,,,,
2022-09-02T02:00,61,Moderate,9.5,14.9,14.2,17.1,184.0,37.0,,,,,,
2022-09-02T03:00,61,Moderate,8.0,12.7,12.1,16.1,179.0,37.0,,,,,,
2022-09-02T04:00,61,Moderate,7.2,11.6,10.0,15.1,173.0,37.0,,,,,,
2022-09-02T05:00,60,Moderate,7.9,14.3,2.6,7.0,110.0,46.0,,,,,,
2022-09-02T06:00,60,Moderate,8.1,14.7,3.2,7.5,108.0,46.0,,,,,,
2022-09-02T07:00,59,Moderate,8.1,14.5,3.9,8.2,106.0,46.0,,,,,,
2022-09-02T08:00,59,Moderate,7.9,14.2,4.5,8.7,104.0,48.0,,,,,,
2022-09-02T09:00,58,Moderate,8.7,15.3,4.1,8.5,104.0,53.0,,,,,,
2022-09-02T10:00,58,Moderate,10.3,17.9,3.4,8.0,104.0,59.0,,,,,,
2022-09-02T11:00,57,Moderate,11.9,20.9,2.5,7.1,104.0,66.0,,,,,,
2022-09-02T12:00,57,Moderate,13.3,23.5,1.9,6.3,101.0,68.0,,,,,,
2022-09-02T13:00,56,Moderate,13.5,24.2,1.4,5.4,98.0,69.0,,,,,,
2022-09-02T14:00,56,Moderate,12.8,23.5,1.3,4.6,94.0,68.0,,,,,,
2022-09-02T15:00,56,Moderate,11.9,21.9,1.9,4.7,93.0,64.0,,,,,,
2022-09-02T16:00,56,Moderate,11.6,21.7,2.9,5.2,93.0,58.0,,,,,,
2022-09-02T17:00,56,Moderate,11.2,20.4,5.0,6.3,95.0,51.0,,,,,,
2022-09-02T18:00,55,Moderate,10.2,18.5,6.8,6.9,99.0,48.0,,,,,,
2022-09-02T19:00,55,Moderate,9.2,16.6,9.3,7.8,104.0,43.0,,,,,,
2022-09-02T20:00,54,Moderate,8.6,15.5,11.6,8.9,111.0,39.0,,,,,,
2022-09-02T21:00,53,Moderate,8.3,14.9,11.8,9.4,115.0,39.0,,,,,,
2022-09-02T22:00,53,Moderate,8.1,14.6,11.3,9.9,117.0,39.0,,,,,,
2022-09-02T23:00,52,Moderate,8.1,14.6,10.1,10.3,120.0,41.0,,,,,,
2022-09-03T00:00,52,Moderate,8.1,14.5,9.0,10.4,120.0,42.0,,,,,,
2022-09-03T01:00,51,Moderate,7.8,14.0,7.6,10.3,120.0,44.0,,,,,,
2022-09-03T02:00,51,Moderate,7.5,13.3,6.0,10.1,119.0,45.0,,,,,,
2022-09-03T03:00,51,Moderate,7.2,12.6,5.1,9.8,119.0,45.0,,,,,,
2022-09-03T04:00,51,Moderate,7.0,12.1,4.4,9.4,120.0,45.0,,,,,,
2022-09-03T05:00,51,Moderate,6.0,10.5,3.0,8.6,109.0,46.0,,,,,,
2022-09-03T06:00,51,Moderate,5.8,9.9,3.6,9.5,110.0,46.0,,,,,,
2022-09-03T07:00,51,Moderate,5.9,10.1,4.3,10.8,112.0,46.0,,,,,,
2022-09-03T08:00,50,Good,6.5,10.7,4.9,12.0,114.0,48.0,,,,,,
2022-09-03T09:00,50,Good,8.4,13.9,4.7,12.2,115.0,54.0,,,,,,
2022-09-03T10:00,50,Good,10.4,17.3,4.2,11.9,116.0,62.0,,,,,,
2022-09-03T11:00,50,Good,12.5,20.8,3.4,11.0,115.0,72.0,,,,,,
2022-09-03T12:00,50,Good,13.4,22.5,2.6,9.6,113.0,77.0,,,,,,
2022-09-03T13:00,50,Good,14.5,24.8,1.7,7.7,110.0,82.0,,,,,,
2022-09-03T14:00,50,Good,14.8,26.0,1.3,6.0,106.0,83.0,,,,,,
2022-09-03T15:00,51,Moderate,14.1,25.6,2.0,6.0,104.0,79.0,,,,,,
2022-09-03T16:00,51,Moderate,13.2,24.0,3.3,6.6,103.0,72.0,,,,,,
2022-09-03T17:00,51,Moderate,13.8,24.2,7.1,9.2,112.0,63.0,,,,,,
2022-09-03T18:00,51,Moderate,13.2,22.8,9.6,9.6,116.0,58.0,,,,,,
2022-09-03T19:00,51,Moderate,12.4,21.4,13.2,10.1,121.0,50.0,,,,,,
2022-09-03T20:00,52,Moderate,11.6,19.8,16.9,10.6,130.0,41.0,,,,,,
2022-09-03T21:00,52,Moderate,10.9,18.6,17.8,10.8,138.0,37.0,,,,,,
2022-09-03T22:00,52,Moderate,10.3,17.4,17.7,10.9,147.0,34.0,,,,,,
2022-09-03T23:00,52,Moderate,9.5,15.8,16.7,10.9,156.0,31.0,,,,,,
2022-09-04T00:00,52,Moderate,8.4,13.9,14.9,10.8,159.0,30.0,,,,,,
2022-09-04T01:00,52,Moderate,7.8,12.8,12.5,10.5,159.0,31.0,,,,,,
2022-09-04T02:00,52,Moderate,7.5,12.3,9.5,10.2,157.0,32.0,,,,,,
2022-09-04T03:00,52,Moderate,7.1,11.6,7.9,10.0,154.0,33.0,,,,,,
2022-09-04T04:00,52,Moderate,6.7,11.0,6.7,9.7,149.0,34.0,,,,,,
2022-09-04T05:00,52,Moderate,7.0,11.6,5.5,9.6,145.0,35.0,,,,,,
2022-09-04T06:00,52,Moderate,6.7,10.9,5.6,10.1,145.0,36.0,,,,,,
2022-09-04T07:00,52,Moderate,6.3,10.2,5.6,10.8,145.0,36.0,,,,,,
2022-09-04T08:00,52,Moderate,6.9,10.8,5.6,11.7,145.0,42.0,,,,,,
2022-09-04T09:00,52,Moderate,9.0,14.0,5.3,12.4,147.0,52.0,,,,,,
2022-09-04T10:00,53,Moderate,11.7,18.0,5.0,13.2,149.0,66.0,,,,,,
2022-09-04T11:00,53,Moderate,14.5,22.3,4.3,13.5,151.0,83.0,,,,,,
2022-09-04T12:00,53,Moderate,16.9,26.4,3.3,12.6,150.0,94.0,,,,,,
2022-09-04T13:00,53,Moderate,18.1,29.3,2.1,11.2,147.0,104.0,,,,,,
2022-09-04T14:00,53,Moderate,19.1,32.7,1.4,9.6,143.0,109.0,,,,,,
2022-09-04T15:00,54,Moderate,19.0,34.2,2.3,9.4,140.0,103.0,,,,,,
2022-09-04T16:00,54,Moderate,16.8,30.2,4.0,9.5,136.0,92.0,,,,,,
2022-09-04T17:00,54,Moderate,18.2,31.8,6.7,7.0,136.0,87.0,,,,,,
2022-09-04T18:00,55,Moderate,18.0,30.7,11.1,7.9,141.0,76.0,,,,,,
2022-09-04T19:00,55,Moderate,17.3,29.2,17.4,9.3,147.0,60.0,,,,,,
2022-09-04T20:00,55,Moderate,15.9,26.1,23.4,10.9,156.0,43.0,,,,,,
2022-09-04T21:00,56,Moderate,14.3,22.9,24.1,12.0,161.0,37.0,,,,,,
2022-09-04T22:00,56,Moderate,13.2,21.0,22.8,12.9,166.0,35.0,,,,,,
2022-09-04T23:00,56,Moderate,12.3,19.3,20.1,13.5,171.0,34.0,,,,,,
2022-09-05T00:00,57,Moderate,11.2,17.6,17.6,13.0,172.0,34.0,,,,,,
2022-09-05T01:00,57,Moderate,10.4,16.2,14.4,11.9,171.0,36.0,,,,,,
2022-09-05T02:00,57,Moderate,9.9,15.5,10.9,10.8,170.0,38.0,,,,,,
2022-09-05T03:00,57,Moderate,9.6,15.0,9.5,10.6,170.0,37.0,,,,,,
2022-09-05T04:00,57,Moderate,9.1,14.3,8.7,10.7,169.0,36.0,,,,,,
2022-09-05T05:00,58,Moderate,10.1,16.1,10.5,12.7,169.0,31.0,,,,,,
2022-09-05T06:00,58,Moderate,9.7,15.3,9.5,12.8,168.0,33.0,,,,,,
2022-09-05T07:00,58,Moderate,9.6,15.0,8.1,12.9,166.0,36.0,,,,,,
2022-09-05T08:00,58,Moderate,10.0,15.5,6.3,13.1,161.0,44.0,,,,,,
2022-09-05T09:00,58,Moderate,12.0,18.6,5.1,13.6,156.0,56.0,,,,,,
2022-09-05T10:00,59,Moderate,13.0,20.7,4.0,14.2,149.0,71.0,,,,,,
2022-09-05T11:00,59,Moderate,14.4,24.1,2.6,13.8,138.0,84.0,,,,,,
2022-09-05T12:00,59,Moderate,14.6,25.2,1.8,11.5,125.0,82.0,,,,,,
2022-09-05T13:00,59,Moderate,14.0,24.7,1.0,8.2,110.0,75.0,,,,,,
2022-09-05T14:00,58,Moderate,12.9,23.1,0.3,4.3,94.0,64.0,,,,,,
2022-09-05T15:00,58,Moderate,11.2,20.7,-0.1,2.5,88.0,59.0,,,,,,
2022-09-05T16:00,57,Moderate,9.7,18.5,-0.3,1.1,86.0,54.0,,,,,,
2022-09-05T17:00,57,Moderate,11.2,20.4,4.5,5.3,103.0,54.0,,,,,,
2022-09-05T18:00,56,Moderate,10.9,19.0,7.0,6.5,109.0,49.0,,,,,,
2022-09-05T19:00,56,Moderate,10.6,18.3,10.5,8.1,118.0,43.0,,,,,,
2022-09-05T20:00,55,Moderate,9.8,16.7,14.1,10.0,130.0,35.0,,,,,,
2022-09-05T21:00,55,Moderate,9.2,15.4,15.1,10.7,138.0,32.0,,,,,,
2022-09-05T22:00,54,Moderate,9.3,15.7,15.2,11.2,146.0,30.0,,,,,,
2022-09-05T23:00,54,Moderate,9.2,15.4,14.4,11.6,152.0,29.0,,,,,,
2022-09-06T00:00,54,Moderate,9.0,15.2,12.9,11.6,150.0,30.0,,,,,,
2022-09-06T01:00,53,Moderate,8.9,15.1,10.7,11.5,145.0,32.0,,,,,,
2022-09-06T02:00,53,Moderate,8.3,14.2,8.1,11.2,138.0,34.0,,,,,,
2022-09-06T03:00,53,Moderate,8.3,14.2,6.6,10.8,134.0,35.0,,,,,,
2022-09-06T04:00,53,Moderate,8.1,14.0,5.4,10.1,130.0,37.0,,,,,,
2022-09-06T05:00,53,Moderate,8.9,15.2,4.1,9.4,124.0,38.0,,,,,,
2022-09-06T06:00,53,Moderate,8.6,14.6,4.4,9.9,123.0,38.0,,,,,,
2022-09-06T07:00,53,Moderate,7.9,13.4,4.8,10.6,121.0,38.0,,,,,,
2022-09-06T08:00,53,Moderate,7.9,13.1,5.2,11.4,120.0,40.0,,,,,,
2022-09-06T09:00,53,Moderate,8.4,13.8,5.1,11.9,123.0,45.0,,,,,,
2022-09-06T10:00,52,Moderate,10.8,17.3,4.7,12.2,128.0,52.0,,,,,,
2022-09-06T11:00,52,Moderate,12.8,20.4,4.1,11.9,132.0,62.0,,,,,,
2022-09-06T12:00,52,Moderate,14.7,23.8,3.3,10.7,131.0,70.0,,,,,,
2022-09-06T13:00,52,Moderate,16.5,27.4,2.3,8.8,129.0,79.0,,,,,,
2022-09-06T14:00,52,Moderate,16.8,28.6,1.8,7.0,125.0,85.0,,,,,,
2022-09-06T15:00,52,Moderate,15.4,26.5,2.6,6.8,123.0,80.0,,,,,,
2022-09-06T16:00,53,Moderate,14.0,23.7,4.1,7.2,120.0,69.0,,,,,,
2022-09-06T17:00,53,Moderate,13.0,21.8,6.5,8.2,126.0,63.0,,,,,,
2022-09-06T18:00,53,Moderate,10.0,16.9,7.8,8.0,124.0,55.0,,,,,,
2022-09-06T19:00,53,Moderate,7.7,13.4,9.7,7.8,122.0,44.0,,,,,,
2022-09-06T20:00,53,Moderate,6.4,11.1,11.3,7.5,119.0,33.0,,,,,,
2022-09-06T21:00,53,Moderate,5.7,10.1,11.0,7.6,119.0,31.0,,,,,,
2022-09-06T22:00,52,Moderate,5.5,9.7,9.9,7.8,119.0,32.0,,,,,,
2022-09-06T23:00,52,Moderate,5.9,10.4,8.2,7.9,118.0,35.0,,,,,,
2022-09-07T00:00,52,Moderate,6.2,11.0,6.9,7.6,116.0,36.0,,,,,,
2022-09-07T01:00,52,Moderate,5.9,10.6,5.5,7.2,112.0,38.0,,,,,,
2022-09-07T02:00,51,Moderate,5.6,10.1,3.9,6.7,108.0,40.0,,,,,,
2022-09-07T03:00,51,Moderate,5.7,10.5,3.0,6.3,105.0,41.0,,,,,,
2022-09-07T04:00,51,Moderate,5.3,9.9,2.2,5.8,101.0,43.0,,,,,,
2022-09-07T05:00,51,Moderate,5.5,10.0,2.2,5.8,100.0,43.0,,,,,,
2022-09-07T06:00,50,Good,5.5,10.0,2.9,6.4,100.0,42.0,,,,,,
2022-09-07T07:00,50,Good,5.7,10.5,3.9,7.2,99.0,42.0,,,,,,
2022-09-07T08:00,50,Good,6.2,11.1,4.8,7.9,100.0,43.0,,,,,,
2022-09-07T09:00,50,Good,7.5,13.0,4.6,8.0,102.0,47.0,,,,,,
2022-09-07T10:00,50,Good,9.7,16.6,4.0,7.8,105.0,53.0,,,,,,
2022-09-07T11:00,49,Good,11.7,19.7,3.2,7.4,107.0,61.0,,,,,,
2022-09-07T12:00,49,Good,13.0,21.9,2.6,6.9,106.0,67.0,,,,,,
2022-09-07T13:00,49,Good,14.5,24.6,2.0,6.2,105.0,72.0,,,,,,
2022-09-07T14:00,48,Good,15.3,26.5,2.1,5.7,103.0,75.0,,,,,,
2022-09-07T15:00,48,Good,14.2,25.1,3.4,6.0,102.0,70.0,,,,,,
2022-09-07T16:00,48,Good,11.8,20.8,5.5,6.8,102.0,60.0,,,,,,
2022-09-07T17:00,47,Good,10.2,16.6,8.9,10.1,123.0,54.0,,,,,,
2022-09-07T18:00,46,Good,9.0,15.0,10.1,10.0,123.0,50.0,,,,,,
2022-09-07T19:00,46,Good,7.8,13.2,11.6,9.8,124.0,44.0,,,,,,
2022-09-07T20:00,46,Good,7.2,12.3,13.0,9.6,125.0,37.0,,,,,,
2022-09-07T21:00,46,Good,6.9,11.8,12.9,9.5,127.0,35.0,,,,,,
2022-09-07T22:00,47,Good,6.4,10.9,12.2,9.4,130.0,35.0,,,,,,
2022-09-07T23:00,47,Good,5.8,10.0,10.8,9.3,133.0,35.0,,,,,,
2022-09-08T00:00,47,Good,5.2,8.9,9.7,9.2,133.0,36.0,,,,,,
2022-09-08T01:00,47,Good,4.9,8.5,8.3,9.1,131.0,37.0,,,,,,
2022-09-08T02:00,46,Good,4.9,8.6,6.6,9.0,128.0,39.0,,,,,,
2022-09-08T03:00,46,Good,5.1,9.0,5.6,8.9,125.0,40.0,,,,,,
2022-09-08T04:00,46,Good,5.4,9.5,4.6,8.7,122.0,41.0,,,,,,
2022-09-08T05:00,46,Good,5.4,9.5,3.8,8.6,118.0,43.0,,,,,,
2022-09-08T06:00,46,Good,5.3,9.2,3.8,8.8,116.0,44.0,,,,,,
2022-09-08T07:00,46,Good,5.3,9.3,4.2,9.1,115.0,45.0,,,,,,
2022-09-08T08:00,46,Good,5.9,10.0,4.4,9.3,115.0,49.0,,,,,,
2022-09-08T09:00,46,Good,7.6,12.6,4.1,9.1,116.0,56.0,,,,,,
2022-09-08T10:00,46,Good,10.0,16.2,3.6,8.8,119.0,65.0,,,,,,
2022-09-08T11:00,46,Good,12.3,20.0,3.0,8.1,121.0,76.0,,,,,,
2022-09-08T12:00,46,Good,15.5,25.3,2.5,7.4,122.0,83.0,,,,,,
2022-09-08T13:00,47,Good,17.1,28.2,2.0,6.6,122.0,89.0,,,,,,
2022-09-08T14:00,47,Good,19.1,31.7,2.1,5.7,122.0,93.0,,,,,,
2022-09-08T15:00,48,Good,19.7,33.3,2.8,5.4,123.0,91.0,,,,,,
2022-09-08T16:00,49,Good,19.1,32.7,4.1,5.3,125.0,86.0,,,,,,
2022-09-08T17:00,50,Good,16.1,27.9,7.7,6.0,125.0,71.0,,,,,,
2022-09-08T18:00,51,Moderate,13.9,24.0,10.3,6.6,128.0,63.0,,,,,,
2022-09-08T19:00,51,Moderate,11.5,19.8,13.9,7.5,133.0,52.0,,,,,,
2022-09-08T20:00,52,Moderate,10.7,18.6,16.7,8.5,137.0,40.0,,,,,,
2022-09-08T21:00,52,Moderate,9.8,17.0,15.6,8.8,137.0,38.0,,,,,,
2022-09-08T22:00,52,Moderate,8.8,15.4,12.7,8.8,135.0,39.0,,,,,,
2022-09-08T23:00,52,Moderate,8.0,14.0,9.1,8.8,132.0,42.0,,,,,,
2022-09-09T00:00,52,Moderate,7.4,12.9,7.3,8.6,129.0,43.0,,,,,,
2022-09-09T01:00,53,Moderate,6.9,12.2,5.8,8.4,126.0,44.0,,,,,,
2022-09-09T02:00,53,Moderate,6.7,11.9,4.3,8.0,121.0,46.0,,,,,,
2022-09-09T03:00,53,Moderate,6.8,12.3,3.4,7.6,117.0,47.0,,,,,,
2022-09-09T04:00,53,Moderate,6.7,12.3,2.8,7.3,113.0,49.0,,,,,,
2022-09-09T05:00,53,Moderate,5.3,9.4,2.9,8.0,119.0,47.0,,,,,,
2022-09-09T06:00,53,Moderate,5.5,9.6,3.5,8.5,119.0,47.0,,,,,,
2022-09-09T07:00,53,Moderate,5.9,10.5,4.5,9.1,118.0,47.0,,,,,,
2022-09-09T08:00,53,Moderate,6.6,11.6,5.2,9.6,119.0,50.0,,,,,,
2022-09-09T09:00,53,Moderate,9.1,15.5,4.9,9.6,121.0,57.0,,,,,,
2022-09-09T10:00,53,Moderate,12.0,20.1,4.2,9.5,124.0,66.0,,,,,,
2022-09-09T11:00,53,Moderate,14.5,24.7,3.2,8.7,126.0,77.0,,,,,,
2022-09-09T12:00,54,Moderate,16.5,28.6,2.5,7.3,125.0,83.0,,,,,,
2022-09-09T13:00,54,Moderate,19.8,34.6,1.9,5.6,124.0,89.0,,,,,,
2022-09-09T14:00,54,Moderate,21.0,36.8,1.7,3.9,122.0,92.0,,,,,,
2022-09-09T15:00,54,Moderate,19.4,34.6,2.2,3.8,121.0,89.0,,,,,,
2022-09-09T16:00,54,Moderate,18.5,33.4,3.3,4.4,121.0,84.0,,,,,,
2022-09-09T17:00,54,Moderate,17.1,29.9,6.5,5.4,127.0,74.0,,,,,,
2022-09-09T18:00,54,Moderate,14.7,25.4,8.4,6.0,130.0,67.0,,,,,,
2022-09-09T19:00,54,Moderate,13.0,22.5,11.1,6.8,135.0,56.0,,,,,,
2022-09-09T20:00,54,Moderate,11.0,18.8,13.6,7.9,141.0,45.0,,,,,,
2022-09-09T21:00,54,Moderate,10.5,18.2,13.7,8.7,144.0,42.0,,,,,,
2022-09-09T22:00,54,Moderate,10.3,17.8,13.0,9.6,146.0,41.0,,,,,,
2022-09-09T23:00,54,Moderate,9.9,17.2,11.4,10.2,147.0,41.0,,,,,,
2022-09-10T00:00,55,Moderate,9.8,17.1,9.8,10.0,146.0,42.0,,,,,,
2022-09-10T01:00,55,Moderate,9.6,16.8,7.7,9.4,143.0,43.0,,,,,,
2022-09-10T02:00,55,Moderate,9.1,15.9,5.4,8.6,138.0,46.0,,,,,,
2022-09-10T03:00,55,Moderate,8.6,15.1,4.2,8.2,134.0,48.0,,,,,,
2022-09-10T04:00,55,Moderate,8.5,15.1,3.3,7.8,130.0,50.0,,,,,,
2022-09-10T05:00,56,Moderate,7.2,12.9,3.0,7.6,132.0,49.0,,,,,,
2022-09-10T06:00,56,Moderate,7.2,12.9,3.7,7.9,130.0,49.0,,,,,,
2022-09-10T07:00,56,Moderate,7.6,13.7,4.6,8.3,128.0,49.0,,,,,,
2022-09-10T08:00,56,Moderate,8.4,14.8,5.4,8.7,126.0,52.0,,,,,,
2022-09-10T09:00,56,Moderate,10.4,18.0,5.2,8.8,127.0,58.0,,,,,,
2022-09-10T10:00,56,Moderate,13.2,22.4,4.5,8.8,129.0,66.0,,,,,,
2022-09-10T11:00,56,Moderate,15.5,26.1,3.6,8.3,132.0,76.0,,,,,,
2022-09-10T12:00,56,Moderate,19.6,32.9,2.9,7.4,133.0,84.0,,,,,,
2022-09-10T13:00,57,Moderate,23.5,39.5,2.2,6.2,134.0,92.0,,,,,,
2022-09-10T14:00,57,Moderate,24.5,41.6,2.0,5.0,135.0,98.0,,,,,,
2022-09-10T15:00,57,Moderate,24.0,41.1,2.5,4.6,134.0,95.0,,,,,,
2022-09-10T16:00,58,Moderate,22.5,39.1,3.5,4.6,133.0,89.0,,,,,,
2022-09-10T17:00,58,Moderate,18.0,31.9,6.4,5.3,130.0,74.0,,,,,,
2022-09-10T18:00,58,Moderate,16.4,29.0,9.1,6.1,134.0,66.0,,,,,,
2022-09-10T19:00,58,Moderate,14.4,25.2,13.0,7.2,139.0,54.0,,,,,,
2022-09-10T20:00,58,Moderate,12.9,22.6,16.5,8.5,144.0,41.0,,,,,,
2022-09-10T21:00,58,Moderate,11.3,19.8,16.4,8.9,146.0,38.0,,,,,,
2022-09-10T22:00,58,Moderate,11.8,20.8,15.0,9.0,147.0,37.0,,,,,,
2022-09-10T23:00,58,Moderate,11.6,20.4,12.6,9.1,147.0,38.0,,,,,,
2022-09-11T00:00,59,Moderate,11.2,19.6,10.8,9.2,145.0,39.0,,,,,,
2022-09-11T01:00,59,Moderate,11.1,19.4,8.7,9.3,141.0,41.0,,,,,,
2022-09-11T02:00,59,Moderate,10.9,19.0,6.3,9.3,136.0,43.0,,,,,,
2022-09-11T03:00,59,Moderate,10.5,18.2,5.0,9.0,133.0,44.0,,,,,,
2022-09-11T04:00,59,Moderate,10.1,17.6,4.1,8.6,130.0,45.0,,,,,,
2022-09-11T05:00,59,Moderate,7.7,13.2,3.4,8.0,127.0,44.0,,,,,,
2022-09-11T06:00,59,Moderate,7.2,12.4,3.8,8.4,126.0,44.0,,,,,,
2022-09-11T07:00,59,Moderate,6.9,12.0,4.5,9.0,125.0,44.0,,,,,,
2022-09-11T08:00,59,Moderate,7.3,12.6,4.9,9.4,124.0,47.0,,,,,,
2022-09-11T09:00,59,Moderate,9.2,15.6,4.7,9.3,125.0,53.0,,,,,,
2022-09-11T10:00,59,Moderate,11.9,20.1,4.2,9.0,126.0,61.0,,,,,,
2022-09-11T11:00,59,Moderate,15.6,26.4,3.4,8.2,127.0,71.0,,,,,,
2022-09-11T12:00,59,Moderate,19.0,32.4,2.7,6.9,127.0,78.0,,,,,,
2022-09-11T13:00,59,Moderate,25.2,42.8,1.9,5.2,126.0,85.0,,,,,,
2022-09-11T14:00,59,Moderate,27.2,46.7,1.6,3.7,125.0,90.0,,,,,,
2022-09-11T15:00,59,Moderate,27.0,46.6,2.4,3.7,126.0,88.0,,,,,,
2022-09-11T16:00,60,Moderate,24.0,41.9,3.7,4.2,127.0,83.0,,,,,,
2022-09-11T17:00,60,Moderate,17.0,30.5,5.8,5.0,127.0,68.0,,,,,,
2022-09-11T18:00,60,Moderate,14.9,26.8,8.2,5.7,130.0,60.0,,,,,,
2022-09-11T19:00,59,Moderate,12.7,22.6,11.5,6.6,135.0,49.0,,,,,,
2022-09-11T20:00,59,Moderate,11.3,19.9,14.4,7.7,140.0,37.0,,,,,,
2022-09-11T21:00,59,Moderate,11.0,19.6,13.9,8.2,141.0,35.0,,,,,,
2022-09-11T22:00,59,Moderate,9.4,16.7,12.1,8.5,140.0,36.0,,,,,,
2022-09-11T23:00,59,Moderate,9.0,16.2,9.7,8.8,139.0,38.0,,,,,,
2022-09-12T00:00,59,Moderate,9.7,17.4,8.4,8.9,138.0,39.0,,,,,,
2022-09-12T01:00,59,Moderate,9.9,17.8,7.3,8.8,137.0,40.0,,,,,,
2022-09-12T02:00,59,Moderate,9.5,17.1,5.9,8.8,135.0,41.0,,,,,,
2022-09-12T03:00,58,Moderate,9.0,16.1,4.9,8.6,132.0,42.0,,,,,,
2022-09-12T04:00,58,Moderate,8.6,15.4,4.0,8.5,129.0,43.0,,,,,,
2022-09-12T05:00,58,Moderate,8.2,14.8,3.0,7.7,126.0,45.0,,,,,,
2022-09-12T06:00,58,Moderate,7.3,13.1,3.3,7.9,125.0,46.0,,,,,,
2022-09-12T07:00,58,Moderate,6.9,12.4,3.8,8.3,124.0,46.0,,,,,,
2022-09-12T08:00,58,Moderate,7.4,13.2,4.0,8.4,122.0,50.0,,,,,,
2022-09-12T09:00,58,Moderate,9.0,15.8,3.7,8.0,122.0,56.0,,,,,,
2022-09-12T10:00,58,Moderate,11.3,19.8,3.0,7.4,122.0,64.0,,,,,,
2022-09-12T11:00,58,Moderate,13.8,24.0,2.3,6.5,122.0,74.0,,,,,,
2022-09-12T12:00,58,Moderate,16.3,28.6,1.8,5.7,121.0,79.0,,,,,,
2022-09-12T13:00,58,Moderate,17.9,31.7,1.5,5.0,119.0,83.0,,,,,,
2022-09-12T14:00,57,Moderate,18.5,33.2,1.4,4.2,118.0,85.0,,,,,,
2022-09-12T15:00,57,Moderate,18.0,32.7,1.7,4.0,118.0,84.0,,,,,,
2022-09-12T16:00,56,Moderate,17.2,31.2,2.3,4.1,118.0,80.0,,,,,,
2022-09-12T17:00,55,Moderate,20.0,36.1,4.5,3.8,121.0,75.0,,,,,,
2022-09-12T18:00,56,Moderate,18.0,32.5,8.0,4.5,125.0,66.0,,,,,,
2022-09-12T19:00,56,Moderate,15.5,27.9,13.0,5.6,131.0,52.0,,,,,,
2022-09-12T20:00,56,Moderate,13.3,23.5,17.7,7.0,139.0,38.0,,,,,,
2022-09-12T21:00,56,Moderate,11.4,20.1,18.1,8.0,143.0,34.0,,,,,,
2022-09-12T22:00,56,Moderate,11.5,20.3,16.8,8.9,147.0,34.0,,,,,,
2022-09-12T23:00,56,Moderate,10.1,17.7,14.6,9.8,150.0,34.0,,,,,,
2022-09-13T00:00,56,Moderate,10.0,17.6,12.8,9.8,150.0,34.0,,,,,,
2022-09-13T01:00,56,Moderate,10.1,17.9,10.7,9.5,150.0,36.0,,,,,,
2022-09-13T02:00,57,Moderate,10.0,17.7,8.3,9.1,148.0,37.0,,,,,,
2022-09-13T03:00,57,Moderate,9.9,17.6,7.0,8.8,146.0,37.0,,,,,,
2022-09-13T04:00,57,Moderate,9.7,17.3,6.0,8.5,144.0,37.0,,,,,,
2022-09-13T05:00,57,Moderate,9.1,16.5,4.6,8.7,136.0,39.0,,,,,,
2022-09-13T06:00,57,Moderate,9.2,16.8,5.0,9.1,136.0,40.0,,,,,,
2022-09-13T07:00,57,Moderate,9.3,17.1,5.5,9.6,135.0,41.0,,,,,,
2022-09-13T08:00,57,Moderate,10.2,18.3,5.8,10.1,135.0,46.0,,,,,,
2022-09-13T09:00,57,Moderate,11.9,21.0,5.3,10.1,136.0,56.0,,,,,,
2022-09-13T10:00,58,Moderate,14.4,25.3,4.4,9.9,138.0,68.0,,,,,,
2022-09-13T11:00,58,Moderate,17.1,29.9,3.3,9.1,139.0,82.0,,,,,,
2022-09-13T12:00,58,Moderate,19.7,34.8,2.4,7.7,136.0,87.0,,,,,,
2022-09-13T13:00,58,Moderate,21.1,38.1,1.6,6.0,131.0,90.0,,,,,,
2022-09-13T14:00,59,Moderate,21.1,39.0,1.1,4.2,126.0,90.0,,,,,,
2022-09-13T15:00,59,Moderate,18.3,34.2,1.4,3.9,123.0,87.0,,,,,,
2022-09-13T16:00,59,Moderate,16.9,31.5,2.2,4.1,121.0,80.0,,,,,,
2022-09-13T17:00,59,Moderate,18.6,34.1,3.7,4.2,130.0,79.0,,,,,,
2022-09-13T18:00,59,Moderate,17.5,31.9,6.4,4.6,131.0,70.0,,,,,,
2022-09-13T19:00,59,Moderate,16.9,30.7,10.2,5.0,132.0,57.0,,,,,,
2022-09-13T20:00,59,Moderate,16.1,29.0,14.1,5.8,135.0,43.0,,,,,,
2022-09-13T21:00,59,Moderate,15.1,27.1,15.0,6.5,139.0,39.0,,,,,,
2022-09-13T22:00,59,Moderate,14.4,25.7,14.8,7.3,143.0,37.0,,,,,,
2022-09-13T23:00,59,Moderate,13.3,23.6,13.9,8.1,148.0,36.0,,,,,,
2022-09-14T00:00,60,Moderate,12.8,22.7,12.8,8.4,150.0,35.0,,,,,,
2022-09-14T01:00,60,Moderate,12.0,21.3,11.2,8.4,152.0,35.0,,,,,,
2022-09-14T02:00,60,Moderate,11.8,20.7,9.2,8.5,154.0,34.0,,,,,,
2022-09-14T03:00,60,Moderate,11.4,19.9,8.2,8.6,155.0,33.0,,,,,,
2022-09-14T04:00,60,Moderate,11.1,19.3,7.4,8.7,156.0,32.0,,,,,,
2022-09-14T05:00,60,Moderate,11.3,19.6,6.1,9.1,160.0,34.0,,,,,,
2022-09-14T06:00,61,Moderate,11.4,19.6,6.2,9.7,161.0,36.0,,,,,,
2022-09-14T07:00,61,Moderate,11.6,19.8,6.4,10.6,162.0,38.0,,,,,,
2022-09-14T08:00,61,Moderate,12.4,20.9,6.3,11.5,162.0,45.0,,,,,,
2022-09-14T09:00,61,Moderate,14.4,24.2,5.7,11.9,160.0,57.0,,,,,,
2022-09-14T10:00,61,Moderate,16.8,28.6,4.8,12.2,156.0,72.0,,,,,,
2022-09-14T11:00,62,Moderate,18.6,32.5,3.6,11.6,149.0,87.0,,,,,,
2022-09-14T12:00,62,Moderate,19.9,35.4,2.7,9.7,140.0,89.0,,,,,,
2022-09-14T13:00,62,Moderate,19.4,35.2,1.7,7.1,129.0,87.0,,,,,,
2022-09-14T14:00,62,Moderate,18.3,33.6,1.1,4.5,117.0,82.0,,,,,,
2022-09-14T15:00,61,Moderate,15.0,27.4,1.7,4.1,113.0,77.0,,,,,,
2022-09-14T16:00,61,Moderate,13.9,25.6,2.8,4.5,111.0,71.0,,,,,,
2022-09-14T17:00,61,Moderate,15.0,26.5,4.6,4.5,114.0,67.0,,,,,,
2022-09-14T18:00,61,Moderate,14.6,25.4,8.5,5.3,120.0,60.0,,,,,,
2022-09-14T19:00,60,Moderate,14.7,25.4,14.0,6.3,128.0,50.0,,,,,,
2022-09-14T20:00,60,Moderate,15.3,26.3,19.6,7.6,137.0,39.0,,,,,,
2022-09-14T21:00,60,Moderate,14.9,25.6,20.7,8.3,140.0,35.0,,,,,,
2022-09-14T22:00,60,Moderate,13.9,24.0,20.2,8.8,141.0,32.0,,,,,,
2022-09-14T23:00,60,Moderate,12.3,21.0,18.7,9.4,143.0,30.0,,,,,,
2022-09-15T00:00,60,Moderate,12.1,20.5,17.4,9.9,145.0,29.0,,,,,,
2022-09-15T01:00,60,Moderate,11.0,18.4,15.7,10.3,147.0,29.0,,,,,,
2022-09-15T02:00,60,Moderate,11.1,18.7,13.2,10.6,148.0,30.0,,,,,,
2022-09-15T03:00,60,Moderate,11.1,18.7,11.2,10.4,145.0,30.0,,,,,,
2022-09-15T04:00,60,Moderate,10.8,18.3,9.2,10.0,140.0,30.0,,,,,,
2022-09-15T05:00,60,Moderate,10.9,18.0,8.0,10.0,151.0,31.0,,,,,,
2022-09-15T06:00,60,Moderate,10.6,17.4,7.6,10.5,149.0,33.0,,,,,,
2022-09-15T07:00,60,Moderate,10.6,17.5,7.0,11.3,145.0,37.0,,,,,,
2022-09-15T08:00,60,Moderate,11.4,18.7,6.1,12.3,142.0,46.0,,,,,,
2022-09-15T09:00,59,Moderate,13.9,22.6,5.4,13.4,143.0,61.0,,,,,,
2022-09-15T10:00,59,Moderate,15.9,26.5,4.6,14.5,144.0,80.0,,,,,,
2022-09-15T11:00,59,Moderate,18.9,31.9,3.5,14.7,144.0,99.0,,,,,,
2022-09-15T12:00,59,Moderate,20.4,35.4,2.6,12.8,139.0,103.0,,,,,,
2022-09-15T13:00,59,Moderate,21.1,37.3,1.6,9.8,131.0,102.0,,,,,,
2022-09-15T14:00,60,Moderate,20.3,37.0,1.0,6.3,122.0,98.0,,,,,,
2022-09-15T15:00,60,Moderate,18.5,34.5,0.9,5.0,117.0,94.0,,,,,,
2022-09-15T16:00,60,Moderate,17.3,32.8,1.2,4.1,113.0,88.0,,,,,,
2022-09-15T17:00,60,Moderate,19.4,34.2,2.4,2.4,113.0,84.0,,,,,,
2022-09-15T18:00,61,Moderate,17.6,31.0,5.0,2.7,115.0,77.0,,,,,,
2022-09-15T19:00,61,Moderate,16.5,29.1,8.7,3.2,119.0,67.0,,,,,,
2022-09-15T20:00,61,Moderate,15.7,27.2,13.8,4.3,128.0,54.0,,,,,,
2022-09-15T21:00,61,Moderate,14.7,25.1,17.9,5.6,141.0,47.0,,,,,,
2022-09-15T22:00,61,Moderate,13.4,22.4,22.2,7.3,158.0,40.0,,,,,,
2022-09-15T23:00,61,Moderate,12.9,21.2,25.1,9.3,176.0,35.0,,,,,,
2022-09-16T00:00,61,Moderate,12.6,20.7,23.2,10.4,180.0,36.0,,,,,,
2022-09-16T01:00,61,Moderate,11.7,19.0,19.0,11.3,180.0,40.0,,,,,,
2022-09-16T02:00,61,Moderate,11.9,19.3,14.0,12.1,179.0,44.0,,,,,,
2022-09-16T03:00,61,Moderate,11.8,19.2,12.5,12.3,179.0,42.0,,,,,,
2022-09-16T04:00,61,Moderate,12.1,19.7,11.7,12.3,179.0,39.0,,,,,,
2022-09-16T05:00,61,Moderate,12.4,19.7,10.2,11.5,187.0,39.0,,,,,,
2022-09-16T06:00,61,Moderate,12.4,19.6,9.8,11.7,189.0,41.0,,,,,,
2022-09-16T07:00,62,Moderate,12.9,20.3,9.1,12.1,191.0,44.0,,,,,,
2022-09-16T08:00,62,Moderate,14.4,22.5,7.7,12.2,194.0,55.0,,,,,,
2022-09-16T09:00,62,Moderate,17.5,27.2,6.1,11.9,195.0,74.0,,,,,,
2022-09-16T10:00,62,Moderate,21.3,33.1,4.2,11.4,196.0,99.0,,,,,,
2022-09-16T11:00,63,Moderate,25.0,39.5,2.1,10.2,193.0,124.0,,,,,,
2022-09-16T12:00,63,Moderate,26.3,42.5,1.3,8.6,186.0,127.0,,,,,,
2022-09-16T13:00,64,Moderate,25.5,42.1,0.8,6.7,177.0,123.0,,,,,,
2022-09-16T14:00,64,Moderate,22.6,38.3,0.6,4.8,167.0,116.0,,,,,,
2022-09-16T15:00,64,Moderate,19.7,34.5,0.4,4.1,164.0,115.0,,,,,,
2022-09-16T16:00,64,Moderate,18.4,32.7,0.4,3.9,163.0,114.0,,,,,,
2022-09-16T17:00,64,Moderate,20.5,36.1,1.5,1.9,156.0,99.0,,,,,,
2022-09-16T18:00,64,Moderate,18.8,32.9,3.3,2.2,153.0,91.0,,,,,,
2022-09-16T19:00,65,Moderate,17.7,31.1,6.0,2.6,148.0,79.0,,,,,,
2022-09-16T20:00,65,Moderate,16.5,28.7,9.9,3.7,146.0,64.0,,,,,,
2022-09-16T21:00,65,Moderate,15.6,26.9,13.4,4.9,152.0,55.0,,,,,,
2022-09-16T22:00,65,Moderate,14.3,24.2,17.3,6.5,161.0,48.0,,,,,,
2022-09-16T23:00,65,Moderate,13.9,23.1,20.9,8.5,174.0,40.0,,,,,,
2022-09-17T00:00,65,Moderate,14.1,23.1,21.6,9.9,182.0,37.0,,,,,,
2022-09-17T01:00,65,Moderate,14.0,22.8,21.2,11.2,191.0,35.0,,,,,,
2022-09-17T02:00,65,Moderate,14.3,23.2,19.7,12.4,199.0,34.0,,,,,,
2022-09-17T03:00,65,Moderate,14.3,22.9,18.0,12.7,201.0,33.0,,,,,,
2022-09-17T04:00,66,Moderate,14.1,22.7,15.8,12.6,200.0,32.0,,,,,,
2022-09-17T05:00,66,Moderate,13.9,22.4,13.1,12.7,202.0,33.0,,,,,,
2022-09-17T06:00,66,Moderate,13.5,21.7,12.3,13.3,203.0,36.0,,,,,,
2022-09-17T07:00,66,Moderate,13.6,21.9,11.2,14.2,205.0,40.0,,,,,,
2022-09-17T08:00,66,Moderate,15.0,23.9,9.5,15.1,206.0,51.0,,,,,,
2022-09-17T09:00,66,Moderate,18.3,28.9,8.0,15.5,207.0,69.0,,,,,,
2022-09-17T10:00,66,Moderate,22.6,35.9,6.5,15.6,207.0,93.0,,,,,,
2022-09-17T11:00,66,Moderate,25.4,41.4,4.6,14.8,202.0,116.0,,,,,,
2022-09-17T12:00,66,Moderate,26.5,45.1,3.3,12.9,192.0,121.0,,,,,,
2022-09-17T13:00,66,Moderate,25.3,44.4,2.1,10.2,178.0,118.0,,,,,,
2022-09-17T14:00,66,Moderate,22.4,40.5,1.3,7.2,162.0,111.0,,,,,,
2022-09-17T15:00,66,Moderate,20.8,38.4,1.4,5.9,153.0,103.0,,,,,,
2022-09-17T16:00,66,Moderate,19.6,36.4,2.0,5.1,145.0,92.0,,,,,,
2022-09-17T17:00,66,Moderate,22.5,41.1,5.4,9.3,148.0,79.0,,,,,,
2022-09-17T18:00,67,Moderate,21.1,38.5,6.0,8.9,150.0,73.0,,,,,,
2022-09-17T19:00,67,Moderate,17.6,31.3,6.8,8.3,154.0,64.0,,,,,,
2022-09-17T20:00,67,Moderate,13.0,22.2,7.5,7.5,158.0,54.0,,,,,,
2022-09-17T21:00,66,Moderate,11.1,18.6,7.5,6.8,161.0,50.0,,,,,,
2022-09-17T22:00,66,Moderate,10.2,16.9,7.3,6.0,163.0,48.0,,,,,,
2022-09-17T23:00,66,Moderate,9.6,15.9,7.0,5.4,166.0,45.0,,,,,,
2022-09-18T00:00,65,Moderate,9.2,15.3,7.1,5.6,167.0,42.0,,,,,,
2022-09-18T01:00,65,Moderate,9.2,15.3,7.2,6.0,167.0,39.0,,,,,,
2022-09-18T02:00,65,Moderate,9.3,15.4,7.4,6.7,167.0,36.0,,,,,,
2022-09-18T03:00,64,Moderate,9.2,15.3,7.4,7.0,166.0,34.0,,,,,,
2022-09-18T04:00,64,Moderate,9.1,15.0,7.4,7.4,164.0,32.0,,,,,,
2022-09-18T05:00,64,Moderate,9.2,15.0,7.6,7.9,172.0,31.0,,,,,,
2022-09-18T06:00,63,Moderate,9.1,14.7,7.3,8.5,173.0,32.0,,,,,,
2022-09-18T07:00,63,Moderate,9.4,15.0,6.8,9.2,174.0,34.0,,,,,,
2022-09-18T08:00,62,Moderate,10.3,16.2,5.8,9.9,175.0,43.0,,,,,,
2022-09-18T09:00,62,Moderate,12.7,19.8,4.8,10.0,175.0,58.0,,,,,,
2022-09-18T10:00,62,Moderate,16.1,24.9,3.6,9.9,174.0,79.0,,,,,,
2022-09-18T11:00,61,Moderate,20.1,31.3,2.2,9.1,173.0,100.0,,,,,,
2022-09-18T12:00,61,Moderate,21.7,34.8,1.5,7.5,171.0,106.0,,,,,,
2022-09-18T13:00,60,Moderate,23.2,38.5,0.9,5.2,168.0,107.0,,,,,,
2022-09-18T14:00,60,Moderate,21.9,37.3,0.6,3.1,165.0,106.0,,,,,,
2022-09-18T15:00,60,Moderate,19.7,34.0,0.8,3.2,163.0,104.0,,,,,,
2022-09-18T16:00,60,Moderate,18.5,32.4,1.4,4.0,161.0,101.0,,,,,,
2022-09-18T17:00,60,Moderate,22.4,40.0,6.6,10.5,153.0,82.0,,,,,,
2022-09-18T18:00,60,Moderate,19.0,33.4,6.7,9.5,152.0,75.0,,,,,,
2022-09-18T19:00,60,Moderate,16.6,29.2,6.9,8.1,150.0,65.0,,,,,,
2022-09-18T20:00,60,Moderate,13.8,23.7,7.0,6.6,149.0,53.0,,,,,,
2022-09-18T21:00,60,Moderate,12.0,20.5,7.0,5.9,150.0,48.0,,,,,,
2022-09-18T22:00,60,Moderate,11.4,19.4,7.0,5.6,152.0,45.0,,,,,,
2022-09-18T23:00,60,Moderate,11.3,19.3,7.0,5.4,154.0,42.0,,,,,,
2022-09-19T00:00,60,Moderate,11.0,18.9,7.0,5.5,155.0,40.0,,,,,,
2022-09-19T01:00,60,Moderate,10.9,18.7,7.0,5.9,156.0,37.0,,,,,,
2022-09-19T02:00,60,Moderate,10.6,18.2,7.1,6.4,157.0,35.0,,,,,,
2022-09-19T03:00,60,Moderate,10.3,17.6,7.1,6.7,157.0,33.0,,,,,,
2022-09-19T04:00,61,Moderate,10.2,17.4,7.1,7.0,157.0,32.0,,,,,,
2022-09-19T05:00,61,Moderate,10.1,16.9,7.3,7.5,165.0,31.0,,,,,,
2022-09-19T06:00,61,Moderate,10.0,16.4,7.0,7.6,167.0,32.0,,,,,,
2022-09-19T07:00,61,Moderate,10.2,16.7,6.4,7.8,170.0,35.0,,,,,,
2022-09-19T08:00,61,Moderate,11.0,17.9,5.5,7.9,171.0,43.0,,,,,,
2022-09-19T09:00,61,Moderate,13.0,21.0,4.5,7.9,169.0,57.0,,,,,,
2022-09-19T10:00,61,Moderate,16.1,26.0,3.3,7.7,164.0,76.0,,,,,,
2022-09-19T11:00,61,Moderate,19.7,31.8,2.2,7.6,159.0,96.0,,,,,,
2022-09-19T12:00,61,Moderate,22.5,37.4,1.9,7.7,156.0,104.0,,,,,,
2022-09-19T13:00,61,Moderate,25.5,43.3,1.8,7.9,154.0,108.0,,,,,,
2022-09-19T14:00,61,Moderate,26.5,45.6,2.4,8.4,151.0,108.0,,,,,,
2022-09-19T15:00,62,Moderate,26.1,46.0,3.7,9.5,150.0,103.0,,,,,,
2022-09-19T16:00,62,Moderate,24.7,43.5,5.7,10.8,149.0,93.0,,,,,,
2022-09-19T17:00,62,Moderate,17.2,30.2,9.8,12.6,141.0,61.0,,,,,,
2022-09-19T18:00,62,Moderate,14.5,25.4,9.1,10.9,140.0,58.0,,,,,,
2022-09-19T19:00,62,Moderate,12.5,21.9,8.1,8.4,139.0,53.0,,,,,,
2022-09-19T20:00,61,Moderate,11.8,20.9,7.0,5.8,139.0,47.0,,,,,,
2022-09-19T21:00,61,Moderate,11.0,19.3,6.8,5.2,141.0,44.0,,,,,,
2022-09-19T22:00,61,Moderate,10.8,18.9,6.9,5.2,145.0,42.0,,,,,,
2022-09-19T23:00,61,Moderate,10.6,18.6,7.0,5.4,148.0,39.0,,,,,,
2022-09-20T00:00,61,Moderate,10.5,18.6,6.9,5.5,148.0,37.0,,,,,,
2022-09-20T01:00,61,Moderate,10.5,18.6,6.8,5.7,148.0,36.0,,,,,,
2022-09-20T02:00,61,Moderate,10.3,18.4,6.6,6.0,147.0,35.0,,,,,,
2022-09-20T03:00,61,Moderate,10.1,17.8,6.5,6.2,147.0,34.0,,,,,,
2022-09-20T04:00,61,Moderate,10.0,17.6,6.4,6.5,148.0,33.0,,,,,,
2022-09-20T05:00,61,Moderate,9.2,16.2,5.4,5.8,143.0,34.0,,,,,,
2022-09-20T06:00,61,Moderate,9.0,15.7,5.2,5.9,144.0,35.0,,,,,,
2022-09-20T07:00,61,Moderate,8.9,15.5,4.9,6.1,145.0,36.0,,,,,,
2022-09-20T08:00,61,Moderate,9.5,16.1,4.3,6.3,147.0,43.0,,,,,,
2022-09-20T09:00,61,Moderate,11.1,18.4,3.6,6.5,147.0,57.0,,,,,,
2022-09-20T10:00,60,Moderate,14.4,23.3,2.8,6.7,147.0,75.0,,,,,,
2022-09-20T11:00,60,Moderate,18.4,29.7,1.8,6.4,147.0,94.0,,,,,,
2022-09-20T12:00,60,Moderate,21.7,35.4,1.1,5.1,146.0,100.0,,,,,,
2022-09-20T13:00,60,Moderate,24.6,41.3,0.4,3.3,145.0,103.0,,,,,,
2022-09-20T14:00,60,Moderate,23.9,41.1,0.6,2.7,145.0,102.0,,,,,,
2022-09-20T15:00,60,Moderate,21.9,38.5,2.5,5.4,146.0,98.0,,,,,,
2022-09-20T16:00,60,Moderate,20.5,36.4,5.5,9.7,147.0,92.0,,,,,,
2022-09-20T17:00,59,Moderate,23.4,40.6,4.2,3.6,143.0,87.0,,,,,,
2022-09-20T18:00,60,Moderate,21.3,37.3,7.0,4.6,146.0,78.0,,,,,,
2022-09-20T19:00,60,Moderate,19.7,34.3,11.0,6.0,150.0,66.0,,,,,,
2022-09-20T20:00,61,Moderate,17.4,30.3,14.9,7.6,155.0,52.0,,,,,,
2022-09-20T21:00,61,Moderate,15.0,26.0,15.4,8.5,158.0,47.0,,,,,,
2022-09-20T22:00,62,Moderate,14.0,24.3,14.6,9.1,162.0,45.0,,,,,,
2022-09-20T23:00,62,Moderate,13.7,24.0,13.4,9.7,165.0,42.0,,,,,,
2022-09-21T00:00,62,Moderate,13.6,23.9,12.8,9.8,166.0,40.0,,,,,,
2022-09-21T01:00,62,Moderate,13.7,24.2,12.1,9.6,167.0,37.0,,,,,,
2022-09-21T02:00,63,Moderate,13.8,24.3,11.2,9.5,168.0,35.0,,,,,,
2022-09-21T03:00,63,Moderate,13.9,24.4,10.4,9.5,168.0,33.0,,,,,,
2022-09-21T04:00,63,Moderate,13.8,24.3,9.6,9.5,168.0,31.0,,,,,,
2022-09-21T05:00,63,Moderate,13.3,23.7,6.5,8.5,163.0,33.0,,,,,,
2022-09-21T06:00,64,Moderate,13.4,23.9,6.9,8.8,167.0,34.0,,,,,,
2022-09-21T07:00,64,Moderate,13.5,23.9,7.4,9.2,173.0,35.0,,,,,,
2022-09-21T08:00,64,Moderate,14.4,25.1,7.5,9.6,179.0,43.0,,,,,,
2022-09-21T09:00,65,Moderate,16.4,28.2,6.8,9.8,179.0,57.0,,,,,,
2022-09-21T10:00,65,Moderate,19.4,33.3,5.7,9.9,177.0,76.0,,,,,,
2022-09-21T11:00,66,Moderate,23.4,40.3,4.1,9.4,173.0,96.0,,,,,,
2022-09-21T12:00,66,Moderate,25.7,45.9,3.0,8.0,169.0,103.0,,,,,,
2022-09-21T13:00,66,Moderate,26.3,48.1,1.8,6.1,163.0,107.0,,,,,,
2022-09-21T14:00,66,Moderate,25.1,46.6,0.9,4.0,157.0,107.0,,,,,,
2022-09-21T15:00,67,Moderate,23.7,44.0,0.8,3.1,154.0,104.0,,,,,,
2022-09-21T16:00,67,Moderate,22.2,41.3,1.2,2.7,151.0,99.0,,,,,,
2022-09-21T17:00,67,Moderate,22.0,40.6,2.9,2.6,150.0,95.0,,,,,,
2022-09-21T18:00,67,Moderate,20.5,37.6,5.9,3.4,152.0,86.0,,,,,,
2022-09-21T19:00,67,Moderate,18.5,33.5,10.2,4.6,154.0,74.0,,,,,,
2022-09-21T20:00,67,Moderate,16.6,29.8,14.4,6.0,157.0,60.0,,,,,,
2022-09-21T21:00,67,Moderate,15.1,27.0,14.7,6.8,159.0,54.0,,,,,,
2022-09-21T22:00,67,Moderate,13.7,24.3,13.7,7.6,162.0,51.0,,,,,,
2022-09-21T23:00,66,Moderate,12.7,22.6,11.8,8.2,163.0,47.0,,,,,,
2022-09-22T00:00,66,Moderate,12.0,21.6,10.4,8.4,161.0,45.0,,,,,,
2022-09-22T01:00,66,Moderate,11.3,20.4,8.7,8.4,157.0,43.0,,,,,,
2022-09-22T02:00,66,Moderate,10.8,19.5,6.8,8.3,152.0,41.0,,,,,,
2022-09-22T03:00,66,Moderate,10.6,19.0,5.8,8.3,150.0,39.0,,,,,,
2022-09-22T04:00,66,Moderate,10.7,19.0,5.2,8.2,149.0,37.0,,,,,,
2022-09-22T05:00,65,Moderate,9.3,16.5,3.9,7.7,140.0,37.0,,,,,,
2022-09-22T06:00,65,Moderate,8.8,15.5,4.5,8.3,142.0,37.0,,,,,,
2022-09-22T07:00,65,Moderate,8.8,15.2,5.3,9.1,146.0,36.0,,,,,,
2022-09-22T08:00,64,Moderate,9.3,15.7,6.0,9.9,149.0,41.0,,,,,,
2022-09-22T09:00,64,Moderate,11.4,18.8,5.6,10.2,149.0,52.0,,,,,,
2022-09-22T10:00,64,Moderate,14.6,23.9,4.9,10.4,149.0,67.0,,,,,,
2022-09-22T11:00,63,Moderate,17.7,29.5,3.7,9.8,147.0,84.0,,,,,,
2022-09-22T12:00,63,Moderate,20.6,35.2,2.8,8.2,145.0,91.0,,,,,,
2022-09-22T13:00,62,Moderate,23.7,41.4,1.8,6.1,143.0,95.0,,,,,,
2022-09-22T14:00,62,Moderate,24.9,44.5,1.1,3.7,139.0,96.0,,,,,,
2022-09-22T15:00,62,Moderate,23.8,43.0,1.1,2.7,135.0,93.0,,,,,,
2022-09-22T16:00,62,Moderate,22.2,40.5,1.4,2.1,130.0,86.0,,,,,,
2022-09-22T17:00,62,Moderate,23.4,42.8,4.0,5.8,133.0,82.0,,,,,,
2022-09-22T18:00,62,Moderate,20.3,36.8,4.5,5.9,133.0,77.0,,,,,,
2022-09-22T19:00,62,Moderate,18.2,32.7,5.3,6.2,134.0,71.0,,,,,,
2022-09-22T20:00,62,Moderate,16.2,28.7,6.0,6.3,137.0,64.0,,,,,,
2022-09-22T21:00,62,Moderate,14.8,26.1,6.1,6.1,142.0,62.0,,,,,,
2022-09-22T22:00,62,Moderate,14.5,25.3,6.0,5.8,148.0,61.0,,,,,,
2022-09-22T23:00,62,Moderate,14.1,24.4,6.0,5.7,157.0,60.0,,,,,,
2022-09-23T00:00,62,Moderate,14.1,24.3,6.2,6.0,163.0,58.0,,,,,,
2022-09-23T01:00,62,Moderate,14.1,24.3,6.6,6.6,168.0,56.0,,,,,,
2022-09-23T02:00,63,Moderate,13.9,23.9,7.1,7.4,175.0,53.0,,,,,,
2022-09-23T03:00,63,Moderate,13.8,23.4,7.6,8.0,180.0,50.0,,,,,,
2022-09-23T04:00,63,Moderate,13.8,23.2,8.2,8.7,185.0,46.0,,,,,,
2022-09-23T05:00,63,Moderate,12.0,20.7,4.9,4.8,171.0,45.0,,,,,,
2022-09-23T06:00,64,Moderate,11.8,20.3,4.9,5.5,171.0,45.0,,,,,,
2022-09-23T07:00,64,Moderate,12.5,21.0,5.0,6.4,170.0,45.0,,,,,,
2022-09-23T08:00,64,Moderate,12.9,21.7,4.7,7.0,167.0,49.0,,,,,,
2022-09-23T09:00,64,Moderate,13.6,22.9,3.8,6.3,161.0,59.0,,,,,,
2022-09-23T10:00,65,Moderate,15.1,25.4,2.6,5.0,152.0,72.0,,,,,,
2022-09-23T11:00,65,Moderate,17.9,30.0,1.3,3.5,144.0,87.0,,,,,,
2022-09-23T12:00,65,Moderate,22.2,37.3,1.0,3.2,142.0,95.0,,,,,,
2022-09-23T13:00,65,Moderate,26.9,45.9,0.9,3.1,143.0,101.0,,,,,,
2022-09-23T14:00,65,Moderate,28.6,49.2,1.1,3.1,144.0,104.0,,,,,,
2022-09-23T15:00,65,Moderate,26.4,46.3,1.4,3.2,143.0,102.0,,,,,,
2022-09-23T16:00,66,Moderate,24.3,43.4,1.9,3.3,140.0,97.0,,,,,,
2022-09-23T17:00,66,Moderate,21.1,37.1,3.0,4.5,135.0,91.0,,,,,,
2022-09-23T18:00,65,Moderate,17.8,31.3,3.0,3.9,133.0,85.0,,,,,,
2022-09-23T19:00,65,Moderate,14.7,25.9,3.0,3.0,129.0,76.0,,,,,,
2022-09-23T20:00,65,Moderate,12.8,22.5,3.1,2.0,126.0,66.0,,,,,,
2022-09-23T21:00,65,Moderate,11.4,19.7,3.1,1.8,126.0,62.0,,,,,,
2022-09-23T22:00,64,Moderate,10.1,17.5,3.1,1.8,128.0,59.0,,,,,,
2022-09-23T23:00,64,Moderate,10.2,17.8,3.3,2.0,131.0,55.0,,,,,,
2022-09-24T00:00,64,Moderate,10.3,18.0,3.6,2.3,135.0,52.0,,,,,,
2022-09-24T01:00,64,Moderate,10.2,17.8,4.0,2.7,140.0,49.0,,,,,,
2022-09-24T02:00,63,Moderate,10.1,17.3,4.7,3.6,146.0,46.0,,,,,,
2022-09-24T03:00,63,Moderate,10.4,17.5,5.6,4.7,151.0,43.0,,,,,,
2022-09-24T04:00,63,Moderate,10.6,17.8,6.5,6.0,156.0,40.0,,,,,,
2022-09-24T05:00,62,Moderate,10.2,17.1,6.6,6.8,157.0,40.0,,,,,,
2022-09-24T06:00,62,Moderate,10.5,17.4,6.1,6.9,157.0,41.0,,,,,,
2022-09-24T07:00,62,Moderate,10.9,17.9,5.5,6.9,158.0,42.0,,,,,,
2022-09-24T08:00,62,Moderate,11.1,18.0,4.5,6.9,156.0,49.0,,,,,,
2022-09-24T09:00,62,Moderate,12.0,19.2,3.7,6.9,152.0,61.0,,,,,,
2022-09-24T10:00,62,Moderate,14.0,22.0,2.7,6.8,146.0,76.0,,,,,,
2022-09-24T11:00,62,Moderate,17.9,27.8,1.6,6.2,140.0,93.0,,,,,,
2022-09-24T12:00,62,Moderate,22.5,35.5,1.1,5.3,138.0,99.0,,,,,,
2022-09-24T13:00,62,Moderate,25.3,40.7,0.7,4.0,138.0,102.0,,,,,,
2022-09-24T14:00,62,Moderate,24.6,40.4,0.4,2.6,138.0,103.0,,,,,,
2022-09-24T15:00,61,Moderate,21.7,36.0,0.2,1.8,139.0,102.0,,,,,,
2022-09-24T16:00,61,Moderate,18.5,31.2,0.1,1.2,140.0,100.0,,,,,,
2022-09-24T17:00,60,Moderate,20.4,34.6,0.6,1.3,138.0,96.0,,,,,,
2022-09-24T18:00,60,Moderate,17.5,30.0,1.0,1.7,137.0,92.0,,,,,,
2022-09-24T19:00,60,Moderate,17.1,29.7,1.7,2.2,137.0,86.0,,,,,,
2022-09-24T20:00,61,Moderate,14.1,24.0,2.9,3.2,137.0,78.0,,,,,,
2022-09-24T21:00,61,Moderate,13.0,21.9,4.1,4.4,139.0,72.0,,,,,,
2022-09-24T22:00,61,Moderate,12.5,20.9,5.5,5.8,142.0,66.0,,,,,,
2022-09-24T23:00,61,Moderate,12.0,19.6,6.9,7.3,149.0,59.0,,,,,,
2022-09-25T00:00,61,Moderate,12.0,19.1,7.4,7.8,157.0,56.0,,,,,,
2022-09-25T01:00,61,Moderate,12.1,19.0,7.6,8.0,167.0,55.0,,,,,,
2022-09-25T02:00,61,Moderate,12.4,19.3,7.5,7.8,178.0,53.0,,,,,,
2022-09-25T03:00,62,Moderate,12.7,19.6,7.4,7.4,182.0,51.0,,,,,,
2022-09-25T04:00,62,Moderate,12.7,19.7,7.1,6.7,185.0,49.0,,,,,,
2022-09-25T05:00,62,Moderate,13.8,21.8,7.1,4.2,210.0,49.0,,,,,,
2022-09-25T06:00,62,Moderate,14.1,22.4,6.2,3.8,204.0,53.0,,,,,,
2022-09-25T07:00,62,Moderate,14.2,22.5,5.0,3.3,195.0,59.0,,,,,,
2022-09-25T08:00,63,Moderate,14.5,22.6,3.4,2.6,183.0,69.0,,,,,,
2022-09-25T09:00,63,Moderate,15.3,23.6,2.5,2.1,175.0,79.0,,,,,,
2022-09-25T10:00,63,Moderate,17.2,26.1,1.8,1.6,167.0,90.0,,,,,,
2022-09-25T11:00,64,Moderate,19.8,29.9,1.0,1.1,158.0,101.0,,,,,,
2022-09-25T12:00,64,Moderate,22.7,35.2,0.4,0.7,154.0,102.0,,,,,,
2022-09-25T13:00,64,Moderate,23.1,36.1,0.0,0.3,152.0,98.0,,,,,,
2022-09-25T14:00,64,Moderate,20.3,32.0,0.2,1.0,151.0,95.0,,,,,,
2022-09-25T15:00,63,Moderate,18.3,29.1,1.8,3.4,153.0,97.0,,,,,,
2022-09-25T16:00,63,Moderate,17.4,28.1,4.3,6.7,156.0,100.0,,,,,,
2022-09-25T17:00,63,Moderate,16.7,27.9,2.1,3.1,158.0,104.0,,,,,,
2022-09-25T18:00,63,Moderate,16.2,27.2,4.4,3.7,158.0,100.0,,,,,,
2022-09-25T19:00,62,Moderate,16.9,28.4,7.8,4.6,157.0,94.0,,,,,,
2022-09-25T20:00,62,Moderate,17.8,30.2,14.4,6.1,162.0,82.0,,,,,,
2022-09-25T21:00,63,Moderate,18.5,31.1,22.9,7.8,173.0,68.0,,,,,,
2022-09-25T22:00,63,Moderate,18.7,30.9,33.3,9.7,188.0,52.0,,,,,,
2022-09-25T23:00,64,Moderate,20.2,32.4,41.3,11.9,204.0,36.0,,,,,,
2022-09-26T00:00,64,Moderate,21.8,34.2,38.0,13.2,208.0,35.0,,,,,,
2022-09-26T01:00,65,Moderate,23.8,37.0,29.7,14.2,209.0,40.0,,,,,,
2022-09-26T02:00,66,Moderate,24.9,38.5,19.7,14.8,209.0,46.0,,,,,,
2022-09-26T03:00,67,Moderate,25.6,39.3,15.9,14.2,209.0,48.0,,,,,,
2022-09-26T04:00,68,Moderate,25.9,39.8,13.3,13.1,207.0,49.0,,,,,,
2022-09-26T05:00,69,Moderate,15.5,24.7,7.9,8.6,207.0,50.0,,,,,,
2022-09-26T06:00,69,Moderate,15.1,24.1,7.3,8.5,208.0,53.0,,,,,,
2022-09-26T07:00,69,Moderate,15.3,24.3,6.4,8.2,208.0,58.0,,,,,,
2022-09-26T08:00,69,Moderate,16.2,25.9,5.2,7.7,210.0,70.0,,,,,,
2022-09-26T09:00,69,Moderate,18.8,29.6,4.1,7.2,213.0,88.0,,,,,,
2022-09-26T10:00,70,Moderate,22.4,34.9,2.9,6.6,217.0,112.0,,,,,,
2022-09-26T11:00,70,Moderate,26.7,41.8,1.6,5.8,218.0,136.0,,,,,,
2022-09-26T12:00,71,Moderate,31.0,49.1,1.0,5.2,212.0,142.0,,,,,,
2022-09-26T13:00,71,Moderate,29.8,48.4,0.7,4.6,201.0,141.0,,,,,,
2022-09-26T14:00,72,Moderate,24.4,41.4,0.7,4.1,187.0,137.0,,,,,,
2022-09-26T15:00,72,Moderate,20.8,36.8,0.9,4.0,176.0,133.0,,,,,,
2022-09-26T16:00,72,Moderate,19.6,35.3,1.3,4.2,165.0,127.0,,,,,,
2022-09-26T17:00,83,Moderate,17.1,31.4,2.1,4.2,144.0,108.0,,,,,,
2022-09-26T18:00,87,Moderate,17.6,31.7,6.5,6.0,151.0,102.0,,,,,,
2022-09-26T19:00,85,Moderate,18.9,33.2,12.7,8.6,161.0,93.0,,,,,,
2022-09-26T20:00,76,Moderate,19.9,34.3,20.1,11.7,175.0,82.0,,,,,,
2022-09-26T21:00,73,Moderate,21.9,36.9,24.4,13.4,187.0,75.0,,,,,,
2022-09-26T22:00,73,Moderate,23.4,38.3,28.0,14.8,201.0,68.0,,,,,,
2022-09-26T23:00,74,Moderate,24.8,39.7,29.9,16.1,214.0,62.0,,,,,,
2022-09-27T00:00,74,Moderate,25.3,40.0,27.3,16.4,216.0,61.0,,,,,,
2022-09-27T01:00,74,Moderate,24.9,39.2,22.4,16.3,215.0,62.0,,,,,,
2022-09-27T02:00,74,Moderate,23.9,37.7,16.5,16.0,213.0,63.0,,,,,,
2022-09-27T03:00,74,Moderate,23.3,36.7,14.0,15.8,214.0,62.0,,,,,,
2022-09-27T04:00,74,Moderate,22.9,36.1,12.1,15.4,214.0,60.0,,,,,,
2022-09-27T05:00,74,Moderate,16.5,27.1,8.8,11.6,199.0,52.0,,,,,,
2022-09-27T06:00,74,Moderate,16.2,26.5,8.4,10.9,205.0,54.0,,,,,,
2022-09-27T07:00,74,Moderate,16.2,26.4,7.8,9.8,213.0,58.0,,,,,,
2022-09-27T08:00,74,Moderate,17.5,28.1,6.7,8.8,220.0,70.0,,,,,,
2022-09-27T09:00,74,Moderate,20.2,32.1,5.4,8.7,221.0,90.0,,,,,,
2022-09-27T10:00,74,Moderate,23.2,36.9,3.9,9.0,220.0,116.0,,,,,,
2022-09-27T11:00,74,Moderate,26.7,42.8,2.1,9.0,212.0,141.0,,,,,,
2022-09-27T12:00,74,Moderate,28.0,45.6,1.4,8.2,199.0,144.0,,,,,,
2022-09-27T13:00,74,Moderate,25.3,42.7,0.9,7.0,181.0,138.0,,,,,,
2022-09-27T14:00,74,Moderate,21.7,37.7,0.6,5.6,161.0,128.0,,,,,,
2022-09-27T15:00,74,Moderate,18.4,33.2,0.3,4.7,150.0,122.0,,,,,,
2022-09-27T16:00,73,Moderate,17.0,31.4,0.1,3.8,142.0,114.0,,,,,,
2022-09-27T17:00,78,Moderate,17.2,32.0,0.4,3.0,149.0,112.0,,,,,,
2022-09-27T18:00,82,Moderate,15.5,28.9,0.3,2.6,146.0,110.0,,,,,,
2022-09-27T19:00,81,Moderate,15.0,27.6,0.2,2.0,142.0,107.0,,,,,,
2022-09-27T20:00,74,Moderate,14.5,26.3,0.5,1.5,139.0,102.0,,,,,,
2022-09-27T21:00,72,Moderate,14.2,25.4,0.5,1.3,138.0,99.0,,,,,,
2022-09-27T22:00,72,Moderate,13.6,23.9,0.7,1.3,139.0,96.0,,,,,,
2022-09-27T23:00,71,Moderate,13.4,23.1,4.3,2.3,146.0,89.0,,,,,,
2022-09-28T00:00,70,Moderate,13.9,23.6,12.7,4.5,161.0,78.0,,,,,,
2022-09-28T01:00,69,Moderate,15.5,25.8,24.0,7.7,182.0,64.0,,,,,,
2022-09-28T02:00,68,Moderate,18.3,29.8,34.5,11.2,206.0,48.0,,,,,,
2022-09-28T03:00,68,Moderate,20.5,32.8,34.5,12.5,219.0,42.0,,,,,,
2022-09-28T04:00,68,Moderate,22.0,34.8,30.6,13.3,229.0,38.0,,,,,,
2022-09-28T05:00,68,Moderate,18.1,28.4,15.6,13.2,218.0,39.0,,,,,,
2022-09-28T06:00,68,Moderate,15.6,24.6,13.9,12.8,211.0,42.0,,,,,,
2022-09-28T07:00,68,Moderate,14.1,22.2,11.5,12.1,201.0,46.0,,,,,,
2022-09-28T08:00,68,Moderate,14.1,22.2,8.4,11.4,188.0,57.0,,,,,,
2022-09-28T09:00,67,Moderate,15.7,24.7,6.8,11.4,180.0,72.0,,,,,,
2022-09-28T10:00,67,Moderate,18.2,28.9,5.5,11.7,171.0,90.0,,,,,,
2022-09-28T11:00,67,Moderate,21.1,33.9,3.9,11.2,161.0,109.0,,,,,,
2022-09-28T12:00,66,Moderate,23.1,38.3,2.6,9.5,153.0,114.0,,,,,,
2022-09-28T13:00,66,Moderate,23.6,41.1,1.3,7.1,145.0,115.0,,,,,,
2022-09-28T14:00,66,Moderate,22.3,40.4,0.8,4.9,137.0,112.0,,,,,,
2022-09-28T15:00,66,Moderate,21.5,39.8,1.9,4.9,134.0,108.0,,,,,,
2022-09-28T16:00,66,Moderate,19.7,36.2,3.8,5.9,133.0,101.0,,,,,,
2022-09-28T17:00,66,Moderate,19.3,35.0,4.9,5.6,133.0,94.0,,,,,,
2022-09-28T18:00,66,Moderate,17.6,31.2,6.9,6.3,137.0,87.0,,,,,,
2022-09-28T19:00,66,Moderate,15.2,26.1,9.8,7.4,143.0,77.0,,,,,,
2022-09-28T20:00,66,Moderate,12.9,21.6,12.6,8.7,150.0,65.0,,,,,,
2022-09-28T21:00,66,Moderate,11.2,18.7,12.8,9.4,152.0,59.0,,,,,,
2022-09-28T22:00,66,Moderate,10.2,17.1,12.2,9.9,153.0,55.0,,,,,,
2022-09-28T23:00,66,Moderate,9.5,16.0,11.0,10.4,153.0,51.0,,,,,,
2022-09-29T00:00,66,Moderate,9.2,15.5,10.0,10.4,151.0,49.0,,,,,,
2022-09-29T01:00,65,Moderate,9.1,15.4,8.7,10.2,149.0,47.0,,,,,,
2022-09-29T02:00,65,Moderate,8.9,15.2,7.3,9.9,146.0,46.0,,,,,,
2022-09-29T03:00,64,Moderate,9.0,15.4,6.6,9.9,145.0,44.0,,,,,,
2022-09-29T04:00,63,Moderate,9.2,15.7,6.0,9.9,144.0,43.0,,,,,,
2022-09-29T05:00,62,Moderate,9.0,15.5,4.9,9.0,139.0,42.0,,,,,,
2022-09-29T06:00,61,Moderate,8.9,15.3,5.5,9.6,140.0,43.0,,,,,,
2022-09-29T07:00,61,Moderate,9.1,15.6,6.2,10.4,140.0,44.0,,,,,,
2022-09-29T08:00,60,Moderate,10.0,17.0,6.6,11.1,141.0,51.0,,,,,,
2022-09-29T09:00,60,Moderate,12.1,20.2,5.9,11.1,141.0,64.0,,,,,,
2022-09-29T10:00,60,Moderate,14.9,24.7,4.8,10.7,141.0,80.0,,,,,,
2022-09-29T11:00,59,Moderate,17.3,29.3,3.3,9.6,141.0,99.0,,,,,,
2022-09-29T12:00,59,Moderate,20.4,34.9,2.4,8.2,141.0,107.0,,,,,,
2022-09-29T13:00,59,Moderate,23.4,40.6,1.6,6.4,141.0,112.0,,,,,,
2022-09-29T14:00,59,Moderate,24.7,44.0,1.2,4.5,139.0,113.0,,,,,,
2022-09-29T15:00,59,Moderate,23.1,42.3,1.5,3.8,136.0,107.0,,,,,,
2022-09-29T16:00,59,Moderate,21.5,39.6,2.4,3.4,131.0,97.0,,,,,,
2022-09-29T17:00,59,Moderate,21.9,39.5,4.6,3.9,134.0,90.0,,,,,,
2022-09-29T18:00,60,Moderate,19.0,33.5,6.8,4.7,135.0,81.0,,,,,,
2022-09-29T19:00,60,Moderate,16.9,29.8,10.0,6.0,136.0,69.0,,,,,,
2022-09-29T20:00,60,Moderate,14.1,24.5,13.2,7.6,139.0,55.0,,,,,,
2022-09-29T21:00,60,Moderate,12.6,21.7,13.7,8.6,142.0,49.0,,,,,,
2022-09-29T22:00,60,Moderate,11.1,18.9,13.4,9.7,146.0,44.0,,,,,,
2022-09-29T23:00,60,Moderate,10.2,17.4,12.2,10.5,149.0,40.0,,,,,,
2022-09-30T00:00,60,Moderate,9.9,16.9,11.0,10.4,149.0,38.0,,,,,,
2022-09-30T01:00,60,Moderate,9.8,16.8,9.3,9.8,147.0,37.0,,,,,,
2022-09-30T02:00,60,Moderate,9.5,16.4,7.3,9.0,142.0,36.0,,,,,,
2022-09-30T03:00,60,Moderate,9.0,15.7,6.0,8.3,136.0,35.0,,,,,,
2022-09-30T04:00,60,Moderate,8.4,14.8,4.8,7.6,128.0,35.0,,,,,,
2022-09-30T05:00,60,Moderate,6.7,11.8,3.5,7.0,114.0,36.0,,,,,,
2022-09-30T06:00,60,Moderate,6.2,11.1,4.0,7.6,113.0,36.0,,,,,,
2022-09-30T07:00,60,Moderate,6.2,10.9,4.8,8.3,113.0,36.0,,,,,,
2022-09-30T08:00,60,Moderate,6.6,11.4,5.4,8.9,112.0,40.0,,,,,,
2022-09-30T09:00,59,Moderate,8.4,14.0,4.9,8.8,113.0,50.0,,,,,,
2022-09-30T10:00,59,Moderate,11.4,18.6,4.0,8.3,114.0,63.0,,,,,,
2022-09-30T11:00,59,Moderate,14.2,23.7,2.9,7.3,114.0,78.0,,,,,,
2022-09-30T12:00,59,Moderate,17.2,28.9,2.3,6.2,113.0,84.0,,,,,,
2022-09-30T13:00,58,Moderate,21.6,36.4,1.8,4.9,111.0,88.0,,,,,,
2022-09-30T14:00,58,Moderate,22.4,38.4,1.7,3.6,109.0,89.0,,,,,,
2022-09-30T15:00,58,Moderate,19.0,33.3,2.3,3.3,107.0,85.0,,,,,,
2022-09-30T16:00,58,Moderate,16.5,29.4,3.4,3.4,106.0,77.0,,,,,,
2022-09-30T17:00,57,Moderate,15.0,27.2,4.9,3.9,104.0,66.0,,,,,,
2022-09-30T18:00,57,Moderate,14.1,25.7,6.5,4.6,106.0,60.0,,,,,,
2022-09-30T19:00,56,Moderate,12.6,22.9,8.8,5.7,110.0,51.0,,,,,,
2022-09-30T20:00,56,Moderate,11.6,20.8,10.9,7.0,115.0,41.0,,,,,,
2022-09-30T21:00,56,Moderate,10.5,18.7,10.9,7.7,119.0,38.0,,,,,,
2022-09-30T22:00,56,Moderate,10.2,18.0,10.1,8.1,123.0,37.0,,,,,,
2022-09-30T23:00,56,Moderate,9.9,17.5,8.7,8.5,126.0,36.0,,,,,,
2022-10-01T00:00,56,Moderate,9.7,17.1,7.6,8.4,125.0,36.0,,,,,,
2022-10-01T01:00,56,Moderate,9.6,17.1,6.2,8.0,122.0,37.0,,,,,,
2022-10-01T02:00,56,Moderate,9.8,17.4,4.7,7.6,118.0,38.0,,,,,,
2022-10-01T03:00,56,Moderate,10.0,17.7,4.0,7.6,116.0,38.0,,,,,,
2022-10-01T04:00,56,Moderate,10.1,17.9,3.4,7.7,114.0,39.0,,,,,,
2022-10-01T05:00,56,Moderate,7.7,13.6,2.8,7.1,110.0,39.0,,,,,,
2022-10-01T06:00,56,Moderate,6.8,12.1,3.5,7.7,110.0,39.0,,,,,,
2022-10-01T07:00,56,Moderate,6.3,11.1,4.5,8.5,111.0,38.0,,,,,,
2022-10-01T08:00,56,Moderate,6.8,11.8,5.2,9.2,112.0,41.0,,,,,,
2022-10-01T09:00,56,Moderate,8.5,14.2,4.9,9.1,114.0,48.0,,,,,,
2022-10-01T10:00,56,Moderate,10.8,17.8,4.0,8.6,116.0,58.0,,,,,,
2022-10-01T11:00,56,Moderate,13.4,22.1,3.0,7.8,118.0,70.0,,,,,,
2022-10-01T12:00,56,Moderate,14.0,23.3,2.4,6.8,117.0,77.0,,,,,,
2022-10-01T13:00,56,Moderate,16.8,28.1,1.9,5.6,116.0,84.0,,,,,,
2022-10-01T14:00,55,Moderate,20.7,34.9,1.7,4.4,114.0,88.0,,,,,,
2022-10-01T15:00,55,Moderate,22.0,38.4,2.2,3.9,113.0,86.0,,,,,,
2022-10-01T16:00,55,Moderate,19.6,34.8,3.2,3.7,112.0,82.0,,,,,,
2022-10-01T17:00,56,Moderate,13.3,24.0,5.2,3.8,110.0,66.0,,,,,,
2022-10-01T18:00,55,Moderate,11.7,21.0,7.1,4.6,114.0,60.0,,,,,,
2022-10-01T19:00,55,Moderate,10.8,19.0,9.7,5.8,120.0,51.0,,,,,,
2022-10-01T20:00,55,Moderate,9.7,16.9,12.3,7.2,128.0,41.0,,,,,,
2022-10-01T21:00,55,Moderate,9.0,15.6,12.5,8.0,132.0,38.0,,,,,,
2022-10-01T22:00,55,Moderate,8.7,15.0,11.9,8.6,136.0,36.0,,,,,,
2022-10-01T23:00,55,Moderate,8.6,14.8,10.8,9.1,139.0,35.0,,,,,,
2022-10-02T00:00,55,Moderate,8.5,14.6,9.8,9.1,139.0,34.0,,,,,,
2022-10-02T01:00,54,Moderate,8.3,14.2,8.6,8.8,138.0,33.0,,,,,,
2022-10-02T02:00,54,Moderate,8.0,13.7,7.2,8.4,136.0,33.0,,,,,,
2022-10-02T03:00,54,Moderate,7.7,13.2,6.3,8.3,134.0,33.0,,,,,,
2022-10-02T04:00,54,Moderate,7.3,12.5,5.5,8.1,131.0,32.0,,,,,,
2022-10-02T05:00,54,Moderate,6.7,11.4,4.9,7.4,133.0,33.0,,,,,,
2022-10-02T06:00,54,Moderate,6.1,10.4,5.6,7.8,136.0,34.0,,,,,,
2022-10-02T07:00,54,Moderate,6.0,10.2,6.5,8.5,139.0,35.0,,,,,,
2022-10-02T08:00,54,Moderate,6.9,11.4,7.2,9.2,143.0,42.0,,,,,,
2022-10-02T09:00,54,Moderate,9.1,14.8,6.6,9.3,144.0,54.0,,,,,,
2022-10-02T10:00,54,Moderate,12.0,19.0,5.4,9.3,144.0,69.0,,,,,,
2022-10-02T11:00,54,Moderate,14.8,23.2,3.9,8.9,143.0,87.0,,,,,,
2022-10-02T12:00,54,Moderate,14.7,23.2,2.9,7.9,140.0,96.0,,,,,,
2022-10-02T13:00,54,Moderate,19.2,30.5,2.1,6.6,135.0,103.0,,,,,,
2022-10-02T14:00,54,Moderate,23.7,38.3,2.0,5.4,130.0,105.0,,,,,,
2022-10-02T15:00,54,Moderate,24.7,41.0,3.5,5.5,129.0,99.0,,,,,,
2022-10-02T16:00,55,Moderate,21.4,36.2,5.8,6.0,129.0,88.0,,,,,,
2022-10-02T17:00,55,Moderate,10.6,17.9,8.5,6.2,124.0,60.0,,,,,,
2022-10-02T18:00,55,Moderate,8.1,13.7,9.4,6.7,127.0,56.0,,,,,,
2022-10-02T19:00,54,Moderate,6.9,11.4,10.6,7.3,131.0,50.0,,,,,,
2022-10-02T20:00,54,Moderate,6.3,10.5,11.8,8.2,136.0,44.0,,,,,,
2022-10-02T21:00,54,Moderate,6.0,10.0,12.0,8.9,139.0,41.0,,,,,,
2022-10-02T22:00,53,Moderate,5.8,9.7,11.8,9.7,142.0,39.0,,,,,,
2022-10-02T23:00,53,Moderate,5.7,9.5,11.2,10.4,145.0,38.0,,,,,,
2022-10-03T00:00,53,Moderate,5.7,9.5,10.2,10.5,145.0,38.0,,,,,,
2022-10-03T01:00,53,Moderate,5.4,8.9,9.0,10.2,144.0,38.0,,,,,,
2022-10-03T02:00,53,Moderate,5.2,8.5,7.5,9.9,142.0,39.0,,,,,,
2022-10-03T03:00,52,Moderate,5.1,8.4,6.5,9.7,140.0,39.0,,,,,,
2022-10-03T04:00,52,Moderate,5.1,8.5,5.7,9.6,138.0,39.0,,,,,,
2022-10-03T05:00,52,Moderate,5.8,9.9,4.6,8.2,137.0,41.0,,,,,,
2022-10-03T06:00,52,Moderate,6.1,10.4,5.5,8.7,139.0,41.0,,,,,,
2022-10-03T07:00,52,Moderate,6.6,11.2,6.8,9.4,143.0,41.0,,,,,,
2022-10-03T08:00,52,Moderate,7.6,12.6,7.7,10.0,146.0,46.0,,,,,,
2022-10-03T09:00,52,Moderate,9.8,15.8,7.0,9.9,146.0,57.0,,,,,,
2022-10-03T10:00,52,Moderate,13.2,20.9,5.7,9.6,144.0,72.0,,,,,,
2022-10-03T11:00,52,Moderate,16.2,26.1,3.9,8.7,141.0,90.0,,,,,,
2022-10-03T12:00,52,Moderate,26.1,41.6,2.9,7.5,139.0,99.0,,,,,,
2022-10-03T13:00,53,Moderate,35.4,56.2,1.9,5.9,137.0,107.0,,,,,,
2022-10-03T14:00,54,Moderate,36.1,57.9,1.7,4.6,135.0,111.0,,,,,,
2022-10-03T15:00,55,Moderate,30.7,50.4,3.2,4.9,134.0,107.0,,,,,,
2022-10-03T16:00,56,Moderate,25.4,42.0,5.6,5.9,134.0,98.0,,,,,,
2022-10-03T17:00,56,Moderate,22.8,38.2,6.9,5.8,131.0,90.0,,,,,,
2022-10-03T18:00,57,Moderate,18.7,31.5,8.9,6.8,135.0,81.0,,,,,,
2022-10-03T19:00,58,Moderate,15.1,25.4,11.8,8.2,141.0,69.0,,,,,,
2022-10-03T20:00,59,Moderate,11.4,18.7,14.8,9.8,149.0,55.0,,,,,,
2022-10-03T21:00,59,Moderate,9.5,15.4,15.4,10.2,155.0,51.0,,,,,,
2022-10-03T22:00,59,Moderate,8.7,14.0,15.2,10.3,161.0,49.0,,,,,,
2022-10-03T23:00,60,Moderate,8.3,13.3,14.5,10.4,167.0,48.0,,,,,,
2022-10-04T00:00,60,Moderate,8.1,12.9,13.7,10.5,168.0,47.0,,,,,,
2022-10-04T01:00,60,Moderate,7.9,12.6,12.6,10.5,167.0,45.0,,,,,,
2022-10-04T02:00,60,Moderate,7.8,12.4,11.1,10.6,165.0,44.0,,,,,,
2022-10-04T03:00,60,Moderate,7.8,12.4,10.0,10.7,163.0,43.0,,,,,,
2022-10-04T04:00,61,Moderate,7.9,12.5,9.0,10.8,160.0,42.0,,,,,,
2022-10-04T05:00,61,Moderate,8.1,13.3,6.4,8.1,155.0,43.0,,,,,,
2022-10-04T06:00,61,Moderate,8.6,14.0,7.3,8.3,158.0,43.0,,,,,,
2022-10-04T07:00,61,Moderate,9.3,15.1,8.6,8.4,163.0,42.0,,,,,,
2022-10-04T08:00,61,Moderate,10.4,16.7,9.7,8.8,168.0,47.0,,,,,,
2022-10-04T09:00,62,Moderate,13.1,20.8,9.5,9.3,169.0,58.0,,,,,,
2022-10-04T10:00,62,Moderate,17.1,26.7,8.8,9.9,169.0,73.0,,,,,,
2022-10-04T11:00,62,Moderate,21.4,33.2,7.6,10.1,168.0,91.0,,,,,,
2022-10-04T12:00,63,Moderate,31.0,48.4,6.6,9.2,168.0,101.0,,,,,,
2022-10-04T13:00,63,Moderate,38.8,61.9,5.5,7.7,169.0,109.0,,,,,,
2022-10-04T14:00,63,Moderate,34.8,57.5,4.2,5.8,169.0,115.0,,,,,,
2022-10-04T15:00,63,Moderate,29.3,49.4,3.2,4.6,168.0,116.0,,,,,,
2022-10-04T16:00,63,Moderate,24.4,41.7,2.2,3.5,166.0,114.0,,,,,,
2022-10-04T17:00,63,Moderate,27.5,46.6,5.6,4.4,163.0,99.0,,,,,,
2022-10-04T18:00,63,Moderate,24.4,41.6,8.4,5.6,165.0,90.0,,,,,,
2022-10-04T19:00,64,Moderate,22.1,37.4,12.4,7.3,168.0,77.0,,,,,,
2022-10-04T20:00,64,Moderate,19.7,33.2,16.2,9.0,173.0,63.0,,,,,,
2022-10-04T21:00,65,Moderate,17.5,28.9,16.4,9.5,178.0,58.0,,,,,,
2022-10-04T22:00,66,Moderate,15.5,25.4,15.2,9.5,183.0,55.0,,,,,,
2022-10-04T23:00,66,Moderate,14.9,24.3,13.4,9.3,188.0,53.0,,,,,,
2022-10-05T00:00,67,Moderate,14.8,24.0,12.3,9.2,189.0,51.0,,,,,,
2022-10-05T01:00,67,Moderate,14.6,23.8,11.1,9.0,189.0,49.0,,,,,,
2022-10-05T02:00,68,Moderate,14.2,23.2,9.7,8.9,187.0,47.0,,,,,,
2022-10-05T03:00,68,Moderate,13.7,22.3,8.8,9.1,184.0,45.0,,,,,,
2022-10-05T04:00,69,Moderate,13.2,21.5,8.1,9.3,180.0,42.0,,,,,,
2022-10-05T05:00,69,Moderate,12.6,20.7,6.1,7.6,169.0,40.0,,,,,,
2022-10-05T06:00,69,Moderate,12.4,20.2,6.9,8.0,170.0,40.0,,,,,,
2022-10-05T07:00,70,Moderate,12.6,20.6,8.1,8.6,171.0,41.0,,,,,,
2022-10-05T08:00,70,Moderate,13.8,22.3,8.9,9.3,173.0,48.0,,,,,,
2022-10-05T09:00,70,Moderate,16.0,25.7,8.4,9.6,174.0,62.0,,,,,,
2022-10-05T10:00,70,Moderate,19.8,31.4,7.4,9.8,176.0,81.0,,,,,,
2022-10-05T11:00,71,Moderate,25.1,40.0,5.8,9.5,176.0,102.0,,,,,,
2022-10-05T12:00,71,Moderate,29.6,48.3,4.5,8.5,173.0,112.0,,,,,,
2022-10-05T13:00,71,Moderate,29.2,49.4,3.0,7.1,169.0,118.0,,,,,,
2022-10-05T14:00,70,Moderate,25.8,45.4,1.8,5.5,164.0,122.0,,,,,,
2022-10-05T15:00,69,Moderate,20.7,37.6,1.4,4.6,160.0,120.0,,,,,,
2022-10-05T16:00,69,Moderate,19.4,35.6,1.5,3.9,156.0,113.0,,,,,,
2022-10-05T17:00,68,Moderate,19.0,33.8,5.9,5.6,151.0,96.0,,,,,,
2022-10-05T18:00,68,Moderate,20.2,33.9,8.5,7.5,158.0,93.0,,,,,,
2022-10-05T19:00,67,Moderate,21.4,34.8,12.2,10.2,168.0,88.0,,,,,,
2022-10-05T20:00,67,Moderate,22.6,36.1,15.7,12.8,181.0,82.0,,,,,,
2022-10-05T21:00,68,Moderate,22.2,35.0,15.8,13.1,189.0,78.0,,,,,,
2022-10-05T22:00,68,Moderate,21.1,33.2,14.8,12.5,196.0,75.0,,,,,,
2022-10-05T23:00,68,Moderate,20.6,32.2,13.1,11.8,202.0,70.0,,,,,,
2022-10-06T00:00,69,Moderate,19.4,30.4,11.9,11.6,203.0,67.0,,,,,,
2022-10-06T01:00,69,Moderate,18.0,28.5,10.6,11.5,201.0,63.0,,,,,,
2022-10-06T02:00,69,Moderate,17.1,27.0,9.1,11.5,197.0,59.0,,,,,,
2022-10-06T03:00,70,Moderate,16.4,26.0,8.3,11.6,193.0,55.0,,,,,,
2022-10-06T04:00,70,Moderate,15.6,25.0,7.5,11.8,189.0,51.0,,,,,,
2022-10-06T05:00,70,Moderate,14.0,23.1,6.5,10.6,174.0,45.0,,,,,,
2022-10-06T06:00,70,Moderate,13.2,21.9,7.2,11.0,169.0,44.0,,,,,,
2022-10-06T07:00,70,Moderate,12.3,20.4,8.2,11.7,163.0,42.0,,,,,,
2022-10-06T08:00,70,Moderate,11.6,19.1,9.2,12.3,155.0,41.0,,,,,,
2022-10-06T09:00,70,Moderate,11.5,18.8,9.5,12.5,151.0,43.0,,,,,,
2022-10-06T10:00,70,Moderate,12.8,20.7,9.5,12.5,148.0,47.0,,,,,,
2022-10-06T11:00,69,Moderate,15.0,23.9,9.0,12.1,145.0,53.0,,,,,,
2022-10-06T12:00,68,Moderate,17.5,28.0,8.2,11.2,143.0,58.0,,,,,,
2022-10-06T13:00,67,Moderate,19.8,32.1,6.9,9.9,140.0,63.0,,,,,,
2022-10-06T14:00,67,Moderate,20.3,33.9,5.7,8.4,138.0,69.0,,,,,,
2022-10-06T15:00,66,Moderate,20.5,35.5,5.2,7.4,136.0,72.0,,,,,,
2022-10-06T16:00,66,Moderate,19.8,35.0,5.0,6.5,135.0,73.0,,,,,,
2022-10-06T17:00,66,Moderate,17.9,31.1,8.3,5.5,138.0,64.0,,,,,,
2022-10-06T18:00,66,Moderate,16.2,28.3,9.7,6.3,142.0,61.0,,,,,,
2022-10-06T19:00,66,Moderate,14.2,24.5,11.7,7.4,148.0,56.0,,,,,,
2022-10-06T20:00,65,Moderate,13.2,22.6,13.5,8.6,155.0,51.0,,,,,,
2022-10-06T21:00,64,Moderate,12.5,21.1,13.2,9.0,158.0,50.0,,,,,,
2022-10-06T22:00,64,Moderate,12.0,20.1,12.0,9.1,160.0,51.0,,,,,,
2022-10-06T23:00,63,Moderate,11.2,18.8,10.3,9.0,161.0,52.0,,,,,,
2022-10-07T00:00,62,Moderate,10.7,17.9,9.1,8.5,160.0,51.0,,,,,,
2022-10-07T01:00,62,Moderate,10.4,17.3,7.9,7.8,159.0,50.0,,,,,,
2022-10-07T02:00,61,Moderate,10.3,17.1,6.5,7.1,157.0,49.0,,,,,,
2022-10-07T03:00,60,Moderate,10.0,16.4,5.8,7.0,157.0,48.0,,,,,,
2022-10-07T04:00,60,Moderate,9.9,16.1,5.4,7.2,156.0,46.0,,,,,,
2022-10-07T05:00,59,Moderate,13.4,20.8,8.9,8.1,211.0,40.0,,,,,,
2022-10-07T06:00,59,Moderate,14.3,22.2,8.6,8.1,209.0,44.0,,,,,,
2022-10-07T07:00,60,Moderate,15.2,23.6,8.1,8.2,206.0,49.0,,,,,,
2022-10-07T08:00,60,Moderate,16.9,26.3,7.2,8.5,206.0,61.0,,,,,,
2022-10-07T09:00,60,Moderate,20.7,31.9,6.5,9.1,212.0,76.0,,,,,,
2022-10-07T10:00,61,Moderate,25.0,38.2,5.7,10.0,220.0,96.0,,,,,,
2022-10-07T11:00,62,Moderate,28.4,43.2,4.6,10.7,228.0,119.0,,,,,,
2022-10-07T12:00,63,Moderate,31.5,48.1,3.4,10.5,229.0,134.0,,,,,,
2022-10-07T13:00,64,Moderate,33.5,51.7,2.0,10.0,227.0,148.0,,,,,,
2022-10-07T14:00,65,Moderate,33.2,52.5,1.5,9.3,220.0,156.0,,,,,,
2022-10-07T15:00,66,Moderate,29.1,48.2,2.8,8.8,208.0,150.0,,,,,,
2022-10-07T16:00,67,Moderate,24.6,42.4,5.1,8.4,192.0,137.0,,,,,,
2022-10-07T17:00,83,Moderate,19.4,35.2,4.3,4.9,138.0,103.0,,,,,,
2022-10-07T18:00,88,Moderate,19.3,35.0,7.0,5.4,142.0,96.0,,,,,,
2022-10-07T19:00,88,Moderate,18.4,33.1,10.9,6.2,147.0,87.0,,,,,,
2022-10-07T20:00,82,Moderate,18.0,31.8,14.4,7.2,154.0,76.0,,,,,,
2022-10-07T21:00,69,Moderate,16.9,29.2,14.3,7.8,157.0,72.0,,,,,,
2022-10-07T22:00,69,Moderate,15.3,25.8,12.7,8.4,159.0,71.0,,,,,,
2022-10-07T23:00,69,Moderate,14.1,23.6,10.7,9.0,161.0,68.0,,,,,,
2022-10-08T00:00,69,Moderate,13.2,21.9,9.9,9.2,162.0,64.0,,,,,,
2022-10-08T01:00,69,Moderate,12.4,20.6,9.2,9.3,162.0,60.0,,,,,,
2022-10-08T02:00,69,Moderate,12.0,20.0,8.6,9.3,166.0,55.0,,,,,,
2022-10-08T03:00,70,Moderate,12.5,20.4,8.5,9.1,173.0,51.0,,,,,,
2022-10-08T04:00,70,Moderate,13.4,21.7,8.5,8.8,182.0,47.0,,,,,,
2022-10-08T05:00,70,Moderate,18.7,29.5,8.7,8.2,221.0,51.0,,,,,,
2022-10-08T06:00,70,Moderate,20.9,32.8,8.1,7.9,226.0,59.0,,,,,,
2022-10-08T07:00,71,Moderate,23.1,36.1,7.2,7.5,233.0,70.0,,,,,,
2022-10-08T08:00,72,Moderate,24.5,38.4,5.7,6.5,234.0,84.0,,,,,,
2022-10-08T09:00,72,Moderate,25.7,40.2,4.2,5.1,221.0,93.0,,,,,,
2022-10-08T10:00,73,Moderate,24.9,39.0,2.3,3.4,202.0,102.0,,,,,,
2022-10-08T11:00,73,Moderate,23.1,36.3,0.5,1.6,178.0,110.0,,,,,,
2022-10-08T12:00,72,Moderate,21.5,34.0,0.1,1.0,167.0,110.0,,,,,,
2022-10-08T13:00,71,Moderate,19.3,30.6,0.1,0.9,158.0,106.0,,,,,,
2022-10-08T14:00,70,Moderate,17.8,28.7,0.4,1.0,151.0,102.0,,,,,,
2022-10-08T15:00,69,Moderate,16.1,26.7,0.3,0.9,150.0,104.0,,,,,,
2022-10-08T16:00,68,Moderate,16.1,27.2,0.2,0.8,153.0,108.0,,,,,,
2022-10-08T17:00,67,Moderate,22.2,37.4,0.4,1.3,169.0,109.0,,,,,,
2022-10-08T18:00,68,Moderate,20.2,34.7,0.5,1.3,166.0,108.0,,,,,,
2022-10-08T19:00,68,Moderate,18.3,31.7,0.7,1.4,161.0,107.0,,,,,,
2022-10-08T20:00,68,Moderate,17.2,29.6,2.4,2.3,159.0,103.0,,,,,,
2022-10-08T21:00,68,Moderate,17.1,29.1,6.2,4.2,163.0,98.0,,,,,,
2022-10-08T22:00,68,Moderate,17.8,29.9,11.3,6.8,170.0,91.0,,,,,,
2022-10-08T23:00,68,Moderate,19.0,31.7,16.2,9.7,179.0,83.0,,,,,,
2022-10-09T00:00,68,Moderate,19.7,32.7,16.9,11.0,184.0,80.0,,,,,,
2022-10-09T01:00,69,Moderate,20.4,33.9,16.1,11.8,188.0,79.0,,,,,,
2022-10-09T02:00,69,Moderate,21.2,35.3,14.0,12.0,191.0,79.0,,,,,,
2022-10-09T03:00,70,Moderate,21.4,35.4,11.7,11.0,188.0,81.0,,,,,,
2022-10-09T04:00,71,Moderate,20.8,34.8,8.6,9.3,183.0,83.0,,,,,,
2022-10-09T05:00,71,Moderate,20.7,33.3,5.7,10.6,194.0,77.0,,,,,,
2022-10-09T06:00,71,Moderate,20.0,32.5,4.9,9.6,189.0,81.0,,,,,,
2022-10-09T07:00,71,Moderate,19.9,32.4,3.7,8.2,183.0,88.0,,,,,,
2022-10-09T08:00,71,Moderate,20.0,32.6,2.2,6.3,175.0,96.0,,,,,,
2022-10-09T09:00,71,Moderate,20.7,33.5,1.5,5.2,171.0,101.0,,,,,,
2022-10-09T10:00,70,Moderate,21.7,34.9,1.0,4.2,168.0,106.0,,,,,,
2022-10-09T11:00,70,Moderate,22.2,35.6,0.5,3.2,163.0,109.0,,,,,,
2022-10-09T12:00,70,Moderate,22.6,36.3,0.3,2.7,158.0,108.0,,,,,,
2022-10-09T13:00,70,Moderate,22.2,36.2,0.2,2.3,152.0,104.0,,,,,,
2022-10-09T14:00,70,Moderate,21.2,35.3,0.2,2.3,148.0,102.0,,,,,,
2022-10-09T15:00,71,Moderate,20.0,34.1,0.0,2.3,149.0,106.0,,,,,,
2022-10-09T16:00,71,Moderate,19.7,34.3,0.0,2.6,152.0,112.0,,,,,,
2022-10-09T17:00,71,Moderate,16.0,25.3,1.9,1.0,170.0,94.0,,,,,,
2022-10-09T18:00,71,Moderate,16.2,25.5,1.7,0.9,168.0,94.0,,,,,,
2022-10-09T19:00,70,Moderate,15.7,24.7,1.3,0.9,165.0,93.0,,,,,,
2022-10-09T20:00,70,Moderate,14.1,21.9,0.9,0.8,161.0,93.0,,,,,,
2022-10-09T21:00,70,Moderate,13.7,21.3,0.7,0.8,157.0,93.0,,,,,,
2022-10-09T22:00,70,Moderate,12.7,19.9,0.5,0.7,152.0,94.0,,,,,,
2022-10-09T23:00,69,Moderate,12.2,19.0,0.5,0.7,147.0,94.0,,,,,,
2022-10-10T00:00,69,Moderate,11.7,18.2,0.5,0.8,145.0,94.0,,,,,,
2022-10-10T01:00,68,Moderate,11.1,17.2,0.7,0.9,144.0,93.0,,,,,,
2022-10-10T02:00,67,Moderate,10.8,16.5,0.8,1.0,143.0,93.0,,,,,,
2022-10-10T03:00,67,Moderate,10.8,16.8,0.7,0.7,141.0,93.0,,,,,,
2022-10-10T04:00,66,Moderate,9.9,15.2,0.4,0.2,139.0,94.0,,,,,,
2022-10-10T05:00,65,Moderate,13.9,21.7,3.8,8.3,161.0,85.0,,,,,,
2022-10-10T06:00,64,Moderate,14.1,21.9,3.8,9.1,162.0,87.0,,,,,,
2022-10-10T07:00,64,Moderate,14.1,22.0,3.9,10.2,163.0,89.0,,,,,,
2022-10-10T08:00,63,Moderate,14.3,22.2,3.6,11.0,164.0,94.0,,,,,,
2022-10-10T09:00,63,Moderate,15.1,23.3,3.0,10.7,163.0,100.0,,,,,,
2022-10-10T10:00,63,Moderate,16.8,25.7,2.2,9.8,162.0,108.0,,,,,,
2022-10-10T11:00,62,Moderate,19.0,28.9,1.2,8.5,160.0,117.0,,,,,,
2022-10-10T12:00,62,Moderate,20.3,30.9,0.8,7.5,159.0,120.0,,,,,,
2022-10-10T13:00,62,Moderate,20.5,31.3,0.4,6.5,157.0,121.0,,,,,,
2022-10-10T14:00,62,Moderate,20.3,31.3,0.3,5.4,156.0,122.0,,,,,,
2022-10-10T15:00,62,Moderate,19.6,31.0,0.3,4.6,156.0,123.0,,,,,,
2022-10-10T16:00,62,Moderate,18.4,30.0,0.4,3.8,157.0,123.0,,,,,,
2022-10-10T17:00,65,Moderate,17.6,29.8,1.8,4.9,156.0,122.0,,,,,,
2022-10-10T18:00,70,Moderate,16.9,28.7,4.1,6.4,158.0,115.0,,,,,,
2022-10-10T19:00,71,Moderate,16.9,28.1,7.4,8.5,161.0,106.0,,,,,,
2022-10-10T20:00,69,Moderate,17.3,28.5,10.4,10.7,163.0,95.0,,,,,,
2022-10-10T21:00,64,Moderate,16.7,27.3,10.4,11.3,163.0,91.0,,,,,,
2022-10-10T22:00,62,Moderate,15.7,25.4,9.3,11.4,161.0,89.0,,,,,,
2022-10-10T23:00,62,Moderate,15.0,24.3,7.9,11.7,160.0,87.0,,,,,,
2022-10-11T00:00,63,Moderate,14.5,23.6,7.8,12.8,160.0,85.0,,,,,,
2022-10-11T01:00,63,Moderate,13.6,21.9,7.8,14.1,160.0,83.0,,,,,,
2022-10-11T02:00,63,Moderate,13.6,21.5,7.8,15.5,161.0,81.0,,,,,,
2022-10-11T03:00,63,Moderate,13.4,21.0,7.3,15.8,161.0,80.0,,,,,,
2022-10-11T04:00,63,Moderate,13.0,20.3,6.7,15.8,160.0,79.0,,,,,,
2022-10-11T05:00,64,Moderate,16.2,25.8,3.2,6.8,172.0,87.0,,,,,,
2022-10-11T06:00,64,Moderate,16.1,25.6,2.8,5.9,172.0,88.0,,,,,,
2022-10-11T07:00,64,Moderate,15.6,24.9,2.2,4.5,171.0,89.0,,,,,,
2022-10-11T08:00,64,Moderate,15.0,24.2,1.5,2.9,169.0,92.0,,,,,,
2022-10-11T09:00,64,Moderate,14.4,23.3,1.1,2.3,165.0,95.0,,,,,,
2022-10-11T10:00,64,Moderate,15.0,24.3,0.8,1.9,159.0,98.0,,,,,,
2022-10-11T11:00,64,Moderate,15.9,26.0,0.4,1.6,153.0,102.0,,,,,,
2022-10-11T12:00,64,Moderate,16.5,27.2,0.3,1.8,151.0,104.0,,,,,,
2022-10-11T13:00,63,Moderate,16.8,27.9,0.3,2.1,151.0,106.0,,,,,,
2022-10-11T14:00,63,Moderate,16.8,28.3,0.4,2.4,149.0,106.0,,,,,,
2022-10-11T15:00,63,Moderate,15.4,26.7,0.1,2.0,144.0,103.0,,,,,,
2022-10-11T16:00,63,Moderate,13.4,23.7,0.0,1.4,138.0,99.0,,,,,,
2022-10-11T17:00,62,Moderate,22.4,37.6,0.8,5.0,170.0,127.0,,,,,,
2022-10-11T18:00,63,Moderate,23.5,39.8,3.1,7.0,178.0,124.0,,,,,,
2022-10-11T19:00,63,Moderate,22.4,37.8,6.5,9.8,190.0,121.0,,,,,,
2022-10-11T20:00,64,Moderate,20.7,34.5,9.9,12.9,204.0,114.0,,,,,,
2022-10-11T21:00,64,Moderate,19.8,32.0,10.6,14.0,209.0,107.0,,,,,,
2022-10-11T22:00,64,Moderate,18.9,30.0,10.4,14.6,212.0,99.0,,,,,,
2022-10-11T23:00,64,Moderate,18.4,28.9,9.8,15.2,215.0,90.0,,,,,,
2022-10-12T00:00,65,Moderate,18.2,28.3,9.6,15.9,218.0,86.0,,,,,,
2022-10-12T01:00,65,Moderate,18.2,28.1,9.4,16.5,220.0,83.0,,,,,,
2022-10-12T02:00,65,Moderate,18.6,28.8,9.1,17.1,225.0,80.0,,,,,,
2022-10-12T03:00,66,Moderate,19.3,29.7,9.1,17.2,231.0,76.0,,,,,,
2022-10-12T04:00,66,Moderate,19.2,29.5,9.1,16.9,237.0,71.0,,,,,,
2022-10-12T05:00,67,Moderate,7.7,14.1,2.5,6.7,112.0,54.0,,,,,,
2022-10-12T06:00,66,Moderate,7.0,12.9,2.3,6.6,109.0,54.0,,,,,,
2022-10-12T07:00,65,Moderate,6.3,11.7,2.2,6.5,105.0,54.0,,,,,,
2022-10-12T08:00,64,Moderate,6.6,12.0,1.8,6.0,100.0,55.0,,,,,,
2022-10-12T09:00,64,Moderate,7.1,13.0,1.5,5.3,96.0,57.0,,,,,,
2022-10-12T10:00,63,Moderate,8.4,15.1,1.1,4.3,92.0,61.0,,,,,,
2022-10-12T11:00,63,Moderate,9.9,17.5,0.7,2.9,88.0,63.0,,,,,,
2022-10-12T12:00,62,Moderate,10.2,17.8,0.4,2.0,86.0,61.0,,,,,,
2022-10-12T13:00,62,Moderate,10.1,17.6,0.2,1.1,84.0,58.0,,,,,,
2022-10-12T14:00,61,Moderate,9.2,16.1,0.1,0.2,83.0,53.0,,,,,,
2022-10-12T15:00,61,Moderate,7.9,14.3,0.0,0.0,82.0,51.0,,,,,,
2022-10-12T16:00,60,Moderate,6.9,12.7,0.0,0.0,81.0,50.0,,,,,,
2022-10-12T17:00,60,Moderate,10.1,18.0,6.3,6.6,100.0,61.0,,,,,,
2022-10-12T18:00,59,Moderate,10.1,16.9,8.1,7.6,109.0,61.0,,,,,,
2022-10-12T19:00,57,Moderate,10.6,17.2,10.6,9.1,123.0,60.0,,,,,,
2022-10-12T20:00,57,Moderate,11.3,18.1,13.7,11.4,141.0,59.0,,,,,,
2022-10-12T21:00,56,Moderate,12.9,20.2,15.5,13.9,154.0,57.0,,,,,,
2022-10-12T22:00,55,Moderate,14.0,21.3,17.0,16.9,168.0,55.0,,,,,,
2022-10-12T23:00,55,Moderate,14.8,22.2,17.3,18.5,179.0,54.0,,,,,,
2022-10-13T00:00,55,Moderate,15.4,23.2,15.2,15.9,177.0,54.0,,,,,,
2022-10-13T01:00,54,Moderate,15.4,23.6,11.8,11.4,170.0,56.0,,,,,,
2022-10-13T02:00,54,Moderate,13.4,21.0,7.6,6.1,158.0,58.0,,,,,,
2022-10-13T03:00,54,Moderate,11.4,17.9,5.5,4.1,148.0,60.0,,,,,,
2022-10-13T04:00,53,Moderate,9.7,15.7,3.7,3.0,136.0,62.0,,,,,,
2022-10-13T05:00,52,Moderate,9.3,15.0,2.4,2.1,130.0,63.0,,,,,,
2022-10-13T06:00,53,Moderate,7.4,12.4,2.1,1.6,120.0,61.0,,,,,,
2022-10-13T07:00,53,Moderate,6.2,10.7,1.7,0.9,106.0,57.0,,,,,,
2022-10-13T08:00,53,Moderate,5.0,8.7,1.2,0.2,91.0,54.0,,,,,,
2022-10-13T09:00,52,Moderate,5.4,9.2,1.0,0.0,88.0,54.0,,,,,,
2022-10-13T10:00,52,Moderate,5.9,9.9,0.9,0.0,89.0,56.0,,,,,,
2022-10-13T11:00,52,Moderate,5.9,9.6,0.8,0.1,92.0,59.0,,,,,,
2022-10-13T12:00,52,Moderate,7.0,11.0,0.6,0.1,93.0,62.0,,,,,,
2022-10-13T13:00,52,Moderate,7.7,12.0,0.5,0.1,94.0,65.0,,,,,,
2022-10-13T14:00,51,Moderate,7.4,11.6,0.4,0.2,96.0,68.0,,,,,,
2022-10-13T15:00,51,Moderate,7.2,11.3,0.4,0.3,97.0,70.0,,,,,,
2022-10-13T16:00,51,Moderate,6.9,10.8,0.4,0.6,98.0,71.0,,,,,,
2022-10-13T17:00,51,Moderate,13.7,23.6,0.9,2.0,119.0,84.0,,,,,,
2022-10-13T18:00,51,Moderate,14.7,25.6,4.1,4.1,125.0,78.0,,,,,,
2022-10-13T19:00,52,Moderate,15.1,25.9,8.6,7.2,135.0,70.0,,,,,,
2022-10-13T20:00,52,Moderate,15.0,24.9,13.6,11.0,147.0,60.0,,,,,,
2022-10-13T21:00,52,Moderate,14.6,23.3,15.3,12.9,155.0,55.0,,,,,,
2022-10-13T22:00,53,Moderate,14.8,23.2,16.0,14.6,162.0,52.0,,,,,,
2022-10-13T23:00,53,Moderate,15.6,24.3,16.4,16.0,173.0,48.0,,,,,,
2022-10-14T00:00,53,Moderate,16.4,25.3,16.6,16.4,184.0,46.0,,,,,,
2022-10-14T01:00,53,Moderate,17.5,26.7,16.4,16.4,196.0,44.0,,,,,,
2022-10-14T02:00,53,Moderate,18.1,27.4,15.5,15.9,208.0,44.0,,,,,,
2022-10-14T03:00,53,Moderate,18.0,27.1,14.0,15.2,211.0,45.0,,,,,,
2022-10-14T04:00,54,Moderate,17.8,26.5,12.0,14.3,210.0,47.0,,,,,,
2022-10-14T05:00,54,Moderate,9.5,14.8,8.5,12.2,171.0,41.0,,,,,,
2022-10-14T06:00,54,Moderate,9.9,15.2,8.3,12.8,175.0,43.0,,,,,,
2022-10-14T07:00,55,Moderate,10.2,15.6,7.9,13.8,180.0,47.0,,,,,,
2022-10-14T08:00,55,Moderate,10.9,16.6,7.1,14.8,184.0,56.0,,,,,,
2022-10-14T09:00,55,Moderate,12.2,18.5,5.9,15.2,181.0,70.0,,,,,,
2022-10-14T10:00,56,Moderate,13.2,20.1,4.4,15.5,176.0,89.0,,,,,,
2022-10-14T11:00,57,Moderate,15.3,23.4,2.7,15.4,167.0,109.0,,,,,,
2022-10-14T12:00,57,Moderate,16.8,25.8,1.9,14.8,161.0,118.0,,,,,,
2022-10-14T13:00,58,Moderate,16.8,26.3,1.2,14.0,154.0,123.0,,,,,,
2022-10-14T14:00,59,Moderate,17.0,27.2,1.2,12.8,144.0,122.0,,,,,,
2022-10-14T15:00,60,Moderate,16.1,27.1,1.8,11.8,135.0,113.0,,,,,,
2022-10-14T16:00,60,Moderate,14.3,25.3,2.9,10.7,125.0,99.0,,,,,,
2022-10-14T17:00,61,Moderate,13.2,22.8,7.3,10.7,124.0,87.0,,,,,,
2022-10-14T18:00,61,Moderate,12.7,21.2,10.8,12.2,130.0,79.0,,,,,,
2022-10-14T19:00,61,Moderate,12.9,21.0,15.7,14.4,139.0,67.0,,,,,,
2022-10-14T20:00,60,Moderate,13.6,21.5,20.7,16.6,151.0,54.0,,,,,,
2022-10-14T21:00,60,Moderate,14.5,22.5,21.9,17.4,160.0,50.0,,,,,,
2022-10-14T22:00,60,Moderate,15.4,23.5,21.8,17.6,169.0,48.0,,,,,,
2022-10-14T23:00,60,Moderate,16.2,24.7,20.3,16.9,181.0,50.0,,,,,,
2022-10-15T00:00,60,Moderate,17.3,26.1,17.9,15.3,189.0,55.0,,,,,,
2022-10-15T01:00,60,Moderate,18.6,27.9,14.5,12.9,198.0,62.0,,,,,,
2022-10-15T02:00,61,Moderate,19.5,29.3,10.3,9.8,204.0,71.0,,,,,,
2022-10-15T03:00,61,Moderate,20.2,30.3,7.9,7.7,203.0,76.0,,,,,,
2022-10-15T04:00,61,Moderate,18.9,28.3,5.8,5.7,198.0,80.0,,,,,,
2022-10-15T05:00,61,Moderate,19.1,28.3,10.6,12.0,229.0,61.0,,,,,,
2022-10-15T06:00,62,Moderate,18.9,27.9,9.4,11.8,228.0,66.0,,,,,,
2022-10-15T07:00,62,Moderate,19.5,28.7,7.7,11.4,227.0,72.0,,,,,,
2022-10-15T08:00,63,Moderate,19.9,29.2,5.5,10.8,224.0,83.0,,,,,,
2022-10-15T09:00,64,Moderate,21.2,31.2,4.1,9.9,219.0,93.0,,,,,,
2022-10-15T10:00,65,Moderate,22.4,32.8,2.7,8.9,212.0,105.0,,,,,,
2022-10-15T11:00,65,Moderate,22.7,33.6,1.4,7.7,203.0,118.0,,,,,,
2022-10-15T12:00,66,Moderate,23.1,34.6,0.8,7.2,197.0,124.0,,,,,,
2022-10-15T13:00,66,Moderate,23.1,34.8,0.5,6.9,192.0,127.0,,,,,,
2022-10-15T14:00,67,Moderate,20.4,31.7,0.7,6.4,179.0,125.0,,,,,,
2022-10-15T15:00,67,Moderate,16.9,27.6,1.2,5.8,160.0,114.0,,,,,,
2022-10-15T16:00,67,Moderate,12.6,22.5,2.0,5.0,137.0,98.0,,,,,,
2022-10-15T17:00,67,Moderate,11.0,20.7,3.7,4.5,113.0,78.0,,,,,,
2022-10-15T18:00,67,Moderate,9.3,17.5,5.7,5.0,108.0,69.0,,,,,,
2022-10-15T19:00,67,Moderate,8.6,15.8,8.2,5.9,110.0,62.0,,,,,,
2022-10-15T20:00,66,Moderate,8.9,15.9,10.6,7.3,114.0,55.0,,,,,,
2022-10-15T21:00,66,Moderate,8.7,15.5,11.1,8.2,116.0,52.0,,,,,,
2022-10-15T22:00,65,Moderate,8.6,15.3,10.9,9.3,119.0,51.0,,,,,,
2022-10-15T23:00,65,Moderate,8.5,14.8,10.1,10.3,124.0,51.0,,,,,,
2022-10-16T00:00,64,Moderate,7.9,13.5,9.1,10.5,127.0,51.0,,,,,,
2022-10-16T01:00,64,Moderate,7.4,12.5,7.8,10.5,131.0,52.0,,,,,,
2022-10-16T02:00,63,Moderate,7.5,12.4,6.4,10.4,135.0,53.0,,,,,,
2022-10-16T03:00,62,Moderate,7.6,12.5,5.8,10.4,138.0,53.0,,,,,,
2022-10-16T04:00,61,Moderate,7.7,12.5,5.4,10.2,142.0,52.0,,,,,,
2022-10-16T05:00,60,Moderate,6.2,10.3,4.2,8.8,119.0,55.0,,,,,,
2022-10-16T06:00,59,Moderate,6.4,10.4,4.6,9.6,122.0,55.0,,,,,,
2022-10-16T07:00,58,Moderate,6.4,10.3,5.1,10.7,127.0,55.0,,,,,,
2022-10-16T08:00,57,Moderate,7.1,11.2,5.3,11.7,130.0,57.0,,,,,,
2022-10-16T09:00,56,Moderate,8.0,12.6,4.7,11.5,127.0,63.0,,,,,,
2022-10-16T10:00,55,Moderate,9.0,14.3,3.7,11.0,121.0,71.0,,,,,,
2022-10-16T11:00,54,Moderate,10.1,16.5,2.5,9.8,112.0,79.0,,,,,,
2022-10-16T12:00,53,Moderate,12.0,20.1,1.7,8.4,105.0,81.0,,,,,,
2022-10-16T13:00,52,Moderate,12.7,22.2,1.0,6.7,98.0,80.0,,,,,,
2022-10-16T14:00,51,Moderate,11.8,21.4,0.7,5.1,91.0,76.0,,,,,,
2022-10-16T15:00,50,Good,10.9,20.4,1.4,4.9,89.0,71.0,,,,,,
2022-10-16T16:00,50,Good,10.1,19.1,2.5,5.3,89.0,63.0,,,,,,
2022-10-16T17:00,49,Good,11.1,21.0,4.4,5.6,94.0,58.0,,,,,,
2022-10-16T18:00,49,Good,10.9,20.4,6.2,6.3,96.0,54.0,,,,,,
2022-10-16T19:00,50,Good,10.4,19.1,8.8,7.2,99.0,49.0,,,,,,
2022-10-16T20:00,50,Good,9.8,17.8,11.4,8.6,103.0,44.0,,,,,,
2022-10-16T21:00,50,Good,9.3,16.6,12.0,9.8,106.0,42.0,,,,,,
2022-10-16T22:00,50,Good,8.9,15.7,12.0,11.1,110.0,42.0,,,,,,
2022-10-16T23:00,50,Good,8.7,15.2,11.7,12.1,115.0,42.0,,,,,,
2022-10-17T00:00,50,Good,9.1,15.5,11.6,11.9,119.0,42.0,,,,,,
2022-10-17T01:00,50,Good,9.3,15.8,11.3,11.1,122.0,41.0,,,,,,
2022-10-17T02:00,50,Good,8.8,14.6,10.9,10.3,127.0,41.0,,,,,,
2022-10-17T03:00,50,Good,9.2,15.1,10.7,10.6,131.0,40.0,,,,,,
2022-10-17T04:00,51,Moderate,9.5,15.4,10.5,11.3,135.0,39.0,,,,,,
2022-10-17T05:00,51,Moderate,8.3,13.9,7.8,9.5,130.0,41.0,,,,,,
2022-10-17T06:00,51,Moderate,8.7,14.4,7.9,9.9,135.0,42.0,,,,,,
2022-10-17T07:00,51,Moderate,9.1,14.9,8.1,10.4,142.0,43.0,,,,,,
2022-10-17T08:00,51,Moderate,10.1,16.4,8.1,10.7,147.0,45.0,,,,,,
2022-10-17T09:00,52,Moderate,10.5,16.8,7.7,9.8,142.0,48.0,,,,,,
2022-10-17T10:00,52,Moderate,10.9,17.2,7.1,8.5,133.0,52.0,,,,,,
2022-10-17T11:00,52,Moderate,12.0,19.0,6.4,7.6,122.0,57.0,,,,,,
2022-10-17T12:00,52,Moderate,13.8,21.9,6.1,8.6,119.0,59.0,,,,,,
2022-10-17T13:00,52,Moderate,14.5,23.3,6.0,10.4,117.0,61.0,,,,,,
2022-10-17T14:00,52,Moderate,13.4,22.1,6.3,12.1,115.0,60.0,,,,,,
2022-10-17T15:00,52,Moderate,12.2,20.5,7.1,11.6,112.0,57.0,,,,,,
2022-10-17T16:00,53,Moderate,11.1,18.6,8.2,10.4,108.0,52.0,,,,,,
2022-10-17T17:00,53,Moderate,9.0,15.7,9.4,10.6,100.0,40.0,,,,,,
2022-10-17T18:00,52,Moderate,8.5,14.9,10.4,10.5,102.0,39.0,,,,,,
2022-10-17T19:00,52,Moderate,7.5,12.8,11.7,10.3,105.0,37.0,,,,,,
2022-10-17T20:00,52,Moderate,6.5,10.8,12.9,10.1,109.0,36.0,,,,,,
2022-10-17T21:00,52,Moderate,6.8,11.6,12.8,10.2,111.0,36.0,,,,,,
2022-10-17T22:00,52,Moderate,5.7,9.6,12.2,10.4,112.0,36.0,,,,,,
2022-10-17T23:00,51,Moderate,5.1,8.6,11.0,10.5,114.0,37.0,,,,,,
2022-10-18T00:00,51,Moderate,5.2,8.7,9.8,10.1,115.0,38.0,,,,,,
2022-10-18T01:00,51,Moderate,5.4,9.1,8.3,9.4,115.0,39.0,,,,,,
2022-10-18T02:00,50,Good,4.9,8.3,6.6,8.8,115.0,40.0,,,,,,
2022-10-18T03:00,50,Good,5.3,9.1,5.7,8.6,114.0,40.0,,,,,,
2022-10-18T04:00,50,Good,5.3,9.1,4.9,8.6,113.0,40.0,,,,,,
2022-10-18T05:00,49,Good,4.9,8.3,4.8,8.3,118.0,40.0,,,,,,
2022-10-18T06:00,48,Good,5.2,8.6,5.4,8.3,120.0,39.0,,,,,,
2022-10-18T07:00,47,Good,5.2,8.6,6.4,8.4,122.0,39.0,,,,,,
2022-10-18T08:00,46,Good,5.8,9.4,7.8,8.9,125.0,38.0,,,,,,
2022-10-18T09:00,45,Good,6.8,10.7,8.7,9.6,127.0,38.0,,,,,,
2022-10-18T10:00,44,Good,8.9,14.0,9.7,10.7,129.0,38.0,,,,,,
2022-10-18T11:00,44,Good,10.5,16.1,10.9,12.5,133.0,38.0,,,,,,
2022-10-18T12:00,43,Good,12.7,19.2,11.8,14.7,139.0,38.0,,,,,,
2022-10-18T13:00,43,Good,12.9,19.5,12.5,17.2,147.0,39.0,,,,,,
2022-10-18T14:00,43,Good,13.8,21.0,14.1,19.7,155.0,39.0,,,,,,
2022-10-18T15:00,43,Good,14.6,22.5,16.1,20.1,158.0,38.0,,,,,,
2022-10-18T16:00,43,Good,15.7,25.0,18.6,19.8,160.0,37.0,,,,,,
2022-10-18T17:00,44,Good,14.1,22.3,21.0,19.0,162.0,36.0,,,,,,
2022-10-18T18:00,46,Good,13.0,20.5,21.5,18.1,163.0,35.0,,,,,,
2022-10-18T19:00,47,Good,11.3,17.6,21.4,17.1,163.0,35.0,,,,,,
2022-10-18T20:00,48,Good,10.1,15.7,20.7,16.0,163.0,34.0,,,,,,
2022-10-18T21:00,48,Good,9.0,14.1,19.9,15.8,163.0,34.0,,,,,,
2022-10-18T22:00,49,Good,8.2,13.0,18.8,16.0,164.0,34.0,,,,,,
2022-10-18T23:00,50,Good,7.7,12.2,17.3,16.1,166.0,34.0,,,,,,
2022-10-19T00:00,50,Good,7.3,11.8,16.1,15.7,170.0,34.0,,,,,,
2022-10-19T01:00,50,Good,6.9,11.1,14.9,15.1,177.0,34.0,,,,,,
2022-10-19T02:00,50,Good,6.7,10.6,13.4,14.2,184.0,34.0,,,,,,
2022-10-19T03:00,50,Good,6.3,10.0,12.3,13.5,188.0,34.0,,,,,,
2022-10-19T04:00,51,Moderate,6.3,9.8,11.2,12.8,191.0,34.0,,,,,,
2022-10-19T05:00,51,Moderate,6.2,9.7,10.1,11.9,196.0,35.0,,,,,,
2022-10-19T06:00,51,Moderate,6.4,9.9,9.8,11.3,201.0,36.0,,,,,,
2022-10-19T07:00,51,Moderate,6.8,10.3,9.8,10.8,206.0,39.0,,,,,,
2022-10-19T08:00,51,Moderate,7.7,11.6,9.7,10.6,210.0,45.0,,,,,,
2022-10-19T09:00,51,Moderate,9.6,14.2,9.4,11.2,209.0,54.0,,,,,,
2022-10-19T10:00,51,Moderate,12.4,18.2,9.1,12.2,207.0,66.0,,,,,,
2022-10-19T11:00,52,Moderate,14.8,21.7,8.5,13.3,203.0,82.0,,,,,,
2022-10-19T12:00,52,Moderate,17.1,25.0,7.6,13.7,201.0,93.0,,,,,,
2022-10-19T13:00,52,Moderate,19.1,27.9,6.5,14.0,199.0,104.0,,,,,,
2022-10-19T14:00,53,Moderate,20.1,29.7,5.9,14.1,195.0,112.0,,,,,,
2022-10-19T15:00,53,Moderate,20.1,30.0,6.8,14.3,191.0,110.0,,,,,,
2022-10-19T16:00,54,Moderate,19.6,30.2,8.5,14.4,186.0,104.0,,,,,,
2022-10-19T17:00,54,Moderate,19.1,30.0,10.0,13.8,180.0,96.0,,,,,,
2022-10-19T18:00,54,Moderate,18.9,30.0,9.9,12.3,178.0,94.0,,,,,,
2022-10-19T19:00,55,Moderate,17.5,27.9,9.2,10.3,177.0,93.0,,,,,,
2022-10-19T20:00,55,Moderate,15.5,24.9,8.2,8.0,176.0,92.0,,,,,,
2022-10-19T21:00,56,Moderate,14.2,23.1,7.6,7.0,175.0,90.0,,,,,,
2022-10-19T22:00,56,Moderate,13.2,21.6,7.0,6.4,174.0,89.0,,,,,,
2022-10-19T23:00,57,Moderate,13.0,21.2,6.9,6.0,175.0,87.0,,,,,,
2022-10-20T00:00,57,Moderate,13.3,21.7,7.9,6.0,178.0,86.0,,,,,,
2022-10-20T01:00,57,Moderate,13.5,21.9,9.5,6.4,181.0,86.0,,,,,,
2022-10-20T02:00,58,Moderate,13.7,22.3,11.3,6.8,186.0,85.0,,,,,,
2022-10-20T03:00,59,Moderate,14.0,22.6,11.8,6.8,188.0,85.0,,,,,,
2022-10-20T04:00,59,Moderate,13.9,22.3,12.0,6.8,190.0,84.0,,,,,,
2022-10-20T05:00,60,Moderate,17.1,26.1,15.9,15.9,209.0,43.0,,,,,,
2022-10-20T06:00,61,Moderate,17.3,26.1,15.0,14.9,208.0,45.0,,,,,,
2022-10-20T07:00,61,Moderate,17.1,25.7,13.8,13.5,206.0,48.0,,,,,,
2022-10-20T08:00,62,Moderate,17.5,26.2,11.8,12.2,203.0,55.0,,,,,,
2022-10-20T09:00,63,Moderate,18.1,27.1,10.1,12.2,201.0,65.0,,,,,,
2022-10-20T10:00,64,Moderate,19.6,29.2,8.1,12.6,200.0,77.0,,,,,,
2022-10-20T11:00,64,Moderate,21.0,31.4,5.8,13.3,198.0,94.0,,,,,,
2022-10-20T12:00,65,Moderate,22.2,33.3,4.4,13.8,197.0,109.0,,,,,,
2022-10-20T13:00,65,Moderate,21.8,32.8,3.2,14.3,196.0,126.0,,,,,,
2022-10-20T14:00,65,Moderate,22.5,34.6,2.4,14.3,192.0,139.0,,,,,,
2022-10-20T15:00,66,Moderate,22.2,35.3,2.5,13.2,184.0,136.0,,,,,,
2022-10-20T16:00,66,Moderate,19.4,32.5,3.1,11.5,175.0,127.0,,,,,,
2022-10-20T17:00,66,Moderate,18.4,30.6,9.2,11.1,167.0,101.0,,,,,,
2022-10-20T18:00,66,Moderate,15.9,25.9,11.4,12.1,168.0,91.0,,,,,,
2022-10-20T19:00,65,Moderate,14.6,23.3,14.6,13.5,169.0,77.0,,,,,,
2022-10-20T20:00,65,Moderate,14.2,22.2,17.6,14.7,173.0,63.0,,,,,,
2022-10-20T21:00,65,Moderate,14.6,22.5,18.0,14.5,178.0,59.0,,,,,,
2022-10-20T22:00,65,Moderate,15.3,23.2,17.5,13.7,185.0,59.0,,,,,,
2022-10-20T23:00,65,Moderate,14.8,22.4,15.8,12.5,191.0,61.0,,,,,,
2022-10-21T00:00,65,Moderate,14.9,22.5,13.8,11.7,192.0,64.0,,,,,,
2022-10-21T01:00,66,Moderate,14.7,22.1,11.2,10.9,191.0,68.0,,,,,,
2022-10-21T02:00,66,Moderate,14.2,21.4,7.9,9.7,190.0,74.0,,,,,,
2022-10-21T03:00,66,Moderate,13.5,20.5,6.1,8.5,190.0,80.0,,,,,,
2022-10-21T04:00,66,Moderate,12.7,19.4,4.5,7.2,189.0,86.0,,,,,,
2022-10-21T05:00,66,Moderate,9.9,15.0,2.4,4.4,190.0,89.0,,,,,,
2022-10-21T06:00,65,Moderate,9.9,15.3,2.8,4.3,196.0,90.0,,,,,,
2022-10-21T07:00,64,Moderate,9.9,15.3,3.3,4.2,205.0,91.0,,,,,,
2022-10-21T08:00,64,Moderate,10.9,16.8,4.0,4.7,217.0,93.0,,,,,,
2022-10-21T09:00,63,Moderate,12.5,18.8,4.3,6.0,224.0,95.0,,,,,,
2022-10-21T10:00,63,Moderate,14.3,21.6,4.6,7.9,231.0,97.0,,,,,,
2022-10-21T11:00,62,Moderate,16.5,24.7,4.7,9.7,237.0,101.0,,,,,,
2022-10-21T12:00,62,Moderate,17.6,26.4,4.3,10.1,238.0,105.0,,,,,,
2022-10-21T13:00,62,Moderate,19.7,29.3,3.6,10.0,236.0,109.0,,,,,,
2022-10-21T14:00,62,Moderate,19.4,29.0,2.8,9.4,235.0,114.0,,,,,,
2022-10-21T15:00,61,Moderate,19.0,28.6,2.1,8.7,236.0,116.0,,,,,,
2022-10-21T16:00,61,Moderate,18.2,27.6,1.3,7.8,239.0,118.0,,,,,,
2022-10-21T17:00,61,Moderate,15.7,24.0,2.0,4.5,246.0,106.0,,,,,,
2022-10-21T18:00,61,Moderate,14.7,22.5,2.0,3.9,241.0,104.0,,,,,,
2022-10-21T19:00,61,Moderate,13.0,20.2,2.0,3.0,235.0,100.0,,,,,,
2022-10-21T20:00,61,Moderate,12.4,19.3,2.7,2.7,228.0,95.0,,,,,,
2022-10-21T21:00,60,Moderate,12.6,19.8,4.4,3.9,227.0,91.0,,,,,,
2022-10-21T22:00,60,Moderate,12.5,19.6,6.8,5.9,228.0,87.0,,,,,,
2022-10-21T23:00,60,Moderate,12.3,19.3,9.2,8.5,230.0,82.0,,,,,,
2022-10-22T00:00,60,Moderate,12.2,19.1,9.6,10.2,232.0,80.0,,,,,,
2022-10-22T01:00,60,Moderate,12.1,18.9,9.2,11.9,233.0,78.0,,,,,,
2022-10-22T02:00,59,Moderate,12.5,19.3,8.5,13.3,236.0,76.0,,,,,,
2022-10-22T03:00,59,Moderate,12.6,19.5,7.7,13.2,237.0,75.0,,,,,,
2022-10-22T04:00,59,Moderate,12.7,19.6,6.7,12.4,238.0,74.0,,,,,,
2022-10-22T05:00,59,Moderate,15.5,23.8,6.3,10.5,253.0,72.0,,,,,,
2022-10-22T06:00,60,Moderate,16.0,24.6,6.6,11.3,255.0,73.0,,,,,,
2022-10-22T07:00,60,Moderate,16.5,25.5,6.9,12.5,259.0,75.0,,,,,,
2022-10-22T08:00,61,Moderate,17.6,27.1,6.7,13.5,262.0,81.0,,,,,,
2022-10-22T09:00,61,Moderate,19.3,29.7,5.6,13.4,263.0,91.0,,,,,,
2022-10-22T10:00,62,Moderate,20.5,31.5,4.1,12.9,263.0,104.0,,,,,,
2022-10-22T11:00,62,Moderate,22.4,34.7,2.3,12.0,262.0,118.0,,,,,,
2022-10-22T12:00,63,Moderate,23.6,36.9,1.6,11.1,260.0,124.0,,,,,,
2022-10-22T13:00,63,Moderate,23.9,37.8,1.2,10.0,258.0,128.0,,,,,,
2022-10-22T14:00,63,Moderate,23.9,38.5,0.8,8.7,254.0,132.0,,,,,,
2022-10-22T15:00,64,Moderate,22.7,37.5,0.4,8.0,251.0,134.0,,,,,,
2022-10-22T16:00,64,Moderate,22.1,37.3,0.2,7.5,249.0,135.0,,,,,,
2022-10-22T17:00,72,Moderate,18.5,31.1,0.9,5.8,256.0,127.0,,,,,,
2022-10-22T18:00,80,Moderate,18.7,32.2,2.4,6.7,254.0,124.0,,,,,,
2022-10-22T19:00,84,Moderate,18.2,31.4,4.4,8.1,251.0,121.0,,,,,,
2022-10-22T20:00,85,Moderate,18.3,31.2,6.0,8.9,250.0,117.0,,,,,,
2022-10-22T21:00,83,Moderate,17.9,30.4,5.3,7.8,252.0,116.0,,,,,,
2022-10-22T22:00,81,Moderate,17.3,28.9,3.6,5.8,255.0,117.0,,,,,,
2022-10-22T23:00,77,Moderate,16.3,26.5,1.7,3.8,261.0,118.0,,,,,,
2022-10-23T00:00,74,Moderate,16.2,26.0,1.3,3.2,266.0,119.0,,,,,,
2022-10-23T01:00,71,Moderate,16.4,26.2,1.3,3.1,271.0,119.0,,,,,,
2022-10-23T02:00,69,Moderate,16.7,26.4,1.5,3.7,277.0,119.0,,,,,,
2022-10-23T03:00,68,Moderate,17.2,27.2,1.7,4.6,280.0,117.0,,,,,,
2022-10-23T04:00,68,Moderate,17.7,27.8,2.1,6.1,283.0,113.0,,,,,,
2022-10-23T05:00,69,Moderate,18.6,29.8,4.1,15.7,283.0,105.0,,,,,,
2022-10-23T06:00,69,Moderate,19.1,30.6,5.0,18.1,286.0,104.0,,,,,,
2022-10-23T07:00,69,Moderate,19.8,31.8,6.2,21.4,291.0,102.0,,,,,,
2022-10-23T08:00,69,Moderate,21.4,34.0,7.1,25.0,295.0,105.0,,,,,,
2022-10-23T09:00,70,Moderate,23.3,36.8,6.8,26.4,294.0,114.0,,,,,,
2022-10-23T10:00,70,Moderate,25.7,39.9,5.8,27.1,291.0,128.0,,,,,,
2022-10-23T11:00,70,Moderate,24.9,38.8,4.5,26.8,283.0,144.0,,,,,,
2022-10-23T12:00,71,Moderate,26.3,40.9,3.6,25.1,275.0,154.0,,,,,,
2022-10-23T13:00,71,Moderate,26.5,41.3,2.6,22.5,265.0,163.0,,,,,,
2022-10-23T14:00,82,Moderate,25.7,40.3,2.1,19.1,249.0,167.0,,,,,,
2022-10-23T15:00,96,Moderate,23.1,37.1,2.7,17.1,232.0,159.0,,,,,,
2022-10-23T16:00,108,Unhealthy for Sensitive Groups,19.8,32.9,4.0,15.2,212.0,144.0,,,,,,
2022-10-23T17:00,116,Unhealthy for Sensitive Groups,15.9,25.8,8.1,13.4,203.0,109.0,,,,,,
2022-10-23T18:00,115,Unhealthy for Sensitive Groups,15.7,24.9,11.0,14.2,210.0,102.0,,,,,,
2022-10-23T19:00,109,Unhealthy for Sensitive Groups,15.1,23.6,15.1,15.4,221.0,92.0,,,,,,
2022-10-23T20:00,98,Moderate,16.8,25.7,19.5,16.8,236.0,81.0,,,,,,
2022-10-23T21:00,83,Moderate,18.0,27.3,20.7,17.5,248.0,78.0,,,,,,
2022-10-23T22:00,70,Moderate,18.6,28.0,21.0,18.2,262.0,78.0,,,,,,
2022-10-23T23:00,70,Moderate,18.9,28.1,20.6,18.9,276.0,77.0,,,,,,
2022-10-24T00:00,71,Moderate,19.2,28.5,20.1,19.2,283.0,76.0,,,,,,
2022-10-24T01:00,71,Moderate,19.9,29.7,19.3,19.3,288.0,74.0,,,,,,
2022-10-24T02:00,71,Moderate,19.6,29.2,17.8,19.3,286.0,71.0,,,,,,
2022-10-24T03:00,71,Moderate,18.5,27.8,16.4,19.1,275.0,67.0,,,,,,
2022-10-24T04:00,71,Moderate,17.1,25.8,14.6,18.7,258.0,62.0,,,,,,
2022-10-24T05:00,71,Moderate,12.4,18.9,10.5,16.1,236.0,55.0,,,,,,
2022-10-24T06:00,71,Moderate,11.4,17.3,10.2,16.6,234.0,56.0,,,,,,
2022-10-24T07:00,70,Moderate,11.4,17.2,9.8,17.2,231.0,57.0,,,,,,
2022-10-24T08:00,70,Moderate,11.8,17.9,9.0,18.0,230.0,66.0,,,,,,
2022-10-24T09:00,69,Moderate,13.2,19.8,7.9,18.7,233.0,83.0,,,,,,
2022-10-24T10:00,68,Moderate,15.4,23.0,6.5,19.4,239.0,106.0,,,,,,
2022-10-24T11:00,67,Moderate,17.9,26.7,4.8,19.4,241.0,131.0,,,,,,
2022-10-24T12:00,67,Moderate,17.9,26.9,3.7,17.9,235.0,141.0,,,,,,
2022-10-24T13:00,66,Moderate,18.6,28.5,2.7,15.4,225.0,147.0,,,,,,
2022-10-24T14:00,65,Moderate,18.3,29.1,2.7,13.0,213.0,147.0,,,,,,
2022-10-24T15:00,65,Moderate,16.9,27.6,4.4,12.5,206.0,137.0,,,,,,
2022-10-24T16:00,70,Moderate,15.4,25.1,7.2,12.7,201.0,121.0,,,,,,
2022-10-24T17:00,82,Moderate,14.7,23.7,6.8,11.6,203.0,120.0,,,,,,
2022-10-24T18:00,90,Moderate,14.1,22.6,8.9,12.2,207.0,114.0,,,,,,
2022-10-24T19:00,92,Moderate,14.4,22.9,11.9,13.1,212.0,104.0,,,,,,
2022-10-24T20:00,86,Moderate,14.1,22.1,15.8,13.9,221.0,95.0,,,,,,
2022-10-24T21:00,76,Moderate,14.4,22.2,18.1,13.5,231.0,93.0,,,,,,
2022-10-24T22:00,65,Moderate,14.8,22.6,20.2,12.8,242.0,94.0,,,,,,
2022-10-24T23:00,63,Moderate,15.8,23.9,22.4,12.7,256.0,94.0,,,,,,
2022-10-25T00:00,63,Moderate,16.8,25.3,23.5,14.0,264.0,92.0,,,,,,
2022-10-25T01:00,62,Moderate,17.6,26.4,24.2,16.1,271.0,89.0,,,,,,
2022-10-25T02:00,62,Moderate,19.4,29.0,24.4,18.9,279.0,84.0,,,,,,
2022-10-25T03:00,62,Moderate,20.6,30.7,24.1,20.8,286.0,78.0,,,,,,
2022-10-25T04:00,62,Moderate,21.4,32.0,23.2,22.6,292.0,71.0,,,,,,
2022-10-25T05:00,63,Moderate,22.0,32.5,16.0,19.3,314.0,71.0,,,,,,
2022-10-25T06:00,64,Moderate,21.1,31.2,15.0,19.2,311.0,73.0,,,,,,
2022-10-25T07:00,64,Moderate,20.1,29.8,13.6,19.1,307.0,76.0,,,,,,
2022-10-25T08:00,65,Moderate,20.0,29.7,11.3,18.5,303.0,87.0,,,,,,
2022-10-25T09:00,66,Moderate,20.7,30.5,9.1,17.7,303.0,106.0,,,,,,
2022-10-25T10:00,66,Moderate,22.3,32.8,6.5,16.5,304.0,131.0,,,,,,
2022-10-25T11:00,67,Moderate,23.7,34.9,3.7,15.0,303.0,159.0,,,,,,
2022-10-25T12:00,67,Moderate,26.0,38.4,2.5,14.1,299.0,172.0,,,,,,
2022-10-25T13:00,68,Moderate,26.7,39.7,1.8,13.3,294.0,180.0,,,,,,
2022-10-25T14:00,76,Moderate,26.1,39.5,1.3,12.1,284.0,184.0,,,,,,
2022-10-25T15:00,99,Moderate,23.7,36.8,1.3,10.9,271.0,179.0,,,,,,
2022-10-25T16:00,121,Unhealthy for Sensitive Groups,21.9,35.0,1.6,9.6,256.0,169.0,,,,,,
2022-10-25T17:00,139,Unhealthy for Sensitive Groups,17.9,29.2,4.5,13.4,244.0,155.0,,,,,,
2022-10-25T18:00,149,Unhealthy for Sensitive Groups,16.9,27.6,5.7,13.5,243.0,149.0,,,,,,
2022-10-25T19:00,152,Unhealthy,16.1,26.1,7.4,13.7,242.0,140.0,,,,,,
2022-10-25T20:00,149,Unhealthy for Sensitive Groups,15.6,25.1,8.5,13.6,240.0,131.0,,,,,,
2022-10-25T21:00,140,Unhealthy for Sensitive Groups,15.4,24.7,7.3,13.0,238.0,131.0,,,,,,
2022-10-25T22:00,130,Unhealthy for Sensitive Groups,15.0,24.0,5.2,12.1,237.0,133.0,,,,,,
2022-10-25T23:00,119,Unhealthy for Sensitive Groups,14.0,22.6,3.0,11.0,236.0,136.0,,,,,,
2022-10-26T00:00,110,Unhealthy for Sensitive Groups,15.5,24.8,2.8,10.5,238.0,135.0,,,,,,
2022-10-26T01:00,103,Unhealthy for Sensitive Groups,16.1,25.5,3.2,10.1,241.0,133.0,,,,,,
2022-10-26T02:00,98,Moderate,15.9,25.1,3.5,9.2,242.0,130.0,,,,,,
2022-10-26T03:00,94,Moderate,15.6,25.0,2.8,7.8,236.0,127.0,,,,,,
2022-10-26T04:00,91,Moderate,15.1,25.1,1.8,6.0,227.0,123.0,,,,,,
2022-10-26T05:00,89,Moderate,27.7,41.4,20.3,16.7,366.0,83.0,,,,,,
2022-10-26T06:00,79,Moderate,25.0,37.6,16.0,14.1,345.0,95.0,,,,,,
2022-10-26T07:00,71,Moderate,22.2,34.0,9.8,10.4,314.0,111.0,,,,,,
2022-10-26T08:00,70,Moderate,19.0,29.5,3.1,6.2,278.0,129.0,,,,,,
2022-10-26T09:00,70,Moderate,16.8,26.3,1.1,4.5,261.0,135.0,,,,,,
2022-10-26T10:00,70,Moderate,17.3,27.1,0.6,3.5,248.0,137.0,,,,,,
2022-10-26T11:00,70,Moderate,18.4,28.9,0.4,2.5,232.0,136.0,,,,,,
2022-10-26T12:00,69,Moderate,18.4,29.3,0.2,1.8,219.0,131.0,,,,,,
2022-10-26T13:00,70,Moderate,17.3,28.1,0.1,1.4,207.0,122.0,,,,,,
2022-10-26T14:00,78,Moderate,16.9,27.6,0.2,1.1,195.0,112.0,,,,,,
2022-10-26T15:00,82,Moderate,15.1,25.2,0.2,1.0,193.0,108.0,,,,,,
2022-10-26T16:00,81,Moderate,15.5,25.8,0.2,1.1,194.0,106.0,,,,,,
2022-10-26T17:00,76,Moderate,13.6,22.5,0.3,1.4,201.0,110.0,,,,,,
2022-10-26T18:00,71,Moderate,13.8,22.8,0.4,1.5,202.0,111.0,,,,,,
2022-10-26T19:00,66,Moderate,14.4,23.6,0.5,1.6,204.0,113.0,,,,,,
2022-10-26T20:00,65,Moderate,15.7,25.3,0.6,1.8,209.0,116.0,,,,,,
2022-10-26T21:00,65,Moderate,17.5,27.9,0.7,2.1,215.0,120.0,,,,,,
2022-10-26T22:00,65,Moderate,19.3,31.3,0.7,2.3,222.0,126.0,,,,,,
2022-10-26T23:00,66,Moderate,22.4,36.8,0.7,2.6,231.0,131.0,,,,,,
2022-10-27T00:00,66,Moderate,26.6,44.2,0.8,2.6,235.0,132.0,,,,,,
2022-10-27T01:00,71,Moderate,28.2,47.4,0.9,2.6,239.0,131.0,,,,,,
2022-10-27T02:00,75,Moderate,26.7,44.4,1.1,2.7,244.0,128.0,,,,,,
2022-10-27T03:00,79,Moderate,25.8,42.3,1.4,3.3,249.0,124.0,,,,,,
2022-10-27T04:00,81,Moderate,24.2,38.9,1.7,4.1,255.0,120.0,,,,,,
2022-10-27T05:00,82,Moderate,20.6,32.4,1.5,3.2,266.0,116.0,,,,,,
2022-10-27T06:00,81,Moderate,22.3,35.9,1.6,3.3,268.0,117.0,,,,,,
2022-10-27T07:00,79,Moderate,23.9,38.8,1.8,3.3,271.0,118.0,,,,,,
2022-10-27T08:00,76,Moderate,25.1,41.0,1.9,3.6,275.0,121.0,,,,,,
2022-10-27T09:00,74,Moderate,27.4,44.8,1.7,3.9,278.0,127.0,,,,,,
2022-10-27T10:00,73,Moderate,29.9,49.2,1.4,4.4,281.0,134.0,,,,,,
2022-10-27T11:00,74,Moderate,32.9,54.4,1.1,5.1,282.0,143.0,,,,,,
2022-10-27T12:00,78,Moderate,35.5,58.7,0.9,5.7,280.0,148.0,,,,,,
2022-10-27T13:00,84,Moderate,36.4,60.3,0.8,6.3,276.0,152.0,,,,,,
2022-10-27T14:00,92,Moderate,35.9,59.4,0.7,7.0,269.0,156.0,,,,,,
2022-10-27T15:00,100,Moderate,34.5,57.0,0.7,7.3,261.0,158.0,,,,,,
2022-10-27T16:00,109,Unhealthy for Sensitive Groups,32.6,54.2,0.8,7.6,252.0,158.0,,,,,,
2022-10-27T17:00,117,Unhealthy for Sensitive Groups,40.7,66.1,0.9,6.9,255.0,153.0,,,,,,
2022-10-27T18:00,122,Unhealthy for Sensitive Groups,39.6,64.3,0.9,7.0,247.0,152.0,,,,,,
2022-10-27T19:00,126,Unhealthy for Sensitive Groups,36.4,59.5,0.9,7.1,237.0,151.0,,,,,,
2022-10-27T20:00,128,Unhealthy for Sensitive Groups,33.2,54.4,0.9,7.3,223.0,150.0,,,,,,
2022-10-27T21:00,128,Unhealthy for Sensitive Groups,29.8,49.1,0.9,7.4,215.0,149.0,,,,,,
2022-10-27T22:00,128,Unhealthy for Sensitive Groups,27.0,44.7,0.9,7.5,209.0,148.0,,,,,,
2022-10-27T23:00,126,Unhealthy for Sensitive Groups,24.7,41.3,0.9,7.7,202.0,147.0,,,,,,
2022-10-28T00:00,123,Unhealthy for Sensitive Groups,23.1,38.6,0.8,7.9,197.0,147.0,,,,,,
2022-10-28T01:00,121,Unhealthy for Sensitive Groups,21.7,36.8,0.8,8.1,193.0,146.0,,,,,,
2022-10-28T02:00,120,Unhealthy for Sensitive Groups,20.7,35.6,0.9,8.5,194.0,143.0,,,,,,
2022-10-28T03:00,118,Unhealthy for Sensitive Groups,20.1,34.9,1.3,8.6,202.0,136.0,,,,,,
2022-10-28T04:00,115,Unhealthy for Sensitive Groups,20.3,35.4,1.8,8.7,214.0,126.0,,,,,,
2022-10-28T05:00,109,Unhealthy for Sensitive Groups,35.9,58.9,7.4,12.7,277.0,115.0,,,,,,
2022-10-28T06:00,102,Unhealthy for Sensitive Groups,40.2,64.5,7.8,14.5,293.0,111.0,,,,,,
2022-10-28T07:00,94,Moderate,40.0,64.3,8.3,17.1,315.0,105.0,,,,,,
2022-10-28T08:00,91,Moderate,36.2,59.3,8.1,19.5,329.0,103.0,,,,,,
2022-10-28T09:00,92,Moderate,29.9,50.6,6.4,19.6,313.0,110.0,,,,,,
2022-10-28T10:00,93,Moderate,23.9,41.7,3.9,18.9,283.0,121.0,,,,,,
2022-10-28T11:00,92,Moderate,21.7,37.7,1.3,17.2,247.0,132.0,,,,,,
2022-10-28T12:00,91,Moderate,20.7,35.6,0.6,15.3,234.0,134.0,,,,,,
2022-10-28T13:00,90,Moderate,19.3,32.9,0.6,12.8,225.0,132.0,,,,,,
2022-10-28T14:00,89,Moderate,18.6,31.8,0.8,9.9,216.0,129.0,,,,,,
2022-10-28T15:00,87,Moderate,17.4,30.0,0.7,8.3,208.0,128.0,,,,,,
2022-10-28T16:00,86,Moderate,16.5,28.9,0.8,6.9,201.0,126.0,,,,,,
2022-10-28T17:00,85,Moderate,19.0,32.0,1.1,6.9,218.0,120.0,,,,,,
2022-10-28T18:00,84,Moderate,18.6,31.8,1.1,6.0,210.0,118.0,,,,,,
2022-10-28T19:00,83,Moderate,17.8,31.0,1.2,4.6,199.0,116.0,,,,,,
2022-10-28T20:00,80,Moderate,17.0,30.0,1.2,3.1,186.0,112.0,,,,,,
2022-10-28T21:00,79,Moderate,16.9,30.4,1.3,2.5,179.0,108.0,,,,,,
2022-10-28T22:00,78,Moderate,16.8,30.7,1.5,2.2,172.0,104.0,,,,,,
2022-10-28T23:00,77,Moderate,16.1,29.7,1.6,1.8,166.0,98.0,,,,,,
2022-10-29T00:00,76,Moderate,15.3,28.4,1.4,1.5,162.0,95.0,,,,,,
2022-10-29T01:00,76,Moderate,14.8,27.4,1.2,1.2,160.0,92.0,,,,,,
2022-10-29T02:00,75,Moderate,14.7,27.0,0.9,1.0,159.0,89.0,,,,,,
2022-10-29T03:00,75,Moderate,14.8,27.1,1.0,1.0,160.0,87.0,,,,,,
2022-10-29T04:00,74,Moderate,15.0,27.4,1.1,1.1,162.0,86.0,,,,,,
2022-10-29T05:00,74,Moderate,17.5,31.4,2.8,2.4,188.0,72.0,,,,,,
2022-10-29T06:00,72,Moderate,19.5,34.8,2.9,3.7,195.0,71.0,,,,,,
2022-10-29T07:00,71,Moderate,20.2,36.2,3.0,5.5,204.0,71.0,,,,,,
2022-10-29T08:00,69,Moderate,18.6,34.2,2.9,7.0,212.0,73.0,,,,,,
2022-10-29T09:00,68,Moderate,18.1,32.8,2.4,6.5,210.0,80.0,,,,,,
2022-10-29T10:00,67,Moderate,17.2,30.7,1.7,5.3,204.0,90.0,,,,,,
2022-10-29T11:00,66,Moderate,17.3,30.3,0.9,3.8,197.0,101.0,,,,,,
2022-10-29T12:00,66,Moderate,17.2,29.6,0.6,3.1,196.0,104.0,,,,,,
2022-10-29T13:00,66,Moderate,16.5,28.1,0.5,2.6,196.0,106.0,,,,,,
2022-10-29T14:00,65,Moderate,14.6,24.9,0.5,2.0,194.0,105.0,,,,,,
2022-10-29T15:00,65,Moderate,11.8,20.3,0.5,1.5,190.0,103.0,,,,,,
2022-10-29T16:00,65,Moderate,8.9,15.4,0.5,1.0,184.0,100.0,,,,,,
2022-10-29T17:00,64,Moderate,16.4,27.1,1.0,1.4,193.0,103.0,,,,,,
2022-10-29T18:00,64,Moderate,14.6,24.3,1.3,1.2,191.0,99.0,,,,,,
2022-10-29T19:00,63,Moderate,13.0,21.8,1.7,1.0,187.0,93.0,,,,,,
2022-10-29T20:00,63,Moderate,12.1,20.5,2.2,0.8,183.0,86.0,,,,,,
2022-10-29T21:00,63,Moderate,10.9,18.6,2.5,0.9,180.0,82.0,,,,,,
2022-10-29T22:00,62,Moderate,9.7,16.2,2.8,1.1,178.0,79.0,,,,,,
2022-10-29T23:00,62,Moderate,9.4,15.6,3.1,1.4,175.0,75.0,,,,,,
2022-10-30T00:00,61,Moderate,9.8,16.6,3.2,1.6,174.0,73.0,,,,,,
2022-10-30T01:00,61,Moderate,10.1,17.1,3.2,1.8,174.0,71.0,,,,,,
2022-10-30T02:00,60,Moderate,10.0,17.1,3.2,2.1,174.0,69.0,,,,,,
2022-10-30T03:00,60,Moderate,10.3,17.8,3.1,2.3,173.0,69.0,,,,,,
2022-10-30T04:00,60,Moderate,10.3,17.9,2.9,2.6,171.0,69.0,,,,,,
2022-10-30T05:00,59,Moderate,10.0,17.9,3.3,3.1,172.0,67.0,,,,,,
2022-10-30T06:00,59,Moderate,9.8,17.7,3.4,3.5,178.0,69.0,,,,,,
2022-10-30T07:00,58,Moderate,10.7,19.2,3.6,4.0,186.0,72.0,,,,,,
2022-10-30T08:00,57,Moderate,12.3,21.8,3.5,4.3,194.0,77.0,,,,,,
2022-10-30T09:00,57,Moderate,12.3,21.5,2.9,3.8,196.0,84.0,,,,,,
2022-10-30T10:00,56,Moderate,12.9,21.9,2.1,2.9,195.0,92.0,,,,,,
2022-10-30T11:00,56,Moderate,13.1,21.7,1.1,1.9,193.0,101.0,,,,,,
2022-10-30T12:00,56,Moderate,12.5,20.4,0.7,1.5,189.0,104.0,,,,,,
2022-10-30T13:00,55,Moderate,11.8,19.2,0.5,1.2,184.0,106.0,,,,,,
2022-10-30T14:00,55,Moderate,11.0,18.0,0.4,0.9,180.0,108.0,,,,,,
2022-10-30T15:00,55,Moderate,10.2,17.1,0.5,0.7,181.0,110.0,,,,,,
2022-10-30T16:00,54,Moderate,10.2,17.7,0.6,0.6,183.0,111.0,,,,,,
2022-10-30T17:00,55,Moderate,17.1,29.1,1.1,1.5,206.0,116.0,,,,,,
2022-10-30T18:00,55,Moderate,18.1,31.1,1.4,1.5,214.0,117.0,,,,,,
2022-10-30T19:00,55,Moderate,19.6,33.8,1.9,1.6,226.0,119.0,,,,,,
2022-10-30T20:00,56,Moderate,21.4,37.1,2.3,2.4,240.0,121.0,,,,,,
2022-10-30T21:00,60,Moderate,23.5,41.4,2.5,3.8,245.0,122.0,,,,,,
2022-10-30T22:00,63,Moderate,27.6,50.1,2.6,5.7,249.0,122.0,,,,,,
2022-10-30T23:00,66,Moderate,31.0,56.8,2.6,8.4,254.0,122.0,,,,,,
2022-10-31T00:00,69,Moderate,32.5,59.6,2.6,10.4,260.0,121.0,,,,,,
2022-10-31T01:00,71,Moderate,33.4,61.5,2.5,12.4,267.0,119.0,,,,,,
2022-10-31T02:00,71,Moderate,34.1,62.6,2.3,14.8,275.0,116.0,,,,,,
2022-10-31T03:00,71,Moderate,34.2,62.4,2.2,16.1,278.0,114.0,,,,,,
2022-10-31T04:00,70,Moderate,34.6,62.4,2.0,17.1,280.0,113.0,,,,,,
2022-10-31T05:00,69,Moderate,35.0,62.4,2.2,13.8,285.0,108.0,,,,,,
2022-10-31T06:00,71,Moderate,35.4,62.2,2.2,13.9,288.0,108.0,,,,,,
2022-10-31T07:00,73,Moderate,35.4,61.2,2.4,14.0,291.0,108.0,,,,,,
2022-10-31T08:00,75,Moderate,35.5,60.3,2.3,13.3,290.0,110.0,,,,,,
2022-10-31T09:00,77,Moderate,34.7,57.4,2.1,11.7,282.0,115.0,,,,,,
2022-10-31T10:00,79,Moderate,33.4,53.9,1.6,9.5,269.0,122.0,,,,,,
2022-10-31T11:00,81,Moderate,31.9,50.4,1.2,6.8,250.0,127.0,,,,,,
2022-10-31T12:00,82,Moderate,28.8,45.1,1.0,5.3,233.0,126.0,,,,,,
2022-10-31T13:00,83,Moderate,24.9,38.8,0.8,4.1,214.0,121.0,,,,,,
2022-10-31T14:00,84,Moderate,20.9,32.7,0.7,3.0,195.0,115.0,,,,,,
2022-10-31T15:00,85,Moderate,17.6,27.8,0.9,2.4,189.0,111.0,,,,,,
2022-10-31T16:00,86,Moderate,16.2,25.5,1.1,2.2,187.0,108.0,,,,,,
2022-10-31T17:00,86,Moderate,25.9,39.8,1.5,2.5,194.0,106.0,,,,,,
2022-10-31T18:00,87,Moderate,26.8,41.7,1.9,3.4,200.0,106.0,,,,,,
2022-10-31T19:00,88,Moderate,28.4,44.7,2.5,4.7,209.0,107.0,,,,,,
2022-10-31T20:00,88,Moderate,30.0,47.8,3.2,6.3,221.0,107.0,,,,,,
2022-10-31T21:00,89,Moderate,31.1,50.3,3.4,7.5,230.0,105.0,,,,,,
2022-10-31T22:00,90,Moderate,31.2,51.1,3.5,8.7,239.0,103.0,,,,,,
2022-10-31T23:00,90,Moderate,29.8,49.0,3.3,9.2,243.0,100.0,,,,,,
2022-11-01T00:00,90,Moderate,24.3,40.0,2.9,7.9,236.0,98.0,,,,,,
2022-11-01T01:00,89,Moderate,19.2,31.4,2.2,5.8,223.0,96.0,,,,,,
2022-11-01T02:00,88,Moderate,15.9,25.7,1.5,3.3,207.0,93.0,,,,,,
2022-11-01T03:00,87,Moderate,13.9,22.2,1.2,2.3,198.0,90.0,,,,,,
2022-11-01T04:00,85,Moderate,11.8,18.9,1.0,1.6,190.0,87.0,,,,,,
2022-11-01T05:00,83,Moderate,13.9,21.9,3.2,3.4,202.0,83.0,,,,,,
2022-11-01T06:00,82,Moderate,14.6,23.1,2.8,3.2,203.0,83.0,,,,,,
2022-11-01T07:00,80,Moderate,14.5,22.8,2.2,2.9,203.0,83.0,,,,,,
2022-11-01T08:00,78,Moderate,14.2,22.2,1.7,2.4,204.0,84.0,,,,,,
2022-11-01T09:00,77,Moderate,14.4,22.3,1.5,2.0,204.0,85.0,,,,,,
2022-11-01T10:00,75,Moderate,14.5,22.2,1.6,1.5,203.0,87.0,,,,,,
2022-11-01T11:00,73,Moderate,14.6,22.0,1.6,0.9,201.0,89.0,,,,,,
2022-11-01T12:00,72,Moderate,14.4,21.7,1.4,0.7,198.0,90.0,,,,,,
2022-11-01T13:00,71,Moderate,13.2,19.6,1.2,0.6,194.0,92.0,,,,,,
2022-11-01T14:00,70,Moderate,12.9,19.0,1.2,0.7,191.0,93.0,,,,,,
2022-11-01T15:00,69,Moderate,12.9,19.0,1.6,1.1,191.0,93.0,,,,,,
2022-11-01T16:00,69,Moderate,12.8,19.1,2.2,1.8,192.0,93.0,,,,,,
2022-11-01T17:00,69,Moderate,29.6,45.6,8.9,13.3,221.0,101.0,,,,,,
2022-11-01T18:00,69,Moderate,26.0,40.2,7.6,12.2,218.0,101.0,,,,,,
2022-11-01T19:00,69,Moderate,24.6,38.0,5.7,10.7,214.0,100.0,,,,,,
2022-11-01T20:00,69,Moderate,24.2,37.4,3.6,8.5,211.0,99.0,,,,,,
2022-11-01T21:00,68,Moderate,24.3,37.6,2.9,6.8,213.0,98.0,,,,,,
2022-11-01T22:00,68,Moderate,25.1,38.8,2.5,5.1,217.0,97.0,,,,,,
2022-11-01T23:00,67,Moderate,24.7,38.0,2.3,3.3,223.0,95.0,,,,,,
2022-11-02T00:00,67,Moderate,24.1,36.9,2.2,2.8,228.0,93.0,,,,,,
2022-11-02T01:00,67,Moderate,23.2,35.4,2.2,2.6,232.0,91.0,,,,,,
2022-11-02T02:00,67,Moderate,22.5,34.2,2.2,2.6,238.0,88.0,,,,,,
2022-11-02T03:00,68,Moderate,21.5,32.6,2.2,2.5,240.0,86.0,,,,,,
2022-11-02T04:00,68,Moderate,20.8,31.5,2.1,2.4,241.0,84.0,,,,,,
2022-11-02T05:00,69,Moderate,17.9,27.7,7.5,15.6,245.0,76.0,,,,,,
2022-11-02T06:00,69,Moderate,19.4,30.0,6.7,13.8,251.0,77.0,,,,,,
2022-11-02T07:00,70,Moderate,22.0,33.8,5.5,11.1,260.0,79.0,,,,,,
2022-11-02T08:00,70,Moderate,25.0,38.2,4.0,7.8,269.0,84.0,,,,,,
2022-11-02T09:00,71,Moderate,26.8,40.9,3.0,6.0,272.0,93.0,,,,,,
2022-11-02T10:00,72,Moderate,25.8,39.3,2.0,4.4,272.0,104.0,,,,,,
2022-11-02T11:00,73,Moderate,28.1,42.4,1.1,2.9,270.0,116.0,,,,,,
2022-11-02T12:00,74,Moderate,28.1,42.3,0.8,2.6,265.0,121.0,,,,,,
2022-11-02T13:00,75,Moderate,26.5,39.8,0.7,2.8,258.0,124.0,,,,,,
2022-11-02T14:00,76,Moderate,24.7,37.1,0.7,3.0,248.0,126.0,,,,,,
2022-11-02T15:00,77,Moderate,22.7,34.2,0.6,2.8,240.0,125.0,,,,,,
2022-11-02T16:00,78,Moderate,20.8,31.7,0.5,2.6,232.0,123.0,,,,,,
2022-11-02T17:00,78,Moderate,24.0,35.9,1.0,3.9,253.0,131.0,,,,,,
2022-11-02T18:00,78,Moderate,23.6,35.6,2.0,5.2,253.0,129.0,,,,,,
2022-11-02T19:00,78,Moderate,24.9,38.1,3.5,6.9,254.0,126.0,,,,,,
2022-11-02T20:00,80,Moderate,25.6,39.2,5.0,8.6,254.0,122.0,,,,,,
2022-11-02T21:00,81,Moderate,23.7,36.3,5.4,8.5,254.0,120.0,,,,,,
2022-11-02T22:00,80,Moderate,23.0,35.2,5.5,7.9,253.0,118.0,,,,,,
2022-11-02T23:00,78,Moderate,22.5,34.3,5.5,7.5,254.0,115.0,,,,,,
2022-11-03T00:00,78,Moderate,20.5,31.2,5.4,8.2,258.0,112.0,,,,,,
2022-11-03T01:00,77,Moderate,19.8,30.0,5.3,9.4,263.0,110.0,,,,,,
2022-11-03T02:00,77,Moderate,19.3,29.2,5.0,10.7,268.0,106.0,,,,,,
2022-11-03T03:00,77,Moderate,18.7,28.1,4.6,10.9,269.0,103.0,,,,,,
2022-11-03T04:00,77,Moderate,18.2,27.2,4.0,10.7,269.0,101.0,,,,,,
2022-11-03T05:00,76,Moderate,18.5,27.6,2.8,10.2,276.0,105.0,,,,,,
2022-11-03T06:00,76,Moderate,16.9,25.3,2.8,9.9,271.0,101.0,,,,,,
2022-11-03T07:00,76,Moderate,15.2,22.9,2.8,9.5,263.0,96.0,,,,,,
2022-11-03T08:00,76,Moderate,14.0,21.2,2.7,8.8,254.0,91.0,,,,,,
2022-11-03T09:00,75,Moderate,13.4,20.4,2.5,8.4,249.0,89.0,,,,,,
2022-11-03T10:00,74,Moderate,13.7,20.8,2.3,7.9,246.0,88.0,,,,,,
2022-11-03T11:00,73,Moderate,14.2,21.5,2.0,7.1,242.0,88.0,,,,,,
2022-11-03T12:00,72,Moderate,14.2,21.4,1.9,6.4,240.0,90.0,,,,,,
2022-11-03T13:00,71,Moderate,14.8,22.4,1.7,5.7,239.0,93.0,,,,,,
2022-11-03T14:00,70,Moderate,14.3,21.5,1.6,4.9,238.0,96.0,,,,,,
2022-11-03T15:00,69,Moderate,13.5,20.3,1.6,4.5,237.0,96.0,,,,,,
2022-11-03T16:00,68,Moderate,12.3,18.6,1.7,4.2,235.0,95.0,,,,,,
2022-11-03T17:00,68,Moderate,13.6,20.5,1.4,3.9,239.0,88.0,,,,,,
2022-11-03T18:00,67,Moderate,13.0,19.7,1.4,3.8,239.0,88.0,,,,,,
2022-11-03T19:00,66,Moderate,13.3,20.3,1.5,3.5,238.0,88.0,,,,,,
2022-11-03T20:00,65,Moderate,12.4,19.0,1.6,3.2,238.0,87.0,,,,,,
2022-11-03T21:00,64,Moderate,12.1,18.5,1.7,3.0,239.0,87.0,,,,,,
2022-11-03T22:00,63,Moderate,12.0,18.4,1.8,2.7,241.0,86.0,,,,,,
2022-11-03T23:00,62,Moderate,12.1,18.5,2.1,2.6,243.0,84.0,,,,,,
2022-11-04T00:00,61,Moderate,12.3,18.7,2.4,2.9,246.0,81.0,,,,,,
2022-11-04T01:00,61,Moderate,12.7,19.3,2.7,3.5,249.0,78.0,,,,,,
2022-11-04T02:00,60,Moderate,13.1,19.8,3.2,4.3,250.0,72.0,,,,,,
2022-11-04T03:00,60,Moderate,13.2,20.0,3.6,4.8,245.0,66.0,,,,,,
2022-11-04T04:00,59,Moderate,12.4,18.8,4.1,5.3,236.0,59.0,,,,,,
2022-11-04T05:00,59,Moderate,15.0,23.0,7.8,15.9,252.0,79.0,,,,,,
2022-11-04T06:00,58,Moderate,14.6,22.2,7.4,14.6,251.0,79.0,,,,,,
2022-11-04T07:00,58,Moderate,13.6,20.7,6.8,12.7,250.0,80.0,,,,,,
2022-11-04T08:00,58,Moderate,12.8,19.4,5.7,9.9,246.0,82.0,,,,,,
2022-11-04T09:00,58,Moderate,13.5,20.4,4.5,7.6,240.0,84.0,,,,,,
2022-11-04T10:00,58,Moderate,13.2,20.0,3.1,4.9,233.0,87.0,,,,,,
2022-11-04T11:00,58,Moderate,13.6,20.5,1.6,2.3,224.0,91.0,,,,,,
2022-11-04T12:00,58,Moderate,13.2,19.8,1.0,1.4,220.0,95.0,,,,,,
2022-11-04T13:00,58,Moderate,13.2,20.0,0.8,1.2,218.0,99.0,,,,,,
2022-11-04T14:00,58,Moderate,12.1,18.5,0.6,1.1,216.0,103.0,,,,,,
2022-11-04T15:00,58,Moderate,10.7,16.5,0.5,1.0,216.0,104.0,,,,,,
2022-11-04T16:00,57,Moderate,9.2,14.3,0.5,1.0,216.0,104.0,,,,,,
2022-11-04T17:00,57,Moderate,8.5,13.0,0.7,0.4,186.0,95.0,,,,,,
2022-11-04T18:00,57,Moderate,8.0,12.4,1.0,0.4,183.0,92.0,,,,,,
2022-11-04T19:00,56,Moderate,7.3,11.6,1.4,0.3,178.0,89.0,,,,,,
2022-11-04T20:00,56,Moderate,7.1,11.6,1.8,0.3,172.0,84.0,,,,,,
2022-11-04T21:00,55,Moderate,6.6,10.6,1.9,0.3,168.0,81.0,,,,,,
2022-11-04T22:00,55,Moderate,6.1,10.2,1.8,0.3,165.0,78.0,,,,,,
2022-11-04T23:00,55,Moderate,6.0,10.1,1.7,0.3,161.0,75.0,,,,,,
2022-11-05T00:00,54,Moderate,5.8,9.9,1.6,0.2,160.0,73.0,,,,,,
2022-11-05T01:00,54,Moderate,5.6,9.5,1.5,0.2,160.0,71.0,,,,,,
2022-11-05T02:00,53,Moderate,5.2,8.9,1.4,0.1,160.0,69.0,,,,,,
2022-11-05T03:00,52,Moderate,4.7,8.0,1.3,0.2,160.0,67.0,,,,,,
2022-11-05T04:00,52,Moderate,4.3,7.5,1.2,0.3,160.0,66.0,,,,,,
2022-11-05T05:00,51,Moderate,5.1,8.8,1.4,0.2,164.0,65.0,,,,,,
2022-11-05T06:00,50,Good,5.4,9.4,1.7,0.4,168.0,63.0,,,,,,
2022-11-05T07:00,49,Good,5.8,10.1,2.1,0.7,173.0,61.0,,,,,,
2022-11-05T08:00,47,Good,6.3,10.8,2.4,1.0,177.0,60.0,,,,,,
2022-11-05T09:00,45,Good,6.1,10.4,2.2,0.9,174.0,61.0,,,,,,
2022-11-05T10:00,44,Good,6.6,11.1,1.9,0.6,168.0,64.0,,,,,,
2022-11-05T11:00,42,Good,7.3,12.2,1.4,0.3,163.0,68.0,,,,,,
2022-11-05T12:00,41,Good,7.2,11.8,1.1,0.3,164.0,70.0,,,,,,
2022-11-05T13:00,39,Good,6.9,11.2,0.9,0.3,166.0,73.0,,,,,,
2022-11-05T14:00,38,Good,7.0,11.4,0.7,0.3,171.0,76.0,,,,,,
2022-11-05T15:00,37,Good,6.9,11.7,0.6,0.2,174.0,78.0,,,,,,
2022-11-05T16:00,36,Good,6.6,11.5,0.5,0.2,178.0,81.0,,,,,,
2022-11-05T17:00,35,Good,8.0,13.6,0.9,0.3,202.0,87.0,,,,,,
2022-11-05T18:00,35,Good,8.6,15.1,1.0,0.3,205.0,88.0,,,,,,
2022-11-05T19:00,36,Good,10.0,18.1,1.1,0.3,209.0,90.0,,,,,,
2022-11-05T20:00,37,Good,11.1,20.2,1.3,0.4,216.0,91.0,,,,,,
2022-11-05T21:00,38,Good,12.0,21.9,1.4,0.4,223.0,91.0,,,,,,
2022-11-05T22:00,40,Good,12.6,23.0,1.6,0.4,231.0,89.0,,,,,,
2022-11-05T23:00,40,Good,12.7,23.0,1.8,0.5,239.0,86.0,,,,,,
2022-11-06T00:00,41,Good,12.7,22.9,1.9,0.6,241.0,82.0,,,,,,
2022-11-06T01:00,43,Good,12.2,22.0,1.9,0.7,242.0,76.0,,,,,,
2022-11-06T02:00,44,Good,12.0,21.9,2.1,0.9,240.0,69.0,,,,,,
2022-11-06T03:00,46,Good,12.4,22.9,2.2,1.2,236.0,65.0,,,,,,
2022-11-06T04:00,48,Good,12.1,22.8,2.3,1.6,230.0,62.0,,,,,,
2022-11-06T05:00,49,Good,11.9,22.5,1.9,1.1,227.0,62.0,,,,,,
2022-11-06T06:00,50,Good,11.5,21.8,2.5,1.5,227.0,61.0,,,,,,
2022-11-06T07:00,51,Moderate,11.0,20.8,3.2,2.0,228.0,59.0,,,,,,
2022-11-06T08:00,51,Moderate,11.0,20.3,3.8,2.5,228.0,61.0,,,,,,
2022-11-06T09:00,52,Moderate,10.6,19.0,3.3,2.4,226.0,68.0,,,,,,
2022-11-06T10:00,52,Moderate,10.9,19.3,2.5,2.2,224.0,79.0,,,,,,
2022-11-06T11:00,52,Moderate,10.8,18.4,1.4,1.8,221.0,91.0,,,,,,
2022-11-06T12:00,53,Moderate,11.1,18.5,1.0,1.6,220.0,96.0,,,,,,
2022-11-06T13:00,53,Moderate,11.0,18.2,0.7,1.4,219.0,100.0,,,,,,
2022-11-06T14:00,53,Moderate,9.8,16.4,0.5,1.1,217.0,102.0,,,,,,
2022-11-06T15:00,53,Moderate,8.9,15.1,0.5,0.9,214.0,102.0,,,,,,
2022-11-06T16:00,54,Moderate,8.0,13.7,0.6,0.7,210.0,100.0,,,,,,
2022-11-06T17:00,54,Moderate,11.5,18.8,1.2,0.8,216.0,93.0,,,,,,
2022-11-06T18:00,54,Moderate,12.0,19.8,1.8,0.8,220.0,91.0,,,,,,
2022-11-06T19:00,54,Moderate,12.7,20.8,2.6,0.8,225.0,88.0,,,,,,
2022-11-06T20:00,54,Moderate,12.8,20.9,3.6,1.1,233.0,84.0,,,,,,
2022-11-06T21:00,55,Moderate,12.8,21.0,4.1,1.6,239.0,81.0,,,,,,
2022-11-06T22:00,55,Moderate,12.9,21.1,4.4,2.4,244.0,78.0,,,,,,
2022-11-06T23:00,55,Moderate,13.1,21.6,4.7,3.2,250.0,75.0,,,,,,
2022-11-07T00:00,55,Moderate,13.4,22.3,4.7,3.5,251.0,73.0,,,,,,
2022-11-07T01:00,55,Moderate,12.7,21.3,4.5,3.6,250.0,70.0,,,,,,
2022-11-07T02:00,55,Moderate,12.3,21.0,4.3,4.3,251.0,68.0,,,,,,
2022-11-07T03:00,55,Moderate,12.0,20.5,4.2,5.4,257.0,66.0,,,,,,
2022-11-07T04:00,55,Moderate,13.1,22.4,4.2,6.9,266.0,64.0,,,,,,
2022-11-07T05:00,55,Moderate,16.5,28.3,4.6,12.2,293.0,66.0,,,,,,
2022-11-07T06:00,55,Moderate,17.1,30.0,4.7,15.3,294.0,68.0,,,,,,
2022-11-07T07:00,56,Moderate,18.4,33.2,4.8,19.6,295.0,70.0,,,,,,
2022-11-07T08:00,56,Moderate,19.6,35.5,4.7,23.0,292.0,76.0,,,,,,
2022-11-07T09:00,57,Moderate,20.2,36.2,4.0,21.7,284.0,84.0,,,,,,
2022-11-07T10:00,58,Moderate,20.6,36.2,2.9,18.3,273.0,94.0,,,,,,
2022-11-07T11:00,58,Moderate,21.0,36.2,1.8,14.0,261.0,106.0,,,,,,
2022-11-07T12:00,59,Moderate,20.8,35.6,1.3,12.0,256.0,112.0,,,,,,
2022-11-07T13:00,60,Moderate,21.4,36.3,1.1,10.4,253.0,115.0,,,,,,
2022-11-07T14:00,61,Moderate,20.9,35.7,1.0,8.6,251.0,119.0,,,,,,
2022-11-07T15:00,62,Moderate,19.8,34.3,1.0,7.4,250.0,120.0,,,,,,
2022-11-07T16:00,63,Moderate,18.9,33.2,1.2,6.5,249.0,121.0,,,,,,
2022-11-07T17:00,63,Moderate,22.1,37.8,1.4,5.9,252.0,113.0,,,,,,
2022-11-07T18:00,64,Moderate,22.5,38.8,1.6,5.9,255.0,114.0,,,,,,
2022-11-07T19:00,65,Moderate,23.3,40.5,1.9,5.8,259.0,115.0,,,,,,
2022-11-07T20:00,66,Moderate,24.2,42.6,2.3,5.8,262.0,115.0,,,,,,
2022-11-07T21:00,67,Moderate,23.8,41.9,2.4,5.6,259.0,112.0,,,,,,
2022-11-07T22:00,68,Moderate,22.2,39.1,2.4,5.4,255.0,107.0,,,,,,
2022-11-07T23:00,68,Moderate,20.0,35.5,2.6,5.9,250.0,100.0,,,,,,
2022-11-08T00:00,69,Moderate,17.9,32.1,3.1,7.4,250.0,93.0,,,,,,
2022-11-08T01:00,69,Moderate,16.6,30.2,3.8,9.6,252.0,85.0,,,,,,
2022-11-08T02:00,70,Moderate,16.1,29.2,4.6,12.6,255.0,76.0,,,,,,
2022-11-08T03:00,70,Moderate,15.5,28.2,4.9,14.6,258.0,73.0,,,,,,
2022-11-08T04:00,70,Moderate,15.2,27.6,5.0,16.6,261.0,71.0,,,,,,
2022-11-08T05:00,70,Moderate,16.8,31.3,5.4,19.4,270.0,65.0,,,,,,
2022-11-08T06:00,70,Moderate,16.8,31.2,5.6,20.7,272.0,66.0,,,,,,
2022-11-08T07:00,70,Moderate,16.8,30.7,5.8,22.4,276.0,66.0,,,,,,
2022-11-08T08:00,70,Moderate,17.1,30.5,5.7,23.0,278.0,70.0,,,,,,
2022-11-08T09:00,70,Moderate,17.5,30.5,5.1,20.9,277.0,77.0,,,,,,
2022-11-08T10:00,70,Moderate,18.2,30.7,4.1,17.3,275.0,85.0,,,,,,
2022-11-08T11:00,70,Moderate,18.9,31.4,2.9,12.6,270.0,95.0,,,,,,
2022-11-08T12:00,69,Moderate,18.8,31.0,2.3,9.6,262.0,99.0,,,,,,
2022-11-08T13:00,69,Moderate,17.5,28.6,1.8,6.7,252.0,102.0,,,,,,
2022-11-08T14:00,69,Moderate,16.1,26.6,1.5,3.8,242.0,103.0,,,,,,
2022-11-08T15:00,69,Moderate,14.5,24.2,1.5,2.7,239.0,103.0,,,,,,
2022-11-08T16:00,68,Moderate,13.0,21.8,1.7,2.4,238.0,101.0,,,,,,
2022-11-08T17:00,68,Moderate,17.5,29.2,1.6,5.0,255.0,110.0,,,,,,
2022-11-08T18:00,67,Moderate,18.7,31.8,2.0,5.0,256.0,108.0,,,,,,
2022-11-08T19:00,67,Moderate,17.8,30.3,2.7,4.9,256.0,106.0,,,,,,
2022-11-08T20:00,67,Moderate,18.0,31.1,3.5,5.0,258.0,101.0,,,,,,
2022-11-08T21:00,66,Moderate,18.2,31.4,3.9,5.2,259.0,94.0,,,,,,
2022-11-08T22:00,66,Moderate,17.8,30.9,4.4,5.5,261.0,86.0,,,,,,
2022-11-08T23:00,65,Moderate,16.7,29.3,5.0,7.1,264.0,76.0,,,,,,
2022-11-09T00:00,65,Moderate,15.8,28.2,5.5,10.1,267.0,71.0,,,,,,
2022-11-09T01:00,65,Moderate,15.6,28.1,6.1,14.1,270.0,67.0,,,,,,
2022-11-09T02:00,65,Moderate,16.0,28.8,6.8,18.8,273.0,62.0,,,,,,
2022-11-09T03:00,65,Moderate,16.7,30.3,7.3,21.0,272.0,59.0,,,,,,
2022-11-09T04:00,65,Moderate,16.0,29.1,7.7,22.5,269.0,55.0,,,,,,
2022-11-09T05:00,65,Moderate,18.9,34.6,6.9,23.7,287.0,54.0,,,,,,
2022-11-09T06:00,65,Moderate,19.8,36.7,7.1,24.6,289.0,54.0,,,,,,
2022-11-09T07:00,65,Moderate,20.4,37.7,7.5,25.9,291.0,54.0,,,,,,
2022-11-09T08:00,66,Moderate,21.1,39.1,7.4,26.1,290.0,57.0,,,,,,
2022-11-09T09:00,66,Moderate,21.0,38.4,6.4,24.1,283.0,65.0,,,,,,
2022-11-09T10:00,66,Moderate,20.4,36.7,4.9,20.9,273.0,75.0,,,,,,
2022-11-09T11:00,66,Moderate,21.5,38.0,3.2,16.8,262.0,88.0,,,,,,
2022-11-09T12:00,67,Moderate,22.1,38.6,2.4,14.3,257.0,95.0,,,,,,
2022-11-09T13:00,67,Moderate,22.1,38.3,1.9,11.9,254.0,101.0,,,,,,
2022-11-09T14:00,67,Moderate,21.5,37.4,1.5,9.3,252.0,106.0,,,,,,
2022-11-09T15:00,68,Moderate,20.5,36.1,1.5,7.8,251.0,107.0,,,,,,
2022-11-09T16:00,68,Moderate,20.1,35.7,1.8,6.8,252.0,107.0,,,,,,
2022-11-09T17:00,69,Moderate,19.9,34.2,4.1,5.9,258.0,86.0,,,,,,
2022-11-09T18:00,69,Moderate,19.7,33.9,4.1,6.2,258.0,87.0,,,,,,
2022-11-09T19:00,69,Moderate,19.8,34.1,4.1,6.6,257.0,87.0,,,,,,
2022-11-09T20:00,69,Moderate,19.7,34.0,4.1,7.0,257.0,88.0,,,,,,
2022-11-09T21:00,69,Moderate,18.6,32.0,4.2,7.1,257.0,88.0,,,,,,
2022-11-09T22:00,69,Moderate,17.1,29.2,4.2,7.0,258.0,87.0,,,,,,
2022-11-09T23:00,69,Moderate,15.9,27.3,4.3,7.3,259.0,85.0,,,,,,
2022-11-10T00:00,69,Moderate,15.6,27.0,4.4,8.0,260.0,83.0,,,,,,
2022-11-10T01:00,69,Moderate,15.6,27.2,4.5,9.1,262.0,82.0,,,,,,
2022-11-10T02:00,69,Moderate,15.7,27.8,4.7,11.0,264.0,78.0,,,,,,
2022-11-10T03:00,69,Moderate,15.9,28.6,5.2,13.1,264.0,73.0,,,,,,
2022-11-10T04:00,69,Moderate,15.4,27.9,5.8,15.6,262.0,67.0,,,,,,
2022-11-10T05:00,69,Moderate,15.9,28.9,4.8,16.3,275.0,68.0,,,,,,
2022-11-10T06:00,69,Moderate,15.8,29.0,5.4,18.3,274.0,66.0,,,,,,
2022-11-10T07:00,68,Moderate,15.8,29.2,6.2,21.2,272.0,63.0,,,,,,
2022-11-10T08:00,68,Moderate,15.8,28.8,6.9,23.6,270.0,61.0,,,,,,
2022-11-10T09:00,68,Moderate,15.9,28.4,6.8,23.1,269.0,63.0,,,,,,
2022-11-10T10:00,67,Moderate,16.5,29.0,6.3,21.5,268.0,67.0,,,,,,
2022-11-10T11:00,67,Moderate,17.6,30.3,5.6,18.8,265.0,73.0,,,,,,
2022-11-10T12:00,67,Moderate,18.0,30.6,5.1,16.8,261.0,77.0,,,,,,
2022-11-10T13:00,66,Moderate,17.8,30.3,4.6,14.5,255.0,80.0,,,,,,
2022-11-10T14:00,66,Moderate,16.8,28.8,3.9,11.7,248.0,85.0,,,,,,
2022-11-10T15:00,66,Moderate,15.8,27.4,3.4,10.0,244.0,89.0,,,,,,
2022-11-10T16:00,65,Moderate,15.2,26.7,3.0,8.6,241.0,93.0,,,,,,
2022-11-10T17:00,65,Moderate,15.0,25.3,1.7,6.0,228.0,100.0,,,,,,
2022-11-10T18:00,65,Moderate,15.5,26.5,2.0,6.2,228.0,103.0,,,,,,
2022-11-10T19:00,64,Moderate,16.5,28.3,2.3,6.6,228.0,108.0,,,,,,
2022-11-10T20:00,64,Moderate,16.9,29.3,2.8,7.4,228.0,110.0,,,,,,
2022-11-10T21:00,64,Moderate,16.5,28.5,3.3,8.3,227.0,106.0,,,,,,
2022-11-10T22:00,64,Moderate,16.1,28.0,3.7,9.4,227.0,100.0,,,,,,
2022-11-10T23:00,63,Moderate,16.0,28.0,4.3,11.2,227.0,91.0,,,,,,
2022-11-11T00:00,63,Moderate,16.1,28.3,4.8,13.0,230.0,85.0,,,,,,
2022-11-11T01:00,64,Moderate,16.7,29.7,5.2,15.1,234.0,79.0,,,,,,
2022-11-11T02:00,64,Moderate,17.5,31.8,5.5,17.1,239.0,73.0,,,,,,
2022-11-11T03:00,64,Moderate,18.5,34.0,5.4,17.5,241.0,69.0,,,,,,
2022-11-11T04:00,64,Moderate,18.7,34.7,5.1,17.4,241.0,67.0,,,,,,
2022-11-11T05:00,64,Moderate,16.5,28.6,3.5,8.7,243.0,73.0,,,,,,
2022-11-11T06:00,64,Moderate,16.6,28.4,3.7,7.5,243.0,73.0,,,,,,
2022-11-11T07:00,64,Moderate,16.6,28.2,4.0,5.9,244.0,74.0,,,,,,
2022-11-11T08:00,64,Moderate,17.0,28.4,4.5,4.6,248.0,75.0,,,,,,
2022-11-11T09:00,64,Moderate,17.9,29.3,5.1,5.2,255.0,77.0,,,,,,
2022-11-11T10:00,65,Moderate,20.1,32.4,5.8,6.5,265.0,80.0,,,,,,
2022-11-11T11:00,65,Moderate,22.1,35.2,6.3,7.9,276.0,85.0,,,,,,
2022-11-11T12:00,65,Moderate,22.4,35.3,5.8,7.9,279.0,92.0,,,,,,
2022-11-11T13:00,66,Moderate,22.5,35.0,4.8,7.4,279.0,100.0,,,,,,
2022-11-11T14:00,66,Moderate,22.6,34.9,4.4,7.4,280.0,108.0,,,,,,
2022-11-11T15:00,66,Moderate,21.9,33.5,5.7,8.6,282.0,109.0,,,,,,
2022-11-11T16:00,67,Moderate,22.0,33.6,7.9,10.3,284.0,106.0,,,,,,
2022-11-11T17:00,67,Moderate,20.9,31.9,5.3,6.5,262.0,106.0,,,,,,
2022-11-11T18:00,68,Moderate,21.1,32.0,5.5,6.3,267.0,105.0,,,,,,
2022-11-11T19:00,68,Moderate,21.8,32.9,5.8,6.0,274.0,104.0,,,,,,
2022-11-11T20:00,69,Moderate,22.9,34.5,6.2,5.8,284.0,102.0,,,,,,
2022-11-11T21:00,69,Moderate,23.9,35.9,6.0,5.6,293.0,101.0,,,,,,
2022-11-11T22:00,70,Moderate,24.6,36.8,5.8,5.5,302.0,100.0,,,,,,
2022-11-11T23:00,71,Moderate,25.3,37.7,6.4,6.2,314.0,97.0,,,,,,
2022-11-12T00:00,71,Moderate,24.9,37.0,8.5,8.0,321.0,92.0,,,,,,
2022-11-12T01:00,72,Moderate,24.4,36.3,11.5,10.4,328.0,85.0,,,,,,
2022-11-12T02:00,73,Moderate,23.9,35.5,14.2,13.2,335.0,77.0,,,,,,
2022-11-12T03:00,73,Moderate,23.6,35.3,14.0,14.6,337.0,74.0,,,,,,
2022-11-12T04:00,73,Moderate,23.5,35.4,12.7,15.7,338.0,73.0,,,,,,
2022-11-12T05:00,74,Moderate,17.6,27.7,7.4,11.2,284.0,85.0,,,,,,
2022-11-12T06:00,74,Moderate,15.0,23.6,6.8,10.3,278.0,87.0,,,,,,
2022-11-12T07:00,74,Moderate,13.4,20.8,5.9,9.0,270.0,91.0,,,,,,
2022-11-12T08:00,74,Moderate,13.2,20.5,4.9,7.8,263.0,97.0,,,,,,
2022-11-12T09:00,73,Moderate,13.6,21.4,4.4,7.9,265.0,104.0,,,,,,
2022-11-12T10:00,73,Moderate,14.1,21.7,4.0,8.4,269.0,112.0,,,,,,
2022-11-12T11:00,72,Moderate,15.9,24.3,3.5,8.9,276.0,123.0,,,,,,
2022-11-12T12:00,72,Moderate,18.2,27.5,2.8,8.6,279.0,132.0,,,,,,
2022-11-12T13:00,72,Moderate,18.3,27.7,2.0,8.1,281.0,142.0,,,,,,
2022-11-12T14:00,71,Moderate,17.5,26.5,1.9,8.4,285.0,151.0,,,,,,
2022-11-12T15:00,71,Moderate,16.9,25.7,3.2,10.0,290.0,152.0,,,,,,
2022-11-12T16:00,82,Moderate,17.1,26.1,5.2,12.4,297.0,148.0,,,,,,
2022-11-12T17:00,93,Moderate,13.8,21.5,1.3,2.1,268.0,118.0,,,,,,
2022-11-12T18:00,96,Moderate,14.1,22.1,1.5,2.3,266.0,116.0,,,,,,
2022-11-12T19:00,97,Moderate,13.8,21.5,1.9,2.4,264.0,114.0,,,,,,
2022-11-12T20:00,95,Moderate,13.1,20.4,2.0,2.4,259.0,111.0,,,,,,
2022-11-12T21:00,90,Moderate,12.3,19.3,1.6,1.9,253.0,110.0,,,,,,
2022-11-12T22:00,84,Moderate,10.9,17.0,1.0,1.1,245.0,108.0,,,,,,
2022-11-12T23:00,74,Moderate,9.8,15.4,0.3,0.3,237.0,107.0,,,,,,
2022-11-13T00:00,65,Moderate,8.9,14.2,0.2,0.2,235.0,106.0,,,,,,
2022-11-13T01:00,63,Moderate,8.5,13.6,0.2,0.2,234.0,105.0,,,,,,
2022-11-13T02:00,62,Moderate,8.5,13.5,0.4,0.3,234.0,104.0,,,,,,
2022-11-13T03:00,61,Moderate,8.6,13.7,0.4,0.3,232.0,103.0,,,,,,
2022-11-13T04:00,59,Moderate,9.0,14.5,0.4,0.3,230.0,102.0,,,,,,
2022-11-13T05:00,58,Moderate,13.0,20.0,1.1,3.3,263.0,104.0,,,,,,
2022-11-13T06:00,58,Moderate,12.7,19.6,1.1,2.6,259.0,103.0,,,,,,
2022-11-13T07:00,58,Moderate,12.6,19.5,1.2,1.7,253.0,101.0,,,,,,
2022-11-13T08:00,58,Moderate,12.4,19.3,1.1,0.8,245.0,100.0,,,,,,
2022-11-13T09:00,58,Moderate,13.1,20.4,1.0,0.5,239.0,100.0,,,,,,
2022-11-13T10:00,58,Moderate,14.1,22.0,0.8,0.4,234.0,102.0,,,,,,
2022-11-13T11:00,58,Moderate,15.7,24.3,0.5,0.3,227.0,103.0,,,,,,
2022-11-13T12:00,58,Moderate,16.0,25.0,0.4,0.3,223.0,104.0,,,,,,
2022-11-13T13:00,57,Moderate,14.8,23.4,0.4,0.3,220.0,104.0,,,,,,
2022-11-13T14:00,57,Moderate,12.7,20.0,0.3,0.3,217.0,104.0,,,,,,
2022-11-13T15:00,57,Moderate,10.6,17.2,0.3,0.3,217.0,104.0,,,,,,
2022-11-13T16:00,56,Moderate,9.1,15.0,0.4,0.2,218.0,103.0,,,,,,
2022-11-13T17:00,56,Moderate,11.4,18.2,0.7,0.3,223.0,102.0,,,,,,
2022-11-13T18:00,55,Moderate,10.9,17.5,0.9,0.3,223.0,101.0,,,,,,
2022-11-13T19:00,55,Moderate,10.4,16.6,1.1,0.2,223.0,99.0,,,,,,
2022-11-13T20:00,55,Moderate,10.0,15.7,1.4,0.2,224.0,96.0,,,,,,
2022-11-13T21:00,55,Moderate,10.4,16.1,1.6,0.2,226.0,94.0,,,,,,
2022-11-13T22:00,55,Moderate,10.6,16.4,1.7,0.2,229.0,92.0,,,,,,
2022-11-13T23:00,55,Moderate,10.9,16.9,1.9,0.3,231.0,89.0,,,,,,
2022-11-14T00:00,55,Moderate,11.2,17.6,2.2,0.5,232.0,85.0,,,,,,
2022-11-14T01:00,55,Moderate,12.3,19.3,2.5,0.9,233.0,80.0,,,,,,
2022-11-14T02:00,55,Moderate,12.0,19.2,2.9,1.5,229.0,73.0,,,,,,
2022-11-14T03:00,55,Moderate,11.4,18.7,3.1,1.9,217.0,67.0,,,,,,
2022-11-14T04:00,56,Moderate,10.3,17.2,3.2,2.4,201.0,59.0,,,,,,
2022-11-14T05:00,56,Moderate,8.4,13.1,2.3,1.4,225.0,69.0,,,,,,
2022-11-14T06:00,55,Moderate,8.4,13.4,2.8,2.4,220.0,64.0,,,,,,
2022-11-14T07:00,55,Moderate,9.2,14.8,3.4,3.9,213.0,57.0,,,,,,
2022-11-14T08:00,55,Moderate,9.5,15.4,4.1,5.4,207.0,51.0,,,,,,
2022-11-14T09:00,55,Moderate,9.7,15.9,4.4,5.9,207.0,52.0,,,,,,
2022-11-14T10:00,54,Moderate,11.1,18.0,4.5,6.1,210.0,56.0,,,,,,
2022-11-14T11:00,54,Moderate,12.4,20.1,4.3,5.8,211.0,63.0,,,,,,
2022-11-14T12:00,54,Moderate,12.7,20.8,3.6,5.2,209.0,71.0,,,,,,
2022-11-14T13:00,53,Moderate,11.8,19.6,2.6,4.3,204.0,80.0,,,,,,
2022-11-14T14:00,53,Moderate,12.5,21.2,1.6,3.1,198.0,89.0,,,,,,
2022-11-14T15:00,53,Moderate,11.7,20.3,1.2,2.5,193.0,91.0,,,,,,
2022-11-14T16:00,53,Moderate,10.6,19.0,1.0,1.9,186.0,91.0,,,,,,
2022-11-14T17:00,53,Moderate,8.6,14.9,1.3,2.1,195.0,92.0,,,,,,
2022-11-14T18:00,53,Moderate,8.4,14.6,1.4,1.7,194.0,89.0,,,,,,
2022-11-14T19:00,53,Moderate,8.6,15.3,1.5,1.3,193.0,84.0,,,,,,
2022-11-14T20:00,53,Moderate,9.2,16.4,1.7,0.7,188.0,78.0,,,,,,
2022-11-14T21:00,53,Moderate,9.7,17.6,1.8,0.5,180.0,74.0,,,,,,
2022-11-14T22:00,53,Moderate,10.1,18.3,1.9,0.5,171.0,71.0,,,,,,
2022-11-14T23:00,53,Moderate,10.1,18.4,2.0,0.5,161.0,67.0,,,,,,
2022-11-15T00:00,53,Moderate,9.4,17.0,2.0,0.6,159.0,65.0,,,,,,
2022-11-15T01:00,53,Moderate,8.8,15.9,2.1,0.8,159.0,64.0,,,,,,
2022-11-15T02:00,52,Moderate,8.2,14.8,2.2,1.2,164.0,64.0,,,,,,
2022-11-15T03:00,52,Moderate,8.5,15.3,2.2,1.6,172.0,64.0,,,,,,
2022-11-15T04:00,52,Moderate,8.0,14.1,2.2,2.1,184.0,65.0,,,,,,
2022-11-15T05:00,52,Moderate,15.1,25.8,3.8,7.5,244.0,62.0,,,,,,
2022-11-15T06:00,52,Moderate,16.1,27.5,3.7,9.7,261.0,66.0,,,,,,
2022-11-15T07:00,53,Moderate,17.8,30.6,3.6,12.9,284.0,73.0,,,,,,
2022-11-15T08:00,53,Moderate,19.8,33.9,3.3,15.6,307.0,83.0,,,,,,
2022-11-15T09:00,54,Moderate,20.8,35.3,2.7,14.9,310.0,92.0,,,,,,
2022-11-15T10:00,55,Moderate,22.3,37.4,2.0,12.8,305.0,103.0,,,,,,
2022-11-15T11:00,56,Moderate,23.9,39.8,1.2,10.1,297.0,115.0,,,,,,
2022-11-15T12:00,57,Moderate,25.0,41.3,0.9,8.9,291.0,120.0,,,,,,
2022-11-15T13:00,58,Moderate,25.4,41.8,0.8,7.8,283.0,122.0,,,,,,
2022-11-15T14:00,59,Moderate,24.8,40.7,0.7,6.6,276.0,125.0,,,,,,
2022-11-15T15:00,60,Moderate,24.7,41.0,0.8,5.9,277.0,128.0,,,,,,
2022-11-15T16:00,61,Moderate,25.3,42.4,0.9,5.4,281.0,132.0,,,,,,
2022-11-15T17:00,66,Moderate,24.0,40.2,1.7,7.9,298.0,121.0,,,,,,
2022-11-15T18:00,72,Moderate,24.5,41.1,1.7,7.6,302.0,124.0,,,,,,
2022-11-15T19:00,76,Moderate,25.0,42.1,1.8,7.2,308.0,127.0,,,,,,
2022-11-15T20:00,79,Moderate,25.1,42.7,1.9,6.5,313.0,130.0,,,,,,
2022-11-15T21:00,81,Moderate,25.2,43.1,1.8,5.9,311.0,129.0,,,,,,
2022-11-15T22:00,83,Moderate,25.0,43.0,1.7,5.2,307.0,126.0,,,,,,
2022-11-15T23:00,83,Moderate,25.4,43.4,1.6,4.5,301.0,121.0,,,,,,
2022-11-16T00:00,81,Moderate,26.3,44.8,1.5,4.4,298.0,118.0,,,,,,
2022-11-16T01:00,78,Moderate,26.7,45.4,1.4,4.5,296.0,114.0,,,,,,
2022-11-16T02:00,77,Moderate,27.7,47.0,1.4,5.1,295.0,110.0,,,,,,
2022-11-16T03:00,75,Moderate,28.9,49.2,1.3,6.0,297.0,108.0,,,,,,
2022-11-16T04:00,76,Moderate,29.7,50.6,1.3,7.1,301.0,107.0,,,,,,
2022-11-16T05:00,78,Moderate,22.5,37.5,9.0,9.2,304.0,89.0,,,,,,
2022-11-16T06:00,79,Moderate,21.7,35.9,8.4,9.7,307.0,90.0,,,,,,
2022-11-16T07:00,79,Moderate,21.5,35.4,7.5,10.3,312.0,92.0,,,,,,
2022-11-16T08:00,79,Moderate,22.5,37.0,6.1,10.7,317.0,97.0,,,,,,
2022-11-16T09:00,80,Moderate,24.9,40.7,4.6,10.2,318.0,105.0,,,,,,
2022-11-16T10:00,80,Moderate,28.2,46.0,2.8,9.2,317.0,115.0,,,,,,
2022-11-16T11:00,80,Moderate,31.2,50.6,1.0,8.0,315.0,126.0,,,,,,
2022-11-16T12:00,81,Moderate,32.5,52.6,0.5,7.4,313.0,129.0,,,,,,
2022-11-16T13:00,82,Moderate,33.4,54.0,0.5,7.0,311.0,130.0,,,,,,
2022-11-16T14:00,82,Moderate,33.2,53.8,0.6,6.5,308.0,131.0,,,,,,
2022-11-16T15:00,83,Moderate,33.1,54.0,0.6,6.4,306.0,134.0,,,,,,
2022-11-16T16:00,84,Moderate,32.7,53.9,0.6,6.3,303.0,137.0,,,,,,
2022-11-16T17:00,84,Moderate,39.0,62.9,1.1,7.0,300.0,141.0,,,,,,
2022-11-16T18:00,88,Moderate,38.6,62.6,1.2,6.7,297.0,144.0,,,,,,
2022-11-16T19:00,95,Moderate,38.6,62.9,1.3,6.4,293.0,147.0,,,,,,
2022-11-16T20:00,99,Moderate,38.3,62.2,1.5,6.0,291.0,149.0,,,,,,
2022-11-16T21:00,103,Unhealthy for Sensitive Groups,37.8,60.5,1.9,5.9,295.0,146.0,,,,,,
2022-11-16T22:00,107,Unhealthy for Sensitive Groups,38.0,59.6,2.4,5.9,301.0,140.0,,,,,,
2022-11-16T23:00,109,Unhealthy for Sensitive Groups,35.3,54.6,2.9,6.1,309.0,133.0,,,,,,
2022-11-17T00:00,108,Unhealthy for Sensitive Groups,34.7,53.6,2.8,6.7,313.0,131.0,,,,,,
2022-11-17T01:00,107,Unhealthy for Sensitive Groups,35.5,55.4,2.6,7.6,316.0,130.0,,,,,,
2022-11-17T02:00,105,Unhealthy for Sensitive Groups,37.4,59.4,2.2,8.4,319.0,128.0,,,,,,
2022-11-17T03:00,101,Unhealthy for Sensitive Groups,39.7,64.3,1.9,8.4,318.0,126.0,,,,,,
2022-11-17T04:00,97,Moderate,41.6,68.7,1.5,8.0,316.0,124.0,,,,,,
2022-11-17T05:00,95,Moderate,34.9,55.3,1.7,9.0,317.0,130.0,,,,,,
2022-11-17T06:00,96,Moderate,38.0,61.2,1.7,9.4,317.0,129.0,,,,,,
2022-11-17T07:00,98,Moderate,40.7,67.5,1.7,9.9,317.0,128.0,,,,,,
2022-11-17T08:00,99,Moderate,42.6,71.9,1.6,10.8,314.0,129.0,,,,,,
2022-11-17T09:00,101,Unhealthy for Sensitive Groups,43.9,74.7,1.4,11.7,309.0,133.0,,,,,,
2022-11-17T10:00,103,Unhealthy for Sensitive Groups,45.2,76.4,1.2,12.8,303.0,139.0,,,,,,
2022-11-17T11:00,105,Unhealthy for Sensitive Groups,46.6,77.8,1.0,13.9,294.0,144.0,,,,,,
2022-11-17T12:00,106,Unhealthy for Sensitive Groups,47.4,78.0,0.9,13.9,288.0,144.0,,,,,,
2022-11-17T13:00,108,Unhealthy for Sensitive Groups,47.6,77.3,0.9,13.5,282.0,141.0,,,,,,
2022-11-17T14:00,109,Unhealthy for Sensitive Groups,46.0,74.3,1.0,13.2,274.0,138.0,,,,,,
2022-11-17T15:00,111,Unhealthy for Sensitive Groups,43.3,69.4,1.1,13.3,268.0,137.0,,,,,,
2022-11-17T16:00,112,Unhealthy for Sensitive Groups,40.4,64.3,1.4,13.5,262.0,137.0,,,,,,
2022-11-17T17:00,112,Unhealthy for Sensitive Groups,43.2,67.5,1.2,12.4,276.0,151.0,,,,,,
2022-11-17T18:00,113,Unhealthy for Sensitive Groups,40.9,63.8,1.3,13.4,276.0,155.0,,,,,,
2022-11-17T19:00,113,Unhealthy for Sensitive Groups,39.2,61.0,1.6,14.8,276.0,159.0,,,,,,
2022-11-17T20:00,114,Unhealthy for Sensitive Groups,38.5,59.8,1.8,16.7,276.0,164.0,,,,,,
2022-11-17T21:00,118,Unhealthy for Sensitive Groups,38.5,60.1,1.9,17.9,276.0,164.0,,,,,,
2022-11-17T22:00,123,Unhealthy for Sensitive Groups,38.3,60.5,1.8,19.1,275.0,162.0,,,,,,
2022-11-17T23:00,128,Unhealthy for Sensitive Groups,38.2,61.0,1.7,19.9,276.0,159.0,,,,,,
2022-11-18T00:00,133,Unhealthy for Sensitive Groups,38.4,61.9,1.5,19.4,277.0,158.0,,,,,,
2022-11-18T01:00,137,Unhealthy for Sensitive Groups,39.1,63.3,1.3,18.3,279.0,157.0,,,,,,
2022-11-18T02:00,138,Unhealthy for Sensitive Groups,40.2,65.2,1.1,17.1,284.0,155.0,,,,,,
2022-11-18T03:00,138,Unhealthy for Sensitive Groups,41.3,67.3,0.9,16.5,288.0,154.0,,,,,,
2022-11-18T04:00,137,Unhealthy for Sensitive Groups,42.7,69.8,0.7,16.0,293.0,153.0,,,,,,
2022-11-18T05:00,135,Unhealthy for Sensitive Groups,38.6,59.8,1.4,18.5,319.0,136.0,,,,,,
2022-11-18T06:00,129,Unhealthy for Sensitive Groups,41.1,64.5,1.6,22.0,325.0,140.0,,,,,,
2022-11-18T07:00,124,Unhealthy for Sensitive Groups,43.5,68.5,1.9,26.9,334.0,146.0,,,,,,
2022-11-18T08:00,122,Unhealthy for Sensitive Groups,45.1,70.5,2.1,31.9,339.0,151.0,,,,,,
2022-11-18T09:00,120,Unhealthy for Sensitive Groups,45.3,70.1,2.2,33.1,331.0,151.0,,,,,,
2022-11-18T10:00,119,Unhealthy for Sensitive Groups,44.7,68.7,2.2,33.0,317.0,150.0,,,,,,
2022-11-18T11:00,118,Unhealthy for Sensitive Groups,44.4,68.5,2.2,31.2,298.0,147.0,,,,,,
2022-11-18T12:00,116,Unhealthy for Sensitive Groups,44.6,69.6,2.1,28.1,288.0,145.0,,,,,,
2022-11-18T13:00,116,Unhealthy for Sensitive Groups,44.7,71.0,2.0,23.9,278.0,142.0,,,,,,
2022-11-18T14:00,116,Unhealthy for Sensitive Groups,43.9,70.8,1.8,18.8,268.0,139.0,,,,,,
2022-11-18T15:00,116,Unhealthy for Sensitive Groups,42.5,68.9,1.8,16.2,262.0,137.0,,,,,,
2022-11-18T16:00,115,Unhealthy for Sensitive Groups,40.7,66.1,1.9,14.1,258.0,136.0,,,,,,
2022-11-18T17:00,115,Unhealthy for Sensitive Groups,39.3,63.6,2.0,11.9,255.0,135.0,,,,,,
2022-11-18T18:00,115,Unhealthy for Sensitive Groups,38.5,62.2,2.0,10.8,255.0,136.0,,,,,,
2022-11-18T19:00,115,Unhealthy for Sensitive Groups,38.4,61.9,2.0,10.1,258.0,138.0,,,,,,
2022-11-18T20:00,114,Unhealthy for Sensitive Groups,38.8,62.6,2.1,9.6,263.0,141.0,,,,,,
2022-11-18T21:00,114,Unhealthy for Sensitive Groups,39.2,63.1,2.2,9.4,269.0,142.0,,,,,,
2022-11-18T22:00,115,Unhealthy for Sensitive Groups,39.9,64.0,2.5,9.5,276.0,142.0,,,,,,
2022-11-18T23:00,115,Unhealthy for Sensitive Groups,41.0,65.9,2.7,10.4,286.0,142.0,,,,,,
2022-11-19T00:00,115,Unhealthy for Sensitive Groups,42.0,67.8,2.6,12.0,293.0,141.0,,,,,,
2022-11-19T01:00,115,Unhealthy for Sensitive Groups,42.6,68.7,2.5,14.3,300.0,139.0,,,,,,
2022-11-19T02:00,116,Unhealthy for Sensitive Groups,43.1,68.9,2.3,17.6,311.0,134.0,,,,,,
2022-11-19T03:00,116,Unhealthy for Sensitive Groups,43.5,69.4,2.4,20.6,323.0,128.0,,,,,,
2022-11-19T04:00,116,Unhealthy for Sensitive Groups,43.8,69.8,2.5,24.0,336.0,120.0,,,,,,
2022-11-19T05:00,116,Unhealthy for Sensitive Groups,45.1,73.6,3.4,26.7,360.0,109.0,,,,,,
2022-11-19T06:00,117,Unhealthy for Sensitive Groups,45.5,74.5,3.4,26.9,359.0,111.0,,,,,,
2022-11-19T07:00,118,Unhealthy for Sensitive Groups,46.1,76.4,3.3,27.1,358.0,114.0,,,,,,
2022-11-19T08:00,118,Unhealthy for Sensitive Groups,46.6,77.5,3.0,25.8,351.0,120.0,,,,,,
2022-11-19T09:00,118,Unhealthy for Sensitive Groups,46.8,78.0,2.6,22.5,339.0,128.0,,,,,,
2022-11-19T10:00,118,Unhealthy for Sensitive Groups,46.6,77.3,2.1,17.8,323.0,138.0,,,,,,
2022-11-19T11:00,118,Unhealthy for Sensitive Groups,44.5,73.8,1.5,12.4,300.0,148.0,,,,,,
2022-11-19T12:00,118,Unhealthy for Sensitive Groups,41.3,68.5,1.2,9.9,281.0,150.0,,,,,,
2022-11-19T13:00,118,Unhealthy for Sensitive Groups,38.0,63.1,1.0,8.0,261.0,148.0,,,,,,
2022-11-19T14:00,117,Unhealthy for Sensitive Groups,35.3,59.0,0.9,6.4,243.0,146.0,,,,,,
2022-11-19T15:00,116,Unhealthy for Sensitive Groups,33.5,56.8,1.0,5.8,240.0,145.0,,,,,,
2022-11-19T16:00,115,Unhealthy for Sensitive Groups,32.6,55.6,1.3,5.7,244.0,145.0,,,,,,
2022-11-19T17:00,115,Unhealthy for Sensitive Groups,33.9,56.8,1.8,6.0,252.0,140.0,,,,,,
2022-11-19T18:00,114,Unhealthy for Sensitive Groups,34.8,58.6,2.1,7.4,259.0,142.0,,,,,,
2022-11-19T19:00,114,Unhealthy for Sensitive Groups,36.7,61.9,2.4,9.4,270.0,144.0,,,,,,
2022-11-19T20:00,113,Unhealthy for Sensitive Groups,39.0,66.6,2.7,11.9,283.0,147.0,,,,,,
2022-11-19T21:00,113,Unhealthy for Sensitive Groups,40.4,69.6,2.7,13.4,290.0,148.0,,,,,,
2022-11-19T22:00,114,Unhealthy for Sensitive Groups,40.9,70.5,2.6,14.8,297.0,147.0,,,,,,
2022-11-19T23:00,114,Unhealthy for Sensitive Groups,41.2,71.7,2.4,16.2,303.0,146.0,,,,,,
2022-11-20T00:00,114,Unhealthy for Sensitive Groups,41.4,73.1,2.2,16.6,304.0,145.0,,,,,,
2022-11-20T01:00,114,Unhealthy for Sensitive Groups,41.2,73.3,1.9,16.5,303.0,143.0,,,,,,
2022-11-20T02:00,114,Unhealthy for Sensitive Groups,41.0,73.3,1.9,17.2,307.0,138.0,,,,,,
2022-11-20T03:00,113,Unhealthy for Sensitive Groups,41.2,73.8,2.1,19.0,317.0,130.0,,,,,,
2022-11-20T04:00,113,Unhealthy for Sensitive Groups,41.8,75.0,2.5,21.4,331.0,119.0,,,,,,
2022-11-20T05:00,113,Unhealthy for Sensitive Groups,42.6,72.6,3.7,15.6,372.0,106.0,,,,,,
2022-11-20T06:00,113,Unhealthy for Sensitive Groups,43.1,75.0,3.6,19.8,372.0,107.0,,,,,,
2022-11-20T07:00,112,Unhealthy for Sensitive Groups,42.7,75.4,3.6,25.7,372.0,109.0,,,,,,
2022-11-20T08:00,112,Unhealthy for Sensitive Groups,42.4,74.7,3.4,30.6,368.0,114.0,,,,,,
2022-11-20T09:00,112,Unhealthy for Sensitive Groups,41.9,72.9,3.2,29.3,361.0,120.0,,,,,,
2022-11-20T10:00,111,Unhealthy for Sensitive Groups,42.4,71.9,2.8,25.3,352.0,128.0,,,,,,
2022-11-20T11:00,111,Unhealthy for Sensitive Groups,43.0,71.5,2.4,20.0,338.0,137.0,,,,,,
2022-11-20T12:00,110,Unhealthy for Sensitive Groups,43.1,70.5,2.1,17.2,326.0,141.0,,,,,,
2022-11-20T13:00,111,Unhealthy for Sensitive Groups,41.8,67.5,1.8,14.6,312.0,143.0,,,,,,
2022-11-20T14:00,111,Unhealthy for Sensitive Groups,40.0,64.0,1.6,11.8,296.0,145.0,,,,,,
2022-11-20T15:00,112,Unhealthy for Sensitive Groups,38.1,60.5,1.6,10.6,287.0,144.0,,,,,,
2022-11-20T16:00,112,Unhealthy for Sensitive Groups,36.4,57.4,1.8,10.0,279.0,143.0,,,,,,
2022-11-20T17:00,112,Unhealthy for Sensitive Groups,37.3,57.6,1.9,9.1,279.0,147.0,,,,,,
2022-11-20T18:00,113,Unhealthy for Sensitive Groups,37.6,57.9,2.1,9.0,284.0,145.0,,,,,,
2022-11-20T19:00,113,Unhealthy for Sensitive Groups,38.1,58.7,2.3,8.8,290.0,143.0,,,,,,
2022-11-20T20:00,113,Unhealthy for Sensitive Groups,38.8,59.6,2.6,8.8,297.0,140.0,,,,,,
2022-11-20T21:00,113,Unhealthy for Sensitive Groups,39.1,60.1,2.4,9.0,298.0,138.0,,,,,,
2022-11-20T22:00,113,Unhealthy for Sensitive Groups,39.2,60.1,2.1,9.3,296.0,136.0,,,,,,
2022-11-20T23:00,113,Unhealthy for Sensitive Groups,39.2,59.8,2.5,10.1,297.0,132.0,,,,,,
2022-11-21T00:00,113,Unhealthy for Sensitive Groups,39.2,59.6,4.3,11.1,303.0,127.0,,,,,,
2022-11-21T01:00,112,Unhealthy for Sensitive Groups,39.7,60.1,6.8,12.4,311.0,121.0,,,,,,
2022-11-21T02:00,112,Unhealthy for Sensitive Groups,40.2,60.8,9.2,13.9,322.0,114.0,,,,,,
2022-11-21T03:00,112,Unhealthy for Sensitive Groups,40.5,61.5,9.2,14.7,329.0,110.0,,,,,,
2022-11-21T04:00,112,Unhealthy for Sensitive Groups,40.7,61.9,8.2,15.3,335.0,106.0,,,,,,
2022-11-21T05:00,112,Unhealthy for Sensitive Groups,44.4,70.3,24.4,25.4,393.0,78.0,,,,,,
2022-11-21T06:00,112,Unhealthy for Sensitive Groups,45.2,71.2,22.2,25.0,401.0,79.0,,,,,,
2022-11-21T07:00,112,Unhealthy for Sensitive Groups,45.3,71.2,19.2,24.3,411.0,81.0,,,,,,
2022-11-21T08:00,113,Unhealthy for Sensitive Groups,45.1,71.0,14.6,23.3,417.0,90.0,,,,,,
2022-11-21T09:00,113,Unhealthy for Sensitive Groups,44.4,69.6,10.8,22.3,408.0,105.0,,,,,,
2022-11-21T10:00,113,Unhealthy for Sensitive Groups,46.2,72.2,6.7,21.2,392.0,124.0,,,,,,
2022-11-21T11:00,114,Unhealthy for Sensitive Groups,48.2,74.7,2.6,19.7,374.0,146.0,,,,,,
2022-11-21T12:00,114,Unhealthy for Sensitive Groups,49.9,76.8,1.4,18.6,367.0,155.0,,,,,,
2022-11-21T13:00,115,Unhealthy for Sensitive Groups,51.0,78.0,1.2,17.6,363.0,160.0,,,,,,
2022-11-21T14:00,116,Unhealthy for Sensitive Groups,51.0,78.0,1.3,16.4,358.0,165.0,,,,,,
2022-11-21T15:00,117,Unhealthy for Sensitive Groups,50.6,77.5,1.1,15.9,353.0,167.0,,,,,,
2022-11-21T16:00,118,Unhealthy for Sensitive Groups,50.1,77.3,1.1,15.6,348.0,167.0,,,,,,
2022-11-21T17:00,120,Unhealthy for Sensitive Groups,40.4,62.6,1.1,12.4,335.0,163.0,,,,,,
2022-11-21T18:00,132,Unhealthy for Sensitive Groups,39.9,62.2,1.0,12.2,329.0,162.0,,,,,,
2022-11-21T19:00,140,Unhealthy for Sensitive Groups,39.6,61.9,0.8,11.8,321.0,160.0,,,,,,
2022-11-21T20:00,143,Unhealthy for Sensitive Groups,39.5,62.2,0.7,11.2,310.0,158.0,,,,,,
2022-11-21T21:00,143,Unhealthy for Sensitive Groups,38.3,61.0,0.6,10.6,301.0,157.0,,,,,,
2022-11-21T22:00,143,Unhealthy for Sensitive Groups,37.0,59.4,0.5,10.0,292.0,155.0,,,,,,
2022-11-21T23:00,141,Unhealthy for Sensitive Groups,35.9,58.0,0.5,9.3,283.0,153.0,,,,,,
2022-11-22T00:00,138,Unhealthy for Sensitive Groups,35.2,57.3,0.5,9.0,280.0,151.0,,,,,,
2022-11-22T01:00,134,Unhealthy for Sensitive Groups,35.3,57.6,0.5,8.8,279.0,150.0,,,,,,
2022-11-22T02:00,132,Unhealthy for Sensitive Groups,35.9,58.3,0.5,8.5,279.0,148.0,,,,,,
2022-11-22T03:00,129,Unhealthy for Sensitive Groups,36.6,59.1,0.3,8.3,278.0,148.0,,,,,,
2022-11-22T04:00,126,Unhealthy for Sensitive Groups,37.4,60.3,0.1,8.1,276.0,148.0,,,,,,
2022-11-22T05:00,124,Unhealthy for Sensitive Groups,34.6,56.1,0.9,10.5,285.0,145.0,,,,,,
2022-11-22T06:00,121,Unhealthy for Sensitive Groups,34.8,56.5,0.8,10.0,283.0,146.0,,,,,,
2022-11-22T07:00,119,Unhealthy for Sensitive Groups,34.8,56.7,0.7,9.2,280.0,146.0,,,,,,
2022-11-22T08:00,118,Unhealthy for Sensitive Groups,35.0,57.4,0.5,8.3,276.0,147.0,,,,,,
2022-11-22T09:00,117,Unhealthy for Sensitive Groups,35.9,58.7,0.4,7.9,275.0,147.0,,,,,,
2022-11-22T10:00,116,Unhealthy for Sensitive Groups,37.4,60.8,0.4,7.6,274.0,147.0,,,,,,
2022-11-22T11:00,116,Unhealthy for Sensitive Groups,38.4,62.4,0.4,7.2,273.0,147.0,,,,,,
2022-11-22T12:00,116,Unhealthy for Sensitive Groups,38.2,62.2,0.3,6.8,271.0,148.0,,,,,,
2022-11-22T13:00,116,Unhealthy for Sensitive Groups,36.8,60.1,0.3,6.4,267.0,149.0,,,,,,
2022-11-22T14:00,117,Unhealthy for Sensitive Groups,34.6,56.9,0.4,6.2,267.0,153.0,,,,,,
2022-11-22T15:00,118,Unhealthy for Sensitive Groups,32.2,53.7,0.4,6.2,271.0,161.0,,,,,,
2022-11-22T16:00,122,Unhealthy for Sensitive Groups,31.2,52.4,0.5,6.3,278.0,172.0,,,,,,
2022-11-22T17:00,127,Unhealthy for Sensitive Groups,41.7,67.1,0.4,5.0,268.0,140.0,,,,,,
2022-11-22T18:00,125,Unhealthy for Sensitive Groups,39.5,64.0,0.4,4.8,267.0,141.0,,,,,,
2022-11-22T19:00,124,Unhealthy for Sensitive Groups,37.8,61.7,0.3,4.5,265.0,143.0,,,,,,
2022-11-22T20:00,123,Unhealthy for Sensitive Groups,36.9,60.5,0.3,4.4,265.0,147.0,,,,,,
2022-11-22T21:00,123,Unhealthy for Sensitive Groups,36.6,59.8,0.4,4.6,270.0,152.0,,,,,,
2022-11-22T22:00,124,Unhealthy for Sensitive Groups,36.4,59.6,0.4,5.0,276.0,158.0,,,,,,
2022-11-22T23:00,125,Unhealthy for Sensitive Groups,37.0,60.5,0.9,6.1,286.0,164.0,,,,,,
2022-11-23T00:00,125,Unhealthy for Sensitive Groups,38.1,62.2,1.8,7.7,293.0,164.0,,,,,,
2022-11-23T01:00,124,Unhealthy for Sensitive Groups,39.2,64.0,3.0,9.7,300.0,163.0,,,,,,
2022-11-23T02:00,129,Unhealthy for Sensitive Groups,40.0,65.0,4.2,12.4,308.0,158.0,,,,,,
2022-11-23T03:00,132,Unhealthy for Sensitive Groups,40.2,65.2,4.5,14.2,313.0,152.0,,,,,,
2022-11-23T04:00,134,Unhealthy for Sensitive Groups,40.2,65.2,4.4,15.9,317.0,145.0,,,,,,
2022-11-23T05:00,134,Unhealthy for Sensitive Groups,47.5,77.3,8.5,28.4,361.0,119.0,,,,,,
2022-11-23T06:00,127,Unhealthy for Sensitive Groups,47.4,77.3,8.8,26.9,360.0,122.0,,,,,,
2022-11-23T07:00,119,Unhealthy for Sensitive Groups,47.3,77.1,9.3,24.8,359.0,127.0,,,,,,
2022-11-23T08:00,111,Unhealthy for Sensitive Groups,46.8,76.4,9.2,21.9,354.0,137.0,,,,,,
2022-11-23T09:00,109,Unhealthy for Sensitive Groups,45.9,74.5,8.0,19.8,345.0,149.0,,,,,,
2022-11-23T10:00,110,Unhealthy for Sensitive Groups,45.2,72.9,6.1,17.7,332.0,164.0,,,,,,
2022-11-23T11:00,111,Unhealthy for Sensitive Groups,44.9,71.9,4.0,15.4,315.0,180.0,,,,,,
2022-11-23T12:00,111,Unhealthy for Sensitive Groups,44.8,71.2,3.1,14.3,303.0,188.0,,,,,,
2022-11-23T13:00,119,Unhealthy for Sensitive Groups,44.1,70.3,2.5,13.6,290.0,193.0,,,,,,
2022-11-23T14:00,135,Unhealthy for Sensitive Groups,42.5,68.2,2.3,12.8,274.0,195.0,,,,,,
2022-11-23T15:00,150,Unhealthy for Sensitive Groups,40.3,65.7,2.4,11.8,263.0,192.0,,,,,,
2022-11-23T16:00,160,Unhealthy,38.1,62.9,2.8,10.9,252.0,185.0,,,,,,
2022-11-23T17:00,168,Unhealthy,24.7,42.1,5.0,11.0,231.0,168.0,,,,,,
2022-11-23T18:00,171,Unhealthy,23.7,41.0,6.1,11.2,231.0,162.0,,,,,,
2022-11-23T19:00,171,Unhealthy,23.4,40.7,7.6,11.4,231.0,153.0,,,,,,
2022-11-23T20:00,166,Unhealthy,23.2,40.6,9.1,11.8,231.0,142.0,,,,,,
2022-11-23T21:00,159,Unhealthy,22.9,40.3,9.2,12.0,231.0,137.0,,,,,,
2022-11-23T22:00,150,Unhealthy for Sensitive Groups,22.6,39.7,8.8,12.2,231.0,133.0,,,,,,
2022-11-23T23:00,137,Unhealthy for Sensitive Groups,22.3,39.3,8.7,13.0,233.0,128.0,,,,,,
2022-11-24T00:00,123,Unhealthy for Sensitive Groups,22.3,39.2,9.2,14.4,235.0,124.0,,,,,,
2022-11-24T01:00,111,Unhealthy for Sensitive Groups,22.6,39.6,10.0,16.2,238.0,119.0,,,,,,
2022-11-24T02:00,101,Unhealthy for Sensitive Groups,23.3,40.3,12.0,18.4,249.0,111.0,,,,,,
2022-11-24T03:00,100,Moderate,24.8,42.1,14.8,19.9,264.0,101.0,,,,,,
2022-11-24T04:00,98,Moderate,27.4,45.9,18.4,21.3,283.0,89.0,,,,,,
2022-11-24T05:00,97,Moderate,28.9,46.8,16.8,15.5,344.0,74.0,,,,,,
2022-11-24T06:00,96,Moderate,29.9,48.3,15.7,14.9,348.0,79.0,,,,,,
2022-11-24T07:00,94,Moderate,30.5,49.2,14.2,14.0,353.0,88.0,,,,,,
2022-11-24T08:00,93,Moderate,31.1,50.2,11.8,13.3,354.0,103.0,,,,,,
2022-11-24T09:00,92,Moderate,31.8,51.3,9.7,13.4,346.0,121.0,,,,,,
2022-11-24T10:00,91,Moderate,32.5,52.4,7.5,14.0,333.0,142.0,,,,,,
2022-11-24T11:00,90,Moderate,34.3,55.1,4.9,14.6,315.0,166.0,,,,,,
2022-11-24T12:00,89,Moderate,36.2,57.7,3.6,15.0,304.0,179.0,,,,,,
2022-11-24T13:00,88,Moderate,37.0,59.1,2.7,15.3,293.0,189.0,,,,,,
2022-11-24T14:00,93,Moderate,36.1,58.0,1.9,15.1,276.0,194.0,,,,,,
2022-11-24T15:00,118,Unhealthy for Sensitive Groups,33.5,54.5,1.5,13.9,258.0,190.0,,,,,,
2022-11-24T16:00,140,Unhealthy for Sensitive Groups,29.9,49.4,1.4,12.1,239.0,180.0,,,,,,
2022-11-24T17:00,154,Unhealthy,26.7,44.6,1.4,11.0,217.0,167.0,,,,,,
2022-11-24T18:00,162,Unhealthy,24.6,41.3,1.1,10.0,210.0,161.0,,,,,,
2022-11-24T19:00,165,Unhealthy,23.2,39.2,0.8,8.5,201.0,153.0,,,,,,
2022-11-24T20:00,163,Unhealthy,22.2,37.7,0.5,6.8,190.0,144.0,,,,,,
2022-11-24T21:00,157,Unhealthy,21.5,36.6,0.4,6.0,186.0,140.0,,,,,,
2022-11-24T22:00,149,Unhealthy for Sensitive Groups,21.0,35.6,0.3,5.4,183.0,137.0,,,,,,
2022-11-24T23:00,137,Unhealthy for Sensitive Groups,20.5,35.0,0.3,4.8,181.0,134.0,,,,,,
2022-11-25T00:00,125,Unhealthy for Sensitive Groups,20.2,34.5,0.3,4.5,181.0,133.0,,,,,,
2022-11-25T01:00,115,Unhealthy for Sensitive Groups,19.9,34.0,0.3,4.3,182.0,133.0,,,,,,
2022-11-25T02:00,108,Unhealthy for Sensitive Groups,19.6,33.5,0.3,4.1,184.0,133.0,,,,,,
2022-11-25T03:00,102,Unhealthy for Sensitive Groups,19.2,33.1,0.3,4.0,186.0,133.0,,,,,,
2022-11-25T04:00,98,Moderate,18.9,32.6,0.2,4.0,188.0,133.0,,,,,,
2022-11-25T05:00,95,Moderate,19.0,32.8,0.5,3.4,199.0,127.0,,,,,,
2022-11-25T06:00,93,Moderate,19.5,33.8,0.5,3.2,200.0,126.0,,,,,,
2022-11-25T07:00,90,Moderate,19.7,34.0,0.6,2.9,201.0,125.0,,,,,,
2022-11-25T08:00,88,Moderate,19.8,33.9,0.6,2.5,202.0,123.0,,,,,,
2022-11-25T09:00,86,Moderate,20.4,34.3,0.6,2.0,203.0,121.0,,,,,,
2022-11-25T10:00,84,Moderate,21.7,36.0,0.4,1.5,205.0,119.0,,,,,,
2022-11-25T11:00,81,Moderate,23.7,39.0,0.3,1.0,207.0,116.0,,,,,,
2022-11-25T12:00,78,Moderate,25.0,40.6,0.3,0.8,209.0,115.0,,,,,,
2022-11-25T13:00,77,Moderate,25.0,40.4,0.3,0.7,212.0,114.0,,,,,,
2022-11-25T14:00,76,Moderate,24.4,39.5,0.3,0.6,215.0,113.0,,,,,,
2022-11-25T15:00,75,Moderate,23.5,38.2,0.3,0.6,216.0,113.0,,,,,,
2022-11-25T16:00,75,Moderate,22.7,36.9,0.4,0.5,216.0,113.0,,,,,,
2022-11-25T17:00,74,Moderate,20.0,32.8,0.5,0.6,216.0,116.0,,,,,,
2022-11-25T18:00,74,Moderate,19.5,32.1,0.7,0.6,220.0,116.0,,,,,,
2022-11-25T19:00,73,Moderate,19.2,31.7,0.9,0.6,225.0,116.0,,,,,,
2022-11-25T20:00,73,Moderate,18.9,31.7,1.1,0.5,229.0,115.0,,,,,,
2022-11-25T21:00,73,Moderate,18.8,31.8,1.1,0.5,227.0,113.0,,,,,,
2022-11-25T22:00,72,Moderate,18.5,31.7,1.1,0.5,223.0,111.0,,,,,,
2022-11-25T23:00,72,Moderate,18.1,31.3,1.0,0.5,216.0,106.0,,,,,,
2022-11-26T00:00,72,Moderate,17.5,30.5,1.0,0.5,210.0,101.0,,,,,,
2022-11-26T01:00,72,Moderate,16.8,29.3,0.9,0.5,204.0,94.0,,,,,,
2022-11-26T02:00,71,Moderate,16.0,27.8,0.9,0.5,196.0,86.0,,,,,,
2022-11-26T03:00,71,Moderate,15.1,26.2,0.8,0.4,191.0,82.0,,,,,,
2022-11-26T04:00,71,Moderate,14.2,24.5,0.8,0.4,186.0,78.0,,,,,,
2022-11-26T05:00,71,Moderate,15.0,25.7,1.1,0.5,200.0,77.0,,,,,,
2022-11-26T06:00,70,Moderate,14.8,25.3,1.3,0.7,200.0,74.0,,,,,,
2022-11-26T07:00,70,Moderate,14.3,24.2,1.5,0.9,199.0,69.0,,,,,,
2022-11-26T08:00,69,Moderate,13.9,23.3,1.6,1.1,198.0,66.0,,,,,,
2022-11-26T09:00,69,Moderate,14.0,23.2,1.4,1.0,196.0,69.0,,,,,,
2022-11-26T10:00,68,Moderate,14.6,23.9,1.0,0.8,193.0,74.0,,,,,,
2022-11-26T11:00,68,Moderate,15.7,25.4,0.6,0.6,189.0,80.0,,,,,,
2022-11-26T12:00,67,Moderate,16.5,26.5,0.4,0.5,187.0,82.0,,,,,,
2022-11-26T13:00,67,Moderate,16.6,26.7,0.4,0.5,185.0,83.0,,,,,,
2022-11-26T14:00,66,Moderate,15.8,25.6,0.3,0.4,183.0,83.0,,,,,,
2022-11-26T15:00,65,Moderate,14.7,24.0,0.3,0.4,181.0,82.0,,,,,,
2022-11-26T16:00,65,Moderate,13.7,22.5,0.3,0.4,179.0,80.0,,,,,,
2022-11-26T17:00,64,Moderate,10.2,17.2,0.6,0.7,176.0,85.0,,,,,,
2022-11-26T18:00,63,Moderate,9.6,16.4,0.7,0.7,172.0,83.0,,,,,,
2022-11-26T19:00,62,Moderate,9.1,15.6,0.9,0.7,167.0,81.0,,,,,,
2022-11-26T20:00,62,Moderate,8.7,15.3,1.1,0.7,163.0,79.0,,,,,,
2022-11-26T21:00,61,Moderate,8.8,15.5,1.2,0.7,165.0,78.0,,,,,,
2022-11-26T22:00,60,Moderate,9.1,16.2,1.2,0.7,170.0,78.0,,,,,,
2022-11-26T23:00,59,Moderate,9.6,17.0,1.3,0.7,181.0,79.0,,,,,,
2022-11-27T00:00,59,Moderate,10.2,18.0,1.3,0.7,193.0,80.0,,,,,,
2022-11-27T01:00,58,Moderate,10.9,19.0,1.3,0.7,207.0,82.0,,,,,,
2022-11-27T02:00,57,Moderate,11.5,19.8,1.3,0.8,226.0,85.0,,,,,,
2022-11-27T03:00,57,Moderate,12.3,21.1,1.2,0.8,237.0,87.0,,,,,,
2022-11-27T04:00,57,Moderate,13.0,22.1,1.0,0.8,248.0,89.0,,,,,,
2022-11-27T05:00,57,Moderate,10.7,18.3,0.5,0.3,219.0,80.0,,,,,,
2022-11-27T06:00,56,Moderate,11.3,19.0,0.5,0.3,223.0,81.0,,,,,,
2022-11-27T07:00,56,Moderate,12.0,20.0,0.5,0.4,228.0,83.0,,,,,,
2022-11-27T08:00,56,Moderate,12.8,21.1,0.4,0.4,235.0,86.0,,,,,,
2022-11-27T09:00,56,Moderate,15.0,24.6,0.4,0.4,239.0,88.0,,,,,,
2022-11-27T10:00,56,Moderate,16.6,26.8,0.3,0.4,242.0,91.0,,,,,,
2022-11-27T11:00,56,Moderate,18.9,30.3,0.2,0.4,245.0,93.0,,,,,,
2022-11-27T12:00,56,Moderate,21.0,33.5,0.1,0.4,247.0,94.0,,,,,,
2022-11-27T13:00,57,Moderate,22.6,36.0,0.1,0.3,249.0,93.0,,,,,,
2022-11-27T14:00,57,Moderate,23.2,37.0,0.1,0.3,251.0,93.0,,,,,,
2022-11-27T15:00,58,Moderate,23.4,37.7,0.1,0.3,251.0,93.0,,,,,,
2022-11-27T16:00,59,Moderate,23.7,38.4,0.1,0.3,251.0,92.0,,,,,,
2022-11-27T17:00,59,Moderate,21.9,35.3,0.1,0.3,242.0,88.0,,,,,,
2022-11-27T18:00,60,Moderate,23.0,37.3,0.2,0.3,243.0,91.0,,,,,,
2022-11-27T19:00,61,Moderate,24.6,39.8,0.2,0.3,245.0,95.0,,,,,,
2022-11-27T20:00,62,Moderate,26.8,43.5,0.3,0.3,249.0,100.0,,,,,,
2022-11-27T21:00,64,Moderate,29.3,48.0,0.5,0.3,255.0,104.0,,,,,,
2022-11-27T22:00,66,Moderate,31.7,52.0,0.6,0.4,262.0,107.0,,,,,,
2022-11-27T23:00,67,Moderate,33.5,55.4,0.8,0.5,272.0,111.0,,,,,,
2022-11-28T00:00,69,Moderate,34.7,58.0,0.7,0.6,278.0,113.0,,,,,,
2022-11-28T01:00,71,Moderate,34.2,57.7,0.6,0.7,283.0,115.0,,,,,,
2022-11-28T02:00,73,Moderate,33.6,56.9,0.5,0.7,289.0,117.0,,,,,,
2022-11-28T03:00,75,Moderate,32.1,54.8,0.4,0.7,291.0,117.0,,,,,,
2022-11-28T04:00,76,Moderate,30.3,52.2,0.3,0.8,292.0,117.0,,,,,,
2022-11-28T05:00,78,Moderate,30.9,51.2,0.1,0.3,238.0,106.0,,,,,,
2022-11-28T06:00,79,Moderate,29.9,49.7,0.2,0.3,239.0,105.0,,,,,,
2022-11-28T07:00,81,Moderate,29.0,48.1,0.2,0.3,240.0,104.0,,,,,,
2022-11-28T08:00,82,Moderate,28.3,46.8,0.2,0.3,241.0,103.0,,,,,,
2022-11-28T09:00,83,Moderate,27.6,45.5,0.2,0.3,241.0,103.0,,,,,,
2022-11-28T10:00,84,Moderate,28.1,45.9,0.2,0.3,241.0,104.0,,,,,,
2022-11-28T11:00,85,Moderate,28.5,46.2,0.2,0.3,242.0,104.0,,,,,,
2022-11-28T12:00,86,Moderate,28.3,45.9,0.2,0.4,243.0,103.0,,,,,,
2022-11-28T13:00,86,Moderate,28.2,45.8,0.2,0.4,244.0,103.0,,,,,,
2022-11-28T14:00,87,Moderate,27.3,44.7,0.2,0.4,246.0,102.0,,,,,,
2022-11-28T15:00,87,Moderate,26.1,43.1,0.2,0.4,249.0,103.0,,,,,,
2022-11-28T16:00,87,Moderate,25.0,41.9,0.3,0.4,252.0,104.0,,,,,,
2022-11-28T17:00,87,Moderate,27.4,45.3,0.2,0.3,252.0,98.0,,,,,,
2022-11-28T18:00,88,Moderate,27.0,44.9,0.4,0.3,257.0,99.0,,,,,,
2022-11-28T19:00,88,Moderate,26.8,45.1,0.6,0.3,265.0,100.0,,,,,,
2022-11-28T20:00,88,Moderate,26.5,44.6,0.9,0.4,277.0,101.0,,,,,,
2022-11-28T21:00,88,Moderate,26.6,44.6,1.1,0.4,288.0,102.0,,,,,,
2022-11-28T22:00,88,Moderate,26.4,44.2,1.4,0.5,300.0,102.0,,,,,,
2022-11-28T23:00,88,Moderate,25.7,43.1,1.7,0.6,313.0,103.0,,,,,,
2022-11-29T00:00,87,Moderate,25.2,42.1,1.8,0.6,318.0,103.0,,,,,,
2022-11-29T01:00,86,Moderate,24.7,40.9,1.7,0.7,321.0,103.0,,,,,,
2022-11-29T02:00,86,Moderate,24.6,40.5,1.6,0.7,323.0,103.0,,,,,,
2022-11-29T03:00,85,Moderate,25.5,41.7,1.5,0.7,324.0,102.0,,,,,,
2022-11-29T04:00,84,Moderate,26.8,43.4,1.4,0.8,324.0,101.0,,,,,,
2022-11-29T05:00,84,Moderate,19.2,31.1,0.8,0.5,313.0,103.0,,,,,,
2022-11-29T06:00,83,Moderate,20.0,32.1,1.0,0.5,313.0,104.0,,,,,,
2022-11-29T07:00,82,Moderate,20.7,33.1,1.2,0.5,312.0,104.0,,,,,,
2022-11-29T08:00,82,Moderate,22.6,35.9,1.3,0.5,311.0,107.0,,,,,,
2022-11-29T09:00,81,Moderate,25.8,40.7,1.2,0.5,309.0,111.0,,,,,,
2022-11-29T10:00,81,Moderate,29.4,46.3,0.9,0.6,306.0,116.0,,,,,,
2022-11-29T11:00,81,Moderate,32.7,51.5,0.6,0.6,302.0,122.0,,,,,,
2022-11-29T12:00,82,Moderate,35.5,56.0,0.5,0.6,298.0,125.0,,,,,,
2022-11-29T13:00,82,Moderate,37.1,59.0,0.4,0.6,293.0,126.0,,,,,,
2022-11-29T14:00,83,Moderate,38.6,62.4,0.3,0.6,286.0,129.0,,,,,,
2022-11-29T15:00,84,Moderate,39.7,64.7,0.3,0.7,282.0,133.0,,,,,,
2022-11-29T16:00,85,Moderate,40.4,66.8,0.4,0.7,278.0,137.0,,,,,,
2022-11-29T17:00,86,Moderate,42.5,71.2,0.6,2.1,282.0,147.0,,,,,,
2022-11-29T18:00,87,Moderate,43.9,73.8,0.7,2.3,277.0,147.0,,,,,,
2022-11-29T19:00,93,Moderate,44.6,75.2,0.9,2.6,270.0,147.0,,,,,,
2022-11-29T20:00,99,Moderate,44.6,75.4,1.0,3.0,263.0,146.0,,,,,,
2022-11-29T21:00,103,Unhealthy for Sensitive Groups,43.1,73.3,1.1,3.5,262.0,145.0,,,,,,
2022-11-29T22:00,107,Unhealthy for Sensitive Groups,41.1,70.8,1.1,4.1,263.0,143.0,,,,,,
2022-11-29T23:00,110,Unhealthy for Sensitive Groups,39.3,68.5,1.1,4.6,263.0,141.0,,,,,,
2022-11-30T00:00,112,Unhealthy for Sensitive Groups,38.1,66.8,1.0,4.6,260.0,140.0,,,,,,
2022-11-30T01:00,112,Unhealthy for Sensitive Groups,36.8,65.2,0.9,4.4,256.0,140.0,,,,,,
2022-11-30T02:00,111,Unhealthy for Sensitive Groups,35.4,63.1,0.7,4.1,250.0,139.0,,,,,,
2022-11-30T03:00,109,Unhealthy for Sensitive Groups,33.8,60.5,0.7,3.6,244.0,137.0,,,,,,
2022-11-30T04:00,107,Unhealthy for Sensitive Groups,32.8,59.3,0.6,3.0,237.0,133.0,,,,,,
2022-11-30T05:00,104,Unhealthy for Sensitive Groups,32.4,59.0,0.9,4.5,233.0,130.0,,,,,,
2022-11-30T06:00,101,Unhealthy for Sensitive Groups,32.4,59.5,1.2,5.8,233.0,127.0,,,,,,
2022-11-30T07:00,101,Unhealthy for Sensitive Groups,32.7,60.3,1.5,7.8,233.0,122.0,,,,,,
2022-11-30T08:00,102,Unhealthy for Sensitive Groups,33.3,61.5,1.8,9.8,231.0,119.0,,,,,,
2022-11-30T09:00,104,Unhealthy for Sensitive Groups,34.1,62.4,1.6,10.3,227.0,122.0,,,,,,
2022-11-30T10:00,104,Unhealthy for Sensitive Groups,35.0,63.3,1.3,10.3,221.0,128.0,,,,,,
2022-11-30T11:00,105,Unhealthy for Sensitive Groups,35.6,63.3,0.8,9.7,213.0,133.0,,,,,,
2022-11-30T12:00,105,Unhealthy for Sensitive Groups,35.6,62.6,0.6,8.6,206.0,133.0,,,,,,
2022-11-30T13:00,105,Unhealthy for Sensitive Groups,34.7,60.5,0.5,7.2,199.0,131.0,,,,,,
2022-11-30T14:00,105,Unhealthy for Sensitive Groups,33.3,58.0,0.4,5.6,191.0,128.0,,,,,,
2022-11-30T15:00,104,Unhealthy for Sensitive Groups,31.8,55.2,0.5,5.0,188.0,126.0,,,,,,
2022-11-30T16:00,104,Unhealthy for Sensitive Groups,30.6,53.1,0.6,4.6,186.0,123.0,,,,,,
2022-11-30T17:00,103,Unhealthy for Sensitive Groups,29.7,50.8,0.9,4.7,206.0,116.0,,,,,,
2022-11-30T18:00,101,Unhealthy for Sensitive Groups,29.3,50.2,1.1,4.8,211.0,116.0,,,,,,
2022-11-30T19:00,100,Moderate,29.4,50.6,1.5,4.9,219.0,117.0,,,,,,
2022-11-30T20:00,99,Moderate,30.0,52.3,1.9,4.8,230.0,117.0,,,,,,
2022-11-30T21:00,98,Moderate,31.8,55.9,1.9,4.5,239.0,116.0,,,,,,
2022-11-30T22:00,97,Moderate,31.1,54.9,1.9,4.0,249.0,113.0,,,,,,
2022-11-30T23:00,96,Moderate,28.5,50.3,1.7,3.4,256.0,110.0,,,,,,
2022-12-01T00:00,95,Moderate,23.9,41.7,1.5,3.2,253.0,107.0,,,,,,
2022-12-01T01:00,94,Moderate,21.5,37.3,1.2,3.0,245.0,104.0,,,,,,
2022-12-01T02:00,93,Moderate,19.6,33.9,0.9,2.9,236.0,99.0,,,,,,
2022-12-01T03:00,91,Moderate,18.3,31.4,0.8,2.9,232.0,96.0,,,,,,
2022-12-01T04:00,90,Moderate,16.8,28.7,0.8,2.9,229.0,92.0,,,,,,
2022-12-01T05:00,89,Moderate,23.9,42.1,0.9,5.1,250.0,93.0,,,,,,
2022-12-01T06:00,88,Moderate,25.7,45.8,1.2,7.3,255.0,90.0,,,,,,
2022-12-01T07:00,88,Moderate,27.5,49.0,1.7,10.4,261.0,87.0,,,,,,
2022-12-01T08:00,87,Moderate,29.3,52.4,2.0,12.4,264.0,84.0,,,,,,
2022-12-01T09:00,87,Moderate,26.8,47.1,1.7,10.6,256.0,86.0,,,,,,
2022-12-01T10:00,86,Moderate,22.7,39.2,1.2,7.1,242.0,89.0,,,,,,
2022-12-01T11:00,85,Moderate,20.0,34.1,0.6,3.0,226.0,92.0,,,,,,
2022-12-01T12:00,84,Moderate,17.6,29.7,0.4,1.6,218.0,90.0,,,,,,
2022-12-01T13:00,83,Moderate,15.5,26.0,0.3,0.8,212.0,85.0,,,,,,
2022-12-01T14:00,81,Moderate,14.2,23.7,0.2,0.2,206.0,80.0,,,,,,
2022-12-01T15:00,80,Moderate,13.5,22.6,0.2,0.0,203.0,79.0,,,,,,
2022-12-01T16:00,78,Moderate,12.9,21.7,0.2,0.1,201.0,78.0,,,,,,
2022-12-01T17:00,77,Moderate,14.6,24.3,0.6,0.3,194.0,81.0,,,,,,
2022-12-01T18:00,76,Moderate,14.3,23.9,0.8,0.3,190.0,79.0,,,,,,
2022-12-01T19:00,75,Moderate,14.0,23.9,1.0,0.2,185.0,76.0,,,,,,
2022-12-01T20:00,73,Moderate,13.7,23.6,1.3,0.2,179.0,72.0,,,,,,
2022-12-01T21:00,72,Moderate,12.9,22.5,1.4,0.2,176.0,68.0,,,,,,
2022-12-01T22:00,71,Moderate,12.0,21.1,1.5,0.2,173.0,63.0,,,,,,
2022-12-01T23:00,69,Moderate,11.0,19.6,1.6,0.3,169.0,57.0,,,,,,
2022-12-02T00:00,68,Moderate,10.0,17.9,1.7,0.4,167.0,54.0,,,,,,
2022-12-02T01:00,67,Moderate,9.0,16.1,1.7,0.6,165.0,52.0,,,,,,
2022-12-02T02:00,66,Moderate,8.4,15.0,1.7,0.8,162.0,50.0,,,,,,
2022-12-02T03:00,65,Moderate,8.9,16.1,1.6,1.0,160.0,50.0,,,,,,
2022-12-02T04:00,64,Moderate,7.6,13.9,1.5,1.1,157.0,50.0,,,,,,
2022-12-02T05:00,63,Moderate,5.9,10.6,0.7,0.2,144.0,50.0,,,,,,
2022-12-02T06:00,62,Moderate,5.6,10.1,0.9,0.2,145.0,49.0,,,,,,
2022-12-02T07:00,60,Moderate,5.5,9.9,1.1,0.2,147.0,49.0,,,,,,
2022-12-02T08:00,59,Moderate,6.5,11.5,1.3,0.4,151.0,50.0,,,,,,
2022-12-02T09:00,57,Moderate,7.9,13.9,1.3,0.8,155.0,53.0,,,,,,
2022-12-02T10:00,55,Moderate,9.3,16.0,1.3,1.2,159.0,58.0,,,,,,
2022-12-02T11:00,54,Moderate,10.6,18.2,1.2,1.7,164.0,66.0,,,,,,
2022-12-02T12:00,54,Moderate,12.0,20.6,1.1,1.8,166.0,74.0,,,,,,
2022-12-02T13:00,53,Moderate,12.7,21.9,1.0,1.9,167.0,83.0,,,,,,
2022-12-02T14:00,53,Moderate,12.6,22.1,0.9,1.9,168.0,93.0,,,,,,
2022-12-02T15:00,53,Moderate,12.9,23.2,0.8,1.7,169.0,96.0,,,,,,
2022-12-02T16:00,53,Moderate,11.4,21.4,0.8,1.5,169.0,97.0,,,,,,
2022-12-02T17:00,53,Moderate,12.5,23.0,1.0,1.9,176.0,98.0,,,,,,
2022-12-02T18:00,52,Moderate,12.0,22.6,1.1,1.8,178.0,96.0,,,,,,
2022-12-02T19:00,52,Moderate,11.6,22.2,1.2,1.5,181.0,94.0,,,,,,
2022-12-02T20:00,52,Moderate,11.4,21.9,1.4,1.2,182.0,89.0,,,,,,
2022-12-02T21:00,52,Moderate,10.4,20.0,1.4,0.9,178.0,83.0,,,,,,
2022-12-02T22:00,52,Moderate,9.7,18.2,1.4,0.6,172.0,74.0,,,,,,
2022-12-02T23:00,52,Moderate,9.5,17.8,1.4,0.3,164.0,65.0,,,,,,
2022-12-03T00:00,51,Moderate,8.9,16.5,1.4,0.2,159.0,60.0,,,,,,
2022-12-03T01:00,51,Moderate,8.4,15.4,1.4,0.1,153.0,57.0,,,,,,
2022-12-03T02:00,51,Moderate,8.5,15.7,1.4,0.3,147.0,53.0,,,,,,
2022-12-03T03:00,51,Moderate,8.8,16.2,1.6,0.6,143.0,50.0,,,,,,
2022-12-03T04:00,51,Moderate,8.4,15.3,1.8,1.0,139.0,48.0,,,,,,
2022-12-03T05:00,51,Moderate,7.7,13.9,1.4,0.4,153.0,49.0,,,,,,
2022-12-03T06:00,51,Moderate,8.8,15.8,1.9,1.4,156.0,48.0,,,,,,
2022-12-03T07:00,52,Moderate,9.5,16.8,2.7,2.7,159.0,46.0,,,,,,
2022-12-03T08:00,52,Moderate,10.0,17.6,3.4,3.9,160.0,45.0,,,,,,
2022-12-03T09:00,52,Moderate,10.6,18.5,3.5,3.8,154.0,47.0,,,,,,
2022-12-03T10:00,53,Moderate,11.2,19.4,3.3,3.2,145.0,49.0,,,,,,
2022-12-03T11:00,53,Moderate,11.6,20.0,2.8,2.4,135.0,54.0,,,,,,
2022-12-03T12:00,53,Moderate,12.3,21.2,2.2,2.1,133.0,59.0,,,,,,
2022-12-03T13:00,53,Moderate,11.2,19.7,1.4,1.7,135.0,64.0,,,,,,
2022-12-03T14:00,53,Moderate,10.0,17.9,0.7,1.3,135.0,69.0,,,,,,
2022-12-03T15:00,52,Moderate,9.4,17.1,0.6,0.9,132.0,69.0,,,,,,
2022-12-03T16:00,52,Moderate,7.5,13.9,0.8,0.5,129.0,66.0,,,,,,
2022-12-03T17:00,52,Moderate,8.5,15.8,0.9,1.2,133.0,70.0,,,,,,
2022-12-03T18:00,52,Moderate,8.5,15.9,1.1,1.0,133.0,67.0,,,,,,
2022-12-03T19:00,51,Moderate,8.6,16.1,1.3,0.8,132.0,62.0,,,,,,
2022-12-03T20:00,51,Moderate,8.7,16.4,1.6,0.5,132.0,57.0,,,,,,
2022-12-03T21:00,51,Moderate,8.6,16.2,1.7,0.4,133.0,54.0,,,,,,
2022-12-03T22:00,51,Moderate,7.9,14.8,1.7,0.4,135.0,51.0,,,,,,
2022-12-03T23:00,51,Moderate,7.7,14.6,1.8,0.5,137.0,49.0,,,,,,
2022-12-04T00:00,50,Good,8.0,15.1,1.8,0.8,139.0,49.0,,,,,,
2022-12-04T01:00,50,Good,8.3,15.8,1.9,1.3,140.0,49.0,,,,,,
2022-12-04T02:00,50,Good,8.4,15.7,2.1,1.9,142.0,50.0,,,,,,
2022-12-04T03:00,50,Good,8.8,16.4,2.3,2.3,143.0,50.0,,,,,,
2022-12-04T04:00,50,Good,9.1,16.8,2.5,2.7,143.0,50.0,,,,,,
2022-12-04T05:00,50,Good,11.3,20.0,6.1,11.3,164.0,38.0,,,,,,
2022-12-04T06:00,51,Moderate,12.4,21.9,6.6,13.8,171.0,40.0,,,,,,
2022-12-04T07:00,51,Moderate,12.5,22.2,7.2,17.2,180.0,43.0,,,,,,
2022-12-04T08:00,51,Moderate,12.8,22.7,7.3,19.7,192.0,50.0,,,,,,
2022-12-04T09:00,51,Moderate,13.1,23.0,6.2,18.0,199.0,61.0,,,,,,
2022-12-04T10:00,52,Moderate,13.4,22.9,4.4,14.5,205.0,75.0,,,,,,
2022-12-04T11:00,52,Moderate,13.3,22.7,2.4,10.1,211.0,91.0,,,,,,
2022-12-04T12:00,52,Moderate,13.5,22.5,1.6,8.2,212.0,98.0,,,,,,
2022-12-04T13:00,52,Moderate,13.5,22.3,1.2,6.8,212.0,101.0,,,,,,
2022-12-04T14:00,52,Moderate,12.1,20.2,0.9,5.1,210.0,104.0,,,,,,
2022-12-04T15:00,52,Moderate,10.9,18.5,0.9,4.0,208.0,104.0,,,,,,
2022-12-04T16:00,52,Moderate,9.7,16.6,1.2,3.0,206.0,103.0,,,,,,
2022-12-04T17:00,53,Moderate,7.5,12.9,0.9,1.1,176.0,87.0,,,,,,
2022-12-04T18:00,53,Moderate,6.7,12.0,1.1,0.8,169.0,83.0,,,,,,
2022-12-04T19:00,52,Moderate,5.7,10.2,1.3,0.5,160.0,77.0,,,,,,
2022-12-04T20:00,52,Moderate,5.4,9.5,1.7,0.2,151.0,71.0,,,,,,
2022-12-04T21:00,52,Moderate,6.3,11.1,1.9,0.2,150.0,69.0,,,,,,
2022-12-04T22:00,52,Moderate,6.9,12.4,2.2,0.4,153.0,68.0,,,,,,
2022-12-04T23:00,52,Moderate,7.0,12.5,2.4,0.7,158.0,68.0,,,,,,
2022-12-05T00:00,52,Moderate,6.7,11.9,2.3,0.9,161.0,69.0,,,,,,
2022-12-05T01:00,52,Moderate,7.3,13.0,2.1,1.0,165.0,72.0,,,,,,
2022-12-05T02:00,51,Moderate,8.4,14.6,1.8,1.3,174.0,75.0,,,,,,
2022-12-05T03:00,51,Moderate,10.9,18.7,1.8,1.6,185.0,77.0,,,,,,
2022-12-05T04:00,52,Moderate,12.6,21.4,1.8,1.9,199.0,80.0,,,,,,
2022-12-05T05:00,52,Moderate,15.1,24.7,1.7,3.6,232.0,87.0,,,,,,
2022-12-05T06:00,52,Moderate,14.3,23.6,1.9,4.5,244.0,88.0,,,,,,
2022-12-05T07:00,52,Moderate,14.6,23.9,2.3,5.8,261.0,89.0,,,,,,
2022-12-05T08:00,52,Moderate,16.5,27.2,2.4,7.0,280.0,93.0,,,,,,
2022-12-05T09:00,53,Moderate,19.3,31.8,2.2,7.1,288.0,101.0,,,,,,
2022-12-05T10:00,53,Moderate,22.8,37.5,1.7,6.8,292.0,111.0,,,,,,
2022-12-05T11:00,54,Moderate,27.0,44.4,1.1,6.3,294.0,123.0,,,,,,
2022-12-05T12:00,55,Moderate,31.4,51.8,0.9,5.9,292.0,129.0,,,,,,
2022-12-05T13:00,56,Moderate,35.7,59.0,0.7,5.5,288.0,134.0,,,,,,
2022-12-05T14:00,58,Moderate,39.1,65.2,0.6,4.9,281.0,138.0,,,,,,
2022-12-05T15:00,62,Moderate,41.3,69.4,0.6,4.4,276.0,140.0,,,,,,
2022-12-05T16:00,73,Moderate,42.6,72.2,0.7,3.9,271.0,140.0,,,,,,
2022-12-05T17:00,83,Moderate,35.0,60.1,0.8,3.0,258.0,131.0,,,,,,
2022-12-05T18:00,89,Moderate,35.6,61.7,0.8,2.7,254.0,130.0,,,,,,
2022-12-05T19:00,93,Moderate,35.9,62.4,0.9,2.3,249.0,129.0,,,,,,
2022-12-05T20:00,94,Moderate,36.2,63.1,0.9,2.0,247.0,128.0,,,,,,
2022-12-05T21:00,94,Moderate,36.3,63.1,1.0,2.0,254.0,127.0,,,,,,
2022-12-05T22:00,93,Moderate,36.8,63.8,1.0,2.1,265.0,125.0,,,,,,
2022-12-05T23:00,90,Moderate,38.0,65.7,1.1,2.7,282.0,123.0,,,,,,
2022-12-06T00:00,86,Moderate,39.7,68.5,1.2,3.3,296.0,122.0,,,,,,
2022-12-06T01:00,84,Moderate,41.6,71.9,1.2,4.1,311.0,121.0,,,,,,
2022-12-06T02:00,87,Moderate,43.4,75.2,1.3,6.1,330.0,119.0,,,,,,
2022-12-06T03:00,90,Moderate,45.5,79.4,1.3,8.6,342.0,116.0,,,,,,
2022-12-06T04:00,92,Moderate,47.5,82.9,1.4,11.7,353.0,112.0,,,,,,
2022-12-06T05:00,95,Moderate,44.8,77.3,2.0,15.2,386.0,106.0,,,,,,
2022-12-06T06:00,98,Moderate,48.1,82.9,2.2,19.5,390.0,106.0,,,,,,
2022-12-06T07:00,100,Moderate,51.1,88.2,2.5,25.6,396.0,105.0,,,,,,
2022-12-06T08:00,104,Unhealthy for Sensitive Groups,53.2,91.3,2.8,30.9,403.0,108.0,,,,,,
2022-12-06T09:00,108,Unhealthy for Sensitive Groups,54.7,93.4,2.8,30.3,406.0,114.0,,,,,,
2022-12-06T10:00,112,Unhealthy for Sensitive Groups,56.0,95.2,2.7,27.3,408.0,123.0,,,,,,
2022-12-06T11:00,115,Unhealthy for Sensitive Groups,55.6,93.8,2.4,23.0,407.0,133.0,,,,,,
2022-12-06T12:00,118,Unhealthy for Sensitive Groups,53.9,90.6,2.1,20.4,401.0,138.0,,,,,,
2022-12-06T13:00,120,Unhealthy for Sensitive Groups,51.9,87.5,1.7,17.7,391.0,142.0,,,,,,
2022-12-06T14:00,122,Unhealthy for Sensitive Groups,49.7,84.1,1.4,15.1,380.0,145.0,,,,,,
2022-12-06T15:00,123,Unhealthy for Sensitive Groups,48.1,82.0,1.5,14.3,376.0,145.0,,,,,,
2022-12-06T16:00,124,Unhealthy for Sensitive Groups,46.9,80.3,1.9,14.1,373.0,144.0,,,,,,
2022-12-06T17:00,124,Unhealthy for Sensitive Groups,45.2,75.2,2.2,11.5,349.0,138.0,,,,,,
2022-12-06T18:00,125,Unhealthy for Sensitive Groups,46.2,77.3,2.6,13.2,351.0,138.0,,,,,,
2022-12-06T19:00,126,Unhealthy for Sensitive Groups,47.5,79.4,3.0,15.6,354.0,137.0,,,,,,
2022-12-06T20:00,128,Unhealthy for Sensitive Groups,48.7,81.0,3.4,18.5,359.0,137.0,,,,,,
2022-12-06T21:00,129,Unhealthy for Sensitive Groups,49.7,82.2,3.3,20.0,363.0,139.0,,,,,,
2022-12-06T22:00,130,Unhealthy for Sensitive Groups,51.0,83.6,2.9,21.3,367.0,141.0,,,,,,
2022-12-06T23:00,132,Unhealthy for Sensitive Groups,53.4,87.5,2.4,22.4,373.0,143.0,,,,,,
2022-12-07T00:00,133,Unhealthy for Sensitive Groups,58.3,95.7,2.1,22.5,377.0,143.0,,,,,,
2022-12-07T01:00,135,Unhealthy for Sensitive Groups,63.3,104.3,1.9,22.1,382.0,141.0,,,,,,
2022-12-07T02:00,138,Unhealthy for Sensitive Groups,66.8,110.1,1.7,22.2,389.0,137.0,,,,,,
2022-12-07T03:00,140,Unhealthy for Sensitive Groups,68.5,113.2,1.8,23.5,395.0,131.0,,,,,,
2022-12-07T04:00,143,Unhealthy for Sensitive Groups,70.1,116.2,1.9,25.3,402.0,122.0,,,,,,
2022-12-07T05:00,145,Unhealthy for Sensitive Groups,66.8,111.1,2.2,29.0,422.0,112.0,,,,,,
2022-12-07T06:00,147,Unhealthy for Sensitive Groups,70.1,115.7,2.5,30.0,424.0,112.0,,,,,,
2022-12-07T07:00,149,Unhealthy for Sensitive Groups,71.7,117.6,2.8,31.3,428.0,112.0,,,,,,
2022-12-07T08:00,150,Unhealthy for Sensitive Groups,72.9,118.7,3.0,31.5,431.0,114.0,,,,,,
2022-12-07T09:00,151,Unhealthy,74.0,119.2,2.9,29.2,432.0,119.0,,,,,,
2022-12-07T10:00,152,Unhealthy,74.5,118.7,2.7,25.5,431.0,127.0,,,,,,
2022-12-07T11:00,152,Unhealthy,73.8,116.6,2.3,21.0,427.0,134.0,,,,,,
2022-12-07T12:00,153,Unhealthy,71.7,112.5,2.1,18.7,421.0,135.0,,,,,,
2022-12-07T13:00,153,Unhealthy,68.5,106.9,2.0,16.9,413.0,133.0,,,,,,
2022-12-07T14:00,154,Unhealthy,63.3,98.7,1.8,14.9,398.0,132.0,,,,,,
2022-12-07T15:00,154,Unhealthy,57.6,89.9,1.8,13.8,380.0,133.0,,,,,,
2022-12-07T16:00,154,Unhealthy,53.8,83.8,1.9,13.1,359.0,135.0,,,,,,
2022-12-07T17:00,155,Unhealthy,56.2,86.4,2.4,11.5,356.0,133.0,,,,,,
2022-12-07T18:00,155,Unhealthy,56.6,86.4,2.6,11.3,362.0,133.0,,,,,,
2022-12-07T19:00,155,Unhealthy,57.3,87.1,2.9,11.0,370.0,134.0,,,,,,
2022-12-07T20:00,156,Unhealthy,58.2,88.2,3.2,10.9,381.0,134.0,,,,,,
2022-12-07T21:00,156,Unhealthy,59.1,89.4,3.2,11.2,389.0,133.0,,,,,,
2022-12-07T22:00,156,Unhealthy,60.1,90.3,3.1,11.7,397.0,131.0,,,,,,
2022-12-07T23:00,156,Unhealthy,60.8,91.3,2.9,12.6,406.0,128.0,,,,,,
2022-12-08T00:00,157,Unhealthy,61.2,91.7,2.7,13.6,410.0,126.0,,,,,,
2022-12-08T01:00,157,Unhealthy,61.5,91.7,2.6,14.9,413.0,123.0,,,,,,
2022-12-08T02:00,157,Unhealthy,61.5,91.5,2.7,15.9,420.0,118.0,,,,,,
2022-12-08T03:00,156,Unhealthy,61.0,91.3,3.0,15.5,429.0,113.0,,,,,,
2022-12-08T04:00,156,Unhealthy,60.8,90.8,3.5,14.6,441.0,107.0,,,,,,
2022-12-08T05:00,156,Unhealthy,56.5,85.2,9.2,21.4,480.0,83.0,,,,,,
2022-12-08T06:00,156,Unhealthy,56.1,84.5,8.9,20.3,479.0,84.0,,,,,,
2022-12-08T07:00,155,Unhealthy,55.6,83.8,8.6,18.8,478.0,86.0,,,,,,
2022-12-08T08:00,155,Unhealthy,56.1,84.3,9.3,19.1,480.0,89.0,,,,,,
2022-12-08T09:00,154,Unhealthy,57.2,86.4,11.9,23.3,487.0,92.0,,,,,,
2022-12-08T10:00,154,Unhealthy,57.2,86.4,15.6,29.5,497.0,96.0,,,,,,
2022-12-08T11:00,153,Unhealthy,57.4,86.6,18.6,35.1,502.0,102.0,,,,,,
2022-12-08T12:00,153,Unhealthy,57.0,85.4,17.8,34.7,492.0,108.0,,,,,,
2022-12-08T13:00,152,Unhealthy,56.5,84.3,15.4,32.1,476.0,115.0,,,,,,
2022-12-08T14:00,152,Unhealthy,56.0,83.1,11.9,27.6,451.0,122.0,,,,,,
2022-12-08T15:00,152,Unhealthy,51.1,75.7,9.5,24.0,428.0,124.0,,,,,,
2022-12-08T16:00,152,Unhealthy,48.5,71.7,6.9,19.8,403.0,125.0,,,,,,
2022-12-08T17:00,151,Unhealthy,49.5,72.9,4.6,14.1,440.0,133.0,,,,,,
2022-12-08T18:00,151,Unhealthy,49.4,72.6,4.5,12.7,437.0,130.0,,,,,,
2022-12-08T19:00,151,Unhealthy,48.8,71.5,4.4,10.7,433.0,126.0,,,,,,
2022-12-08T20:00,151,Unhealthy,47.5,69.6,4.2,8.8,427.0,122.0,,,,,,
2022-12-08T21:00,150,Unhealthy for Sensitive Groups,45.4,66.6,3.7,8.1,420.0,121.0,,,,,,
2022-12-08T22:00,150,Unhealthy for Sensitive Groups,43.8,64.0,3.0,8.0,413.0,121.0,,,,,,
2022-12-08T23:00,148,Unhealthy for Sensitive Groups,43.1,62.6,3.0,9.5,407.0,120.0,,,,,,
2022-12-09T00:00,147,Unhealthy for Sensitive Groups,43.2,62.9,4.2,13.1,410.0,116.0,,,,,,
2022-12-09T01:00,145,Unhealthy for Sensitive Groups,43.8,63.8,6.1,18.0,417.0,111.0,,,,,,
2022-12-09T02:00,143,Unhealthy for Sensitive Groups,44.6,65.2,8.8,23.7,426.0,105.0,,,,,,
2022-12-09T03:00,141,Unhealthy for Sensitive Groups,44.6,65.4,11.2,26.7,433.0,102.0,,,,,,
2022-12-09T04:00,139,Unhealthy for Sensitive Groups,43.7,64.7,13.8,28.9,441.0,99.0,,,,,,
2022-12-09T05:00,138,Unhealthy for Sensitive Groups,22.2,33.8,6.4,14.5,297.0,100.0,,,,,,
2022-12-09T06:00,134,Unhealthy for Sensitive Groups,22.4,34.0,5.3,12.3,280.0,104.0,,,,,,
2022-12-09T07:00,130,Unhealthy for Sensitive Groups,22.2,33.9,3.8,9.2,257.0,110.0,,,,,,
2022-12-09T08:00,127,Unhealthy for Sensitive Groups,20.3,30.7,2.6,6.1,235.0,115.0,,,,,,
2022-12-09T09:00,123,Unhealthy for Sensitive Groups,21.0,31.4,3.0,5.4,234.0,113.0,,,,,,
2022-12-09T10:00,119,Unhealthy for Sensitive Groups,17.5,26.3,4.0,5.4,240.0,107.0,,,,,,
2022-12-09T11:00,115,Unhealthy for Sensitive Groups,17.6,26.4,5.4,6.0,254.0,103.0,,,,,,
2022-12-09T12:00,111,Unhealthy for Sensitive Groups,19.7,29.3,5.9,6.6,269.0,106.0,,,,,,
2022-12-09T13:00,107,Unhealthy for Sensitive Groups,21.6,32.0,6.2,7.3,289.0,113.0,,,,,,
2022-12-09T14:00,104,Unhealthy for Sensitive Groups,23.9,35.5,7.6,8.8,310.0,118.0,,,,,,
2022-12-09T15:00,100,Moderate,26.5,39.6,10.1,10.3,318.0,115.0,,,,,,
2022-12-09T16:00,98,Moderate,28.8,43.2,13.4,12.1,322.0,110.0,,,,,,
2022-12-09T17:00,97,Moderate,23.3,35.0,12.2,11.1,250.0,106.0,,,,,,
2022-12-09T18:00,95,Moderate,23.5,35.4,12.2,11.8,246.0,106.0,,,,,,
2022-12-09T19:00,93,Moderate,23.0,34.7,12.0,12.7,240.0,107.0,,,,,,
2022-12-09T20:00,91,Moderate,23.7,36.0,11.7,13.8,232.0,106.0,,,,,,
2022-12-09T21:00,89,Moderate,24.8,37.8,11.1,14.1,225.0,104.0,,,,,,
2022-12-09T22:00,87,Moderate,24.7,37.8,10.4,14.1,217.0,102.0,,,,,,
2022-12-09T23:00,86,Moderate,20.6,31.8,9.5,14.3,213.0,98.0,,,,,,
2022-12-10T00:00,84,Moderate,19.4,29.9,9.0,14.6,219.0,96.0,,,,,,
2022-12-10T01:00,82,Moderate,19.6,30.2,8.5,15.1,230.0,93.0,,,,,,
2022-12-10T02:00,80,Moderate,19.6,30.2,7.8,15.6,241.0,91.0,,,,,,
2022-12-10T03:00,78,Moderate,19.6,30.0,6.9,15.7,240.0,90.0,,,,,,
2022-12-10T04:00,76,Moderate,18.6,28.5,5.9,15.7,236.0,90.0,,,,,,
2022-12-10T05:00,74,Moderate,11.8,18.7,3.4,7.4,184.0,86.0,,,,,,
2022-12-10T06:00,73,Moderate,12.0,19.2,5.1,7.8,183.0,85.0,,,,,,
2022-12-10T07:00,73,Moderate,13.4,21.4,7.3,8.3,182.0,85.0,,,,,,
2022-12-10T08:00,72,Moderate,16.0,25.6,9.4,9.2,185.0,88.0,,,,,,
2022-12-10T09:00,72,Moderate,19.3,31.0,9.1,10.2,193.0,97.0,,,,,,
2022-12-10T10:00,71,Moderate,22.5,36.2,7.9,11.4,205.0,109.0,,,,,,
2022-12-10T11:00,72,Moderate,24.4,38.9,6.5,12.6,218.0,122.0,,,,,,
2022-12-10T12:00,72,Moderate,25.5,40.4,5.8,12.6,223.0,126.0,,,,,,
2022-12-10T13:00,73,Moderate,25.1,39.7,5.3,12.1,226.0,126.0,,,,,,
2022-12-10T14:00,73,Moderate,24.3,38.8,5.3,11.7,230.0,126.0,,,,,,
2022-12-10T15:00,73,Moderate,23.6,37.8,6.4,11.8,235.0,126.0,,,,,,
2022-12-10T16:00,73,Moderate,23.2,37.4,8.1,12.1,240.0,125.0,,,,,,
2022-12-10T17:00,72,Moderate,22.5,34.7,12.7,15.5,222.0,99.0,,,,,,
2022-12-10T18:00,72,Moderate,22.3,34.6,12.5,14.1,220.0,100.0,,,,,,
2022-12-10T19:00,72,Moderate,21.5,33.8,12.2,12.1,218.0,101.0,,,,,,
2022-12-10T20:00,72,Moderate,19.3,30.7,11.9,10.3,217.0,101.0,,,,,,
2022-12-10T21:00,72,Moderate,17.7,28.4,11.8,10.2,218.0,97.0,,,,,,
2022-12-10T22:00,71,Moderate,16.6,26.7,11.8,10.8,221.0,92.0,,,,,,
2022-12-10T23:00,71,Moderate,16.4,26.2,11.4,11.7,227.0,87.0,,,,,,
2022-12-11T00:00,70,Moderate,16.9,27.0,10.7,12.4,235.0,86.0,,,,,,
2022-12-11T01:00,70,Moderate,18.2,29.0,9.8,13.2,244.0,87.0,,,,,,
2022-12-11T02:00,70,Moderate,19.5,31.2,8.4,14.0,253.0,89.0,,,,,,
2022-12-11T03:00,70,Moderate,20.3,32.8,7.3,14.3,254.0,90.0,,,,,,
2022-12-11T04:00,70,Moderate,20.6,33.3,6.2,14.3,252.0,91.0,,,,,,
2022-12-11T05:00,70,Moderate,13.3,22.0,2.2,7.1,171.0,98.0,,,,,,
2022-12-11T06:00,70,Moderate,12.1,19.8,3.4,7.5,175.0,98.0,,,,,,
2022-12-11T07:00,70,Moderate,10.7,17.4,5.1,8.0,180.0,97.0,,,,,,
2022-12-11T08:00,70,Moderate,10.7,17.3,6.7,8.8,188.0,99.0,,,,,,
2022-12-11T09:00,70,Moderate,11.5,18.2,6.6,9.4,194.0,103.0,,,,,,
2022-12-11T10:00,69,Moderate,12.9,20.3,6.0,10.1,200.0,108.0,,,,,,
2022-12-11T11:00,68,Moderate,15.1,23.6,5.0,10.6,208.0,115.0,,,,,,
2022-12-11T12:00,68,Moderate,16.6,25.8,4.2,10.5,213.0,121.0,,,,,,
2022-12-11T13:00,67,Moderate,17.6,27.5,3.3,10.0,216.0,128.0,,,,,,
2022-12-11T14:00,66,Moderate,18.4,29.1,3.0,9.4,221.0,132.0,,,,,,
2022-12-11T15:00,66,Moderate,18.9,30.3,4.0,9.0,223.0,129.0,,,,,,
2022-12-11T16:00,65,Moderate,18.3,29.4,5.7,8.6,225.0,124.0,,,,,,
2022-12-11T17:00,71,Moderate,15.7,23.9,7.7,6.0,234.0,117.0,,,,,,
2022-12-11T18:00,74,Moderate,14.9,22.5,9.6,6.6,240.0,112.0,,,,,,
2022-12-11T19:00,75,Moderate,14.7,22.0,12.3,7.6,249.0,104.0,,,,,,
2022-12-11T20:00,72,Moderate,14.3,21.5,15.1,8.7,260.0,96.0,,,,,,
2022-12-11T21:00,67,Moderate,13.6,20.5,15.3,9.1,266.0,94.0,,,,,,
2022-12-11T22:00,63,Moderate,13.0,19.6,14.6,9.3,270.0,93.0,,,,,,
2022-12-11T23:00,62,Moderate,13.5,20.3,15.8,9.7,277.0,90.0,,,,,,
2022-12-12T00:00,62,Moderate,13.9,21.0,20.5,10.0,283.0,84.0,,,,,,
2022-12-12T01:00,62,Moderate,14.9,22.4,27.2,10.4,288.0,77.0,,,,,,
2022-12-12T02:00,62,Moderate,15.1,22.7,34.3,11.4,296.0,69.0,,,,,,
2022-12-12T03:00,61,Moderate,15.7,23.4,36.7,12.9,301.0,66.0,,,,,,
2022-12-12T04:00,61,Moderate,15.8,23.5,37.6,14.7,306.0,64.0,,,,,,
2022-12-12T05:00,61,Moderate,16.8,25.2,25.4,15.8,328.0,66.0,,,,,,
2022-12-12T06:00,61,Moderate,16.9,25.4,24.5,16.8,333.0,67.0,,,,,,
2022-12-12T07:00,61,Moderate,17.8,26.7,23.2,18.2,339.0,68.0,,,,,,
2022-12-12T08:00,62,Moderate,18.0,27.0,21.3,20.2,345.0,73.0,,,,,,
2022-12-12T09:00,62,Moderate,17.8,26.7,19.7,21.7,344.0,79.0,,,,,,
2022-12-12T10:00,63,Moderate,19.2,28.7,18.0,23.3,339.0,87.0,,,,,,
2022-12-12T11:00,63,Moderate,20.3,30.2,15.6,24.8,333.0,99.0,,,,,,
2022-12-12T12:00,64,Moderate,21.8,32.6,13.3,25.1,329.0,112.0,,,,,,
2022-12-12T13:00,64,Moderate,23.9,35.9,10.8,25.0,325.0,126.0,,,,,,
2022-12-12T14:00,65,Moderate,23.4,35.5,8.8,24.3,317.0,139.0,,,,,,
2022-12-12T15:00,65,Moderate,23.1,35.4,9.0,23.2,306.0,139.0,,,,,,
2022-12-12T16:00,65,Moderate,22.2,34.8,10.2,21.6,292.0,135.0,,,,,,
2022-12-12T17:00,66,Moderate,18.1,31.3,5.1,7.2,225.0,125.0,,,,,,
2022-12-12T18:00,71,Moderate,18.0,30.5,7.6,8.3,223.0,116.0,,,,,,
2022-12-12T19:00,77,Moderate,18.3,30.5,11.0,9.9,221.0,103.0,,,,,,
2022-12-12T20:00,78,Moderate,19.2,31.8,14.5,11.9,219.0,89.0,,,,,,
2022-12-12T21:00,73,Moderate,20.0,33.4,15.0,13.0,219.0,85.0,,,,,,
2022-12-12T22:00,67,Moderate,20.5,34.3,14.5,14.0,219.0,84.0,,,,,,
2022-12-12T23:00,68,Moderate,21.0,35.2,14.0,15.2,220.0,82.0,,,,,,
2022-12-13T00:00,69,Moderate,21.7,36.2,14.5,16.0,220.0,80.0,,,,,,
2022-12-13T01:00,69,Moderate,22.1,37.1,15.2,16.8,221.0,77.0,,,,,,
2022-12-13T02:00,70,Moderate,22.6,38.0,16.6,17.3,226.0,73.0,,,,,,
2022-12-13T03:00,70,Moderate,22.5,37.8,18.2,16.7,236.0,69.0,,,,,,
2022-12-13T04:00,71,Moderate,22.4,37.5,20.2,15.6,249.0,64.0,,,,,,
2022-12-13T05:00,71,Moderate,18.8,29.4,18.6,18.6,314.0,65.0,,,,,,
2022-12-13T06:00,72,Moderate,18.4,28.6,17.3,18.4,315.0,69.0,,,,,,
2022-12-13T07:00,72,Moderate,17.2,26.7,15.3,18.0,315.0,75.0,,,,,,
2022-12-13T08:00,72,Moderate,16.5,25.6,12.3,17.2,312.0,85.0,,,,,,
2022-12-13T09:00,71,Moderate,16.6,26.0,9.6,16.5,304.0,96.0,,,,,,
2022-12-13T10:00,71,Moderate,18.1,28.4,6.6,15.7,293.0,109.0,,,,,,
2022-12-13T11:00,71,Moderate,19.6,30.9,3.4,14.3,277.0,123.0,,,,,,
2022-12-13T12:00,71,Moderate,21.8,34.2,2.1,12.8,266.0,128.0,,,,,,
2022-12-13T13:00,71,Moderate,22.8,35.9,1.4,11.1,256.0,131.0,,,,,,
2022-12-13T14:00,71,Moderate,23.2,36.9,1.0,9.3,243.0,133.0,,,,,,
2022-12-13T15:00,71,Moderate,23.2,37.6,0.8,8.9,236.0,134.0,,,,,,
2022-12-13T16:00,71,Moderate,23.1,38.2,0.9,9.0,230.0,135.0,,,,,,
2022-12-13T17:00,77,Moderate,0.7,1.0,0.0,0.6,60.0,30.0,,,,,,
2022-12-13T18:00,70,Moderate,0.7,1.0,0.0,0.6,60.0,30.0,,,,,,
2022-12-13T19:00,68,Moderate,0.7,1.1,0.0,0.6,60.0,29.0,,,,,,
2022-12-13T20:00,67,Moderate,0.8,1.1,0.0,0.6,60.0,29.0,,,,,,
2022-12-13T21:00,66,Moderate,0.8,1.1,0.0,0.6,60.0,29.0,,,,,,
2022-12-13T22:00,64,Moderate,0.8,1.1,0.0,0.6,60.0,29.0,,,,,,
2022-12-13T23:00,63,Moderate,0.8,1.1,0.0,0.6,60.0,29.0,,,,,,
2022-12-14T00:00,61,Moderate,0.8,1.2,0.0,0.6,60.0,29.0,,,,,,
2022-12-14T01:00,59,Moderate,0.8,1.2,0.0,0.7,59.0,28.0,,,,,,
2022-12-14T02:00,58,Moderate,0.8,1.2,0.0,0.7,59.0,28.0,,,,,,
2022-12-14T03:00,56,Moderate,0.8,1.2,0.0,0.7,59.0,28.0,,,,,,
2022-12-14T04:00,54,Moderate,0.8,1.2,0.0,0.7,59.0,27.0,,,,,,
2022-12-14T05:00,53,Moderate,0.8,1.2,0.0,0.7,59.0,27.0,,,,,,
2022-12-14T06:00,51,Moderate,0.8,1.2,0.0,0.7,59.0,27.0,,,,,,
2022-12-14T07:00,49,Good,0.8,1.2,0.0,0.8,59.0,26.0,,,,,,
2022-12-14T08:00,46,Good,0.8,1.2,0.0,0.8,59.0,26.0,,,,,,
2022-12-14T09:00,42,Good,0.8,1.1,0.0,0.8,59.0,26.0,,,,,,
2022-12-14T10:00,38,Good,0.8,1.1,0.0,0.8,59.0,26.0,,,,,,
2022-12-14T11:00,34,Good,0.8,1.1,0.0,0.8,59.0,26.0,,,,,,
2022-12-14T12:00,30,Good,0.7,1.0,0.0,0.8,59.0,26.0,,,,,,
2022-12-14T13:00,25,Good,0.7,1.0,0.0,0.8,59.0,25.0,,,,,,
2022-12-14T14:00,20,Good,0.7,1.0,0.0,0.8,59.0,25.0,,,,,,
2022-12-14T15:00,15,Good,0.7,1.0,0.0,0.8,59.0,25.0,,,,,,
2022-12-14T16:00,12,Good,0.7,1.0,0.0,0.8,59.0,26.0,,,,,,
2022-12-14T17:00,12,Good,0.7,1.0,0.0,0.8,59.0,26.0,,,,,,
2022-12-14T18:00,12,Good,0.7,1.0,0.0,0.8,59.0,26.0,,,,,,
2022-12-14T19:00,12,Good,0.8,1.1,0.0,0.8,59.0,27.0,,,,,,
2022-12-14T20:00,12,Good,0.8,1.1,0.0,0.8,59.0,28.0,,,,,,
2022-12-14T21:00,12,Good,0.8,1.2,0.0,0.7,59.0,29.0,,,,,,
2022-12-14T22:00,12,Good,0.8,1.1,0.0,0.7,59.0,30.0,,,,,,
2022-12-14T23:00,13,Good,0.8,1.1,0.0,0.6,59.0,31.0,,,,,,
2022-12-15T00:00,13,Good,0.7,1.0,0.0,0.6,59.0,32.0,,,,,,
2022-12-15T01:00,13,Good,0.6,0.9,0.0,0.5,60.0,32.0,,,,,,
2022-12-15T02:00,14,Good,0.5,0.7,0.0,0.4,61.0,33.0,,,,,,
2022-12-15T03:00,14,Good,0.5,0.7,0.0,0.4,61.0,33.0,,,,,,
2022-12-15T04:00,14,Good,0.4,0.6,0.0,0.4,62.0,33.0,,,,,,
2022-12-15T05:00,15,Good,0.7,1.0,0.0,0.4,62.0,33.0,,,,,,
2022-12-15T06:00,15,Good,0.7,1.0,0.0,0.4,62.0,33.0,,,,,,
2022-12-15T07:00,15,Good,0.7,1.0,0.0,0.4,62.0,32.0,,,,,,
2022-12-15T08:00,15,Good,0.7,1.0,0.0,0.4,62.0,32.0,,,,,,
2022-12-15T09:00,15,Good,0.7,1.0,0.0,0.4,62.0,32.0,,,,,,
2022-12-15T10:00,15,Good,0.7,1.0,0.0,0.4,63.0,32.0,,,,,,
2022-12-15T11:00,15,Good,0.7,1.1,0.0,0.4,63.0,32.0,,,,,,
2022-12-15T12:00,15,Good,0.8,1.1,0.0,0.4,63.0,33.0,,,,,,
2022-12-15T13:00,15,Good,0.8,1.2,0.0,0.3,63.0,33.0,,,,,,
2022-12-15T14:00,15,Good,0.9,1.2,0.0,0.3,63.0,34.0,,,,,,
2022-12-15T15:00,15,Good,0.9,1.2,0.0,0.3,63.0,34.0,,,,,,
2022-12-15T16:00,15,Good,0.9,1.2,0.0,0.3,63.0,34.0,,,,,,
2022-12-15T17:00,15,Good,0.7,0.9,0.0,0.3,63.0,35.0,,,,,,
2022-12-15T18:00,15,Good,0.7,1.0,0.0,0.3,63.0,35.0,,,,,,
2022-12-15T19:00,16,Good,0.7,1.1,0.0,0.3,63.0,35.0,,,,,,
2022-12-15T20:00,16,Good,0.7,1.0,0.0,0.3,63.0,35.0,,,,,,
2022-12-15T21:00,16,Good,0.7,1.0,0.0,0.3,63.0,35.0,,,,,,
2022-12-15T22:00,16,Good,0.7,0.9,0.0,0.3,63.0,35.0,,,,,,
2022-12-15T23:00,16,Good,0.7,1.0,0.0,0.3,63.0,35.0,,,,,,
2022-12-16T00:00,16,Good,0.7,1.0,0.0,0.3,63.0,35.0,,,,,,
2022-12-16T01:00,16,Good,0.8,1.1,0.0,0.3,63.0,35.0,,,,,,
2022-12-16T02:00,16,Good,0.9,1.2,0.0,0.3,63.0,35.0,,,,,,
2022-12-16T03:00,16,Good,0.9,1.3,0.0,0.3,63.0,35.0,,,,,,
2022-12-16T04:00,16,Good,1.0,1.4,0.0,0.3,62.0,35.0,,,,,,
2022-12-16T05:00,16,Good,22.0,38.4,4.0,18.6,211.0,74.0,,,,,,
2022-12-16T06:00,18,Good,23.1,40.2,4.6,21.0,216.0,75.0,,,,,,
2022-12-16T07:00,21,Good,24.1,41.9,5.5,24.5,222.0,76.0,,,,,,
2022-12-16T08:00,23,Good,25.3,43.9,6.1,27.0,228.0,78.0,,,,,,
2022-12-16T09:00,26,Good,27.0,46.4,5.7,25.5,228.0,80.0,,,,,,
2022-12-16T10:00,32,Good,29.5,50.5,4.9,22.3,225.0,83.0,,,,,,
2022-12-16T11:00,38,Good,29.9,51.1,3.7,17.7,221.0,88.0,,,,,,
2022-12-16T12:00,45,Good,30.7,52.3,2.8,14.3,217.0,95.0,,,,,,
2022-12-16T13:00,51,Moderate,30.4,51.5,1.9,10.7,212.0,103.0,,,,,,
2022-12-16T14:00,53,Moderate,29.7,50.5,1.0,6.9,208.0,111.0,,,,,,
2022-12-16T15:00,55,Moderate,29.1,49.8,1.0,5.6,208.0,112.0,,,,,,
2022-12-16T16:00,57,Moderate,28.6,49.6,1.3,5.1,210.0,111.0,,,,,,
2022-12-16T17:00,60,Moderate,25.4,44.1,0.9,4.2,205.0,113.0,,,,,,
2022-12-16T18:00,62,Moderate,26.0,46.0,1.0,3.8,210.0,115.0,,,,,,
2022-12-16T19:00,64,Moderate,26.8,48.2,1.1,3.1,218.0,117.0,,,,,,
2022-12-16T20:00,66,Moderate,27.0,49.2,1.3,2.7,229.0,119.0,,,,,,
2022-12-16T21:00,68,Moderate,26.7,49.0,1.4,2.8,236.0,120.0,,,,,,
2022-12-16T22:00,70,Moderate,26.5,48.9,1.6,3.3,243.0,120.0,,,,,,
2022-12-16T23:00,72,Moderate,26.5,49.4,1.8,4.3,251.0,119.0,,,,,,
2022-12-17T00:00,74,Moderate,26.8,49.9,1.8,5.3,256.0,117.0,,,,,,
2022-12-17T01:00,76,Moderate,27.2,50.8,1.7,6.7,260.0,115.0,,,,,,
2022-12-17T02:00,78,Moderate,28.0,52.2,1.7,8.7,265.0,111.0,,,,,,
2022-12-17T03:00,80,Moderate,29.0,53.9,1.6,10.1,267.0,108.0,,,,,,
2022-12-17T04:00,82,Moderate,30.0,55.6,1.5,11.6,269.0,105.0,,,,,,
2022-12-17T05:00,85,Moderate,31.0,57.6,2.0,15.1,300.0,98.0,,,,,,
2022-12-17T06:00,85,Moderate,32.2,59.8,2.5,19.2,304.0,96.0,,,,,,
2022-12-17T07:00,86,Moderate,33.5,61.7,3.3,25.0,310.0,92.0,,,,,,
2022-12-17T08:00,87,Moderate,35.0,64.3,4.0,30.0,312.0,89.0,,,,,,
2022-12-17T09:00,87,Moderate,36.8,67.1,4.0,29.2,306.0,88.0,,,,,,
2022-12-17T10:00,88,Moderate,37.8,67.8,3.7,26.1,296.0,87.0,,,,,,
2022-12-17T11:00,89,Moderate,37.1,65.2,3.2,21.3,282.0,89.0,,,,,,
2022-12-17T12:00,89,Moderate,35.6,62.2,2.7,17.9,273.0,94.0,,,,,,
2022-12-17T13:00,90,Moderate,34.5,59.8,2.2,14.2,265.0,100.0,,,,,,
2022-12-17T14:00,90,Moderate,33.6,58.8,1.6,9.9,255.0,110.0,,,,,,
2022-12-17T15:00,90,Moderate,32.4,57.4,1.3,7.6,250.0,118.0,,,,,,
2022-12-17T16:00,91,Moderate,31.0,55.9,1.2,5.7,246.0,127.0,,,,,,
2022-12-17T17:00,91,Moderate,30.3,54.4,1.1,5.0,243.0,131.0,,,,,,
2022-12-17T18:00,91,Moderate,29.2,53.1,1.2,4.5,241.0,129.0,,,,,,
2022-12-17T19:00,92,Moderate,28.1,51.3,1.4,3.8,239.0,126.0,,,,,,
2022-12-17T20:00,92,Moderate,27.4,50.2,1.7,3.3,238.0,121.0,,,,,,
2022-12-17T21:00,92,Moderate,27.0,49.6,1.9,3.5,240.0,117.0,,,,,,
2022-12-17T22:00,92,Moderate,27.0,49.9,2.1,4.1,245.0,113.0,,,,,,
2022-12-17T23:00,92,Moderate,27.5,51.0,2.3,5.6,251.0,107.0,,,,,,
2022-12-18T00:00,92,Moderate,28.3,52.9,2.4,7.6,256.0,103.0,,,,,,
2022-12-18T01:00,92,Moderate,29.2,54.9,2.5,10.2,262.0,100.0,,,,,,
2022-12-18T02:00,92,Moderate,30.3,57.2,2.7,13.8,268.0,96.0,,,,,,
2022-12-18T03:00,92,Moderate,31.1,59.0,2.8,16.6,271.0,93.0,,,,,,
2022-12-18T04:00,92,Moderate,32.1,61.2,3.1,19.5,274.0,91.0,,,,,,
2022-12-18T05:00,93,Moderate,32.1,61.9,3.6,21.1,286.0,83.0,,,,,,
2022-12-18T06:00,93,Moderate,33.2,63.8,4.2,23.2,288.0,83.0,,,,,,
2022-12-18T07:00,93,Moderate,33.9,64.5,5.0,26.1,290.0,84.0,,,,,,
2022-12-18T08:00,93,Moderate,35.0,65.2,5.5,27.6,292.0,89.0,,,,,,
2022-12-18T09:00,93,Moderate,35.9,64.7,4.8,25.0,292.0,98.0,,,,,,
2022-12-18T10:00,93,Moderate,36.3,63.8,3.6,20.4,291.0,111.0,,,,,,
2022-12-18T11:00,93,Moderate,34.8,59.6,2.1,14.7,288.0,125.0,,,,,,
2022-12-18T12:00,92,Moderate,35.3,59.6,1.5,11.8,286.0,131.0,,,,,,
2022-12-18T13:00,92,Moderate,33.1,55.5,1.2,9.5,284.0,135.0,,,,,,
2022-12-18T14:00,92,Moderate,30.7,52.2,0.9,6.9,273.0,136.0,,,,,,
2022-12-18T15:00,92,Moderate,29.9,52.4,0.7,5.4,253.0,134.0,,,,,,
2022-12-18T16:00,92,Moderate,29.3,53.3,0.6,4.3,227.0,129.0,,,,,,
2022-12-18T17:00,92,Moderate,30.4,54.7,0.9,4.6,227.0,134.0,,,,,,
2022-12-18T18:00,92,Moderate,28.2,51.8,1.0,4.3,222.0,129.0,,,,,,
2022-12-18T19:00,92,Moderate,26.8,49.4,1.1,4.0,215.0,122.0,,,,,,
2022-12-18T20:00,92,Moderate,26.1,48.0,1.4,3.7,210.0,114.0,,,,,,
2022-12-18T21:00,91,Moderate,25.4,46.9,1.6,3.7,212.0,111.0,,,,,,
2022-12-18T22:00,91,Moderate,24.9,46.0,1.8,3.8,217.0,110.0,,,,,,
2022-12-18T23:00,91,Moderate,24.3,45.3,2.1,4.3,224.0,109.0,,,,,,
2022-12-19T00:00,91,Moderate,23.6,44.6,2.2,4.8,227.0,108.0,,,,,,
2022-12-19T01:00,91,Moderate,23.9,45.8,2.3,5.4,230.0,107.0,,,,,,
2022-12-19T02:00,90,Moderate,24.1,46.7,2.5,7.1,235.0,104.0,,,,,,
2022-12-19T03:00,90,Moderate,24.7,48.2,2.8,9.6,241.0,99.0,,,,,,
2022-12-19T04:00,89,Moderate,25.8,50.9,3.2,12.9,248.0,94.0,,,,,,
2022-12-19T05:00,89,Moderate,26.3,52.4,3.7,18.7,265.0,86.0,,,,,,
2022-12-19T06:00,88,Moderate,25.7,51.2,3.7,19.9,263.0,88.0,,,,,,
2022-12-19T07:00,88,Moderate,25.1,49.4,3.8,21.4,259.0,90.0,,,,,,
2022-12-19T08:00,87,Moderate,24.7,47.6,3.5,21.6,252.0,94.0,,,,,,
2022-12-19T09:00,86,Moderate,24.2,45.4,3.0,18.8,242.0,98.0,,,,,,
2022-12-19T10:00,85,Moderate,23.9,43.4,2.2,14.4,230.0,103.0,,,,,,
2022-12-19T11:00,84,Moderate,24.2,42.7,1.4,9.3,216.0,108.0,,,,,,
2022-12-19T12:00,83,Moderate,26.5,46.0,1.1,7.2,211.0,110.0,,,,,,
2022-12-19T13:00,83,Moderate,25.1,43.1,1.0,5.9,208.0,110.0,,,,,,
2022-12-19T14:00,82,Moderate,25.8,44.2,1.0,5.0,207.0,110.0,,,,,,
2022-12-19T15:00,82,Moderate,27.9,47.8,1.3,4.8,208.0,110.0,,,,,,
2022-12-19T16:00,82,Moderate,28.4,48.7,1.7,5.1,212.0,110.0,,,,,,
2022-12-19T17:00,81,Moderate,28.8,48.7,2.6,4.4,221.0,102.0,,,,,,
2022-12-19T18:00,81,Moderate,30.7,52.0,3.3,5.7,226.0,101.0,,,,,,
2022-12-19T19:00,82,Moderate,33.4,56.8,4.2,7.5,233.0,99.0,,,,,,
2022-12-19T20:00,82,Moderate,35.4,60.3,5.1,9.5,243.0,97.0,,,,,,
2022-12-19T21:00,83,Moderate,35.6,61.0,5.0,9.9,251.0,97.0,,,,,,
2022-12-19T22:00,84,Moderate,35.0,60.8,4.6,9.8,261.0,97.0,,,,,,
2022-12-19T23:00,84,Moderate,34.5,60.8,4.1,10.0,268.0,96.0,,,,,,
2022-12-20T00:00,85,Moderate,33.8,59.8,4.1,10.8,266.0,93.0,,,,,,
2022-12-20T01:00,86,Moderate,32.8,58.3,4.1,11.8,261.0,88.0,,,,,,
2022-12-20T02:00,87,Moderate,32.4,57.4,4.4,13.8,256.0,82.0,,,,,,
2022-12-20T03:00,87,Moderate,32.9,58.9,4.9,16.1,257.0,77.0,,,,,,
2022-12-20T04:00,88,Moderate,32.7,59.0,5.5,18.8,261.0,72.0,,,,,,
2022-12-20T05:00,89,Moderate,35.6,64.7,6.1,23.4,271.0,67.0,,,,,,
2022-12-20T06:00,89,Moderate,35.5,64.7,6.3,23.9,277.0,67.0,,,,,,
2022-12-20T07:00,90,Moderate,35.5,65.0,6.7,24.5,286.0,67.0,,,,,,
2022-12-20T08:00,91,Moderate,35.4,64.3,6.5,24.2,295.0,72.0,,,,,,
2022-12-20T09:00,92,Moderate,35.2,63.1,5.3,22.0,297.0,82.0,,,,,,
2022-12-20T10:00,93,Moderate,35.2,61.7,3.6,18.8,297.0,96.0,,,,,,
2022-12-20T11:00,93,Moderate,34.1,58.8,1.7,14.8,296.0,112.0,,,,,,
2022-12-20T12:00,94,Moderate,34.1,58.7,1.2,12.7,296.0,118.0,,,,,,
2022-12-20T13:00,95,Moderate,32.5,55.5,1.2,10.8,297.0,121.0,,,,,,
2022-12-20T14:00,95,Moderate,29.5,50.5,1.2,8.6,296.0,123.0,,,,,,
2022-12-20T15:00,96,Moderate,25.7,44.4,1.3,6.9,293.0,123.0,,,,,,
2022-12-20T16:00,95,Moderate,22.9,40.0,1.4,5.2,288.0,122.0,,,,,,
2022-12-20T17:00,95,Moderate,27.2,46.8,1.8,5.6,286.0,120.0,,,,,,
2022-12-20T18:00,95,Moderate,26.5,45.5,2.0,5.3,288.0,117.0,,,,,,
2022-12-20T19:00,95,Moderate,26.2,45.1,2.3,4.8,290.0,113.0,,,,,,
2022-12-20T20:00,94,Moderate,26.6,45.6,2.7,4.7,294.0,108.0,,,,,,
2022-12-20T21:00,93,Moderate,26.9,46.2,3.0,5.2,297.0,104.0,,,,,,
2022-12-20T22:00,93,Moderate,27.1,46.9,3.4,6.1,299.0,100.0,,,,,,
2022-12-20T23:00,92,Moderate,27.5,48.0,3.9,8.2,303.0,95.0,,,,,,
2022-12-21T00:00,91,Moderate,28.5,49.8,4.2,10.8,305.0,91.0,,,,,,
2022-12-21T01:00,91,Moderate,29.7,52.0,4.5,14.0,308.0,88.0,,,,,,
2022-12-21T02:00,91,Moderate,30.7,53.8,4.8,18.1,311.0,84.0,,,,,,
2022-12-21T03:00,91,Moderate,31.9,56.0,5.0,20.8,314.0,81.0,,,,,,
2022-12-21T04:00,91,Moderate,33.3,58.2,5.1,23.3,318.0,78.0,,,,,,
2022-12-21T05:00,91,Moderate,32.4,56.5,5.0,23.3,317.0,77.0,,,,,,
2022-12-21T06:00,90,Moderate,33.3,58.1,4.7,22.2,317.0,79.0,,,,,,
2022-12-21T07:00,90,Moderate,33.3,57.9,4.2,20.5,318.0,82.0,,,,,,
2022-12-21T08:00,90,Moderate,33.1,56.8,3.5,17.7,318.0,88.0,,,,,,
2022-12-21T09:00,90,Moderate,32.9,56.1,2.7,14.8,317.0,94.0,,,,,,
2022-12-21T10:00,90,Moderate,32.5,54.6,1.9,11.4,316.0,102.0,,,,,,
2022-12-21T11:00,89,Moderate,30.7,51.5,1.1,7.9,315.0,110.0,,,,,,
2022-12-21T12:00,89,Moderate,29.5,49.0,0.8,6.7,315.0,114.0,,,,,,
2022-12-21T13:00,89,Moderate,28.6,47.4,0.6,6.3,316.0,117.0,,,,,,
2022-12-21T14:00,89,Moderate,27.6,45.6,0.9,6.4,318.0,120.0,,,,,,
2022-12-21T15:00,88,Moderate,26.8,44.6,1.7,6.9,320.0,121.0,,,,,,
2022-12-21T16:00,88,Moderate,25.6,43.0,2.7,7.7,323.0,122.0,,,,,,
2022-12-21T17:00,89,Moderate,27.1,45.3,3.4,8.5,327.0,123.0,,,,,,
2022-12-21T18:00,89,Moderate,25.7,43.2,4.0,8.7,326.0,117.0,,,,,,
2022-12-21T19:00,89,Moderate,25.3,42.6,4.9,8.9,326.0,109.0,,,,,,
2022-12-21T20:00,89,Moderate,26.1,44.1,5.8,9.8,326.0,100.0,,,,,,
2022-12-21T21:00,89,Moderate,27.4,46.6,6.0,11.3,329.0,96.0,,,,,,
2022-12-21T22:00,89,Moderate,28.8,49.4,5.9,13.3,333.0,93.0,,,,,,
2022-12-21T23:00,89,Moderate,30.3,52.0,5.8,16.0,337.0,90.0,,,,,,
2022-12-22T00:00,89,Moderate,31.2,54.0,5.8,18.3,338.0,87.0,,,,,,
2022-12-22T01:00,89,Moderate,31.5,55.1,5.9,20.7,338.0,83.0,,,,,,
2022-12-22T02:00,89,Moderate,31.9,55.8,5.8,22.8,335.0,79.0,,,,,,
2022-12-22T03:00,89,Moderate,31.8,55.6,5.6,23.0,331.0,76.0,,,,,,
2022-12-22T04:00,89,Moderate,30.9,54.0,5.4,22.5,324.0,74.0,,,,,,
2022-12-22T05:00,89,Moderate,28.9,49.8,4.4,18.9,313.0,76.0,,,,,,
2022-12-22T06:00,89,Moderate,27.5,47.0,3.9,16.3,303.0,79.0,,,,,,
2022-12-22T07:00,88,Moderate,26.3,44.7,3.2,12.6,288.0,83.0,,,,,,
2022-12-22T08:00,88,Moderate,25.4,43.0,2.3,8.3,270.0,89.0,,,,,,
2022-12-22T09:00,87,Moderate,24.7,41.6,1.8,6.5,259.0,95.0,,,,,,
2022-12-22T10:00,87,Moderate,25.1,41.8,1.4,5.3,249.0,102.0,,,,,,
2022-12-22T11:00,86,Moderate,26.5,43.7,1.0,4.5,239.0,110.0,,,,,,
2022-12-22T12:00,86,Moderate,28.7,47.0,0.9,4.6,236.0,115.0,,,,,,
2022-12-22T13:00,86,Moderate,30.7,50.6,0.8,5.2,236.0,119.0,,,,,,
2022-12-22T14:00,86,Moderate,31.4,51.9,0.9,5.9,236.0,124.0,,,,,,
2022-12-22T15:00,86,Moderate,31.7,52.6,1.1,6.2,235.0,126.0,,,,,,
2022-12-22T16:00,87,Moderate,31.7,52.7,1.4,6.4,234.0,128.0,,,,,,
2022-12-22T17:00,87,Moderate,33.4,56.1,1.7,7.5,240.0,129.0,,,,,,
2022-12-22T18:00,87,Moderate,35.2,59.1,1.9,7.5,242.0,127.0,,,,,,
2022-12-22T19:00,88,Moderate,36.3,61.2,2.3,7.4,245.0,125.0,,,,,,
2022-12-22T20:00,89,Moderate,37.1,62.9,2.7,7.7,252.0,123.0,,,,,,
2022-12-22T21:00,90,Moderate,37.8,64.3,2.8,8.3,259.0,123.0,,,,,,
2022-12-22T22:00,91,Moderate,38.9,66.1,2.8,9.1,268.0,124.0,,,,,,
2022-12-22T23:00,92,Moderate,40.3,68.9,2.8,11.3,280.0,125.0,,,,,,
2022-12-23T00:00,92,Moderate,41.6,71.7,2.8,14.3,289.0,124.0,,,,,,
2022-12-23T01:00,93,Moderate,43.0,75.0,2.8,18.1,298.0,122.0,,,,,,
2022-12-23T02:00,94,Moderate,44.6,78.5,2.7,22.7,312.0,119.0,,,,,,
2022-12-23T03:00,95,Moderate,46.2,81.5,2.8,25.5,324.0,115.0,,,,,,
2022-12-23T04:00,96,Moderate,47.7,84.1,2.8,27.8,338.0,111.0,,,,,,
2022-12-23T05:00,98,Moderate,48.1,83.8,2.9,28.8,348.0,107.0,,,,,,
2022-12-23T06:00,99,Moderate,49.0,84.5,3.0,27.2,351.0,107.0,,,,,,
2022-12-23T07:00,101,Unhealthy for Sensitive Groups,49.7,85.0,3.1,24.8,356.0,107.0,,,,,,
2022-12-23T08:00,103,Unhealthy for Sensitive Groups,50.6,85.7,3.1,21.5,363.0,110.0,,,,,,
2022-12-23T09:00,106,Unhealthy for Sensitive Groups,51.8,86.8,2.9,19.2,370.0,115.0,,,,,,
2022-12-23T10:00,109,Unhealthy for Sensitive Groups,53.7,89.2,2.5,16.8,377.0,122.0,,,,,,
2022-12-23T11:00,112,Unhealthy for Sensitive Groups,55.6,91.7,2.0,13.9,379.0,131.0,,,,,,
2022-12-23T12:00,115,Unhealthy for Sensitive Groups,56.1,91.3,1.6,11.9,368.0,137.0,,,,,,
2022-12-23T13:00,118,Unhealthy for Sensitive Groups,54.7,88.0,1.2,10.2,351.0,142.0,,,,,,
2022-12-23T14:00,120,Unhealthy for Sensitive Groups,51.7,82.7,0.9,8.3,329.0,146.0,,,,,,
2022-12-23T15:00,122,Unhealthy for Sensitive Groups,47.8,76.4,0.9,7.3,316.0,146.0,,,,,,
2022-12-23T16:00,124,Unhealthy for Sensitive Groups,44.0,70.5,1.1,6.7,304.0,143.0,,,,,,
2022-12-23T17:00,125,Unhealthy for Sensitive Groups,41.1,65.9,1.8,6.0,293.0,134.0,,,,,,
2022-12-23T18:00,126,Unhealthy for Sensitive Groups,41.9,67.8,2.2,6.8,297.0,135.0,,,,,,
2022-12-23T19:00,127,Unhealthy for Sensitive Groups,42.7,69.6,2.8,7.8,303.0,136.0,,,,,,
2022-12-23T20:00,127,Unhealthy for Sensitive Groups,43.1,70.5,3.3,9.5,311.0,136.0,,,,,,
2022-12-23T21:00,128,Unhealthy for Sensitive Groups,42.8,70.5,3.4,10.8,316.0,134.0,,,,,,
2022-12-23T22:00,129,Unhealthy for Sensitive Groups,41.9,69.6,3.3,12.2,321.0,131.0,,,,,,
2022-12-23T23:00,129,Unhealthy for Sensitive Groups,41.2,69.4,3.2,14.5,330.0,126.0,,,,,,
2022-12-24T00:00,129,Unhealthy for Sensitive Groups,41.0,69.8,3.0,16.6,339.0,123.0,,,,,,
2022-12-24T01:00,129,Unhealthy for Sensitive Groups,41.0,70.5,2.7,18.9,350.0,119.0,,,,,,
2022-12-24T02:00,129,Unhealthy for Sensitive Groups,41.1,71.0,3.6,21.6,365.0,113.0,,,,,,
2022-12-24T03:00,128,Unhealthy for Sensitive Groups,41.8,71.9,6.3,23.4,378.0,105.0,,,,,,
2022-12-24T04:00,128,Unhealthy for Sensitive Groups,42.5,72.6,10.0,25.0,391.0,95.0,,,,,,
2022-12-24T05:00,127,Unhealthy for Sensitive Groups,42.3,73.6,3.0,22.8,388.0,98.0,,,,,,
2022-12-24T06:00,127,Unhealthy for Sensitive Groups,42.4,73.6,2.7,20.7,385.0,102.0,,,,,,
2022-12-24T07:00,126,Unhealthy for Sensitive Groups,42.3,72.9,2.2,17.7,382.0,107.0,,,,,,
2022-12-24T08:00,125,Unhealthy for Sensitive Groups,43.2,74.0,1.7,14.2,378.0,115.0,,,,,,
2022-12-24T09:00,125,Unhealthy for Sensitive Groups,44.7,76.1,1.5,12.6,378.0,123.0,,,,,,
2022-12-24T10:00,124,Unhealthy for Sensitive Groups,46.1,77.8,1.4,11.4,380.0,132.0,,,,,,
2022-12-24T11:00,123,Unhealthy for Sensitive Groups,46.7,77.5,1.2,10.0,378.0,141.0,,,,,,
2022-12-24T12:00,122,Unhealthy for Sensitive Groups,46.1,75.7,1.1,8.8,368.0,143.0,,,,,,
2022-12-24T13:00,121,Unhealthy for Sensitive Groups,45.5,74.0,0.9,7.7,355.0,142.0,,,,,,
2022-12-24T14:00,120,Unhealthy for Sensitive Groups,43.5,71.0,0.8,6.4,340.0,140.0,,,,,,
2022-12-24T15:00,119,Unhealthy for Sensitive Groups,43.2,70.1,0.9,5.6,335.0,138.0,,,,,,
2022-12-24T16:00,119,Unhealthy for Sensitive Groups,43.2,70.1,1.0,5.0,332.0,135.0,,,,,,
2022-12-24T17:00,119,Unhealthy for Sensitive Groups,41.4,67.5,1.3,4.5,334.0,126.0,,,,,,
2022-12-24T18:00,119,Unhealthy for Sensitive Groups,39.7,65.0,1.8,4.3,335.0,123.0,,,,,,
2022-12-24T19:00,118,Unhealthy for Sensitive Groups,38.3,62.9,2.5,4.1,337.0,119.0,,,,,,
2022-12-24T20:00,118,Unhealthy for Sensitive Groups,37.4,61.0,3.4,3.9,341.0,114.0,,,,,,
2022-12-24T21:00,117,Unhealthy for Sensitive Groups,36.8,59.8,4.2,3.8,346.0,110.0,,,,,,
2022-12-24T22:00,117,Unhealthy for Sensitive Groups,36.8,59.6,4.9,3.9,353.0,107.0,,,,,,
2022-12-24T23:00,116,Unhealthy for Sensitive Groups,37.7,61.0,5.6,4.5,362.0,102.0,,,,,,
2022-12-25T00:00,116,Unhealthy for Sensitive Groups,39.1,63.3,5.7,5.9,370.0,98.0,,,,,,
2022-12-25T01:00,116,Unhealthy for Sensitive Groups,40.6,65.7,5.5,7.9,378.0,93.0,,,,,,
2022-12-25T02:00,116,Unhealthy for Sensitive Groups,41.7,67.3,5.0,9.6,384.0,88.0,,,,,,
2022-12-25T03:00,116,Unhealthy for Sensitive Groups,42.1,68.0,4.2,9.8,382.0,85.0,,,,,,
2022-12-25T04:00,116,Unhealthy for Sensitive Groups,41.8,67.5,3.2,9.3,377.0,83.0,,,,,,
2022-12-25T05:00,116,Unhealthy for Sensitive Groups,40.0,64.3,1.5,4.5,337.0,85.0,,,,,,
2022-12-25T06:00,115,Unhealthy for Sensitive Groups,39.1,62.6,2.7,4.6,346.0,83.0,,,,,,
2022-12-25T07:00,115,Unhealthy for Sensitive Groups,39.1,62.4,4.5,4.8,358.0,80.0,,,,,,
2022-12-25T08:00,115,Unhealthy for Sensitive Groups,39.0,61.9,6.0,5.0,366.0,80.0,,,,,,
2022-12-25T09:00,114,Unhealthy for Sensitive Groups,36.4,57.9,5.5,5.0,359.0,86.0,,,,,,
2022-12-25T10:00,113,Unhealthy for Sensitive Groups,32.7,51.8,4.1,5.1,345.0,96.0,,,,,,
2022-12-25T11:00,112,Unhealthy for Sensitive Groups,29.3,46.3,2.5,4.8,322.0,104.0,,,,,,
2022-12-25T12:00,110,Unhealthy for Sensitive Groups,25.1,39.6,1.9,4.2,301.0,103.0,,,,,,
2022-12-25T13:00,108,Unhealthy for Sensitive Groups,21.3,33.8,1.4,3.3,277.0,97.0,,,,,,
2022-12-25T14:00,106,Unhealthy for Sensitive Groups,17.1,27.1,1.2,2.5,246.0,90.0,,,,,,
2022-12-25T15:00,103,Unhealthy for Sensitive Groups,14.0,22.2,1.5,2.5,226.0,86.0,,,,,,
2022-12-25T16:00,100,Moderate,11.1,18.1,2.2,2.8,207.0,82.0,,,,,,
2022-12-25T17:00,97,Moderate,8.3,13.7,1.9,2.3,186.0,82.0,,,,,,
2022-12-25T18:00,95,Moderate,9.4,16.3,2.8,2.5,188.0,77.0,,,,,,
2022-12-25T19:00,92,Moderate,10.0,17.0,4.0,2.9,190.0,69.0,,,,,,
2022-12-25T20:00,90,Moderate,10.3,17.6,5.1,3.0,195.0,61.0,,,,,,
2022-12-25T21:00,88,Moderate,9.5,16.4,4.9,2.5,200.0,59.0,,,,,,
2022-12-25T22:00,86,Moderate,8.5,15.1,4.3,1.7,205.0,59.0,,,,,,
2022-12-25T23:00,84,Moderate,7.8,14.0,3.3,0.9,214.0,61.0,,,,,,
2022-12-26T00:00,81,Moderate,7.5,13.6,2.8,0.6,224.0,64.0,,,,,,
2022-12-26T01:00,79,Moderate,7.4,13.2,2.3,0.4,235.0,69.0,,,,,,
2022-12-26T02:00,76,Moderate,8.2,15.0,1.6,0.2,243.0,74.0,,,,,,
2022-12-26T03:00,74,Moderate,7.8,14.2,1.2,0.1,240.0,76.0,,,,,,
2022-12-26T04:00,71,Moderate,7.5,13.8,0.9,0.1,231.0,76.0,,,,,,
2022-12-26T05:00,68,Moderate,6.7,12.2,1.2,0.2,236.0,76.0,,,,,,
2022-12-26T06:00,65,Moderate,6.9,12.7,1.1,0.2,231.0,76.0,,,,,,
2022-12-26T07:00,63,Moderate,7.7,14.3,1.1,0.2,224.0,75.0,,,,,,
2022-12-26T08:00,60,Moderate,7.4,13.6,0.9,0.2,217.0,76.0,,,,,,
2022-12-26T09:00,58,Moderate,8.9,16.2,0.8,0.2,217.0,78.0,,,,,,
2022-12-26T10:00,56,Moderate,10.0,17.9,0.6,0.2,219.0,81.0,,,,,,
2022-12-26T11:00,54,Moderate,11.2,19.6,0.4,0.2,224.0,84.0,,,,,,
2022-12-26T12:00,53,Moderate,12.2,21.0,0.3,0.2,230.0,86.0,,,,,,
2022-12-26T13:00,52,Moderate,11.6,19.6,0.3,0.2,236.0,87.0,,,,,,
2022-12-26T14:00,51,Moderate,11.4,19.9,0.3,0.2,243.0,88.0,,,,,,
2022-12-26T15:00,50,Good,9.8,17.1,0.4,0.2,244.0,88.0,,,,,,
2022-12-26T16:00,50,Good,8.7,15.3,0.5,0.1,242.0,87.0,,,,,,
2022-12-26T17:00,50,Good,10.2,17.8,0.6,0.1,229.0,86.0,,,,,,
2022-12-26T18:00,50,Good,10.1,17.3,0.6,0.1,228.0,86.0,,,,,,
2022-12-26T19:00,50,Good,9.5,16.3,0.6,0.1,227.0,85.0,,,,,,
2022-12-26T20:00,50,Good,9.4,16.2,0.6,0.1,224.0,85.0,,,,,,
2022-12-26T21:00,50,Good,8.7,14.8,0.5,0.1,221.0,85.0,,,,,,
2022-12-26T22:00,50,Good,7.8,13.4,0.5,0.2,218.0,84.0,,,,,,
2022-12-26T23:00,50,Good,8.1,13.9,0.4,0.2,214.0,84.0,,,,,,
2022-12-27T00:00,50,Good,8.7,15.1,0.4,0.2,210.0,83.0,,,,,,
2022-12-27T01:00,50,Good,9.1,15.9,0.4,0.2,206.0,83.0,,,,,,
2022-12-27T02:00,50,Good,9.5,16.5,0.4,0.2,203.0,82.0,,,,,,
2022-12-27T03:00,50,Good,9.8,17.0,0.4,0.2,203.0,82.0,,,,,,
2022-12-27T04:00,50,Good,9.5,16.5,0.4,0.2,204.0,81.0,,,,,,
2022-12-27T05:00,51,Moderate,10.9,18.9,0.9,0.3,203.0,83.0,,,,,,
2022-12-27T06:00,51,Moderate,10.6,18.5,0.8,0.3,203.0,83.0,,,,,,
2022-12-27T07:00,51,Moderate,10.8,18.9,0.8,0.3,204.0,84.0,,,,,,
2022-12-27T08:00,51,Moderate,11.2,19.5,0.7,0.3,205.0,85.0,,,,,,
2022-12-27T09:00,52,Moderate,11.7,20.0,0.6,0.3,206.0,87.0,,,,,,
2022-12-27T10:00,52,Moderate,12.7,21.5,0.5,0.3,208.0,89.0,,,,,,
2022-12-27T11:00,52,Moderate,13.7,22.9,0.4,0.3,210.0,91.0,,,,,,
2022-12-27T12:00,52,Moderate,13.9,23.0,0.3,0.3,211.0,91.0,,,,,,
2022-12-27T13:00,52,Moderate,14.7,24.4,0.3,0.3,212.0,91.0,,,,,,
2022-12-27T14:00,53,Moderate,14.7,24.6,0.3,0.3,212.0,90.0,,,,,,
2022-12-27T15:00,53,Moderate,13.3,22.3,0.3,0.3,211.0,90.0,,,,,,
2022-12-27T16:00,53,Moderate,12.5,21.3,0.3,0.3,209.0,89.0,,,,,,
2022-12-27T17:00,54,Moderate,12.6,21.0,0.5,0.3,205.0,85.0,,,,,,
2022-12-27T18:00,54,Moderate,12.1,20.4,0.7,0.3,209.0,84.0,,,,,,
2022-12-27T19:00,54,Moderate,11.5,19.4,1.1,0.3,215.0,83.0,,,,,,
2022-12-27T20:00,54,Moderate,10.7,18.2,1.4,0.2,218.0,81.0,,,,,,
2022-12-27T21:00,54,Moderate,9.5,16.4,1.3,0.2,213.0,78.0,,,,,,
2022-12-27T22:00,54,Moderate,8.2,14.3,1.1,0.2,205.0,75.0,,,,,,
2022-12-27T23:00,54,Moderate,7.6,13.3,0.9,0.1,194.0,71.0,,,,,,
2022-12-28T00:00,54,Moderate,7.1,12.5,0.8,0.1,189.0,68.0,,,,,,
2022-12-28T01:00,54,Moderate,7.0,12.3,0.7,0.1,186.0,65.0,,,,,,
2022-12-28T02:00,54,Moderate,6.7,11.9,0.6,0.1,181.0,61.0,,,,,,
2022-12-28T03:00,54,Moderate,6.0,10.7,0.6,0.1,176.0,59.0,,,,,,
2022-12-28T04:00,53,Moderate,5.4,9.5,0.6,0.1,172.0,57.0,,,,,,
2022-12-28T05:00,53,Moderate,5.6,9.9,0.9,0.2,174.0,54.0,,,,,,
2022-12-28T06:00,53,Moderate,5.0,8.9,0.9,0.2,173.0,54.0,,,,,,
2022-12-28T07:00,52,Moderate,5.3,9.5,1.0,0.2,171.0,53.0,,,,,,
2022-12-28T08:00,52,Moderate,5.4,9.7,1.1,0.2,171.0,55.0,,,,,,
2022-12-28T09:00,51,Moderate,5.8,10.3,1.0,0.2,174.0,59.0,,,,,,
2022-12-28T10:00,51,Moderate,6.7,11.6,0.8,0.1,179.0,65.0,,,,,,
2022-12-28T11:00,50,Good,8.4,14.4,0.5,0.1,184.0,72.0,,,,,,
2022-12-28T12:00,50,Good,9.1,15.4,0.4,0.1,186.0,74.0,,,,,,
2022-12-28T13:00,49,Good,9.8,16.3,0.3,0.2,188.0,75.0,,,,,,
2022-12-28T14:00,48,Good,9.9,16.8,0.2,0.2,189.0,77.0,,,,,,
2022-12-28T15:00,47,Good,9.3,16.0,0.3,0.2,189.0,80.0,,,,,,
2022-12-28T16:00,46,Good,8.8,15.5,0.4,0.2,189.0,83.0,,,,,,
2022-12-28T17:00,45,Good,12.2,21.2,0.6,0.2,191.0,84.0,,,,,,
2022-12-28T18:00,45,Good,12.9,22.8,0.8,0.3,190.0,85.0,,,,,,
2022-12-28T19:00,45,Good,13.3,24.0,1.1,0.3,189.0,86.0,,,,,,
2022-12-28T20:00,45,Good,13.6,25.0,1.4,0.4,188.0,87.0,,,,,,
2022-12-28T21:00,46,Good,13.1,24.2,1.5,0.5,188.0,86.0,,,,,,
2022-12-28T22:00,47,Good,12.3,22.8,1.6,0.5,188.0,84.0,,,,,,
2022-12-28T23:00,48,Good,11.5,21.5,1.6,0.6,189.0,81.0,,,,,,
2022-12-29T00:00,49,Good,10.9,20.4,1.5,0.6,190.0,79.0,,,,,,
2022-12-29T01:00,50,Good,10.7,20.0,1.4,0.5,191.0,76.0,,,,,,
2022-12-29T02:00,50,Good,10.7,20.0,1.3,0.6,194.0,73.0,,,,,,
2022-12-29T03:00,50,Good,11.0,20.7,1.5,0.8,197.0,71.0,,,,,,
2022-12-29T04:00,51,Moderate,11.6,21.8,1.7,1.1,201.0,69.0,,,,,,
2022-12-29T05:00,51,Moderate,10.9,20.1,2.1,1.5,203.0,64.0,,,,,,
2022-12-29T06:00,52,Moderate,11.3,20.5,2.5,2.2,208.0,63.0,,,,,,
2022-12-29T07:00,52,Moderate,11.9,21.5,3.1,3.2,214.0,61.0,,,,,,
2022-12-29T08:00,53,Moderate,12.3,22.1,3.3,3.8,220.0,62.0,,,,,,
2022-12-29T09:00,53,Moderate,12.3,22.1,2.8,3.2,219.0,69.0,,,,,,
2022-12-29T10:00,54,Moderate,12.3,21.9,1.9,2.0,215.0,80.0,,,,,,
2022-12-29T11:00,54,Moderate,13.6,24.3,0.8,0.6,210.0,91.0,,,,,,
2022-12-29T12:00,55,Moderate,14.4,25.5,0.5,0.3,208.0,94.0,,,,,,
2022-12-29T13:00,55,Moderate,14.4,25.4,0.4,0.2,207.0,94.0,,,,,,
2022-12-29T14:00,55,Moderate,13.6,24.2,0.3,0.2,207.0,94.0,,,,,,
2022-12-29T15:00,56,Moderate,12.7,22.8,0.4,0.2,209.0,95.0,,,,,,
2022-12-29T16:00,56,Moderate,11.9,21.7,0.5,0.2,212.0,95.0,,,,,,
2022-12-29T17:00,56,Moderate,10.7,19.6,0.6,0.2,207.0,92.0,,,,,,
2022-12-29T18:00,56,Moderate,10.4,19.2,0.8,0.2,210.0,90.0,,,,,,
2022-12-29T19:00,56,Moderate,10.5,19.4,1.0,0.2,215.0,88.0,,,,,,
2022-12-29T20:00,56,Moderate,10.5,19.4,1.2,0.2,221.0,85.0,,,,,,
2022-12-29T21:00,55,Moderate,10.3,19.1,1.3,0.2,224.0,83.0,,,,,,
2022-12-29T22:00,55,Moderate,10.1,18.8,1.4,0.2,227.0,80.0,,,,,,
2022-12-29T23:00,55,Moderate,9.9,18.5,1.4,0.3,229.0,77.0,,,,,,
2022-12-30T00:00,55,Moderate,9.5,17.7,1.4,0.3,230.0,75.0,,,,,,
2022-12-30T01:00,55,Moderate,9.2,17.2,1.4,0.3,229.0,74.0,,,,,,
2022-12-30T02:00,55,Moderate,8.6,16.0,1.3,0.4,228.0,72.0,,,,,,
2022-12-30T03:00,55,Moderate,8.3,15.6,1.3,0.4,226.0,71.0,,,,,,
2022-12-30T04:00,54,Moderate,8.0,15.1,1.2,0.5,223.0,70.0,,,,,,
2022-12-30T05:00,54,Moderate,7.9,15.0,0.7,0.3,224.0,73.0,,,,,,
2022-12-30T06:00,54,Moderate,7.6,14.4,0.8,0.3,223.0,72.0,,,,,,
2022-12-30T07:00,54,Moderate,8.1,15.4,0.9,0.3,221.0,71.0,,,,,,
2022-12-30T08:00,53,Moderate,8.5,15.8,1.0,0.3,218.0,70.0,,,,,,
2022-12-30T09:00,53,Moderate,8.9,16.4,1.0,0.3,214.0,70.0,,,,,,
2022-12-30T10:00,53,Moderate,10.1,18.3,0.9,0.3,209.0,70.0,,,,,,
2022-12-30T11:00,52,Moderate,11.1,19.7,0.7,0.3,202.0,72.0,,,,,,
2022-12-30T12:00,52,Moderate,11.8,20.7,0.6,0.3,198.0,75.0,,,,,,
2022-12-30T13:00,52,Moderate,12.2,21.1,0.4,0.3,193.0,78.0,,,,,,
2022-12-30T14:00,52,Moderate,11.9,20.7,0.3,0.3,189.0,82.0,,,,,,
2022-12-30T15:00,52,Moderate,11.4,20.0,0.3,0.3,187.0,85.0,,,,,,
2022-12-30T16:00,52,Moderate,11.1,19.6,0.4,0.3,185.0,87.0,,,,,,
2022-12-30T17:00,52,Moderate,12.8,22.0,0.6,0.3,182.0,84.0,,,,,,
2022-12-30T18:00,52,Moderate,13.3,22.9,0.7,0.3,182.0,84.0,,,,,,
2022-12-30T19:00,52,Moderate,13.6,23.7,0.9,0.3,183.0,85.0,,,,,,
2022-12-30T20:00,52,Moderate,13.8,24.1,1.0,0.3,183.0,85.0,,,,,,
2022-12-30T21:00,53,Moderate,13.8,24.2,1.1,0.3,182.0,85.0,,,,,,
2022-12-30T22:00,53,Moderate,13.5,23.8,1.1,0.3,182.0,84.0,,,,,,
2022-12-30T23:00,53,Moderate,13.2,23.2,1.0,0.3,181.0,82.0,,,,,,
2022-12-31T00:00,53,Moderate,12.6,22.3,1.0,0.3,181.0,79.0,,,,,,
2022-12-31T01:00,54,Moderate,12.0,21.2,1.0,0.3,182.0,76.0,,,,,,
2022-12-31T02:00,54,Moderate,11.4,20.1,0.9,0.4,183.0,72.0,,,,,,
2022-12-31T03:00,54,Moderate,10.8,19.0,0.9,0.3,183.0,70.0,,,,,,
2022-12-31T04:00,54,Moderate,10.3,18.2,0.9,0.3,184.0,68.0,,,,,,
2022-12-31T05:00,54,Moderate,10.3,17.9,1.1,0.4,184.0,65.0,,,,,,
2022-12-31T06:00,55,Moderate,10.5,18.2,1.3,0.4,187.0,65.0,,,,,,
2022-12-31T07:00,55,Moderate,10.4,18.1,1.6,0.5,191.0,64.0,,,,,,
2022-12-31T08:00,55,Moderate,10.4,18.2,1.7,0.5,194.0,66.0,,,,,,
2022-12-31T09:00,55,Moderate,10.6,18.4,1.5,0.5,193.0,71.0,,,,,,
2022-12-31T10:00,55,Moderate,11.5,19.5,1.1,0.5,191.0,77.0,,,,,,
2022-12-31T11:00,55,Moderate,12.5,21.0,0.7,0.4,187.0,84.0,,,,,,
2022-12-31T12:00,55,Moderate,13.5,22.3,0.5,0.4,185.0,86.0,,,,,,
2022-12-31T13:00,56,Moderate,13.7,22.8,0.4,0.4,182.0,88.0,,,,,,
2022-12-31T14:00,56,Moderate,13.4,22.3,0.4,0.3,179.0,89.0,,,,,,
2022-12-31T15:00,56,Moderate,12.7,21.5,0.4,0.3,178.0,91.0,,,,,,
2022-12-31T16:00,56,Moderate,12.3,21.1,0.5,0.3,177.0,93.0,,,,,,
2022-12-31T17:00,56,Moderate,12.2,21.0,0.7,0.4,172.0,91.0,,,,,,
2022-12-31T18:00,56,Moderate,12.0,21.0,0.8,0.4,173.0,92.0,,,,,,
2022-12-31T19:00,56,Moderate,12.2,21.7,1.1,0.5,175.0,93.0,,,,,,
2022-12-31T20:00,56,Moderate,12.9,23.0,1.3,0.6,176.0,95.0,,,,,,
2022-12-31T21:00,56,Moderate,13.4,24.1,1.3,0.7,175.0,96.0,,,,,,
2022-12-31T22:00,56,Moderate,13.8,24.8,1.2,0.7,172.0,96.0,,,,,,
2022-12-31T23:00,56,Moderate,13.8,24.9,1.1,0.8,170.0,95.0,,,,,,
