recorded_at,aqi,aqi_category,pm25,pm10,no2,so2,co,o3,nh3,temperature,humidity,wind_speed,wind_direction,pressure
2023-01-01T00:00,56,Moderate,13.8,24.9,1.1,0.8,170.0,94.0,,,,,,
2023-01-01T01:00,56,Moderate,13.5,24.6,1.1,0.8,170.0,91.0,,,,,,
2023-01-01T02:00,56,Moderate,13.2,23.9,1.2,0.9,170.0,88.0,,,,,,
2023-01-01T03:00,56,Moderate,12.8,23.3,1.2,1.0,170.0,85.0,,,,,,
2023-01-01T04:00,56,Moderate,12.5,22.5,1.2,1.1,169.0,81.0,,,,,,
2023-01-01T05:00,56,Moderate,12.7,22.5,1.1,3.2,168.0,77.0,,,,,,
2023-01-01T06:00,57,Moderate,12.5,22.0,1.3,3.0,170.0,75.0,,,,,,
2023-01-01T07:00,57,Moderate,12.4,21.8,1.6,2.8,173.0,71.0,,,,,,
2023-01-01T08:00,57,Moderate,12.9,22.4,1.8,2.9,177.0,71.0,,,,,,
2023-01-01T09:00,57,Moderate,14.0,23.6,1.7,3.8,179.0,77.0,,,,,,
2023-01-01T10:00,57,Moderate,16.1,26.4,1.3,5.1,180.0,86.0,,,,,,
2023-01-01T11:00,58,Moderate,18.6,29.7,0.9,6.0,180.0,96.0,,,,,,
2023-01-01T12:00,58,Moderate,20.1,31.5,0.7,5.4,178.0,100.0,,,,,,
2023-01-01T13:00,59,Moderate,20.3,31.7,0.6,4.2,175.0,103.0,,,,,,
2023-01-01T14:00,59,Moderate,19.6,30.7,0.5,2.8,172.0,105.0,,,,,,
2023-01-01T15:00,60,Moderate,18.7,29.6,0.5,2.5,172.0,106.0,,,,,,
2023-01-01T16:00,60,Moderate,18.0,28.9,0.6,2.4,173.0,106.0,,,,,,
2023-01-01T17:00,61,Moderate,17.3,27.9,0.8,3.9,182.0,114.0,,,,,,
2023-01-01T18:00,61,Moderate,19.2,31.0,0.9,3.9,183.0,116.0,,,,,,
2023-01-01T19:00,62,Moderate,20.4,33.1,1.0,3.8,183.0,118.0,,,,,,
2023-01-01T20:00,62,Moderate,20.4,33.8,1.2,3.6,183.0,118.0,,,,,,
2023-01-01T21:00,63,Moderate,19.4,32.8,1.3,3.4,181.0,115.0,,,,,,
2023-01-01T22:00,63,Moderate,18.2,31.3,1.3,3.0,178.0,109.0,,,,,,
2023-01-01T23:00,64,Moderate,16.9,29.5,1.4,2.6,175.0,102.0,,,,,,
2023-01-02T00:00,64,Moderate,16.2,28.5,1.3,2.3,175.0,97.0,,,,,,
2023-01-02T01:00,64,Moderate,15.9,27.9,1.2,2.1,175.0,93.0,,,,,,
2023-01-02T02:00,64,Moderate,15.7,27.7,1.1,1.8,176.0,88.0,,,,,,
2023-01-02T03:00,65,Moderate,15.5,27.1,1.1,1.6,176.0,86.0,,,,,,
2023-01-02T04:00,65,Moderate,15.6,27.2,1.1,1.5,176.0,84.0,,,,,,
2023-01-02T05:00,65,Moderate,15.3,26.6,1.3,1.3,176.0,79.0,,,,,,
2023-01-02T06:00,65,Moderate,15.7,27.1,1.4,1.3,177.0,79.0,,,,,,
2023-01-02T07:00,65,Moderate,16.1,27.8,1.5,1.2,178.0,80.0,,,,,,
2023-01-02T08:00,66,Moderate,17.0,29.3,1.5,1.2,178.0,82.0,,,,,,
2023-01-02T09:00,66,Moderate,18.2,31.4,1.3,1.1,174.0,86.0,,,,,,
2023-01-02T10:00,66,Moderate,19.5,33.6,0.9,0.9,169.0,92.0,,,,,,
2023-01-02T11:00,67,Moderate,20.4,35.2,0.5,0.7,162.0,99.0,,,,,,
2023-01-02T12:00,67,Moderate,20.9,36.0,0.4,0.7,159.0,102.0,,,,,,
2023-01-02T13:00,67,Moderate,21.1,36.4,0.3,0.6,158.0,103.0,,,,,,
2023-01-02T14:00,67,Moderate,20.4,35.5,0.3,0.6,155.0,104.0,,,,,,
2023-01-02T15:00,67,Moderate,19.1,33.6,0.3,0.5,152.0,103.0,,,,,,
2023-01-02T16:00,67,Moderate,18.0,32.0,0.4,0.5,149.0,101.0,,,,,,
2023-01-02T17:00,67,Moderate,18.7,32.9,0.5,0.4,146.0,94.0,,,,,,
2023-01-02T18:00,67,Moderate,18.3,32.4,0.6,0.4,144.0,92.0,,,,,,
2023-01-02T19:00,67,Moderate,17.9,31.5,0.8,0.4,142.0,89.0,,,,,,
2023-01-02T20:00,67,Moderate,17.3,30.6,1.0,0.4,140.0,86.0,,,,,,
2023-01-02T21:00,67,Moderate,16.8,29.6,1.1,0.5,140.0,85.0,,,,,,
2023-01-02T22:00,66,Moderate,16.4,29.1,1.2,0.5,141.0,84.0,,,,,,
2023-01-02T23:00,66,Moderate,16.2,28.7,1.3,0.6,143.0,83.0,,,,,,
2023-01-03T00:00,66,Moderate,16.1,28.6,1.4,0.7,144.0,82.0,,,,,,
2023-01-03T01:00,66,Moderate,16.3,29.0,1.5,0.8,145.0,81.0,,,,,,
2023-01-03T02:00,66,Moderate,16.5,29.7,1.6,1.1,147.0,79.0,,,,,,
2023-01-03T03:00,66,Moderate,16.8,30.4,1.6,1.5,149.0,78.0,,,,,,
2023-01-03T04:00,66,Moderate,17.1,30.9,1.7,2.0,150.0,77.0,,,,,,
2023-01-03T05:00,67,Moderate,16.6,30.2,1.4,1.3,149.0,74.0,,,,,,
2023-01-03T06:00,67,Moderate,17.1,31.0,1.5,1.8,151.0,74.0,,,,,,
2023-01-03T07:00,67,Moderate,17.5,31.5,1.8,2.5,154.0,74.0,,,,,,
2023-01-03T08:00,67,Moderate,18.0,32.5,1.9,3.2,158.0,77.0,,,,,,
2023-01-03T09:00,67,Moderate,19.0,33.6,1.7,3.1,161.0,83.0,,,,,,
2023-01-03T10:00,67,Moderate,20.5,35.7,1.3,2.8,163.0,92.0,,,,,,
2023-01-03T11:00,67,Moderate,23.1,39.5,0.9,2.5,166.0,103.0,,,,,,
2023-01-03T12:00,67,Moderate,25.8,43.7,0.8,2.6,168.0,110.0,,,,,,
2023-01-03T13:00,68,Moderate,27.8,47.0,0.7,2.8,170.0,116.0,,,,,,
2023-01-03T14:00,68,Moderate,27.2,46.1,0.7,2.7,173.0,121.0,,,,,,
2023-01-03T15:00,69,Moderate,25.4,43.3,0.7,2.2,176.0,121.0,,,,,,
2023-01-03T16:00,69,Moderate,23.5,40.3,0.7,1.4,179.0,120.0,,,,,,
2023-01-03T17:00,70,Moderate,21.9,37.3,0.9,1.0,192.0,114.0,,,,,,
2023-01-03T18:00,70,Moderate,23.3,39.8,1.1,1.1,196.0,113.0,,,,,,
2023-01-03T19:00,70,Moderate,24.7,42.4,1.3,1.3,202.0,111.0,,,,,,
2023-01-03T20:00,71,Moderate,26.1,44.8,1.6,1.5,210.0,108.0,,,,,,
2023-01-03T21:00,72,Moderate,27.2,46.9,1.7,1.7,214.0,106.0,,,,,,
2023-01-03T22:00,72,Moderate,27.9,48.4,1.9,1.9,218.0,103.0,,,,,,
2023-01-03T23:00,73,Moderate,28.3,49.2,2.0,2.5,221.0,100.0,,,,,,
2023-01-04T00:00,74,Moderate,28.6,50.1,2.0,3.2,222.0,97.0,,,,,,
2023-01-04T01:00,75,Moderate,28.8,50.9,1.9,4.1,222.0,94.0,,,,,,
2023-01-04T02:00,76,Moderate,29.0,51.7,1.9,5.7,223.0,90.0,,,,,,
2023-01-04T03:00,77,Moderate,29.5,52.7,2.0,7.3,225.0,87.0,,,,,,
2023-01-04T04:00,78,Moderate,30.0,54.1,2.1,9.0,227.0,85.0,,,,,,
2023-01-04T05:00,79,Moderate,28.2,50.3,1.7,6.0,216.0,85.0,,,,,,
2023-01-04T06:00,80,Moderate,29.1,52.2,2.4,8.4,224.0,82.0,,,,,,
2023-01-04T07:00,81,Moderate,29.9,53.8,3.4,11.7,235.0,77.0,,,,,,
2023-01-04T08:00,82,Moderate,31.0,55.4,4.3,14.7,244.0,76.0,,,,,,
2023-01-04T09:00,83,Moderate,31.8,56.3,4.0,14.6,242.0,84.0,,,,,,
2023-01-04T10:00,84,Moderate,32.0,56.1,3.3,13.3,235.0,96.0,,,,,,
2023-01-04T11:00,85,Moderate,32.4,56.1,2.3,11.1,225.0,111.0,,,,,,
2023-01-04T12:00,86,Moderate,32.6,56.3,1.8,9.2,219.0,119.0,,,,,,
2023-01-04T13:00,86,Moderate,32.5,56.2,1.3,7.0,212.0,126.0,,,,,,
2023-01-04T14:00,87,Moderate,31.8,55.5,0.9,4.6,205.0,131.0,,,,,,
2023-01-04T15:00,87,Moderate,30.6,54.0,0.8,3.4,203.0,131.0,,,,,,
2023-01-04T16:00,87,Moderate,29.7,52.9,0.8,2.6,202.0,127.0,,,,,,
2023-01-04T17:00,88,Moderate,27.2,48.1,0.8,2.2,202.0,119.0,,,,,,
2023-01-04T18:00,88,Moderate,27.3,48.5,0.9,1.9,201.0,117.0,,,,,,
2023-01-04T19:00,89,Moderate,27.4,48.9,1.0,1.6,199.0,115.0,,,,,,
2023-01-04T20:00,89,Moderate,27.3,48.8,1.1,1.2,197.0,111.0,,,,,,
2023-01-04T21:00,89,Moderate,27.1,48.5,1.2,1.0,197.0,108.0,,,,,,
2023-01-04T22:00,89,Moderate,27.0,48.2,1.3,0.8,197.0,105.0,,,,,,
2023-01-04T23:00,89,Moderate,27.0,48.2,1.6,1.1,201.0,100.0,,,,,,
2023-01-05T00:00,89,Moderate,26.8,47.8,1.9,1.9,209.0,96.0,,,,,,
2023-01-05T01:00,89,Moderate,28.0,50.4,2.3,3.1,219.0,91.0,,,,,,
2023-01-05T02:00,88,Moderate,28.7,52.3,3.0,5.0,230.0,85.0,,,,,,
2023-01-05T03:00,88,Moderate,29.0,53.8,3.6,6.4,234.0,81.0,,,,,,
2023-01-05T04:00,88,Moderate,28.5,53.8,4.2,8.0,236.0,78.0,,,,,,
2023-01-05T05:00,88,Moderate,30.2,57.9,5.6,14.7,255.0,69.0,,,,,,
2023-01-05T06:00,88,Moderate,30.4,59.0,6.3,16.0,255.0,68.0,,,,,,
2023-01-05T07:00,89,Moderate,30.2,59.0,7.3,17.7,254.0,67.0,,,,,,
2023-01-05T08:00,89,Moderate,30.5,59.8,8.0,18.6,250.0,70.0,,,,,,
2023-01-05T09:00,89,Moderate,30.5,59.4,7.2,17.0,242.0,78.0,,,,,,
2023-01-05T10:00,88,Moderate,29.5,56.5,5.9,14.4,231.0,90.0,,,,,,
2023-01-05T11:00,88,Moderate,28.2,53.0,4.2,11.0,218.0,105.0,,,,,,
2023-01-05T12:00,88,Moderate,27.2,50.5,3.3,9.3,211.0,115.0,,,,,,
2023-01-05T13:00,87,Moderate,26.1,48.3,2.4,7.9,206.0,123.0,,,,,,
2023-01-05T14:00,87,Moderate,25.1,46.9,1.7,6.3,202.0,131.0,,,,,,
2023-01-05T15:00,86,Moderate,23.5,44.1,1.5,5.1,201.0,131.0,,,,,,
2023-01-05T16:00,86,Moderate,21.2,40.2,1.5,4.1,202.0,128.0,,,,,,
2023-01-05T17:00,85,Moderate,19.0,35.4,1.6,4.4,200.0,122.0,,,,,,
2023-01-05T18:00,85,Moderate,18.0,33.4,1.6,3.7,201.0,119.0,,,,,,
2023-01-05T19:00,84,Moderate,18.2,33.6,1.7,2.7,202.0,115.0,,,,,,
2023-01-05T20:00,83,Moderate,19.4,35.6,1.8,2.0,207.0,109.0,,,,,,
2023-01-05T21:00,82,Moderate,21.7,39.3,2.1,2.3,214.0,106.0,,,,,,
2023-01-05T22:00,82,Moderate,24.7,44.2,2.4,3.1,224.0,102.0,,,,,,
2023-01-05T23:00,82,Moderate,27.9,49.8,2.8,4.9,239.0,98.0,,,,,,
2023-01-06T00:00,82,Moderate,31.1,55.4,3.1,7.2,253.0,95.0,,,,,,
2023-01-06T01:00,82,Moderate,33.6,60.1,3.4,10.1,268.0,92.0,,,,,,
2023-01-06T02:00,83,Moderate,35.5,63.6,3.7,13.3,286.0,88.0,,,,,,
2023-01-06T03:00,83,Moderate,37.1,66.8,3.9,14.7,294.0,86.0,,,,,,
2023-01-06T04:00,84,Moderate,38.2,68.9,4.1,15.6,299.0,84.0,,,,,,
2023-01-06T05:00,85,Moderate,37.8,68.7,4.8,20.2,318.0,75.0,,,,,,
2023-01-06T06:00,85,Moderate,39.6,71.9,4.9,20.9,322.0,77.0,,,,,,
2023-01-06T07:00,86,Moderate,40.4,72.4,5.0,21.9,329.0,79.0,,,,,,
2023-01-06T08:00,87,Moderate,40.5,71.2,4.8,21.9,333.0,85.0,,,,,,
2023-01-06T09:00,88,Moderate,41.9,72.2,4.1,19.7,331.0,93.0,,,,,,
2023-01-06T10:00,88,Moderate,42.4,71.9,3.0,16.4,327.0,103.0,,,,,,
2023-01-06T11:00,89,Moderate,44.5,75.0,1.9,12.4,315.0,115.0,,,,,,
2023-01-06T12:00,91,Moderate,43.4,72.9,1.4,10.5,300.0,123.0,,,,,,
2023-01-06T13:00,92,Moderate,41.9,70.8,1.2,8.9,281.0,130.0,,,,,,
2023-01-06T14:00,93,Moderate,39.2,67.3,1.0,7.1,256.0,135.0,,,,,,
2023-01-06T15:00,94,Moderate,34.9,61.0,0.9,5.6,240.0,133.0,,,,,,
2023-01-06T16:00,95,Moderate,31.3,55.2,0.9,4.2,224.0,129.0,,,,,,
2023-01-06T17:00,96,Moderate,26.6,47.4,1.6,4.2,221.0,119.0,,,,,,
2023-01-06T18:00,97,Moderate,24.7,44.4,1.7,4.0,217.0,116.0,,,,,,
2023-01-06T19:00,97,Moderate,24.3,43.8,1.9,3.7,212.0,111.0,,,,,,
2023-01-06T20:00,98,Moderate,24.4,43.9,2.3,3.6,208.0,104.0,,,,,,
2023-01-06T21:00,98,Moderate,25.1,44.9,2.6,4.0,208.0,99.0,,,,,,
2023-01-06T22:00,98,Moderate,26.0,46.2,2.9,4.7,210.0,94.0,,,,,,
2023-01-06T23:00,98,Moderate,27.0,48.2,3.3,5.6,214.0,88.0,,,,,,
2023-01-07T00:00,98,Moderate,29.0,52.0,3.4,6.1,217.0,85.0,,,,,,
2023-01-07T01:00,98,Moderate,30.3,54.1,3.4,6.6,220.0,83.0,,,,,,
2023-01-07T02:00,98,Moderate,31.3,56.3,3.5,7.4,224.0,81.0,,,,,,
2023-01-07T03:00,98,Moderate,31.5,57.0,3.5,8.3,227.0,79.0,,,,,,
2023-01-07T04:00,97,Moderate,31.1,56.5,3.5,9.4,229.0,78.0,,,,,,
2023-01-07T05:00,97,Moderate,34.0,62.4,4.9,17.2,255.0,69.0,,,,,,
2023-01-07T06:00,96,Moderate,35.3,64.7,4.9,18.2,260.0,70.0,,,,,,
2023-01-07T07:00,96,Moderate,34.8,63.6,4.9,19.6,268.0,71.0,,,,,,
2023-01-07T08:00,96,Moderate,33.3,60.3,4.6,20.3,273.0,75.0,,,,,,
2023-01-07T09:00,95,Moderate,32.5,58.4,4.0,19.0,270.0,81.0,,,,,,
2023-01-07T10:00,94,Moderate,31.7,56.6,3.0,16.6,265.0,90.0,,,,,,
2023-01-07T11:00,93,Moderate,32.8,58.1,2.0,13.4,255.0,101.0,,,,,,
2023-01-07T12:00,92,Moderate,31.4,55.3,1.5,11.5,248.0,108.0,,,,,,
2023-01-07T13:00,92,Moderate,30.0,53.0,1.3,9.5,239.0,116.0,,,,,,
2023-01-07T14:00,91,Moderate,27.9,49.6,1.1,7.2,229.0,122.0,,,,,,
2023-01-07T15:00,90,Moderate,28.8,51.6,1.0,5.7,221.0,123.0,,,,,,
2023-01-07T16:00,89,Moderate,27.3,49.5,1.0,4.4,213.0,122.0,,,,,,
2023-01-07T17:00,89,Moderate,25.7,46.4,1.1,3.7,210.0,122.0,,,,,,
2023-01-07T18:00,89,Moderate,26.0,46.4,1.2,3.2,213.0,119.0,,,,,,
2023-01-07T19:00,89,Moderate,27.5,48.4,1.4,2.4,217.0,114.0,,,,,,
2023-01-07T20:00,89,Moderate,30.0,51.9,1.6,1.8,227.0,108.0,,,,,,
2023-01-07T21:00,90,Moderate,32.7,55.9,1.8,2.1,238.0,105.0,,,,,,
2023-01-07T22:00,90,Moderate,35.0,59.5,2.1,2.8,253.0,104.0,,,,,,
2023-01-07T23:00,91,Moderate,36.9,62.6,2.3,3.9,271.0,102.0,,,,,,
2023-01-08T00:00,92,Moderate,38.4,65.4,2.3,4.8,282.0,102.0,,,,,,
2023-01-08T01:00,92,Moderate,39.7,68.0,2.2,5.7,292.0,102.0,,,,,,
2023-01-08T02:00,93,Moderate,41.1,70.8,2.1,7.3,306.0,102.0,,,,,,
2023-01-08T03:00,94,Moderate,42.5,73.3,2.2,8.8,317.0,101.0,,,,,,
2023-01-08T04:00,95,Moderate,43.8,75.7,2.3,10.6,328.0,100.0,,,,,,
2023-01-08T05:00,96,Moderate,44.1,76.8,2.5,11.4,336.0,95.0,,,,,,
2023-01-08T06:00,97,Moderate,45.8,79.9,2.8,13.8,349.0,95.0,,,,,,
2023-01-08T07:00,97,Moderate,47.3,82.0,3.2,17.2,367.0,94.0,,,,,,
2023-01-08T08:00,98,Moderate,48.2,82.2,3.4,19.8,387.0,98.0,,,,,,
2023-01-08T09:00,100,Moderate,48.9,81.5,3.0,18.6,394.0,107.0,,,,,,
2023-01-08T10:00,101,Unhealthy for Sensitive Groups,49.9,81.7,2.2,15.9,398.0,119.0,,,,,,
2023-01-08T11:00,103,Unhealthy for Sensitive Groups,50.4,81.5,1.3,12.2,402.0,133.0,,,,,,
2023-01-08T12:00,105,Unhealthy for Sensitive Groups,52.7,85.0,1.0,10.3,406.0,138.0,,,,,,
2023-01-08T13:00,107,Unhealthy for Sensitive Groups,51.5,82.7,0.8,8.5,409.0,141.0,,,,,,
2023-01-08T14:00,109,Unhealthy for Sensitive Groups,50.4,81.0,0.7,6.5,410.0,144.0,,,,,,
2023-01-08T15:00,112,Unhealthy for Sensitive Groups,48.9,78.9,0.8,5.1,409.0,146.0,,,,,,
2023-01-08T16:00,114,Unhealthy for Sensitive Groups,47.7,77.3,0.9,3.9,405.0,148.0,,,,,,
2023-01-08T17:00,116,Unhealthy for Sensitive Groups,51.5,82.7,1.3,3.8,419.0,149.0,,,,,,
2023-01-08T18:00,119,Unhealthy for Sensitive Groups,52.3,83.8,1.3,3.8,412.0,147.0,,,,,,
2023-01-08T19:00,121,Unhealthy for Sensitive Groups,53.4,85.7,1.4,3.8,401.0,143.0,,,,,,
2023-01-08T20:00,124,Unhealthy for Sensitive Groups,55.1,88.5,1.4,4.0,391.0,138.0,,,,,,
2023-01-08T21:00,127,Unhealthy for Sensitive Groups,56.7,91.3,1.5,4.6,391.0,134.0,,,,,,
2023-01-08T22:00,129,Unhealthy for Sensitive Groups,57.4,93.1,1.5,5.5,394.0,130.0,,,,,,
2023-01-08T23:00,132,Unhealthy for Sensitive Groups,56.8,92.9,1.4,6.2,394.0,125.0,,,,,,
2023-01-09T00:00,134,Unhealthy for Sensitive Groups,55.2,91.3,1.3,6.0,387.0,123.0,,,,,,
2023-01-09T01:00,135,Unhealthy for Sensitive Groups,52.6,87.5,1.2,5.6,375.0,121.0,,,,,,
2023-01-09T02:00,137,Unhealthy for Sensitive Groups,50.1,84.3,1.0,5.0,357.0,119.0,,,,,,
2023-01-09T03:00,138,Unhealthy for Sensitive Groups,47.4,80.6,0.9,4.9,340.0,118.0,,,,,,
2023-01-09T04:00,138,Unhealthy for Sensitive Groups,44.2,75.9,0.8,4.8,321.0,116.0,,,,,,
2023-01-09T05:00,138,Unhealthy for Sensitive Groups,41.4,72.2,1.1,6.6,313.0,109.0,,,,,,
2023-01-09T06:00,138,Unhealthy for Sensitive Groups,38.5,67.8,1.4,7.8,302.0,108.0,,,,,,
2023-01-09T07:00,137,Unhealthy for Sensitive Groups,36.2,64.5,1.8,9.4,287.0,106.0,,,,,,
2023-01-09T08:00,136,Unhealthy for Sensitive Groups,34.1,61.7,2.1,11.1,269.0,104.0,,,,,,
2023-01-09T09:00,135,Unhealthy for Sensitive Groups,33.1,60.1,2.2,11.6,262.0,104.0,,,,,,
2023-01-09T10:00,133,Unhealthy for Sensitive Groups,33.3,59.8,2.1,11.6,258.0,105.0,,,,,,
2023-01-09T11:00,131,Unhealthy for Sensitive Groups,33.2,58.7,1.9,11.1,255.0,106.0,,,,,,
2023-01-09T12:00,129,Unhealthy for Sensitive Groups,33.6,58.2,1.7,10.3,256.0,106.0,,,,,,
2023-01-09T13:00,127,Unhealthy for Sensitive Groups,34.7,59.5,1.4,9.1,260.0,107.0,,,,,,
2023-01-09T14:00,126,Unhealthy for Sensitive Groups,34.6,59.3,1.1,7.7,262.0,108.0,,,,,,
2023-01-09T15:00,124,Unhealthy for Sensitive Groups,33.9,58.3,1.1,7.0,259.0,110.0,,,,,,
2023-01-09T16:00,122,Unhealthy for Sensitive Groups,32.9,57.0,1.2,6.5,253.0,113.0,,,,,,
2023-01-09T17:00,121,Unhealthy for Sensitive Groups,34.2,58.8,1.1,7.0,261.0,145.0,,,,,,
2023-01-09T18:00,119,Unhealthy for Sensitive Groups,31.8,55.8,1.1,6.6,248.0,144.0,,,,,,
2023-01-09T19:00,117,Unhealthy for Sensitive Groups,29.1,52.3,1.2,6.1,231.0,141.0,,,,,,
2023-01-09T20:00,114,Unhealthy for Sensitive Groups,26.5,48.8,1.4,5.6,209.0,137.0,,,,,,
2023-01-09T21:00,111,Unhealthy for Sensitive Groups,24.4,45.4,1.5,5.8,198.0,131.0,,,,,,
2023-01-09T22:00,108,Unhealthy for Sensitive Groups,22.7,42.4,1.7,6.1,189.0,124.0,,,,,,
2023-01-09T23:00,104,Unhealthy for Sensitive Groups,21.5,40.2,1.8,6.4,180.0,117.0,,,,,,
2023-01-10T00:00,101,Unhealthy for Sensitive Groups,21.0,39.1,1.7,6.2,177.0,115.0,,,,,,
2023-01-10T01:00,98,Moderate,20.8,38.9,1.5,5.7,176.0,114.0,,,,,,
2023-01-10T02:00,95,Moderate,20.9,38.9,1.3,5.5,177.0,113.0,,,,,,
2023-01-10T03:00,93,Moderate,21.4,39.6,1.3,5.8,178.0,110.0,,,,,,
2023-01-10T04:00,91,Moderate,22.2,41.1,1.4,6.4,180.0,106.0,,,,,,
2023-01-10T05:00,89,Moderate,23.1,42.8,1.7,8.6,185.0,101.0,,,,,,
2023-01-10T06:00,88,Moderate,24.6,45.5,2.2,10.4,190.0,99.0,,,,,,
2023-01-10T07:00,87,Moderate,25.8,47.5,2.9,12.9,197.0,96.0,,,,,,
2023-01-10T08:00,86,Moderate,26.8,49.1,3.4,15.1,204.0,96.0,,,,,,
2023-01-10T09:00,85,Moderate,27.4,49.8,3.0,14.8,206.0,100.0,,,,,,
2023-01-10T10:00,85,Moderate,27.7,49.7,2.3,13.4,206.0,107.0,,,,,,
2023-01-10T11:00,84,Moderate,28.5,50.4,1.4,11.5,206.0,116.0,,,,,,
2023-01-10T12:00,84,Moderate,29.3,51.3,1.1,10.3,206.0,122.0,,,,,,
2023-01-10T13:00,84,Moderate,29.6,51.8,0.8,9.0,207.0,127.0,,,,,,
2023-01-10T14:00,83,Moderate,29.3,51.7,0.7,7.6,209.0,133.0,,,,,,
2023-01-10T15:00,83,Moderate,29.0,51.7,0.7,7.0,213.0,136.0,,,,,,
2023-01-10T16:00,83,Moderate,29.0,52.4,0.8,6.6,219.0,139.0,,,,,,
2023-01-10T17:00,82,Moderate,29.5,53.1,1.0,6.0,224.0,135.0,,,,,,
2023-01-10T18:00,82,Moderate,29.0,52.5,1.1,5.5,227.0,135.0,,,,,,
2023-01-10T19:00,88,Moderate,28.5,51.9,1.2,4.8,231.0,135.0,,,,,,
2023-01-10T20:00,92,Moderate,27.7,50.8,1.4,3.9,237.0,134.0,,,,,,
2023-01-10T21:00,95,Moderate,26.7,49.1,1.5,3.4,242.0,134.0,,,,,,
2023-01-10T22:00,96,Moderate,25.8,47.7,1.6,3.0,248.0,133.0,,,,,,
2023-01-10T23:00,96,Moderate,25.0,46.2,1.6,3.1,254.0,131.0,,,,,,
2023-01-11T00:00,95,Moderate,25.0,46.3,1.6,3.7,257.0,127.0,,,,,,
2023-01-11T01:00,93,Moderate,24.9,46.2,1.5,4.8,259.0,121.0,,,,,,
2023-01-11T02:00,90,Moderate,25.0,46.3,1.6,6.8,263.0,114.0,,,,,,
2023-01-11T03:00,85,Moderate,25.4,47.1,1.8,8.8,269.0,109.0,,,,,,
2023-01-11T04:00,84,Moderate,26.4,49.0,2.0,11.2,276.0,105.0,,,,,,
2023-01-11T05:00,84,Moderate,26.5,49.8,2.6,14.3,285.0,99.0,,,,,,
2023-01-11T06:00,84,Moderate,28.1,53.3,2.9,16.3,296.0,98.0,,,,,,
2023-01-11T07:00,85,Moderate,29.0,55.2,3.4,19.0,311.0,98.0,,,,,,
2023-01-11T08:00,85,Moderate,30.0,56.9,3.5,20.4,322.0,100.0,,,,,,
2023-01-11T09:00,85,Moderate,31.2,58.0,2.9,18.0,316.0,107.0,,,,,,
2023-01-11T10:00,85,Moderate,31.7,57.6,2.0,13.8,304.0,118.0,,,,,,
2023-01-11T11:00,86,Moderate,31.1,55.6,1.0,8.9,288.0,129.0,,,,,,
2023-01-11T12:00,86,Moderate,30.7,54.1,0.7,7.2,282.0,132.0,,,,,,
2023-01-11T13:00,86,Moderate,30.6,53.7,0.6,6.2,277.0,132.0,,,,,,
2023-01-11T14:00,86,Moderate,30.6,53.8,0.6,5.4,274.0,132.0,,,,,,
2023-01-11T15:00,86,Moderate,30.9,54.6,0.6,5.0,276.0,135.0,,,,,,
2023-01-11T16:00,86,Moderate,31.0,55.5,0.8,5.0,281.0,138.0,,,,,,
2023-01-11T17:00,87,Moderate,29.2,51.7,0.9,4.6,274.0,132.0,,,,,,
2023-01-11T18:00,89,Moderate,29.5,52.5,1.0,4.7,278.0,135.0,,,,,,
2023-01-11T19:00,93,Moderate,30.2,54.2,1.2,4.9,284.0,140.0,,,,,,
2023-01-11T20:00,95,Moderate,31.1,56.1,1.4,5.2,289.0,144.0,,,,,,
2023-01-11T21:00,98,Moderate,31.7,57.4,1.4,5.5,290.0,145.0,,,,,,
2023-01-11T22:00,101,Unhealthy for Sensitive Groups,31.7,57.6,1.4,5.9,289.0,145.0,,,,,,
2023-01-11T23:00,103,Unhealthy for Sensitive Groups,31.3,57.2,1.4,6.5,287.0,142.0,,,,,,
2023-01-12T00:00,105,Unhealthy for Sensitive Groups,30.9,56.2,1.3,7.4,285.0,137.0,,,,,,
2023-01-12T01:00,105,Unhealthy for Sensitive Groups,30.2,54.9,1.2,8.4,282.0,131.0,,,,,,
2023-01-12T02:00,105,Unhealthy for Sensitive Groups,29.2,53.2,1.1,9.1,277.0,124.0,,,,,,
2023-01-12T03:00,102,Unhealthy for Sensitive Groups,27.9,50.9,1.0,8.4,272.0,121.0,,,,,,
2023-01-12T04:00,98,Moderate,26.7,48.7,0.9,7.1,266.0,119.0,,,,,,
2023-01-12T05:00,93,Moderate,26.3,47.8,0.9,6.9,260.0,114.0,,,,,,
2023-01-12T06:00,90,Moderate,25.6,46.4,1.0,7.4,263.0,113.0,,,,,,
2023-01-12T07:00,89,Moderate,25.1,45.6,1.1,8.1,266.0,113.0,,,,,,
2023-01-12T08:00,89,Moderate,25.0,45.5,1.2,8.5,267.0,113.0,,,,,,
2023-01-12T09:00,89,Moderate,24.7,44.7,1.2,7.8,262.0,115.0,,,,,,
2023-01-12T10:00,88,Moderate,24.3,43.4,1.0,6.6,254.0,119.0,,,,,,
2023-01-12T11:00,88,Moderate,24.1,42.6,0.8,5.1,243.0,123.0,,,,,,
2023-01-12T12:00,87,Moderate,24.0,42.1,0.7,4.2,236.0,125.0,,,,,,
2023-01-12T13:00,87,Moderate,23.9,41.6,0.6,3.4,228.0,127.0,,,,,,
2023-01-12T14:00,86,Moderate,23.3,40.9,0.5,2.6,220.0,129.0,,,,,,
2023-01-12T15:00,86,Moderate,22.8,40.0,0.5,2.3,217.0,131.0,,,,,,
2023-01-12T16:00,85,Moderate,22.6,40.0,0.5,2.2,215.0,132.0,,,,,,
2023-01-12T17:00,84,Moderate,22.4,39.2,0.6,2.2,208.0,123.0,,,,,,
2023-01-12T18:00,84,Moderate,22.7,40.2,0.7,2.2,206.0,124.0,,,,,,
2023-01-12T19:00,83,Moderate,23.2,41.2,0.8,2.1,203.0,126.0,,,,,,
2023-01-12T20:00,83,Moderate,23.3,41.7,1.0,2.0,197.0,126.0,,,,,,
2023-01-12T21:00,83,Moderate,22.6,40.7,1.0,1.8,189.0,123.0,,,,,,
2023-01-12T22:00,82,Moderate,21.5,38.8,0.9,1.4,179.0,119.0,,,,,,
2023-01-12T23:00,80,Moderate,20.3,36.6,0.8,1.1,168.0,113.0,,,,,,
2023-01-13T00:00,80,Moderate,19.3,34.6,0.8,1.1,163.0,109.0,,,,,,
2023-01-13T01:00,79,Moderate,18.6,33.2,0.8,1.2,160.0,105.0,,,,,,
2023-01-13T02:00,78,Moderate,18.0,32.1,0.7,1.3,156.0,100.0,,,,,,
2023-01-13T03:00,77,Moderate,17.5,31.0,0.7,1.3,152.0,98.0,,,,,,
2023-01-13T04:00,76,Moderate,16.9,29.8,0.6,1.2,148.0,96.0,,,,,,
2023-01-13T05:00,75,Moderate,16.2,28.6,1.0,0.3,152.0,87.0,,,,,,
2023-01-13T06:00,75,Moderate,15.9,27.9,1.2,0.5,153.0,86.0,,,,,,
2023-01-13T07:00,74,Moderate,16.3,28.8,1.5,0.7,155.0,84.0,,,,,,
2023-01-13T08:00,73,Moderate,16.6,29.4,1.6,0.9,156.0,84.0,,,,,,
2023-01-13T09:00,72,Moderate,17.1,30.2,1.4,0.9,154.0,87.0,,,,,,
2023-01-13T10:00,72,Moderate,17.0,29.7,1.0,0.9,150.0,93.0,,,,,,
2023-01-13T11:00,71,Moderate,17.9,31.0,0.6,0.9,145.0,99.0,,,,,,
2023-01-13T12:00,71,Moderate,18.2,31.3,0.5,0.9,143.0,102.0,,,,,,
2023-01-13T13:00,70,Moderate,18.2,31.4,0.4,0.9,143.0,105.0,,,,,,
2023-01-13T14:00,70,Moderate,17.8,31.0,0.4,0.9,142.0,108.0,,,,,,
2023-01-13T15:00,69,Moderate,17.2,30.4,0.4,0.8,142.0,109.0,,,,,,
2023-01-13T16:00,69,Moderate,16.8,29.9,0.4,0.6,142.0,110.0,,,,,,
2023-01-13T17:00,69,Moderate,16.2,29.3,0.5,0.4,142.0,110.0,,,,,,
2023-01-13T18:00,68,Moderate,15.8,28.8,0.6,0.3,142.0,108.0,,,,,,
2023-01-13T19:00,67,Moderate,15.6,28.4,0.7,0.2,142.0,106.0,,,,,,
2023-01-13T20:00,67,Moderate,15.4,28.0,0.8,0.2,143.0,102.0,,,,,,
2023-01-13T21:00,66,Moderate,15.1,27.3,0.8,0.1,144.0,99.0,,,,,,
2023-01-13T22:00,66,Moderate,14.6,26.4,0.8,0.1,145.0,96.0,,,,,,
2023-01-13T23:00,65,Moderate,14.3,25.6,0.8,0.2,146.0,93.0,,,,,,
2023-01-14T00:00,65,Moderate,13.9,25.0,0.8,0.4,146.0,91.0,,,,,,
2023-01-14T01:00,64,Moderate,13.6,24.5,0.8,0.7,145.0,90.0,,,,,,
2023-01-14T02:00,64,Moderate,13.4,24.2,0.8,1.0,144.0,89.0,,,,,,
2023-01-14T03:00,63,Moderate,13.1,23.8,0.7,1.1,142.0,88.0,,,,,,
2023-01-14T04:00,63,Moderate,12.8,23.2,0.7,1.1,140.0,88.0,,,,,,
2023-01-14T05:00,63,Moderate,12.3,22.4,0.7,1.1,139.0,87.0,,,,,,
2023-01-14T06:00,63,Moderate,12.0,21.8,0.9,1.0,141.0,85.0,,,,,,
2023-01-14T07:00,62,Moderate,12.1,21.7,1.1,0.8,144.0,82.0,,,,,,
2023-01-14T08:00,62,Moderate,12.8,22.6,1.3,0.6,147.0,82.0,,,,,,
2023-01-14T09:00,62,Moderate,13.3,23.4,1.2,0.5,148.0,86.0,,,,,,
2023-01-14T10:00,61,Moderate,13.7,24.0,1.0,0.6,147.0,93.0,,,,,,
2023-01-14T11:00,61,Moderate,14.4,24.7,0.7,0.6,146.0,100.0,,,,,,
2023-01-14T12:00,61,Moderate,14.8,25.4,0.5,0.6,144.0,102.0,,,,,,
2023-01-14T13:00,60,Moderate,14.8,25.4,0.4,0.7,141.0,103.0,,,,,,
2023-01-14T14:00,60,Moderate,14.4,24.9,0.4,0.7,138.0,104.0,,,,,,
2023-01-14T15:00,60,Moderate,13.9,24.4,0.4,0.8,137.0,105.0,,,,,,
2023-01-14T16:00,60,Moderate,13.4,24.0,0.4,1.0,136.0,107.0,,,,,,
2023-01-14T17:00,59,Moderate,13.2,24.0,0.5,1.1,136.0,108.0,,,,,,
2023-01-14T18:00,59,Moderate,13.2,24.3,0.7,1.2,136.0,108.0,,,,,,
2023-01-14T19:00,59,Moderate,13.4,25.1,0.9,1.3,135.0,107.0,,,,,,
2023-01-14T20:00,59,Moderate,13.3,25.1,1.1,1.3,135.0,104.0,,,,,,
2023-01-14T21:00,59,Moderate,12.6,24.0,1.2,1.1,134.0,100.0,,,,,,
2023-01-14T22:00,58,Moderate,11.7,22.2,1.2,0.8,133.0,94.0,,,,,,
2023-01-14T23:00,58,Moderate,10.9,20.6,1.2,0.4,132.0,88.0,,,,,,
2023-01-15T00:00,58,Moderate,10.3,19.2,1.2,0.3,132.0,85.0,,,,,,
2023-01-15T01:00,58,Moderate,10.0,18.3,1.2,0.2,132.0,83.0,,,,,,
2023-01-15T02:00,57,Moderate,9.7,17.9,1.2,0.2,133.0,81.0,,,,,,
2023-01-15T03:00,57,Moderate,9.6,17.6,1.4,0.2,134.0,78.0,,,,,,
2023-01-15T04:00,57,Moderate,9.8,17.8,1.6,0.3,136.0,76.0,,,,,,
2023-01-15T05:00,57,Moderate,10.0,18.2,1.9,0.6,140.0,73.0,,,,,,
2023-01-15T06:00,56,Moderate,10.4,18.9,2.2,1.1,144.0,72.0,,,,,,
2023-01-15T07:00,56,Moderate,10.9,19.6,2.5,1.8,149.0,71.0,,,,,,
2023-01-15T08:00,56,Moderate,11.7,21.0,2.7,2.3,153.0,73.0,,,,,,
2023-01-15T09:00,56,Moderate,12.3,21.9,2.3,2.2,152.0,79.0,,,,,,
2023-01-15T10:00,56,Moderate,13.0,22.8,1.6,1.9,148.0,88.0,,,,,,
2023-01-15T11:00,56,Moderate,13.4,23.4,0.8,1.4,143.0,97.0,,,,,,
2023-01-15T12:00,56,Moderate,13.5,23.6,0.6,1.2,140.0,98.0,,,,,,
2023-01-15T13:00,56,Moderate,13.4,23.4,0.5,1.0,137.0,97.0,,,,,,
2023-01-15T14:00,56,Moderate,13.0,23.1,0.4,0.9,135.0,96.0,,,,,,
2023-01-15T15:00,56,Moderate,12.6,22.9,0.4,0.8,135.0,96.0,,,,,,
2023-01-15T16:00,55,Moderate,12.2,22.5,0.5,0.9,135.0,97.0,,,,,,
2023-01-15T17:00,55,Moderate,14.1,24.7,0.4,0.8,116.0,93.0,,,,,,
2023-01-15T18:00,55,Moderate,14.5,25.5,0.6,0.8,116.0,93.0,,,,,,
2023-01-15T19:00,56,Moderate,14.8,26.3,0.9,0.7,116.0,93.0,,,,,,
2023-01-15T20:00,56,Moderate,15.1,26.8,1.2,0.7,116.0,93.0,,,,,,
2023-01-15T21:00,56,Moderate,15.0,26.9,1.3,0.6,116.0,93.0,,,,,,
2023-01-15T22:00,56,Moderate,14.6,26.3,1.3,0.6,116.0,92.0,,,,,,
2023-01-15T23:00,56,Moderate,14.0,25.5,1.3,0.6,116.0,90.0,,,,,,
2023-01-16T00:00,56,Moderate,13.4,24.4,1.3,0.6,116.0,88.0,,,,,,
2023-01-16T01:00,57,Moderate,12.6,23.1,1.2,0.7,115.0,85.0,,,,,,
2023-01-16T02:00,57,Moderate,11.9,21.8,1.2,0.7,115.0,81.0,,,,,,
2023-01-16T03:00,57,Moderate,11.3,20.7,1.3,0.7,115.0,78.0,,,,,,
2023-01-16T04:00,57,Moderate,10.7,19.7,1.4,0.6,116.0,75.0,,,,,,
2023-01-16T05:00,57,Moderate,10.8,19.6,1.5,0.5,119.0,70.0,,,,,,
2023-01-16T06:00,57,Moderate,10.9,19.7,1.8,0.8,122.0,68.0,,,,,,
2023-01-16T07:00,57,Moderate,11.2,20.1,2.2,1.2,126.0,66.0,,,,,,
2023-01-16T08:00,57,Moderate,11.9,21.1,2.4,1.8,130.0,66.0,,,,,,
2023-01-16T09:00,57,Moderate,12.7,22.4,2.2,2.4,131.0,72.0,,,,,,
2023-01-16T10:00,57,Moderate,13.9,24.0,1.8,3.1,132.0,81.0,,,,,,
2023-01-16T11:00,58,Moderate,14.8,25.3,1.2,3.7,132.0,91.0,,,,,,
2023-01-16T12:00,58,Moderate,15.7,26.5,0.9,3.4,131.0,95.0,,,,,,
2023-01-16T13:00,58,Moderate,15.7,26.7,0.7,2.9,129.0,96.0,,,,,,
2023-01-16T14:00,58,Moderate,15.1,26.0,0.5,2.2,127.0,98.0,,,,,,
2023-01-16T15:00,58,Moderate,14.6,25.4,0.5,1.9,128.0,99.0,,,,,,
2023-01-16T16:00,58,Moderate,14.3,25.3,0.6,1.8,129.0,99.0,,,,,,
2023-01-16T17:00,58,Moderate,16.8,28.5,0.7,1.5,133.0,90.0,,,,,,
2023-01-16T18:00,59,Moderate,16.3,28.1,0.9,1.3,132.0,90.0,,,,,,
2023-01-16T19:00,59,Moderate,16.1,28.3,1.1,1.1,130.0,90.0,,,,,,
2023-01-16T20:00,59,Moderate,15.7,28.0,1.3,0.9,128.0,89.0,,,,,,
2023-01-16T21:00,59,Moderate,15.2,27.2,1.5,0.8,126.0,87.0,,,,,,
2023-01-16T22:00,59,Moderate,14.5,26.2,1.6,0.8,124.0,84.0,,,,,,
2023-01-16T23:00,59,Moderate,13.8,25.0,1.7,0.8,121.0,80.0,,,,,,
2023-01-17T00:00,59,Moderate,13.1,23.6,1.7,0.9,119.0,77.0,,,,,,
2023-01-17T01:00,59,Moderate,12.5,22.6,1.8,1.1,117.0,74.0,,,,,,
2023-01-17T02:00,59,Moderate,11.8,21.4,1.9,1.4,116.0,71.0,,,,,,
2023-01-17T03:00,59,Moderate,11.7,21.2,1.9,1.6,116.0,69.0,,,,,,
2023-01-17T04:00,59,Moderate,11.8,21.5,1.9,1.7,117.0,68.0,,,,,,
2023-01-17T05:00,59,Moderate,11.5,21.1,2.3,2.5,115.0,64.0,,,,,,
2023-01-17T06:00,59,Moderate,12.1,22.3,2.5,3.2,118.0,64.0,,,,,,
2023-01-17T07:00,59,Moderate,12.6,23.2,2.9,4.2,122.0,63.0,,,,,,
2023-01-17T08:00,59,Moderate,13.2,24.2,3.0,5.1,127.0,66.0,,,,,,
2023-01-17T09:00,59,Moderate,14.0,25.5,2.6,5.2,129.0,72.0,,,,,,
2023-01-17T10:00,59,Moderate,15.3,27.3,2.0,4.8,131.0,81.0,,,,,,
2023-01-17T11:00,60,Moderate,16.2,28.7,1.3,4.2,132.0,91.0,,,,,,
2023-01-17T12:00,60,Moderate,17.5,30.6,1.0,3.6,131.0,96.0,,,,,,
2023-01-17T13:00,60,Moderate,17.8,31.3,0.8,2.9,130.0,100.0,,,,,,
2023-01-17T14:00,60,Moderate,17.5,31.1,0.7,2.1,129.0,105.0,,,,,,
2023-01-17T15:00,60,Moderate,16.7,30.2,0.7,1.8,129.0,108.0,,,,,,
2023-01-17T16:00,60,Moderate,15.8,29.2,0.7,1.7,131.0,111.0,,,,,,
2023-01-17T17:00,60,Moderate,13.8,25.3,0.8,1.2,126.0,104.0,,,,,,
2023-01-17T18:00,60,Moderate,13.9,25.8,1.0,1.3,129.0,104.0,,,,,,
2023-01-17T19:00,60,Moderate,14.5,27.1,1.2,1.4,133.0,103.0,,,,,,
2023-01-17T20:00,60,Moderate,14.8,28.1,1.4,1.4,138.0,101.0,,,,,,
2023-01-17T21:00,60,Moderate,14.7,28.1,1.4,1.1,140.0,98.0,,,,,,
2023-01-17T22:00,60,Moderate,14.4,27.3,1.2,0.8,141.0,93.0,,,,,,
2023-01-17T23:00,60,Moderate,14.1,26.3,1.0,0.4,143.0,88.0,,,,,,
2023-01-18T00:00,60,Moderate,14.0,25.7,1.0,0.3,145.0,86.0,,,,,,
2023-01-18T01:00,60,Moderate,13.8,25.1,1.0,0.3,148.0,85.0,,,,,,
2023-01-18T02:00,60,Moderate,14.3,25.9,1.0,0.3,151.0,84.0,,,,,,
2023-01-18T03:00,60,Moderate,14.6,26.7,1.1,0.4,152.0,83.0,,,,,,
2023-01-18T04:00,60,Moderate,15.0,27.3,1.2,0.6,153.0,82.0,,,,,,
2023-01-18T05:00,61,Moderate,15.8,29.2,2.0,1.4,161.0,74.0,,,,,,
2023-01-18T06:00,61,Moderate,16.6,31.1,2.2,1.9,163.0,73.0,,,,,,
2023-01-18T07:00,61,Moderate,17.3,32.1,2.6,2.6,165.0,71.0,,,,,,
2023-01-18T08:00,62,Moderate,18.6,34.5,2.8,3.3,167.0,73.0,,,,,,
2023-01-18T09:00,62,Moderate,20.3,37.3,2.5,3.4,165.0,79.0,,,,,,
2023-01-18T10:00,63,Moderate,21.7,39.2,1.9,3.4,162.0,89.0,,,,,,
2023-01-18T11:00,63,Moderate,22.4,39.9,1.3,3.1,157.0,100.0,,,,,,
2023-01-18T12:00,64,Moderate,23.9,42.3,1.0,2.7,154.0,106.0,,,,,,
2023-01-18T13:00,64,Moderate,25.2,44.1,0.8,2.3,151.0,111.0,,,,,,
2023-01-18T14:00,65,Moderate,25.7,45.1,0.6,1.7,148.0,115.0,,,,,,
2023-01-18T15:00,65,Moderate,26.0,45.5,0.5,1.4,147.0,115.0,,,,,,
2023-01-18T16:00,66,Moderate,26.3,46.1,0.5,1.0,147.0,112.0,,,,,,
2023-01-18T17:00,67,Moderate,24.0,41.9,0.6,0.6,150.0,107.0,,,,,,
2023-01-18T18:00,68,Moderate,24.3,42.3,0.6,0.5,151.0,103.0,,,,,,
2023-01-18T19:00,69,Moderate,24.4,42.1,0.6,0.3,152.0,98.0,,,,,,
2023-01-18T20:00,69,Moderate,24.0,41.3,0.7,0.2,153.0,93.0,,,,,,
2023-01-18T21:00,70,Moderate,23.6,40.6,0.7,0.2,154.0,91.0,,,,,,
2023-01-18T22:00,71,Moderate,23.5,40.3,0.8,0.2,156.0,91.0,,,,,,
2023-01-18T23:00,71,Moderate,23.3,40.2,0.8,0.3,158.0,91.0,,,,,,
2023-01-19T00:00,72,Moderate,23.5,40.4,0.8,0.3,159.0,91.0,,,,,,
2023-01-19T01:00,73,Moderate,23.9,41.2,0.8,0.4,160.0,92.0,,,,,,
2023-01-19T02:00,74,Moderate,24.0,41.4,0.8,0.5,162.0,92.0,,,,,,
2023-01-19T03:00,75,Moderate,24.6,42.6,0.8,0.5,164.0,92.0,,,,,,
2023-01-19T04:00,75,Moderate,25.2,43.9,0.8,0.5,165.0,91.0,,,,,,
2023-01-19T05:00,76,Moderate,24.4,42.1,0.6,0.4,160.0,90.0,,,,,,
2023-01-19T06:00,77,Moderate,25.3,43.9,0.8,0.5,163.0,89.0,,,,,,
2023-01-19T07:00,77,Moderate,26.4,46.2,1.1,0.6,167.0,87.0,,,,,,
2023-01-19T08:00,78,Moderate,27.4,48.2,1.3,0.8,171.0,87.0,,,,,,
2023-01-19T09:00,79,Moderate,28.2,49.7,1.2,0.9,171.0,91.0,,,,,,
2023-01-19T10:00,79,Moderate,28.2,49.4,1.0,1.1,170.0,98.0,,,,,,
2023-01-19T11:00,80,Moderate,27.5,47.8,0.7,1.1,167.0,105.0,,,,,,
2023-01-19T12:00,80,Moderate,26.3,45.4,0.6,1.1,165.0,108.0,,,,,,
2023-01-19T13:00,81,Moderate,25.3,43.8,0.5,1.0,162.0,111.0,,,,,,
2023-01-19T14:00,81,Moderate,24.7,43.0,0.4,0.9,159.0,113.0,,,,,,
2023-01-19T15:00,81,Moderate,23.6,41.3,0.4,0.9,158.0,115.0,,,,,,
2023-01-19T16:00,80,Moderate,22.9,40.5,0.6,1.0,158.0,116.0,,,,,,
2023-01-19T17:00,80,Moderate,25.1,44.0,0.9,1.5,157.0,118.0,,,,,,
2023-01-19T18:00,80,Moderate,24.7,43.7,0.9,1.3,158.0,115.0,,,,,,
2023-01-19T19:00,80,Moderate,24.3,43.2,0.9,1.0,159.0,112.0,,,,,,
2023-01-19T20:00,80,Moderate,24.2,43.1,0.9,0.8,161.0,107.0,,,,,,
2023-01-19T21:00,80,Moderate,24.2,43.0,1.0,1.2,162.0,104.0,,,,,,
2023-01-19T22:00,80,Moderate,24.4,43.0,1.1,1.7,163.0,101.0,,,,,,
2023-01-19T23:00,80,Moderate,24.2,42.1,1.1,2.2,165.0,99.0,,,,,,
2023-01-20T00:00,80,Moderate,24.3,42.5,1.0,1.9,166.0,99.0,,,,,,
2023-01-20T01:00,80,Moderate,24.6,43.0,0.9,1.4,168.0,101.0,,,,,,
2023-01-20T02:00,81,Moderate,25.1,43.9,0.7,0.9,170.0,102.0,,,,,,
2023-01-20T03:00,81,Moderate,26.1,45.8,0.7,0.8,172.0,102.0,,,,,,
2023-01-20T04:00,81,Moderate,27.9,49.1,0.7,0.8,174.0,102.0,,,,,,
2023-01-20T05:00,81,Moderate,27.4,48.3,1.1,1.0,180.0,94.0,,,,,,
2023-01-20T06:00,81,Moderate,29.1,51.6,1.4,1.6,184.0,92.0,,,,,,
2023-01-20T07:00,81,Moderate,30.9,54.5,1.7,2.5,189.0,90.0,,,,,,
2023-01-20T08:00,82,Moderate,31.5,55.9,1.9,3.4,195.0,90.0,,,,,,
2023-01-20T09:00,82,Moderate,32.8,58.1,1.7,3.6,197.0,95.0,,,,,,
2023-01-20T10:00,82,Moderate,35.6,62.4,1.3,3.6,199.0,103.0,,,,,,
2023-01-20T11:00,83,Moderate,38.9,67.3,0.9,3.5,201.0,113.0,,,,,,
2023-01-20T12:00,84,Moderate,41.6,71.2,0.7,3.5,203.0,117.0,,,,,,
2023-01-20T13:00,85,Moderate,43.3,74.0,0.6,3.5,205.0,121.0,,,,,,
2023-01-20T14:00,87,Moderate,44.2,75.9,0.6,3.4,210.0,125.0,,,,,,
2023-01-20T15:00,88,Moderate,44.5,76.8,0.7,3.4,217.0,130.0,,,,,,
2023-01-20T16:00,90,Moderate,44.1,77.1,0.9,3.4,225.0,135.0,,,,,,
2023-01-20T17:00,91,Moderate,44.1,76.1,1.1,2.8,234.0,135.0,,,,,,
2023-01-20T18:00,93,Moderate,43.8,76.1,1.1,2.2,236.0,134.0,,,,,,
2023-01-20T19:00,94,Moderate,42.6,74.0,1.2,1.5,238.0,131.0,,,,,,
2023-01-20T20:00,96,Moderate,40.6,70.5,1.2,0.7,239.0,127.0,,,,,,
2023-01-20T21:00,97,Moderate,37.1,64.0,1.1,0.4,236.0,122.0,,,,,,
2023-01-20T22:00,98,Moderate,32.8,56.2,1.1,0.3,232.0,115.0,,,,,,
2023-01-20T23:00,99,Moderate,29.4,50.2,1.0,0.3,227.0,108.0,,,,,,
2023-01-21T00:00,99,Moderate,28.1,48.0,1.0,0.2,225.0,106.0,,,,,,
2023-01-21T01:00,100,Moderate,27.5,47.0,0.9,0.3,224.0,106.0,,,,,,
2023-01-21T02:00,100,Moderate,27.2,46.7,0.9,0.3,224.0,106.0,,,,,,
2023-01-21T03:00,100,Moderate,27.1,46.6,0.9,0.3,225.0,105.0,,,,,,
2023-01-21T04:00,100,Moderate,27.2,47.0,0.9,0.3,226.0,103.0,,,,,,
2023-01-21T05:00,100,Moderate,28.2,49.0,1.7,1.8,245.0,92.0,,,,,,
2023-01-21T06:00,100,Moderate,28.7,50.2,2.1,2.8,252.0,90.0,,,,,,
2023-01-21T07:00,100,Moderate,29.7,52.0,2.6,4.3,262.0,87.0,,,,,,
2023-01-21T08:00,100,Moderate,31.1,54.5,2.9,5.6,269.0,87.0,,,,,,
2023-01-21T09:00,100,Moderate,32.7,57.2,2.5,5.4,265.0,94.0,,,,,,
2023-01-21T10:00,100,Moderate,33.6,58.1,1.7,4.7,257.0,104.0,,,,,,
2023-01-21T11:00,100,Moderate,33.5,56.9,0.9,3.8,247.0,115.0,,,,,,
2023-01-21T12:00,99,Moderate,32.4,55.1,0.6,3.2,243.0,118.0,,,,,,
2023-01-21T13:00,99,Moderate,32.6,55.4,0.5,2.7,241.0,118.0,,,,,,
2023-01-21T14:00,98,Moderate,33.3,56.9,0.6,2.3,241.0,120.0,,,,,,
2023-01-21T15:00,97,Moderate,34.1,59.1,0.7,2.3,246.0,127.0,,,,,,
2023-01-21T16:00,96,Moderate,34.3,60.5,1.0,2.6,253.0,135.0,,,,,,
2023-01-21T17:00,95,Moderate,38.0,65.7,1.3,2.4,265.0,132.0,,,,,,
2023-01-21T18:00,95,Moderate,35.7,62.6,1.3,2.2,257.0,130.0,,,,,,
2023-01-21T19:00,94,Moderate,33.4,58.7,1.3,1.8,246.0,127.0,,,,,,
2023-01-21T20:00,93,Moderate,31.2,54.7,1.3,1.7,233.0,122.0,,,,,,
2023-01-21T21:00,93,Moderate,29.2,50.9,1.5,2.4,226.0,115.0,,,,,,
2023-01-21T22:00,92,Moderate,27.9,48.4,1.7,3.5,220.0,107.0,,,,,,
2023-01-21T23:00,92,Moderate,27.1,46.8,1.8,4.2,213.0,99.0,,,,,,
2023-01-22T00:00,91,Moderate,27.0,46.1,1.6,3.3,209.0,97.0,,,,,,
2023-01-22T01:00,91,Moderate,27.4,46.4,1.3,1.8,206.0,96.0,,,,,,
2023-01-22T02:00,91,Moderate,28.2,47.7,1.0,0.3,205.0,96.0,,,,,,
2023-01-22T03:00,91,Moderate,29.3,49.5,0.9,0.1,206.0,95.0,,,,,,
2023-01-22T04:00,92,Moderate,30.4,51.5,0.9,0.4,210.0,93.0,,,,,,
2023-01-22T05:00,92,Moderate,29.6,49.8,1.1,1.2,212.0,93.0,,,,,,
2023-01-22T06:00,92,Moderate,31.3,52.9,1.3,1.7,220.0,92.0,,,,,,
2023-01-22T07:00,92,Moderate,34.0,57.3,1.6,2.5,231.0,91.0,,,,,,
2023-01-22T08:00,93,Moderate,34.5,57.5,1.8,3.2,245.0,93.0,,,,,,
2023-01-22T09:00,93,Moderate,36.2,60.1,1.7,3.4,254.0,99.0,,,,,,
2023-01-22T10:00,93,Moderate,37.3,61.2,1.4,3.5,264.0,107.0,,,,,,
2023-01-22T11:00,93,Moderate,39.7,65.0,1.1,3.4,272.0,117.0,,,,,,
2023-01-22T12:00,94,Moderate,41.2,67.3,0.9,3.4,273.0,122.0,,,,,,
2023-01-22T13:00,95,Moderate,41.2,67.5,0.8,3.3,271.0,125.0,,,,,,
2023-01-22T14:00,95,Moderate,41.2,67.5,0.7,3.2,269.0,129.0,,,,,,
2023-01-22T15:00,96,Moderate,41.4,68.7,0.8,3.1,271.0,132.0,,,,,,
2023-01-22T16:00,96,Moderate,42.0,69.8,0.9,3.0,274.0,134.0,,,,,,
2023-01-22T17:00,97,Moderate,41.0,68.5,1.1,3.1,287.0,137.0,,,,,,
2023-01-22T18:00,97,Moderate,42.7,71.7,1.2,3.1,292.0,135.0,,,,,,
2023-01-22T19:00,98,Moderate,43.8,73.1,1.3,3.0,300.0,132.0,,,,,,
2023-01-22T20:00,99,Moderate,44.5,74.5,1.4,3.0,310.0,127.0,,,,,,
2023-01-22T21:00,100,Moderate,45.1,75.2,1.5,2.9,317.0,123.0,,,,,,
2023-01-22T22:00,101,Unhealthy for Sensitive Groups,45.5,76.1,1.5,2.9,323.0,119.0,,,,,,
2023-01-22T23:00,103,Unhealthy for Sensitive Groups,46.1,77.5,1.5,2.9,330.0,115.0,,,,,,
2023-01-23T00:00,105,Unhealthy for Sensitive Groups,46.3,78.0,1.5,2.9,333.0,113.0,,,,,,
2023-01-23T01:00,107,Unhealthy for Sensitive Groups,45.6,76.8,1.4,3.0,335.0,111.0,,,,,,
2023-01-23T02:00,109,Unhealthy for Sensitive Groups,45.6,76.8,1.4,3.3,337.0,109.0,,,,,,
2023-01-23T03:00,111,Unhealthy for Sensitive Groups,45.3,76.4,1.3,3.5,338.0,107.0,,,,,,
2023-01-23T04:00,112,Unhealthy for Sensitive Groups,44.1,74.0,1.2,3.8,338.0,105.0,,,,,,
2023-01-23T05:00,114,Unhealthy for Sensitive Groups,46.2,77.3,1.6,6.6,361.0,98.0,,,,,,
2023-01-23T06:00,116,Unhealthy for Sensitive Groups,47.3,79.2,2.1,8.8,365.0,95.0,,,,,,
2023-01-23T07:00,117,Unhealthy for Sensitive Groups,49.0,82.7,2.8,11.9,371.0,91.0,,,,,,
2023-01-23T08:00,119,Unhealthy for Sensitive Groups,50.3,85.7,3.4,15.1,373.0,89.0,,,,,,
2023-01-23T09:00,120,Unhealthy for Sensitive Groups,51.6,88.7,3.5,16.1,370.0,93.0,,,,,,
2023-01-23T10:00,122,Unhealthy for Sensitive Groups,52.4,90.6,3.3,16.4,363.0,99.0,,,,,,
2023-01-23T11:00,124,Unhealthy for Sensitive Groups,50.8,87.8,2.9,15.4,345.0,108.0,,,,,,
2023-01-23T12:00,125,Unhealthy for Sensitive Groups,44.9,77.8,2.3,13.0,320.0,113.0,,,,,,
2023-01-23T13:00,125,Unhealthy for Sensitive Groups,39.1,67.8,1.5,9.4,287.0,119.0,,,,,,
2023-01-23T14:00,125,Unhealthy for Sensitive Groups,33.9,58.9,0.7,5.4,250.0,122.0,,,,,,
2023-01-23T15:00,124,Unhealthy for Sensitive Groups,28.9,50.5,0.6,3.7,233.0,121.0,,,,,,
2023-01-23T16:00,123,Unhealthy for Sensitive Groups,25.3,44.5,0.6,2.6,222.0,117.0,,,,,,
2023-01-23T17:00,121,Unhealthy for Sensitive Groups,24.3,42.8,1.0,2.8,226.0,114.0,,,,,,
2023-01-23T18:00,119,Unhealthy for Sensitive Groups,23.3,41.2,1.2,2.4,218.0,109.0,,,,,,
2023-01-23T19:00,117,Unhealthy for Sensitive Groups,22.4,39.3,1.4,1.8,208.0,101.0,,,,,,
2023-01-23T20:00,115,Unhealthy for Sensitive Groups,21.7,38.0,1.6,1.1,196.0,92.0,,,,,,
2023-01-23T21:00,113,Unhealthy for Sensitive Groups,18.6,31.9,1.6,0.8,192.0,87.0,,,,,,
2023-01-23T22:00,110,Unhealthy for Sensitive Groups,17.8,30.6,1.5,0.5,191.0,83.0,,,,,,
2023-01-23T23:00,107,Unhealthy for Sensitive Groups,17.3,29.8,1.4,0.3,190.0,78.0,,,,,,
2023-01-24T00:00,104,Unhealthy for Sensitive Groups,16.6,28.5,1.3,0.3,190.0,76.0,,,,,,
2023-01-24T01:00,101,Unhealthy for Sensitive Groups,14.7,25.2,1.1,0.2,191.0,74.0,,,,,,
2023-01-24T02:00,98,Moderate,12.5,21.7,1.0,0.3,191.0,73.0,,,,,,
2023-01-24T03:00,96,Moderate,11.1,19.4,0.9,0.3,190.0,72.0,,,,,,
2023-01-24T04:00,93,Moderate,11.4,19.8,0.8,0.4,188.0,72.0,,,,,,
2023-01-24T05:00,91,Moderate,10.1,17.3,0.2,0.0,187.0,75.0,,,,,,
2023-01-24T06:00,88,Moderate,9.7,16.8,0.2,0.0,186.0,74.0,,,,,,
2023-01-24T07:00,85,Moderate,9.3,16.1,0.3,0.1,184.0,73.0,,,,,,
2023-01-24T08:00,82,Moderate,9.7,16.9,0.4,0.1,182.0,73.0,,,,,,
2023-01-24T09:00,78,Moderate,9.8,16.6,0.4,0.1,181.0,75.0,,,,,,
2023-01-24T10:00,75,Moderate,11.2,18.8,0.4,0.1,181.0,78.0,,,,,,
2023-01-24T11:00,72,Moderate,13.0,21.5,0.4,0.1,179.0,82.0,,,,,,
2023-01-24T12:00,69,Moderate,14.6,24.2,0.3,0.1,177.0,84.0,,,,,,
2023-01-24T13:00,67,Moderate,15.6,25.8,0.3,0.1,175.0,86.0,,,,,,
2023-01-24T14:00,65,Moderate,16.0,26.7,0.2,0.1,170.0,88.0,,,,,,
2023-01-24T15:00,63,Moderate,16.5,27.9,0.3,0.1,165.0,91.0,,,,,,
2023-01-24T16:00,62,Moderate,15.8,27.6,0.3,0.1,158.0,94.0,,,,,,
2023-01-24T17:00,62,Moderate,16.1,28.2,0.5,0.2,159.0,94.0,,,,,,
2023-01-24T18:00,61,Moderate,15.3,27.3,0.6,0.2,156.0,94.0,,,,,,
2023-01-24T19:00,60,Moderate,14.5,26.1,0.8,0.3,152.0,93.0,,,,,,
2023-01-24T20:00,60,Moderate,13.9,25.2,1.0,0.4,148.0,92.0,,,,,,
2023-01-24T21:00,59,Moderate,13.9,25.1,1.1,0.4,147.0,90.0,,,,,,
2023-01-24T22:00,59,Moderate,14.2,25.6,1.1,0.4,148.0,89.0,,,,,,
2023-01-24T23:00,58,Moderate,14.9,26.8,1.1,0.4,150.0,87.0,,,,,,
2023-01-25T00:00,58,Moderate,15.8,28.5,1.1,0.5,152.0,87.0,,,,,,
2023-01-25T01:00,58,Moderate,16.1,29.0,1.0,0.5,154.0,88.0,,,,,,
2023-01-25T02:00,58,Moderate,17.1,31.1,0.9,0.6,157.0,90.0,,,,,,
2023-01-25T03:00,59,Moderate,17.9,32.8,0.9,0.7,158.0,91.0,,,,,,
2023-01-25T04:00,59,Moderate,18.7,34.3,0.8,0.7,159.0,92.0,,,,,,
2023-01-25T05:00,60,Moderate,19.0,34.8,0.6,0.4,160.0,94.0,,,,,,
2023-01-25T06:00,60,Moderate,19.7,36.2,0.7,0.5,161.0,93.0,,,,,,
2023-01-25T07:00,61,Moderate,20.2,37.1,0.9,0.7,163.0,93.0,,,,,,
2023-01-25T08:00,62,Moderate,21.0,38.6,1.0,0.9,163.0,93.0,,,,,,
2023-01-25T09:00,63,Moderate,21.0,38.1,0.9,0.8,161.0,95.0,,,,,,
2023-01-25T10:00,64,Moderate,21.3,38.0,0.7,0.7,157.0,99.0,,,,,,
2023-01-25T11:00,65,Moderate,21.8,38.2,0.5,0.6,151.0,102.0,,,,,,
2023-01-25T12:00,65,Moderate,22.5,38.9,0.4,0.6,147.0,103.0,,,,,,
2023-01-25T13:00,66,Moderate,22.9,39.3,0.3,0.6,143.0,102.0,,,,,,
2023-01-25T14:00,67,Moderate,22.8,39.0,0.3,0.5,139.0,102.0,,,,,,
2023-01-25T15:00,67,Moderate,22.8,39.1,0.3,0.5,137.0,103.0,,,,,,
2023-01-25T16:00,68,Moderate,23.1,39.8,0.3,0.5,136.0,103.0,,,,,,
2023-01-25T17:00,68,Moderate,27.6,46.9,0.5,0.8,144.0,105.0,,,,,,
2023-01-25T18:00,69,Moderate,30.2,51.1,0.6,0.6,146.0,103.0,,,,,,
2023-01-25T19:00,70,Moderate,32.0,53.7,0.6,0.4,149.0,99.0,,,,,,
2023-01-25T20:00,72,Moderate,32.5,54.1,0.7,0.2,153.0,95.0,,,,,,
2023-01-25T21:00,73,Moderate,32.2,53.4,0.8,0.1,157.0,94.0,,,,,,
2023-01-25T22:00,74,Moderate,31.8,52.5,0.9,0.2,161.0,93.0,,,,,,
2023-01-25T23:00,76,Moderate,31.2,51.7,1.0,0.3,166.0,92.0,,,,,,
2023-01-26T00:00,77,Moderate,30.9,51.2,1.0,0.3,170.0,91.0,,,,,,
2023-01-26T01:00,78,Moderate,30.6,51.2,1.0,0.4,173.0,91.0,,,,,,
2023-01-26T02:00,79,Moderate,30.5,51.3,1.0,0.5,178.0,90.0,,,,,,
2023-01-26T03:00,81,Moderate,30.4,51.3,0.9,0.5,181.0,90.0,,,,,,
2023-01-26T04:00,82,Moderate,30.5,51.8,0.9,0.6,183.0,89.0,,,,,,
2023-01-26T05:00,82,Moderate,29.7,50.8,1.1,1.2,186.0,86.0,,,,,,
2023-01-26T06:00,83,Moderate,30.2,51.7,1.4,2.1,191.0,84.0,,,,,,
2023-01-26T07:00,84,Moderate,31.0,53.3,1.8,3.2,199.0,81.0,,,,,,
2023-01-26T08:00,85,Moderate,31.8,54.9,2.1,4.4,207.0,81.0,,,,,,
2023-01-26T09:00,86,Moderate,33.5,57.9,1.9,4.6,209.0,88.0,,,,,,
2023-01-26T10:00,87,Moderate,34.8,59.6,1.5,4.5,209.0,98.0,,,,,,
2023-01-26T11:00,88,Moderate,36.2,61.2,0.9,4.1,208.0,109.0,,,,,,
2023-01-26T12:00,89,Moderate,37.1,62.4,0.7,3.7,206.0,113.0,,,,,,
2023-01-26T13:00,90,Moderate,37.5,63.1,0.6,3.2,203.0,116.0,,,,,,
2023-01-26T14:00,91,Moderate,37.4,63.1,0.5,2.7,201.0,119.0,,,,,,
2023-01-26T15:00,92,Moderate,37.0,62.9,0.5,2.6,202.0,122.0,,,,,,
2023-01-26T16:00,94,Moderate,36.8,62.6,0.6,2.6,204.0,124.0,,,,,,
2023-01-26T17:00,95,Moderate,35.4,60.3,0.7,2.6,206.0,122.0,,,,,,
2023-01-26T18:00,95,Moderate,34.5,59.0,0.8,2.2,206.0,120.0,,,,,,
2023-01-26T19:00,96,Moderate,34.3,58.9,0.9,1.7,206.0,117.0,,,,,,
2023-01-26T20:00,96,Moderate,34.0,58.1,1.0,1.0,204.0,113.0,,,,,,
2023-01-26T21:00,96,Moderate,33.3,56.3,1.1,0.7,200.0,109.0,,,,,,
2023-01-26T22:00,96,Moderate,32.5,54.2,1.1,0.5,194.0,104.0,,,,,,
2023-01-26T23:00,96,Moderate,31.5,52.3,1.0,0.3,186.0,98.0,,,,,,
2023-01-27T00:00,96,Moderate,30.7,50.6,1.0,0.3,181.0,96.0,,,,,,
2023-01-27T01:00,96,Moderate,30.0,49.6,0.9,0.4,176.0,94.0,,,,,,
2023-01-27T02:00,96,Moderate,29.3,48.5,0.9,0.5,170.0,92.0,,,,,,
2023-01-27T03:00,96,Moderate,28.6,47.5,0.9,0.5,166.0,90.0,,,,,,
2023-01-27T04:00,96,Moderate,28.0,46.4,0.8,0.5,163.0,89.0,,,,,,
2023-01-27T05:00,96,Moderate,27.9,46.2,1.0,0.6,166.0,84.0,,,,,,
2023-01-27T06:00,95,Moderate,27.6,45.8,1.2,0.9,169.0,82.0,,,,,,
2023-01-27T07:00,95,Moderate,28.1,46.8,1.5,1.3,173.0,79.0,,,,,,
2023-01-27T08:00,95,Moderate,28.9,48.2,1.8,1.8,177.0,79.0,,,,,,
2023-01-27T09:00,95,Moderate,29.8,49.7,1.6,2.1,177.0,84.0,,,,,,
2023-01-27T10:00,94,Moderate,29.6,49.1,1.3,2.4,175.0,92.0,,,,,,
2023-01-27T11:00,94,Moderate,29.0,48.0,0.9,2.7,171.0,100.0,,,,,,
2023-01-27T12:00,93,Moderate,27.9,46.2,0.7,2.7,167.0,102.0,,,,,,
2023-01-27T13:00,93,Moderate,26.8,44.4,0.6,2.5,163.0,103.0,,,,,,
2023-01-27T14:00,92,Moderate,25.3,42.3,0.5,2.4,158.0,103.0,,,,,,
2023-01-27T15:00,91,Moderate,24.0,40.7,0.5,2.4,157.0,104.0,,,,,,
2023-01-27T16:00,90,Moderate,23.2,39.8,0.6,2.4,158.0,106.0,,,,,,
2023-01-27T17:00,89,Moderate,24.4,42.0,0.9,2.6,161.0,106.0,,,,,,
2023-01-27T18:00,88,Moderate,22.9,40.2,1.0,2.4,162.0,105.0,,,,,,
2023-01-27T19:00,87,Moderate,20.8,37.1,1.2,2.0,162.0,103.0,,,,,,
2023-01-27T20:00,86,Moderate,18.9,34.1,1.4,1.5,164.0,99.0,,,,,,
2023-01-27T21:00,85,Moderate,17.0,31.1,1.5,1.2,166.0,95.0,,,,,,
2023-01-27T22:00,84,Moderate,15.5,28.4,1.6,0.9,168.0,91.0,,,,,,
2023-01-27T23:00,82,Moderate,14.5,26.6,1.7,0.8,170.0,86.0,,,,,,
2023-01-28T00:00,81,Moderate,13.9,25.3,1.7,0.9,171.0,83.0,,,,,,
2023-01-28T01:00,80,Moderate,13.4,24.5,1.7,1.2,171.0,80.0,,,,,,
2023-01-28T02:00,78,Moderate,13.0,23.9,1.7,1.5,172.0,77.0,,,,,,
2023-01-28T03:00,77,Moderate,12.7,23.3,1.5,1.5,173.0,76.0,,,,,,
2023-01-28T04:00,76,Moderate,12.5,22.9,1.3,1.3,174.0,76.0,,,,,,
2023-01-28T05:00,74,Moderate,12.3,22.2,1.3,1.1,180.0,73.0,,,,,,
2023-01-28T06:00,73,Moderate,12.8,23.2,1.6,1.4,184.0,72.0,,,,,,
2023-01-28T07:00,72,Moderate,13.5,24.2,1.9,1.9,190.0,70.0,,,,,,
2023-01-28T08:00,71,Moderate,14.5,25.8,2.1,2.5,195.0,72.0,,,,,,
2023-01-28T09:00,70,Moderate,15.5,27.4,1.9,2.8,194.0,79.0,,,,,,
2023-01-28T10:00,69,Moderate,15.9,27.7,1.5,2.9,190.0,89.0,,,,,,
2023-01-28T11:00,68,Moderate,16.7,28.7,1.0,3.2,186.0,101.0,,,,,,
2023-01-28T12:00,67,Moderate,17.8,30.4,0.8,3.6,184.0,107.0,,,,,,
2023-01-28T13:00,66,Moderate,18.9,32.1,0.6,4.1,183.0,111.0,,,,,,
2023-01-28T14:00,65,Moderate,19.6,33.5,0.6,4.4,184.0,117.0,,,,,,
2023-01-28T15:00,65,Moderate,20.0,35.0,0.6,4.3,187.0,122.0,,,,,,
2023-01-28T16:00,64,Moderate,20.6,36.7,0.8,4.0,193.0,127.0,,,,,,
2023-01-28T17:00,64,Moderate,22.8,39.9,0.8,3.6,194.0,122.0,,,,,,
2023-01-28T18:00,64,Moderate,24.6,43.3,0.8,3.1,195.0,122.0,,,,,,
2023-01-28T19:00,64,Moderate,26.0,45.4,0.9,2.5,195.0,122.0,,,,,,
2023-01-28T20:00,69,Moderate,27.0,46.8,1.1,1.7,196.0,121.0,,,,,,
2023-01-28T21:00,72,Moderate,27.9,47.7,1.2,1.3,195.0,118.0,,,,,,
2023-01-28T22:00,73,Moderate,28.7,48.4,1.4,1.0,193.0,114.0,,,,,,
2023-01-28T23:00,72,Moderate,29.7,49.7,1.5,1.2,194.0,109.0,,,,,,
2023-01-29T00:00,70,Moderate,31.4,52.6,1.6,2.2,200.0,107.0,,,,,,
2023-01-29T01:00,70,Moderate,34.3,57.7,1.7,3.7,208.0,105.0,,,,,,
2023-01-29T02:00,71,Moderate,37.7,63.8,1.8,6.0,221.0,104.0,,,,,,
2023-01-29T03:00,73,Moderate,39.7,67.8,1.8,7.9,232.0,104.0,,,,,,
2023-01-29T04:00,76,Moderate,39.8,68.7,1.7,10.0,243.0,104.0,,,,,,
2023-01-29T05:00,78,Moderate,39.5,68.7,2.6,19.4,264.0,96.0,,,,,,
2023-01-29T06:00,80,Moderate,38.8,68.2,3.1,21.4,268.0,94.0,,,,,,
2023-01-29T07:00,82,Moderate,37.7,67.1,3.7,24.3,273.0,92.0,,,,,,
2023-01-29T08:00,84,Moderate,37.0,66.1,4.1,26.1,280.0,94.0,,,,,,
2023-01-29T09:00,86,Moderate,37.3,66.6,3.5,24.1,283.0,103.0,,,,,,
2023-01-29T10:00,87,Moderate,39.2,70.1,2.5,20.4,286.0,116.0,,,,,,
2023-01-29T11:00,89,Moderate,41.3,73.1,1.4,15.8,291.0,131.0,,,,,,
2023-01-29T12:00,91,Moderate,45.4,79.6,1.1,13.7,299.0,138.0,,,,,,
2023-01-29T13:00,93,Moderate,53.1,92.2,1.0,12.1,309.0,143.0,,,,,,
2023-01-29T14:00,96,Moderate,48.8,84.8,0.9,10.0,320.0,148.0,,,,,,
2023-01-29T15:00,98,Moderate,46.6,80.8,0.9,8.1,324.0,150.0,,,,,,
2023-01-29T16:00,100,Moderate,43.2,74.7,0.9,6.0,326.0,150.0,,,,,,
2023-01-29T17:00,103,Unhealthy for Sensitive Groups,44.8,76.8,1.1,4.5,329.0,149.0,,,,,,
2023-01-29T18:00,106,Unhealthy for Sensitive Groups,43.7,74.7,1.1,3.7,330.0,144.0,,,,,,
2023-01-29T19:00,112,Unhealthy for Sensitive Groups,42.5,72.4,1.3,2.6,332.0,137.0,,,,,,
2023-01-29T20:00,113,Unhealthy for Sensitive Groups,41.2,69.4,1.4,1.3,333.0,127.0,,,,,,
2023-01-29T21:00,111,Unhealthy for Sensitive Groups,40.0,67.1,1.4,0.9,333.0,119.0,,,,,,
2023-01-29T22:00,111,Unhealthy for Sensitive Groups,39.2,65.2,1.5,0.6,332.0,111.0,,,,,,
2023-01-29T23:00,112,Unhealthy for Sensitive Groups,38.6,64.3,1.5,0.5,331.0,102.0,,,,,,
2023-01-30T00:00,113,Unhealthy for Sensitive Groups,38.2,63.6,1.5,0.5,329.0,98.0,,,,,,
2023-01-30T01:00,114,Unhealthy for Sensitive Groups,37.6,62.9,1.5,0.6,327.0,96.0,,,,,,
2023-01-30T02:00,114,Unhealthy for Sensitive Groups,37.5,63.3,1.5,1.1,327.0,93.0,,,,,,
2023-01-30T03:00,114,Unhealthy for Sensitive Groups,37.3,63.3,1.6,1.6,330.0,90.0,,,,,,
2023-01-30T04:00,114,Unhealthy for Sensitive Groups,37.0,63.3,1.7,2.4,334.0,87.0,,,,,,
2023-01-30T05:00,114,Unhealthy for Sensitive Groups,37.4,64.3,1.8,2.8,334.0,83.0,,,,,,
2023-01-30T06:00,114,Unhealthy for Sensitive Groups,38.0,66.4,2.2,5.1,341.0,80.0,,,,,,
2023-01-30T07:00,114,Unhealthy for Sensitive Groups,38.3,67.8,2.7,8.4,351.0,77.0,,,,,,
2023-01-30T08:00,114,Unhealthy for Sensitive Groups,38.4,68.2,3.0,11.4,356.0,77.0,,,,,,
2023-01-30T09:00,114,Unhealthy for Sensitive Groups,37.4,66.1,2.7,11.5,348.0,84.0,,,,,,
2023-01-30T10:00,114,Unhealthy for Sensitive Groups,34.8,60.5,2.1,10.5,334.0,95.0,,,,,,
2023-01-30T11:00,113,Unhealthy for Sensitive Groups,33.2,57.0,1.3,8.7,317.0,108.0,,,,,,
2023-01-30T12:00,113,Unhealthy for Sensitive Groups,31.1,53.0,1.0,7.4,308.0,114.0,,,,,,
2023-01-30T13:00,111,Unhealthy for Sensitive Groups,27.8,47.0,0.9,5.8,301.0,119.0,,,,,,
2023-01-30T14:00,108,Unhealthy for Sensitive Groups,23.6,39.8,0.7,3.9,293.0,123.0,,,,,,
2023-01-30T15:00,106,Unhealthy for Sensitive Groups,19.4,33.1,0.7,3.0,288.0,124.0,,,,,,
2023-01-30T16:00,103,Unhealthy for Sensitive Groups,16.5,28.3,0.7,2.3,284.0,123.0,,,,,,
2023-01-30T17:00,100,Moderate,15.9,27.8,1.0,2.0,286.0,124.0,,,,,,
2023-01-30T18:00,98,Moderate,16.3,28.8,1.3,1.8,288.0,121.0,,,,,,
2023-01-30T19:00,96,Moderate,17.2,30.5,1.6,1.5,290.0,117.0,,,,,,
2023-01-30T20:00,94,Moderate,17.8,31.2,2.1,1.4,295.0,111.0,,,,,,
2023-01-30T21:00,92,Moderate,18.2,31.4,2.4,1.4,301.0,107.0,,,,,,
2023-01-30T22:00,90,Moderate,18.9,32.4,2.7,1.6,308.0,102.0,,,,,,
2023-01-30T23:00,89,Moderate,19.5,33.3,3.1,2.6,319.0,96.0,,,,,,
2023-01-31T00:00,87,Moderate,20.2,34.6,3.5,4.0,328.0,91.0,,,,,,
2023-01-31T01:00,86,Moderate,21.2,36.4,3.9,5.8,338.0,85.0,,,,,,
2023-01-31T02:00,84,Moderate,22.9,39.8,4.3,9.0,349.0,79.0,,,,,,
2023-01-31T03:00,83,Moderate,24.7,43.3,4.5,12.5,355.0,75.0,,,,,,
2023-01-31T04:00,82,Moderate,26.5,47.0,4.6,16.5,360.0,73.0,,,,,,
2023-01-31T05:00,81,Moderate,27.2,48.4,4.8,18.4,366.0,68.0,,,,,,
2023-01-31T06:00,81,Moderate,27.9,49.8,4.6,18.3,363.0,70.0,,,,,,
2023-01-31T07:00,80,Moderate,27.6,48.8,4.2,18.1,360.0,74.0,,,,,,
2023-01-31T08:00,79,Moderate,27.0,46.8,3.6,16.7,354.0,81.0,,,,,,
2023-01-31T09:00,78,Moderate,26.8,45.6,3.0,14.1,349.0,89.0,,,,,,
2023-01-31T10:00,77,Moderate,27.1,45.3,2.2,10.5,344.0,98.0,,,,,,
2023-01-31T11:00,77,Moderate,27.9,45.9,1.4,6.5,339.0,109.0,,,,,,
2023-01-31T12:00,76,Moderate,29.2,47.4,1.1,4.9,336.0,114.0,,,,,,
2023-01-31T13:00,76,Moderate,28.7,46.6,0.9,3.9,334.0,117.0,,,,,,
2023-01-31T14:00,76,Moderate,29.2,47.5,1.0,3.3,333.0,121.0,,,,,,
2023-01-31T15:00,77,Moderate,29.6,48.4,1.5,3.5,334.0,124.0,,,,,,
2023-01-31T16:00,77,Moderate,29.8,49.6,2.1,4.1,335.0,126.0,,,,,,
2023-01-31T17:00,78,Moderate,32.9,54.4,2.4,4.6,343.0,127.0,,,,,,
2023-01-31T18:00,80,Moderate,32.5,54.4,3.0,6.0,345.0,125.0,,,,,,
2023-01-31T19:00,81,Moderate,31.4,52.9,4.0,7.9,348.0,122.0,,,,,,
2023-01-31T20:00,82,Moderate,30.7,51.8,4.9,9.9,351.0,117.0,,,,,,
2023-01-31T21:00,83,Moderate,29.6,50.1,5.0,10.2,351.0,113.0,,,,,,
2023-01-31T22:00,84,Moderate,28.3,48.2,4.8,9.9,350.0,108.0,,,,,,
2023-01-31T23:00,85,Moderate,26.5,45.4,4.6,10.2,350.0,101.0,,,,,,
2023-02-01T00:00,85,Moderate,24.7,42.5,4.8,11.8,352.0,95.0,,,,,,
2023-02-01T01:00,86,Moderate,23.1,40.4,5.2,14.0,354.0,89.0,,,,,,
2023-02-01T02:00,86,Moderate,22.2,39.0,5.5,16.7,357.0,82.0,,,,,,
2023-02-01T03:00,86,Moderate,22.2,39.2,5.6,18.2,358.0,78.0,,,,,,
2023-02-01T04:00,86,Moderate,21.5,38.2,5.5,19.6,358.0,75.0,,,,,,
2023-02-01T05:00,85,Moderate,22.4,39.8,5.0,20.2,362.0,75.0,,,,,,
2023-02-01T06:00,85,Moderate,21.6,38.1,4.3,16.5,352.0,79.0,,,,,,
2023-02-01T07:00,84,Moderate,20.1,35.2,3.3,11.2,338.0,84.0,,,,,,
2023-02-01T08:00,84,Moderate,17.5,29.7,2.3,5.4,323.0,90.0,,,,,,
2023-02-01T09:00,83,Moderate,13.9,23.1,1.9,3.3,320.0,93.0,,,,,,
2023-02-01T10:00,82,Moderate,12.7,20.6,1.7,2.3,320.0,96.0,,,,,,
2023-02-01T11:00,81,Moderate,14.3,22.8,1.5,1.6,322.0,100.0,,,,,,
2023-02-01T12:00,80,Moderate,17.6,27.7,1.3,1.3,322.0,103.0,,,,,,
2023-02-01T13:00,79,Moderate,19.4,30.6,1.2,1.3,323.0,105.0,,,,,,
2023-02-01T14:00,78,Moderate,20.0,31.5,1.3,1.7,326.0,108.0,,,,,,
2023-02-01T15:00,77,Moderate,21.7,34.3,1.9,2.0,331.0,110.0,,,,,,
2023-02-01T16:00,77,Moderate,22.5,35.9,2.7,2.4,338.0,111.0,,,,,,
2023-02-01T17:00,76,Moderate,24.0,39.8,2.2,2.8,336.0,119.0,,,,,,
2023-02-01T18:00,76,Moderate,24.2,40.4,3.2,4.5,343.0,116.0,,,,,,
2023-02-01T19:00,75,Moderate,22.9,38.3,4.7,6.9,353.0,113.0,,,,,,
2023-02-01T20:00,74,Moderate,22.1,37.3,6.1,9.7,364.0,108.0,,,,,,
2023-02-01T21:00,74,Moderate,21.7,36.4,6.3,10.8,369.0,105.0,,,,,,
2023-02-01T22:00,73,Moderate,22.0,37.1,6.0,11.5,372.0,103.0,,,,,,
2023-02-01T23:00,72,Moderate,21.4,36.4,5.6,12.2,376.0,99.0,,,,,,
2023-02-02T00:00,72,Moderate,19.9,34.5,5.3,12.7,379.0,96.0,,,,,,
2023-02-02T01:00,72,Moderate,17.9,31.7,5.0,13.1,381.0,92.0,,,,,,
2023-02-02T02:00,71,Moderate,16.2,29.0,4.7,13.6,382.0,88.0,,,,,,
2023-02-02T03:00,71,Moderate,14.7,26.1,4.6,14.0,380.0,85.0,,,,,,
2023-02-02T04:00,70,Moderate,14.6,26.3,4.6,14.3,377.0,81.0,,,,,,
2023-02-02T05:00,70,Moderate,16.1,28.5,4.5,15.7,376.0,79.0,,,,,,
2023-02-02T06:00,69,Moderate,16.7,29.5,4.2,14.6,372.0,80.0,,,,,,
2023-02-02T07:00,69,Moderate,16.9,29.6,3.8,12.9,367.0,82.0,,,,,,
2023-02-02T08:00,68,Moderate,16.2,28.2,3.2,10.5,358.0,85.0,,,,,,
2023-02-02T09:00,68,Moderate,15.0,25.7,2.7,8.6,351.0,87.0,,,,,,
2023-02-02T10:00,68,Moderate,13.9,23.3,2.2,6.6,344.0,90.0,,,,,,
2023-02-02T11:00,69,Moderate,12.3,20.4,1.7,4.4,333.0,93.0,,,,,,
2023-02-02T12:00,68,Moderate,11.9,19.4,1.5,3.6,325.0,94.0,,,,,,
2023-02-02T13:00,68,Moderate,11.7,19.1,1.5,3.3,316.0,94.0,,,,,,
2023-02-02T14:00,67,Moderate,11.7,19.0,1.6,2.9,305.0,94.0,,,,,,
2023-02-02T15:00,67,Moderate,10.6,17.7,1.8,2.7,296.0,93.0,,,,,,
2023-02-02T16:00,66,Moderate,7.9,13.2,2.0,2.5,287.0,91.0,,,,,,
2023-02-02T17:00,65,Moderate,15.8,24.7,5.0,4.9,337.0,88.0,,,,,,
2023-02-02T18:00,64,Moderate,18.2,28.6,5.0,4.1,330.0,85.0,,,,,,
2023-02-02T19:00,64,Moderate,17.7,28.4,4.9,2.9,321.0,81.0,,,,,,
2023-02-02T20:00,63,Moderate,15.1,24.5,4.8,1.9,310.0,77.0,,,,,,
2023-02-02T21:00,63,Moderate,14.1,23.5,4.7,2.0,306.0,77.0,,,,,,
2023-02-02T22:00,62,Moderate,13.3,22.5,4.5,2.6,303.0,79.0,,,,,,
2023-02-02T23:00,61,Moderate,15.5,26.3,4.2,3.7,303.0,82.0,,,,,,
2023-02-03T00:00,61,Moderate,18.3,31.0,4.1,4.8,307.0,84.0,,,,,,
2023-02-03T01:00,61,Moderate,21.4,36.2,4.1,6.2,314.0,85.0,,,,,,
2023-02-03T02:00,61,Moderate,23.1,39.2,3.9,7.7,320.0,87.0,,,,,,
2023-02-03T03:00,62,Moderate,25.3,42.8,3.6,8.3,320.0,88.0,,,,,,
2023-02-03T04:00,62,Moderate,24.5,41.4,3.2,8.6,317.0,88.0,,,,,,
2023-02-03T05:00,63,Moderate,29.9,51.0,3.6,13.6,334.0,90.0,,,,,,
2023-02-03T06:00,64,Moderate,30.4,51.8,3.5,14.1,336.0,91.0,,,,,,
2023-02-03T07:00,65,Moderate,30.7,52.4,3.4,14.9,339.0,93.0,,,,,,
2023-02-03T08:00,66,Moderate,29.7,50.3,3.1,14.7,339.0,96.0,,,,,,
2023-02-03T09:00,67,Moderate,26.8,45.3,2.5,12.7,334.0,99.0,,,,,,
2023-02-03T10:00,68,Moderate,24.4,41.0,1.8,9.7,327.0,102.0,,,,,,
2023-02-03T11:00,69,Moderate,22.1,36.9,1.0,6.0,314.0,104.0,,,,,,
2023-02-03T12:00,70,Moderate,19.2,31.7,0.7,4.0,301.0,102.0,,,,,,
2023-02-03T13:00,71,Moderate,16.2,26.8,0.5,2.3,285.0,97.0,,,,,,
2023-02-03T14:00,71,Moderate,13.0,21.6,0.4,0.7,267.0,91.0,,,,,,
2023-02-03T15:00,71,Moderate,10.2,17.6,0.3,0.2,258.0,88.0,,,,,,
2023-02-03T16:00,71,Moderate,8.8,15.7,0.4,0.1,252.0,85.0,,,,,,
2023-02-03T17:00,71,Moderate,9.2,16.5,0.7,0.1,253.0,84.0,,,,,,
2023-02-03T18:00,71,Moderate,9.9,17.8,1.0,0.1,256.0,82.0,,,,,,
2023-02-03T19:00,70,Moderate,10.9,19.4,1.5,0.1,261.0,80.0,,,,,,
2023-02-03T20:00,69,Moderate,12.4,21.8,2.0,0.2,267.0,77.0,,,,,,
2023-02-03T21:00,69,Moderate,11.9,20.4,2.2,0.2,270.0,75.0,,,,,,
2023-02-03T22:00,69,Moderate,12.5,21.2,2.2,0.3,272.0,74.0,,,,,,
2023-02-03T23:00,69,Moderate,11.9,20.0,2.2,0.5,276.0,72.0,,,,,,
2023-02-04T00:00,69,Moderate,11.7,19.4,2.3,0.6,281.0,72.0,,,,,,
2023-02-04T01:00,68,Moderate,12.3,20.3,2.3,0.8,288.0,72.0,,,,,,
2023-02-04T02:00,67,Moderate,13.4,22.0,2.4,1.4,297.0,72.0,,,,,,
2023-02-04T03:00,67,Moderate,13.7,22.3,2.5,2.2,305.0,73.0,,,,,,
2023-02-04T04:00,66,Moderate,16.9,28.3,2.6,3.4,313.0,74.0,,,,,,
2023-02-04T05:00,65,Moderate,20.6,33.4,3.1,6.3,334.0,71.0,,,,,,
2023-02-04T06:00,64,Moderate,21.4,35.0,3.4,7.5,332.0,72.0,,,,,,
2023-02-04T07:00,64,Moderate,21.2,35.3,3.7,9.2,328.0,72.0,,,,,,
2023-02-04T08:00,63,Moderate,22.3,37.6,3.7,10.6,322.0,76.0,,,,,,
2023-02-04T09:00,62,Moderate,23.0,39.0,3.2,10.3,317.0,83.0,,,,,,
2023-02-04T10:00,62,Moderate,23.7,39.7,2.4,9.4,310.0,91.0,,,,,,
2023-02-04T11:00,62,Moderate,24.0,40.0,1.5,7.7,301.0,101.0,,,,,,
2023-02-04T12:00,62,Moderate,24.2,39.8,1.1,6.2,293.0,104.0,,,,,,
2023-02-04T13:00,63,Moderate,23.5,38.5,0.8,4.3,285.0,105.0,,,,,,
2023-02-04T14:00,63,Moderate,22.0,36.2,0.5,2.3,275.0,106.0,,,,,,
2023-02-04T15:00,64,Moderate,21.8,36.2,0.5,1.4,269.0,107.0,,,,,,
2023-02-04T16:00,65,Moderate,22.1,37.3,0.5,1.0,263.0,108.0,,,,,,
2023-02-04T17:00,66,Moderate,22.8,39.7,1.6,4.6,276.0,118.0,,,,,,
2023-02-04T18:00,67,Moderate,21.9,39.2,1.6,4.1,270.0,117.0,,,,,,
2023-02-04T19:00,68,Moderate,22.1,40.2,1.6,3.5,262.0,114.0,,,,,,
2023-02-04T20:00,69,Moderate,22.8,41.8,1.7,2.9,254.0,112.0,,,,,,
2023-02-04T21:00,69,Moderate,23.7,43.7,1.8,2.8,253.0,111.0,,,,,,
2023-02-04T22:00,70,Moderate,24.9,45.9,2.0,3.0,256.0,111.0,,,,,,
2023-02-04T23:00,71,Moderate,25.2,46.8,2.1,3.6,258.0,110.0,,,,,,
2023-02-05T00:00,72,Moderate,24.7,46.1,2.1,4.3,258.0,110.0,,,,,,
2023-02-05T01:00,73,Moderate,24.0,44.9,2.0,5.1,257.0,109.0,,,,,,
2023-02-05T02:00,74,Moderate,23.3,43.9,1.9,6.4,256.0,109.0,,,,,,
2023-02-05T03:00,75,Moderate,22.9,43.3,1.8,7.4,255.0,108.0,,,,,,
2023-02-05T04:00,76,Moderate,22.6,42.6,1.7,8.5,255.0,107.0,,,,,,
2023-02-05T05:00,76,Moderate,21.5,40.6,1.5,8.8,243.0,107.0,,,,,,
2023-02-05T06:00,76,Moderate,21.2,39.8,1.7,9.8,243.0,106.0,,,,,,
2023-02-05T07:00,76,Moderate,20.9,38.8,2.0,11.3,243.0,104.0,,,,,,
2023-02-05T08:00,76,Moderate,21.1,38.6,2.1,12.4,241.0,105.0,,,,,,
2023-02-05T09:00,76,Moderate,21.8,39.2,1.9,11.6,236.0,110.0,,,,,,
2023-02-05T10:00,76,Moderate,22.5,40.0,1.4,10.0,229.0,117.0,,,,,,
2023-02-05T11:00,76,Moderate,23.4,41.1,0.9,7.8,220.0,125.0,,,,,,
2023-02-05T12:00,76,Moderate,24.2,42.3,0.7,6.5,213.0,127.0,,,,,,
2023-02-05T13:00,76,Moderate,24.6,43.0,0.6,5.2,205.0,128.0,,,,,,
2023-02-05T14:00,76,Moderate,24.6,43.1,0.5,3.8,197.0,129.0,,,,,,
2023-02-05T15:00,76,Moderate,24.2,42.8,0.5,3.2,193.0,130.0,,,,,,
2023-02-05T16:00,76,Moderate,23.7,42.5,0.6,2.9,191.0,130.0,,,,,,
2023-02-05T17:00,78,Moderate,27.5,47.5,0.8,3.4,189.0,125.0,,,,,,
2023-02-05T18:00,82,Moderate,27.5,48.0,1.0,3.4,187.0,125.0,,,,,,
2023-02-05T19:00,83,Moderate,26.5,46.9,1.2,3.3,185.0,126.0,,,,,,
2023-02-05T20:00,84,Moderate,25.3,44.9,1.5,3.3,183.0,124.0,,,,,,
2023-02-05T21:00,83,Moderate,23.7,42.6,1.7,3.3,182.0,120.0,,,,,,
2023-02-05T22:00,81,Moderate,22.2,40.3,1.9,3.3,181.0,115.0,,,,,,
2023-02-05T23:00,78,Moderate,20.9,38.1,2.2,3.8,182.0,107.0,,,,,,
2023-02-06T00:00,77,Moderate,19.8,36.2,2.4,4.8,184.0,101.0,,,,,,
2023-02-06T01:00,77,Moderate,19.0,34.9,2.6,6.1,188.0,95.0,,,,,,
2023-02-06T02:00,77,Moderate,18.7,34.3,2.7,7.8,193.0,88.0,,,,,,
2023-02-06T03:00,76,Moderate,18.7,34.2,2.8,8.7,197.0,85.0,,,,,,
2023-02-06T04:00,76,Moderate,19.0,34.8,2.7,9.6,201.0,83.0,,,,,,
2023-02-06T05:00,76,Moderate,19.3,35.3,2.9,11.0,210.0,79.0,,,,,,
2023-02-06T06:00,75,Moderate,19.8,36.1,3.2,13.0,215.0,79.0,,,,,,
2023-02-06T07:00,75,Moderate,20.6,37.1,3.5,15.8,223.0,80.0,,,,,,
2023-02-06T08:00,75,Moderate,21.7,38.5,3.6,17.7,229.0,84.0,,,,,,
2023-02-06T09:00,75,Moderate,23.3,40.9,3.2,16.1,228.0,92.0,,,,,,
2023-02-06T10:00,76,Moderate,25.3,43.3,2.4,12.9,224.0,103.0,,,,,,
2023-02-06T11:00,76,Moderate,27.4,46.4,1.5,9.0,218.0,115.0,,,,,,
2023-02-06T12:00,76,Moderate,28.6,48.3,1.1,7.0,214.0,121.0,,,,,,
2023-02-06T13:00,76,Moderate,29.1,49.0,0.8,5.4,210.0,124.0,,,,,,
2023-02-06T14:00,77,Moderate,28.7,48.4,0.6,3.7,205.0,127.0,,,,,,
2023-02-06T15:00,77,Moderate,27.9,47.5,0.5,2.9,204.0,127.0,,,,,,
2023-02-06T16:00,77,Moderate,27.0,46.3,0.6,2.4,203.0,126.0,,,,,,
2023-02-06T17:00,78,Moderate,25.8,43.8,0.8,2.2,199.0,116.0,,,,,,
2023-02-06T18:00,78,Moderate,25.7,43.7,1.0,2.0,200.0,115.0,,,,,,
2023-02-06T19:00,77,Moderate,26.0,44.5,1.3,1.7,202.0,114.0,,,,,,
2023-02-06T20:00,77,Moderate,26.3,45.2,1.7,1.5,204.0,112.0,,,,,,
2023-02-06T21:00,77,Moderate,26.4,45.5,1.8,1.4,204.0,111.0,,,,,,
2023-02-06T22:00,78,Moderate,26.4,45.5,1.8,1.4,203.0,111.0,,,,,,
2023-02-06T23:00,78,Moderate,25.7,44.6,1.8,1.6,201.0,109.0,,,,,,
2023-02-07T00:00,78,Moderate,24.7,43.0,1.8,1.7,199.0,106.0,,,,,,
2023-02-07T01:00,79,Moderate,23.6,41.2,1.8,1.9,197.0,103.0,,,,,,
2023-02-07T02:00,79,Moderate,22.6,39.6,1.7,2.4,195.0,99.0,,,,,,
2023-02-07T03:00,79,Moderate,22.0,38.5,1.7,3.0,194.0,97.0,,,,,,
2023-02-07T04:00,80,Moderate,21.6,37.8,1.6,3.8,194.0,94.0,,,,,,
2023-02-07T05:00,80,Moderate,20.6,35.7,1.7,4.8,196.0,88.0,,,,,,
2023-02-07T06:00,80,Moderate,20.9,36.2,2.1,6.5,205.0,86.0,,,,,,
2023-02-07T07:00,80,Moderate,21.4,36.7,2.6,8.9,218.0,84.0,,,,,,
2023-02-07T08:00,80,Moderate,21.9,36.9,3.0,10.9,228.0,85.0,,,,,,
2023-02-07T09:00,80,Moderate,21.7,36.1,2.6,10.5,225.0,91.0,,,,,,
2023-02-07T10:00,80,Moderate,22.3,36.4,1.9,9.2,217.0,101.0,,,,,,
2023-02-07T11:00,80,Moderate,23.3,37.7,1.1,7.1,206.0,112.0,,,,,,
2023-02-07T12:00,79,Moderate,24.4,39.3,0.8,5.8,201.0,116.0,,,,,,
2023-02-07T13:00,79,Moderate,24.9,40.3,0.7,4.3,196.0,118.0,,,,,,
2023-02-07T14:00,79,Moderate,24.5,40.4,0.5,2.8,189.0,120.0,,,,,,
2023-02-07T15:00,78,Moderate,23.5,39.3,0.5,2.2,184.0,122.0,,,,,,
2023-02-07T16:00,78,Moderate,21.8,37.1,0.6,2.0,178.0,124.0,,,,,,
2023-02-07T17:00,78,Moderate,21.5,36.7,0.7,2.0,175.0,122.0,,,,,,
2023-02-07T18:00,77,Moderate,21.8,37.5,0.8,1.9,172.0,121.0,,,,,,
2023-02-07T19:00,77,Moderate,21.9,37.8,1.1,1.7,167.0,121.0,,,,,,
2023-02-07T20:00,77,Moderate,21.7,37.6,1.3,1.5,161.0,118.0,,,,,,
2023-02-07T21:00,76,Moderate,21.0,36.6,1.4,1.2,158.0,115.0,,,,,,
2023-02-07T22:00,76,Moderate,19.8,34.7,1.4,0.9,155.0,110.0,,,,,,
2023-02-07T23:00,75,Moderate,18.5,32.5,1.4,0.5,152.0,103.0,,,,,,
2023-02-08T00:00,75,Moderate,16.9,29.7,1.3,0.4,151.0,97.0,,,,,,
2023-02-08T01:00,74,Moderate,15.7,27.3,1.2,0.3,150.0,89.0,,,,,,
2023-02-08T02:00,74,Moderate,14.4,24.8,1.0,0.3,149.0,81.0,,,,,,
2023-02-08T03:00,73,Moderate,13.3,22.6,1.0,0.2,148.0,77.0,,,,,,
2023-02-08T04:00,72,Moderate,12.8,21.7,1.0,0.2,148.0,74.0,,,,,,
2023-02-08T05:00,72,Moderate,11.8,20.1,1.0,0.3,149.0,72.0,,,,,,
2023-02-08T06:00,71,Moderate,12.0,20.7,1.1,0.3,152.0,71.0,,,,,,
2023-02-08T07:00,70,Moderate,12.5,21.7,1.4,0.3,155.0,69.0,,,,,,
2023-02-08T08:00,69,Moderate,12.7,22.2,1.5,0.4,158.0,69.0,,,,,,
2023-02-08T09:00,69,Moderate,13.1,22.9,1.4,0.3,157.0,71.0,,,,,,
2023-02-08T10:00,68,Moderate,13.6,23.7,1.0,0.3,153.0,74.0,,,,,,
2023-02-08T11:00,67,Moderate,14.3,24.7,0.7,0.2,149.0,79.0,,,,,,
2023-02-08T12:00,67,Moderate,15.3,26.1,0.5,0.3,147.0,82.0,,,,,,
2023-02-08T13:00,66,Moderate,15.6,26.7,0.4,0.4,145.0,85.0,,,,,,
2023-02-08T14:00,65,Moderate,15.1,26.2,0.4,0.5,143.0,88.0,,,,,,
2023-02-08T15:00,65,Moderate,14.4,25.4,0.4,0.5,141.0,89.0,,,,,,
2023-02-08T16:00,64,Moderate,13.6,24.4,0.4,0.4,139.0,88.0,,,,,,
2023-02-08T17:00,63,Moderate,15.9,27.8,0.6,0.5,143.0,82.0,,,,,,
2023-02-08T18:00,63,Moderate,14.4,25.7,0.8,0.5,142.0,80.0,,,,,,
2023-02-08T19:00,62,Moderate,13.8,25.0,1.1,0.4,141.0,78.0,,,,,,
2023-02-08T20:00,61,Moderate,13.7,25.0,1.3,0.3,141.0,74.0,,,,,,
2023-02-08T21:00,61,Moderate,13.4,24.4,1.4,0.3,142.0,71.0,,,,,,
2023-02-08T22:00,60,Moderate,13.3,24.0,1.4,0.2,143.0,67.0,,,,,,
2023-02-08T23:00,60,Moderate,12.9,23.1,1.4,0.2,145.0,63.0,,,,,,
2023-02-09T00:00,59,Moderate,12.5,22.2,1.4,0.2,146.0,60.0,,,,,,
2023-02-09T01:00,59,Moderate,12.2,21.4,1.3,0.2,146.0,57.0,,,,,,
2023-02-09T02:00,59,Moderate,11.9,20.7,1.3,0.3,147.0,53.0,,,,,,
2023-02-09T03:00,58,Moderate,11.3,19.6,1.2,0.3,147.0,51.0,,,,,,
2023-02-09T04:00,58,Moderate,10.7,18.4,1.1,0.3,146.0,50.0,,,,,,
2023-02-09T05:00,58,Moderate,10.3,17.8,1.3,0.4,149.0,49.0,,,,,,
2023-02-09T06:00,58,Moderate,10.4,17.9,1.5,0.5,151.0,48.0,,,,,,
2023-02-09T07:00,58,Moderate,10.5,18.2,1.8,0.8,155.0,47.0,,,,,,
2023-02-09T08:00,58,Moderate,10.9,19.0,1.9,1.0,158.0,48.0,,,,,,
2023-02-09T09:00,58,Moderate,11.7,20.1,1.8,0.9,158.0,53.0,,,,,,
2023-02-09T10:00,58,Moderate,12.7,21.7,1.4,0.8,157.0,61.0,,,,,,
2023-02-09T11:00,57,Moderate,13.8,23.3,1.0,0.7,154.0,70.0,,,,,,
2023-02-09T12:00,57,Moderate,14.5,24.2,0.8,0.6,151.0,74.0,,,,,,
2023-02-09T13:00,57,Moderate,14.8,24.5,0.6,0.5,148.0,77.0,,,,,,
2023-02-09T14:00,57,Moderate,14.5,24.2,0.5,0.5,144.0,80.0,,,,,,
2023-02-09T15:00,57,Moderate,14.2,24.0,0.4,0.4,143.0,81.0,,,,,,
2023-02-09T16:00,57,Moderate,13.7,23.7,0.5,0.4,143.0,82.0,,,,,,
2023-02-09T17:00,57,Moderate,15.3,25.9,0.6,0.4,146.0,76.0,,,,,,
2023-02-09T18:00,57,Moderate,15.1,26.0,0.9,0.4,147.0,77.0,,,,,,
2023-02-09T19:00,57,Moderate,15.2,26.5,1.3,0.5,149.0,77.0,,,,,,
2023-02-09T20:00,57,Moderate,15.4,27.0,1.7,0.6,152.0,78.0,,,,,,
2023-02-09T21:00,57,Moderate,15.4,27.2,1.8,0.7,153.0,78.0,,,,,,
2023-02-09T22:00,58,Moderate,15.0,26.5,1.7,0.8,155.0,78.0,,,,,,
2023-02-09T23:00,58,Moderate,14.5,26.0,1.7,0.9,156.0,76.0,,,,,,
2023-02-10T00:00,58,Moderate,13.9,25.0,1.7,0.9,156.0,74.0,,,,,,
2023-02-10T01:00,58,Moderate,13.1,23.8,1.8,0.9,156.0,70.0,,,,,,
2023-02-10T02:00,58,Moderate,12.3,22.5,1.9,1.0,156.0,65.0,,,,,,
2023-02-10T03:00,58,Moderate,11.7,21.3,2.1,1.1,157.0,60.0,,,,,,
2023-02-10T04:00,58,Moderate,11.2,20.3,2.4,1.2,158.0,55.0,,,,,,
2023-02-10T05:00,58,Moderate,10.5,18.7,3.8,2.6,160.0,43.0,,,,,,
2023-02-10T06:00,58,Moderate,10.8,18.9,4.4,5.1,164.0,42.0,,,,,,
2023-02-10T07:00,58,Moderate,11.3,19.4,5.2,8.7,170.0,40.0,,,,,,
2023-02-10T08:00,58,Moderate,11.8,20.0,5.7,12.1,174.0,42.0,,,,,,
2023-02-10T09:00,58,Moderate,12.3,20.8,5.1,12.3,173.0,51.0,,,,,,
2023-02-10T10:00,58,Moderate,13.4,22.2,3.9,11.4,169.0,64.0,,,,,,
2023-02-10T11:00,58,Moderate,15.3,25.0,2.5,9.4,163.0,79.0,,,,,,
2023-02-10T12:00,59,Moderate,16.9,27.5,1.7,7.4,159.0,87.0,,,,,,
2023-02-10T13:00,59,Moderate,17.5,28.6,1.1,4.9,154.0,93.0,,,,,,
2023-02-10T14:00,59,Moderate,17.1,28.6,0.5,2.3,149.0,99.0,,,,,,
2023-02-10T15:00,59,Moderate,16.3,28.2,0.3,1.4,147.0,101.0,,,,,,
2023-02-10T16:00,59,Moderate,15.9,28.1,0.4,1.1,146.0,101.0,,,,,,
2023-02-10T17:00,60,Moderate,13.1,23.3,0.5,1.1,137.0,96.0,,,,,,
2023-02-10T18:00,59,Moderate,13.7,24.6,0.7,1.1,137.0,99.0,,,,,,
2023-02-10T19:00,59,Moderate,14.4,25.7,1.0,1.1,138.0,103.0,,,,,,
2023-02-10T20:00,59,Moderate,15.3,27.1,1.3,1.2,140.0,108.0,,,,,,
2023-02-10T21:00,59,Moderate,16.4,28.7,1.4,1.2,142.0,110.0,,,,,,
2023-02-10T22:00,59,Moderate,17.2,29.9,1.5,1.3,146.0,111.0,,,,,,
2023-02-10T23:00,59,Moderate,17.9,30.9,1.5,1.4,150.0,110.0,,,,,,
2023-02-11T00:00,60,Moderate,18.3,31.2,1.5,1.5,153.0,108.0,,,,,,
2023-02-11T01:00,60,Moderate,18.5,31.4,1.5,1.6,157.0,105.0,,,,,,
2023-02-11T02:00,60,Moderate,18.6,31.5,1.5,1.9,160.0,100.0,,,,,,
2023-02-11T03:00,61,Moderate,18.8,31.8,1.5,2.3,161.0,97.0,,,,,,
2023-02-11T04:00,62,Moderate,19.0,32.0,1.5,2.7,162.0,94.0,,,,,,
2023-02-11T05:00,62,Moderate,19.2,32.1,1.1,1.6,160.0,89.0,,,,,,
2023-02-11T06:00,63,Moderate,19.7,32.9,1.3,1.8,161.0,89.0,,,,,,
2023-02-11T07:00,64,Moderate,20.5,34.2,1.5,2.1,162.0,89.0,,,,,,
2023-02-11T08:00,64,Moderate,21.7,36.0,1.7,2.4,162.0,92.0,,,,,,
2023-02-11T09:00,65,Moderate,23.1,38.1,1.5,2.3,161.0,98.0,,,,,,
2023-02-11T10:00,66,Moderate,24.8,40.6,1.1,2.1,160.0,106.0,,,,,,
2023-02-11T11:00,67,Moderate,26.1,42.5,0.7,1.8,158.0,115.0,,,,,,
2023-02-11T12:00,68,Moderate,26.8,43.5,0.5,1.7,157.0,118.0,,,,,,
2023-02-11T13:00,68,Moderate,26.8,43.9,0.4,1.7,157.0,120.0,,,,,,
2023-02-11T14:00,69,Moderate,26.5,43.9,0.3,1.8,156.0,122.0,,,,,,
2023-02-11T15:00,70,Moderate,25.6,43.2,0.4,2.0,156.0,124.0,,,,,,
2023-02-11T16:00,71,Moderate,24.5,41.9,0.5,2.2,156.0,127.0,,,,,,
2023-02-11T17:00,71,Moderate,25.2,43.0,0.7,2.4,157.0,128.0,,,,,,
2023-02-11T18:00,72,Moderate,26.3,45.1,0.8,2.4,158.0,128.0,,,,,,
2023-02-11T19:00,75,Moderate,27.4,47.1,1.0,2.5,159.0,128.0,,,,,,
2023-02-11T20:00,78,Moderate,27.7,48.1,1.2,2.5,160.0,127.0,,,,,,
2023-02-11T21:00,80,Moderate,27.5,48.0,1.3,2.5,161.0,126.0,,,,,,
2023-02-11T22:00,81,Moderate,27.1,47.1,1.3,2.4,162.0,124.0,,,,,,
2023-02-11T23:00,82,Moderate,26.4,45.9,1.3,2.4,163.0,122.0,,,,,,
2023-02-12T00:00,81,Moderate,25.6,44.5,1.3,2.6,164.0,120.0,,,,,,
2023-02-12T01:00,80,Moderate,25.1,43.8,1.2,2.8,164.0,118.0,,,,,,
2023-02-12T02:00,79,Moderate,24.7,43.1,1.1,3.1,165.0,115.0,,,,,,
2023-02-12T03:00,79,Moderate,24.5,42.6,1.0,3.2,166.0,113.0,,,,,,
2023-02-12T04:00,80,Moderate,24.4,42.4,1.0,3.2,168.0,110.0,,,,,,
2023-02-12T05:00,80,Moderate,24.5,42.5,1.0,2.7,168.0,104.0,,,,,,
2023-02-12T06:00,80,Moderate,24.8,42.8,1.1,3.0,169.0,104.0,,,,,,
2023-02-12T07:00,81,Moderate,25.0,43.2,1.2,3.4,170.0,104.0,,,,,,
2023-02-12T08:00,81,Moderate,25.5,43.9,1.2,3.7,170.0,106.0,,,,,,
2023-02-12T09:00,81,Moderate,26.2,45.2,1.0,3.5,169.0,110.0,,,,,,
2023-02-12T10:00,82,Moderate,27.1,46.7,0.8,3.0,167.0,115.0,,,,,,
2023-02-12T11:00,82,Moderate,28.0,48.1,0.5,2.5,165.0,121.0,,,,,,
2023-02-12T12:00,82,Moderate,28.8,49.2,0.4,2.4,165.0,123.0,,,,,,
2023-02-12T13:00,82,Moderate,29.3,50.3,0.3,2.3,165.0,123.0,,,,,,
2023-02-12T14:00,82,Moderate,29.6,51.0,0.2,2.3,166.0,123.0,,,,,,
2023-02-12T15:00,83,Moderate,29.6,51.6,0.3,2.3,167.0,124.0,,,,,,
2023-02-12T16:00,83,Moderate,29.1,51.3,0.4,2.4,168.0,125.0,,,,,,
2023-02-12T17:00,83,Moderate,26.5,47.0,0.5,2.4,166.0,128.0,,,,,,
2023-02-12T18:00,83,Moderate,25.4,45.8,0.7,2.4,167.0,129.0,,,,,,
2023-02-12T19:00,83,Moderate,25.6,46.3,1.0,2.5,169.0,131.0,,,,,,
2023-02-12T20:00,83,Moderate,26.3,47.8,1.2,2.5,171.0,133.0,,,,,,
2023-02-12T21:00,83,Moderate,27.0,49.1,1.2,2.5,171.0,133.0,,,,,,
2023-02-12T22:00,85,Moderate,27.3,49.9,1.1,2.4,170.0,133.0,,,,,,
2023-02-12T23:00,87,Moderate,27.0,49.6,1.0,2.4,169.0,130.0,,,,,,
2023-02-13T00:00,88,Moderate,26.4,48.5,0.9,2.6,167.0,126.0,,,,,,
2023-02-13T01:00,88,Moderate,25.7,47.5,0.9,3.0,165.0,120.0,,,,,,
2023-02-13T02:00,87,Moderate,25.1,46.6,0.8,3.2,162.0,114.0,,,,,,
2023-02-13T03:00,84,Moderate,24.7,45.8,0.7,3.0,161.0,111.0,,,,,,
2023-02-13T04:00,83,Moderate,24.4,45.1,0.6,2.7,160.0,109.0,,,,,,
2023-02-13T05:00,83,Moderate,23.8,43.4,0.7,2.2,166.0,106.0,,,,,,
2023-02-13T06:00,83,Moderate,23.9,43.5,0.8,2.5,167.0,105.0,,,,,,
2023-02-13T07:00,83,Moderate,23.7,43.0,0.9,2.9,168.0,104.0,,,,,,
2023-02-13T08:00,83,Moderate,23.9,43.3,1.0,3.0,168.0,104.0,,,,,,
2023-02-13T09:00,83,Moderate,23.9,43.1,0.9,2.5,165.0,105.0,,,,,,
2023-02-13T10:00,83,Moderate,23.1,41.1,0.7,1.7,160.0,108.0,,,,,,
2023-02-13T11:00,82,Moderate,23.5,41.3,0.4,0.9,154.0,110.0,,,,,,
2023-02-13T12:00,82,Moderate,23.7,41.2,0.3,0.7,151.0,110.0,,,,,,
2023-02-13T13:00,82,Moderate,23.6,40.9,0.2,0.7,149.0,109.0,,,,,,
2023-02-13T14:00,81,Moderate,22.9,39.9,0.2,0.7,146.0,108.0,,,,,,
2023-02-13T15:00,81,Moderate,22.1,38.8,0.2,0.7,144.0,108.0,,,,,,
2023-02-13T16:00,80,Moderate,21.2,37.5,0.3,0.6,141.0,108.0,,,,,,
2023-02-13T17:00,79,Moderate,18.6,33.2,0.4,0.6,140.0,104.0,,,,,,
2023-02-13T18:00,79,Moderate,18.0,32.2,0.6,0.7,140.0,104.0,,,,,,
2023-02-13T19:00,78,Moderate,18.3,32.8,0.9,0.8,140.0,103.0,,,,,,
2023-02-13T20:00,78,Moderate,18.7,33.5,1.2,0.9,141.0,102.0,,,,,,
2023-02-13T21:00,77,Moderate,19.2,34.5,1.3,1.0,142.0,100.0,,,,,,
2023-02-13T22:00,76,Moderate,19.0,34.2,1.4,1.1,144.0,98.0,,,,,,
2023-02-13T23:00,76,Moderate,18.7,33.6,1.4,1.1,145.0,95.0,,,,,,
2023-02-14T00:00,75,Moderate,18.2,32.6,1.3,1.1,145.0,92.0,,,,,,
2023-02-14T01:00,75,Moderate,17.6,31.5,1.2,1.0,145.0,87.0,,,,,,
2023-02-14T02:00,74,Moderate,17.2,30.9,1.1,0.9,144.0,83.0,,,,,,
2023-02-14T03:00,73,Moderate,16.9,30.4,1.0,0.8,143.0,81.0,,,,,,
2023-02-14T04:00,73,Moderate,16.5,29.5,0.9,0.6,142.0,80.0,,,,,,
2023-02-14T05:00,72,Moderate,16.2,29.0,1.2,0.8,144.0,76.0,,,,,,
2023-02-14T06:00,71,Moderate,15.9,28.5,1.4,1.0,146.0,75.0,,,,,,
2023-02-14T07:00,71,Moderate,15.5,27.9,1.6,1.3,148.0,74.0,,,,,,
2023-02-14T08:00,70,Moderate,15.8,28.5,1.7,1.6,150.0,74.0,,,,,,
2023-02-14T09:00,70,Moderate,16.1,29.0,1.5,1.5,149.0,78.0,,,,,,
2023-02-14T10:00,69,Moderate,16.1,28.9,1.1,1.3,146.0,83.0,,,,,,
2023-02-14T11:00,68,Moderate,16.7,29.6,0.7,1.0,143.0,89.0,,,,,,
2023-02-14T12:00,68,Moderate,17.3,30.4,0.5,0.8,141.0,91.0,,,,,,
2023-02-14T13:00,67,Moderate,17.4,30.7,0.4,0.6,138.0,91.0,,,,,,
2023-02-14T14:00,67,Moderate,17.1,30.4,0.3,0.4,135.0,91.0,,,,,,
2023-02-14T15:00,66,Moderate,16.4,29.7,0.3,0.4,133.0,90.0,,,,,,
2023-02-14T16:00,66,Moderate,15.9,29.4,0.3,0.4,131.0,89.0,,,,,,
2023-02-14T17:00,66,Moderate,11.4,21.6,0.4,0.3,131.0,92.0,,,,,,
2023-02-14T18:00,65,Moderate,11.4,21.7,0.6,0.4,132.0,93.0,,,,,,
2023-02-14T19:00,64,Moderate,12.0,22.9,0.9,0.5,133.0,94.0,,,,,,
2023-02-14T20:00,64,Moderate,12.8,24.2,1.3,0.7,135.0,96.0,,,,,,
2023-02-14T21:00,63,Moderate,13.8,25.7,1.5,0.9,137.0,97.0,,,,,,
2023-02-14T22:00,63,Moderate,14.7,26.8,1.6,1.2,139.0,99.0,,,,,,
2023-02-14T23:00,63,Moderate,15.6,28.2,1.7,1.5,142.0,100.0,,,,,,
2023-02-15T00:00,62,Moderate,16.4,29.3,1.7,1.6,144.0,100.0,,,,,,
2023-02-15T01:00,62,Moderate,16.9,30.0,1.6,1.8,146.0,99.0,,,,,,
2023-02-15T02:00,62,Moderate,17.1,30.3,1.5,1.9,148.0,98.0,,,,,,
2023-02-15T03:00,62,Moderate,17.2,30.4,1.4,2.0,149.0,96.0,,,,,,
2023-02-15T04:00,62,Moderate,17.2,30.3,1.3,2.1,150.0,94.0,,,,,,
2023-02-15T05:00,62,Moderate,16.5,29.2,1.2,1.5,146.0,87.0,,,,,,
2023-02-15T06:00,62,Moderate,16.6,29.3,1.3,1.7,146.0,87.0,,,,,,
2023-02-15T07:00,62,Moderate,16.7,29.4,1.5,2.1,146.0,86.0,,,,,,
2023-02-15T08:00,63,Moderate,16.9,29.7,1.5,2.4,145.0,87.0,,,,,,
2023-02-15T09:00,63,Moderate,17.3,30.3,1.3,2.4,143.0,89.0,,,,,,
2023-02-15T10:00,63,Moderate,18.2,31.7,1.0,2.2,141.0,92.0,,,,,,
2023-02-15T11:00,63,Moderate,19.3,33.4,0.6,2.0,139.0,96.0,,,,,,
2023-02-15T12:00,63,Moderate,20.3,34.9,0.4,2.0,138.0,97.0,,,,,,
2023-02-15T13:00,63,Moderate,20.7,35.6,0.2,2.0,137.0,98.0,,,,,,
2023-02-15T14:00,64,Moderate,20.5,35.5,0.1,2.1,138.0,101.0,,,,,,
2023-02-15T15:00,64,Moderate,19.8,34.5,0.1,2.1,141.0,106.0,,,,,,
2023-02-15T16:00,64,Moderate,19.4,33.9,0.2,2.2,146.0,113.0,,,,,,
2023-02-15T17:00,64,Moderate,21.9,36.9,0.4,2.5,158.0,117.0,,,,,,
2023-02-15T18:00,65,Moderate,22.6,38.0,0.6,2.6,159.0,119.0,,,,,,
2023-02-15T19:00,66,Moderate,23.3,39.1,0.8,2.8,160.0,122.0,,,,,,
2023-02-15T20:00,67,Moderate,23.7,40.2,1.1,3.0,161.0,125.0,,,,,,
2023-02-15T21:00,68,Moderate,23.8,40.5,1.2,3.2,161.0,125.0,,,,,,
2023-02-15T22:00,69,Moderate,23.4,40.0,1.1,3.3,161.0,123.0,,,,,,
2023-02-15T23:00,69,Moderate,22.9,39.2,1.1,3.5,160.0,121.0,,,,,,
2023-02-16T00:00,72,Moderate,22.3,38.3,1.1,3.5,160.0,119.0,,,,,,
2023-02-16T01:00,73,Moderate,21.9,37.6,1.0,3.5,160.0,116.0,,,,,,
2023-02-16T02:00,73,Moderate,21.7,37.1,0.9,3.5,160.0,113.0,,,,,,
2023-02-16T03:00,72,Moderate,21.8,37.4,0.9,3.4,160.0,111.0,,,,,,
2023-02-16T04:00,71,Moderate,22.0,37.8,0.8,3.3,160.0,110.0,,,,,,
2023-02-16T05:00,72,Moderate,21.7,37.1,0.6,2.6,159.0,107.0,,,,,,
2023-02-16T06:00,72,Moderate,21.9,37.6,0.6,2.6,159.0,107.0,,,,,,
2023-02-16T07:00,73,Moderate,22.2,38.1,0.6,2.6,158.0,106.0,,,,,,
2023-02-16T08:00,73,Moderate,22.6,38.9,0.6,2.6,158.0,107.0,,,,,,
2023-02-16T09:00,74,Moderate,23.2,39.5,0.6,2.6,158.0,109.0,,,,,,
2023-02-16T10:00,74,Moderate,24.7,41.9,0.5,2.5,158.0,113.0,,,,,,
2023-02-16T11:00,74,Moderate,25.9,43.7,0.4,2.4,158.0,117.0,,,,,,
2023-02-16T12:00,75,Moderate,27.1,45.6,0.3,2.2,158.0,118.0,,,,,,
2023-02-16T13:00,76,Moderate,27.7,46.8,0.3,2.0,158.0,119.0,,,,,,
2023-02-16T14:00,76,Moderate,27.9,47.5,0.2,1.7,158.0,120.0,,,,,,
2023-02-16T15:00,77,Moderate,28.1,48.0,0.2,1.6,157.0,121.0,,,,,,
2023-02-16T16:00,77,Moderate,28.0,48.2,0.2,1.5,157.0,123.0,,,,,,
2023-02-16T17:00,78,Moderate,29.1,49.9,0.4,1.3,163.0,118.0,,,,,,
2023-02-16T18:00,79,Moderate,29.6,51.0,0.5,1.3,162.0,117.0,,,,,,
2023-02-16T19:00,79,Moderate,30.0,51.8,0.6,1.2,162.0,114.0,,,,,,
2023-02-16T20:00,80,Moderate,30.4,52.5,0.8,1.2,161.0,112.0,,,,,,
2023-02-16T21:00,80,Moderate,30.4,52.7,0.8,1.3,161.0,111.0,,,,,,
2023-02-16T22:00,81,Moderate,30.2,52.5,0.8,1.4,162.0,110.0,,,,,,
2023-02-16T23:00,81,Moderate,29.8,52.3,0.8,1.5,163.0,109.0,,,,,,
2023-02-17T00:00,82,Moderate,29.3,51.7,0.7,1.5,163.0,108.0,,,,,,
2023-02-17T01:00,82,Moderate,28.6,50.8,0.6,1.4,163.0,108.0,,,,,,
2023-02-17T02:00,83,Moderate,27.6,49.2,0.5,1.3,163.0,107.0,,,,,,
2023-02-17T03:00,83,Moderate,27.0,48.1,0.4,1.2,162.0,106.0,,,,,,
2023-02-17T04:00,84,Moderate,26.1,46.6,0.3,1.0,161.0,106.0,,,,,,
2023-02-17T05:00,84,Moderate,25.1,44.7,0.4,0.8,155.0,104.0,,,,,,
2023-02-17T06:00,84,Moderate,24.8,44.1,0.5,0.9,157.0,103.0,,,,,,
2023-02-17T07:00,85,Moderate,25.0,44.6,0.7,1.0,159.0,101.0,,,,,,
2023-02-17T08:00,85,Moderate,24.9,44.2,0.8,1.1,160.0,99.0,,,,,,
2023-02-17T09:00,85,Moderate,23.7,42.0,0.7,1.0,157.0,100.0,,,,,,
2023-02-17T10:00,85,Moderate,21.8,38.2,0.5,0.8,151.0,102.0,,,,,,
2023-02-17T11:00,85,Moderate,20.8,36.2,0.3,0.5,144.0,103.0,,,,,,
2023-02-17T12:00,84,Moderate,19.7,34.1,0.2,0.4,139.0,101.0,,,,,,
2023-02-17T13:00,84,Moderate,18.5,31.9,0.1,0.3,133.0,98.0,,,,,,
2023-02-17T14:00,83,Moderate,17.2,29.8,0.1,0.2,127.0,94.0,,,,,,
2023-02-17T15:00,82,Moderate,15.9,27.9,0.1,0.2,125.0,93.0,,,,,,
2023-02-17T16:00,81,Moderate,15.1,26.7,0.2,0.2,124.0,94.0,,,,,,
2023-02-17T17:00,80,Moderate,15.9,28.1,0.4,0.1,118.0,92.0,,,,,,
2023-02-17T18:00,79,Moderate,15.7,27.9,0.6,0.1,119.0,92.0,,,,,,
2023-02-17T19:00,78,Moderate,15.5,28.0,0.8,0.2,120.0,91.0,,,,,,
2023-02-17T20:00,77,Moderate,15.3,27.7,1.0,0.2,121.0,90.0,,,,,,
2023-02-17T21:00,76,Moderate,14.8,27.2,1.0,0.2,121.0,89.0,,,,,,
2023-02-17T22:00,75,Moderate,14.3,26.5,1.0,0.3,121.0,88.0,,,,,,
2023-02-17T23:00,73,Moderate,13.6,25.5,1.0,0.3,121.0,86.0,,,,,,
2023-02-18T00:00,72,Moderate,12.6,23.7,1.0,0.3,121.0,84.0,,,,,,
2023-02-18T01:00,71,Moderate,12.0,22.7,0.9,0.3,121.0,81.0,,,,,,
2023-02-18T02:00,69,Moderate,11.5,21.7,0.9,0.3,121.0,77.0,,,,,,
2023-02-18T03:00,68,Moderate,11.4,21.3,0.9,0.3,121.0,75.0,,,,,,
2023-02-18T04:00,67,Moderate,11.4,21.3,1.0,0.4,122.0,73.0,,,,,,
2023-02-18T05:00,66,Moderate,10.7,19.8,1.4,0.6,129.0,68.0,,,,,,
2023-02-18T06:00,65,Moderate,10.9,19.9,1.8,1.3,134.0,67.0,,,,,,
2023-02-18T07:00,64,Moderate,11.5,20.8,2.3,2.3,142.0,66.0,,,,,,
2023-02-18T08:00,62,Moderate,12.4,22.4,2.6,3.1,148.0,67.0,,,,,,
2023-02-18T09:00,61,Moderate,12.7,23.1,2.3,2.9,147.0,72.0,,,,,,
2023-02-18T10:00,61,Moderate,13.5,24.2,1.6,2.3,143.0,80.0,,,,,,
2023-02-18T11:00,60,Moderate,14.5,25.5,0.9,1.5,138.0,88.0,,,,,,
2023-02-18T12:00,59,Moderate,15.4,26.8,0.6,1.2,136.0,90.0,,,,,,
2023-02-18T13:00,59,Moderate,16.1,28.1,0.4,1.0,134.0,91.0,,,,,,
2023-02-18T14:00,59,Moderate,16.4,28.8,0.3,0.8,132.0,92.0,,,,,,
2023-02-18T15:00,59,Moderate,16.2,29.2,0.3,0.7,132.0,93.0,,,,,,
2023-02-18T16:00,59,Moderate,15.9,29.2,0.4,0.6,134.0,95.0,,,,,,
2023-02-18T17:00,59,Moderate,15.3,27.8,0.6,0.5,133.0,90.0,,,,,,
2023-02-18T18:00,59,Moderate,15.0,27.6,0.7,0.5,132.0,89.0,,,,,,
2023-02-18T19:00,59,Moderate,15.0,28.0,0.9,0.5,132.0,87.0,,,,,,
2023-02-18T20:00,59,Moderate,15.2,28.4,1.1,0.5,132.0,84.0,,,,,,
2023-02-18T21:00,59,Moderate,15.1,28.1,1.1,0.4,134.0,80.0,,,,,,
2023-02-18T22:00,59,Moderate,14.8,27.4,1.1,0.3,137.0,75.0,,,,,,
2023-02-18T23:00,59,Moderate,14.3,26.3,1.0,0.2,141.0,70.0,,,,,,
2023-02-19T00:00,59,Moderate,14.1,25.6,0.9,0.2,144.0,67.0,,,,,,
2023-02-19T01:00,59,Moderate,14.1,25.3,0.8,0.1,146.0,66.0,,,,,,
2023-02-19T02:00,59,Moderate,14.1,25.3,0.7,0.1,149.0,64.0,,,,,,
2023-02-19T03:00,59,Moderate,13.7,24.4,0.6,0.1,150.0,64.0,,,,,,
2023-02-19T04:00,60,Moderate,14.1,25.1,0.6,0.1,150.0,64.0,,,,,,
2023-02-19T05:00,60,Moderate,13.2,23.3,0.6,0.1,146.0,62.0,,,,,,
2023-02-19T06:00,60,Moderate,13.2,23.2,0.8,0.2,147.0,61.0,,,,,,
2023-02-19T07:00,60,Moderate,13.2,23.0,1.2,0.4,149.0,59.0,,,,,,
2023-02-19T08:00,60,Moderate,13.5,23.6,1.4,0.6,150.0,59.0,,,,,,
2023-02-19T09:00,60,Moderate,13.7,23.7,1.3,0.6,148.0,62.0,,,,,,
2023-02-19T10:00,61,Moderate,14.4,24.7,1.0,0.4,145.0,66.0,,,,,,
2023-02-19T11:00,61,Moderate,15.6,26.4,0.6,0.3,142.0,71.0,,,,,,
2023-02-19T12:00,61,Moderate,16.8,28.2,0.4,0.3,141.0,73.0,,,,,,
2023-02-19T13:00,61,Moderate,17.5,29.3,0.3,0.2,140.0,73.0,,,,,,
2023-02-19T14:00,61,Moderate,17.3,29.4,0.2,0.2,140.0,74.0,,,,,,
2023-02-19T15:00,61,Moderate,16.9,28.9,0.2,0.2,140.0,75.0,,,,,,
2023-02-19T16:00,61,Moderate,16.4,28.6,0.2,0.2,140.0,77.0,,,,,,
2023-02-19T17:00,61,Moderate,15.9,28.1,0.3,0.2,141.0,78.0,,,,,,
2023-02-19T18:00,61,Moderate,15.5,27.6,0.4,0.2,139.0,78.0,,,,,,
2023-02-19T19:00,61,Moderate,15.3,27.4,0.6,0.2,137.0,77.0,,,,,,
2023-02-19T20:00,61,Moderate,15.1,27.4,0.8,0.2,135.0,76.0,,,,,,
2023-02-19T21:00,61,Moderate,15.0,27.1,0.9,0.2,135.0,74.0,,,,,,
2023-02-19T22:00,61,Moderate,14.5,26.0,0.9,0.1,137.0,71.0,,,,,,
2023-02-19T23:00,61,Moderate,13.8,24.7,1.0,0.1,139.0,67.0,,,,,,
2023-02-20T00:00,61,Moderate,13.1,23.2,1.0,0.1,140.0,65.0,,,,,,
2023-02-20T01:00,61,Moderate,12.5,22.1,1.0,0.1,142.0,64.0,,,,,,
2023-02-20T02:00,61,Moderate,12.0,21.2,1.0,0.1,143.0,62.0,,,,,,
2023-02-20T03:00,61,Moderate,11.5,20.1,1.0,0.2,143.0,61.0,,,,,,
2023-02-20T04:00,61,Moderate,11.0,19.2,1.0,0.2,143.0,60.0,,,,,,
2023-02-20T05:00,60,Moderate,10.8,18.7,1.1,0.2,147.0,59.0,,,,,,
2023-02-20T06:00,60,Moderate,10.7,18.3,1.3,0.4,149.0,57.0,,,,,,
2023-02-20T07:00,60,Moderate,10.4,17.9,1.6,0.6,151.0,55.0,,,,,,
2023-02-20T08:00,60,Moderate,10.7,18.1,1.8,0.8,152.0,55.0,,,,,,
2023-02-20T09:00,59,Moderate,11.1,19.0,1.6,0.7,150.0,60.0,,,,,,
2023-02-20T10:00,59,Moderate,12.2,20.7,1.1,0.6,147.0,69.0,,,,,,
2023-02-20T11:00,59,Moderate,13.5,22.9,0.6,0.4,142.0,77.0,,,,,,
2023-02-20T12:00,59,Moderate,14.5,24.4,0.4,0.3,139.0,78.0,,,,,,
2023-02-20T13:00,59,Moderate,14.9,25.1,0.3,0.3,137.0,77.0,,,,,,
2023-02-20T14:00,59,Moderate,14.8,25.3,0.2,0.3,135.0,75.0,,,,,,
2023-02-20T15:00,58,Moderate,14.5,25.2,0.2,0.3,135.0,76.0,,,,,,
2023-02-20T16:00,58,Moderate,13.8,24.6,0.2,0.3,136.0,77.0,,,,,,
2023-02-20T17:00,58,Moderate,14.4,25.4,0.3,0.4,142.0,75.0,,,,,,
2023-02-20T18:00,58,Moderate,13.9,25.3,0.4,0.4,140.0,76.0,,,,,,
2023-02-20T19:00,58,Moderate,14.1,26.0,0.5,0.4,137.0,76.0,,,,,,
2023-02-20T20:00,58,Moderate,13.5,25.0,0.7,0.3,135.0,76.0,,,,,,
2023-02-20T21:00,57,Moderate,13.2,24.3,0.8,0.2,135.0,73.0,,,,,,
2023-02-20T22:00,57,Moderate,12.7,23.1,0.8,0.2,136.0,70.0,,,,,,
2023-02-20T23:00,57,Moderate,12.3,22.0,0.8,0.1,137.0,65.0,,,,,,
2023-02-21T00:00,57,Moderate,12.0,21.2,0.8,0.1,138.0,63.0,,,,,,
2023-02-21T01:00,57,Moderate,11.6,20.5,0.8,0.1,139.0,61.0,,,,,,
2023-02-21T02:00,57,Moderate,11.2,19.7,0.8,0.1,140.0,59.0,,,,,,
2023-02-21T03:00,57,Moderate,10.5,18.3,0.8,0.1,141.0,58.0,,,,,,
2023-02-21T04:00,57,Moderate,10.0,17.3,0.8,0.1,142.0,57.0,,,,,,
2023-02-21T05:00,57,Moderate,9.8,16.9,0.8,0.1,147.0,55.0,,,,,,
2023-02-21T06:00,57,Moderate,9.4,16.0,0.9,0.1,148.0,54.0,,,,,,
2023-02-21T07:00,57,Moderate,9.1,15.4,1.1,0.2,150.0,53.0,,,,,,
2023-02-21T08:00,56,Moderate,9.0,15.3,1.2,0.2,151.0,55.0,,,,,,
2023-02-21T09:00,56,Moderate,9.3,15.8,1.1,0.2,149.0,60.0,,,,,,
2023-02-21T10:00,56,Moderate,9.8,16.6,0.9,0.2,146.0,68.0,,,,,,
2023-02-21T11:00,56,Moderate,10.9,18.5,0.6,0.2,142.0,76.0,,,,,,
2023-02-21T12:00,56,Moderate,11.7,19.7,0.4,0.2,139.0,78.0,,,,,,
2023-02-21T13:00,56,Moderate,12.2,20.7,0.3,0.1,136.0,79.0,,,,,,
2023-02-21T14:00,55,Moderate,12.0,20.8,0.2,0.1,133.0,81.0,,,,,,
2023-02-21T15:00,55,Moderate,11.6,20.5,0.2,0.1,132.0,84.0,,,,,,
2023-02-21T16:00,55,Moderate,11.1,20.1,0.3,0.2,131.0,88.0,,,,,,
2023-02-21T17:00,55,Moderate,12.0,21.5,0.3,0.3,138.0,85.0,,,,,,
2023-02-21T18:00,54,Moderate,12.8,23.2,0.4,0.4,137.0,88.0,,,,,,
2023-02-21T19:00,54,Moderate,13.7,24.7,0.6,0.4,135.0,92.0,,,,,,
2023-02-21T20:00,54,Moderate,14.0,25.1,0.9,0.6,134.0,96.0,,,,,,
2023-02-21T21:00,54,Moderate,14.2,25.3,1.1,0.8,135.0,95.0,,,,,,
2023-02-21T22:00,54,Moderate,14.1,25.0,1.2,1.0,137.0,93.0,,,,,,
2023-02-21T23:00,55,Moderate,13.8,24.1,1.4,1.2,139.0,89.0,,,,,,
2023-02-22T00:00,55,Moderate,13.5,23.3,1.5,1.3,141.0,87.0,,,,,,
2023-02-22T01:00,55,Moderate,13.4,22.8,1.6,1.3,142.0,84.0,,,,,,
2023-02-22T02:00,55,Moderate,13.6,22.9,1.7,1.3,144.0,81.0,,,,,,
2023-02-22T03:00,55,Moderate,13.5,22.8,1.7,1.2,144.0,79.0,,,,,,
2023-02-22T04:00,55,Moderate,13.4,22.5,1.7,1.2,145.0,77.0,,,,,,
2023-02-22T05:00,56,Moderate,11.5,19.8,1.4,0.4,137.0,73.0,,,,,,
2023-02-22T06:00,56,Moderate,11.5,20.0,1.4,0.4,137.0,73.0,,,,,,
2023-02-22T07:00,56,Moderate,11.6,20.1,1.4,0.4,137.0,72.0,,,,,,
2023-02-22T08:00,56,Moderate,12.0,20.8,1.3,0.4,138.0,74.0,,,,,,
2023-02-22T09:00,56,Moderate,13.2,22.5,1.1,0.5,141.0,79.0,,,,,,
2023-02-22T10:00,57,Moderate,15.4,25.7,0.7,0.6,144.0,86.0,,,,,,
2023-02-22T11:00,57,Moderate,18.0,29.4,0.4,0.7,149.0,94.0,,,,,,
2023-02-22T12:00,58,Moderate,20.2,32.8,0.3,0.8,152.0,97.0,,,,,,
2023-02-22T13:00,58,Moderate,21.3,34.8,0.2,0.8,155.0,98.0,,,,,,
2023-02-22T14:00,59,Moderate,21.9,36.3,0.2,0.9,160.0,100.0,,,,,,
2023-02-22T15:00,60,Moderate,22.3,37.5,0.2,1.0,165.0,104.0,,,,,,
2023-02-22T16:00,61,Moderate,23.2,38.9,0.3,1.1,171.0,110.0,,,,,,
2023-02-22T17:00,62,Moderate,18.1,31.3,0.3,1.0,180.0,115.0,,,,,,
2023-02-22T18:00,62,Moderate,18.3,31.8,0.4,0.9,180.0,114.0,,,,,,
2023-02-22T19:00,63,Moderate,18.5,32.2,0.5,0.7,180.0,113.0,,,,,,
2023-02-22T20:00,63,Moderate,18.6,32.5,0.6,0.5,180.0,111.0,,,,,,
2023-02-22T21:00,63,Moderate,18.9,32.8,0.7,0.4,180.0,109.0,,,,,,
2023-02-22T22:00,64,Moderate,19.1,33.1,0.8,0.4,180.0,107.0,,,,,,
2023-02-22T23:00,64,Moderate,19.3,33.3,0.8,0.4,178.0,104.0,,,,,,
2023-02-23T00:00,64,Moderate,19.3,33.2,0.8,0.4,175.0,102.0,,,,,,
2023-02-23T01:00,65,Moderate,19.1,32.7,0.7,0.4,172.0,99.0,,,,,,
2023-02-23T02:00,65,Moderate,18.8,32.1,0.6,0.4,167.0,96.0,,,,,,
2023-02-23T03:00,66,Moderate,18.7,31.9,0.5,0.3,163.0,94.0,,,,,,
2023-02-23T04:00,66,Moderate,18.5,31.4,0.5,0.3,158.0,92.0,,,,,,
2023-02-23T05:00,67,Moderate,19.5,32.8,0.9,0.2,165.0,83.0,,,,,,
2023-02-23T06:00,67,Moderate,19.3,32.2,1.0,0.2,166.0,82.0,,,,,,
2023-02-23T07:00,68,Moderate,19.3,32.1,1.1,0.3,168.0,80.0,,,,,,
2023-02-23T08:00,68,Moderate,19.6,32.7,1.1,0.3,168.0,79.0,,,,,,
2023-02-23T09:00,69,Moderate,17.9,30.0,0.9,0.3,164.0,80.0,,,,,,
2023-02-23T10:00,69,Moderate,16.7,27.9,0.6,0.2,157.0,83.0,,,,,,
2023-02-23T11:00,70,Moderate,16.6,27.4,0.3,0.1,149.0,84.0,,,,,,
2023-02-23T12:00,69,Moderate,16.1,26.5,0.2,0.1,145.0,82.0,,,,,,
2023-02-23T13:00,69,Moderate,14.9,24.7,0.1,0.1,142.0,77.0,,,,,,
2023-02-23T14:00,69,Moderate,13.2,22.1,0.1,0.1,140.0,73.0,,,,,,
2023-02-23T15:00,68,Moderate,11.6,19.7,0.1,0.1,139.0,72.0,,,,,,
2023-02-23T16:00,67,Moderate,10.9,18.6,0.1,0.1,140.0,71.0,,,,,,
2023-02-23T17:00,66,Moderate,12.4,21.0,0.3,0.1,146.0,76.0,,,,,,
2023-02-23T18:00,66,Moderate,12.8,21.7,0.5,0.1,147.0,77.0,,,,,,
2023-02-23T19:00,65,Moderate,13.8,23.5,0.7,0.2,149.0,79.0,,,,,,
2023-02-23T20:00,65,Moderate,15.1,26.0,1.0,0.2,151.0,80.0,,,,,,
2023-02-23T21:00,65,Moderate,15.9,27.5,1.1,0.2,152.0,79.0,,,,,,
2023-02-23T22:00,64,Moderate,16.2,28.0,1.1,0.2,152.0,76.0,,,,,,
2023-02-23T23:00,64,Moderate,15.8,27.3,1.0,0.2,153.0,72.0,,,,,,
2023-02-24T00:00,64,Moderate,14.8,25.7,0.9,0.2,154.0,69.0,,,,,,
2023-02-24T01:00,63,Moderate,13.7,24.0,0.8,0.1,154.0,65.0,,,,,,
2023-02-24T02:00,63,Moderate,12.7,22.5,0.7,0.1,155.0,62.0,,,,,,
2023-02-24T03:00,63,Moderate,12.0,21.4,0.6,0.1,155.0,61.0,,,,,,
2023-02-24T04:00,62,Moderate,11.3,20.1,0.5,0.1,154.0,61.0,,,,,,
2023-02-24T05:00,61,Moderate,11.1,19.7,0.5,0.1,144.0,60.0,,,,,,
2023-02-24T06:00,61,Moderate,11.1,19.6,0.5,0.1,144.0,60.0,,,,,,
2023-02-24T07:00,60,Moderate,11.3,20.0,0.6,0.1,144.0,60.0,,,,,,
2023-02-24T08:00,60,Moderate,11.3,20.0,0.6,0.1,144.0,61.0,,,,,,
2023-02-24T09:00,59,Moderate,11.1,19.6,0.5,0.1,144.0,63.0,,,,,,
2023-02-24T10:00,58,Moderate,11.4,19.7,0.4,0.1,143.0,66.0,,,,,,
2023-02-24T11:00,58,Moderate,12.3,21.0,0.3,0.1,143.0,69.0,,,,,,
2023-02-24T12:00,58,Moderate,13.1,22.1,0.2,0.1,143.0,69.0,,,,,,
2023-02-24T13:00,57,Moderate,13.2,22.3,0.2,0.1,142.0,68.0,,,,,,
2023-02-24T14:00,57,Moderate,12.6,21.7,0.1,0.1,142.0,67.0,,,,,,
2023-02-24T15:00,57,Moderate,11.5,20.1,0.1,0.1,142.0,67.0,,,,,,
2023-02-24T16:00,57,Moderate,10.8,19.2,0.1,0.1,142.0,68.0,,,,,,
2023-02-24T17:00,57,Moderate,12.1,21.3,0.3,0.1,144.0,72.0,,,,,,
2023-02-24T18:00,57,Moderate,11.6,20.6,0.5,0.1,145.0,72.0,,,,,,
2023-02-24T19:00,57,Moderate,11.4,20.4,0.8,0.1,146.0,72.0,,,,,,
2023-02-24T20:00,57,Moderate,11.4,20.6,1.1,0.1,148.0,72.0,,,,,,
2023-02-24T21:00,57,Moderate,11.6,20.8,1.2,0.1,150.0,71.0,,,,,,
2023-02-24T22:00,56,Moderate,11.5,20.7,1.3,0.1,153.0,68.0,,,,,,
2023-02-24T23:00,56,Moderate,11.2,20.1,1.3,0.1,158.0,66.0,,,,,,
2023-02-25T00:00,56,Moderate,10.9,19.5,1.2,0.1,164.0,65.0,,,,,,
2023-02-25T01:00,55,Moderate,10.5,18.9,1.1,0.1,172.0,64.0,,,,,,
2023-02-25T02:00,55,Moderate,10.2,18.2,0.9,0.1,180.0,63.0,,,,,,
2023-02-25T03:00,55,Moderate,9.9,17.5,0.9,0.1,183.0,62.0,,,,,,
2023-02-25T04:00,55,Moderate,9.4,16.5,0.9,0.0,185.0,61.0,,,,,,
2023-02-25T05:00,54,Moderate,9.1,15.9,1.0,0.1,188.0,58.0,,,,,,
2023-02-25T06:00,54,Moderate,8.8,15.4,1.2,0.2,189.0,57.0,,,,,,
2023-02-25T07:00,54,Moderate,9.0,15.6,1.4,0.4,189.0,55.0,,,,,,
2023-02-25T08:00,54,Moderate,9.3,16.2,1.6,0.7,189.0,57.0,,,,,,
2023-02-25T09:00,54,Moderate,9.7,16.9,1.4,0.9,187.0,64.0,,,,,,
2023-02-25T10:00,54,Moderate,10.1,17.5,1.1,1.0,184.0,74.0,,,,,,
2023-02-25T11:00,54,Moderate,11.0,18.9,0.7,1.1,181.0,84.0,,,,,,
2023-02-25T12:00,53,Moderate,11.7,20.0,0.5,0.9,182.0,86.0,,,,,,
2023-02-25T13:00,53,Moderate,12.0,20.7,0.3,0.7,184.0,85.0,,,,,,
2023-02-25T14:00,53,Moderate,11.8,20.9,0.2,0.4,187.0,84.0,,,,,,
2023-02-25T15:00,53,Moderate,11.3,20.5,0.2,0.4,189.0,85.0,,,,,,
2023-02-25T16:00,53,Moderate,10.7,20.0,0.2,0.4,192.0,86.0,,,,,,
2023-02-25T17:00,53,Moderate,10.5,19.6,0.4,0.4,196.0,85.0,,,,,,
2023-02-25T18:00,53,Moderate,10.2,19.3,0.6,0.4,194.0,86.0,,,,,,
2023-02-25T19:00,53,Moderate,10.2,19.4,0.8,0.4,191.0,87.0,,,,,,
2023-02-25T20:00,53,Moderate,10.0,19.4,1.1,0.3,188.0,88.0,,,,,,
2023-02-25T21:00,53,Moderate,9.5,18.6,1.2,0.2,187.0,87.0,,,,,,
2023-02-25T22:00,53,Moderate,9.2,17.9,1.2,0.1,186.0,84.0,,,,,,
2023-02-25T23:00,52,Moderate,8.6,16.8,1.2,0.1,185.0,81.0,,,,,,
2023-02-26T00:00,52,Moderate,8.2,15.9,1.3,0.3,183.0,78.0,,,,,,
2023-02-26T01:00,52,Moderate,7.9,15.1,1.4,0.6,181.0,75.0,,,,,,
2023-02-26T02:00,52,Moderate,7.7,14.7,1.7,1.1,179.0,72.0,,,,,,
2023-02-26T03:00,52,Moderate,7.8,14.7,2.0,1.5,178.0,70.0,,,,,,
2023-02-26T04:00,51,Moderate,8.3,15.3,2.3,2.0,177.0,68.0,,,,,,
2023-02-26T05:00,51,Moderate,8.4,15.5,2.3,1.5,184.0,65.0,,,,,,
2023-02-26T06:00,51,Moderate,8.6,15.7,2.4,1.9,184.0,66.0,,,,,,
2023-02-26T07:00,51,Moderate,9.1,16.6,2.6,2.5,183.0,67.0,,,,,,
2023-02-26T08:00,51,Moderate,9.8,17.6,2.6,3.0,181.0,72.0,,,,,,
2023-02-26T09:00,51,Moderate,10.4,18.7,2.2,2.9,177.0,80.0,,,,,,
2023-02-26T10:00,51,Moderate,11.4,20.1,1.5,2.5,172.0,90.0,,,,,,
2023-02-26T11:00,51,Moderate,13.0,22.5,0.8,2.0,165.0,101.0,,,,,,
2023-02-26T12:00,52,Moderate,15.0,25.9,0.5,1.6,162.0,105.0,,,,,,
2023-02-26T13:00,52,Moderate,15.9,27.6,0.4,1.2,159.0,107.0,,,,,,
2023-02-26T14:00,52,Moderate,16.0,28.2,0.3,0.8,155.0,107.0,,,,,,
2023-02-26T15:00,52,Moderate,15.7,28.1,0.3,0.6,152.0,105.0,,,,,,
2023-02-26T16:00,53,Moderate,15.4,27.8,0.3,0.4,148.0,102.0,,,,,,
2023-02-26T17:00,53,Moderate,11.9,22.3,0.4,0.3,149.0,100.0,,,,,,
2023-02-26T18:00,53,Moderate,12.2,22.8,0.4,0.2,149.0,97.0,,,,,,
2023-02-26T19:00,53,Moderate,12.6,23.5,0.5,0.2,150.0,93.0,,,,,,
2023-02-26T20:00,54,Moderate,13.2,24.4,0.6,0.1,152.0,89.0,,,,,,
2023-02-26T21:00,54,Moderate,13.9,25.3,0.6,0.1,155.0,88.0,,,,,,
2023-02-26T22:00,54,Moderate,14.3,25.9,0.7,0.2,160.0,87.0,,,,,,
2023-02-26T23:00,55,Moderate,14.5,26.2,0.7,0.3,166.0,87.0,,,,,,
2023-02-27T00:00,55,Moderate,14.6,26.4,0.7,0.3,170.0,87.0,,,,,,
2023-02-27T01:00,56,Moderate,14.8,26.6,0.6,0.2,174.0,88.0,,,,,,
2023-02-27T02:00,56,Moderate,14.7,26.2,0.5,0.1,178.0,89.0,,,,,,
2023-02-27T03:00,57,Moderate,15.0,26.7,0.5,0.1,180.0,90.0,,,,,,
2023-02-27T04:00,57,Moderate,15.4,27.2,0.5,0.0,182.0,91.0,,,,,,
2023-02-27T05:00,58,Moderate,15.7,28.1,1.1,0.3,185.0,83.0,,,,,,
2023-02-27T06:00,58,Moderate,16.5,29.5,1.3,0.8,188.0,81.0,,,,,,
2023-02-27T07:00,59,Moderate,17.2,30.9,1.6,1.6,192.0,79.0,,,,,,
2023-02-27T08:00,60,Moderate,18.2,32.8,1.8,2.3,197.0,80.0,,,,,,
2023-02-27T09:00,60,Moderate,19.3,34.7,1.5,2.4,198.0,86.0,,,,,,
2023-02-27T10:00,61,Moderate,19.9,35.2,1.1,2.3,198.0,94.0,,,,,,
2023-02-27T11:00,62,Moderate,20.5,35.6,0.6,2.1,200.0,104.0,,,,,,
2023-02-27T12:00,62,Moderate,21.1,36.2,0.5,1.9,205.0,108.0,,,,,,
2023-02-27T13:00,63,Moderate,21.4,36.6,0.4,1.6,211.0,110.0,,,,,,
2023-02-27T14:00,63,Moderate,21.5,36.9,0.4,1.4,220.0,113.0,,,,,,
2023-02-27T15:00,64,Moderate,21.8,37.7,0.5,1.4,228.0,117.0,,,,,,
2023-02-27T16:00,64,Moderate,22.2,38.9,0.6,1.5,237.0,123.0,,,,,,
2023-02-27T17:00,65,Moderate,21.1,37.6,0.7,1.5,256.0,128.0,,,,,,
2023-02-27T18:00,65,Moderate,21.1,38.0,0.8,1.4,258.0,127.0,,,,,,
2023-02-27T19:00,66,Moderate,21.0,37.5,0.9,1.3,261.0,125.0,,,,,,
2023-02-27T20:00,69,Moderate,21.0,37.1,1.0,1.1,264.0,122.0,,,,,,
2023-02-27T21:00,72,Moderate,21.4,37.5,1.1,1.0,265.0,120.0,,,,,,
2023-02-27T22:00,74,Moderate,21.9,38.4,1.3,0.8,266.0,117.0,,,,,,
2023-02-27T23:00,75,Moderate,22.6,39.3,1.4,0.9,267.0,114.0,,,,,,
2023-02-28T00:00,74,Moderate,23.7,41.1,1.5,1.4,268.0,112.0,,,,,,
2023-02-28T01:00,72,Moderate,24.7,43.0,1.5,2.2,270.0,110.0,,,,,,
2023-02-28T02:00,71,Moderate,25.6,44.5,1.5,3.0,271.0,108.0,,,,,,
2023-02-28T03:00,72,Moderate,26.3,45.6,1.5,3.2,270.0,106.0,,,,,,
2023-02-28T04:00,72,Moderate,26.7,46.3,1.4,3.3,269.0,104.0,,,,,,
2023-02-28T05:00,73,Moderate,26.6,45.9,1.2,2.7,263.0,103.0,,,,,,
2023-02-28T06:00,74,Moderate,26.9,46.2,1.2,2.8,260.0,101.0,,,,,,
2023-02-28T07:00,75,Moderate,27.1,46.4,1.2,2.8,257.0,99.0,,,,,,
2023-02-28T08:00,76,Moderate,27.6,47.0,1.2,2.8,253.0,98.0,,,,,,
2023-02-28T09:00,76,Moderate,27.9,47.3,1.1,2.6,251.0,100.0,,,,,,
2023-02-28T10:00,77,Moderate,28.0,46.9,0.9,2.3,250.0,103.0,,,,,,
2023-02-28T11:00,78,Moderate,28.3,47.0,0.6,1.8,251.0,107.0,,,,,,
2023-02-28T12:00,78,Moderate,28.6,47.5,0.4,1.4,253.0,108.0,,,,,,
2023-02-28T13:00,79,Moderate,27.0,44.8,0.3,0.9,257.0,109.0,,,,,,
2023-02-28T14:00,79,Moderate,26.0,43.4,0.2,0.4,262.0,110.0,,,,,,
2023-02-28T15:00,80,Moderate,25.5,42.8,0.2,0.2,266.0,110.0,,,,,,
2023-02-28T16:00,80,Moderate,25.1,42.4,0.4,0.2,269.0,109.0,,,,,,
2023-02-28T17:00,80,Moderate,26.7,45.4,0.5,0.2,285.0,111.0,,,,,,
2023-02-28T18:00,81,Moderate,29.2,49.2,0.6,0.2,285.0,109.0,,,,,,
2023-02-28T19:00,81,Moderate,30.5,51.3,0.7,0.2,286.0,106.0,,,,,,
2023-02-28T20:00,82,Moderate,31.8,53.3,0.9,0.2,288.0,103.0,,,,,,
2023-02-28T21:00,83,Moderate,31.3,52.5,0.9,0.2,291.0,102.0,,,,,,
2023-02-28T22:00,84,Moderate,28.1,46.7,0.9,0.2,295.0,102.0,,,,,,
2023-02-28T23:00,84,Moderate,27.6,46.2,0.9,0.2,300.0,102.0,,,,,,
2023-03-01T00:00,85,Moderate,27.2,45.4,0.8,0.3,302.0,102.0,,,,,,
2023-03-01T01:00,85,Moderate,24.3,40.6,0.7,0.4,303.0,101.0,,,,,,
2023-03-01T02:00,85,Moderate,21.7,36.2,0.6,0.5,304.0,101.0,,,,,,
2023-03-01T03:00,85,Moderate,19.0,31.7,0.6,0.5,304.0,101.0,,,,,,
2023-03-01T04:00,84,Moderate,17.7,29.6,0.6,0.4,304.0,101.0,,,,,,
2023-03-01T05:00,83,Moderate,16.0,26.4,0.3,0.1,296.0,100.0,,,,,,
2023-03-01T06:00,82,Moderate,14.5,24.0,0.4,0.1,295.0,101.0,,,,,,
2023-03-01T07:00,82,Moderate,12.6,20.9,0.5,0.1,294.0,102.0,,,,,,
2023-03-01T08:00,80,Moderate,11.5,18.9,0.6,0.1,296.0,104.0,,,,,,
2023-03-01T09:00,79,Moderate,11.4,18.7,0.6,0.1,304.0,107.0,,,,,,
2023-03-01T10:00,78,Moderate,11.7,19.1,0.6,0.2,315.0,110.0,,,,,,
2023-03-01T11:00,77,Moderate,13.7,22.2,0.6,0.2,329.0,114.0,,,,,,
2023-03-01T12:00,75,Moderate,16.9,27.5,0.6,0.2,336.0,116.0,,,,,,
2023-03-01T13:00,74,Moderate,19.5,31.9,0.5,0.3,341.0,117.0,,,,,,
2023-03-01T14:00,74,Moderate,21.9,36.4,0.5,0.3,348.0,119.0,,,,,,
2023-03-01T15:00,74,Moderate,24.2,41.2,0.5,0.3,354.0,122.0,,,,,,
2023-03-01T16:00,73,Moderate,25.6,44.4,0.6,0.3,361.0,126.0,,,,,,
2023-03-01T17:00,73,Moderate,27.6,47.7,0.7,0.4,365.0,131.0,,,,,,
2023-03-01T18:00,74,Moderate,26.6,46.0,0.8,0.3,368.0,130.0,,,,,,
2023-03-01T19:00,74,Moderate,26.0,44.9,0.9,0.3,371.0,127.0,,,,,,
2023-03-01T20:00,77,Moderate,26.3,45.2,1.0,0.2,376.0,124.0,,,,,,
2023-03-01T21:00,78,Moderate,26.7,45.9,1.0,0.2,379.0,121.0,,,,,,
2023-03-01T22:00,79,Moderate,27.2,46.7,1.0,0.3,383.0,118.0,,,,,,
2023-03-01T23:00,79,Moderate,27.9,47.5,0.9,0.3,386.0,114.0,,,,,,
2023-03-02T00:00,77,Moderate,28.5,48.2,0.8,0.3,387.0,113.0,,,,,,
2023-03-02T01:00,75,Moderate,28.9,48.9,0.7,0.2,387.0,113.0,,,,,,
2023-03-02T02:00,73,Moderate,28.9,48.8,0.7,0.2,386.0,112.0,,,,,,
2023-03-02T03:00,73,Moderate,28.7,48.3,0.7,0.3,384.0,110.0,,,,,,
2023-03-02T04:00,74,Moderate,28.6,48.4,0.8,0.5,382.0,107.0,,,,,,
2023-03-02T05:00,75,Moderate,27.5,46.8,1.4,1.2,375.0,97.0,,,,,,
2023-03-02T06:00,76,Moderate,26.5,44.9,1.5,1.3,368.0,95.0,,,,,,
2023-03-02T07:00,77,Moderate,27.0,45.2,1.7,1.4,358.0,92.0,,,,,,
2023-03-02T08:00,78,Moderate,27.2,45.1,1.8,1.5,341.0,89.0,,,,,,
2023-03-02T09:00,79,Moderate,27.0,44.5,1.6,1.7,324.0,89.0,,,,,,
2023-03-02T10:00,80,Moderate,27.2,44.6,1.3,1.8,303.0,91.0,,,,,,
2023-03-02T11:00,81,Moderate,27.9,45.4,1.0,2.0,278.0,93.0,,,,,,
2023-03-02T12:00,83,Moderate,28.5,46.4,0.9,2.0,264.0,93.0,,,,,,
2023-03-02T13:00,83,Moderate,28.8,47.1,0.8,2.0,252.0,93.0,,,,,,
2023-03-02T14:00,84,Moderate,28.5,47.0,0.7,1.8,238.0,93.0,,,,,,
2023-03-02T15:00,85,Moderate,27.7,46.4,0.7,1.6,228.0,94.0,,,,,,
2023-03-02T16:00,85,Moderate,26.7,45.3,0.7,1.3,218.0,95.0,,,,,,
2023-03-02T17:00,85,Moderate,27.1,45.9,0.5,0.6,210.0,112.0,,,,,,
2023-03-02T18:00,85,Moderate,25.3,43.4,0.6,0.6,208.0,111.0,,,,,,
2023-03-02T19:00,85,Moderate,23.9,41.3,0.8,0.6,206.0,110.0,,,,,,
2023-03-02T20:00,85,Moderate,22.6,39.3,1.0,0.7,204.0,109.0,,,,,,
2023-03-02T21:00,84,Moderate,21.3,37.4,1.1,0.7,204.0,108.0,,,,,,
2023-03-02T22:00,84,Moderate,20.0,35.4,1.1,0.8,206.0,107.0,,,,,,
2023-03-02T23:00,84,Moderate,19.2,34.3,1.2,1.0,209.0,106.0,,,,,,
2023-03-03T00:00,83,Moderate,18.5,33.4,1.3,1.2,212.0,105.0,,,,,,
2023-03-03T01:00,82,Moderate,18.1,32.8,1.5,1.6,216.0,104.0,,,,,,
2023-03-03T02:00,81,Moderate,17.7,32.5,1.7,2.6,221.0,102.0,,,,,,
2023-03-03T03:00,80,Moderate,17.5,32.2,1.9,4.1,223.0,99.0,,,,,,
2023-03-03T04:00,79,Moderate,17.5,32.5,2.1,6.1,225.0,95.0,,,,,,
2023-03-03T05:00,79,Moderate,18.1,33.4,2.1,5.6,226.0,92.0,,,,,,
2023-03-03T06:00,78,Moderate,18.6,34.5,2.6,8.2,226.0,92.0,,,,,,
2023-03-03T07:00,77,Moderate,19.2,35.5,3.3,11.9,226.0,92.0,,,,,,
2023-03-03T08:00,77,Moderate,20.1,37.0,3.8,15.1,225.0,94.0,,,,,,
2023-03-03T09:00,76,Moderate,21.3,39.3,3.4,14.7,224.0,100.0,,,,,,
2023-03-03T10:00,76,Moderate,24.0,43.7,2.5,12.9,222.0,108.0,,,,,,
2023-03-03T11:00,75,Moderate,27.0,48.1,1.5,10.3,220.0,116.0,,,,,,
2023-03-03T12:00,75,Moderate,29.2,51.5,1.2,8.9,218.0,117.0,,,,,,
2023-03-03T13:00,75,Moderate,30.2,53.1,1.0,7.6,216.0,116.0,,,,,,
2023-03-03T14:00,75,Moderate,30.2,53.7,0.9,6.0,213.0,115.0,,,,,,
2023-03-03T15:00,76,Moderate,29.6,53.4,0.8,5.0,211.0,118.0,,,,,,
2023-03-03T16:00,76,Moderate,28.3,51.5,0.7,4.1,209.0,122.0,,,,,,
2023-03-03T17:00,76,Moderate,27.6,49.4,0.6,2.5,211.0,134.0,,,,,,
2023-03-03T18:00,76,Moderate,26.4,47.5,0.7,2.1,209.0,132.0,,,,,,
2023-03-03T19:00,76,Moderate,25.4,45.8,0.8,1.6,206.0,128.0,,,,,,
2023-03-03T20:00,76,Moderate,24.6,44.6,0.9,1.0,203.0,122.0,,,,,,
2023-03-03T21:00,76,Moderate,23.9,43.5,0.9,0.8,202.0,116.0,,,,,,
2023-03-03T22:00,76,Moderate,23.4,42.3,1.0,0.7,203.0,110.0,,,,,,
2023-03-03T23:00,77,Moderate,23.1,41.4,1.0,0.7,204.0,103.0,,,,,,
2023-03-04T00:00,77,Moderate,23.1,41.1,1.0,0.7,206.0,101.0,,,,,,
2023-03-04T01:00,77,Moderate,23.3,41.3,1.0,0.7,210.0,99.0,,,,,,
2023-03-04T02:00,78,Moderate,23.6,42.0,1.0,0.9,214.0,98.0,,,,,,
2023-03-04T03:00,78,Moderate,23.9,42.5,1.0,1.2,216.0,96.0,,,,,,
2023-03-04T04:00,79,Moderate,24.1,43.1,1.1,1.7,217.0,94.0,,,,,,
2023-03-04T05:00,79,Moderate,24.0,43.8,1.6,3.4,218.0,87.0,,,,,,
2023-03-04T06:00,80,Moderate,24.5,44.8,1.9,5.2,220.0,86.0,,,,,,
2023-03-04T07:00,80,Moderate,25.0,45.5,2.3,7.6,223.0,85.0,,,,,,
2023-03-04T08:00,81,Moderate,25.3,45.8,2.6,9.7,227.0,87.0,,,,,,
2023-03-04T09:00,81,Moderate,25.7,45.8,2.3,9.2,228.0,94.0,,,,,,
2023-03-04T10:00,81,Moderate,26.6,46.7,1.6,7.7,228.0,105.0,,,,,,
2023-03-04T11:00,82,Moderate,27.6,47.8,0.9,5.7,229.0,116.0,,,,,,
2023-03-04T12:00,82,Moderate,28.5,49.0,0.6,4.6,230.0,120.0,,,,,,
2023-03-04T13:00,82,Moderate,29.3,50.1,0.5,3.6,232.0,122.0,,,,,,
2023-03-04T14:00,82,Moderate,29.6,50.8,0.4,2.4,235.0,122.0,,,,,,
2023-03-04T15:00,81,Moderate,29.5,50.6,0.4,1.8,240.0,120.0,,,,,,
2023-03-04T16:00,81,Moderate,29.0,49.5,0.5,1.3,246.0,117.0,,,,,,
2023-03-04T17:00,82,Moderate,28.6,48.5,0.6,0.8,251.0,110.0,,,,,,
2023-03-04T18:00,82,Moderate,29.0,48.8,0.8,0.7,254.0,108.0,,,,,,
2023-03-04T19:00,82,Moderate,28.9,48.2,1.0,0.7,258.0,106.0,,,,,,
2023-03-04T20:00,82,Moderate,28.8,47.8,1.3,0.6,263.0,103.0,,,,,,
2023-03-04T21:00,82,Moderate,28.8,47.6,1.4,0.6,267.0,101.0,,,,,,
2023-03-04T22:00,83,Moderate,28.7,47.6,1.5,0.7,271.0,100.0,,,,,,
2023-03-04T23:00,83,Moderate,28.5,47.4,1.6,0.8,275.0,98.0,,,,,,
2023-03-05T00:00,84,Moderate,28.8,47.8,1.6,0.9,277.0,96.0,,,,,,
2023-03-05T01:00,84,Moderate,28.9,48.2,1.5,1.0,277.0,94.0,,,,,,
2023-03-05T02:00,85,Moderate,28.6,47.8,1.4,1.2,277.0,91.0,,,,,,
2023-03-05T03:00,85,Moderate,28.3,47.6,1.4,1.5,276.0,89.0,,,,,,
2023-03-05T04:00,85,Moderate,28.1,47.3,1.3,1.8,274.0,87.0,,,,,,
2023-03-05T05:00,86,Moderate,27.3,46.1,0.9,1.0,273.0,88.0,,,,,,
2023-03-05T06:00,86,Moderate,26.7,44.9,1.0,1.1,271.0,88.0,,,,,,
2023-03-05T07:00,86,Moderate,25.4,42.7,1.2,1.3,268.0,88.0,,,,,,
2023-03-05T08:00,86,Moderate,26.2,44.2,1.3,1.5,264.0,89.0,,,,,,
2023-03-05T09:00,86,Moderate,27.1,45.5,1.2,1.5,261.0,93.0,,,,,,
2023-03-05T10:00,86,Moderate,27.4,45.6,1.0,1.4,259.0,98.0,,,,,,
2023-03-05T11:00,86,Moderate,28.4,47.0,0.7,1.2,255.0,104.0,,,,,,
2023-03-05T12:00,86,Moderate,29.4,48.4,0.5,1.1,252.0,106.0,,,,,,
2023-03-05T13:00,86,Moderate,29.7,48.9,0.4,1.0,250.0,106.0,,,,,,
2023-03-05T14:00,86,Moderate,29.2,48.3,0.3,0.9,247.0,106.0,,,,,,
2023-03-05T15:00,86,Moderate,28.4,47.3,0.3,0.8,245.0,105.0,,,,,,
2023-03-05T16:00,86,Moderate,27.6,46.0,0.4,0.6,244.0,104.0,,,,,,
2023-03-05T17:00,86,Moderate,33.9,55.3,0.3,0.4,252.0,97.0,,,,,,
2023-03-05T18:00,87,Moderate,33.4,54.4,0.6,0.4,250.0,98.0,,,,,,
2023-03-05T19:00,87,Moderate,32.7,53.3,1.0,0.4,248.0,99.0,,,,,,
2023-03-05T20:00,87,Moderate,32.0,52.3,1.5,0.4,244.0,99.0,,,,,,
2023-03-05T21:00,88,Moderate,31.0,50.9,1.7,0.5,241.0,98.0,,,,,,
2023-03-05T22:00,88,Moderate,29.8,49.2,1.9,0.6,238.0,95.0,,,,,,
2023-03-05T23:00,88,Moderate,28.4,47.3,2.0,0.8,235.0,92.0,,,,,,
2023-03-06T00:00,88,Moderate,27.1,45.6,1.9,0.9,234.0,90.0,,,,,,
2023-03-06T01:00,88,Moderate,25.9,44.0,1.8,1.1,233.0,88.0,,,,,,
2023-03-06T02:00,87,Moderate,24.7,42.4,1.6,1.3,232.0,86.0,,,,,,
2023-03-06T03:00,87,Moderate,24.0,41.3,1.5,1.4,231.0,86.0,,,,,,
2023-03-06T04:00,87,Moderate,23.2,40.0,1.3,1.6,231.0,86.0,,,,,,
2023-03-06T05:00,86,Moderate,22.1,37.7,1.1,1.7,226.0,87.0,,,,,,
2023-03-06T06:00,86,Moderate,22.3,38.2,1.3,1.7,228.0,87.0,,,,,,
2023-03-06T07:00,86,Moderate,22.4,38.1,1.5,1.8,230.0,86.0,,,,,,
2023-03-06T08:00,85,Moderate,22.5,37.8,1.6,1.7,231.0,88.0,,,,,,
2023-03-06T09:00,85,Moderate,22.3,37.6,1.4,1.5,229.0,94.0,,,,,,
2023-03-06T10:00,85,Moderate,22.2,37.6,1.0,1.3,226.0,103.0,,,,,,
2023-03-06T11:00,84,Moderate,23.1,38.9,0.6,1.0,222.0,112.0,,,,,,
2023-03-06T12:00,84,Moderate,23.5,39.3,0.4,0.9,219.0,114.0,,,,,,
2023-03-06T13:00,83,Moderate,23.5,39.5,0.3,0.8,215.0,113.0,,,,,,
2023-03-06T14:00,83,Moderate,22.8,38.6,0.2,0.7,212.0,112.0,,,,,,
2023-03-06T15:00,82,Moderate,21.8,37.6,0.2,0.7,211.0,111.0,,,,,,
2023-03-06T16:00,82,Moderate,21.1,36.9,0.2,0.6,210.0,111.0,,,,,,
2023-03-06T17:00,81,Moderate,18.1,31.8,0.4,0.5,213.0,104.0,,,,,,
2023-03-06T18:00,80,Moderate,17.1,30.6,0.7,0.5,213.0,104.0,,,,,,
2023-03-06T19:00,79,Moderate,16.8,30.6,1.0,0.5,213.0,103.0,,,,,,
2023-03-06T20:00,78,Moderate,17.0,31.0,1.4,0.5,214.0,102.0,,,,,,
2023-03-06T21:00,76,Moderate,17.1,31.2,1.5,0.6,214.0,101.0,,,,,,
2023-03-06T22:00,75,Moderate,17.1,31.2,1.5,0.7,215.0,99.0,,,,,,
2023-03-06T23:00,74,Moderate,16.6,30.6,1.4,0.8,216.0,97.0,,,,,,
2023-03-07T00:00,73,Moderate,16.2,29.9,1.3,0.9,217.0,95.0,,,,,,
2023-03-07T01:00,73,Moderate,15.9,29.5,1.3,0.9,219.0,92.0,,,,,,
2023-03-07T02:00,72,Moderate,15.9,29.5,1.2,1.0,220.0,89.0,,,,,,
2023-03-07T03:00,71,Moderate,16.1,29.7,1.2,1.1,220.0,87.0,,,,,,
2023-03-07T04:00,70,Moderate,16.4,30.3,1.2,1.1,220.0,86.0,,,,,,
2023-03-07T05:00,70,Moderate,17.0,30.7,1.2,1.1,223.0,84.0,,,,,,
2023-03-07T06:00,70,Moderate,17.8,31.9,1.5,1.4,224.0,82.0,,,,,,
2023-03-07T07:00,69,Moderate,18.2,32.4,1.9,1.8,225.0,79.0,,,,,,
2023-03-07T08:00,69,Moderate,18.8,33.2,2.1,2.1,228.0,79.0,,,,,,
2023-03-07T09:00,69,Moderate,19.7,34.5,1.8,1.8,232.0,85.0,,,,,,
2023-03-07T10:00,68,Moderate,21.8,37.4,1.3,1.2,236.0,95.0,,,,,,
2023-03-07T11:00,68,Moderate,25.1,42.0,0.7,0.6,243.0,104.0,,,,,,
2023-03-07T12:00,69,Moderate,28.1,46.4,0.5,0.4,248.0,105.0,,,,,,
2023-03-07T13:00,69,Moderate,29.9,48.9,0.3,0.3,253.0,104.0,,,,,,
2023-03-07T14:00,69,Moderate,30.2,49.6,0.2,0.3,259.0,101.0,,,,,,
2023-03-07T15:00,70,Moderate,29.8,49.2,0.2,0.3,263.0,100.0,,,,,,
2023-03-07T16:00,71,Moderate,29.7,49.5,0.3,0.3,268.0,98.0,,,,,,
2023-03-07T17:00,71,Moderate,28.5,47.4,0.5,0.2,287.0,100.0,,,,,,
2023-03-07T18:00,72,Moderate,28.4,47.4,0.7,0.2,290.0,99.0,,,,,,
2023-03-07T19:00,73,Moderate,28.9,48.3,1.1,0.2,294.0,97.0,,,,,,
2023-03-07T20:00,74,Moderate,29.5,49.2,1.4,0.3,299.0,95.0,,,,,,
2023-03-07T21:00,75,Moderate,30.0,50.2,1.4,0.4,301.0,94.0,,,,,,
2023-03-07T22:00,76,Moderate,30.5,51.0,1.3,0.4,302.0,92.0,,,,,,
2023-03-07T23:00,77,Moderate,31.3,52.2,1.2,0.5,304.0,91.0,,,,,,
2023-03-08T00:00,78,Moderate,31.8,53.0,1.1,0.5,306.0,91.0,,,,,,
2023-03-08T01:00,79,Moderate,32.0,53.3,1.1,0.6,307.0,90.0,,,,,,
2023-03-08T02:00,81,Moderate,32.1,53.8,1.0,0.6,308.0,90.0,,,,,,
2023-03-08T03:00,82,Moderate,31.8,53.2,1.0,0.6,307.0,89.0,,,,,,
2023-03-08T04:00,83,Moderate,31.4,52.5,0.9,0.7,306.0,88.0,,,,,,
2023-03-08T05:00,84,Moderate,30.5,50.8,1.1,1.0,301.0,88.0,,,,,,
2023-03-08T06:00,85,Moderate,29.2,48.7,1.4,1.6,298.0,87.0,,,,,,
2023-03-08T07:00,86,Moderate,28.3,47.1,1.8,2.4,294.0,84.0,,,,,,
2023-03-08T08:00,87,Moderate,27.6,46.0,2.0,3.2,289.0,85.0,,,,,,
2023-03-08T09:00,88,Moderate,27.5,45.8,1.7,3.2,286.0,91.0,,,,,,
2023-03-08T10:00,88,Moderate,27.6,46.0,1.3,2.8,284.0,99.0,,,,,,
2023-03-08T11:00,89,Moderate,28.2,46.8,0.7,2.2,282.0,108.0,,,,,,
2023-03-08T12:00,89,Moderate,28.9,47.7,0.5,1.6,282.0,110.0,,,,,,
2023-03-08T13:00,89,Moderate,29.0,48.1,0.3,0.9,283.0,110.0,,,,,,
2023-03-08T14:00,89,Moderate,28.9,48.1,0.2,0.2,284.0,108.0,,,,,,
2023-03-08T15:00,89,Moderate,28.5,47.7,0.2,0.0,283.0,106.0,,,,,,
2023-03-08T16:00,89,Moderate,28.3,47.6,0.3,0.0,281.0,104.0,,,,,,
2023-03-08T17:00,89,Moderate,33.5,55.4,0.5,0.1,284.0,103.0,,,,,,
2023-03-08T18:00,89,Moderate,33.2,54.9,0.6,0.1,284.0,101.0,,,,,,
2023-03-08T19:00,90,Moderate,32.2,53.6,0.9,0.1,283.0,99.0,,,,,,
2023-03-08T20:00,90,Moderate,31.1,52.0,1.1,0.2,284.0,96.0,,,,,,
2023-03-08T21:00,90,Moderate,30.2,50.6,1.2,0.3,286.0,94.0,,,,,,
2023-03-08T22:00,90,Moderate,29.6,50.1,1.3,0.3,288.0,93.0,,,,,,
2023-03-08T23:00,90,Moderate,29.6,50.1,1.3,0.4,291.0,92.0,,,,,,
2023-03-09T00:00,90,Moderate,29.5,50.1,1.3,0.4,293.0,92.0,,,,,,
2023-03-09T01:00,90,Moderate,29.5,50.1,1.2,0.4,296.0,92.0,,,,,,
2023-03-09T02:00,89,Moderate,28.9,49.2,1.2,0.6,299.0,91.0,,,,,,
2023-03-09T03:00,89,Moderate,28.5,48.4,1.3,0.8,300.0,89.0,,,,,,
2023-03-09T04:00,89,Moderate,28.2,48.3,1.4,1.2,301.0,86.0,,,,,,
2023-03-09T05:00,89,Moderate,28.5,47.8,0.7,0.3,311.0,93.0,,,,,,
2023-03-09T06:00,88,Moderate,27.9,46.9,1.0,0.5,311.0,91.0,,,,,,
2023-03-09T07:00,88,Moderate,27.5,46.3,1.4,0.8,311.0,89.0,,,,,,
2023-03-09T08:00,88,Moderate,27.2,45.5,1.7,1.1,311.0,89.0,,,,,,
2023-03-09T09:00,88,Moderate,28.5,47.4,1.6,1.3,311.0,95.0,,,,,,
2023-03-09T10:00,88,Moderate,30.2,49.8,1.3,1.6,312.0,105.0,,,,,,
2023-03-09T11:00,88,Moderate,31.5,52.3,0.9,1.7,314.0,116.0,,,,,,
2023-03-09T12:00,89,Moderate,32.4,53.7,0.7,1.5,318.0,120.0,,,,,,
2023-03-09T13:00,89,Moderate,32.7,54.4,0.5,1.2,323.0,122.0,,,,,,
2023-03-09T14:00,89,Moderate,31.9,53.4,0.4,0.8,328.0,122.0,,,,,,
2023-03-09T15:00,90,Moderate,30.6,51.8,0.4,0.6,330.0,120.0,,,,,,
2023-03-09T16:00,90,Moderate,29.4,50.1,0.5,0.4,332.0,116.0,,,,,,
2023-03-09T17:00,90,Moderate,28.2,47.8,0.9,0.4,350.0,127.0,,,,,,
2023-03-09T18:00,89,Moderate,27.7,47.3,0.8,0.4,349.0,124.0,,,,,,
2023-03-09T19:00,89,Moderate,28.3,48.2,0.7,0.4,348.0,120.0,,,,,,
2023-03-09T20:00,89,Moderate,29.6,49.9,0.7,0.4,346.0,115.0,,,,,,
2023-03-09T21:00,89,Moderate,30.9,51.7,0.8,0.5,344.0,112.0,,,,,,
2023-03-09T22:00,89,Moderate,31.8,52.9,0.9,0.6,341.0,110.0,,,,,,
2023-03-09T23:00,89,Moderate,32.2,53.3,1.1,0.7,336.0,107.0,,,,,,
2023-03-10T00:00,89,Moderate,32.2,53.4,1.1,0.7,332.0,104.0,,,,,,
2023-03-10T01:00,89,Moderate,32.1,53.2,1.1,0.8,327.0,100.0,,,,,,
2023-03-10T02:00,89,Moderate,31.7,52.7,1.2,1.1,320.0,95.0,,,,,,
2023-03-10T03:00,90,Moderate,31.2,52.3,1.4,1.7,316.0,91.0,,,,,,
2023-03-10T04:00,90,Moderate,30.2,50.5,1.6,2.5,312.0,88.0,,,,,,
2023-03-10T05:00,90,Moderate,29.1,48.7,2.3,4.2,316.0,81.0,,,,,,
2023-03-10T06:00,90,Moderate,28.7,48.2,2.5,5.2,310.0,80.0,,,,,,
2023-03-10T07:00,90,Moderate,28.4,47.8,2.7,6.7,301.0,78.0,,,,,,
2023-03-10T08:00,90,Moderate,29.1,48.7,2.7,7.6,288.0,80.0,,,,,,
2023-03-10T09:00,90,Moderate,30.6,50.6,2.2,6.5,279.0,88.0,,,,,,
2023-03-10T10:00,90,Moderate,32.5,53.3,1.6,4.5,269.0,99.0,,,,,,
2023-03-10T11:00,91,Moderate,34.2,56.1,0.8,2.3,260.0,111.0,,,,,,
2023-03-10T12:00,91,Moderate,35.3,57.9,0.6,1.7,257.0,116.0,,,,,,
2023-03-10T13:00,91,Moderate,35.7,58.8,0.5,1.5,257.0,119.0,,,,,,
2023-03-10T14:00,91,Moderate,35.7,59.1,0.5,1.3,258.0,120.0,,,,,,
2023-03-10T15:00,92,Moderate,35.5,58.9,0.5,1.1,259.0,119.0,,,,,,
2023-03-10T16:00,92,Moderate,34.8,58.0,0.5,0.8,260.0,117.0,,,,,,
2023-03-10T17:00,92,Moderate,35.2,58.2,0.7,0.6,264.0,118.0,,,,,,
2023-03-10T18:00,93,Moderate,34.7,57.4,0.7,0.5,262.0,117.0,,,,,,
2023-03-10T19:00,94,Moderate,35.0,58.0,0.7,0.4,258.0,114.0,,,,,,
2023-03-10T20:00,94,Moderate,35.3,58.4,0.7,0.3,254.0,111.0,,,,,,
2023-03-10T21:00,95,Moderate,34.9,58.0,0.7,0.3,252.0,108.0,,,,,,
2023-03-10T22:00,95,Moderate,34.0,56.6,0.8,0.4,251.0,105.0,,,,,,
2023-03-10T23:00,95,Moderate,32.7,54.7,0.8,0.5,250.0,101.0,,,,,,
2023-03-11T00:00,95,Moderate,31.3,53.0,0.8,0.5,249.0,99.0,,,,,,
2023-03-11T01:00,95,Moderate,30.3,51.3,0.7,0.5,249.0,97.0,,,,,,
2023-03-11T02:00,95,Moderate,29.7,50.5,0.7,0.5,248.0,95.0,,,,,,
2023-03-11T03:00,95,Moderate,29.1,49.6,0.7,0.6,247.0,93.0,,,,,,
2023-03-11T04:00,94,Moderate,29.7,50.6,0.8,0.6,246.0,92.0,,,,,,
2023-03-11T05:00,94,Moderate,28.2,48.1,1.1,1.1,242.0,89.0,,,,,,
2023-03-11T06:00,94,Moderate,28.3,48.3,1.2,1.6,241.0,88.0,,,,,,
2023-03-11T07:00,94,Moderate,28.4,48.5,1.4,2.2,240.0,87.0,,,,,,
2023-03-11T08:00,94,Moderate,28.3,48.2,1.4,2.8,238.0,87.0,,,,,,
2023-03-11T09:00,94,Moderate,28.4,48.1,1.2,2.7,236.0,91.0,,,,,,
2023-03-11T10:00,94,Moderate,28.5,47.7,0.9,2.4,234.0,97.0,,,,,,
2023-03-11T11:00,94,Moderate,29.0,48.1,0.5,1.9,232.0,102.0,,,,,,
2023-03-11T12:00,93,Moderate,29.3,48.5,0.4,1.6,232.0,102.0,,,,,,
2023-03-11T13:00,93,Moderate,29.0,48.3,0.3,1.2,232.0,100.0,,,,,,
2023-03-11T14:00,92,Moderate,28.2,47.5,0.3,0.8,233.0,98.0,,,,,,
2023-03-11T15:00,92,Moderate,26.6,45.5,0.3,0.7,233.0,99.0,,,,,,
2023-03-11T16:00,91,Moderate,25.6,44.2,0.4,0.6,233.0,102.0,,,,,,
2023-03-11T17:00,90,Moderate,27.6,46.9,0.6,0.5,246.0,102.0,,,,,,
2023-03-11T18:00,90,Moderate,27.9,47.5,0.6,0.4,244.0,99.0,,,,,,
2023-03-11T19:00,89,Moderate,27.9,47.5,0.6,0.3,242.0,96.0,,,,,,
2023-03-11T20:00,89,Moderate,27.4,46.4,0.6,0.2,239.0,91.0,,,,,,
2023-03-11T21:00,88,Moderate,27.0,45.6,0.6,0.2,238.0,88.0,,,,,,
2023-03-11T22:00,87,Moderate,26.6,44.9,0.7,0.2,238.0,86.0,,,,,,
2023-03-11T23:00,87,Moderate,26.3,44.4,0.8,0.3,237.0,83.0,,,,,,
2023-03-12T00:00,86,Moderate,26.0,44.0,0.8,0.3,236.0,82.0,,,,,,
2023-03-12T01:00,86,Moderate,25.9,44.0,0.9,0.4,235.0,81.0,,,,,,
2023-03-12T02:00,86,Moderate,25.5,43.2,0.9,0.5,234.0,80.0,,,,,,
2023-03-12T03:00,85,Moderate,25.6,43.5,1.0,0.6,232.0,79.0,,,,,,
2023-03-12T04:00,85,Moderate,25.3,43.0,1.1,0.6,231.0,78.0,,,,,,
2023-03-12T05:00,85,Moderate,23.7,39.9,1.3,0.9,230.0,74.0,,,,,,
2023-03-12T06:00,84,Moderate,24.0,40.7,1.5,1.5,232.0,73.0,,,,,,
2023-03-12T07:00,84,Moderate,24.3,41.0,1.8,2.4,234.0,71.0,,,,,,
2023-03-12T08:00,84,Moderate,24.7,41.7,1.9,3.2,235.0,71.0,,,,,,
2023-03-12T09:00,83,Moderate,25.1,41.8,1.6,3.2,232.0,76.0,,,,,,
2023-03-12T10:00,83,Moderate,25.4,42.0,1.1,2.8,226.0,83.0,,,,,,
2023-03-12T11:00,83,Moderate,25.7,42.5,0.6,2.3,221.0,92.0,,,,,,
2023-03-12T12:00,83,Moderate,26.4,43.5,0.4,1.9,221.0,96.0,,,,,,
2023-03-12T13:00,82,Moderate,26.8,44.5,0.4,1.4,222.0,99.0,,,,,,
2023-03-12T14:00,82,Moderate,27.2,45.5,0.4,0.9,228.0,102.0,,,,,,
2023-03-12T15:00,82,Moderate,27.3,46.0,0.4,0.6,237.0,103.0,,,,,,
2023-03-12T16:00,82,Moderate,27.2,46.0,0.5,0.4,248.0,103.0,,,,,,
2023-03-12T17:00,82,Moderate,34.1,56.3,0.5,0.2,268.0,98.0,,,,,,
2023-03-12T18:00,83,Moderate,34.8,57.3,0.6,0.2,272.0,96.0,,,,,,
2023-03-12T19:00,83,Moderate,34.8,57.2,0.7,0.2,277.0,94.0,,,,,,
2023-03-12T20:00,84,Moderate,33.8,55.9,0.9,0.2,282.0,90.0,,,,,,
2023-03-12T21:00,84,Moderate,32.1,53.3,1.0,0.2,283.0,88.0,,,,,,
2023-03-12T22:00,85,Moderate,30.9,51.3,1.0,0.2,282.0,85.0,,,,,,
2023-03-12T23:00,85,Moderate,30.0,50.4,1.0,0.2,281.0,83.0,,,,,,
2023-03-13T00:00,85,Moderate,29.7,49.7,1.0,0.2,282.0,82.0,,,,,,
2023-03-13T01:00,86,Moderate,29.6,49.5,1.0,0.2,283.0,81.0,,,,,,
2023-03-13T02:00,86,Moderate,29.6,49.7,1.1,0.3,285.0,80.0,,,,,,
2023-03-13T03:00,86,Moderate,28.8,48.4,1.2,0.4,286.0,79.0,,,,,,
2023-03-13T04:00,87,Moderate,28.5,48.1,1.2,0.6,287.0,78.0,,,,,,
2023-03-13T05:00,87,Moderate,28.0,47.5,1.6,1.1,282.0,75.0,,,,,,
2023-03-13T06:00,87,Moderate,27.4,46.4,2.0,2.1,284.0,74.0,,,,,,
2023-03-13T07:00,87,Moderate,27.1,45.6,2.5,3.4,288.0,73.0,,,,,,
2023-03-13T08:00,88,Moderate,27.4,45.8,2.8,4.5,293.0,74.0,,,,,,
2023-03-13T09:00,88,Moderate,28.8,47.7,2.5,4.1,296.0,79.0,,,,,,
2023-03-13T10:00,88,Moderate,30.6,50.4,1.9,3.0,299.0,86.0,,,,,,
2023-03-13T11:00,89,Moderate,32.2,52.7,1.1,1.7,304.0,94.0,,,,,,
2023-03-13T12:00,89,Moderate,33.5,54.7,0.8,1.2,309.0,98.0,,,,,,
2023-03-13T13:00,90,Moderate,34.0,55.5,0.5,0.8,316.0,102.0,,,,,,
2023-03-13T14:00,90,Moderate,33.8,55.5,0.3,0.4,324.0,106.0,,,,,,
2023-03-13T15:00,91,Moderate,33.5,55.4,0.3,0.3,330.0,109.0,,,,,,
2023-03-13T16:00,91,Moderate,33.3,55.5,0.3,0.3,336.0,112.0,,,,,,
2023-03-13T17:00,92,Moderate,41.6,67.8,0.7,0.3,357.0,113.0,,,,,,
2023-03-13T18:00,92,Moderate,41.7,68.0,0.9,0.3,360.0,112.0,,,,,,
2023-03-13T19:00,93,Moderate,41.4,67.5,1.1,0.3,363.0,111.0,,,,,,
2023-03-13T20:00,93,Moderate,41.0,66.8,1.4,0.4,369.0,110.0,,,,,,
2023-03-13T21:00,94,Moderate,40.3,65.7,1.5,0.5,373.0,109.0,,,,,,
2023-03-13T22:00,95,Moderate,39.5,64.0,1.6,0.6,378.0,107.0,,,,,,
2023-03-13T23:00,95,Moderate,38.8,62.9,1.6,0.7,383.0,105.0,,,,,,
2023-03-14T00:00,96,Moderate,37.8,61.5,1.5,0.7,385.0,103.0,,,,,,
2023-03-14T01:00,97,Moderate,36.9,59.8,1.4,0.7,385.0,102.0,,,,,,
2023-03-14T02:00,97,Moderate,35.6,58.2,1.3,0.8,383.0,99.0,,,,,,
2023-03-14T03:00,98,Moderate,34.7,56.7,1.2,0.9,380.0,96.0,,,,,,
2023-03-14T04:00,98,Moderate,33.8,55.3,1.2,1.0,375.0,94.0,,,,,,
2023-03-14T05:00,98,Moderate,31.8,51.7,1.0,0.8,371.0,91.0,,,,,,
2023-03-14T06:00,99,Moderate,31.8,51.8,1.0,0.8,368.0,91.0,,,,,,
2023-03-14T07:00,99,Moderate,31.7,51.7,1.0,0.7,365.0,91.0,,,,,,
2023-03-14T08:00,99,Moderate,31.5,51.5,1.0,0.6,359.0,93.0,,,,,,
2023-03-14T09:00,100,Moderate,31.9,51.8,0.9,0.5,355.0,97.0,,,,,,
2023-03-14T10:00,100,Moderate,32.6,52.7,0.7,0.3,350.0,103.0,,,,,,
2023-03-14T11:00,100,Moderate,33.2,53.7,0.5,0.2,344.0,108.0,,,,,,
2023-03-14T12:00,100,Moderate,33.5,54.5,0.4,0.2,338.0,109.0,,,,,,
2023-03-14T13:00,100,Moderate,33.2,54.5,0.2,0.2,333.0,108.0,,,,,,
2023-03-14T14:00,100,Moderate,32.0,53.4,0.1,0.2,326.0,106.0,,,,,,
2023-03-14T15:00,100,Moderate,30.5,51.6,0.1,0.2,324.0,105.0,,,,,,
2023-03-14T16:00,100,Moderate,28.9,49.4,0.1,0.2,322.0,104.0,,,,,,
2023-03-14T17:00,100,Moderate,27.6,47.7,0.3,0.2,321.0,99.0,,,,,,
2023-03-14T18:00,98,Moderate,27.5,47.4,0.5,0.2,314.0,102.0,,,,,,
2023-03-14T19:00,97,Moderate,27.0,46.6,0.8,0.3,304.0,106.0,,,,,,
2023-03-14T20:00,96,Moderate,26.5,45.9,1.1,0.3,293.0,109.0,,,,,,
2023-03-14T21:00,95,Moderate,26.4,46.0,1.3,0.3,290.0,108.0,,,,,,
2023-03-14T22:00,94,Moderate,26.3,45.9,1.4,0.4,289.0,106.0,,,,,,
2023-03-14T23:00,93,Moderate,26.1,45.5,1.4,0.4,290.0,103.0,,,,,,
2023-03-15T00:00,92,Moderate,25.8,44.9,1.3,0.4,293.0,100.0,,,,,,
2023-03-15T01:00,91,Moderate,25.7,44.6,1.1,0.4,297.0,97.0,,,,,,
2023-03-15T02:00,90,Moderate,25.7,44.2,0.9,0.4,306.0,94.0,,,,,,
2023-03-15T03:00,89,Moderate,26.1,44.7,0.8,0.3,316.0,92.0,,,,,,
2023-03-15T04:00,89,Moderate,26.5,45.1,0.7,0.3,328.0,91.0,,,,,,
2023-03-15T05:00,88,Moderate,26.8,45.2,0.8,0.3,322.0,88.0,,,,,,
2023-03-15T06:00,88,Moderate,27.5,45.6,0.8,0.3,327.0,88.0,,,,,,
2023-03-15T07:00,87,Moderate,28.5,47.0,0.9,0.3,335.0,87.0,,,,,,
2023-03-15T08:00,87,Moderate,29.6,48.3,0.9,0.3,349.0,88.0,,,,,,
2023-03-15T09:00,87,Moderate,32.5,52.7,0.8,0.3,364.0,91.0,,,,,,
2023-03-15T10:00,87,Moderate,36.9,59.1,0.6,0.3,382.0,96.0,,,,,,
2023-03-15T11:00,87,Moderate,42.4,67.3,0.4,0.3,405.0,101.0,,,,,,
2023-03-15T12:00,88,Moderate,47.1,74.5,0.3,0.3,422.0,104.0,,,,,,
2023-03-15T13:00,89,Moderate,49.1,77.5,0.3,0.2,438.0,106.0,,,,,,
2023-03-15T14:00,90,Moderate,48.5,76.6,0.3,0.2,453.0,109.0,,,,,,
2023-03-15T15:00,92,Moderate,46.8,74.0,0.3,0.2,455.0,110.0,,,,,,
2023-03-15T16:00,93,Moderate,45.1,71.2,0.4,0.3,452.0,110.0,,,,,,
2023-03-15T17:00,94,Moderate,51.6,81.3,0.4,0.3,439.0,107.0,,,,,,
2023-03-15T18:00,96,Moderate,49.9,78.7,0.4,0.3,431.0,108.0,,,,,,
2023-03-15T19:00,98,Moderate,47.3,75.0,0.3,0.4,419.0,110.0,,,,,,
2023-03-15T20:00,99,Moderate,44.9,71.7,0.3,0.5,404.0,112.0,,,,,,
2023-03-15T21:00,101,Unhealthy for Sensitive Groups,42.8,68.5,0.2,0.5,394.0,113.0,,,,,,
2023-03-15T22:00,103,Unhealthy for Sensitive Groups,41.2,66.1,0.2,0.4,384.0,114.0,,,,,,
2023-03-15T23:00,104,Unhealthy for Sensitive Groups,39.7,63.8,0.3,0.6,373.0,115.0,,,,,,
2023-03-16T00:00,106,Unhealthy for Sensitive Groups,38.3,61.7,0.7,1.2,366.0,115.0,,,,,,
2023-03-16T01:00,107,Unhealthy for Sensitive Groups,37.3,60.1,1.3,2.1,361.0,114.0,,,,,,
2023-03-16T02:00,108,Unhealthy for Sensitive Groups,36.3,58.8,1.8,3.3,353.0,112.0,,,,,,
2023-03-16T03:00,109,Unhealthy for Sensitive Groups,35.2,57.4,1.9,4.1,344.0,111.0,,,,,,
2023-03-16T04:00,110,Unhealthy for Sensitive Groups,32.5,53.0,1.7,5.0,335.0,109.0,,,,,,
2023-03-16T05:00,111,Unhealthy for Sensitive Groups,35.2,55.9,1.4,3.0,350.0,108.0,,,,,,
2023-03-16T06:00,112,Unhealthy for Sensitive Groups,34.7,55.1,1.4,3.3,352.0,107.0,,,,,,
2023-03-16T07:00,113,Unhealthy for Sensitive Groups,34.0,53.8,1.4,3.7,355.0,106.0,,,,,,
2023-03-16T08:00,113,Unhealthy for Sensitive Groups,34.0,53.4,1.3,3.7,358.0,106.0,,,,,,
2023-03-16T09:00,114,Unhealthy for Sensitive Groups,34.6,54.1,1.0,2.9,359.0,108.0,,,,,,
2023-03-16T10:00,114,Unhealthy for Sensitive Groups,35.6,55.6,0.7,1.7,359.0,111.0,,,,,,
2023-03-16T11:00,114,Unhealthy for Sensitive Groups,36.7,57.4,0.3,0.5,360.0,112.0,,,,,,
2023-03-16T12:00,113,Unhealthy for Sensitive Groups,37.8,59.0,0.2,0.2,362.0,108.0,,,,,,
2023-03-16T13:00,112,Unhealthy for Sensitive Groups,38.8,60.5,0.1,0.3,365.0,102.0,,,,,,
2023-03-16T14:00,111,Unhealthy for Sensitive Groups,38.9,60.5,0.1,0.4,366.0,95.0,,,,,,
2023-03-16T15:00,110,Unhealthy for Sensitive Groups,38.1,59.0,0.1,0.4,365.0,93.0,,,,,,
2023-03-16T16:00,109,Unhealthy for Sensitive Groups,36.1,56.0,0.2,0.3,362.0,92.0,,,,,,
2023-03-16T17:00,108,Unhealthy for Sensitive Groups,31.5,49.5,0.2,0.3,366.0,84.0,,,,,,
2023-03-16T18:00,106,Unhealthy for Sensitive Groups,29.6,46.4,0.2,0.3,357.0,83.0,,,,,,
2023-03-16T19:00,104,Unhealthy for Sensitive Groups,27.4,43.1,0.3,0.2,344.0,81.0,,,,,,
2023-03-16T20:00,102,Unhealthy for Sensitive Groups,26.0,41.0,0.3,0.2,328.0,79.0,,,,,,
2023-03-16T21:00,100,Moderate,25.0,39.6,0.3,0.2,321.0,79.0,,,,,,
2023-03-16T22:00,99,Moderate,23.7,37.6,0.2,0.2,316.0,80.0,,,,,,
2023-03-16T23:00,97,Moderate,23.5,37.3,0.2,0.2,307.0,81.0,,,,,,
2023-03-17T00:00,96,Moderate,21.9,34.8,0.1,0.1,296.0,81.0,,,,,,
2023-03-17T01:00,95,Moderate,21.7,34.3,0.1,0.1,283.0,80.0,,,,,,
2023-03-17T02:00,93,Moderate,21.1,33.3,0.1,0.2,270.0,79.0,,,,,,
2023-03-17T03:00,92,Moderate,20.2,31.7,0.3,0.6,265.0,77.0,,,,,,
2023-03-17T04:00,91,Moderate,19.0,29.6,0.7,1.2,264.0,75.0,,,,,,
2023-03-17T05:00,90,Moderate,24.0,37.4,2.5,3.2,287.0,70.0,,,,,,
2023-03-17T06:00,89,Moderate,23.4,36.6,2.1,2.5,286.0,69.0,,,,,,
2023-03-17T07:00,88,Moderate,23.8,36.9,1.6,1.4,286.0,68.0,,,,,,
2023-03-17T08:00,87,Moderate,25.7,39.7,1.0,0.3,282.0,68.0,,,,,,
2023-03-17T09:00,87,Moderate,26.5,41.0,0.7,0.1,277.0,70.0,,,,,,
2023-03-17T10:00,86,Moderate,27.0,42.0,0.4,0.1,270.0,73.0,,,,,,
2023-03-17T11:00,85,Moderate,26.5,41.8,0.2,0.2,257.0,76.0,,,,,,
2023-03-17T12:00,85,Moderate,24.6,39.5,0.1,0.2,242.0,75.0,,,,,,
2023-03-17T13:00,84,Moderate,21.8,35.6,0.0,0.1,224.0,72.0,,,,,,
2023-03-17T14:00,82,Moderate,19.3,32.0,0.0,0.1,204.0,69.0,,,,,,
2023-03-17T15:00,81,Moderate,16.9,28.3,0.0,0.1,197.0,68.0,,,,,,
2023-03-17T16:00,79,Moderate,15.1,25.4,0.0,0.1,194.0,67.0,,,,,,
2023-03-17T17:00,77,Moderate,14.2,24.0,0.1,0.1,194.0,65.0,,,,,,
2023-03-17T18:00,76,Moderate,13.8,23.1,0.3,0.1,198.0,68.0,,,,,,
2023-03-17T19:00,75,Moderate,14.4,23.9,0.5,0.1,204.0,73.0,,,,,,
2023-03-17T20:00,74,Moderate,15.9,26.3,0.7,0.1,209.0,78.0,,,,,,
2023-03-17T21:00,73,Moderate,17.6,29.5,0.8,0.1,207.0,79.0,,,,,,
2023-03-17T22:00,72,Moderate,18.9,32.1,0.8,0.1,202.0,80.0,,,,,,
2023-03-17T23:00,72,Moderate,18.1,31.3,0.7,0.1,194.0,79.0,,,,,,
2023-03-18T00:00,72,Moderate,15.9,27.8,0.6,0.1,189.0,78.0,,,,,,
2023-03-18T01:00,71,Moderate,13.8,24.2,0.4,0.1,183.0,77.0,,,,,,
2023-03-18T02:00,71,Moderate,13.6,23.7,0.2,0.1,177.0,75.0,,,,,,
2023-03-18T03:00,70,Moderate,13.1,22.9,0.1,0.1,175.0,74.0,,,,,,
2023-03-18T04:00,69,Moderate,12.6,21.8,0.1,0.1,175.0,74.0,,,,,,
2023-03-18T05:00,69,Moderate,20.4,33.4,0.4,0.2,203.0,77.0,,,,,,
2023-03-18T06:00,69,Moderate,20.8,34.1,1.0,0.6,207.0,76.0,,,,,,
2023-03-18T07:00,68,Moderate,20.0,32.5,1.8,1.2,212.0,75.0,,,,,,
2023-03-18T08:00,68,Moderate,18.9,30.6,2.4,1.7,220.0,76.0,,,,,,
2023-03-18T09:00,68,Moderate,18.2,29.3,2.1,1.6,224.0,81.0,,,,,,
2023-03-18T10:00,67,Moderate,19.4,31.0,1.5,1.3,228.0,88.0,,,,,,
2023-03-18T11:00,66,Moderate,22.0,34.8,0.8,0.9,238.0,96.0,,,,,,
2023-03-18T12:00,66,Moderate,25.4,39.8,0.6,0.7,253.0,99.0,,,,,,
2023-03-18T13:00,66,Moderate,28.5,44.4,0.5,0.5,273.0,100.0,,,,,,
2023-03-18T14:00,67,Moderate,30.3,46.9,0.4,0.4,293.0,102.0,,,,,,
2023-03-18T15:00,67,Moderate,30.3,46.9,0.3,0.2,300.0,105.0,,,,,,
2023-03-18T16:00,68,Moderate,28.8,44.9,0.1,0.1,304.0,109.0,,,,,,
2023-03-18T17:00,70,Moderate,25.8,40.5,0.4,0.4,318.0,97.0,,,,,,
2023-03-18T18:00,70,Moderate,23.9,38.1,0.5,0.5,309.0,101.0,,,,,,
2023-03-18T19:00,71,Moderate,22.1,36.1,0.6,0.7,296.0,107.0,,,,,,
2023-03-18T20:00,72,Moderate,20.7,35.2,1.0,1.3,278.0,112.0,,,,,,
2023-03-18T21:00,72,Moderate,19.7,34.6,1.7,2.0,263.0,112.0,,,,,,
2023-03-18T22:00,72,Moderate,18.4,33.1,2.6,3.0,248.0,109.0,,,,,,
2023-03-18T23:00,72,Moderate,17.1,31.0,3.7,4.7,232.0,105.0,,,,,,
2023-03-19T00:00,72,Moderate,15.9,29.0,4.3,6.6,227.0,101.0,,,,,,
2023-03-19T01:00,72,Moderate,14.9,27.1,4.9,8.9,226.0,97.0,,,,,,
2023-03-19T02:00,72,Moderate,14.8,26.5,5.3,11.3,229.0,92.0,,,,,,
2023-03-19T03:00,72,Moderate,15.5,27.4,5.2,12.0,235.0,90.0,,,,,,
2023-03-19T04:00,73,Moderate,16.8,29.2,4.9,12.2,244.0,88.0,,,,,,
2023-03-19T05:00,73,Moderate,19.0,32.7,6.8,11.2,259.0,75.0,,,,,,
2023-03-19T06:00,73,Moderate,19.2,32.9,6.6,11.7,257.0,76.0,,,,,,
2023-03-19T07:00,73,Moderate,18.9,32.4,6.3,12.3,253.0,77.0,,,,,,
2023-03-19T08:00,73,Moderate,18.5,31.9,5.6,12.5,243.0,81.0,,,,,,
2023-03-19T09:00,73,Moderate,17.5,30.5,4.5,11.6,228.0,87.0,,,,,,
2023-03-19T10:00,73,Moderate,16.4,29.1,3.2,10.1,208.0,95.0,,,,,,
2023-03-19T11:00,72,Moderate,16.8,30.0,1.7,8.0,184.0,100.0,,,,,,
2023-03-19T12:00,72,Moderate,16.9,30.4,1.0,6.3,172.0,97.0,,,,,,
2023-03-19T13:00,71,Moderate,16.3,29.7,0.6,4.5,162.0,89.0,,,,,,
2023-03-19T14:00,70,Moderate,14.8,27.3,0.6,3.0,153.0,80.0,,,,,,
2023-03-19T15:00,69,Moderate,13.4,25.0,1.1,3.1,150.0,76.0,,,,,,
2023-03-19T16:00,68,Moderate,12.1,22.8,2.0,3.9,150.0,72.0,,,,,,
2023-03-19T17:00,66,Moderate,13.9,26.1,1.2,2.1,154.0,65.0,,,,,,
2023-03-19T18:00,66,Moderate,13.7,25.4,2.4,2.6,158.0,64.0,,,,,,
2023-03-19T19:00,65,Moderate,14.0,25.7,4.0,3.4,163.0,63.0,,,,,,
2023-03-19T20:00,64,Moderate,14.8,26.8,6.0,4.6,175.0,62.0,,,,,,
2023-03-19T21:00,64,Moderate,15.2,27.2,6.9,5.6,188.0,62.0,,,,,,
2023-03-19T22:00,63,Moderate,15.4,27.2,7.5,6.6,204.0,63.0,,,,,,
2023-03-19T23:00,63,Moderate,15.4,27.1,8.1,8.0,227.0,64.0,,,,,,
2023-03-20T00:00,63,Moderate,15.2,26.1,8.4,9.2,248.0,66.0,,,,,,
2023-03-20T01:00,63,Moderate,15.7,26.1,8.6,10.3,271.0,68.0,,,,,,
2023-03-20T02:00,63,Moderate,16.5,27.0,8.2,11.3,292.0,71.0,,,,,,
2023-03-20T03:00,63,Moderate,16.7,27.3,7.2,11.1,295.0,73.0,,,,,,
2023-03-20T04:00,63,Moderate,16.5,27.1,5.8,10.4,290.0,74.0,,,,,,
2023-03-20T05:00,63,Moderate,15.4,26.9,1.8,4.0,226.0,74.0,,,,,,
2023-03-20T06:00,63,Moderate,15.8,27.9,1.7,3.8,221.0,74.0,,,,,,
2023-03-20T07:00,63,Moderate,15.8,27.9,1.5,3.5,214.0,73.0,,,,,,
2023-03-20T08:00,62,Moderate,15.7,27.6,1.3,3.7,210.0,77.0,,,,,,
2023-03-20T09:00,62,Moderate,16.5,28.7,1.4,5.0,217.0,88.0,,,,,,
2023-03-20T10:00,62,Moderate,18.3,31.0,1.7,6.9,230.0,103.0,,,,,,
2023-03-20T11:00,62,Moderate,21.0,35.3,1.8,8.4,241.0,117.0,,,,,,
2023-03-20T12:00,62,Moderate,22.4,37.8,1.4,7.4,239.0,118.0,,,,,,
2023-03-20T13:00,63,Moderate,22.6,38.6,0.9,5.5,233.0,113.0,,,,,,
2023-03-20T14:00,63,Moderate,21.6,37.3,0.7,3.8,226.0,107.0,,,,,,
2023-03-20T15:00,64,Moderate,20.3,35.2,1.3,4.3,226.0,105.0,,,,,,
2023-03-20T16:00,65,Moderate,20.0,34.8,2.4,5.7,229.0,103.0,,,,,,
2023-03-20T17:00,65,Moderate,16.6,28.3,6.0,8.4,232.0,92.0,,,,,,
2023-03-20T18:00,65,Moderate,16.6,28.3,7.8,9.4,239.0,90.0,,,,,,
2023-03-20T19:00,66,Moderate,17.5,29.6,10.4,10.8,250.0,86.0,,,,,,
2023-03-20T20:00,66,Moderate,17.9,30.0,13.5,13.2,264.0,82.0,,,,,,
2023-03-20T21:00,66,Moderate,18.5,30.7,15.2,15.6,274.0,79.0,,,,,,
2023-03-20T22:00,66,Moderate,19.0,31.1,16.6,18.4,284.0,75.0,,,,,,
2023-03-20T23:00,67,Moderate,19.6,31.7,17.4,21.6,297.0,72.0,,,,,,
2023-03-21T00:00,67,Moderate,19.9,31.9,16.8,23.2,305.0,71.0,,,,,,
2023-03-21T01:00,67,Moderate,20.3,32.2,15.5,24.5,312.0,72.0,,,,,,
2023-03-21T02:00,68,Moderate,21.1,33.4,13.6,25.6,321.0,73.0,,,,,,
2023-03-21T03:00,68,Moderate,22.4,35.2,12.3,26.0,327.0,73.0,,,,,,
2023-03-21T04:00,68,Moderate,22.9,35.9,10.9,26.0,333.0,73.0,,,,,,
2023-03-21T05:00,69,Moderate,25.3,39.7,13.8,23.2,342.0,66.0,,,,,,
2023-03-21T06:00,70,Moderate,26.3,41.0,12.8,23.1,347.0,72.0,,,,,,
2023-03-21T07:00,71,Moderate,26.6,41.3,11.3,22.9,355.0,81.0,,,,,,
2023-03-21T08:00,71,Moderate,29.0,44.7,9.0,21.9,361.0,98.0,,,,,,
2023-03-21T09:00,73,Moderate,29.8,45.9,6.9,20.1,361.0,120.0,,,,,,
2023-03-21T10:00,74,Moderate,30.5,46.8,4.4,17.7,359.0,147.0,,,,,,
2023-03-21T11:00,75,Moderate,31.2,48.0,1.9,14.7,351.0,173.0,,,,,,
2023-03-21T12:00,75,Moderate,29.9,46.9,1.1,12.9,340.0,178.0,,,,,,
2023-03-21T13:00,76,Moderate,28.1,45.2,0.9,11.3,325.0,175.0,,,,,,
2023-03-21T14:00,89,Moderate,26.7,43.8,0.8,9.2,304.0,166.0,,,,,,
2023-03-21T15:00,109,Unhealthy for Sensitive Groups,24.2,40.3,0.5,7.2,287.0,156.0,,,,,,
2023-03-21T16:00,125,Unhealthy for Sensitive Groups,22.2,37.6,0.2,5.0,270.0,142.0,,,,,,
2023-03-21T17:00,134,Unhealthy for Sensitive Groups,20.3,35.4,0.5,4.1,263.0,126.0,,,,,,
2023-03-21T18:00,135,Unhealthy for Sensitive Groups,19.6,34.5,1.2,4.7,258.0,124.0,,,,,,
2023-03-21T19:00,130,Unhealthy for Sensitive Groups,19.2,34.0,2.3,5.5,250.0,121.0,,,,,,
2023-03-21T20:00,119,Unhealthy for Sensitive Groups,19.2,34.2,3.4,6.6,242.0,119.0,,,,,,
2023-03-21T21:00,107,Unhealthy for Sensitive Groups,18.6,33.3,3.8,7.2,239.0,120.0,,,,,,
2023-03-21T22:00,95,Moderate,18.8,33.6,3.9,7.6,237.0,122.0,,,,,,
2023-03-21T23:00,86,Moderate,18.6,33.1,3.9,8.2,237.0,125.0,,,,,,
2023-03-22T00:00,79,Moderate,19.6,35.4,3.6,8.6,238.0,128.0,,,,,,
2023-03-22T01:00,78,Moderate,20.5,37.7,3.2,8.9,241.0,131.0,,,,,,
2023-03-22T02:00,78,Moderate,21.2,39.2,2.7,9.3,244.0,134.0,,,,,,
2023-03-22T03:00,79,Moderate,21.4,39.9,2.6,9.7,244.0,133.0,,,,,,
2023-03-22T04:00,82,Moderate,21.4,40.2,2.6,10.2,244.0,131.0,,,,,,
2023-03-22T05:00,84,Moderate,18.6,33.5,6.1,16.1,247.0,103.0,,,,,,
2023-03-22T06:00,81,Moderate,19.3,34.5,6.1,16.9,251.0,104.0,,,,,,
2023-03-22T07:00,77,Moderate,19.9,35.2,6.1,18.1,257.0,104.0,,,,,,
2023-03-22T08:00,76,Moderate,20.7,36.1,5.6,19.1,263.0,111.0,,,,,,
2023-03-22T09:00,75,Moderate,21.9,37.8,4.5,19.0,265.0,125.0,,,,,,
2023-03-22T10:00,75,Moderate,23.3,40.2,3.1,18.3,265.0,143.0,,,,,,
2023-03-22T11:00,74,Moderate,24.2,41.9,1.5,16.7,262.0,160.0,,,,,,
2023-03-22T12:00,75,Moderate,25.0,43.9,1.0,14.7,255.0,160.0,,,,,,
2023-03-22T13:00,81,Moderate,24.6,43.9,0.8,12.1,245.0,153.0,,,,,,
2023-03-22T14:00,92,Moderate,23.2,42.1,0.7,8.8,231.0,142.0,,,,,,
2023-03-22T15:00,100,Moderate,20.9,39.1,0.5,6.6,219.0,133.0,,,,,,
2023-03-22T16:00,106,Unhealthy for Sensitive Groups,18.6,36.0,0.3,4.5,206.0,122.0,,,,,,
2023-03-22T17:00,109,Unhealthy for Sensitive Groups,22.5,43.1,0.5,3.3,206.0,117.0,,,,,,
2023-03-22T18:00,107,Unhealthy for Sensitive Groups,20.5,40.4,0.6,2.9,200.0,117.0,,,,,,
2023-03-22T19:00,101,Unhealthy for Sensitive Groups,19.8,39.7,0.8,2.4,192.0,117.0,,,,,,
2023-03-22T20:00,92,Moderate,19.6,39.5,1.2,2.1,184.0,115.0,,,,,,
2023-03-22T21:00,83,Moderate,19.4,39.1,1.7,2.5,181.0,110.0,,,,,,
2023-03-22T22:00,74,Moderate,19.1,38.3,2.4,3.2,181.0,103.0,,,,,,
2023-03-22T23:00,73,Moderate,18.3,36.6,3.5,4.6,182.0,93.0,,,,,,
2023-03-23T00:00,73,Moderate,17.3,34.5,4.7,5.9,185.0,84.0,,,,,,
2023-03-23T01:00,72,Moderate,16.3,32.1,6.2,7.4,189.0,75.0,,,,,,
2023-03-23T02:00,72,Moderate,15.7,30.5,7.8,9.5,198.0,65.0,,,,,,
2023-03-23T03:00,72,Moderate,15.7,30.0,8.5,11.1,208.0,61.0,,,,,,
2023-03-23T04:00,71,Moderate,16.3,30.6,8.9,12.7,220.0,58.0,,,,,,
2023-03-23T05:00,71,Moderate,14.7,28.8,4.9,9.7,201.0,60.0,,,,,,
2023-03-23T06:00,71,Moderate,14.6,28.7,4.7,10.0,203.0,62.0,,,,,,
2023-03-23T07:00,70,Moderate,14.6,28.6,4.4,10.5,205.0,65.0,,,,,,
2023-03-23T08:00,70,Moderate,15.0,29.1,3.8,11.2,209.0,75.0,,,,,,
2023-03-23T09:00,69,Moderate,15.9,30.5,3.2,12.1,212.0,91.0,,,,,,
2023-03-23T10:00,69,Moderate,17.5,32.9,2.4,13.1,216.0,112.0,,,,,,
2023-03-23T11:00,68,Moderate,18.8,35.2,1.5,13.0,216.0,130.0,,,,,,
2023-03-23T12:00,68,Moderate,19.5,36.7,1.1,10.7,210.0,127.0,,,,,,
2023-03-23T13:00,67,Moderate,19.3,36.7,0.7,7.2,199.0,115.0,,,,,,
2023-03-23T14:00,67,Moderate,17.8,34.2,0.4,3.2,186.0,99.0,,,,,,
2023-03-23T15:00,67,Moderate,16.5,32.4,0.1,1.7,178.0,92.0,,,,,,
2023-03-23T16:00,66,Moderate,15.8,31.5,0.0,0.9,170.0,87.0,,,,,,
2023-03-23T17:00,66,Moderate,16.2,32.6,0.3,0.5,150.0,75.0,,,,,,
2023-03-23T18:00,66,Moderate,16.2,32.6,0.6,0.8,148.0,74.0,,,,,,
2023-03-23T19:00,65,Moderate,15.8,31.8,1.1,1.2,146.0,73.0,,,,,,
2023-03-23T20:00,65,Moderate,15.5,31.1,1.8,1.9,144.0,71.0,,,,,,
2023-03-23T21:00,65,Moderate,15.5,31.0,2.3,2.4,143.0,69.0,,,,,,
2023-03-23T22:00,64,Moderate,15.3,30.5,2.7,3.1,143.0,67.0,,,,,,
2023-03-23T23:00,64,Moderate,14.9,29.7,3.3,4.2,144.0,65.0,,,,,,
2023-03-24T00:00,64,Moderate,14.6,29.0,3.8,5.6,146.0,63.0,,,,,,
2023-03-24T01:00,64,Moderate,14.4,28.4,4.4,7.3,149.0,62.0,,,,,,
2023-03-24T02:00,63,Moderate,14.4,28.3,4.7,8.9,153.0,60.0,,,,,,
2023-03-24T03:00,63,Moderate,14.6,28.5,4.3,9.0,155.0,59.0,,,,,,
2023-03-24T04:00,63,Moderate,14.7,28.6,3.6,8.5,156.0,59.0,,,,,,
2023-03-24T05:00,63,Moderate,14.0,27.8,1.1,4.3,143.0,65.0,,,,,,
2023-03-24T06:00,63,Moderate,13.8,27.5,1.1,4.3,143.0,66.0,,,,,,
2023-03-24T07:00,63,Moderate,13.6,27.1,1.1,4.4,143.0,67.0,,,,,,
2023-03-24T08:00,63,Moderate,13.6,26.9,1.1,4.3,143.0,69.0,,,,,,
2023-03-24T09:00,63,Moderate,14.2,27.5,1.0,4.0,142.0,73.0,,,,,,
2023-03-24T10:00,63,Moderate,15.3,29.2,0.8,3.5,142.0,78.0,,,,,,
2023-03-24T11:00,62,Moderate,16.5,31.1,0.5,2.8,140.0,82.0,,,,,,
2023-03-24T12:00,62,Moderate,17.3,32.6,0.3,2.1,138.0,80.0,,,,,,
2023-03-24T13:00,62,Moderate,17.5,32.8,0.2,1.3,136.0,76.0,,,,,,
2023-03-24T14:00,62,Moderate,17.2,32.4,0.1,0.6,134.0,71.0,,,,,,
2023-03-24T15:00,62,Moderate,16.4,31.4,0.1,0.6,133.0,70.0,,,,,,
2023-03-24T16:00,62,Moderate,15.4,30.0,0.1,0.9,132.0,70.0,,,,,,
2023-03-24T17:00,62,Moderate,16.3,31.5,0.8,1.6,134.0,71.0,,,,,,
2023-03-24T18:00,62,Moderate,15.5,30.4,2.0,2.5,136.0,69.0,,,,,,
2023-03-24T19:00,62,Moderate,15.3,29.8,3.7,3.7,138.0,66.0,,,,,,
2023-03-24T20:00,62,Moderate,15.4,29.6,5.8,5.3,143.0,62.0,,,,,,
2023-03-24T21:00,62,Moderate,15.7,29.9,6.9,6.3,148.0,60.0,,,,,,
2023-03-24T22:00,62,Moderate,16.0,30.2,7.8,7.3,155.0,58.0,,,,,,
2023-03-24T23:00,62,Moderate,16.1,30.0,8.5,8.5,162.0,56.0,,,,,,
2023-03-25T00:00,62,Moderate,16.0,29.8,8.5,9.3,165.0,55.0,,,,,,
2023-03-25T01:00,62,Moderate,16.2,30.0,8.3,9.9,168.0,54.0,,,,,,
2023-03-25T02:00,62,Moderate,16.4,30.2,7.9,10.6,171.0,53.0,,,,,,
2023-03-25T03:00,62,Moderate,16.6,30.0,7.9,11.0,175.0,52.0,,,,,,
2023-03-25T04:00,63,Moderate,17.3,31.2,8.0,11.2,180.0,51.0,,,,,,
2023-03-25T05:00,63,Moderate,16.3,29.4,9.1,11.7,185.0,50.0,,,,,,
2023-03-25T06:00,63,Moderate,16.0,28.9,8.3,11.7,186.0,54.0,,,,,,
2023-03-25T07:00,63,Moderate,15.9,28.8,7.2,11.6,186.0,59.0,,,,,,
2023-03-25T08:00,63,Moderate,16.0,28.8,5.5,10.9,183.0,66.0,,,,,,
2023-03-25T09:00,63,Moderate,16.3,29.6,4.0,9.4,174.0,72.0,,,,,,
2023-03-25T10:00,64,Moderate,17.0,30.9,2.2,7.3,162.0,79.0,,,,,,
2023-03-25T11:00,64,Moderate,17.9,32.5,0.5,4.7,147.0,83.0,,,,,,
2023-03-25T12:00,64,Moderate,18.5,33.3,0.0,3.2,139.0,79.0,,,,,,
2023-03-25T13:00,64,Moderate,18.2,32.7,0.0,1.8,133.0,72.0,,,,,,
2023-03-25T14:00,64,Moderate,17.3,31.3,0.1,0.5,127.0,64.0,,,,,,
2023-03-25T15:00,64,Moderate,15.9,29.2,0.0,0.1,125.0,62.0,,,,,,
2023-03-25T16:00,64,Moderate,14.7,27.1,0.0,0.1,125.0,62.0,,,,,,
2023-03-25T17:00,64,Moderate,13.9,25.7,0.1,0.4,123.0,60.0,,,,,,
2023-03-25T18:00,64,Moderate,12.8,23.7,0.1,0.4,123.0,61.0,,,,,,
2023-03-25T19:00,63,Moderate,12.4,23.2,0.0,0.4,123.0,61.0,,,,,,
2023-03-25T20:00,63,Moderate,12.0,22.5,0.1,0.5,123.0,62.0,,,,,,
2023-03-25T21:00,63,Moderate,11.7,21.9,0.3,0.6,123.0,62.0,,,,,,
2023-03-25T22:00,63,Moderate,11.2,21.1,0.6,0.7,123.0,62.0,,,,,,
2023-03-25T23:00,62,Moderate,10.9,20.3,1.4,1.6,124.0,62.0,,,,,,
2023-03-26T00:00,62,Moderate,10.7,20.0,2.7,3.3,125.0,61.0,,,,,,
2023-03-26T01:00,61,Moderate,10.7,19.8,4.5,5.5,126.0,59.0,,,,,,
2023-03-26T02:00,61,Moderate,10.5,19.5,6.1,8.1,128.0,57.0,,,,,,
2023-03-26T03:00,61,Moderate,10.3,19.2,6.3,9.5,129.0,56.0,,,,,,
2023-03-26T04:00,60,Moderate,10.2,19.0,6.0,10.6,130.0,56.0,,,,,,
2023-03-26T05:00,60,Moderate,10.3,19.0,7.8,14.2,141.0,52.0,,,,,,
2023-03-26T06:00,59,Moderate,10.3,19.0,7.1,14.6,142.0,54.0,,,,,,
2023-03-26T07:00,59,Moderate,10.4,19.0,6.2,15.1,144.0,56.0,,,,,,
2023-03-26T08:00,58,Moderate,10.7,19.2,4.8,15.0,145.0,62.0,,,,,,
2023-03-26T09:00,58,Moderate,11.4,20.1,3.6,13.8,144.0,71.0,,,,,,
2023-03-26T10:00,57,Moderate,12.9,22.4,2.3,12.1,142.0,82.0,,,,,,
2023-03-26T11:00,57,Moderate,14.4,24.8,0.9,9.3,139.0,91.0,,,,,,
2023-03-26T12:00,57,Moderate,15.3,26.2,0.4,6.8,136.0,87.0,,,,,,
2023-03-26T13:00,57,Moderate,14.8,25.7,0.2,4.0,134.0,78.0,,,,,,
2023-03-26T14:00,56,Moderate,13.5,23.8,0.1,1.2,132.0,68.0,,,,,,
2023-03-26T15:00,56,Moderate,12.6,22.5,0.0,0.2,133.0,67.0,,,,,,
2023-03-26T16:00,56,Moderate,12.4,22.4,0.0,0.0,137.0,68.0,,,,,,
2023-03-26T17:00,56,Moderate,14.1,25.6,0.1,0.5,135.0,65.0,,,,,,
2023-03-26T18:00,56,Moderate,14.1,25.4,1.3,1.5,135.0,65.0,,,,,,
2023-03-26T19:00,56,Moderate,14.2,25.6,2.9,3.1,136.0,66.0,,,,,,
2023-03-26T20:00,56,Moderate,14.4,25.9,5.0,5.1,139.0,66.0,,,,,,
2023-03-26T21:00,56,Moderate,14.7,26.3,6.2,6.4,144.0,66.0,,,,,,
2023-03-26T22:00,56,Moderate,15.1,26.6,7.3,7.8,151.0,65.0,,,,,,
2023-03-26T23:00,57,Moderate,15.4,26.7,8.5,9.5,162.0,65.0,,,,,,
2023-03-27T00:00,57,Moderate,15.7,27.0,9.1,10.7,171.0,65.0,,,,,,
2023-03-27T01:00,57,Moderate,16.4,27.8,9.5,11.9,182.0,64.0,,,,,,
2023-03-27T02:00,58,Moderate,17.1,28.5,9.9,13.7,198.0,64.0,,,,,,
2023-03-27T03:00,58,Moderate,18.3,30.0,10.2,15.3,212.0,63.0,,,,,,
2023-03-27T04:00,59,Moderate,19.4,31.5,10.3,17.1,227.0,62.0,,,,,,
2023-03-27T05:00,60,Moderate,22.1,35.0,12.2,19.2,254.0,61.0,,,,,,
2023-03-27T06:00,61,Moderate,24.4,38.1,12.3,20.7,265.0,66.0,,,,,,
2023-03-27T07:00,62,Moderate,26.3,40.6,12.5,22.8,281.0,73.0,,,,,,
2023-03-27T08:00,63,Moderate,28.5,43.7,11.6,24.5,297.0,91.0,,,,,,
2023-03-27T09:00,64,Moderate,30.5,46.4,9.3,24.3,301.0,119.0,,,,,,
2023-03-27T10:00,66,Moderate,32.7,49.8,6.2,23.3,300.0,154.0,,,,,,
2023-03-27T11:00,67,Moderate,33.6,51.6,2.7,21.1,296.0,188.0,,,,,,
2023-03-27T12:00,69,Moderate,35.0,54.5,1.6,18.9,291.0,193.0,,,,,,
2023-03-27T13:00,70,Moderate,34.2,54.4,1.1,16.3,285.0,186.0,,,,,,
2023-03-27T14:00,94,Moderate,31.1,49.9,0.8,12.5,274.0,171.0,,,,,,
2023-03-27T15:00,116,Unhealthy for Sensitive Groups,26.1,42.6,0.4,9.2,262.0,154.0,,,,,,
2023-03-27T16:00,134,Unhealthy for Sensitive Groups,22.1,36.4,0.1,5.5,247.0,132.0,,,,,,
2023-03-27T17:00,142,Unhealthy for Sensitive Groups,22.4,37.5,0.2,4.2,228.0,106.0,,,,,,
2023-03-27T18:00,140,Unhealthy for Sensitive Groups,21.4,36.0,0.5,4.1,229.0,108.0,,,,,,
2023-03-27T19:00,130,Unhealthy for Sensitive Groups,21.4,35.9,1.0,4.0,230.0,110.0,,,,,,
2023-03-27T20:00,113,Unhealthy for Sensitive Groups,21.5,36.0,2.3,4.8,233.0,113.0,,,,,,
2023-03-27T21:00,96,Moderate,21.1,35.3,4.4,7.0,238.0,113.0,,,,,,
2023-03-27T22:00,81,Moderate,20.5,34.5,7.0,10.0,244.0,113.0,,,,,,
2023-03-27T23:00,78,Moderate,20.0,33.8,9.3,13.2,249.0,113.0,,,,,,
2023-03-28T00:00,79,Moderate,19.5,32.8,9.1,14.5,249.0,113.0,,,,,,
2023-03-28T01:00,79,Moderate,19.4,32.7,8.0,15.2,246.0,113.0,,,,,,
2023-03-28T02:00,79,Moderate,19.4,32.8,6.1,14.7,241.0,114.0,,,,,,
2023-03-28T03:00,79,Moderate,19.6,33.2,4.6,12.6,237.0,117.0,,,,,,
2023-03-28T04:00,80,Moderate,19.8,33.6,2.8,9.5,232.0,120.0,,,,,,
2023-03-28T05:00,80,Moderate,21.6,36.2,2.8,10.7,255.0,125.0,,,,,,
2023-03-28T06:00,80,Moderate,21.3,35.6,2.2,8.8,253.0,126.0,,,,,,
2023-03-28T07:00,79,Moderate,21.4,35.5,1.4,6.2,250.0,128.0,,,,,,
2023-03-28T08:00,79,Moderate,21.3,35.4,0.5,3.3,248.0,130.0,,,,,,
2023-03-28T09:00,78,Moderate,21.7,36.1,0.3,2.3,249.0,130.0,,,,,,
2023-03-28T10:00,78,Moderate,22.9,38.1,0.2,1.9,251.0,130.0,,,,,,
2023-03-28T11:00,81,Moderate,24.6,40.7,0.2,1.5,252.0,127.0,,,,,,
2023-03-28T12:00,83,Moderate,25.7,42.6,0.1,1.3,250.0,121.0,,,,,,
2023-03-28T13:00,83,Moderate,25.1,41.7,0.1,1.2,247.0,114.0,,,,,,
2023-03-28T14:00,81,Moderate,23.7,39.7,0.1,1.1,242.0,106.0,,,,,,
2023-03-28T15:00,76,Moderate,22.1,37.3,0.0,0.9,238.0,104.0,,,,,,
2023-03-28T16:00,74,Moderate,21.1,36.0,0.0,0.7,235.0,104.0,,,,,,
2023-03-28T17:00,74,Moderate,18.5,32.2,0.2,1.3,247.0,107.0,,,,,,
2023-03-28T18:00,73,Moderate,17.6,31.1,0.2,1.5,251.0,112.0,,,,,,
2023-03-28T19:00,73,Moderate,18.3,32.0,0.3,1.7,256.0,120.0,,,,,,
2023-03-28T20:00,73,Moderate,18.5,32.0,0.6,2.3,263.0,129.0,,,,,,
2023-03-28T21:00,73,Moderate,18.6,32.0,1.1,3.0,266.0,134.0,,,,,,
2023-03-28T22:00,73,Moderate,18.6,31.8,1.8,3.9,269.0,137.0,,,,,,
2023-03-28T23:00,72,Moderate,18.1,31.1,2.6,5.2,271.0,140.0,,,,,,
2023-03-29T00:00,76,Moderate,17.9,30.9,3.1,6.2,270.0,140.0,,,,,,
2023-03-29T01:00,83,Moderate,18.2,31.2,3.6,7.3,267.0,139.0,,,,,,
2023-03-29T02:00,90,Moderate,18.4,31.5,4.1,9.1,264.0,136.0,,,,,,
2023-03-29T03:00,95,Moderate,18.7,31.9,4.4,11.1,263.0,132.0,,,,,,
2023-03-29T04:00,98,Moderate,19.2,32.5,4.6,13.5,262.0,128.0,,,,,,
2023-03-29T05:00,98,Moderate,18.4,32.0,3.2,10.1,233.0,124.0,,,,,,
2023-03-29T06:00,95,Moderate,18.5,32.5,2.9,10.0,228.0,124.0,,,,,,
2023-03-29T07:00,93,Moderate,18.2,32.0,2.4,9.8,220.0,123.0,,,,,,
2023-03-29T08:00,89,Moderate,16.8,29.8,1.7,9.0,211.0,122.0,,,,,,
2023-03-29T09:00,85,Moderate,17.6,30.9,1.2,7.8,206.0,122.0,,,,,,
2023-03-29T10:00,82,Moderate,18.5,32.2,0.8,6.1,200.0,122.0,,,,,,
2023-03-29T11:00,79,Moderate,19.4,33.6,0.3,4.1,194.0,120.0,,,,,,
2023-03-29T12:00,76,Moderate,20.1,34.6,0.1,3.0,189.0,114.0,,,,,,
2023-03-29T13:00,73,Moderate,20.0,34.3,0.1,2.0,184.0,107.0,,,,,,
2023-03-29T14:00,69,Moderate,18.8,32.5,0.1,1.0,178.0,98.0,,,,,,
2023-03-29T15:00,68,Moderate,17.3,30.2,0.1,0.6,173.0,94.0,,,,,,
2023-03-29T16:00,68,Moderate,16.1,28.5,0.1,0.5,168.0,92.0,,,,,,
2023-03-29T17:00,68,Moderate,16.6,29.3,0.1,0.8,184.0,91.0,,,,,,
2023-03-29T18:00,67,Moderate,16.1,28.3,0.0,0.7,181.0,91.0,,,,,,
2023-03-29T19:00,67,Moderate,15.8,27.9,0.0,0.5,177.0,92.0,,,,,,
2023-03-29T20:00,67,Moderate,15.5,27.6,0.2,0.7,173.0,92.0,,,,,,
2023-03-29T21:00,67,Moderate,15.5,27.6,0.8,1.2,172.0,91.0,,,,,,
2023-03-29T22:00,67,Moderate,15.5,27.7,1.6,1.9,172.0,91.0,,,,,,
2023-03-29T23:00,66,Moderate,15.8,28.2,2.8,3.5,176.0,90.0,,,,,,
2023-03-30T00:00,66,Moderate,16.5,29.1,3.8,5.6,185.0,90.0,,,,,,
2023-03-30T01:00,66,Moderate,17.4,30.4,4.9,8.2,197.0,91.0,,,,,,
2023-03-30T02:00,66,Moderate,18.4,31.8,5.8,11.4,212.0,92.0,,,,,,
2023-03-30T03:00,66,Moderate,19.3,32.9,5.7,13.4,221.0,93.0,,,,,,
2023-03-30T04:00,66,Moderate,19.8,33.6,5.0,15.1,229.0,95.0,,,,,,
2023-03-30T05:00,66,Moderate,19.6,32.9,4.4,14.8,226.0,92.0,,,,,,
2023-03-30T06:00,66,Moderate,18.6,31.4,3.5,12.4,220.0,93.0,,,,,,
2023-03-30T07:00,66,Moderate,17.9,30.3,2.3,9.0,213.0,94.0,,,,,,
2023-03-30T08:00,66,Moderate,17.5,29.6,0.9,5.0,203.0,96.0,,,,,,
2023-03-30T09:00,66,Moderate,17.6,29.6,0.5,3.3,198.0,96.0,,,,,,
2023-03-30T10:00,66,Moderate,18.5,30.7,0.3,2.0,194.0,96.0,,,,,,
2023-03-30T11:00,66,Moderate,19.7,32.8,0.2,1.0,191.0,96.0,,,,,,
2023-03-30T12:00,66,Moderate,21.4,35.5,0.1,0.7,192.0,95.0,,,,,,
2023-03-30T13:00,66,Moderate,22.5,37.5,0.1,0.7,195.0,94.0,,,,,,
2023-03-30T14:00,67,Moderate,22.0,36.7,0.1,0.8,200.0,93.0,,,,,,
2023-03-30T15:00,67,Moderate,21.2,35.4,0.0,0.6,203.0,92.0,,,,,,
2023-03-30T16:00,67,Moderate,20.4,34.3,0.0,0.4,205.0,91.0,,,,,,
2023-03-30T17:00,68,Moderate,14.9,26.8,0.2,0.6,224.0,100.0,,,,,,
2023-03-30T18:00,67,Moderate,15.8,28.4,0.5,1.0,232.0,107.0,,,,,,
2023-03-30T19:00,67,Moderate,16.9,30.3,0.8,1.5,243.0,118.0,,,,,,
2023-03-30T20:00,67,Moderate,18.3,32.4,1.3,2.3,257.0,130.0,,,,,,
2023-03-30T21:00,68,Moderate,19.6,34.2,1.6,3.0,265.0,136.0,,,,,,
2023-03-30T22:00,68,Moderate,20.5,35.6,1.9,3.7,273.0,141.0,,,,,,
2023-03-30T23:00,68,Moderate,21.1,36.4,2.2,4.7,280.0,145.0,,,,,,
2023-03-31T00:00,72,Moderate,21.5,36.9,2.2,5.2,282.0,145.0,,,,,,
2023-03-31T01:00,84,Moderate,21.8,37.4,2.1,5.7,281.0,143.0,,,,,,
2023-03-31T02:00,93,Moderate,22.1,37.7,2.0,6.8,280.0,140.0,,,,,,
2023-03-31T03:00,100,Moderate,22.2,37.6,2.1,8.5,281.0,137.0,,,,,,
2023-03-31T04:00,104,Unhealthy for Sensitive Groups,22.1,37.1,2.2,10.6,282.0,134.0,,,,,,
2023-03-31T05:00,105,Unhealthy for Sensitive Groups,25.1,40.6,3.8,19.6,308.0,129.0,,,,,,
2023-03-31T06:00,103,Unhealthy for Sensitive Groups,25.8,41.6,4.1,21.3,313.0,130.0,,,,,,
2023-03-31T07:00,101,Unhealthy for Sensitive Groups,26.8,42.7,4.5,23.8,321.0,132.0,,,,,,
2023-03-31T08:00,98,Moderate,28.2,44.6,4.6,25.6,328.0,139.0,,,,,,
2023-03-31T09:00,97,Moderate,29.7,46.8,3.9,24.8,328.0,152.0,,,,,,
2023-03-31T10:00,99,Moderate,31.7,49.5,2.7,22.9,326.0,168.0,,,,,,
2023-03-31T11:00,105,Unhealthy for Sensitive Groups,31.4,49.6,1.4,19.5,320.0,182.0,,,,,,
2023-03-31T12:00,115,Unhealthy for Sensitive Groups,32.2,51.5,0.9,16.2,315.0,180.0,,,,,,
2023-03-31T13:00,124,Unhealthy for Sensitive Groups,32.6,52.9,0.6,12.3,309.0,172.0,,,,,,
2023-03-31T14:00,133,Unhealthy for Sensitive Groups,29.4,48.2,0.4,7.7,297.0,158.0,,,,,,
2023-03-31T15:00,139,Unhealthy for Sensitive Groups,24.3,40.5,0.3,5.2,282.0,146.0,,,,,,
2023-03-31T16:00,142,Unhealthy for Sensitive Groups,21.7,36.8,0.3,3.2,264.0,133.0,,,,,,
2023-03-31T17:00,141,Unhealthy for Sensitive Groups,19.4,33.6,0.2,2.2,237.0,116.0,,,,,,
2023-03-31T18:00,133,Unhealthy for Sensitive Groups,18.5,32.7,0.2,2.0,240.0,119.0,,,,,,
2023-03-31T19:00,123,Unhealthy for Sensitive Groups,18.6,33.2,0.1,1.8,243.0,122.0,,,,,,
2023-03-31T20:00,110,Unhealthy for Sensitive Groups,19.6,35.0,0.2,1.8,248.0,128.0,,,,,,
2023-03-31T21:00,99,Moderate,20.4,36.2,0.3,2.1,252.0,133.0,,,,,,
2023-03-31T22:00,91,Moderate,20.7,36.7,0.5,2.5,256.0,139.0,,,,,,
2023-03-31T23:00,87,Moderate,20.9,36.7,0.9,3.3,256.0,143.0,,,,,,
2023-04-01T00:00,86,Moderate,20.4,35.6,1.3,4.3,247.0,140.0,,,,,,
2023-04-01T01:00,88,Moderate,19.3,33.6,1.8,5.4,234.0,134.0,,,,,,
2023-04-01T02:00,92,Moderate,18.5,32.2,2.2,6.5,217.0,126.0,,,,,,
2023-04-01T03:00,93,Moderate,17.6,30.6,2.0,6.6,209.0,121.0,,,,,,
2023-04-01T04:00,93,Moderate,16.7,29.3,1.5,6.3,202.0,116.0,,,,,,
2023-04-01T05:00,90,Moderate,16.5,28.3,1.9,9.0,195.0,105.0,,,,,,
2023-04-01T06:00,84,Moderate,16.1,27.8,1.7,8.0,193.0,105.0,,,,,,
2023-04-01T07:00,77,Moderate,15.9,27.5,1.4,6.7,191.0,104.0,,,,,,
2023-04-01T08:00,75,Moderate,16.1,27.8,1.0,5.0,189.0,104.0,,,,,,
2023-04-01T09:00,75,Moderate,16.4,27.9,0.8,4.2,189.0,106.0,,,,,,
2023-04-01T10:00,73,Moderate,17.3,29.3,0.5,3.5,190.0,109.0,,,,,,
2023-04-01T11:00,72,Moderate,18.5,31.0,0.3,2.7,190.0,111.0,,,,,,
2023-04-01T12:00,71,Moderate,19.4,32.6,0.2,2.0,188.0,108.0,,,,,,
2023-04-01T13:00,70,Moderate,19.6,33.2,0.2,1.4,185.0,104.0,,,,,,
2023-04-01T14:00,69,Moderate,18.3,31.4,0.2,0.8,180.0,99.0,,,,,,
2023-04-01T15:00,68,Moderate,17.0,29.6,0.1,0.5,177.0,99.0,,,,,,
2023-04-01T16:00,68,Moderate,16.0,28.5,0.0,0.4,173.0,100.0,,,,,,
2023-04-01T17:00,67,Moderate,17.8,32.0,0.2,0.8,168.0,97.0,,,,,,
2023-04-01T18:00,67,Moderate,18.4,32.9,1.1,1.8,167.0,97.0,,,,,,
2023-04-01T19:00,67,Moderate,19.2,34.2,2.4,3.2,166.0,96.0,,,,,,
2023-04-01T20:00,67,Moderate,19.3,34.0,4.0,5.0,166.0,94.0,,,,,,
2023-04-01T21:00,67,Moderate,19.2,33.3,4.9,6.1,168.0,91.0,,,,,,
2023-04-01T22:00,67,Moderate,19.2,32.9,5.6,7.1,170.0,87.0,,,,,,
2023-04-01T23:00,67,Moderate,19.3,32.7,6.3,8.4,175.0,83.0,,,,,,
2023-04-02T00:00,67,Moderate,19.3,32.4,6.6,9.3,180.0,81.0,,,,,,
2023-04-02T01:00,67,Moderate,18.9,31.4,6.7,10.3,186.0,80.0,,,,,,
2023-04-02T02:00,67,Moderate,19.0,31.3,6.7,11.6,196.0,79.0,,,,,,
2023-04-02T03:00,67,Moderate,19.4,31.5,6.7,12.9,208.0,78.0,,,,,,
2023-04-02T04:00,67,Moderate,19.8,31.8,6.7,14.3,221.0,77.0,,,,,,
2023-04-02T05:00,67,Moderate,19.9,31.3,6.4,16.1,238.0,80.0,,,,,,
2023-04-02T06:00,68,Moderate,19.7,30.9,6.3,16.8,241.0,85.0,,,,,,
2023-04-02T07:00,68,Moderate,19.8,30.9,6.1,17.9,245.0,92.0,,,,,,
2023-04-02T08:00,68,Moderate,20.6,31.9,5.5,18.5,248.0,105.0,,,,,,
2023-04-02T09:00,68,Moderate,22.2,34.3,4.5,18.0,246.0,122.0,,,,,,
2023-04-02T10:00,69,Moderate,23.2,36.2,3.1,16.8,242.0,143.0,,,,,,
2023-04-02T11:00,69,Moderate,23.1,36.8,1.6,14.4,231.0,159.0,,,,,,
2023-04-02T12:00,70,Moderate,22.1,36.3,1.0,11.3,217.0,152.0,,,,,,
2023-04-02T13:00,70,Moderate,20.6,34.8,0.6,7.5,200.0,135.0,,,,,,
2023-04-02T14:00,78,Moderate,18.9,32.6,0.4,3.4,180.0,115.0,,,,,,
2023-04-02T15:00,84,Moderate,17.2,30.5,0.3,1.9,171.0,108.0,,,,,,
2023-04-02T16:00,88,Moderate,16.2,29.2,0.4,1.3,166.0,104.0,,,,,,
2023-04-02T17:00,87,Moderate,16.3,29.7,0.2,0.8,157.0,85.0,,,,,,
2023-04-02T18:00,79,Moderate,16.5,30.0,0.4,1.1,159.0,87.0,,,,,,
2023-04-02T19:00,70,Moderate,17.1,31.0,0.8,1.5,161.0,91.0,,,,,,
2023-04-02T20:00,70,Moderate,17.6,31.8,1.2,2.0,164.0,93.0,,,,,,
2023-04-02T21:00,70,Moderate,17.9,31.9,1.4,2.4,166.0,92.0,,,,,,
2023-04-02T22:00,69,Moderate,17.8,31.5,1.5,2.8,168.0,89.0,,,,,,
2023-04-02T23:00,69,Moderate,17.5,30.9,1.5,3.1,169.0,85.0,,,,,,
2023-04-03T00:00,69,Moderate,17.3,30.5,1.4,3.0,167.0,82.0,,,,,,
2023-04-03T01:00,69,Moderate,17.2,30.3,1.1,2.7,164.0,79.0,,,,,,
2023-04-03T02:00,69,Moderate,16.9,29.8,1.0,2.7,164.0,76.0,,,,,,
2023-04-03T03:00,69,Moderate,16.6,29.5,1.1,3.3,168.0,75.0,,,,,,
2023-04-03T04:00,69,Moderate,16.5,29.0,1.4,4.2,175.0,76.0,,,,,,
2023-04-03T05:00,68,Moderate,17.9,30.3,3.9,12.7,212.0,79.0,,,,,,
2023-04-03T06:00,68,Moderate,18.6,31.1,4.2,14.0,221.0,84.0,,,,,,
2023-04-03T07:00,68,Moderate,19.4,32.2,4.5,15.9,234.0,92.0,,,,,,
2023-04-03T08:00,68,Moderate,20.8,34.3,4.6,17.4,247.0,106.0,,,,,,
2023-04-03T09:00,68,Moderate,23.1,37.5,4.0,17.2,252.0,124.0,,,,,,
2023-04-03T10:00,68,Moderate,24.9,40.4,3.0,16.3,255.0,147.0,,,,,,
2023-04-03T11:00,68,Moderate,26.0,42.8,1.8,14.1,251.0,164.0,,,,,,
2023-04-03T12:00,68,Moderate,26.1,44.0,1.3,11.1,240.0,158.0,,,,,,
2023-04-03T13:00,69,Moderate,24.9,43.0,0.9,7.4,223.0,142.0,,,,,,
2023-04-03T14:00,83,Moderate,22.4,39.8,0.5,3.3,201.0,120.0,,,,,,
2023-04-03T15:00,91,Moderate,20.1,36.6,0.3,1.8,185.0,107.0,,,,,,
2023-04-03T16:00,94,Moderate,18.5,34.2,0.1,1.0,169.0,95.0,,,,,,
2023-04-03T17:00,91,Moderate,16.5,30.6,0.2,0.8,166.0,85.0,,,,,,
2023-04-03T18:00,83,Moderate,15.7,29.3,0.7,1.3,164.0,84.0,,,,,,
2023-04-03T19:00,70,Moderate,15.3,28.6,1.5,2.1,162.0,83.0,,,,,,
2023-04-03T20:00,70,Moderate,15.0,27.7,2.1,2.8,160.0,83.0,,,,,,
2023-04-03T21:00,69,Moderate,15.0,27.4,1.9,2.9,162.0,84.0,,,,,,
2023-04-03T22:00,69,Moderate,15.3,27.9,1.3,2.8,165.0,86.0,,,,,,
2023-04-03T23:00,69,Moderate,15.9,29.1,0.7,2.4,166.0,87.0,,,,,,
2023-04-04T00:00,69,Moderate,16.6,30.5,0.5,1.9,159.0,85.0,,,,,,
2023-04-04T01:00,69,Moderate,18.9,34.7,0.4,1.1,149.0,82.0,,,,,,
2023-04-04T02:00,69,Moderate,16.9,31.2,0.3,0.4,140.0,79.0,,,,,,
2023-04-04T03:00,69,Moderate,15.7,28.8,0.2,0.1,140.0,77.0,,,,,,
2023-04-04T04:00,69,Moderate,15.8,28.8,0.1,0.0,142.0,76.0,,,,,,
2023-04-04T05:00,69,Moderate,18.3,31.9,0.5,0.9,172.0,88.0,,,,,,
2023-04-04T06:00,69,Moderate,17.7,30.4,0.7,1.1,176.0,88.0,,,,,,
2023-04-04T07:00,69,Moderate,17.8,30.2,1.0,1.5,183.0,87.0,,,,,,
2023-04-04T08:00,69,Moderate,17.6,29.4,1.4,2.3,192.0,90.0,,,,,,
2023-04-04T09:00,68,Moderate,17.8,29.7,1.6,3.4,200.0,96.0,,,,,,
2023-04-04T10:00,68,Moderate,19.3,32.0,1.7,4.7,208.0,105.0,,,,,,
2023-04-04T11:00,68,Moderate,20.5,33.5,1.7,6.0,217.0,117.0,,,,,,
2023-04-04T12:00,67,Moderate,22.6,37.3,1.6,6.2,223.0,127.0,,,,,,
2023-04-04T13:00,67,Moderate,24.0,39.5,1.4,6.0,229.0,137.0,,,,,,
2023-04-04T14:00,67,Moderate,24.0,39.6,1.1,5.2,230.0,144.0,,,,,,
2023-04-04T15:00,67,Moderate,22.4,37.5,0.9,3.9,221.0,138.0,,,,,,
2023-04-04T16:00,69,Moderate,20.0,34.1,0.7,2.2,207.0,126.0,,,,,,
2023-04-04T17:00,77,Moderate,18.8,32.1,3.2,7.3,203.0,124.0,,,,,,
2023-04-04T18:00,83,Moderate,17.9,30.5,4.0,7.9,205.0,122.0,,,,,,
2023-04-04T19:00,87,Moderate,17.8,29.9,5.1,8.8,208.0,119.0,,,,,,
2023-04-04T20:00,87,Moderate,17.5,29.3,6.1,9.7,211.0,115.0,,,,,,
2023-04-04T21:00,85,Moderate,17.1,28.5,6.0,9.9,211.0,113.0,,,,,,
2023-04-04T22:00,79,Moderate,16.6,27.8,5.5,10.0,211.0,111.0,,,,,,
2023-04-04T23:00,72,Moderate,16.4,27.4,4.7,10.0,210.0,109.0,,,,,,
2023-04-05T00:00,68,Moderate,16.3,27.1,4.3,10.3,210.0,108.0,,,,,,
2023-04-05T01:00,68,Moderate,16.2,26.7,3.9,10.7,210.0,108.0,,,,,,
2023-04-05T02:00,68,Moderate,16.0,26.5,3.2,10.2,207.0,107.0,,,,,,
2023-04-05T03:00,68,Moderate,15.9,26.7,2.5,8.3,200.0,106.0,,,,,,
2023-04-05T04:00,68,Moderate,15.4,26.3,1.7,5.6,190.0,104.0,,,,,,
2023-04-05T05:00,68,Moderate,13.4,23.2,0.3,0.2,154.0,91.0,,,,,,
2023-04-05T06:00,68,Moderate,13.1,22.9,0.3,0.2,149.0,88.0,,,,,,
2023-04-05T07:00,67,Moderate,12.8,22.4,0.3,0.3,143.0,83.0,,,,,,
2023-04-05T08:00,67,Moderate,12.8,22.2,0.3,0.3,135.0,77.0,,,,,,
2023-04-05T09:00,66,Moderate,13.0,22.5,0.2,0.3,132.0,74.0,,,,,,
2023-04-05T10:00,66,Moderate,13.8,23.5,0.2,0.3,130.0,72.0,,,,,,
2023-04-05T11:00,66,Moderate,14.7,24.7,0.1,0.3,128.0,69.0,,,,,,
2023-04-05T12:00,65,Moderate,15.5,26.0,0.1,0.3,127.0,68.0,,,,,,
2023-04-05T13:00,65,Moderate,15.7,26.2,0.0,0.2,127.0,67.0,,,,,,
2023-04-05T14:00,64,Moderate,15.1,25.4,0.1,0.3,127.0,66.0,,,,,,
2023-04-05T15:00,63,Moderate,13.9,23.6,0.1,0.3,127.0,66.0,,,,,,
2023-04-05T16:00,63,Moderate,13.2,22.8,0.1,0.4,126.0,67.0,,,,,,
2023-04-05T17:00,62,Moderate,8.2,15.1,0.2,0.4,131.0,64.0,,,,,,
2023-04-05T18:00,61,Moderate,7.8,14.6,1.4,1.4,131.0,64.0,,,,,,
2023-04-05T19:00,60,Moderate,7.6,14.5,3.1,2.9,130.0,63.0,,,,,,
2023-04-05T20:00,60,Moderate,7.4,14.2,5.2,5.0,130.0,62.0,,,,,,
2023-04-05T21:00,59,Moderate,7.3,14.3,6.5,6.9,130.0,61.0,,,,,,
2023-04-05T22:00,58,Moderate,7.2,14.0,7.7,8.9,131.0,60.0,,,,,,
2023-04-05T23:00,57,Moderate,7.0,13.7,8.4,10.8,132.0,60.0,,,,,,
2023-04-06T00:00,57,Moderate,7.1,13.7,7.7,11.1,133.0,62.0,,,,,,
2023-04-06T01:00,56,Moderate,7.0,13.5,6.2,10.7,135.0,64.0,,,,,,
2023-04-06T02:00,55,Moderate,6.9,13.3,4.4,10.1,138.0,67.0,,,,,,
2023-04-06T03:00,54,Moderate,6.9,13.3,3.6,10.0,140.0,69.0,,,,,,
2023-04-06T04:00,54,Moderate,7.0,13.3,3.0,9.9,142.0,70.0,,,,,,
2023-04-06T05:00,53,Moderate,7.1,13.5,2.8,10.0,133.0,71.0,,,,,,
2023-04-06T06:00,53,Moderate,7.2,13.6,2.5,9.6,132.0,73.0,,,,,,
2023-04-06T07:00,52,Moderate,7.4,14.0,2.1,9.0,131.0,75.0,,,,,,
2023-04-06T08:00,52,Moderate,7.7,14.5,1.6,7.9,129.0,78.0,,,,,,
2023-04-06T09:00,51,Moderate,8.2,15.4,1.2,6.7,126.0,81.0,,,,,,
2023-04-06T10:00,51,Moderate,9.4,17.2,0.8,5.2,122.0,84.0,,,,,,
2023-04-06T11:00,51,Moderate,10.7,19.4,0.4,3.4,117.0,86.0,,,,,,
2023-04-06T12:00,50,Good,11.7,21.0,0.2,2.3,114.0,82.0,,,,,,
2023-04-06T13:00,50,Good,11.5,20.5,0.2,1.3,112.0,76.0,,,,,,
2023-04-06T14:00,49,Good,10.5,19.2,0.1,0.4,111.0,70.0,,,,,,
2023-04-06T15:00,48,Good,9.1,16.9,0.0,0.1,112.0,69.0,,,,,,
2023-04-06T16:00,47,Good,7.8,15.1,0.0,0.2,114.0,69.0,,,,,,
2023-04-06T17:00,45,Good,7.8,15.4,0.1,0.4,126.0,65.0,,,,,,
2023-04-06T18:00,45,Good,7.1,14.2,0.0,0.3,128.0,66.0,,,,,,
2023-04-06T19:00,45,Good,6.6,13.3,0.0,0.2,130.0,68.0,,,,,,
2023-04-06T20:00,45,Good,6.5,13.1,0.1,0.5,132.0,69.0,,,,,,
2023-04-06T21:00,45,Good,6.5,13.3,1.1,1.3,133.0,68.0,,,,,,
2023-04-06T22:00,44,Good,6.5,13.4,2.6,2.5,133.0,66.0,,,,,,
2023-04-06T23:00,44,Good,6.5,13.3,4.3,4.2,133.0,64.0,,,,,,
2023-04-07T00:00,44,Good,6.4,13.2,5.0,5.7,134.0,63.0,,,,,,
2023-04-07T01:00,44,Good,6.3,12.8,5.3,7.3,135.0,62.0,,,,,,
2023-04-07T02:00,44,Good,6.5,13.0,5.4,8.9,137.0,62.0,,,,,,
2023-04-07T03:00,44,Good,6.7,13.3,5.0,9.2,139.0,63.0,,,,,,
2023-04-07T04:00,44,Good,7.3,14.2,4.2,9.1,141.0,65.0,,,,,,
2023-04-07T05:00,44,Good,7.3,14.1,1.9,5.0,136.0,69.0,,,,,,
2023-04-07T06:00,44,Good,7.2,14.1,1.6,4.2,136.0,70.0,,,,,,
2023-04-07T07:00,44,Good,7.3,14.2,1.1,3.2,136.0,71.0,,,,,,
2023-04-07T08:00,44,Good,7.6,14.4,0.6,1.9,137.0,73.0,,,,,,
2023-04-07T09:00,44,Good,8.4,15.4,0.4,1.3,139.0,74.0,,,,,,
2023-04-07T10:00,44,Good,9.8,17.3,0.2,0.9,141.0,76.0,,,,,,
2023-04-07T11:00,44,Good,11.7,20.0,0.1,0.6,146.0,77.0,,,,,,
2023-04-07T12:00,44,Good,13.6,22.8,0.1,0.5,153.0,77.0,,,,,,
2023-04-07T13:00,45,Good,15.0,24.8,0.1,0.5,161.0,78.0,,,,,,
2023-04-07T14:00,45,Good,15.7,25.8,0.2,0.6,171.0,78.0,,,,,,
2023-04-07T15:00,47,Good,15.7,25.8,0.2,0.6,177.0,79.0,,,,,,
2023-04-07T16:00,48,Good,15.0,24.6,0.3,0.5,182.0,80.0,,,,,,
2023-04-07T17:00,50,Good,9.1,15.3,0.3,0.5,198.0,79.0,,,,,,
2023-04-07T18:00,50,Good,7.1,12.2,0.4,0.5,193.0,78.0,,,,,,
2023-04-07T19:00,50,Good,6.2,10.9,0.5,0.5,185.0,76.0,,,,,,
2023-04-07T20:00,50,Good,5.7,10.1,0.7,0.4,173.0,74.0,,,,,,
2023-04-07T21:00,50,Good,5.7,10.1,0.8,0.3,162.0,73.0,,,,,,
2023-04-07T22:00,50,Good,6.3,11.3,1.0,0.3,151.0,71.0,,,,,,
2023-04-07T23:00,50,Good,7.2,13.1,1.1,0.2,137.0,69.0,,,,,,
2023-04-08T00:00,50,Good,8.1,15.0,1.0,0.2,130.0,67.0,,,,,,
2023-04-08T01:00,50,Good,9.5,17.7,0.8,0.2,124.0,64.0,,,,,,
2023-04-08T02:00,50,Good,10.8,20.0,0.6,0.2,119.0,61.0,,,,,,
2023-04-08T03:00,51,Moderate,11.5,21.4,0.5,0.2,117.0,61.0,,,,,,
2023-04-08T04:00,51,Moderate,11.7,21.7,0.4,0.2,115.0,61.0,,,,,,
2023-04-08T05:00,51,Moderate,11.7,21.5,0.3,0.2,107.0,61.0,,,,,,
2023-04-08T06:00,52,Moderate,12.0,21.8,0.3,0.2,107.0,62.0,,,,,,
2023-04-08T07:00,52,Moderate,12.0,21.8,0.3,0.2,107.0,64.0,,,,,,
2023-04-08T08:00,52,Moderate,12.1,21.9,0.3,0.2,107.0,65.0,,,,,,
2023-04-08T09:00,53,Moderate,12.3,22.2,0.2,0.2,107.0,64.0,,,,,,
2023-04-08T10:00,53,Moderate,12.8,23.1,0.2,0.2,107.0,62.0,,,,,,
2023-04-08T11:00,53,Moderate,13.5,24.2,0.1,0.2,108.0,60.0,,,,,,
2023-04-08T12:00,53,Moderate,14.3,25.3,0.1,0.2,111.0,60.0,,,,,,
2023-04-08T13:00,54,Moderate,14.7,25.8,0.1,0.2,114.0,60.0,,,,,,
2023-04-08T14:00,54,Moderate,14.3,25.1,0.1,0.2,119.0,60.0,,,,,,
2023-04-08T15:00,53,Moderate,13.6,24.0,0.1,0.2,122.0,60.0,,,,,,
2023-04-08T16:00,53,Moderate,13.0,23.1,0.1,0.3,124.0,60.0,,,,,,
2023-04-08T17:00,53,Moderate,12.7,22.8,0.1,0.2,114.0,55.0,,,,,,
2023-04-08T18:00,53,Moderate,13.0,23.1,0.2,0.2,116.0,59.0,,,,,,
2023-04-08T19:00,54,Moderate,13.8,24.3,0.2,0.1,120.0,64.0,,,,,,
2023-04-08T20:00,54,Moderate,14.8,25.8,0.3,0.1,124.0,69.0,,,,,,
2023-04-08T21:00,55,Moderate,15.3,26.9,0.3,0.1,126.0,70.0,,,,,,
2023-04-08T22:00,56,Moderate,15.3,27.1,0.3,0.1,126.0,70.0,,,,,,
2023-04-08T23:00,57,Moderate,14.4,25.4,0.3,0.1,127.0,70.0,,,,,,
2023-04-09T00:00,57,Moderate,13.2,23.1,0.2,0.1,127.0,70.0,,,,,,
2023-04-09T01:00,58,Moderate,13.1,23.1,0.2,0.1,126.0,69.0,,,,,,
2023-04-09T02:00,58,Moderate,13.0,22.6,0.1,0.1,126.0,69.0,,,,,,
2023-04-09T03:00,58,Moderate,13.7,23.7,0.1,0.1,127.0,69.0,,,,,,
2023-04-09T04:00,58,Moderate,14.0,24.0,0.1,0.1,129.0,69.0,,,,,,
2023-04-09T05:00,58,Moderate,13.0,22.8,0.1,0.1,124.0,72.0,,,,,,
2023-04-09T06:00,58,Moderate,14.0,24.6,0.1,0.1,125.0,71.0,,,,,,
2023-04-09T07:00,59,Moderate,14.7,25.8,0.2,0.1,127.0,70.0,,,,,,
2023-04-09T08:00,59,Moderate,14.9,26.3,0.2,0.1,129.0,69.0,,,,,,
2023-04-09T09:00,59,Moderate,15.0,26.3,0.2,0.1,129.0,69.0,,,,,,
2023-04-09T10:00,59,Moderate,15.9,27.8,0.1,0.1,129.0,69.0,,,,,,
2023-04-09T11:00,60,Moderate,17.2,29.7,0.1,0.1,129.0,69.0,,,,,,
2023-04-09T12:00,60,Moderate,17.8,30.6,0.1,0.1,129.0,67.0,,,,,,
2023-04-09T13:00,60,Moderate,17.8,30.6,0.0,0.1,128.0,64.0,,,,,,
2023-04-09T14:00,60,Moderate,16.9,29.2,0.0,0.1,128.0,61.0,,,,,,
2023-04-09T15:00,61,Moderate,15.5,27.0,0.0,0.1,128.0,60.0,,,,,,
2023-04-09T16:00,61,Moderate,14.1,24.6,0.0,0.1,128.0,60.0,,,,,,
2023-04-09T17:00,61,Moderate,10.5,18.9,0.2,0.1,127.0,62.0,,,,,,
2023-04-09T18:00,61,Moderate,10.0,18.1,0.3,0.1,128.0,65.0,,,,,,
2023-04-09T19:00,60,Moderate,10.2,18.5,0.4,0.1,129.0,68.0,,,,,,
2023-04-09T20:00,60,Moderate,10.7,19.5,0.6,0.1,130.0,71.0,,,,,,
2023-04-09T21:00,60,Moderate,11.3,20.6,0.7,0.1,129.0,70.0,,,,,,
2023-04-09T22:00,59,Moderate,11.8,21.5,0.8,0.1,128.0,68.0,,,,,,
2023-04-09T23:00,59,Moderate,12.0,21.8,0.8,0.1,127.0,65.0,,,,,,
2023-04-10T00:00,59,Moderate,12.3,22.3,0.8,0.1,127.0,63.0,,,,,,
2023-04-10T01:00,59,Moderate,12.4,22.4,0.7,0.1,126.0,62.0,,,,,,
2023-04-10T02:00,59,Moderate,12.4,22.4,0.6,0.1,126.0,60.0,,,,,,
2023-04-10T03:00,59,Moderate,12.5,22.6,0.5,0.1,125.0,60.0,,,,,,
2023-04-10T04:00,59,Moderate,12.4,22.4,0.5,0.1,125.0,60.0,,,,,,
2023-04-10T05:00,59,Moderate,12.8,23.0,0.3,0.1,118.0,60.0,,,,,,
2023-04-10T06:00,59,Moderate,12.6,22.5,0.3,0.1,118.0,60.0,,,,,,
2023-04-10T07:00,58,Moderate,12.7,22.7,0.4,0.1,119.0,60.0,,,,,,
2023-04-10T08:00,58,Moderate,12.4,22.0,0.4,0.1,119.0,60.0,,,,,,
2023-04-10T09:00,58,Moderate,13.1,23.0,0.4,0.1,119.0,61.0,,,,,,
2023-04-10T10:00,58,Moderate,13.6,23.6,0.3,0.1,118.0,62.0,,,,,,
2023-04-10T11:00,58,Moderate,14.5,24.9,0.2,0.1,117.0,63.0,,,,,,
2023-04-10T12:00,58,Moderate,15.3,26.1,0.2,0.1,116.0,61.0,,,,,,
2023-04-10T13:00,57,Moderate,15.8,27.0,0.1,0.1,116.0,59.0,,,,,,
2023-04-10T14:00,57,Moderate,15.8,27.1,0.1,0.1,116.0,56.0,,,,,,
2023-04-10T15:00,57,Moderate,15.5,26.8,0.1,0.1,117.0,56.0,,,,,,
2023-04-10T16:00,57,Moderate,15.3,26.4,0.1,0.1,118.0,57.0,,,,,,
2023-04-10T17:00,57,Moderate,17.8,30.3,0.2,0.1,128.0,60.0,,,,,,
2023-04-10T18:00,58,Moderate,18.0,30.9,0.3,0.1,130.0,63.0,,,,,,
2023-04-10T19:00,58,Moderate,18.3,31.5,0.5,0.1,134.0,67.0,,,,,,
2023-04-10T20:00,59,Moderate,18.7,32.1,0.7,0.1,138.0,70.0,,,,,,
2023-04-10T21:00,60,Moderate,18.9,32.6,0.8,0.1,140.0,69.0,,,,,,
2023-04-10T22:00,60,Moderate,18.7,32.5,0.8,0.1,141.0,67.0,,,,,,
2023-04-10T23:00,61,Moderate,18.3,31.9,0.8,0.1,142.0,64.0,,,,,,
2023-04-11T00:00,61,Moderate,17.8,31.1,0.7,0.1,142.0,63.0,,,,,,
2023-04-11T01:00,62,Moderate,17.5,30.5,0.6,0.1,142.0,62.0,,,,,,
2023-04-11T02:00,62,Moderate,17.1,30.0,0.5,0.1,141.0,61.0,,,,,,
2023-04-11T03:00,63,Moderate,16.9,29.6,0.4,0.1,141.0,61.0,,,,,,
2023-04-11T04:00,63,Moderate,16.6,29.2,0.4,0.1,141.0,61.0,,,,,,
2023-04-11T05:00,63,Moderate,16.2,28.6,0.3,0.1,137.0,62.0,,,,,,
2023-04-11T06:00,63,Moderate,15.8,27.8,0.3,0.1,137.0,63.0,,,,,,
2023-04-11T07:00,64,Moderate,15.5,27.2,0.3,0.1,137.0,64.0,,,,,,
2023-04-11T08:00,64,Moderate,15.4,27.0,0.3,0.1,137.0,65.0,,,,,,
2023-04-11T09:00,64,Moderate,15.5,27.1,0.2,0.1,137.0,66.0,,,,,,
2023-04-11T10:00,64,Moderate,16.0,27.8,0.2,0.1,137.0,67.0,,,,,,
2023-04-11T11:00,65,Moderate,16.9,29.1,0.1,0.1,138.0,67.0,,,,,,
2023-04-11T12:00,65,Moderate,17.8,30.3,0.1,0.1,138.0,66.0,,,,,,
2023-04-11T13:00,65,Moderate,18.4,31.3,0.1,0.1,139.0,64.0,,,,,,
2023-04-11T14:00,65,Moderate,18.5,31.5,0.1,0.1,140.0,62.0,,,,,,
2023-04-11T15:00,65,Moderate,17.8,30.6,0.1,0.1,141.0,61.0,,,,,,
2023-04-11T16:00,66,Moderate,16.8,29.2,0.1,0.1,142.0,61.0,,,,,,
2023-04-11T17:00,66,Moderate,18.8,32.4,0.2,0.1,157.0,62.0,,,,,,
2023-04-11T18:00,66,Moderate,17.7,30.7,0.3,0.1,158.0,65.0,,,,,,
2023-04-11T19:00,66,Moderate,16.4,28.8,0.5,0.1,160.0,70.0,,,,,,
2023-04-11T20:00,66,Moderate,15.4,27.1,0.7,0.1,162.0,74.0,,,,,,
2023-04-11T21:00,65,Moderate,14.5,25.7,0.8,0.1,163.0,74.0,,,,,,
2023-04-11T22:00,65,Moderate,14.1,25.1,0.9,0.1,165.0,72.0,,,,,,
2023-04-11T23:00,65,Moderate,14.4,25.6,1.0,0.1,166.0,70.0,,,,,,
2023-04-12T00:00,64,Moderate,14.8,26.2,1.0,0.1,166.0,69.0,,,,,,
2023-04-12T01:00,64,Moderate,15.2,26.8,0.9,0.1,165.0,67.0,,,,,,
2023-04-12T02:00,64,Moderate,15.5,27.3,0.8,0.1,163.0,66.0,,,,,,
2023-04-12T03:00,64,Moderate,15.8,27.6,0.7,0.1,162.0,65.0,,,,,,
2023-04-12T04:00,64,Moderate,15.9,27.6,0.6,0.1,161.0,65.0,,,,,,
2023-04-12T05:00,64,Moderate,16.9,29.5,0.3,0.1,156.0,65.0,,,,,,
2023-04-12T06:00,64,Moderate,16.9,29.4,0.3,0.1,156.0,66.0,,,,,,
2023-04-12T07:00,64,Moderate,17.1,29.6,0.3,0.1,155.0,66.0,,,,,,
2023-04-12T08:00,64,Moderate,17.4,29.8,0.2,0.1,155.0,67.0,,,,,,
2023-04-12T09:00,64,Moderate,17.6,30.0,0.1,0.1,156.0,67.0,,,,,,
2023-04-12T10:00,64,Moderate,18.6,31.3,0.1,0.1,156.0,67.0,,,,,,
2023-04-12T11:00,64,Moderate,19.6,32.7,0.0,0.1,158.0,66.0,,,,,,
2023-04-12T12:00,65,Moderate,20.5,34.0,0.0,0.1,159.0,65.0,,,,,,
2023-04-12T13:00,65,Moderate,21.0,34.6,0.0,0.1,161.0,63.0,,,,,,
2023-04-12T14:00,65,Moderate,20.8,34.1,0.0,0.1,164.0,62.0,,,,,,
2023-04-12T15:00,65,Moderate,19.7,32.2,0.0,0.1,168.0,62.0,,,,,,
2023-04-12T16:00,65,Moderate,18.0,29.7,0.1,0.1,173.0,63.0,,,,,,
2023-04-12T17:00,65,Moderate,12.0,20.5,0.2,0.1,176.0,62.0,,,,,,
2023-04-12T18:00,65,Moderate,10.5,18.2,0.3,0.1,178.0,63.0,,,,,,
2023-04-12T19:00,64,Moderate,9.7,16.9,0.4,0.1,180.0,65.0,,,,,,
2023-04-12T20:00,64,Moderate,8.5,15.1,0.5,0.1,183.0,67.0,,,,,,
2023-04-12T21:00,63,Moderate,7.6,13.8,0.6,0.1,185.0,69.0,,,,,,
2023-04-12T22:00,63,Moderate,6.9,12.8,0.7,0.1,186.0,72.0,,,,,,
2023-04-12T23:00,62,Moderate,6.5,12.2,0.8,0.1,187.0,74.0,,,,,,
2023-04-13T00:00,62,Moderate,6.6,12.5,0.8,0.1,187.0,75.0,,,,,,
2023-04-13T01:00,61,Moderate,6.8,12.9,0.7,0.1,187.0,74.0,,,,,,
2023-04-13T02:00,60,Moderate,6.8,13.1,0.6,0.1,187.0,74.0,,,,,,
2023-04-13T03:00,60,Moderate,6.8,13.2,0.5,0.1,187.0,74.0,,,,,,
2023-04-13T04:00,59,Moderate,6.8,13.2,0.4,0.1,187.0,73.0,,,,,,
2023-04-13T05:00,58,Moderate,7.1,13.9,0.3,0.1,178.0,73.0,,,,,,
2023-04-13T06:00,57,Moderate,7.3,14.1,0.3,0.1,179.0,73.0,,,,,,
2023-04-13T07:00,57,Moderate,7.7,14.6,0.4,0.2,181.0,73.0,,,,,,
2023-04-13T08:00,56,Moderate,8.4,15.7,0.4,0.2,185.0,74.0,,,,,,
2023-04-13T09:00,55,Moderate,10.2,18.2,0.4,0.2,190.0,76.0,,,,,,
2023-04-13T10:00,55,Moderate,13.0,22.4,0.3,0.2,195.0,78.0,,,,,,
2023-04-13T11:00,54,Moderate,16.7,27.9,0.2,0.2,208.0,81.0,,,,,,
2023-04-13T12:00,54,Moderate,21.1,34.5,0.2,0.2,225.0,82.0,,,,,,
2023-04-13T13:00,54,Moderate,24.8,39.9,0.2,0.2,245.0,83.0,,,,,,
2023-04-13T14:00,54,Moderate,26.0,41.6,0.3,0.2,267.0,84.0,,,,,,
2023-04-13T15:00,55,Moderate,25.3,40.2,0.3,0.2,274.0,84.0,,,,,,
2023-04-13T16:00,55,Moderate,23.9,37.8,0.4,0.1,275.0,85.0,,,,,,
2023-04-13T17:00,56,Moderate,32.2,49.9,0.2,0.1,279.0,71.0,,,,,,
2023-04-13T18:00,57,Moderate,31.3,48.5,0.1,0.1,276.0,72.0,,,,,,
2023-04-13T19:00,59,Moderate,30.4,47.0,0.0,0.0,271.0,73.0,,,,,,
2023-04-13T20:00,60,Moderate,29.2,45.4,0.2,0.2,263.0,75.0,,,,,,
2023-04-13T21:00,62,Moderate,28.0,43.7,0.7,0.5,256.0,76.0,,,,,,
2023-04-13T22:00,64,Moderate,26.9,42.4,1.3,0.8,247.0,78.0,,,,,,
2023-04-13T23:00,65,Moderate,25.9,41.3,2.6,2.2,239.0,79.0,,,,,,
2023-04-14T00:00,67,Moderate,25.1,40.6,4.1,4.3,237.0,79.0,,,,,,
2023-04-14T01:00,68,Moderate,24.3,39.8,5.8,7.0,236.0,79.0,,,,,,
2023-04-14T02:00,70,Moderate,23.6,38.8,7.6,10.7,238.0,79.0,,,,,,
2023-04-14T03:00,71,Moderate,23.5,38.5,8.0,13.2,240.0,78.0,,,,,,
2023-04-14T04:00,72,Moderate,23.5,38.4,7.8,15.7,244.0,76.0,,,,,,
2023-04-14T05:00,74,Moderate,25.0,40.5,9.4,19.3,257.0,72.0,,,,,,
2023-04-14T06:00,75,Moderate,27.1,43.2,9.3,20.4,261.0,74.0,,,,,,
2023-04-14T07:00,77,Moderate,27.7,43.8,9.0,22.0,267.0,77.0,,,,,,
2023-04-14T08:00,78,Moderate,28.2,44.2,8.1,23.2,271.0,86.0,,,,,,
2023-04-14T09:00,80,Moderate,28.8,44.8,6.5,22.8,269.0,102.0,,,,,,
2023-04-14T10:00,81,Moderate,29.0,44.9,4.3,21.7,264.0,123.0,,,,,,
2023-04-14T11:00,82,Moderate,31.0,48.0,2.0,19.6,259.0,144.0,,,,,,
2023-04-14T12:00,83,Moderate,33.2,51.8,1.2,17.6,260.0,150.0,,,,,,
2023-04-14T13:00,84,Moderate,34.0,53.9,0.8,15.3,263.0,152.0,,,,,,
2023-04-14T14:00,85,Moderate,32.9,53.0,0.6,11.9,266.0,148.0,,,,,,
2023-04-14T15:00,86,Moderate,29.8,48.9,0.5,8.9,264.0,139.0,,,,,,
2023-04-14T16:00,89,Moderate,25.6,43.0,0.5,5.7,261.0,126.0,,,,,,
2023-04-14T17:00,97,Moderate,27.9,47.3,0.5,2.7,262.0,106.0,,,,,,
2023-04-14T18:00,98,Moderate,25.3,43.2,1.2,2.8,260.0,105.0,,,,,,
2023-04-14T19:00,94,Moderate,23.9,41.2,2.3,3.0,257.0,103.0,,,,,,
2023-04-14T20:00,85,Moderate,23.5,40.3,3.6,3.7,255.0,101.0,,,,,,
2023-04-14T21:00,84,Moderate,23.2,39.8,4.5,4.8,256.0,100.0,,,,,,
2023-04-14T22:00,84,Moderate,23.2,39.6,5.4,6.1,258.0,99.0,,,,,,
2023-04-14T23:00,84,Moderate,23.0,39.2,6.0,7.8,260.0,98.0,,,,,,
2023-04-15T00:00,84,Moderate,22.5,38.2,5.7,8.7,261.0,98.0,,,,,,
2023-04-15T01:00,83,Moderate,21.9,37.3,5.0,9.5,263.0,99.0,,,,,,
2023-04-15T02:00,83,Moderate,21.3,36.2,4.0,10.2,263.0,99.0,,,,,,
2023-04-15T03:00,83,Moderate,20.7,35.2,3.4,10.4,262.0,98.0,,,,,,
2023-04-15T04:00,83,Moderate,20.4,34.5,2.9,10.3,259.0,97.0,,,,,,
2023-04-15T05:00,82,Moderate,20.3,34.1,3.6,12.1,266.0,93.0,,,,,,
2023-04-15T06:00,82,Moderate,20.1,33.5,4.0,12.9,267.0,94.0,,,,,,
2023-04-15T07:00,82,Moderate,20.1,33.6,4.7,14.1,270.0,96.0,,,,,,
2023-04-15T08:00,81,Moderate,20.8,34.6,5.0,15.5,272.0,106.0,,,,,,
2023-04-15T09:00,80,Moderate,22.5,36.9,4.5,16.5,274.0,125.0,,,,,,
2023-04-15T10:00,80,Moderate,24.4,39.7,3.6,17.4,277.0,150.0,,,,,,
2023-04-15T11:00,80,Moderate,26.4,42.8,2.5,17.0,275.0,172.0,,,,,,
2023-04-15T12:00,79,Moderate,27.6,45.6,1.9,14.5,266.0,170.0,,,,,,
2023-04-15T13:00,81,Moderate,27.3,46.0,1.3,10.8,253.0,159.0,,,,,,
2023-04-15T14:00,95,Moderate,26.0,44.6,0.7,6.4,237.0,143.0,,,,,,
2023-04-15T15:00,105,Unhealthy for Sensitive Groups,23.6,41.6,0.4,4.1,229.0,133.0,,,,,,
2023-04-15T16:00,113,Unhealthy for Sensitive Groups,21.4,38.3,0.2,2.3,222.0,123.0,,,,,,
2023-04-15T17:00,116,Unhealthy for Sensitive Groups,27.4,46.7,0.3,1.9,215.0,113.0,,,,,,
2023-04-15T18:00,114,Unhealthy for Sensitive Groups,25.7,44.1,0.7,1.8,212.0,110.0,,,,,,
2023-04-15T19:00,105,Unhealthy for Sensitive Groups,24.8,42.7,1.2,1.8,208.0,105.0,,,,,,
2023-04-15T20:00,91,Moderate,23.9,41.3,1.8,1.8,203.0,100.0,,,,,,
2023-04-15T21:00,77,Moderate,23.1,39.9,2.0,1.9,201.0,97.0,,,,,,
2023-04-15T22:00,77,Moderate,22.4,38.6,2.1,2.0,199.0,95.0,,,,,,
2023-04-15T23:00,77,Moderate,21.7,37.5,2.4,2.7,198.0,92.0,,,,,,
2023-04-16T00:00,77,Moderate,21.0,36.4,2.8,3.7,199.0,90.0,,,,,,
2023-04-16T01:00,77,Moderate,20.5,35.3,3.2,5.0,200.0,89.0,,,,,,
2023-04-16T02:00,77,Moderate,20.0,34.3,3.8,7.1,204.0,87.0,,,,,,
2023-04-16T03:00,76,Moderate,19.7,33.6,4.1,8.8,208.0,85.0,,,,,,
2023-04-16T04:00,76,Moderate,19.7,33.2,4.2,10.8,214.0,83.0,,,,,,
2023-04-16T05:00,76,Moderate,21.1,35.0,7.6,14.4,234.0,75.0,,,,,,
2023-04-16T06:00,76,Moderate,21.8,35.7,8.1,16.4,245.0,79.0,,,,,,
2023-04-16T07:00,76,Moderate,23.0,37.1,8.8,19.1,261.0,84.0,,,,,,
2023-04-16T08:00,77,Moderate,25.1,39.9,8.7,21.2,274.0,97.0,,,,,,
2023-04-16T09:00,77,Moderate,27.8,43.7,7.0,20.2,273.0,115.0,,,,,,
2023-04-16T10:00,77,Moderate,28.5,45.3,4.4,18.0,266.0,138.0,,,,,,
2023-04-16T11:00,78,Moderate,28.6,46.3,1.6,14.3,252.0,156.0,,,,,,
2023-04-16T12:00,78,Moderate,27.5,45.8,0.7,11.3,238.0,149.0,,,,,,
2023-04-16T13:00,78,Moderate,26.9,45.3,0.5,7.8,221.0,131.0,,,,,,
2023-04-16T14:00,78,Moderate,24.9,42.5,0.3,4.1,202.0,109.0,,,,,,
2023-04-16T15:00,78,Moderate,23.3,40.2,0.1,2.4,192.0,101.0,,,,,,
2023-04-16T16:00,78,Moderate,21.7,37.8,0.0,1.4,185.0,97.0,,,,,,
2023-04-16T17:00,78,Moderate,22.1,38.8,0.2,1.2,184.0,90.0,,,,,,
2023-04-16T18:00,77,Moderate,21.6,37.7,0.2,1.0,183.0,91.0,,,,,,
2023-04-16T19:00,77,Moderate,21.7,37.6,0.2,0.7,181.0,91.0,,,,,,
2023-04-16T20:00,77,Moderate,22.0,37.8,0.2,0.5,180.0,92.0,,,,,,
2023-04-16T21:00,77,Moderate,22.5,38.4,0.2,0.3,180.0,92.0,,,,,,
2023-04-16T22:00,77,Moderate,23.1,39.1,0.1,0.2,180.0,92.0,,,,,,
2023-04-16T23:00,77,Moderate,23.7,40.0,0.4,0.7,182.0,91.0,,,,,,
2023-04-17T00:00,77,Moderate,24.4,40.9,1.1,1.8,184.0,89.0,,,,,,
2023-04-17T01:00,77,Moderate,24.8,41.2,2.0,3.5,187.0,86.0,,,,,,
2023-04-17T02:00,77,Moderate,24.9,41.1,3.3,6.2,193.0,83.0,,,,,,
2023-04-17T03:00,78,Moderate,24.9,40.7,4.2,8.8,201.0,80.0,,,,,,
2023-04-17T04:00,78,Moderate,25.0,40.5,5.1,11.8,211.0,77.0,,,,,,
2023-04-17T05:00,79,Moderate,26.3,41.9,7.1,15.1,236.0,71.0,,,,,,
2023-04-17T06:00,79,Moderate,26.7,42.1,7.0,16.4,242.0,76.0,,,,,,
2023-04-17T07:00,79,Moderate,27.2,42.8,6.8,18.3,251.0,82.0,,,,,,
2023-04-17T08:00,80,Moderate,28.0,43.9,6.1,19.6,258.0,95.0,,,,,,
2023-04-17T09:00,80,Moderate,28.6,44.7,4.8,18.9,257.0,111.0,,,,,,
2023-04-17T10:00,80,Moderate,30.0,47.0,3.1,17.2,253.0,131.0,,,,,,
2023-04-17T11:00,80,Moderate,29.9,47.4,1.3,14.1,244.0,146.0,,,,,,
2023-04-17T12:00,80,Moderate,30.6,48.9,0.7,10.9,235.0,138.0,,,,,,
2023-04-17T13:00,81,Moderate,29.7,47.8,0.4,7.0,223.0,120.0,,,,,,
2023-04-17T14:00,81,Moderate,27.3,44.4,0.2,2.9,210.0,100.0,,,,,,
2023-04-17T15:00,81,Moderate,24.6,40.7,0.1,1.4,203.0,94.0,,,,,,
2023-04-17T16:00,81,Moderate,23.2,38.9,0.1,0.8,199.0,92.0,,,,,,
2023-04-17T17:00,81,Moderate,26.2,43.0,0.1,0.8,195.0,85.0,,,,,,
2023-04-17T18:00,82,Moderate,24.4,40.5,0.0,0.6,193.0,86.0,,,,,,
2023-04-17T19:00,82,Moderate,23.7,39.7,0.0,0.3,190.0,88.0,,,,,,
2023-04-17T20:00,82,Moderate,23.5,39.5,0.1,0.5,188.0,90.0,,,,,,
2023-04-17T21:00,82,Moderate,23.4,39.6,1.2,1.4,188.0,89.0,,,,,,
2023-04-17T22:00,82,Moderate,23.3,39.7,2.7,2.8,188.0,88.0,,,,,,
2023-04-17T23:00,82,Moderate,22.8,38.9,4.4,5.0,191.0,86.0,,,,,,
2023-04-18T00:00,82,Moderate,21.8,37.3,5.1,7.0,195.0,84.0,,,,,,
2023-04-18T01:00,82,Moderate,20.8,35.5,5.4,9.2,201.0,83.0,,,,,,
2023-04-18T02:00,82,Moderate,20.0,33.9,5.6,11.8,209.0,81.0,,,,,,
2023-04-18T03:00,81,Moderate,20.0,33.4,5.4,13.0,215.0,80.0,,,,,,
2023-04-18T04:00,81,Moderate,20.3,33.5,5.1,13.8,221.0,80.0,,,,,,
2023-04-18T05:00,80,Moderate,22.0,35.6,6.5,16.4,240.0,77.0,,,,,,
2023-04-18T06:00,80,Moderate,22.2,35.9,6.3,17.2,244.0,80.0,,,,,,
2023-04-18T07:00,80,Moderate,22.6,36.1,5.9,18.2,249.0,85.0,,,,,,
2023-04-18T08:00,79,Moderate,23.5,37.3,5.2,19.1,254.0,96.0,,,,,,
2023-04-18T09:00,79,Moderate,24.9,39.2,4.2,19.2,254.0,113.0,,,,,,
2023-04-18T10:00,79,Moderate,25.5,39.9,3.0,18.9,253.0,134.0,,,,,,
2023-04-18T11:00,78,Moderate,27.5,43.2,1.6,17.1,248.0,152.0,,,,,,
2023-04-18T12:00,78,Moderate,27.4,43.7,1.0,14.0,240.0,148.0,,,,,,
2023-04-18T13:00,78,Moderate,27.2,44.2,0.6,9.8,229.0,134.0,,,,,,
2023-04-18T14:00,78,Moderate,25.0,41.1,0.3,5.0,217.0,116.0,,,,,,
2023-04-18T15:00,78,Moderate,22.5,37.6,0.2,3.0,212.0,107.0,,,,,,
2023-04-18T16:00,79,Moderate,20.8,35.2,0.1,1.8,209.0,99.0,,,,,,
2023-04-18T17:00,80,Moderate,16.1,28.2,0.1,1.1,215.0,88.0,,,,,,
2023-04-18T18:00,76,Moderate,15.7,27.6,0.0,0.8,214.0,89.0,,,,,,
2023-04-18T19:00,76,Moderate,15.5,27.4,0.0,0.4,213.0,90.0,,,,,,
2023-04-18T20:00,75,Moderate,15.5,27.5,0.2,0.6,211.0,90.0,,,,,,
2023-04-18T21:00,74,Moderate,15.2,27.3,1.5,1.7,210.0,89.0,,,,,,
2023-04-18T22:00,74,Moderate,14.7,26.7,3.3,3.3,208.0,87.0,,,,,,
2023-04-18T23:00,73,Moderate,14.2,26.0,5.3,5.7,208.0,84.0,,,,,,
2023-04-19T00:00,72,Moderate,14.1,25.8,6.1,7.6,211.0,83.0,,,,,,
2023-04-19T01:00,72,Moderate,14.3,25.7,6.5,9.7,215.0,82.0,,,,,,
2023-04-19T02:00,71,Moderate,14.6,25.9,6.6,11.9,221.0,81.0,,,,,,
2023-04-19T03:00,71,Moderate,15.4,26.8,6.2,12.9,227.0,81.0,,,,,,
2023-04-19T04:00,70,Moderate,16.3,27.9,5.6,13.4,233.0,81.0,,,,,,
2023-04-19T05:00,70,Moderate,17.2,29.2,5.0,13.9,241.0,83.0,,,,,,
2023-04-19T06:00,70,Moderate,17.6,29.6,4.8,14.3,244.0,86.0,,,,,,
2023-04-19T07:00,69,Moderate,18.1,30.3,4.4,14.9,247.0,91.0,,,,,,
2023-04-19T08:00,69,Moderate,18.9,31.4,3.8,15.0,250.0,100.0,,,,,,
2023-04-19T09:00,69,Moderate,19.8,32.7,3.2,14.3,250.0,113.0,,,,,,
2023-04-19T10:00,68,Moderate,21.8,35.6,2.5,13.0,250.0,129.0,,,,,,
2023-04-19T11:00,68,Moderate,22.8,37.5,1.7,10.8,244.0,141.0,,,,,,
2023-04-19T12:00,68,Moderate,23.9,40.0,1.1,8.4,234.0,135.0,,,,,,
2023-04-19T13:00,67,Moderate,24.0,41.2,0.6,5.5,220.0,122.0,,,,,,
2023-04-19T14:00,67,Moderate,22.4,39.3,0.3,2.6,204.0,106.0,,,,,,
2023-04-19T15:00,67,Moderate,20.4,36.7,0.3,1.8,196.0,100.0,,,,,,
2023-04-19T16:00,68,Moderate,19.0,34.7,0.6,1.7,191.0,95.0,,,,,,
2023-04-19T17:00,67,Moderate,19.7,35.9,1.0,1.5,192.0,88.0,,,,,,
2023-04-19T18:00,67,Moderate,19.8,35.5,2.2,2.6,196.0,87.0,,,,,,
2023-04-19T19:00,67,Moderate,20.3,35.9,3.9,4.1,202.0,84.0,,,,,,
2023-04-19T20:00,68,Moderate,21.3,37.0,5.7,5.8,210.0,82.0,,,,,,
2023-04-19T21:00,68,Moderate,22.2,38.1,6.1,6.5,217.0,81.0,,,,,,
2023-04-19T22:00,69,Moderate,22.9,38.9,5.9,6.9,225.0,80.0,,,,,,
2023-04-19T23:00,69,Moderate,23.4,39.5,5.5,7.4,234.0,80.0,,,,,,
2023-04-20T00:00,70,Moderate,23.5,39.3,5.1,7.8,239.0,80.0,,,,,,
2023-04-20T01:00,71,Moderate,23.3,39.0,4.5,8.1,243.0,81.0,,,,,,
2023-04-20T02:00,71,Moderate,23.1,38.5,3.7,8.5,246.0,81.0,,,,,,
2023-04-20T03:00,72,Moderate,22.7,37.7,3.2,8.7,247.0,80.0,,,,,,
2023-04-20T04:00,73,Moderate,22.2,36.9,2.7,8.9,246.0,79.0,,,,,,
2023-04-20T05:00,73,Moderate,21.8,36.3,2.2,8.4,233.0,79.0,,,,,,
2023-04-20T06:00,73,Moderate,21.5,35.9,2.8,9.0,233.0,79.0,,,,,,
2023-04-20T07:00,74,Moderate,21.4,35.6,3.6,9.8,233.0,80.0,,,,,,
2023-04-20T08:00,74,Moderate,21.4,35.4,4.2,10.5,234.0,86.0,,,,,,
2023-04-20T09:00,74,Moderate,21.9,36.0,3.9,10.4,237.0,100.0,,,,,,
2023-04-20T10:00,74,Moderate,23.2,38.0,3.2,10.0,240.0,118.0,,,,,,
2023-04-20T11:00,75,Moderate,24.9,40.6,2.2,8.9,240.0,135.0,,,,,,
2023-04-20T12:00,75,Moderate,26.1,43.2,1.6,7.4,232.0,133.0,,,,,,
2023-04-20T13:00,75,Moderate,26.4,44.5,1.0,5.4,220.0,125.0,,,,,,
2023-04-20T14:00,75,Moderate,25.3,43.8,0.6,3.3,208.0,113.0,,,,,,
2023-04-20T15:00,75,Moderate,23.9,41.8,0.7,2.6,206.0,107.0,,,,,,
2023-04-20T16:00,76,Moderate,22.7,39.9,1.0,2.4,206.0,102.0,,,,,,
2023-04-20T17:00,76,Moderate,22.2,38.9,1.7,2.3,203.0,94.0,,,,,,
2023-04-20T18:00,76,Moderate,21.8,38.0,2.9,3.0,208.0,91.0,,,,,,
2023-04-20T19:00,76,Moderate,21.2,36.6,4.6,4.0,214.0,86.0,,,,,,
2023-04-20T20:00,76,Moderate,20.4,34.9,6.5,5.3,223.0,80.0,,,,,,
2023-04-20T21:00,76,Moderate,19.6,33.3,7.1,6.1,229.0,77.0,,,,,,
2023-04-20T22:00,76,Moderate,19.2,32.5,7.4,6.9,234.0,75.0,,,,,,
2023-04-20T23:00,76,Moderate,18.7,31.7,7.3,7.8,241.0,73.0,,,,,,
2023-04-21T00:00,75,Moderate,18.6,31.2,6.8,8.4,245.0,72.0,,,,,,
2023-04-21T01:00,75,Moderate,18.5,31.0,6.0,8.9,248.0,73.0,,,,,,
2023-04-21T02:00,75,Moderate,18.3,30.5,5.0,9.5,251.0,73.0,,,,,,
2023-04-21T03:00,74,Moderate,17.5,29.3,4.3,9.7,250.0,73.0,,,,,,
2023-04-21T04:00,74,Moderate,17.3,29.0,3.6,9.8,248.0,73.0,,,,,,
2023-04-21T05:00,73,Moderate,14.4,25.1,2.1,8.3,217.0,74.0,,,,,,
2023-04-21T06:00,73,Moderate,14.1,24.4,2.7,9.0,219.0,75.0,,,,,,
2023-04-21T07:00,72,Moderate,13.8,23.9,3.4,9.9,221.0,78.0,,,,,,
2023-04-21T08:00,72,Moderate,14.2,24.2,4.0,10.5,223.0,84.0,,,,,,
2023-04-21T09:00,71,Moderate,15.2,25.8,3.6,10.1,222.0,95.0,,,,,,
2023-04-21T10:00,71,Moderate,16.1,27.6,2.8,9.1,220.0,109.0,,,,,,
2023-04-21T11:00,70,Moderate,16.8,29.3,1.8,7.5,215.0,120.0,,,,,,
2023-04-21T12:00,69,Moderate,17.0,30.6,1.3,5.9,208.0,116.0,,,,,,
2023-04-21T13:00,69,Moderate,16.4,30.4,0.8,4.0,199.0,107.0,,,,,,
2023-04-21T14:00,68,Moderate,15.2,28.9,0.6,2.2,190.0,95.0,,,,,,
2023-04-21T15:00,67,Moderate,14.3,27.8,0.9,2.0,188.0,91.0,,,,,,
2023-04-21T16:00,66,Moderate,13.4,26.6,1.5,2.3,188.0,89.0,,,,,,
2023-04-21T17:00,66,Moderate,15.8,29.9,2.5,2.7,196.0,88.0,,,,,,
2023-04-21T18:00,65,Moderate,15.9,29.3,3.9,3.7,202.0,86.0,,,,,,
2023-04-21T19:00,65,Moderate,16.8,30.0,5.8,5.0,212.0,84.0,,,,,,
2023-04-21T20:00,64,Moderate,17.8,30.9,7.6,6.6,223.0,81.0,,,,,,
2023-04-21T21:00,64,Moderate,18.1,30.7,7.8,7.3,229.0,80.0,,,,,,
2023-04-21T22:00,64,Moderate,17.8,30.0,7.3,7.7,233.0,79.0,,,,,,
2023-04-21T23:00,64,Moderate,16.9,28.6,6.5,8.2,238.0,78.0,,,,,,
2023-04-22T00:00,64,Moderate,15.8,26.7,5.9,8.6,241.0,78.0,,,,,,
2023-04-22T01:00,63,Moderate,14.4,24.2,5.2,9.0,244.0,77.0,,,,,,
2023-04-22T02:00,63,Moderate,13.4,22.2,4.5,9.6,249.0,77.0,,,,,,
2023-04-22T03:00,63,Moderate,12.7,20.8,4.2,10.1,254.0,76.0,,,,,,
2023-04-22T04:00,62,Moderate,12.6,20.3,4.0,10.6,259.0,74.0,,,,,,
2023-04-22T05:00,62,Moderate,12.1,19.4,3.8,10.7,259.0,73.0,,,,,,
2023-04-22T06:00,62,Moderate,12.2,19.3,4.0,11.3,261.0,75.0,,,,,,
2023-04-22T07:00,62,Moderate,12.6,19.9,4.4,12.1,264.0,79.0,,,,,,
2023-04-22T08:00,62,Moderate,13.6,21.2,4.5,13.1,267.0,89.0,,,,,,
2023-04-22T09:00,62,Moderate,15.2,23.6,4.1,13.8,268.0,106.0,,,,,,
2023-04-22T10:00,62,Moderate,17.8,27.5,3.4,14.4,268.0,129.0,,,,,,
2023-04-22T11:00,62,Moderate,19.7,30.6,2.4,14.1,264.0,150.0,,,,,,
2023-04-22T12:00,62,Moderate,20.1,32.1,1.7,12.1,255.0,151.0,,,,,,
2023-04-22T13:00,62,Moderate,19.9,32.9,1.1,9.2,243.0,143.0,,,,,,
2023-04-22T14:00,63,Moderate,19.3,33.1,0.6,5.9,230.0,132.0,,,,,,
2023-04-22T15:00,75,Moderate,17.8,31.2,0.6,4.7,226.0,126.0,,,,,,
2023-04-22T16:00,85,Moderate,17.2,30.6,0.9,4.0,224.0,119.0,,,,,,
2023-04-22T17:00,91,Moderate,22.1,37.8,2.4,4.8,231.0,115.0,,,,,,
2023-04-22T18:00,93,Moderate,22.5,38.1,5.3,7.4,241.0,115.0,,,,,,
2023-04-22T19:00,90,Moderate,23.5,38.8,9.4,11.2,255.0,114.0,,,,,,
2023-04-22T20:00,82,Moderate,24.7,39.5,13.5,15.4,272.0,113.0,,,,,,
2023-04-22T21:00,74,Moderate,25.6,40.0,14.3,16.9,281.0,111.0,,,,,,
2023-04-22T22:00,68,Moderate,26.8,41.7,14.0,17.7,288.0,109.0,,,,,,
2023-04-22T23:00,67,Moderate,27.6,42.6,13.1,18.5,297.0,106.0,,,,,,
2023-04-23T00:00,68,Moderate,29.0,44.5,12.4,19.3,304.0,105.0,,,,,,
2023-04-23T01:00,69,Moderate,30.7,46.6,11.5,20.1,312.0,103.0,,,,,,
2023-04-23T02:00,70,Moderate,32.6,49.0,10.1,20.7,319.0,102.0,,,,,,
2023-04-23T03:00,71,Moderate,33.6,50.4,9.0,20.6,322.0,100.0,,,,,,
2023-04-23T04:00,73,Moderate,33.5,50.1,7.9,20.2,323.0,99.0,,,,,,
2023-04-23T05:00,75,Moderate,29.0,43.8,7.3,18.0,310.0,90.0,,,,,,
2023-04-23T06:00,76,Moderate,27.7,42.0,7.0,18.7,308.0,93.0,,,,,,
2023-04-23T07:00,77,Moderate,26.9,40.7,6.6,19.6,306.0,97.0,,,,,,
2023-04-23T08:00,78,Moderate,27.0,41.0,5.7,20.4,302.0,108.0,,,,,,
2023-04-23T09:00,79,Moderate,28.6,43.3,4.7,20.5,300.0,125.0,,,,,,
2023-04-23T10:00,80,Moderate,28.9,43.8,3.4,20.4,299.0,147.0,,,,,,
2023-04-23T11:00,81,Moderate,29.5,45.2,2.0,18.9,292.0,166.0,,,,,,
2023-04-23T12:00,82,Moderate,29.2,45.4,1.3,16.1,279.0,163.0,,,,,,
2023-04-23T13:00,83,Moderate,27.2,43.7,0.8,12.2,263.0,152.0,,,,,,
2023-04-23T14:00,90,Moderate,25.3,42.0,0.6,7.9,243.0,135.0,,,,,,
2023-04-23T15:00,99,Moderate,22.6,39.0,0.8,5.9,231.0,124.0,,,,,,
2023-04-23T16:00,105,Unhealthy for Sensitive Groups,21.1,37.5,1.3,4.5,221.0,112.0,,,,,,
2023-04-23T17:00,106,Unhealthy for Sensitive Groups,17.6,32.2,1.1,2.7,229.0,105.0,,,,,,
2023-04-23T18:00,101,Unhealthy for Sensitive Groups,16.8,30.9,2.2,3.7,234.0,106.0,,,,,,
2023-04-23T19:00,93,Moderate,16.7,30.5,3.7,5.0,241.0,108.0,,,,,,
2023-04-23T20:00,83,Moderate,16.9,30.7,5.0,6.3,248.0,109.0,,,,,,
2023-04-23T21:00,83,Moderate,16.9,30.9,4.8,6.4,251.0,109.0,,,,,,
2023-04-23T22:00,82,Moderate,16.1,29.7,4.0,6.0,253.0,109.0,,,,,,
2023-04-23T23:00,81,Moderate,16.9,31.0,2.8,5.2,252.0,108.0,,,,,,
2023-04-24T00:00,80,Moderate,16.7,30.4,2.2,4.6,247.0,106.0,,,,,,
2023-04-24T01:00,79,Moderate,15.9,28.4,1.6,3.8,239.0,104.0,,,,,,
2023-04-24T02:00,78,Moderate,14.9,26.7,0.9,2.8,230.0,102.0,,,,,,
2023-04-24T03:00,77,Moderate,14.7,26.7,0.6,2.0,226.0,101.0,,,,,,
2023-04-24T04:00,75,Moderate,14.1,25.7,0.4,1.1,222.0,101.0,,,,,,
2023-04-24T05:00,74,Moderate,13.9,25.0,0.3,0.3,218.0,97.0,,,,,,
2023-04-24T06:00,72,Moderate,13.9,25.0,0.3,0.3,218.0,97.0,,,,,,
2023-04-24T07:00,71,Moderate,13.2,23.6,0.3,0.2,219.0,96.0,,,,,,
2023-04-24T08:00,70,Moderate,12.7,22.5,0.3,0.2,221.0,96.0,,,,,,
2023-04-24T09:00,69,Moderate,12.7,22.1,0.2,0.2,223.0,96.0,,,,,,
2023-04-24T10:00,68,Moderate,12.8,22.0,0.2,0.2,227.0,97.0,,,,,,
2023-04-24T11:00,67,Moderate,13.7,23.3,0.1,0.2,230.0,96.0,,,,,,
2023-04-24T12:00,65,Moderate,14.6,24.7,0.1,0.2,231.0,93.0,,,,,,
2023-04-24T13:00,64,Moderate,14.7,24.9,0.1,0.2,231.0,90.0,,,,,,
2023-04-24T14:00,63,Moderate,14.2,24.4,0.1,0.2,232.0,87.0,,,,,,
2023-04-24T15:00,62,Moderate,13.5,23.5,0.1,0.2,233.0,88.0,,,,,,
2023-04-24T16:00,62,Moderate,13.1,23.0,0.1,0.2,235.0,90.0,,,,,,
2023-04-24T17:00,61,Moderate,11.8,21.1,0.1,0.1,207.0,76.0,,,,,,
2023-04-24T18:00,61,Moderate,11.8,21.3,0.1,0.1,204.0,77.0,,,,,,
2023-04-24T19:00,60,Moderate,11.7,21.1,0.1,0.1,201.0,77.0,,,,,,
2023-04-24T20:00,60,Moderate,11.8,21.1,0.1,0.1,197.0,78.0,,,,,,
2023-04-24T21:00,59,Moderate,12.1,21.8,0.1,0.1,196.0,78.0,,,,,,
2023-04-24T22:00,59,Moderate,12.7,22.9,0.1,0.1,195.0,77.0,,,,,,
2023-04-24T23:00,59,Moderate,13.3,24.0,0.1,0.1,195.0,77.0,,,,,,
2023-04-25T00:00,59,Moderate,14.1,25.2,0.1,0.1,196.0,77.0,,,,,,
2023-04-25T01:00,58,Moderate,14.5,25.6,0.1,0.1,197.0,78.0,,,,,,
2023-04-25T02:00,58,Moderate,13.9,24.1,0.1,0.1,197.0,79.0,,,,,,
2023-04-25T03:00,58,Moderate,13.3,22.6,0.1,0.1,195.0,79.0,,,,,,
2023-04-25T04:00,58,Moderate,12.5,21.1,0.1,0.1,192.0,79.0,,,,,,
2023-04-25T05:00,58,Moderate,12.3,21.5,0.9,1.6,180.0,74.0,,,,,,
2023-04-25T06:00,58,Moderate,11.5,20.0,0.8,1.2,178.0,74.0,,,,,,
2023-04-25T07:00,58,Moderate,10.8,18.6,0.6,0.7,174.0,75.0,,,,,,
2023-04-25T08:00,57,Moderate,10.4,17.8,0.4,0.2,170.0,76.0,,,,,,
2023-04-25T09:00,57,Moderate,10.4,17.7,0.3,0.1,169.0,78.0,,,,,,
2023-04-25T10:00,57,Moderate,11.1,18.2,0.3,0.1,168.0,80.0,,,,,,
2023-04-25T11:00,57,Moderate,11.8,18.9,0.3,0.2,167.0,82.0,,,,,,
2023-04-25T12:00,57,Moderate,12.3,19.6,0.3,0.2,166.0,81.0,,,,,,
2023-04-25T13:00,57,Moderate,11.8,18.9,0.2,0.2,166.0,80.0,,,,,,
2023-04-25T14:00,56,Moderate,10.7,17.1,0.2,0.2,166.0,78.0,,,,,,
2023-04-25T15:00,56,Moderate,9.4,15.4,0.2,0.2,167.0,77.0,,,,,,
2023-04-25T16:00,56,Moderate,8.2,13.7,0.2,0.2,168.0,76.0,,,,,,
2023-04-25T17:00,55,Moderate,7.3,12.6,0.3,0.2,174.0,82.0,,,,,,
2023-04-25T18:00,55,Moderate,7.2,12.5,0.4,0.2,179.0,84.0,,,,,,
2023-04-25T19:00,55,Moderate,7.4,12.6,0.5,0.3,186.0,88.0,,,,,,
2023-04-25T20:00,54,Moderate,7.6,12.8,0.6,0.3,193.0,91.0,,,,,,
2023-04-25T21:00,54,Moderate,8.0,13.3,0.5,0.3,195.0,91.0,,,,,,
2023-04-25T22:00,54,Moderate,8.3,13.9,0.4,0.2,195.0,91.0,,,,,,
2023-04-25T23:00,53,Moderate,8.4,13.9,0.3,0.2,193.0,89.0,,,,,,
2023-04-26T00:00,53,Moderate,8.5,14.1,0.2,0.2,190.0,87.0,,,,,,
2023-04-26T01:00,52,Moderate,8.7,14.4,0.2,0.1,186.0,85.0,,,,,,
2023-04-26T02:00,52,Moderate,8.3,13.8,0.2,0.1,181.0,83.0,,,,,,
2023-04-26T03:00,52,Moderate,7.9,13.0,0.2,0.1,179.0,82.0,,,,,,
2023-04-26T04:00,51,Moderate,7.8,12.6,0.2,0.1,178.0,81.0,,,,,,
2023-04-26T05:00,51,Moderate,9.3,14.9,4.7,4.8,196.0,76.0,,,,,,
2023-04-26T06:00,51,Moderate,8.8,14.1,4.3,4.7,197.0,76.0,,,,,,
2023-04-26T07:00,50,Good,8.3,13.2,3.7,4.5,197.0,76.0,,,,,,
2023-04-26T08:00,50,Good,8.6,13.5,2.8,3.9,198.0,77.0,,,,,,
2023-04-26T09:00,50,Good,9.4,14.8,2.1,2.9,198.0,80.0,,,,,,
2023-04-26T10:00,50,Good,10.5,16.3,1.3,1.5,198.0,84.0,,,,,,
2023-04-26T11:00,50,Good,11.4,17.6,0.5,0.1,197.0,88.0,,,,,,
2023-04-26T12:00,50,Good,12.2,18.6,0.3,0.0,195.0,88.0,,,,,,
2023-04-26T13:00,50,Good,12.5,19.0,0.3,0.0,192.0,86.0,,,,,,
2023-04-26T14:00,50,Good,12.3,18.8,0.3,0.1,187.0,81.0,,,,,,
2023-04-26T15:00,50,Good,11.7,18.2,0.3,0.1,183.0,75.0,,,,,,
2023-04-26T16:00,50,Good,10.4,16.5,0.2,0.1,177.0,68.0,,,,,,
2023-04-26T17:00,50,Good,10.6,17.5,0.3,0.1,173.0,62.0,,,,,,
2023-04-26T18:00,51,Moderate,11.3,18.9,0.4,0.1,175.0,65.0,,,,,,
2023-04-26T19:00,51,Moderate,12.1,20.4,0.4,0.2,177.0,70.0,,,,,,
2023-04-26T20:00,51,Moderate,13.3,22.5,0.5,0.2,180.0,75.0,,,,,,
2023-04-26T21:00,52,Moderate,14.1,24.0,0.5,0.2,181.0,77.0,,,,,,
2023-04-26T22:00,52,Moderate,14.6,24.7,0.5,0.2,182.0,77.0,,,,,,
2023-04-26T23:00,53,Moderate,15.1,25.5,0.4,0.2,183.0,77.0,,,,,,
2023-04-27T00:00,53,Moderate,15.1,25.5,0.3,0.2,183.0,76.0,,,,,,
2023-04-27T01:00,54,Moderate,15.2,25.6,0.3,0.1,182.0,76.0,,,,,,
2023-04-27T02:00,54,Moderate,15.3,25.6,0.2,0.1,181.0,74.0,,,,,,
2023-04-27T03:00,55,Moderate,15.1,25.3,0.2,0.1,180.0,73.0,,,,,,
2023-04-27T04:00,55,Moderate,14.9,24.7,0.2,0.1,179.0,72.0,,,,,,
2023-04-27T05:00,56,Moderate,15.9,26.7,0.2,0.1,177.0,72.0,,,,,,
2023-04-27T06:00,57,Moderate,15.8,26.4,0.2,0.1,178.0,71.0,,,,,,
2023-04-27T07:00,57,Moderate,15.7,26.2,0.2,0.1,178.0,68.0,,,,,,
2023-04-27T08:00,58,Moderate,16.1,26.7,0.2,0.1,180.0,66.0,,,,,,
2023-04-27T09:00,58,Moderate,16.8,27.9,0.2,0.1,182.0,65.0,,,,,,
2023-04-27T10:00,59,Moderate,17.9,29.5,0.1,0.1,184.0,64.0,,,,,,
2023-04-27T11:00,59,Moderate,19.6,32.0,0.1,0.1,187.0,63.0,,,,,,
2023-04-27T12:00,60,Moderate,20.4,33.3,0.1,0.1,188.0,62.0,,,,,,
2023-04-27T13:00,61,Moderate,20.1,32.8,0.0,0.2,189.0,60.0,,,,,,
2023-04-27T14:00,61,Moderate,19.3,31.7,0.0,0.2,189.0,58.0,,,,,,
2023-04-27T15:00,62,Moderate,18.5,30.5,0.0,0.2,190.0,57.0,,,,,,
2023-04-27T16:00,62,Moderate,17.2,28.6,0.0,0.2,190.0,55.0,,,,,,
2023-04-27T17:00,63,Moderate,17.9,30.0,0.2,0.2,189.0,57.0,,,,,,
2023-04-27T18:00,63,Moderate,17.2,28.8,0.4,0.2,191.0,60.0,,,,,,
2023-04-27T19:00,64,Moderate,16.4,27.4,0.7,0.1,195.0,65.0,,,,,,
2023-04-27T20:00,64,Moderate,15.8,26.4,0.9,0.1,196.0,70.0,,,,,,
2023-04-27T21:00,64,Moderate,15.2,25.4,0.8,0.1,192.0,71.0,,,,,,
2023-04-27T22:00,65,Moderate,14.4,24.4,0.7,0.1,185.0,70.0,,,,,,
2023-04-27T23:00,65,Moderate,12.4,20.7,0.5,0.1,178.0,69.0,,,,,,
2023-04-28T00:00,64,Moderate,11.6,19.3,0.4,0.1,175.0,68.0,,,,,,
2023-04-28T01:00,64,Moderate,11.2,18.5,0.4,0.0,174.0,66.0,,,,,,
2023-04-28T02:00,64,Moderate,10.8,17.7,0.7,0.2,175.0,63.0,,,,,,
2023-04-28T03:00,63,Moderate,11.3,18.5,1.4,0.8,179.0,60.0,,,,,,
2023-04-28T04:00,63,Moderate,11.9,19.4,2.4,1.7,186.0,58.0,,,,,,
2023-04-28T05:00,63,Moderate,12.2,19.7,2.2,1.0,184.0,56.0,,,,,,
2023-04-28T06:00,63,Moderate,12.7,20.5,2.3,1.2,185.0,55.0,,,,,,
2023-04-28T07:00,62,Moderate,12.8,20.5,2.6,1.4,187.0,54.0,,,,,,
2023-04-28T08:00,62,Moderate,13.3,21.4,2.6,1.9,188.0,57.0,,,,,,
2023-04-28T09:00,62,Moderate,14.1,22.6,2.3,2.5,188.0,65.0,,,,,,
2023-04-28T10:00,62,Moderate,15.3,24.0,1.8,3.2,187.0,77.0,,,,,,
2023-04-28T11:00,61,Moderate,16.8,26.3,1.2,3.6,187.0,88.0,,,,,,
2023-04-28T12:00,61,Moderate,18.2,28.1,0.8,2.9,189.0,88.0,,,,,,
2023-04-28T13:00,61,Moderate,18.2,28.3,0.5,1.8,191.0,85.0,,,,,,
2023-04-28T14:00,61,Moderate,17.4,27.1,0.2,0.5,194.0,79.0,,,,,,
2023-04-28T15:00,61,Moderate,16.6,25.9,0.1,0.2,196.0,76.0,,,,,,
2023-04-28T16:00,61,Moderate,15.8,24.7,0.2,0.3,198.0,72.0,,,,,,
2023-04-28T17:00,60,Moderate,14.6,23.3,0.1,0.4,193.0,56.0,,,,,,
2023-04-28T18:00,60,Moderate,12.6,20.3,0.1,0.4,188.0,56.0,,,,,,
2023-04-28T19:00,60,Moderate,11.2,18.2,0.1,0.3,180.0,56.0,,,,,,
2023-04-28T20:00,59,Moderate,10.3,16.8,0.1,0.3,172.0,56.0,,,,,,
2023-04-28T21:00,59,Moderate,10.0,16.5,0.1,0.3,169.0,57.0,,,,,,
2023-04-28T22:00,59,Moderate,11.0,18.3,0.1,0.2,169.0,59.0,,,,,,
2023-04-28T23:00,58,Moderate,10.8,18.0,0.1,0.2,168.0,61.0,,,,,,
2023-04-29T00:00,58,Moderate,10.5,17.5,0.1,0.2,167.0,61.0,,,,,,
2023-04-29T01:00,58,Moderate,10.3,16.9,0.1,0.1,167.0,61.0,,,,,,
2023-04-29T02:00,58,Moderate,9.7,15.8,0.2,0.1,166.0,61.0,,,,,,
2023-04-29T03:00,58,Moderate,9.3,15.1,0.2,0.1,166.0,61.0,,,,,,
2023-04-29T04:00,58,Moderate,8.3,13.2,0.3,0.2,165.0,60.0,,,,,,
2023-04-29T05:00,58,Moderate,8.6,14.0,2.3,3.5,175.0,65.0,,,,,,
2023-04-29T06:00,57,Moderate,7.7,12.4,2.2,3.6,175.0,65.0,,,,,,
2023-04-29T07:00,57,Moderate,7.6,12.1,2.0,3.7,176.0,66.0,,,,,,
2023-04-29T08:00,56,Moderate,7.5,11.8,1.6,3.4,176.0,67.0,,,,,,
2023-04-29T09:00,56,Moderate,7.8,12.1,1.2,2.5,175.0,69.0,,,,,,
2023-04-29T10:00,56,Moderate,9.7,15.1,0.8,1.3,174.0,73.0,,,,,,
2023-04-29T11:00,55,Moderate,12.0,18.5,0.3,0.1,173.0,75.0,,,,,,
2023-04-29T12:00,55,Moderate,11.9,18.3,0.1,0.0,173.0,74.0,,,,,,
2023-04-29T13:00,54,Moderate,11.2,17.3,0.1,0.0,174.0,72.0,,,,,,
2023-04-29T14:00,54,Moderate,10.4,16.0,0.1,0.1,176.0,69.0,,,,,,
2023-04-29T15:00,53,Moderate,9.5,14.6,0.1,0.1,178.0,68.0,,,,,,
2023-04-29T16:00,53,Moderate,8.5,13.0,0.2,0.1,180.0,68.0,,,,,,
2023-04-29T17:00,52,Moderate,9.4,14.8,0.3,0.2,180.0,74.0,,,,,,
2023-04-29T18:00,52,Moderate,9.5,15.1,0.3,0.2,177.0,73.0,,,,,,
2023-04-29T19:00,51,Moderate,9.3,14.7,0.3,0.1,172.0,72.0,,,,,,
2023-04-29T20:00,51,Moderate,9.5,15.1,0.3,0.1,167.0,70.0,,,,,,
2023-04-29T21:00,51,Moderate,9.0,14.5,0.4,0.1,165.0,68.0,,,,,,
2023-04-29T22:00,51,Moderate,8.7,13.8,0.5,0.1,165.0,66.0,,,,,,
2023-04-29T23:00,51,Moderate,7.9,12.5,0.7,0.1,165.0,64.0,,,,,,
2023-04-30T00:00,51,Moderate,7.6,12.0,0.9,0.1,166.0,62.0,,,,,,
2023-04-30T01:00,50,Good,7.6,12.0,1.0,0.1,168.0,61.0,,,,,,
2023-04-30T02:00,50,Good,7.3,11.6,1.2,0.1,170.0,59.0,,,,,,
2023-04-30T03:00,50,Good,6.5,10.5,1.2,0.1,171.0,58.0,,,,,,
2023-04-30T04:00,49,Good,5.7,9.1,1.0,0.1,171.0,57.0,,,,,,
2023-04-30T05:00,49,Good,5.1,7.9,0.4,0.0,159.0,60.0,,,,,,
2023-04-30T06:00,48,Good,4.9,7.6,0.5,0.0,158.0,59.0,,,,,,
2023-04-30T07:00,47,Good,4.7,7.2,0.5,0.0,157.0,59.0,,,,,,
2023-04-30T08:00,47,Good,5.0,7.7,0.6,0.0,156.0,58.0,,,,,,
2023-04-30T09:00,46,Good,5.5,8.5,0.5,0.0,156.0,59.0,,,,,,
2023-04-30T10:00,45,Good,6.6,10.0,0.4,0.1,157.0,59.0,,,,,,
2023-04-30T11:00,45,Good,7.9,11.8,0.3,0.1,157.0,61.0,,,,,,
2023-04-30T12:00,44,Good,8.1,12.1,0.2,0.1,157.0,62.0,,,,,,
2023-04-30T13:00,43,Good,9.2,14.1,0.2,0.1,157.0,64.0,,,,,,
2023-04-30T14:00,42,Good,6.9,10.6,0.1,0.1,155.0,65.0,,,,,,
2023-04-30T15:00,42,Good,5.4,8.6,0.1,0.1,153.0,65.0,,,,,,
2023-04-30T16:00,41,Good,3.8,6.3,0.2,0.1,150.0,65.0,,,,,,
2023-04-30T17:00,40,Good,5.6,9.7,0.1,0.1,149.0,61.0,,,,,,
2023-04-30T18:00,39,Good,4.9,8.7,0.0,0.0,143.0,60.0,,,,,,
2023-04-30T19:00,38,Good,4.4,8.2,0.0,0.0,135.0,58.0,,,,,,
2023-04-30T20:00,37,Good,4.1,7.8,0.1,0.1,126.0,55.0,,,,,,
2023-04-30T21:00,35,Good,4.3,8.0,1.4,1.1,124.0,52.0,,,,,,
2023-04-30T22:00,34,Good,4.6,8.5,3.2,2.6,123.0,49.0,,,,,,
2023-04-30T23:00,33,Good,4.9,9.2,5.6,4.9,125.0,46.0,,,,,,
2023-05-01T00:00,33,Good,5.8,10.4,7.3,6.8,128.0,44.0,,,,,,
2023-05-01T01:00,32,Good,5.9,10.2,9.0,8.8,132.0,43.0,,,,,,
2023-05-01T02:00,32,Good,6.4,10.7,10.9,11.2,139.0,41.0,,,,,,
2023-05-01T03:00,32,Good,7.6,12.3,11.8,12.5,146.0,40.0,,,,,,
2023-05-01T04:00,32,Good,9.4,14.7,12.5,13.5,155.0,39.0,,,,,,
2023-05-01T05:00,33,Good,6.5,10.8,9.0,9.0,138.0,42.0,,,,,,
2023-05-01T06:00,33,Good,6.8,11.1,8.7,8.9,139.0,43.0,,,,,,
2023-05-01T07:00,33,Good,7.1,11.4,8.1,8.8,141.0,45.0,,,,,,
2023-05-01T08:00,34,Good,7.0,11.0,6.9,8.0,141.0,49.0,,,,,,
2023-05-01T09:00,34,Good,6.7,10.6,5.2,6.4,137.0,53.0,,,,,,
2023-05-01T10:00,35,Good,7.5,11.8,3.0,4.2,130.0,58.0,,,,,,
2023-05-01T11:00,35,Good,8.4,13.1,0.8,1.8,123.0,62.0,,,,,,
2023-05-01T12:00,35,Good,7.8,12.2,0.0,0.8,120.0,61.0,,,,,,
2023-05-01T13:00,35,Good,7.6,12.3,0.0,0.1,119.0,58.0,,,,,,
2023-05-01T14:00,35,Good,8.1,13.6,0.3,0.5,119.0,55.0,,,,,,
2023-05-01T15:00,35,Good,8.2,13.9,1.7,2.4,121.0,55.0,,,,,,
2023-05-01T16:00,36,Good,8.3,14.1,3.7,5.4,125.0,55.0,,,,,,
2023-05-01T17:00,37,Good,9.4,16.5,7.8,6.0,127.0,47.0,,,,,,
2023-05-01T18:00,37,Good,8.6,15.1,10.0,7.3,133.0,44.0,,,,,,
2023-05-01T19:00,38,Good,7.2,12.1,13.2,9.0,141.0,39.0,,,,,,
2023-05-01T20:00,39,Good,7.2,11.8,16.6,11.4,153.0,34.0,,,,,,
2023-05-01T21:00,40,Good,7.7,12.1,17.5,12.9,163.0,33.0,,,,,,
2023-05-01T22:00,40,Good,8.9,13.6,17.7,14.3,174.0,33.0,,,,,,
2023-05-01T23:00,41,Good,9.5,14.4,17.6,15.9,187.0,34.0,,,,,,
2023-05-02T00:00,43,Good,10.6,15.8,17.5,16.9,196.0,34.0,,,,,,
2023-05-02T01:00,44,Good,11.4,16.8,17.1,17.8,203.0,35.0,,,,,,
2023-05-02T02:00,45,Good,11.9,17.5,16.2,17.9,211.0,36.0,,,,,,
2023-05-02T03:00,46,Good,12.5,18.3,15.0,16.8,214.0,38.0,,,,,,
2023-05-02T04:00,47,Good,12.8,18.9,13.5,14.9,216.0,40.0,,,,,,
2023-05-02T05:00,48,Good,5.7,9.1,6.3,12.5,179.0,44.0,,,,,,
2023-05-02T06:00,48,Good,5.4,8.4,7.0,13.5,190.0,44.0,,,,,,
2023-05-02T07:00,48,Good,6.7,10.1,7.9,14.9,207.0,44.0,,,,,,
2023-05-02T08:00,47,Good,8.4,12.4,8.4,15.9,223.0,48.0,,,,,,
2023-05-02T09:00,48,Good,10.0,14.7,7.7,15.2,227.0,58.0,,,,,,
2023-05-02T10:00,49,Good,12.5,18.2,6.3,13.8,226.0,72.0,,,,,,
2023-05-02T11:00,50,Good,14.3,20.9,4.6,11.9,221.0,88.0,,,,,,
2023-05-02T12:00,50,Good,15.2,22.4,3.5,10.8,213.0,97.0,,,,,,
2023-05-02T13:00,51,Moderate,14.3,21.4,2.4,9.9,202.0,105.0,,,,,,
2023-05-02T14:00,51,Moderate,14.1,21.7,1.7,9.0,187.0,109.0,,,,,,
2023-05-02T15:00,52,Moderate,11.8,19.0,1.7,8.7,175.0,106.0,,,,,,
2023-05-02T16:00,52,Moderate,9.6,15.9,2.0,8.8,164.0,99.0,,,,,,
2023-05-02T17:00,52,Moderate,6.6,11.3,0.6,2.1,139.0,64.0,,,,,,
2023-05-02T18:00,52,Moderate,6.3,10.9,3.3,3.1,141.0,62.0,,,,,,
2023-05-02T19:00,52,Moderate,7.2,12.5,7.2,4.7,143.0,58.0,,,,,,
2023-05-02T20:00,52,Moderate,8.1,13.7,11.8,7.3,151.0,55.0,,,,,,
2023-05-02T21:00,52,Moderate,8.4,13.7,14.2,10.1,163.0,54.0,,,,,,
2023-05-02T22:00,52,Moderate,10.5,16.6,16.0,13.3,179.0,54.0,,,,,,
2023-05-02T23:00,52,Moderate,12.0,18.4,17.2,16.9,197.0,54.0,,,,,,
2023-05-03T00:00,52,Moderate,12.5,19.0,16.5,18.4,206.0,55.0,,,,,,
2023-05-03T01:00,53,Moderate,13.0,19.7,14.8,19.3,213.0,57.0,,,,,,
2023-05-03T02:00,53,Moderate,13.6,20.4,12.5,20.2,220.0,59.0,,,,,,
2023-05-03T03:00,53,Moderate,13.0,19.4,11.4,20.7,223.0,59.0,,,,,,
2023-05-03T04:00,53,Moderate,13.0,19.3,10.4,21.0,223.0,57.0,,,,,,
2023-05-03T05:00,53,Moderate,10.6,16.0,7.5,15.6,213.0,56.0,,,,,,
2023-05-03T06:00,53,Moderate,10.4,15.7,7.3,15.7,221.0,59.0,,,,,,
2023-05-03T07:00,54,Moderate,10.7,16.0,6.9,15.7,232.0,64.0,,,,,,
2023-05-03T08:00,54,Moderate,11.4,16.9,6.4,15.4,244.0,73.0,,,,,,
2023-05-03T09:00,54,Moderate,12.7,18.7,6.1,14.5,247.0,83.0,,,,,,
2023-05-03T10:00,54,Moderate,14.7,21.5,5.9,13.3,248.0,95.0,,,,,,
2023-05-03T11:00,55,Moderate,17.5,25.7,5.3,12.0,247.0,110.0,,,,,,
2023-05-03T12:00,55,Moderate,19.8,28.9,4.4,11.5,247.0,120.0,,,,,,
2023-05-03T13:00,55,Moderate,21.5,31.4,3.3,11.2,248.0,130.0,,,,,,
2023-05-03T14:00,56,Moderate,22.5,33.2,2.4,11.0,245.0,137.0,,,,,,
2023-05-03T15:00,56,Moderate,20.3,30.3,2.6,10.7,238.0,136.0,,,,,,
2023-05-03T16:00,57,Moderate,16.9,25.8,3.3,10.5,229.0,131.0,,,,,,
2023-05-03T17:00,67,Moderate,17.3,26.9,1.7,7.7,224.0,135.0,,,,,,
2023-05-03T18:00,78,Moderate,16.6,25.8,2.4,8.2,224.0,132.0,,,,,,
2023-05-03T19:00,86,Moderate,15.8,24.5,3.3,8.9,224.0,128.0,,,,,,
2023-05-03T20:00,90,Moderate,15.7,24.3,4.4,9.6,227.0,122.0,,,,,,
2023-05-03T21:00,90,Moderate,16.1,24.6,4.8,9.7,233.0,119.0,,,,,,
2023-05-03T22:00,88,Moderate,16.6,25.4,5.0,9.5,241.0,116.0,,,,,,
2023-05-03T23:00,83,Moderate,16.7,25.3,5.1,9.2,251.0,112.0,,,,,,
2023-05-04T00:00,78,Moderate,16.8,25.3,4.9,9.0,257.0,109.0,,,,,,
2023-05-04T01:00,74,Moderate,16.7,25.1,4.6,8.9,263.0,107.0,,,,,,
2023-05-04T02:00,68,Moderate,16.5,24.8,4.2,8.7,270.0,104.0,,,,,,
2023-05-04T03:00,63,Moderate,17.6,26.4,4.0,8.7,275.0,102.0,,,,,,
2023-05-04T04:00,63,Moderate,18.2,27.0,3.8,8.8,279.0,100.0,,,,,,
2023-05-04T05:00,64,Moderate,17.2,25.4,3.5,7.2,287.0,97.0,,,,,,
2023-05-04T06:00,64,Moderate,16.2,23.9,3.8,6.9,290.0,97.0,,,,,,
2023-05-04T07:00,65,Moderate,15.7,23.1,4.2,6.4,294.0,98.0,,,,,,
2023-05-04T08:00,65,Moderate,16.6,24.3,4.5,6.3,298.0,103.0,,,,,,
2023-05-04T09:00,65,Moderate,18.9,27.6,4.2,7.3,299.0,114.0,,,,,,
2023-05-04T10:00,66,Moderate,22.1,32.0,3.7,8.7,300.0,129.0,,,,,,
2023-05-04T11:00,66,Moderate,24.6,35.7,2.9,9.8,299.0,146.0,,,,,,
2023-05-04T12:00,67,Moderate,26.5,38.4,2.3,9.0,298.0,153.0,,,,,,
2023-05-04T13:00,68,Moderate,27.4,39.8,1.7,7.4,296.0,158.0,,,,,,
2023-05-04T14:00,79,Moderate,26.9,39.2,1.1,6.2,292.0,162.0,,,,,,
2023-05-04T15:00,93,Moderate,26.2,38.5,1.0,7.1,289.0,164.0,,,,,,
2023-05-04T16:00,107,Unhealthy for Sensitive Groups,26.0,38.8,1.2,8.7,285.0,164.0,,,,,,
2023-05-04T17:00,120,Unhealthy for Sensitive Groups,31.7,50.3,2.6,15.5,269.0,164.0,,,,,,
2023-05-04T18:00,130,Unhealthy for Sensitive Groups,30.0,49.4,2.7,13.8,257.0,156.0,,,,,,
2023-05-04T19:00,136,Unhealthy for Sensitive Groups,27.8,47.5,3.0,11.3,239.0,143.0,,,,,,
2023-05-04T20:00,135,Unhealthy for Sensitive Groups,25.0,44.0,3.3,8.5,220.0,129.0,,,,,,
2023-05-04T21:00,130,Unhealthy for Sensitive Groups,23.1,40.6,3.6,7.1,214.0,122.0,,,,,,
2023-05-04T22:00,123,Unhealthy for Sensitive Groups,22.5,38.5,3.9,5.9,211.0,117.0,,,,,,
2023-05-04T23:00,113,Unhealthy for Sensitive Groups,21.8,37.1,4.4,5.7,211.0,111.0,,,,,,
2023-05-05T00:00,102,Unhealthy for Sensitive Groups,21.2,35.7,4.9,7.1,213.0,108.0,,,,,,
2023-05-05T01:00,90,Moderate,21.1,35.2,5.5,9.3,218.0,105.0,,,,,,
2023-05-05T02:00,77,Moderate,21.8,35.5,5.9,12.2,226.0,103.0,,,,,,
2023-05-05T03:00,76,Moderate,23.7,37.7,5.5,13.5,234.0,103.0,,,,,,
2023-05-05T04:00,76,Moderate,25.3,39.5,4.8,14.5,244.0,103.0,,,,,,
2023-05-05T05:00,77,Moderate,24.4,39.8,16.8,12.7,257.0,75.0,,,,,,
2023-05-05T06:00,78,Moderate,22.4,37.3,15.5,13.3,244.0,71.0,,,,,,
2023-05-05T07:00,78,Moderate,20.6,35.4,13.6,14.1,225.0,64.0,,,,,,
2023-05-05T08:00,78,Moderate,19.7,34.6,11.7,15.6,205.0,58.0,,,,,,
2023-05-05T09:00,79,Moderate,20.0,35.4,11.5,17.1,201.0,57.0,,,,,,
2023-05-05T10:00,79,Moderate,21.8,38.2,11.9,18.9,201.0,59.0,,,,,,
2023-05-05T11:00,79,Moderate,24.1,41.4,12.5,21.0,204.0,61.0,,,,,,
2023-05-05T12:00,79,Moderate,26.8,45.3,12.9,22.2,208.0,63.0,,,,,,
2023-05-05T13:00,79,Moderate,28.4,47.5,13.3,23.1,213.0,66.0,,,,,,
2023-05-05T14:00,79,Moderate,29.0,48.3,13.6,23.8,216.0,68.0,,,,,,
2023-05-05T15:00,79,Moderate,28.5,47.7,13.6,23.7,213.0,68.0,,,,,,
2023-05-05T16:00,79,Moderate,27.0,45.6,13.5,23.3,206.0,68.0,,,,,,
2023-05-05T17:00,79,Moderate,21.5,41.3,15.0,22.8,163.0,50.0,,,,,,
2023-05-05T18:00,78,Moderate,20.7,39.9,15.5,23.4,165.0,50.0,,,,,,
2023-05-05T19:00,78,Moderate,20.8,39.8,16.3,24.3,168.0,49.0,,,,,,
2023-05-05T20:00,77,Moderate,21.0,39.8,16.8,25.1,171.0,49.0,,,,,,
2023-05-05T21:00,77,Moderate,21.2,40.2,16.2,24.9,172.0,49.0,,,,,,
2023-05-05T22:00,77,Moderate,21.4,40.0,15.1,24.4,173.0,50.0,,,,,,
2023-05-05T23:00,77,Moderate,21.8,40.3,14.3,24.4,175.0,50.0,,,,,,
2023-05-06T00:00,77,Moderate,22.0,40.4,14.8,25.8,179.0,50.0,,,,,,
2023-05-06T01:00,77,Moderate,22.2,40.4,15.9,27.8,184.0,49.0,,,,,,
2023-05-06T02:00,77,Moderate,22.3,40.4,17.0,30.1,191.0,48.0,,,,,,
2023-05-06T03:00,77,Moderate,22.2,40.3,17.2,31.1,197.0,47.0,,,,,,
2023-05-06T04:00,77,Moderate,22.2,40.3,17.2,31.7,203.0,46.0,,,,,,
2023-05-06T05:00,76,Moderate,23.2,42.0,23.2,24.9,248.0,36.0,,,,,,
2023-05-06T06:00,76,Moderate,23.3,42.4,21.9,24.3,253.0,40.0,,,,,,
2023-05-06T07:00,76,Moderate,23.7,43.3,19.9,23.5,260.0,45.0,,,,,,
2023-05-06T08:00,77,Moderate,25.0,45.6,16.7,22.4,263.0,60.0,,,,,,
2023-05-06T09:00,77,Moderate,27.4,49.8,13.6,21.7,256.0,82.0,,,,,,
2023-05-06T10:00,78,Moderate,30.0,54.2,9.9,20.9,245.0,109.0,,,,,,
2023-05-06T11:00,78,Moderate,32.6,58.2,6.1,20.1,231.0,139.0,,,,,,
2023-05-06T12:00,79,Moderate,33.9,60.1,4.6,19.7,224.0,149.0,,,,,,
2023-05-06T13:00,80,Moderate,33.3,59.1,3.9,19.4,219.0,154.0,,,,,,
2023-05-06T14:00,80,Moderate,32.8,58.0,3.8,18.9,212.0,154.0,,,,,,
2023-05-06T15:00,80,Moderate,32.0,56.3,4.2,18.1,206.0,151.0,,,,,,
2023-05-06T16:00,80,Moderate,30.5,53.7,5.1,17.2,200.0,144.0,,,,,,
2023-05-06T17:00,97,Moderate,31.8,55.4,7.4,23.0,208.0,142.0,,,,,,
2023-05-06T18:00,109,Unhealthy for Sensitive Groups,31.1,53.4,9.8,22.5,208.0,132.0,,,,,,
2023-05-06T19:00,114,Unhealthy for Sensitive Groups,30.4,51.6,13.3,21.7,208.0,117.0,,,,,,
2023-05-06T20:00,110,Unhealthy for Sensitive Groups,28.8,48.7,17.1,20.4,209.0,98.0,,,,,,
2023-05-06T21:00,99,Moderate,27.0,45.3,18.5,18.9,211.0,85.0,,,,,,
2023-05-06T22:00,84,Moderate,26.5,44.1,19.3,17.2,214.0,71.0,,,,,,
2023-05-06T23:00,85,Moderate,24.0,39.8,19.0,15.4,217.0,59.0,,,,,,
2023-05-07T00:00,85,Moderate,21.9,36.3,17.3,15.0,220.0,57.0,,,,,,
2023-05-07T01:00,85,Moderate,20.0,33.1,14.6,15.0,222.0,60.0,,,,,,
2023-05-07T02:00,85,Moderate,18.8,31.1,11.2,14.8,223.0,63.0,,,,,,
2023-05-07T03:00,84,Moderate,17.3,28.6,9.2,14.1,218.0,63.0,,,,,,
2023-05-07T04:00,84,Moderate,15.8,26.1,7.4,13.1,210.0,61.0,,,,,,
2023-05-07T05:00,83,Moderate,27.2,42.5,11.9,16.4,260.0,61.0,,,,,,
2023-05-07T06:00,84,Moderate,24.3,38.0,11.4,16.1,257.0,63.0,,,,,,
2023-05-07T07:00,84,Moderate,22.6,35.3,10.7,15.5,252.0,66.0,,,,,,
2023-05-07T08:00,84,Moderate,23.2,36.1,9.8,14.8,249.0,74.0,,,,,,
2023-05-07T09:00,84,Moderate,24.6,38.1,9.3,14.2,252.0,85.0,,,,,,
2023-05-07T10:00,83,Moderate,27.1,41.6,8.8,13.5,257.0,98.0,,,,,,
2023-05-07T11:00,83,Moderate,29.7,45.2,7.9,12.8,261.0,116.0,,,,,,
2023-05-07T12:00,83,Moderate,31.1,47.0,6.6,12.7,260.0,130.0,,,,,,
2023-05-07T13:00,83,Moderate,31.9,48.2,5.1,12.7,257.0,143.0,,,,,,
2023-05-07T14:00,83,Moderate,32.6,49.4,3.5,12.8,252.0,157.0,,,,,,
2023-05-07T15:00,83,Moderate,32.7,49.8,3.1,12.8,248.0,161.0,,,,,,
2023-05-07T16:00,83,Moderate,31.8,48.8,3.1,12.7,242.0,162.0,,,,,,
2023-05-07T17:00,90,Moderate,27.3,43.2,1.6,5.0,243.0,123.0,,,,,,
2023-05-07T18:00,98,Moderate,25.4,40.6,1.4,5.1,233.0,122.0,,,,,,
2023-05-07T19:00,103,Unhealthy for Sensitive Groups,23.3,37.8,1.2,5.2,219.0,119.0,,,,,,
2023-05-07T20:00,104,Unhealthy for Sensitive Groups,21.5,35.3,1.0,5.4,202.0,116.0,,,,,,
2023-05-07T21:00,101,Unhealthy for Sensitive Groups,20.0,33.1,1.0,5.5,192.0,114.0,,,,,,
2023-05-07T22:00,95,Moderate,18.3,30.7,1.0,5.5,184.0,111.0,,,,,,
2023-05-07T23:00,85,Moderate,18.0,30.4,1.5,6.4,178.0,106.0,,,,,,
2023-05-08T00:00,79,Moderate,18.5,30.9,2.1,7.9,177.0,101.0,,,,,,
2023-05-08T01:00,79,Moderate,19.4,32.0,3.0,9.9,180.0,95.0,,,,,,
2023-05-08T02:00,79,Moderate,20.3,33.3,4.9,13.4,188.0,86.0,,,,,,
2023-05-08T03:00,79,Moderate,22.2,35.9,7.3,17.0,198.0,77.0,,,,,,
2023-05-08T04:00,79,Moderate,23.8,38.2,10.3,21.3,212.0,67.0,,,,,,
2023-05-08T05:00,80,Moderate,20.8,34.0,8.0,16.1,194.0,88.0,,,,,,
2023-05-08T06:00,79,Moderate,22.6,36.6,9.8,19.1,207.0,86.0,,,,,,
2023-05-08T07:00,79,Moderate,26.0,41.3,12.2,23.3,226.0,83.0,,,,,,
2023-05-08T08:00,80,Moderate,31.3,48.8,13.8,28.2,249.0,88.0,,,,,,
2023-05-08T09:00,80,Moderate,37.0,57.0,12.2,30.7,260.0,105.0,,,,,,
2023-05-08T10:00,81,Moderate,42.5,65.0,9.2,32.6,268.0,129.0,,,,,,
2023-05-08T11:00,82,Moderate,45.6,69.6,5.6,33.4,275.0,159.0,,,,,,
2023-05-08T12:00,84,Moderate,48.8,74.3,4.0,32.1,276.0,176.0,,,,,,
2023-05-08T13:00,85,Moderate,50.8,77.8,2.7,29.6,274.0,191.0,,,,,,
2023-05-08T14:00,87,Moderate,45.1,70.5,1.6,25.9,269.0,203.0,,,,,,
2023-05-08T15:00,108,Unhealthy for Sensitive Groups,43.5,69.4,1.1,23.1,263.0,203.0,,,,,,
2023-05-08T16:00,133,Unhealthy for Sensitive Groups,39.7,65.2,1.0,20.1,254.0,197.0,,,,,,
2023-05-08T17:00,155,Unhealthy,30.0,50.1,1.5,17.5,236.0,166.0,,,,,,
2023-05-08T18:00,165,Unhealthy,27.9,47.7,3.3,16.7,229.0,154.0,,,,,,
2023-05-08T19:00,169,Unhealthy,23.6,41.8,5.8,15.6,220.0,138.0,,,,,,
2023-05-08T20:00,165,Unhealthy,23.0,40.5,9.7,15.2,215.0,117.0,,,,,,
2023-05-08T21:00,156,Unhealthy,23.7,41.0,13.3,16.9,223.0,105.0,,,,,,
2023-05-08T22:00,139,Unhealthy for Sensitive Groups,25.4,43.0,17.3,19.5,236.0,93.0,,,,,,
2023-05-08T23:00,116,Unhealthy for Sensitive Groups,28.8,47.0,20.8,22.0,254.0,81.0,,,,,,
2023-05-09T00:00,91,Moderate,32.4,51.6,20.7,21.9,264.0,75.0,,,,,,
2023-05-09T01:00,92,Moderate,33.9,53.2,19.2,20.9,274.0,72.0,,,,,,
2023-05-09T02:00,93,Moderate,32.2,50.4,16.6,19.2,281.0,68.0,,,,,,
2023-05-09T03:00,94,Moderate,29.6,46.2,14.6,17.7,279.0,65.0,,,,,,
2023-05-09T04:00,95,Moderate,27.1,42.4,12.4,15.8,273.0,63.0,,,,,,
2023-05-09T05:00,95,Moderate,20.4,33.1,9.4,11.9,244.0,57.0,,,,,,
2023-05-09T06:00,95,Moderate,18.2,29.8,9.2,12.2,239.0,59.0,,,,,,
2023-05-09T07:00,95,Moderate,17.0,28.1,8.9,12.7,232.0,61.0,,,,,,
2023-05-09T08:00,94,Moderate,17.2,28.3,8.2,13.2,224.0,71.0,,,,,,
2023-05-09T09:00,93,Moderate,19.0,30.7,7.1,13.5,221.0,87.0,,,,,,
2023-05-09T10:00,92,Moderate,21.4,34.2,5.8,13.8,220.0,108.0,,,,,,
2023-05-09T11:00,90,Moderate,24.6,38.9,4.1,13.8,217.0,132.0,,,,,,
2023-05-09T12:00,88,Moderate,27.8,43.5,3.0,13.3,214.0,145.0,,,,,,
2023-05-09T13:00,87,Moderate,27.8,44.1,1.9,12.5,210.0,154.0,,,,,,
2023-05-09T14:00,85,Moderate,26.5,42.8,1.2,11.7,203.0,160.0,,,,,,
2023-05-09T15:00,83,Moderate,24.0,39.8,1.2,11.2,195.0,157.0,,,,,,
2023-05-09T16:00,82,Moderate,21.0,35.4,1.7,10.7,185.0,148.0,,,,,,
2023-05-09T17:00,99,Moderate,22.4,37.0,6.2,10.4,175.0,122.0,,,,,,
2023-05-09T18:00,106,Unhealthy for Sensitive Groups,22.5,36.3,10.2,12.1,181.0,111.0,,,,,,
2023-05-09T19:00,107,Unhealthy for Sensitive Groups,24.2,38.0,16.0,14.5,191.0,96.0,,,,,,
2023-05-09T20:00,99,Moderate,26.7,41.1,21.7,16.6,204.0,78.0,,,,,,
2023-05-09T21:00,85,Moderate,28.0,42.6,22.7,16.4,214.0,70.0,,,,,,
2023-05-09T22:00,80,Moderate,26.9,40.6,22.1,15.4,225.0,64.0,,,,,,
2023-05-09T23:00,80,Moderate,25.3,38.1,20.3,13.8,237.0,58.0,,,,,,
2023-05-10T00:00,80,Moderate,23.7,35.6,18.3,12.6,242.0,56.0,,,,,,
2023-05-10T01:00,79,Moderate,22.4,33.6,15.6,11.3,245.0,56.0,,,,,,
2023-05-10T02:00,78,Moderate,21.8,32.6,12.6,10.3,248.0,55.0,,,,,,
2023-05-10T03:00,77,Moderate,21.1,31.5,11.4,10.5,250.0,53.0,,,,,,
2023-05-10T04:00,77,Moderate,20.7,31.1,10.8,11.2,251.0,50.0,,,,,,
2023-05-10T05:00,76,Moderate,20.5,31.0,13.1,12.4,262.0,44.0,,,,,,
2023-05-10T06:00,76,Moderate,20.1,30.4,12.2,12.6,263.0,49.0,,,,,,
2023-05-10T07:00,76,Moderate,20.1,30.3,10.9,12.9,265.0,57.0,,,,,,
2023-05-10T08:00,77,Moderate,20.9,31.5,9.0,13.5,264.0,75.0,,,,,,
2023-05-10T09:00,77,Moderate,23.7,35.6,7.3,14.3,261.0,99.0,,,,,,
2023-05-10T10:00,77,Moderate,27.5,41.3,5.4,15.3,256.0,129.0,,,,,,
2023-05-10T11:00,78,Moderate,30.2,45.8,3.4,16.1,246.0,158.0,,,,,,
2023-05-10T12:00,78,Moderate,31.4,48.1,2.4,16.1,233.0,164.0,,,,,,
2023-05-10T13:00,79,Moderate,27.6,43.4,1.8,15.8,217.0,162.0,,,,,,
2023-05-10T14:00,79,Moderate,24.7,39.8,1.6,14.8,197.0,153.0,,,,,,
2023-05-10T15:00,79,Moderate,20.7,34.8,1.8,13.5,184.0,142.0,,,,,,
2023-05-10T16:00,97,Moderate,19.2,33.2,2.4,11.7,171.0,127.0,,,,,,
2023-05-10T17:00,108,Unhealthy for Sensitive Groups,15.8,27.8,4.5,9.8,159.0,108.0,,,,,,
2023-05-10T18:00,110,Unhealthy for Sensitive Groups,15.0,26.5,7.3,10.1,160.0,96.0,,,,,,
2023-05-10T19:00,103,Unhealthy for Sensitive Groups,14.8,25.7,11.3,10.6,161.0,78.0,,,,,,
2023-05-10T20:00,86,Moderate,14.1,24.2,15.4,11.1,165.0,59.0,,,,,,
2023-05-10T21:00,75,Moderate,13.6,23.1,16.5,11.3,172.0,52.0,,,,,,
2023-05-10T22:00,74,Moderate,13.1,22.3,16.6,11.4,181.0,48.0,,,,,,
2023-05-10T23:00,73,Moderate,12.3,20.8,15.7,11.4,189.0,46.0,,,,,,
2023-05-11T00:00,72,Moderate,12.0,20.0,14.0,11.4,190.0,46.0,,,,,,
2023-05-11T01:00,71,Moderate,11.8,19.8,11.6,11.2,188.0,48.0,,,,,,
2023-05-11T02:00,70,Moderate,11.5,19.4,8.7,11.1,184.0,50.0,,,,,,
2023-05-11T03:00,69,Moderate,11.3,19.0,7.2,10.9,180.0,49.0,,,,,,
2023-05-11T04:00,69,Moderate,11.4,19.1,6.0,10.8,175.0,48.0,,,,,,
2023-05-11T05:00,68,Moderate,11.3,19.4,5.3,9.6,171.0,45.0,,,,,,
2023-05-11T06:00,67,Moderate,10.8,18.5,5.7,10.0,166.0,45.0,,,,,,
2023-05-11T07:00,66,Moderate,10.5,18.0,6.2,10.7,160.0,46.0,,,,,,
2023-05-11T08:00,66,Moderate,11.3,19.3,6.4,11.4,153.0,51.0,,,,,,
2023-05-11T09:00,65,Moderate,13.4,22.4,5.9,11.9,152.0,62.0,,,,,,
2023-05-11T10:00,64,Moderate,16.7,27.2,5.1,12.3,153.0,77.0,,,,,,
2023-05-11T11:00,63,Moderate,19.1,30.9,3.9,12.0,153.0,93.0,,,,,,
2023-05-11T12:00,62,Moderate,20.1,32.6,2.9,10.5,149.0,100.0,,,,,,
2023-05-11T13:00,61,Moderate,20.3,33.4,1.9,8.3,144.0,104.0,,,,,,
2023-05-11T14:00,61,Moderate,20.0,33.6,1.6,6.3,138.0,104.0,,,,,,
2023-05-11T15:00,61,Moderate,19.0,32.9,2.7,6.4,136.0,99.0,,,,,,
2023-05-11T16:00,60,Moderate,18.5,32.0,4.7,7.3,136.0,89.0,,,,,,
2023-05-11T17:00,60,Moderate,16.6,28.5,6.1,6.9,119.0,72.0,,,,,,
2023-05-11T18:00,60,Moderate,14.4,25.0,8.2,7.4,122.0,66.0,,,,,,
2023-05-11T19:00,60,Moderate,12.7,22.1,11.1,8.1,126.0,57.0,,,,,,
2023-05-11T20:00,60,Moderate,11.9,20.7,14.0,9.0,131.0,47.0,,,,,,
2023-05-11T21:00,60,Moderate,11.3,19.8,14.3,9.7,133.0,43.0,,,,,,
2023-05-11T22:00,60,Moderate,11.1,19.6,13.7,10.3,135.0,42.0,,,,,,
2023-05-11T23:00,60,Moderate,10.8,18.9,12.4,11.0,137.0,40.0,,,,,,
2023-05-12T00:00,60,Moderate,10.6,18.5,11.2,11.2,138.0,39.0,,,,,,
2023-05-12T01:00,59,Moderate,10.7,18.5,9.7,11.3,139.0,39.0,,,,,,
2023-05-12T02:00,59,Moderate,10.9,18.8,7.8,11.3,139.0,39.0,,,,,,
2023-05-12T03:00,59,Moderate,11.1,19.2,6.7,11.2,138.0,39.0,,,,,,
2023-05-12T04:00,59,Moderate,11.2,19.4,5.6,10.9,137.0,38.0,,,,,,
2023-05-12T05:00,59,Moderate,11.1,19.3,4.8,9.6,131.0,40.0,,,,,,
2023-05-12T06:00,59,Moderate,11.4,20.0,5.3,9.8,129.0,40.0,,,,,,
2023-05-12T07:00,59,Moderate,11.6,20.5,6.0,10.1,126.0,41.0,,,,,,
2023-05-12T08:00,59,Moderate,12.1,21.4,6.3,10.3,123.0,46.0,,,,,,
2023-05-12T09:00,59,Moderate,13.6,23.8,5.7,10.1,123.0,56.0,,,,,,
2023-05-12T10:00,59,Moderate,16.3,27.9,4.6,9.8,124.0,69.0,,,,,,
2023-05-12T11:00,59,Moderate,18.2,31.0,3.2,9.0,123.0,82.0,,,,,,
2023-05-12T12:00,59,Moderate,18.5,31.9,2.4,7.9,118.0,85.0,,,,,,
2023-05-12T13:00,59,Moderate,17.8,30.9,1.7,6.4,111.0,83.0,,,,,,
2023-05-12T14:00,59,Moderate,16.9,29.5,1.5,5.1,104.0,79.0,,,,,,
2023-05-12T15:00,59,Moderate,15.5,27.3,2.2,5.0,102.0,74.0,,,,,,
2023-05-12T16:00,59,Moderate,14.4,25.4,3.4,5.5,101.0,66.0,,,,,,
2023-05-12T17:00,58,Moderate,13.5,24.5,5.0,5.8,100.0,55.0,,,,,,
2023-05-12T18:00,58,Moderate,12.0,22.1,5.9,5.8,100.0,51.0,,,,,,
2023-05-12T19:00,58,Moderate,10.8,20.3,7.3,5.9,100.0,45.0,,,,,,
2023-05-12T20:00,58,Moderate,10.0,18.9,8.4,6.0,100.0,39.0,,,,,,
2023-05-12T21:00,58,Moderate,9.5,17.9,8.2,6.2,101.0,37.0,,,,,,
2023-05-12T22:00,57,Moderate,9.3,17.5,7.4,6.5,102.0,37.0,,,,,,
2023-05-12T23:00,57,Moderate,8.8,16.6,6.2,6.9,103.0,37.0,,,,,,
2023-05-13T00:00,57,Moderate,7.7,14.4,5.4,7.1,103.0,37.0,,,,,,
2023-05-13T01:00,57,Moderate,7.1,13.1,4.5,7.2,103.0,38.0,,,,,,
2023-05-13T02:00,57,Moderate,6.7,12.2,3.5,7.4,102.0,39.0,,,,,,
2023-05-13T03:00,56,Moderate,6.6,12.0,3.0,7.5,102.0,39.0,,,,,,
2023-05-13T04:00,56,Moderate,7.0,12.6,2.6,7.6,102.0,39.0,,,,,,
2023-05-13T05:00,56,Moderate,7.3,13.4,2.2,6.5,97.0,39.0,,,,,,
2023-05-13T06:00,55,Moderate,7.1,13.0,3.1,7.0,99.0,38.0,,,,,,
2023-05-13T07:00,55,Moderate,7.1,12.8,4.5,7.8,101.0,37.0,,,,,,
2023-05-13T08:00,55,Moderate,7.7,13.6,5.6,8.4,104.0,37.0,,,,,,
2023-05-13T09:00,54,Moderate,8.8,15.2,5.4,8.2,105.0,39.0,,,,,,
2023-05-13T10:00,54,Moderate,10.3,17.6,4.6,7.8,104.0,43.0,,,,,,
2023-05-13T11:00,53,Moderate,12.4,21.0,3.6,7.0,103.0,48.0,,,,,,
2023-05-13T12:00,53,Moderate,14.1,23.7,3.0,6.3,100.0,52.0,,,,,,
2023-05-13T13:00,53,Moderate,14.3,24.4,2.4,5.4,96.0,56.0,,,,,,
2023-05-13T14:00,52,Moderate,13.9,23.9,2.4,4.8,93.0,59.0,,,,,,
2023-05-13T15:00,52,Moderate,13.4,23.0,3.4,5.0,94.0,58.0,,,,,,
2023-05-13T16:00,52,Moderate,12.9,22.4,5.1,5.6,96.0,54.0,,,,,,
2023-05-13T17:00,52,Moderate,13.1,23.5,7.2,6.2,97.0,47.0,,,,,,
2023-05-13T18:00,52,Moderate,12.4,22.2,8.5,6.4,99.0,44.0,,,,,,
2023-05-13T19:00,52,Moderate,11.5,20.7,10.3,6.7,103.0,39.0,,,,,,
2023-05-13T20:00,52,Moderate,10.7,19.4,11.8,7.1,107.0,34.0,,,,,,
2023-05-13T21:00,52,Moderate,10.0,18.0,11.3,7.3,110.0,33.0,,,,,,
2023-05-13T22:00,52,Moderate,9.2,16.7,10.0,7.5,113.0,33.0,,,,,,
2023-05-13T23:00,52,Moderate,8.3,14.9,8.2,7.7,116.0,34.0,,,,,,
2023-05-14T00:00,52,Moderate,7.3,12.9,7.1,7.9,117.0,35.0,,,,,,
2023-05-14T01:00,52,Moderate,6.5,11.3,5.9,8.1,117.0,36.0,,,,,,
2023-05-14T02:00,52,Moderate,6.3,11.0,4.7,8.3,117.0,37.0,,,,,,
2023-05-14T03:00,52,Moderate,6.2,10.8,4.0,8.4,117.0,38.0,,,,,,
2023-05-14T04:00,52,Moderate,5.8,9.8,3.5,8.5,117.0,38.0,,,,,,
2023-05-14T05:00,52,Moderate,5.8,10.0,2.9,7.4,109.0,39.0,,,,,,
2023-05-14T06:00,52,Moderate,5.5,9.4,3.4,8.2,111.0,40.0,,,,,,
2023-05-14T07:00,51,Moderate,5.6,9.3,4.2,9.2,114.0,41.0,,,,,,
2023-05-14T08:00,51,Moderate,6.6,11.0,4.8,10.2,118.0,45.0,,,,,,
2023-05-14T09:00,51,Moderate,9.1,15.1,4.6,10.3,119.0,53.0,,,,,,
2023-05-14T10:00,51,Moderate,12.9,21.3,4.1,10.0,120.0,63.0,,,,,,
2023-05-14T11:00,51,Moderate,15.3,25.0,3.3,9.2,120.0,75.0,,,,,,
2023-05-14T12:00,52,Moderate,17.2,27.7,2.6,8.0,120.0,83.0,,,,,,
2023-05-14T13:00,52,Moderate,18.9,30.6,1.9,6.5,120.0,90.0,,,,,,
2023-05-14T14:00,52,Moderate,20.0,33.3,1.6,5.0,119.0,93.0,,,,,,
2023-05-14T15:00,53,Moderate,17.8,30.9,2.2,4.8,116.0,88.0,,,,,,
2023-05-14T16:00,53,Moderate,14.9,26.4,3.3,5.0,112.0,77.0,,,,,,
2023-05-14T17:00,53,Moderate,15.5,26.8,10.2,15.6,118.0,59.0,,,,,,
2023-05-14T18:00,53,Moderate,15.0,25.7,9.4,13.2,121.0,58.0,,,,,,
2023-05-14T19:00,54,Moderate,14.9,25.6,8.1,9.8,125.0,57.0,,,,,,
2023-05-14T20:00,54,Moderate,14.1,24.0,6.7,6.1,129.0,55.0,,,,,,
2023-05-14T21:00,54,Moderate,13.0,22.0,6.0,4.9,130.0,53.0,,,,,,
2023-05-14T22:00,54,Moderate,12.1,20.6,5.5,4.3,131.0,51.0,,,,,,
2023-05-14T23:00,55,Moderate,11.4,19.8,4.9,4.0,131.0,49.0,,,,,,
2023-05-15T00:00,55,Moderate,10.9,19.2,4.5,3.8,132.0,49.0,,,,,,
2023-05-15T01:00,55,Moderate,10.8,18.7,4.2,3.8,133.0,49.0,,,,,,
2023-05-15T02:00,55,Moderate,10.9,18.9,3.9,3.9,133.0,49.0,,,,,,
2023-05-15T03:00,56,Moderate,10.7,18.5,3.6,3.9,132.0,49.0,,,,,,
2023-05-15T04:00,56,Moderate,10.3,17.6,3.4,3.9,130.0,49.0,,,,,,
2023-05-15T05:00,57,Moderate,9.5,16.1,2.9,3.8,124.0,50.0,,,,,,
2023-05-15T06:00,57,Moderate,9.2,15.5,2.9,4.0,124.0,51.0,,,,,,
2023-05-15T07:00,57,Moderate,9.2,15.4,3.0,4.4,125.0,53.0,,,,,,
2023-05-15T08:00,57,Moderate,9.5,15.7,2.9,4.9,127.0,59.0,,,,,,
2023-05-15T09:00,58,Moderate,10.6,17.2,2.6,5.2,130.0,70.0,,,,,,
2023-05-15T10:00,58,Moderate,13.1,20.8,2.2,5.5,134.0,83.0,,,,,,
2023-05-15T11:00,58,Moderate,16.4,25.8,1.8,6.4,137.0,99.0,,,,,,
2023-05-15T12:00,58,Moderate,19.7,31.2,1.8,7.9,137.0,106.0,,,,,,
2023-05-15T13:00,58,Moderate,21.7,35.0,1.9,9.8,136.0,112.0,,,,,,
2023-05-15T14:00,58,Moderate,23.3,38.8,2.5,11.8,134.0,113.0,,,,,,
2023-05-15T15:00,59,Moderate,24.3,42.3,3.5,12.5,132.0,107.0,,,,,,
2023-05-15T16:00,59,Moderate,23.5,42.3,4.7,12.8,129.0,96.0,,,,,,
2023-05-15T17:00,60,Moderate,22.1,40.0,4.2,8.0,126.0,86.0,,,,,,
2023-05-15T18:00,60,Moderate,20.0,36.1,4.7,8.1,129.0,81.0,,,,,,
2023-05-15T19:00,61,Moderate,18.5,33.2,5.4,8.1,134.0,74.0,,,,,,
2023-05-15T20:00,61,Moderate,17.1,30.5,6.0,7.9,145.0,68.0,,,,,,
2023-05-15T21:00,61,Moderate,15.9,28.3,6.0,7.1,160.0,68.0,,,,,,
2023-05-15T22:00,61,Moderate,14.2,24.3,5.7,6.0,178.0,71.0,,,,,,
2023-05-15T23:00,62,Moderate,14.0,23.6,5.4,5.0,198.0,73.0,,,,,,
2023-05-16T00:00,62,Moderate,13.7,22.8,5.3,5.0,205.0,72.0,,,,,,
2023-05-16T01:00,62,Moderate,13.4,21.8,5.3,5.5,207.0,70.0,,,,,,
2023-05-16T02:00,62,Moderate,13.2,21.1,5.4,6.2,209.0,67.0,,,,,,
2023-05-16T03:00,62,Moderate,13.2,21.1,5.5,6.6,210.0,64.0,,,,,,
2023-05-16T04:00,63,Moderate,13.0,20.9,5.6,7.1,209.0,61.0,,,,,,
2023-05-16T05:00,63,Moderate,13.0,20.7,5.4,7.2,211.0,59.0,,,,,,
2023-05-16T06:00,63,Moderate,13.0,20.6,5.4,7.4,212.0,60.0,,,,,,
2023-05-16T07:00,63,Moderate,13.5,21.4,5.4,7.8,213.0,62.0,,,,,,
2023-05-16T08:00,64,Moderate,14.8,23.2,5.0,8.1,215.0,72.0,,,,,,
2023-05-16T09:00,64,Moderate,17.1,26.4,4.3,8.3,218.0,91.0,,,,,,
2023-05-16T10:00,65,Moderate,20.5,31.5,3.3,8.4,221.0,115.0,,,,,,
2023-05-16T11:00,65,Moderate,24.6,37.5,2.1,8.0,221.0,139.0,,,,,,
2023-05-16T12:00,66,Moderate,27.2,41.9,1.4,6.7,214.0,142.0,,,,,,
2023-05-16T13:00,66,Moderate,26.5,42.0,0.8,4.9,203.0,137.0,,,,,,
2023-05-16T14:00,67,Moderate,23.1,38.0,0.7,3.8,190.0,128.0,,,,,,
2023-05-16T15:00,67,Moderate,20.7,35.3,1.5,5.1,184.0,122.0,,,,,,
2023-05-16T16:00,68,Moderate,19.5,34.0,2.9,7.4,179.0,116.0,,,,,,
2023-05-16T17:00,77,Moderate,17.2,30.5,1.0,2.2,172.0,106.0,,,,,,
2023-05-16T18:00,80,Moderate,18.2,32.2,2.0,3.8,174.0,104.0,,,,,,
2023-05-16T19:00,78,Moderate,19.2,33.6,3.4,6.0,176.0,100.0,,,,,,
2023-05-16T20:00,70,Moderate,20.4,35.5,5.0,8.2,181.0,95.0,,,,,,
2023-05-16T21:00,66,Moderate,21.3,37.1,5.4,8.4,184.0,91.0,,,,,,
2023-05-16T22:00,66,Moderate,21.5,37.4,5.4,7.9,188.0,87.0,,,,,,
2023-05-16T23:00,67,Moderate,22.8,39.2,5.7,7.5,197.0,82.0,,,,,,
2023-05-17T00:00,68,Moderate,23.6,40.0,6.5,8.0,212.0,79.0,,,,,,
2023-05-17T01:00,68,Moderate,24.6,41.2,7.6,8.8,230.0,77.0,,,,,,
2023-05-17T02:00,69,Moderate,25.0,41.1,8.5,9.4,249.0,74.0,,,,,,
2023-05-17T03:00,70,Moderate,25.1,40.9,8.3,9.1,254.0,71.0,,,,,,
2023-05-17T04:00,71,Moderate,24.6,39.7,7.6,8.5,254.0,67.0,,,,,,
2023-05-17T05:00,72,Moderate,23.3,38.0,6.8,7.9,245.0,61.0,,,,,,
2023-05-17T06:00,73,Moderate,22.9,37.3,6.4,7.9,240.0,63.0,,,,,,
2023-05-17T07:00,74,Moderate,22.6,36.7,5.9,7.9,233.0,67.0,,,,,,
2023-05-17T08:00,74,Moderate,22.6,36.8,4.9,7.8,222.0,75.0,,,,,,
2023-05-17T09:00,75,Moderate,23.6,38.4,3.9,7.4,213.0,88.0,,,,,,
2023-05-17T10:00,76,Moderate,25.4,41.6,2.7,6.8,203.0,104.0,,,,,,
2023-05-17T11:00,76,Moderate,27.6,45.6,1.5,6.3,191.0,119.0,,,,,,
2023-05-17T12:00,76,Moderate,28.4,47.7,1.1,6.1,183.0,121.0,,,,,,
2023-05-17T13:00,76,Moderate,29.3,50.2,0.9,6.0,176.0,118.0,,,,,,
2023-05-17T14:00,76,Moderate,29.0,50.5,1.3,6.5,170.0,112.0,,,,,,
2023-05-17T15:00,77,Moderate,28.3,50.3,2.5,8.0,168.0,107.0,,,,,,
2023-05-17T16:00,78,Moderate,27.3,48.8,4.2,10.1,169.0,102.0,,,,,,
2023-05-17T17:00,78,Moderate,22.6,40.4,1.5,1.8,162.0,87.0,,,,,,
2023-05-17T18:00,79,Moderate,22.1,39.8,3.2,2.2,164.0,84.0,,,,,,
2023-05-17T19:00,79,Moderate,21.8,39.3,5.5,2.8,166.0,80.0,,,,,,
2023-05-17T20:00,79,Moderate,22.1,39.8,8.3,3.5,171.0,75.0,,,,,,
2023-05-17T21:00,79,Moderate,22.1,39.8,9.7,3.9,176.0,72.0,,,,,,
2023-05-17T22:00,79,Moderate,22.1,39.8,10.8,4.3,181.0,70.0,,,,,,
2023-05-17T23:00,79,Moderate,21.8,39.0,11.4,4.8,189.0,69.0,,,,,,
2023-05-18T00:00,79,Moderate,22.1,39.1,10.8,5.3,196.0,70.0,,,,,,
2023-05-18T01:00,79,Moderate,22.2,38.9,9.6,5.9,203.0,71.0,,,,,,
2023-05-18T02:00,79,Moderate,22.1,38.5,7.8,6.7,210.0,73.0,,,,,,
2023-05-18T03:00,79,Moderate,21.9,38.0,6.5,7.3,213.0,73.0,,,,,,
2023-05-18T04:00,78,Moderate,21.8,37.4,5.2,8.0,213.0,72.0,,,,,,
2023-05-18T05:00,78,Moderate,20.3,34.8,3.4,9.3,201.0,75.0,,,,,,
2023-05-18T06:00,78,Moderate,20.4,34.7,3.7,10.1,202.0,77.0,,,,,,
2023-05-18T07:00,78,Moderate,20.7,34.9,4.1,11.3,204.0,79.0,,,,,,
2023-05-18T08:00,78,Moderate,21.6,36.1,4.4,12.5,206.0,88.0,,,,,,
2023-05-18T09:00,78,Moderate,23.7,39.1,4.1,12.8,208.0,104.0,,,,,,
2023-05-18T10:00,78,Moderate,26.2,43.1,3.5,12.8,210.0,126.0,,,,,,
2023-05-18T11:00,78,Moderate,28.3,46.9,2.7,11.8,205.0,142.0,,,,,,
2023-05-18T12:00,78,Moderate,28.7,48.4,2.0,9.5,190.0,134.0,,,,,,
2023-05-18T13:00,78,Moderate,26.4,46.2,1.2,6.3,170.0,116.0,,,,,,
2023-05-18T14:00,77,Moderate,24.5,44.4,0.8,3.1,148.0,95.0,,,,,,
2023-05-18T15:00,77,Moderate,22.3,41.3,1.2,2.7,141.0,87.0,,,,,,
2023-05-18T16:00,77,Moderate,20.8,38.9,2.0,3.2,139.0,83.0,,,,,,
2023-05-18T17:00,76,Moderate,17.7,33.4,2.8,3.0,136.0,74.0,,,,,,
2023-05-18T18:00,76,Moderate,17.5,32.0,4.1,3.6,143.0,74.0,,,,,,
2023-05-18T19:00,75,Moderate,17.7,32.0,5.9,4.5,154.0,73.0,,,,,,
2023-05-18T20:00,75,Moderate,18.2,32.7,7.6,5.4,164.0,72.0,,,,,,
2023-05-18T21:00,75,Moderate,18.3,32.8,7.6,5.7,165.0,71.0,,,,,,
2023-05-18T22:00,74,Moderate,18.2,32.8,6.9,5.8,164.0,69.0,,,,,,
2023-05-18T23:00,74,Moderate,17.9,32.5,5.8,5.9,161.0,67.0,,,,,,
2023-05-19T00:00,74,Moderate,17.5,31.8,5.0,5.9,160.0,66.0,,,,,,
2023-05-19T01:00,73,Moderate,16.9,30.7,4.0,5.8,158.0,66.0,,,,,,
2023-05-19T02:00,73,Moderate,17.1,31.2,3.0,5.7,156.0,66.0,,,,,,
2023-05-19T03:00,73,Moderate,16.8,30.7,2.4,5.6,155.0,65.0,,,,,,
2023-05-19T04:00,72,Moderate,16.8,30.6,2.0,5.5,155.0,65.0,,,,,,
2023-05-19T05:00,72,Moderate,15.6,28.0,2.3,6.8,154.0,65.0,,,,,,
2023-05-19T06:00,72,Moderate,15.3,27.3,2.7,7.0,152.0,66.0,,,,,,
2023-05-19T07:00,71,Moderate,15.2,27.2,3.3,7.3,150.0,66.0,,,,,,
2023-05-19T08:00,71,Moderate,15.3,27.3,3.7,7.4,145.0,70.0,,,,,,
2023-05-19T09:00,70,Moderate,15.9,28.6,3.3,7.0,141.0,77.0,,,,,,
2023-05-19T10:00,70,Moderate,18.2,32.5,2.4,6.4,136.0,86.0,,,,,,
2023-05-19T11:00,69,Moderate,18.9,33.9,1.5,5.5,129.0,93.0,,,,,,
2023-05-19T12:00,68,Moderate,18.4,33.3,1.1,4.7,122.0,91.0,,,,,,
2023-05-19T13:00,67,Moderate,18.0,32.8,0.8,3.9,114.0,84.0,,,,,,
2023-05-19T14:00,67,Moderate,17.1,31.4,0.9,3.3,108.0,77.0,,,,,,
2023-05-19T15:00,66,Moderate,16.3,30.5,1.5,3.4,111.0,76.0,,,,,,
2023-05-19T16:00,66,Moderate,15.7,29.2,2.4,3.9,117.0,76.0,,,,,,
2023-05-19T17:00,65,Moderate,25.8,44.7,5.7,10.6,141.0,77.0,,,,,,
2023-05-19T18:00,66,Moderate,25.7,43.5,5.3,9.1,147.0,78.0,,,,,,
2023-05-19T19:00,67,Moderate,25.1,41.9,4.8,6.9,156.0,79.0,,,,,,
2023-05-19T20:00,67,Moderate,24.2,40.0,4.2,4.6,167.0,79.0,,,,,,
2023-05-19T21:00,68,Moderate,23.3,38.5,4.0,3.9,173.0,78.0,,,,,,
2023-05-19T22:00,68,Moderate,22.6,37.3,4.0,3.7,178.0,76.0,,,,,,
2023-05-19T23:00,68,Moderate,21.8,36.1,4.0,3.7,184.0,73.0,,,,,,
2023-05-20T00:00,69,Moderate,21.1,34.9,4.0,3.9,189.0,72.0,,,,,,
2023-05-20T01:00,69,Moderate,20.4,33.6,4.0,4.3,193.0,70.0,,,,,,
2023-05-20T02:00,69,Moderate,19.9,32.8,4.0,4.8,198.0,69.0,,,,,,
2023-05-20T03:00,69,Moderate,19.4,32.2,4.0,5.0,200.0,68.0,,,,,,
2023-05-20T04:00,70,Moderate,19.5,32.6,3.9,5.1,201.0,67.0,,,,,,
2023-05-20T05:00,70,Moderate,19.0,31.5,3.8,5.5,199.0,67.0,,,,,,
2023-05-20T06:00,70,Moderate,18.9,31.5,3.7,5.7,200.0,70.0,,,,,,
2023-05-20T07:00,70,Moderate,18.9,31.5,3.6,6.1,201.0,73.0,,,,,,
2023-05-20T08:00,71,Moderate,19.5,32.2,3.3,6.4,202.0,82.0,,,,,,
2023-05-20T09:00,71,Moderate,20.8,34.1,2.8,6.3,203.0,94.0,,,,,,
2023-05-20T10:00,71,Moderate,22.2,36.6,2.1,6.0,203.0,110.0,,,,,,
2023-05-20T11:00,72,Moderate,23.5,39.2,1.5,5.9,200.0,124.0,,,,,,
2023-05-20T12:00,72,Moderate,24.2,41.2,1.3,6.1,191.0,124.0,,,,,,
2023-05-20T13:00,73,Moderate,24.1,42.3,1.2,6.4,177.0,119.0,,,,,,
2023-05-20T14:00,73,Moderate,23.7,42.7,1.6,7.4,164.0,110.0,,,,,,
2023-05-20T15:00,74,Moderate,22.6,41.7,2.8,9.1,162.0,104.0,,,,,,
2023-05-20T16:00,74,Moderate,21.7,40.2,4.5,11.3,163.0,98.0,,,,,,
2023-05-20T17:00,75,Moderate,18.9,34.9,5.2,10.2,153.0,87.0,,,,,,
2023-05-20T18:00,74,Moderate,17.7,32.1,5.2,9.2,160.0,86.0,,,,,,
2023-05-20T19:00,73,Moderate,16.4,29.6,5.2,7.8,169.0,86.0,,,,,,
2023-05-20T20:00,73,Moderate,15.4,27.8,5.1,6.2,179.0,84.0,,,,,,
2023-05-20T21:00,72,Moderate,14.6,26.3,4.9,5.3,182.0,82.0,,,,,,
2023-05-20T22:00,71,Moderate,13.8,24.9,4.7,4.7,184.0,79.0,,,,,,
2023-05-20T23:00,71,Moderate,13.5,24.6,4.5,4.2,185.0,76.0,,,,,,
2023-05-21T00:00,70,Moderate,13.4,24.5,4.4,4.4,186.0,74.0,,,,,,
2023-05-21T01:00,69,Moderate,13.3,24.4,4.4,4.9,186.0,71.0,,,,,,
2023-05-21T02:00,69,Moderate,13.2,24.0,4.4,5.5,186.0,68.0,,,,,,
2023-05-21T03:00,68,Moderate,13.3,24.0,4.4,5.9,186.0,66.0,,,,,,
2023-05-21T04:00,68,Moderate,13.6,24.6,4.5,6.2,186.0,64.0,,,,,,
2023-05-21T05:00,67,Moderate,13.8,25.3,4.3,6.6,181.0,61.0,,,,,,
2023-05-21T06:00,67,Moderate,13.9,25.6,3.9,6.3,176.0,63.0,,,,,,
2023-05-21T07:00,67,Moderate,14.3,26.5,3.3,5.9,170.0,67.0,,,,,,
2023-05-21T08:00,66,Moderate,15.3,28.4,2.6,5.4,162.0,73.0,,,,,,
2023-05-21T09:00,66,Moderate,16.0,29.5,2.1,4.9,158.0,81.0,,,,,,
2023-05-21T10:00,65,Moderate,18.2,33.2,1.5,4.3,155.0,90.0,,,,,,
2023-05-21T11:00,65,Moderate,20.0,36.4,1.2,4.4,151.0,100.0,,,,,,
2023-05-21T12:00,65,Moderate,21.5,39.2,1.4,5.8,148.0,103.0,,,,,,
2023-05-21T13:00,65,Moderate,21.4,39.2,1.8,7.8,145.0,104.0,,,,,,
2023-05-21T14:00,64,Moderate,21.0,38.8,2.6,10.1,143.0,102.0,,,,,,
2023-05-21T15:00,64,Moderate,20.5,37.8,3.6,11.0,145.0,99.0,,,,,,
2023-05-21T16:00,64,Moderate,20.2,36.4,4.9,11.5,149.0,94.0,,,,,,
2023-05-21T17:00,64,Moderate,22.1,41.1,4.3,8.4,137.0,82.0,,,,,,
2023-05-21T18:00,64,Moderate,21.9,39.9,4.1,7.3,140.0,81.0,,,,,,
2023-05-21T19:00,65,Moderate,21.9,38.8,3.9,5.7,144.0,79.0,,,,,,
2023-05-21T20:00,65,Moderate,21.7,37.6,3.6,4.0,149.0,77.0,,,,,,
2023-05-21T21:00,65,Moderate,20.8,35.7,3.6,3.5,153.0,76.0,,,,,,
2023-05-21T22:00,66,Moderate,20.0,34.0,3.6,3.4,157.0,75.0,,,,,,
2023-05-21T23:00,66,Moderate,19.2,32.6,3.7,3.4,162.0,74.0,,,,,,
2023-05-22T00:00,67,Moderate,18.2,31.0,3.7,3.5,164.0,73.0,,,,,,
2023-05-22T01:00,67,Moderate,17.4,29.6,3.6,3.8,166.0,71.0,,,,,,
2023-05-22T02:00,68,Moderate,16.8,28.6,3.6,4.2,167.0,69.0,,,,,,
2023-05-22T03:00,68,Moderate,16.5,28.2,3.6,4.5,168.0,68.0,,,,,,
2023-05-22T04:00,68,Moderate,16.1,27.5,3.6,4.7,168.0,66.0,,,,,,
2023-05-22T05:00,68,Moderate,15.4,27.1,2.8,4.2,158.0,67.0,,,,,,
2023-05-22T06:00,68,Moderate,15.3,26.9,2.8,4.3,159.0,69.0,,,,,,
2023-05-22T07:00,69,Moderate,15.1,26.4,2.7,4.4,161.0,71.0,,,,,,
2023-05-22T08:00,69,Moderate,15.3,26.5,2.5,4.5,161.0,76.0,,,,,,
2023-05-22T09:00,69,Moderate,16.0,27.6,2.1,4.2,158.0,83.0,,,,,,
2023-05-22T10:00,69,Moderate,16.8,29.0,1.6,3.7,153.0,91.0,,,,,,
2023-05-22T11:00,68,Moderate,17.3,29.9,1.1,3.7,145.0,98.0,,,,,,
2023-05-22T12:00,68,Moderate,16.6,29.4,1.1,4.6,138.0,98.0,,,,,,
2023-05-22T13:00,68,Moderate,16.8,30.2,1.3,6.1,131.0,96.0,,,,,,
2023-05-22T14:00,68,Moderate,16.5,30.2,1.8,7.7,124.0,91.0,,,,,,
2023-05-22T15:00,67,Moderate,15.7,29.3,2.5,8.4,122.0,86.0,,,,,,
2023-05-22T16:00,67,Moderate,14.4,27.0,3.5,8.9,122.0,81.0,,,,,,
2023-05-22T17:00,66,Moderate,12.2,23.5,2.4,3.0,115.0,75.0,,,,,,
2023-05-22T18:00,66,Moderate,11.3,21.4,4.0,4.1,121.0,74.0,,,,,,
2023-05-22T19:00,65,Moderate,10.4,19.3,6.3,5.7,129.0,72.0,,,,,,
2023-05-22T20:00,64,Moderate,10.0,18.3,8.4,7.5,137.0,69.0,,,,,,
2023-05-22T21:00,63,Moderate,9.6,17.8,8.5,8.1,138.0,68.0,,,,,,
2023-05-22T22:00,62,Moderate,9.3,17.3,7.8,8.3,136.0,66.0,,,,,,
2023-05-22T23:00,61,Moderate,9.1,16.8,6.8,8.7,134.0,65.0,,,,,,
2023-05-23T00:00,60,Moderate,8.6,15.8,6.2,9.2,135.0,65.0,,,,,,
2023-05-23T01:00,60,Moderate,8.3,15.1,5.5,9.8,137.0,65.0,,,,,,
2023-05-23T02:00,59,Moderate,8.1,14.5,4.6,10.3,139.0,65.0,,,,,,
2023-05-23T03:00,58,Moderate,8.0,14.3,4.0,10.3,139.0,65.0,,,,,,
2023-05-23T04:00,58,Moderate,8.0,14.3,3.3,10.1,139.0,65.0,,,,,,
2023-05-23T05:00,57,Moderate,8.4,15.1,3.2,10.4,135.0,66.0,,,,,,
2023-05-23T06:00,56,Moderate,8.2,14.9,3.3,11.0,134.0,67.0,,,,,,
2023-05-23T07:00,56,Moderate,8.3,15.0,3.5,11.9,134.0,69.0,,,,,,
2023-05-23T08:00,55,Moderate,9.0,16.1,3.5,12.3,132.0,74.0,,,,,,
2023-05-23T09:00,55,Moderate,10.8,19.0,3.0,11.6,130.0,82.0,,,,,,
2023-05-23T10:00,54,Moderate,13.0,22.7,2.3,10.4,128.0,91.0,,,,,,
2023-05-23T11:00,54,Moderate,14.5,25.7,1.5,8.5,124.0,98.0,,,,,,
2023-05-23T12:00,54,Moderate,15.3,28.0,1.0,6.7,120.0,94.0,,,,,,
2023-05-23T13:00,54,Moderate,15.7,29.3,0.7,4.6,115.0,85.0,,,,,,
2023-05-23T14:00,54,Moderate,14.8,28.1,0.5,2.6,110.0,75.0,,,,,,
2023-05-23T15:00,54,Moderate,13.6,26.3,0.7,2.2,109.0,72.0,,,,,,
2023-05-23T16:00,53,Moderate,12.8,24.9,1.2,2.5,110.0,70.0,,,,,,
2023-05-23T17:00,53,Moderate,13.4,26.2,1.1,1.7,107.0,65.0,,,,,,
2023-05-23T18:00,53,Moderate,12.6,24.7,2.4,2.7,108.0,64.0,,,,,,
2023-05-23T19:00,53,Moderate,12.0,23.3,4.2,4.1,110.0,62.0,,,,,,
2023-05-23T20:00,54,Moderate,11.6,22.4,6.1,5.9,113.0,60.0,,,,,,
2023-05-23T21:00,54,Moderate,11.4,21.9,6.7,6.9,117.0,59.0,,,,,,
2023-05-23T22:00,54,Moderate,11.0,21.0,6.9,7.9,121.0,59.0,,,,,,
2023-05-23T23:00,54,Moderate,10.9,20.6,6.6,8.7,125.0,59.0,,,,,,
2023-05-24T00:00,54,Moderate,10.8,20.5,5.9,8.8,126.0,59.0,,,,,,
2023-05-24T01:00,54,Moderate,10.7,20.4,4.9,8.6,125.0,60.0,,,,,,
2023-05-24T02:00,54,Moderate,10.4,19.8,3.6,8.3,124.0,61.0,,,,,,
2023-05-24T03:00,55,Moderate,10.3,19.7,2.9,8.0,123.0,61.0,,,,,,
2023-05-24T04:00,55,Moderate,10.1,19.4,2.4,7.7,122.0,61.0,,,,,,
2023-05-24T05:00,55,Moderate,9.9,19.0,2.1,7.6,121.0,62.0,,,,,,
2023-05-24T06:00,55,Moderate,9.9,18.9,2.5,8.1,121.0,63.0,,,,,,
2023-05-24T07:00,55,Moderate,10.0,19.0,3.0,8.7,121.0,64.0,,,,,,
2023-05-24T08:00,55,Moderate,10.6,19.8,3.4,9.0,120.0,67.0,,,,,,
2023-05-24T09:00,56,Moderate,12.3,22.4,3.0,8.5,120.0,73.0,,,,,,
2023-05-24T10:00,56,Moderate,13.4,24.2,2.3,7.5,120.0,81.0,,,,,,
2023-05-24T11:00,56,Moderate,14.8,26.6,1.5,6.1,118.0,87.0,,,,,,
2023-05-24T12:00,56,Moderate,15.9,28.8,1.1,5.0,114.0,83.0,,,,,,
2023-05-24T13:00,56,Moderate,15.8,29.2,0.7,3.7,108.0,75.0,,,,,,
2023-05-24T14:00,56,Moderate,15.2,28.4,0.6,2.6,103.0,65.0,,,,,,
2023-05-24T15:00,56,Moderate,14.2,27.0,0.8,2.3,102.0,62.0,,,,,,
2023-05-24T16:00,56,Moderate,13.4,26.0,1.1,2.4,102.0,60.0,,,,,,
2023-05-24T17:00,56,Moderate,12.8,25.1,1.8,2.5,111.0,59.0,,,,,,
2023-05-24T18:00,56,Moderate,12.0,23.3,3.5,3.4,114.0,57.0,,,,,,
2023-05-24T19:00,56,Moderate,11.4,21.9,5.9,4.7,119.0,54.0,,,,,,
2023-05-24T20:00,56,Moderate,10.8,20.7,8.3,6.3,125.0,50.0,,,,,,
2023-05-24T21:00,56,Moderate,10.6,20.0,8.6,7.1,130.0,49.0,,,,,,
2023-05-24T22:00,56,Moderate,10.4,19.4,8.2,7.7,135.0,48.0,,,,,,
2023-05-24T23:00,56,Moderate,10.3,19.2,7.3,8.2,139.0,48.0,,,,,,
2023-05-25T00:00,56,Moderate,10.1,18.9,6.5,8.3,139.0,48.0,,,,,,
2023-05-25T01:00,55,Moderate,10.0,18.7,5.4,8.1,138.0,49.0,,,,,,
2023-05-25T02:00,55,Moderate,9.9,18.5,4.2,7.9,136.0,49.0,,,,,,
2023-05-25T03:00,55,Moderate,9.7,18.0,3.6,7.9,136.0,49.0,,,,,,
2023-05-25T04:00,55,Moderate,9.7,18.0,3.1,8.0,136.0,49.0,,,,,,
2023-05-25T05:00,55,Moderate,9.3,17.2,2.6,7.8,133.0,49.0,,,,,,
2023-05-25T06:00,55,Moderate,9.2,16.9,3.2,8.4,134.0,50.0,,,,,,
2023-05-25T07:00,55,Moderate,9.4,17.1,4.1,9.2,135.0,52.0,,,,,,
2023-05-25T08:00,55,Moderate,10.2,18.2,4.7,9.8,137.0,57.0,,,,,,
2023-05-25T09:00,55,Moderate,12.5,21.4,4.3,9.6,138.0,66.0,,,,,,
2023-05-25T10:00,55,Moderate,14.7,25.0,3.4,9.1,140.0,79.0,,,,,,
2023-05-25T11:00,55,Moderate,16.6,28.3,2.3,8.0,139.0,90.0,,,,,,
2023-05-25T12:00,55,Moderate,18.4,31.9,1.6,6.5,134.0,90.0,,,,,,
2023-05-25T13:00,56,Moderate,19.0,34.2,1.0,4.6,128.0,86.0,,,,,,
2023-05-25T14:00,56,Moderate,18.9,34.9,0.8,3.0,122.0,80.0,,,,,,
2023-05-25T15:00,56,Moderate,17.9,33.6,1.4,3.1,123.0,78.0,,,,,,
2023-05-25T16:00,56,Moderate,16.8,31.1,2.6,3.8,127.0,77.0,,,,,,
2023-05-25T17:00,57,Moderate,18.0,34.0,2.5,2.4,126.0,72.0,,,,,,
2023-05-25T18:00,57,Moderate,17.3,32.5,5.2,3.3,131.0,68.0,,,,,,
2023-05-25T19:00,57,Moderate,15.1,27.8,8.9,4.7,139.0,62.0,,,,,,
2023-05-25T20:00,58,Moderate,13.1,23.6,12.6,6.4,148.0,56.0,,,,,,
2023-05-25T21:00,58,Moderate,12.0,21.1,13.1,7.5,154.0,54.0,,,,,,
2023-05-25T22:00,58,Moderate,11.6,20.0,12.4,8.4,159.0,54.0,,,,,,
2023-05-25T23:00,58,Moderate,11.1,19.3,10.9,9.4,163.0,54.0,,,,,,
2023-05-26T00:00,58,Moderate,10.8,18.6,9.6,9.7,163.0,54.0,,,,,,
2023-05-26T01:00,58,Moderate,10.4,17.9,7.9,9.7,161.0,53.0,,,,,,
2023-05-26T02:00,58,Moderate,10.2,17.6,6.1,9.7,158.0,53.0,,,,,,
2023-05-26T03:00,58,Moderate,10.1,17.3,5.2,9.6,157.0,52.0,,,,,,
2023-05-26T04:00,58,Moderate,9.9,16.9,4.6,9.4,156.0,51.0,,,,,,
2023-05-26T05:00,58,Moderate,9.5,16.8,3.7,8.7,150.0,48.0,,,,,,
2023-05-26T06:00,58,Moderate,9.3,16.4,4.7,9.2,149.0,47.0,,,,,,
2023-05-26T07:00,58,Moderate,9.1,15.8,6.2,9.9,147.0,45.0,,,,,,
2023-05-26T08:00,58,Moderate,9.3,16.1,7.3,10.6,145.0,47.0,,,,,,
2023-05-26T09:00,58,Moderate,10.9,18.3,6.7,10.9,145.0,54.0,,,,,,
2023-05-26T10:00,58,Moderate,14.0,22.8,5.4,11.0,146.0,64.0,,,,,,
2023-05-26T11:00,58,Moderate,17.7,28.7,3.7,10.3,146.0,76.0,,,,,,
2023-05-26T12:00,58,Moderate,21.1,34.9,2.6,8.6,142.0,82.0,,,,,,
2023-05-26T13:00,58,Moderate,23.1,39.7,1.6,6.2,137.0,87.0,,,,,,
2023-05-26T14:00,59,Moderate,23.9,42.4,1.1,3.9,132.0,90.0,,,,,,
2023-05-26T15:00,59,Moderate,22.6,41.1,1.9,3.7,133.0,89.0,,,,,,
2023-05-26T16:00,60,Moderate,20.7,37.3,3.5,4.3,136.0,86.0,,,,,,
2023-05-26T17:00,60,Moderate,19.3,34.9,3.1,3.1,136.0,83.0,,,,,,
2023-05-26T18:00,60,Moderate,17.6,30.9,6.4,3.8,143.0,77.0,,,,,,
2023-05-26T19:00,60,Moderate,16.4,27.7,11.1,4.7,153.0,69.0,,,,,,
2023-05-26T20:00,60,Moderate,16.5,27.0,15.6,6.0,166.0,61.0,,,,,,
2023-05-26T21:00,60,Moderate,17.0,27.1,15.7,6.9,175.0,60.0,,,,,,
2023-05-26T22:00,61,Moderate,16.5,26.1,14.3,7.8,184.0,62.0,,,,,,
2023-05-26T23:00,61,Moderate,15.0,23.2,12.2,9.0,192.0,64.0,,,,,,
2023-05-27T00:00,61,Moderate,14.1,22.0,11.2,9.9,195.0,64.0,,,,,,
2023-05-27T01:00,62,Moderate,13.6,21.2,10.1,10.9,195.0,65.0,,,,,,
2023-05-27T02:00,62,Moderate,13.4,20.9,8.9,11.9,194.0,64.0,,,,,,
2023-05-27T03:00,62,Moderate,13.2,20.7,8.1,12.4,192.0,62.0,,,,,,
2023-05-27T04:00,62,Moderate,13.1,20.6,7.4,12.7,189.0,60.0,,,,,,
2023-05-27T05:00,63,Moderate,14.0,22.1,7.6,13.2,200.0,58.0,,,,,,
2023-05-27T06:00,63,Moderate,13.8,21.8,7.7,13.8,200.0,60.0,,,,,,
2023-05-27T07:00,63,Moderate,13.9,22.0,7.9,14.6,201.0,63.0,,,,,,
2023-05-27T08:00,64,Moderate,15.0,23.4,7.6,15.4,200.0,72.0,,,,,,
2023-05-27T09:00,64,Moderate,17.6,27.1,6.6,15.6,198.0,88.0,,,,,,
2023-05-27T10:00,65,Moderate,21.2,32.4,5.1,15.6,196.0,109.0,,,,,,
2023-05-27T11:00,65,Moderate,24.0,36.9,3.3,14.4,191.0,130.0,,,,,,
2023-05-27T12:00,66,Moderate,25.6,40.5,2.2,11.9,185.0,134.0,,,,,,
2023-05-27T13:00,66,Moderate,26.1,43.0,1.2,8.6,179.0,131.0,,,,,,
2023-05-27T14:00,66,Moderate,25.0,42.8,0.7,5.1,171.0,124.0,,,,,,
2023-05-27T15:00,66,Moderate,23.2,41.3,1.1,4.1,166.0,118.0,,,,,,
2023-05-27T16:00,66,Moderate,21.5,38.8,2.0,3.8,162.0,110.0,,,,,,
2023-05-27T17:00,67,Moderate,15.5,28.0,0.9,1.7,159.0,99.0,,,,,,
2023-05-27T18:00,70,Moderate,15.4,27.4,3.8,3.3,163.0,95.0,,,,,,
2023-05-27T19:00,67,Moderate,14.0,24.3,7.9,5.5,170.0,90.0,,,,,,
2023-05-27T20:00,66,Moderate,13.1,22.2,12.6,8.2,181.0,83.0,,,,,,
2023-05-27T21:00,66,Moderate,13.0,21.7,14.7,9.7,192.0,77.0,,,,,,
2023-05-27T22:00,65,Moderate,13.0,21.1,16.1,10.9,205.0,71.0,,,,,,
2023-05-27T23:00,65,Moderate,12.8,20.4,16.7,11.9,219.0,65.0,,,,,,
2023-05-28T00:00,65,Moderate,13.0,20.6,15.7,12.0,224.0,63.0,,,,,,
2023-05-28T01:00,65,Moderate,13.3,21.0,13.7,11.6,226.0,63.0,,,,,,
2023-05-28T02:00,65,Moderate,13.4,21.2,11.1,11.2,226.0,63.0,,,,,,
2023-05-28T03:00,65,Moderate,13.5,21.2,9.7,11.1,225.0,62.0,,,,,,
2023-05-28T04:00,65,Moderate,13.7,21.6,8.5,11.1,223.0,60.0,,,,,,
2023-05-28T05:00,65,Moderate,14.3,23.3,6.6,10.4,214.0,57.0,,,,,,
2023-05-28T06:00,65,Moderate,14.0,23.0,7.0,11.0,213.0,57.0,,,,,,
2023-05-28T07:00,65,Moderate,14.2,23.4,7.6,11.8,211.0,58.0,,,,,,
2023-05-28T08:00,65,Moderate,15.4,25.2,7.7,12.7,209.0,67.0,,,,,,
2023-05-28T09:00,65,Moderate,18.1,29.2,6.8,13.2,209.0,86.0,,,,,,
2023-05-28T10:00,65,Moderate,22.2,35.2,5.4,13.5,210.0,111.0,,,,,,
2023-05-28T11:00,65,Moderate,27.1,43.0,3.6,12.9,207.0,135.0,,,,,,
2023-05-28T12:00,65,Moderate,29.1,47.4,2.4,10.8,198.0,138.0,,,,,,
2023-05-28T13:00,66,Moderate,28.3,48.0,1.3,7.8,186.0,132.0,,,,,,
2023-05-28T14:00,66,Moderate,24.4,43.1,0.7,5.0,174.0,125.0,,,,,,
2023-05-28T15:00,66,Moderate,22.6,40.7,1.2,4.7,171.0,123.0,,,,,,
2023-05-28T16:00,66,Moderate,21.1,38.0,2.2,5.3,172.0,121.0,,,,,,
2023-05-28T17:00,73,Moderate,25.6,45.9,1.3,1.8,166.0,101.0,,,,,,
2023-05-28T18:00,76,Moderate,25.1,44.8,2.9,2.5,170.0,99.0,,,,,,
2023-05-28T19:00,74,Moderate,25.3,44.4,5.2,3.5,176.0,97.0,,,,,,
2023-05-28T20:00,68,Moderate,25.0,43.3,8.9,5.1,186.0,92.0,,,,,,
2023-05-28T21:00,69,Moderate,25.4,43.2,12.7,6.6,195.0,86.0,,,,,,
2023-05-28T22:00,70,Moderate,26.7,44.8,17.1,8.4,207.0,78.0,,,,,,
2023-05-28T23:00,71,Moderate,27.8,45.6,21.1,10.5,223.0,70.0,,,,,,
2023-05-29T00:00,72,Moderate,30.0,48.0,21.5,11.9,238.0,66.0,,,,,,
2023-05-29T01:00,74,Moderate,32.4,50.4,20.4,13.2,255.0,63.0,,,,,,
2023-05-29T02:00,75,Moderate,33.2,50.9,18.1,14.3,272.0,61.0,,,,,,
2023-05-29T03:00,77,Moderate,32.7,49.7,16.0,14.3,278.0,60.0,,,,,,
2023-05-29T04:00,78,Moderate,31.8,48.2,13.3,13.9,280.0,60.0,,,,,,
2023-05-29T05:00,80,Moderate,29.2,45.1,12.3,15.3,272.0,58.0,,,,,,
2023-05-29T06:00,81,Moderate,27.5,42.4,11.7,15.9,272.0,63.0,,,,,,
2023-05-29T07:00,82,Moderate,26.1,40.4,10.7,16.7,271.0,71.0,,,,,,
2023-05-29T08:00,83,Moderate,26.5,40.9,9.0,17.5,268.0,87.0,,,,,,
2023-05-29T09:00,84,Moderate,28.4,43.8,7.2,18.0,264.0,109.0,,,,,,
2023-05-29T10:00,84,Moderate,29.6,46.1,5.0,18.5,258.0,136.0,,,,,,
2023-05-29T11:00,85,Moderate,29.2,46.3,2.6,17.5,246.0,160.0,,,,,,
2023-05-29T12:00,85,Moderate,27.6,45.3,1.5,14.5,233.0,158.0,,,,,,
2023-05-29T13:00,85,Moderate,24.7,42.0,0.9,10.2,217.0,144.0,,,,,,
2023-05-29T14:00,85,Moderate,22.6,39.7,0.6,5.6,197.0,126.0,,,,,,
2023-05-29T15:00,85,Moderate,20.1,36.3,0.7,4.0,184.0,116.0,,,,,,
2023-05-29T16:00,87,Moderate,18.3,33.6,1.2,3.3,172.0,107.0,,,,,,
2023-05-29T17:00,91,Moderate,19.8,36.7,1.9,2.3,161.0,87.0,,,,,,
2023-05-29T18:00,86,Moderate,19.5,35.7,4.2,3.8,164.0,84.0,,,,,,
2023-05-29T19:00,83,Moderate,20.1,35.9,7.4,6.0,169.0,80.0,,,,,,
2023-05-29T20:00,83,Moderate,21.1,36.6,11.2,9.0,180.0,76.0,,,,,,
2023-05-29T21:00,83,Moderate,22.2,37.4,13.0,11.1,194.0,75.0,,,,,,
2023-05-29T22:00,82,Moderate,23.7,38.8,14.4,13.2,211.0,74.0,,,,,,
2023-05-29T23:00,82,Moderate,24.6,39.5,15.2,15.2,228.0,73.0,,,,,,
2023-05-30T00:00,82,Moderate,24.7,39.3,14.6,15.8,233.0,71.0,,,,,,
2023-05-30T01:00,81,Moderate,24.4,38.8,13.3,15.9,235.0,69.0,,,,,,
2023-05-30T02:00,81,Moderate,23.5,37.5,11.3,15.7,233.0,67.0,,,,,,
2023-05-30T03:00,80,Moderate,22.1,35.6,9.9,15.5,229.0,66.0,,,,,,
2023-05-30T04:00,79,Moderate,20.4,33.2,8.4,15.0,223.0,65.0,,,,,,
2023-05-30T05:00,78,Moderate,16.7,28.5,5.8,12.2,197.0,62.0,,,,,,
2023-05-30T06:00,77,Moderate,16.1,27.4,5.9,12.8,200.0,65.0,,,,,,
2023-05-30T07:00,76,Moderate,16.2,27.4,6.0,13.7,204.0,71.0,,,,,,
2023-05-30T08:00,76,Moderate,17.5,29.2,5.8,14.3,208.0,82.0,,,,,,
2023-05-30T09:00,75,Moderate,20.0,32.8,5.0,14.1,209.0,99.0,,,,,,
2023-05-30T10:00,74,Moderate,22.3,36.6,3.8,13.6,210.0,119.0,,,,,,
2023-05-30T11:00,74,Moderate,23.3,38.8,2.4,12.1,203.0,136.0,,,,,,
2023-05-30T12:00,73,Moderate,23.1,39.2,1.7,10.1,188.0,131.0,,,,,,
2023-05-30T13:00,73,Moderate,21.6,38.0,1.2,7.5,167.0,117.0,,,,,,
2023-05-30T14:00,73,Moderate,19.4,35.0,0.9,4.7,144.0,99.0,,,,,,
2023-05-30T15:00,72,Moderate,17.6,32.6,0.9,3.6,136.0,91.0,,,,,,
2023-05-30T16:00,72,Moderate,16.6,30.9,1.1,2.9,132.0,84.0,,,,,,
2023-05-30T17:00,72,Moderate,15.8,29.3,2.7,3.6,119.0,70.0,,,,,,
2023-05-30T18:00,72,Moderate,16.1,29.4,3.9,4.2,125.0,69.0,,,,,,
2023-05-30T19:00,71,Moderate,16.2,29.2,5.7,5.0,133.0,67.0,,,,,,
2023-05-30T20:00,71,Moderate,16.3,28.6,7.6,6.2,144.0,64.0,,,,,,
2023-05-30T21:00,71,Moderate,16.2,27.9,8.3,7.2,152.0,62.0,,,,,,
2023-05-30T22:00,70,Moderate,15.9,27.0,8.6,8.3,161.0,60.0,,,,,,
2023-05-30T23:00,70,Moderate,15.7,26.4,8.6,9.5,172.0,58.0,,,,,,
2023-05-31T00:00,69,Moderate,15.4,25.8,8.3,10.1,178.0,57.0,,,,,,
2023-05-31T01:00,68,Moderate,15.5,25.6,7.9,10.4,182.0,56.0,,,,,,
2023-05-31T02:00,68,Moderate,15.8,26.0,7.2,11.0,190.0,55.0,,,,,,
2023-05-31T03:00,67,Moderate,16.4,26.5,6.8,11.7,198.0,54.0,,,,,,
2023-05-31T04:00,67,Moderate,17.2,27.5,6.4,12.4,207.0,54.0,,,,,,
2023-05-31T05:00,66,Moderate,17.1,27.1,6.0,12.6,207.0,52.0,,,,,,
2023-05-31T06:00,66,Moderate,18.3,28.9,6.2,13.3,216.0,55.0,,,,,,
2023-05-31T07:00,66,Moderate,20.0,31.1,6.5,14.2,228.0,61.0,,,,,,
2023-05-31T08:00,67,Moderate,21.5,33.5,6.4,15.0,238.0,73.0,,,,,,
2023-05-31T09:00,67,Moderate,23.6,36.6,5.6,15.2,238.0,92.0,,,,,,
2023-05-31T10:00,67,Moderate,26.4,41.0,4.3,15.1,235.0,115.0,,,,,,
2023-05-31T11:00,68,Moderate,26.7,42.4,2.8,14.0,219.0,134.0,,,,,,
2023-05-31T12:00,68,Moderate,25.1,41.1,1.9,11.8,192.0,129.0,,,,,,
2023-05-31T13:00,68,Moderate,21.5,37.0,1.2,8.7,157.0,113.0,,,,,,
2023-05-31T14:00,68,Moderate,19.2,34.8,0.9,5.6,121.0,93.0,,,,,,
2023-05-31T15:00,68,Moderate,17.0,31.8,1.5,4.9,112.0,85.0,,,,,,
2023-05-31T16:00,68,Moderate,16.0,29.9,2.7,4.9,113.0,79.0,,,,,,
2023-05-31T17:00,68,Moderate,14.7,27.7,4.1,4.7,104.0,62.0,,,,,,
2023-05-31T18:00,68,Moderate,14.0,25.7,5.4,5.5,112.0,61.0,,,,,,
2023-05-31T19:00,68,Moderate,12.9,23.1,7.2,6.7,123.0,60.0,,,,,,
2023-05-31T20:00,67,Moderate,11.8,21.0,9.1,8.3,137.0,58.0,,,,,,
2023-05-31T21:00,67,Moderate,11.1,19.6,9.6,9.3,146.0,57.0,,,,,,
2023-05-31T22:00,67,Moderate,10.9,18.7,9.6,10.4,155.0,56.0,,,,,,
2023-05-31T23:00,66,Moderate,10.5,17.8,9.2,11.4,164.0,54.0,,,,,,
2023-06-01T00:00,66,Moderate,10.1,16.9,8.7,11.8,167.0,53.0,,,,,,
2023-06-01T01:00,66,Moderate,9.8,16.4,7.9,12.1,168.0,51.0,,,,,,
2023-06-01T02:00,65,Moderate,9.6,16.2,6.7,12.1,166.0,50.0,,,,,,
2023-06-01T03:00,65,Moderate,9.3,15.9,5.7,11.9,160.0,49.0,,,,,,
2023-06-01T04:00,64,Moderate,9.2,15.9,4.7,11.4,152.0,49.0,,,,,,
2023-06-01T05:00,63,Moderate,8.6,15.3,3.3,9.8,131.0,48.0,,,,,,
2023-06-01T06:00,63,Moderate,8.7,15.4,3.9,10.1,131.0,48.0,,,,,,
2023-06-01T07:00,62,Moderate,8.7,15.3,4.7,10.5,132.0,49.0,,,,,,
2023-06-01T08:00,61,Moderate,9.2,15.8,5.2,10.5,132.0,53.0,,,,,,
2023-06-01T09:00,60,Moderate,10.8,18.1,4.7,9.8,131.0,61.0,,,,,,
2023-06-01T10:00,59,Moderate,13.4,22.2,3.6,8.7,130.0,72.0,,,,,,
2023-06-01T11:00,58,Moderate,15.0,24.9,2.4,7.2,128.0,83.0,,,,,,
2023-06-01T12:00,57,Moderate,15.3,26.1,1.8,6.2,124.0,85.0,,,,,,
2023-06-01T13:00,56,Moderate,15.8,27.3,1.4,5.2,118.0,84.0,,,,,,
2023-06-01T14:00,56,Moderate,16.3,28.3,1.3,4.2,115.0,82.0,,,,,,
2023-06-01T15:00,56,Moderate,15.7,27.0,1.8,3.9,119.0,82.0,,,,,,
2023-06-01T16:00,56,Moderate,14.8,25.4,2.7,3.9,125.0,82.0,,,,,,
2023-06-01T17:00,56,Moderate,13.5,23.4,4.6,4.6,123.0,70.0,,,,,,
2023-06-01T18:00,55,Moderate,12.0,20.7,6.2,5.2,128.0,65.0,,,,,,
2023-06-01T19:00,55,Moderate,10.6,18.0,8.6,6.1,136.0,59.0,,,,,,
2023-06-01T20:00,55,Moderate,9.3,15.7,10.9,7.4,145.0,51.0,,,,,,
2023-06-01T21:00,55,Moderate,8.3,13.7,11.3,8.5,149.0,47.0,,,,,,
2023-06-01T22:00,55,Moderate,8.0,13.2,11.0,9.8,153.0,44.0,,,,,,
2023-06-01T23:00,54,Moderate,8.1,13.4,10.2,11.2,156.0,42.0,,,,,,
2023-06-02T00:00,54,Moderate,8.0,13.2,9.5,11.9,158.0,42.0,,,,,,
2023-06-02T01:00,54,Moderate,8.0,13.1,8.7,12.3,160.0,43.0,,,,,,
2023-06-02T02:00,54,Moderate,8.3,13.5,7.5,12.7,161.0,44.0,,,,,,
2023-06-02T03:00,54,Moderate,8.4,13.5,6.6,12.7,161.0,45.0,,,,,,
2023-06-02T04:00,54,Moderate,8.4,13.6,5.7,12.4,160.0,46.0,,,,,,
2023-06-02T05:00,54,Moderate,8.8,14.4,4.8,10.1,158.0,48.0,,,,,,
2023-06-02T06:00,54,Moderate,8.8,14.3,5.4,10.4,159.0,49.0,,,,,,
2023-06-02T07:00,54,Moderate,9.3,15.1,6.3,10.8,161.0,51.0,,,,,,
2023-06-02T08:00,54,Moderate,10.0,15.9,6.9,11.3,164.0,58.0,,,,,,
2023-06-02T09:00,54,Moderate,12.4,19.2,6.4,11.7,166.0,71.0,,,,,,
2023-06-02T10:00,54,Moderate,16.1,24.7,5.3,12.2,169.0,88.0,,,,,,
2023-06-02T11:00,54,Moderate,19.5,30.3,3.9,11.8,168.0,105.0,,,,,,
2023-06-02T12:00,55,Moderate,21.9,35.5,2.9,10.0,162.0,109.0,,,,,,
2023-06-02T13:00,55,Moderate,22.3,37.7,1.9,7.4,154.0,109.0,,,,,,
2023-06-02T14:00,56,Moderate,21.2,37.6,1.1,4.6,143.0,105.0,,,,,,
2023-06-02T15:00,56,Moderate,20.1,36.8,1.2,3.5,137.0,99.0,,,,,,
2023-06-02T16:00,56,Moderate,19.4,35.7,1.7,3.0,131.0,91.0,,,,,,
2023-06-02T17:00,57,Moderate,21.6,39.1,2.9,2.8,130.0,84.0,,,,,,
2023-06-02T18:00,57,Moderate,21.2,38.0,5.4,3.6,137.0,80.0,,,,,,
2023-06-02T19:00,58,Moderate,21.4,37.4,9.0,4.7,146.0,74.0,,,,,,
2023-06-02T20:00,59,Moderate,21.0,35.6,12.6,6.3,159.0,68.0,,,,,,
2023-06-02T21:00,60,Moderate,20.2,33.4,13.2,7.6,169.0,65.0,,,,,,
2023-06-02T22:00,61,Moderate,19.2,31.2,12.7,8.9,178.0,63.0,,,,,,
2023-06-02T23:00,62,Moderate,18.1,29.2,11.5,10.2,188.0,62.0,,,,,,
2023-06-03T00:00,62,Moderate,17.5,28.3,10.2,10.4,190.0,62.0,,,,,,
2023-06-03T01:00,63,Moderate,17.1,27.6,8.5,10.2,190.0,62.0,,,,,,
2023-06-03T02:00,64,Moderate,16.5,26.7,6.6,9.9,188.0,62.0,,,,,,
2023-06-03T03:00,64,Moderate,16.1,26.0,5.6,9.9,186.0,61.0,,,,,,
2023-06-03T04:00,65,Moderate,15.4,24.9,4.9,9.9,183.0,60.0,,,,,,
2023-06-03T05:00,66,Moderate,14.6,24.0,3.8,8.9,165.0,58.0,,,,,,
2023-06-03T06:00,66,Moderate,14.0,23.2,4.2,9.5,163.0,58.0,,,,,,
2023-06-03T07:00,67,Moderate,13.0,21.5,4.8,10.3,161.0,59.0,,,,,,
2023-06-03T08:00,67,Moderate,12.7,20.8,5.2,11.1,159.0,64.0,,,,,,
2023-06-03T09:00,67,Moderate,14.3,22.9,4.8,11.3,162.0,77.0,,,,,,
2023-06-03T10:00,67,Moderate,16.3,25.8,4.0,11.2,167.0,93.0,,,,,,
2023-06-03T11:00,67,Moderate,18.3,29.2,2.9,10.3,168.0,109.0,,,,,,
2023-06-03T12:00,67,Moderate,20.0,32.7,2.1,8.4,158.0,108.0,,,,,,
2023-06-03T13:00,67,Moderate,20.5,35.3,1.2,5.8,142.0,102.0,,,,,,
2023-06-03T14:00,67,Moderate,20.5,37.1,0.8,3.4,129.0,94.0,,,,,,
2023-06-03T15:00,67,Moderate,19.2,34.9,1.6,3.6,133.0,94.0,,,,,,
2023-06-03T16:00,67,Moderate,18.6,32.5,3.1,4.7,145.0,97.0,,,,,,
2023-06-03T17:00,67,Moderate,17.5,31.0,4.7,4.8,145.0,86.0,,,,,,
2023-06-03T18:00,66,Moderate,15.4,27.5,6.4,5.3,147.0,80.0,,,,,,
2023-06-03T19:00,66,Moderate,12.8,23.3,8.7,5.9,150.0,70.0,,,,,,
2023-06-03T20:00,65,Moderate,10.1,18.3,10.9,6.8,154.0,60.0,,,,,,
2023-06-03T21:00,64,Moderate,8.6,15.3,10.8,7.4,156.0,56.0,,,,,,
2023-06-03T22:00,63,Moderate,8.5,14.9,9.9,8.0,157.0,55.0,,,,,,
2023-06-03T23:00,63,Moderate,7.9,13.9,8.6,8.8,157.0,53.0,,,,,,
2023-06-04T00:00,62,Moderate,6.9,11.9,7.8,9.5,156.0,52.0,,,,,,
2023-06-04T01:00,61,Moderate,6.3,10.7,7.1,10.2,155.0,51.0,,,,,,
2023-06-04T02:00,60,Moderate,6.2,10.5,6.1,10.9,152.0,50.0,,,,,,
2023-06-04T03:00,59,Moderate,6.2,10.5,5.4,11.1,150.0,50.0,,,,,,
2023-06-04T04:00,58,Moderate,6.4,10.7,4.6,11.1,147.0,49.0,,,,,,
2023-06-04T05:00,58,Moderate,6.4,10.8,3.2,8.3,138.0,53.0,,,,,,
2023-06-04T06:00,57,Moderate,6.5,10.9,3.8,8.8,139.0,54.0,,,,,,
2023-06-04T07:00,57,Moderate,6.8,11.3,4.6,9.5,140.0,55.0,,,,,,
2023-06-04T08:00,56,Moderate,7.5,12.3,5.2,10.1,141.0,59.0,,,,,,
2023-06-04T09:00,56,Moderate,9.5,15.3,4.9,10.3,140.0,67.0,,,,,,
2023-06-04T10:00,55,Moderate,12.7,20.1,4.1,10.3,139.0,78.0,,,,,,
2023-06-04T11:00,55,Moderate,14.6,23.1,3.1,9.7,136.0,90.0,,,,,,
2023-06-04T12:00,55,Moderate,16.8,26.9,2.4,8.6,133.0,96.0,,,,,,
2023-06-04T13:00,54,Moderate,18.4,30.2,1.7,7.1,129.0,100.0,,,,,,
2023-06-04T14:00,54,Moderate,19.6,33.4,1.2,5.3,125.0,101.0,,,,,,
2023-06-04T15:00,54,Moderate,21.0,37.0,1.3,4.3,123.0,98.0,,,,,,
2023-06-04T16:00,54,Moderate,20.5,37.1,1.7,3.4,121.0,91.0,,,,,,
2023-06-04T17:00,54,Moderate,20.3,37.3,3.2,2.8,115.0,79.0,,,,,,
2023-06-04T18:00,55,Moderate,17.9,32.5,5.3,3.6,120.0,73.0,,,,,,
2023-06-04T19:00,55,Moderate,15.8,28.0,8.3,4.8,127.0,65.0,,,,,,
2023-06-04T20:00,55,Moderate,14.1,24.6,11.2,6.4,136.0,57.0,,,,,,
2023-06-04T21:00,55,Moderate,12.6,21.7,11.5,7.4,143.0,55.0,,,,,,
2023-06-04T22:00,56,Moderate,11.6,19.6,10.9,8.5,149.0,54.0,,,,,,
2023-06-04T23:00,56,Moderate,11.0,18.3,9.8,9.5,155.0,54.0,,,,,,
2023-06-05T00:00,56,Moderate,10.7,17.8,8.9,9.9,156.0,53.0,,,,,,
2023-06-05T01:00,57,Moderate,10.4,17.3,7.8,10.1,154.0,53.0,,,,,,
2023-06-05T02:00,57,Moderate,10.2,16.9,6.5,10.2,151.0,52.0,,,,,,
2023-06-05T03:00,57,Moderate,9.7,16.2,5.6,10.2,148.0,50.0,,,,,,
2023-06-05T04:00,57,Moderate,9.1,15.3,4.8,10.2,144.0,48.0,,,,,,
2023-06-05T05:00,58,Moderate,8.4,14.3,3.7,8.7,126.0,46.0,,,,,,
2023-06-05T06:00,58,Moderate,8.0,13.8,4.3,9.2,124.0,46.0,,,,,,
2023-06-05T07:00,58,Moderate,8.1,14.1,5.1,9.8,121.0,46.0,,,,,,
2023-06-05T08:00,58,Moderate,8.8,15.1,5.6,10.2,118.0,50.0,,,,,,
2023-06-05T09:00,58,Moderate,10.7,18.0,5.1,9.8,118.0,59.0,,,,,,
2023-06-05T10:00,58,Moderate,14.2,23.3,4.0,9.1,119.0,71.0,,,,,,
2023-06-05T11:00,58,Moderate,17.1,28.2,2.8,7.9,119.0,84.0,,,,,,
2023-06-05T12:00,59,Moderate,19.0,31.8,2.2,6.8,118.0,90.0,,,,,,
2023-06-05T13:00,59,Moderate,20.6,34.7,1.7,5.6,116.0,94.0,,,,,,
2023-06-05T14:00,59,Moderate,20.9,35.9,1.5,4.2,114.0,96.0,,,,,,
2023-06-05T15:00,59,Moderate,21.0,36.9,1.7,3.5,113.0,93.0,,,,,,
2023-06-05T16:00,59,Moderate,20.4,36.7,2.2,2.9,112.0,88.0,,,,,,
2023-06-05T17:00,59,Moderate,17.7,31.2,4.7,4.2,126.0,86.0,,,,,,
2023-06-05T18:00,59,Moderate,14.6,26.1,6.4,4.7,128.0,79.0,,,,,,
2023-06-05T19:00,59,Moderate,11.0,19.5,8.9,5.3,131.0,69.0,,,,,,
2023-06-05T20:00,58,Moderate,9.2,16.3,11.3,6.4,134.0,58.0,,,,,,
2023-06-05T21:00,58,Moderate,7.9,14.1,11.5,7.4,134.0,53.0,,,,,,
2023-06-05T22:00,57,Moderate,6.9,12.1,11.0,8.5,133.0,49.0,,,,,,
2023-06-05T23:00,57,Moderate,6.4,11.1,10.0,9.7,132.0,45.0,,,,,,
2023-06-06T00:00,57,Moderate,6.4,11.1,9.2,10.1,132.0,43.0,,,,,,
2023-06-06T01:00,56,Moderate,6.6,11.3,8.2,10.2,131.0,42.0,,,,,,
2023-06-06T02:00,56,Moderate,6.5,11.1,6.9,10.2,130.0,42.0,,,,,,
2023-06-06T03:00,56,Moderate,6.2,10.4,5.9,9.9,128.0,42.0,,,,,,
2023-06-06T04:00,55,Moderate,5.9,9.7,5.0,9.4,125.0,43.0,,,,,,
2023-06-06T05:00,55,Moderate,6.7,10.8,4.8,8.6,129.0,43.0,,,,,,
2023-06-06T06:00,55,Moderate,6.9,11.2,5.5,9.3,128.0,43.0,,,,,,
2023-06-06T07:00,55,Moderate,7.5,12.4,6.6,10.3,127.0,42.0,,,,,,
2023-06-06T08:00,55,Moderate,8.0,13.1,7.5,11.5,127.0,45.0,,,,,,
2023-06-06T09:00,55,Moderate,9.3,14.9,7.5,12.3,128.0,51.0,,,,,,
2023-06-06T10:00,55,Moderate,12.5,19.3,7.2,13.1,131.0,59.0,,,,,,
2023-06-06T11:00,55,Moderate,17.5,27.0,6.3,12.9,132.0,71.0,,,,,,
2023-06-06T12:00,55,Moderate,21.8,34.3,4.8,11.1,131.0,83.0,,,,,,
2023-06-06T13:00,55,Moderate,23.4,38.4,2.9,8.4,128.0,96.0,,,,,,
2023-06-06T14:00,55,Moderate,24.0,41.2,1.4,5.4,125.0,106.0,,,,,,
2023-06-06T15:00,55,Moderate,24.6,43.7,1.7,4.3,123.0,104.0,,,,,,
2023-06-06T16:00,56,Moderate,22.1,39.5,2.9,3.7,121.0,97.0,,,,,,
2023-06-06T17:00,56,Moderate,20.2,36.2,3.7,3.1,117.0,85.0,,,,,,
2023-06-06T18:00,56,Moderate,18.5,32.8,6.2,4.4,124.0,79.0,,,,,,
2023-06-06T19:00,56,Moderate,13.6,23.0,9.8,6.2,135.0,71.0,,,,,,
2023-06-06T20:00,56,Moderate,12.3,20.6,13.3,8.2,145.0,61.0,,,,,,
2023-06-06T21:00,57,Moderate,11.4,19.0,13.6,8.9,147.0,55.0,,,,,,
2023-06-06T22:00,57,Moderate,10.8,18.2,12.9,9.3,146.0,50.0,,,,,,
2023-06-06T23:00,57,Moderate,10.3,17.4,11.4,9.5,144.0,45.0,,,,,,
2023-06-07T00:00,58,Moderate,9.8,16.5,10.3,9.6,142.0,43.0,,,,,,
2023-06-07T01:00,58,Moderate,9.4,15.9,9.0,9.5,139.0,41.0,,,,,,
2023-06-07T02:00,58,Moderate,9.1,15.4,7.3,9.2,135.0,40.0,,,,,,
2023-06-07T03:00,58,Moderate,8.8,14.8,6.1,8.6,130.0,39.0,,,,,,
2023-06-07T04:00,59,Moderate,8.6,14.6,4.9,7.9,124.0,39.0,,,,,,
2023-06-07T05:00,59,Moderate,7.5,13.0,3.4,6.8,111.0,41.0,,,,,,
2023-06-07T06:00,59,Moderate,6.2,10.7,3.9,7.1,111.0,42.0,,,,,,
2023-06-07T07:00,59,Moderate,6.0,10.2,4.7,7.5,112.0,43.0,,,,,,
2023-06-07T08:00,59,Moderate,7.2,12.4,5.2,7.9,113.0,47.0,,,,,,
2023-06-07T09:00,59,Moderate,9.1,15.3,4.7,8.0,114.0,55.0,,,,,,
2023-06-07T10:00,59,Moderate,11.8,19.3,3.9,8.0,116.0,65.0,,,,,,
2023-06-07T11:00,58,Moderate,14.6,23.8,2.8,7.6,116.0,77.0,,,,,,
2023-06-07T12:00,58,Moderate,18.0,29.8,2.2,6.6,114.0,82.0,,,,,,
2023-06-07T13:00,58,Moderate,20.0,33.6,1.7,5.2,111.0,85.0,,,,,,
2023-06-07T14:00,58,Moderate,20.3,34.7,1.7,3.8,108.0,85.0,,,,,,
2023-06-07T15:00,57,Moderate,19.7,34.3,2.5,3.7,108.0,82.0,,,,,,
2023-06-07T16:00,57,Moderate,18.3,32.5,3.8,3.9,108.0,76.0,,,,,,
2023-06-07T17:00,57,Moderate,13.7,23.3,5.5,4.6,122.0,79.0,,,,,,
2023-06-07T18:00,56,Moderate,10.9,18.7,6.7,5.0,121.0,70.0,,,,,,
2023-06-07T19:00,56,Moderate,8.4,14.6,8.4,5.7,120.0,57.0,,,,,,
2023-06-07T20:00,55,Moderate,6.1,10.7,10.2,6.7,119.0,42.0,,,,,,
2023-06-07T21:00,55,Moderate,5.8,10.0,10.8,7.6,120.0,37.0,,,,,,
2023-06-07T22:00,54,Moderate,5.8,10.0,11.1,8.6,122.0,34.0,,,,,,
2023-06-07T23:00,54,Moderate,6.3,10.8,10.9,9.7,123.0,32.0,,,,,,
2023-06-08T00:00,54,Moderate,6.7,11.6,10.1,10.1,122.0,31.0,,,,,,
2023-06-08T01:00,53,Moderate,6.8,11.8,8.8,10.2,119.0,32.0,,,,,,
2023-06-08T02:00,53,Moderate,7.0,12.1,7.1,10.1,116.0,33.0,,,,,,
2023-06-08T03:00,53,Moderate,6.7,11.6,5.9,9.6,114.0,34.0,,,,,,
2023-06-08T04:00,53,Moderate,6.5,11.4,4.7,8.9,111.0,35.0,,,,,,
2023-06-08T05:00,53,Moderate,7.0,12.3,4.2,8.3,113.0,35.0,,,,,,
2023-06-08T06:00,53,Moderate,6.7,11.7,4.6,8.4,115.0,36.0,,,,,,
2023-06-08T07:00,53,Moderate,6.8,11.8,5.2,8.7,117.0,37.0,,,,,,
2023-06-08T08:00,53,Moderate,7.4,12.4,5.5,8.9,121.0,43.0,,,,,,
2023-06-08T09:00,53,Moderate,9.5,15.4,5.1,9.1,124.0,54.0,,,,,,
2023-06-08T10:00,53,Moderate,13.1,20.9,4.4,9.4,128.0,68.0,,,,,,
2023-06-08T11:00,53,Moderate,16.4,26.5,3.4,9.1,130.0,84.0,,,,,,
2023-06-08T12:00,53,Moderate,19.2,32.0,2.6,7.9,127.0,90.0,,,,,,
2023-06-08T13:00,53,Moderate,21.1,36.1,1.8,6.1,121.0,93.0,,,,,,
2023-06-08T14:00,53,Moderate,22.5,39.3,1.5,4.3,115.0,92.0,,,,,,
2023-06-08T15:00,53,Moderate,21.5,37.8,2.2,3.8,114.0,88.0,,,,,,
2023-06-08T16:00,53,Moderate,16.4,28.2,3.4,3.7,115.0,81.0,,,,,,
2023-06-08T17:00,53,Moderate,13.3,22.8,5.5,4.1,111.0,70.0,,,,,,
2023-06-08T18:00,53,Moderate,10.9,18.9,6.9,4.6,111.0,62.0,,,,,,
2023-06-08T19:00,53,Moderate,9.7,17.1,8.9,5.3,112.0,51.0,,,,,,
2023-06-08T20:00,53,Moderate,8.7,15.2,10.8,6.4,113.0,40.0,,,,,,
2023-06-08T21:00,54,Moderate,8.6,15.0,11.1,7.4,115.0,37.0,,,,,,
2023-06-08T22:00,54,Moderate,8.8,15.2,10.7,8.4,117.0,37.0,,,,,,
2023-06-08T23:00,54,Moderate,8.8,15.3,9.8,9.4,118.0,37.0,,,,,,
2023-06-09T00:00,54,Moderate,9.0,15.6,8.8,9.4,117.0,37.0,,,,,,
2023-06-09T01:00,54,Moderate,9.1,15.9,7.5,9.0,116.0,37.0,,,,,,
2023-06-09T02:00,55,Moderate,9.0,15.8,6.0,8.5,114.0,37.0,,,,,,
2023-06-09T03:00,55,Moderate,8.8,15.6,5.2,8.4,112.0,37.0,,,,,,
2023-06-09T04:00,55,Moderate,9.0,15.9,4.5,8.4,111.0,36.0,,,,,,
2023-06-09T05:00,55,Moderate,10.1,18.0,4.9,8.8,115.0,36.0,,,,,,
2023-06-09T06:00,55,Moderate,10.2,18.3,5.5,9.2,117.0,36.0,,,,,,
2023-06-09T07:00,56,Moderate,10.4,18.5,6.4,9.8,120.0,35.0,,,,,,
2023-06-09T08:00,56,Moderate,11.3,19.9,6.9,10.2,124.0,40.0,,,,,,
2023-06-09T09:00,56,Moderate,13.3,23.0,6.2,9.9,125.0,51.0,,,,,,
2023-06-09T10:00,57,Moderate,16.2,27.2,4.9,9.3,126.0,66.0,,,,,,
2023-06-09T11:00,57,Moderate,18.2,30.9,3.3,8.2,126.0,83.0,,,,,,
2023-06-09T12:00,57,Moderate,21.8,37.1,2.4,6.9,125.0,91.0,,,,,,
2023-06-09T13:00,57,Moderate,25.4,43.4,1.7,5.3,122.0,96.0,,,,,,
2023-06-09T14:00,57,Moderate,26.5,46.4,1.4,3.7,120.0,97.0,,,,,,
2023-06-09T15:00,58,Moderate,25.6,45.6,2.1,3.4,120.0,93.0,,,,,,
2023-06-09T16:00,58,Moderate,20.6,36.3,3.4,3.6,121.0,85.0,,,,,,
2023-06-09T17:00,58,Moderate,12.7,21.4,6.3,4.9,117.0,64.0,,,,,,
2023-06-09T18:00,58,Moderate,10.4,17.6,7.3,5.6,115.0,56.0,,,,,,
2023-06-09T19:00,58,Moderate,9.4,16.1,8.8,6.6,113.0,46.0,,,,,,
2023-06-09T20:00,58,Moderate,8.5,14.9,10.2,7.8,112.0,34.0,,,,,,
2023-06-09T21:00,58,Moderate,8.2,14.5,10.5,8.5,113.0,31.0,,,,,,
2023-06-09T22:00,58,Moderate,8.0,14.1,10.4,9.2,116.0,30.0,,,,,,
2023-06-09T23:00,58,Moderate,7.7,13.6,9.9,9.9,119.0,30.0,,,,,,
2023-06-10T00:00,58,Moderate,7.4,13.0,9.1,10.3,119.0,30.0,,,,,,
2023-06-10T01:00,58,Moderate,7.1,12.4,8.1,10.6,119.0,30.0,,,,,,
2023-06-10T02:00,58,Moderate,6.8,11.9,6.7,10.8,118.0,31.0,,,,,,
2023-06-10T03:00,58,Moderate,6.7,11.7,5.9,10.5,117.0,31.0,,,,,,
2023-06-10T04:00,58,Moderate,6.5,11.1,5.1,10.0,116.0,32.0,,,,,,
2023-06-10T05:00,57,Moderate,6.0,10.3,4.3,7.4,112.0,33.0,,,,,,
2023-06-10T06:00,57,Moderate,5.9,10.3,4.6,8.0,112.0,34.0,,,,,,
2023-06-10T07:00,57,Moderate,6.0,10.4,5.1,8.9,113.0,35.0,,,,,,
2023-06-10T08:00,56,Moderate,6.6,11.4,5.4,9.6,113.0,40.0,,,,,,
2023-06-10T09:00,56,Moderate,8.8,14.7,5.1,9.6,113.0,48.0,,,,,,
2023-06-10T10:00,56,Moderate,12.2,19.8,4.5,9.2,114.0,58.0,,,,,,
2023-06-10T11:00,55,Moderate,15.1,24.1,3.6,8.3,114.0,71.0,,,,,,
2023-06-10T12:00,55,Moderate,15.9,25.8,2.8,7.0,113.0,79.0,,,,,,
2023-06-10T13:00,55,Moderate,21.0,34.8,2.0,5.3,111.0,86.0,,,,,,
2023-06-10T14:00,54,Moderate,26.0,43.9,1.6,3.7,110.0,91.0,,,,,,
2023-06-10T15:00,54,Moderate,24.9,42.7,2.2,3.4,111.0,89.0,,,,,,
2023-06-10T16:00,54,Moderate,20.2,35.4,3.4,3.5,112.0,83.0,,,,,,
2023-06-10T17:00,54,Moderate,10.6,18.9,5.3,4.6,111.0,66.0,,,,,,
2023-06-10T18:00,54,Moderate,9.9,18.3,7.1,4.9,111.0,59.0,,,,,,
2023-06-10T19:00,54,Moderate,10.0,18.5,9.7,5.4,112.0,48.0,,,,,,
2023-06-10T20:00,54,Moderate,10.3,19.2,12.0,6.1,113.0,37.0,,,,,,
2023-06-10T21:00,54,Moderate,9.2,17.3,11.8,6.9,114.0,34.0,,,,,,
2023-06-10T22:00,54,Moderate,9.3,17.7,10.7,7.7,115.0,33.0,,,,,,
2023-06-10T23:00,54,Moderate,9.6,18.5,9.1,8.6,116.0,33.0,,,,,,
2023-06-11T00:00,54,Moderate,9.7,18.5,8.1,8.7,117.0,33.0,,,,,,
2023-06-11T01:00,55,Moderate,9.3,17.5,7.1,8.6,117.0,33.0,,,,,,
2023-06-11T02:00,55,Moderate,8.8,16.4,6.0,8.5,118.0,34.0,,,,,,
2023-06-11T03:00,55,Moderate,8.6,15.7,5.5,8.7,119.0,34.0,,,,,,
2023-06-11T04:00,55,Moderate,8.4,15.1,5.3,9.1,120.0,33.0,,,,,,
2023-06-11T05:00,55,Moderate,7.9,14.1,4.3,8.4,117.0,34.0,,,,,,
2023-06-11T06:00,55,Moderate,7.0,12.3,4.9,8.6,120.0,34.0,,,,,,
2023-06-11T07:00,55,Moderate,6.5,11.3,5.7,8.8,124.0,34.0,,,,,,
2023-06-11T08:00,55,Moderate,6.6,11.0,6.2,9.0,127.0,39.0,,,,,,
2023-06-11T09:00,55,Moderate,8.0,13.0,5.7,9.0,127.0,49.0,,,,,,
2023-06-11T10:00,55,Moderate,10.9,17.3,4.6,8.9,126.0,63.0,,,,,,
2023-06-11T11:00,55,Moderate,14.1,22.5,3.3,8.3,122.0,79.0,,,,,,
2023-06-11T12:00,55,Moderate,17.2,28.1,2.5,7.3,117.0,85.0,,,,,,
2023-06-11T13:00,55,Moderate,19.7,33.4,1.7,6.0,112.0,89.0,,,,,,
2023-06-11T14:00,55,Moderate,22.0,38.5,1.3,4.5,106.0,90.0,,,,,,
2023-06-11T15:00,55,Moderate,23.1,41.2,1.8,3.8,105.0,88.0,,,,,,
2023-06-11T16:00,55,Moderate,22.1,39.8,2.7,3.4,106.0,83.0,,,,,,
2023-06-11T17:00,55,Moderate,21.0,36.0,5.3,4.4,133.0,80.0,,,,,,
2023-06-11T18:00,56,Moderate,17.2,29.8,7.1,4.8,129.0,71.0,,,,,,
2023-06-11T19:00,56,Moderate,13.8,24.2,9.6,5.4,124.0,59.0,,,,,,
2023-06-11T20:00,57,Moderate,12.1,21.7,11.9,6.3,119.0,46.0,,,,,,
2023-06-11T21:00,57,Moderate,10.0,18.3,11.6,6.9,117.0,42.0,,,,,,
2023-06-11T22:00,57,Moderate,9.8,18.3,10.4,7.6,117.0,40.0,,,,,,
2023-06-11T23:00,57,Moderate,9.9,18.4,8.8,8.3,117.0,39.0,,,,,,
2023-06-12T00:00,57,Moderate,9.5,17.6,8.1,8.5,118.0,37.0,,,,,,
2023-06-12T01:00,57,Moderate,9.3,16.9,7.6,8.6,119.0,36.0,,,,,,
2023-06-12T02:00,57,Moderate,9.2,16.7,6.8,8.7,119.0,34.0,,,,,,
2023-06-12T03:00,57,Moderate,8.9,15.9,6.1,8.7,117.0,33.0,,,,,,
2023-06-12T04:00,57,Moderate,8.6,15.5,5.3,8.8,114.0,33.0,,,,,,
2023-06-12T05:00,57,Moderate,7.9,13.9,4.5,8.3,112.0,33.0,,,,,,
2023-06-12T06:00,57,Moderate,7.4,13.0,4.7,8.7,112.0,33.0,,,,,,
2023-06-12T07:00,57,Moderate,7.0,12.3,5.1,9.1,112.0,34.0,,,,,,
2023-06-12T08:00,57,Moderate,7.3,12.5,5.2,9.5,113.0,39.0,,,,,,
2023-06-12T09:00,57,Moderate,8.6,14.2,4.8,9.3,115.0,48.0,,,,,,
2023-06-12T10:00,57,Moderate,11.4,18.4,4.1,8.9,118.0,59.0,,,,,,
2023-06-12T11:00,57,Moderate,15.0,24.2,3.4,8.1,122.0,73.0,,,,,,
2023-06-12T12:00,57,Moderate,17.5,28.6,3.1,7.3,127.0,81.0,,,,,,
2023-06-12T13:00,57,Moderate,20.7,33.9,2.8,6.3,133.0,87.0,,,,,,
2023-06-12T14:00,57,Moderate,23.3,38.5,2.9,5.3,137.0,90.0,,,,,,
2023-06-12T15:00,57,Moderate,22.6,37.6,3.5,5.0,136.0,87.0,,,,,,
2023-06-12T16:00,57,Moderate,20.4,34.5,4.4,5.0,132.0,80.0,,,,,,
2023-06-12T17:00,57,Moderate,12.5,22.0,5.8,5.6,117.0,66.0,,,,,,
2023-06-12T18:00,57,Moderate,10.2,18.5,6.6,5.6,116.0,60.0,,,,,,
2023-06-12T19:00,56,Moderate,9.1,16.4,7.7,5.7,114.0,52.0,,,,,,
2023-06-12T20:00,56,Moderate,8.7,15.8,8.8,6.1,113.0,42.0,,,,,,
2023-06-12T21:00,55,Moderate,7.9,14.2,9.1,6.9,115.0,38.0,,,,,,
2023-06-12T22:00,55,Moderate,7.5,13.4,9.2,8.1,120.0,36.0,,,,,,
2023-06-12T23:00,55,Moderate,7.5,13.2,9.1,9.3,125.0,34.0,,,,,,
2023-06-13T00:00,55,Moderate,7.7,13.4,8.9,9.7,129.0,33.0,,,,,,
2023-06-13T01:00,55,Moderate,7.7,13.4,8.6,9.8,133.0,32.0,,,,,,
2023-06-13T02:00,55,Moderate,7.7,13.4,7.9,9.7,135.0,32.0,,,,,,
2023-06-13T03:00,54,Moderate,7.6,13.2,7.0,9.5,132.0,32.0,,,,,,
2023-06-13T04:00,54,Moderate,6.8,12.0,5.8,9.1,126.0,33.0,,,,,,
2023-06-13T05:00,54,Moderate,7.2,12.5,5.4,9.2,132.0,33.0,,,,,,
2023-06-13T06:00,54,Moderate,6.8,11.7,5.4,9.3,130.0,35.0,,,,,,
2023-06-13T07:00,54,Moderate,6.7,11.6,5.3,9.5,127.0,37.0,,,,,,
2023-06-13T08:00,54,Moderate,6.9,11.7,5.0,9.4,124.0,44.0,,,,,,
2023-06-13T09:00,54,Moderate,8.2,13.4,4.4,9.0,122.0,53.0,,,,,,
2023-06-13T10:00,54,Moderate,10.7,17.1,3.7,8.3,121.0,64.0,,,,,,
2023-06-13T11:00,54,Moderate,13.6,21.7,2.9,7.4,121.0,77.0,,,,,,
2023-06-13T12:00,54,Moderate,15.0,24.4,2.6,6.6,123.0,85.0,,,,,,
2023-06-13T13:00,54,Moderate,19.8,32.6,2.5,5.8,126.0,93.0,,,,,,
2023-06-13T14:00,54,Moderate,24.2,40.0,2.8,5.0,129.0,98.0,,,,,,
2023-06-13T15:00,54,Moderate,24.9,41.6,3.6,4.9,128.0,95.0,,,,,,
2023-06-13T16:00,54,Moderate,21.8,37.3,4.8,5.1,126.0,88.0,,,,,,
2023-06-13T17:00,54,Moderate,16.2,28.0,5.5,5.0,121.0,81.0,,,,,,
2023-06-13T18:00,54,Moderate,12.9,22.5,6.7,5.0,120.0,73.0,,,,,,
2023-06-13T19:00,54,Moderate,10.4,18.6,8.5,5.1,118.0,61.0,,,,,,
2023-06-13T20:00,55,Moderate,9.3,16.5,10.1,5.4,116.0,49.0,,,,,,
2023-06-13T21:00,55,Moderate,8.3,14.7,10.0,5.9,117.0,45.0,,,,,,
2023-06-13T22:00,55,Moderate,7.9,14.1,9.3,6.5,119.0,44.0,,,,,,
2023-06-13T23:00,55,Moderate,7.8,14.1,8.3,7.3,121.0,43.0,,,,,,
2023-06-14T00:00,55,Moderate,7.7,13.9,7.8,7.7,121.0,42.0,,,,,,
2023-06-14T01:00,55,Moderate,7.8,14.3,7.3,7.9,121.0,42.0,,,,,,
2023-06-14T02:00,55,Moderate,8.1,15.1,6.7,8.3,121.0,42.0,,,,,,
2023-06-14T03:00,55,Moderate,8.6,16.1,6.2,8.7,121.0,42.0,,,,,,
2023-06-14T04:00,55,Moderate,8.8,16.6,5.6,9.1,121.0,41.0,,,,,,
2023-06-14T05:00,55,Moderate,9.1,17.3,4.8,8.4,120.0,42.0,,,,,,
2023-06-14T06:00,55,Moderate,9.3,17.5,5.2,8.6,122.0,42.0,,,,,,
2023-06-14T07:00,55,Moderate,9.1,16.9,5.7,8.9,125.0,43.0,,,,,,
2023-06-14T08:00,56,Moderate,9.7,17.6,5.9,9.0,127.0,47.0,,,,,,
2023-06-14T09:00,56,Moderate,11.5,20.0,5.2,8.5,126.0,56.0,,,,,,
2023-06-14T10:00,56,Moderate,13.5,22.6,4.1,7.8,123.0,67.0,,,,,,
2023-06-14T11:00,56,Moderate,13.2,22.1,2.9,6.8,120.0,80.0,,,,,,
2023-06-14T12:00,56,Moderate,13.8,23.3,2.6,6.2,118.0,86.0,,,,,,
2023-06-14T13:00,56,Moderate,15.5,26.0,2.5,5.6,117.0,90.0,,,,,,
2023-06-14T14:00,56,Moderate,17.8,29.6,2.8,5.1,116.0,92.0,,,,,,
2023-06-14T15:00,55,Moderate,19.2,31.9,3.3,4.9,116.0,93.0,,,,,,
2023-06-14T16:00,55,Moderate,19.8,33.3,4.0,5.0,117.0,92.0,,,,,,
2023-06-14T17:00,55,Moderate,20.7,35.5,3.5,3.1,105.0,83.0,,,,,,
2023-06-14T18:00,55,Moderate,19.0,33.1,6.5,4.1,109.0,74.0,,,,,,
2023-06-14T19:00,55,Moderate,16.5,29.4,10.8,5.4,114.0,62.0,,,,,,
2023-06-14T20:00,56,Moderate,14.5,26.3,15.0,6.9,121.0,48.0,,,,,,
2023-06-14T21:00,56,Moderate,13.4,24.5,15.6,7.4,127.0,43.0,,,,,,
2023-06-14T22:00,57,Moderate,12.2,22.4,15.0,7.5,135.0,41.0,,,,,,
2023-06-14T23:00,57,Moderate,11.4,21.4,13.6,7.7,140.0,39.0,,,,,,
2023-06-15T00:00,57,Moderate,11.2,21.8,12.3,7.9,138.0,39.0,,,,,,
2023-06-15T01:00,58,Moderate,11.2,22.5,10.6,8.1,133.0,39.0,,,,,,
2023-06-15T02:00,58,Moderate,11.4,23.5,8.7,8.3,127.0,40.0,,,,,,
2023-06-15T03:00,58,Moderate,11.9,24.7,7.7,8.3,126.0,39.0,,,,,,
2023-06-15T04:00,58,Moderate,12.3,25.6,6.9,8.3,126.0,38.0,,,,,,
2023-06-15T05:00,59,Moderate,12.6,25.7,6.1,8.5,135.0,38.0,,,,,,
2023-06-15T06:00,59,Moderate,12.8,26.0,6.7,9.2,139.0,39.0,,,,,,
2023-06-15T07:00,59,Moderate,13.1,26.2,7.5,10.1,144.0,40.0,,,,,,
2023-06-15T08:00,60,Moderate,13.9,27.3,8.0,11.0,148.0,47.0,,,,,,
2023-06-15T09:00,60,Moderate,15.7,30.0,7.4,11.2,147.0,58.0,,,,,,
2023-06-15T10:00,60,Moderate,19.0,35.3,6.4,11.0,143.0,73.0,,,,,,
2023-06-15T11:00,61,Moderate,23.7,43.2,4.8,10.2,140.0,91.0,,,,,,
2023-06-15T12:00,62,Moderate,32.2,55.9,3.5,8.7,140.0,103.0,,,,,,
2023-06-15T13:00,63,Moderate,39.3,66.6,2.1,6.7,142.0,114.0,,,,,,
2023-06-15T14:00,65,Moderate,38.3,65.0,1.1,4.6,143.0,123.0,,,,,,
2023-06-15T15:00,66,Moderate,31.3,54.0,1.5,4.2,142.0,122.0,,,,,,
2023-06-15T16:00,67,Moderate,25.7,45.1,2.7,4.3,140.0,116.0,,,,,,
2023-06-15T17:00,68,Moderate,21.7,38.0,2.5,2.8,128.0,102.0,,,,,,
2023-06-15T18:00,68,Moderate,19.0,33.5,5.0,3.7,130.0,94.0,,,,,,
2023-06-15T19:00,68,Moderate,17.8,31.7,8.5,5.0,133.0,84.0,,,,,,
2023-06-15T20:00,68,Moderate,16.8,29.9,12.2,6.6,137.0,70.0,,,,,,
2023-06-15T21:00,68,Moderate,15.8,28.2,13.3,7.6,142.0,62.0,,,,,,
2023-06-15T22:00,68,Moderate,14.0,24.9,13.6,8.5,148.0,55.0,,,,,,
2023-06-15T23:00,69,Moderate,13.5,24.5,13.0,9.2,152.0,48.0,,,,,,
2023-06-16T00:00,69,Moderate,13.2,24.9,11.8,9.0,149.0,45.0,,,,,,
2023-06-16T01:00,69,Moderate,13.0,25.4,9.9,8.4,143.0,43.0,,,,,,
2023-06-16T02:00,69,Moderate,12.6,25.8,7.6,7.6,135.0,41.0,,,,,,
2023-06-16T03:00,69,Moderate,12.3,26.0,6.3,7.2,130.0,40.0,,,,,,
2023-06-16T04:00,69,Moderate,12.2,26.0,5.2,7.0,126.0,38.0,,,,,,
2023-06-16T05:00,69,Moderate,12.5,26.1,5.0,7.2,136.0,38.0,,,,,,
2023-06-16T06:00,69,Moderate,12.2,25.8,5.4,7.4,137.0,38.0,,,,,,
2023-06-16T07:00,69,Moderate,12.3,26.0,6.1,7.8,137.0,39.0,,,,,,
2023-06-16T08:00,69,Moderate,12.5,26.3,6.4,8.2,138.0,45.0,,,,,,
2023-06-16T09:00,69,Moderate,14.0,28.6,5.9,8.5,138.0,56.0,,,,,,
2023-06-16T10:00,69,Moderate,17.3,33.4,5.1,8.7,138.0,72.0,,,,,,
2023-06-16T11:00,69,Moderate,21.5,40.0,3.9,8.5,138.0,90.0,,,,,,
2023-06-16T12:00,68,Moderate,24.6,45.5,2.9,7.5,138.0,99.0,,,,,,
2023-06-16T13:00,68,Moderate,26.3,48.5,1.9,6.0,137.0,107.0,,,,,,
2023-06-16T14:00,67,Moderate,27.4,50.5,1.1,4.3,136.0,112.0,,,,,,
2023-06-16T15:00,66,Moderate,28.1,51.7,1.3,3.7,134.0,111.0,,,,,,
2023-06-16T16:00,66,Moderate,23.6,43.2,1.9,3.4,131.0,106.0,,,,,,
2023-06-16T17:00,66,Moderate,20.2,36.8,2.4,2.6,126.0,96.0,,,,,,
2023-06-16T18:00,65,Moderate,18.5,33.6,5.1,3.6,129.0,88.0,,,,,,
2023-06-16T19:00,65,Moderate,16.9,30.9,9.0,5.1,132.0,76.0,,,,,,
2023-06-16T20:00,65,Moderate,14.7,27.2,12.6,6.8,136.0,62.0,,,,,,
2023-06-16T21:00,65,Moderate,12.0,22.5,12.7,7.4,137.0,56.0,,,,,,
2023-06-16T22:00,65,Moderate,11.4,22.4,11.5,7.7,138.0,51.0,,,,,,
2023-06-16T23:00,65,Moderate,11.5,23.2,9.6,7.9,137.0,46.0,,,,,,
2023-06-17T00:00,65,Moderate,11.6,24.2,8.4,7.8,133.0,43.0,,,,,,
2023-06-17T01:00,64,Moderate,11.5,24.9,7.2,7.5,128.0,42.0,,,,,,
2023-06-17T02:00,64,Moderate,11.2,25.0,5.7,7.1,121.0,40.0,,,,,,
2023-06-17T03:00,64,Moderate,10.9,24.6,4.8,6.9,117.0,39.0,,,,,,
2023-06-17T04:00,64,Moderate,10.6,23.7,4.0,6.6,114.0,38.0,,,,,,
2023-06-17T05:00,64,Moderate,10.8,24.5,3.8,6.5,121.0,37.0,,,,,,
2023-06-17T06:00,64,Moderate,10.4,23.9,4.6,7.0,122.0,37.0,,,,,,
2023-06-17T07:00,64,Moderate,10.4,23.4,5.7,7.6,123.0,37.0,,,,,,
2023-06-17T08:00,64,Moderate,10.7,23.2,6.7,8.3,125.0,40.0,,,,,,
2023-06-17T09:00,63,Moderate,11.8,24.0,6.5,8.6,126.0,47.0,,,,,,
2023-06-17T10:00,63,Moderate,14.1,27.0,5.8,8.8,127.0,56.0,,,,,,
2023-06-17T11:00,63,Moderate,17.4,31.7,4.8,8.6,127.0,68.0,,,,,,
2023-06-17T12:00,63,Moderate,20.1,35.9,3.9,7.6,125.0,76.0,,,,,,
2023-06-17T13:00,62,Moderate,23.1,40.7,2.9,6.3,121.0,84.0,,,,,,
2023-06-17T14:00,62,Moderate,25.3,44.4,2.4,4.8,117.0,89.0,,,,,,
2023-06-17T15:00,62,Moderate,23.6,41.8,3.1,4.4,116.0,87.0,,,,,,
2023-06-17T16:00,62,Moderate,19.1,34.5,4.3,4.4,115.0,80.0,,,,,,
2023-06-17T17:00,61,Moderate,17.6,32.9,6.5,4.7,109.0,68.0,,,,,,
2023-06-17T18:00,61,Moderate,14.4,27.1,8.2,5.1,114.0,63.0,,,,,,
2023-06-17T19:00,61,Moderate,12.8,23.7,10.5,5.8,120.0,56.0,,,,,,
2023-06-17T20:00,60,Moderate,11.9,21.8,12.6,6.7,128.0,49.0,,,,,,
2023-06-17T21:00,60,Moderate,11.0,20.2,12.4,7.5,132.0,47.0,,,,,,
2023-06-17T22:00,60,Moderate,10.7,19.7,11.4,8.3,135.0,47.0,,,,,,
2023-06-17T23:00,60,Moderate,10.6,19.8,9.7,8.9,138.0,47.0,,,,,,
2023-06-18T00:00,60,Moderate,10.4,19.7,8.6,8.7,138.0,47.0,,,,,,
2023-06-18T01:00,60,Moderate,10.3,19.4,7.3,8.2,137.0,46.0,,,,,,
2023-06-18T02:00,60,Moderate,10.0,18.9,5.9,7.7,135.0,46.0,,,,,,
2023-06-18T03:00,60,Moderate,9.7,18.3,5.0,7.6,133.0,46.0,,,,,,
2023-06-18T04:00,59,Moderate,9.4,17.8,4.3,7.6,130.0,46.0,,,,,,
2023-06-18T05:00,59,Moderate,9.3,17.7,3.7,7.5,122.0,46.0,,,,,,
2023-06-18T06:00,59,Moderate,9.2,17.6,4.4,7.9,123.0,45.0,,,,,,
2023-06-18T07:00,59,Moderate,9.2,17.3,5.4,8.5,124.0,45.0,,,,,,
2023-06-18T08:00,59,Moderate,9.7,18.2,6.3,9.1,127.0,48.0,,,,,,
2023-06-18T09:00,59,Moderate,11.4,20.7,6.2,9.4,130.0,56.0,,,,,,
2023-06-18T10:00,59,Moderate,14.6,25.3,5.6,9.7,134.0,67.0,,,,,,
2023-06-18T11:00,59,Moderate,17.9,30.4,4.7,9.6,137.0,82.0,,,,,,
2023-06-18T12:00,59,Moderate,20.9,35.0,3.9,9.0,138.0,92.0,,,,,,
2023-06-18T13:00,59,Moderate,25.4,42.4,3.1,8.0,137.0,101.0,,,,,,
2023-06-18T14:00,59,Moderate,27.6,46.2,2.3,6.8,136.0,109.0,,,,,,
2023-06-18T15:00,59,Moderate,27.6,47.4,2.2,6.0,134.0,109.0,,,,,,
2023-06-18T16:00,60,Moderate,23.7,41.8,2.3,5.2,132.0,106.0,,,,,,
2023-06-18T17:00,60,Moderate,21.7,39.3,3.1,4.4,140.0,80.0,,,,,,
2023-06-18T18:00,60,Moderate,20.1,36.9,2.6,4.1,137.0,80.0,,,,,,
2023-06-18T19:00,61,Moderate,19.2,35.7,1.8,3.7,133.0,80.0,,,,,,
2023-06-18T20:00,61,Moderate,19.3,36.2,1.8,3.9,129.0,78.0,,,,,,
2023-06-18T21:00,62,Moderate,19.2,36.2,3.1,5.1,129.0,76.0,,,,,,
2023-06-18T22:00,63,Moderate,18.6,35.2,5.2,6.8,131.0,72.0,,,,,,
2023-06-18T23:00,63,Moderate,18.2,34.0,8.0,9.5,135.0,67.0,,,,,,
2023-06-19T00:00,64,Moderate,18.0,33.2,10.3,12.0,141.0,61.0,,,,,,
2023-06-19T01:00,64,Moderate,17.6,32.1,12.6,14.9,149.0,55.0,,,,,,
2023-06-19T02:00,65,Moderate,17.1,30.4,14.2,17.4,156.0,48.0,,,,,,
2023-06-19T03:00,66,Moderate,15.7,27.3,13.0,17.3,156.0,45.0,,,,,,
2023-06-19T04:00,66,Moderate,13.5,23.2,10.6,16.0,154.0,44.0,,,,,,
2023-06-19T05:00,66,Moderate,9.1,16.1,4.2,8.6,139.0,45.0,,,,,,
2023-06-19T06:00,66,Moderate,8.0,13.9,4.9,9.0,140.0,45.0,,,,,,
2023-06-19T07:00,66,Moderate,7.5,12.7,5.8,9.5,141.0,46.0,,,,,,
2023-06-19T08:00,66,Moderate,7.5,12.4,6.7,10.2,142.0,49.0,,,,,,
2023-06-19T09:00,66,Moderate,8.9,14.4,6.9,10.6,144.0,55.0,,,,,,
2023-06-19T10:00,66,Moderate,11.4,18.2,6.8,11.1,146.0,63.0,,,,,,
2023-06-19T11:00,66,Moderate,14.2,22.4,6.3,11.0,147.0,73.0,,,,,,
2023-06-19T12:00,65,Moderate,16.8,26.6,5.3,10.1,144.0,79.0,,,,,,
2023-06-19T13:00,65,Moderate,18.2,29.6,3.8,8.8,139.0,85.0,,,,,,
2023-06-19T14:00,64,Moderate,18.5,31.5,2.7,7.1,132.0,89.0,,,,,,
2023-06-19T15:00,64,Moderate,19.6,34.7,3.0,6.2,128.0,87.0,,,,,,
2023-06-19T16:00,63,Moderate,18.2,32.7,3.9,5.4,124.0,83.0,,,,,,
2023-06-19T17:00,63,Moderate,17.8,31.3,3.7,5.1,132.0,89.0,,,,,,
2023-06-19T18:00,62,Moderate,14.7,25.7,6.1,6.0,134.0,83.0,,,,,,
2023-06-19T19:00,62,Moderate,12.5,21.5,9.5,7.2,137.0,74.0,,,,,,
2023-06-19T20:00,61,Moderate,11.4,19.4,13.2,9.0,143.0,63.0,,,,,,
2023-06-19T21:00,61,Moderate,11.2,19.0,14.5,10.5,149.0,58.0,,,,,,
2023-06-19T22:00,60,Moderate,11.0,18.5,15.0,12.2,157.0,54.0,,,,,,
2023-06-19T23:00,59,Moderate,10.5,17.5,14.6,13.6,164.0,51.0,,,,,,
2023-06-20T00:00,59,Moderate,10.0,16.6,13.2,13.4,165.0,50.0,,,,,,
2023-06-20T01:00,58,Moderate,9.4,15.5,11.1,12.6,165.0,50.0,,,,,,
2023-06-20T02:00,58,Moderate,8.7,14.4,8.5,11.6,162.0,50.0,,,,,,
2023-06-20T03:00,57,Moderate,8.3,13.9,7.2,11.4,159.0,49.0,,,,,,
2023-06-20T04:00,56,Moderate,8.1,13.7,6.2,11.3,154.0,47.0,,,,,,
2023-06-20T05:00,56,Moderate,8.8,15.0,6.4,11.5,154.0,45.0,,,,,,
2023-06-20T06:00,56,Moderate,8.7,15.1,6.6,12.1,152.0,45.0,,,,,,
2023-06-20T07:00,56,Moderate,9.1,16.0,6.8,13.0,148.0,46.0,,,,,,
2023-06-20T08:00,56,Moderate,10.1,17.6,6.7,13.6,145.0,51.0,,,,,,
2023-06-20T09:00,56,Moderate,12.3,21.0,6.0,13.4,145.0,61.0,,,,,,
2023-06-20T10:00,57,Moderate,14.8,24.9,5.0,12.8,145.0,74.0,,,,,,
2023-06-20T11:00,57,Moderate,17.3,28.9,3.7,11.5,145.0,89.0,,,,,,
2023-06-20T12:00,57,Moderate,19.3,32.6,2.8,9.9,143.0,97.0,,,,,,
2023-06-20T13:00,57,Moderate,20.6,35.3,1.8,7.8,140.0,103.0,,,,,,
2023-06-20T14:00,57,Moderate,21.0,36.8,1.4,5.7,137.0,105.0,,,,,,
2023-06-20T15:00,58,Moderate,20.7,37.3,2.0,5.0,134.0,100.0,,,,,,
2023-06-20T16:00,58,Moderate,20.1,36.9,3.2,4.7,132.0,91.0,,,,,,
2023-06-20T17:00,58,Moderate,17.6,32.0,4.0,4.4,125.0,82.0,,,,,,
2023-06-20T18:00,58,Moderate,16.4,29.5,6.6,5.2,131.0,77.0,,,,,,
2023-06-20T19:00,58,Moderate,15.7,27.7,10.2,6.3,139.0,69.0,,,,,,
2023-06-20T20:00,58,Moderate,15.1,26.3,13.9,7.5,150.0,61.0,,,,,,
2023-06-20T21:00,59,Moderate,14.5,24.9,14.5,7.8,158.0,58.0,,,,,,
2023-06-20T22:00,59,Moderate,14.3,24.2,14.0,7.8,166.0,57.0,,,,,,
2023-06-20T23:00,59,Moderate,14.4,24.2,12.9,8.1,173.0,55.0,,,,,,
2023-06-21T00:00,59,Moderate,14.5,24.4,12.0,9.0,175.0,53.0,,,,,,
2023-06-21T01:00,60,Moderate,14.0,23.9,10.7,10.1,175.0,50.0,,,,,,
2023-06-21T02:00,60,Moderate,13.2,23.2,9.0,11.1,171.0,48.0,,,,,,
2023-06-21T03:00,60,Moderate,12.7,23.3,7.5,11.0,164.0,47.0,,,,,,
2023-06-21T04:00,61,Moderate,12.6,23.9,5.9,10.4,154.0,46.0,,,,,,
2023-06-21T05:00,61,Moderate,12.3,24.2,4.0,8.8,139.0,46.0,,,,,,
2023-06-21T06:00,61,Moderate,11.8,23.2,4.8,9.0,137.0,45.0,,,,,,
2023-06-21T07:00,62,Moderate,11.1,21.7,5.8,9.3,135.0,45.0,,,,,,
2023-06-21T08:00,62,Moderate,11.6,22.1,6.8,9.6,134.0,46.0,,,,,,
2023-06-21T09:00,62,Moderate,12.0,22.6,6.8,9.9,136.0,50.0,,,,,,
2023-06-21T10:00,62,Moderate,13.7,25.0,6.5,10.1,140.0,57.0,,,,,,
2023-06-21T11:00,62,Moderate,15.9,28.6,5.7,9.9,143.0,66.0,,,,,,
2023-06-21T12:00,62,Moderate,18.5,33.1,4.5,9.0,140.0,74.0,,,,,,
2023-06-21T13:00,62,Moderate,19.4,35.6,3.0,7.6,134.0,83.0,,,,,,
2023-06-21T14:00,62,Moderate,19.1,36.2,1.8,6.1,128.0,90.0,,,,,,
2023-06-21T15:00,61,Moderate,19.1,36.3,1.9,5.5,126.0,89.0,,,,,,
2023-06-21T16:00,61,Moderate,19.8,37.7,2.5,5.1,124.0,85.0,,,,,,
2023-06-21T17:00,61,Moderate,18.6,35.0,7.0,7.2,137.0,83.0,,,,,,
2023-06-21T18:00,61,Moderate,16.8,31.2,8.7,7.9,140.0,77.0,,,,,,
2023-06-21T19:00,61,Moderate,15.3,28.3,11.2,8.8,143.0,68.0,,,,,,
2023-06-21T20:00,61,Moderate,14.2,26.1,13.5,9.9,148.0,58.0,,,,,,
2023-06-21T21:00,61,Moderate,13.3,24.4,13.8,10.4,151.0,53.0,,,,,,
2023-06-21T22:00,61,Moderate,12.2,22.5,13.3,10.9,154.0,48.0,,,,,,
2023-06-21T23:00,61,Moderate,11.6,21.3,12.0,11.2,155.0,44.0,,,,,,
2023-06-22T00:00,61,Moderate,11.4,21.0,10.6,11.2,153.0,43.0,,,,,,
2023-06-22T01:00,61,Moderate,11.1,20.8,8.8,11.0,150.0,43.0,,,,,,
2023-06-22T02:00,60,Moderate,10.6,19.9,6.8,10.8,146.0,43.0,,,,,,
2023-06-22T03:00,60,Moderate,10.2,19.2,5.8,10.6,143.0,43.0,,,,,,
2023-06-22T04:00,60,Moderate,9.7,18.5,5.0,10.5,140.0,42.0,,,,,,
2023-06-22T05:00,60,Moderate,9.6,18.2,4.5,10.1,140.0,42.0,,,,,,
2023-06-22T06:00,59,Moderate,9.4,17.9,5.3,10.5,142.0,41.0,,,,,,
2023-06-22T07:00,59,Moderate,9.6,18.0,6.5,11.0,145.0,40.0,,,,,,
2023-06-22T08:00,59,Moderate,10.1,18.7,7.4,11.7,148.0,43.0,,,,,,
2023-06-22T09:00,59,Moderate,11.6,21.0,7.2,12.3,150.0,51.0,,,,,,
2023-06-22T10:00,59,Moderate,14.6,25.8,6.6,12.8,151.0,62.0,,,,,,
2023-06-22T11:00,59,Moderate,18.3,31.9,5.4,12.6,151.0,76.0,,,,,,
2023-06-22T12:00,59,Moderate,20.7,36.6,4.1,11.0,147.0,85.0,,,,,,
2023-06-22T13:00,59,Moderate,22.5,41.0,2.7,8.6,141.0,94.0,,,,,,
2023-06-22T14:00,60,Moderate,23.2,43.4,1.6,6.1,134.0,100.0,,,,,,
2023-06-22T15:00,60,Moderate,21.9,41.6,2.1,5.5,132.0,98.0,,,,,,
2023-06-22T16:00,60,Moderate,20.4,38.1,3.3,5.5,132.0,92.0,,,,,,
2023-06-22T17:00,60,Moderate,24.7,47.6,1.6,2.6,126.0,89.0,,,,,,
2023-06-22T18:00,61,Moderate,24.4,47.1,4.3,3.2,126.0,81.0,,,,,,
2023-06-22T19:00,61,Moderate,24.0,45.6,8.2,4.0,126.0,70.0,,,,,,
2023-06-22T20:00,62,Moderate,23.3,43.4,12.6,5.3,130.0,57.0,,,,,,
2023-06-22T21:00,63,Moderate,22.4,40.5,14.4,6.6,140.0,53.0,,,,,,
2023-06-22T22:00,63,Moderate,20.5,36.3,15.6,8.1,154.0,50.0,,,,,,
2023-06-22T23:00,64,Moderate,18.6,32.6,15.6,9.5,167.0,49.0,,,,,,
2023-06-23T00:00,65,Moderate,17.1,29.9,13.8,9.6,166.0,49.0,,,,,,
2023-06-23T01:00,65,Moderate,15.9,28.4,10.9,9.2,161.0,49.0,,,,,,
2023-06-23T02:00,66,Moderate,14.9,27.2,7.6,8.8,152.0,49.0,,,,,,
2023-06-23T03:00,66,Moderate,14.0,26.1,6.4,9.0,146.0,47.0,,,,,,
2023-06-23T04:00,66,Moderate,13.5,25.6,5.7,9.3,139.0,45.0,,,,,,
2023-06-23T05:00,66,Moderate,13.2,26.0,5.0,8.8,131.0,42.0,,,,,,
2023-06-23T06:00,67,Moderate,12.9,26.1,5.7,9.3,129.0,41.0,,,,,,
2023-06-23T07:00,67,Moderate,12.4,25.4,6.6,10.0,127.0,39.0,,,,,,
2023-06-23T08:00,67,Moderate,12.9,26.7,7.1,10.5,124.0,42.0,,,,,,
2023-06-23T09:00,67,Moderate,14.6,30.0,6.4,10.3,124.0,51.0,,,,,,
2023-06-23T10:00,68,Moderate,17.5,35.5,5.1,9.9,125.0,65.0,,,,,,
2023-06-23T11:00,68,Moderate,20.5,41.9,3.5,8.8,125.0,80.0,,,,,,
2023-06-23T12:00,68,Moderate,24.3,49.1,2.6,7.5,122.0,86.0,,,,,,
2023-06-23T13:00,68,Moderate,25.7,52.2,1.7,5.8,117.0,90.0,,,,,,
2023-06-23T14:00,69,Moderate,26.1,53.1,1.3,4.1,112.0,91.0,,,,,,
2023-06-23T15:00,69,Moderate,24.9,50.6,1.6,3.4,110.0,87.0,,,,,,
2023-06-23T16:00,69,Moderate,23.4,47.6,2.4,3.1,109.0,80.0,,,,,,
2023-06-23T17:00,69,Moderate,23.9,48.0,4.7,8.6,115.0,79.0,,,,,,
2023-06-23T18:00,69,Moderate,23.3,46.8,5.2,8.1,117.0,74.0,,,,,,
2023-06-23T19:00,69,Moderate,22.5,44.2,5.9,7.3,121.0,67.0,,,,,,
2023-06-23T20:00,69,Moderate,20.0,38.6,6.6,6.4,125.0,59.0,,,,,,
2023-06-23T21:00,69,Moderate,16.5,32.4,6.6,5.8,128.0,55.0,,,,,,
2023-06-23T22:00,68,Moderate,15.3,30.9,6.3,5.3,131.0,52.0,,,,,,
2023-06-23T23:00,68,Moderate,14.5,30.5,5.9,4.8,133.0,49.0,,,,,,
2023-06-24T00:00,68,Moderate,13.6,28.8,5.6,4.7,133.0,47.0,,,,,,
2023-06-24T01:00,67,Moderate,12.3,25.8,5.3,4.8,131.0,45.0,,,,,,
2023-06-24T02:00,67,Moderate,11.0,22.3,4.9,4.9,128.0,43.0,,,,,,
2023-06-24T03:00,67,Moderate,9.8,19.5,4.5,4.8,124.0,42.0,,,,,,
2023-06-24T04:00,66,Moderate,8.8,18.0,4.2,4.7,120.0,40.0,,,,,,
2023-06-24T05:00,66,Moderate,9.7,20.6,4.0,5.0,121.0,40.0,,,,,,
2023-06-24T06:00,66,Moderate,9.4,20.4,4.0,5.2,122.0,41.0,,,,,,
2023-06-24T07:00,65,Moderate,9.5,20.5,4.0,5.4,122.0,42.0,,,,,,
2023-06-24T08:00,65,Moderate,10.0,21.4,3.8,5.7,123.0,47.0,,,,,,
2023-06-24T09:00,65,Moderate,11.6,24.9,3.2,5.7,123.0,56.0,,,,,,
2023-06-24T10:00,65,Moderate,14.5,30.4,2.5,5.6,122.0,68.0,,,,,,
2023-06-24T11:00,65,Moderate,18.2,37.0,1.8,5.8,122.0,82.0,,,,,,
2023-06-24T12:00,64,Moderate,22.3,44.4,1.7,6.7,124.0,91.0,,,,,,
2023-06-24T13:00,64,Moderate,28.1,53.7,1.9,7.9,127.0,99.0,,,,,,
2023-06-24T14:00,64,Moderate,30.4,56.9,2.5,9.0,129.0,104.0,,,,,,
2023-06-24T15:00,65,Moderate,29.4,55.5,3.3,9.1,127.0,101.0,,,,,,
2023-06-24T16:00,65,Moderate,26.8,50.9,4.4,8.9,123.0,94.0,,,,,,
2023-06-24T17:00,65,Moderate,28.8,52.4,4.5,6.8,145.0,102.0,,,,,,
2023-06-24T18:00,66,Moderate,22.4,41.0,5.0,6.8,138.0,92.0,,,,,,
2023-06-24T19:00,66,Moderate,19.2,35.6,5.8,6.7,129.0,77.0,,,,,,
2023-06-24T20:00,65,Moderate,15.5,29.4,6.5,6.5,120.0,61.0,,,,,,
2023-06-24T21:00,65,Moderate,11.8,22.4,6.5,6.1,120.0,55.0,,,,,,
2023-06-24T22:00,65,Moderate,10.9,21.0,6.3,5.5,123.0,51.0,,,,,,
2023-06-24T23:00,64,Moderate,10.9,21.0,6.0,5.0,128.0,48.0,,,,,,
2023-06-25T00:00,64,Moderate,10.9,20.9,6.0,5.1,131.0,46.0,,,,,,
2023-06-25T01:00,64,Moderate,10.7,20.6,6.1,5.4,134.0,44.0,,,,,,
2023-06-25T02:00,64,Moderate,10.5,20.1,6.1,5.8,136.0,42.0,,,,,,
2023-06-25T03:00,64,Moderate,10.3,19.6,5.9,5.8,134.0,41.0,,,,,,
2023-06-25T04:00,64,Moderate,9.9,18.7,5.6,5.8,130.0,39.0,,,,,,
2023-06-25T05:00,64,Moderate,9.7,18.9,5.0,6.2,118.0,39.0,,,,,,
2023-06-25T06:00,64,Moderate,9.9,19.6,4.7,6.2,117.0,40.0,,,,,,
2023-06-25T07:00,64,Moderate,10.3,20.3,4.3,6.2,116.0,42.0,,,,,,
2023-06-25T08:00,64,Moderate,10.5,20.4,3.6,6.2,114.0,48.0,,,,,,
2023-06-25T09:00,64,Moderate,11.6,21.8,2.9,5.8,114.0,58.0,,,,,,
2023-06-25T10:00,64,Moderate,14.1,25.8,2.1,5.3,114.0,71.0,,,,,,
2023-06-25T11:00,64,Moderate,17.5,31.8,1.7,6.0,114.0,84.0,,,,,,
2023-06-25T12:00,64,Moderate,20.0,36.8,2.5,8.9,115.0,88.0,,,,,,
2023-06-25T13:00,64,Moderate,20.4,37.1,3.9,13.0,116.0,90.0,,,,,,
2023-06-25T14:00,63,Moderate,20.3,35.7,5.6,16.8,117.0,88.0,,,,,,
2023-06-25T15:00,62,Moderate,19.3,33.5,6.3,16.7,115.0,84.0,,,,,,
2023-06-25T16:00,61,Moderate,17.3,29.9,6.7,15.0,113.0,78.0,,,,,,
2023-06-25T17:00,61,Moderate,14.5,25.6,5.4,5.7,102.0,68.0,,,,,,
2023-06-25T18:00,60,Moderate,12.4,22.2,6.5,6.0,103.0,62.0,,,,,,
2023-06-25T19:00,59,Moderate,10.2,18.3,8.0,6.5,104.0,54.0,,,,,,
2023-06-25T20:00,58,Moderate,8.6,15.2,9.4,7.2,107.0,45.0,,,,,,
2023-06-25T21:00,58,Moderate,7.5,13.2,9.5,7.7,110.0,42.0,,,,,,
2023-06-25T22:00,57,Moderate,7.2,12.7,9.2,8.1,113.0,42.0,,,,,,
2023-06-25T23:00,57,Moderate,7.1,12.7,8.3,8.5,116.0,42.0,,,,,,
2023-06-26T00:00,57,Moderate,6.9,12.5,7.3,8.4,115.0,42.0,,,,,,
2023-06-26T01:00,56,Moderate,6.7,12.2,6.1,8.0,113.0,44.0,,,,,,
2023-06-26T02:00,56,Moderate,6.4,11.6,4.6,7.6,109.0,45.0,,,,,,
2023-06-26T03:00,56,Moderate,5.9,10.7,3.8,7.4,106.0,46.0,,,,,,
2023-06-26T04:00,55,Moderate,5.3,9.5,3.1,7.2,103.0,47.0,,,,,,
2023-06-26T05:00,55,Moderate,5.6,10.0,3.0,7.7,103.0,47.0,,,,,,
2023-06-26T06:00,55,Moderate,5.5,9.7,3.6,8.3,103.0,47.0,,,,,,
2023-06-26T07:00,54,Moderate,5.8,10.2,4.4,9.2,103.0,47.0,,,,,,
2023-06-26T08:00,54,Moderate,7.0,12.2,5.0,10.0,103.0,49.0,,,,,,
2023-06-26T09:00,54,Moderate,9.1,15.5,4.8,10.2,104.0,54.0,,,,,,
2023-06-26T10:00,54,Moderate,12.0,20.1,4.3,10.2,105.0,61.0,,,,,,
2023-06-26T11:00,53,Moderate,14.2,23.6,3.5,9.6,106.0,71.0,,,,,,
2023-06-26T12:00,53,Moderate,15.8,26.6,2.8,8.2,106.0,78.0,,,,,,
2023-06-26T13:00,53,Moderate,18.0,30.6,1.9,6.3,106.0,86.0,,,,,,
2023-06-26T14:00,53,Moderate,20.1,34.9,1.5,4.4,106.0,91.0,,,,,,
2023-06-26T15:00,53,Moderate,20.5,36.1,2.1,3.9,107.0,90.0,,,,,,
2023-06-26T16:00,53,Moderate,18.9,33.4,3.2,4.0,108.0,85.0,,,,,,
2023-06-26T17:00,53,Moderate,19.8,35.9,4.7,3.9,110.0,80.0,,,,,,
2023-06-26T18:00,53,Moderate,15.8,28.4,6.4,4.6,111.0,73.0,,,,,,
2023-06-26T19:00,53,Moderate,12.5,22.5,8.8,5.6,114.0,64.0,,,,,,
2023-06-26T20:00,54,Moderate,10.7,19.0,11.1,6.9,117.0,53.0,,,,,,
2023-06-26T21:00,54,Moderate,10.1,17.8,11.2,7.7,120.0,50.0,,,,,,
2023-06-26T22:00,54,Moderate,9.6,17.0,10.4,8.5,124.0,48.0,,,,,,
2023-06-26T23:00,54,Moderate,9.1,16.1,9.1,9.1,127.0,47.0,,,,,,
2023-06-27T00:00,54,Moderate,8.8,15.7,8.1,9.1,127.0,46.0,,,,,,
2023-06-27T01:00,54,Moderate,8.3,14.6,7.0,8.8,126.0,46.0,,,,,,
2023-06-27T02:00,55,Moderate,8.0,14.1,5.6,8.4,124.0,45.0,,,,,,
2023-06-27T03:00,55,Moderate,8.1,14.4,4.8,8.0,121.0,45.0,,,,,,
2023-06-27T04:00,55,Moderate,7.9,14.1,4.0,7.6,117.0,44.0,,,,,,
2023-06-27T05:00,55,Moderate,8.9,16.1,3.9,7.2,115.0,44.0,,,,,,
2023-06-27T06:00,55,Moderate,8.4,15.1,4.5,7.8,115.0,44.0,,,,,,
2023-06-27T07:00,56,Moderate,8.2,14.6,5.3,8.6,116.0,44.0,,,,,,
2023-06-27T08:00,56,Moderate,8.5,14.8,5.8,9.3,115.0,47.0,,,,,,
2023-06-27T09:00,56,Moderate,9.7,16.4,5.3,9.1,114.0,54.0,,,,,,
2023-06-27T10:00,56,Moderate,11.5,18.9,4.2,8.6,111.0,64.0,,,,,,
2023-06-27T11:00,56,Moderate,13.1,21.4,3.0,7.7,108.0,75.0,,,,,,
2023-06-27T12:00,56,Moderate,13.2,21.7,2.4,6.9,105.0,79.0,,,,,,
2023-06-27T13:00,56,Moderate,14.0,22.8,2.0,5.9,102.0,82.0,,,,,,
2023-06-27T14:00,55,Moderate,13.3,22.0,1.9,4.8,97.0,82.0,,,,,,
2023-06-27T15:00,55,Moderate,11.8,19.9,2.3,4.3,93.0,78.0,,,,,,
2023-06-27T16:00,54,Moderate,10.2,17.6,3.0,3.9,89.0,71.0,,,,,,
2023-06-27T17:00,53,Moderate,3.2,4.8,2.3,3.0,111.0,60.0,,,,,,
2023-06-27T18:00,52,Moderate,2.7,4.0,3.0,3.5,114.0,57.0,,,,,,
2023-06-27T19:00,51,Moderate,2.5,3.7,3.9,4.3,119.0,52.0,,,,,,
2023-06-27T20:00,50,Good,2.6,3.9,4.9,5.1,125.0,47.0,,,,,,
2023-06-27T21:00,49,Good,2.9,4.5,5.2,5.4,127.0,46.0,,,,,,
2023-06-27T22:00,47,Good,3.5,5.5,5.3,5.7,129.0,45.0,,,,,,
2023-06-27T23:00,46,Good,4.1,6.5,5.4,5.9,130.0,45.0,,,,,,
2023-06-28T00:00,45,Good,4.5,7.3,5.4,6.1,131.0,44.0,,,,,,
2023-06-28T01:00,44,Good,4.6,7.4,5.4,6.2,131.0,44.0,,,,,,
2023-06-28T02:00,43,Good,4.6,7.3,5.3,6.4,131.0,43.0,,,,,,
2023-06-28T03:00,42,Good,4.6,7.3,5.3,6.6,131.0,43.0,,,,,,
2023-06-28T04:00,41,Good,4.5,7.0,5.3,6.8,131.0,42.0,,,,,,
2023-06-28T05:00,41,Good,4.8,7.6,4.5,6.2,131.0,44.0,,,,,,
2023-06-28T06:00,40,Good,4.9,7.8,4.3,6.4,133.0,45.0,,,,,,
2023-06-28T07:00,39,Good,5.2,8.2,4.0,6.6,136.0,46.0,,,,,,
2023-06-28T08:00,38,Good,5.7,8.9,3.5,6.8,140.0,52.0,,,,,,
2023-06-28T09:00,37,Good,6.7,10.3,3.0,6.7,143.0,62.0,,,,,,
2023-06-28T10:00,37,Good,7.6,11.9,2.4,6.5,147.0,75.0,,,,,,
2023-06-28T11:00,36,Good,8.2,13.4,1.7,5.8,148.0,89.0,,,,,,
2023-06-28T12:00,35,Good,8.9,15.4,1.3,4.8,145.0,93.0,,,,,,
2023-06-28T13:00,34,Good,9.0,16.2,1.0,3.5,139.0,95.0,,,,,,
2023-06-28T14:00,33,Good,9.9,18.6,0.9,2.2,133.0,94.0,,,,,,
2023-06-28T15:00,35,Good,9.5,18.1,1.2,1.9,132.0,92.0,,,,,,
2023-06-28T16:00,38,Good,8.7,16.4,1.7,1.9,133.0,88.0,,,,,,
2023-06-28T17:00,40,Good,7.3,13.6,2.5,2.1,130.0,89.0,,,,,,
2023-06-28T18:00,41,Good,7.0,12.7,3.1,2.6,131.0,83.0,,,,,,
2023-06-28T19:00,42,Good,6.4,11.1,4.0,3.4,133.0,75.0,,,,,,
2023-06-28T20:00,41,Good,6.4,10.6,4.9,4.3,134.0,65.0,,,,,,
2023-06-28T21:00,39,Good,5.8,9.5,5.2,4.7,134.0,60.0,,,,,,
2023-06-28T22:00,37,Good,5.2,8.5,5.3,4.9,134.0,56.0,,,,,,
2023-06-28T23:00,36,Good,4.9,8.0,5.2,5.0,132.0,52.0,,,,,,
2023-06-29T00:00,36,Good,4.8,7.9,4.9,4.8,130.0,50.0,,,,,,
2023-06-29T01:00,36,Good,4.4,7.4,4.5,4.5,127.0,49.0,,,,,,
2023-06-29T02:00,36,Good,3.9,6.5,4.0,4.2,124.0,48.0,,,,,,
2023-06-29T03:00,36,Good,3.7,6.0,3.7,4.1,122.0,48.0,,,,,,
2023-06-29T04:00,36,Good,3.6,5.8,3.5,4.2,121.0,47.0,,,,,,
2023-06-29T05:00,35,Good,4.2,7.1,3.6,4.5,124.0,48.0,,,,,,
2023-06-29T06:00,35,Good,4.1,6.8,3.5,4.7,125.0,49.0,,,,,,
2023-06-29T07:00,35,Good,4.1,6.7,3.4,5.0,126.0,50.0,,,,,,
2023-06-29T08:00,35,Good,4.4,6.9,3.1,5.3,128.0,54.0,,,,,,
2023-06-29T09:00,34,Good,5.1,7.8,2.7,5.3,129.0,62.0,,,,,,
2023-06-29T10:00,34,Good,5.9,9.1,2.1,5.2,130.0,73.0,,,,,,
2023-06-29T11:00,34,Good,6.0,9.5,1.5,4.8,129.0,85.0,,,,,,
2023-06-29T12:00,33,Good,6.0,10.0,1.3,4.1,126.0,88.0,,,,,,
2023-06-29T13:00,32,Good,6.5,10.9,1.1,3.2,123.0,89.0,,,,,,
2023-06-29T14:00,32,Good,6.9,11.9,1.2,2.3,119.0,88.0,,,,,,
2023-06-29T15:00,34,Good,6.3,10.7,1.5,2.2,119.0,87.0,,,,,,
2023-06-29T16:00,36,Good,6.1,10.2,2.0,2.4,121.0,84.0,,,,,,
2023-06-29T17:00,38,Good,6.3,10.6,3.0,3.4,123.0,80.0,,,,,,
2023-06-29T18:00,39,Good,5.8,9.9,3.5,3.7,123.0,74.0,,,,,,
2023-06-29T19:00,39,Good,5.2,8.9,4.2,4.1,123.0,66.0,,,,,,
2023-06-29T20:00,38,Good,5.0,8.7,5.0,4.6,123.0,56.0,,,,,,
2023-06-29T21:00,36,Good,5.1,9.4,5.3,4.8,125.0,52.0,,,,,,
2023-06-29T22:00,34,Good,5.5,10.5,5.4,5.0,127.0,50.0,,,,,,
2023-06-29T23:00,32,Good,5.8,11.4,5.3,5.1,129.0,48.0,,,,,,
2023-06-30T00:00,30,Good,5.7,11.9,5.1,5.1,128.0,47.0,,,,,,
2023-06-30T01:00,29,Good,5.7,12.5,4.7,5.0,127.0,46.0,,,,,,
2023-06-30T02:00,29,Good,5.6,12.7,4.3,4.9,124.0,46.0,,,,,,
2023-06-30T03:00,30,Good,5.3,12.1,4.1,5.0,122.0,46.0,,,,,,
2023-06-30T04:00,30,Good,5.0,11.4,4.0,5.1,119.0,46.0,,,,,,
2023-06-30T05:00,30,Good,6.0,13.3,4.3,5.2,123.0,45.0,,,,,,
2023-06-30T06:00,31,Good,6.0,13.2,4.2,5.5,125.0,46.0,,,,,,
2023-06-30T07:00,31,Good,6.0,13.6,3.9,6.0,127.0,47.0,,,,,,
2023-06-30T08:00,32,Good,6.2,14.7,3.5,6.3,130.0,52.0,,,,,,
2023-06-30T09:00,32,Good,6.3,15.1,3.0,6.2,133.0,62.0,,,,,,
2023-06-30T10:00,32,Good,6.8,15.4,2.4,6.0,136.0,76.0,,,,,,
2023-06-30T11:00,33,Good,7.4,15.8,1.7,5.3,138.0,90.0,,,,,,
2023-06-30T12:00,33,Good,7.4,15.5,1.4,4.4,137.0,95.0,,,,,,
2023-06-30T13:00,33,Good,8.2,16.6,1.3,3.3,133.0,96.0,,,,,,
2023-06-30T14:00,34,Good,9.2,18.3,1.3,2.1,129.0,95.0,,,,,,
2023-06-30T15:00,36,Good,9.0,18.2,1.6,1.6,126.0,92.0,,,,,,
2023-06-30T16:00,38,Good,8.8,17.8,2.0,1.3,122.0,87.0,,,,,,
2023-06-30T17:00,40,Good,9.2,17.9,2.8,1.5,114.0,80.0,,,,,,
2023-06-30T18:00,41,Good,8.7,17.5,3.3,2.1,117.0,76.0,,,,,,
2023-06-30T19:00,41,Good,8.4,17.6,4.0,2.9,122.0,69.0,,,,,,
2023-06-30T20:00,40,Good,8.8,18.4,4.8,3.8,127.0,62.0,,,,,,
2023-06-30T21:00,38,Good,8.7,18.6,5.0,4.2,128.0,58.0,,,,,,
2023-06-30T22:00,39,Good,8.9,19.7,5.0,4.6,128.0,55.0,,,,,,
2023-06-30T23:00,40,Good,8.5,19.2,4.8,4.8,127.0,52.0,,,,,,
2023-07-01T00:00,41,Good,7.8,17.6,4.6,4.7,126.0,50.0,,,,,,
2023-07-01T01:00,41,Good,7.2,16.1,4.3,4.5,124.0,49.0,,,,,,
2023-07-01T02:00,42,Good,6.8,15.3,4.0,4.3,121.0,47.0,,,,,,
2023-07-01T03:00,42,Good,6.5,15.2,3.8,4.3,119.0,46.0,,,,,,
2023-07-01T04:00,42,Good,6.3,15.3,3.6,4.4,116.0,45.0,,,,,,
2023-07-01T05:00,42,Good,6.7,16.5,3.7,4.8,121.0,44.0,,,,,,
2023-07-01T06:00,43,Good,6.9,17.2,3.7,5.2,124.0,44.0,,,,,,
2023-07-01T07:00,43,Good,7.1,17.3,3.8,5.8,129.0,45.0,,,,,,
2023-07-01T08:00,43,Good,7.3,17.1,3.6,6.4,135.0,50.0,,,,,,
2023-07-01T09:00,43,Good,7.2,16.9,3.1,6.6,137.0,60.0,,,,,,
2023-07-01T10:00,43,Good,8.0,19.0,2.5,6.6,139.0,73.0,,,,,,
2023-07-01T11:00,44,Good,9.1,21.5,1.7,6.2,140.0,88.0,,,,,,
2023-07-01T12:00,44,Good,9.8,22.6,1.3,5.2,140.0,95.0,,,,,,
2023-07-01T13:00,45,Good,10.7,22.6,1.1,3.8,139.0,100.0,,,,,,
2023-07-01T14:00,45,Good,11.0,22.3,1.1,2.3,138.0,102.0,,,,,,
2023-07-01T15:00,46,Good,10.2,20.8,1.5,2.0,136.0,99.0,,,,,,
2023-07-01T16:00,46,Good,9.4,19.3,2.2,2.0,132.0,92.0,,,,,,
2023-07-01T17:00,46,Good,33.2,53.7,8.5,2.5,378.0,109.0,,,,,,
2023-07-01T18:00,51,Moderate,26.5,45.4,8.6,3.0,348.0,100.0,,,,,,
2023-07-01T19:00,52,Moderate,23.7,41.2,8.7,3.6,305.0,87.0,,,,,,
2023-07-01T20:00,53,Moderate,20.7,36.8,8.5,4.4,251.0,71.0,,,,,,
2023-07-01T21:00,54,Moderate,18.1,33.3,7.8,4.8,219.0,64.0,,,,,,
2023-07-01T22:00,55,Moderate,15.0,29.8,6.8,5.2,189.0,59.0,,,,,,
2023-07-01T23:00,55,Moderate,11.8,25.9,5.6,5.5,159.0,54.0,,,,,,
2023-07-02T00:00,56,Moderate,10.7,24.6,5.1,5.5,146.0,51.0,,,,,,
2023-07-02T01:00,56,Moderate,10.0,24.2,4.9,5.4,140.0,49.0,,,,,,
2023-07-02T02:00,56,Moderate,9.6,23.9,4.6,5.2,135.0,47.0,,,,,,
2023-07-02T03:00,56,Moderate,9.2,22.9,4.4,5.1,131.0,46.0,,,,,,
2023-07-02T04:00,56,Moderate,8.5,20.8,4.3,5.1,129.0,45.0,,,,,,
2023-07-02T05:00,57,Moderate,8.4,20.1,4.2,5.1,126.0,45.0,,,,,,
2023-07-02T06:00,57,Moderate,8.0,18.4,4.1,5.3,128.0,45.0,,,,,,
2023-07-02T07:00,57,Moderate,7.5,16.6,4.0,5.5,131.0,46.0,,,,,,
2023-07-02T08:00,57,Moderate,7.2,15.4,3.7,5.7,136.0,50.0,,,,,,
2023-07-02T09:00,57,Moderate,7.1,14.6,3.1,5.7,132.0,58.0,,,,,,
2023-07-02T10:00,57,Moderate,7.4,15.0,2.3,5.6,126.0,68.0,,,,,,
2023-07-02T11:00,57,Moderate,9.2,18.5,2.1,5.3,153.0,84.0,,,,,,
2023-07-02T12:00,57,Moderate,12.7,24.2,3.2,4.7,239.0,101.0,,,,,,
2023-07-02T13:00,57,Moderate,30.2,48.2,5.0,3.8,359.0,120.0,,,,,,
2023-07-02T14:00,59,Moderate,40.7,64.0,6.7,3.1,452.0,134.0,,,,,,
2023-07-02T15:00,61,Moderate,31.5,53.3,6.6,3.3,411.0,127.0,,,,,,
2023-07-02T16:00,63,Moderate,20.1,37.0,5.9,4.0,313.0,111.0,,,,,,
2023-07-02T17:00,63,Moderate,33.4,60.5,7.4,2.2,350.0,98.0,,,,,,
2023-07-02T18:00,63,Moderate,23.3,44.9,7.0,2.8,302.0,88.0,,,,,,
2023-07-02T19:00,63,Moderate,14.4,28.9,6.5,3.7,235.0,74.0,,,,,,
2023-07-02T20:00,62,Moderate,8.9,17.2,5.9,4.7,163.0,58.0,,,,,,
2023-07-02T21:00,62,Moderate,5.7,9.9,5.7,5.0,144.0,51.0,,,,,,
2023-07-02T22:00,61,Moderate,4.2,6.8,5.5,5.0,140.0,47.0,,,,,,
2023-07-02T23:00,60,Moderate,3.4,5.3,5.3,4.9,140.0,43.0,,,,,,
2023-07-03T00:00,59,Moderate,2.8,4.3,5.1,4.7,137.0,40.0,,,,,,
2023-07-03T01:00,58,Moderate,2.4,3.6,4.9,4.5,135.0,39.0,,,,,,
2023-07-03T02:00,58,Moderate,2.0,2.9,4.5,4.2,132.0,37.0,,,,,,
2023-07-03T03:00,57,Moderate,1.6,2.4,4.1,4.1,129.0,36.0,,,,,,
2023-07-03T04:00,57,Moderate,1.4,2.1,3.7,4.0,125.0,36.0,,,,,,
2023-07-03T05:00,56,Moderate,1.7,2.9,3.2,4.0,123.0,36.0,,,,,,
2023-07-03T06:00,56,Moderate,1.6,2.8,3.2,4.3,123.0,36.0,,,,,,
2023-07-03T07:00,55,Moderate,1.6,2.5,3.1,4.7,124.0,35.0,,,,,,
2023-07-03T08:00,55,Moderate,1.9,2.9,3.0,5.2,126.0,38.0,,,,,,
2023-07-03T09:00,54,Moderate,2.9,4.3,2.8,5.4,129.0,44.0,,,,,,
2023-07-03T10:00,54,Moderate,4.4,6.5,2.5,5.6,133.0,53.0,,,,,,
2023-07-03T11:00,54,Moderate,5.9,8.8,2.2,5.5,137.0,64.0,,,,,,
2023-07-03T12:00,53,Moderate,6.2,9.5,1.9,4.9,139.0,70.0,,,,,,
2023-07-03T13:00,53,Moderate,6.5,10.2,1.7,3.9,140.0,74.0,,,,,,
2023-07-03T14:00,51,Moderate,6.7,11.1,1.6,3.0,140.0,76.0,,,,,,
2023-07-03T15:00,45,Good,6.4,10.8,1.9,2.8,137.0,73.0,,,,,,
2023-07-03T16:00,39,Good,5.8,9.6,2.4,3.0,133.0,68.0,,,,,,
2023-07-03T17:00,36,Good,3.8,5.8,4.0,4.2,133.0,54.0,,,,,,
2023-07-03T18:00,31,Good,3.4,5.5,4.4,4.5,133.0,51.0,,,,,,
2023-07-03T19:00,31,Good,3.2,5.3,5.0,4.9,133.0,47.0,,,,,,
2023-07-03T20:00,30,Good,3.6,5.9,5.6,5.4,133.0,43.0,,,,,,
2023-07-03T21:00,28,Good,4.2,7.1,5.7,5.5,133.0,41.0,,,,,,
2023-07-03T22:00,26,Good,4.8,8.4,5.7,5.6,132.0,39.0,,,,,,
2023-07-03T23:00,24,Good,5.1,9.0,5.6,5.6,131.0,38.0,,,,,,
2023-07-04T00:00,22,Good,4.7,8.1,5.5,5.6,130.0,37.0,,,,,,
2023-07-04T01:00,21,Good,4.0,6.4,5.3,5.6,130.0,37.0,,,,,,
2023-07-04T02:00,22,Good,3.1,4.7,5.0,5.5,128.0,38.0,,,,,,
2023-07-04T03:00,22,Good,2.4,3.5,4.5,5.3,125.0,39.0,,,,,,
2023-07-04T04:00,22,Good,2.1,3.1,3.9,4.9,121.0,41.0,,,,,,
2023-07-04T05:00,22,Good,3.2,5.3,3.6,4.5,119.0,45.0,,,,,,
2023-07-04T06:00,23,Good,4.2,7.2,3.4,4.3,119.0,45.0,,,,,,
2023-07-04T07:00,23,Good,5.0,8.4,3.2,4.0,120.0,46.0,,,,,,
2023-07-04T08:00,24,Good,4.2,7.0,3.1,4.0,123.0,46.0,,,,,,
2023-07-04T09:00,24,Good,3.3,5.0,3.3,4.5,129.0,46.0,,,,,,
2023-07-04T10:00,25,Good,3.7,5.5,3.6,5.2,138.0,46.0,,,,,,
2023-07-04T11:00,24,Good,4.7,6.8,3.7,5.6,143.0,47.0,,,,,,
2023-07-04T12:00,24,Good,5.5,8.0,3.5,5.5,143.0,50.0,,,,,,
2023-07-04T13:00,24,Good,5.4,7.8,3.1,5.2,139.0,53.0,,,,,,
2023-07-04T14:00,24,Good,4.6,6.7,3.0,5.0,136.0,55.0,,,,,,
2023-07-04T15:00,23,Good,4.5,6.5,3.4,5.0,135.0,54.0,,,,,,
2023-07-04T16:00,23,Good,4.6,6.6,4.1,5.0,134.0,51.0,,,,,,
2023-07-04T17:00,23,Good,4.1,6.1,3.9,5.1,132.0,57.0,,,,,,
2023-07-04T18:00,24,Good,3.9,6.3,4.5,4.9,133.0,52.0,,,,,,
2023-07-04T19:00,24,Good,3.7,6.2,5.4,4.7,134.0,45.0,,,,,,
2023-07-04T20:00,24,Good,3.5,5.9,5.9,4.5,134.0,40.0,,,,,,
2023-07-04T21:00,24,Good,3.5,6.0,5.8,4.4,132.0,38.0,,,,,,
2023-07-04T22:00,23,Good,3.4,6.0,5.3,4.3,129.0,39.0,,,,,,
2023-07-04T23:00,22,Good,3.2,5.4,4.8,4.1,125.0,39.0,,,,,,
2023-07-05T00:00,22,Good,2.5,4.1,4.3,3.8,122.0,39.0,,,,,,
2023-07-05T01:00,21,Good,1.9,3.0,3.7,3.5,118.0,39.0,,,,,,
2023-07-05T02:00,21,Good,2.0,3.7,3.2,3.2,114.0,40.0,,,,,,
2023-07-05T03:00,21,Good,2.4,4.8,2.7,2.9,109.0,41.0,,,,,,
2023-07-05T04:00,21,Good,2.3,4.6,2.2,2.7,103.0,43.0,,,,,,
2023-07-05T05:00,21,Good,1.8,3.3,2.5,3.5,104.0,42.0,,,,,,
2023-07-05T06:00,20,Good,2.2,4.3,2.7,3.6,105.0,42.0,,,,,,
2023-07-05T07:00,20,Good,1.7,2.8,3.1,3.8,106.0,42.0,,,,,,
2023-07-05T08:00,19,Good,1.6,2.5,3.3,4.1,109.0,43.0,,,,,,
2023-07-05T09:00,19,Good,2.3,3.7,3.4,4.5,114.0,44.0,,,,,,
2023-07-05T10:00,20,Good,3.2,5.1,3.3,4.9,121.0,46.0,,,,,,
2023-07-05T11:00,20,Good,4.1,6.6,3.3,5.1,125.0,48.0,,,,,,
2023-07-05T12:00,20,Good,4.8,7.7,3.2,5.1,126.0,50.0,,,,,,
2023-07-05T13:00,21,Good,4.7,7.7,3.1,4.9,125.0,53.0,,,,,,
2023-07-05T14:00,21,Good,4.7,7.6,3.2,4.7,124.0,54.0,,,,,,
2023-07-05T15:00,22,Good,4.6,7.3,3.7,4.7,125.0,54.0,,,,,,
2023-07-05T16:00,23,Good,4.6,7.3,4.5,4.6,126.0,52.0,,,,,,
2023-07-05T17:00,23,Good,5.4,8.6,5.0,4.2,120.0,49.0,,,,,,
2023-07-05T18:00,24,Good,4.8,7.8,5.3,4.1,121.0,47.0,,,,,,
2023-07-05T19:00,24,Good,4.3,6.9,5.6,4.1,121.0,44.0,,,,,,
2023-07-05T20:00,23,Good,3.7,5.8,5.8,4.0,122.0,42.0,,,,,,
2023-07-05T21:00,23,Good,3.5,5.4,5.7,3.9,122.0,40.0,,,,,,
2023-07-05T22:00,22,Good,3.5,5.7,5.5,3.9,123.0,39.0,,,,,,
2023-07-05T23:00,21,Good,6.0,13.4,5.2,3.9,122.0,38.0,,,,,,
2023-07-06T00:00,20,Good,3.7,6.4,4.9,4.0,120.0,37.0,,,,,,
2023-07-06T01:00,19,Good,3.1,4.9,4.6,4.0,118.0,36.0,,,,,,
2023-07-06T02:00,20,Good,2.7,4.3,4.3,4.1,115.0,36.0,,,,,,
2023-07-06T03:00,20,Good,2.6,4.1,4.0,4.1,112.0,36.0,,,,,,
2023-07-06T04:00,20,Good,2.6,4.0,3.8,4.0,110.0,36.0,,,,,,
2023-07-06T05:00,20,Good,2.2,3.6,3.1,3.5,102.0,38.0,,,,,,
2023-07-06T06:00,20,Good,2.2,3.9,3.4,3.8,105.0,38.0,,,,,,
2023-07-06T07:00,20,Good,1.8,2.9,3.9,4.1,108.0,37.0,,,,,,
2023-07-06T08:00,20,Good,1.8,2.7,4.2,4.6,113.0,38.0,,,,,,
2023-07-06T09:00,20,Good,2.2,3.2,4.2,5.3,118.0,40.0,,,,,,
2023-07-06T10:00,20,Good,2.9,4.2,4.0,6.1,124.0,44.0,,,,,,
2023-07-06T11:00,20,Good,4.5,6.7,3.7,6.6,130.0,49.0,,,,,,
2023-07-06T12:00,20,Good,5.3,8.0,3.3,6.7,135.0,56.0,,,,,,
2023-07-06T13:00,20,Good,6.9,10.6,2.9,6.6,140.0,64.0,,,,,,
2023-07-06T14:00,21,Good,9.0,13.5,2.7,6.5,145.0,70.0,,,,,,
2023-07-06T15:00,23,Good,10.3,15.4,3.0,6.6,149.0,74.0,,,,,,
2023-07-06T16:00,25,Good,10.1,15.0,3.6,6.8,152.0,77.0,,,,,,
2023-07-06T17:00,27,Good,6.4,10.5,3.3,3.7,123.0,68.0,,,,,,
2023-07-06T18:00,29,Good,6.6,10.6,4.1,4.1,127.0,64.0,,,,,,
2023-07-06T19:00,30,Good,6.2,10.0,5.2,4.7,133.0,57.0,,,,,,
2023-07-06T20:00,31,Good,5.7,9.1,6.0,5.2,138.0,52.0,,,,,,
2023-07-06T21:00,30,Good,5.7,9.1,6.4,5.7,141.0,49.0,,,,,,
2023-07-06T22:00,30,Good,5.7,9.2,6.5,6.1,142.0,46.0,,,,,,
2023-07-06T23:00,28,Good,5.7,9.3,6.5,6.4,142.0,45.0,,,,,,
2023-07-07T00:00,27,Good,5.6,9.1,6.2,6.5,138.0,45.0,,,,,,
2023-07-07T01:00,27,Good,5.1,8.3,5.8,6.4,132.0,46.0,,,,,,
2023-07-07T02:00,28,Good,4.4,7.2,5.3,6.2,127.0,46.0,,,,,,
2023-07-07T03:00,28,Good,3.5,5.5,4.9,5.9,124.0,45.0,,,,,,
2023-07-07T04:00,28,Good,2.8,4.2,4.5,5.5,123.0,45.0,,,,,,
2023-07-07T05:00,28,Good,3.6,5.8,3.9,4.7,120.0,44.0,,,,,,
2023-07-07T06:00,29,Good,3.1,5.0,3.7,4.9,120.0,44.0,,,,,,
2023-07-07T07:00,29,Good,2.7,4.2,3.3,5.3,119.0,44.0,,,,,,
2023-07-07T08:00,29,Good,2.8,4.3,3.1,5.6,120.0,46.0,,,,,,
2023-07-07T09:00,29,Good,3.5,5.3,3.1,6.0,124.0,50.0,,,,,,
2023-07-07T10:00,30,Good,4.6,6.8,3.1,6.4,129.0,55.0,,,,,,
2023-07-07T11:00,30,Good,5.6,8.3,3.1,6.6,133.0,60.0,,,,,,
2023-07-07T12:00,30,Good,6.2,9.2,2.8,6.4,136.0,64.0,,,,,,
2023-07-07T13:00,31,Good,6.5,9.7,2.4,5.9,137.0,69.0,,,,,,
2023-07-07T14:00,30,Good,6.9,10.6,2.2,5.5,138.0,72.0,,,,,,
2023-07-07T15:00,30,Good,7.2,11.5,2.3,5.1,138.0,75.0,,,,,,
2023-07-07T16:00,29,Good,7.1,11.7,2.7,4.7,137.0,77.0,,,,,,
2023-07-07T17:00,30,Good,11.1,17.9,3.5,5.6,154.0,83.0,,,,,,
2023-07-07T18:00,32,Good,9.7,16.2,4.3,5.7,151.0,74.0,,,,,,
2023-07-07T19:00,33,Good,8.7,14.8,5.3,5.8,146.0,63.0,,,,,,
2023-07-07T20:00,33,Good,7.8,13.5,6.1,5.8,142.0,53.0,,,,,,
2023-07-07T21:00,33,Good,7.0,12.1,6.3,5.7,138.0,48.0,,,,,,
2023-07-07T22:00,32,Good,6.2,10.7,6.1,5.6,135.0,45.0,,,,,,
2023-07-07T23:00,32,Good,5.4,9.5,5.9,5.5,132.0,43.0,,,,,,
2023-07-08T00:00,32,Good,5.1,9.0,5.6,5.3,129.0,41.0,,,,,,
2023-07-08T01:00,32,Good,4.9,8.6,5.2,5.1,126.0,41.0,,,,,,
2023-07-08T02:00,32,Good,4.8,8.4,4.9,4.9,124.0,40.0,,,,,,
2023-07-08T03:00,32,Good,4.6,8.0,4.7,4.8,124.0,39.0,,,,,,
2023-07-08T04:00,32,Good,4.2,7.2,4.5,4.8,124.0,39.0,,,,,,
2023-07-08T05:00,32,Good,3.5,5.8,4.3,4.7,126.0,39.0,,,,,,
2023-07-08T06:00,32,Good,3.3,5.5,4.2,5.1,129.0,39.0,,,,,,
2023-07-08T07:00,32,Good,3.3,5.2,3.9,5.5,134.0,40.0,,,,,,
2023-07-08T08:00,32,Good,3.8,5.8,3.6,5.9,139.0,45.0,,,,,,
2023-07-08T09:00,33,Good,5.1,7.7,3.0,6.1,141.0,56.0,,,,,,
2023-07-08T10:00,33,Good,6.7,10.0,2.4,6.2,143.0,71.0,,,,,,
2023-07-08T11:00,33,Good,7.6,11.5,2.0,6.0,150.0,83.0,,,,,,
2023-07-08T12:00,34,Good,8.1,12.7,2.0,5.3,166.0,90.0,,,,,,
2023-07-08T13:00,34,Good,8.5,14.3,2.3,4.3,187.0,94.0,,,,,,
2023-07-08T14:00,35,Good,16.5,26.7,2.9,3.5,212.0,97.0,,,,,,
2023-07-08T15:00,37,Good,29.5,45.5,4.0,3.0,249.0,101.0,,,,,,
2023-07-08T16:00,42,Good,31.5,48.8,5.3,2.7,290.0,105.0,,,,,,
2023-07-08T17:00,48,Good,18.5,29.7,6.4,3.5,249.0,87.0,,,,,,
2023-07-08T18:00,50,Good,14.4,23.7,6.7,3.9,223.0,77.0,,,,,,
2023-07-08T19:00,50,Good,10.7,18.2,7.0,4.5,187.0,63.0,,,,,,
2023-07-08T20:00,50,Good,8.5,14.8,7.1,5.0,160.0,52.0,,,,,,
2023-07-08T21:00,50,Good,7.5,13.4,6.8,5.4,149.0,48.0,,,,,,
2023-07-08T22:00,50,Good,7.2,13.3,6.2,5.7,147.0,48.0,,,,,,
2023-07-08T23:00,51,Moderate,7.2,13.9,5.7,5.9,145.0,48.0,,,,,,
2023-07-09T00:00,51,Moderate,7.2,14.5,5.4,5.9,141.0,47.0,,,,,,
2023-07-09T01:00,51,Moderate,7.1,14.8,5.1,5.7,138.0,46.0,,,,,,
2023-07-09T02:00,51,Moderate,6.9,14.7,4.8,5.6,135.0,45.0,,,,,,
2023-07-09T03:00,51,Moderate,6.7,14.3,4.6,5.5,132.0,44.0,,,,,,
2023-07-09T04:00,51,Moderate,6.5,13.8,4.3,5.3,130.0,42.0,,,,,,
2023-07-09T05:00,52,Moderate,8.1,15.8,5.4,5.4,156.0,39.0,,,,,,
2023-07-09T06:00,52,Moderate,8.0,15.6,5.2,5.8,158.0,40.0,,,,,,
2023-07-09T07:00,52,Moderate,8.1,15.7,4.9,6.4,161.0,43.0,,,,,,
2023-07-09T08:00,53,Moderate,8.7,16.4,4.4,6.8,163.0,49.0,,,,,,
2023-07-09T09:00,53,Moderate,9.0,17.1,3.5,7.1,150.0,61.0,,,,,,
2023-07-09T10:00,53,Moderate,9.9,19.0,2.6,7.2,136.0,76.0,,,,,,
2023-07-09T11:00,54,Moderate,11.8,22.9,2.2,6.9,161.0,94.0,,,,,,
2023-07-09T12:00,54,Moderate,24.1,40.6,3.1,6.0,271.0,119.0,,,,,,
2023-07-09T13:00,55,Moderate,38.9,61.0,4.6,4.7,420.0,147.0,,,,,,
2023-07-09T14:00,58,Moderate,48.9,75.0,5.7,3.5,514.0,163.0,,,,,,
2023-07-09T15:00,60,Moderate,50.2,76.4,5.9,2.5,503.0,160.0,,,,,,
2023-07-09T16:00,62,Moderate,43.1,66.1,5.8,1.7,437.0,145.0,,,,,,
2023-07-09T17:00,72,Moderate,32.0,49.7,6.0,1.6,375.0,132.0,,,,,,
2023-07-09T18:00,87,Moderate,23.3,37.6,6.2,2.0,327.0,117.0,,,,,,
2023-07-09T19:00,96,Moderate,17.1,28.6,6.4,2.6,261.0,96.0,,,,,,
2023-07-09T20:00,96,Moderate,14.1,23.6,6.5,3.2,208.0,78.0,,,,,,
2023-07-09T21:00,87,Moderate,11.6,19.6,6.5,4.0,181.0,67.0,,,,,,
2023-07-09T22:00,70,Moderate,10.0,17.2,6.4,4.9,168.0,58.0,,,,,,
2023-07-09T23:00,66,Moderate,9.0,16.1,6.3,5.5,159.0,52.0,,,,,,
2023-07-10T00:00,66,Moderate,8.6,16.1,6.1,5.5,154.0,47.0,,,,,,
2023-07-10T01:00,66,Moderate,8.6,16.4,5.8,5.3,153.0,44.0,,,,,,
2023-07-10T02:00,66,Moderate,8.6,16.5,5.6,5.1,153.0,42.0,,,,,,
2023-07-10T03:00,66,Moderate,8.3,16.5,5.5,5.2,152.0,39.0,,,,,,
2023-07-10T04:00,67,Moderate,8.3,16.2,5.5,5.4,152.0,37.0,,,,,,
2023-07-10T05:00,67,Moderate,10.0,18.2,6.6,5.9,190.0,36.0,,,,,,
2023-07-10T06:00,67,Moderate,9.8,18.1,6.0,6.3,184.0,39.0,,,,,,
2023-07-10T07:00,67,Moderate,9.9,18.6,5.1,6.9,176.0,45.0,,,,,,
2023-07-10T08:00,67,Moderate,10.3,19.5,4.3,7.3,169.0,52.0,,,,,,
2023-07-10T09:00,67,Moderate,10.5,20.4,3.5,7.4,159.0,63.0,,,,,,
2023-07-10T10:00,67,Moderate,10.4,21.4,2.7,7.3,150.0,76.0,,,,,,
2023-07-10T11:00,67,Moderate,12.2,24.8,2.4,6.9,160.0,88.0,,,,,,
2023-07-10T12:00,67,Moderate,19.0,34.6,2.9,6.1,211.0,100.0,,,,,,
2023-07-10T13:00,67,Moderate,25.5,43.7,3.9,4.9,281.0,112.0,,,,,,
2023-07-10T14:00,66,Moderate,30.6,50.8,4.6,3.9,327.0,118.0,,,,,,
2023-07-10T15:00,65,Moderate,31.2,51.1,4.8,3.0,328.0,116.0,,,,,,
2023-07-10T16:00,63,Moderate,28.1,46.1,4.8,2.3,305.0,108.0,,,,,,
2023-07-10T17:00,62,Moderate,33.5,55.6,7.0,1.7,350.0,100.0,,,,,,
2023-07-10T18:00,62,Moderate,27.9,46.9,6.6,2.0,315.0,94.0,,,,,,
2023-07-10T19:00,62,Moderate,23.5,40.6,6.0,2.5,267.0,85.0,,,,,,
2023-07-10T20:00,63,Moderate,20.1,35.3,5.7,3.0,232.0,78.0,,,,,,
2023-07-10T21:00,63,Moderate,18.9,32.7,5.8,3.6,223.0,74.0,,,,,,
2023-07-10T22:00,64,Moderate,18.5,32.1,6.0,4.2,226.0,72.0,,,,,,
2023-07-10T23:00,65,Moderate,18.6,32.6,6.3,4.9,225.0,69.0,,,,,,
2023-07-11T00:00,65,Moderate,18.3,32.5,6.5,5.9,213.0,63.0,,,,,,
2023-07-11T01:00,66,Moderate,17.0,30.7,6.7,7.0,197.0,56.0,,,,,,
2023-07-11T02:00,67,Moderate,14.1,26.3,6.7,7.8,181.0,49.0,,,,,,
2023-07-11T03:00,67,Moderate,11.7,22.6,6.5,7.9,165.0,44.0,,,,,,
2023-07-11T04:00,67,Moderate,10.2,20.1,6.2,7.7,150.0,39.0,,,,,,
2023-07-11T05:00,68,Moderate,18.6,34.8,6.2,7.8,211.0,54.0,,,,,,
2023-07-11T06:00,68,Moderate,17.2,31.7,6.5,8.9,205.0,51.0,,,,,,
2023-07-11T07:00,69,Moderate,15.7,28.9,6.9,10.4,195.0,46.0,,,,,,
2023-07-11T08:00,69,Moderate,14.4,26.8,6.8,11.2,185.0,46.0,,,,,,
2023-07-11T09:00,70,Moderate,12.6,24.4,5.8,10.8,174.0,53.0,,,,,,
2023-07-11T10:00,70,Moderate,11.4,22.8,4.4,9.8,162.0,64.0,,,,,,
2023-07-11T11:00,70,Moderate,11.4,23.2,3.3,8.5,152.0,73.0,,,,,,
2023-07-11T12:00,70,Moderate,11.3,22.6,2.7,7.0,146.0,78.0,,,,,,
2023-07-11T13:00,69,Moderate,10.5,21.0,2.4,5.4,143.0,82.0,,,,,,
2023-07-11T14:00,68,Moderate,9.5,19.5,2.4,4.1,142.0,83.0,,,,,,
2023-07-11T15:00,66,Moderate,11.2,22.0,2.9,3.5,144.0,82.0,,,,,,
2023-07-11T16:00,65,Moderate,11.6,22.4,3.7,3.3,149.0,79.0,,,,,,
2023-07-11T17:00,63,Moderate,9.5,20.4,2.3,2.0,98.0,67.0,,,,,,
2023-07-11T18:00,62,Moderate,9.6,20.9,2.8,2.2,100.0,65.0,,,,,,
2023-07-11T19:00,60,Moderate,9.5,20.4,3.6,2.6,103.0,61.0,,,,,,
2023-07-11T20:00,59,Moderate,9.3,19.8,4.3,3.0,108.0,58.0,,,,,,
2023-07-11T21:00,58,Moderate,9.3,19.7,4.9,3.5,116.0,55.0,,,,,,
2023-07-11T22:00,57,Moderate,9.5,20.0,5.6,4.2,125.0,51.0,,,,,,
2023-07-11T23:00,57,Moderate,9.7,20.3,6.0,4.7,132.0,48.0,,,,,,
2023-07-12T00:00,56,Moderate,9.7,20.2,6.2,5.1,136.0,46.0,,,,,,
2023-07-12T01:00,55,Moderate,9.5,20.0,6.2,5.3,139.0,44.0,,,,,,
2023-07-12T02:00,55,Moderate,9.5,19.9,6.1,5.5,140.0,43.0,,,,,,
2023-07-12T03:00,54,Moderate,9.5,20.1,6.0,5.6,139.0,42.0,,,,,,
2023-07-12T04:00,54,Moderate,9.4,20.2,5.8,5.7,137.0,42.0,,,,,,
2023-07-12T05:00,54,Moderate,9.3,19.9,5.5,5.1,140.0,42.0,,,,,,
2023-07-12T06:00,53,Moderate,9.2,20.5,5.1,5.2,139.0,43.0,,,,,,
2023-07-12T07:00,53,Moderate,8.8,20.4,4.5,5.3,137.0,45.0,,,,,,
2023-07-12T08:00,52,Moderate,8.8,20.1,3.8,5.3,135.0,49.0,,,,,,
2023-07-12T09:00,52,Moderate,8.8,19.4,3.1,5.2,135.0,59.0,,,,,,
2023-07-12T10:00,52,Moderate,9.0,19.0,2.4,4.9,134.0,72.0,,,,,,
2023-07-12T11:00,51,Moderate,9.5,19.2,1.8,4.5,133.0,81.0,,,,,,
2023-07-12T12:00,51,Moderate,10.0,20.3,1.4,3.6,129.0,84.0,,,,,,
2023-07-12T13:00,51,Moderate,10.0,21.0,1.2,2.6,125.0,84.0,,,,,,
2023-07-12T14:00,51,Moderate,10.9,22.5,1.2,1.8,120.0,83.0,,,,,,
2023-07-12T15:00,51,Moderate,11.2,23.2,1.4,1.6,115.0,81.0,,,,,,
2023-07-12T16:00,51,Moderate,10.0,21.7,1.8,1.7,111.0,78.0,,,,,,
2023-07-12T17:00,51,Moderate,12.0,24.0,2.5,1.7,128.0,82.0,,,,,,
2023-07-12T18:00,51,Moderate,10.4,21.9,2.9,2.0,123.0,78.0,,,,,,
2023-07-12T19:00,51,Moderate,9.1,19.4,3.4,2.4,117.0,73.0,,,,,,
2023-07-12T20:00,51,Moderate,8.3,17.4,3.9,2.9,114.0,68.0,,,,,,
2023-07-12T21:00,51,Moderate,7.7,15.7,4.5,3.4,118.0,63.0,,,,,,
2023-07-12T22:00,51,Moderate,7.5,15.0,5.1,4.0,124.0,58.0,,,,,,
2023-07-12T23:00,51,Moderate,7.6,15.0,5.5,4.4,129.0,53.0,,,,,,
2023-07-13T00:00,51,Moderate,7.1,13.8,5.5,4.6,129.0,49.0,,,,,,
2023-07-13T01:00,51,Moderate,6.3,11.9,5.2,4.5,126.0,47.0,,,,,,
2023-07-13T02:00,50,Good,5.3,9.6,4.8,4.5,123.0,44.0,,,,,,
2023-07-13T03:00,50,Good,4.2,7.3,4.4,4.4,120.0,41.0,,,,,,
2023-07-13T04:00,49,Good,3.4,5.6,4.0,4.2,116.0,39.0,,,,,,
2023-07-13T05:00,47,Good,4.0,6.5,4.0,4.6,118.0,38.0,,,,,,
2023-07-13T06:00,46,Good,3.7,6.0,3.8,4.8,119.0,38.0,,,,,,
2023-07-13T07:00,45,Good,3.6,5.7,3.5,5.0,121.0,38.0,,,,,,
2023-07-13T08:00,44,Good,3.9,6.3,3.2,5.2,123.0,41.0,,,,,,
2023-07-13T09:00,42,Good,4.6,7.2,2.7,5.3,124.0,50.0,,,,,,
2023-07-13T10:00,42,Good,5.5,8.6,2.1,5.3,125.0,62.0,,,,,,
2023-07-13T11:00,41,Good,5.8,9.6,1.7,5.0,127.0,72.0,,,,,,
2023-07-13T12:00,40,Good,7.3,12.3,1.5,4.1,133.0,78.0,,,,,,
2023-07-13T13:00,39,Good,9.5,16.1,1.5,2.8,141.0,83.0,,,,,,
2023-07-13T14:00,39,Good,10.6,18.3,1.6,1.9,145.0,84.0,,,,,,
2023-07-13T15:00,39,Good,10.5,18.8,1.9,1.7,141.0,81.0,,,,,,
2023-07-13T16:00,39,Good,9.5,17.1,2.3,1.9,132.0,75.0,,,,,,
2023-07-13T17:00,39,Good,14.6,24.5,4.7,2.5,200.0,90.0,,,,,,
2023-07-13T18:00,39,Good,11.9,20.4,4.9,3.0,184.0,83.0,,,,,,
2023-07-13T19:00,40,Good,9.5,16.6,5.2,3.7,161.0,72.0,,,,,,
2023-07-13T20:00,40,Good,7.7,13.4,5.4,4.2,144.0,63.0,,,,,,
2023-07-13T21:00,40,Good,6.8,11.5,5.3,4.5,137.0,56.0,,,,,,
2023-07-13T22:00,39,Good,6.4,11.1,5.1,4.7,136.0,51.0,,,,,,
2023-07-13T23:00,39,Good,6.2,11.1,4.9,4.8,134.0,46.0,,,,,,
2023-07-14T00:00,39,Good,5.9,10.9,4.7,4.7,129.0,42.0,,,,,,
2023-07-14T01:00,39,Good,5.3,10.0,4.4,4.5,124.0,40.0,,,,,,
2023-07-14T02:00,38,Good,4.9,9.1,4.2,4.4,120.0,38.0,,,,,,
2023-07-14T03:00,38,Good,4.7,8.6,4.1,4.4,119.0,37.0,,,,,,
2023-07-14T04:00,38,Good,4.8,8.7,4.1,4.5,120.0,37.0,,,,,,
2023-07-14T05:00,39,Good,3.9,7.2,3.5,4.7,110.0,36.0,,,,,,
2023-07-14T06:00,39,Good,3.8,6.8,3.4,5.0,113.0,36.0,,,,,,
2023-07-14T07:00,39,Good,3.9,6.6,3.2,5.4,118.0,37.0,,,,,,
2023-07-14T08:00,39,Good,4.3,7.0,3.0,5.7,123.0,41.0,,,,,,
2023-07-14T09:00,39,Good,5.2,8.3,2.6,5.8,126.0,50.0,,,,,,
2023-07-14T10:00,39,Good,6.5,10.0,2.1,5.7,128.0,62.0,,,,,,
2023-07-14T11:00,39,Good,7.1,11.0,1.8,5.4,134.0,73.0,,,,,,
2023-07-14T12:00,40,Good,7.5,12.0,1.8,4.6,148.0,82.0,,,,,,
2023-07-14T13:00,40,Good,9.5,15.3,2.0,3.5,166.0,90.0,,,,,,
2023-07-14T14:00,40,Good,13.9,22.4,2.3,2.7,180.0,94.0,,,,,,
2023-07-14T15:00,40,Good,20.1,32.0,2.7,2.3,186.0,94.0,,,,,,
2023-07-14T16:00,43,Good,18.6,30.0,3.1,2.1,188.0,91.0,,,,,,
2023-07-14T17:00,45,Good,12.6,20.6,4.0,2.4,183.0,90.0,,,,,,
2023-07-14T18:00,44,Good,9.4,15.6,4.5,3.0,171.0,82.0,,,,,,
2023-07-14T19:00,44,Good,7.9,13.1,5.2,3.9,155.0,71.0,,,,,,
2023-07-14T20:00,43,Good,7.3,12.4,5.7,4.6,142.0,61.0,,,,,,
2023-07-14T21:00,43,Good,7.1,12.4,5.8,5.0,136.0,54.0,,,,,,
2023-07-14T22:00,43,Good,7.2,12.9,5.6,5.1,134.0,49.0,,,,,,
2023-07-14T23:00,43,Good,6.9,12.2,5.4,5.2,132.0,45.0,,,,,,
2023-07-15T00:00,44,Good,6.0,10.3,5.2,5.1,128.0,42.0,,,,,,
2023-07-15T01:00,44,Good,5.3,8.7,4.9,4.8,124.0,39.0,,,,,,
2023-07-15T02:00,44,Good,4.7,7.7,4.7,4.6,121.0,37.0,,,,,,
2023-07-15T03:00,44,Good,4.4,7.1,4.5,4.6,118.0,35.0,,,,,,
2023-07-15T04:00,43,Good,4.2,6.7,4.3,4.8,116.0,34.0,,,,,,
2023-07-15T05:00,43,Good,4.5,7.5,4.3,5.1,118.0,33.0,,,,,,
2023-07-15T06:00,43,Good,4.6,7.7,4.0,5.4,120.0,34.0,,,,,,
2023-07-15T07:00,44,Good,5.0,8.4,3.7,5.9,122.0,35.0,,,,,,
2023-07-15T08:00,44,Good,5.7,9.6,3.3,6.2,125.0,39.0,,,,,,
2023-07-15T09:00,44,Good,6.4,11.0,2.9,6.5,121.0,47.0,,,,,,
2023-07-15T10:00,45,Good,7.4,12.7,2.4,6.6,117.0,59.0,,,,,,
2023-07-15T11:00,45,Good,9.2,15.7,2.3,6.3,134.0,72.0,,,,,,
2023-07-15T12:00,45,Good,18.1,28.5,2.8,5.2,196.0,89.0,,,,,,
2023-07-15T13:00,48,Good,25.9,40.0,3.5,3.6,280.0,108.0,,,,,,
2023-07-15T14:00,51,Moderate,31.0,47.7,4.2,2.5,332.0,119.0,,,,,,
2023-07-15T15:00,52,Moderate,30.0,47.1,4.5,2.1,325.0,118.0,,,,,,
2023-07-15T16:00,53,Moderate,25.8,41.1,4.7,2.1,288.0,109.0,,,,,,
2023-07-15T17:00,53,Moderate,21.8,35.0,4.2,1.2,249.0,102.0,,,,,,
2023-07-15T18:00,54,Moderate,15.3,25.3,4.8,1.8,230.0,93.0,,,,,,
2023-07-15T19:00,54,Moderate,12.2,20.4,5.5,2.7,203.0,80.0,,,,,,
2023-07-15T20:00,55,Moderate,11.2,18.4,6.1,3.6,181.0,69.0,,,,,,
2023-07-15T21:00,55,Moderate,10.2,16.6,6.3,4.4,170.0,61.0,,,,,,
2023-07-15T22:00,55,Moderate,9.3,15.5,6.3,5.1,164.0,53.0,,,,,,
2023-07-15T23:00,55,Moderate,8.6,14.7,6.2,5.6,159.0,47.0,,,,,,
2023-07-16T00:00,56,Moderate,8.2,15.0,6.1,5.7,153.0,42.0,,,,,,
2023-07-16T01:00,56,Moderate,8.1,15.5,5.9,5.6,147.0,37.0,,,,,,
2023-07-16T02:00,56,Moderate,8.1,16.2,5.7,5.5,142.0,34.0,,,,,,
2023-07-16T03:00,56,Moderate,8.1,16.7,5.5,5.4,138.0,31.0,,,,,,
2023-07-16T04:00,57,Moderate,8.0,16.8,5.2,5.4,134.0,30.0,,,,,,
2023-07-16T05:00,57,Moderate,8.7,17.2,5.8,5.7,150.0,29.0,,,,,,
2023-07-16T06:00,57,Moderate,8.9,17.8,5.3,6.1,151.0,31.0,,,,,,
2023-07-16T07:00,57,Moderate,9.2,18.6,4.7,6.7,153.0,35.0,,,,,,
2023-07-16T08:00,58,Moderate,9.9,19.4,4.0,7.1,157.0,42.0,,,,,,
2023-07-16T09:00,58,Moderate,10.6,20.8,3.3,7.1,159.0,55.0,,,,,,
2023-07-16T10:00,58,Moderate,11.7,23.3,2.7,7.0,162.0,72.0,,,,,,
2023-07-16T11:00,59,Moderate,14.1,27.5,2.3,6.4,177.0,88.0,,,,,,
2023-07-16T12:00,59,Moderate,18.0,33.1,2.4,5.1,218.0,102.0,,,,,,
2023-07-16T13:00,59,Moderate,24.1,41.1,2.7,3.5,270.0,115.0,,,,,,
2023-07-16T14:00,59,Moderate,29.5,47.8,3.2,2.3,302.0,121.0,,,,,,
2023-07-16T15:00,59,Moderate,28.8,46.2,3.7,1.9,293.0,117.0,,,,,,
2023-07-16T16:00,59,Moderate,23.6,38.3,4.2,1.8,264.0,105.0,,,,,,
2023-07-16T17:00,59,Moderate,19.8,32.8,4.4,2.0,233.0,98.0,,,,,,
2023-07-16T18:00,59,Moderate,16.7,28.1,5.7,2.6,234.0,91.0,,,,,,
2023-07-16T19:00,59,Moderate,15.8,26.2,7.5,3.5,235.0,80.0,,,,,,
2023-07-16T20:00,59,Moderate,15.6,25.4,8.5,4.3,228.0,70.0,,,,,,
2023-07-16T21:00,59,Moderate,14.1,23.0,8.1,4.8,208.0,61.0,,,,,,
2023-07-16T22:00,60,Moderate,11.6,19.7,7.0,5.2,182.0,53.0,,,,,,
2023-07-16T23:00,60,Moderate,8.8,16.6,6.0,5.5,159.0,46.0,,,,,,
2023-07-17T00:00,60,Moderate,7.4,15.4,5.5,5.5,145.0,41.0,,,,,,
2023-07-17T01:00,60,Moderate,6.5,14.5,5.2,5.4,135.0,38.0,,,,,,
2023-07-17T02:00,60,Moderate,5.9,13.5,4.9,5.3,128.0,36.0,,,,,,
2023-07-17T03:00,59,Moderate,5.5,12.5,4.6,5.2,123.0,34.0,,,,,,
2023-07-17T04:00,59,Moderate,5.2,11.4,4.4,5.0,119.0,33.0,,,,,,
2023-07-17T05:00,59,Moderate,5.6,12.4,4.6,5.4,128.0,32.0,,,,,,
2023-07-17T06:00,59,Moderate,5.5,11.9,4.3,5.7,129.0,33.0,,,,,,
2023-07-17T07:00,58,Moderate,5.6,11.5,3.9,6.0,130.0,34.0,,,,,,
2023-07-17T08:00,58,Moderate,5.8,11.3,3.4,6.2,131.0,39.0,,,,,,
2023-07-17T09:00,58,Moderate,6.4,11.9,2.9,6.2,132.0,50.0,,,,,,
2023-07-17T10:00,58,Moderate,6.5,12.9,2.3,6.0,133.0,63.0,,,,,,
2023-07-17T11:00,57,Moderate,7.1,15.2,1.9,5.5,136.0,75.0,,,,,,
2023-07-17T12:00,57,Moderate,9.4,21.9,1.7,4.6,144.0,83.0,,,,,,
2023-07-17T13:00,56,Moderate,10.5,23.2,1.7,3.4,154.0,90.0,,,,,,
2023-07-17T14:00,55,Moderate,11.8,24.9,1.9,2.6,159.0,92.0,,,,,,
2023-07-17T15:00,53,Moderate,11.4,24.5,2.2,2.3,156.0,89.0,,,,,,
2023-07-17T16:00,52,Moderate,10.1,23.8,2.7,2.3,150.0,82.0,,,,,,
2023-07-17T17:00,51,Moderate,14.4,34.8,3.6,2.4,163.0,79.0,,,,,,
2023-07-17T18:00,51,Moderate,12.2,30.5,4.0,2.9,154.0,72.0,,,,,,
2023-07-17T19:00,50,Good,9.9,24.3,4.6,3.6,141.0,62.0,,,,,,
2023-07-17T20:00,49,Good,8.6,19.8,5.0,4.1,132.0,53.0,,,,,,
2023-07-17T21:00,48,Good,8.7,20.4,5.1,4.4,129.0,48.0,,,,,,
2023-07-17T22:00,46,Good,9.1,21.6,5.0,4.5,130.0,45.0,,,,,,
2023-07-17T23:00,46,Good,9.1,21.3,4.8,4.6,129.0,42.0,,,,,,
2023-07-18T00:00,46,Good,8.6,19.9,4.6,4.5,125.0,40.0,,,,,,
2023-07-18T01:00,46,Good,7.7,17.5,4.3,4.4,121.0,39.0,,,,,,
2023-07-18T02:00,46,Good,6.7,14.6,4.0,4.2,117.0,38.0,,,,,,
2023-07-18T03:00,47,Good,5.8,12.1,3.9,4.1,115.0,37.0,,,,,,
2023-07-18T04:00,47,Good,5.0,10.2,3.8,4.0,114.0,36.0,,,,,,
2023-07-18T05:00,47,Good,7.0,15.2,4.0,4.8,122.0,36.0,,,,,,
2023-07-18T06:00,47,Good,6.6,14.5,3.7,4.9,123.0,36.0,,,,,,
2023-07-18T07:00,47,Good,6.4,13.6,3.3,5.0,123.0,37.0,,,,,,
2023-07-18T08:00,47,Good,6.2,12.6,2.9,5.0,124.0,41.0,,,,,,
2023-07-18T09:00,48,Good,6.1,11.8,2.5,4.9,125.0,49.0,,,,,,
2023-07-18T10:00,47,Good,6.2,12.3,2.0,4.6,125.0,61.0,,,,,,
2023-07-18T11:00,47,Good,6.4,13.4,1.7,4.3,124.0,69.0,,,,,,
2023-07-18T12:00,47,Good,7.0,15.7,1.4,3.7,121.0,73.0,,,,,,
2023-07-18T13:00,47,Good,7.7,18.1,1.3,3.1,117.0,75.0,,,,,,
2023-07-18T14:00,46,Good,7.9,18.7,1.3,2.6,113.0,74.0,,,,,,
2023-07-18T15:00,45,Good,7.4,17.8,1.6,2.4,111.0,71.0,,,,,,
2023-07-18T16:00,44,Good,7.5,18.0,2.1,2.5,109.0,65.0,,,,,,
2023-07-18T17:00,44,Good,8.6,19.7,2.6,2.7,116.0,66.0,,,,,,
2023-07-18T18:00,42,Good,8.9,18.6,3.3,3.2,118.0,61.0,,,,,,
2023-07-18T19:00,41,Good,9.0,18.1,4.2,3.9,120.0,54.0,,,,,,
2023-07-18T20:00,41,Good,9.6,19.0,4.9,4.5,121.0,48.0,,,,,,
2023-07-18T21:00,41,Good,10.1,19.6,5.1,4.8,121.0,45.0,,,,,,
2023-07-18T22:00,42,Good,10.5,20.5,5.2,4.8,121.0,43.0,,,,,,
2023-07-18T23:00,42,Good,10.2,19.8,5.1,4.9,120.0,41.0,,,,,,
2023-07-19T00:00,42,Good,9.1,17.2,5.0,4.9,119.0,40.0,,,,,,
2023-07-19T01:00,43,Good,7.7,14.4,4.8,4.9,117.0,39.0,,,,,,
2023-07-19T02:00,43,Good,6.5,11.9,4.6,4.9,115.0,38.0,,,,,,
2023-07-19T03:00,42,Good,5.2,9.4,4.3,4.9,112.0,38.0,,,,,,
2023-07-19T04:00,42,Good,4.1,7.4,4.0,4.8,109.0,38.0,,,,,,
2023-07-19T05:00,42,Good,4.3,7.7,3.5,4.1,106.0,38.0,,,,,,
2023-07-19T06:00,41,Good,3.2,5.7,3.3,4.3,106.0,38.0,,,,,,
2023-07-19T07:00,41,Good,3.2,5.9,3.1,4.5,105.0,39.0,,,,,,
2023-07-19T08:00,40,Good,3.4,6.7,2.8,4.6,105.0,42.0,,,,,,
2023-07-19T09:00,39,Good,3.8,7.6,2.3,4.5,106.0,50.0,,,,,,
2023-07-19T10:00,39,Good,4.4,9.6,1.8,4.2,107.0,60.0,,,,,,
2023-07-19T11:00,38,Good,5.9,14.2,1.4,3.9,108.0,68.0,,,,,,
2023-07-19T12:00,38,Good,7.5,18.7,1.2,3.4,107.0,72.0,,,,,,
2023-07-19T13:00,38,Good,8.9,21.7,1.0,2.8,105.0,75.0,,,,,,
2023-07-19T14:00,39,Good,8.9,21.1,1.1,2.4,104.0,75.0,,,,,,
2023-07-19T15:00,39,Good,7.1,16.0,1.3,2.3,103.0,72.0,,,,,,
2023-07-19T16:00,39,Good,6.5,14.7,1.7,2.3,103.0,67.0,,,,,,
2023-07-19T17:00,39,Good,7.6,17.1,2.3,2.5,102.0,63.0,,,,,,
2023-07-19T18:00,38,Good,7.7,17.1,3.0,3.0,104.0,58.0,,,,,,
2023-07-19T19:00,38,Good,8.0,16.7,4.1,3.7,106.0,51.0,,,,,,
2023-07-19T20:00,38,Good,7.7,15.3,4.9,4.3,109.0,45.0,,,,,,
2023-07-19T21:00,37,Good,6.7,12.8,5.4,4.8,112.0,42.0,,,,,,
2023-07-19T22:00,37,Good,6.1,11.1,5.8,5.2,115.0,40.0,,,,,,
2023-07-19T23:00,36,Good,5.7,10.2,5.9,5.4,116.0,38.0,,,,,,
2023-07-20T00:00,35,Good,5.4,9.8,5.8,5.4,115.0,37.0,,,,,,
2023-07-20T01:00,34,Good,5.4,9.8,5.5,5.2,113.0,36.0,,,,,,
2023-07-20T02:00,33,Good,5.3,9.8,5.1,5.0,111.0,36.0,,,,,,
2023-07-20T03:00,33,Good,4.8,8.8,4.7,4.8,108.0,36.0,,,,,,
2023-07-20T04:00,33,Good,3.5,6.2,4.3,4.6,106.0,36.0,,,,,,
2023-07-20T05:00,33,Good,2.6,4.6,3.6,4.1,103.0,37.0,,,,,,
2023-07-20T06:00,32,Good,1.8,3.2,3.4,4.3,103.0,37.0,,,,,,
2023-07-20T07:00,32,Good,1.7,3.1,3.1,4.5,103.0,38.0,,,,,,
2023-07-20T08:00,32,Good,2.1,3.7,2.8,4.7,104.0,41.0,,,,,,
2023-07-20T09:00,31,Good,2.9,4.8,2.4,4.8,106.0,48.0,,,,,,
2023-07-20T10:00,31,Good,3.9,6.9,1.9,4.9,108.0,58.0,,,,,,
2023-07-20T11:00,31,Good,4.2,8.7,1.5,4.7,109.0,66.0,,,,,,
2023-07-20T12:00,31,Good,5.3,12.7,1.2,4.0,109.0,70.0,,,,,,
2023-07-20T13:00,30,Good,6.2,15.8,1.1,3.0,109.0,72.0,,,,,,
2023-07-20T14:00,29,Good,7.4,19.3,1.1,2.3,109.0,73.0,,,,,,
2023-07-20T15:00,29,Good,8.6,23.5,1.4,2.1,110.0,73.0,,,,,,
2023-07-20T16:00,29,Good,9.0,25.0,1.9,2.1,111.0,71.0,,,,,,
2023-07-20T17:00,31,Good,9.4,27.8,2.4,2.4,116.0,69.0,,,,,,
2023-07-20T18:00,32,Good,8.9,26.3,3.0,2.7,115.0,63.0,,,,,,
2023-07-20T19:00,32,Good,8.2,22.8,3.7,3.0,114.0,54.0,,,,,,
2023-07-20T20:00,32,Good,8.1,21.1,4.4,3.5,113.0,46.0,,,,,,
2023-07-20T21:00,31,Good,8.3,20.4,4.8,4.1,114.0,41.0,,,,,,
2023-07-20T22:00,31,Good,8.8,21.0,5.1,4.7,115.0,38.0,,,,,,
2023-07-20T23:00,32,Good,9.2,21.1,5.2,5.2,115.0,36.0,,,,,,
2023-07-21T00:00,33,Good,9.1,19.9,5.2,5.4,113.0,34.0,,,,,,
2023-07-21T01:00,33,Good,8.7,18.9,5.0,5.4,111.0,34.0,,,,,,
2023-07-21T02:00,34,Good,8.3,17.9,4.8,5.3,108.0,33.0,,,,,,
2023-07-21T03:00,35,Good,7.5,16.5,4.5,5.1,104.0,33.0,,,,,,
2023-07-21T04:00,36,Good,7.2,16.4,4.1,4.8,100.0,33.0,,,,,,
2023-07-21T05:00,36,Good,6.2,14.3,3.6,4.3,102.0,33.0,,,,,,
2023-07-21T06:00,37,Good,6.1,14.5,3.5,4.6,103.0,34.0,,,,,,
2023-07-21T07:00,38,Good,6.2,15.0,3.3,5.0,104.0,35.0,,,,,,
2023-07-21T08:00,39,Good,6.8,17.6,3.0,5.2,106.0,38.0,,,,,,
2023-07-21T09:00,40,Good,7.6,20.4,2.6,5.2,108.0,45.0,,,,,,
2023-07-21T10:00,41,Good,8.7,23.9,2.2,5.1,111.0,55.0,,,,,,
2023-07-21T11:00,43,Good,9.5,26.7,1.9,4.8,114.0,63.0,,,,,,
2023-07-21T12:00,44,Good,10.1,27.9,1.6,4.1,117.0,70.0,,,,,,
2023-07-21T13:00,45,Good,10.8,29.5,1.4,3.3,120.0,76.0,,,,,,
2023-07-21T14:00,46,Good,11.1,30.0,1.4,2.6,121.0,78.0,,,,,,
2023-07-21T15:00,47,Good,10.5,28.5,1.6,2.3,119.0,74.0,,,,,,
2023-07-21T16:00,47,Good,9.1,25.1,2.0,2.2,115.0,67.0,,,,,,
2023-07-21T17:00,47,Good,11.3,31.8,2.8,2.5,119.0,65.0,,,,,,
2023-07-21T18:00,48,Good,10.3,28.0,3.3,2.9,118.0,59.0,,,,,,
2023-07-21T19:00,48,Good,9.9,25.1,4.0,3.3,117.0,50.0,,,,,,
2023-07-21T20:00,48,Good,10.3,24.9,4.6,3.8,116.0,43.0,,,,,,
2023-07-21T21:00,49,Good,10.9,25.8,4.8,4.2,117.0,40.0,,,,,,
2023-07-21T22:00,50,Good,11.3,26.6,4.9,4.5,117.0,38.0,,,,,,
2023-07-21T23:00,50,Good,11.6,26.7,4.9,4.7,117.0,37.0,,,,,,
2023-07-22T00:00,50,Good,11.6,26.4,4.8,4.8,114.0,36.0,,,,,,
2023-07-22T01:00,50,Good,11.5,25.8,4.6,4.7,109.0,35.0,,,,,,
2023-07-22T02:00,51,Moderate,10.8,24.0,4.4,4.7,105.0,35.0,,,,,,
2023-07-22T03:00,51,Moderate,10.0,21.9,4.2,4.6,102.0,34.0,,,,,,
2023-07-22T04:00,51,Moderate,9.4,20.1,4.1,4.5,99.0,34.0,,,,,,
2023-07-22T05:00,51,Moderate,10.2,21.2,4.0,4.8,97.0,33.0,,,,,,
2023-07-22T06:00,52,Moderate,9.3,19.0,3.8,4.9,99.0,33.0,,,,,,
2023-07-22T07:00,52,Moderate,8.7,17.7,3.6,5.1,101.0,33.0,,,,,,
2023-07-22T08:00,52,Moderate,8.4,16.7,3.2,5.2,103.0,36.0,,,,,,
2023-07-22T09:00,52,Moderate,8.0,15.8,2.7,5.2,105.0,46.0,,,,,,
2023-07-22T10:00,52,Moderate,8.0,16.8,2.1,5.0,107.0,58.0,,,,,,
2023-07-22T11:00,52,Moderate,8.4,20.1,1.6,4.7,108.0,68.0,,,,,,
2023-07-22T12:00,52,Moderate,8.1,20.7,1.3,4.0,106.0,72.0,,,,,,
2023-07-22T13:00,52,Moderate,8.3,21.7,1.1,3.1,102.0,73.0,,,,,,
2023-07-22T14:00,52,Moderate,8.5,23.2,1.1,2.4,100.0,72.0,,,,,,
2023-07-22T15:00,51,Moderate,8.4,23.7,1.4,2.2,101.0,68.0,,,,,,
2023-07-22T16:00,51,Moderate,8.4,23.6,2.0,2.2,103.0,63.0,,,,,,
2023-07-22T17:00,51,Moderate,7.8,20.5,2.5,2.4,101.0,61.0,,,,,,
2023-07-22T18:00,51,Moderate,7.1,17.0,3.2,2.8,102.0,55.0,,,,,,
2023-07-22T19:00,51,Moderate,6.9,15.0,4.2,3.3,104.0,48.0,,,,,,
2023-07-22T20:00,50,Good,6.8,14.2,5.0,4.0,106.0,41.0,,,,,,
2023-07-22T21:00,50,Good,6.9,14.0,5.5,4.9,107.0,37.0,,,,,,
2023-07-22T22:00,50,Good,6.6,13.0,5.9,5.9,108.0,35.0,,,,,,
2023-07-22T23:00,49,Good,5.6,10.4,6.1,6.6,108.0,33.0,,,,,,
2023-07-23T00:00,47,Good,4.5,8.2,6.0,6.7,108.0,32.0,,,,,,
2023-07-23T01:00,46,Good,4.2,7.5,5.7,6.4,108.0,31.0,,,,,,
2023-07-23T02:00,44,Good,4.2,7.7,5.3,6.1,107.0,30.0,,,,,,
2023-07-23T03:00,42,Good,4.2,8.0,4.9,5.8,106.0,29.0,,,,,,
2023-07-23T04:00,41,Good,4.5,8.9,4.5,5.5,104.0,29.0,,,,,,
2023-07-23T05:00,40,Good,4.0,7.9,3.8,4.6,108.0,29.0,,,,,,
2023-07-23T06:00,38,Good,4.6,10.3,3.5,4.7,110.0,30.0,,,,,,
2023-07-23T07:00,37,Good,5.2,11.8,3.2,4.9,113.0,32.0,,,,,,
2023-07-23T08:00,36,Good,5.3,11.4,2.8,4.9,116.0,36.0,,,,,,
2023-07-23T09:00,36,Good,5.2,10.8,2.4,4.8,119.0,45.0,,,,,,
2023-07-23T10:00,35,Good,5.3,11.2,2.1,4.6,121.0,56.0,,,,,,
2023-07-23T11:00,34,Good,5.6,12.0,1.8,4.3,123.0,65.0,,,,,,
2023-07-23T12:00,34,Good,6.1,12.7,1.6,3.8,123.0,72.0,,,,,,
2023-07-23T13:00,33,Good,6.9,14.6,1.4,3.2,122.0,77.0,,,,,,
2023-07-23T14:00,33,Good,7.4,16.2,1.5,2.8,121.0,78.0,,,,,,
2023-07-23T15:00,33,Good,7.0,15.1,2.0,2.7,120.0,73.0,,,,,,
2023-07-23T16:00,32,Good,6.3,13.4,2.8,2.7,119.0,65.0,,,,,,
2023-07-23T17:00,32,Good,8.7,19.3,3.7,3.1,121.0,57.0,,,,,,
2023-07-23T18:00,32,Good,7.7,16.3,4.2,3.4,122.0,53.0,,,,,,
2023-07-23T19:00,32,Good,7.2,14.8,4.8,3.8,123.0,48.0,,,,,,
2023-07-23T20:00,32,Good,6.9,14.2,5.3,4.3,124.0,44.0,,,,,,
2023-07-23T21:00,32,Good,6.3,12.7,5.6,4.9,125.0,42.0,,,,,,
2023-07-23T22:00,32,Good,6.1,12.1,5.8,5.6,127.0,41.0,,,,,,
2023-07-23T23:00,32,Good,5.9,11.3,5.9,6.1,128.0,40.0,,,,,,
2023-07-24T00:00,32,Good,5.5,10.4,5.8,6.1,128.0,39.0,,,,,,
2023-07-24T01:00,32,Good,5.0,9.3,5.6,5.9,127.0,38.0,,,,,,
2023-07-24T02:00,33,Good,4.9,9.1,5.3,5.7,126.0,38.0,,,,,,
2023-07-24T03:00,33,Good,4.8,8.8,4.9,5.5,123.0,38.0,,,,,,
2023-07-24T04:00,33,Good,4.3,8.0,4.5,5.2,120.0,38.0,,,,,,
2023-07-24T05:00,33,Good,3.8,6.9,3.8,4.8,114.0,39.0,,,,,,
2023-07-24T06:00,33,Good,3.6,6.9,3.7,5.0,114.0,40.0,,,,,,
2023-07-24T07:00,33,Good,3.8,7.3,3.5,5.3,115.0,41.0,,,,,,
2023-07-24T08:00,32,Good,4.1,7.9,3.2,5.5,116.0,44.0,,,,,,
2023-07-24T09:00,32,Good,4.6,8.5,2.9,5.7,118.0,52.0,,,,,,
2023-07-24T10:00,32,Good,5.1,9.1,2.4,5.8,121.0,62.0,,,,,,
2023-07-24T11:00,32,Good,5.6,10.0,2.1,5.6,123.0,70.0,,,,,,
2023-07-24T12:00,32,Good,6.4,11.7,1.8,5.0,122.0,76.0,,,,,,
2023-07-24T13:00,32,Good,6.5,12.5,1.5,4.2,120.0,82.0,,,,,,
2023-07-24T14:00,32,Good,6.8,13.2,1.5,3.5,119.0,83.0,,,,,,
2023-07-24T15:00,32,Good,6.7,13.8,2.0,3.1,120.0,79.0,,,,,,
2023-07-24T16:00,32,Good,7.0,14.9,2.8,2.9,122.0,72.0,,,,,,
2023-07-24T17:00,33,Good,12.0,22.2,7.8,4.2,175.0,56.0,,,,,,
2023-07-24T18:00,34,Good,11.4,21.5,8.1,4.6,170.0,52.0,,,,,,
2023-07-24T19:00,33,Good,10.5,20.0,8.5,5.1,162.0,47.0,,,,,,
2023-07-24T20:00,34,Good,9.4,18.1,8.6,5.6,154.0,42.0,,,,,,
2023-07-24T21:00,35,Good,8.3,16.0,8.2,6.0,145.0,39.0,,,,,,
2023-07-24T22:00,35,Good,7.1,13.5,7.6,6.3,135.0,37.0,,,,,,
2023-07-24T23:00,35,Good,6.2,11.6,7.0,6.5,127.0,36.0,,,,,,
2023-07-25T00:00,36,Good,5.4,9.8,6.6,6.5,123.0,36.0,,,,,,
2023-07-25T01:00,35,Good,4.5,8.0,6.2,6.2,121.0,36.0,,,,,,
2023-07-25T02:00,35,Good,3.8,6.7,5.8,6.0,120.0,36.0,,,,,,
2023-07-25T03:00,35,Good,3.3,5.7,5.3,5.7,118.0,36.0,,,,,,
2023-07-25T04:00,35,Good,3.0,5.2,4.7,5.3,116.0,36.0,,,,,,
2023-07-25T05:00,34,Good,3.8,7.2,3.8,4.5,112.0,36.0,,,,,,
2023-07-25T06:00,34,Good,4.0,7.7,4.0,4.8,115.0,36.0,,,,,,
2023-07-25T07:00,35,Good,4.2,7.7,4.3,5.2,119.0,35.0,,,,,,
2023-07-25T08:00,35,Good,4.2,7.3,4.3,5.5,123.0,37.0,,,,,,
2023-07-25T09:00,35,Good,4.4,7.4,3.8,5.5,126.0,43.0,,,,,,
2023-07-25T10:00,35,Good,4.6,7.7,3.0,5.4,128.0,51.0,,,,,,
2023-07-25T11:00,35,Good,4.9,8.6,2.4,5.1,128.0,57.0,,,,,,
2023-07-25T12:00,34,Good,5.0,9.2,2.0,4.5,125.0,61.0,,,,,,
2023-07-25T13:00,34,Good,5.2,10.4,1.9,3.7,119.0,63.0,,,,,,
2023-07-25T14:00,34,Good,5.8,11.8,1.9,3.1,116.0,64.0,,,,,,
2023-07-25T15:00,33,Good,5.5,10.7,2.3,2.9,117.0,63.0,,,,,,
2023-07-25T16:00,33,Good,5.5,10.3,2.9,2.9,119.0,61.0,,,,,,
2023-07-25T17:00,33,Good,6.9,13.2,3.8,3.4,122.0,58.0,,,,,,
2023-07-25T18:00,32,Good,5.8,10.9,4.5,3.6,125.0,53.0,,,,,,
2023-07-25T19:00,30,Good,5.6,10.3,5.4,4.0,130.0,47.0,,,,,,
2023-07-25T20:00,29,Good,5.5,9.8,6.1,4.3,134.0,41.0,,,,,,
2023-07-25T21:00,28,Good,5.4,9.2,6.5,4.7,137.0,37.0,,,,,,
2023-07-25T22:00,28,Good,5.2,8.7,6.6,5.2,138.0,34.0,,,,,,
2023-07-25T23:00,27,Good,4.7,7.7,6.6,5.4,138.0,32.0,,,,,,
2023-07-26T00:00,27,Good,4.1,6.7,6.2,5.2,135.0,31.0,,,,,,
2023-07-26T01:00,27,Good,3.7,6.3,5.7,4.8,130.0,31.0,,,,,,
2023-07-26T02:00,26,Good,3.6,6.2,5.1,4.5,126.0,31.0,,,,,,
2023-07-26T03:00,26,Good,3.2,5.6,4.6,4.3,122.0,31.0,,,,,,
2023-07-26T04:00,26,Good,3.0,5.4,4.1,4.2,118.0,32.0,,,,,,
2023-07-26T05:00,26,Good,2.8,4.9,4.4,4.9,124.0,32.0,,,,,,
2023-07-26T06:00,26,Good,2.9,5.3,4.3,5.0,126.0,32.0,,,,,,
2023-07-26T07:00,26,Good,3.3,6.0,4.2,5.0,130.0,32.0,,,,,,
2023-07-26T08:00,26,Good,3.9,7.1,4.0,5.1,132.0,34.0,,,,,,
2023-07-26T09:00,26,Good,4.5,8.0,3.6,5.2,133.0,40.0,,,,,,
2023-07-26T10:00,26,Good,5.2,9.2,3.1,5.3,133.0,49.0,,,,,,
2023-07-26T11:00,26,Good,6.0,10.4,2.6,5.2,133.0,58.0,,,,,,
2023-07-26T12:00,26,Good,6.8,12.3,2.2,4.5,132.0,67.0,,,,,,
2023-07-26T13:00,26,Good,6.8,13.1,1.9,3.6,131.0,75.0,,,,,,
2023-07-26T14:00,27,Good,7.3,14.3,1.8,2.9,130.0,79.0,,,,,,
2023-07-26T15:00,27,Good,7.7,14.9,2.2,2.8,128.0,76.0,,,,,,
2023-07-26T16:00,28,Good,7.0,14.2,2.8,3.0,125.0,69.0,,,,,,
2023-07-26T17:00,30,Good,10.0,20.1,2.7,3.3,101.0,61.0,,,,,,
2023-07-26T18:00,31,Good,9.2,18.3,3.5,3.6,104.0,58.0,,,,,,
2023-07-26T19:00,31,Good,8.4,16.4,4.5,4.0,109.0,53.0,,,,,,
2023-07-26T20:00,31,Good,6.9,12.9,5.3,4.3,113.0,48.0,,,,,,
2023-07-26T21:00,30,Good,4.9,8.5,5.6,4.5,116.0,44.0,,,,,,
2023-07-26T22:00,30,Good,3.6,5.8,5.7,4.7,119.0,40.0,,,,,,
2023-07-26T23:00,30,Good,2.9,4.5,5.6,4.8,120.0,37.0,,,,,,
2023-07-27T00:00,30,Good,2.5,4.1,5.4,4.7,119.0,34.0,,,,,,
2023-07-27T01:00,29,Good,2.6,4.5,5.1,4.5,117.0,33.0,,,,,,
2023-07-27T02:00,29,Good,3.0,5.1,4.9,4.3,116.0,31.0,,,,,,
2023-07-27T03:00,29,Good,3.2,5.5,4.8,4.3,116.0,30.0,,,,,,
2023-07-27T04:00,29,Good,3.3,5.5,4.8,4.3,117.0,29.0,,,,,,
2023-07-27T05:00,29,Good,3.0,4.9,4.5,4.4,114.0,30.0,,,,,,
2023-07-27T06:00,29,Good,3.4,5.7,4.4,4.6,115.0,30.0,,,,,,
2023-07-27T07:00,29,Good,3.9,6.5,4.1,4.9,117.0,30.0,,,,,,
2023-07-27T08:00,29,Good,4.2,7.3,3.8,5.1,119.0,34.0,,,,,,
2023-07-27T09:00,29,Good,4.8,8.6,3.3,5.4,121.0,43.0,,,,,,
2023-07-27T10:00,29,Good,5.6,10.2,2.7,5.6,123.0,56.0,,,,,,
2023-07-27T11:00,29,Good,6.1,12.7,2.2,5.4,127.0,67.0,,,,,,
2023-07-27T12:00,29,Good,7.1,15.4,2.0,4.5,134.0,76.0,,,,,,
2023-07-27T13:00,29,Good,8.1,16.8,1.9,3.2,143.0,83.0,,,,,,
2023-07-27T14:00,30,Good,10.7,20.3,1.9,2.2,147.0,87.0,,,,,,
2023-07-27T15:00,31,Good,12.4,22.4,2.0,1.8,142.0,85.0,,,,,,
2023-07-27T16:00,32,Good,11.1,20.5,2.2,1.7,132.0,79.0,,,,,,
2023-07-27T17:00,33,Good,11.2,20.6,3.4,2.2,156.0,86.0,,,,,,
2023-07-27T18:00,36,Good,9.3,17.9,4.0,2.8,152.0,78.0,,,,,,
2023-07-27T19:00,37,Good,8.1,15.9,4.9,3.6,146.0,66.0,,,,,,
2023-07-27T20:00,37,Good,7.8,14.9,5.6,4.2,142.0,57.0,,,,,,
2023-07-27T21:00,36,Good,7.8,14.3,5.9,4.5,144.0,52.0,,,,,,
2023-07-27T22:00,34,Good,8.1,15.1,5.9,4.7,148.0,49.0,,,,,,
2023-07-27T23:00,35,Good,8.1,16.4,5.8,4.8,150.0,46.0,,,,,,
2023-07-28T00:00,36,Good,8.0,17.2,5.5,4.8,146.0,43.0,,,,,,
2023-07-28T01:00,37,Good,7.8,16.6,5.0,4.6,140.0,40.0,,,,,,
2023-07-28T02:00,38,Good,6.9,14.2,4.6,4.5,134.0,38.0,,,,,,
2023-07-28T03:00,39,Good,6.0,11.6,4.2,4.4,128.0,36.0,,,,,,
2023-07-28T04:00,40,Good,5.1,9.7,3.9,4.3,123.0,35.0,,,,,,
2023-07-28T05:00,40,Good,6.0,12.7,3.9,4.9,124.0,33.0,,,,,,
2023-07-28T06:00,41,Good,5.9,12.9,3.8,5.3,126.0,33.0,,,,,,
2023-07-28T07:00,42,Good,6.2,13.5,3.6,5.8,129.0,34.0,,,,,,
2023-07-28T08:00,42,Good,6.6,14.7,3.4,6.1,134.0,38.0,,,,,,
2023-07-28T09:00,43,Good,7.3,15.8,3.2,6.0,143.0,49.0,,,,,,
2023-07-28T10:00,43,Good,8.4,17.6,2.9,5.7,154.0,63.0,,,,,,
2023-07-28T11:00,44,Good,12.0,22.1,2.7,5.1,167.0,77.0,,,,,,
2023-07-28T12:00,45,Good,15.0,26.1,2.4,4.2,185.0,90.0,,,,,,
2023-07-28T13:00,47,Good,17.2,29.4,2.1,3.0,205.0,102.0,,,,,,
2023-07-28T14:00,49,Good,18.3,31.2,2.1,2.2,216.0,108.0,,,,,,
2023-07-28T15:00,50,Good,17.6,29.7,2.5,1.8,211.0,107.0,,,,,,
2023-07-28T16:00,51,Moderate,15.5,27.0,3.1,1.7,197.0,100.0,,,,,,
2023-07-28T17:00,51,Moderate,14.4,26.8,3.6,1.7,176.0,90.0,,,,,,
2023-07-28T18:00,51,Moderate,11.8,23.3,4.2,2.3,167.0,80.0,,,,,,
2023-07-28T19:00,52,Moderate,9.4,19.4,5.0,3.1,155.0,65.0,,,,,,
2023-07-28T20:00,52,Moderate,7.5,15.1,5.5,3.8,145.0,53.0,,,,,,
2023-07-28T21:00,52,Moderate,6.4,12.8,5.4,4.1,139.0,47.0,,,,,,
2023-07-28T22:00,52,Moderate,6.3,13.2,5.1,4.3,136.0,43.0,,,,,,
2023-07-28T23:00,51,Moderate,6.5,14.6,4.7,4.3,132.0,40.0,,,,,,
2023-07-29T00:00,51,Moderate,6.7,16.8,4.3,4.1,127.0,38.0,,,,,,
2023-07-29T01:00,51,Moderate,6.7,17.3,3.8,3.9,123.0,36.0,,,,,,
2023-07-29T02:00,51,Moderate,6.5,16.2,3.5,3.7,119.0,35.0,,,,,,
2023-07-29T03:00,51,Moderate,6.3,14.6,3.4,3.7,117.0,34.0,,,,,,
2023-07-29T04:00,51,Moderate,6.0,13.6,3.4,3.9,116.0,34.0,,,,,,
2023-07-29T05:00,51,Moderate,6.8,15.7,4.0,4.6,134.0,30.0,,,,,,
2023-07-29T06:00,51,Moderate,6.9,16.5,3.8,5.0,135.0,31.0,,,,,,
2023-07-29T07:00,51,Moderate,7.4,17.8,3.4,5.5,137.0,33.0,,,,,,
2023-07-29T08:00,51,Moderate,7.8,19.2,3.1,5.8,140.0,39.0,,,,,,
2023-07-29T09:00,51,Moderate,8.5,21.0,2.7,5.7,145.0,50.0,,,,,,
2023-07-29T10:00,52,Moderate,9.7,23.4,2.3,5.3,151.0,65.0,,,,,,
2023-07-29T11:00,52,Moderate,11.8,26.0,2.0,4.7,160.0,78.0,,,,,,
2023-07-29T12:00,52,Moderate,14.1,27.5,1.8,3.8,176.0,88.0,,,,,,
2023-07-29T13:00,52,Moderate,15.9,29.6,1.7,2.6,196.0,97.0,,,,,,
2023-07-29T14:00,51,Moderate,17.5,31.7,1.8,1.8,207.0,102.0,,,,,,
2023-07-29T15:00,51,Moderate,17.5,31.8,2.2,1.4,205.0,102.0,,,,,,
2023-07-29T16:00,51,Moderate,16.3,30.5,2.7,1.3,195.0,98.0,,,,,,
2023-07-29T17:00,51,Moderate,14.1,25.9,3.2,1.1,187.0,92.0,,,,,,
2023-07-29T18:00,51,Moderate,12.3,23.5,4.1,1.6,186.0,85.0,,,,,,
2023-07-29T19:00,51,Moderate,10.5,20.2,5.4,2.3,185.0,76.0,,,,,,
2023-07-29T20:00,52,Moderate,9.7,18.2,6.2,2.9,180.0,66.0,,,,,,
2023-07-29T21:00,52,Moderate,8.9,17.3,6.1,3.5,170.0,57.0,,,,,,
2023-07-29T22:00,52,Moderate,7.9,17.2,5.6,4.0,156.0,47.0,,,,,,
2023-07-29T23:00,52,Moderate,7.4,18.0,5.1,4.3,145.0,40.0,,,,,,
2023-07-30T00:00,52,Moderate,7.4,19.8,4.6,4.3,138.0,36.0,,,,,,
2023-07-30T01:00,52,Moderate,7.8,21.8,4.2,4.1,133.0,35.0,,,,,,
2023-07-30T02:00,52,Moderate,7.9,22.4,3.8,4.0,130.0,34.0,,,,,,
2023-07-30T03:00,52,Moderate,7.7,20.4,3.7,4.1,128.0,33.0,,,,,,
2023-07-30T04:00,52,Moderate,7.2,18.3,3.7,4.2,128.0,32.0,,,,,,
2023-07-30T05:00,53,Moderate,7.2,17.3,3.7,4.5,135.0,31.0,,,,,,
2023-07-30T06:00,53,Moderate,6.9,16.1,3.5,4.8,137.0,32.0,,,,,,
2023-07-30T07:00,53,Moderate,6.9,16.1,3.3,5.2,139.0,35.0,,,,,,
2023-07-30T08:00,53,Moderate,7.2,17.5,3.0,5.5,141.0,40.0,,,,,,
2023-07-30T09:00,53,Moderate,7.4,19.0,2.7,5.6,141.0,50.0,,,,,,
2023-07-30T10:00,52,Moderate,7.9,21.2,2.3,5.6,140.0,64.0,,,,,,
2023-07-30T11:00,52,Moderate,9.6,24.1,2.0,5.3,145.0,76.0,,,,,,
2023-07-30T12:00,52,Moderate,13.5,27.9,1.8,4.4,161.0,87.0,,,,,,
2023-07-30T13:00,52,Moderate,15.6,30.0,1.8,3.1,183.0,97.0,,,,,,
2023-07-30T14:00,52,Moderate,16.7,31.2,2.0,2.2,198.0,103.0,,,,,,
2023-07-30T15:00,52,Moderate,16.3,30.9,2.6,1.8,200.0,103.0,,,,,,
2023-07-30T16:00,52,Moderate,15.0,29.2,3.5,1.8,194.0,98.0,,,,,,
2023-07-30T17:00,52,Moderate,15.0,30.7,4.3,2.1,186.0,91.0,,,,,,
2023-07-30T18:00,52,Moderate,12.2,25.0,4.7,2.7,174.0,81.0,,,,,,
2023-07-30T19:00,52,Moderate,9.5,19.5,5.2,3.6,156.0,67.0,,,,,,
2023-07-30T20:00,52,Moderate,7.5,15.0,5.5,4.2,142.0,55.0,,,,,,
2023-07-30T21:00,52,Moderate,7.0,14.7,5.3,4.4,135.0,48.0,,,,,,
2023-07-30T22:00,51,Moderate,7.3,16.5,5.0,4.4,131.0,44.0,,,,,,
2023-07-30T23:00,51,Moderate,7.6,18.7,4.6,4.4,127.0,41.0,,,,,,
2023-07-31T00:00,51,Moderate,7.7,20.2,4.4,4.3,123.0,39.0,,,,,,
2023-07-31T01:00,51,Moderate,7.7,20.0,4.1,4.1,120.0,38.0,,,,,,
2023-07-31T02:00,51,Moderate,7.5,19.7,3.9,4.0,117.0,37.0,,,,,,
2023-07-31T03:00,51,Moderate,7.4,19.4,3.6,3.9,113.0,37.0,,,,,,
2023-07-31T04:00,51,Moderate,7.1,18.5,3.2,3.8,110.0,37.0,,,,,,
2023-07-31T05:00,51,Moderate,7.6,21.2,3.7,4.6,119.0,35.0,,,,,,
2023-07-31T06:00,51,Moderate,7.5,19.3,3.6,4.9,121.0,36.0,,,,,,
2023-07-31T07:00,51,Moderate,7.3,17.9,3.4,5.3,123.0,37.0,,,,,,
2023-07-31T08:00,52,Moderate,7.2,16.5,3.1,5.6,125.0,42.0,,,,,,
2023-07-31T09:00,52,Moderate,7.2,16.3,2.7,5.8,124.0,52.0,,,,,,
2023-07-31T10:00,51,Moderate,7.7,18.6,2.2,5.9,123.0,64.0,,,,,,
2023-07-31T11:00,51,Moderate,8.7,21.4,1.9,5.7,127.0,76.0,,,,,,
2023-07-31T12:00,51,Moderate,12.2,25.9,1.7,4.8,144.0,87.0,,,,,,
2023-07-31T13:00,51,Moderate,15.5,29.0,1.7,3.5,167.0,97.0,,,,,,
2023-07-31T14:00,51,Moderate,16.7,30.6,1.9,2.5,182.0,102.0,,,,,,
2023-07-31T15:00,51,Moderate,15.8,29.5,2.5,2.0,182.0,100.0,,,,,,
2023-07-31T16:00,51,Moderate,14.3,27.9,3.4,1.9,174.0,94.0,,,,,,
2023-07-31T17:00,51,Moderate,11.9,25.7,3.2,1.7,140.0,81.0,,,,,,
2023-07-31T18:00,51,Moderate,10.5,23.9,3.8,2.3,139.0,73.0,,,,,,
2023-07-31T19:00,51,Moderate,9.1,22.1,4.6,3.2,138.0,61.0,,,,,,
2023-07-31T20:00,51,Moderate,8.1,19.2,5.2,3.8,135.0,52.0,,,,,,
2023-07-31T21:00,51,Moderate,7.5,18.4,5.3,4.0,130.0,47.0,,,,,,
2023-07-31T22:00,51,Moderate,7.5,18.0,5.0,4.1,124.0,43.0,,,,,,
2023-07-31T23:00,51,Moderate,7.4,18.1,4.7,4.0,118.0,41.0,,,,,,
2023-08-01T00:00,51,Moderate,7.1,18.0,4.2,3.8,111.0,40.0,,,,,,
2023-08-01T01:00,51,Moderate,6.7,17.3,3.6,3.4,103.0,39.0,,,,,,
2023-08-01T02:00,51,Moderate,6.4,16.2,3.2,3.2,97.0,39.0,,,,,,
2023-08-01T03:00,51,Moderate,5.9,13.9,3.1,3.2,94.0,38.0,,,,,,
2023-08-01T04:00,51,Moderate,5.4,11.8,3.1,3.4,93.0,38.0,,,,,,
2023-08-01T05:00,50,Good,6.8,17.5,3.5,4.3,104.0,35.0,,,,,,
2023-08-01T06:00,50,Good,6.8,16.9,3.4,4.6,106.0,36.0,,,,,,
2023-08-01T07:00,50,Good,6.9,17.0,3.2,4.9,108.0,38.0,,,,,,
2023-08-01T08:00,50,Good,6.6,16.6,3.0,5.1,110.0,42.0,,,,,,
2023-08-01T09:00,50,Good,6.3,15.3,2.6,5.1,111.0,51.0,,,,,,
2023-08-01T10:00,50,Good,6.4,15.6,2.1,4.8,113.0,63.0,,,,,,
2023-08-01T11:00,50,Good,6.9,15.9,1.8,4.5,115.0,73.0,,,,,,
2023-08-01T12:00,50,Good,8.6,17.8,1.7,3.9,120.0,81.0,,,,,,
2023-08-01T13:00,49,Good,10.2,19.5,1.7,3.1,126.0,87.0,,,,,,
2023-08-01T14:00,48,Good,10.7,20.5,2.0,2.6,131.0,90.0,,,,,,
2023-08-01T15:00,46,Good,11.1,21.4,2.7,2.4,133.0,87.0,,,,,,
2023-08-01T16:00,45,Good,10.5,20.7,3.7,2.4,133.0,81.0,,,,,,
2023-08-01T17:00,44,Good,11.2,23.5,4.3,2.5,136.0,74.0,,,,,,
2023-08-01T18:00,44,Good,9.7,21.5,4.5,2.9,135.0,67.0,,,,,,
2023-08-01T19:00,44,Good,8.6,19.4,4.8,3.4,133.0,58.0,,,,,,
2023-08-01T20:00,44,Good,7.8,17.9,5.0,3.8,131.0,51.0,,,,,,
2023-08-01T21:00,44,Good,7.5,18.6,4.9,4.0,128.0,47.0,,,,,,
2023-08-01T22:00,44,Good,7.5,19.5,4.6,4.0,124.0,45.0,,,,,,
2023-08-01T23:00,44,Good,7.7,19.8,4.4,4.1,120.0,44.0,,,,,,
2023-08-02T00:00,44,Good,7.9,20.8,4.2,4.2,115.0,43.0,,,,,,
2023-08-02T01:00,44,Good,8.1,20.8,4.1,4.3,110.0,42.0,,,,,,
2023-08-02T02:00,44,Good,8.1,20.5,4.0,4.4,106.0,41.0,,,,,,
2023-08-02T03:00,45,Good,8.2,20.3,4.0,4.6,103.0,40.0,,,,,,
2023-08-02T04:00,45,Good,8.3,20.5,4.0,4.8,101.0,40.0,,,,,,
2023-08-02T05:00,46,Good,8.0,20.8,3.4,4.4,105.0,40.0,,,,,,
2023-08-02T06:00,46,Good,7.9,20.6,3.3,4.6,107.0,40.0,,,,,,
2023-08-02T07:00,46,Good,7.9,20.7,3.2,4.8,109.0,41.0,,,,,,
2023-08-02T08:00,47,Good,8.1,21.8,3.0,4.9,112.0,44.0,,,,,,
2023-08-02T09:00,47,Good,8.6,23.6,2.6,4.7,115.0,53.0,,,,,,
2023-08-02T10:00,48,Good,9.1,24.7,2.0,4.3,118.0,64.0,,,,,,
2023-08-02T11:00,48,Good,9.2,24.2,1.6,3.9,121.0,74.0,,,,,,
2023-08-02T12:00,49,Good,9.3,22.8,1.5,3.4,124.0,81.0,,,,,,
2023-08-02T13:00,49,Good,9.9,22.8,1.5,2.9,127.0,86.0,,,,,,
2023-08-02T14:00,49,Good,10.7,23.4,1.6,2.5,129.0,89.0,,,,,,
2023-08-02T15:00,49,Good,11.0,23.9,1.8,2.3,128.0,88.0,,,,,,
2023-08-02T16:00,49,Good,10.9,23.7,2.2,2.2,126.0,84.0,,,,,,
2023-08-02T17:00,49,Good,11.0,24.0,2.8,2.3,126.0,80.0,,,,,,
2023-08-02T18:00,49,Good,11.1,24.3,3.4,2.6,128.0,73.0,,,,,,
2023-08-02T19:00,49,Good,10.8,23.6,4.2,3.1,131.0,62.0,,,,,,
2023-08-02T20:00,50,Good,10.4,23.1,4.8,3.5,133.0,54.0,,,,,,
2023-08-02T21:00,50,Good,10.1,23.1,5.0,3.9,132.0,50.0,,,,,,
2023-08-02T22:00,50,Good,9.9,24.5,4.9,4.3,130.0,47.0,,,,,,
2023-08-02T23:00,50,Good,9.7,25.1,4.8,4.6,127.0,45.0,,,,,,
2023-08-03T00:00,51,Moderate,9.6,25.3,4.7,4.8,125.0,44.0,,,,,,
2023-08-03T01:00,51,Moderate,9.6,24.9,4.6,4.8,122.0,43.0,,,,,,
2023-08-03T02:00,51,Moderate,9.8,24.5,4.5,4.8,120.0,42.0,,,,,,
2023-08-03T03:00,51,Moderate,10.0,24.0,4.3,4.7,118.0,41.0,,,,,,
2023-08-03T04:00,51,Moderate,9.5,22.0,4.1,4.5,116.0,40.0,,,,,,
2023-08-03T05:00,51,Moderate,8.7,20.1,4.1,4.9,114.0,41.0,,,,,,
2023-08-03T06:00,51,Moderate,7.9,17.6,3.8,5.1,114.0,41.0,,,,,,
2023-08-03T07:00,51,Moderate,7.3,16.1,3.4,5.3,114.0,42.0,,,,,,
2023-08-03T08:00,51,Moderate,7.0,15.3,3.0,5.4,114.0,45.0,,,,,,
2023-08-03T09:00,51,Moderate,7.0,14.9,2.5,5.3,116.0,54.0,,,,,,
2023-08-03T10:00,51,Moderate,7.3,15.8,1.9,5.1,119.0,65.0,,,,,,
2023-08-03T11:00,51,Moderate,7.9,17.8,1.5,4.6,120.0,74.0,,,,,,
2023-08-03T12:00,51,Moderate,9.3,20.4,1.2,3.6,119.0,79.0,,,,,,
2023-08-03T13:00,51,Moderate,11.0,22.9,1.0,2.3,117.0,83.0,,,,,,
2023-08-03T14:00,51,Moderate,11.4,23.2,1.1,1.4,116.0,84.0,,,,,,
2023-08-03T15:00,51,Moderate,10.9,22.9,1.5,1.3,118.0,84.0,,,,,,
2023-08-03T16:00,51,Moderate,10.7,23.1,2.1,1.7,120.0,82.0,,,,,,
2023-08-03T17:00,51,Moderate,10.4,23.0,2.5,1.8,123.0,81.0,,,,,,
2023-08-03T18:00,51,Moderate,10.0,21.9,3.2,2.3,127.0,75.0,,,,,,
2023-08-03T19:00,51,Moderate,10.0,21.4,4.2,3.1,132.0,66.0,,,,,,
2023-08-03T20:00,51,Moderate,9.4,19.1,4.8,3.6,134.0,59.0,,,,,,
2023-08-03T21:00,51,Moderate,8.8,17.3,4.8,3.7,131.0,54.0,,,,,,
2023-08-03T22:00,51,Moderate,8.3,16.6,4.4,3.7,126.0,50.0,,,,,,
2023-08-03T23:00,50,Good,8.0,17.2,4.0,3.6,122.0,47.0,,,,,,
2023-08-04T00:00,50,Good,8.3,19.8,3.8,3.6,120.0,45.0,,,,,,
2023-08-04T01:00,50,Good,8.4,19.6,3.6,3.5,120.0,44.0,,,,,,
2023-08-04T02:00,50,Good,8.6,19.6,3.5,3.5,119.0,43.0,,,,,,
2023-08-04T03:00,50,Good,8.0,17.5,3.4,3.5,118.0,42.0,,,,,,
2023-08-04T04:00,50,Good,6.8,14.5,3.2,3.6,117.0,41.0,,,,,,
2023-08-04T05:00,49,Good,9.1,20.3,4.6,5.1,148.0,35.0,,,,,,
2023-08-04T06:00,49,Good,9.3,20.8,4.3,5.6,152.0,37.0,,,,,,
2023-08-04T07:00,49,Good,9.6,21.2,4.0,6.3,156.0,40.0,,,,,,
2023-08-04T08:00,50,Good,10.0,22.2,3.5,6.6,160.0,47.0,,,,,,
2023-08-04T09:00,50,Good,10.3,23.2,2.9,6.4,161.0,60.0,,,,,,
2023-08-04T10:00,50,Good,11.1,24.8,2.2,5.8,162.0,76.0,,,,,,
2023-08-04T11:00,51,Moderate,11.7,24.9,1.7,5.0,160.0,89.0,,,,,,
2023-08-04T12:00,51,Moderate,11.2,22.7,1.3,3.9,155.0,95.0,,,,,,
2023-08-04T13:00,51,Moderate,10.2,20.3,1.0,2.7,149.0,97.0,,,,,,
2023-08-04T14:00,51,Moderate,8.7,16.7,1.1,1.9,145.0,96.0,,,,,,
2023-08-04T15:00,51,Moderate,7.9,14.7,1.8,1.9,145.0,93.0,,,,,,
2023-08-04T16:00,51,Moderate,8.1,14.6,2.9,2.2,147.0,88.0,,,,,,
2023-08-04T17:00,50,Good,8.7,16.5,2.8,1.4,148.0,85.0,,,,,,
2023-08-04T18:00,50,Good,8.1,15.4,3.9,2.1,152.0,77.0,,,,,,
2023-08-04T19:00,50,Good,7.9,14.7,5.4,3.0,156.0,66.0,,,,,,
2023-08-04T20:00,50,Good,8.2,15.0,6.4,3.8,160.0,57.0,,,,,,
2023-08-04T21:00,50,Good,8.6,15.4,6.6,4.2,162.0,51.0,,,,,,
2023-08-04T22:00,50,Good,8.8,15.7,6.4,4.4,162.0,46.0,,,,,,
2023-08-04T23:00,50,Good,8.9,15.8,6.0,4.5,160.0,42.0,,,,,,
2023-08-05T00:00,50,Good,8.7,15.8,5.5,4.6,153.0,39.0,,,,,,
2023-08-05T01:00,50,Good,8.3,15.6,4.9,4.7,143.0,37.0,,,,,,
2023-08-05T02:00,50,Good,7.7,15.1,4.4,4.7,135.0,36.0,,,,,,
2023-08-05T03:00,50,Good,7.4,14.7,4.2,4.7,132.0,34.0,,,,,,
2023-08-05T04:00,50,Good,7.2,14.4,4.0,4.8,131.0,33.0,,,,,,
2023-08-05T05:00,50,Good,10.4,18.6,6.4,5.3,189.0,27.0,,,,,,
2023-08-05T06:00,50,Good,9.5,18.0,5.6,5.6,182.0,31.0,,,,,,
2023-08-05T07:00,50,Good,9.3,18.0,4.5,6.0,173.0,38.0,,,,,,
2023-08-05T08:00,50,Good,9.1,18.2,3.6,6.2,166.0,47.0,,,,,,
2023-08-05T09:00,50,Good,8.8,18.3,3.0,6.2,163.0,61.0,,,,,,
2023-08-05T10:00,50,Good,9.2,19.8,2.5,6.0,161.0,77.0,,,,,,
2023-08-05T11:00,49,Good,11.6,23.2,2.1,5.5,160.0,90.0,,,,,,
2023-08-05T12:00,49,Good,12.5,23.9,1.7,4.6,158.0,97.0,,,,,,
2023-08-05T13:00,49,Good,11.0,21.5,1.2,3.5,157.0,101.0,,,,,,
2023-08-05T14:00,50,Good,10.9,21.2,1.0,2.5,154.0,103.0,,,,,,
2023-08-05T15:00,50,Good,11.1,22.1,0.9,1.8,149.0,102.0,,,,,,
2023-08-05T16:00,50,Good,11.2,22.1,1.0,1.2,142.0,98.0,,,,,,
2023-08-05T17:00,51,Moderate,9.7,18.1,1.4,1.1,139.0,92.0,,,,,,
2023-08-05T18:00,51,Moderate,9.1,17.2,1.5,1.1,138.0,90.0,,,,,,
2023-08-05T19:00,51,Moderate,8.5,16.3,1.7,1.0,137.0,87.0,,,,,,
2023-08-05T20:00,51,Moderate,7.8,15.0,2.1,1.3,136.0,82.0,,,,,,
2023-08-05T21:00,51,Moderate,7.3,13.8,2.9,2.2,137.0,74.0,,,,,,
2023-08-05T22:00,51,Moderate,7.4,13.5,3.9,3.3,140.0,64.0,,,,,,
2023-08-05T23:00,51,Moderate,7.6,13.6,4.6,4.2,140.0,55.0,,,,,,
2023-08-06T00:00,50,Good,7.8,13.9,4.7,4.6,136.0,48.0,,,,,,
2023-08-06T01:00,50,Good,7.9,14.3,4.6,4.7,131.0,41.0,,,,,,
2023-08-06T02:00,50,Good,7.9,14.4,4.4,4.8,127.0,36.0,,,,,,
2023-08-06T03:00,50,Good,7.7,14.1,4.4,4.8,126.0,32.0,,,,,,
2023-08-06T04:00,50,Good,7.5,13.6,4.4,4.8,127.0,30.0,,,,,,
2023-08-06T05:00,50,Good,7.8,13.6,4.6,5.0,140.0,30.0,,,,,,
2023-08-06T06:00,50,Good,7.8,13.6,4.3,5.2,144.0,33.0,,,,,,
2023-08-06T07:00,50,Good,8.3,14.4,3.8,5.6,150.0,38.0,,,,,,
2023-08-06T08:00,50,Good,9.3,16.5,3.3,5.8,154.0,47.0,,,,,,
2023-08-06T09:00,50,Good,10.3,19.2,2.8,5.9,156.0,62.0,,,,,,
2023-08-06T10:00,50,Good,11.1,22.0,2.2,5.9,157.0,81.0,,,,,,
2023-08-06T11:00,50,Good,12.9,25.3,1.7,5.6,155.0,95.0,,,,,,
2023-08-06T12:00,50,Good,13.6,25.6,1.3,4.6,150.0,99.0,,,,,,
2023-08-06T13:00,50,Good,12.4,24.0,1.0,3.3,144.0,98.0,,,,,,
2023-08-06T14:00,51,Moderate,11.1,21.4,0.8,2.2,137.0,96.0,,,,,,
2023-08-06T15:00,51,Moderate,11.1,21.4,0.8,1.4,130.0,94.0,,,,,,
2023-08-06T16:00,51,Moderate,10.9,20.8,0.9,0.8,122.0,92.0,,,,,,
2023-08-06T17:00,51,Moderate,12.7,24.9,1.9,1.2,132.0,87.0,,,,,,
2023-08-06T18:00,51,Moderate,11.0,21.7,2.9,1.9,132.0,80.0,,,,,,
2023-08-06T19:00,51,Moderate,9.5,18.2,4.2,2.9,133.0,69.0,,,,,,
2023-08-06T20:00,51,Moderate,7.9,14.7,5.2,3.7,132.0,60.0,,,,,,
2023-08-06T21:00,51,Moderate,6.9,12.3,5.4,4.3,129.0,52.0,,,,,,
2023-08-06T22:00,51,Moderate,6.7,12.0,5.3,4.7,125.0,45.0,,,,,,
2023-08-06T23:00,51,Moderate,6.8,12.2,5.1,5.0,121.0,40.0,,,,,,
2023-08-07T00:00,51,Moderate,6.6,11.9,5.0,5.0,119.0,37.0,,,,,,
2023-08-07T01:00,51,Moderate,6.3,11.5,4.8,4.9,118.0,36.0,,,,,,
2023-08-07T02:00,51,Moderate,5.9,11.2,4.6,4.7,116.0,35.0,,,,,,
2023-08-07T03:00,50,Good,5.6,10.9,4.3,4.6,113.0,34.0,,,,,,
2023-08-07T04:00,50,Good,5.4,11.1,3.9,4.5,110.0,33.0,,,,,,
2023-08-07T05:00,50,Good,5.8,11.8,4.0,4.9,116.0,32.0,,,,,,
2023-08-07T06:00,50,Good,6.0,12.5,3.9,5.3,120.0,34.0,,,,,,
2023-08-07T07:00,50,Good,6.4,13.5,3.6,5.9,125.0,36.0,,,,,,
2023-08-07T08:00,49,Good,7.0,14.5,3.3,6.3,128.0,42.0,,,,,,
2023-08-07T09:00,49,Good,7.7,15.7,2.8,6.5,129.0,53.0,,,,,,
2023-08-07T10:00,48,Good,8.0,16.6,2.2,6.5,128.0,67.0,,,,,,
2023-08-07T11:00,47,Good,8.3,17.7,1.7,6.1,127.0,78.0,,,,,,
2023-08-07T12:00,46,Good,8.8,18.3,1.3,4.9,124.0,84.0,,,,,,
2023-08-07T13:00,45,Good,9.5,19.2,1.0,3.1,121.0,88.0,,,,,,
2023-08-07T14:00,44,Good,9.9,19.6,0.8,1.8,117.0,89.0,,,,,,
2023-08-07T15:00,44,Good,9.7,19.1,0.8,1.0,112.0,88.0,,,,,,
2023-08-07T16:00,44,Good,9.5,18.6,0.9,0.7,106.0,84.0,,,,,,
2023-08-07T17:00,43,Good,9.6,18.6,1.3,0.7,103.0,81.0,,,,,,
2023-08-07T18:00,43,Good,8.9,17.2,1.8,1.1,105.0,78.0,,,,,,
2023-08-07T19:00,42,Good,8.2,16.0,2.6,1.7,108.0,72.0,,,,,,
2023-08-07T20:00,42,Good,7.9,15.4,3.4,2.4,113.0,67.0,,,,,,
2023-08-07T21:00,42,Good,7.8,15.1,4.2,3.4,123.0,61.0,,,,,,
2023-08-07T22:00,42,Good,8.1,15.5,5.1,4.5,135.0,54.0,,,,,,
2023-08-07T23:00,43,Good,8.6,17.1,5.6,5.3,143.0,49.0,,,,,,
2023-08-08T00:00,43,Good,9.0,18.7,5.5,5.4,143.0,45.0,,,,,,
2023-08-08T01:00,43,Good,9.2,21.2,5.1,5.2,140.0,42.0,,,,,,
2023-08-08T02:00,44,Good,9.3,23.1,4.7,5.0,136.0,40.0,,,,,,
2023-08-08T03:00,45,Good,9.2,24.0,4.4,5.0,133.0,38.0,,,,,,
2023-08-08T04:00,46,Good,9.0,24.2,4.1,5.0,131.0,36.0,,,,,,
2023-08-08T05:00,47,Good,10.2,20.3,5.4,5.2,172.0,38.0,,,,,,
2023-08-08T06:00,48,Good,10.5,21.0,5.0,5.5,177.0,42.0,,,,,,
2023-08-08T07:00,49,Good,11.4,23.2,4.4,5.8,182.0,48.0,,,,,,
2023-08-08T08:00,50,Good,12.5,26.4,3.8,6.2,185.0,57.0,,,,,,
2023-08-08T09:00,50,Good,13.2,30.3,3.1,6.7,182.0,71.0,,,,,,
2023-08-08T10:00,51,Moderate,12.9,32.4,2.3,7.3,175.0,87.0,,,,,,
2023-08-08T11:00,51,Moderate,13.6,34.2,1.7,7.1,167.0,99.0,,,,,,
2023-08-08T12:00,52,Moderate,13.9,33.9,1.2,5.6,158.0,102.0,,,,,,
2023-08-08T13:00,52,Moderate,13.7,31.7,0.9,3.5,147.0,100.0,,,,,,
2023-08-08T14:00,52,Moderate,12.4,27.3,0.8,1.9,138.0,97.0,,,,,,
2023-08-08T15:00,53,Moderate,10.2,21.2,1.2,1.4,132.0,92.0,,,,,,
2023-08-08T16:00,53,Moderate,8.1,16.0,1.8,1.6,127.0,86.0,,,,,,
2023-08-08T17:00,52,Moderate,9.6,19.3,1.4,0.6,121.0,84.0,,,,,,
2023-08-08T18:00,52,Moderate,8.2,15.7,2.0,1.1,121.0,79.0,,,,,,
2023-08-08T19:00,52,Moderate,7.5,13.9,2.8,1.9,121.0,72.0,,,,,,
2023-08-08T20:00,52,Moderate,7.1,13.0,3.6,2.6,123.0,66.0,,,,,,
2023-08-08T21:00,52,Moderate,6.8,12.1,4.3,3.3,128.0,61.0,,,,,,
2023-08-08T22:00,52,Moderate,6.8,11.8,4.9,3.9,134.0,57.0,,,,,,
2023-08-08T23:00,52,Moderate,6.8,11.8,5.4,4.5,141.0,53.0,,,,,,
2023-08-09T00:00,52,Moderate,7.2,12.3,5.7,4.9,150.0,49.0,,,,,,
2023-08-09T01:00,52,Moderate,7.8,13.3,5.8,5.2,159.0,46.0,,,,,,
2023-08-09T02:00,52,Moderate,8.4,14.3,5.9,5.4,167.0,43.0,,,,,,
2023-08-09T03:00,52,Moderate,9.0,15.4,6.0,5.6,173.0,41.0,,,,,,
2023-08-09T04:00,52,Moderate,9.5,16.5,6.0,5.8,177.0,39.0,,,,,,
2023-08-09T05:00,52,Moderate,9.9,17.3,6.1,6.3,186.0,36.0,,,,,,
2023-08-09T06:00,52,Moderate,9.8,17.9,5.6,6.6,185.0,39.0,,,,,,
2023-08-09T07:00,52,Moderate,10.0,18.9,4.9,7.1,184.0,45.0,,,,,,
2023-08-09T08:00,51,Moderate,10.8,21.0,4.2,7.4,180.0,53.0,,,,,,
2023-08-09T09:00,51,Moderate,10.9,22.8,3.4,7.5,173.0,67.0,,,,,,
2023-08-09T10:00,51,Moderate,10.7,24.2,2.5,7.5,165.0,84.0,,,,,,
2023-08-09T11:00,51,Moderate,11.2,25.6,1.8,7.0,156.0,97.0,,,,,,
2023-08-09T12:00,51,Moderate,11.8,25.7,1.3,5.7,149.0,102.0,,,,,,
2023-08-09T13:00,51,Moderate,11.9,25.0,1.0,3.9,142.0,102.0,,,,,,
2023-08-09T14:00,51,Moderate,11.7,24.2,0.8,2.4,134.0,100.0,,,,,,
2023-08-09T15:00,50,Good,10.8,21.9,0.7,1.5,124.0,95.0,,,,,,
2023-08-09T16:00,50,Good,10.2,20.3,0.8,1.0,113.0,89.0,,,,,,
2023-08-09T17:00,51,Moderate,12.4,24.6,1.1,0.9,121.0,89.0,,,,,,
2023-08-09T18:00,51,Moderate,11.3,22.2,1.3,0.9,117.0,85.0,,,,,,
2023-08-09T19:00,51,Moderate,10.4,20.1,1.7,1.0,111.0,80.0,,,,,,
2023-08-09T20:00,51,Moderate,9.9,19.0,2.2,1.3,110.0,74.0,,,,,,
2023-08-09T21:00,52,Moderate,9.6,18.5,3.1,1.9,117.0,69.0,,,,,,
2023-08-09T22:00,52,Moderate,9.7,18.7,4.2,2.7,128.0,63.0,,,,,,
2023-08-09T23:00,52,Moderate,9.9,18.8,5.1,3.7,139.0,58.0,,,,,,
2023-08-10T00:00,52,Moderate,10.2,19.2,5.7,4.9,148.0,53.0,,,,,,
2023-08-10T01:00,52,Moderate,10.5,19.4,6.0,6.3,156.0,49.0,,,,,,
2023-08-10T02:00,53,Moderate,10.4,19.1,6.2,7.3,162.0,45.0,,,,,,
2023-08-10T03:00,53,Moderate,10.2,18.7,6.2,7.6,164.0,42.0,,,,,,
2023-08-10T04:00,53,Moderate,10.1,18.5,5.9,7.5,163.0,39.0,,,,,,
2023-08-10T05:00,53,Moderate,10.7,21.4,2.3,3.5,132.0,65.0,,,,,,
2023-08-10T06:00,53,Moderate,10.7,21.5,2.2,3.4,134.0,67.0,,,,,,
2023-08-10T07:00,53,Moderate,11.0,21.9,2.1,3.3,137.0,70.0,,,,,,
2023-08-10T08:00,53,Moderate,11.4,22.5,1.9,3.1,139.0,73.0,,,,,,
2023-08-10T09:00,53,Moderate,11.5,22.9,1.5,2.8,138.0,78.0,,,,,,
2023-08-10T10:00,53,Moderate,11.6,23.4,1.1,2.4,135.0,83.0,,,,,,
2023-08-10T11:00,53,Moderate,11.7,23.9,0.7,2.1,134.0,88.0,,,,,,
2023-08-10T12:00,53,Moderate,11.8,24.4,0.5,1.9,136.0,91.0,,,,,,
2023-08-10T13:00,53,Moderate,12.3,25.7,0.5,1.7,139.0,94.0,,,,,,
2023-08-10T14:00,53,Moderate,13.0,27.2,0.5,1.5,140.0,95.0,,,,,,
2023-08-10T15:00,54,Moderate,13.4,28.2,0.5,1.3,135.0,94.0,,,,,,
2023-08-10T16:00,54,Moderate,12.7,27.2,0.6,1.1,128.0,92.0,,,,,,
2023-08-10T17:00,54,Moderate,14.1,30.7,0.9,1.2,130.0,93.0,,,,,,
2023-08-10T18:00,54,Moderate,13.1,28.2,1.0,1.1,122.0,88.0,,,,,,
2023-08-10T19:00,54,Moderate,12.5,26.2,1.1,1.0,112.0,81.0,,,,,,
2023-08-10T20:00,54,Moderate,11.8,24.4,1.5,1.0,107.0,74.0,,,,,,
2023-08-10T21:00,55,Moderate,11.2,22.8,2.2,1.2,112.0,67.0,,,,,,
2023-08-10T22:00,55,Moderate,11.0,21.8,3.2,1.6,121.0,61.0,,,,,,
2023-08-10T23:00,55,Moderate,10.6,20.5,3.9,2.2,130.0,56.0,,,,,,
2023-08-11T00:00,55,Moderate,10.8,20.4,4.2,3.1,136.0,55.0,,,,,,
2023-08-11T01:00,55,Moderate,11.3,21.1,4.2,4.1,142.0,56.0,,,,,,
2023-08-11T02:00,55,Moderate,11.4,21.5,4.1,4.8,145.0,57.0,,,,,,
2023-08-11T03:00,55,Moderate,11.1,21.4,3.7,4.8,145.0,58.0,,,,,,
2023-08-11T04:00,55,Moderate,11.2,21.7,3.2,4.4,143.0,58.0,,,,,,
2023-08-11T05:00,55,Moderate,9.5,20.4,1.1,1.3,105.0,60.0,,,,,,
2023-08-11T06:00,55,Moderate,9.1,19.8,1.1,1.3,106.0,61.0,,,,,,
2023-08-11T07:00,55,Moderate,8.9,19.4,1.1,1.3,106.0,62.0,,,,,,
2023-08-11T08:00,55,Moderate,8.8,19.3,1.1,1.3,107.0,64.0,,,,,,
2023-08-11T09:00,55,Moderate,9.0,19.8,1.0,1.3,107.0,67.0,,,,,,
2023-08-11T10:00,54,Moderate,9.2,20.4,0.8,1.3,108.0,71.0,,,,,,
2023-08-11T11:00,54,Moderate,9.2,20.4,0.6,1.3,107.0,73.0,,,,,,
2023-08-11T12:00,54,Moderate,8.9,19.4,0.4,1.0,103.0,72.0,,,,,,
2023-08-11T13:00,54,Moderate,8.4,18.0,0.2,0.7,98.0,69.0,,,,,,
2023-08-11T14:00,53,Moderate,7.9,17.3,0.4,1.0,100.0,70.0,,,,,,
2023-08-11T15:00,53,Moderate,9.1,19.8,1.0,2.1,112.0,80.0,,,,,,
2023-08-11T16:00,53,Moderate,11.8,25.0,1.9,3.8,131.0,93.0,,,,,,
2023-08-11T17:00,53,Moderate,13.9,29.7,1.9,3.7,130.0,94.0,,,,,,
2023-08-11T18:00,53,Moderate,15.3,30.9,3.2,6.0,143.0,95.0,,,,,,
2023-08-11T19:00,53,Moderate,15.9,30.4,5.1,9.3,161.0,96.0,,,,,,
2023-08-11T20:00,53,Moderate,16.5,30.0,6.6,11.7,177.0,94.0,,,,,,
2023-08-11T21:00,53,Moderate,18.0,31.0,7.3,12.6,189.0,88.0,,,,,,
2023-08-11T22:00,54,Moderate,19.4,32.6,7.7,12.7,200.0,80.0,,,,,,
2023-08-11T23:00,55,Moderate,19.3,32.6,7.9,12.6,205.0,72.0,,,,,,
2023-08-12T00:00,55,Moderate,18.2,31.7,7.9,12.3,204.0,65.0,,,,,,
2023-08-12T01:00,56,Moderate,16.8,30.5,7.8,11.7,197.0,58.0,,,,,,
2023-08-12T02:00,56,Moderate,15.7,29.5,7.6,11.1,189.0,51.0,,,,,,
2023-08-12T03:00,57,Moderate,14.4,28.3,7.5,10.7,178.0,45.0,,,,,,
2023-08-12T04:00,57,Moderate,12.7,26.7,7.4,10.3,164.0,39.0,,,,,,
2023-08-12T05:00,57,Moderate,21.2,33.4,6.7,10.0,244.0,60.0,,,,,,
2023-08-12T06:00,58,Moderate,20.3,32.1,6.2,10.3,241.0,63.0,,,,,,
2023-08-12T07:00,59,Moderate,19.5,31.7,5.5,10.7,237.0,67.0,,,,,,
2023-08-12T08:00,60,Moderate,18.7,31.8,4.7,10.8,230.0,75.0,,,,,,
2023-08-12T09:00,60,Moderate,18.4,33.2,3.7,10.6,219.0,92.0,,,,,,
2023-08-12T10:00,61,Moderate,17.9,34.3,2.7,10.2,206.0,113.0,,,,,,
2023-08-12T11:00,62,Moderate,17.0,34.3,1.8,9.3,190.0,126.0,,,,,,
2023-08-12T12:00,63,Moderate,17.5,36.3,1.2,7.6,170.0,126.0,,,,,,
2023-08-12T13:00,63,Moderate,17.3,36.9,0.9,5.4,148.0,118.0,,,,,,
2023-08-12T14:00,64,Moderate,15.9,34.7,0.7,3.6,129.0,108.0,,,,,,
2023-08-12T15:00,65,Moderate,13.7,30.3,0.7,2.3,114.0,98.0,,,,,,
2023-08-12T16:00,65,Moderate,11.4,24.7,0.9,1.5,101.0,86.0,,,,,,
2023-08-12T17:00,65,Moderate,10.6,22.1,1.7,2.1,87.0,80.0,,,,,,
2023-08-12T18:00,65,Moderate,11.5,22.3,3.2,4.3,102.0,78.0,,,,,,
2023-08-12T19:00,64,Moderate,12.5,23.0,5.2,7.3,122.0,74.0,,,,,,
2023-08-12T20:00,64,Moderate,12.8,22.8,6.7,9.5,137.0,70.0,,,,,,
2023-08-12T21:00,64,Moderate,12.3,21.6,7.2,10.1,143.0,65.0,,,,,,
2023-08-12T22:00,63,Moderate,12.3,22.2,7.2,9.8,145.0,60.0,,,,,,
2023-08-12T23:00,63,Moderate,11.4,22.1,7.1,9.6,145.0,55.0,,,,,,
2023-08-13T00:00,62,Moderate,11.1,23.2,7.1,9.8,143.0,50.0,,,,,,
2023-08-13T01:00,62,Moderate,10.8,24.6,7.1,10.0,139.0,46.0,,,,,,
2023-08-13T02:00,61,Moderate,10.2,26.4,6.9,10.0,135.0,42.0,,,,,,
2023-08-13T03:00,61,Moderate,9.9,28.8,6.5,9.6,129.0,39.0,,,,,,
2023-08-13T04:00,60,Moderate,9.7,30.7,6.0,9.0,123.0,36.0,,,,,,
2023-08-13T05:00,60,Moderate,12.1,27.8,7.1,10.2,161.0,38.0,,,,,,
2023-08-13T06:00,59,Moderate,11.6,29.9,6.3,10.3,158.0,41.0,,,,,,
2023-08-13T07:00,59,Moderate,11.5,32.4,5.3,10.4,153.0,45.0,,,,,,
2023-08-13T08:00,58,Moderate,11.6,35.3,4.2,10.3,149.0,53.0,,,,,,
2023-08-13T09:00,57,Moderate,12.3,39.2,3.2,9.9,148.0,68.0,,,,,,
2023-08-13T10:00,57,Moderate,13.4,43.3,2.3,9.2,148.0,88.0,,,,,,
2023-08-13T11:00,57,Moderate,14.5,45.5,1.5,8.3,146.0,102.0,,,,,,
2023-08-13T12:00,56,Moderate,15.1,45.3,1.0,7.1,141.0,108.0,,,,,,
2023-08-13T13:00,56,Moderate,15.2,44.0,0.8,5.6,134.0,109.0,,,,,,
2023-08-13T14:00,56,Moderate,14.6,41.7,0.7,4.2,126.0,106.0,,,,,,
2023-08-13T15:00,56,Moderate,14.4,39.0,0.7,2.8,117.0,99.0,,,,,,
2023-08-13T16:00,56,Moderate,14.3,36.2,0.8,1.5,108.0,88.0,,,,,,
2023-08-13T17:00,56,Moderate,16.0,38.5,1.1,1.1,105.0,82.0,,,,,,
2023-08-13T18:00,57,Moderate,14.6,33.8,1.5,1.3,106.0,78.0,,,,,,
2023-08-13T19:00,57,Moderate,13.7,30.7,2.0,1.7,108.0,73.0,,,,,,
2023-08-13T20:00,57,Moderate,13.2,29.5,2.7,2.3,113.0,68.0,,,,,,
2023-08-13T21:00,57,Moderate,12.8,28.1,3.7,3.5,122.0,63.0,,,,,,
2023-08-13T22:00,57,Moderate,12.6,27.2,4.7,5.0,134.0,57.0,,,,,,
2023-08-13T23:00,57,Moderate,12.7,27.1,5.5,6.1,143.0,52.0,,,,,,
2023-08-14T00:00,57,Moderate,12.7,27.5,5.7,6.5,146.0,48.0,,,,,,
2023-08-14T01:00,57,Moderate,12.6,28.1,5.5,6.6,145.0,44.0,,,,,,
2023-08-14T02:00,57,Moderate,12.4,29.3,5.3,6.5,143.0,41.0,,,,,,
2023-08-14T03:00,58,Moderate,12.3,30.6,5.1,6.4,140.0,39.0,,,,,,
2023-08-14T04:00,58,Moderate,12.5,32.4,4.8,6.1,136.0,37.0,,,,,,
2023-08-14T05:00,58,Moderate,13.6,29.1,6.3,7.1,182.0,36.0,,,,,,
2023-08-14T06:00,58,Moderate,13.3,29.9,5.7,7.3,177.0,38.0,,,,,,
2023-08-14T07:00,58,Moderate,13.0,31.2,4.8,7.7,170.0,42.0,,,,,,
2023-08-14T08:00,58,Moderate,13.2,33.9,3.9,7.9,163.0,49.0,,,,,,
2023-08-14T09:00,59,Moderate,13.8,36.9,3.1,8.1,159.0,63.0,,,,,,
2023-08-14T10:00,59,Moderate,15.0,40.5,2.4,8.1,156.0,80.0,,,,,,
2023-08-14T11:00,59,Moderate,16.2,43.1,1.8,7.6,151.0,92.0,,,,,,
2023-08-14T12:00,59,Moderate,17.1,43.4,1.3,6.1,142.0,95.0,,,,,,
2023-08-14T13:00,59,Moderate,18.0,43.3,0.8,4.0,132.0,93.0,,,,,,
2023-08-14T14:00,59,Moderate,17.9,40.2,0.7,2.5,124.0,89.0,,,,,,
2023-08-14T15:00,60,Moderate,17.2,37.0,1.0,2.1,119.0,84.0,,,,,,
2023-08-14T16:00,60,Moderate,16.4,34.1,1.5,2.2,115.0,76.0,,,,,,
2023-08-14T17:00,60,Moderate,19.2,40.7,1.5,1.7,102.0,73.0,,,,,,
2023-08-14T18:00,60,Moderate,18.3,37.6,2.5,2.4,109.0,70.0,,,,,,
2023-08-14T19:00,61,Moderate,17.0,34.1,3.9,3.3,120.0,65.0,,,,,,
2023-08-14T20:00,61,Moderate,16.2,31.2,4.9,4.1,127.0,60.0,,,,,,
2023-08-14T21:00,61,Moderate,15.7,29.5,5.2,4.5,129.0,56.0,,,,,,
2023-08-14T22:00,61,Moderate,15.4,29.1,5.2,4.8,128.0,52.0,,,,,,
2023-08-14T23:00,61,Moderate,14.8,29.2,5.1,5.0,126.0,48.0,,,,,,
2023-08-15T00:00,62,Moderate,14.4,29.3,5.0,5.1,124.0,45.0,,,,,,
2023-08-15T01:00,62,Moderate,14.0,29.3,4.9,5.1,122.0,44.0,,,,,,
2023-08-15T02:00,62,Moderate,13.8,29.3,4.8,5.1,120.0,42.0,,,,,,
2023-08-15T03:00,62,Moderate,13.6,29.4,4.7,5.2,120.0,40.0,,,,,,
2023-08-15T04:00,62,Moderate,13.5,29.9,4.7,5.4,121.0,39.0,,,,,,
2023-08-15T05:00,62,Moderate,13.5,29.5,4.9,6.5,126.0,39.0,,,,,,
2023-08-15T06:00,62,Moderate,13.7,30.9,4.6,6.8,128.0,40.0,,,,,,
2023-08-15T07:00,62,Moderate,14.1,32.4,4.1,7.2,130.0,42.0,,,,,,
2023-08-15T08:00,62,Moderate,14.7,34.5,3.6,7.4,131.0,46.0,,,,,,
2023-08-15T09:00,62,Moderate,15.3,37.1,2.9,7.2,130.0,56.0,,,,,,
2023-08-15T10:00,63,Moderate,16.2,40.2,2.1,6.8,128.0,69.0,,,,,,
2023-08-15T11:00,63,Moderate,17.4,43.1,1.5,6.0,125.0,78.0,,,,,,
2023-08-15T12:00,63,Moderate,18.3,44.0,1.1,4.6,121.0,81.0,,,,,,
2023-08-15T13:00,63,Moderate,18.5,42.8,0.8,2.8,117.0,80.0,,,,,,
2023-08-15T14:00,63,Moderate,17.6,39.0,0.7,1.6,113.0,79.0,,,,,,
2023-08-15T15:00,63,Moderate,16.6,35.6,0.8,1.4,111.0,78.0,,,,,,
2023-08-15T16:00,63,Moderate,15.4,32.6,1.1,1.7,110.0,76.0,,,,,,
2023-08-15T17:00,63,Moderate,14.8,32.0,1.5,1.9,109.0,78.0,,,,,,
2023-08-15T18:00,62,Moderate,14.0,30.2,2.1,2.2,111.0,73.0,,,,,,
2023-08-15T19:00,62,Moderate,13.5,28.8,2.9,2.7,114.0,65.0,,,,,,
2023-08-15T20:00,62,Moderate,13.3,27.8,3.6,3.2,117.0,59.0,,,,,,
2023-08-15T21:00,61,Moderate,13.3,27.8,4.1,3.8,120.0,55.0,,,,,,
2023-08-15T22:00,61,Moderate,13.1,27.9,4.5,4.4,122.0,53.0,,,,,,
2023-08-15T23:00,61,Moderate,13.1,29.2,4.7,4.8,124.0,51.0,,,,,,
2023-08-16T00:00,61,Moderate,13.1,31.0,4.7,5.0,124.0,49.0,,,,,,
2023-08-16T01:00,61,Moderate,12.9,32.5,4.5,5.1,123.0,47.0,,,,,,
2023-08-16T02:00,61,Moderate,12.9,33.8,4.3,5.1,121.0,45.0,,,,,,
2023-08-16T03:00,61,Moderate,12.9,35.3,4.1,5.0,119.0,44.0,,,,,,
2023-08-16T04:00,61,Moderate,12.9,36.0,3.8,4.9,117.0,42.0,,,,,,
2023-08-16T05:00,61,Moderate,13.3,37.3,3.9,5.3,123.0,44.0,,,,,,
2023-08-16T06:00,61,Moderate,13.4,38.4,3.8,5.6,125.0,44.0,,,,,,
2023-08-16T07:00,61,Moderate,13.5,39.2,3.5,5.9,128.0,45.0,,,,,,
2023-08-16T08:00,61,Moderate,13.7,40.5,3.2,6.2,130.0,48.0,,,,,,
2023-08-16T09:00,60,Moderate,14.3,42.8,2.7,6.4,131.0,58.0,,,,,,
2023-08-16T10:00,60,Moderate,15.1,45.3,2.1,6.4,132.0,70.0,,,,,,
2023-08-16T11:00,60,Moderate,15.9,46.3,1.6,6.0,130.0,79.0,,,,,,
2023-08-16T12:00,60,Moderate,16.4,45.1,1.2,4.8,123.0,80.0,,,,,,
2023-08-16T13:00,60,Moderate,16.6,42.4,0.8,3.1,113.0,78.0,,,,,,
2023-08-16T14:00,60,Moderate,16.2,38.3,0.6,1.8,105.0,75.0,,,,,,
2023-08-16T15:00,60,Moderate,15.6,36.1,0.7,1.3,102.0,74.0,,,,,,
2023-08-16T16:00,60,Moderate,15.7,35.2,0.9,1.1,101.0,72.0,,,,,,
2023-08-16T17:00,60,Moderate,14.1,31.3,1.2,1.2,103.0,74.0,,,,,,
2023-08-16T18:00,60,Moderate,13.6,29.8,1.7,1.5,106.0,71.0,,,,,,
2023-08-16T19:00,60,Moderate,12.7,27.4,2.5,1.9,110.0,66.0,,,,,,
2023-08-16T20:00,60,Moderate,11.8,24.6,3.1,2.4,114.0,62.0,,,,,,
2023-08-16T21:00,59,Moderate,11.6,23.3,3.6,3.0,117.0,58.0,,,,,,
2023-08-16T22:00,59,Moderate,11.5,23.1,4.0,3.6,120.0,55.0,,,,,,
2023-08-16T23:00,59,Moderate,11.3,23.3,4.2,4.1,122.0,52.0,,,,,,
2023-08-17T00:00,59,Moderate,11.1,23.3,4.2,4.2,121.0,50.0,,,,,,
2023-08-17T01:00,59,Moderate,10.8,23.0,4.0,4.2,118.0,48.0,,,,,,
2023-08-17T02:00,59,Moderate,10.4,22.4,3.8,4.2,116.0,46.0,,,,,,
2023-08-17T03:00,59,Moderate,10.1,21.8,3.7,4.3,114.0,44.0,,,,,,
2023-08-17T04:00,58,Moderate,9.8,21.2,3.7,4.3,113.0,43.0,,,,,,
2023-08-17T05:00,58,Moderate,9.9,22.1,3.7,4.7,113.0,44.0,,,,,,
2023-08-17T06:00,58,Moderate,10.1,22.5,3.7,5.1,117.0,44.0,,,,,,
2023-08-17T07:00,58,Moderate,10.4,23.2,3.6,5.6,122.0,43.0,,,,,,
2023-08-17T08:00,57,Moderate,10.9,24.2,3.4,5.9,125.0,46.0,,,,,,
2023-08-17T09:00,57,Moderate,11.4,25.6,2.8,5.8,125.0,55.0,,,,,,
2023-08-17T10:00,57,Moderate,11.9,26.8,2.1,5.5,124.0,67.0,,,,,,
2023-08-17T11:00,57,Moderate,12.3,28.2,1.5,5.0,121.0,75.0,,,,,,
2023-08-17T12:00,56,Moderate,13.1,30.3,1.1,4.0,115.0,76.0,,,,,,
2023-08-17T13:00,56,Moderate,13.4,30.6,0.8,2.8,107.0,74.0,,,,,,
2023-08-17T14:00,56,Moderate,12.7,29.7,0.8,1.9,102.0,72.0,,,,,,
2023-08-17T15:00,56,Moderate,12.6,28.9,1.0,1.5,101.0,71.0,,,,,,
2023-08-17T16:00,55,Moderate,12.4,27.2,1.4,1.5,102.0,69.0,,,,,,
2023-08-17T17:00,55,Moderate,9.7,20.6,2.0,1.6,93.0,66.0,,,,,,
2023-08-17T18:00,55,Moderate,8.9,19.0,2.8,2.2,95.0,61.0,,,,,,
2023-08-17T19:00,54,Moderate,8.6,17.8,3.8,3.1,98.0,54.0,,,,,,
2023-08-17T20:00,54,Moderate,8.8,18.7,4.6,3.8,101.0,48.0,,,,,,
2023-08-17T21:00,54,Moderate,8.6,18.2,4.9,4.2,102.0,44.0,,,,,,
2023-08-17T22:00,54,Moderate,8.6,18.6,5.1,4.4,103.0,40.0,,,,,,
2023-08-17T23:00,53,Moderate,8.5,18.7,5.0,4.5,103.0,37.0,,,,,,
2023-08-18T00:00,53,Moderate,8.3,18.5,4.8,4.5,101.0,35.0,,,,,,
2023-08-18T01:00,53,Moderate,8.0,18.0,4.4,4.4,98.0,34.0,,,,,,
2023-08-18T02:00,53,Moderate,7.3,16.7,4.0,4.3,95.0,33.0,,,,,,
2023-08-18T03:00,52,Moderate,6.5,14.6,3.8,4.2,93.0,32.0,,,,,,
2023-08-18T04:00,52,Moderate,5.9,12.7,3.6,4.1,92.0,32.0,,,,,,
2023-08-18T05:00,52,Moderate,7.0,15.9,3.7,4.3,95.0,35.0,,,,,,
2023-08-18T06:00,52,Moderate,7.2,16.1,3.6,4.5,97.0,36.0,,,,,,
2023-08-18T07:00,51,Moderate,7.3,16.0,3.4,4.7,99.0,37.0,,,,,,
2023-08-18T08:00,51,Moderate,7.2,15.4,3.1,4.9,102.0,42.0,,,,,,
2023-08-18T09:00,51,Moderate,7.4,15.8,2.6,5.0,106.0,52.0,,,,,,
2023-08-18T10:00,50,Good,7.7,16.8,2.1,4.9,109.0,65.0,,,,,,
2023-08-18T11:00,50,Good,8.1,18.2,1.6,4.6,111.0,75.0,,,,,,
2023-08-18T12:00,49,Good,8.1,17.8,1.3,3.8,109.0,80.0,,,,,,
2023-08-18T13:00,48,Good,8.1,17.1,1.2,2.8,105.0,82.0,,,,,,
2023-08-18T14:00,47,Good,7.7,16.0,1.2,2.0,101.0,81.0,,,,,,
2023-08-18T15:00,46,Good,7.4,15.3,1.4,1.8,98.0,78.0,,,,,,
2023-08-18T16:00,45,Good,7.0,14.6,1.9,1.8,96.0,72.0,,,,,,
2023-08-18T17:00,43,Good,9.8,20.0,2.2,1.8,97.0,67.0,,,,,,
2023-08-18T18:00,44,Good,9.4,19.0,3.0,2.3,102.0,61.0,,,,,,
2023-08-18T19:00,44,Good,9.0,18.2,4.0,3.1,108.0,52.0,,,,,,
2023-08-18T20:00,44,Good,9.0,19.2,4.8,3.7,113.0,45.0,,,,,,
2023-08-18T21:00,44,Good,8.7,19.3,5.1,4.2,115.0,41.0,,,,,,
2023-08-18T22:00,44,Good,8.6,20.0,5.2,4.5,114.0,38.0,,,,,,
2023-08-18T23:00,44,Good,8.2,19.7,5.1,4.8,113.0,36.0,,,,,,
2023-08-19T00:00,44,Good,7.7,18.5,4.9,4.9,111.0,35.0,,,,,,
2023-08-19T01:00,44,Good,7.0,16.9,4.6,4.9,107.0,34.0,,,,,,
2023-08-19T02:00,43,Good,6.3,14.9,4.3,4.8,104.0,33.0,,,,,,
2023-08-19T03:00,43,Good,5.8,13.5,4.0,4.7,101.0,32.0,,,,,,
2023-08-19T04:00,43,Good,5.4,12.3,3.8,4.5,99.0,31.0,,,,,,
2023-08-19T05:00,43,Good,4.5,9.6,3.6,4.3,102.0,31.0,,,,,,
2023-08-19T06:00,42,Good,4.2,8.9,3.4,4.6,104.0,31.0,,,,,,
2023-08-19T07:00,42,Good,4.1,8.9,3.1,5.1,107.0,31.0,,,,,,
2023-08-19T08:00,41,Good,4.4,9.4,2.8,5.4,109.0,34.0,,,,,,
2023-08-19T09:00,40,Good,4.7,9.7,2.4,5.6,111.0,43.0,,,,,,
2023-08-19T10:00,40,Good,5.2,10.6,1.9,5.6,112.0,54.0,,,,,,
2023-08-19T11:00,39,Good,6.4,14.8,1.6,5.3,114.0,64.0,,,,,,
2023-08-19T12:00,39,Good,7.1,16.2,1.4,4.5,115.0,71.0,,,,,,
2023-08-19T13:00,38,Good,7.5,16.7,1.2,3.3,117.0,77.0,,,,,,
2023-08-19T14:00,38,Good,7.9,17.2,1.3,2.5,118.0,80.0,,,,,,
2023-08-19T15:00,38,Good,8.4,17.7,1.7,2.2,120.0,79.0,,,,,,
2023-08-19T16:00,38,Good,8.4,18.0,2.4,2.2,122.0,74.0,,,,,,
2023-08-19T17:00,39,Good,8.7,19.2,2.7,2.3,118.0,69.0,,,,,,
2023-08-19T18:00,39,Good,8.4,18.3,3.4,2.7,123.0,63.0,,,,,,
2023-08-19T19:00,38,Good,8.4,18.1,4.3,3.4,129.0,55.0,,,,,,
2023-08-19T20:00,38,Good,8.6,17.5,4.9,3.9,134.0,48.0,,,,,,
2023-08-19T21:00,38,Good,8.8,17.6,5.1,4.2,136.0,44.0,,,,,,
2023-08-19T22:00,38,Good,9.0,17.8,5.0,4.5,136.0,41.0,,,,,,
2023-08-19T23:00,38,Good,9.1,18.2,4.8,4.6,135.0,39.0,,,,,,
2023-08-20T00:00,38,Good,9.0,18.5,4.6,4.6,133.0,37.0,,,,,,
2023-08-20T01:00,39,Good,8.8,18.6,4.3,4.4,131.0,35.0,,,,,,
2023-08-20T02:00,39,Good,8.6,18.6,4.1,4.4,129.0,34.0,,,,,,
2023-08-20T03:00,40,Good,8.4,18.9,4.0,4.5,128.0,33.0,,,,,,
2023-08-20T04:00,40,Good,8.1,18.1,3.9,4.7,127.0,32.0,,,,,,
2023-08-20T05:00,41,Good,8.8,18.7,5.0,5.5,146.0,31.0,,,,,,
2023-08-20T06:00,42,Good,8.9,18.7,4.8,6.2,153.0,32.0,,,,,,
2023-08-20T07:00,43,Good,9.3,19.1,4.4,7.1,162.0,35.0,,,,,,
2023-08-20T08:00,44,Good,9.7,19.4,3.9,7.7,169.0,42.0,,,,,,
2023-08-20T09:00,45,Good,10.4,20.1,3.2,7.8,171.0,57.0,,,,,,
2023-08-20T10:00,47,Good,10.7,21.3,2.5,7.7,171.0,77.0,,,,,,
2023-08-20T11:00,48,Good,11.2,22.2,1.8,7.0,168.0,91.0,,,,,,
2023-08-20T12:00,49,Good,11.2,21.5,1.3,5.5,161.0,95.0,,,,,,
2023-08-20T13:00,50,Good,10.5,20.0,0.9,3.5,152.0,94.0,,,,,,
2023-08-20T14:00,50,Good,9.3,17.9,0.8,2.0,144.0,92.0,,,,,,
2023-08-20T15:00,50,Good,7.9,15.1,1.1,1.6,140.0,89.0,,,,,,
2023-08-20T16:00,50,Good,6.6,12.5,1.7,1.7,138.0,85.0,,,,,,
2023-08-20T17:00,50,Good,7.9,15.5,2.0,1.2,130.0,79.0,,,,,,
2023-08-20T18:00,50,Good,7.6,14.8,3.0,1.7,136.0,74.0,,,,,,
2023-08-20T19:00,50,Good,7.4,14.0,4.3,2.5,144.0,67.0,,,,,,
2023-08-20T20:00,50,Good,7.3,13.5,5.3,3.2,150.0,60.0,,,,,,
2023-08-20T21:00,50,Good,7.1,12.6,5.7,3.9,152.0,54.0,,,,,,
2023-08-20T22:00,49,Good,6.9,11.8,5.7,4.5,152.0,48.0,,,,,,
2023-08-20T23:00,49,Good,6.7,11.5,5.6,5.0,151.0,43.0,,,,,,
2023-08-21T00:00,48,Good,6.4,11.7,5.4,5.2,147.0,40.0,,,,,,
2023-08-21T01:00,48,Good,6.3,11.9,5.0,5.2,141.0,38.0,,,,,,
2023-08-21T02:00,47,Good,6.2,12.0,4.7,5.3,138.0,36.0,,,,,,
2023-08-21T03:00,46,Good,6.0,11.7,4.6,5.5,137.0,33.0,,,,,,
2023-08-21T04:00,46,Good,5.9,11.6,4.7,5.6,139.0,31.0,,,,,,
2023-08-21T05:00,45,Good,7.2,12.6,5.9,6.3,168.0,29.0,,,,,,
2023-08-21T06:00,45,Good,7.5,13.2,5.4,6.6,175.0,34.0,,,,,,
2023-08-21T07:00,45,Good,8.4,14.8,4.7,7.0,184.0,41.0,,,,,,
2023-08-21T08:00,45,Good,9.9,17.4,4.0,7.2,191.0,52.0,,,,,,
2023-08-21T09:00,45,Good,11.9,21.0,3.2,7.0,195.0,71.0,,,,,,
2023-08-21T10:00,45,Good,13.1,23.2,2.4,6.7,197.0,94.0,,,,,,
2023-08-21T11:00,45,Good,13.7,24.0,1.7,6.0,195.0,109.0,,,,,,
2023-08-21T12:00,46,Good,13.5,23.5,1.3,4.8,185.0,111.0,,,,,,
2023-08-21T13:00,47,Good,11.5,20.7,1.0,3.4,171.0,106.0,,,,,,
2023-08-21T14:00,47,Good,9.5,17.8,0.9,2.3,158.0,101.0,,,,,,
2023-08-21T15:00,47,Good,8.4,16.8,1.0,1.9,148.0,98.0,,,,,,
2023-08-21T16:00,47,Good,8.6,17.4,1.4,1.8,139.0,95.0,,,,,,
2023-08-21T17:00,47,Good,9.0,18.0,1.0,1.3,121.0,83.0,,,,,,
2023-08-21T18:00,48,Good,8.9,18.0,1.2,1.3,120.0,83.0,,,,,,
2023-08-21T19:00,48,Good,8.8,17.8,1.5,1.3,118.0,83.0,,,,,,
2023-08-21T20:00,48,Good,8.8,17.6,1.9,1.4,119.0,81.0,,,,,,
2023-08-21T21:00,49,Good,8.6,17.1,2.5,1.5,122.0,76.0,,,,,,
2023-08-21T22:00,49,Good,8.4,16.7,3.2,1.8,127.0,70.0,,,,,,
2023-08-21T23:00,49,Good,8.4,16.5,3.9,2.2,135.0,64.0,,,,,,
2023-08-22T00:00,50,Good,8.9,16.8,4.8,3.0,148.0,58.0,,,,,,
2023-08-22T01:00,50,Good,9.8,18.0,5.8,4.1,164.0,52.0,,,,,,
2023-08-22T02:00,50,Good,10.4,18.9,6.4,5.0,176.0,48.0,,,,,,
2023-08-22T03:00,51,Moderate,10.9,19.7,6.4,5.7,179.0,46.0,,,,,,
2023-08-22T04:00,51,Moderate,11.0,20.0,6.0,6.4,177.0,45.0,,,,,,
2023-08-22T05:00,52,Moderate,10.6,20.1,2.6,3.9,150.0,72.0,,,,,,
2023-08-22T06:00,52,Moderate,11.6,21.4,2.7,4.3,161.0,74.0,,,,,,
2023-08-22T07:00,52,Moderate,12.6,22.7,2.9,4.7,175.0,77.0,,,,,,
2023-08-22T08:00,52,Moderate,13.4,23.9,2.8,4.8,182.0,80.0,,,,,,
2023-08-22T09:00,53,Moderate,13.3,23.9,2.2,4.2,176.0,85.0,,,,,,
2023-08-22T10:00,53,Moderate,12.5,22.8,1.3,3.2,164.0,91.0,,,,,,
2023-08-22T11:00,53,Moderate,11.7,21.7,0.7,2.4,153.0,94.0,,,,,,
2023-08-22T12:00,53,Moderate,10.8,20.3,0.5,1.9,146.0,92.0,,,,,,
2023-08-22T13:00,52,Moderate,10.1,19.1,0.4,1.6,140.0,87.0,,,,,,
2023-08-22T14:00,52,Moderate,9.8,19.3,0.5,1.5,135.0,85.0,,,,,,
2023-08-22T15:00,52,Moderate,10.9,22.6,0.7,1.7,131.0,89.0,,,,,,
2023-08-22T16:00,53,Moderate,11.6,25.6,0.9,2.2,128.0,96.0,,,,,,
2023-08-22T17:00,53,Moderate,10.2,23.5,1.1,1.8,118.0,94.0,,,,,,
2023-08-22T18:00,53,Moderate,10.2,24.5,1.9,2.5,116.0,89.0,,,,,,
2023-08-22T19:00,53,Moderate,10.3,23.4,3.0,3.4,115.0,82.0,,,,,,
2023-08-22T20:00,53,Moderate,10.1,21.8,4.1,4.3,117.0,76.0,,,,,,
2023-08-22T21:00,53,Moderate,9.9,20.1,5.0,5.0,126.0,71.0,,,,,,
2023-08-22T22:00,53,Moderate,10.0,19.3,5.7,5.7,140.0,66.0,,,,,,
2023-08-22T23:00,53,Moderate,10.5,19.4,6.3,6.3,152.0,62.0,,,,,,
2023-08-23T00:00,54,Moderate,11.0,20.0,6.6,6.9,162.0,59.0,,,,,,
2023-08-23T01:00,54,Moderate,11.7,20.9,6.6,7.5,172.0,57.0,,,,,,
2023-08-23T02:00,54,Moderate,12.1,21.5,6.5,7.9,179.0,55.0,,,,,,
2023-08-23T03:00,54,Moderate,12.2,21.7,6.3,8.0,182.0,52.0,,,,,,
2023-08-23T04:00,54,Moderate,12.3,22.1,6.0,8.0,183.0,49.0,,,,,,
2023-08-23T05:00,54,Moderate,13.9,24.5,6.4,7.4,201.0,48.0,,,,,,
2023-08-23T06:00,54,Moderate,14.3,25.1,6.0,7.9,205.0,52.0,,,,,,
2023-08-23T07:00,55,Moderate,14.8,26.0,5.4,8.6,211.0,58.0,,,,,,
2023-08-23T08:00,55,Moderate,15.7,27.6,4.6,8.9,213.0,68.0,,,,,,
2023-08-23T09:00,55,Moderate,17.4,30.7,3.6,8.8,211.0,85.0,,,,,,
2023-08-23T10:00,55,Moderate,17.7,32.5,2.5,8.3,207.0,106.0,,,,,,
2023-08-23T11:00,56,Moderate,17.6,34.0,1.6,7.4,197.0,119.0,,,,,,
2023-08-23T12:00,56,Moderate,16.6,34.3,1.1,5.9,179.0,119.0,,,,,,
2023-08-23T13:00,57,Moderate,13.7,32.2,0.9,3.9,157.0,112.0,,,,,,
2023-08-23T14:00,57,Moderate,12.0,31.1,0.8,2.4,135.0,103.0,,,,,,
2023-08-23T15:00,57,Moderate,10.4,28.5,0.8,1.6,113.0,93.0,,,,,,
2023-08-23T16:00,57,Moderate,9.9,25.7,0.9,1.1,93.0,82.0,,,,,,
2023-08-23T17:00,57,Moderate,10.4,27.1,1.2,1.1,84.0,79.0,,,,,,
2023-08-23T18:00,57,Moderate,9.7,24.2,1.6,1.2,84.0,75.0,,,,,,
2023-08-23T19:00,57,Moderate,9.7,23.2,2.3,1.5,83.0,69.0,,,,,,
2023-08-23T20:00,57,Moderate,9.6,22.5,3.0,1.9,86.0,64.0,,,,,,
2023-08-23T21:00,57,Moderate,9.5,22.1,3.8,2.7,94.0,60.0,,,,,,
2023-08-23T22:00,57,Moderate,9.3,21.9,4.7,3.7,104.0,56.0,,,,,,
2023-08-23T23:00,57,Moderate,9.2,22.2,5.3,4.5,112.0,53.0,,,,,,
2023-08-24T00:00,57,Moderate,9.4,22.9,5.3,5.0,116.0,51.0,,,,,,
2023-08-24T01:00,57,Moderate,9.5,24.2,5.1,5.2,117.0,49.0,,,,,,
2023-08-24T02:00,56,Moderate,9.3,25.4,4.8,5.4,116.0,47.0,,,,,,
2023-08-24T03:00,56,Moderate,8.9,26.4,4.6,5.4,112.0,44.0,,,,,,
2023-08-24T04:00,56,Moderate,8.7,27.8,4.4,5.4,105.0,42.0,,,,,,
2023-08-24T05:00,56,Moderate,9.5,27.0,4.7,6.4,122.0,43.0,,,,,,
2023-08-24T06:00,55,Moderate,9.5,28.5,4.4,6.5,122.0,43.0,,,,,,
2023-08-24T07:00,55,Moderate,9.8,30.2,3.9,6.7,121.0,43.0,,,,,,
2023-08-24T08:00,54,Moderate,10.1,32.8,3.4,6.7,120.0,46.0,,,,,,
2023-08-24T09:00,54,Moderate,10.5,36.1,2.8,6.5,117.0,56.0,,,,,,
2023-08-24T10:00,53,Moderate,11.3,38.2,2.1,6.2,113.0,68.0,,,,,,
2023-08-24T11:00,53,Moderate,12.5,39.3,1.5,5.5,108.0,78.0,,,,,,
2023-08-24T12:00,53,Moderate,13.6,37.7,1.1,4.1,101.0,81.0,,,,,,
2023-08-24T13:00,52,Moderate,12.8,32.2,0.7,2.4,92.0,81.0,,,,,,
2023-08-24T14:00,52,Moderate,11.4,26.2,0.6,1.2,85.0,80.0,,,,,,
2023-08-24T15:00,52,Moderate,11.3,25.1,0.7,0.8,80.0,79.0,,,,,,
2023-08-24T16:00,52,Moderate,11.3,24.5,1.0,0.8,77.0,76.0,,,,,,
2023-08-24T17:00,52,Moderate,9.7,20.4,1.3,1.0,73.0,72.0,,,,,,
2023-08-24T18:00,52,Moderate,9.4,20.2,1.8,1.3,76.0,68.0,,,,,,
2023-08-24T19:00,52,Moderate,8.7,18.9,2.6,1.7,81.0,63.0,,,,,,
2023-08-24T20:00,52,Moderate,8.0,17.6,3.3,2.2,86.0,58.0,,,,,,
2023-08-24T21:00,52,Moderate,7.9,17.6,3.9,2.9,91.0,55.0,,,,,,
2023-08-24T22:00,52,Moderate,8.1,18.3,4.4,3.6,96.0,52.0,,,,,,
2023-08-24T23:00,52,Moderate,8.2,19.3,4.7,4.2,99.0,50.0,,,,,,
2023-08-25T00:00,52,Moderate,8.3,20.8,4.7,4.5,99.0,48.0,,,,,,
2023-08-25T01:00,52,Moderate,8.3,22.2,4.5,4.6,96.0,47.0,,,,,,
2023-08-25T02:00,52,Moderate,8.3,23.6,4.3,4.7,94.0,45.0,,,,,,
2023-08-25T03:00,52,Moderate,8.3,25.1,4.2,4.8,92.0,43.0,,,,,,
2023-08-25T04:00,52,Moderate,8.3,26.1,4.0,4.9,90.0,41.0,,,,,,
2023-08-25T05:00,52,Moderate,8.7,28.3,3.9,5.0,96.0,41.0,,,,,,
2023-08-25T06:00,51,Moderate,8.8,29.1,3.7,5.4,99.0,41.0,,,,,,
2023-08-25T07:00,51,Moderate,9.1,30.2,3.5,5.9,103.0,40.0,,,,,,
2023-08-25T08:00,51,Moderate,9.5,31.7,3.1,6.2,106.0,43.0,,,,,,
2023-08-25T09:00,51,Moderate,10.0,33.4,2.6,6.2,108.0,52.0,,,,,,
2023-08-25T10:00,51,Moderate,10.8,35.3,2.0,6.0,110.0,63.0,,,,,,
2023-08-25T11:00,51,Moderate,11.9,36.3,1.5,5.4,109.0,71.0,,,,,,
2023-08-25T12:00,51,Moderate,13.1,36.9,1.1,4.1,103.0,72.0,,,,,,
2023-08-25T13:00,51,Moderate,13.4,35.0,0.7,2.4,95.0,69.0,,,,,,
2023-08-25T14:00,51,Moderate,13.0,32.0,0.6,1.2,89.0,67.0,,,,,,
2023-08-25T15:00,51,Moderate,12.3,29.4,0.7,0.8,87.0,66.0,,,,,,
2023-08-25T16:00,51,Moderate,11.7,27.8,1.0,0.9,88.0,66.0,,,,,,
2023-08-25T17:00,51,Moderate,12.1,29.6,1.1,0.9,98.0,67.0,,,,,,
2023-08-25T18:00,52,Moderate,11.5,28.8,1.5,1.1,101.0,64.0,,,,,,
2023-08-25T19:00,52,Moderate,10.7,27.4,2.1,1.3,105.0,61.0,,,,,,
2023-08-25T20:00,52,Moderate,10.0,26.2,2.7,1.7,110.0,57.0,,,,,,
2023-08-25T21:00,52,Moderate,9.5,25.6,3.3,2.4,116.0,54.0,,,,,,
2023-08-25T22:00,52,Moderate,9.1,25.8,3.9,3.2,123.0,50.0,,,,,,
2023-08-25T23:00,52,Moderate,8.8,26.6,4.3,3.9,128.0,47.0,,,,,,
2023-08-26T00:00,52,Moderate,8.7,27.2,4.5,4.4,130.0,44.0,,,,,,
2023-08-26T01:00,52,Moderate,8.6,27.8,4.6,4.7,130.0,42.0,,,,,,
2023-08-26T02:00,52,Moderate,8.4,28.6,4.5,4.9,130.0,40.0,,,,,,
2023-08-26T03:00,52,Moderate,8.3,29.6,4.3,4.9,128.0,38.0,,,,,,
2023-08-26T04:00,52,Moderate,8.3,30.3,4.1,4.9,126.0,37.0,,,,,,
2023-08-26T05:00,52,Moderate,8.6,31.4,4.3,5.6,133.0,38.0,,,,,,
2023-08-26T06:00,52,Moderate,8.5,31.1,4.1,5.9,135.0,38.0,,,,,,
2023-08-26T07:00,52,Moderate,8.7,30.6,3.8,6.4,138.0,39.0,,,,,,
2023-08-26T08:00,52,Moderate,9.0,30.9,3.4,6.6,140.0,43.0,,,,,,
2023-08-26T09:00,52,Moderate,9.3,31.4,2.8,6.4,140.0,52.0,,,,,,
2023-08-26T10:00,52,Moderate,10.0,32.5,2.1,5.9,139.0,63.0,,,,,,
2023-08-26T11:00,52,Moderate,10.9,34.0,1.5,5.2,136.0,71.0,,,,,,
2023-08-26T12:00,52,Moderate,11.4,36.0,1.1,3.9,130.0,72.0,,,,,,
2023-08-26T13:00,52,Moderate,11.9,36.2,0.7,2.3,122.0,70.0,,,,,,
2023-08-26T14:00,52,Moderate,11.9,35.4,0.6,1.2,116.0,68.0,,,,,,
2023-08-26T15:00,52,Moderate,11.6,33.8,0.7,0.8,113.0,69.0,,,,,,
2023-08-26T16:00,52,Moderate,11.3,32.4,0.9,0.9,111.0,70.0,,,,,,
2023-08-26T17:00,52,Moderate,10.1,28.3,1.1,1.1,107.0,71.0,,,,,,
2023-08-26T18:00,52,Moderate,9.7,27.2,1.5,1.3,109.0,69.0,,,,,,
2023-08-26T19:00,51,Moderate,9.2,25.1,2.0,1.5,112.0,67.0,,,,,,
2023-08-26T20:00,51,Moderate,8.6,23.3,2.5,1.9,116.0,64.0,,,,,,
2023-08-26T21:00,51,Moderate,8.2,21.5,3.1,2.5,121.0,60.0,,,,,,
2023-08-26T22:00,51,Moderate,7.9,20.1,3.7,3.2,127.0,55.0,,,,,,
2023-08-26T23:00,51,Moderate,7.7,19.1,4.2,3.8,131.0,51.0,,,,,,
2023-08-27T00:00,51,Moderate,7.6,18.5,4.4,4.2,132.0,48.0,,,,,,
2023-08-27T01:00,51,Moderate,7.4,18.0,4.4,4.5,131.0,45.0,,,,,,
2023-08-27T02:00,51,Moderate,7.2,17.6,4.4,4.7,129.0,43.0,,,,,,
2023-08-27T03:00,51,Moderate,7.0,17.0,4.3,4.8,127.0,41.0,,,,,,
2023-08-27T04:00,50,Good,6.6,16.1,4.1,4.7,123.0,40.0,,,,,,
2023-08-27T05:00,50,Good,7.3,16.6,4.2,4.9,130.0,41.0,,,,,,
2023-08-27T06:00,50,Good,7.1,16.1,4.0,5.3,132.0,41.0,,,,,,
2023-08-27T07:00,50,Good,7.2,15.8,3.8,5.9,134.0,41.0,,,,,,
2023-08-27T08:00,50,Good,7.4,15.7,3.4,6.3,136.0,45.0,,,,,,
2023-08-27T09:00,50,Good,7.5,15.6,2.8,6.4,138.0,56.0,,,,,,
2023-08-27T10:00,49,Good,8.1,16.4,2.2,6.3,139.0,71.0,,,,,,
2023-08-27T11:00,49,Good,8.9,17.7,1.6,5.8,138.0,81.0,,,,,,
2023-08-27T12:00,48,Good,9.3,19.2,1.1,4.4,132.0,82.0,,,,,,
2023-08-27T13:00,48,Good,9.1,19.1,0.8,2.5,123.0,78.0,,,,,,
2023-08-27T14:00,47,Good,9.2,19.2,0.6,1.1,117.0,75.0,,,,,,
2023-08-27T15:00,47,Good,8.7,17.8,0.7,0.7,114.0,74.0,,,,,,
2023-08-27T16:00,46,Good,8.4,17.3,1.0,0.9,114.0,72.0,,,,,,
2023-08-27T17:00,45,Good,7.0,14.1,1.3,1.0,106.0,74.0,,,,,,
2023-08-27T18:00,45,Good,6.9,13.8,2.0,1.3,109.0,70.0,,,,,,
2023-08-27T19:00,44,Good,6.6,13.0,2.9,1.7,114.0,65.0,,,,,,
2023-08-27T20:00,43,Good,6.2,12.0,3.7,2.3,119.0,59.0,,,,,,
2023-08-27T21:00,43,Good,5.6,10.4,4.3,3.1,123.0,52.0,,,,,,
2023-08-27T22:00,42,Good,4.9,8.7,4.9,4.1,128.0,46.0,,,,,,
2023-08-27T23:00,41,Good,4.7,8.3,5.2,4.8,130.0,40.0,,,,,,
2023-08-28T00:00,41,Good,4.3,7.7,5.2,5.0,129.0,37.0,,,,,,
2023-08-28T01:00,40,Good,4.0,7.4,4.9,4.9,127.0,35.0,,,,,,
2023-08-28T02:00,39,Good,3.9,7.2,4.7,4.8,125.0,34.0,,,,,,
2023-08-28T03:00,38,Good,3.8,6.8,4.6,4.8,124.0,32.0,,,,,,
2023-08-28T04:00,38,Good,3.6,6.5,4.4,4.7,122.0,31.0,,,,,,
2023-08-28T05:00,37,Good,4.2,7.3,5.0,5.4,136.0,31.0,,,,,,
2023-08-28T06:00,36,Good,4.1,7.0,4.6,5.8,138.0,32.0,,,,,,
2023-08-28T07:00,36,Good,4.3,7.3,4.1,6.3,142.0,33.0,,,,,,
2023-08-28T08:00,35,Good,4.5,7.8,3.5,6.5,143.0,38.0,,,,,,
2023-08-28T09:00,34,Good,5.3,9.0,2.9,6.1,141.0,48.0,,,,,,
2023-08-28T10:00,34,Good,6.2,10.6,2.2,5.5,138.0,62.0,,,,,,
2023-08-28T11:00,33,Good,6.3,11.5,1.6,4.6,133.0,71.0,,,,,,
2023-08-28T12:00,33,Good,6.8,13.4,1.1,3.4,125.0,73.0,,,,,,
2023-08-28T13:00,32,Good,7.6,15.4,0.8,2.1,115.0,71.0,,,,,,
2023-08-28T14:00,32,Good,8.2,16.9,0.7,1.2,108.0,68.0,,,,,,
2023-08-28T15:00,32,Good,8.3,16.9,0.9,1.1,106.0,67.0,,,,,,
2023-08-28T16:00,31,Good,6.8,13.9,1.3,1.5,106.0,65.0,,,,,,
2023-08-28T17:00,31,Good,8.3,16.7,2.1,2.0,99.0,64.0,,,,,,
2023-08-28T18:00,31,Good,8.2,16.2,2.7,2.4,100.0,59.0,,,,,,
2023-08-28T19:00,32,Good,7.4,14.1,3.5,2.9,102.0,51.0,,,,,,
2023-08-28T20:00,32,Good,6.2,11.4,4.2,3.4,104.0,45.0,,,,,,
2023-08-28T21:00,32,Good,5.7,10.3,4.6,3.8,107.0,41.0,,,,,,
2023-08-28T22:00,32,Good,5.4,9.4,5.0,4.2,109.0,39.0,,,,,,
2023-08-28T23:00,32,Good,4.8,8.1,5.1,4.5,111.0,37.0,,,,,,
2023-08-29T00:00,32,Good,4.3,7.2,5.0,4.6,110.0,36.0,,,,,,
2023-08-29T01:00,32,Good,4.0,6.8,4.6,4.5,108.0,36.0,,,,,,
2023-08-29T02:00,32,Good,3.7,6.1,4.4,4.5,107.0,35.0,,,,,,
2023-08-29T03:00,32,Good,3.4,5.6,4.4,4.6,107.0,34.0,,,,,,
2023-08-29T04:00,32,Good,3.2,5.2,4.5,4.7,107.0,33.0,,,,,,
2023-08-29T05:00,32,Good,3.7,6.3,3.8,4.1,103.0,34.0,,,,,,
2023-08-29T06:00,32,Good,3.6,6.1,3.6,4.4,105.0,34.0,,,,,,
2023-08-29T07:00,32,Good,3.7,6.2,3.3,4.8,108.0,35.0,,,,,,
2023-08-29T08:00,31,Good,4.0,6.7,2.9,5.0,109.0,38.0,,,,,,
2023-08-29T09:00,31,Good,4.9,8.0,2.4,5.1,109.0,46.0,,,,,,
2023-08-29T10:00,31,Good,5.7,9.4,1.9,5.0,108.0,57.0,,,,,,
2023-08-29T11:00,31,Good,5.7,10.2,1.4,4.6,104.0,63.0,,,,,,
2023-08-29T12:00,31,Good,6.3,11.8,0.9,3.4,94.0,60.0,,,,,,
2023-08-29T13:00,31,Good,6.3,12.3,0.5,1.8,82.0,53.0,,,,,,
2023-08-29T14:00,31,Good,5.7,11.1,0.4,0.9,75.0,49.0,,,,,,
2023-08-29T15:00,30,Good,4.9,9.5,0.7,1.1,79.0,54.0,,,,,,
2023-08-29T16:00,29,Good,5.4,10.4,1.3,1.9,88.0,63.0,,,,,,
2023-08-29T17:00,29,Good,9.2,17.8,2.2,2.6,100.0,78.0,,,,,,
2023-08-29T18:00,29,Good,9.8,18.8,3.0,3.3,107.0,75.0,,,,,,
2023-08-29T19:00,29,Good,10.1,19.1,4.1,4.3,117.0,72.0,,,,,,
2023-08-29T20:00,30,Good,10.5,19.3,5.0,5.0,124.0,67.0,,,,,,
2023-08-29T21:00,31,Good,10.7,19.1,5.3,5.2,127.0,61.0,,,,,,
2023-08-29T22:00,32,Good,10.6,18.7,5.4,5.2,128.0,55.0,,,,,,
2023-08-29T23:00,33,Good,10.0,17.6,5.3,5.2,128.0,50.0,,,,,,
2023-08-30T00:00,35,Good,9.7,16.8,5.2,5.3,129.0,47.0,,,,,,
2023-08-30T01:00,36,Good,9.0,15.3,5.0,5.4,129.0,45.0,,,,,,
2023-08-30T02:00,37,Good,8.2,13.8,4.8,5.5,129.0,43.0,,,,,,
2023-08-30T03:00,38,Good,7.7,13.0,4.6,5.5,130.0,42.0,,,,,,
2023-08-30T04:00,39,Good,7.4,12.4,4.3,5.5,130.0,42.0,,,,,,
2023-08-30T05:00,40,Good,7.5,12.0,3.6,5.6,136.0,52.0,,,,,,
2023-08-30T06:00,41,Good,7.3,11.8,3.7,6.6,137.0,50.0,,,,,,
2023-08-30T07:00,42,Good,7.3,12.0,3.8,8.1,138.0,49.0,,,,,,
2023-08-30T08:00,43,Good,8.0,13.2,3.7,9.0,138.0,52.0,,,,,,
2023-08-30T09:00,43,Good,8.7,14.7,3.1,9.1,137.0,64.0,,,,,,
2023-08-30T10:00,44,Good,9.5,16.6,2.1,8.8,136.0,81.0,,,,,,
2023-08-30T11:00,45,Good,9.9,17.9,1.4,8.0,134.0,93.0,,,,,,
2023-08-30T12:00,46,Good,10.2,18.8,1.0,6.5,129.0,97.0,,,,,,
2023-08-30T13:00,47,Good,10.0,18.6,0.8,4.6,124.0,96.0,,,,,,
2023-08-30T14:00,48,Good,9.4,17.9,0.7,3.0,120.0,94.0,,,,,,
2023-08-30T15:00,49,Good,8.8,16.9,0.5,1.9,118.0,91.0,,,,,,
2023-08-30T16:00,50,Good,8.4,16.1,0.5,1.2,119.0,87.0,,,,,,
2023-08-30T17:00,50,Good,9.5,19.3,1.5,2.3,127.0,81.0,,,,,,
2023-08-30T18:00,50,Good,9.3,18.1,2.9,4.3,138.0,80.0,,,,,,
2023-08-30T19:00,50,Good,10.0,18.3,4.8,7.2,153.0,78.0,,,,,,
2023-08-30T20:00,50,Good,11.3,19.8,6.4,9.7,167.0,75.0,,,,,,
2023-08-30T21:00,50,Good,13.0,21.9,7.3,11.5,177.0,72.0,,,,,,
2023-08-30T22:00,50,Good,14.3,23.6,7.8,13.0,186.0,68.0,,,,,,
2023-08-30T23:00,51,Moderate,15.2,24.9,8.1,14.1,193.0,65.0,,,,,,
2023-08-31T00:00,51,Moderate,15.8,25.7,8.0,14.5,196.0,63.0,,,,,,
2023-08-31T01:00,52,Moderate,15.8,25.7,7.6,14.4,198.0,62.0,,,,,,
2023-08-31T02:00,52,Moderate,16.2,26.4,7.4,14.5,200.0,59.0,,,,,,
2023-08-31T03:00,53,Moderate,16.6,26.8,7.9,15.2,206.0,53.0,,,,,,
2023-08-31T04:00,53,Moderate,15.9,25.6,8.5,16.1,213.0,46.0,,,,,,
2023-08-31T05:00,54,Moderate,14.3,22.2,6.1,9.6,216.0,50.0,,,,,,
2023-08-31T06:00,55,Moderate,13.6,21.1,5.5,9.5,218.0,55.0,,,,,,
2023-08-31T07:00,55,Moderate,13.6,21.0,4.6,9.3,220.0,62.0,,,,,,
2023-08-31T08:00,56,Moderate,14.4,22.2,3.7,9.0,221.0,72.0,,,,,,
2023-08-31T09:00,56,Moderate,15.2,23.5,2.9,8.5,219.0,88.0,,,,,,
2023-08-31T10:00,57,Moderate,15.3,23.9,2.0,7.9,215.0,107.0,,,,,,
2023-08-31T11:00,57,Moderate,15.5,25.0,1.4,7.2,209.0,120.0,,,,,,
2023-08-31T12:00,58,Moderate,15.5,26.2,1.0,6.2,202.0,125.0,,,,,,
2023-08-31T13:00,58,Moderate,14.7,25.8,0.8,5.0,194.0,125.0,,,,,,
2023-08-31T14:00,58,Moderate,13.3,24.2,0.8,4.0,182.0,120.0,,,,,,
2023-08-31T15:00,59,Moderate,11.9,22.2,0.8,3.1,161.0,109.0,,,,,,
2023-08-31T16:00,59,Moderate,10.5,20.6,1.0,2.5,137.0,94.0,,,,,,
2023-08-31T17:00,59,Moderate,11.3,21.7,2.7,5.0,129.0,83.0,,,,,,
2023-08-31T18:00,59,Moderate,10.6,19.4,4.0,6.4,139.0,79.0,,,,,,
2023-08-31T19:00,59,Moderate,11.2,19.5,5.8,8.3,154.0,74.0,,,,,,
2023-08-31T20:00,59,Moderate,11.2,19.0,7.1,9.7,165.0,68.0,,,,,,
2023-08-31T21:00,59,Moderate,11.0,18.2,7.6,9.9,170.0,61.0,,,,,,
2023-08-31T22:00,59,Moderate,10.7,17.2,7.7,9.6,172.0,53.0,,,,,,
2023-08-31T23:00,59,Moderate,10.2,16.2,7.7,9.4,173.0,47.0,,,,,,
2023-09-01T00:00,59,Moderate,9.8,15.5,7.8,9.5,174.0,43.0,,,,,,
2023-09-01T01:00,58,Moderate,9.4,14.8,7.9,9.7,174.0,39.0,,,,,,
2023-09-01T02:00,58,Moderate,9.1,14.3,7.9,9.9,174.0,37.0,,,,,,
2023-09-01T03:00,57,Moderate,9.0,14.0,7.9,10.1,174.0,34.0,,,,,,
2023-09-01T04:00,56,Moderate,8.8,13.8,7.9,10.2,174.0,33.0,,,,,,
2023-09-01T05:00,56,Moderate,15.8,24.4,4.9,6.8,220.0,63.0,,,,,,
2023-09-01T06:00,56,Moderate,15.4,24.0,4.4,6.6,216.0,66.0,,,,,,
2023-09-01T07:00,56,Moderate,15.1,23.7,3.7,6.3,209.0,71.0,,,,,,
2023-09-01T08:00,56,Moderate,15.2,23.9,3.0,6.1,200.0,76.0,,,,,,
2023-09-01T09:00,56,Moderate,14.4,23.2,2.4,6.0,186.0,84.0,,,,,,
2023-09-01T10:00,56,Moderate,13.3,22.3,1.8,6.0,169.0,92.0,,,,,,
2023-09-01T11:00,56,Moderate,11.8,21.1,1.3,5.7,152.0,97.0,,,,,,
2023-09-01T12:00,56,Moderate,11.8,22.1,1.0,4.9,135.0,94.0,,,,,,
2023-09-01T13:00,55,Moderate,11.6,22.2,0.8,3.9,117.0,87.0,,,,,,
2023-09-01T14:00,55,Moderate,10.0,19.4,0.8,3.3,106.0,81.0,,,,,,
2023-09-01T15:00,55,Moderate,8.5,16.4,1.1,3.4,104.0,79.0,,,,,,
2023-09-01T16:00,55,Moderate,8.2,15.7,1.6,3.8,109.0,77.0,,,,,,
2023-09-01T17:00,55,Moderate,5.8,11.3,2.2,3.3,100.0,65.0,,,,,,
2023-09-01T18:00,54,Moderate,5.2,10.0,2.6,3.3,100.0,60.0,,,,,,
2023-09-01T19:00,54,Moderate,4.9,9.3,3.2,3.4,100.0,53.0,,,,,,
2023-09-01T20:00,53,Moderate,4.8,8.9,3.8,3.6,101.0,47.0,,,,,,
2023-09-01T21:00,53,Moderate,4.8,8.8,4.3,4.0,103.0,43.0,,,,,,
2023-09-01T22:00,52,Moderate,5.1,9.1,4.7,4.6,106.0,41.0,,,,,,
2023-09-01T23:00,52,Moderate,5.2,9.2,5.0,5.1,109.0,39.0,,,,,,
2023-09-02T00:00,51,Moderate,5.3,9.2,5.1,5.4,110.0,37.0,,,,,,
2023-09-02T01:00,51,Moderate,5.3,9.1,5.1,5.5,111.0,36.0,,,,,,
2023-09-02T02:00,51,Moderate,5.0,8.5,5.0,5.6,112.0,35.0,,,,,,
2023-09-02T03:00,50,Good,4.8,8.2,5.0,5.7,112.0,34.0,,,,,,
2023-09-02T04:00,50,Good,4.7,7.9,4.9,5.7,112.0,32.0,,,,,,
2023-09-02T05:00,49,Good,5.1,8.8,4.8,6.2,114.0,34.0,,,,,,
2023-09-02T06:00,47,Good,5.4,9.5,4.2,5.9,111.0,35.0,,,,,,
2023-09-02T07:00,44,Good,4.9,8.6,3.4,5.4,107.0,36.0,,,,,,
2023-09-02T08:00,42,Good,4.5,8.1,2.7,5.0,104.0,39.0,,,,,,
2023-09-02T09:00,39,Good,4.7,8.4,2.2,4.9,103.0,45.0,,,,,,
2023-09-02T10:00,37,Good,4.9,8.7,1.7,4.9,103.0,52.0,,,,,,
2023-09-02T11:00,35,Good,5.0,8.8,1.4,4.7,103.0,58.0,,,,,,
2023-09-02T12:00,34,Good,5.1,9.0,1.1,4.1,102.0,62.0,,,,,,
2023-09-02T13:00,32,Good,5.1,9.0,0.9,3.4,100.0,66.0,,,,,,
2023-09-02T14:00,31,Good,4.8,8.7,0.9,2.9,100.0,67.0,,,,,,
2023-09-02T15:00,29,Good,4.7,8.5,1.3,2.9,101.0,65.0,,,,,,
2023-09-02T16:00,29,Good,4.1,7.4,1.9,3.1,104.0,61.0,,,,,,
2023-09-02T17:00,28,Good,8.3,13.7,3.0,4.3,119.0,69.0,,,,,,
2023-09-02T18:00,29,Good,7.6,12.5,3.6,4.4,118.0,63.0,,,,,,
2023-09-02T19:00,30,Good,6.9,11.4,4.4,4.5,118.0,53.0,,,,,,
2023-09-02T20:00,29,Good,6.5,10.8,5.1,4.6,117.0,46.0,,,,,,
2023-09-02T21:00,30,Good,5.8,9.6,5.4,4.8,117.0,42.0,,,,,,
2023-09-02T22:00,30,Good,5.3,8.7,5.5,5.0,117.0,39.0,,,,,,
2023-09-02T23:00,30,Good,5.0,8.2,5.5,5.1,117.0,37.0,,,,,,
2023-09-03T00:00,30,Good,4.6,7.6,5.4,5.1,115.0,35.0,,,,,,
2023-09-03T01:00,30,Good,4.3,7.1,5.1,4.9,113.0,34.0,,,,,,
2023-09-03T02:00,29,Good,4.0,6.5,4.8,4.8,110.0,34.0,,,,,,
2023-09-03T03:00,29,Good,3.8,6.1,4.4,4.6,106.0,34.0,,,,,,
2023-09-03T04:00,29,Good,3.8,6.3,4.0,4.4,102.0,34.0,,,,,,
2023-09-03T05:00,29,Good,4.7,8.3,3.6,4.2,102.0,35.0,,,,,,
2023-09-03T06:00,29,Good,4.8,8.7,3.3,4.3,101.0,36.0,,,,,,
2023-09-03T07:00,29,Good,5.0,9.1,2.9,4.4,100.0,37.0,,,,,,
2023-09-03T08:00,29,Good,4.9,9.0,2.5,4.5,99.0,39.0,,,,,,
2023-09-03T09:00,29,Good,5.0,9.3,2.3,4.7,100.0,43.0,,,,,,
2023-09-03T10:00,29,Good,5.3,9.7,2.1,4.9,101.0,47.0,,,,,,
2023-09-03T11:00,29,Good,5.7,10.4,1.9,4.9,103.0,52.0,,,,,,
2023-09-03T12:00,29,Good,5.9,10.7,1.6,4.5,104.0,57.0,,,,,,
2023-09-03T13:00,29,Good,5.8,10.3,1.2,4.0,105.0,63.0,,,,,,
2023-09-03T14:00,29,Good,5.7,10.1,1.2,3.6,106.0,66.0,,,,,,
2023-09-03T15:00,30,Good,5.4,9.5,1.7,3.5,109.0,65.0,,,,,,
2023-09-03T16:00,30,Good,5.1,8.6,2.5,3.7,112.0,61.0,,,,,,
2023-09-03T17:00,30,Good,5.6,9.0,3.5,4.5,109.0,61.0,,,,,,
2023-09-03T18:00,29,Good,5.4,8.1,4.1,4.6,113.0,56.0,,,,,,
2023-09-03T19:00,29,Good,4.5,6.7,5.0,4.7,117.0,49.0,,,,,,
2023-09-03T20:00,28,Good,3.7,5.6,5.7,4.9,122.0,43.0,,,,,,
2023-09-03T21:00,28,Good,3.3,4.9,5.9,5.1,126.0,40.0,,,,,,
2023-09-03T22:00,27,Good,3.1,4.7,5.9,5.3,129.0,38.0,,,,,,
2023-09-03T23:00,26,Good,2.9,4.4,5.8,5.4,131.0,37.0,,,,,,
2023-09-04T00:00,26,Good,2.9,4.3,5.6,5.4,132.0,36.0,,,,,,
2023-09-04T01:00,26,Good,3.0,4.5,5.3,5.4,132.0,36.0,,,,,,
2023-09-04T02:00,25,Good,3.0,4.5,5.0,5.3,131.0,36.0,,,,,,
2023-09-04T03:00,25,Good,2.8,4.1,4.6,5.2,129.0,36.0,,,,,,
2023-09-04T04:00,25,Good,2.4,3.6,4.2,5.0,126.0,36.0,,,,,,
2023-09-04T05:00,25,Good,3.5,5.9,4.2,5.8,128.0,34.0,,,,,,
2023-09-04T06:00,24,Good,3.3,5.5,3.9,6.1,130.0,34.0,,,,,,
2023-09-04T07:00,24,Good,3.5,5.8,3.5,6.4,132.0,35.0,,,,,,
2023-09-04T08:00,24,Good,4.1,6.7,3.1,6.6,135.0,39.0,,,,,,
2023-09-04T09:00,23,Good,5.0,7.9,2.6,6.5,138.0,50.0,,,,,,
2023-09-04T10:00,23,Good,6.2,9.6,2.1,6.1,142.0,65.0,,,,,,
2023-09-04T11:00,24,Good,6.7,10.2,1.7,5.7,143.0,75.0,,,,,,
2023-09-04T12:00,24,Good,5.9,9.1,1.5,5.0,139.0,77.0,,,,,,
2023-09-04T13:00,24,Good,5.5,8.4,1.5,4.2,134.0,76.0,,,,,,
2023-09-04T14:00,26,Good,4.7,7.3,1.8,3.7,130.0,72.0,,,,,,
2023-09-04T15:00,28,Good,4.6,7.1,2.4,3.8,131.0,67.0,,,,,,
2023-09-04T16:00,30,Good,4.6,7.4,3.3,4.3,134.0,59.0,,,,,,
2023-09-04T17:00,31,Good,8.4,14.7,3.7,4.9,140.0,67.0,,,,,,
2023-09-04T18:00,32,Good,7.9,13.7,4.4,5.1,143.0,61.0,,,,,,
2023-09-04T19:00,32,Good,7.6,13.0,5.4,5.3,147.0,53.0,,,,,,
2023-09-04T20:00,31,Good,7.1,12.1,6.1,5.4,149.0,46.0,,,,,,
2023-09-04T21:00,29,Good,6.4,10.7,6.2,5.4,149.0,42.0,,,,,,
2023-09-04T22:00,27,Good,5.9,9.7,6.0,5.3,147.0,40.0,,,,,,
2023-09-04T23:00,27,Good,5.5,9.1,5.7,5.2,145.0,39.0,,,,,,
2023-09-05T00:00,28,Good,5.1,8.4,5.4,5.0,143.0,38.0,,,,,,
2023-09-05T01:00,28,Good,4.4,7.2,5.0,4.8,140.0,37.0,,,,,,
2023-09-05T02:00,29,Good,3.5,5.8,4.7,4.6,137.0,37.0,,,,,,
2023-09-05T03:00,29,Good,3.0,4.8,4.4,4.5,135.0,37.0,,,,,,
2023-09-05T04:00,29,Good,2.8,4.7,4.2,4.5,133.0,37.0,,,,,,
2023-09-05T05:00,29,Good,4.0,7.0,3.8,4.3,127.0,36.0,,,,,,
2023-09-05T06:00,29,Good,3.8,6.8,3.7,4.4,127.0,37.0,,,,,,
2023-09-05T07:00,29,Good,3.9,6.8,3.5,4.6,128.0,39.0,,,,,,
2023-09-05T08:00,29,Good,4.4,7.6,3.2,4.8,129.0,42.0,,,,,,
2023-09-05T09:00,29,Good,5.1,8.7,2.9,5.0,131.0,48.0,,,,,,
2023-09-05T10:00,29,Good,5.3,8.9,2.5,5.1,134.0,56.0,,,,,,
2023-09-05T11:00,29,Good,5.2,8.5,2.1,5.1,135.0,64.0,,,,,,
2023-09-05T12:00,29,Good,5.2,8.6,1.7,4.9,135.0,71.0,,,,,,
2023-09-05T13:00,29,Good,5.3,8.8,1.4,4.6,133.0,78.0,,,,,,
2023-09-05T14:00,29,Good,5.5,9.3,1.3,4.3,132.0,82.0,,,,,,
2023-09-05T15:00,29,Good,5.5,9.5,1.6,4.1,131.0,80.0,,,,,,
2023-09-05T16:00,30,Good,5.7,10.0,2.2,4.0,129.0,75.0,,,,,,
2023-09-05T17:00,32,Good,8.3,15.9,2.7,3.4,120.0,66.0,,,,,,
2023-09-05T18:00,33,Good,7.8,14.6,3.4,3.7,123.0,61.0,,,,,,
2023-09-05T19:00,33,Good,7.2,13.1,4.4,4.2,128.0,55.0,,,,,,
2023-09-05T20:00,33,Good,7.0,12.3,5.2,4.6,132.0,50.0,,,,,,
2023-09-05T21:00,32,Good,6.7,11.7,5.6,4.9,135.0,47.0,,,,,,
2023-09-05T22:00,30,Good,6.5,11.2,5.7,5.1,136.0,45.0,,,,,,
2023-09-05T23:00,29,Good,6.0,10.1,5.7,5.2,137.0,44.0,,,,,,
2023-09-06T00:00,29,Good,5.3,8.7,5.5,5.1,136.0,44.0,,,,,,
2023-09-06T01:00,29,Good,4.6,7.4,5.1,5.0,134.0,44.0,,,,,,
2023-09-06T02:00,30,Good,3.9,6.2,4.6,4.7,131.0,44.0,,,,,,
2023-09-06T03:00,30,Good,3.6,5.9,4.1,4.3,127.0,44.0,,,,,,
2023-09-06T04:00,30,Good,3.7,6.1,3.4,3.9,123.0,44.0,,,,,,
2023-09-06T05:00,30,Good,3.4,5.7,3.2,3.7,123.0,44.0,,,,,,
2023-09-06T06:00,30,Good,3.2,5.3,3.3,4.0,125.0,44.0,,,,,,
2023-09-06T07:00,30,Good,2.9,4.8,3.3,4.4,129.0,43.0,,,,,,
2023-09-06T08:00,29,Good,3.0,4.9,3.2,4.7,131.0,45.0,,,,,,
2023-09-06T09:00,29,Good,3.6,5.7,2.8,4.8,131.0,50.0,,,,,,
2023-09-06T10:00,29,Good,4.5,7.1,2.2,4.7,131.0,57.0,,,,,,
2023-09-06T11:00,29,Good,4.7,7.6,1.7,4.5,130.0,63.0,,,,,,
2023-09-06T12:00,28,Good,4.9,8.2,1.4,4.1,128.0,67.0,,,,,,
2023-09-06T13:00,28,Good,5.2,9.1,1.2,3.6,126.0,71.0,,,,,,
2023-09-06T14:00,28,Good,5.5,10.0,1.2,3.3,125.0,73.0,,,,,,
2023-09-06T15:00,28,Good,5.8,10.6,1.5,3.2,126.0,73.0,,,,,,
2023-09-06T16:00,29,Good,5.8,10.5,2.0,3.2,127.0,71.0,,,,,,
2023-09-06T17:00,30,Good,6.0,11.2,2.6,2.8,114.0,59.0,,,,,,
2023-09-06T18:00,31,Good,5.3,9.5,3.1,3.1,117.0,56.0,,,,,,
2023-09-06T19:00,31,Good,5.0,8.8,3.9,3.5,120.0,51.0,,,,,,
2023-09-06T20:00,30,Good,4.9,8.8,4.4,3.9,123.0,47.0,,,,,,
2023-09-06T21:00,29,Good,5.2,9.2,4.6,4.1,124.0,44.0,,,,,,
2023-09-06T22:00,27,Good,5.5,10.0,4.6,4.3,124.0,43.0,,,,,,
2023-09-06T23:00,26,Good,5.8,10.4,4.5,4.4,124.0,41.0,,,,,,
2023-09-07T00:00,26,Good,5.5,9.9,4.4,4.4,124.0,40.0,,,,,,
2023-09-07T01:00,26,Good,5.3,9.5,4.1,4.2,123.0,39.0,,,,,,
2023-09-07T02:00,26,Good,5.2,9.2,3.9,4.1,121.0,38.0,,,,,,
2023-09-07T03:00,26,Good,4.9,8.8,3.6,4.0,118.0,38.0,,,,,,
2023-09-07T04:00,27,Good,4.5,8.2,3.3,3.8,113.0,38.0,,,,,,
2023-09-07T05:00,27,Good,3.9,7.1,2.7,3.2,105.0,39.0,,,,,,
2023-09-07T06:00,27,Good,3.3,6.1,2.7,3.3,105.0,39.0,,,,,,
2023-09-07T07:00,27,Good,3.4,6.2,2.6,3.5,105.0,39.0,,,,,,
2023-09-07T08:00,27,Good,3.9,7.0,2.5,3.7,105.0,42.0,,,,,,
2023-09-07T09:00,27,Good,4.1,7.2,2.1,3.8,105.0,48.0,,,,,,
2023-09-07T10:00,27,Good,4.0,6.8,1.7,3.9,105.0,57.0,,,,,,
2023-09-07T11:00,27,Good,4.2,7.2,1.3,3.8,105.0,64.0,,,,,,
2023-09-07T12:00,27,Good,4.5,8.1,1.1,3.4,104.0,68.0,,,,,,
2023-09-07T13:00,27,Good,4.8,9.1,0.9,2.9,103.0,71.0,,,,,,
2023-09-07T14:00,27,Good,5.3,10.0,1.0,2.6,103.0,71.0,,,,,,
2023-09-07T15:00,27,Good,5.5,10.5,1.3,2.6,104.0,68.0,,,,,,
2023-09-07T16:00,28,Good,5.3,10.3,1.9,2.7,105.0,64.0,,,,,,
2023-09-07T17:00,30,Good,5.2,9.3,2.9,3.1,109.0,60.0,,,,,,
2023-09-07T18:00,30,Good,4.7,8.3,3.5,3.4,112.0,56.0,,,,,,
2023-09-07T19:00,30,Good,4.6,8.1,4.3,3.9,115.0,51.0,,,,,,
2023-09-07T20:00,30,Good,4.8,8.6,4.9,4.3,118.0,47.0,,,,,,
2023-09-07T21:00,28,Good,5.1,9.2,5.2,4.6,120.0,45.0,,,,,,
2023-09-07T22:00,27,Good,5.3,9.6,5.2,4.7,121.0,44.0,,,,,,
2023-09-07T23:00,26,Good,5.6,10.2,5.1,4.7,121.0,43.0,,,,,,
2023-09-08T00:00,26,Good,5.7,10.6,4.7,4.4,118.0,43.0,,,,,,
2023-09-08T01:00,26,Good,6.0,11.1,4.0,3.9,113.0,43.0,,,,,,
2023-09-08T02:00,26,Good,5.9,11.3,3.5,3.5,109.0,43.0,,,,,,
2023-09-08T03:00,27,Good,5.5,10.4,3.1,3.2,106.0,43.0,,,,,,
2023-09-08T04:00,27,Good,5.3,9.9,2.8,3.1,103.0,44.0,,,,,,
2023-09-08T05:00,27,Good,4.3,7.6,3.6,4.5,119.0,43.0,,,,,,
2023-09-08T06:00,27,Good,4.9,8.6,3.5,4.6,121.0,43.0,,,,,,
2023-09-08T07:00,27,Good,5.2,9.1,3.4,4.8,125.0,43.0,,,,,,
2023-09-08T08:00,28,Good,5.9,10.6,3.2,4.9,127.0,46.0,,,,,,
2023-09-08T09:00,28,Good,6.5,12.0,2.7,4.9,128.0,54.0,,,,,,
2023-09-08T10:00,29,Good,6.8,12.9,2.1,4.8,128.0,64.0,,,,,,
2023-09-08T11:00,29,Good,7.5,14.2,1.6,4.5,128.0,73.0,,,,,,
2023-09-08T12:00,30,Good,8.0,15.4,1.3,3.9,127.0,78.0,,,,,,
2023-09-08T13:00,31,Good,8.4,16.5,1.1,3.1,125.0,81.0,,,,,,
2023-09-08T14:00,32,Good,8.1,16.4,1.2,2.6,124.0,82.0,,,,,,
2023-09-08T15:00,32,Good,7.4,15.0,1.6,2.7,126.0,79.0,,,,,,
2023-09-08T16:00,33,Good,6.9,13.4,2.3,3.2,130.0,74.0,,,,,,
2023-09-08T17:00,34,Good,9.1,18.5,2.8,2.5,120.0,69.0,,,,,,
2023-09-08T18:00,35,Good,8.6,17.5,3.2,2.8,120.0,64.0,,,,,,
2023-09-08T19:00,35,Good,8.6,17.1,3.9,3.1,121.0,56.0,,,,,,
2023-09-08T20:00,36,Good,8.7,17.2,4.3,3.4,122.0,50.0,,,,,,
2023-09-08T21:00,37,Good,8.2,16.2,4.4,3.6,123.0,47.0,,,,,,
2023-09-08T22:00,38,Good,7.7,15.1,4.3,3.7,124.0,46.0,,,,,,
2023-09-08T23:00,38,Good,6.6,12.7,4.2,3.8,125.0,46.0,,,,,,
2023-09-09T00:00,38,Good,4.8,8.7,4.1,3.8,125.0,46.0,,,,,,
2023-09-09T01:00,38,Good,3.7,6.4,3.9,3.8,124.0,46.0,,,,,,
2023-09-09T02:00,38,Good,3.7,6.3,3.7,3.8,123.0,46.0,,,,,,
2023-09-09T03:00,37,Good,4.2,7.4,3.5,3.8,120.0,45.0,,,,,,
2023-09-09T04:00,37,Good,4.6,8.3,3.4,3.7,117.0,43.0,,,,,,
2023-09-09T05:00,37,Good,4.5,8.3,3.6,4.4,127.0,42.0,,,,,,
2023-09-09T06:00,37,Good,4.8,8.6,3.5,4.7,128.0,42.0,,,,,,
2023-09-09T07:00,37,Good,4.4,7.9,3.3,5.0,131.0,42.0,,,,,,
2023-09-09T08:00,37,Good,4.5,7.8,3.0,5.2,133.0,46.0,,,,,,
2023-09-09T09:00,36,Good,5.4,8.8,2.6,5.2,136.0,56.0,,,,,,
2023-09-09T10:00,36,Good,6.6,10.6,2.0,5.2,140.0,69.0,,,,,,
2023-09-09T11:00,36,Good,6.9,11.2,1.6,4.8,141.0,78.0,,,,,,
2023-09-09T12:00,36,Good,7.1,11.8,1.3,3.9,137.0,80.0,,,,,,
2023-09-09T13:00,36,Good,6.9,11.8,1.2,2.7,130.0,78.0,,,,,,
2023-09-09T14:00,35,Good,5.6,9.7,1.3,2.0,126.0,76.0,,,,,,
2023-09-09T15:00,35,Good,4.9,8.7,1.7,2.2,127.0,76.0,,,,,,
2023-09-09T16:00,34,Good,4.5,7.5,2.3,2.8,131.0,75.0,,,,,,
2023-09-09T17:00,34,Good,7.3,12.8,3.0,2.6,133.0,78.0,,,,,,
2023-09-09T18:00,35,Good,7.1,12.8,3.4,2.9,132.0,71.0,,,,,,
2023-09-09T19:00,35,Good,7.4,13.4,4.1,3.3,131.0,62.0,,,,,,
2023-09-09T20:00,35,Good,7.5,13.7,4.6,3.6,131.0,54.0,,,,,,
2023-09-09T21:00,33,Good,6.5,11.7,5.0,3.8,134.0,49.0,,,,,,
2023-09-09T22:00,32,Good,5.8,10.0,5.3,4.0,137.0,46.0,,,,,,
2023-09-09T23:00,31,Good,5.5,9.4,5.4,4.1,140.0,43.0,,,,,,
2023-09-10T00:00,31,Good,5.2,8.8,5.3,4.2,140.0,41.0,,,,,,
2023-09-10T01:00,31,Good,4.5,7.5,5.0,4.3,140.0,40.0,,,,,,
2023-09-10T02:00,31,Good,3.7,6.0,4.6,4.3,138.0,40.0,,,,,,
2023-09-10T03:00,31,Good,3.2,5.2,4.2,4.3,135.0,40.0,,,,,,
2023-09-10T04:00,31,Good,2.9,4.9,3.7,4.2,130.0,40.0,,,,,,
2023-09-10T05:00,31,Good,4.0,7.5,3.3,4.0,128.0,39.0,,,,,,
2023-09-10T06:00,31,Good,3.8,7.2,3.3,4.3,131.0,38.0,,,,,,
2023-09-10T07:00,30,Good,3.9,7.2,3.2,4.7,135.0,38.0,,,,,,
2023-09-10T08:00,30,Good,4.4,8.1,3.0,4.9,138.0,41.0,,,,,,
2023-09-10T09:00,30,Good,5.2,9.2,2.5,4.8,140.0,51.0,,,,,,
2023-09-10T10:00,30,Good,6.2,10.6,2.0,4.6,140.0,65.0,,,,,,
2023-09-10T11:00,30,Good,6.0,10.4,1.5,4.3,140.0,75.0,,,,,,
2023-09-10T12:00,30,Good,5.8,10.0,1.2,3.8,137.0,79.0,,,,,,
2023-09-10T13:00,30,Good,5.5,9.4,1.1,3.1,134.0,80.0,,,,,,
2023-09-10T14:00,29,Good,5.1,8.5,1.2,2.8,132.0,80.0,,,,,,
2023-09-10T15:00,30,Good,4.7,7.3,1.7,3.0,134.0,79.0,,,,,,
2023-09-10T16:00,32,Good,4.3,6.5,2.4,3.5,138.0,76.0,,,,,,
2023-09-10T17:00,34,Good,4.6,7.1,2.9,3.4,137.0,74.0,,,,,,
2023-09-10T18:00,35,Good,3.9,6.1,3.7,3.6,140.0,67.0,,,,,,
2023-09-10T19:00,35,Good,3.9,6.0,4.7,4.0,145.0,57.0,,,,,,
2023-09-10T20:00,34,Good,3.4,5.1,5.5,4.3,148.0,49.0,,,,,,
2023-09-10T21:00,33,Good,3.3,4.9,5.8,4.6,149.0,45.0,,,,,,
2023-09-10T22:00,31,Good,3.3,5.0,5.8,4.9,150.0,42.0,,,,,,
2023-09-10T23:00,28,Good,3.4,5.4,5.7,5.1,148.0,40.0,,,,,,
2023-09-11T00:00,26,Good,4.0,6.8,5.3,5.1,143.0,39.0,,,,,,
2023-09-11T01:00,24,Good,3.2,5.3,4.7,4.9,135.0,39.0,,,,,,
2023-09-11T02:00,24,Good,2.9,5.0,4.2,4.7,130.0,39.0,,,,,,
2023-09-11T03:00,23,Good,3.0,5.0,3.9,4.5,128.0,38.0,,,,,,
2023-09-11T04:00,23,Good,2.8,4.6,3.7,4.3,128.0,37.0,,,,,,
2023-09-11T05:00,23,Good,3.7,6.6,3.6,4.1,134.0,36.0,,,,,,
2023-09-11T06:00,23,Good,3.8,6.6,3.4,4.5,135.0,36.0,,,,,,
2023-09-11T07:00,23,Good,3.7,6.3,3.1,5.1,136.0,37.0,,,,,,
2023-09-11T08:00,23,Good,4.0,6.5,2.8,5.6,138.0,40.0,,,,,,
2023-09-11T09:00,23,Good,4.6,7.3,2.5,5.9,140.0,48.0,,,,,,
2023-09-11T10:00,23,Good,5.5,8.5,2.1,6.1,143.0,60.0,,,,,,
2023-09-11T11:00,23,Good,6.0,9.3,1.9,6.1,145.0,69.0,,,,,,
2023-09-11T12:00,23,Good,6.4,10.4,1.8,5.6,147.0,75.0,,,,,,
2023-09-11T13:00,23,Good,7.4,12.1,1.8,5.0,150.0,80.0,,,,,,
2023-09-11T14:00,26,Good,7.7,13.0,2.0,4.4,152.0,81.0,,,,,,
2023-09-11T15:00,28,Good,6.7,11.8,2.5,4.1,153.0,78.0,,,,,,
2023-09-11T16:00,31,Good,6.4,11.5,3.2,4.0,154.0,72.0,,,,,,
2023-09-11T17:00,33,Good,9.4,18.2,3.6,4.0,151.0,77.0,,,,,,
2023-09-11T18:00,34,Good,8.9,17.2,4.2,4.1,152.0,70.0,,,,,,
2023-09-11T19:00,35,Good,8.2,15.7,4.9,4.3,153.0,61.0,,,,,,
2023-09-11T20:00,34,Good,7.6,14.2,5.5,4.5,153.0,53.0,,,,,,
2023-09-11T21:00,33,Good,6.6,12.0,5.6,4.7,151.0,47.0,,,,,,
2023-09-11T22:00,31,Good,5.4,9.6,5.5,4.8,147.0,43.0,,,,,,
2023-09-11T23:00,30,Good,4.7,8.0,5.4,4.9,144.0,39.0,,,,,,
2023-09-12T00:00,31,Good,3.9,6.5,5.3,5.0,142.0,37.0,,,,,,
2023-09-12T01:00,31,Good,3.3,5.4,5.1,5.0,140.0,36.0,,,,,,
2023-09-12T02:00,31,Good,2.9,4.7,4.8,5.0,137.0,35.0,,,,,,
2023-09-12T03:00,31,Good,2.7,4.2,4.4,4.9,133.0,34.0,,,,,,
2023-09-12T04:00,31,Good,2.3,3.6,4.0,4.8,129.0,34.0,,,,,,
2023-09-12T05:00,31,Good,4.0,6.8,4.1,4.8,137.0,33.0,,,,,,
2023-09-12T06:00,31,Good,4.0,6.9,3.7,5.1,137.0,34.0,,,,,,
2023-09-12T07:00,31,Good,4.2,7.2,3.2,5.4,137.0,37.0,,,,,,
2023-09-12T08:00,31,Good,4.8,8.3,2.7,5.6,138.0,42.0,,,,,,
2023-09-12T09:00,31,Good,6.1,10.7,2.3,5.5,139.0,51.0,,,,,,
2023-09-12T10:00,31,Good,6.4,11.8,2.0,5.2,141.0,64.0,,,,,,
2023-09-12T11:00,31,Good,6.3,11.8,1.7,4.8,142.0,74.0,,,,,,
2023-09-12T12:00,32,Good,7.2,12.8,1.4,4.0,144.0,83.0,,,,,,
2023-09-12T13:00,32,Good,8.6,14.8,1.2,3.0,145.0,89.0,,,,,,
2023-09-12T14:00,32,Good,9.4,16.4,1.3,2.4,146.0,92.0,,,,,,
2023-09-12T15:00,32,Good,8.5,15.0,1.9,2.5,145.0,88.0,,,,,,
2023-09-12T16:00,34,Good,6.3,10.8,2.7,2.9,144.0,79.0,,,,,,
2023-09-12T17:00,36,Good,10.2,18.5,3.7,2.5,142.0,78.0,,,,,,
2023-09-12T18:00,38,Good,9.1,16.1,4.0,2.8,140.0,72.0,,,,,,
2023-09-12T19:00,38,Good,8.5,14.8,4.4,3.3,137.0,63.0,,,,,,
2023-09-12T20:00,37,Good,7.6,13.2,4.7,3.7,134.0,55.0,,,,,,
2023-09-12T21:00,36,Good,7.1,12.2,4.8,3.9,131.0,50.0,,,,,,
2023-09-12T22:00,33,Good,6.8,11.8,4.8,3.9,128.0,47.0,,,,,,
2023-09-12T23:00,34,Good,6.9,12.1,4.7,3.9,126.0,44.0,,,,,,
2023-09-13T00:00,34,Good,6.6,11.5,4.6,3.9,125.0,42.0,,,,,,
2023-09-13T01:00,35,Good,6.2,10.7,4.5,3.8,125.0,41.0,,,,,,
2023-09-13T02:00,35,Good,5.4,9.2,4.3,3.8,125.0,40.0,,,,,,
2023-09-13T03:00,36,Good,4.4,7.2,4.1,3.8,124.0,39.0,,,,,,
2023-09-13T04:00,36,Good,3.4,5.5,3.8,3.8,122.0,38.0,,,,,,
2023-09-13T05:00,37,Good,5.4,9.3,4.4,4.7,129.0,36.0,,,,,,
2023-09-13T06:00,37,Good,5.4,9.5,4.3,4.9,130.0,36.0,,,,,,
2023-09-13T07:00,37,Good,5.5,9.5,4.1,5.2,132.0,36.0,,,,,,
2023-09-13T08:00,38,Good,5.6,9.5,3.8,5.5,133.0,39.0,,,,,,
2023-09-13T09:00,38,Good,6.0,9.8,3.3,5.8,133.0,46.0,,,,,,
2023-09-13T10:00,38,Good,6.5,10.6,2.7,6.0,132.0,55.0,,,,,,
2023-09-13T11:00,38,Good,6.9,11.9,2.2,5.9,131.0,64.0,,,,,,
2023-09-13T12:00,38,Good,7.5,13.9,1.8,5.1,129.0,72.0,,,,,,
2023-09-13T13:00,38,Good,8.0,15.3,1.4,4.0,127.0,79.0,,,,,,
2023-09-13T14:00,38,Good,8.9,16.5,1.4,3.2,126.0,83.0,,,,,,
2023-09-13T15:00,38,Good,8.6,15.8,1.9,3.2,127.0,82.0,,,,,,
2023-09-13T16:00,38,Good,7.3,13.6,2.8,3.5,128.0,77.0,,,,,,
2023-09-13T17:00,38,Good,8.5,16.5,2.8,3.0,119.0,69.0,,,,,,
2023-09-13T18:00,38,Good,7.6,14.2,3.3,3.2,120.0,64.0,,,,,,
2023-09-13T19:00,37,Good,7.5,13.6,4.0,3.4,122.0,56.0,,,,,,
2023-09-13T20:00,37,Good,7.4,13.4,4.6,3.6,124.0,50.0,,,,,,
2023-09-13T21:00,37,Good,7.6,13.8,4.9,3.7,125.0,46.0,,,,,,
2023-09-13T22:00,37,Good,7.7,14.0,5.1,3.8,125.0,43.0,,,,,,
2023-09-13T23:00,37,Good,7.3,13.1,5.1,3.9,125.0,41.0,,,,,,
2023-09-14T00:00,37,Good,6.7,12.0,5.0,3.9,124.0,39.0,,,,,,
2023-09-14T01:00,37,Good,5.7,10.1,4.7,3.8,123.0,38.0,,,,,,
2023-09-14T02:00,37,Good,4.6,7.9,4.4,3.8,121.0,38.0,,,,,,
2023-09-14T03:00,37,Good,3.7,6.2,4.1,3.7,118.0,38.0,,,,,,
2023-09-14T04:00,37,Good,3.0,4.9,3.7,3.7,115.0,38.0,,,,,,
2023-09-14T05:00,37,Good,6.1,11.5,4.3,4.2,123.0,35.0,,,,,,
2023-09-14T06:00,37,Good,6.1,11.6,4.0,4.6,125.0,35.0,,,,,,
2023-09-14T07:00,37,Good,6.1,11.4,3.7,5.1,127.0,37.0,,,,,,
2023-09-14T08:00,37,Good,6.3,11.4,3.2,5.4,129.0,41.0,,,,,,
2023-09-14T09:00,37,Good,6.9,12.0,2.6,5.3,132.0,52.0,,,,,,
2023-09-14T10:00,38,Good,7.5,12.9,2.0,4.8,135.0,66.0,,,,,,
2023-09-14T11:00,38,Good,7.2,12.8,1.5,4.3,136.0,76.0,,,,,,
2023-09-14T12:00,38,Good,6.9,12.7,1.2,3.5,133.0,80.0,,,,,,
2023-09-14T13:00,38,Good,6.8,13.0,1.0,2.5,127.0,81.0,,,,,,
2023-09-14T14:00,37,Good,7.1,13.8,1.0,1.9,124.0,80.0,,,,,,
2023-09-14T15:00,37,Good,6.1,12.0,1.4,2.0,126.0,78.0,,,,,,
2023-09-14T16:00,37,Good,5.7,10.5,2.0,2.4,130.0,74.0,,,,,,
2023-09-14T17:00,36,Good,7.5,14.2,2.1,2.3,112.0,65.0,,,,,,
2023-09-14T18:00,36,Good,7.2,13.6,2.6,2.7,115.0,60.0,,,,,,
2023-09-14T19:00,36,Good,6.9,12.8,3.4,3.2,119.0,54.0,,,,,,
2023-09-14T20:00,36,Good,6.8,12.6,4.0,3.6,123.0,48.0,,,,,,
2023-09-14T21:00,36,Good,6.9,12.7,4.3,3.8,125.0,45.0,,,,,,
2023-09-14T22:00,35,Good,7.1,13.0,4.4,4.0,126.0,43.0,,,,,,
2023-09-14T23:00,35,Good,7.2,13.4,4.4,4.1,127.0,41.0,,,,,,
2023-09-15T00:00,35,Good,7.5,13.8,4.3,4.1,127.0,39.0,,,,,,
2023-09-15T01:00,35,Good,7.4,13.7,4.2,4.1,127.0,38.0,,,,,,
2023-09-15T02:00,36,Good,7.2,13.3,4.0,4.1,126.0,37.0,,,,,,
2023-09-15T03:00,36,Good,6.6,12.3,3.9,4.1,124.0,35.0,,,,,,
2023-09-15T04:00,37,Good,5.8,10.7,3.7,4.1,122.0,34.0,,,,,,
2023-09-15T05:00,38,Good,7.1,13.2,3.4,3.6,123.0,37.0,,,,,,
2023-09-15T06:00,38,Good,6.9,12.8,3.1,3.6,124.0,37.0,,,,,,
2023-09-15T07:00,38,Good,6.8,12.6,2.7,3.6,125.0,37.0,,,,,,
2023-09-15T08:00,38,Good,6.7,12.6,2.3,3.6,126.0,39.0,,,,,,
2023-09-15T09:00,38,Good,6.7,12.6,1.9,3.7,125.0,46.0,,,,,,
2023-09-15T10:00,38,Good,6.9,13.0,1.5,3.7,124.0,56.0,,,,,,
2023-09-15T11:00,38,Good,7.1,13.8,1.2,3.5,121.0,62.0,,,,,,
2023-09-15T12:00,38,Good,7.3,14.4,0.9,2.8,115.0,63.0,,,,,,
2023-09-15T13:00,38,Good,7.3,14.6,0.6,1.9,107.0,60.0,,,,,,
2023-09-15T14:00,38,Good,6.8,13.4,0.6,1.3,103.0,58.0,,,,,,
2023-09-15T15:00,38,Good,6.1,12.0,0.9,1.5,104.0,57.0,,,,,,
2023-09-15T16:00,38,Good,5.6,10.8,1.4,2.1,108.0,56.0,,,,,,
2023-09-15T17:00,38,Good,6.9,13.4,1.8,2.1,108.0,59.0,,,,,,
2023-09-15T18:00,38,Good,6.5,12.5,2.3,2.4,110.0,57.0,,,,,,
2023-09-15T19:00,38,Good,6.2,11.9,2.9,2.7,113.0,53.0,,,,,,
2023-09-15T20:00,38,Good,6.0,11.5,3.5,3.1,116.0,50.0,,,,,,
2023-09-15T21:00,38,Good,6.0,11.4,3.9,3.5,118.0,48.0,,,,,,
2023-09-15T22:00,37,Good,6.3,11.8,4.2,3.9,121.0,46.0,,,,,,
2023-09-15T23:00,37,Good,6.4,12.2,4.3,4.2,122.0,44.0,,,,,,
2023-09-16T00:00,37,Good,6.4,12.1,4.2,4.2,122.0,42.0,,,,,,
2023-09-16T01:00,37,Good,6.1,11.7,4.0,4.1,120.0,41.0,,,,,,
2023-09-16T02:00,37,Good,5.7,10.8,3.8,4.0,119.0,39.0,,,,,,
2023-09-16T03:00,36,Good,5.0,9.4,3.7,4.0,119.0,37.0,,,,,,
2023-09-16T04:00,36,Good,4.4,7.9,3.7,4.0,118.0,36.0,,,,,,
2023-09-16T05:00,35,Good,5.2,9.9,3.2,3.6,118.0,38.0,,,,,,
2023-09-16T06:00,35,Good,4.9,9.4,3.0,3.8,119.0,38.0,,,,,,
2023-09-16T07:00,35,Good,4.9,9.3,2.7,4.0,121.0,38.0,,,,,,
2023-09-16T08:00,34,Good,5.0,9.5,2.4,4.1,123.0,41.0,,,,,,
2023-09-16T09:00,34,Good,5.3,9.9,2.0,4.0,124.0,49.0,,,,,,
2023-09-16T10:00,33,Good,5.6,10.6,1.6,3.7,126.0,60.0,,,,,,
2023-09-16T11:00,33,Good,6.0,11.5,1.2,3.3,125.0,67.0,,,,,,
2023-09-16T12:00,33,Good,6.2,12.1,0.9,2.8,121.0,68.0,,,,,,
2023-09-16T13:00,33,Good,6.5,12.7,0.8,2.1,115.0,65.0,,,,,,
2023-09-16T14:00,32,Good,5.4,10.6,0.8,1.8,111.0,63.0,,,,,,
2023-09-16T15:00,32,Good,4.9,9.3,1.1,2.0,111.0,63.0,,,,,,
2023-09-16T16:00,32,Good,5.2,9.7,1.6,2.4,113.0,63.0,,,,,,
2023-09-16T17:00,32,Good,6.9,13.4,2.3,2.9,123.0,65.0,,,,,,
2023-09-16T18:00,32,Good,7.2,14.1,2.8,3.1,125.0,62.0,,,,,,
2023-09-16T19:00,32,Good,7.3,14.3,3.5,3.5,128.0,58.0,,,,,,
2023-09-16T20:00,32,Good,7.3,14.0,4.1,3.8,131.0,55.0,,,,,,
2023-09-16T21:00,32,Good,7.0,13.4,4.5,4.1,134.0,52.0,,,,,,
2023-09-16T22:00,33,Good,6.8,12.8,4.7,4.4,136.0,50.0,,,,,,
2023-09-16T23:00,33,Good,6.6,12.3,4.9,4.7,138.0,48.0,,,,,,
2023-09-17T00:00,33,Good,6.2,11.4,5.0,4.9,140.0,46.0,,,,,,
2023-09-17T01:00,33,Good,5.9,10.6,5.1,5.0,141.0,43.0,,,,,,
2023-09-17T02:00,33,Good,5.5,9.8,5.0,5.0,141.0,41.0,,,,,,
2023-09-17T03:00,33,Good,5.3,9.3,4.8,4.8,140.0,39.0,,,,,,
2023-09-17T04:00,33,Good,5.2,9.1,4.5,4.6,138.0,38.0,,,,,,
2023-09-17T05:00,33,Good,5.2,9.5,3.9,4.6,129.0,42.0,,,,,,
2023-09-17T06:00,33,Good,5.2,9.4,3.9,5.1,132.0,41.0,,,,,,
2023-09-17T07:00,33,Good,5.1,9.2,3.9,5.8,136.0,40.0,,,,,,
2023-09-17T08:00,33,Good,5.1,9.1,3.7,6.1,139.0,42.0,,,,,,
2023-09-17T09:00,33,Good,5.6,9.6,3.2,5.9,139.0,48.0,,,,,,
2023-09-17T10:00,33,Good,6.3,10.7,2.5,5.4,137.0,57.0,,,,,,
2023-09-17T11:00,33,Good,6.3,11.3,1.9,4.7,134.0,64.0,,,,,,
2023-09-17T12:00,33,Good,6.3,11.9,1.4,3.6,127.0,67.0,,,,,,
2023-09-17T13:00,33,Good,6.6,12.8,1.1,2.3,119.0,67.0,,,,,,
2023-09-17T14:00,33,Good,6.4,12.6,1.0,1.5,115.0,67.0,,,,,,
2023-09-17T15:00,34,Good,6.1,12.0,1.4,1.7,117.0,67.0,,,,,,
2023-09-17T16:00,34,Good,5.6,10.7,2.2,2.4,123.0,66.0,,,,,,
2023-09-17T17:00,34,Good,7.4,13.1,3.1,3.3,133.0,64.0,,,,,,
2023-09-17T18:00,34,Good,7.1,12.4,3.7,3.6,136.0,62.0,,,,,,
2023-09-17T19:00,34,Good,7.2,12.4,4.4,4.1,140.0,58.0,,,,,,
2023-09-17T20:00,34,Good,6.8,11.8,5.0,4.4,142.0,55.0,,,,,,
2023-09-17T21:00,34,Good,6.4,11.2,5.2,4.4,141.0,51.0,,,,,,
2023-09-17T22:00,34,Good,6.0,10.4,5.2,4.4,139.0,47.0,,,,,,
2023-09-17T23:00,34,Good,5.5,9.4,5.1,4.3,137.0,44.0,,,,,,
2023-09-18T00:00,33,Good,5.1,8.7,5.0,4.4,136.0,42.0,,,,,,
2023-09-18T01:00,33,Good,4.8,8.1,4.9,4.4,135.0,40.0,,,,,,
2023-09-18T02:00,33,Good,4.4,7.4,4.8,4.5,134.0,38.0,,,,,,
2023-09-18T03:00,33,Good,4.1,6.8,4.7,4.5,133.0,37.0,,,,,,
2023-09-18T04:00,32,Good,4.0,6.5,4.5,4.4,131.0,35.0,,,,,,
2023-09-18T05:00,32,Good,4.1,7.3,3.3,4.1,119.0,38.0,,,,,,
2023-09-18T06:00,32,Good,4.0,7.1,3.4,4.3,121.0,37.0,,,,,,
2023-09-18T07:00,32,Good,3.8,6.6,3.6,4.6,124.0,36.0,,,,,,
2023-09-18T08:00,31,Good,3.7,6.4,3.7,4.9,127.0,36.0,,,,,,
2023-09-18T09:00,31,Good,4.0,6.7,3.5,5.3,131.0,39.0,,,,,,
2023-09-18T10:00,31,Good,4.5,7.4,3.2,5.8,134.0,42.0,,,,,,
2023-09-18T11:00,30,Good,5.0,8.0,2.9,6.0,136.0,47.0,,,,,,
2023-09-18T12:00,30,Good,5.3,8.2,2.4,5.9,135.0,53.0,,,,,,
2023-09-18T13:00,30,Good,5.2,8.3,1.8,5.6,131.0,60.0,,,,,,
2023-09-18T14:00,29,Good,4.8,7.7,1.6,5.3,129.0,63.0,,,,,,
2023-09-18T15:00,29,Good,4.3,7.0,2.0,5.0,127.0,60.0,,,,,,
2023-09-18T16:00,28,Good,3.9,6.5,2.8,4.6,126.0,54.0,,,,,,
2023-09-18T17:00,28,Good,6.2,10.7,2.8,4.4,117.0,54.0,,,,,,
2023-09-18T18:00,28,Good,5.7,9.7,3.4,4.5,120.0,51.0,,,,,,
2023-09-18T19:00,27,Good,5.5,9.1,4.3,4.7,125.0,46.0,,,,,,
2023-09-18T20:00,27,Good,5.3,8.9,4.9,4.8,128.0,42.0,,,,,,
2023-09-18T21:00,27,Good,4.6,7.7,5.1,4.9,128.0,40.0,,,,,,
2023-09-18T22:00,26,Good,4.0,6.6,5.0,5.0,127.0,38.0,,,,,,
2023-09-18T23:00,26,Good,3.9,6.4,5.0,5.0,126.0,37.0,,,,,,
2023-09-19T00:00,26,Good,3.9,6.4,5.0,4.9,128.0,36.0,,,,,,
2023-09-19T01:00,25,Good,3.8,6.2,5.0,4.8,130.0,34.0,,,,,,
2023-09-19T02:00,25,Good,3.5,5.7,5.0,4.8,132.0,33.0,,,,,,
2023-09-19T03:00,25,Good,3.4,5.3,5.0,4.9,133.0,32.0,,,,,,
2023-09-19T04:00,25,Good,3.2,5.1,5.0,5.1,134.0,30.0,,,,,,
2023-09-19T05:00,24,Good,3.7,6.1,4.3,5.3,124.0,32.0,,,,,,
2023-09-19T06:00,24,Good,3.7,6.0,3.9,5.6,126.0,33.0,,,,,,
2023-09-19T07:00,24,Good,3.8,6.1,3.4,5.9,128.0,34.0,,,,,,
2023-09-19T08:00,24,Good,4.2,6.7,2.9,6.1,129.0,38.0,,,,,,
2023-09-19T09:00,24,Good,5.1,8.0,2.4,6.0,130.0,47.0,,,,,,
2023-09-19T10:00,25,Good,5.8,9.2,1.8,5.6,130.0,59.0,,,,,,
2023-09-19T11:00,25,Good,6.0,10.0,1.4,5.0,128.0,68.0,,,,,,
2023-09-19T12:00,25,Good,6.1,10.7,0.9,3.8,121.0,72.0,,,,,,
2023-09-19T13:00,25,Good,6.2,11.5,0.6,2.4,113.0,72.0,,,,,,
2023-09-19T14:00,26,Good,6.5,12.4,0.7,1.7,111.0,72.0,,,,,,
2023-09-19T15:00,27,Good,5.3,9.9,1.7,2.5,122.0,71.0,,,,,,
2023-09-19T16:00,29,Good,5.3,8.4,3.2,4.0,139.0,70.0,,,,,,
2023-09-19T17:00,31,Good,5.3,8.8,3.2,3.4,132.0,69.0,,,,,,
2023-09-19T18:00,32,Good,5.4,8.6,4.0,3.9,137.0,64.0,,,,,,
2023-09-19T19:00,32,Good,5.7,8.9,5.0,4.6,144.0,57.0,,,,,,
2023-09-19T20:00,32,Good,5.9,9.3,5.8,5.2,149.0,51.0,,,,,,
2023-09-19T21:00,30,Good,5.8,9.1,6.1,5.6,150.0,47.0,,,,,,
2023-09-19T22:00,29,Good,5.5,8.4,6.1,5.9,150.0,44.0,,,,,,
2023-09-19T23:00,27,Good,5.3,8.3,6.0,6.0,147.0,42.0,,,,,,
2023-09-20T00:00,27,Good,4.9,8.0,5.7,5.8,142.0,40.0,,,,,,
2023-09-20T01:00,28,Good,4.8,8.0,5.3,5.4,135.0,38.0,,,,,,
2023-09-20T02:00,28,Good,4.6,7.7,4.9,5.2,129.0,36.0,,,,,,
2023-09-20T03:00,28,Good,4.0,6.7,4.7,5.3,126.0,35.0,,,,,,
2023-09-20T04:00,28,Good,3.6,6.1,4.7,5.5,125.0,34.0,,,,,,
2023-09-20T05:00,28,Good,4.8,8.3,4.0,4.4,117.0,34.0,,,,,,
2023-09-20T06:00,29,Good,4.7,8.2,3.8,4.9,118.0,34.0,,,,,,
2023-09-20T07:00,29,Good,4.6,8.1,3.5,5.5,120.0,34.0,,,,,,
2023-09-20T08:00,29,Good,4.8,8.6,3.2,6.1,122.0,37.0,,,,,,
2023-09-20T09:00,29,Good,5.6,10.0,2.8,6.6,125.0,44.0,,,,,,
2023-09-20T10:00,29,Good,6.2,11.4,2.4,6.9,129.0,54.0,,,,,,
2023-09-20T11:00,29,Good,6.7,12.8,2.0,6.9,130.0,62.0,,,,,,
2023-09-20T12:00,30,Good,7.7,15.0,1.5,6.1,126.0,68.0,,,,,,
2023-09-20T13:00,30,Good,8.1,16.1,1.1,4.8,120.0,72.0,,,,,,
2023-09-20T14:00,30,Good,8.0,16.1,1.0,3.9,116.0,75.0,,,,,,
2023-09-20T15:00,31,Good,7.7,15.6,1.4,3.6,117.0,75.0,,,,,,
2023-09-20T16:00,31,Good,7.2,14.3,2.1,3.6,120.0,73.0,,,,,,
2023-09-20T17:00,32,Good,6.2,12.0,1.9,2.1,102.0,65.0,,,,,,
2023-09-20T18:00,32,Good,6.3,11.9,2.8,2.8,111.0,64.0,,,,,,
2023-09-20T19:00,32,Good,6.9,12.6,3.9,3.7,123.0,63.0,,,,,,
2023-09-20T20:00,32,Good,7.1,12.8,4.9,4.5,133.0,61.0,,,,,,
2023-09-20T21:00,33,Good,6.9,12.2,5.4,5.0,139.0,58.0,,,,,,
2023-09-20T22:00,33,Good,6.9,12.0,5.8,5.4,142.0,54.0,,,,,,
2023-09-20T23:00,33,Good,6.9,12.1,5.9,5.6,144.0,50.0,,,,,,
2023-09-21T00:00,34,Good,6.8,11.9,5.8,5.4,143.0,47.0,,,,,,
2023-09-21T01:00,34,Good,6.9,12.2,5.5,5.1,140.0,44.0,,,,,,
2023-09-21T02:00,35,Good,6.5,11.4,5.2,4.8,136.0,42.0,,,,,,
2023-09-21T03:00,35,Good,6.0,10.7,5.0,4.6,132.0,40.0,,,,,,
2023-09-21T04:00,35,Good,5.5,9.6,4.8,4.6,127.0,38.0,,,,,,
2023-09-21T05:00,36,Good,7.4,12.8,6.5,6.9,165.0,37.0,,,,,,
2023-09-21T06:00,36,Good,7.7,13.4,5.8,7.3,163.0,41.0,,,,,,
2023-09-21T07:00,37,Good,8.3,14.6,4.9,7.9,160.0,47.0,,,,,,
2023-09-21T08:00,38,Good,9.4,16.2,4.0,8.5,158.0,56.0,,,,,,
2023-09-21T09:00,39,Good,9.9,17.2,3.3,9.2,158.0,71.0,,,,,,
2023-09-21T10:00,40,Good,10.3,18.2,2.6,9.9,159.0,89.0,,,,,,
2023-09-21T11:00,41,Good,11.2,20.0,2.0,9.7,156.0,100.0,,,,,,
2023-09-21T12:00,42,Good,11.8,21.3,1.4,7.9,145.0,100.0,,,,,,
2023-09-21T13:00,43,Good,11.7,22.0,0.9,5.3,131.0,93.0,,,,,,
2023-09-21T14:00,44,Good,10.9,21.2,0.8,3.5,122.0,87.0,,,,,,
2023-09-21T15:00,45,Good,9.4,18.6,1.3,3.2,122.0,83.0,,,,,,
2023-09-21T16:00,45,Good,6.9,13.0,2.1,3.7,128.0,78.0,,,,,,
2023-09-21T17:00,45,Good,8.0,14.1,3.5,4.7,142.0,67.0,,,,,,
2023-09-21T18:00,45,Good,7.5,12.7,4.3,4.9,147.0,63.0,,,,,,
2023-09-21T19:00,46,Good,7.2,12.2,5.3,5.1,153.0,56.0,,,,,,
2023-09-21T20:00,46,Good,7.2,12.1,6.1,5.4,158.0,51.0,,,,,,
2023-09-21T21:00,46,Good,7.2,12.1,6.5,5.7,159.0,47.0,,,,,,
2023-09-21T22:00,46,Good,7.2,12.1,6.6,6.0,159.0,44.0,,,,,,
2023-09-21T23:00,46,Good,7.0,11.8,6.6,6.2,158.0,42.0,,,,,,
2023-09-22T00:00,46,Good,6.7,11.3,6.5,6.3,158.0,40.0,,,,,,
2023-09-22T01:00,46,Good,6.6,11.1,6.3,6.3,157.0,38.0,,,,,,
2023-09-22T02:00,46,Good,6.4,10.6,6.0,6.3,155.0,37.0,,,,,,
2023-09-22T03:00,46,Good,6.0,9.8,5.7,6.4,151.0,36.0,,,,,,
2023-09-22T04:00,46,Good,5.4,8.8,5.4,6.5,147.0,35.0,,,,,,
2023-09-22T05:00,46,Good,5.6,9.6,4.6,5.8,136.0,36.0,,,,,,
2023-09-22T06:00,45,Good,5.4,9.2,4.4,6.5,140.0,37.0,,,,,,
2023-09-22T07:00,45,Good,5.4,9.1,4.2,7.4,144.0,39.0,,,,,,
2023-09-22T08:00,44,Good,5.6,9.3,3.8,7.9,146.0,43.0,,,,,,
2023-09-22T09:00,43,Good,6.2,10.2,3.1,7.8,143.0,51.0,,,,,,
2023-09-22T10:00,42,Good,6.2,10.4,2.3,7.3,138.0,62.0,,,,,,
2023-09-22T11:00,41,Good,6.4,11.3,1.6,6.5,131.0,68.0,,,,,,
2023-09-22T12:00,40,Good,6.8,12.3,1.1,5.0,123.0,67.0,,,,,,
2023-09-22T13:00,39,Good,6.9,12.9,0.7,3.2,114.0,62.0,,,,,,
2023-09-22T14:00,38,Good,5.8,10.7,0.7,2.0,108.0,58.0,,,,,,
2023-09-22T15:00,37,Good,4.5,8.2,1.1,2.1,109.0,56.0,,,,,,
2023-09-22T16:00,36,Good,3.9,6.9,1.9,2.9,113.0,54.0,,,,,,
2023-09-22T17:00,35,Good,5.4,8.9,3.0,4.4,122.0,59.0,,,,,,
2023-09-22T18:00,34,Good,5.4,8.9,3.5,4.5,124.0,56.0,,,,,,
2023-09-22T19:00,34,Good,5.6,9.3,4.3,4.6,126.0,51.0,,,,,,
2023-09-22T20:00,34,Good,5.7,9.6,4.8,4.6,127.0,47.0,,,,,,
2023-09-22T21:00,33,Good,5.7,9.7,5.0,4.5,125.0,44.0,,,,,,
2023-09-22T22:00,33,Good,5.6,9.6,4.9,4.5,123.0,41.0,,,,,,
2023-09-22T23:00,32,Good,5.4,9.5,4.9,4.4,121.0,39.0,,,,,,
2023-09-23T00:00,32,Good,5.4,9.5,5.0,4.4,122.0,37.0,,,,,,
2023-09-23T01:00,32,Good,5.5,9.8,5.1,4.4,123.0,36.0,,,,,,
2023-09-23T02:00,32,Good,5.5,9.7,5.2,4.6,126.0,35.0,,,,,,
2023-09-23T03:00,31,Good,5.4,9.4,5.5,5.0,130.0,33.0,,,,,,
2023-09-23T04:00,31,Good,5.4,9.4,5.7,5.5,134.0,32.0,,,,,,
2023-09-23T05:00,31,Good,5.8,10.0,6.0,5.4,147.0,31.0,,,,,,
2023-09-23T06:00,31,Good,5.9,10.4,5.5,6.0,150.0,33.0,,,,,,
2023-09-23T07:00,31,Good,6.6,11.5,4.7,6.9,155.0,36.0,,,,,,
2023-09-23T08:00,32,Good,7.4,13.0,4.0,7.5,157.0,43.0,,,,,,
2023-09-23T09:00,32,Good,8.5,15.1,3.3,7.9,155.0,56.0,,,,,,
2023-09-23T10:00,33,Good,8.6,16.3,2.5,8.1,151.0,73.0,,,,,,
2023-09-23T11:00,33,Good,9.3,18.3,1.9,7.7,146.0,85.0,,,,,,
2023-09-23T12:00,34,Good,10.3,20.3,1.4,6.4,138.0,89.0,,,,,,
2023-09-23T13:00,35,Good,10.7,21.7,1.0,4.5,128.0,88.0,,,,,,
2023-09-23T14:00,35,Good,10.5,21.3,0.9,3.2,121.0,85.0,,,,,,
2023-09-23T15:00,37,Good,9.8,19.4,1.3,3.1,120.0,81.0,,,,,,
2023-09-23T16:00,38,Good,8.3,15.9,2.1,3.5,122.0,76.0,,,,,,
2023-09-23T17:00,39,Good,8.2,15.3,3.1,3.9,127.0,75.0,,,,,,
2023-09-23T18:00,39,Good,8.1,14.7,3.9,4.4,131.0,70.0,,,,,,
2023-09-23T19:00,40,Good,8.1,14.3,4.9,5.0,137.0,62.0,,,,,,
2023-09-23T20:00,41,Good,7.9,14.1,5.7,5.5,140.0,55.0,,,,,,
2023-09-23T21:00,41,Good,7.7,14.0,6.0,5.7,139.0,50.0,,,,,,
2023-09-23T22:00,42,Good,7.5,13.9,6.0,5.8,137.0,46.0,,,,,,
2023-09-23T23:00,42,Good,7.3,13.7,6.0,5.8,135.0,43.0,,,,,,
2023-09-24T00:00,43,Good,7.2,13.6,6.0,5.8,136.0,40.0,,,,,,
2023-09-24T01:00,43,Good,6.9,13.0,5.9,5.8,137.0,39.0,,,,,,
2023-09-24T02:00,43,Good,6.4,11.8,5.8,5.8,138.0,37.0,,,,,,
2023-09-24T03:00,43,Good,6.0,10.8,5.6,5.8,138.0,35.0,,,,,,
2023-09-24T04:00,44,Good,5.6,9.7,5.4,5.9,139.0,34.0,,,,,,
2023-09-24T05:00,44,Good,6.3,11.6,5.3,5.6,142.0,35.0,,,,,,
2023-09-24T06:00,44,Good,6.3,11.3,4.8,5.9,143.0,36.0,,,,,,
2023-09-24T07:00,44,Good,6.4,11.6,4.2,6.2,143.0,39.0,,,,,,
2023-09-24T08:00,44,Good,6.8,12.4,3.5,6.6,144.0,45.0,,,,,,
2023-09-24T09:00,44,Good,7.8,14.0,2.9,7.2,144.0,58.0,,,,,,
2023-09-24T10:00,44,Good,8.0,15.3,2.2,7.8,144.0,75.0,,,,,,
2023-09-24T11:00,43,Good,8.8,17.4,1.7,7.7,144.0,88.0,,,,,,
2023-09-24T12:00,43,Good,9.8,19.2,1.3,6.3,143.0,96.0,,,,,,
2023-09-24T13:00,43,Good,10.7,20.7,0.9,4.3,141.0,100.0,,,,,,
2023-09-24T14:00,43,Good,11.3,22.3,0.9,2.8,140.0,101.0,,,,,,
2023-09-24T15:00,43,Good,11.6,23.1,1.2,2.3,138.0,99.0,,,,,,
2023-09-24T16:00,44,Good,10.8,21.6,1.8,2.2,136.0,94.0,,,,,,
2023-09-24T17:00,44,Good,8.5,15.9,3.5,3.2,135.0,91.0,,,,,,
2023-09-24T18:00,44,Good,8.1,15.5,4.2,3.6,137.0,83.0,,,,,,
2023-09-24T19:00,44,Good,8.2,15.9,5.2,4.1,140.0,72.0,,,,,,
2023-09-24T20:00,44,Good,8.2,16.4,5.8,4.5,141.0,62.0,,,,,,
2023-09-24T21:00,44,Good,8.1,17.3,5.8,4.8,137.0,55.0,,,,,,
2023-09-24T22:00,45,Good,7.9,18.7,5.5,4.9,131.0,50.0,,,,,,
2023-09-24T23:00,45,Good,7.7,19.8,5.1,5.0,126.0,46.0,,,,,,
2023-09-25T00:00,45,Good,7.3,19.3,4.8,4.8,122.0,43.0,,,,,,
2023-09-25T01:00,45,Good,6.6,17.6,4.5,4.6,119.0,41.0,,,,,,
2023-09-25T02:00,45,Good,6.0,15.7,4.2,4.4,116.0,39.0,,,,,,
2023-09-25T03:00,45,Good,5.4,13.8,4.0,4.5,114.0,37.0,,,,,,
2023-09-25T04:00,44,Good,4.8,12.1,3.9,4.7,112.0,36.0,,,,,,
2023-09-25T05:00,44,Good,8.3,17.9,5.8,6.0,160.0,33.0,,,,,,
2023-09-25T06:00,45,Good,8.6,19.0,5.3,6.7,160.0,37.0,,,,,,
2023-09-25T07:00,45,Good,9.0,20.3,4.6,7.7,159.0,43.0,,,,,,
2023-09-25T08:00,46,Good,9.7,22.2,3.9,8.3,157.0,51.0,,,,,,
2023-09-25T09:00,47,Good,9.5,23.5,3.1,8.2,154.0,64.0,,,,,,
2023-09-25T10:00,47,Good,10.4,26.0,2.2,7.6,149.0,80.0,,,,,,
2023-09-25T11:00,48,Good,11.3,27.4,1.5,6.7,144.0,91.0,,,,,,
2023-09-25T12:00,48,Good,11.8,27.8,1.0,5.1,138.0,95.0,,,,,,
2023-09-25T13:00,49,Good,12.2,27.7,0.7,3.0,131.0,95.0,,,,,,
2023-09-25T14:00,49,Good,12.0,26.2,0.8,1.8,128.0,93.0,,,,,,
2023-09-25T15:00,49,Good,11.5,23.7,1.4,2.0,130.0,90.0,,,,,,
2023-09-25T16:00,49,Good,9.5,18.9,2.3,3.0,135.0,86.0,,,,,,
2023-09-25T17:00,49,Good,9.4,18.6,2.5,1.9,124.0,78.0,,,,,,
2023-09-25T18:00,49,Good,8.1,15.7,3.8,3.1,135.0,73.0,,,,,,
2023-09-25T19:00,49,Good,8.4,15.6,5.5,4.8,150.0,66.0,,,,,,
2023-09-25T20:00,49,Good,8.8,16.1,6.7,6.0,160.0,59.0,,,,,,
2023-09-25T21:00,49,Good,9.2,16.8,6.9,6.3,161.0,54.0,,,,,,
2023-09-25T22:00,49,Good,9.2,17.5,6.6,6.1,158.0,50.0,,,,,,
2023-09-25T23:00,50,Good,9.0,18.6,6.3,5.9,154.0,46.0,,,,,,
2023-09-26T00:00,50,Good,8.8,19.9,6.0,5.7,149.0,43.0,,,,,,
2023-09-26T01:00,50,Good,8.8,21.0,5.6,5.5,143.0,40.0,,,,,,
2023-09-26T02:00,50,Good,8.9,22.3,5.3,5.4,138.0,38.0,,,,,,
2023-09-26T03:00,51,Moderate,9.2,23.5,5.1,5.3,135.0,36.0,,,,,,
2023-09-26T04:00,51,Moderate,9.3,23.6,4.9,5.3,134.0,34.0,,,,,,
2023-09-26T05:00,51,Moderate,9.5,22.6,5.7,6.4,149.0,34.0,,,,,,
2023-09-26T06:00,51,Moderate,9.6,23.5,5.2,6.8,148.0,35.0,,,,,,
2023-09-26T07:00,51,Moderate,9.9,24.4,4.5,7.4,146.0,38.0,,,,,,
2023-09-26T08:00,51,Moderate,10.2,26.1,3.8,7.7,145.0,44.0,,,,,,
2023-09-26T09:00,51,Moderate,10.7,28.3,3.1,7.6,144.0,57.0,,,,,,
2023-09-26T10:00,52,Moderate,11.4,30.2,2.3,7.2,144.0,73.0,,,,,,
2023-09-26T11:00,52,Moderate,12.2,31.2,1.7,6.5,141.0,85.0,,,,,,
2023-09-26T12:00,52,Moderate,12.3,30.4,1.3,5.3,134.0,88.0,,,,,,
2023-09-26T13:00,52,Moderate,12.0,28.5,1.0,3.8,126.0,87.0,,,,,,
2023-09-26T14:00,52,Moderate,11.1,25.1,1.1,2.7,121.0,84.0,,,,,,
2023-09-26T15:00,52,Moderate,10.7,23.9,1.6,2.3,122.0,81.0,,,,,,
2023-09-26T16:00,52,Moderate,10.5,23.6,2.4,2.2,126.0,77.0,,,,,,
2023-09-26T17:00,52,Moderate,9.7,21.9,3.1,2.8,127.0,72.0,,,,,,
2023-09-26T18:00,52,Moderate,9.8,22.6,3.5,3.1,127.0,66.0,,,,,,
2023-09-26T19:00,52,Moderate,9.5,21.8,4.2,3.6,127.0,59.0,,,,,,
2023-09-26T20:00,52,Moderate,8.9,20.6,4.7,4.0,128.0,52.0,,,,,,
2023-09-26T21:00,52,Moderate,8.7,20.5,5.1,4.4,129.0,47.0,,,,,,
2023-09-26T22:00,52,Moderate,8.6,21.3,5.4,4.9,131.0,44.0,,,,,,
2023-09-26T23:00,52,Moderate,8.6,22.5,5.5,5.2,132.0,41.0,,,,,,
2023-09-27T00:00,52,Moderate,8.6,23.4,5.4,5.3,132.0,39.0,,,,,,
2023-09-27T01:00,52,Moderate,8.6,24.0,5.2,5.3,132.0,37.0,,,,,,
2023-09-27T02:00,52,Moderate,8.6,24.2,5.0,5.2,131.0,36.0,,,,,,
2023-09-27T03:00,52,Moderate,8.5,23.7,4.9,5.1,130.0,35.0,,,,,,
2023-09-27T04:00,52,Moderate,8.0,21.9,4.7,5.1,128.0,34.0,,,,,,
2023-09-27T05:00,52,Moderate,8.5,24.7,5.2,5.7,140.0,33.0,,,,,,
2023-09-27T06:00,52,Moderate,8.7,25.5,4.8,5.9,142.0,34.0,,,,,,
2023-09-27T07:00,51,Moderate,8.8,25.3,4.2,6.1,145.0,35.0,,,,,,
2023-09-27T08:00,51,Moderate,9.1,24.9,3.6,6.2,147.0,40.0,,,,,,
2023-09-27T09:00,51,Moderate,9.4,24.4,2.9,6.1,149.0,53.0,,,,,,
2023-09-27T10:00,51,Moderate,9.9,24.2,2.2,5.9,149.0,69.0,,,,,,
2023-09-27T11:00,51,Moderate,10.4,23.9,1.6,5.4,148.0,81.0,,,,,,
2023-09-27T12:00,51,Moderate,10.8,24.2,1.2,4.2,142.0,85.0,,,,,,
2023-09-27T13:00,51,Moderate,10.8,23.5,0.9,2.7,134.0,85.0,,,,,,
2023-09-27T14:00,51,Moderate,10.5,22.4,0.9,1.8,129.0,83.0,,,,,,
2023-09-27T15:00,51,Moderate,9.6,19.8,1.5,2.1,130.0,80.0,,,,,,
2023-09-27T16:00,51,Moderate,8.3,16.2,2.4,3.0,134.0,76.0,,,,,,
2023-09-27T17:00,50,Good,8.9,17.5,2.8,3.0,133.0,76.0,,,,,,
2023-09-27T18:00,50,Good,8.2,15.9,3.7,3.3,136.0,68.0,,,,,,
2023-09-27T19:00,50,Good,7.6,14.3,4.9,3.8,140.0,57.0,,,,,,
2023-09-27T20:00,50,Good,7.2,13.5,5.7,4.2,143.0,47.0,,,,,,
2023-09-27T21:00,50,Good,6.6,12.9,5.8,4.5,142.0,41.0,,,,,,
2023-09-27T22:00,49,Good,6.2,12.8,5.6,4.7,140.0,37.0,,,,,,
2023-09-27T23:00,49,Good,6.2,13.6,5.3,4.8,137.0,34.0,,,,,,
2023-09-28T00:00,48,Good,6.5,14.8,5.0,4.6,135.0,32.0,,,,,,
2023-09-28T01:00,48,Good,6.7,15.3,4.7,4.3,133.0,31.0,,,,,,
2023-09-28T02:00,47,Good,6.5,15.3,4.4,4.2,131.0,31.0,,,,,,
2023-09-28T03:00,47,Good,6.2,14.7,4.3,4.4,130.0,31.0,,,,,,
2023-09-28T04:00,46,Good,5.7,13.3,4.2,4.7,130.0,30.0,,,,,,
2023-09-28T05:00,46,Good,6.8,16.5,4.4,5.2,131.0,29.0,,,,,,
2023-09-28T06:00,45,Good,7.0,16.5,4.0,5.4,133.0,29.0,,,,,,
2023-09-28T07:00,45,Good,6.7,15.6,3.4,5.7,135.0,30.0,,,,,,
2023-09-28T08:00,44,Good,6.3,14.3,2.8,5.9,138.0,34.0,,,,,,
2023-09-28T09:00,44,Good,6.3,13.8,2.4,5.9,142.0,45.0,,,,,,
2023-09-28T10:00,43,Good,6.8,14.1,2.0,5.7,147.0,61.0,,,,,,
2023-09-28T11:00,42,Good,7.4,15.1,1.7,5.3,149.0,72.0,,,,,,
2023-09-28T12:00,42,Good,7.7,15.7,1.4,4.4,146.0,77.0,,,,,,
2023-09-28T13:00,41,Good,8.0,16.5,1.2,3.3,140.0,77.0,,,,,,
2023-09-28T14:00,40,Good,7.9,16.4,1.2,2.7,137.0,76.0,,,,,,
2023-09-28T15:00,40,Good,7.0,13.8,1.6,2.9,138.0,72.0,,,,,,
2023-09-28T16:00,39,Good,6.5,12.1,2.3,3.6,141.0,66.0,,,,,,
2023-09-28T17:00,39,Good,9.6,19.6,3.1,4.4,144.0,70.0,,,,,,
2023-09-28T18:00,39,Good,9.0,18.1,3.8,4.5,145.0,64.0,,,,,,
2023-09-28T19:00,39,Good,8.2,16.2,4.8,4.7,148.0,55.0,,,,,,
2023-09-28T20:00,39,Good,7.5,14.7,5.5,4.8,149.0,47.0,,,,,,
2023-09-28T21:00,39,Good,7.0,13.6,5.7,4.8,150.0,42.0,,,,,,
2023-09-28T22:00,39,Good,6.3,12.0,5.7,4.6,150.0,39.0,,,,,,
2023-09-28T23:00,39,Good,5.2,9.5,5.5,4.5,149.0,37.0,,,,,,
2023-09-29T00:00,39,Good,4.5,7.8,5.1,4.3,145.0,36.0,,,,,,
2023-09-29T01:00,39,Good,3.9,6.7,4.6,4.1,140.0,35.0,,,,,,
2023-09-29T02:00,38,Good,3.5,5.9,4.2,4.0,134.0,34.0,,,,,,
2023-09-29T03:00,37,Good,3.3,5.6,4.0,3.9,129.0,33.0,,,,,,
2023-09-29T04:00,37,Good,3.2,5.5,3.8,3.9,123.0,31.0,,,,,,
2023-09-29T05:00,36,Good,3.1,5.5,3.5,4.2,123.0,33.0,,,,,,
2023-09-29T06:00,35,Good,3.1,5.5,3.4,4.4,121.0,32.0,,,,,,
2023-09-29T07:00,34,Good,3.2,5.7,3.3,4.6,119.0,32.0,,,,,,
2023-09-29T08:00,33,Good,3.5,6.2,3.1,4.7,117.0,33.0,,,,,,
2023-09-29T09:00,33,Good,4.0,7.0,2.6,4.6,115.0,39.0,,,,,,
2023-09-29T10:00,32,Good,4.4,7.5,1.9,4.5,112.0,47.0,,,,,,
2023-09-29T11:00,32,Good,4.5,7.8,1.5,4.4,111.0,53.0,,,,,,
2023-09-29T12:00,31,Good,4.5,7.7,1.5,4.5,112.0,55.0,,,,,,
2023-09-29T13:00,30,Good,4.8,7.9,1.6,4.8,115.0,55.0,,,,,,
2023-09-29T14:00,30,Good,5.0,8.1,1.9,4.9,117.0,54.0,,,,,,
2023-09-29T15:00,29,Good,5.1,8.0,2.2,4.8,117.0,53.0,,,,,,
2023-09-29T16:00,28,Good,5.1,8.1,2.6,4.6,115.0,52.0,,,,,,
2023-09-29T17:00,28,Good,5.7,8.9,4.6,4.9,126.0,41.0,,,,,,
2023-09-29T18:00,27,Good,4.9,7.7,5.0,4.9,126.0,37.0,,,,,,
2023-09-29T19:00,26,Good,4.5,7.3,5.7,4.9,125.0,31.0,,,,,,
2023-09-29T20:00,25,Good,4.2,6.7,6.1,4.9,125.0,27.0,,,,,,
2023-09-29T21:00,25,Good,3.8,6.2,6.3,5.0,126.0,25.0,,,,,,
2023-09-29T22:00,24,Good,3.5,5.6,6.3,5.1,127.0,23.0,,,,,,
2023-09-29T23:00,23,Good,3.0,4.7,6.1,5.0,127.0,23.0,,,,,,
2023-09-30T00:00,23,Good,2.7,4.3,5.6,4.7,125.0,23.0,,,,,,
2023-09-30T01:00,22,Good,2.6,4.2,4.9,4.3,121.0,25.0,,,,,,
2023-09-30T02:00,22,Good,2.5,4.0,4.3,3.9,117.0,26.0,,,,,,
2023-09-30T03:00,22,Good,2.4,4.0,3.8,3.6,113.0,27.0,,,,,,
2023-09-30T04:00,22,Good,2.7,4.6,3.3,3.4,108.0,28.0,,,,,,
2023-09-30T05:00,21,Good,3.0,5.2,3.0,3.4,106.0,27.0,,,,,,
2023-09-30T06:00,21,Good,2.8,4.7,2.8,3.7,108.0,27.0,,,,,,
2023-09-30T07:00,21,Good,2.8,4.9,2.6,4.2,110.0,28.0,,,,,,
2023-09-30T08:00,21,Good,3.3,5.6,2.3,4.5,113.0,31.0,,,,,,
2023-09-30T09:00,21,Good,3.7,6.2,2.1,4.7,115.0,38.0,,,,,,
2023-09-30T10:00,21,Good,4.1,6.6,1.8,4.7,118.0,47.0,,,,,,
2023-09-30T11:00,21,Good,4.2,6.8,1.6,4.6,119.0,54.0,,,,,,
2023-09-30T12:00,21,Good,4.4,7.0,1.3,4.0,118.0,59.0,,,,,,
2023-09-30T13:00,21,Good,4.3,7.0,1.1,3.3,115.0,62.0,,,,,,
2023-09-30T14:00,21,Good,4.0,6.6,1.1,2.8,114.0,63.0,,,,,,
2023-09-30T15:00,22,Good,3.7,6.3,1.5,2.9,116.0,61.0,,,,,,
2023-09-30T16:00,24,Good,3.5,5.6,2.2,3.3,119.0,58.0,,,,,,
2023-09-30T17:00,26,Good,4.3,7.1,3.2,4.1,118.0,47.0,,,,,,
2023-09-30T18:00,26,Good,4.0,6.5,3.9,4.2,121.0,42.0,,,,,,
2023-09-30T19:00,26,Good,3.5,5.7,4.9,4.4,124.0,36.0,,,,,,
2023-09-30T20:00,25,Good,3.3,5.3,5.6,4.5,127.0,31.0,,,,,,
2023-09-30T21:00,23,Good,3.6,5.8,5.8,4.5,129.0,29.0,,,,,,
2023-09-30T22:00,21,Good,3.3,5.3,5.7,4.4,130.0,29.0,,,,,,
2023-09-30T23:00,19,Good,3.0,4.7,5.5,4.4,131.0,29.0,,,,,,
2023-10-01T00:00,19,Good,2.9,4.7,5.3,4.4,130.0,29.0,,,,,,
2023-10-01T01:00,19,Good,3.2,5.1,5.0,4.4,129.0,29.0,,,,,,
2023-10-01T02:00,19,Good,3.5,5.8,4.7,4.4,127.0,29.0,,,,,,
2023-10-01T03:00,19,Good,3.5,6.0,4.4,4.3,126.0,29.0,,,,,,
2023-10-01T04:00,20,Good,3.1,5.2,4.1,4.2,124.0,29.0,,,,,,
2023-10-01T05:00,20,Good,2.3,3.9,3.5,3.8,120.0,30.0,,,,,,
2023-10-01T06:00,20,Good,2.2,3.6,3.2,4.0,121.0,31.0,,,,,,
2023-10-01T07:00,19,Good,2.2,3.7,2.7,4.2,123.0,32.0,,,,,,
2023-10-01T08:00,19,Good,2.5,4.1,2.3,4.3,124.0,35.0,,,,,,
2023-10-01T09:00,19,Good,3.3,5.5,2.0,4.3,125.0,42.0,,,,,,
2023-10-01T10:00,19,Good,4.0,6.6,1.6,4.3,127.0,51.0,,,,,,
2023-10-01T11:00,19,Good,4.3,7.3,1.4,4.1,127.0,58.0,,,,,,
2023-10-01T12:00,19,Good,4.7,8.2,1.2,3.7,126.0,61.0,,,,,,
2023-10-01T13:00,20,Good,4.8,8.6,1.0,3.2,123.0,62.0,,,,,,
2023-10-01T14:00,22,Good,4.8,8.7,1.1,2.9,122.0,61.0,,,,,,
2023-10-01T15:00,23,Good,4.7,7.9,1.5,3.0,123.0,59.0,,,,,,
2023-10-01T16:00,25,Good,4.3,7.0,2.1,3.4,125.0,55.0,,,,,,
2023-10-01T17:00,26,Good,5.1,8.5,3.0,4.0,128.0,50.0,,,,,,
2023-10-01T18:00,26,Good,4.8,7.9,3.7,4.2,131.0,45.0,,,,,,
2023-10-01T19:00,26,Good,4.6,7.5,4.8,4.4,134.0,38.0,,,,,,
2023-10-01T20:00,25,Good,4.3,7.1,5.5,4.6,137.0,33.0,,,,,,
2023-10-01T21:00,23,Good,4.2,6.9,5.7,4.7,138.0,31.0,,,,,,
2023-10-01T22:00,22,Good,4.2,7.1,5.7,4.8,139.0,30.0,,,,,,
2023-10-01T23:00,21,Good,4.4,7.4,5.6,4.8,138.0,29.0,,,,,,
2023-10-02T00:00,21,Good,4.3,7.2,5.5,4.8,136.0,28.0,,,,,,
2023-10-02T01:00,22,Good,4.1,7.0,5.3,4.8,134.0,28.0,,,,,,
2023-10-02T02:00,22,Good,4.0,6.7,5.0,4.7,131.0,27.0,,,,,,
2023-10-02T03:00,22,Good,3.8,6.4,4.6,4.5,128.0,26.0,,,,,,
2023-10-02T04:00,22,Good,3.4,5.7,4.2,4.2,124.0,26.0,,,,,,
2023-10-02T05:00,22,Good,3.2,5.3,4.4,4.7,128.0,26.0,,,,,,
2023-10-02T06:00,22,Good,3.1,5.2,3.9,4.6,127.0,27.0,,,,,,
2023-10-02T07:00,22,Good,3.2,5.4,3.1,4.5,125.0,29.0,,,,,,
2023-10-02T08:00,23,Good,3.4,5.7,2.5,4.4,125.0,33.0,,,,,,
2023-10-02T09:00,23,Good,3.8,6.2,2.1,4.5,127.0,43.0,,,,,,
2023-10-02T10:00,23,Good,4.5,7.2,1.8,4.7,130.0,55.0,,,,,,
2023-10-02T11:00,23,Good,5.1,8.5,1.5,4.6,131.0,64.0,,,,,,
2023-10-02T12:00,23,Good,5.6,9.9,1.2,4.0,127.0,68.0,,,,,,
2023-10-02T13:00,24,Good,5.8,11.0,0.9,3.2,121.0,68.0,,,,,,
2023-10-02T14:00,24,Good,6.4,12.2,0.9,2.6,116.0,67.0,,,,,,
2023-10-02T15:00,25,Good,6.7,12.9,1.3,2.5,115.0,64.0,,,,,,
2023-10-02T16:00,27,Good,5.9,11.3,2.0,2.7,116.0,60.0,,,,,,
2023-10-02T17:00,28,Good,7.4,14.0,2.6,2.8,113.0,53.0,,,,,,
2023-10-02T18:00,29,Good,6.7,12.3,3.4,3.3,118.0,50.0,,,,,,
2023-10-02T19:00,29,Good,6.6,12.0,4.4,3.9,125.0,45.0,,,,,,
2023-10-02T20:00,28,Good,6.6,11.9,5.2,4.4,130.0,41.0,,,,,,
2023-10-02T21:00,27,Good,5.5,9.6,5.5,4.6,132.0,38.0,,,,,,
2023-10-02T22:00,27,Good,4.6,7.7,5.5,4.7,133.0,36.0,,,,,,
2023-10-02T23:00,27,Good,4.4,7.3,5.4,4.7,133.0,34.0,,,,,,
2023-10-03T00:00,27,Good,4.2,7.1,5.1,4.5,131.0,33.0,,,,,,
2023-10-03T01:00,27,Good,3.9,6.6,4.5,4.2,127.0,32.0,,,,,,
2023-10-03T02:00,27,Good,3.7,6.2,4.1,4.0,124.0,32.0,,,,,,
2023-10-03T03:00,27,Good,3.4,5.6,3.9,3.9,122.0,31.0,,,,,,
2023-10-03T04:00,27,Good,3.1,5.2,3.7,3.8,120.0,30.0,,,,,,
2023-10-03T05:00,27,Good,2.7,4.6,2.9,3.7,111.0,33.0,,,,,,
2023-10-03T06:00,27,Good,2.7,4.7,2.8,3.9,113.0,33.0,,,,,,
2023-10-03T07:00,27,Good,2.8,4.8,2.6,4.1,115.0,33.0,,,,,,
2023-10-03T08:00,27,Good,3.0,5.2,2.3,4.2,117.0,35.0,,,,,,
2023-10-03T09:00,27,Good,3.8,6.4,1.9,4.2,118.0,42.0,,,,,,
2023-10-03T10:00,27,Good,3.9,6.6,1.5,4.1,119.0,51.0,,,,,,
2023-10-03T11:00,27,Good,4.0,7.0,1.2,3.8,119.0,58.0,,,,,,
2023-10-03T12:00,26,Good,4.5,8.1,0.9,3.1,117.0,61.0,,,,,,
2023-10-03T13:00,26,Good,4.6,8.6,0.7,2.2,115.0,63.0,,,,,,
2023-10-03T14:00,26,Good,4.5,8.3,0.8,1.7,114.0,63.0,,,,,,
2023-10-03T15:00,25,Good,4.5,8.4,1.4,1.8,117.0,62.0,,,,,,
2023-10-03T16:00,25,Good,4.6,8.4,2.2,2.3,123.0,60.0,,,,,,
2023-10-03T17:00,27,Good,4.5,8.1,2.8,2.7,119.0,56.0,,,,,,
2023-10-03T18:00,27,Good,4.1,7.3,3.2,2.9,121.0,52.0,,,,,,
2023-10-03T19:00,28,Good,4.0,7.1,3.7,3.1,123.0,46.0,,,,,,
2023-10-03T20:00,27,Good,3.7,6.5,4.2,3.4,126.0,41.0,,,,,,
2023-10-03T21:00,26,Good,3.6,6.3,4.5,3.6,128.0,39.0,,,,,,
2023-10-03T22:00,24,Good,3.6,6.2,4.6,3.8,130.0,38.0,,,,,,
2023-10-03T23:00,23,Good,3.5,6.0,4.7,4.0,132.0,37.0,,,,,,
2023-10-04T00:00,21,Good,3.3,5.6,4.7,4.3,133.0,36.0,,,,,,
2023-10-04T01:00,21,Good,3.1,5.2,4.7,4.6,133.0,36.0,,,,,,
2023-10-04T02:00,21,Good,3.2,5.3,4.6,4.8,132.0,36.0,,,,,,
2023-10-04T03:00,21,Good,3.2,5.4,4.4,4.8,130.0,35.0,,,,,,
2023-10-04T04:00,20,Good,3.1,5.2,4.2,4.7,128.0,35.0,,,,,,
2023-10-04T05:00,20,Good,3.5,6.0,3.9,4.3,129.0,35.0,,,,,,
2023-10-04T06:00,21,Good,3.6,6.1,3.6,4.4,130.0,36.0,,,,,,
2023-10-04T07:00,21,Good,3.9,6.8,3.2,4.6,131.0,38.0,,,,,,
2023-10-04T08:00,21,Good,4.8,8.3,2.7,4.8,132.0,43.0,,,,,,
2023-10-04T09:00,22,Good,5.5,9.7,2.3,5.1,134.0,53.0,,,,,,
2023-10-04T10:00,22,Good,6.5,11.6,1.8,5.4,136.0,66.0,,,,,,
2023-10-04T11:00,23,Good,7.4,13.2,1.4,5.2,135.0,75.0,,,,,,
2023-10-04T12:00,23,Good,7.4,13.4,1.0,4.1,129.0,75.0,,,,,,
2023-10-04T13:00,24,Good,6.8,12.7,0.7,2.6,120.0,71.0,,,,,,
2023-10-04T14:00,26,Good,6.0,11.5,0.7,1.7,115.0,67.0,,,,,,
2023-10-04T15:00,28,Good,5.0,9.8,1.2,1.8,116.0,66.0,,,,,,
2023-10-04T16:00,30,Good,4.5,8.4,1.9,2.5,120.0,65.0,,,,,,
2023-10-04T17:00,31,Good,4.2,7.6,2.6,2.8,115.0,59.0,,,,,,
2023-10-04T18:00,32,Good,4.0,6.8,3.3,3.1,118.0,56.0,,,,,,
2023-10-04T19:00,31,Good,3.4,5.7,4.2,3.6,122.0,51.0,,,,,,
2023-10-04T20:00,30,Good,3.0,4.9,5.0,4.0,126.0,47.0,,,,,,
2023-10-04T21:00,28,Good,3.0,4.8,5.4,4.4,128.0,44.0,,,,,,
2023-10-04T22:00,26,Good,3.2,5.0,5.7,4.8,129.0,43.0,,,,,,
2023-10-04T23:00,25,Good,3.2,5.1,5.8,5.1,130.0,41.0,,,,,,
2023-10-05T00:00,24,Good,3.3,5.3,5.8,5.3,130.0,39.0,,,,,,
2023-10-05T01:00,24,Good,3.4,5.5,5.7,5.3,129.0,38.0,,,,,,
2023-10-05T02:00,24,Good,3.4,5.6,5.5,5.3,128.0,37.0,,,,,,
2023-10-05T03:00,24,Good,3.2,5.3,5.3,5.2,126.0,37.0,,,,,,
2023-10-05T04:00,24,Good,3.0,5.0,5.1,5.0,124.0,37.0,,,,,,
2023-10-05T05:00,24,Good,3.1,5.0,4.8,5.4,125.0,38.0,,,,,,
2023-10-05T06:00,24,Good,3.2,5.3,4.5,5.7,127.0,40.0,,,,,,
2023-10-05T07:00,24,Good,3.7,6.0,3.9,6.0,129.0,43.0,,,,,,
2023-10-05T08:00,24,Good,4.5,7.3,3.4,6.3,132.0,49.0,,,,,,
2023-10-05T09:00,24,Good,6.5,10.3,2.8,6.6,136.0,63.0,,,,,,
2023-10-05T10:00,24,Good,7.9,12.6,2.1,6.8,140.0,80.0,,,,,,
2023-10-05T11:00,25,Good,8.7,14.3,1.6,6.4,142.0,92.0,,,,,,
2023-10-05T12:00,26,Good,9.4,16.2,1.2,5.0,138.0,95.0,,,,,,
2023-10-05T13:00,29,Good,9.8,17.5,0.8,3.0,131.0,93.0,,,,,,
2023-10-05T14:00,32,Good,9.9,18.2,0.8,1.6,126.0,91.0,,,,,,
2023-10-05T15:00,35,Good,10.0,18.6,1.1,1.3,125.0,90.0,,,,,,
2023-10-05T16:00,38,Good,9.7,17.6,1.7,1.6,127.0,88.0,,,,,,
2023-10-05T17:00,40,Good,5.8,9.7,3.2,3.6,122.0,73.0,,,,,,
2023-10-05T18:00,41,Good,6.6,10.3,4.0,4.3,130.0,70.0,,,,,,
2023-10-05T19:00,40,Good,6.7,10.4,5.2,5.3,141.0,65.0,,,,,,
2023-10-05T20:00,39,Good,6.8,10.3,6.1,6.1,150.0,61.0,,,,,,
2023-10-05T21:00,37,Good,6.7,9.9,6.7,6.6,156.0,58.0,,,,,,
2023-10-05T22:00,35,Good,6.5,9.6,7.1,6.9,161.0,54.0,,,,,,
2023-10-05T23:00,34,Good,6.2,9.2,7.2,7.0,163.0,52.0,,,,,,
2023-10-06T00:00,34,Good,6.1,9.2,6.9,6.8,161.0,51.0,,,,,,
2023-10-06T01:00,35,Good,6.3,9.7,6.4,6.4,157.0,50.0,,,,,,
2023-10-06T02:00,36,Good,6.8,10.6,5.9,6.1,154.0,49.0,,,,,,
2023-10-06T03:00,36,Good,7.4,11.8,5.6,6.1,152.0,47.0,,,,,,
2023-10-06T04:00,37,Good,8.1,13.0,5.5,6.2,151.0,46.0,,,,,,
2023-10-06T05:00,39,Good,6.8,10.9,5.1,6.1,146.0,46.0,,,,,,
2023-10-06T06:00,39,Good,7.4,12.0,4.7,6.5,147.0,48.0,,,,,,
2023-10-06T07:00,40,Good,8.2,13.5,4.2,6.9,149.0,51.0,,,,,,
2023-10-06T08:00,41,Good,9.4,15.5,3.6,7.2,150.0,58.0,,,,,,
2023-10-06T09:00,43,Good,10.5,17.3,2.8,7.2,151.0,71.0,,,,,,
2023-10-06T10:00,43,Good,11.1,18.7,2.0,7.1,151.0,87.0,,,,,,
2023-10-06T11:00,44,Good,11.9,20.2,1.3,6.4,149.0,98.0,,,,,,
2023-10-06T12:00,45,Good,11.8,20.7,0.8,4.8,141.0,97.0,,,,,,
2023-10-06T13:00,45,Good,11.7,21.1,0.6,2.7,129.0,91.0,,,,,,
2023-10-06T14:00,46,Good,11.2,20.7,0.6,1.3,122.0,86.0,,,,,,
2023-10-06T15:00,46,Good,10.3,19.3,1.0,1.0,121.0,85.0,,,,,,
2023-10-06T16:00,46,Good,9.9,18.1,1.7,1.5,123.0,84.0,,,,,,
2023-10-06T17:00,46,Good,9.7,16.2,3.3,4.3,134.0,86.0,,,,,,
2023-10-06T18:00,47,Good,10.0,16.1,4.0,4.8,142.0,84.0,,,,,,
2023-10-06T19:00,48,Good,10.7,16.9,4.9,5.4,153.0,80.0,,,,,,
2023-10-06T20:00,49,Good,10.7,16.9,5.6,5.8,161.0,77.0,,,,,,
2023-10-06T21:00,50,Good,10.2,16.4,5.8,5.7,163.0,73.0,,,,,,
2023-10-06T22:00,50,Good,10.0,16.4,5.8,5.4,163.0,69.0,,,,,,
2023-10-06T23:00,51,Moderate,10.4,17.2,5.7,5.3,162.0,66.0,,,,,,
2023-10-07T00:00,51,Moderate,11.2,18.8,5.6,5.5,162.0,65.0,,,,,,
2023-10-07T01:00,51,Moderate,12.1,20.5,5.4,5.8,162.0,64.0,,,,,,
2023-10-07T02:00,52,Moderate,13.2,22.6,5.2,6.2,163.0,63.0,,,,,,
2023-10-07T03:00,52,Moderate,14.1,24.2,5.2,6.5,165.0,61.0,,,,,,
2023-10-07T04:00,53,Moderate,14.8,25.4,5.2,6.8,168.0,58.0,,,,,,
2023-10-07T05:00,53,Moderate,13.0,22.4,5.1,5.8,174.0,55.0,,,,,,
2023-10-07T06:00,54,Moderate,13.8,23.8,4.9,6.6,179.0,59.0,,,,,,
2023-10-07T07:00,54,Moderate,14.4,24.3,4.5,7.6,185.0,66.0,,,,,,
2023-10-07T08:00,55,Moderate,16.1,27.6,4.0,8.1,186.0,74.0,,,,,,
2023-10-07T09:00,55,Moderate,16.3,28.3,3.1,7.8,179.0,86.0,,,,,,
2023-10-07T10:00,56,Moderate,16.6,29.6,2.0,7.0,167.0,99.0,,,,,,
2023-10-07T11:00,56,Moderate,17.2,31.4,1.2,5.9,156.0,107.0,,,,,,
2023-10-07T12:00,57,Moderate,17.0,31.1,0.7,4.2,147.0,105.0,,,,,,
2023-10-07T13:00,57,Moderate,16.4,30.4,0.4,2.1,138.0,97.0,,,,,,
2023-10-07T14:00,57,Moderate,15.0,27.9,0.5,1.0,135.0,92.0,,,,,,
2023-10-07T15:00,58,Moderate,14.6,26.8,1.2,1.5,139.0,94.0,,,,,,
2023-10-07T16:00,58,Moderate,15.0,26.8,2.2,2.9,149.0,99.0,,,,,,
2023-10-07T17:00,58,Moderate,14.1,26.2,2.4,2.8,148.0,99.0,,,,,,
2023-10-07T18:00,59,Moderate,13.8,24.9,3.0,3.5,158.0,99.0,,,,,,
2023-10-07T19:00,59,Moderate,14.0,24.7,3.9,4.4,172.0,98.0,,,,,,
2023-10-07T20:00,59,Moderate,14.8,26.1,4.4,4.9,180.0,97.0,,,,,,
2023-10-07T21:00,60,Moderate,15.1,26.8,4.2,4.6,176.0,94.0,,,,,,
2023-10-07T22:00,60,Moderate,14.6,26.5,3.6,3.8,165.0,90.0,,,,,,
2023-10-07T23:00,60,Moderate,14.4,26.4,3.2,3.3,154.0,85.0,,,,,,
2023-10-08T00:00,61,Moderate,14.1,26.1,3.1,3.3,145.0,79.0,,,,,,
2023-10-08T01:00,61,Moderate,13.8,25.5,3.2,3.6,137.0,73.0,,,,,,
2023-10-08T02:00,61,Moderate,13.4,24.9,3.3,3.9,131.0,68.0,,,,,,
2023-10-08T03:00,61,Moderate,13.2,24.5,3.4,4.1,129.0,64.0,,,,,,
2023-10-08T04:00,61,Moderate,13.0,24.2,3.5,4.3,129.0,61.0,,,,,,
2023-10-08T05:00,61,Moderate,8.2,15.1,2.0,2.3,103.0,56.0,,,,,,
2023-10-08T06:00,60,Moderate,7.6,13.9,2.3,2.9,106.0,55.0,,,,,,
2023-10-08T07:00,60,Moderate,7.7,14.0,2.7,3.7,111.0,55.0,,,,,,
2023-10-08T08:00,59,Moderate,7.6,13.7,2.8,4.0,112.0,55.0,,,,,,
2023-10-08T09:00,59,Moderate,7.5,13.5,2.2,3.5,107.0,57.0,,,,,,
2023-10-08T10:00,58,Moderate,7.0,13.0,1.3,2.6,100.0,61.0,,,,,,
2023-10-08T11:00,57,Moderate,6.4,12.3,0.6,1.8,94.0,62.0,,,,,,
2023-10-08T12:00,56,Moderate,5.7,11.3,0.3,1.2,92.0,60.0,,,,,,
2023-10-08T13:00,56,Moderate,5.3,10.5,0.2,0.7,91.0,56.0,,,,,,
2023-10-08T14:00,55,Moderate,5.1,9.9,0.3,0.4,91.0,53.0,,,,,,
2023-10-08T15:00,54,Moderate,5.1,9.9,0.5,0.5,91.0,54.0,,,,,,
2023-10-08T16:00,53,Moderate,5.3,10.4,0.8,0.9,92.0,56.0,,,,,,
2023-10-08T17:00,52,Moderate,7.8,14.8,1.1,1.1,106.0,55.0,,,,,,
2023-10-08T18:00,52,Moderate,7.6,14.3,1.5,1.5,108.0,53.0,,,,,,
2023-10-08T19:00,51,Moderate,7.2,13.3,2.2,2.1,111.0,50.0,,,,,,
2023-10-08T20:00,51,Moderate,6.9,12.6,2.7,2.7,113.0,47.0,,,,,,
2023-10-08T21:00,50,Good,6.8,12.3,3.1,3.1,114.0,45.0,,,,,,
2023-10-08T22:00,49,Good,6.5,11.7,3.4,3.5,115.0,43.0,,,,,,
2023-10-08T23:00,47,Good,6.0,10.9,3.6,3.9,116.0,41.0,,,,,,
2023-10-09T00:00,45,Good,5.5,9.9,3.8,4.4,117.0,40.0,,,,,,
2023-10-09T01:00,43,Good,5.2,9.4,4.0,4.9,119.0,39.0,,,,,,
2023-10-09T02:00,41,Good,5.2,9.3,4.1,5.2,119.0,38.0,,,,,,
2023-10-09T03:00,39,Good,5.0,9.0,3.9,5.1,117.0,37.0,,,,,,
2023-10-09T04:00,37,Good,4.6,8.3,3.6,4.7,115.0,36.0,,,,,,
2023-10-09T05:00,35,Good,3.8,6.7,2.8,3.9,111.0,34.0,,,,,,
2023-10-09T06:00,34,Good,3.5,6.3,2.8,4.4,113.0,34.0,,,,,,
2023-10-09T07:00,33,Good,3.5,6.2,2.8,5.1,116.0,33.0,,,,,,
2023-10-09T08:00,32,Good,3.7,6.4,2.6,5.4,118.0,35.0,,,,,,
2023-10-09T09:00,32,Good,4.1,7.3,2.2,5.2,118.0,41.0,,,,,,
2023-10-09T10:00,31,Good,4.7,8.4,1.6,4.7,116.0,48.0,,,,,,
2023-10-09T11:00,30,Good,4.8,8.9,1.1,4.0,114.0,53.0,,,,,,
2023-10-09T12:00,30,Good,4.8,9.1,0.8,2.8,110.0,53.0,,,,,,
2023-10-09T13:00,30,Good,4.7,8.9,0.5,1.4,106.0,51.0,,,,,,
2023-10-09T14:00,29,Good,4.5,8.4,0.4,0.5,103.0,50.0,,,,,,
2023-10-09T15:00,29,Good,4.2,7.9,0.5,0.3,102.0,51.0,,,,,,
2023-10-09T16:00,29,Good,4.1,7.9,0.7,0.5,102.0,52.0,,,,,,
2023-10-09T17:00,29,Good,5.0,9.6,1.0,0.9,110.0,53.0,,,,,,
2023-10-09T18:00,28,Good,4.9,9.4,1.8,1.8,114.0,52.0,,,,,,
2023-10-09T19:00,28,Good,4.8,9.0,2.9,3.1,119.0,51.0,,,,,,
2023-10-09T20:00,27,Good,4.8,9.0,3.7,4.1,124.0,50.0,,,,,,
2023-10-09T21:00,27,Good,5.0,9.3,4.1,4.6,127.0,49.0,,,,,,
2023-10-09T22:00,26,Good,5.2,9.7,4.2,4.9,129.0,49.0,,,,,,
2023-10-09T23:00,26,Good,5.3,9.7,4.3,5.1,130.0,48.0,,,,,,
2023-10-10T00:00,26,Good,5.2,9.5,4.3,5.2,130.0,47.0,,,,,,
2023-10-10T01:00,26,Good,5.2,9.5,4.2,5.2,129.0,46.0,,,,,,
2023-10-10T02:00,26,Good,5.2,9.6,4.0,5.1,128.0,45.0,,,,,,
2023-10-10T03:00,26,Good,4.9,9.3,3.7,4.8,126.0,44.0,,,,,,
2023-10-10T04:00,26,Good,4.6,8.7,3.3,4.3,123.0,42.0,,,,,,
2023-10-10T05:00,26,Good,4.7,8.7,3.7,5.4,125.0,43.0,,,,,,
2023-10-10T06:00,26,Good,4.4,8.4,3.3,5.2,124.0,44.0,,,,,,
2023-10-10T07:00,26,Good,4.5,8.5,2.8,4.9,123.0,45.0,,,,,,
2023-10-10T08:00,26,Good,4.6,8.7,2.2,4.5,121.0,47.0,,,,,,
2023-10-10T09:00,26,Good,4.9,9.4,1.7,3.8,118.0,51.0,,,,,,
2023-10-10T10:00,27,Good,5.2,9.9,1.1,3.0,114.0,55.0,,,,,,
2023-10-10T11:00,27,Good,5.0,9.8,0.7,2.2,111.0,57.0,,,,,,
2023-10-10T12:00,27,Good,4.6,9.1,0.4,1.4,109.0,55.0,,,,,,
2023-10-10T13:00,27,Good,4.4,8.7,0.3,0.7,107.0,51.0,,,,,,
2023-10-10T14:00,27,Good,4.4,8.6,0.3,0.3,107.0,49.0,,,,,,
2023-10-10T15:00,27,Good,4.5,8.8,0.6,0.6,108.0,51.0,,,,,,
2023-10-10T16:00,27,Good,4.5,8.8,1.0,1.3,109.0,54.0,,,,,,
2023-10-10T17:00,27,Good,7.9,14.8,1.7,2.0,95.0,54.0,,,,,,
2023-10-10T18:00,27,Good,7.7,14.4,2.3,2.6,99.0,53.0,,,,,,
2023-10-10T19:00,28,Good,7.6,13.9,3.1,3.3,105.0,51.0,,,,,,
2023-10-10T20:00,29,Good,7.4,13.3,3.8,4.0,109.0,49.0,,,,,,
2023-10-10T21:00,29,Good,7.2,12.9,4.1,4.4,111.0,46.0,,,,,,
2023-10-10T22:00,30,Good,6.8,12.1,4.3,4.8,111.0,43.0,,,,,,
2023-10-10T23:00,30,Good,6.1,10.8,4.4,5.0,112.0,41.0,,,,,,
2023-10-11T00:00,30,Good,5.5,9.7,4.5,5.1,114.0,39.0,,,,,,
2023-10-11T01:00,31,Good,5.1,9.0,4.6,5.1,116.0,38.0,,,,,,
2023-10-11T02:00,30,Good,4.9,8.4,4.7,5.1,118.0,37.0,,,,,,
2023-10-11T03:00,30,Good,4.7,8.0,4.8,5.3,120.0,36.0,,,,,,
2023-10-11T04:00,30,Good,4.6,7.8,4.8,5.6,122.0,35.0,,,,,,
2023-10-11T05:00,30,Good,3.4,5.8,3.1,4.2,108.0,32.0,,,,,,
2023-10-11T06:00,30,Good,3.5,6.0,3.2,4.9,112.0,33.0,,,,,,
2023-10-11T07:00,30,Good,3.8,6.4,3.2,5.9,117.0,35.0,,,,,,
2023-10-11T08:00,30,Good,4.5,7.5,3.1,6.5,120.0,38.0,,,,,,
2023-10-11T09:00,30,Good,5.2,8.7,2.6,6.3,121.0,45.0,,,,,,
2023-10-11T10:00,30,Good,5.1,8.8,1.8,5.7,120.0,53.0,,,,,,
2023-10-11T11:00,30,Good,5.5,9.8,1.2,4.9,118.0,59.0,,,,,,
2023-10-11T12:00,30,Good,5.5,10.0,0.8,3.6,114.0,59.0,,,,,,
2023-10-11T13:00,30,Good,5.0,9.3,0.5,2.0,109.0,56.0,,,,,,
2023-10-11T14:00,30,Good,4.7,8.8,0.5,1.1,107.0,55.0,,,,,,
2023-10-11T15:00,30,Good,4.9,9.3,1.0,1.3,110.0,60.0,,,,,,
2023-10-11T16:00,30,Good,5.4,9.9,1.8,2.1,117.0,67.0,,,,,,
2023-10-11T17:00,31,Good,6.0,11.1,1.9,2.0,122.0,61.0,,,,,,
2023-10-11T18:00,30,Good,6.0,10.7,2.6,2.6,126.0,59.0,,,,,,
2023-10-11T19:00,30,Good,6.1,10.7,3.7,3.6,132.0,57.0,,,,,,
2023-10-11T20:00,29,Good,6.0,10.2,4.6,4.4,138.0,55.0,,,,,,
2023-10-11T21:00,29,Good,5.6,9.4,5.3,5.1,143.0,53.0,,,,,,
2023-10-11T22:00,29,Good,5.5,9.1,5.8,5.8,148.0,51.0,,,,,,
2023-10-11T23:00,28,Good,5.5,9.0,6.1,6.2,151.0,49.0,,,,,,
2023-10-12T00:00,28,Good,5.3,8.5,6.0,6.3,151.0,48.0,,,,,,
2023-10-12T01:00,28,Good,4.9,7.9,5.7,6.1,148.0,47.0,,,,,,
2023-10-12T02:00,28,Good,4.7,7.6,5.5,6.1,148.0,46.0,,,,,,
2023-10-12T03:00,28,Good,4.6,7.3,5.6,6.4,151.0,44.0,,,,,,
2023-10-12T04:00,28,Good,4.8,7.5,5.8,6.8,155.0,41.0,,,,,,
2023-10-12T05:00,28,Good,3.6,5.6,5.0,6.0,144.0,41.0,,,,,,
2023-10-12T06:00,28,Good,4.3,6.6,4.7,6.6,147.0,44.0,,,,,,
2023-10-12T07:00,28,Good,4.4,6.8,4.2,7.4,152.0,48.0,,,,,,
2023-10-12T08:00,28,Good,4.6,7.1,3.6,7.9,153.0,53.0,,,,,,
2023-10-12T09:00,29,Good,5.3,8.1,2.9,7.9,149.0,61.0,,,,,,
2023-10-12T10:00,29,Good,5.0,7.7,2.2,7.6,143.0,71.0,,,,,,
2023-10-12T11:00,29,Good,4.8,7.6,1.6,7.0,137.0,78.0,,,,,,
2023-10-12T12:00,28,Good,5.3,8.6,1.2,6.0,131.0,80.0,,,,,,
2023-10-12T13:00,28,Good,5.6,9.5,0.9,4.7,126.0,79.0,,,,,,
2023-10-12T14:00,30,Good,5.6,10.1,0.8,3.5,122.0,76.0,,,,,,
2023-10-12T15:00,32,Good,5.7,10.8,0.9,2.5,119.0,72.0,,,,,,
2023-10-12T16:00,33,Good,5.8,11.2,1.2,1.6,118.0,66.0,,,,,,
2023-10-12T17:00,34,Good,5.9,9.7,3.4,4.6,139.0,62.0,,,,,,
2023-10-12T18:00,34,Good,6.1,9.5,4.3,5.4,147.0,60.0,,,,,,
2023-10-12T19:00,33,Good,6.8,10.4,5.6,6.4,158.0,56.0,,,,,,
2023-10-12T20:00,32,Good,6.8,10.3,6.6,7.2,166.0,53.0,,,,,,
2023-10-12T21:00,30,Good,6.6,9.9,6.9,7.4,169.0,50.0,,,,,,
2023-10-12T22:00,30,Good,6.1,9.2,6.9,7.4,170.0,47.0,,,,,,
2023-10-12T23:00,30,Good,5.8,8.6,6.9,7.5,171.0,44.0,,,,,,
2023-10-13T00:00,30,Good,5.7,8.5,7.1,7.8,174.0,42.0,,,,,,
2023-10-13T01:00,30,Good,5.6,8.3,7.2,8.1,178.0,40.0,,,,,,
2023-10-13T02:00,30,Good,5.6,8.2,7.3,8.4,181.0,39.0,,,,,,
2023-10-13T03:00,30,Good,5.5,8.2,7.3,8.5,182.0,37.0,,,,,,
2023-10-13T04:00,30,Good,5.5,8.2,7.2,8.5,181.0,36.0,,,,,,
2023-10-13T05:00,31,Good,5.9,8.8,6.1,7.7,171.0,39.0,,,,,,
2023-10-13T06:00,31,Good,5.7,8.7,5.2,6.7,164.0,41.0,,,,,,
2023-10-13T07:00,31,Good,5.0,8.0,4.0,5.4,154.0,44.0,,,,,,
2023-10-13T08:00,32,Good,4.7,7.9,2.9,4.5,147.0,49.0,,,,,,
2023-10-13T09:00,32,Good,4.8,8.1,2.2,4.5,145.0,57.0,,,,,,
2023-10-13T10:00,31,Good,5.5,9.4,1.6,4.9,144.0,67.0,,,,,,
2023-10-13T11:00,32,Good,6.3,10.8,1.2,4.8,142.0,73.0,,,,,,
2023-10-13T12:00,32,Good,6.3,11.2,0.8,3.7,135.0,71.0,,,,,,
2023-10-13T13:00,32,Good,5.7,10.7,0.6,2.2,126.0,64.0,,,,,,
2023-10-13T14:00,32,Good,5.4,10.2,0.5,1.2,120.0,59.0,,,,,,
2023-10-13T15:00,32,Good,4.9,9.0,0.7,1.1,120.0,58.0,,,,,,
2023-10-13T16:00,32,Good,4.6,8.4,1.0,1.5,123.0,59.0,,,,,,
2023-10-13T17:00,32,Good,6.3,11.1,1.9,3.6,140.0,66.0,,,,,,
2023-10-13T18:00,32,Good,5.8,10.1,2.2,3.9,143.0,66.0,,,,,,
2023-10-13T19:00,32,Good,5.7,9.7,2.7,4.3,148.0,66.0,,,,,,
2023-10-13T20:00,31,Good,5.5,9.4,3.2,4.9,153.0,65.0,,,,,,
2023-10-13T21:00,31,Good,5.6,9.5,3.9,5.7,157.0,63.0,,,,,,
2023-10-13T22:00,31,Good,6.2,10.3,4.6,6.6,161.0,61.0,,,,,,
2023-10-13T23:00,31,Good,6.4,10.4,5.2,7.5,166.0,59.0,,,,,,
2023-10-14T00:00,31,Good,7.6,12.1,5.6,8.6,173.0,59.0,,,,,,
2023-10-14T01:00,32,Good,9.1,14.3,5.8,9.8,181.0,60.0,,,,,,
2023-10-14T02:00,32,Good,10.3,16.0,5.9,10.5,187.0,60.0,,,,,,
2023-10-14T03:00,33,Good,10.4,16.1,5.7,10.5,189.0,59.0,,,,,,
2023-10-14T04:00,35,Good,10.1,15.7,5.3,10.2,188.0,57.0,,,,,,
2023-10-14T05:00,36,Good,8.6,13.5,4.3,8.0,178.0,56.0,,,,,,
2023-10-14T06:00,36,Good,8.5,13.3,4.7,8.7,182.0,56.0,,,,,,
2023-10-14T07:00,37,Good,8.4,13.0,5.3,9.6,187.0,56.0,,,,,,
2023-10-14T08:00,38,Good,9.1,14.0,5.5,10.8,192.0,59.0,,,,,,
2023-10-14T09:00,39,Good,10.6,16.5,5.2,12.6,198.0,68.0,,,,,,
2023-10-14T10:00,40,Good,13.2,20.3,4.6,14.6,204.0,81.0,,,,,,
2023-10-14T11:00,42,Good,14.4,22.4,3.9,15.5,205.0,92.0,,,,,,
2023-10-14T12:00,44,Good,15.3,23.7,3.0,14.5,200.0,101.0,,,,,,
2023-10-14T13:00,46,Good,15.4,24.2,2.1,12.5,191.0,107.0,,,,,,
2023-10-14T14:00,48,Good,14.2,22.6,1.5,10.6,180.0,109.0,,,,,,
2023-10-14T15:00,50,Good,12.6,20.6,1.4,9.2,167.0,103.0,,,,,,
2023-10-14T16:00,51,Moderate,10.8,18.3,1.6,7.9,153.0,92.0,,,,,,
2023-10-14T17:00,51,Moderate,6.2,10.6,3.2,5.5,145.0,58.0,,,,,,
2023-10-14T18:00,51,Moderate,5.4,8.8,4.2,5.9,150.0,54.0,,,,,,
2023-10-14T19:00,51,Moderate,5.1,8.1,5.5,6.5,157.0,48.0,,,,,,
2023-10-14T20:00,51,Moderate,5.4,8.4,6.6,7.1,164.0,43.0,,,,,,
2023-10-14T21:00,51,Moderate,5.8,8.9,7.3,7.6,172.0,41.0,,,,,,
2023-10-14T22:00,51,Moderate,6.4,9.7,7.8,8.2,181.0,41.0,,,,,,
2023-10-14T23:00,51,Moderate,6.7,10.1,8.0,8.5,187.0,40.0,,,,,,
2023-10-15T00:00,51,Moderate,6.6,9.9,7.9,8.5,189.0,38.0,,,,,,
2023-10-15T01:00,51,Moderate,6.5,9.7,7.7,8.3,187.0,37.0,,,,,,
2023-10-15T02:00,51,Moderate,5.8,8.7,7.4,8.2,186.0,35.0,,,,,,
2023-10-15T03:00,50,Good,5.2,7.7,7.2,8.2,185.0,33.0,,,,,,
2023-10-15T04:00,50,Good,4.8,7.1,7.0,8.2,183.0,32.0,,,,,,
2023-10-15T05:00,49,Good,4.7,6.9,5.9,9.2,179.0,43.0,,,,,,
2023-10-15T06:00,48,Good,3.7,5.4,5.7,9.2,175.0,44.0,,,,,,
2023-10-15T07:00,47,Good,3.2,4.7,5.5,9.3,169.0,46.0,,,,,,
2023-10-15T08:00,46,Good,3.3,4.8,5.0,9.2,165.0,50.0,,,,,,
2023-10-15T09:00,44,Good,4.2,6.2,4.1,9.0,164.0,58.0,,,,,,
2023-10-15T10:00,43,Good,4.4,6.5,3.0,8.7,164.0,67.0,,,,,,
2023-10-15T11:00,41,Good,4.8,7.3,2.1,8.1,162.0,75.0,,,,,,
2023-10-15T12:00,39,Good,5.3,8.4,1.5,7.0,156.0,80.0,,,,,,
2023-10-15T13:00,36,Good,5.7,9.6,1.2,5.7,147.0,82.0,,,,,,
2023-10-15T14:00,34,Good,5.8,10.4,1.1,4.5,139.0,81.0,,,,,,
2023-10-15T15:00,32,Good,6.0,11.1,1.2,3.5,132.0,74.0,,,,,,
2023-10-15T16:00,33,Good,6.4,11.9,1.6,2.6,125.0,65.0,,,,,,
2023-10-15T17:00,34,Good,7.3,13.3,1.4,1.7,118.0,52.0,,,,,,
2023-10-15T18:00,33,Good,7.6,13.4,2.1,2.2,120.0,50.0,,,,,,
2023-10-15T19:00,32,Good,7.9,13.6,3.0,2.9,123.0,48.0,,,,,,
2023-10-15T20:00,31,Good,8.1,13.9,3.8,3.6,126.0,46.0,,,,,,
2023-10-15T21:00,32,Good,8.0,13.5,4.4,4.1,130.0,44.0,,,,,,
2023-10-15T22:00,32,Good,7.9,13.2,4.9,4.5,134.0,42.0,,,,,,
2023-10-15T23:00,32,Good,7.7,12.7,5.3,4.9,138.0,40.0,,,,,,
2023-10-16T00:00,33,Good,7.4,11.9,5.7,5.3,143.0,38.0,,,,,,
2023-10-16T01:00,33,Good,7.1,11.4,6.1,5.7,148.0,36.0,,,,,,
2023-10-16T02:00,33,Good,7.1,11.1,6.3,6.0,153.0,35.0,,,,,,
2023-10-16T03:00,33,Good,7.0,10.8,6.4,6.1,158.0,35.0,,,,,,
2023-10-16T04:00,34,Good,6.9,10.6,6.4,6.1,163.0,35.0,,,,,,
2023-10-16T05:00,34,Good,9.0,14.0,7.2,8.5,170.0,34.0,,,,,,
2023-10-16T06:00,35,Good,8.7,13.4,6.7,9.2,173.0,37.0,,,,,,
2023-10-16T07:00,36,Good,8.8,13.4,6.0,10.2,176.0,42.0,,,,,,
2023-10-16T08:00,38,Good,9.3,14.1,5.1,10.8,178.0,51.0,,,,,,
2023-10-16T09:00,39,Good,11.3,17.1,4.0,11.1,179.0,69.0,,,,,,
2023-10-16T10:00,41,Good,11.7,18.2,2.8,11.0,179.0,90.0,,,,,,
2023-10-16T11:00,42,Good,11.6,18.6,1.8,10.3,173.0,104.0,,,,,,
2023-10-16T12:00,44,Good,10.7,18.2,1.1,8.3,157.0,104.0,,,,,,
2023-10-16T13:00,45,Good,9.5,17.0,0.7,5.6,136.0,96.0,,,,,,
2023-10-16T14:00,46,Good,8.2,15.4,0.6,3.8,120.0,87.0,,,,,,
2023-10-16T15:00,47,Good,8.3,15.9,1.1,3.6,113.0,80.0,,,,,,
2023-10-16T16:00,47,Good,9.1,16.9,1.9,4.4,112.0,72.0,,,,,,
2023-10-16T17:00,48,Good,8.7,16.2,2.0,3.5,107.0,62.0,,,,,,
2023-10-16T18:00,48,Good,8.1,14.7,3.4,5.2,120.0,61.0,,,,,,
2023-10-16T19:00,48,Good,8.8,15.2,5.3,7.6,139.0,60.0,,,,,,
2023-10-16T20:00,48,Good,10.5,17.1,6.7,9.4,158.0,61.0,,,,,,
2023-10-16T21:00,49,Good,12.7,19.8,7.1,10.1,178.0,64.0,,,,,,
2023-10-16T22:00,50,Good,14.2,21.2,6.9,10.3,198.0,69.0,,,,,,
2023-10-16T23:00,51,Moderate,15.7,22.9,6.3,10.1,211.0,75.0,,,,,,
2023-10-17T00:00,51,Moderate,16.6,24.0,5.2,9.5,213.0,82.0,,,,,,
2023-10-17T01:00,52,Moderate,14.8,21.2,3.8,8.5,208.0,91.0,,,,,,
2023-10-17T02:00,52,Moderate,14.6,21.0,2.7,7.7,204.0,96.0,,,,,,
2023-10-17T03:00,53,Moderate,14.7,21.1,2.3,7.2,205.0,96.0,,,,,,
2023-10-17T04:00,54,Moderate,15.0,21.7,2.3,6.8,207.0,93.0,,,,,,
2023-10-17T05:00,54,Moderate,16.8,24.0,2.6,5.7,225.0,85.0,,,,,,
2023-10-17T06:00,55,Moderate,17.5,25.0,2.7,5.8,226.0,87.0,,,,,,
2023-10-17T07:00,56,Moderate,17.6,25.2,2.7,6.0,228.0,89.0,,,,,,
2023-10-17T08:00,56,Moderate,17.3,24.7,2.6,6.0,229.0,93.0,,,,,,
2023-10-17T09:00,57,Moderate,16.1,23.0,2.1,5.9,228.0,100.0,,,,,,
2023-10-17T10:00,57,Moderate,16.4,23.5,1.5,5.6,225.0,109.0,,,,,,
2023-10-17T11:00,58,Moderate,16.1,22.9,1.0,5.2,223.0,116.0,,,,,,
2023-10-17T12:00,58,Moderate,16.1,23.1,0.7,4.6,223.0,120.0,,,,,,
2023-10-17T13:00,58,Moderate,16.4,23.5,0.6,3.9,224.0,123.0,,,,,,
2023-10-17T14:00,59,Moderate,16.6,23.9,0.6,3.3,221.0,123.0,,,,,,
2023-10-17T15:00,60,Moderate,15.8,23.3,0.7,3.0,211.0,120.0,,,,,,
2023-10-17T16:00,60,Moderate,14.2,21.9,0.9,2.8,196.0,114.0,,,,,,
2023-10-17T17:00,63,Moderate,13.6,21.4,0.9,2.7,200.0,108.0,,,,,,
2023-10-17T18:00,65,Moderate,12.2,19.7,1.5,3.3,197.0,103.0,,,,,,
2023-10-17T19:00,64,Moderate,10.8,17.4,2.5,4.1,193.0,96.0,,,,,,
2023-10-17T20:00,62,Moderate,9.9,15.8,3.3,5.1,191.0,90.0,,,,,,
2023-10-17T21:00,61,Moderate,9.0,14.1,4.0,6.4,191.0,85.0,,,,,,
2023-10-17T22:00,61,Moderate,8.3,12.7,4.7,7.8,192.0,81.0,,,,,,
2023-10-17T23:00,61,Moderate,9.0,13.5,5.1,9.0,194.0,78.0,,,,,,
2023-10-18T00:00,60,Moderate,10.3,15.3,5.2,10.0,199.0,78.0,,,,,,
2023-10-18T01:00,60,Moderate,11.0,16.2,4.9,10.8,205.0,79.0,,,,,,
2023-10-18T02:00,59,Moderate,10.7,15.7,4.6,11.0,210.0,80.0,,,,,,
2023-10-18T03:00,59,Moderate,9.9,14.6,4.0,10.3,212.0,81.0,,,,,,
2023-10-18T04:00,59,Moderate,9.9,14.5,3.3,9.0,212.0,82.0,,,,,,
2023-10-18T05:00,58,Moderate,12.6,21.5,1.2,1.5,183.0,79.0,,,,,,
2023-10-18T06:00,58,Moderate,15.5,26.7,1.6,1.9,193.0,74.0,,,,,,
2023-10-18T07:00,58,Moderate,19.3,33.6,2.2,2.4,207.0,67.0,,,,,,
2023-10-18T08:00,58,Moderate,23.2,40.6,2.5,2.7,215.0,65.0,,,,,,
2023-10-18T09:00,58,Moderate,26.1,45.9,2.1,2.5,214.0,71.0,,,,,,
2023-10-18T10:00,59,Moderate,27.5,48.1,1.4,1.9,208.0,81.0,,,,,,
2023-10-18T11:00,60,Moderate,27.8,48.8,0.8,1.4,200.0,88.0,,,,,,
2023-10-18T12:00,61,Moderate,27.6,48.8,0.5,0.9,192.0,87.0,,,,,,
2023-10-18T13:00,62,Moderate,26.4,46.7,0.4,0.4,182.0,82.0,,,,,,
2023-10-18T14:00,63,Moderate,24.0,42.4,0.3,0.1,173.0,77.0,,,,,,
2023-10-18T15:00,63,Moderate,21.0,36.9,0.3,0.0,166.0,72.0,,,,,,
2023-10-18T16:00,64,Moderate,18.7,32.8,0.3,0.1,160.0,66.0,,,,,,
2023-10-18T17:00,64,Moderate,28.1,49.7,0.3,0.1,160.0,66.0,,,,,,
2023-10-18T18:00,65,Moderate,24.8,43.7,0.3,0.1,156.0,65.0,,,,,,
2023-10-18T19:00,66,Moderate,22.5,39.3,0.2,0.1,149.0,65.0,,,,,,
2023-10-18T20:00,67,Moderate,21.1,37.0,0.2,0.1,146.0,65.0,,,,,,
2023-10-18T21:00,68,Moderate,19.9,34.8,0.2,0.1,147.0,67.0,,,,,,
2023-10-18T22:00,69,Moderate,19.2,33.5,0.3,0.1,151.0,69.0,,,,,,
2023-10-18T23:00,70,Moderate,18.6,32.7,0.4,0.3,155.0,71.0,,,,,,
2023-10-19T00:00,70,Moderate,18.4,32.4,0.7,0.9,158.0,71.0,,,,,,
2023-10-19T01:00,71,Moderate,18.9,33.1,1.1,1.7,161.0,71.0,,,,,,
2023-10-19T02:00,72,Moderate,19.7,34.3,1.5,2.7,165.0,71.0,,,,,,
2023-10-19T03:00,72,Moderate,20.8,36.2,1.9,4.0,169.0,71.0,,,,,,
2023-10-19T04:00,73,Moderate,21.8,37.8,2.4,5.5,173.0,71.0,,,,,,
2023-10-19T05:00,74,Moderate,21.5,38.9,0.4,0.4,172.0,80.0,,,,,,
2023-10-19T06:00,75,Moderate,22.2,40.2,0.5,0.4,177.0,81.0,,,,,,
2023-10-19T07:00,75,Moderate,22.6,41.0,0.7,0.5,183.0,83.0,,,,,,
2023-10-19T08:00,76,Moderate,23.1,41.9,0.8,0.5,188.0,85.0,,,,,,
2023-10-19T09:00,76,Moderate,23.2,42.5,0.7,0.6,191.0,88.0,,,,,,
2023-10-19T10:00,75,Moderate,23.0,42.5,0.6,0.7,192.0,90.0,,,,,,
2023-10-19T11:00,75,Moderate,22.3,41.4,0.5,0.7,192.0,92.0,,,,,,
2023-10-19T12:00,75,Moderate,21.1,39.5,0.4,0.6,189.0,91.0,,,,,,
2023-10-19T13:00,74,Moderate,19.0,36.1,0.3,0.5,185.0,90.0,,,,,,
2023-10-19T14:00,74,Moderate,16.4,31.8,0.3,0.4,179.0,88.0,,,,,,
2023-10-19T15:00,73,Moderate,14.5,28.5,0.4,0.4,173.0,87.0,,,,,,
2023-10-19T16:00,72,Moderate,13.4,26.7,0.4,0.5,165.0,87.0,,,,,,
2023-10-19T17:00,72,Moderate,17.2,33.6,0.5,0.6,159.0,86.0,,,,,,
2023-10-19T18:00,71,Moderate,16.7,32.4,0.5,0.6,154.0,86.0,,,,,,
2023-10-19T19:00,71,Moderate,16.1,31.0,0.4,0.7,148.0,87.0,,,,,,
2023-10-19T20:00,70,Moderate,15.7,29.9,0.4,0.7,144.0,87.0,,,,,,
2023-10-19T21:00,70,Moderate,15.0,28.0,0.4,0.7,144.0,86.0,,,,,,
2023-10-19T22:00,69,Moderate,14.8,27.1,0.5,0.7,145.0,85.0,,,,,,
2023-10-19T23:00,69,Moderate,14.7,26.9,0.6,0.9,147.0,84.0,,,,,,
2023-10-20T00:00,69,Moderate,14.4,26.4,0.9,1.3,149.0,83.0,,,,,,
2023-10-20T01:00,68,Moderate,14.3,26.0,1.2,1.9,152.0,81.0,,,,,,
2023-10-20T02:00,68,Moderate,14.4,26.1,1.4,2.3,154.0,80.0,,,,,,
2023-10-20T03:00,67,Moderate,14.4,26.0,1.4,2.4,155.0,79.0,,,,,,
2023-10-20T04:00,67,Moderate,14.0,25.4,1.2,2.3,156.0,79.0,,,,,,
2023-10-20T05:00,66,Moderate,15.4,28.7,2.6,5.7,165.0,71.0,,,,,,
2023-10-20T06:00,66,Moderate,14.6,27.4,2.2,4.7,161.0,73.0,,,,,,
2023-10-20T07:00,65,Moderate,13.6,25.5,1.5,3.3,157.0,75.0,,,,,,
2023-10-20T08:00,65,Moderate,12.7,23.9,1.0,2.1,153.0,77.0,,,,,,
2023-10-20T09:00,64,Moderate,12.6,23.8,0.7,1.4,152.0,79.0,,,,,,
2023-10-20T10:00,63,Moderate,12.7,24.0,0.5,1.0,153.0,81.0,,,,,,
2023-10-20T11:00,62,Moderate,12.1,23.1,0.3,0.7,152.0,80.0,,,,,,
2023-10-20T12:00,61,Moderate,10.7,20.5,0.2,0.4,147.0,75.0,,,,,,
2023-10-20T13:00,60,Moderate,8.2,16.2,0.2,0.2,139.0,68.0,,,,,,
2023-10-20T14:00,60,Moderate,5.8,11.8,0.2,0.1,135.0,62.0,,,,,,
2023-10-20T15:00,59,Moderate,5.5,10.7,0.2,0.1,136.0,60.0,,,,,,
2023-10-20T16:00,58,Moderate,5.7,11.3,0.3,0.1,140.0,59.0,,,,,,
2023-10-20T17:00,57,Moderate,10.1,18.2,0.3,0.1,143.0,58.0,,,,,,
2023-10-20T18:00,57,Moderate,12.7,23.0,0.3,0.1,146.0,61.0,,,,,,
2023-10-20T19:00,57,Moderate,14.8,26.7,0.2,0.1,151.0,65.0,,,,,,
2023-10-20T20:00,57,Moderate,14.4,25.7,0.2,0.1,153.0,68.0,,,,,,
2023-10-20T21:00,56,Moderate,12.8,22.5,0.1,0.0,150.0,68.0,,,,,,
2023-10-20T22:00,56,Moderate,10.9,19.0,0.1,0.0,144.0,66.0,,,,,,
2023-10-20T23:00,56,Moderate,9.4,16.2,0.1,0.0,140.0,64.0,,,,,,
2023-10-21T00:00,56,Moderate,8.8,14.9,0.2,0.1,139.0,64.0,,,,,,
2023-10-21T01:00,55,Moderate,8.8,14.8,0.3,0.3,141.0,64.0,,,,,,
2023-10-21T02:00,55,Moderate,9.4,15.8,0.8,1.3,144.0,63.0,,,,,,
2023-10-21T03:00,54,Moderate,10.2,17.1,1.8,3.5,149.0,61.0,,,,,,
2023-10-21T04:00,54,Moderate,11.2,18.9,3.1,6.3,156.0,58.0,,,,,,
2023-10-21T05:00,54,Moderate,9.8,16.2,1.6,2.8,147.0,64.0,,,,,,
2023-10-21T06:00,53,Moderate,10.3,16.9,1.9,3.8,152.0,63.0,,,,,,
2023-10-21T07:00,53,Moderate,10.5,17.2,2.3,5.1,159.0,62.0,,,,,,
2023-10-21T08:00,53,Moderate,10.5,17.2,2.4,5.6,163.0,63.0,,,,,,
2023-10-21T09:00,53,Moderate,10.7,17.8,1.9,4.7,162.0,68.0,,,,,,
2023-10-21T10:00,52,Moderate,11.0,18.6,1.0,3.0,157.0,76.0,,,,,,
2023-10-21T11:00,52,Moderate,10.6,18.0,0.4,1.6,152.0,80.0,,,,,,
2023-10-21T12:00,52,Moderate,9.7,16.4,0.2,0.9,146.0,77.0,,,,,,
2023-10-21T13:00,52,Moderate,9.0,15.0,0.2,0.5,140.0,71.0,,,,,,
2023-10-21T14:00,52,Moderate,8.7,14.7,0.2,0.2,136.0,67.0,,,,,,
2023-10-21T15:00,52,Moderate,8.8,15.0,0.2,0.1,136.0,66.0,,,,,,
2023-10-21T16:00,53,Moderate,9.1,15.8,0.3,0.1,138.0,66.0,,,,,,
2023-10-21T17:00,53,Moderate,16.5,28.4,0.3,0.1,144.0,65.0,,,,,,
2023-10-21T18:00,53,Moderate,15.8,27.2,0.3,0.1,145.0,67.0,,,,,,
2023-10-21T19:00,54,Moderate,15.7,27.1,0.3,0.2,147.0,71.0,,,,,,
2023-10-21T20:00,54,Moderate,15.7,27.1,0.3,0.3,149.0,74.0,,,,,,
2023-10-21T21:00,54,Moderate,15.7,27.2,0.3,0.3,150.0,76.0,,,,,,
2023-10-21T22:00,54,Moderate,15.8,27.5,0.3,0.2,151.0,78.0,,,,,,
2023-10-21T23:00,54,Moderate,16.4,28.4,0.5,0.6,154.0,80.0,,,,,,
2023-10-22T00:00,55,Moderate,17.2,29.8,0.9,1.5,160.0,82.0,,,,,,
2023-10-22T01:00,56,Moderate,18.8,32.6,1.5,2.7,167.0,84.0,,,,,,
2023-10-22T02:00,56,Moderate,19.9,34.3,2.1,4.3,175.0,85.0,,,,,,
2023-10-22T03:00,57,Moderate,21.2,36.4,2.7,6.5,183.0,85.0,,,,,,
2023-10-22T04:00,58,Moderate,22.4,38.1,3.3,9.0,191.0,85.0,,,,,,
2023-10-22T05:00,59,Moderate,17.6,29.5,3.2,7.0,180.0,71.0,,,,,,
2023-10-22T06:00,60,Moderate,16.6,27.9,2.8,5.4,178.0,72.0,,,,,,
2023-10-22T07:00,60,Moderate,16.0,26.6,2.2,3.3,175.0,73.0,,,,,,
2023-10-22T08:00,60,Moderate,14.7,24.0,1.7,1.6,172.0,75.0,,,,,,
2023-10-22T09:00,61,Moderate,13.0,21.0,1.2,0.8,170.0,77.0,,,,,,
2023-10-22T10:00,61,Moderate,11.5,18.6,0.8,0.5,169.0,79.0,,,,,,
2023-10-22T11:00,61,Moderate,10.2,16.4,0.5,0.3,167.0,81.0,,,,,,
2023-10-22T12:00,61,Moderate,9.3,14.9,0.4,0.1,166.0,81.0,,,,,,
2023-10-22T13:00,61,Moderate,8.7,14.0,0.4,0.1,164.0,81.0,,,,,,
2023-10-22T14:00,61,Moderate,8.0,12.8,0.4,0.1,162.0,80.0,,,,,,
2023-10-22T15:00,61,Moderate,7.1,11.4,0.4,0.0,157.0,77.0,,,,,,
2023-10-22T16:00,61,Moderate,6.6,10.7,0.4,0.0,151.0,74.0,,,,,,
2023-10-22T17:00,61,Moderate,8.8,14.4,0.4,0.1,145.0,63.0,,,,,,
2023-10-22T18:00,60,Moderate,9.1,14.9,0.3,0.0,145.0,65.0,,,,,,
2023-10-22T19:00,59,Moderate,9.7,16.1,0.2,0.0,145.0,68.0,,,,,,
2023-10-22T20:00,59,Moderate,10.7,17.9,0.5,0.5,150.0,71.0,,,,,,
2023-10-22T21:00,59,Moderate,13.0,21.5,1.6,2.6,163.0,75.0,,,,,,
2023-10-22T22:00,58,Moderate,16.4,26.6,3.2,5.5,181.0,81.0,,,,,,
2023-10-22T23:00,58,Moderate,18.4,29.6,4.4,8.2,197.0,84.0,,,,,,
2023-10-23T00:00,59,Moderate,19.4,31.1,5.0,10.3,208.0,85.0,,,,,,
2023-10-23T01:00,59,Moderate,19.8,31.5,5.3,12.2,216.0,84.0,,,,,,
2023-10-23T02:00,59,Moderate,20.0,31.4,5.4,13.6,222.0,83.0,,,,,,
2023-10-23T03:00,59,Moderate,20.0,31.5,5.4,14.5,226.0,82.0,,,,,,
2023-10-23T04:00,59,Moderate,20.1,31.8,5.2,14.9,229.0,80.0,,,,,,
2023-10-23T05:00,59,Moderate,24.0,38.1,4.9,12.9,242.0,78.0,,,,,,
2023-10-23T06:00,59,Moderate,24.1,38.3,4.8,13.0,242.0,81.0,,,,,,
2023-10-23T07:00,60,Moderate,23.3,37.4,4.5,13.0,241.0,86.0,,,,,,
2023-10-23T08:00,60,Moderate,22.0,35.6,4.1,12.6,238.0,92.0,,,,,,
2023-10-23T09:00,61,Moderate,21.8,35.4,3.3,11.5,232.0,102.0,,,,,,
2023-10-23T10:00,61,Moderate,21.3,34.8,2.2,9.9,224.0,114.0,,,,,,
2023-10-23T11:00,62,Moderate,20.7,34.0,1.4,8.4,217.0,122.0,,,,,,
2023-10-23T12:00,63,Moderate,20.3,33.4,1.0,7.1,212.0,125.0,,,,,,
2023-10-23T13:00,64,Moderate,19.5,32.4,0.9,5.9,207.0,124.0,,,,,,
2023-10-23T14:00,65,Moderate,18.0,30.2,0.8,4.7,201.0,121.0,,,,,,
2023-10-23T15:00,66,Moderate,15.6,26.9,0.7,3.4,191.0,113.0,,,,,,
2023-10-23T16:00,66,Moderate,13.0,23.1,0.7,2.1,179.0,103.0,,,,,,
2023-10-23T17:00,67,Moderate,13.2,23.5,1.4,1.9,164.0,86.0,,,,,,
2023-10-23T18:00,67,Moderate,12.0,21.2,2.4,3.1,169.0,83.0,,,,,,
2023-10-23T19:00,67,Moderate,11.6,20.1,3.7,4.9,176.0,78.0,,,,,,
2023-10-23T20:00,67,Moderate,11.6,19.7,4.9,6.5,185.0,75.0,,,,,,
2023-10-23T21:00,68,Moderate,11.8,19.9,5.6,7.9,196.0,74.0,,,,,,
2023-10-23T22:00,67,Moderate,12.8,21.2,6.2,9.1,207.0,73.0,,,,,,
2023-10-23T23:00,67,Moderate,15.0,24.3,6.5,10.2,218.0,73.0,,,,,,
2023-10-24T00:00,67,Moderate,17.2,27.6,6.5,11.1,226.0,73.0,,,,,,
2023-10-24T01:00,67,Moderate,18.8,29.9,6.4,11.9,234.0,73.0,,,,,,
2023-10-24T02:00,67,Moderate,19.4,30.9,6.2,12.5,240.0,73.0,,,,,,
2023-10-24T03:00,67,Moderate,20.3,32.2,6.1,12.8,247.0,72.0,,,,,,
2023-10-24T04:00,67,Moderate,19.6,31.2,6.0,12.8,253.0,70.0,,,,,,
2023-10-24T05:00,67,Moderate,12.2,21.5,2.9,6.9,183.0,67.0,,,,,,
2023-10-24T06:00,66,Moderate,11.6,20.4,2.8,6.6,182.0,67.0,,,,,,
2023-10-24T07:00,65,Moderate,11.5,20.1,2.6,6.2,181.0,67.0,,,,,,
2023-10-24T08:00,64,Moderate,11.7,20.3,2.3,5.9,179.0,69.0,,,,,,
2023-10-24T09:00,63,Moderate,11.9,20.5,1.9,5.8,175.0,75.0,,,,,,
2023-10-24T10:00,62,Moderate,11.9,20.7,1.4,5.7,170.0,83.0,,,,,,
2023-10-24T11:00,61,Moderate,11.5,20.3,1.0,5.2,164.0,87.0,,,,,,
2023-10-24T12:00,61,Moderate,10.7,19.0,0.7,4.0,157.0,84.0,,,,,,
2023-10-24T13:00,60,Moderate,9.7,17.5,0.5,2.4,148.0,78.0,,,,,,
2023-10-24T14:00,59,Moderate,8.8,15.9,0.4,1.2,142.0,72.0,,,,,,
2023-10-24T15:00,58,Moderate,8.1,14.6,0.3,0.6,139.0,68.0,,,,,,
2023-10-24T16:00,58,Moderate,7.6,13.7,0.4,0.4,138.0,64.0,,,,,,
2023-10-24T17:00,57,Moderate,8.3,15.1,0.5,0.3,143.0,59.0,,,,,,
2023-10-24T18:00,57,Moderate,7.7,14.1,0.6,0.7,143.0,60.0,,,,,,
2023-10-24T19:00,57,Moderate,7.4,13.6,0.8,1.2,143.0,62.0,,,,,,
2023-10-24T20:00,56,Moderate,7.3,13.5,1.1,1.7,143.0,63.0,,,,,,
2023-10-24T21:00,56,Moderate,7.3,13.5,1.6,2.4,145.0,64.0,,,,,,
2023-10-24T22:00,56,Moderate,7.4,13.7,2.1,3.0,148.0,64.0,,,,,,
2023-10-24T23:00,55,Moderate,7.6,14.1,2.3,3.3,149.0,64.0,,,,,,
2023-10-25T00:00,55,Moderate,9.8,18.0,1.9,2.8,146.0,64.0,,,,,,
2023-10-25T01:00,54,Moderate,8.0,14.9,1.3,2.0,140.0,65.0,,,,,,
2023-10-25T02:00,53,Moderate,7.6,14.2,0.8,1.3,136.0,64.0,,,,,,
2023-10-25T03:00,52,Moderate,7.5,13.9,0.6,0.9,135.0,62.0,,,,,,
2023-10-25T04:00,51,Moderate,6.4,11.8,0.6,0.7,134.0,59.0,,,,,,
2023-10-25T05:00,50,Good,4.6,8.6,0.8,1.1,134.0,57.0,,,,,,
2023-10-25T06:00,49,Good,4.3,7.8,1.0,1.5,135.0,55.0,,,,,,
2023-10-25T07:00,47,Good,4.1,7.4,1.4,2.0,136.0,53.0,,,,,,
2023-10-25T08:00,46,Good,4.3,7.7,1.5,2.3,138.0,52.0,,,,,,
2023-10-25T09:00,44,Good,4.6,8.2,1.3,2.3,140.0,54.0,,,,,,
2023-10-25T10:00,42,Good,5.2,9.2,1.0,2.1,142.0,57.0,,,,,,
2023-10-25T11:00,41,Good,5.2,9.2,0.7,1.8,143.0,59.0,,,,,,
2023-10-25T12:00,39,Good,4.8,8.7,0.5,1.4,143.0,59.0,,,,,,
2023-10-25T13:00,38,Good,4.3,7.9,0.4,0.8,143.0,58.0,,,,,,
2023-10-25T14:00,37,Good,3.7,6.8,0.4,0.4,143.0,57.0,,,,,,
2023-10-25T15:00,35,Good,3.2,5.9,0.4,0.2,144.0,55.0,,,,,,
2023-10-25T16:00,34,Good,3.0,5.4,0.5,0.0,145.0,54.0,,,,,,
2023-10-25T17:00,33,Good,4.0,7.1,0.4,0.1,153.0,43.0,,,,,,
2023-10-25T18:00,32,Good,3.9,6.9,0.3,0.2,153.0,43.0,,,,,,
2023-10-25T19:00,31,Good,3.8,6.8,0.3,0.2,153.0,42.0,,,,,,
2023-10-25T20:00,31,Good,3.8,6.7,0.4,0.4,155.0,42.0,,,,,,
2023-10-25T21:00,30,Good,3.8,6.7,0.8,0.6,158.0,42.0,,,,,,
2023-10-25T22:00,29,Good,3.9,6.8,1.3,0.8,163.0,41.0,,,,,,
2023-10-25T23:00,28,Good,4.3,7.4,1.9,1.4,168.0,41.0,,,,,,
2023-10-26T00:00,27,Good,4.9,8.3,2.7,2.8,173.0,41.0,,,,,,
2023-10-26T01:00,26,Good,5.8,9.9,3.6,4.6,178.0,42.0,,,,,,
2023-10-26T02:00,26,Good,5.9,10.2,4.2,5.9,182.0,42.0,,,,,,
2023-10-26T03:00,25,Good,6.0,10.4,4.2,6.2,182.0,42.0,,,,,,
2023-10-26T04:00,25,Good,6.0,10.4,3.8,6.1,181.0,43.0,,,,,,
2023-10-26T05:00,25,Good,7.6,12.4,5.8,7.8,207.0,38.0,,,,,,
2023-10-26T06:00,26,Good,8.5,13.8,5.6,9.2,211.0,40.0,,,,,,
2023-10-26T07:00,27,Good,9.4,15.2,5.4,11.1,216.0,42.0,,,,,,
2023-10-26T08:00,28,Good,10.2,16.3,4.8,11.7,218.0,48.0,,,,,,
2023-10-26T09:00,29,Good,10.5,16.9,3.6,10.0,215.0,60.0,,,,,,
2023-10-26T10:00,30,Good,9.7,16.2,2.1,7.1,209.0,75.0,,,,,,
2023-10-26T11:00,32,Good,9.2,15.7,0.9,4.5,203.0,85.0,,,,,,
2023-10-26T12:00,32,Good,8.9,15.7,0.4,2.8,198.0,84.0,,,,,,
2023-10-26T13:00,33,Good,8.8,15.9,0.3,1.5,195.0,78.0,,,,,,
2023-10-26T14:00,34,Good,9.4,17.1,0.3,0.6,193.0,73.0,,,,,,
2023-10-26T15:00,36,Good,10.3,18.9,0.3,0.2,196.0,72.0,,,,,,
2023-10-26T16:00,37,Good,11.8,22.0,0.4,0.2,200.0,72.0,,,,,,
2023-10-26T17:00,39,Good,23.9,43.1,0.4,0.3,202.0,71.0,,,,,,
2023-10-26T18:00,44,Good,25.1,45.3,0.4,0.3,207.0,75.0,,,,,,
2023-10-26T19:00,49,Good,26.3,47.0,0.3,0.4,213.0,81.0,,,,,,
2023-10-26T20:00,51,Moderate,27.6,49.2,0.3,0.4,216.0,87.0,,,,,,
2023-10-26T21:00,53,Moderate,29.0,51.6,0.4,0.4,214.0,95.0,,,,,,
2023-10-26T22:00,55,Moderate,29.7,52.6,0.4,0.5,210.0,103.0,,,,,,
2023-10-26T23:00,57,Moderate,29.3,51.8,0.5,0.5,205.0,109.0,,,,,,
2023-10-27T00:00,59,Moderate,28.0,49.7,0.5,0.5,200.0,110.0,,,,,,
2023-10-27T01:00,61,Moderate,26.5,47.4,0.4,0.5,196.0,108.0,,,,,,
2023-10-27T02:00,63,Moderate,25.5,45.6,0.4,0.5,192.0,105.0,,,,,,
2023-10-27T03:00,64,Moderate,25.1,44.9,0.4,0.5,191.0,101.0,,,,,,
2023-10-27T04:00,66,Moderate,25.1,44.8,0.4,0.6,191.0,96.0,,,,,,
2023-10-27T05:00,67,Moderate,25.4,44.8,0.7,0.6,187.0,91.0,,,,,,
2023-10-27T06:00,69,Moderate,25.6,45.4,0.7,0.6,187.0,90.0,,,,,,
2023-10-27T07:00,70,Moderate,26.0,46.1,0.7,0.6,187.0,89.0,,,,,,
2023-10-27T08:00,71,Moderate,26.7,47.4,0.6,0.6,187.0,88.0,,,,,,
2023-10-27T09:00,73,Moderate,26.8,47.6,0.5,0.6,186.0,87.0,,,,,,
2023-10-27T10:00,74,Moderate,27.2,48.3,0.4,0.5,185.0,86.0,,,,,,
2023-10-27T11:00,75,Moderate,27.5,49.0,0.3,0.5,184.0,85.0,,,,,,
2023-10-27T12:00,77,Moderate,27.5,49.1,0.2,0.5,183.0,82.0,,,,,,
2023-10-27T13:00,78,Moderate,27.2,48.5,0.2,0.4,182.0,78.0,,,,,,
2023-10-27T14:00,80,Moderate,26.8,48.0,0.2,0.4,182.0,76.0,,,,,,
2023-10-27T15:00,81,Moderate,26.4,47.3,0.3,0.4,185.0,75.0,,,,,,
2023-10-27T16:00,82,Moderate,26.1,46.7,0.3,0.3,189.0,76.0,,,,,,
2023-10-27T17:00,83,Moderate,27.6,49.0,0.4,0.3,178.0,72.0,,,,,,
2023-10-27T18:00,84,Moderate,27.0,47.7,0.3,0.3,178.0,73.0,,,,,,
2023-10-27T19:00,84,Moderate,26.5,46.7,0.3,0.3,177.0,74.0,,,,,,
2023-10-27T20:00,84,Moderate,26.4,46.2,0.2,0.3,177.0,75.0,,,,,,
2023-10-27T21:00,84,Moderate,26.4,46.2,0.2,0.3,177.0,77.0,,,,,,
2023-10-27T22:00,84,Moderate,26.6,46.4,0.2,0.3,177.0,78.0,,,,,,
2023-10-27T23:00,83,Moderate,26.3,45.9,0.2,0.3,177.0,80.0,,,,,,
2023-10-28T00:00,83,Moderate,26.1,45.4,0.2,0.3,176.0,82.0,,,,,,
2023-10-28T01:00,83,Moderate,26.0,45.1,0.1,0.3,174.0,84.0,,,,,,
2023-10-28T02:00,83,Moderate,25.8,44.6,0.1,0.3,173.0,85.0,,,,,,
2023-10-28T03:00,83,Moderate,25.4,43.8,0.2,0.4,174.0,86.0,,,,,,
2023-10-28T04:00,83,Moderate,25.0,43.0,0.3,0.5,176.0,87.0,,,,,,
2023-10-28T05:00,83,Moderate,29.1,49.0,2.7,2.2,227.0,73.0,,,,,,
2023-10-28T06:00,83,Moderate,28.9,48.5,2.7,2.4,236.0,74.0,,,,,,
2023-10-28T07:00,83,Moderate,29.0,49.0,2.7,2.6,248.0,75.0,,,,,,
2023-10-28T08:00,84,Moderate,28.1,47.7,2.5,2.6,253.0,77.0,,,,,,
2023-10-28T09:00,84,Moderate,26.4,45.3,1.9,2.1,243.0,81.0,,,,,,
2023-10-28T10:00,84,Moderate,24.6,42.3,1.1,1.2,226.0,87.0,,,,,,
2023-10-28T11:00,84,Moderate,23.7,40.5,0.5,0.6,210.0,89.0,,,,,,
2023-10-28T12:00,83,Moderate,22.6,38.6,0.3,0.3,199.0,85.0,,,,,,
2023-10-28T13:00,83,Moderate,20.8,35.5,0.2,0.3,189.0,78.0,,,,,,
2023-10-28T14:00,82,Moderate,18.6,31.4,0.2,0.2,182.0,72.0,,,,,,
2023-10-28T15:00,82,Moderate,16.6,28.1,0.3,0.1,179.0,70.0,,,,,,
2023-10-28T16:00,81,Moderate,15.4,26.0,0.4,0.1,178.0,69.0,,,,,,
2023-10-28T17:00,80,Moderate,13.8,23.0,0.4,0.1,176.0,66.0,,,,,,
2023-10-28T18:00,79,Moderate,14.2,23.9,0.3,0.1,175.0,67.0,,,,,,
2023-10-28T19:00,78,Moderate,14.6,24.6,0.2,0.2,173.0,69.0,,,,,,
2023-10-28T20:00,77,Moderate,14.6,24.9,0.2,0.2,173.0,70.0,,,,,,
2023-10-28T21:00,76,Moderate,14.7,25.0,0.2,0.2,175.0,71.0,,,,,,
2023-10-28T22:00,75,Moderate,14.3,24.2,0.3,0.2,177.0,72.0,,,,,,
2023-10-28T23:00,74,Moderate,14.2,23.8,0.4,0.2,180.0,73.0,,,,,,
2023-10-29T00:00,73,Moderate,13.2,21.9,0.5,0.2,182.0,73.0,,,,,,
2023-10-29T01:00,72,Moderate,12.1,19.9,0.5,0.2,183.0,71.0,,,,,,
2023-10-29T02:00,71,Moderate,10.7,17.3,0.6,0.2,185.0,70.0,,,,,,
2023-10-29T03:00,70,Moderate,8.8,13.9,0.8,0.3,187.0,68.0,,,,,,
2023-10-29T04:00,69,Moderate,7.4,11.6,1.0,0.4,189.0,66.0,,,,,,
2023-10-29T05:00,67,Moderate,7.1,10.9,1.4,1.0,187.0,66.0,,,,,,
2023-10-29T06:00,66,Moderate,7.5,11.5,1.5,1.1,190.0,66.0,,,,,,
2023-10-29T07:00,64,Moderate,8.2,12.7,1.6,1.3,194.0,67.0,,,,,,
2023-10-29T08:00,62,Moderate,8.8,13.6,1.6,1.3,196.0,68.0,,,,,,
2023-10-29T09:00,61,Moderate,9.2,14.5,1.3,1.0,195.0,72.0,,,,,,
2023-10-29T10:00,59,Moderate,9.7,15.5,0.9,0.6,193.0,76.0,,,,,,
2023-10-29T11:00,58,Moderate,10.4,16.6,0.6,0.3,190.0,79.0,,,,,,
2023-10-29T12:00,57,Moderate,10.6,17.2,0.5,0.2,186.0,78.0,,,,,,
2023-10-29T13:00,56,Moderate,10.4,17.0,0.4,0.2,182.0,75.0,,,,,,
2023-10-29T14:00,55,Moderate,10.0,16.4,0.4,0.2,178.0,73.0,,,,,,
2023-10-29T15:00,55,Moderate,9.3,15.3,0.5,0.2,175.0,71.0,,,,,,
2023-10-29T16:00,54,Moderate,8.5,14.0,0.6,0.1,173.0,70.0,,,,,,
2023-10-29T17:00,54,Moderate,10.7,17.4,0.9,0.1,172.0,66.0,,,,,,
2023-10-29T18:00,53,Moderate,9.5,15.4,1.0,0.1,172.0,66.0,,,,,,
2023-10-29T19:00,53,Moderate,8.1,13.2,1.2,0.2,173.0,66.0,,,,,,
2023-10-29T20:00,53,Moderate,6.8,11.0,1.4,0.2,173.0,66.0,,,,,,
2023-10-29T21:00,52,Moderate,5.6,9.1,1.5,0.2,173.0,65.0,,,,,,
2023-10-29T22:00,51,Moderate,4.6,7.5,1.5,0.2,172.0,64.0,,,,,,
2023-10-29T23:00,50,Good,4.1,6.7,1.5,0.2,171.0,62.0,,,,,,
2023-10-30T00:00,49,Good,3.8,6.1,1.4,0.2,169.0,60.0,,,,,,
2023-10-30T01:00,47,Good,3.3,5.2,1.3,0.1,166.0,59.0,,,,,,
2023-10-30T02:00,45,Good,2.8,4.5,1.2,0.1,164.0,57.0,,,,,,
2023-10-30T03:00,43,Good,2.5,3.9,1.3,0.2,165.0,55.0,,,,,,
2023-10-30T04:00,41,Good,2.2,3.5,1.5,0.3,167.0,52.0,,,,,,
2023-10-30T05:00,40,Good,1.5,2.3,1.3,0.4,163.0,51.0,,,,,,
2023-10-30T06:00,39,Good,1.5,2.2,1.5,0.5,167.0,50.0,,,,,,
2023-10-30T07:00,38,Good,1.6,2.4,1.7,0.6,172.0,49.0,,,,,,
2023-10-30T08:00,36,Good,1.9,2.7,1.8,0.7,175.0,49.0,,,,,,
2023-10-30T09:00,34,Good,2.2,3.2,1.5,0.6,174.0,53.0,,,,,,
2023-10-30T10:00,33,Good,2.4,3.4,0.9,0.4,170.0,59.0,,,,,,
2023-10-30T11:00,31,Good,2.3,3.4,0.5,0.3,167.0,63.0,,,,,,
2023-10-30T12:00,29,Good,2.3,3.5,0.3,0.2,164.0,63.0,,,,,,
2023-10-30T13:00,27,Good,2.3,3.6,0.3,0.1,160.0,60.0,,,,,,
2023-10-30T14:00,26,Good,2.1,3.3,0.3,0.1,158.0,58.0,,,,,,
2023-10-30T15:00,26,Good,2.0,3.3,0.4,0.1,157.0,56.0,,,,,,
2023-10-30T16:00,27,Good,2.1,3.4,0.6,0.1,158.0,55.0,,,,,,
2023-10-30T17:00,27,Good,2.5,3.8,1.1,0.1,154.0,54.0,,,,,,
2023-10-30T18:00,27,Good,2.3,3.6,1.3,0.1,157.0,54.0,,,,,,
2023-10-30T19:00,27,Good,2.3,3.6,1.6,0.2,161.0,53.0,,,,,,
2023-10-30T20:00,26,Good,2.5,4.0,1.8,0.2,165.0,53.0,,,,,,
2023-10-30T21:00,26,Good,2.8,4.4,1.9,0.2,167.0,52.0,,,,,,
2023-10-30T22:00,25,Good,2.8,4.5,1.9,0.2,168.0,51.0,,,,,,
2023-10-30T23:00,25,Good,3.0,4.7,1.9,0.2,170.0,51.0,,,,,,
2023-10-31T00:00,25,Good,3.2,5.1,1.9,0.3,171.0,51.0,,,,,,
2023-10-31T01:00,24,Good,3.9,6.3,1.8,0.6,173.0,52.0,,,,,,
2023-10-31T02:00,24,Good,4.4,7.3,1.8,0.9,176.0,53.0,,,,,,
2023-10-31T03:00,24,Good,5.3,8.9,1.9,1.4,181.0,54.0,,,,,,
2023-10-31T04:00,24,Good,6.2,10.4,2.0,1.9,187.0,54.0,,,,,,
2023-10-31T05:00,24,Good,10.2,17.5,2.6,2.9,202.0,58.0,,,,,,
2023-10-31T06:00,25,Good,11.9,20.5,2.8,4.2,208.0,61.0,,,,,,
2023-10-31T07:00,25,Good,13.8,24.1,3.1,6.0,217.0,65.0,,,,,,
2023-10-31T08:00,26,Good,16.4,28.6,3.1,7.1,225.0,71.0,,,,,,
2023-10-31T09:00,27,Good,19.0,32.8,2.6,6.9,230.0,81.0,,,,,,
2023-10-31T10:00,30,Good,21.6,36.8,1.7,6.0,234.0,93.0,,,,,,
2023-10-31T11:00,34,Good,22.2,37.6,1.1,5.0,237.0,103.0,,,,,,
2023-10-31T12:00,39,Good,23.1,39.1,0.8,4.2,240.0,109.0,,,,,,
2023-10-31T13:00,43,Good,23.8,40.4,0.7,3.3,242.0,112.0,,,,,,
2023-10-31T14:00,48,Good,24.2,41.6,0.7,2.6,244.0,115.0,,,,,,
2023-10-31T15:00,51,Moderate,24.3,41.9,0.8,2.2,246.0,118.0,,,,,,
2023-10-31T16:00,53,Moderate,24.9,43.1,0.9,2.1,249.0,120.0,,,,,,
2023-10-31T17:00,55,Moderate,34.8,60.5,1.1,2.3,248.0,122.0,,,,,,
2023-10-31T18:00,57,Moderate,34.7,60.8,1.1,1.9,237.0,119.0,,,,,,
2023-10-31T19:00,62,Moderate,33.6,59.1,1.0,1.4,222.0,115.0,,,,,,
2023-10-31T20:00,64,Moderate,31.5,55.6,1.2,1.1,215.0,110.0,,,,,,
2023-10-31T21:00,65,Moderate,30.9,54.2,1.7,1.2,221.0,104.0,,,,,,
2023-10-31T22:00,67,Moderate,31.8,55.2,2.4,1.6,234.0,97.0,,,,,,
2023-10-31T23:00,69,Moderate,31.5,54.6,2.9,2.1,247.0,92.0,,,,,,
2023-11-01T00:00,71,Moderate,32.9,56.3,3.1,2.6,257.0,89.0,,,,,,
2023-11-01T01:00,74,Moderate,34.8,58.9,3.0,3.2,266.0,87.0,,,,,,
2023-11-01T02:00,76,Moderate,35.7,60.3,3.0,3.9,275.0,85.0,,,,,,
2023-11-01T03:00,79,Moderate,36.6,61.2,3.0,4.9,284.0,84.0,,,,,,
2023-11-01T04:00,81,Moderate,37.1,62.6,2.9,5.9,292.0,84.0,,,,,,
2023-11-01T05:00,83,Moderate,30.3,52.3,2.2,3.4,255.0,76.0,,,,,,
2023-11-01T06:00,85,Moderate,25.5,44.7,2.2,3.0,244.0,73.0,,,,,,
2023-11-01T07:00,86,Moderate,20.8,36.9,2.2,2.5,228.0,70.0,,,,,,
2023-11-01T08:00,87,Moderate,18.7,32.8,2.0,2.0,215.0,70.0,,,,,,
2023-11-01T09:00,87,Moderate,15.3,26.1,1.6,1.5,206.0,76.0,,,,,,
2023-11-01T10:00,87,Moderate,13.0,21.9,1.0,1.1,200.0,84.0,,,,,,
2023-11-01T11:00,86,Moderate,11.5,19.2,0.6,0.7,194.0,90.0,,,,,,
2023-11-01T12:00,85,Moderate,10.2,17.1,0.4,0.5,188.0,90.0,,,,,,
2023-11-01T13:00,84,Moderate,9.0,15.3,0.4,0.4,184.0,87.0,,,,,,
2023-11-01T14:00,83,Moderate,8.0,13.7,0.4,0.3,180.0,84.0,,,,,,
2023-11-01T15:00,82,Moderate,7.2,12.4,0.4,0.2,177.0,82.0,,,,,,
2023-11-01T16:00,80,Moderate,6.5,11.3,0.5,0.1,175.0,81.0,,,,,,
2023-11-01T17:00,79,Moderate,9.6,16.8,1.1,0.7,182.0,94.0,,,,,,
2023-11-01T18:00,77,Moderate,8.6,15.0,1.4,0.7,181.0,91.0,,,,,,
2023-11-01T19:00,75,Moderate,7.7,13.1,1.8,0.7,180.0,86.0,,,,,,
2023-11-01T20:00,73,Moderate,6.8,11.4,2.2,0.8,180.0,81.0,,,,,,
2023-11-01T21:00,71,Moderate,6.3,10.5,2.5,1.0,183.0,76.0,,,,,,
2023-11-01T22:00,69,Moderate,6.5,10.7,2.7,1.2,186.0,71.0,,,,,,
2023-11-01T23:00,67,Moderate,6.8,11.0,2.8,1.4,188.0,66.0,,,,,,
2023-11-02T00:00,65,Moderate,6.7,10.8,2.7,1.5,185.0,62.0,,,,,,
2023-11-02T01:00,63,Moderate,6.1,9.8,2.5,1.6,180.0,58.0,,,,,,
2023-11-02T02:00,61,Moderate,4.8,7.7,2.4,1.8,176.0,55.0,,,,,,
2023-11-02T03:00,58,Moderate,4.4,7.0,2.4,2.0,173.0,52.0,,,,,,
2023-11-02T04:00,56,Moderate,3.8,6.0,2.5,2.2,171.0,49.0,,,,,,
2023-11-02T05:00,53,Moderate,2.0,2.9,2.2,3.7,175.0,54.0,,,,,,
2023-11-02T06:00,51,Moderate,1.3,1.8,2.6,4.2,180.0,52.0,,,,,,
2023-11-02T07:00,47,Good,1.1,1.6,3.1,4.9,187.0,50.0,,,,,,
2023-11-02T08:00,42,Good,1.5,2.1,3.2,5.2,190.0,49.0,,,,,,
2023-11-02T09:00,38,Good,2.0,2.9,2.7,4.8,184.0,52.0,,,,,,
2023-11-02T10:00,35,Good,2.3,3.4,1.9,3.9,174.0,58.0,,,,,,
2023-11-02T11:00,33,Good,2.5,3.8,1.2,3.1,164.0,62.0,,,,,,
2023-11-02T12:00,30,Good,2.5,3.9,0.9,2.4,156.0,65.0,,,,,,
2023-11-02T13:00,29,Good,2.7,4.1,0.7,1.8,149.0,67.0,,,,,,
2023-11-02T14:00,27,Good,2.7,4.4,0.6,1.2,143.0,68.0,,,,,,
2023-11-02T15:00,27,Good,2.6,4.4,0.5,0.8,137.0,67.0,,,,,,
2023-11-02T16:00,28,Good,2.3,4.2,0.6,0.4,132.0,65.0,,,,,,
2023-11-02T17:00,29,Good,4.0,7.4,0.7,0.4,143.0,68.0,,,,,,
2023-11-02T18:00,30,Good,4.2,7.8,0.9,0.4,146.0,67.0,,,,,,
2023-11-02T19:00,31,Good,4.6,8.3,1.3,0.4,149.0,65.0,,,,,,
2023-11-02T20:00,31,Good,5.3,9.4,1.7,0.4,154.0,62.0,,,,,,
2023-11-02T21:00,31,Good,5.6,9.7,2.2,0.5,160.0,59.0,,,,,,
2023-11-02T22:00,30,Good,5.8,9.9,2.7,0.6,168.0,55.0,,,,,,
2023-11-02T23:00,29,Good,6.2,10.4,3.0,0.8,173.0,52.0,,,,,,
2023-11-03T00:00,29,Good,6.7,10.9,3.1,1.0,176.0,50.0,,,,,,
2023-11-03T01:00,28,Good,6.3,10.3,3.1,1.2,177.0,50.0,,,,,,
2023-11-03T02:00,27,Good,5.8,9.3,3.0,1.5,176.0,49.0,,,,,,
2023-11-03T03:00,26,Good,5.5,8.7,2.8,1.7,173.0,48.0,,,,,,
2023-11-03T04:00,25,Good,4.4,6.8,2.6,2.0,168.0,47.0,,,,,,
2023-11-03T05:00,24,Good,2.8,4.2,1.9,1.0,153.0,47.0,,,,,,
2023-11-03T06:00,23,Good,2.3,3.5,2.1,1.2,154.0,47.0,,,,,,
2023-11-03T07:00,23,Good,1.9,2.8,2.3,1.5,155.0,47.0,,,,,,
2023-11-03T08:00,22,Good,1.6,2.4,2.4,1.7,155.0,48.0,,,,,,
2023-11-03T09:00,22,Good,1.6,2.4,2.1,1.7,154.0,51.0,,,,,,
2023-11-03T10:00,22,Good,1.9,2.9,1.6,1.5,153.0,55.0,,,,,,
2023-11-03T11:00,23,Good,2.3,3.4,1.2,1.3,150.0,58.0,,,,,,
2023-11-03T12:00,23,Good,2.2,3.4,0.9,1.0,146.0,61.0,,,,,,
2023-11-03T13:00,24,Good,2.0,3.2,0.7,0.7,140.0,63.0,,,,,,
2023-11-03T14:00,25,Good,1.8,3.0,0.5,0.4,135.0,64.0,,,,,,
2023-11-03T15:00,26,Good,1.7,2.9,0.4,0.2,130.0,62.0,,,,,,
2023-11-03T16:00,27,Good,1.6,2.8,0.4,0.2,126.0,59.0,,,,,,
2023-11-03T17:00,27,Good,2.9,5.0,0.5,0.1,126.0,55.0,,,,,,
2023-11-03T18:00,28,Good,2.8,4.9,0.4,0.0,127.0,56.0,,,,,,
2023-11-03T19:00,28,Good,2.7,4.7,0.2,0.0,129.0,57.0,,,,,,
2023-11-03T20:00,28,Good,2.5,4.5,0.5,0.1,132.0,57.0,,,,,,
2023-11-03T21:00,27,Good,2.5,4.3,1.5,1.4,139.0,55.0,,,,,,
2023-11-03T22:00,27,Good,2.7,4.6,2.9,3.1,147.0,52.0,,,,,,
2023-11-03T23:00,26,Good,3.6,5.7,4.1,4.5,155.0,49.0,,,,,,
2023-11-04T00:00,26,Good,4.7,7.3,4.9,5.0,163.0,46.0,,,,,,
2023-11-04T01:00,25,Good,5.3,7.9,5.4,5.0,170.0,44.0,,,,,,
2023-11-04T02:00,24,Good,5.5,8.3,5.8,5.4,174.0,42.0,,,,,,
2023-11-04T03:00,23,Good,5.6,8.3,6.1,6.7,173.0,41.0,,,,,,
2023-11-04T04:00,22,Good,5.4,8.0,6.2,8.3,170.0,40.0,,,,,,
2023-11-04T05:00,21,Good,3.3,5.0,6.1,10.9,156.0,44.0,,,,,,
2023-11-04T06:00,21,Good,3.6,5.3,6.8,12.0,160.0,43.0,,,,,,
2023-11-04T07:00,20,Good,3.9,5.7,7.7,13.6,166.0,41.0,,,,,,
2023-11-04T08:00,20,Good,4.4,6.3,8.2,14.5,170.0,40.0,,,,,,
2023-11-04T09:00,19,Good,4.8,6.9,7.9,14.4,172.0,41.0,,,,,,
2023-11-04T10:00,19,Good,4.9,7.1,7.2,13.7,172.0,43.0,,,,,,
2023-11-04T11:00,19,Good,4.8,7.2,6.2,12.8,170.0,47.0,,,,,,
2023-11-04T12:00,20,Good,4.3,6.4,4.9,11.7,165.0,55.0,,,,,,
2023-11-04T13:00,21,Good,4.0,6.3,3.3,10.3,158.0,64.0,,,,,,
2023-11-04T14:00,22,Good,4.2,6.8,2.4,9.0,152.0,69.0,,,,,,
2023-11-04T15:00,23,Good,3.9,6.5,2.6,7.9,149.0,66.0,,,,,,
2023-11-04T16:00,25,Good,3.6,6.1,3.3,6.8,147.0,59.0,,,,,,
2023-11-04T17:00,26,Good,3.7,6.3,3.7,4.9,143.0,48.0,,,,,,
2023-11-04T18:00,26,Good,3.8,6.3,4.3,5.2,148.0,47.0,,,,,,
2023-11-04T19:00,26,Good,3.4,5.7,5.1,5.7,155.0,45.0,,,,,,
2023-11-04T20:00,26,Good,2.9,4.8,5.7,6.1,160.0,43.0,,,,,,
2023-11-04T21:00,26,Good,2.5,4.1,5.8,6.5,161.0,42.0,,,,,,
2023-11-04T22:00,24,Good,2.4,3.8,5.8,6.9,160.0,42.0,,,,,,
2023-11-04T23:00,23,Good,2.4,3.8,5.8,7.3,161.0,41.0,,,,,,
2023-11-05T00:00,23,Good,2.7,4.2,6.2,7.9,166.0,40.0,,,,,,
2023-11-05T01:00,22,Good,2.9,4.5,6.7,8.5,171.0,39.0,,,,,,
2023-11-05T02:00,22,Good,3.1,4.7,7.0,8.8,175.0,38.0,,,,,,
2023-11-05T03:00,21,Good,3.0,4.6,6.8,8.7,173.0,37.0,,,,,,
2023-11-05T04:00,20,Good,2.9,4.7,6.3,8.4,169.0,37.0,,,,,,
2023-11-05T05:00,20,Good,3.4,5.3,6.0,8.9,170.0,39.0,,,,,,
2023-11-05T06:00,20,Good,3.6,5.7,5.6,9.0,172.0,40.0,,,,,,
2023-11-05T07:00,20,Good,3.9,6.1,5.1,9.2,176.0,42.0,,,,,,
2023-11-05T08:00,20,Good,4.6,7.2,4.5,9.5,178.0,46.0,,,,,,
2023-11-05T09:00,20,Good,5.8,8.9,3.8,10.2,178.0,55.0,,,,,,
2023-11-05T10:00,20,Good,5.6,8.7,3.1,10.9,178.0,67.0,,,,,,
2023-11-05T11:00,21,Good,5.7,9.2,2.4,10.9,175.0,76.0,,,,,,
2023-11-05T12:00,23,Good,6.2,10.1,1.8,9.5,169.0,81.0,,,,,,
2023-11-05T13:00,26,Good,6.2,10.6,1.2,7.2,161.0,83.0,,,,,,
2023-11-05T14:00,28,Good,5.9,10.4,0.8,5.1,154.0,82.0,,,,,,
2023-11-05T15:00,31,Good,5.1,9.3,0.5,3.2,148.0,75.0,,,,,,
2023-11-05T16:00,33,Good,4.3,8.0,0.3,1.4,144.0,65.0,,,,,,
2023-11-05T17:00,34,Good,1.0,2.0,0.3,0.1,138.0,50.0,,,,,,
2023-11-05T18:00,34,Good,1.2,2.3,0.6,0.5,139.0,48.0,,,,,,
2023-11-05T19:00,32,Good,1.4,2.6,1.0,1.0,141.0,45.0,,,,,,
2023-11-05T20:00,31,Good,1.4,2.7,1.4,1.5,143.0,43.0,,,,,,
2023-11-05T21:00,28,Good,1.6,2.9,1.8,2.0,145.0,42.0,,,,,,
2023-11-05T22:00,26,Good,1.7,3.0,2.1,2.6,148.0,42.0,,,,,,
2023-11-05T23:00,24,Good,1.9,3.3,2.4,3.1,151.0,42.0,,,,,,
2023-11-06T00:00,22,Good,2.2,3.8,2.6,3.5,155.0,42.0,,,,,,
2023-11-06T01:00,21,Good,2.4,3.9,2.8,3.8,159.0,43.0,,,,,,
2023-11-06T02:00,20,Good,3.0,4.8,3.1,4.5,165.0,43.0,,,,,,
2023-11-06T03:00,20,Good,4.3,6.5,3.7,5.8,173.0,42.0,,,,,,
2023-11-06T04:00,20,Good,5.3,7.9,4.5,7.5,183.0,41.0,,,,,,
2023-11-06T05:00,20,Good,3.9,5.8,6.2,10.8,181.0,39.0,,,,,,
2023-11-06T06:00,20,Good,4.2,6.2,5.6,10.4,181.0,40.0,,,,,,
2023-11-06T07:00,21,Good,4.5,6.6,4.7,9.8,180.0,43.0,,,,,,
2023-11-06T08:00,21,Good,4.6,6.8,3.7,8.8,178.0,47.0,,,,,,
2023-11-06T09:00,21,Good,4.4,6.5,2.6,6.9,174.0,55.0,,,,,,
2023-11-06T10:00,20,Good,3.8,5.7,1.5,4.6,170.0,65.0,,,,,,
2023-11-06T11:00,22,Good,3.8,5.7,0.7,2.7,166.0,73.0,,,,,,
2023-11-06T12:00,23,Good,3.5,5.3,0.4,1.6,164.0,76.0,,,,,,
2023-11-06T13:00,25,Good,3.2,4.9,0.4,0.9,164.0,77.0,,,,,,
2023-11-06T14:00,28,Good,3.0,4.7,0.4,0.4,163.0,76.0,,,,,,
2023-11-06T15:00,30,Good,2.8,4.4,0.4,0.1,161.0,74.0,,,,,,
2023-11-06T16:00,31,Good,2.5,4.1,0.3,0.1,160.0,71.0,,,,,,
2023-11-06T17:00,33,Good,8.8,14.3,0.3,0.1,144.0,57.0,,,,,,
2023-11-06T18:00,33,Good,7.7,13.0,0.4,0.1,142.0,56.0,,,,,,
2023-11-06T19:00,32,Good,7.6,12.9,0.5,0.1,139.0,56.0,,,,,,
2023-11-06T20:00,31,Good,7.7,13.2,0.9,0.6,140.0,55.0,,,,,,
2023-11-06T21:00,30,Good,8.4,13.7,1.9,2.1,149.0,55.0,,,,,,
2023-11-06T22:00,29,Good,9.1,14.5,3.3,4.1,162.0,56.0,,,,,,
2023-11-06T23:00,28,Good,9.2,14.5,4.1,5.3,171.0,56.0,,,,,,
2023-11-07T00:00,28,Good,8.4,13.2,4.0,5.0,173.0,56.0,,,,,,
2023-11-07T01:00,29,Good,7.9,12.3,3.3,3.9,170.0,56.0,,,,,,
2023-11-07T02:00,30,Good,7.4,11.5,2.8,2.9,169.0,56.0,,,,,,
2023-11-07T03:00,31,Good,7.4,11.5,2.5,2.3,170.0,56.0,,,,,,
2023-11-07T04:00,32,Good,7.6,11.8,2.4,1.8,172.0,57.0,,,,,,
2023-11-07T05:00,33,Good,5.7,9.0,2.4,1.9,160.0,51.0,,,,,,
2023-11-07T06:00,33,Good,5.1,8.1,2.5,1.7,157.0,50.0,,,,,,
2023-11-07T07:00,33,Good,4.8,7.6,2.5,1.5,152.0,49.0,,,,,,
2023-11-07T08:00,33,Good,4.5,7.2,2.4,1.3,148.0,49.0,,,,,,
2023-11-07T09:00,33,Good,4.4,6.9,2.0,1.2,145.0,52.0,,,,,,
2023-11-07T10:00,33,Good,4.3,6.8,1.4,1.1,143.0,56.0,,,,,,
2023-11-07T11:00,34,Good,4.0,6.3,0.9,1.0,140.0,60.0,,,,,,
2023-11-07T12:00,34,Good,3.8,5.9,0.7,0.8,137.0,63.0,,,,,,
2023-11-07T13:00,34,Good,3.6,5.7,0.6,0.6,134.0,66.0,,,,,,
2023-11-07T14:00,34,Good,3.1,5.0,0.6,0.5,132.0,68.0,,,,,,
2023-11-07T15:00,34,Good,2.5,4.3,0.7,0.4,131.0,67.0,,,,,,
2023-11-07T16:00,34,Good,2.2,3.8,0.8,0.4,131.0,66.0,,,,,,
2023-11-07T17:00,34,Good,7.3,11.9,1.3,0.8,138.0,66.0,,,,,,
2023-11-07T18:00,33,Good,6.6,11.0,1.8,1.3,142.0,64.0,,,,,,
2023-11-07T19:00,33,Good,6.6,10.8,2.4,1.9,148.0,61.0,,,,,,
2023-11-07T20:00,33,Good,6.6,10.8,2.8,2.3,154.0,59.0,,,,,,
2023-11-07T21:00,33,Good,6.8,11.2,2.9,2.3,158.0,57.0,,,,,,
2023-11-07T22:00,32,Good,6.7,11.2,2.7,2.0,162.0,56.0,,,,,,
2023-11-07T23:00,32,Good,5.7,9.8,2.6,1.8,165.0,54.0,,,,,,
2023-11-08T00:00,31,Good,4.7,8.1,2.5,1.6,166.0,52.0,,,,,,
2023-11-08T01:00,30,Good,3.8,6.5,2.3,1.4,166.0,50.0,,,,,,
2023-11-08T02:00,29,Good,3.5,5.8,2.2,1.3,166.0,49.0,,,,,,
2023-11-08T03:00,28,Good,3.1,5.2,2.1,1.3,165.0,48.0,,,,,,
2023-11-08T04:00,27,Good,2.9,4.8,2.0,1.3,164.0,47.0,,,,,,
2023-11-08T05:00,26,Good,2.1,3.4,2.1,1.2,169.0,46.0,,,,,,
2023-11-08T06:00,25,Good,2.1,3.3,2.1,1.1,169.0,46.0,,,,,,
2023-11-08T07:00,24,Good,2.2,3.5,2.0,0.9,168.0,45.0,,,,,,
2023-11-08T08:00,24,Good,2.4,3.9,1.9,0.8,168.0,46.0,,,,,,
2023-11-08T09:00,23,Good,2.6,4.2,1.6,0.7,168.0,49.0,,,,,,
2023-11-08T10:00,23,Good,2.9,4.7,1.2,0.6,169.0,53.0,,,,,,
2023-11-08T11:00,23,Good,3.0,4.8,0.9,0.5,168.0,56.0,,,,,,
2023-11-08T12:00,22,Good,2.8,4.5,0.7,0.4,165.0,58.0,,,,,,
2023-11-08T13:00,23,Good,2.7,4.5,0.6,0.4,162.0,60.0,,,,,,
2023-11-08T14:00,24,Good,2.6,4.4,0.5,0.3,159.0,61.0,,,,,,
2023-11-08T15:00,25,Good,2.4,4.0,0.6,0.2,157.0,60.0,,,,,,
2023-11-08T16:00,26,Good,2.3,3.8,0.7,0.1,155.0,59.0,,,,,,
2023-11-08T17:00,26,Good,5.1,8.6,0.7,0.2,153.0,61.0,,,,,,
2023-11-08T18:00,27,Good,5.0,8.8,0.8,0.2,154.0,62.0,,,,,,
2023-11-08T19:00,28,Good,5.6,10.0,1.0,0.3,155.0,64.0,,,,,,
2023-11-08T20:00,28,Good,6.2,11.3,1.1,0.3,155.0,65.0,,,,,,
2023-11-08T21:00,29,Good,6.4,11.7,1.0,0.3,154.0,66.0,,,,,,
2023-11-08T22:00,29,Good,6.6,12.0,0.8,0.2,152.0,67.0,,,,,,
2023-11-08T23:00,29,Good,6.3,11.5,0.7,0.2,151.0,67.0,,,,,,
2023-11-09T00:00,30,Good,5.6,10.2,0.6,0.1,150.0,66.0,,,,,,
2023-11-09T01:00,30,Good,5.2,9.3,0.6,0.1,150.0,63.0,,,,,,
2023-11-09T02:00,30,Good,4.6,8.2,0.7,0.1,151.0,61.0,,,,,,
2023-11-09T03:00,30,Good,4.2,7.5,0.9,0.3,153.0,59.0,,,,,,
2023-11-09T04:00,30,Good,4.6,7.9,1.1,0.5,155.0,56.0,,,,,,
2023-11-09T05:00,29,Good,4.6,7.7,1.8,0.9,165.0,53.0,,,,,,
2023-11-09T06:00,29,Good,4.0,6.6,1.6,0.7,163.0,51.0,,,,,,
2023-11-09T07:00,28,Good,3.3,5.4,1.4,0.3,161.0,49.0,,,,,,
2023-11-09T08:00,27,Good,2.7,4.5,1.2,0.1,159.0,48.0,,,,,,
2023-11-09T09:00,26,Good,2.5,4.1,1.0,0.0,158.0,49.0,,,,,,
2023-11-09T10:00,25,Good,2.3,3.7,0.8,0.1,156.0,52.0,,,,,,
2023-11-09T11:00,24,Good,2.3,3.5,0.7,0.1,155.0,54.0,,,,,,
2023-11-09T12:00,24,Good,2.3,3.5,0.6,0.1,153.0,56.0,,,,,,
2023-11-09T13:00,24,Good,2.1,3.2,0.5,0.1,151.0,58.0,,,,,,
2023-11-09T14:00,24,Good,1.9,2.9,0.5,0.1,149.0,59.0,,,,,,
2023-11-09T15:00,25,Good,1.7,2.7,0.5,0.1,147.0,58.0,,,,,,
2023-11-09T16:00,25,Good,1.3,2.2,0.4,0.1,145.0,55.0,,,,,,
2023-11-09T17:00,26,Good,3.7,6.2,0.6,0.1,135.0,54.0,,,,,,
2023-11-09T18:00,26,Good,3.5,6.0,0.8,0.1,137.0,54.0,,,,,,
2023-11-09T19:00,26,Good,3.7,6.2,1.1,0.2,140.0,54.0,,,,,,
2023-11-09T20:00,26,Good,4.0,6.7,1.3,0.2,144.0,54.0,,,,,,
2023-11-09T21:00,26,Good,4.0,6.7,1.5,0.2,148.0,55.0,,,,,,
2023-11-09T22:00,26,Good,4.2,6.8,1.7,0.1,152.0,57.0,,,,,,
2023-11-09T23:00,26,Good,4.3,7.0,1.8,0.2,156.0,58.0,,,,,,
2023-11-10T00:00,26,Good,4.4,7.2,1.8,0.4,160.0,59.0,,,,,,
2023-11-10T01:00,26,Good,4.2,6.8,1.8,0.6,164.0,59.0,,,,,,
2023-11-10T02:00,26,Good,4.1,6.4,1.7,1.0,167.0,59.0,,,,,,
2023-11-10T03:00,26,Good,3.9,6.1,1.7,1.7,168.0,58.0,,,,,,
2023-11-10T04:00,27,Good,3.2,5.1,1.6,2.5,168.0,57.0,,,,,,
2023-11-10T05:00,27,Good,2.4,3.6,2.0,2.8,168.0,51.0,,,,,,
2023-11-10T06:00,27,Good,1.9,2.9,2.0,2.9,166.0,50.0,,,,,,
2023-11-10T07:00,26,Good,1.9,2.9,2.1,2.9,163.0,48.0,,,,,,
2023-11-10T08:00,26,Good,2.0,3.1,2.0,2.8,160.0,48.0,,,,,,
2023-11-10T09:00,25,Good,2.4,3.6,1.8,2.3,158.0,50.0,,,,,,
2023-11-10T10:00,24,Good,2.7,4.1,1.6,1.6,156.0,52.0,,,,,,
2023-11-10T11:00,24,Good,2.7,4.2,1.3,1.0,154.0,55.0,,,,,,
2023-11-10T12:00,24,Good,2.5,3.9,1.0,0.7,152.0,58.0,,,,,,
2023-11-10T13:00,24,Good,2.3,3.7,0.8,0.5,149.0,60.0,,,,,,
2023-11-10T14:00,24,Good,2.1,3.3,0.6,0.3,147.0,62.0,,,,,,
2023-11-10T15:00,25,Good,1.9,3.0,0.6,0.2,145.0,62.0,,,,,,
2023-11-10T16:00,26,Good,1.8,2.9,0.7,0.1,143.0,62.0,,,,,,
2023-11-10T17:00,27,Good,1.9,3.0,1.0,0.1,141.0,54.0,,,,,,
2023-11-10T18:00,27,Good,2.3,3.6,1.3,0.1,145.0,55.0,,,,,,
2023-11-10T19:00,27,Good,2.7,4.3,1.8,0.2,152.0,55.0,,,,,,
2023-11-10T20:00,27,Good,3.0,4.9,2.2,0.3,157.0,56.0,,,,,,
2023-11-10T21:00,27,Good,3.2,5.2,2.4,0.5,161.0,56.0,,,,,,
2023-11-10T22:00,27,Good,3.6,5.8,2.5,0.7,164.0,56.0,,,,,,
2023-11-10T23:00,26,Good,4.0,6.3,2.6,1.0,167.0,56.0,,,,,,
2023-11-11T00:00,26,Good,3.6,5.9,2.8,1.3,171.0,55.0,,,,,,
2023-11-11T01:00,26,Good,4.0,6.3,2.9,1.5,175.0,52.0,,,,,,
2023-11-11T02:00,26,Good,4.5,7.1,3.0,1.8,179.0,51.0,,,,,,
2023-11-11T03:00,25,Good,5.1,8.0,3.0,2.0,183.0,50.0,,,,,,
2023-11-11T04:00,25,Good,5.7,8.9,3.0,2.3,187.0,50.0,,,,,,
2023-11-11T05:00,25,Good,5.0,7.7,2.5,1.4,182.0,52.0,,,,,,
2023-11-11T06:00,24,Good,5.7,8.9,2.5,1.8,189.0,54.0,,,,,,
2023-11-11T07:00,24,Good,6.6,10.4,2.5,2.4,198.0,58.0,,,,,,
2023-11-11T08:00,24,Good,8.6,13.5,2.4,2.8,206.0,63.0,,,,,,
2023-11-11T09:00,25,Good,10.3,16.5,2.0,2.7,212.0,70.0,,,,,,
2023-11-11T10:00,26,Good,11.0,17.6,1.4,2.5,216.0,78.0,,,,,,
2023-11-11T11:00,28,Good,10.8,17.3,1.0,2.1,219.0,85.0,,,,,,
2023-11-11T12:00,30,Good,10.5,16.9,0.8,1.7,219.0,89.0,,,,,,
2023-11-11T13:00,32,Good,10.9,17.6,0.6,1.1,218.0,91.0,,,,,,
2023-11-11T14:00,34,Good,11.4,18.7,0.6,0.7,220.0,93.0,,,,,,
2023-11-11T15:00,36,Good,12.3,20.2,0.7,0.4,227.0,95.0,,,,,,
2023-11-11T16:00,38,Good,11.7,19.3,0.9,0.3,236.0,96.0,,,,,,
2023-11-11T17:00,40,Good,19.0,31.1,1.1,0.3,241.0,98.0,,,,,,
2023-11-11T18:00,42,Good,19.9,32.8,1.2,0.3,246.0,96.0,,,,,,
2023-11-11T19:00,45,Good,22.4,37.3,1.4,0.2,253.0,94.0,,,,,,
2023-11-11T20:00,49,Good,26.1,43.9,1.5,0.3,262.0,92.0,,,,,,
2023-11-11T21:00,52,Moderate,28.8,49.0,1.5,0.4,272.0,93.0,,,,,,
2023-11-11T22:00,54,Moderate,31.5,54.0,1.4,0.6,284.0,94.0,,,,,,
2023-11-11T23:00,56,Moderate,34.0,58.3,1.5,1.1,297.0,95.0,,,,,,
2023-11-12T00:00,58,Moderate,36.9,63.8,1.8,2.2,312.0,94.0,,,,,,
2023-11-12T01:00,61,Moderate,37.8,66.4,2.1,3.8,328.0,91.0,,,,,,
2023-11-12T02:00,63,Moderate,37.8,67.1,2.4,5.3,337.0,88.0,,,,,,
2023-11-12T03:00,66,Moderate,37.0,66.6,2.5,6.9,332.0,84.0,,,,,,
2023-11-12T04:00,69,Moderate,35.9,65.2,2.5,8.5,320.0,80.0,,,,,,
2023-11-12T05:00,71,Moderate,36.3,66.8,2.9,8.8,315.0,75.0,,,,,,
2023-11-12T06:00,73,Moderate,36.1,66.6,3.5,9.4,312.0,72.0,,,,,,
2023-11-12T07:00,76,Moderate,35.7,66.1,4.2,10.2,308.0,69.0,,,,,,
2023-11-12T08:00,78,Moderate,35.2,64.7,4.4,10.4,300.0,71.0,,,,,,
2023-11-12T09:00,80,Moderate,34.5,63.1,3.6,9.4,286.0,82.0,,,,,,
2023-11-12T10:00,82,Moderate,32.2,58.8,2.4,7.7,268.0,98.0,,,,,,
2023-11-12T11:00,84,Moderate,28.4,51.6,1.4,6.2,253.0,110.0,,,,,,
2023-11-12T12:00,85,Moderate,26.5,48.1,1.0,5.0,243.0,115.0,,,,,,
2023-11-12T13:00,86,Moderate,26.2,47.4,0.8,4.0,235.0,117.0,,,,,,
2023-11-12T14:00,88,Moderate,26.4,47.5,0.8,3.2,230.0,118.0,,,,,,
2023-11-12T15:00,89,Moderate,24.0,43.2,0.9,2.8,228.0,119.0,,,,,,
2023-11-12T16:00,90,Moderate,24.1,43.0,1.2,2.8,229.0,119.0,,,,,,
2023-11-12T17:00,91,Moderate,30.6,54.0,1.6,3.0,241.0,111.0,,,,,,
2023-11-12T18:00,92,Moderate,29.3,51.6,1.6,2.7,238.0,110.0,,,,,,
2023-11-12T19:00,92,Moderate,28.2,49.9,1.6,2.4,234.0,109.0,,,,,,
2023-11-12T20:00,93,Moderate,28.1,49.7,1.5,2.1,232.0,108.0,,,,,,
2023-11-12T21:00,93,Moderate,28.3,50.1,1.4,1.9,234.0,107.0,,,,,,
2023-11-12T22:00,93,Moderate,28.1,49.2,1.2,1.7,238.0,106.0,,,,,,
2023-11-12T23:00,93,Moderate,28.4,49.5,1.1,2.0,244.0,104.0,,,,,,
2023-11-13T00:00,92,Moderate,29.6,51.5,1.2,2.8,253.0,102.0,,,,,,
2023-11-13T01:00,92,Moderate,30.6,53.4,1.3,4.0,264.0,99.0,,,,,,
2023-11-13T02:00,91,Moderate,33.6,59.0,1.5,5.5,279.0,97.0,,,,,,
2023-11-13T03:00,91,Moderate,39.8,70.5,1.8,7.7,302.0,94.0,,,,,,
2023-11-13T04:00,91,Moderate,45.5,80.8,2.0,10.3,330.0,92.0,,,,,,
2023-11-13T05:00,92,Moderate,49.7,88.2,2.5,12.7,365.0,90.0,,,,,,
2023-11-13T06:00,93,Moderate,51.5,91.3,2.7,12.6,374.0,92.0,,,,,,
2023-11-13T07:00,94,Moderate,54.0,95.2,3.0,12.3,386.0,94.0,,,,,,
2023-11-13T08:00,95,Moderate,55.2,97.6,3.1,11.8,394.0,98.0,,,,,,
2023-11-13T09:00,97,Moderate,56.6,99.9,2.9,10.9,394.0,105.0,,,,,,
2023-11-13T10:00,99,Moderate,56.7,99.7,2.4,9.8,389.0,114.0,,,,,,
2023-11-13T11:00,101,Unhealthy for Sensitive Groups,54.8,95.9,2.1,8.6,381.0,121.0,,,,,,
2023-11-13T12:00,104,Unhealthy for Sensitive Groups,52.0,90.6,1.9,7.3,369.0,124.0,,,,,,
2023-11-13T13:00,106,Unhealthy for Sensitive Groups,49.0,84.8,1.7,6.0,354.0,126.0,,,,,,
2023-11-13T14:00,109,Unhealthy for Sensitive Groups,47.1,81.0,1.7,4.9,343.0,126.0,,,,,,
2023-11-13T15:00,111,Unhealthy for Sensitive Groups,45.4,77.3,1.9,4.1,339.0,126.0,,,,,,
2023-11-13T16:00,113,Unhealthy for Sensitive Groups,43.5,73.3,2.2,3.6,338.0,126.0,,,,,,
2023-11-13T17:00,115,Unhealthy for Sensitive Groups,51.1,86.4,3.0,4.4,343.0,119.0,,,,,,
2023-11-13T18:00,117,Unhealthy for Sensitive Groups,50.5,84.5,3.0,4.4,347.0,119.0,,,,,,
2023-11-13T19:00,119,Unhealthy for Sensitive Groups,50.5,83.6,3.0,4.6,354.0,118.0,,,,,,
2023-11-13T20:00,122,Unhealthy for Sensitive Groups,49.6,81.5,3.0,5.2,358.0,117.0,,,,,,
2023-11-13T21:00,124,Unhealthy for Sensitive Groups,48.5,78.9,3.1,6.7,359.0,115.0,,,,,,
2023-11-13T22:00,126,Unhealthy for Sensitive Groups,47.6,76.8,3.2,8.7,359.0,113.0,,,,,,
2023-11-13T23:00,128,Unhealthy for Sensitive Groups,46.3,73.8,3.3,10.4,357.0,109.0,,,,,,
2023-11-14T00:00,130,Unhealthy for Sensitive Groups,43.9,68.7,3.4,11.4,354.0,103.0,,,,,,
2023-11-14T01:00,131,Unhealthy for Sensitive Groups,40.6,62.4,3.6,12.1,350.0,95.0,,,,,,
2023-11-14T02:00,132,Unhealthy for Sensitive Groups,37.1,56.0,3.6,12.5,345.0,89.0,,,,,,
2023-11-14T03:00,133,Unhealthy for Sensitive Groups,34.5,51.2,3.4,12.5,338.0,86.0,,,,,,
2023-11-14T04:00,132,Unhealthy for Sensitive Groups,30.6,45.1,3.0,12.2,329.0,84.0,,,,,,
2023-11-14T05:00,131,Unhealthy for Sensitive Groups,34.2,52.9,3.0,12.2,321.0,79.0,,,,,,
2023-11-14T06:00,129,Unhealthy for Sensitive Groups,36.3,56.0,3.1,11.0,328.0,81.0,,,,,,
2023-11-14T07:00,127,Unhealthy for Sensitive Groups,37.5,57.7,3.3,9.2,336.0,83.0,,,,,,
2023-11-14T08:00,126,Unhealthy for Sensitive Groups,37.5,57.4,3.3,7.6,343.0,86.0,,,,,,
2023-11-14T09:00,124,Unhealthy for Sensitive Groups,38.4,58.4,3.0,6.4,346.0,91.0,,,,,,
2023-11-14T10:00,122,Unhealthy for Sensitive Groups,38.4,58.3,2.6,5.3,347.0,96.0,,,,,,
2023-11-14T11:00,120,Unhealthy for Sensitive Groups,36.2,54.6,2.2,4.5,343.0,100.0,,,,,,
2023-11-14T12:00,118,Unhealthy for Sensitive Groups,32.5,48.8,2.0,4.2,330.0,103.0,,,,,,
2023-11-14T13:00,116,Unhealthy for Sensitive Groups,27.2,40.6,1.9,4.1,313.0,104.0,,,,,,
2023-11-14T14:00,114,Unhealthy for Sensitive Groups,23.3,34.7,2.0,4.0,299.0,104.0,,,,,,
2023-11-14T15:00,111,Unhealthy for Sensitive Groups,19.7,29.3,2.4,3.6,291.0,101.0,,,,,,
2023-11-14T16:00,109,Unhealthy for Sensitive Groups,18.1,27.0,2.9,3.2,288.0,97.0,,,,,,
2023-11-14T17:00,106,Unhealthy for Sensitive Groups,18.9,28.3,3.1,2.8,284.0,98.0,,,,,,
2023-11-14T18:00,103,Unhealthy for Sensitive Groups,21.9,33.3,3.4,3.0,295.0,94.0,,,,,,
2023-11-14T19:00,100,Moderate,24.6,37.5,3.9,3.3,311.0,89.0,,,,,,
2023-11-14T20:00,98,Moderate,26.1,39.7,4.3,3.7,323.0,84.0,,,,,,
2023-11-14T21:00,96,Moderate,27.1,41.0,4.5,4.2,332.0,80.0,,,,,,
2023-11-14T22:00,94,Moderate,27.5,41.2,4.6,4.7,338.0,77.0,,,,,,
2023-11-14T23:00,93,Moderate,26.6,39.7,4.5,5.0,334.0,74.0,,,,,,
2023-11-15T00:00,91,Moderate,23.5,34.8,4.2,4.9,315.0,72.0,,,,,,
2023-11-15T01:00,89,Moderate,19.0,27.9,3.8,4.6,287.0,71.0,,,,,,
2023-11-15T02:00,88,Moderate,15.0,21.9,3.5,4.3,262.0,70.0,,,,,,
2023-11-15T03:00,86,Moderate,12.3,17.9,3.2,4.2,245.0,69.0,,,,,,
2023-11-15T04:00,84,Moderate,10.4,15.0,3.0,4.1,232.0,67.0,,,,,,
2023-11-15T05:00,83,Moderate,6.7,9.7,2.8,4.0,211.0,68.0,,,,,,
2023-11-15T06:00,81,Moderate,7.9,11.5,3.1,4.5,221.0,67.0,,,,,,
2023-11-15T07:00,78,Moderate,10.3,15.4,3.4,5.1,234.0,67.0,,,,,,
2023-11-15T08:00,76,Moderate,13.8,20.8,3.5,5.6,245.0,70.0,,,,,,
2023-11-15T09:00,74,Moderate,16.7,25.5,3.0,5.7,252.0,81.0,,,,,,
2023-11-15T10:00,73,Moderate,18.5,28.4,2.1,5.7,257.0,96.0,,,,,,
2023-11-15T11:00,71,Moderate,17.9,27.4,1.5,5.4,260.0,108.0,,,,,,
2023-11-15T12:00,70,Moderate,17.3,26.4,1.2,4.8,260.0,115.0,,,,,,
2023-11-15T13:00,68,Moderate,16.2,24.8,1.1,3.9,257.0,119.0,,,,,,
2023-11-15T14:00,68,Moderate,16.1,24.7,1.1,3.3,256.0,122.0,,,,,,
2023-11-15T15:00,67,Moderate,16.1,24.9,1.3,3.0,257.0,123.0,,,,,,
2023-11-15T16:00,67,Moderate,16.4,25.4,1.7,2.9,260.0,123.0,,,,,,
2023-11-15T17:00,67,Moderate,23.9,37.7,1.7,2.7,263.0,117.0,,,,,,
2023-11-15T18:00,67,Moderate,23.9,38.0,2.0,2.9,265.0,115.0,,,,,,
2023-11-15T19:00,67,Moderate,24.3,38.6,2.3,3.1,268.0,112.0,,,,,,
2023-11-15T20:00,68,Moderate,24.0,38.1,2.7,3.4,272.0,108.0,,,,,,
2023-11-15T21:00,67,Moderate,23.7,37.5,3.0,3.8,278.0,104.0,,,,,,
2023-11-15T22:00,67,Moderate,23.7,37.4,3.3,4.3,284.0,99.0,,,,,,
2023-11-15T23:00,66,Moderate,25.6,40.3,3.6,4.7,290.0,94.0,,,,,,
2023-11-16T00:00,66,Moderate,23.7,37.3,3.8,4.8,294.0,89.0,,,,,,
2023-11-16T01:00,66,Moderate,23.3,36.4,3.9,4.8,297.0,84.0,,,,,,
2023-11-16T02:00,67,Moderate,22.5,34.7,4.0,4.8,297.0,79.0,,,,,,
2023-11-16T03:00,67,Moderate,21.5,32.9,3.9,4.8,292.0,75.0,,,,,,
2023-11-16T04:00,68,Moderate,20.2,30.6,3.8,4.8,285.0,72.0,,,,,,
2023-11-16T05:00,69,Moderate,12.3,17.9,1.9,3.4,231.0,75.0,,,,,,
2023-11-16T06:00,69,Moderate,12.6,18.4,2.1,4.2,236.0,76.0,,,,,,
2023-11-16T07:00,70,Moderate,13.1,19.5,2.3,5.4,242.0,77.0,,,,,,
2023-11-16T08:00,70,Moderate,15.4,23.1,2.4,6.2,247.0,81.0,,,,,,
2023-11-16T09:00,70,Moderate,17.3,26.3,2.1,6.5,249.0,91.0,,,,,,
2023-11-16T10:00,70,Moderate,18.0,27.5,1.6,6.5,250.0,104.0,,,,,,
2023-11-16T11:00,70,Moderate,17.9,27.5,1.2,6.4,248.0,114.0,,,,,,
2023-11-16T12:00,70,Moderate,17.8,27.4,1.0,6.1,241.0,118.0,,,,,,
2023-11-16T13:00,70,Moderate,16.4,25.6,0.9,5.6,232.0,119.0,,,,,,
2023-11-16T14:00,70,Moderate,16.0,25.0,0.9,5.2,225.0,119.0,,,,,,
2023-11-16T15:00,70,Moderate,15.7,24.6,1.0,5.0,222.0,119.0,,,,,,
2023-11-16T16:00,70,Moderate,16.2,25.4,1.3,4.9,222.0,119.0,,,,,,
2023-11-16T17:00,70,Moderate,15.9,25.3,1.9,4.4,220.0,112.0,,,,,,
2023-11-16T18:00,69,Moderate,14.7,23.3,1.9,4.5,220.0,110.0,,,,,,
2023-11-16T19:00,69,Moderate,13.4,21.2,2.0,4.6,221.0,106.0,,,,,,
2023-11-16T20:00,68,Moderate,12.1,19.0,2.2,5.0,224.0,102.0,,,,,,
2023-11-16T21:00,67,Moderate,11.0,17.1,2.7,5.7,231.0,97.0,,,,,,
2023-11-16T22:00,66,Moderate,11.1,17.3,3.3,6.7,241.0,92.0,,,,,,
2023-11-16T23:00,65,Moderate,13.1,20.4,3.7,7.8,251.0,87.0,,,,,,
2023-11-17T00:00,64,Moderate,15.1,23.3,3.9,9.2,263.0,84.0,,,,,,
2023-11-17T01:00,63,Moderate,16.1,24.9,4.0,10.8,276.0,81.0,,,,,,
2023-11-17T02:00,63,Moderate,16.3,25.4,3.9,11.9,284.0,79.0,,,,,,
2023-11-17T03:00,62,Moderate,16.1,25.1,3.6,12.2,285.0,77.0,,,,,,
2023-11-17T04:00,62,Moderate,14.8,23.2,3.2,11.9,282.0,76.0,,,,,,
2023-11-17T05:00,61,Moderate,13.4,21.2,3.1,11.6,272.0,73.0,,,,,,
2023-11-17T06:00,61,Moderate,11.4,18.1,3.1,11.4,261.0,71.0,,,,,,
2023-11-17T07:00,61,Moderate,8.8,14.3,3.1,11.0,246.0,70.0,,,,,,
2023-11-17T08:00,61,Moderate,8.0,13.1,2.9,10.3,233.0,71.0,,,,,,
2023-11-17T09:00,60,Moderate,6.7,11.2,2.3,8.9,224.0,78.0,,,,,,
2023-11-17T10:00,59,Moderate,6.0,10.1,1.6,7.1,217.0,88.0,,,,,,
2023-11-17T11:00,58,Moderate,5.9,10.0,1.0,5.5,210.0,96.0,,,,,,
2023-11-17T12:00,58,Moderate,5.5,9.5,0.7,4.3,204.0,100.0,,,,,,
2023-11-17T13:00,57,Moderate,5.4,9.3,0.6,3.3,198.0,102.0,,,,,,
2023-11-17T14:00,56,Moderate,5.2,9.1,0.6,2.4,194.0,103.0,,,,,,
2023-11-17T15:00,55,Moderate,5.3,9.3,0.7,1.7,191.0,103.0,,,,,,
2023-11-17T16:00,54,Moderate,5.2,9.2,1.0,1.3,188.0,103.0,,,,,,
2023-11-17T17:00,53,Moderate,8.8,15.1,1.3,2.1,217.0,112.0,,,,,,
2023-11-17T18:00,53,Moderate,8.3,14.5,1.4,1.9,217.0,111.0,,,,,,
2023-11-17T19:00,52,Moderate,7.7,13.5,1.5,1.6,216.0,110.0,,,,,,
2023-11-17T20:00,52,Moderate,7.4,13.2,1.6,1.3,214.0,107.0,,,,,,
2023-11-17T21:00,51,Moderate,6.4,11.5,1.6,1.1,208.0,101.0,,,,,,
2023-11-17T22:00,51,Moderate,5.7,10.2,1.5,0.9,201.0,94.0,,,,,,
2023-11-17T23:00,51,Moderate,5.1,9.2,1.5,0.9,197.0,87.0,,,,,,
2023-11-18T00:00,50,Good,4.8,8.6,1.7,1.1,200.0,81.0,,,,,,
2023-11-18T01:00,47,Good,5.5,9.6,1.9,1.5,207.0,76.0,,,,,,
2023-11-18T02:00,45,Good,6.4,10.9,2.2,2.1,215.0,72.0,,,,,,
2023-11-18T03:00,43,Good,7.0,11.8,2.5,3.2,224.0,69.0,,,,,,
2023-11-18T04:00,40,Good,7.8,13.0,2.8,4.6,233.0,66.0,,,,,,
2023-11-18T05:00,39,Good,5.6,9.1,2.8,5.8,222.0,63.0,,,,,,
2023-11-18T06:00,37,Good,4.2,6.7,2.8,6.0,217.0,62.0,,,,,,
2023-11-18T07:00,35,Good,3.1,4.8,2.8,6.2,209.0,60.0,,,,,,
2023-11-18T08:00,34,Good,2.5,3.7,2.6,6.0,201.0,61.0,,,,,,
2023-11-18T09:00,33,Good,2.4,3.6,2.1,5.2,194.0,65.0,,,,,,
2023-11-18T10:00,32,Good,2.4,3.5,1.5,4.1,186.0,71.0,,,,,,
2023-11-18T11:00,31,Good,2.1,3.1,1.0,3.1,179.0,76.0,,,,,,
2023-11-18T12:00,30,Good,2.2,3.2,0.7,2.2,171.0,79.0,,,,,,
2023-11-18T13:00,31,Good,1.8,2.8,0.6,1.4,164.0,81.0,,,,,,
2023-11-18T14:00,32,Good,1.7,2.7,0.5,0.8,158.0,81.0,,,,,,
2023-11-18T15:00,33,Good,1.7,2.8,0.5,0.5,154.0,80.0,,,,,,
2023-11-18T16:00,34,Good,1.7,2.8,0.6,0.4,151.0,77.0,,,,,,
2023-11-18T17:00,35,Good,5.3,8.2,1.7,1.5,170.0,84.0,,,,,,
2023-11-18T18:00,36,Good,4.9,7.6,1.9,1.4,173.0,81.0,,,,,,
2023-11-18T19:00,37,Good,5.2,8.0,2.1,1.3,177.0,78.0,,,,,,
2023-11-18T20:00,37,Good,5.4,8.3,2.4,1.4,180.0,74.0,,,,,,
2023-11-18T21:00,37,Good,5.5,8.3,2.7,1.7,182.0,71.0,,,,,,
2023-11-18T22:00,36,Good,5.7,8.7,2.9,2.1,183.0,67.0,,,,,,
2023-11-18T23:00,35,Good,5.7,8.7,3.1,2.5,183.0,64.0,,,,,,
2023-11-19T00:00,35,Good,5.0,7.7,3.1,2.9,182.0,61.0,,,,,,
2023-11-19T01:00,34,Good,4.0,6.2,3.1,3.3,181.0,58.0,,,,,,
2023-11-19T02:00,32,Good,3.4,5.3,3.0,3.7,179.0,56.0,,,,,,
2023-11-19T03:00,31,Good,2.7,4.1,2.9,4.0,178.0,54.0,,,,,,
2023-11-19T04:00,29,Good,2.1,3.1,2.8,4.2,176.0,53.0,,,,,,
2023-11-19T05:00,28,Good,1.5,2.2,2.9,4.7,182.0,52.0,,,,,,
2023-11-19T06:00,27,Good,1.6,2.4,2.7,3.8,179.0,53.0,,,,,,
2023-11-19T07:00,26,Good,1.8,2.9,2.3,2.5,175.0,55.0,,,,,,
2023-11-19T08:00,26,Good,1.8,2.9,2.0,1.5,170.0,56.0,,,,,,
2023-11-19T09:00,25,Good,2.0,3.1,1.6,1.0,165.0,58.0,,,,,,
2023-11-19T10:00,25,Good,2.2,3.5,1.2,0.9,160.0,59.0,,,,,,
2023-11-19T11:00,26,Good,2.3,3.7,0.9,0.7,156.0,60.0,,,,,,
2023-11-19T12:00,26,Good,2.2,3.6,0.8,0.5,152.0,59.0,,,,,,
2023-11-19T13:00,26,Good,2.2,3.7,0.7,0.3,149.0,58.0,,,,,,
2023-11-19T14:00,27,Good,2.2,3.7,0.7,0.2,147.0,57.0,,,,,,
2023-11-19T15:00,27,Good,2.1,3.7,0.7,0.1,145.0,56.0,,,,,,
2023-11-19T16:00,27,Good,2.2,4.0,0.8,0.1,144.0,56.0,,,,,,
2023-11-19T17:00,27,Good,5.5,9.9,1.3,0.4,152.0,61.0,,,,,,
2023-11-19T18:00,27,Good,6.0,10.9,1.6,0.6,156.0,62.0,,,,,,
2023-11-19T19:00,27,Good,6.6,12.3,1.9,0.8,161.0,63.0,,,,,,
2023-11-19T20:00,27,Good,7.5,14.1,2.2,1.2,168.0,65.0,,,,,,
2023-11-19T21:00,28,Good,8.7,16.6,2.4,1.7,176.0,69.0,,,,,,
2023-11-19T22:00,28,Good,10.1,19.5,2.5,2.2,186.0,74.0,,,,,,
2023-11-19T23:00,29,Good,11.2,21.8,2.5,3.0,194.0,78.0,,,,,,
2023-11-20T00:00,31,Good,12.4,24.4,2.4,4.0,201.0,81.0,,,,,,
2023-11-20T01:00,32,Good,13.5,27.0,2.3,5.1,207.0,84.0,,,,,,
2023-11-20T02:00,33,Good,14.4,29.1,2.2,6.4,211.0,85.0,,,,,,
2023-11-20T03:00,35,Good,14.8,30.3,2.3,8.0,213.0,83.0,,,,,,
2023-11-20T04:00,36,Good,14.8,30.5,2.4,9.8,213.0,78.0,,,,,,
2023-11-20T05:00,37,Good,14.7,30.0,2.6,12.3,210.0,78.0,,,,,,
2023-11-20T06:00,38,Good,14.5,29.2,3.2,13.6,211.0,74.0,,,,,,
2023-11-20T07:00,41,Good,14.1,27.9,3.9,15.3,211.0,68.0,,,,,,
2023-11-20T08:00,44,Good,13.3,25.5,4.2,16.0,212.0,67.0,,,,,,
2023-11-20T09:00,46,Good,13.3,24.6,3.6,14.8,212.0,75.0,,,,,,
2023-11-20T10:00,49,Good,14.5,25.8,2.6,12.7,212.0,88.0,,,,,,
2023-11-20T11:00,51,Moderate,14.9,26.1,1.8,10.5,211.0,99.0,,,,,,
2023-11-20T12:00,52,Moderate,14.7,25.9,1.3,8.6,208.0,105.0,,,,,,
2023-11-20T13:00,53,Moderate,14.3,25.3,1.1,6.7,204.0,109.0,,,,,,
2023-11-20T14:00,53,Moderate,14.1,24.7,1.0,5.2,201.0,110.0,,,,,,
2023-11-20T15:00,54,Moderate,13.9,24.3,1.2,4.3,202.0,108.0,,,,,,
2023-11-20T16:00,55,Moderate,13.3,22.8,1.6,3.7,204.0,104.0,,,,,,
2023-11-20T17:00,56,Moderate,11.4,19.7,1.6,2.6,193.0,99.0,,,,,,
2023-11-20T18:00,57,Moderate,11.4,19.4,1.9,2.8,198.0,98.0,,,,,,
2023-11-20T19:00,57,Moderate,11.1,18.6,2.2,3.1,205.0,96.0,,,,,,
2023-11-20T20:00,57,Moderate,11.0,18.1,2.6,3.4,208.0,92.0,,,,,,
2023-11-20T21:00,58,Moderate,10.6,17.1,3.0,3.6,204.0,84.0,,,,,,
2023-11-20T22:00,58,Moderate,8.9,14.1,3.4,3.9,197.0,73.0,,,,,,
2023-11-20T23:00,58,Moderate,7.5,11.9,3.8,4.5,192.0,65.0,,,,,,
2023-11-21T00:00,58,Moderate,6.9,10.7,4.1,5.7,190.0,62.0,,,,,,
2023-11-21T01:00,57,Moderate,6.7,10.2,4.3,7.3,191.0,61.0,,,,,,
2023-11-21T02:00,57,Moderate,6.6,10.1,4.5,8.7,193.0,60.0,,,,,,
2023-11-21T03:00,56,Moderate,7.2,11.0,4.7,9.9,199.0,58.0,,,,,,
2023-11-21T04:00,55,Moderate,7.9,12.0,4.9,10.9,207.0,57.0,,,,,,
2023-11-21T05:00,55,Moderate,8.5,13.0,5.0,11.6,210.0,56.0,,,,,,
2023-11-21T06:00,54,Moderate,9.4,14.3,5.0,11.8,213.0,58.0,,,,,,
2023-11-21T07:00,54,Moderate,10.0,15.3,5.0,12.0,217.0,60.0,,,,,,
2023-11-21T08:00,54,Moderate,10.2,15.8,4.6,11.6,217.0,64.0,,,,,,
2023-11-21T09:00,53,Moderate,8.7,13.6,3.6,10.2,209.0,71.0,,,,,,
2023-11-21T10:00,53,Moderate,7.0,11.0,2.2,8.1,197.0,79.0,,,,,,
2023-11-21T11:00,52,Moderate,6.5,10.3,1.2,6.2,185.0,85.0,,,,,,
2023-11-21T12:00,52,Moderate,5.7,9.1,0.8,4.6,176.0,86.0,,,,,,
2023-11-21T13:00,51,Moderate,4.9,7.9,0.6,3.1,168.0,85.0,,,,,,
2023-11-21T14:00,50,Good,3.9,6.6,0.6,2.0,161.0,82.0,,,,,,
2023-11-21T15:00,48,Good,3.3,5.8,0.6,1.4,154.0,78.0,,,,,,
2023-11-21T16:00,46,Good,3.0,5.4,0.7,1.1,148.0,73.0,,,,,,
2023-11-21T17:00,44,Good,7.0,11.8,0.4,0.5,147.0,56.0,,,,,,
2023-11-21T18:00,43,Good,5.4,9.4,0.3,0.4,141.0,54.0,,,,,,
2023-11-21T19:00,41,Good,4.5,8.0,0.2,0.2,134.0,51.0,,,,,,
2023-11-21T20:00,40,Good,4.0,7.2,0.2,0.1,130.0,50.0,,,,,,
2023-11-21T21:00,38,Good,4.4,7.7,0.4,0.1,133.0,52.0,,,,,,
2023-11-21T22:00,37,Good,4.3,7.7,0.7,0.1,139.0,55.0,,,,,,
2023-11-21T23:00,36,Good,4.5,8.0,1.0,0.2,145.0,57.0,,,,,,
2023-11-22T00:00,35,Good,4.6,8.1,1.1,0.2,149.0,57.0,,,,,,
2023-11-22T01:00,34,Good,4.2,7.4,1.2,0.2,154.0,57.0,,,,,,
2023-11-22T02:00,34,Good,4.5,7.8,1.2,0.3,157.0,56.0,,,,,,
2023-11-22T03:00,33,Good,4.7,7.9,1.3,0.4,159.0,56.0,,,,,,
2023-11-22T04:00,33,Good,4.6,7.7,1.3,0.6,161.0,55.0,,,,,,
2023-11-22T05:00,32,Good,2.6,4.2,1.2,0.4,150.0,54.0,,,,,,
2023-11-22T06:00,31,Good,2.7,4.2,1.8,0.9,155.0,52.0,,,,,,
2023-11-22T07:00,29,Good,3.0,4.5,2.5,1.5,163.0,50.0,,,,,,
2023-11-22T08:00,27,Good,3.0,4.5,2.9,1.9,167.0,49.0,,,,,,
2023-11-22T09:00,26,Good,3.2,4.7,2.6,1.7,166.0,51.0,,,,,,
2023-11-22T10:00,25,Good,3.3,4.9,2.0,1.3,161.0,55.0,,,,,,
2023-11-22T11:00,24,Good,3.1,4.6,1.5,1.0,157.0,58.0,,,,,,
2023-11-22T12:00,25,Good,2.6,3.9,1.3,1.1,154.0,60.0,,,,,,
2023-11-22T13:00,25,Good,2.3,3.5,1.2,1.4,150.0,62.0,,,,,,
2023-11-22T14:00,25,Good,2.2,3.2,1.3,1.9,148.0,63.0,,,,,,
2023-11-22T15:00,26,Good,2.0,3.0,1.7,2.6,147.0,64.0,,,,,,
2023-11-22T16:00,27,Good,1.9,2.9,2.4,3.5,147.0,63.0,,,,,,
2023-11-22T17:00,28,Good,4.7,7.4,2.3,1.6,140.0,59.0,,,,,,
2023-11-22T18:00,28,Good,4.3,6.9,2.0,1.4,138.0,58.0,,,,,,
2023-11-22T19:00,28,Good,3.8,6.2,1.6,1.0,134.0,57.0,,,,,,
2023-11-22T20:00,28,Good,3.7,6.0,1.3,0.7,131.0,56.0,,,,,,
2023-11-22T21:00,28,Good,3.5,5.7,1.1,0.5,128.0,55.0,,,,,,
2023-11-22T22:00,28,Good,3.3,5.4,0.9,0.2,126.0,54.0,,,,,,
2023-11-22T23:00,27,Good,3.2,5.2,0.8,0.1,124.0,53.0,,,,,,
2023-11-23T00:00,26,Good,3.0,4.8,0.6,0.1,123.0,52.0,,,,,,
2023-11-23T01:00,26,Good,2.8,4.5,0.5,0.1,122.0,50.0,,,,,,
2023-11-23T02:00,25,Good,2.3,3.7,0.4,0.2,121.0,49.0,,,,,,
2023-11-23T03:00,25,Good,1.9,3.0,0.4,0.2,120.0,48.0,,,,,,
2023-11-23T04:00,24,Good,1.5,2.3,0.5,0.2,119.0,48.0,,,,,,
2023-11-23T05:00,24,Good,2.3,3.9,1.0,1.0,101.0,39.0,,,,,,
2023-11-23T06:00,23,Good,2.4,4.2,1.8,2.3,103.0,36.0,,,,,,
2023-11-23T07:00,22,Good,2.7,4.6,3.0,4.2,106.0,32.0,,,,,,
2023-11-23T08:00,21,Good,2.8,4.8,3.6,5.3,107.0,30.0,,,,,,
2023-11-23T09:00,19,Good,3.0,5.1,3.3,5.2,106.0,31.0,,,,,,
2023-11-23T10:00,18,Good,2.8,4.8,2.6,4.4,104.0,33.0,,,,,,
2023-11-23T11:00,17,Good,2.5,4.5,1.9,3.4,101.0,35.0,,,,,,
2023-11-23T12:00,16,Good,2.2,4.0,1.4,2.3,98.0,37.0,,,,,,
2023-11-23T13:00,16,Good,2.1,4.0,0.9,1.1,95.0,38.0,,,,,,
2023-11-23T14:00,16,Good,2.0,3.7,0.5,0.2,93.0,39.0,,,,,,
2023-11-23T15:00,16,Good,1.8,3.4,0.4,0.0,92.0,39.0,,,,,,
2023-11-23T16:00,16,Good,1.7,3.3,0.4,0.0,92.0,38.0,,,,,,
2023-11-23T17:00,17,Good,3.6,6.2,0.6,0.1,92.0,38.0,,,,,,
2023-11-23T18:00,17,Good,3.4,5.9,0.8,0.1,95.0,39.0,,,,,,
2023-11-23T19:00,18,Good,3.4,5.8,1.1,0.1,100.0,39.0,,,,,,
2023-11-23T20:00,18,Good,3.5,5.9,1.4,0.2,106.0,40.0,,,,,,
2023-11-23T21:00,18,Good,3.7,6.1,1.9,0.4,114.0,40.0,,,,,,
2023-11-23T22:00,18,Good,4.0,6.4,2.4,0.6,124.0,40.0,,,,,,
2023-11-23T23:00,18,Good,4.4,7.0,2.8,0.8,133.0,41.0,,,,,,
2023-11-24T00:00,18,Good,4.7,7.4,2.9,0.9,142.0,43.0,,,,,,
2023-11-24T01:00,19,Good,4.9,7.7,2.8,0.8,151.0,46.0,,,,,,
2023-11-24T02:00,19,Good,4.9,7.7,2.6,0.8,160.0,49.0,,,,,,
2023-11-24T03:00,20,Good,4.7,7.5,2.3,0.7,170.0,54.0,,,,,,
2023-11-24T04:00,20,Good,4.2,6.9,2.0,0.6,181.0,59.0,,,,,,
2023-11-24T05:00,22,Good,3.6,6.4,1.0,0.3,184.0,66.0,,,,,,
2023-11-24T06:00,23,Good,3.7,6.7,1.0,0.3,183.0,66.0,,,,,,
2023-11-24T07:00,25,Good,4.0,7.3,1.0,0.3,181.0,66.0,,,,,,
2023-11-24T08:00,26,Good,4.4,7.9,1.0,0.3,178.0,66.0,,,,,,
2023-11-24T09:00,27,Good,4.6,8.2,0.9,0.3,174.0,68.0,,,,,,
2023-11-24T10:00,29,Good,4.9,8.8,0.7,0.3,168.0,70.0,,,,,,
2023-11-24T11:00,30,Good,4.7,8.5,0.6,0.3,163.0,71.0,,,,,,
2023-11-24T12:00,31,Good,4.8,8.5,0.5,0.3,158.0,71.0,,,,,,
2023-11-24T13:00,32,Good,4.6,8.1,0.5,0.2,153.0,71.0,,,,,,
2023-11-24T14:00,32,Good,4.4,7.7,0.5,0.2,149.0,70.0,,,,,,
2023-11-24T15:00,32,Good,4.1,7.3,0.6,0.2,147.0,69.0,,,,,,
2023-11-24T16:00,32,Good,4.0,7.0,0.7,0.2,147.0,67.0,,,,,,
2023-11-24T17:00,32,Good,5.6,9.7,0.8,0.2,148.0,64.0,,,,,,
2023-11-24T18:00,32,Good,5.2,9.1,0.8,0.2,151.0,65.0,,,,,,
2023-11-24T19:00,32,Good,4.9,8.5,0.9,0.2,156.0,65.0,,,,,,
2023-11-24T20:00,31,Good,4.8,8.5,1.1,0.2,163.0,66.0,,,,,,
2023-11-24T21:00,31,Good,4.5,8.0,1.4,0.2,172.0,66.0,,,,,,
2023-11-24T22:00,31,Good,4.7,8.3,1.8,0.3,183.0,66.0,,,,,,
2023-11-24T23:00,31,Good,4.8,8.4,2.2,0.4,191.0,65.0,,,,,,
2023-11-25T00:00,30,Good,5.0,8.6,2.5,0.6,194.0,63.0,,,,,,
2023-11-25T01:00,30,Good,5.4,9.1,2.8,0.9,195.0,61.0,,,,,,
2023-11-25T02:00,30,Good,5.6,9.2,3.1,1.4,196.0,58.0,,,,,,
2023-11-25T03:00,30,Good,5.4,8.7,3.4,2.3,197.0,55.0,,,,,,
2023-11-25T04:00,29,Good,4.8,7.9,3.7,3.4,198.0,51.0,,,,,,
2023-11-25T05:00,28,Good,5.0,8.0,3.5,3.0,192.0,50.0,,,,,,
2023-11-25T06:00,27,Good,4.6,7.2,3.4,3.0,192.0,50.0,,,,,,
2023-11-25T07:00,27,Good,3.8,6.0,3.3,3.0,192.0,49.0,,,,,,
2023-11-25T08:00,27,Good,3.7,5.7,3.0,2.8,190.0,51.0,,,,,,
2023-11-25T09:00,26,Good,3.4,5.3,2.4,2.3,184.0,57.0,,,,,,
2023-11-25T10:00,26,Good,3.0,4.8,1.5,1.6,175.0,65.0,,,,,,
2023-11-25T11:00,26,Good,2.6,4.1,0.9,1.0,168.0,71.0,,,,,,
2023-11-25T12:00,26,Good,2.2,3.6,0.6,0.7,164.0,74.0,,,,,,
2023-11-25T13:00,27,Good,2.0,3.4,0.5,0.5,160.0,75.0,,,,,,
2023-11-25T14:00,29,Good,2.2,3.8,0.5,0.4,159.0,76.0,,,,,,
2023-11-25T15:00,30,Good,2.3,4.1,0.6,0.3,160.0,77.0,,,,,,
2023-11-25T16:00,32,Good,2.5,4.4,0.8,0.2,162.0,78.0,,,,,,
2023-11-25T17:00,33,Good,5.4,9.2,1.2,0.1,161.0,72.0,,,,,,
2023-11-25T18:00,34,Good,3.7,6.4,1.2,0.1,161.0,70.0,,,,,,
2023-11-25T19:00,34,Good,3.0,5.2,1.2,0.2,161.0,67.0,,,,,,
2023-11-25T20:00,34,Good,2.0,3.5,1.2,0.2,162.0,64.0,,,,,,
2023-11-25T21:00,34,Good,1.7,2.9,1.4,0.3,164.0,62.0,,,,,,
2023-11-25T22:00,33,Good,1.5,2.5,1.6,0.3,166.0,59.0,,,,,,
2023-11-25T23:00,32,Good,1.6,2.6,1.8,0.4,167.0,58.0,,,,,,
2023-11-26T00:00,31,Good,1.9,3.1,1.8,0.4,167.0,57.0,,,,,,
2023-11-26T01:00,30,Good,2.1,3.4,1.7,0.4,167.0,58.0,,,,,,
2023-11-26T02:00,29,Good,1.8,2.9,1.6,0.4,167.0,58.0,,,,,,
2023-11-26T03:00,28,Good,1.3,2.2,1.4,0.4,166.0,59.0,,,,,,
2023-11-26T04:00,28,Good,1.3,2.1,1.1,0.3,166.0,60.0,,,,,,
2023-11-26T05:00,27,Good,0.9,1.5,1.1,0.8,168.0,61.0,,,,,,
2023-11-26T06:00,27,Good,1.1,1.7,1.2,0.8,171.0,61.0,,,,,,
2023-11-26T07:00,27,Good,1.6,2.6,1.4,0.9,176.0,61.0,,,,,,
2023-11-26T08:00,28,Good,2.2,3.5,1.4,0.9,179.0,63.0,,,,,,
2023-11-26T09:00,28,Good,2.8,4.6,1.2,0.8,180.0,68.0,,,,,,
2023-11-26T10:00,28,Good,3.5,5.9,0.9,0.6,180.0,75.0,,,,,,
2023-11-26T11:00,29,Good,4.6,7.7,0.6,0.5,179.0,80.0,,,,,,
2023-11-26T12:00,31,Good,5.4,9.2,0.5,0.4,178.0,83.0,,,,,,
2023-11-26T13:00,32,Good,5.9,10.1,0.5,0.4,177.0,85.0,,,,,,
2023-11-26T14:00,33,Good,6.2,10.9,0.5,0.3,177.0,86.0,,,,,,
2023-11-26T15:00,35,Good,6.4,11.4,0.6,0.2,177.0,86.0,,,,,,
2023-11-26T16:00,36,Good,6.5,11.6,0.8,0.2,178.0,86.0,,,,,,
2023-11-26T17:00,38,Good,8.3,14.7,1.1,0.3,174.0,86.0,,,,,,
2023-11-26T18:00,39,Good,8.0,14.3,1.2,0.3,176.0,85.0,,,,,,
2023-11-26T19:00,39,Good,8.2,14.9,1.5,0.4,179.0,83.0,,,,,,
2023-11-26T20:00,39,Good,8.5,15.4,1.7,0.5,182.0,80.0,,,,,,
2023-11-26T21:00,39,Good,8.5,15.5,2.0,0.7,186.0,77.0,,,,,,
2023-11-26T22:00,39,Good,8.4,15.4,2.2,0.9,190.0,74.0,,,,,,
2023-11-26T23:00,38,Good,8.5,15.5,2.5,1.3,194.0,70.0,,,,,,
2023-11-27T00:00,37,Good,8.8,15.9,2.8,2.0,198.0,66.0,,,,,,
2023-11-27T01:00,36,Good,8.6,15.6,3.1,2.9,201.0,62.0,,,,,,
2023-11-27T02:00,35,Good,8.6,15.2,3.2,3.5,203.0,59.0,,,,,,
2023-11-27T03:00,33,Good,8.3,14.9,3.0,3.5,201.0,58.0,,,,,,
2023-11-27T04:00,33,Good,8.5,15.1,2.7,3.3,197.0,58.0,,,,,,
2023-11-27T05:00,34,Good,9.0,16.1,2.9,3.4,196.0,56.0,,,,,,
2023-11-27T06:00,36,Good,9.2,16.3,2.7,3.1,196.0,56.0,,,,,,
2023-11-27T07:00,38,Good,9.3,16.4,2.5,2.7,195.0,57.0,,,,,,
2023-11-27T08:00,40,Good,8.8,15.3,2.2,2.3,194.0,59.0,,,,,,
2023-11-27T09:00,41,Good,8.3,14.5,1.7,1.8,192.0,65.0,,,,,,
2023-11-27T10:00,43,Good,7.6,13.3,1.1,1.2,190.0,73.0,,,,,,
2023-11-27T11:00,44,Good,6.7,11.6,0.7,0.8,188.0,79.0,,,,,,
2023-11-27T12:00,44,Good,5.9,10.2,0.5,0.5,187.0,81.0,,,,,,
2023-11-27T13:00,44,Good,5.2,9.0,0.4,0.4,186.0,82.0,,,,,,
2023-11-27T14:00,44,Good,4.9,8.5,0.4,0.3,185.0,82.0,,,,,,
2023-11-27T15:00,44,Good,4.5,7.9,0.5,0.2,184.0,82.0,,,,,,
2023-11-27T16:00,43,Good,4.3,7.7,0.8,0.2,182.0,81.0,,,,,,
2023-11-27T17:00,43,Good,6.2,10.9,0.8,0.1,160.0,79.0,,,,,,
2023-11-27T18:00,42,Good,5.9,10.7,1.1,0.1,160.0,77.0,,,,,,
2023-11-27T19:00,42,Good,6.3,11.4,1.4,0.2,161.0,74.0,,,,,,
2023-11-27T20:00,41,Good,7.0,12.6,1.7,0.2,162.0,71.0,,,,,,
2023-11-27T21:00,41,Good,7.5,13.6,1.8,0.3,163.0,70.0,,,,,,
2023-11-27T22:00,41,Good,8.1,14.8,1.7,0.3,164.0,69.0,,,,,,
2023-11-27T23:00,41,Good,8.9,16.4,1.7,0.4,166.0,68.0,,,,,,
2023-11-28T00:00,41,Good,9.2,17.0,1.6,0.4,169.0,68.0,,,,,,
2023-11-28T01:00,41,Good,9.5,17.4,1.5,0.4,173.0,68.0,,,,,,
2023-11-28T02:00,41,Good,9.7,17.8,1.5,0.5,178.0,67.0,,,,,,
2023-11-28T03:00,41,Good,10.2,18.4,1.8,0.9,185.0,65.0,,,,,,
2023-11-28T04:00,42,Good,10.5,19.1,2.3,1.3,194.0,62.0,,,,,,
2023-11-28T05:00,42,Good,10.1,18.0,2.1,1.2,202.0,62.0,,,,,,
2023-11-28T06:00,43,Good,10.2,17.8,2.2,1.4,203.0,62.0,,,,,,
2023-11-28T07:00,43,Good,9.4,16.2,2.3,1.7,205.0,62.0,,,,,,
2023-11-28T08:00,43,Good,8.8,14.9,2.2,1.8,205.0,64.0,,,,,,
2023-11-28T09:00,43,Good,7.3,12.1,1.8,1.6,202.0,71.0,,,,,,
2023-11-28T10:00,43,Good,7.2,12.0,1.2,1.3,197.0,80.0,,,,,,
2023-11-28T11:00,42,Good,7.5,12.7,0.8,1.0,192.0,87.0,,,,,,
2023-11-28T12:00,43,Good,7.7,13.4,0.6,0.8,187.0,90.0,,,,,,
2023-11-28T13:00,43,Good,7.8,13.8,0.5,0.6,183.0,90.0,,,,,,
2023-11-28T14:00,44,Good,7.9,14.1,0.5,0.5,179.0,91.0,,,,,,
2023-11-28T15:00,44,Good,7.9,14.2,0.6,0.5,177.0,92.0,,,,,,
2023-11-28T16:00,45,Good,7.8,14.2,0.8,0.5,177.0,94.0,,,,,,
2023-11-28T17:00,46,Good,7.9,14.5,0.9,0.5,176.0,94.0,,,,,,
2023-11-28T18:00,46,Good,8.2,15.2,0.9,0.5,175.0,92.0,,,,,,
2023-11-28T19:00,47,Good,8.6,15.9,0.8,0.4,173.0,89.0,,,,,,
2023-11-28T20:00,47,Good,8.8,16.2,0.9,0.4,174.0,86.0,,,,,,
2023-11-28T21:00,48,Good,8.9,16.2,1.1,0.4,177.0,82.0,,,,,,
2023-11-28T22:00,48,Good,8.8,16.1,1.5,0.3,182.0,79.0,,,,,,
2023-11-28T23:00,48,Good,8.4,15.4,1.9,0.6,188.0,74.0,,,,,,
2023-11-29T00:00,48,Good,8.0,14.6,2.5,1.3,197.0,68.0,,,,,,
2023-11-29T01:00,48,Good,7.8,13.8,3.1,2.3,207.0,62.0,,,,,,
2023-11-29T02:00,48,Good,7.7,13.2,3.6,3.3,214.0,57.0,,,,,,
2023-11-29T03:00,47,Good,7.8,12.9,3.9,4.4,215.0,53.0,,,,,,
2023-11-29T04:00,47,Good,7.3,12.0,4.1,5.5,212.0,50.0,,,,,,
2023-11-29T05:00,46,Good,3.3,5.6,1.3,0.2,184.0,59.0,,,,,,
2023-11-29T06:00,44,Good,3.3,5.3,1.7,0.5,187.0,58.0,,,,,,
2023-11-29T07:00,43,Good,3.5,5.4,2.2,0.9,191.0,57.0,,,,,,
2023-11-29T08:00,41,Good,3.7,5.7,2.4,1.2,194.0,57.0,,,,,,
2023-11-29T09:00,40,Good,3.8,5.8,2.2,1.3,194.0,61.0,,,,,,
2023-11-29T10:00,39,Good,3.9,5.9,1.7,1.3,192.0,66.0,,,,,,
2023-11-29T11:00,38,Good,3.6,5.6,1.3,1.3,189.0,71.0,,,,,,
2023-11-29T12:00,38,Good,3.5,5.5,1.1,1.3,185.0,75.0,,,,,,
2023-11-29T13:00,37,Good,3.5,5.6,0.9,1.2,180.0,79.0,,,,,,
2023-11-29T14:00,36,Good,3.4,5.6,0.9,1.2,176.0,82.0,,,,,,
2023-11-29T15:00,35,Good,3.4,5.7,1.0,1.2,173.0,84.0,,,,,,
2023-11-29T16:00,34,Good,3.2,5.4,1.2,1.1,171.0,85.0,,,,,,
2023-11-29T17:00,35,Good,6.7,11.8,1.2,0.7,173.0,85.0,,,,,,
2023-11-29T18:00,36,Good,6.3,11.2,1.3,0.6,174.0,82.0,,,,,,
2023-11-29T19:00,37,Good,6.2,11.2,1.4,0.6,175.0,78.0,,,,,,
2023-11-29T20:00,38,Good,6.1,11.1,1.5,0.5,176.0,74.0,,,,,,
2023-11-29T21:00,38,Good,5.9,10.8,1.6,0.4,175.0,70.0,,,,,,
2023-11-29T22:00,37,Good,5.6,10.2,1.6,0.4,174.0,66.0,,,,,,
2023-11-29T23:00,36,Good,5.3,9.5,1.6,0.4,173.0,63.0,,,,,,
2023-11-30T00:00,35,Good,5.1,9.1,1.6,0.5,173.0,61.0,,,,,,
2023-11-30T01:00,34,Good,4.7,8.4,1.6,0.7,172.0,60.0,,,,,,
2023-11-30T02:00,32,Good,4.6,8.2,1.6,0.8,172.0,59.0,,,,,,
2023-11-30T03:00,31,Good,4.1,7.2,1.5,0.7,170.0,59.0,,,,,,
2023-11-30T04:00,30,Good,3.5,6.2,1.4,0.6,169.0,60.0,,,,,,
2023-11-30T05:00,29,Good,2.4,3.7,1.8,1.1,170.0,57.0,,,,,,
2023-11-30T06:00,28,Good,1.9,2.9,1.8,1.2,173.0,57.0,,,,,,
2023-11-30T07:00,28,Good,1.8,2.7,1.9,1.3,177.0,58.0,,,,,,
2023-11-30T08:00,27,Good,1.8,2.7,1.8,1.5,182.0,60.0,,,,,,
2023-11-30T09:00,27,Good,2.3,3.4,1.6,1.8,187.0,66.0,,,,,,
2023-11-30T10:00,28,Good,2.5,3.8,1.3,2.2,193.0,73.0,,,,,,
2023-11-30T11:00,28,Good,2.6,3.9,1.0,2.4,196.0,79.0,,,,,,
2023-11-30T12:00,30,Good,2.4,3.7,0.8,2.2,194.0,82.0,,,,,,
2023-11-30T13:00,31,Good,2.3,3.5,0.7,1.8,189.0,83.0,,,,,,
2023-11-30T14:00,32,Good,2.2,3.4,0.7,1.4,185.0,84.0,,,,,,
2023-11-30T15:00,34,Good,2.2,3.5,0.8,1.1,184.0,84.0,,,,,,
2023-11-30T16:00,35,Good,2.3,3.8,1.1,0.9,183.0,84.0,,,,,,
2023-11-30T17:00,37,Good,6.5,10.6,2.0,1.6,189.0,80.0,,,,,,
2023-11-30T18:00,38,Good,6.4,10.7,2.7,2.7,196.0,78.0,,,,,,
2023-11-30T19:00,38,Good,6.6,10.9,3.8,4.3,206.0,75.0,,,,,,
2023-11-30T20:00,38,Good,6.6,10.7,5.0,6.2,216.0,70.0,,,,,,
2023-11-30T21:00,37,Good,7.2,11.5,6.6,8.6,228.0,63.0,,,,,,
2023-11-30T22:00,36,Good,7.8,12.2,8.3,11.4,240.0,54.0,,,,,,
2023-11-30T23:00,34,Good,8.3,13.0,9.6,13.9,248.0,47.0,,,,,,
2023-12-01T00:00,32,Good,8.6,13.4,10.3,16.3,250.0,43.0,,,,,,
2023-12-01T01:00,30,Good,8.4,13.2,10.5,18.5,249.0,40.0,,,,,,
2023-12-01T02:00,27,Good,8.0,12.7,10.3,19.6,247.0,39.0,,,,,,
2023-12-01T03:00,25,Good,7.9,12.5,9.4,19.0,246.0,40.0,,,,,,
2023-12-01T04:00,26,Good,7.8,12.4,8.2,17.2,244.0,42.0,,,,,,
2023-12-01T05:00,27,Good,8.1,13.0,7.6,16.0,245.0,43.0,,,,,,
2023-12-01T06:00,28,Good,7.8,12.6,6.9,14.6,242.0,47.0,,,,,,
2023-12-01T07:00,30,Good,7.3,11.8,6.0,12.7,237.0,52.0,,,,,,
2023-12-01T08:00,31,Good,6.8,11.0,5.2,10.9,233.0,57.0,,,,,,
2023-12-01T09:00,32,Good,6.2,10.2,4.8,9.6,230.0,61.0,,,,,,
2023-12-01T10:00,33,Good,5.8,9.5,4.5,8.4,228.0,64.0,,,,,,
2023-12-01T11:00,34,Good,5.8,9.3,4.1,7.2,226.0,68.0,,,,,,
2023-12-01T12:00,35,Good,5.7,9.0,3.3,5.9,225.0,72.0,,,,,,
2023-12-01T13:00,35,Good,5.7,8.8,2.4,4.7,225.0,77.0,,,,,,
2023-12-01T14:00,36,Good,5.7,8.8,1.8,3.8,225.0,81.0,,,,,,
2023-12-01T15:00,37,Good,5.7,8.8,1.8,3.3,225.0,84.0,,,,,,
2023-12-01T16:00,38,Good,5.4,8.4,2.1,3.1,224.0,85.0,,,,,,
2023-12-01T17:00,38,Good,9.7,15.7,1.6,2.5,211.0,84.0,,,,,,
2023-12-01T18:00,39,Good,10.0,16.3,1.8,2.3,214.0,83.0,,,,,,
2023-12-01T19:00,40,Good,10.3,16.9,2.1,2.1,218.0,81.0,,,,,,
2023-12-01T20:00,41,Good,10.1,16.6,2.4,2.4,221.0,79.0,,,,,,
2023-12-01T21:00,42,Good,9.9,15.9,2.8,3.5,222.0,77.0,,,,,,
2023-12-01T22:00,42,Good,9.5,15.1,3.2,5.1,222.0,75.0,,,,,,
2023-12-01T23:00,43,Good,9.3,14.8,3.6,6.4,223.0,72.0,,,,,,
2023-12-02T00:00,43,Good,9.5,15.3,4.0,7.3,228.0,68.0,,,,,,
2023-12-02T01:00,43,Good,10.0,15.9,4.5,8.0,235.0,64.0,,,,,,
2023-12-02T02:00,44,Good,10.3,16.5,4.7,8.4,239.0,61.0,,,,,,
2023-12-02T03:00,44,Good,10.4,16.8,4.6,8.3,237.0,59.0,,,,,,
2023-12-02T04:00,45,Good,10.2,16.8,4.2,8.0,233.0,58.0,,,,,,
2023-12-02T05:00,45,Good,12.8,20.5,5.1,10.0,256.0,58.0,,,,,,
2023-12-02T06:00,46,Good,13.4,21.5,5.4,9.4,267.0,58.0,,,,,,
2023-12-02T07:00,48,Good,14.2,22.5,5.6,8.4,282.0,59.0,,,,,,
2023-12-02T08:00,49,Good,15.1,23.8,5.5,7.7,290.0,64.0,,,,,,
2023-12-02T09:00,50,Good,15.5,24.5,4.5,7.3,283.0,76.0,,,,,,
2023-12-02T10:00,51,Moderate,15.1,24.4,3.0,7.1,268.0,92.0,,,,,,
2023-12-02T11:00,52,Moderate,14.0,23.6,1.9,6.8,256.0,105.0,,,,,,
2023-12-02T12:00,52,Moderate,13.9,23.9,1.4,6.4,250.0,114.0,,,,,,
2023-12-02T13:00,53,Moderate,13.7,23.6,1.3,6.0,245.0,120.0,,,,,,
2023-12-02T14:00,54,Moderate,13.6,23.3,1.3,5.7,242.0,124.0,,,,,,
2023-12-02T15:00,54,Moderate,13.7,23.5,1.4,5.6,240.0,127.0,,,,,,
2023-12-02T16:00,55,Moderate,14.1,24.7,1.7,5.6,238.0,128.0,,,,,,
2023-12-02T17:00,56,Moderate,16.2,27.5,2.6,4.3,242.0,111.0,,,,,,
2023-12-02T18:00,62,Moderate,15.9,27.1,2.5,4.0,243.0,109.0,,,,,,
2023-12-02T19:00,66,Moderate,16.5,27.9,2.5,3.6,245.0,106.0,,,,,,
2023-12-02T20:00,66,Moderate,17.1,29.0,2.8,3.9,246.0,102.0,,,,,,
2023-12-02T21:00,64,Moderate,17.7,29.9,3.8,5.4,246.0,97.0,,,,,,
2023-12-02T22:00,59,Moderate,17.6,29.7,5.0,7.5,246.0,90.0,,,,,,
2023-12-02T23:00,59,Moderate,15.9,26.7,5.9,8.9,244.0,84.0,,,,,,
2023-12-03T00:00,59,Moderate,13.0,21.5,5.9,8.9,237.0,78.0,,,,,,
2023-12-03T01:00,60,Moderate,10.5,17.1,5.5,8.3,228.0,73.0,,,,,,
2023-12-03T02:00,60,Moderate,9.5,15.1,5.1,7.7,223.0,69.0,,,,,,
2023-12-03T03:00,60,Moderate,9.1,14.3,4.9,7.4,224.0,65.0,,,,,,
2023-12-03T04:00,60,Moderate,8.8,13.6,4.8,7.1,230.0,63.0,,,,,,
2023-12-03T05:00,60,Moderate,6.1,9.3,3.6,6.0,206.0,67.0,,,,,,
2023-12-03T06:00,59,Moderate,6.5,9.9,3.9,6.7,214.0,67.0,,,,,,
2023-12-03T07:00,58,Moderate,7.0,10.6,4.3,7.8,225.0,67.0,,,,,,
2023-12-03T08:00,58,Moderate,8.3,12.6,4.5,9.0,235.0,72.0,,,,,,
2023-12-03T09:00,57,Moderate,10.6,16.1,4.4,10.5,244.0,83.0,,,,,,
2023-12-03T10:00,57,Moderate,12.1,18.4,4.1,12.2,251.0,99.0,,,,,,
2023-12-03T11:00,57,Moderate,12.5,19.3,3.7,13.5,255.0,113.0,,,,,,
2023-12-03T12:00,57,Moderate,12.6,19.6,3.2,14.1,254.0,126.0,,,,,,
2023-12-03T13:00,56,Moderate,12.9,20.0,2.6,14.2,249.0,137.0,,,,,,
2023-12-03T14:00,56,Moderate,13.7,21.4,2.2,13.9,243.0,144.0,,,,,,
2023-12-03T15:00,56,Moderate,12.9,20.3,2.3,13.1,235.0,144.0,,,,,,
2023-12-03T16:00,62,Moderate,12.0,19.3,2.6,11.8,227.0,138.0,,,,,,
2023-12-03T17:00,76,Moderate,8.0,12.5,5.6,12.9,221.0,108.0,,,,,,
2023-12-03T18:00,81,Moderate,8.3,12.7,6.3,13.5,228.0,102.0,,,,,,
2023-12-03T19:00,82,Moderate,9.1,13.7,7.2,14.2,237.0,93.0,,,,,,
2023-12-03T20:00,78,Moderate,10.3,15.2,7.9,14.8,250.0,85.0,,,,,,
2023-12-03T21:00,69,Moderate,12.5,18.3,8.3,15.1,268.0,80.0,,,,,,
2023-12-03T22:00,57,Moderate,14.7,21.5,8.5,15.2,290.0,77.0,,,,,,
2023-12-03T23:00,53,Moderate,15.7,23.0,8.4,15.0,304.0,74.0,,,,,,
2023-12-04T00:00,53,Moderate,14.8,21.7,8.0,14.3,307.0,72.0,,,,,,
2023-12-04T01:00,53,Moderate,13.6,20.0,7.4,13.2,303.0,71.0,,,,,,
2023-12-04T02:00,54,Moderate,12.4,18.1,6.8,12.4,297.0,71.0,,,,,,
2023-12-04T03:00,54,Moderate,11.1,16.2,6.4,12.1,288.0,70.0,,,,,,
2023-12-04T04:00,54,Moderate,10.1,14.7,6.0,12.0,276.0,70.0,,,,,,
2023-12-04T05:00,54,Moderate,9.2,13.4,6.2,11.1,276.0,67.0,,,,,,
2023-12-04T06:00,54,Moderate,7.8,11.4,5.9,11.0,268.0,71.0,,,,,,
2023-12-04T07:00,54,Moderate,7.0,10.2,5.3,10.9,256.0,77.0,,,,,,
2023-12-04T08:00,54,Moderate,6.9,10.1,4.7,10.8,248.0,87.0,,,,,,
2023-12-04T09:00,54,Moderate,6.9,10.1,3.8,10.7,246.0,103.0,,,,,,
2023-12-04T10:00,54,Moderate,7.0,10.3,2.8,10.6,247.0,122.0,,,,,,
2023-12-04T11:00,54,Moderate,7.7,11.5,2.0,10.1,246.0,136.0,,,,,,
2023-12-04T12:00,53,Moderate,8.0,12.2,1.5,8.9,241.0,140.0,,,,,,
2023-12-04T13:00,53,Moderate,8.1,12.6,1.3,7.4,234.0,138.0,,,,,,
2023-12-04T14:00,52,Moderate,7.8,12.6,1.5,6.4,228.0,133.0,,,,,,
2023-12-04T15:00,66,Moderate,7.0,11.7,2.3,6.4,224.0,125.0,,,,,,
2023-12-04T16:00,76,Moderate,6.1,10.2,3.6,6.9,222.0,113.0,,,,,,
2023-12-04T17:00,81,Moderate,6.3,10.5,4.3,6.2,221.0,99.0,,,,,,
2023-12-04T18:00,81,Moderate,7.3,11.9,4.9,6.7,228.0,95.0,,,,,,
2023-12-04T19:00,75,Moderate,7.7,12.4,5.8,7.5,239.0,90.0,,,,,,
2023-12-04T20:00,65,Moderate,8.4,13.2,6.5,8.3,248.0,85.0,,,,,,
2023-12-04T21:00,53,Moderate,8.9,13.8,6.9,9.1,256.0,82.0,,,,,,
2023-12-04T22:00,50,Good,9.3,14.2,7.0,9.8,263.0,80.0,,,,,,
2023-12-04T23:00,50,Good,9.5,14.5,7.1,10.3,267.0,78.0,,,,,,
2023-12-05T00:00,48,Good,9.6,14.7,7.1,10.3,268.0,76.0,,,,,,
2023-12-05T01:00,47,Good,9.5,14.6,6.9,10.1,267.0,75.0,,,,,,
2023-12-05T02:00,46,Good,9.0,14.1,6.6,9.7,264.0,74.0,,,,,,
2023-12-05T03:00,45,Good,8.6,13.6,6.1,9.1,258.0,74.0,,,,,,
2023-12-05T04:00,45,Good,8.6,13.6,5.4,8.5,249.0,75.0,,,,,,
2023-12-05T05:00,44,Good,8.9,14.2,5.3,7.5,253.0,74.0,,,,,,
2023-12-05T06:00,44,Good,9.2,14.6,5.1,7.6,252.0,76.0,,,,,,
2023-12-05T07:00,45,Good,9.5,15.2,4.7,7.8,250.0,79.0,,,,,,
2023-12-05T08:00,45,Good,9.6,15.4,4.2,7.9,248.0,85.0,,,,,,
2023-12-05T09:00,46,Good,9.5,15.3,3.4,8.1,245.0,97.0,,,,,,
2023-12-05T10:00,47,Good,10.4,16.9,2.5,8.2,242.0,112.0,,,,,,
2023-12-05T11:00,47,Good,10.8,17.7,1.8,8.1,238.0,123.0,,,,,,
2023-12-05T12:00,48,Good,11.2,18.6,1.4,7.6,231.0,127.0,,,,,,
2023-12-05T13:00,49,Good,11.1,18.8,1.2,6.8,224.0,128.0,,,,,,
2023-12-05T14:00,49,Good,10.6,18.7,1.2,6.0,217.0,125.0,,,,,,
2023-12-05T15:00,53,Moderate,9.6,17.3,1.5,5.2,211.0,119.0,,,,,,
2023-12-05T16:00,61,Moderate,8.4,15.5,2.1,4.5,207.0,110.0,,,,,,
2023-12-05T17:00,67,Moderate,9.2,16.9,2.9,4.6,218.0,110.0,,,,,,
2023-12-05T18:00,69,Moderate,7.6,14.1,3.2,4.5,219.0,106.0,,,,,,
2023-12-05T19:00,68,Moderate,6.9,12.6,3.7,4.5,221.0,99.0,,,,,,
2023-12-05T20:00,63,Moderate,6.9,12.5,4.0,4.4,222.0,94.0,,,,,,
2023-12-05T21:00,56,Moderate,7.5,13.5,4.1,4.3,222.0,91.0,,,,,,
2023-12-05T22:00,50,Good,8.0,14.4,4.1,4.3,223.0,89.0,,,,,,
2023-12-05T23:00,50,Good,8.6,15.5,4.0,4.3,223.0,87.0,,,,,,
2023-12-06T00:00,50,Good,9.2,16.5,3.9,4.4,224.0,85.0,,,,,,
2023-12-06T01:00,50,Good,9.6,17.2,3.8,4.5,226.0,83.0,,,,,,
2023-12-06T02:00,50,Good,9.7,17.2,3.7,4.7,227.0,82.0,,,,,,
2023-12-06T03:00,50,Good,9.8,17.2,3.6,5.0,227.0,81.0,,,,,,
2023-12-06T04:00,50,Good,9.8,17.2,3.5,5.3,227.0,79.0,,,,,,
2023-12-06T05:00,50,Good,10.6,18.9,3.1,4.8,225.0,80.0,,,,,,
2023-12-06T06:00,51,Moderate,10.5,18.8,3.3,5.2,224.0,81.0,,,,,,
2023-12-06T07:00,51,Moderate,10.5,18.8,3.5,5.9,224.0,82.0,,,,,,
2023-12-06T08:00,51,Moderate,10.6,18.9,3.5,6.3,221.0,85.0,,,,,,
2023-12-06T09:00,51,Moderate,10.8,19.2,2.9,6.4,216.0,92.0,,,,,,
2023-12-06T10:00,51,Moderate,11.1,19.6,2.1,6.4,209.0,101.0,,,,,,
2023-12-06T11:00,51,Moderate,11.4,20.5,1.4,6.2,203.0,107.0,,,,,,
2023-12-06T12:00,51,Moderate,11.5,21.1,1.1,6.0,199.0,110.0,,,,,,
2023-12-06T13:00,51,Moderate,11.5,21.2,1.0,5.6,196.0,110.0,,,,,,
2023-12-06T14:00,51,Moderate,11.3,21.1,1.0,5.2,194.0,109.0,,,,,,
2023-12-06T15:00,51,Moderate,10.9,20.5,1.3,4.7,193.0,106.0,,,,,,
2023-12-06T16:00,51,Moderate,10.3,19.4,1.7,4.2,193.0,101.0,,,,,,
2023-12-06T17:00,51,Moderate,10.4,19.6,2.2,4.2,186.0,96.0,,,,,,
2023-12-06T18:00,51,Moderate,9.8,18.4,2.3,3.9,186.0,94.0,,,,,,
2023-12-06T19:00,52,Moderate,9.7,18.1,2.4,3.4,186.0,90.0,,,,,,
2023-12-06T20:00,52,Moderate,10.0,18.6,2.4,3.0,186.0,88.0,,,,,,
2023-12-06T21:00,52,Moderate,10.4,19.2,2.3,2.7,184.0,87.0,,,,,,
2023-12-06T22:00,52,Moderate,10.7,19.8,2.1,2.6,182.0,87.0,,,,,,
2023-12-06T23:00,53,Moderate,10.9,20.2,2.0,2.6,181.0,87.0,,,,,,
2023-12-07T00:00,53,Moderate,10.9,20.2,2.1,2.9,181.0,85.0,,,,,,
2023-12-07T01:00,53,Moderate,10.8,19.8,2.3,3.3,183.0,83.0,,,,,,
2023-12-07T02:00,53,Moderate,10.7,19.6,2.5,3.9,185.0,81.0,,,,,,
2023-12-07T03:00,53,Moderate,10.4,19.0,2.8,4.6,188.0,79.0,,,,,,
2023-12-07T04:00,53,Moderate,10.3,18.7,3.3,5.3,192.0,76.0,,,,,,
2023-12-07T05:00,53,Moderate,9.9,18.0,2.8,4.8,187.0,77.0,,,,,,
2023-12-07T06:00,53,Moderate,10.0,18.2,3.0,5.4,191.0,77.0,,,,,,
2023-12-07T07:00,53,Moderate,10.2,18.4,3.3,6.2,197.0,77.0,,,,,,
2023-12-07T08:00,53,Moderate,10.4,18.7,3.3,6.9,201.0,80.0,,,,,,
2023-12-07T09:00,53,Moderate,10.8,19.4,2.9,7.7,203.0,89.0,,,,,,
2023-12-07T10:00,53,Moderate,11.6,20.8,2.2,8.4,202.0,102.0,,,,,,
2023-12-07T11:00,53,Moderate,12.0,21.7,1.6,8.5,200.0,110.0,,,,,,
2023-12-07T12:00,53,Moderate,12.2,22.2,1.2,7.5,194.0,110.0,,,,,,
2023-12-07T13:00,53,Moderate,11.9,22.2,0.9,5.9,186.0,107.0,,,,,,
2023-12-07T14:00,53,Moderate,11.3,21.4,0.7,4.4,179.0,101.0,,,,,,
2023-12-07T15:00,53,Moderate,10.3,19.7,0.6,3.1,174.0,93.0,,,,,,
2023-12-07T16:00,53,Moderate,9.3,17.8,0.6,2.0,171.0,84.0,,,,,,
2023-12-07T17:00,53,Moderate,11.5,21.2,0.6,0.8,167.0,70.0,,,,,,
2023-12-07T18:00,53,Moderate,10.9,20.1,1.1,1.6,168.0,69.0,,,,,,
2023-12-07T19:00,53,Moderate,10.7,19.6,1.7,2.7,170.0,67.0,,,,,,
2023-12-07T20:00,53,Moderate,10.6,19.5,2.3,3.8,172.0,66.0,,,,,,
2023-12-07T21:00,53,Moderate,10.6,19.6,2.8,4.7,175.0,67.0,,,,,,
2023-12-07T22:00,53,Moderate,10.5,19.6,3.3,5.5,179.0,69.0,,,,,,
2023-12-07T23:00,53,Moderate,10.5,19.6,3.6,6.0,181.0,70.0,,,,,,
2023-12-08T00:00,53,Moderate,10.4,19.4,3.5,5.9,181.0,71.0,,,,,,
2023-12-08T01:00,53,Moderate,10.2,19.2,3.2,5.5,180.0,72.0,,,,,,
2023-12-08T02:00,53,Moderate,9.8,18.4,2.8,5.0,178.0,72.0,,,,,,
2023-12-08T03:00,53,Moderate,9.4,17.7,2.5,4.6,174.0,72.0,,,,,,
2023-12-08T04:00,53,Moderate,9.0,16.8,2.1,4.0,169.0,71.0,,,,,,
2023-12-08T05:00,53,Moderate,9.2,17.6,2.7,4.9,177.0,71.0,,,,,,
2023-12-08T06:00,53,Moderate,8.8,16.7,2.7,5.0,176.0,72.0,,,,,,
2023-12-08T07:00,53,Moderate,8.7,16.4,2.6,5.0,176.0,73.0,,,,,,
2023-12-08T08:00,53,Moderate,8.6,16.2,2.3,4.7,173.0,74.0,,,,,,
2023-12-08T09:00,53,Moderate,8.5,16.1,1.7,3.6,168.0,77.0,,,,,,
2023-12-08T10:00,52,Moderate,8.0,15.3,0.9,2.1,161.0,80.0,,,,,,
2023-12-08T11:00,52,Moderate,7.4,14.3,0.3,1.0,155.0,80.0,,,,,,
2023-12-08T12:00,52,Moderate,6.5,12.7,0.1,0.5,150.0,75.0,,,,,,
2023-12-08T13:00,51,Moderate,5.8,11.3,0.1,0.3,145.0,68.0,,,,,,
2023-12-08T14:00,51,Moderate,5.3,10.3,0.2,0.2,142.0,63.0,,,,,,
2023-12-08T15:00,50,Good,5.1,9.7,0.2,0.1,140.0,61.0,,,,,,
2023-12-08T16:00,50,Good,4.9,9.2,0.3,0.1,139.0,61.0,,,,,,
2023-12-08T17:00,49,Good,6.1,10.9,0.3,0.2,130.0,54.0,,,,,,
2023-12-08T18:00,48,Good,5.9,10.7,0.3,0.2,130.0,54.0,,,,,,
2023-12-08T19:00,46,Good,5.8,10.6,0.3,0.2,131.0,55.0,,,,,,
2023-12-08T20:00,45,Good,5.7,10.4,0.4,0.2,132.0,55.0,,,,,,
2023-12-08T21:00,44,Good,5.8,10.3,0.6,0.4,134.0,55.0,,,,,,
2023-12-08T22:00,43,Good,5.5,9.7,0.9,0.6,137.0,55.0,,,,,,
2023-12-08T23:00,42,Good,5.2,9.0,1.1,0.7,142.0,56.0,,,,,,
2023-12-09T00:00,41,Good,4.7,8.1,1.3,0.6,151.0,59.0,,,,,,
2023-12-09T01:00,39,Good,4.9,8.2,1.6,0.5,161.0,62.0,,,,,,
2023-12-09T02:00,38,Good,4.9,8.1,1.7,0.4,169.0,65.0,,,,,,
2023-12-09T03:00,37,Good,5.0,8.1,1.7,0.4,173.0,66.0,,,,,,
2023-12-09T04:00,36,Good,4.5,7.4,1.6,0.4,175.0,67.0,,,,,,
2023-12-09T05:00,35,Good,3.3,5.4,0.6,0.2,152.0,70.0,,,,,,
2023-12-09T06:00,34,Good,3.2,5.2,0.8,0.2,155.0,68.0,,,,,,
2023-12-09T07:00,32,Good,3.2,5.1,1.1,0.2,160.0,66.0,,,,,,
2023-12-09T08:00,31,Good,3.0,4.8,1.3,0.2,162.0,63.0,,,,,,
2023-12-09T09:00,31,Good,3.0,4.9,1.2,0.2,159.0,60.0,,,,,,
2023-12-09T10:00,30,Good,2.9,4.7,1.1,0.2,154.0,58.0,,,,,,
2023-12-09T11:00,30,Good,2.9,4.7,0.9,0.2,148.0,56.0,,,,,,
2023-12-09T12:00,29,Good,2.9,4.7,0.8,0.2,141.0,56.0,,,,,,
2023-12-09T13:00,29,Good,2.7,4.4,0.6,0.2,132.0,57.0,,,,,,
2023-12-09T14:00,28,Good,2.4,4.1,0.5,0.2,125.0,58.0,,,,,,
2023-12-09T15:00,27,Good,2.1,3.6,0.4,0.2,118.0,57.0,,,,,,
2023-12-09T16:00,27,Good,1.9,3.3,0.4,0.1,113.0,55.0,,,,,,
2023-12-09T17:00,26,Good,3.4,6.0,0.6,0.2,112.0,52.0,,,,,,
2023-12-09T18:00,26,Good,3.2,5.8,1.0,0.2,119.0,55.0,,,,,,
2023-12-09T19:00,26,Good,3.6,6.4,1.4,0.2,129.0,59.0,,,,,,
2023-12-09T20:00,26,Good,4.4,7.9,1.8,0.3,139.0,62.0,,,,,,
2023-12-09T21:00,26,Good,5.0,9.2,1.9,0.4,148.0,63.0,,,,,,
2023-12-09T22:00,27,Good,5.3,9.9,1.9,0.5,156.0,62.0,,,,,,
2023-12-09T23:00,27,Good,5.2,9.8,1.9,0.6,161.0,60.0,,,,,,
2023-12-10T00:00,27,Good,5.0,9.2,1.9,0.7,162.0,56.0,,,,,,
2023-12-10T01:00,27,Good,4.3,7.9,1.8,0.8,161.0,52.0,,,,,,
2023-12-10T02:00,27,Good,3.9,7.2,1.8,0.9,159.0,48.0,,,,,,
2023-12-10T03:00,27,Good,4.1,7.3,1.9,1.1,158.0,46.0,,,,,,
2023-12-10T04:00,26,Good,4.2,7.3,2.1,1.4,157.0,45.0,,,,,,
2023-12-10T05:00,25,Good,3.1,5.4,2.3,1.5,154.0,44.0,,,,,,
2023-12-10T06:00,24,Good,3.0,5.2,2.5,1.8,152.0,42.0,,,,,,
2023-12-10T07:00,23,Good,3.2,5.4,2.7,2.1,149.0,41.0,,,,,,
2023-12-10T08:00,22,Good,3.6,6.0,2.7,2.3,147.0,41.0,,,,,,
2023-12-10T09:00,21,Good,4.3,7.0,2.2,2.2,145.0,46.0,,,,,,
2023-12-10T10:00,20,Good,4.8,7.8,1.6,1.9,144.0,53.0,,,,,,
2023-12-10T11:00,21,Good,4.6,7.7,1.0,1.6,142.0,59.0,,,,,,
2023-12-10T12:00,22,Good,4.5,7.6,0.7,1.2,139.0,62.0,,,,,,
2023-12-10T13:00,22,Good,4.4,7.7,0.5,0.8,135.0,63.0,,,,,,
2023-12-10T14:00,24,Good,4.0,7.2,0.5,0.5,134.0,64.0,,,,,,
2023-12-10T15:00,25,Good,4.0,7.2,0.6,0.4,137.0,65.0,,,,,,
2023-12-10T16:00,26,Good,4.2,7.6,0.8,0.3,142.0,66.0,,,,,,
2023-12-10T17:00,28,Good,5.8,10.3,1.0,0.2,155.0,65.0,,,,,,
2023-12-10T18:00,29,Good,6.0,10.6,1.1,0.2,158.0,63.0,,,,,,
2023-12-10T19:00,29,Good,6.7,11.6,1.2,0.2,163.0,61.0,,,,,,
2023-12-10T20:00,30,Good,7.4,12.8,1.3,0.2,168.0,60.0,,,,,,
2023-12-10T21:00,29,Good,7.9,13.6,1.3,0.2,173.0,60.0,,,,,,
2023-12-10T22:00,29,Good,9.1,15.5,1.1,0.2,178.0,60.0,,,,,,
2023-12-10T23:00,29,Good,10.4,17.6,1.1,0.2,183.0,61.0,,,,,,
2023-12-11T00:00,29,Good,11.0,18.7,1.2,0.3,189.0,62.0,,,,,,
2023-12-11T01:00,30,Good,11.5,19.4,1.3,0.5,194.0,62.0,,,,,,
2023-12-11T02:00,31,Good,12.2,20.5,1.4,0.6,197.0,63.0,,,,,,
2023-12-11T03:00,33,Good,11.3,18.9,1.3,0.7,195.0,64.0,,,,,,
2023-12-11T04:00,35,Good,11.3,19.0,1.2,0.9,191.0,64.0,,,,,,
2023-12-11T05:00,37,Good,10.9,18.2,0.8,0.6,182.0,67.0,,,,,,
2023-12-11T06:00,38,Good,10.3,17.3,0.9,0.6,180.0,67.0,,,,,,
2023-12-11T07:00,40,Good,10.4,17.5,0.9,0.5,178.0,68.0,,,,,,
2023-12-11T08:00,42,Good,10.4,17.4,1.0,0.5,178.0,69.0,,,,,,
2023-12-11T09:00,43,Good,10.4,17.5,1.0,0.5,183.0,72.0,,,,,,
2023-12-11T10:00,45,Good,9.9,16.5,0.9,0.5,190.0,75.0,,,,,,
2023-12-11T11:00,46,Good,10.1,16.7,0.9,0.5,196.0,78.0,,,,,,
2023-12-11T12:00,47,Good,10.0,16.5,0.8,0.5,201.0,80.0,,,,,,
2023-12-11T13:00,49,Good,9.5,15.7,0.8,0.4,205.0,82.0,,,,,,
2023-12-11T14:00,50,Good,9.8,16.2,0.8,0.4,209.0,84.0,,,,,,
2023-12-11T15:00,50,Good,10.4,17.1,0.9,0.4,214.0,85.0,,,,,,
2023-12-11T16:00,51,Moderate,10.9,18.0,1.0,0.3,220.0,85.0,,,,,,
2023-12-11T17:00,51,Moderate,13.1,21.9,1.6,0.5,242.0,88.0,,,,,,
2023-12-11T18:00,52,Moderate,13.5,22.7,1.7,0.6,243.0,87.0,,,,,,
2023-12-11T19:00,53,Moderate,14.2,23.9,1.9,0.7,245.0,86.0,,,,,,
2023-12-11T20:00,53,Moderate,14.8,24.9,2.0,0.7,243.0,85.0,,,,,,
2023-12-11T21:00,54,Moderate,14.5,24.6,1.8,0.6,234.0,82.0,,,,,,
2023-12-11T22:00,54,Moderate,13.8,23.6,1.5,0.4,222.0,79.0,,,,,,
2023-12-11T23:00,55,Moderate,14.0,24.0,1.2,0.3,212.0,77.0,,,,,,
2023-12-12T00:00,55,Moderate,15.1,26.0,1.1,0.3,208.0,76.0,,,,,,
2023-12-12T01:00,55,Moderate,15.3,26.5,1.1,0.5,207.0,75.0,,,,,,
2023-12-12T02:00,56,Moderate,14.7,25.3,1.1,0.6,207.0,75.0,,,,,,
2023-12-12T03:00,56,Moderate,14.2,24.4,1.0,0.7,207.0,77.0,,,,,,
2023-12-12T04:00,56,Moderate,14.8,25.3,0.9,0.8,209.0,80.0,,,,,,
2023-12-12T05:00,56,Moderate,15.9,27.2,1.5,1.7,220.0,74.0,,,,,,
2023-12-12T06:00,57,Moderate,16.3,27.6,1.6,1.9,223.0,75.0,,,,,,
2023-12-12T07:00,57,Moderate,17.2,28.9,1.6,2.1,226.0,77.0,,,,,,
2023-12-12T08:00,58,Moderate,17.5,29.2,1.6,2.2,229.0,81.0,,,,,,
2023-12-12T09:00,58,Moderate,17.8,29.5,1.3,2.0,229.0,88.0,,,,,,
2023-12-12T10:00,59,Moderate,18.2,30.2,1.0,1.7,228.0,97.0,,,,,,
2023-12-12T11:00,59,Moderate,18.3,30.4,0.7,1.4,227.0,104.0,,,,,,
2023-12-12T12:00,60,Moderate,18.5,30.7,0.6,1.2,226.0,108.0,,,,,,
2023-12-12T13:00,61,Moderate,18.8,31.4,0.5,1.0,226.0,110.0,,,,,,
2023-12-12T14:00,61,Moderate,19.9,33.4,0.5,0.8,225.0,112.0,,,,,,
2023-12-12T15:00,62,Moderate,21.2,35.7,0.6,0.7,224.0,113.0,,,,,,
2023-12-12T16:00,63,Moderate,22.1,37.6,0.8,0.6,222.0,113.0,,,,,,
2023-12-12T17:00,64,Moderate,24.9,42.4,1.1,0.9,233.0,115.0,,,,,,
2023-12-12T18:00,65,Moderate,22.9,39.1,1.1,0.9,232.0,112.0,,,,,,
2023-12-12T19:00,66,Moderate,21.1,36.2,1.2,0.8,231.0,109.0,,,,,,
2023-12-12T20:00,66,Moderate,20.2,34.7,1.2,0.8,230.0,105.0,,,,,,
2023-12-12T21:00,67,Moderate,20.2,34.7,1.2,0.8,230.0,102.0,,,,,,
2023-12-12T22:00,67,Moderate,20.8,35.6,1.3,0.9,232.0,99.0,,,,,,
2023-12-12T23:00,68,Moderate,21.4,36.9,1.3,1.0,233.0,96.0,,,,,,
2023-12-13T00:00,68,Moderate,22.2,38.2,1.3,1.1,234.0,94.0,,,,,,
2023-12-13T01:00,69,Moderate,23.0,39.7,1.3,1.1,236.0,93.0,,,,,,
2023-12-13T02:00,69,Moderate,23.6,40.6,1.3,1.3,239.0,92.0,,,,,,
2023-12-13T03:00,70,Moderate,24.2,41.9,1.4,1.6,243.0,90.0,,,,,,
2023-12-13T04:00,71,Moderate,24.9,43.3,1.5,2.1,249.0,88.0,,,,,,
2023-12-13T05:00,72,Moderate,25.0,43.8,1.9,2.3,255.0,84.0,,,,,,
2023-12-13T06:00,72,Moderate,26.0,45.4,2.1,2.9,262.0,83.0,,,,,,
2023-12-13T07:00,73,Moderate,27.0,47.3,2.4,3.8,271.0,83.0,,,,,,
2023-12-13T08:00,74,Moderate,27.9,48.7,2.5,4.2,276.0,85.0,,,,,,
2023-12-13T09:00,75,Moderate,28.2,49.0,2.1,3.8,272.0,93.0,,,,,,
2023-12-13T10:00,76,Moderate,27.3,47.3,1.4,3.1,264.0,103.0,,,,,,
2023-12-13T11:00,76,Moderate,28.0,48.0,0.9,2.4,257.0,112.0,,,,,,
2023-12-13T12:00,77,Moderate,25.8,44.2,0.7,2.0,252.0,117.0,,,,,,
2023-12-13T13:00,78,Moderate,25.3,43.1,0.7,1.6,247.0,119.0,,,,,,
2023-12-13T14:00,78,Moderate,24.7,42.1,0.7,1.4,243.0,121.0,,,,,,
2023-12-13T15:00,78,Moderate,24.6,42.1,0.9,1.4,242.0,122.0,,,,,,
2023-12-13T16:00,79,Moderate,25.0,42.8,1.1,1.6,242.0,122.0,,,,,,
2023-12-13T17:00,79,Moderate,24.4,40.2,1.4,2.4,236.0,120.0,,,,,,
2023-12-13T18:00,79,Moderate,22.8,41.0,1.4,2.2,232.0,117.0,,,,,,
2023-12-13T19:00,79,Moderate,21.9,42.3,1.4,2.0,227.0,113.0,,,,,,
2023-12-13T20:00,79,Moderate,22.2,44.7,1.4,1.8,222.0,108.0,,,,,,
2023-12-13T21:00,79,Moderate,23.2,45.8,1.4,1.5,217.0,103.0,,,,,,
2023-12-13T22:00,79,Moderate,23.9,45.2,1.4,1.3,213.0,99.0,,,,,,
2023-12-13T23:00,80,Moderate,24.3,44.1,1.4,1.3,211.0,95.0,,,,,,
2023-12-14T00:00,80,Moderate,24.5,44.0,1.5,1.7,213.0,93.0,,,,,,
2023-12-14T01:00,80,Moderate,25.0,44.7,1.7,2.3,217.0,91.0,,,,,,
2023-12-14T02:00,80,Moderate,25.8,46.2,1.9,3.3,223.0,90.0,,,,,,
2023-12-14T03:00,80,Moderate,26.5,48.2,2.0,4.8,231.0,89.0,,,,,,
2023-12-14T04:00,81,Moderate,27.2,49.7,2.1,6.7,241.0,89.0,,,,,,
2023-12-14T05:00,81,Moderate,27.7,49.6,2.3,8.4,245.0,89.0,,,,,,
2023-12-14T06:00,81,Moderate,28.2,50.3,2.6,9.4,254.0,89.0,,,,,,
2023-12-14T07:00,81,Moderate,29.0,50.5,3.0,10.9,267.0,90.0,,,,,,
2023-12-14T08:00,81,Moderate,29.8,50.9,3.1,11.6,277.0,94.0,,,,,,
2023-12-14T09:00,81,Moderate,30.5,51.0,2.7,11.2,282.0,105.0,,,,,,
2023-12-14T10:00,82,Moderate,30.2,50.8,2.0,10.1,283.0,118.0,,,,,,
2023-12-14T11:00,82,Moderate,28.6,49.1,1.4,8.9,280.0,128.0,,,,,,
2023-12-14T12:00,82,Moderate,26.9,47.3,1.1,7.5,269.0,130.0,,,,,,
2023-12-14T13:00,82,Moderate,25.5,44.4,0.9,5.9,253.0,128.0,,,,,,
2023-12-14T14:00,82,Moderate,24.0,39.3,0.9,4.7,242.0,126.0,,,,,,
2023-12-14T15:00,82,Moderate,23.2,35.9,1.1,4.1,241.0,124.0,,,,,,
2023-12-14T16:00,82,Moderate,23.5,35.9,1.5,3.9,245.0,122.0,,,,,,
2023-12-14T17:00,82,Moderate,24.6,44.7,2.3,4.1,250.0,119.0,,,,,,
2023-12-14T18:00,82,Moderate,26.3,46.6,2.5,4.2,255.0,118.0,,,,,,
2023-12-14T19:00,82,Moderate,27.6,48.9,2.9,4.4,263.0,116.0,,,,,,
2023-12-14T20:00,82,Moderate,29.5,56.0,3.1,4.9,268.0,113.0,,,,,,
2023-12-14T21:00,83,Moderate,29.8,62.9,3.2,6.0,269.0,109.0,,,,,,
2023-12-14T22:00,83,Moderate,29.8,64.7,3.2,7.4,268.0,104.0,,,,,,
2023-12-14T23:00,84,Moderate,29.3,65.9,3.2,8.7,266.0,100.0,,,,,,
2023-12-15T00:00,84,Moderate,28.5,59.0,3.1,9.7,262.0,97.0,,,,,,
2023-12-15T01:00,85,Moderate,28.2,56.1,2.9,10.5,257.0,94.0,,,,,,
2023-12-15T02:00,85,Moderate,27.9,56.2,2.7,11.1,254.0,92.0,,,,,,
2023-12-15T03:00,85,Moderate,27.1,56.2,2.6,11.3,255.0,90.0,,,,,,
2023-12-15T04:00,85,Moderate,26.8,54.2,2.4,11.2,258.0,88.0,,,,,,
2023-12-15T05:00,85,Moderate,25.6,54.8,2.8,11.6,265.0,86.0,,,,,,
2023-12-15T06:00,85,Moderate,24.7,53.8,3.3,12.1,268.0,84.0,,,,,,
2023-12-15T07:00,85,Moderate,25.5,54.6,4.0,12.7,273.0,81.0,,,,,,
2023-12-15T08:00,84,Moderate,23.9,55.5,4.3,12.9,277.0,82.0,,,,,,
2023-12-15T09:00,84,Moderate,21.4,55.1,3.9,12.4,281.0,90.0,,,,,,
2023-12-15T10:00,83,Moderate,21.2,54.0,3.1,11.3,285.0,102.0,,,,,,
2023-12-15T11:00,83,Moderate,20.6,48.5,2.3,9.9,283.0,111.0,,,,,,
2023-12-15T12:00,82,Moderate,17.3,38.3,1.7,7.8,273.0,113.0,,,,,,
2023-12-15T13:00,81,Moderate,13.9,29.7,1.2,5.2,257.0,111.0,,,,,,
2023-12-15T14:00,80,Moderate,11.6,22.8,0.9,3.2,244.0,108.0,,,,,,
2023-12-15T15:00,79,Moderate,9.3,17.5,0.9,2.1,235.0,104.0,,,,,,
2023-12-15T16:00,78,Moderate,7.6,15.6,1.1,1.6,228.0,99.0,,,,,,
2023-12-15T17:00,77,Moderate,17.3,28.9,1.6,3.4,253.0,114.0,,,,,,
2023-12-15T18:00,76,Moderate,15.7,26.9,1.9,3.2,247.0,107.0,,,,,,
2023-12-15T19:00,75,Moderate,14.3,24.8,2.3,2.9,240.0,97.0,,,,,,
2023-12-15T20:00,74,Moderate,13.9,24.2,2.8,3.3,238.0,88.0,,,,,,
2023-12-15T21:00,73,Moderate,14.6,24.9,3.7,4.8,247.0,81.0,,,,,,
2023-12-15T22:00,72,Moderate,14.1,23.4,4.7,6.8,263.0,75.0,,,,,,
2023-12-15T23:00,71,Moderate,13.2,21.4,5.4,8.6,275.0,70.0,,,,,,
2023-12-16T00:00,70,Moderate,12.0,19.3,5.6,10.0,281.0,66.0,,,,,,
2023-12-16T01:00,68,Moderate,11.4,18.5,5.5,11.1,284.0,63.0,,,,,,
2023-12-16T02:00,67,Moderate,11.9,19.3,5.3,11.5,286.0,61.0,,,,,,
2023-12-16T03:00,66,Moderate,11.6,18.9,4.8,10.9,286.0,61.0,,,,,,
2023-12-16T04:00,64,Moderate,11.0,18.0,4.2,9.6,283.0,62.0,,,,,,
2023-12-16T05:00,63,Moderate,8.9,14.6,3.6,8.0,281.0,64.0,,,,,,
2023-12-16T06:00,62,Moderate,8.4,13.9,3.7,7.4,280.0,64.0,,,,,,
2023-12-16T07:00,61,Moderate,8.4,13.9,3.9,6.6,278.0,65.0,,,,,,
2023-12-16T08:00,59,Moderate,9.1,15.3,3.8,5.9,275.0,67.0,,,,,,
2023-12-16T09:00,58,Moderate,9.8,16.6,3.3,5.4,271.0,71.0,,,,,,
2023-12-16T10:00,57,Moderate,10.4,17.5,2.7,4.9,266.0,77.0,,,,,,
2023-12-16T11:00,56,Moderate,10.3,17.2,2.1,4.4,259.0,82.0,,,,,,
2023-12-16T12:00,56,Moderate,9.7,15.9,1.7,3.7,250.0,88.0,,,,,,
2023-12-16T13:00,55,Moderate,8.7,14.3,1.3,2.9,240.0,93.0,,,,,,
2023-12-16T14:00,54,Moderate,7.2,11.9,1.1,2.2,230.0,95.0,,,,,,
2023-12-16T15:00,54,Moderate,6.4,10.7,1.2,1.5,220.0,90.0,,,,,,
2023-12-16T16:00,54,Moderate,5.8,9.9,1.4,0.9,211.0,82.0,,,,,,
2023-12-16T17:00,54,Moderate,5.2,8.3,2.8,2.4,242.0,81.0,,,,,,
2023-12-16T18:00,53,Moderate,3.3,5.4,2.8,1.9,229.0,75.0,,,,,,
2023-12-16T19:00,52,Moderate,2.6,4.3,2.7,1.2,212.0,66.0,,,,,,
2023-12-16T20:00,51,Moderate,2.7,4.4,2.6,0.7,200.0,60.0,,,,,,
2023-12-16T21:00,50,Good,3.1,5.0,2.4,0.5,198.0,59.0,,,,,,
2023-12-16T22:00,48,Good,3.9,6.4,2.2,0.5,201.0,61.0,,,,,,
2023-12-16T23:00,45,Good,4.8,7.9,2.0,0.5,202.0,63.0,,,,,,
2023-12-17T00:00,43,Good,5.5,9.1,1.8,0.5,199.0,64.0,,,,,,
2023-12-17T01:00,42,Good,6.0,9.8,1.5,0.6,194.0,65.0,,,,,,
2023-12-17T02:00,40,Good,6.7,10.9,1.3,0.6,190.0,66.0,,,,,,
2023-12-17T03:00,39,Good,7.0,11.4,1.1,0.6,187.0,67.0,,,,,,
2023-12-17T04:00,38,Good,7.0,11.5,0.9,0.6,184.0,67.0,,,,,,
2023-12-17T05:00,37,Good,10.4,16.9,1.6,1.8,205.0,68.0,,,,,,
2023-12-17T06:00,38,Good,11.0,18.0,1.6,1.7,203.0,68.0,,,,,,
2023-12-17T07:00,38,Good,11.1,18.2,1.7,1.5,200.0,69.0,,,,,,
2023-12-17T08:00,39,Good,9.7,16.1,1.6,1.2,196.0,69.0,,,,,,
2023-12-17T09:00,39,Good,7.2,11.9,1.4,0.8,189.0,69.0,,,,,,
2023-12-17T10:00,38,Good,6.3,10.5,1.1,0.4,180.0,70.0,,,,,,
2023-12-17T11:00,37,Good,5.6,9.3,0.8,0.1,174.0,70.0,,,,,,
2023-12-17T12:00,36,Good,5.6,9.5,0.7,0.0,173.0,71.0,,,,,,
2023-12-17T13:00,35,Good,6.1,10.5,0.6,0.1,174.0,73.0,,,,,,
2023-12-17T14:00,35,Good,5.9,10.1,0.6,0.1,175.0,73.0,,,,,,
2023-12-17T15:00,34,Good,5.2,9.0,0.7,0.1,174.0,72.0,,,,,,
2023-12-17T16:00,34,Good,5.0,8.6,0.8,0.1,174.0,70.0,,,,,,
2023-12-17T17:00,34,Good,5.9,10.3,0.9,0.1,156.0,64.0,,,,,,
2023-12-17T18:00,34,Good,7.2,12.5,1.0,0.1,159.0,63.0,,,,,,
2023-12-17T19:00,35,Good,8.0,14.0,1.1,0.1,162.0,61.0,,,,,,
2023-12-17T20:00,36,Good,8.1,14.2,1.1,0.1,164.0,60.0,,,,,,
2023-12-17T21:00,38,Good,8.1,14.3,1.0,0.1,162.0,59.0,,,,,,
2023-12-17T22:00,39,Good,8.2,14.7,0.9,0.1,158.0,57.0,,,,,,
2023-12-17T23:00,40,Good,7.8,13.8,0.7,0.1,155.0,56.0,,,,,,
2023-12-18T00:00,40,Good,7.1,12.7,0.6,0.1,153.0,55.0,,,,,,
2023-12-18T01:00,41,Good,6.5,11.6,0.4,0.0,150.0,54.0,,,,,,
2023-12-18T02:00,41,Good,5.7,10.3,0.3,0.0,149.0,54.0,,,,,,
2023-12-18T03:00,41,Good,5.6,10.0,0.2,0.0,149.0,55.0,,,,,,
2023-12-18T04:00,40,Good,5.1,9.1,0.2,0.1,149.0,56.0,,,,,,
2023-12-18T05:00,40,Good,4.5,8.0,0.2,0.1,150.0,57.0,,,,,,
2023-12-18T06:00,39,Good,4.1,7.2,0.4,0.1,151.0,57.0,,,,,,
2023-12-18T07:00,37,Good,3.8,6.5,0.6,0.1,151.0,57.0,,,,,,
2023-12-18T08:00,35,Good,3.7,6.5,0.8,0.1,152.0,57.0,,,,,,
2023-12-18T09:00,34,Good,4.1,7.2,0.7,0.1,152.0,58.0,,,,,,
2023-12-18T10:00,33,Good,4.1,7.1,0.5,0.1,152.0,59.0,,,,,,
2023-12-18T11:00,33,Good,2.8,5.0,0.4,0.1,153.0,60.0,,,,,,
2023-12-18T12:00,32,Good,2.6,4.7,0.4,0.1,155.0,60.0,,,,,,
2023-12-18T13:00,31,Good,2.5,4.4,0.5,0.1,156.0,61.0,,,,,,
2023-12-18T14:00,30,Good,2.6,4.6,0.6,0.1,158.0,61.0,,,,,,
2023-12-18T15:00,30,Good,2.6,4.5,0.7,0.1,158.0,61.0,,,,,,
2023-12-18T16:00,29,Good,2.8,4.9,0.7,0.1,158.0,62.0,,,,,,
2023-12-18T17:00,29,Good,8.2,14.2,1.1,0.1,181.0,71.0,,,,,,
2023-12-18T18:00,29,Good,9.9,17.0,1.4,0.2,188.0,72.0,,,,,,
2023-12-18T19:00,30,Good,13.1,22.1,1.7,0.4,198.0,73.0,,,,,,
2023-12-18T20:00,31,Good,15.5,26.0,2.0,0.6,206.0,74.0,,,,,,
2023-12-18T21:00,33,Good,17.2,28.6,2.1,0.7,211.0,74.0,,,,,,
2023-12-18T22:00,35,Good,18.6,31.0,2.2,0.9,215.0,74.0,,,,,,
2023-12-18T23:00,37,Good,18.9,31.3,2.2,1.1,217.0,74.0,,,,,,
2023-12-19T00:00,40,Good,18.7,31.0,2.2,1.4,218.0,74.0,,,,,,
2023-12-19T01:00,42,Good,18.7,31.2,2.3,1.8,218.0,73.0,,,,,,
2023-12-19T02:00,45,Good,18.9,31.7,2.3,2.4,218.0,73.0,,,,,,
2023-12-19T03:00,48,Good,19.1,32.2,2.2,3.3,217.0,73.0,,,,,,
2023-12-19T04:00,50,Good,19.6,33.4,2.2,4.4,217.0,73.0,,,,,,
2023-12-19T05:00,52,Moderate,18.3,30.5,2.1,4.4,213.0,72.0,,,,,,
2023-12-19T06:00,53,Moderate,18.9,31.7,2.6,5.8,221.0,73.0,,,,,,
2023-12-19T07:00,54,Moderate,20.1,33.8,3.3,7.7,232.0,75.0,,,,,,
2023-12-19T08:00,55,Moderate,21.1,35.5,3.7,8.9,240.0,78.0,,,,,,
2023-12-19T09:00,57,Moderate,23.0,38.8,3.6,8.9,244.0,84.0,,,,,,
2023-12-19T10:00,58,Moderate,24.0,40.3,3.1,8.1,245.0,92.0,,,,,,
2023-12-19T11:00,60,Moderate,22.5,37.5,2.7,7.3,244.0,99.0,,,,,,
2023-12-19T12:00,61,Moderate,20.8,34.5,2.2,6.4,241.0,105.0,,,,,,
2023-12-19T13:00,63,Moderate,20.9,34.7,1.8,5.4,236.0,109.0,,,,,,
2023-12-19T14:00,64,Moderate,20.7,34.6,1.5,4.7,232.0,112.0,,,,,,
2023-12-19T15:00,65,Moderate,20.3,34.3,1.6,4.4,229.0,112.0,,,,,,
2023-12-19T16:00,67,Moderate,20.8,35.5,1.9,4.3,226.0,110.0,,,,,,
2023-12-19T17:00,68,Moderate,18.6,31.8,2.7,4.2,216.0,97.0,,,,,,
2023-12-19T18:00,69,Moderate,15.4,26.2,2.9,3.9,212.0,91.0,,,,,,
2023-12-19T19:00,69,Moderate,13.7,23.2,3.1,3.5,207.0,84.0,,,,,,
2023-12-19T20:00,70,Moderate,14.4,24.2,3.2,3.1,201.0,77.0,,,,,,
2023-12-19T21:00,69,Moderate,13.9,23.3,3.1,2.7,194.0,72.0,,,,,,
2023-12-19T22:00,69,Moderate,12.3,20.6,3.0,2.4,187.0,69.0,,,,,,
2023-12-19T23:00,69,Moderate,12.0,20.0,2.9,2.3,183.0,66.0,,,,,,
2023-12-20T00:00,68,Moderate,12.2,20.3,2.9,2.6,183.0,65.0,,,,,,
2023-12-20T01:00,68,Moderate,13.4,22.5,2.9,3.2,185.0,65.0,,,,,,
2023-12-20T02:00,67,Moderate,14.6,24.8,2.9,4.0,189.0,66.0,,,,,,
2023-12-20T03:00,67,Moderate,16.7,28.7,3.0,5.2,194.0,66.0,,,,,,
2023-12-20T04:00,67,Moderate,18.3,31.9,3.0,6.5,201.0,67.0,,,,,,
2023-12-20T05:00,67,Moderate,22.8,40.7,3.7,10.0,222.0,68.0,,,,,,
2023-12-20T06:00,67,Moderate,23.9,42.6,4.0,10.5,229.0,69.0,,,,,,
2023-12-20T07:00,67,Moderate,25.8,46.3,4.4,11.1,239.0,71.0,,,,,,
2023-12-20T08:00,68,Moderate,27.8,49.8,4.6,11.5,248.0,74.0,,,,,,
2023-12-20T09:00,68,Moderate,29.0,52.4,4.5,11.3,256.0,79.0,,,,,,
2023-12-20T10:00,69,Moderate,30.3,54.5,4.3,10.9,262.0,85.0,,,,,,
2023-12-20T11:00,69,Moderate,32.4,58.0,4.0,10.4,267.0,91.0,,,,,,
2023-12-20T12:00,70,Moderate,31.5,56.1,3.7,9.9,268.0,96.0,,,,,,
2023-12-20T13:00,71,Moderate,30.2,53.0,3.5,9.4,268.0,101.0,,,,,,
2023-12-20T14:00,72,Moderate,27.9,48.4,3.4,8.9,268.0,104.0,,,,,,
2023-12-20T15:00,72,Moderate,26.8,46.0,3.7,8.6,272.0,106.0,,,,,,
2023-12-20T16:00,73,Moderate,24.5,41.6,4.2,8.3,277.0,107.0,,,,,,
2023-12-20T17:00,73,Moderate,25.3,42.7,4.6,8.1,280.0,106.0,,,,,,
2023-12-20T18:00,74,Moderate,25.7,43.1,4.9,8.2,282.0,102.0,,,,,,
2023-12-20T19:00,74,Moderate,24.7,41.3,5.1,8.3,283.0,97.0,,,,,,
2023-12-20T20:00,75,Moderate,22.6,37.8,5.0,8.1,278.0,91.0,,,,,,
2023-12-20T21:00,76,Moderate,19.9,33.5,4.5,7.0,261.0,85.0,,,,,,
2023-12-20T22:00,76,Moderate,14.8,25.1,3.8,5.6,238.0,79.0,,,,,,
2023-12-20T23:00,77,Moderate,11.0,18.7,3.2,4.7,221.0,74.0,,,,,,
2023-12-21T00:00,76,Moderate,11.7,20.0,3.0,4.8,216.0,72.0,,,,,,
2023-12-21T01:00,76,Moderate,13.8,23.6,2.9,5.4,218.0,72.0,,,,,,
2023-12-21T02:00,76,Moderate,14.8,25.4,2.8,6.1,223.0,73.0,,,,,,
2023-12-21T03:00,76,Moderate,16.4,28.2,2.7,6.9,230.0,75.0,,,,,,
2023-12-21T04:00,76,Moderate,19.6,33.9,2.6,7.8,240.0,77.0,,,,,,
2023-12-21T05:00,77,Moderate,13.8,23.1,1.4,3.5,203.0,77.0,,,,,,
2023-12-21T06:00,76,Moderate,14.6,24.3,1.6,3.7,210.0,78.0,,,,,,
2023-12-21T07:00,75,Moderate,14.7,24.4,1.8,3.9,219.0,79.0,,,,,,
2023-12-21T08:00,74,Moderate,14.4,23.7,1.9,3.8,223.0,81.0,,,,,,
2023-12-21T09:00,73,Moderate,13.0,21.2,1.6,3.2,218.0,83.0,,,,,,
2023-12-21T10:00,72,Moderate,12.2,19.7,1.2,2.4,207.0,85.0,,,,,,
2023-12-21T11:00,70,Moderate,10.8,17.5,0.8,1.6,199.0,87.0,,,,,,
2023-12-21T12:00,69,Moderate,9.1,14.8,0.6,1.1,194.0,89.0,,,,,,
2023-12-21T13:00,67,Moderate,7.7,12.4,0.6,0.6,191.0,91.0,,,,,,
2023-12-21T14:00,65,Moderate,7.1,11.6,0.7,0.4,191.0,92.0,,,,,,
2023-12-21T15:00,64,Moderate,7.2,11.9,1.0,0.5,199.0,94.0,,,,,,
2023-12-21T16:00,62,Moderate,8.1,13.3,1.5,0.8,210.0,95.0,,,,,,
2023-12-21T17:00,61,Moderate,14.2,24.0,1.2,0.2,189.0,87.0,,,,,,
2023-12-21T18:00,60,Moderate,14.5,24.6,1.4,0.2,189.0,84.0,,,,,,
2023-12-21T19:00,59,Moderate,15.5,26.3,1.7,0.2,189.0,80.0,,,,,,
2023-12-21T20:00,58,Moderate,15.8,26.7,1.9,0.3,192.0,77.0,,,,,,
2023-12-21T21:00,58,Moderate,17.0,28.9,2.1,0.2,200.0,77.0,,,,,,
2023-12-21T22:00,58,Moderate,17.6,30.0,2.2,0.2,211.0,79.0,,,,,,
2023-12-21T23:00,58,Moderate,18.5,31.5,2.3,1.0,224.0,81.0,,,,,,
2023-12-22T00:00,58,Moderate,20.7,35.9,2.5,3.0,241.0,83.0,,,,,,
2023-12-22T01:00,59,Moderate,23.8,41.3,2.6,5.8,261.0,86.0,,,,,,
2023-12-22T02:00,60,Moderate,27.8,48.3,2.7,8.4,279.0,88.0,,,,,,
2023-12-22T03:00,61,Moderate,30.4,52.2,2.7,10.5,293.0,89.0,,,,,,
2023-12-22T04:00,62,Moderate,33.3,56.1,2.6,12.4,306.0,89.0,,,,,,
2023-12-22T05:00,63,Moderate,34.5,57.9,2.6,14.2,312.0,88.0,,,,,,
2023-12-22T06:00,65,Moderate,36.2,60.3,2.9,15.6,321.0,89.0,,,,,,
2023-12-22T07:00,66,Moderate,37.7,62.4,3.3,17.5,333.0,91.0,,,,,,
2023-12-22T08:00,68,Moderate,39.2,64.5,3.4,18.2,340.0,95.0,,,,,,
2023-12-22T09:00,70,Moderate,40.6,66.4,2.9,16.8,337.0,104.0,,,,,,
2023-12-22T10:00,72,Moderate,40.7,66.8,2.2,14.3,329.0,116.0,,,,,,
2023-12-22T11:00,75,Moderate,37.4,61.5,1.6,11.7,321.0,125.0,,,,,,
2023-12-22T12:00,77,Moderate,34.8,57.3,1.3,9.3,315.0,129.0,,,,,,
2023-12-22T13:00,79,Moderate,34.7,56.9,1.1,6.9,308.0,130.0,,,,,,
2023-12-22T14:00,81,Moderate,34.3,56.6,1.1,5.1,303.0,130.0,,,,,,
2023-12-22T15:00,83,Moderate,32.5,53.6,1.3,4.2,300.0,131.0,,,,,,
2023-12-22T16:00,85,Moderate,31.9,52.7,1.6,3.9,298.0,132.0,,,,,,
2023-12-22T17:00,87,Moderate,35.5,59.4,1.8,3.2,295.0,128.0,,,,,,
2023-12-22T18:00,88,Moderate,33.9,57.2,1.8,3.3,288.0,126.0,,,,,,
2023-12-22T19:00,90,Moderate,33.4,56.8,1.7,3.4,277.0,124.0,,,,,,
2023-12-22T20:00,91,Moderate,33.4,57.5,1.7,3.4,268.0,121.0,,,,,,
2023-12-22T21:00,93,Moderate,34.1,58.9,1.6,3.2,260.0,117.0,,,,,,
2023-12-22T22:00,94,Moderate,35.3,61.2,1.5,3.0,254.0,113.0,,,,,,
2023-12-22T23:00,95,Moderate,36.9,64.0,1.5,3.0,251.0,110.0,,,,,,
2023-12-23T00:00,97,Moderate,38.4,66.6,1.5,3.3,254.0,108.0,,,,,,
2023-12-23T01:00,98,Moderate,39.6,68.0,1.6,3.9,261.0,106.0,,,,,,
2023-12-23T02:00,100,Moderate,40.5,68.9,1.6,4.6,268.0,105.0,,,,,,
2023-12-23T03:00,101,Unhealthy for Sensitive Groups,40.6,68.2,1.6,5.5,275.0,103.0,,,,,,
2023-12-23T04:00,102,Unhealthy for Sensitive Groups,40.9,68.0,1.6,6.7,281.0,102.0,,,,,,
2023-12-23T05:00,103,Unhealthy for Sensitive Groups,39.0,64.0,1.7,6.8,284.0,100.0,,,,,,
2023-12-23T06:00,103,Unhealthy for Sensitive Groups,39.0,63.3,2.0,7.8,289.0,100.0,,,,,,
2023-12-23T07:00,103,Unhealthy for Sensitive Groups,38.8,62.6,2.4,9.2,296.0,100.0,,,,,,
2023-12-23T08:00,103,Unhealthy for Sensitive Groups,38.3,61.7,2.6,10.2,301.0,103.0,,,,,,
2023-12-23T09:00,103,Unhealthy for Sensitive Groups,38.4,61.9,2.4,10.6,301.0,110.0,,,,,,
2023-12-23T10:00,103,Unhealthy for Sensitive Groups,38.8,62.6,2.0,10.6,299.0,119.0,,,,,,
2023-12-23T11:00,103,Unhealthy for Sensitive Groups,38.4,62.2,1.6,10.1,294.0,126.0,,,,,,
2023-12-23T12:00,103,Unhealthy for Sensitive Groups,37.0,60.3,1.3,8.7,284.0,129.0,,,,,,
2023-12-23T13:00,103,Unhealthy for Sensitive Groups,34.5,56.2,1.0,6.9,271.0,130.0,,,,,,
2023-12-23T14:00,103,Unhealthy for Sensitive Groups,32.1,52.6,0.9,5.4,261.0,131.0,,,,,,
2023-12-23T15:00,103,Unhealthy for Sensitive Groups,30.6,50.4,1.0,4.7,258.0,132.0,,,,,,
2023-12-23T16:00,103,Unhealthy for Sensitive Groups,29.7,49.6,1.2,4.5,259.0,133.0,,,,,,
2023-12-23T17:00,103,Unhealthy for Sensitive Groups,34.8,57.9,1.4,4.0,262.0,128.0,,,,,,
2023-12-23T18:00,103,Unhealthy for Sensitive Groups,34.3,57.5,1.5,4.1,269.0,130.0,,,,,,
2023-12-23T19:00,103,Unhealthy for Sensitive Groups,34.1,57.6,1.6,4.2,279.0,132.0,,,,,,
2023-12-23T20:00,103,Unhealthy for Sensitive Groups,32.7,56.0,1.6,4.2,285.0,132.0,,,,,,
2023-12-23T21:00,103,Unhealthy for Sensitive Groups,30.0,51.9,1.5,3.6,284.0,128.0,,,,,,
2023-12-23T22:00,102,Unhealthy for Sensitive Groups,27.1,47.3,1.3,2.8,279.0,123.0,,,,,,
2023-12-23T23:00,101,Unhealthy for Sensitive Groups,25.7,45.2,1.3,2.8,278.0,117.0,,,,,,
2023-12-24T00:00,100,Moderate,25.1,44.1,1.6,4.1,284.0,111.0,,,,,,
2023-12-24T01:00,99,Moderate,25.7,45.3,2.0,6.2,293.0,106.0,,,,,,
2023-12-24T02:00,98,Moderate,26.7,46.7,2.3,8.4,301.0,101.0,,,,,,
2023-12-24T03:00,97,Moderate,27.8,48.3,2.5,10.6,305.0,97.0,,,,,,
2023-12-24T04:00,96,Moderate,28.6,49.5,2.6,12.9,308.0,94.0,,,,,,
2023-12-24T05:00,95,Moderate,29.3,50.5,2.7,13.5,303.0,92.0,,,,,,
2023-12-24T06:00,94,Moderate,30.0,51.7,3.2,14.2,301.0,90.0,,,,,,
2023-12-24T07:00,93,Moderate,30.7,52.7,3.7,15.2,297.0,88.0,,,,,,
2023-12-24T08:00,93,Moderate,31.2,53.2,4.0,15.5,293.0,89.0,,,,,,
2023-12-24T09:00,92,Moderate,31.3,53.2,3.6,14.8,289.0,96.0,,,,,,
2023-12-24T10:00,92,Moderate,30.7,52.2,2.8,13.4,285.0,107.0,,,,,,
2023-12-24T11:00,91,Moderate,30.2,50.9,2.2,12.1,279.0,117.0,,,,,,
2023-12-24T12:00,90,Moderate,29.4,49.2,1.8,10.9,271.0,124.0,,,,,,
2023-12-24T13:00,90,Moderate,28.1,46.7,1.6,9.6,261.0,131.0,,,,,,
2023-12-24T14:00,89,Moderate,26.7,44.1,1.6,8.7,255.0,134.0,,,,,,
2023-12-24T15:00,89,Moderate,25.4,41.9,1.9,8.4,254.0,134.0,,,,,,
2023-12-24T16:00,88,Moderate,24.3,39.8,2.4,8.4,256.0,131.0,,,,,,
2023-12-24T17:00,88,Moderate,28.9,47.7,3.3,9.0,252.0,123.0,,,,,,
2023-12-24T18:00,88,Moderate,27.2,45.1,3.8,9.5,259.0,117.0,,,,,,
2023-12-24T19:00,87,Moderate,26.3,43.4,4.5,10.1,268.0,109.0,,,,,,
2023-12-24T20:00,86,Moderate,25.4,42.4,4.9,10.1,271.0,101.0,,,,,,
2023-12-24T21:00,86,Moderate,23.5,39.7,4.6,9.1,263.0,93.0,,,,,,
2023-12-24T22:00,85,Moderate,21.2,36.4,4.0,7.4,248.0,84.0,,,,,,
2023-12-24T23:00,85,Moderate,14.7,25.5,3.5,5.9,234.0,77.0,,,,,,
2023-12-25T00:00,84,Moderate,9.8,17.1,3.1,4.7,223.0,72.0,,,,,,
2023-12-25T01:00,83,Moderate,7.9,13.7,2.8,3.5,212.0,68.0,,,,,,
2023-12-25T02:00,81,Moderate,7.0,12.1,2.6,2.8,205.0,66.0,,,,,,
2023-12-25T03:00,80,Moderate,6.5,11.0,2.5,2.7,202.0,65.0,,,,,,
2023-12-25T04:00,78,Moderate,5.6,9.4,2.4,3.1,201.0,64.0,,,,,,
2023-12-25T05:00,76,Moderate,6.6,10.9,2.8,4.1,207.0,63.0,,,,,,
2023-12-25T06:00,75,Moderate,6.2,10.3,2.9,4.4,212.0,63.0,,,,,,
2023-12-25T07:00,73,Moderate,6.1,10.0,3.0,4.7,218.0,64.0,,,,,,
2023-12-25T08:00,71,Moderate,5.6,9.0,2.9,4.6,223.0,67.0,,,,,,
2023-12-25T09:00,69,Moderate,4.6,7.2,2.3,3.7,226.0,73.0,,,,,,
2023-12-25T10:00,67,Moderate,4.2,6.6,1.5,2.4,228.0,82.0,,,,,,
2023-12-25T11:00,65,Moderate,3.9,6.4,0.9,1.4,229.0,88.0,,,,,,
2023-12-25T12:00,63,Moderate,4.1,6.8,0.7,0.9,230.0,91.0,,,,,,
2023-12-25T13:00,61,Moderate,4.1,7.0,0.6,0.6,230.0,91.0,,,,,,
2023-12-25T14:00,59,Moderate,4.0,7.0,0.6,0.4,231.0,91.0,,,,,,
2023-12-25T15:00,57,Moderate,4.0,7.2,0.7,0.3,233.0,89.0,,,,,,
2023-12-25T16:00,55,Moderate,4.3,7.9,0.8,0.2,236.0,86.0,,,,,,
2023-12-25T17:00,54,Moderate,7.8,14.2,0.9,0.2,237.0,84.0,,,,,,
2023-12-25T18:00,52,Moderate,7.3,13.5,1.0,0.2,244.0,83.0,,,,,,
2023-12-25T19:00,50,Good,7.1,13.2,1.2,0.3,253.0,81.0,,,,,,
2023-12-25T20:00,47,Good,7.2,13.2,1.4,0.3,259.0,79.0,,,,,,
2023-12-25T21:00,42,Good,7.4,13.5,1.5,0.3,260.0,77.0,,,,,,
2023-12-25T22:00,39,Good,7.8,14.1,1.5,0.4,258.0,74.0,,,,,,
2023-12-25T23:00,38,Good,8.2,14.8,1.6,0.5,256.0,72.0,,,,,,
2023-12-26T00:00,37,Good,8.5,15.3,1.7,0.7,254.0,70.0,,,,,,
2023-12-26T01:00,36,Good,8.4,15.0,1.9,1.0,251.0,68.0,,,,,,
2023-12-26T02:00,35,Good,8.4,14.9,2.1,1.4,247.0,66.0,,,,,,
2023-12-26T03:00,34,Good,8.6,15.3,2.2,2.0,242.0,64.0,,,,,,
2023-12-26T04:00,35,Good,8.6,15.2,2.4,2.6,237.0,62.0,,,,,,
2023-12-26T05:00,35,Good,8.8,15.5,2.2,2.8,223.0,62.0,,,,,,
2023-12-26T06:00,36,Good,9.5,16.5,2.6,3.8,222.0,59.0,,,,,,
2023-12-26T07:00,37,Good,10.3,17.5,3.2,5.1,221.0,55.0,,,,,,
2023-12-26T08:00,38,Good,11.0,18.7,3.5,6.0,220.0,56.0,,,,,,
2023-12-26T09:00,39,Good,11.5,19.5,3.1,6.1,219.0,64.0,,,,,,
2023-12-26T10:00,41,Good,11.8,20.1,2.4,5.8,218.0,76.0,,,,,,
2023-12-26T11:00,42,Good,12.2,21.0,1.8,5.3,217.0,87.0,,,,,,
2023-12-26T12:00,44,Good,12.2,21.2,1.4,4.4,215.0,95.0,,,,,,
2023-12-26T13:00,46,Good,11.8,20.7,1.1,3.3,212.0,101.0,,,,,,
2023-12-26T14:00,48,Good,11.1,19.7,0.9,2.4,209.0,105.0,,,,,,
2023-12-26T15:00,49,Good,10.4,18.6,1.0,2.0,207.0,105.0,,,,,,
2023-12-26T16:00,50,Good,10.1,18.4,1.2,1.9,206.0,103.0,,,,,,
2023-12-26T17:00,51,Moderate,13.6,24.6,1.6,2.4,208.0,105.0,,,,,,
2023-12-26T18:00,51,Moderate,14.5,26.4,1.7,2.3,207.0,100.0,,,,,,
2023-12-26T19:00,52,Moderate,15.2,27.6,1.8,2.3,205.0,94.0,,,,,,
2023-12-26T20:00,52,Moderate,14.7,26.8,2.0,2.3,204.0,87.0,,,,,,
2023-12-26T21:00,53,Moderate,13.8,25.0,2.3,2.4,203.0,81.0,,,,,,
2023-12-26T22:00,54,Moderate,12.7,22.9,2.7,2.5,202.0,74.0,,,,,,
2023-12-26T23:00,54,Moderate,11.6,20.8,3.1,2.9,201.0,69.0,,,,,,
2023-12-27T00:00,54,Moderate,10.5,18.7,3.4,3.5,201.0,65.0,,,,,,
2023-12-27T01:00,54,Moderate,9.6,17.1,3.7,4.3,202.0,62.0,,,,,,
2023-12-27T02:00,54,Moderate,9.2,16.4,4.0,5.5,203.0,59.0,,,,,,
2023-12-27T03:00,55,Moderate,8.9,15.8,4.4,7.3,203.0,56.0,,,,,,
2023-12-27T04:00,55,Moderate,8.8,15.7,4.9,9.5,202.0,53.0,,,,,,
2023-12-27T05:00,55,Moderate,9.4,17.1,5.1,10.1,204.0,51.0,,,,,,
2023-12-27T06:00,55,Moderate,9.8,17.7,5.4,10.7,206.0,50.0,,,,,,
2023-12-27T07:00,55,Moderate,10.2,18.5,5.7,11.5,208.0,50.0,,,,,,
2023-12-27T08:00,55,Moderate,10.7,19.0,5.6,11.5,210.0,53.0,,,,,,
2023-12-27T09:00,55,Moderate,11.1,19.7,4.8,10.1,209.0,62.0,,,,,,
2023-12-27T10:00,55,Moderate,11.7,20.8,3.5,8.0,207.0,74.0,,,,,,
2023-12-27T11:00,55,Moderate,13.0,22.8,2.5,6.2,207.0,85.0,,,,,,
2023-12-27T12:00,55,Moderate,13.4,23.3,2.0,5.2,210.0,94.0,,,,,,
2023-12-27T13:00,55,Moderate,16.6,28.9,1.7,4.6,214.0,103.0,,,,,,
2023-12-27T14:00,55,Moderate,14.5,25.4,1.5,3.9,216.0,107.0,,,,,,
2023-12-27T15:00,55,Moderate,12.5,22.3,1.3,3.0,213.0,105.0,,,,,,
2023-12-27T16:00,56,Moderate,10.2,18.6,1.3,2.0,207.0,98.0,,,,,,
2023-12-27T17:00,56,Moderate,14.6,26.3,1.9,3.1,220.0,104.0,,,,,,
2023-12-27T18:00,56,Moderate,13.5,24.6,2.0,2.7,219.0,98.0,,,,,,
2023-12-27T19:00,56,Moderate,13.0,23.6,2.1,2.1,217.0,90.0,,,,,,
2023-12-27T20:00,55,Moderate,12.4,22.4,2.2,1.6,215.0,82.0,,,,,,
2023-12-27T21:00,55,Moderate,10.3,18.7,2.3,1.4,214.0,76.0,,,,,,
2023-12-27T22:00,55,Moderate,8.6,15.4,2.3,1.3,213.0,71.0,,,,,,
2023-12-27T23:00,55,Moderate,8.1,14.5,2.2,1.2,213.0,67.0,,,,,,
2023-12-28T00:00,54,Moderate,7.4,13.1,1.9,1.1,212.0,66.0,,,,,,
2023-12-28T01:00,54,Moderate,6.3,11.1,1.6,1.0,212.0,67.0,,,,,,
2023-12-28T02:00,54,Moderate,5.3,9.3,1.3,1.0,212.0,68.0,,,,,,
2023-12-28T03:00,53,Moderate,4.4,7.4,1.2,1.0,212.0,68.0,,,,,,
2023-12-28T04:00,53,Moderate,3.7,6.2,1.1,1.0,212.0,67.0,,,,,,
2023-12-28T05:00,53,Moderate,3.6,5.9,1.3,1.6,212.0,66.0,,,,,,
2023-12-28T06:00,52,Moderate,3.7,6.1,1.5,1.7,214.0,66.0,,,,,,
2023-12-28T07:00,52,Moderate,3.5,5.8,1.7,1.7,216.0,66.0,,,,,,
2023-12-28T08:00,51,Moderate,3.2,5.2,1.7,1.7,217.0,67.0,,,,,,
2023-12-28T09:00,51,Moderate,3.3,5.5,1.4,1.4,217.0,70.0,,,,,,
2023-12-28T10:00,50,Good,3.8,6.4,1.0,1.0,216.0,74.0,,,,,,
2023-12-28T11:00,48,Good,3.8,6.6,0.7,0.7,215.0,78.0,,,,,,
2023-12-28T12:00,46,Good,4.0,6.9,0.6,0.5,214.0,80.0,,,,,,
2023-12-28T13:00,44,Good,4.1,7.2,0.6,0.4,214.0,82.0,,,,,,
2023-12-28T14:00,41,Good,4.2,7.5,0.6,0.3,213.0,82.0,,,,,,
2023-12-28T15:00,39,Good,4.7,8.6,0.7,0.2,213.0,80.0,,,,,,
2023-12-28T16:00,37,Good,5.0,9.1,0.8,0.2,213.0,78.0,,,,,,
2023-12-28T17:00,36,Good,10.0,18.0,1.0,0.2,208.0,76.0,,,,,,
2023-12-28T18:00,37,Good,8.6,15.5,1.1,0.2,208.0,73.0,,,,,,
2023-12-28T19:00,36,Good,7.4,13.5,1.3,0.2,208.0,70.0,,,,,,
2023-12-28T20:00,36,Good,7.8,14.0,1.4,0.2,208.0,67.0,,,,,,
2023-12-28T21:00,35,Good,8.1,14.4,1.4,0.2,208.0,66.0,,,,,,
2023-12-28T22:00,34,Good,8.1,14.3,1.4,0.3,209.0,65.0,,,,,,
2023-12-28T23:00,33,Good,7.9,14.0,1.4,0.3,209.0,64.0,,,,,,
2023-12-29T00:00,32,Good,7.5,13.2,1.4,0.3,209.0,63.0,,,,,,
2023-12-29T01:00,32,Good,6.6,11.5,1.4,0.3,208.0,63.0,,,,,,
2023-12-29T02:00,31,Good,5.6,9.7,1.4,0.5,207.0,62.0,,,,,,
2023-12-29T03:00,31,Good,5.6,9.6,1.5,0.8,205.0,60.0,,,,,,
2023-12-29T04:00,31,Good,5.3,8.9,1.7,1.2,204.0,58.0,,,,,,
2023-12-29T05:00,31,Good,2.9,5.0,1.0,0.5,196.0,61.0,,,,,,
2023-12-29T06:00,31,Good,2.3,4.0,1.0,0.5,194.0,61.0,,,,,,
2023-12-29T07:00,31,Good,1.8,3.1,1.1,0.4,191.0,62.0,,,,,,
2023-12-29T08:00,30,Good,1.6,2.7,1.1,0.4,189.0,63.0,,,,,,
2023-12-29T09:00,30,Good,1.9,3.1,1.0,0.4,189.0,65.0,,,,,,
2023-12-29T10:00,30,Good,2.8,4.7,0.9,0.5,191.0,67.0,,,,,,
2023-12-29T11:00,30,Good,3.6,6.2,0.8,0.5,192.0,69.0,,,,,,
2023-12-29T12:00,29,Good,4.3,7.4,0.6,0.4,191.0,70.0,,,,,,
2023-12-29T13:00,30,Good,4.6,8.1,0.5,0.3,189.0,71.0,,,,,,
2023-12-29T14:00,31,Good,5.0,8.8,0.4,0.2,189.0,72.0,,,,,,
2023-12-29T15:00,31,Good,5.8,10.3,0.6,0.2,192.0,73.0,,,,,,
2023-12-29T16:00,32,Good,6.9,12.3,0.9,0.2,196.0,75.0,,,,,,
2023-12-29T17:00,33,Good,11.5,20.6,0.9,0.2,192.0,72.0,,,,,,
2023-12-29T18:00,33,Good,10.3,18.6,0.9,0.2,195.0,71.0,,,,,,
2023-12-29T19:00,33,Good,9.7,17.4,1.0,0.2,200.0,69.0,,,,,,
2023-12-29T20:00,33,Good,9.6,17.2,1.1,0.3,204.0,67.0,,,,,,
2023-12-29T21:00,33,Good,10.0,17.9,1.4,0.4,208.0,64.0,,,,,,
2023-12-29T22:00,33,Good,10.9,19.4,1.8,0.6,213.0,61.0,,,,,,
2023-12-29T23:00,33,Good,11.0,19.7,2.2,0.9,215.0,58.0,,,,,,
2023-12-30T00:00,34,Good,10.9,19.3,2.4,1.2,214.0,56.0,,,,,,
2023-12-30T01:00,35,Good,10.4,18.4,2.6,1.6,212.0,54.0,,,,,,
2023-12-30T02:00,36,Good,9.7,17.1,2.8,2.2,210.0,53.0,,,,,,
2023-12-30T03:00,37,Good,9.7,16.9,3.1,3.1,210.0,51.0,,,,,,
2023-12-30T04:00,38,Good,9.3,16.1,3.5,4.2,212.0,50.0,,,,,,
2023-12-30T05:00,39,Good,8.8,15.1,1.9,2.1,205.0,56.0,,,,,,
2023-12-30T06:00,40,Good,8.8,15.1,2.2,2.6,206.0,55.0,,,,,,
2023-12-30T07:00,41,Good,9.1,15.5,2.5,3.2,208.0,54.0,,,,,,
2023-12-30T08:00,43,Good,9.5,16.1,2.6,3.5,209.0,56.0,,,,,,
2023-12-30T09:00,45,Good,9.7,16.6,2.2,3.3,209.0,62.0,,,,,,
2023-12-30T10:00,47,Good,9.9,17.0,1.6,2.8,209.0,71.0,,,,,,
2023-12-30T11:00,48,Good,10.2,17.7,1.1,2.3,207.0,78.0,,,,,,
2023-12-30T12:00,50,Good,10.3,18.2,0.8,1.8,204.0,83.0,,,,,,
2023-12-30T13:00,50,Good,10.3,18.4,0.7,1.3,199.0,85.0,,,,,,
2023-12-30T14:00,51,Moderate,10.5,18.9,0.6,0.9,195.0,86.0,,,,,,
2023-12-30T15:00,51,Moderate,10.4,18.7,0.6,0.6,191.0,83.0,,,,,,
2023-12-30T16:00,52,Moderate,9.8,17.6,0.7,0.3,187.0,77.0,,,,,,
2023-12-30T17:00,52,Moderate,13.1,23.6,1.1,0.6,192.0,82.0,,,,,,
2023-12-30T18:00,52,Moderate,12.8,23.1,1.2,0.6,193.0,80.0,,,,,,
2023-12-30T19:00,52,Moderate,12.6,22.8,1.4,0.5,194.0,78.0,,,,,,
2023-12-30T20:00,52,Moderate,12.7,22.8,1.6,0.6,196.0,75.0,,,,,,
2023-12-30T21:00,53,Moderate,13.1,23.4,1.8,0.8,200.0,72.0,,,,,,
2023-12-30T22:00,53,Moderate,13.9,24.6,2.1,1.1,206.0,69.0,,,,,,
2023-12-30T23:00,53,Moderate,15.0,26.5,2.3,1.3,212.0,67.0,,,,,,
2023-12-31T00:00,53,Moderate,16.2,28.4,2.3,1.4,217.0,67.0,,,,,,
2023-12-31T01:00,54,Moderate,17.1,29.9,2.2,1.6,222.0,68.0,,,,,,
2023-12-31T02:00,54,Moderate,17.3,30.2,2.2,1.8,227.0,69.0,,,,,,
2023-12-31T03:00,55,Moderate,18.0,31.4,2.2,2.2,233.0,69.0,,,,,,
2023-12-31T04:00,56,Moderate,18.6,32.4,2.2,2.7,239.0,70.0,,,,,,
2023-12-31T05:00,56,Moderate,19.4,33.9,2.2,2.8,240.0,69.0,,,,,,
2023-12-31T06:00,57,Moderate,20.1,34.8,2.5,3.8,246.0,70.0,,,,,,
2023-12-31T07:00,58,Moderate,20.8,36.0,3.0,5.2,253.0,72.0,,,,,,
2023-12-31T08:00,59,Moderate,21.5,37.0,3.1,5.9,257.0,75.0,,,,,,
2023-12-31T09:00,60,Moderate,22.0,38.0,2.6,5.3,255.0,82.0,,,,,,
2023-12-31T10:00,61,Moderate,21.4,36.7,1.8,4.1,249.0,91.0,,,,,,
2023-12-31T11:00,62,Moderate,21.0,36.0,1.2,2.9,242.0,98.0,,,,,,
2023-12-31T12:00,63,Moderate,20.7,35.6,0.9,2.1,233.0,101.0,,,,,,
2023-12-31T13:00,64,Moderate,19.7,34.1,0.7,1.3,224.0,102.0,,,,,,
2023-12-31T14:00,64,Moderate,18.6,32.2,0.6,0.8,215.0,101.0,,,,,,
2023-12-31T15:00,65,Moderate,17.9,31.2,0.7,0.5,208.0,98.0,,,,,,
2023-12-31T16:00,66,Moderate,17.2,29.9,0.9,0.4,203.0,94.0,,,,,,
2023-12-31T17:00,66,Moderate,15.1,26.3,1.2,0.7,202.0,97.0,,,,,,
2023-12-31T18:00,66,Moderate,13.9,24.3,1.2,0.6,200.0,92.0,,,,,,
2023-12-31T19:00,66,Moderate,13.0,22.9,1.3,0.5,197.0,86.0,,,,,,
2023-12-31T20:00,66,Moderate,12.9,22.5,1.3,0.4,196.0,80.0,,,,,,
2023-12-31T21:00,66,Moderate,12.9,22.4,1.4,0.4,196.0,76.0,,,,,,
2023-12-31T22:00,66,Moderate,13.3,23.0,1.4,0.5,197.0,72.0,,,,,,
2023-12-31T23:00,66,Moderate,14.1,24.3,1.5,0.6,200.0,70.0,,,,,,
