recorded_at,aqi,aqi_category,pm25,pm10,no2,so2,co,o3,nh3,temperature,humidity,wind_speed,wind_direction,pressure
2024-01-01T00:00,66,Moderate,15.0,25.6,1.6,0.7,205.0,69.0,,,,,,
2024-01-01T01:00,66,Moderate,15.8,27.0,1.8,0.9,211.0,69.0,,,,,,
2024-01-01T02:00,66,Moderate,17.4,29.7,1.9,1.3,218.0,69.0,,,,,,
2024-01-01T03:00,66,Moderate,18.0,30.7,1.9,1.9,227.0,70.0,,,,,,
2024-01-01T04:00,66,Moderate,19.7,33.2,1.9,2.7,238.0,71.0,,,,,,
2024-01-01T05:00,66,Moderate,19.6,32.7,2.0,1.9,234.0,68.0,,,,,,
2024-01-01T06:00,66,Moderate,20.7,34.7,2.3,2.9,243.0,69.0,,,,,,
2024-01-01T07:00,66,Moderate,22.1,37.0,2.7,4.3,255.0,70.0,,,,,,
2024-01-01T08:00,66,Moderate,23.7,39.8,2.8,5.4,264.0,74.0,,,,,,
2024-01-01T09:00,66,Moderate,24.5,41.4,2.4,5.9,266.0,83.0,,,,,,
2024-01-01T10:00,67,Moderate,24.4,41.6,1.8,6.1,264.0,95.0,,,,,,
2024-01-01T11:00,67,Moderate,24.3,41.7,1.3,6.0,261.0,105.0,,,,,,
2024-01-01T12:00,67,Moderate,24.3,41.6,1.0,5.3,259.0,111.0,,,,,,
2024-01-01T13:00,67,Moderate,24.7,42.4,0.9,4.3,256.0,115.0,,,,,,
2024-01-01T14:00,68,Moderate,24.5,41.9,0.8,3.4,253.0,118.0,,,,,,
2024-01-01T15:00,68,Moderate,24.2,41.6,0.9,2.7,250.0,119.0,,,,,,
2024-01-01T16:00,69,Moderate,24.1,41.8,1.0,2.2,246.0,119.0,,,,,,
2024-01-01T17:00,69,Moderate,24.2,41.7,1.5,2.5,258.0,115.0,,,,,,
2024-01-01T18:00,70,Moderate,24.1,41.9,1.3,2.1,254.0,115.0,,,,,,
2024-01-01T19:00,71,Moderate,23.5,41.4,1.1,1.6,249.0,115.0,,,,,,
2024-01-01T20:00,72,Moderate,22.7,40.3,1.0,1.2,244.0,112.0,,,,,,
2024-01-01T21:00,72,Moderate,21.7,38.5,1.0,1.0,241.0,106.0,,,,,,
2024-01-01T22:00,73,Moderate,21.0,37.0,1.1,0.9,238.0,97.0,,,,,,
2024-01-01T23:00,74,Moderate,20.5,36.1,1.1,0.8,237.0,90.0,,,,,,
2024-01-02T00:00,74,Moderate,20.7,36.3,1.1,0.6,237.0,86.0,,,,,,
2024-01-02T01:00,75,Moderate,21.1,36.9,1.1,0.5,238.0,84.0,,,,,,
2024-01-02T02:00,75,Moderate,21.7,37.7,1.1,0.4,239.0,83.0,,,,,,
2024-01-02T03:00,75,Moderate,22.3,38.9,1.1,0.4,241.0,83.0,,,,,,
2024-01-02T04:00,76,Moderate,23.6,41.0,1.0,0.4,243.0,84.0,,,,,,
2024-01-02T05:00,76,Moderate,22.7,39.5,1.0,0.5,240.0,82.0,,,,,,
2024-01-02T06:00,76,Moderate,23.0,40.0,1.2,0.7,244.0,82.0,,,,,,
2024-01-02T07:00,77,Moderate,24.2,42.3,1.5,1.0,249.0,82.0,,,,,,
2024-01-02T08:00,77,Moderate,23.9,41.7,1.7,1.3,253.0,83.0,,,,,,
2024-01-02T09:00,77,Moderate,23.6,41.0,1.6,1.4,254.0,85.0,,,,,,
2024-01-02T10:00,77,Moderate,23.3,40.4,1.4,1.5,253.0,89.0,,,,,,
2024-01-02T11:00,77,Moderate,21.7,37.4,1.2,1.5,250.0,92.0,,,,,,
2024-01-02T12:00,76,Moderate,20.1,34.6,1.0,1.4,243.0,96.0,,,,,,
2024-01-02T13:00,76,Moderate,18.2,31.4,0.7,1.1,235.0,99.0,,,,,,
2024-01-02T14:00,76,Moderate,16.2,28.3,0.6,0.9,226.0,101.0,,,,,,
2024-01-02T15:00,75,Moderate,14.8,26.1,0.6,0.7,218.0,100.0,,,,,,
2024-01-02T16:00,74,Moderate,13.8,24.6,0.8,0.4,210.0,97.0,,,,,,
2024-01-02T17:00,73,Moderate,20.5,35.3,1.3,1.1,229.0,99.0,,,,,,
2024-01-02T18:00,73,Moderate,19.6,33.8,1.5,1.3,230.0,99.0,,,,,,
2024-01-02T19:00,73,Moderate,17.6,30.7,1.7,1.6,230.0,98.0,,,,,,
2024-01-02T20:00,72,Moderate,17.1,29.9,1.8,1.9,230.0,97.0,,,,,,
2024-01-02T21:00,72,Moderate,15.5,27.2,1.8,2.2,228.0,95.0,,,,,,
2024-01-02T22:00,71,Moderate,15.1,27.0,1.8,2.5,225.0,93.0,,,,,,
2024-01-02T23:00,71,Moderate,15.4,27.6,1.7,2.6,223.0,90.0,,,,,,
2024-01-03T00:00,70,Moderate,15.7,28.3,1.7,2.5,221.0,86.0,,,,,,
2024-01-03T01:00,70,Moderate,15.9,28.4,1.6,2.2,220.0,82.0,,,,,,
2024-01-03T02:00,70,Moderate,16.4,28.8,1.6,2.0,220.0,79.0,,,,,,
2024-01-03T03:00,69,Moderate,16.8,29.3,1.5,1.7,221.0,78.0,,,,,,
2024-01-03T04:00,69,Moderate,17.6,30.2,1.4,1.5,223.0,77.0,,,,,,
2024-01-03T05:00,68,Moderate,18.3,31.3,1.4,1.3,224.0,76.0,,,,,,
2024-01-03T06:00,68,Moderate,21.1,35.9,1.6,1.7,235.0,77.0,,,,,,
2024-01-03T07:00,68,Moderate,23.2,39.5,2.0,2.4,251.0,78.0,,,,,,
2024-01-03T08:00,68,Moderate,25.7,43.9,2.1,2.8,262.0,81.0,,,,,,
2024-01-03T09:00,68,Moderate,26.8,45.9,1.8,2.9,265.0,88.0,,,,,,
2024-01-03T10:00,68,Moderate,26.3,45.1,1.4,2.9,265.0,97.0,,,,,,
2024-01-03T11:00,68,Moderate,26.2,45.1,1.0,2.7,263.0,105.0,,,,,,
2024-01-03T12:00,69,Moderate,26.9,46.3,0.8,2.4,261.0,110.0,,,,,,
2024-01-03T13:00,69,Moderate,26.5,45.8,0.7,2.0,258.0,113.0,,,,,,
2024-01-03T14:00,70,Moderate,26.0,44.8,0.7,1.7,254.0,115.0,,,,,,
2024-01-03T15:00,71,Moderate,24.9,42.8,0.8,1.5,250.0,117.0,,,,,,
2024-01-03T16:00,71,Moderate,23.9,41.4,1.1,1.3,246.0,117.0,,,,,,
2024-01-03T17:00,72,Moderate,22.6,38.6,1.2,1.3,244.0,110.0,,,,,,
2024-01-03T18:00,72,Moderate,21.9,37.7,1.2,1.2,236.0,108.0,,,,,,
2024-01-03T19:00,73,Moderate,20.8,36.2,1.2,1.0,224.0,106.0,,,,,,
2024-01-03T20:00,73,Moderate,19.4,34.3,1.2,0.8,214.0,102.0,,,,,,
2024-01-03T21:00,73,Moderate,18.3,32.4,1.1,0.6,207.0,96.0,,,,,,
2024-01-03T22:00,73,Moderate,17.4,30.9,1.0,0.4,201.0,88.0,,,,,,
2024-01-03T23:00,73,Moderate,17.2,30.5,0.9,0.3,196.0,82.0,,,,,,
2024-01-04T00:00,74,Moderate,17.2,30.4,0.9,0.3,193.0,80.0,,,,,,
2024-01-04T01:00,74,Moderate,17.3,30.5,0.9,0.3,192.0,79.0,,,,,,
2024-01-04T02:00,74,Moderate,17.6,31.1,0.9,0.3,192.0,79.0,,,,,,
2024-01-04T03:00,74,Moderate,17.8,31.5,0.9,0.3,191.0,78.0,,,,,,
2024-01-04T04:00,74,Moderate,17.7,31.3,1.0,0.3,191.0,77.0,,,,,,
2024-01-04T05:00,74,Moderate,18.0,32.0,0.5,0.3,183.0,80.0,,,,,,
2024-01-04T06:00,74,Moderate,17.7,31.2,0.7,0.3,184.0,79.0,,,,,,
2024-01-04T07:00,74,Moderate,17.3,30.6,1.0,0.3,184.0,78.0,,,,,,
2024-01-04T08:00,73,Moderate,17.2,30.2,1.1,0.3,185.0,78.0,,,,,,
2024-01-04T09:00,73,Moderate,16.5,28.8,1.0,0.3,186.0,81.0,,,,,,
2024-01-04T10:00,72,Moderate,15.9,27.9,0.7,0.3,186.0,85.0,,,,,,
2024-01-04T11:00,71,Moderate,15.3,26.7,0.5,0.3,185.0,88.0,,,,,,
2024-01-04T12:00,70,Moderate,15.4,26.8,0.4,0.3,181.0,88.0,,,,,,
2024-01-04T13:00,69,Moderate,15.6,27.2,0.4,0.3,176.0,87.0,,,,,,
2024-01-04T14:00,68,Moderate,15.2,26.5,0.4,0.3,171.0,86.0,,,,,,
2024-01-04T15:00,67,Moderate,14.8,26.0,0.4,0.3,168.0,85.0,,,,,,
2024-01-04T16:00,67,Moderate,14.6,25.6,0.4,0.2,166.0,84.0,,,,,,
2024-01-04T17:00,66,Moderate,17.3,30.2,0.8,0.3,182.0,90.0,,,,,,
2024-01-04T18:00,66,Moderate,16.8,29.5,0.9,0.3,177.0,89.0,,,,,,
2024-01-04T19:00,65,Moderate,16.2,28.6,0.9,0.3,170.0,87.0,,,,,,
2024-01-04T20:00,65,Moderate,15.4,27.5,1.0,0.3,165.0,85.0,,,,,,
2024-01-04T21:00,64,Moderate,14.8,26.5,1.0,0.3,162.0,82.0,,,,,,
2024-01-04T22:00,64,Moderate,14.5,25.9,1.1,0.3,160.0,77.0,,,,,,
2024-01-04T23:00,64,Moderate,14.3,25.6,1.1,0.3,159.0,74.0,,,,,,
2024-01-05T00:00,64,Moderate,14.1,25.3,1.1,0.3,158.0,72.0,,,,,,
2024-01-05T01:00,63,Moderate,14.1,25.4,1.1,0.3,157.0,70.0,,,,,,
2024-01-05T02:00,63,Moderate,14.1,25.4,1.1,0.3,157.0,69.0,,,,,,
2024-01-05T03:00,63,Moderate,14.3,25.7,1.2,0.4,157.0,68.0,,,,,,
2024-01-05T04:00,63,Moderate,14.3,25.6,1.3,0.5,157.0,67.0,,,,,,
2024-01-05T05:00,62,Moderate,11.1,18.9,1.1,0.3,147.0,65.0,,,,,,
2024-01-05T06:00,62,Moderate,11.4,19.2,1.4,0.4,152.0,64.0,,,,,,
2024-01-05T07:00,61,Moderate,11.5,19.3,1.8,0.6,159.0,63.0,,,,,,
2024-01-05T08:00,61,Moderate,11.7,19.4,2.0,0.7,164.0,64.0,,,,,,
2024-01-05T09:00,60,Moderate,11.5,19.3,1.7,0.6,164.0,69.0,,,,,,
2024-01-05T10:00,60,Moderate,10.7,18.2,1.1,0.4,161.0,75.0,,,,,,
2024-01-05T11:00,60,Moderate,10.1,17.3,0.6,0.3,158.0,80.0,,,,,,
2024-01-05T12:00,59,Moderate,10.2,17.5,0.5,0.3,156.0,82.0,,,,,,
2024-01-05T13:00,59,Moderate,10.2,17.7,0.4,0.4,155.0,82.0,,,,,,
2024-01-05T14:00,58,Moderate,10.4,18.0,0.5,0.5,154.0,83.0,,,,,,
2024-01-05T15:00,58,Moderate,10.6,18.6,0.6,0.5,154.0,85.0,,,,,,
2024-01-05T16:00,58,Moderate,10.5,18.5,0.7,0.5,155.0,87.0,,,,,,
2024-01-05T17:00,57,Moderate,15.1,26.5,1.3,1.1,170.0,91.0,,,,,,
2024-01-05T18:00,57,Moderate,15.3,26.7,1.4,1.1,172.0,90.0,,,,,,
2024-01-05T19:00,57,Moderate,15.4,27.1,1.5,1.2,174.0,88.0,,,,,,
2024-01-05T20:00,57,Moderate,15.1,26.6,1.6,1.1,175.0,85.0,,,,,,
2024-01-05T21:00,57,Moderate,14.8,26.0,1.5,0.9,173.0,80.0,,,,,,
2024-01-05T22:00,57,Moderate,14.7,25.8,1.4,0.5,169.0,75.0,,,,,,
2024-01-05T23:00,57,Moderate,14.8,25.8,1.3,0.3,166.0,70.0,,,,,,
2024-01-06T00:00,57,Moderate,14.3,24.7,1.3,0.2,164.0,67.0,,,,,,
2024-01-06T01:00,57,Moderate,13.5,23.2,1.3,0.2,163.0,65.0,,,,,,
2024-01-06T02:00,57,Moderate,12.7,21.6,1.3,0.2,163.0,63.0,,,,,,
2024-01-06T03:00,57,Moderate,12.4,21.0,1.3,0.2,165.0,62.0,,,,,,
2024-01-06T04:00,57,Moderate,12.3,20.7,1.4,0.3,168.0,61.0,,,,,,
2024-01-06T05:00,57,Moderate,13.6,23.1,1.8,0.7,175.0,59.0,,,,,,
2024-01-06T06:00,57,Moderate,13.7,23.1,2.0,1.0,180.0,59.0,,,,,,
2024-01-06T07:00,57,Moderate,13.9,23.5,2.2,1.3,187.0,58.0,,,,,,
2024-01-06T08:00,57,Moderate,14.2,24.1,2.3,1.6,193.0,60.0,,,,,,
2024-01-06T09:00,57,Moderate,15.0,25.6,2.0,1.7,197.0,65.0,,,,,,
2024-01-06T10:00,58,Moderate,14.8,25.4,1.6,1.7,200.0,72.0,,,,,,
2024-01-06T11:00,58,Moderate,13.0,22.4,1.2,1.6,199.0,78.0,,,,,,
2024-01-06T12:00,58,Moderate,11.1,19.2,0.9,1.3,192.0,80.0,,,,,,
2024-01-06T13:00,58,Moderate,9.1,15.6,0.6,0.8,181.0,81.0,,,,,,
2024-01-06T14:00,58,Moderate,7.4,12.8,0.5,0.5,173.0,81.0,,,,,,
2024-01-06T15:00,58,Moderate,6.4,10.9,0.6,0.3,171.0,81.0,,,,,,
2024-01-06T16:00,58,Moderate,5.6,9.5,0.8,0.3,171.0,82.0,,,,,,
2024-01-06T17:00,57,Moderate,10.4,17.6,1.0,0.6,187.0,81.0,,,,,,
2024-01-06T18:00,57,Moderate,10.4,17.4,1.3,0.8,192.0,82.0,,,,,,
2024-01-06T19:00,56,Moderate,10.8,17.7,1.7,1.1,200.0,83.0,,,,,,
2024-01-06T20:00,56,Moderate,10.9,17.8,2.2,1.8,208.0,83.0,,,,,,
2024-01-06T21:00,56,Moderate,10.3,16.5,2.9,3.3,216.0,81.0,,,,,,
2024-01-06T22:00,55,Moderate,9.6,15.2,3.7,5.3,224.0,77.0,,,,,,
2024-01-06T23:00,55,Moderate,10.1,15.8,4.3,7.0,230.0,73.0,,,,,,
2024-01-07T00:00,55,Moderate,11.1,17.2,4.8,8.2,235.0,68.0,,,,,,
2024-01-07T01:00,54,Moderate,11.2,17.5,5.1,9.1,239.0,62.0,,,,,,
2024-01-07T02:00,54,Moderate,11.3,17.7,5.2,9.5,238.0,58.0,,,,,,
2024-01-07T03:00,54,Moderate,10.6,16.8,4.8,9.2,227.0,56.0,,,,,,
2024-01-07T04:00,54,Moderate,8.4,13.6,4.1,8.5,210.0,56.0,,,,,,
2024-01-07T05:00,54,Moderate,4.7,7.7,3.5,7.7,185.0,55.0,,,,,,
2024-01-07T06:00,53,Moderate,4.2,6.9,3.5,7.4,185.0,55.0,,,,,,
2024-01-07T07:00,52,Moderate,4.2,6.5,3.6,7.1,185.0,57.0,,,,,,
2024-01-07T08:00,51,Moderate,4.7,7.2,3.4,6.7,186.0,60.0,,,,,,
2024-01-07T09:00,51,Moderate,6.0,9.3,2.9,6.4,188.0,68.0,,,,,,
2024-01-07T10:00,50,Good,7.1,11.1,2.3,6.1,191.0,78.0,,,,,,
2024-01-07T11:00,48,Good,7.7,12.3,1.7,5.7,192.0,87.0,,,,,,
2024-01-07T12:00,47,Good,8.1,12.9,1.3,5.1,191.0,94.0,,,,,,
2024-01-07T13:00,46,Good,7.7,12.4,1.0,4.3,188.0,100.0,,,,,,
2024-01-07T14:00,46,Good,7.6,12.3,0.8,3.7,186.0,104.0,,,,,,
2024-01-07T15:00,46,Good,7.6,12.2,0.9,3.2,184.0,104.0,,,,,,
2024-01-07T16:00,46,Good,7.4,12.0,1.2,2.9,183.0,102.0,,,,,,
2024-01-07T17:00,47,Good,10.7,17.1,2.1,2.5,185.0,89.0,,,,,,
2024-01-07T18:00,47,Good,8.3,13.3,2.8,3.2,186.0,83.0,,,,,,
2024-01-07T19:00,46,Good,7.0,11.1,3.8,4.2,186.0,75.0,,,,,,
2024-01-07T20:00,45,Good,6.9,10.9,4.7,5.2,189.0,68.0,,,,,,
2024-01-07T21:00,45,Good,7.1,11.2,5.4,6.2,195.0,63.0,,,,,,
2024-01-07T22:00,44,Good,6.9,10.8,5.9,7.3,202.0,60.0,,,,,,
2024-01-07T23:00,43,Good,7.0,10.9,6.1,7.7,207.0,57.0,,,,,,
2024-01-08T00:00,42,Good,6.8,10.7,5.9,7.2,208.0,54.0,,,,,,
2024-01-08T01:00,41,Good,6.3,10.0,5.4,6.0,207.0,51.0,,,,,,
2024-01-08T02:00,40,Good,5.7,9.2,4.7,4.8,204.0,49.0,,,,,,
2024-01-08T03:00,39,Good,4.5,7.3,3.7,3.5,197.0,48.0,,,,,,
2024-01-08T04:00,38,Good,3.6,6.0,2.5,2.2,188.0,48.0,,,,,,
2024-01-08T05:00,37,Good,3.9,6.2,3.4,3.5,198.0,46.0,,,,,,
2024-01-08T06:00,36,Good,3.4,5.4,2.8,2.8,195.0,47.0,,,,,,
2024-01-08T07:00,36,Good,3.1,4.8,2.0,1.8,190.0,48.0,,,,,,
2024-01-08T08:00,36,Good,2.6,4.0,1.4,1.0,187.0,50.0,,,,,,
2024-01-08T09:00,35,Good,2.6,4.0,1.1,0.6,187.0,55.0,,,,,,
2024-01-08T10:00,35,Good,2.7,4.1,0.8,0.4,189.0,62.0,,,,,,
2024-01-08T11:00,34,Good,2.7,4.2,0.7,0.3,190.0,67.0,,,,,,
2024-01-08T12:00,32,Good,2.6,4.1,0.6,0.2,189.0,69.0,,,,,,
2024-01-08T13:00,31,Good,2.6,4.1,0.5,0.2,186.0,70.0,,,,,,
2024-01-08T14:00,30,Good,2.7,4.3,0.5,0.2,185.0,70.0,,,,,,
2024-01-08T15:00,29,Good,3.0,4.7,0.6,0.2,186.0,71.0,,,,,,
2024-01-08T16:00,30,Good,3.3,5.3,0.7,0.1,187.0,73.0,,,,,,
2024-01-08T17:00,31,Good,3.9,6.4,1.4,0.1,186.0,67.0,,,,,,
2024-01-08T18:00,32,Good,3.3,5.3,1.8,0.3,189.0,67.0,,,,,,
2024-01-08T19:00,32,Good,3.0,4.8,2.4,0.7,193.0,66.0,,,,,,
2024-01-08T20:00,32,Good,2.9,4.6,2.7,0.9,194.0,65.0,,,,,,
2024-01-08T21:00,32,Good,2.6,4.1,2.5,1.0,191.0,64.0,,,,,,
2024-01-08T22:00,31,Good,2.2,3.4,2.1,1.0,185.0,63.0,,,,,,
2024-01-08T23:00,31,Good,1.5,2.5,1.8,1.0,180.0,62.0,,,,,,
2024-01-09T00:00,31,Good,1.3,2.0,1.8,1.1,178.0,61.0,,,,,,
2024-01-09T01:00,30,Good,1.3,2.1,1.8,1.1,177.0,61.0,,,,,,
2024-01-09T02:00,30,Good,1.6,2.6,1.8,1.1,178.0,60.0,,,,,,
2024-01-09T03:00,29,Good,2.1,3.7,1.6,0.9,180.0,59.0,,,,,,
2024-01-09T04:00,29,Good,2.9,5.1,1.2,0.5,184.0,58.0,,,,,,
2024-01-09T05:00,28,Good,3.0,5.2,0.7,0.2,184.0,59.0,,,,,,
2024-01-09T06:00,28,Good,3.2,5.6,0.8,0.2,183.0,59.0,,,,,,
2024-01-09T07:00,28,Good,3.5,6.1,0.9,0.1,183.0,59.0,,,,,,
2024-01-09T08:00,28,Good,4.2,7.3,0.9,0.1,182.0,59.0,,,,,,
2024-01-09T09:00,27,Good,4.8,8.5,0.8,0.1,181.0,60.0,,,,,,
2024-01-09T10:00,27,Good,5.1,8.9,0.6,0.1,181.0,63.0,,,,,,
2024-01-09T11:00,28,Good,4.9,8.6,0.5,0.1,180.0,64.0,,,,,,
2024-01-09T12:00,28,Good,4.8,8.4,0.4,0.1,179.0,64.0,,,,,,
2024-01-09T13:00,28,Good,4.8,8.4,0.3,0.1,178.0,64.0,,,,,,
2024-01-09T14:00,29,Good,5.4,9.4,0.4,0.1,178.0,64.0,,,,,,
2024-01-09T15:00,29,Good,6.5,11.2,0.7,0.1,179.0,66.0,,,,,,
2024-01-09T16:00,29,Good,6.9,11.7,1.0,0.1,181.0,68.0,,,,,,
2024-01-09T17:00,30,Good,9.8,16.4,1.3,0.1,182.0,71.0,,,,,,
2024-01-09T18:00,30,Good,13.5,22.5,1.5,0.2,186.0,73.0,,,,,,
2024-01-09T19:00,31,Good,17.9,29.8,1.8,0.3,191.0,76.0,,,,,,
2024-01-09T20:00,32,Good,21.3,35.5,2.1,0.5,199.0,78.0,,,,,,
2024-01-09T21:00,32,Good,23.2,38.8,2.3,0.8,210.0,79.0,,,,,,
2024-01-09T22:00,36,Good,24.2,40.6,2.5,1.3,223.0,80.0,,,,,,
2024-01-09T23:00,41,Good,24.3,41.1,2.5,1.6,233.0,80.0,,,,,,
2024-01-10T00:00,46,Good,24.0,40.7,2.3,1.8,239.0,80.0,,,,,,
2024-01-10T01:00,51,Moderate,24.8,42.3,2.0,1.9,242.0,81.0,,,,,,
2024-01-10T02:00,52,Moderate,25.2,43.1,1.8,2.1,245.0,81.0,,,,,,
2024-01-10T03:00,54,Moderate,26.1,44.8,1.7,2.4,248.0,81.0,,,,,,
2024-01-10T04:00,56,Moderate,28.0,48.2,1.6,2.8,251.0,82.0,,,,,,
2024-01-10T05:00,58,Moderate,29.5,50.2,3.1,6.6,279.0,71.0,,,,,,
2024-01-10T06:00,60,Moderate,31.1,52.2,3.4,6.9,281.0,71.0,,,,,,
2024-01-10T07:00,62,Moderate,32.0,53.7,3.8,7.2,283.0,72.0,,,,,,
2024-01-10T08:00,65,Moderate,32.4,54.1,3.9,7.1,281.0,74.0,,,,,,
2024-01-10T09:00,67,Moderate,32.2,54.1,3.6,6.2,274.0,79.0,,,,,,
2024-01-10T10:00,69,Moderate,28.9,48.5,3.0,5.0,263.0,85.0,,,,,,
2024-01-10T11:00,71,Moderate,25.1,42.6,2.4,3.7,251.0,90.0,,,,,,
2024-01-10T12:00,72,Moderate,21.3,36.4,1.8,2.5,236.0,94.0,,,,,,
2024-01-10T13:00,74,Moderate,18.4,31.9,1.3,1.4,219.0,96.0,,,,,,
2024-01-10T14:00,75,Moderate,16.5,28.8,0.9,0.5,205.0,97.0,,,,,,
2024-01-10T15:00,76,Moderate,15.0,26.3,0.9,0.1,195.0,94.0,,,,,,
2024-01-10T16:00,76,Moderate,14.3,25.2,1.0,0.1,188.0,89.0,,,,,,
2024-01-10T17:00,77,Moderate,13.6,23.7,1.7,0.2,194.0,84.0,,,,,,
2024-01-10T18:00,77,Moderate,13.2,23.0,1.6,0.2,188.0,81.0,,,,,,
2024-01-10T19:00,77,Moderate,12.5,21.7,1.5,0.1,181.0,76.0,,,,,,
2024-01-10T20:00,77,Moderate,12.1,21.0,1.6,0.3,179.0,73.0,,,,,,
2024-01-10T21:00,76,Moderate,12.9,22.2,2.2,0.7,187.0,71.0,,,,,,
2024-01-10T22:00,75,Moderate,14.7,25.4,3.0,1.4,200.0,70.0,,,,,,
2024-01-10T23:00,75,Moderate,16.5,28.6,3.5,2.1,212.0,70.0,,,,,,
2024-01-11T00:00,74,Moderate,18.3,31.8,3.5,3.0,221.0,70.0,,,,,,
2024-01-11T01:00,73,Moderate,20.1,34.9,3.3,4.0,228.0,71.0,,,,,,
2024-01-11T02:00,73,Moderate,22.0,38.2,3.0,4.6,235.0,72.0,,,,,,
2024-01-11T03:00,73,Moderate,23.1,39.8,2.6,4.4,240.0,74.0,,,,,,
2024-01-11T04:00,73,Moderate,24.9,42.6,2.1,3.7,245.0,77.0,,,,,,
2024-01-11T05:00,72,Moderate,23.9,41.1,1.5,2.1,231.0,76.0,,,,,,
2024-01-11T06:00,72,Moderate,25.4,43.7,1.8,2.3,242.0,76.0,,,,,,
2024-01-11T07:00,71,Moderate,26.4,45.4,2.1,2.5,257.0,76.0,,,,,,
2024-01-11T08:00,71,Moderate,27.0,45.9,2.2,2.5,267.0,78.0,,,,,,
2024-01-11T09:00,71,Moderate,26.4,44.6,1.8,2.1,267.0,84.0,,,,,,
2024-01-11T10:00,70,Moderate,24.3,40.7,1.2,1.5,262.0,92.0,,,,,,
2024-01-11T11:00,70,Moderate,22.2,37.3,0.7,1.0,256.0,99.0,,,,,,
2024-01-11T12:00,70,Moderate,20.1,33.8,0.5,0.8,249.0,102.0,,,,,,
2024-01-11T13:00,69,Moderate,18.2,30.9,0.5,0.7,241.0,103.0,,,,,,
2024-01-11T14:00,69,Moderate,17.1,29.3,0.5,0.7,234.0,104.0,,,,,,
2024-01-11T15:00,70,Moderate,16.6,28.7,0.6,0.7,230.0,105.0,,,,,,
2024-01-11T16:00,70,Moderate,16.7,28.8,0.8,0.6,227.0,105.0,,,,,,
2024-01-11T17:00,70,Moderate,22.2,38.1,1.1,0.8,230.0,108.0,,,,,,
2024-01-11T18:00,71,Moderate,22.1,37.8,1.2,0.7,229.0,104.0,,,,,,
2024-01-11T19:00,71,Moderate,22.2,37.8,1.2,0.6,227.0,99.0,,,,,,
2024-01-11T20:00,72,Moderate,22.5,38.1,1.3,0.6,225.0,94.0,,,,,,
2024-01-11T21:00,73,Moderate,23.0,38.6,1.4,0.6,224.0,90.0,,,,,,
2024-01-11T22:00,74,Moderate,23.5,39.3,1.4,0.8,223.0,86.0,,,,,,
2024-01-11T23:00,74,Moderate,23.9,39.9,1.5,1.0,223.0,83.0,,,,,,
2024-01-12T00:00,75,Moderate,24.2,40.7,1.6,1.4,225.0,82.0,,,,,,
2024-01-12T01:00,75,Moderate,24.9,42.3,1.7,1.9,228.0,81.0,,,,,,
2024-01-12T02:00,76,Moderate,25.8,44.0,1.8,2.5,232.0,81.0,,,,,,
2024-01-12T03:00,76,Moderate,25.8,44.4,1.9,3.2,237.0,80.0,,,,,,
2024-01-12T04:00,76,Moderate,26.0,45.2,2.0,3.9,242.0,78.0,,,,,,
2024-01-12T05:00,76,Moderate,25.3,43.8,1.9,3.4,230.0,79.0,,,,,,
2024-01-12T06:00,76,Moderate,26.0,45.1,1.9,3.3,231.0,80.0,,,,,,
2024-01-12T07:00,76,Moderate,26.4,45.6,1.9,3.1,233.0,81.0,,,,,,
2024-01-12T08:00,76,Moderate,26.6,45.6,1.8,2.8,232.0,84.0,,,,,,
2024-01-12T09:00,76,Moderate,26.0,44.5,1.4,2.2,226.0,88.0,,,,,,
2024-01-12T10:00,76,Moderate,25.8,44.2,1.0,1.5,218.0,94.0,,,,,,
2024-01-12T11:00,77,Moderate,24.6,42.0,0.6,0.9,211.0,98.0,,,,,,
2024-01-12T12:00,77,Moderate,24.1,41.3,0.4,0.6,207.0,100.0,,,,,,
2024-01-12T13:00,77,Moderate,23.0,39.5,0.4,0.4,205.0,101.0,,,,,,
2024-01-12T14:00,77,Moderate,21.9,37.8,0.4,0.3,203.0,100.0,,,,,,
2024-01-12T15:00,78,Moderate,20.9,36.0,0.5,0.2,201.0,98.0,,,,,,
2024-01-12T16:00,78,Moderate,20.4,35.0,0.6,0.1,199.0,95.0,,,,,,
2024-01-12T17:00,78,Moderate,20.3,34.8,0.8,0.2,206.0,95.0,,,,,,
2024-01-12T18:00,78,Moderate,20.1,34.2,0.9,0.2,206.0,92.0,,,,,,
2024-01-12T19:00,78,Moderate,20.8,35.3,1.1,0.2,206.0,88.0,,,,,,
2024-01-12T20:00,78,Moderate,22.2,37.5,1.3,0.2,206.0,85.0,,,,,,
2024-01-12T21:00,78,Moderate,23.9,40.5,1.4,0.2,207.0,83.0,,,,,,
2024-01-12T22:00,78,Moderate,25.6,43.4,1.5,0.2,209.0,81.0,,,,,,
2024-01-12T23:00,78,Moderate,26.8,45.5,1.6,0.4,212.0,80.0,,,,,,
2024-01-13T00:00,78,Moderate,27.7,47.3,1.8,0.9,216.0,79.0,,,,,,
2024-01-13T01:00,79,Moderate,28.5,48.9,1.9,1.6,222.0,79.0,,,,,,
2024-01-13T02:00,79,Moderate,29.5,51.1,2.1,2.4,229.0,79.0,,,,,,
2024-01-13T03:00,79,Moderate,30.5,53.3,2.2,3.3,238.0,78.0,,,,,,
2024-01-13T04:00,80,Moderate,31.8,56.0,2.2,4.2,250.0,78.0,,,,,,
2024-01-13T05:00,80,Moderate,32.8,58.4,3.0,5.9,267.0,70.0,,,,,,
2024-01-13T06:00,81,Moderate,35.4,63.3,3.1,6.9,278.0,72.0,,,,,,
2024-01-13T07:00,81,Moderate,37.7,67.8,3.1,8.2,294.0,75.0,,,,,,
2024-01-13T08:00,82,Moderate,39.6,70.8,3.0,8.7,304.0,80.0,,,,,,
2024-01-13T09:00,83,Moderate,39.3,69.6,2.4,7.7,305.0,89.0,,,,,,
2024-01-13T10:00,84,Moderate,38.9,68.0,1.6,5.8,301.0,101.0,,,,,,
2024-01-13T11:00,85,Moderate,36.8,64.0,1.0,4.1,294.0,109.0,,,,,,
2024-01-13T12:00,86,Moderate,33.9,58.4,0.7,2.8,284.0,112.0,,,,,,
2024-01-13T13:00,87,Moderate,31.0,53.2,0.5,1.7,272.0,111.0,,,,,,
2024-01-13T14:00,88,Moderate,29.0,49.7,0.5,0.9,262.0,110.0,,,,,,
2024-01-13T15:00,88,Moderate,27.4,46.9,0.6,0.5,256.0,109.0,,,,,,
2024-01-13T16:00,89,Moderate,26.3,44.8,0.7,0.4,253.0,107.0,,,,,,
2024-01-13T17:00,89,Moderate,35.7,60.8,1.1,1.1,265.0,115.0,,,,,,
2024-01-13T18:00,91,Moderate,34.8,59.4,1.2,0.9,262.0,111.0,,,,,,
2024-01-13T19:00,92,Moderate,33.9,57.9,1.3,0.7,258.0,105.0,,,,,,
2024-01-13T20:00,93,Moderate,33.2,56.5,1.4,0.5,258.0,100.0,,,,,,
2024-01-13T21:00,94,Moderate,32.7,55.6,1.5,0.5,263.0,96.0,,,,,,
2024-01-13T22:00,94,Moderate,32.8,55.8,1.6,0.5,272.0,93.0,,,,,,
2024-01-13T23:00,95,Moderate,33.4,56.8,1.7,0.6,281.0,91.0,,,,,,
2024-01-14T00:00,95,Moderate,34.2,58.2,1.7,0.7,289.0,89.0,,,,,,
2024-01-14T01:00,96,Moderate,34.9,59.5,1.7,0.8,297.0,88.0,,,,,,
2024-01-14T02:00,96,Moderate,35.5,60.5,1.7,1.0,306.0,87.0,,,,,,
2024-01-14T03:00,97,Moderate,35.9,61.0,1.7,1.4,315.0,85.0,,,,,,
2024-01-14T04:00,97,Moderate,36.0,60.8,1.7,1.8,325.0,83.0,,,,,,
2024-01-14T05:00,98,Moderate,36.0,61.2,1.9,1.6,329.0,80.0,,,,,,
2024-01-14T06:00,98,Moderate,36.7,61.9,2.2,2.3,340.0,79.0,,,,,,
2024-01-14T07:00,98,Moderate,37.4,62.6,2.5,3.3,354.0,78.0,,,,,,
2024-01-14T08:00,98,Moderate,38.0,63.1,2.6,3.8,365.0,80.0,,,,,,
2024-01-14T09:00,98,Moderate,38.5,63.8,2.2,3.6,369.0,89.0,,,,,,
2024-01-14T10:00,98,Moderate,39.8,65.2,1.5,3.0,370.0,102.0,,,,,,
2024-01-14T11:00,98,Moderate,41.9,68.0,1.0,2.4,369.0,113.0,,,,,,
2024-01-14T12:00,98,Moderate,43.3,69.8,0.8,2.0,366.0,119.0,,,,,,
2024-01-14T13:00,99,Moderate,44.1,71.0,0.7,1.7,362.0,123.0,,,,,,
2024-01-14T14:00,100,Moderate,44.6,71.7,0.7,1.5,361.0,126.0,,,,,,
2024-01-14T15:00,102,Unhealthy for Sensitive Groups,45.2,72.4,0.8,1.4,364.0,129.0,,,,,,
2024-01-14T16:00,103,Unhealthy for Sensitive Groups,46.2,74.3,1.1,1.3,370.0,131.0,,,,,,
2024-01-14T17:00,105,Unhealthy for Sensitive Groups,42.8,68.9,1.2,1.5,355.0,126.0,,,,,,
2024-01-14T18:00,106,Unhealthy for Sensitive Groups,41.6,67.3,1.1,1.4,358.0,125.0,,,,,,
2024-01-14T19:00,107,Unhealthy for Sensitive Groups,39.7,64.5,1.1,1.2,363.0,123.0,,,,,,
2024-01-14T20:00,108,Unhealthy for Sensitive Groups,37.5,61.2,1.0,1.1,368.0,120.0,,,,,,
2024-01-14T21:00,108,Unhealthy for Sensitive Groups,35.5,58.0,1.0,1.0,372.0,114.0,,,,,,
2024-01-14T22:00,108,Unhealthy for Sensitive Groups,34.5,56.2,1.0,1.0,376.0,107.0,,,,,,
2024-01-14T23:00,108,Unhealthy for Sensitive Groups,34.8,56.7,1.0,0.9,378.0,101.0,,,,,,
2024-01-15T00:00,109,Unhealthy for Sensitive Groups,36.2,58.7,0.9,0.8,378.0,99.0,,,,,,
2024-01-15T01:00,109,Unhealthy for Sensitive Groups,38.3,61.9,0.8,0.8,376.0,98.0,,,,,,
2024-01-15T02:00,109,Unhealthy for Sensitive Groups,40.4,65.2,0.8,0.8,376.0,97.0,,,,,,
2024-01-15T03:00,110,Unhealthy for Sensitive Groups,42.0,67.5,0.8,0.8,378.0,95.0,,,,,,
2024-01-15T04:00,110,Unhealthy for Sensitive Groups,43.0,68.9,1.0,0.9,381.0,93.0,,,,,,
2024-01-15T05:00,111,Unhealthy for Sensitive Groups,42.8,69.2,1.0,0.9,369.0,92.0,,,,,,
2024-01-15T06:00,112,Unhealthy for Sensitive Groups,43.4,69.8,1.2,1.1,376.0,90.0,,,,,,
2024-01-15T07:00,112,Unhealthy for Sensitive Groups,44.1,70.8,1.5,1.5,385.0,89.0,,,,,,
2024-01-15T08:00,113,Unhealthy for Sensitive Groups,44.5,71.2,1.7,2.0,392.0,90.0,,,,,,
2024-01-15T09:00,114,Unhealthy for Sensitive Groups,44.8,71.7,1.6,2.9,394.0,97.0,,,,,,
2024-01-15T10:00,114,Unhealthy for Sensitive Groups,44.9,71.7,1.3,3.9,393.0,107.0,,,,,,
2024-01-15T11:00,115,Unhealthy for Sensitive Groups,44.6,71.0,1.1,4.6,390.0,116.0,,,,,,
2024-01-15T12:00,115,Unhealthy for Sensitive Groups,44.0,70.1,0.9,4.6,384.0,122.0,,,,,,
2024-01-15T13:00,115,Unhealthy for Sensitive Groups,43.7,69.8,0.8,4.2,376.0,127.0,,,,,,
2024-01-15T14:00,115,Unhealthy for Sensitive Groups,43.9,70.5,0.7,3.8,370.0,130.0,,,,,,
2024-01-15T15:00,115,Unhealthy for Sensitive Groups,44.4,71.9,0.8,3.4,368.0,132.0,,,,,,
2024-01-15T16:00,115,Unhealthy for Sensitive Groups,45.1,73.6,0.9,3.0,366.0,133.0,,,,,,
2024-01-15T17:00,115,Unhealthy for Sensitive Groups,41.7,67.3,1.0,3.2,344.0,123.0,,,,,,
2024-01-15T18:00,115,Unhealthy for Sensitive Groups,39.2,64.3,0.9,2.8,334.0,124.0,,,,,,
2024-01-15T19:00,115,Unhealthy for Sensitive Groups,37.1,61.7,0.7,2.2,319.0,124.0,,,,,,
2024-01-15T20:00,114,Unhealthy for Sensitive Groups,35.6,59.8,0.6,1.8,307.0,124.0,,,,,,
2024-01-15T21:00,114,Unhealthy for Sensitive Groups,34.7,58.3,0.6,1.6,299.0,122.0,,,,,,
2024-01-15T22:00,114,Unhealthy for Sensitive Groups,34.0,57.0,0.6,1.6,292.0,119.0,,,,,,
2024-01-15T23:00,114,Unhealthy for Sensitive Groups,33.5,56.1,0.6,1.6,288.0,116.0,,,,,,
2024-01-16T00:00,114,Unhealthy for Sensitive Groups,33.2,55.5,0.6,1.7,288.0,115.0,,,,,,
2024-01-16T01:00,114,Unhealthy for Sensitive Groups,32.9,55.2,0.5,1.8,290.0,114.0,,,,,,
2024-01-16T02:00,113,Unhealthy for Sensitive Groups,32.8,54.9,0.5,1.9,290.0,113.0,,,,,,
2024-01-16T03:00,112,Unhealthy for Sensitive Groups,32.6,54.6,0.5,1.8,287.0,112.0,,,,,,
2024-01-16T04:00,111,Unhealthy for Sensitive Groups,32.1,53.9,0.4,1.6,282.0,111.0,,,,,,
2024-01-16T05:00,110,Unhealthy for Sensitive Groups,30.2,50.6,0.6,1.3,281.0,107.0,,,,,,
2024-01-16T06:00,109,Unhealthy for Sensitive Groups,29.1,48.9,0.7,1.2,277.0,106.0,,,,,,
2024-01-16T07:00,107,Unhealthy for Sensitive Groups,27.9,46.9,0.9,1.1,271.0,105.0,,,,,,
2024-01-16T08:00,106,Unhealthy for Sensitive Groups,26.8,44.9,1.0,1.1,265.0,105.0,,,,,,
2024-01-16T09:00,104,Unhealthy for Sensitive Groups,25.7,43.2,0.9,1.4,260.0,108.0,,,,,,
2024-01-16T10:00,102,Unhealthy for Sensitive Groups,24.3,41.1,0.7,1.7,255.0,112.0,,,,,,
2024-01-16T11:00,100,Moderate,23.6,39.8,0.5,2.0,251.0,115.0,,,,,,
2024-01-16T12:00,98,Moderate,23.3,39.3,0.5,2.1,249.0,118.0,,,,,,
2024-01-16T13:00,96,Moderate,23.2,39.0,0.5,2.1,248.0,120.0,,,,,,
2024-01-16T14:00,95,Moderate,22.9,38.5,0.5,2.0,245.0,121.0,,,,,,
2024-01-16T15:00,93,Moderate,22.4,37.8,0.5,1.8,239.0,121.0,,,,,,
2024-01-16T16:00,92,Moderate,21.4,36.4,0.6,1.5,232.0,119.0,,,,,,
2024-01-16T17:00,90,Moderate,24.3,41.1,0.8,2.4,253.0,121.0,,,,,,
2024-01-16T18:00,88,Moderate,20.8,36.0,0.7,2.2,245.0,121.0,,,,,,
2024-01-16T19:00,87,Moderate,18.1,32.0,0.6,2.0,233.0,121.0,,,,,,
2024-01-16T20:00,85,Moderate,16.7,29.8,0.6,1.8,225.0,122.0,,,,,,
2024-01-16T21:00,84,Moderate,16.4,29.0,0.7,1.8,223.0,124.0,,,,,,
2024-01-16T22:00,82,Moderate,16.6,29.3,0.8,1.8,224.0,126.0,,,,,,
2024-01-16T23:00,81,Moderate,16.8,29.6,0.9,1.9,223.0,127.0,,,,,,
2024-01-17T00:00,80,Moderate,16.5,29.0,0.9,1.9,218.0,124.0,,,,,,
2024-01-17T01:00,78,Moderate,16.0,28.2,0.9,1.9,212.0,120.0,,,,,,
2024-01-17T02:00,77,Moderate,15.4,27.1,0.9,1.9,208.0,115.0,,,,,,
2024-01-17T03:00,76,Moderate,14.8,26.3,1.0,1.8,208.0,109.0,,,,,,
2024-01-17T04:00,74,Moderate,14.5,25.7,1.2,1.7,210.0,102.0,,,,,,
2024-01-17T05:00,73,Moderate,13.3,24.0,1.4,1.1,199.0,89.0,,,,,,
2024-01-17T06:00,72,Moderate,13.1,23.3,1.7,1.2,202.0,86.0,,,,,,
2024-01-17T07:00,70,Moderate,13.2,23.1,2.0,1.3,206.0,81.0,,,,,,
2024-01-17T08:00,69,Moderate,13.4,23.1,2.1,1.3,207.0,79.0,,,,,,
2024-01-17T09:00,68,Moderate,13.0,22.1,1.8,1.2,202.0,81.0,,,,,,
2024-01-17T10:00,67,Moderate,12.3,20.7,1.2,1.1,193.0,86.0,,,,,,
2024-01-17T11:00,66,Moderate,11.4,19.0,0.8,1.0,186.0,90.0,,,,,,
2024-01-17T12:00,65,Moderate,10.7,18.0,0.6,0.8,181.0,91.0,,,,,,
2024-01-17T13:00,64,Moderate,10.3,17.5,0.5,0.6,177.0,92.0,,,,,,
2024-01-17T14:00,63,Moderate,10.2,17.4,0.5,0.5,174.0,92.0,,,,,,
2024-01-17T15:00,62,Moderate,10.1,17.3,0.6,0.4,172.0,92.0,,,,,,
2024-01-17T16:00,61,Moderate,10.0,17.3,0.7,0.4,171.0,91.0,,,,,,
2024-01-17T17:00,60,Moderate,17.7,29.6,0.9,0.7,175.0,91.0,,,,,,
2024-01-17T18:00,60,Moderate,17.6,29.6,0.9,0.7,175.0,91.0,,,,,,
2024-01-17T19:00,60,Moderate,17.2,29.0,1.0,0.6,174.0,90.0,,,,,,
2024-01-17T20:00,60,Moderate,16.5,27.8,1.0,0.6,173.0,89.0,,,,,,
2024-01-17T21:00,60,Moderate,15.4,26.3,1.0,0.5,172.0,88.0,,,,,,
2024-01-17T22:00,59,Moderate,14.0,24.4,1.0,0.5,171.0,87.0,,,,,,
2024-01-17T23:00,59,Moderate,12.8,22.7,1.0,0.4,170.0,85.0,,,,,,
2024-01-18T00:00,59,Moderate,11.7,21.0,1.0,0.4,169.0,80.0,,,,,,
2024-01-18T01:00,59,Moderate,10.8,19.4,1.0,0.3,169.0,73.0,,,,,,
2024-01-18T02:00,58,Moderate,10.2,18.1,0.9,0.3,168.0,68.0,,,,,,
2024-01-18T03:00,58,Moderate,9.5,16.6,0.7,0.2,166.0,65.0,,,,,,
2024-01-18T04:00,57,Moderate,9.2,16.0,0.6,0.2,163.0,64.0,,,,,,
2024-01-18T05:00,57,Moderate,8.8,15.3,0.6,0.2,166.0,62.0,,,,,,
2024-01-18T06:00,57,Moderate,8.7,15.0,1.1,0.4,172.0,60.0,,,,,,
2024-01-18T07:00,56,Moderate,9.1,15.7,1.7,0.6,181.0,57.0,,,,,,
2024-01-18T08:00,56,Moderate,9.7,16.7,2.0,0.7,187.0,57.0,,,,,,
2024-01-18T09:00,56,Moderate,9.8,16.9,1.8,0.6,188.0,61.0,,,,,,
2024-01-18T10:00,55,Moderate,9.3,15.9,1.2,0.4,187.0,67.0,,,,,,
2024-01-18T11:00,55,Moderate,8.5,14.6,0.8,0.3,184.0,72.0,,,,,,
2024-01-18T12:00,55,Moderate,7.7,13.2,0.6,0.2,180.0,74.0,,,,,,
2024-01-18T13:00,55,Moderate,7.2,12.4,0.5,0.2,176.0,74.0,,,,,,
2024-01-18T14:00,54,Moderate,6.8,11.7,0.4,0.2,172.0,74.0,,,,,,
2024-01-18T15:00,54,Moderate,6.4,11.1,0.4,0.2,169.0,74.0,,,,,,
2024-01-18T16:00,54,Moderate,6.2,10.8,0.5,0.1,168.0,73.0,,,,,,
2024-01-18T17:00,54,Moderate,11.7,20.4,0.8,0.2,173.0,79.0,,,,,,
2024-01-18T18:00,53,Moderate,11.9,20.9,1.0,0.2,175.0,80.0,,,,,,
2024-01-18T19:00,53,Moderate,12.3,21.7,1.2,0.2,177.0,81.0,,,,,,
2024-01-18T20:00,52,Moderate,12.3,21.9,1.4,0.2,179.0,80.0,,,,,,
2024-01-18T21:00,52,Moderate,11.7,20.8,1.5,0.2,180.0,74.0,,,,,,
2024-01-18T22:00,52,Moderate,10.5,18.7,1.6,0.3,181.0,66.0,,,,,,
2024-01-18T23:00,51,Moderate,8.8,15.7,1.6,0.3,181.0,60.0,,,,,,
2024-01-19T00:00,51,Moderate,8.5,15.1,1.6,0.3,181.0,57.0,,,,,,
2024-01-19T01:00,51,Moderate,7.9,14.1,1.6,0.4,181.0,54.0,,,,,,
2024-01-19T02:00,51,Moderate,7.5,13.2,1.6,0.4,181.0,53.0,,,,,,
2024-01-19T03:00,50,Good,7.7,13.6,1.6,0.4,181.0,52.0,,,,,,
2024-01-19T04:00,50,Good,7.5,13.1,1.6,0.5,180.0,51.0,,,,,,
2024-01-19T05:00,50,Good,6.3,10.8,1.4,0.7,172.0,51.0,,,,,,
2024-01-19T06:00,50,Good,6.2,10.5,1.5,0.7,171.0,51.0,,,,,,
2024-01-19T07:00,49,Good,6.4,10.7,1.7,0.7,170.0,52.0,,,,,,
2024-01-19T08:00,48,Good,5.8,9.5,1.7,0.6,170.0,53.0,,,,,,
2024-01-19T09:00,47,Good,5.2,8.3,1.5,0.4,170.0,55.0,,,,,,
2024-01-19T10:00,46,Good,4.5,7.1,1.2,0.2,170.0,58.0,,,,,,
2024-01-19T11:00,45,Good,3.9,6.2,0.9,0.1,172.0,60.0,,,,,,
2024-01-19T12:00,44,Good,3.9,6.1,0.8,0.1,176.0,62.0,,,,,,
2024-01-19T13:00,43,Good,3.9,6.2,0.8,0.1,182.0,63.0,,,,,,
2024-01-19T14:00,43,Good,3.8,5.9,0.8,0.1,188.0,65.0,,,,,,
2024-01-19T15:00,42,Good,3.7,5.8,0.9,0.1,196.0,68.0,,,,,,
2024-01-19T16:00,41,Good,3.8,6.2,1.0,0.1,204.0,72.0,,,,,,
2024-01-19T17:00,41,Good,6.4,10.1,1.4,0.5,195.0,68.0,,,,,,
2024-01-19T18:00,39,Good,6.0,9.7,1.7,0.6,200.0,68.0,,,,,,
2024-01-19T19:00,38,Good,6.2,10.0,2.1,0.8,207.0,68.0,,,,,,
2024-01-19T20:00,37,Good,7.2,12.0,2.4,0.9,212.0,67.0,,,,,,
2024-01-19T21:00,35,Good,8.1,13.7,2.3,0.8,215.0,66.0,,,,,,
2024-01-19T22:00,35,Good,8.6,14.4,2.1,0.6,217.0,64.0,,,,,,
2024-01-19T23:00,34,Good,9.0,14.9,1.8,0.4,217.0,62.0,,,,,,
2024-01-20T00:00,34,Good,9.6,15.9,1.5,0.3,216.0,61.0,,,,,,
2024-01-20T01:00,35,Good,10.2,16.9,1.2,0.2,213.0,60.0,,,,,,
2024-01-20T02:00,35,Good,9.5,15.7,1.0,0.2,211.0,60.0,,,,,,
2024-01-20T03:00,36,Good,8.7,14.4,0.9,0.2,209.0,60.0,,,,,,
2024-01-20T04:00,36,Good,8.5,14.1,0.8,0.2,208.0,59.0,,,,,,
2024-01-20T05:00,36,Good,8.0,13.4,0.5,0.2,203.0,61.0,,,,,,
2024-01-20T06:00,36,Good,8.2,13.8,0.6,0.2,203.0,61.0,,,,,,
2024-01-20T07:00,37,Good,8.5,14.2,0.8,0.2,204.0,61.0,,,,,,
2024-01-20T08:00,37,Good,8.8,14.7,0.9,0.2,204.0,62.0,,,,,,
2024-01-20T09:00,38,Good,8.9,14.9,0.8,0.2,203.0,64.0,,,,,,
2024-01-20T10:00,39,Good,8.9,15.0,0.6,0.2,201.0,68.0,,,,,,
2024-01-20T11:00,40,Good,8.9,15.0,0.5,0.2,200.0,71.0,,,,,,
2024-01-20T12:00,41,Good,9.1,15.5,0.5,0.2,200.0,73.0,,,,,,
2024-01-20T13:00,42,Good,9.3,15.9,0.5,0.2,201.0,76.0,,,,,,
2024-01-20T14:00,43,Good,9.7,16.6,0.5,0.2,203.0,78.0,,,,,,
2024-01-20T15:00,45,Good,10.4,17.8,0.6,0.2,206.0,82.0,,,,,,
2024-01-20T16:00,46,Good,11.1,19.2,0.7,0.2,210.0,86.0,,,,,,
2024-01-20T17:00,48,Good,13.6,23.3,1.0,0.3,220.0,89.0,,,,,,
2024-01-20T18:00,50,Good,14.3,24.6,1.2,0.4,221.0,90.0,,,,,,
2024-01-20T19:00,51,Moderate,14.7,25.4,1.4,0.6,223.0,92.0,,,,,,
2024-01-20T20:00,51,Moderate,14.9,26.0,1.6,0.8,225.0,92.0,,,,,,
2024-01-20T21:00,52,Moderate,15.2,26.4,1.7,1.1,227.0,90.0,,,,,,
2024-01-20T22:00,52,Moderate,15.4,26.7,1.7,1.3,228.0,87.0,,,,,,
2024-01-20T23:00,53,Moderate,15.4,26.7,1.7,1.6,229.0,84.0,,,,,,
2024-01-21T00:00,53,Moderate,15.5,26.7,1.7,1.8,228.0,80.0,,,,,,
2024-01-21T01:00,54,Moderate,15.4,26.4,1.6,2.0,226.0,76.0,,,,,,
2024-01-21T02:00,54,Moderate,15.5,26.5,1.5,2.1,223.0,72.0,,,,,,
2024-01-21T03:00,55,Moderate,15.9,27.1,1.4,2.0,220.0,70.0,,,,,,
2024-01-21T04:00,55,Moderate,16.1,27.6,1.3,1.8,216.0,68.0,,,,,,
2024-01-21T05:00,56,Moderate,13.5,23.2,1.0,0.7,209.0,64.0,,,,,,
2024-01-21T06:00,56,Moderate,13.3,22.9,1.0,0.6,208.0,64.0,,,,,,
2024-01-21T07:00,57,Moderate,12.0,20.8,1.0,0.4,205.0,63.0,,,,,,
2024-01-21T08:00,57,Moderate,10.7,18.3,0.9,0.3,202.0,63.0,,,,,,
2024-01-21T09:00,57,Moderate,9.1,15.5,0.7,0.2,197.0,64.0,,,,,,
2024-01-21T10:00,57,Moderate,7.9,13.5,0.5,0.2,191.0,65.0,,,,,,
2024-01-21T11:00,57,Moderate,7.2,12.4,0.3,0.2,186.0,66.0,,,,,,
2024-01-21T12:00,57,Moderate,6.8,11.8,0.2,0.2,183.0,65.0,,,,,,
2024-01-21T13:00,57,Moderate,6.7,11.8,0.2,0.2,182.0,63.0,,,,,,
2024-01-21T14:00,57,Moderate,6.8,12.0,0.3,0.2,182.0,63.0,,,,,,
2024-01-21T15:00,56,Moderate,7.1,12.6,0.5,0.2,186.0,67.0,,,,,,
2024-01-21T16:00,56,Moderate,7.6,13.6,0.7,0.1,192.0,74.0,,,,,,
2024-01-21T17:00,56,Moderate,10.1,17.7,0.9,0.2,197.0,74.0,,,,,,
2024-01-21T18:00,56,Moderate,9.7,17.1,1.1,0.2,198.0,73.0,,,,,,
2024-01-21T19:00,55,Moderate,9.1,16.1,1.4,0.2,198.0,71.0,,,,,,
2024-01-21T20:00,55,Moderate,8.9,15.7,1.6,0.2,199.0,69.0,,,,,,
2024-01-21T21:00,54,Moderate,9.0,15.7,1.7,0.2,200.0,66.0,,,,,,
2024-01-21T22:00,54,Moderate,9.3,16.2,1.8,0.2,200.0,62.0,,,,,,
2024-01-21T23:00,53,Moderate,9.8,17.1,1.8,0.2,199.0,59.0,,,,,,
2024-01-22T00:00,53,Moderate,10.2,17.7,1.6,0.2,196.0,58.0,,,,,,
2024-01-22T01:00,52,Moderate,10.4,17.9,1.3,0.2,191.0,57.0,,,,,,
2024-01-22T02:00,52,Moderate,10.4,17.9,1.0,0.2,187.0,57.0,,,,,,
2024-01-22T03:00,52,Moderate,10.4,18.0,0.8,0.2,183.0,57.0,,,,,,
2024-01-22T04:00,51,Moderate,10.3,17.8,0.7,0.2,178.0,58.0,,,,,,
2024-01-22T05:00,51,Moderate,9.7,16.5,0.7,0.2,169.0,55.0,,,,,,
2024-01-22T06:00,51,Moderate,9.5,16.1,0.8,0.2,171.0,55.0,,,,,,
2024-01-22T07:00,50,Good,9.5,15.9,0.9,0.2,175.0,55.0,,,,,,
2024-01-22T08:00,50,Good,9.5,15.8,1.0,0.2,178.0,57.0,,,,,,
2024-01-22T09:00,50,Good,9.8,16.2,0.9,0.2,181.0,63.0,,,,,,
2024-01-22T10:00,50,Good,10.4,17.2,0.7,0.1,184.0,71.0,,,,,,
2024-01-22T11:00,50,Good,10.9,18.3,0.6,0.1,186.0,78.0,,,,,,
2024-01-22T12:00,50,Good,11.4,19.1,0.5,0.1,185.0,83.0,,,,,,
2024-01-22T13:00,51,Moderate,11.7,19.8,0.5,0.2,182.0,87.0,,,,,,
2024-01-22T14:00,51,Moderate,12.1,20.5,0.5,0.2,179.0,90.0,,,,,,
2024-01-22T15:00,52,Moderate,12.5,21.2,0.6,0.2,177.0,94.0,,,,,,
2024-01-22T16:00,52,Moderate,12.8,21.8,0.8,0.3,175.0,97.0,,,,,,
2024-01-22T17:00,52,Moderate,14.9,25.2,1.3,0.6,191.0,104.0,,,,,,
2024-01-22T18:00,53,Moderate,13.6,23.6,1.4,0.6,187.0,102.0,,,,,,
2024-01-22T19:00,53,Moderate,12.5,22.1,1.5,0.6,182.0,100.0,,,,,,
2024-01-22T20:00,53,Moderate,11.8,21.1,1.5,0.6,177.0,96.0,,,,,,
2024-01-22T21:00,54,Moderate,11.3,20.4,1.5,0.5,174.0,90.0,,,,,,
2024-01-22T22:00,54,Moderate,11.0,19.6,1.4,0.5,171.0,84.0,,,,,,
2024-01-22T23:00,54,Moderate,10.7,18.8,1.3,0.4,168.0,78.0,,,,,,
2024-01-23T00:00,54,Moderate,10.3,17.9,1.2,0.3,165.0,74.0,,,,,,
2024-01-23T01:00,54,Moderate,10.1,17.5,1.2,0.3,163.0,71.0,,,,,,
2024-01-23T02:00,54,Moderate,10.1,17.3,1.2,0.3,162.0,69.0,,,,,,
2024-01-23T03:00,54,Moderate,10.2,17.5,1.2,0.4,162.0,68.0,,,,,,
2024-01-23T04:00,54,Moderate,10.4,17.9,1.3,0.6,163.0,67.0,,,,,,
2024-01-23T05:00,54,Moderate,10.1,17.3,1.0,0.3,161.0,69.0,,,,,,
2024-01-23T06:00,54,Moderate,10.4,17.9,1.1,0.3,163.0,70.0,,,,,,
2024-01-23T07:00,54,Moderate,10.7,18.6,1.3,0.3,167.0,71.0,,,,,,
2024-01-23T08:00,54,Moderate,11.1,19.3,1.3,0.3,169.0,73.0,,,,,,
2024-01-23T09:00,54,Moderate,11.4,19.8,1.1,0.3,170.0,77.0,,,,,,
2024-01-23T10:00,54,Moderate,11.6,20.1,0.7,0.2,170.0,83.0,,,,,,
2024-01-23T11:00,55,Moderate,11.6,20.1,0.4,0.2,170.0,87.0,,,,,,
2024-01-23T12:00,55,Moderate,11.7,20.3,0.3,0.2,170.0,88.0,,,,,,
2024-01-23T13:00,55,Moderate,11.7,20.2,0.3,0.2,169.0,88.0,,,,,,
2024-01-23T14:00,55,Moderate,11.7,20.1,0.3,0.2,171.0,89.0,,,,,,
2024-01-23T15:00,55,Moderate,11.7,20.1,0.4,0.2,176.0,92.0,,,,,,
2024-01-23T16:00,55,Moderate,11.9,20.6,0.6,0.2,182.0,95.0,,,,,,
2024-01-23T17:00,54,Moderate,7.7,13.6,0.7,0.2,183.0,94.0,,,,,,
2024-01-23T18:00,54,Moderate,8.1,14.3,0.8,0.2,190.0,95.0,,,,,,
2024-01-23T19:00,53,Moderate,8.8,15.5,0.8,0.2,199.0,95.0,,,,,,
2024-01-23T20:00,53,Moderate,9.7,16.9,0.9,0.2,208.0,95.0,,,,,,
2024-01-23T21:00,53,Moderate,10.6,18.2,0.9,0.2,215.0,93.0,,,,,,
2024-01-23T22:00,53,Moderate,11.4,19.3,0.9,0.2,220.0,90.0,,,,,,
2024-01-23T23:00,53,Moderate,11.9,20.0,0.9,0.2,223.0,88.0,,,,,,
2024-01-24T00:00,53,Moderate,12.0,20.3,0.8,0.2,222.0,86.0,,,,,,
2024-01-24T01:00,53,Moderate,12.0,20.4,0.6,0.2,218.0,85.0,,,,,,
2024-01-24T02:00,53,Moderate,12.2,20.7,0.4,0.2,214.0,85.0,,,,,,
2024-01-24T03:00,54,Moderate,12.5,21.3,0.3,0.2,210.0,86.0,,,,,,
2024-01-24T04:00,54,Moderate,13.0,22.2,0.2,0.2,206.0,87.0,,,,,,
2024-01-24T05:00,54,Moderate,13.1,22.3,0.2,0.1,197.0,85.0,,,,,,
2024-01-24T06:00,54,Moderate,13.6,23.2,0.2,0.1,196.0,86.0,,,,,,
2024-01-24T07:00,54,Moderate,14.1,24.0,0.3,0.2,196.0,87.0,,,,,,
2024-01-24T08:00,55,Moderate,14.5,24.7,0.3,0.2,195.0,88.0,,,,,,
2024-01-24T09:00,55,Moderate,14.8,25.1,0.3,0.2,195.0,89.0,,,,,,
2024-01-24T10:00,55,Moderate,15.1,25.6,0.2,0.2,194.0,90.0,,,,,,
2024-01-24T11:00,55,Moderate,15.4,26.0,0.2,0.2,194.0,91.0,,,,,,
2024-01-24T12:00,56,Moderate,15.6,26.4,0.2,0.2,194.0,91.0,,,,,,
2024-01-24T13:00,56,Moderate,15.8,26.8,0.2,0.2,194.0,91.0,,,,,,
2024-01-24T14:00,56,Moderate,16.0,27.1,0.3,0.2,194.0,91.0,,,,,,
2024-01-24T15:00,57,Moderate,16.1,27.4,0.4,0.2,194.0,92.0,,,,,,
2024-01-24T16:00,57,Moderate,16.4,27.6,0.5,0.2,195.0,92.0,,,,,,
2024-01-24T17:00,57,Moderate,18.0,30.4,0.7,0.2,193.0,91.0,,,,,,
2024-01-24T18:00,58,Moderate,17.8,30.2,0.7,0.2,195.0,92.0,,,,,,
2024-01-24T19:00,59,Moderate,17.7,29.9,0.7,0.3,197.0,93.0,,,,,,
2024-01-24T20:00,60,Moderate,17.8,29.9,0.8,0.3,201.0,94.0,,,,,,
2024-01-24T21:00,60,Moderate,17.9,30.2,0.9,0.3,207.0,95.0,,,,,,
2024-01-24T22:00,61,Moderate,18.0,30.3,1.1,0.3,215.0,95.0,,,,,,
2024-01-24T23:00,61,Moderate,17.9,30.0,1.2,0.3,220.0,95.0,,,,,,
2024-01-25T00:00,62,Moderate,17.5,29.2,1.1,0.3,222.0,93.0,,,,,,
2024-01-25T01:00,62,Moderate,16.9,28.3,0.9,0.3,222.0,90.0,,,,,,
2024-01-25T02:00,63,Moderate,16.2,27.3,0.7,0.3,220.0,87.0,,,,,,
2024-01-25T03:00,63,Moderate,15.6,26.2,0.5,0.3,214.0,86.0,,,,,,
2024-01-25T04:00,63,Moderate,15.2,25.6,0.3,0.2,206.0,85.0,,,,,,
2024-01-25T05:00,63,Moderate,15.6,26.4,0.3,0.2,206.0,84.0,,,,,,
2024-01-25T06:00,64,Moderate,15.7,26.4,0.3,0.2,203.0,84.0,,,,,,
2024-01-25T07:00,64,Moderate,15.8,26.7,0.3,0.2,199.0,85.0,,,,,,
2024-01-25T08:00,64,Moderate,16.0,27.1,0.3,0.2,196.0,85.0,,,,,,
2024-01-25T09:00,64,Moderate,16.2,27.5,0.3,0.2,195.0,85.0,,,,,,
2024-01-25T10:00,64,Moderate,16.2,27.6,0.2,0.2,195.0,85.0,,,,,,
2024-01-25T11:00,64,Moderate,16.2,27.6,0.2,0.2,196.0,84.0,,,,,,
2024-01-25T12:00,64,Moderate,16.3,27.7,0.2,0.2,197.0,83.0,,,,,,
2024-01-25T13:00,64,Moderate,16.6,28.3,0.2,0.2,198.0,82.0,,,,,,
2024-01-25T14:00,64,Moderate,16.4,27.8,0.2,0.2,199.0,81.0,,,,,,
2024-01-25T15:00,64,Moderate,16.1,27.2,0.3,0.2,201.0,81.0,,,,,,
2024-01-25T16:00,64,Moderate,15.7,26.5,0.4,0.2,203.0,82.0,,,,,,
2024-01-25T17:00,64,Moderate,13.9,23.5,0.7,0.3,191.0,83.0,,,,,,
2024-01-25T18:00,64,Moderate,13.9,23.5,0.9,0.3,196.0,86.0,,,,,,
2024-01-25T19:00,64,Moderate,13.9,23.6,1.1,0.3,204.0,90.0,,,,,,
2024-01-25T20:00,63,Moderate,13.7,23.5,1.2,0.3,209.0,93.0,,,,,,
2024-01-25T21:00,63,Moderate,13.1,22.5,1.2,0.3,210.0,92.0,,,,,,
2024-01-25T22:00,63,Moderate,12.4,21.4,1.0,0.2,209.0,90.0,,,,,,
2024-01-25T23:00,62,Moderate,12.3,21.0,0.9,0.2,209.0,88.0,,,,,,
2024-01-26T00:00,62,Moderate,12.4,21.2,0.8,0.2,210.0,87.0,,,,,,
2024-01-26T01:00,62,Moderate,12.4,21.2,0.8,0.2,211.0,85.0,,,,,,
2024-01-26T02:00,61,Moderate,12.3,21.2,0.7,0.2,212.0,84.0,,,,,,
2024-01-26T03:00,61,Moderate,12.1,20.9,0.6,0.2,213.0,83.0,,,,,,
2024-01-26T04:00,61,Moderate,12.0,20.6,0.6,0.2,215.0,82.0,,,,,,
2024-01-26T05:00,60,Moderate,12.3,21.1,0.9,0.2,218.0,76.0,,,,,,
2024-01-26T06:00,60,Moderate,12.6,21.5,1.2,0.4,224.0,74.0,,,,,,
2024-01-26T07:00,60,Moderate,12.9,21.9,1.5,0.6,231.0,72.0,,,,,,
2024-01-26T08:00,60,Moderate,13.4,22.9,1.7,0.7,237.0,72.0,,,,,,
2024-01-26T09:00,59,Moderate,14.1,24.2,1.5,0.7,239.0,77.0,,,,,,
2024-01-26T10:00,59,Moderate,14.0,24.2,1.0,0.7,239.0,86.0,,,,,,
2024-01-26T11:00,59,Moderate,13.2,22.8,0.7,0.6,239.0,92.0,,,,,,
2024-01-26T12:00,59,Moderate,12.7,21.8,0.5,0.5,239.0,95.0,,,,,,
2024-01-26T13:00,59,Moderate,12.2,20.8,0.4,0.4,238.0,96.0,,,,,,
2024-01-26T14:00,58,Moderate,11.8,20.1,0.4,0.3,237.0,97.0,,,,,,
2024-01-26T15:00,58,Moderate,11.6,19.9,0.5,0.2,236.0,97.0,,,,,,
2024-01-26T16:00,57,Moderate,11.9,20.2,0.6,0.2,236.0,96.0,,,,,,
2024-01-26T17:00,57,Moderate,12.2,20.9,0.9,0.5,241.0,99.0,,,,,,
2024-01-26T18:00,57,Moderate,13.5,23.1,1.0,0.4,243.0,97.0,,,,,,
2024-01-26T19:00,57,Moderate,15.4,26.3,1.0,0.4,245.0,93.0,,,,,,
2024-01-26T20:00,57,Moderate,16.9,28.6,1.1,0.3,246.0,89.0,,,,,,
2024-01-26T21:00,57,Moderate,17.2,28.9,1.1,0.3,244.0,84.0,,,,,,
2024-01-26T22:00,58,Moderate,17.1,28.6,1.2,0.3,241.0,80.0,,,,,,
2024-01-26T23:00,58,Moderate,17.0,28.4,1.2,0.3,238.0,76.0,,,,,,
2024-01-27T00:00,58,Moderate,17.0,28.3,1.2,0.3,235.0,75.0,,,,,,
2024-01-27T01:00,59,Moderate,17.1,28.5,1.2,0.4,233.0,74.0,,,,,,
2024-01-27T02:00,59,Moderate,17.2,28.8,1.2,0.5,232.0,74.0,,,,,,
2024-01-27T03:00,60,Moderate,17.3,29.2,1.3,0.7,233.0,73.0,,,,,,
2024-01-27T04:00,60,Moderate,17.5,29.6,1.5,1.1,235.0,71.0,,,,,,
2024-01-27T05:00,60,Moderate,17.1,28.8,1.3,0.7,228.0,74.0,,,,,,
2024-01-27T06:00,61,Moderate,17.3,29.5,1.6,1.1,234.0,72.0,,,,,,
2024-01-27T07:00,61,Moderate,17.9,30.5,2.0,1.7,242.0,69.0,,,,,,
2024-01-27T08:00,62,Moderate,18.3,31.1,2.2,2.0,245.0,70.0,,,,,,
2024-01-27T09:00,62,Moderate,18.5,31.3,1.8,1.8,240.0,76.0,,,,,,
2024-01-27T10:00,62,Moderate,17.9,30.4,1.2,1.3,230.0,86.0,,,,,,
2024-01-27T11:00,63,Moderate,16.6,28.3,0.7,0.9,220.0,93.0,,,,,,
2024-01-27T12:00,63,Moderate,15.3,26.2,0.5,0.6,210.0,95.0,,,,,,
2024-01-27T13:00,63,Moderate,14.1,24.3,0.4,0.5,200.0,96.0,,,,,,
2024-01-27T14:00,63,Moderate,12.7,22.1,0.4,0.3,191.0,95.0,,,,,,
2024-01-27T15:00,63,Moderate,11.6,20.3,0.4,0.2,184.0,94.0,,,,,,
2024-01-27T16:00,63,Moderate,10.8,18.7,0.6,0.1,179.0,92.0,,,,,,
2024-01-27T17:00,63,Moderate,12.8,22.2,0.8,0.2,188.0,96.0,,,,,,
2024-01-27T18:00,63,Moderate,11.8,20.4,1.0,0.2,189.0,95.0,,,,,,
2024-01-27T19:00,63,Moderate,11.3,19.6,1.2,0.3,190.0,94.0,,,,,,
2024-01-27T20:00,63,Moderate,11.5,19.9,1.4,0.4,192.0,92.0,,,,,,
2024-01-27T21:00,62,Moderate,12.1,21.0,1.6,0.5,195.0,89.0,,,,,,
2024-01-27T22:00,62,Moderate,13.0,22.4,1.8,0.7,199.0,86.0,,,,,,
2024-01-27T23:00,62,Moderate,13.7,23.5,1.9,0.9,203.0,83.0,,,,,,
2024-01-28T00:00,61,Moderate,14.2,24.2,2.0,1.2,206.0,79.0,,,,,,
2024-01-28T01:00,61,Moderate,14.6,25.1,2.1,1.4,209.0,76.0,,,,,,
2024-01-28T02:00,61,Moderate,15.2,26.1,2.1,1.7,212.0,73.0,,,,,,
2024-01-28T03:00,61,Moderate,15.9,27.4,2.1,1.9,214.0,71.0,,,,,,
2024-01-28T04:00,61,Moderate,16.7,28.9,2.1,2.1,217.0,71.0,,,,,,
2024-01-28T05:00,61,Moderate,17.1,29.5,2.1,2.1,220.0,70.0,,,,,,
2024-01-28T06:00,61,Moderate,17.9,30.9,2.3,2.6,225.0,69.0,,,,,,
2024-01-28T07:00,61,Moderate,18.7,32.2,2.7,3.2,231.0,68.0,,,,,,
2024-01-28T08:00,61,Moderate,19.5,33.4,2.7,3.4,234.0,70.0,,,,,,
2024-01-28T09:00,61,Moderate,20.3,34.7,2.2,3.0,233.0,77.0,,,,,,
2024-01-28T10:00,61,Moderate,20.2,34.6,1.5,2.2,229.0,88.0,,,,,,
2024-01-28T11:00,61,Moderate,19.7,33.6,0.9,1.5,224.0,96.0,,,,,,
2024-01-28T12:00,61,Moderate,19.0,32.6,0.6,1.1,219.0,100.0,,,,,,
2024-01-28T13:00,62,Moderate,18.5,31.8,0.5,0.8,213.0,103.0,,,,,,
2024-01-28T14:00,62,Moderate,17.8,30.7,0.5,0.6,208.0,104.0,,,,,,
2024-01-28T15:00,62,Moderate,17.3,30.0,0.6,0.4,205.0,103.0,,,,,,
2024-01-28T16:00,63,Moderate,17.6,30.5,0.7,0.4,203.0,101.0,,,,,,
2024-01-28T17:00,63,Moderate,17.9,31.0,0.9,0.5,209.0,100.0,,,,,,
2024-01-28T18:00,64,Moderate,17.6,30.4,1.0,0.4,213.0,99.0,,,,,,
2024-01-28T19:00,64,Moderate,17.9,30.6,1.0,0.4,218.0,98.0,,,,,,
2024-01-28T20:00,65,Moderate,18.9,31.9,1.1,0.3,225.0,96.0,,,,,,
2024-01-28T21:00,65,Moderate,20.4,34.2,1.1,0.3,234.0,94.0,,,,,,
2024-01-28T22:00,66,Moderate,22.1,36.8,1.1,0.3,245.0,92.0,,,,,,
2024-01-28T23:00,67,Moderate,23.3,38.9,1.1,0.4,256.0,90.0,,,,,,
2024-01-29T00:00,67,Moderate,23.9,39.7,1.1,0.5,268.0,90.0,,,,,,
2024-01-29T01:00,68,Moderate,24.2,40.0,1.1,0.6,280.0,91.0,,,,,,
2024-01-29T02:00,69,Moderate,24.5,40.6,1.1,0.7,291.0,91.0,,,,,,
2024-01-29T03:00,70,Moderate,25.1,41.7,1.1,0.9,300.0,90.0,,,,,,
2024-01-29T04:00,70,Moderate,25.9,43.2,1.2,1.1,309.0,90.0,,,,,,
2024-01-29T05:00,71,Moderate,26.0,43.5,1.5,1.7,306.0,85.0,,,,,,
2024-01-29T06:00,72,Moderate,27.3,46.0,1.7,2.5,313.0,85.0,,,,,,
2024-01-29T07:00,73,Moderate,28.4,48.0,2.0,3.6,322.0,86.0,,,,,,
2024-01-29T08:00,73,Moderate,29.2,49.0,2.1,4.2,327.0,90.0,,,,,,
2024-01-29T09:00,74,Moderate,29.5,49.0,1.8,3.9,325.0,99.0,,,,,,
2024-01-29T10:00,75,Moderate,29.6,48.9,1.2,3.1,319.0,111.0,,,,,,
2024-01-29T11:00,76,Moderate,29.1,48.0,0.8,2.4,312.0,121.0,,,,,,
2024-01-29T12:00,76,Moderate,28.3,46.8,0.6,2.0,305.0,125.0,,,,,,
2024-01-29T13:00,77,Moderate,27.2,45.2,0.6,1.7,296.0,127.0,,,,,,
2024-01-29T14:00,78,Moderate,26.4,44.5,0.6,1.5,288.0,128.0,,,,,,
2024-01-29T15:00,78,Moderate,25.8,44.2,0.7,1.3,281.0,128.0,,,,,,
2024-01-29T16:00,79,Moderate,25.1,43.8,0.8,1.2,274.0,127.0,,,,,,
2024-01-29T17:00,80,Moderate,25.3,43.7,1.0,1.3,275.0,124.0,,,,,,
2024-01-29T18:00,80,Moderate,23.9,41.9,1.1,1.4,272.0,125.0,,,,,,
2024-01-29T19:00,81,Moderate,22.9,41.0,1.1,1.5,267.0,125.0,,,,,,
2024-01-29T20:00,81,Moderate,21.5,39.2,1.2,1.6,260.0,124.0,,,,,,
2024-01-29T21:00,81,Moderate,20.0,36.4,1.2,1.5,251.0,119.0,,,,,,
2024-01-29T22:00,81,Moderate,18.7,34.1,1.1,1.4,240.0,111.0,,,,,,
2024-01-29T23:00,81,Moderate,17.9,32.6,1.1,1.4,231.0,105.0,,,,,,
2024-01-30T00:00,81,Moderate,17.5,31.7,1.1,1.5,227.0,101.0,,,,,,
2024-01-30T01:00,80,Moderate,17.1,31.0,1.1,1.6,225.0,99.0,,,,,,
2024-01-30T02:00,80,Moderate,16.8,30.4,1.2,1.8,224.0,96.0,,,,,,
2024-01-30T03:00,79,Moderate,16.4,29.7,1.3,2.0,224.0,93.0,,,,,,
2024-01-30T04:00,78,Moderate,16.4,29.6,1.4,2.4,226.0,90.0,,,,,,
2024-01-30T05:00,78,Moderate,16.2,29.6,1.6,3.1,230.0,88.0,,,,,,
2024-01-30T06:00,77,Moderate,16.6,30.4,2.0,4.2,235.0,86.0,,,,,,
2024-01-30T07:00,76,Moderate,17.3,31.7,2.6,5.7,241.0,84.0,,,,,,
2024-01-30T08:00,75,Moderate,18.3,33.5,2.8,6.8,246.0,85.0,,,,,,
2024-01-30T09:00,74,Moderate,19.5,35.5,2.5,7.2,247.0,93.0,,,,,,
2024-01-30T10:00,73,Moderate,20.5,37.1,1.8,7.1,246.0,105.0,,,,,,
2024-01-30T11:00,73,Moderate,20.7,37.0,1.3,6.7,243.0,114.0,,,,,,
2024-01-30T12:00,72,Moderate,20.6,36.8,1.0,5.8,237.0,119.0,,,,,,
2024-01-30T13:00,71,Moderate,20.1,36.0,0.8,4.6,229.0,121.0,,,,,,
2024-01-30T14:00,71,Moderate,19.8,35.4,0.7,3.6,224.0,123.0,,,,,,
2024-01-30T15:00,70,Moderate,20.0,35.9,0.8,3.0,223.0,125.0,,,,,,
2024-01-30T16:00,70,Moderate,20.3,36.8,1.0,2.7,225.0,126.0,,,,,,
2024-01-30T17:00,70,Moderate,22.5,40.9,1.4,3.3,218.0,133.0,,,,,,
2024-01-30T18:00,72,Moderate,22.8,42.0,1.3,3.0,221.0,133.0,,,,,,
2024-01-30T19:00,78,Moderate,22.4,41.7,1.2,2.5,224.0,132.0,,,,,,
2024-01-30T20:00,82,Moderate,21.1,39.3,1.1,2.0,223.0,128.0,,,,,,
2024-01-30T21:00,84,Moderate,18.8,35.0,1.1,1.4,215.0,116.0,,,,,,
2024-01-30T22:00,83,Moderate,16.4,30.4,1.1,0.8,204.0,101.0,,,,,,
2024-01-30T23:00,78,Moderate,14.4,26.4,1.1,0.3,194.0,88.0,,,,,,
2024-01-31T00:00,70,Moderate,12.8,23.3,1.1,0.2,187.0,81.0,,,,,,
2024-01-31T01:00,68,Moderate,11.7,21.1,1.0,0.2,182.0,78.0,,,,,,
2024-01-31T02:00,68,Moderate,11.2,20.0,1.0,0.3,179.0,75.0,,,,,,
2024-01-31T03:00,67,Moderate,11.0,19.7,1.0,0.3,179.0,72.0,,,,,,
2024-01-31T04:00,67,Moderate,11.2,19.9,1.1,0.3,182.0,71.0,,,,,,
2024-01-31T05:00,67,Moderate,11.6,20.5,1.4,0.4,185.0,69.0,,,,,,
2024-01-31T06:00,66,Moderate,11.8,21.0,1.8,0.7,192.0,67.0,,,,,,
2024-01-31T07:00,66,Moderate,12.2,21.7,2.3,1.1,202.0,64.0,,,,,,
2024-01-31T08:00,65,Moderate,12.7,22.6,2.5,1.4,210.0,65.0,,,,,,
2024-01-31T09:00,65,Moderate,13.3,23.7,2.2,1.5,215.0,72.0,,,,,,
2024-01-31T10:00,64,Moderate,13.8,24.6,1.5,1.6,218.0,82.0,,,,,,
2024-01-31T11:00,64,Moderate,14.1,24.9,1.0,1.5,219.0,90.0,,,,,,
2024-01-31T12:00,63,Moderate,14.3,25.3,0.7,1.3,218.0,93.0,,,,,,
2024-01-31T13:00,63,Moderate,14.9,26.4,0.6,1.0,215.0,94.0,,,,,,
2024-01-31T14:00,63,Moderate,15.0,26.8,0.5,0.8,212.0,94.0,,,,,,
2024-01-31T15:00,62,Moderate,14.8,26.4,0.5,0.7,210.0,93.0,,,,,,
2024-01-31T16:00,62,Moderate,14.2,25.4,0.7,0.6,208.0,92.0,,,,,,
2024-01-31T17:00,61,Moderate,17.2,29.7,1.1,1.0,218.0,84.0,,,,,,
2024-01-31T18:00,61,Moderate,15.9,27.6,1.0,0.9,212.0,85.0,,,,,,
2024-01-31T19:00,60,Moderate,14.4,25.0,0.9,0.8,204.0,86.0,,,,,,
2024-01-31T20:00,60,Moderate,12.7,22.2,0.9,0.7,198.0,85.0,,,,,,
2024-01-31T21:00,59,Moderate,11.0,19.5,1.0,0.6,197.0,82.0,,,,,,
2024-01-31T22:00,58,Moderate,9.3,16.6,1.2,0.6,198.0,78.0,,,,,,
2024-01-31T23:00,58,Moderate,7.7,14.0,1.3,0.5,200.0,73.0,,,,,,
2024-02-01T00:00,57,Moderate,6.5,11.9,1.4,0.4,204.0,66.0,,,,,,
2024-02-01T01:00,57,Moderate,5.8,10.6,1.4,0.4,209.0,58.0,,,,,,
2024-02-01T02:00,56,Moderate,5.4,9.8,1.4,0.3,212.0,52.0,,,,,,
2024-02-01T03:00,56,Moderate,5.3,9.4,1.4,0.3,211.0,49.0,,,,,,
2024-02-01T04:00,55,Moderate,5.5,9.7,1.4,0.2,208.0,48.0,,,,,,
2024-02-01T05:00,55,Moderate,4.6,7.8,1.9,0.5,218.0,49.0,,,,,,
2024-02-01T06:00,54,Moderate,4.9,8.1,2.1,0.8,222.0,48.0,,,,,,
2024-02-01T07:00,54,Moderate,5.7,9.2,2.4,1.1,226.0,48.0,,,,,,
2024-02-01T08:00,53,Moderate,5.9,9.5,2.5,1.3,228.0,50.0,,,,,,
2024-02-01T09:00,53,Moderate,5.7,9.1,2.1,1.1,224.0,57.0,,,,,,
2024-02-01T10:00,52,Moderate,6.0,10.0,1.4,0.8,218.0,66.0,,,,,,
2024-02-01T11:00,52,Moderate,6.7,11.2,0.9,0.5,211.0,73.0,,,,,,
2024-02-01T12:00,51,Moderate,7.0,11.9,0.7,0.4,206.0,75.0,,,,,,
2024-02-01T13:00,50,Good,6.8,11.8,0.5,0.3,200.0,75.0,,,,,,
2024-02-01T14:00,50,Good,5.8,10.2,0.5,0.2,195.0,73.0,,,,,,
2024-02-01T15:00,47,Good,4.4,8.0,0.5,0.1,189.0,69.0,,,,,,
2024-02-01T16:00,45,Good,3.6,6.3,0.6,0.1,184.0,63.0,,,,,,
2024-02-01T17:00,43,Good,7.4,12.8,0.9,0.2,186.0,70.0,,,,,,
2024-02-01T18:00,40,Good,5.1,9.1,1.0,0.2,186.0,71.0,,,,,,
2024-02-01T19:00,38,Good,4.7,8.5,1.1,0.3,187.0,72.0,,,,,,
2024-02-01T20:00,36,Good,4.7,8.7,1.3,0.3,189.0,72.0,,,,,,
2024-02-01T21:00,34,Good,5.0,9.2,1.5,0.3,193.0,71.0,,,,,,
2024-02-01T22:00,33,Good,4.9,9.1,1.8,0.2,199.0,70.0,,,,,,
2024-02-01T23:00,32,Good,4.5,8.4,1.9,0.2,203.0,67.0,,,,,,
2024-02-02T00:00,32,Good,4.0,7.4,1.9,0.2,206.0,61.0,,,,,,
2024-02-02T01:00,32,Good,3.4,6.3,1.8,0.2,208.0,54.0,,,,,,
2024-02-02T02:00,31,Good,3.1,5.7,1.7,0.2,207.0,48.0,,,,,,
2024-02-02T03:00,30,Good,3.0,5.4,1.5,0.2,202.0,45.0,,,,,,
2024-02-02T04:00,28,Good,3.0,5.3,1.2,0.2,195.0,44.0,,,,,,
2024-02-02T05:00,28,Good,2.9,5.0,0.9,0.2,180.0,41.0,,,,,,
2024-02-02T06:00,27,Good,2.8,4.9,0.9,0.2,177.0,41.0,,,,,,
2024-02-02T07:00,27,Good,2.9,5.0,0.8,0.2,172.0,42.0,,,,,,
2024-02-02T08:00,26,Good,2.9,4.9,0.7,0.2,169.0,43.0,,,,,,
2024-02-02T09:00,26,Good,2.8,4.7,0.6,0.2,168.0,46.0,,,,,,
2024-02-02T10:00,25,Good,2.8,4.7,0.4,0.2,168.0,49.0,,,,,,
2024-02-02T11:00,24,Good,2.8,4.8,0.3,0.2,168.0,51.0,,,,,,
2024-02-02T12:00,23,Good,2.9,4.8,0.3,0.2,167.0,51.0,,,,,,
2024-02-02T13:00,22,Good,2.8,4.7,0.3,0.2,167.0,50.0,,,,,,
2024-02-02T14:00,22,Good,2.7,4.6,0.3,0.2,167.0,49.0,,,,,,
2024-02-02T15:00,22,Good,2.8,4.8,0.4,0.2,167.0,47.0,,,,,,
2024-02-02T16:00,22,Good,2.9,5.0,0.5,0.1,168.0,45.0,,,,,,
2024-02-02T17:00,22,Good,5.4,9.6,0.9,0.2,190.0,58.0,,,,,,
2024-02-02T18:00,23,Good,5.9,10.5,1.0,0.2,196.0,61.0,,,,,,
2024-02-02T19:00,24,Good,6.8,12.0,1.2,0.2,204.0,65.0,,,,,,
2024-02-02T20:00,25,Good,7.2,13.0,1.3,0.2,211.0,68.0,,,,,,
2024-02-02T21:00,26,Good,7.7,13.7,1.4,0.2,214.0,67.0,,,,,,
2024-02-02T22:00,27,Good,8.7,15.5,1.6,0.2,216.0,65.0,,,,,,
2024-02-02T23:00,28,Good,10.3,17.9,1.6,0.2,216.0,62.0,,,,,,
2024-02-03T00:00,28,Good,11.6,20.0,1.4,0.2,213.0,60.0,,,,,,
2024-02-03T01:00,29,Good,12.5,21.2,1.1,0.2,209.0,57.0,,,,,,
2024-02-03T02:00,29,Good,12.9,21.8,0.9,0.2,204.0,55.0,,,,,,
2024-02-03T03:00,30,Good,13.0,21.9,0.7,0.2,199.0,54.0,,,,,,
2024-02-03T04:00,32,Good,12.9,21.5,0.6,0.2,193.0,54.0,,,,,,
2024-02-03T05:00,34,Good,12.2,20.4,0.4,0.2,178.0,50.0,,,,,,
2024-02-03T06:00,37,Good,11.7,19.4,0.5,0.2,178.0,50.0,,,,,,
2024-02-03T07:00,39,Good,11.3,18.5,0.6,0.2,178.0,51.0,,,,,,
2024-02-03T08:00,41,Good,11.2,18.2,0.6,0.2,178.0,52.0,,,,,,
2024-02-03T09:00,43,Good,11.4,18.5,0.5,0.2,178.0,55.0,,,,,,
2024-02-03T10:00,45,Good,11.8,19.0,0.4,0.2,177.0,60.0,,,,,,
2024-02-03T11:00,47,Good,12.3,20.0,0.3,0.2,177.0,63.0,,,,,,
2024-02-03T12:00,49,Good,12.8,21.0,0.3,0.2,177.0,64.0,,,,,,
2024-02-03T13:00,50,Good,13.2,21.8,0.3,0.3,176.0,65.0,,,,,,
2024-02-03T14:00,51,Moderate,13.4,22.4,0.3,0.3,177.0,66.0,,,,,,
2024-02-03T15:00,52,Moderate,13.9,23.2,0.4,0.3,179.0,69.0,,,,,,
2024-02-03T16:00,53,Moderate,14.2,24.0,0.6,0.2,182.0,73.0,,,,,,
2024-02-03T17:00,54,Moderate,13.8,23.5,0.9,0.3,187.0,74.0,,,,,,
2024-02-03T18:00,54,Moderate,14.1,24.0,1.0,0.3,187.0,74.0,,,,,,
2024-02-03T19:00,55,Moderate,13.8,23.5,1.0,0.3,187.0,74.0,,,,,,
2024-02-03T20:00,56,Moderate,13.2,22.6,1.1,0.3,187.0,73.0,,,,,,
2024-02-03T21:00,56,Moderate,12.8,21.7,1.1,0.3,188.0,70.0,,,,,,
2024-02-03T22:00,57,Moderate,12.7,21.4,1.1,0.2,188.0,67.0,,,,,,
2024-02-03T23:00,57,Moderate,12.8,21.3,1.1,0.2,188.0,64.0,,,,,,
2024-02-04T00:00,57,Moderate,12.7,21.1,1.0,0.2,185.0,63.0,,,,,,
2024-02-04T01:00,57,Moderate,12.3,20.7,1.0,0.2,181.0,64.0,,,,,,
2024-02-04T02:00,57,Moderate,12.0,20.3,0.9,0.2,178.0,64.0,,,,,,
2024-02-04T03:00,57,Moderate,11.9,20.1,0.8,0.2,175.0,64.0,,,,,,
2024-02-04T04:00,57,Moderate,12.0,20.3,0.8,0.1,173.0,64.0,,,,,,
2024-02-04T05:00,57,Moderate,11.7,19.8,1.0,0.2,174.0,62.0,,,,,,
2024-02-04T06:00,57,Moderate,12.2,20.5,1.2,0.4,177.0,61.0,,,,,,
2024-02-04T07:00,57,Moderate,12.6,21.0,1.6,0.6,181.0,60.0,,,,,,
2024-02-04T08:00,57,Moderate,12.7,20.8,1.7,0.8,183.0,61.0,,,,,,
2024-02-04T09:00,57,Moderate,12.1,20.0,1.5,0.8,182.0,66.0,,,,,,
2024-02-04T10:00,57,Moderate,11.6,19.4,1.0,0.6,178.0,74.0,,,,,,
2024-02-04T11:00,57,Moderate,11.1,18.7,0.7,0.5,175.0,81.0,,,,,,
2024-02-04T12:00,57,Moderate,10.7,18.1,0.6,0.5,172.0,85.0,,,,,,
2024-02-04T13:00,57,Moderate,10.2,17.6,0.5,0.5,169.0,88.0,,,,,,
2024-02-04T14:00,57,Moderate,10.0,17.4,0.5,0.5,167.0,91.0,,,,,,
2024-02-04T15:00,56,Moderate,9.9,17.5,0.6,0.5,166.0,93.0,,,,,,
2024-02-04T16:00,56,Moderate,9.8,17.6,0.8,0.5,165.0,95.0,,,,,,
2024-02-04T17:00,56,Moderate,8.6,15.8,1.1,0.8,162.0,100.0,,,,,,
2024-02-04T18:00,55,Moderate,8.8,16.4,1.1,0.8,158.0,96.0,,,,,,
2024-02-04T19:00,55,Moderate,8.4,16.1,1.2,0.7,154.0,91.0,,,,,,
2024-02-04T20:00,54,Moderate,7.9,15.0,1.2,0.6,150.0,85.0,,,,,,
2024-02-04T21:00,54,Moderate,7.2,13.5,1.2,0.5,149.0,77.0,,,,,,
2024-02-04T22:00,54,Moderate,6.9,12.6,1.3,0.3,149.0,68.0,,,,,,
2024-02-04T23:00,53,Moderate,6.7,12.1,1.3,0.2,149.0,62.0,,,,,,
2024-02-05T00:00,53,Moderate,6.7,12.0,1.2,0.2,149.0,60.0,,,,,,
2024-02-05T01:00,52,Moderate,6.8,12.1,1.1,0.2,149.0,61.0,,,,,,
2024-02-05T02:00,52,Moderate,6.9,12.3,1.1,0.2,150.0,61.0,,,,,,
2024-02-05T03:00,51,Moderate,7.0,12.4,1.2,0.3,151.0,60.0,,,,,,
2024-02-05T04:00,51,Moderate,7.0,12.4,1.4,0.4,152.0,60.0,,,,,,
2024-02-05T05:00,51,Moderate,7.1,12.4,2.2,0.9,153.0,55.0,,,,,,
2024-02-05T06:00,50,Good,7.2,12.5,2.4,1.3,156.0,54.0,,,,,,
2024-02-05T07:00,50,Good,7.2,12.5,2.8,1.8,160.0,53.0,,,,,,
2024-02-05T08:00,48,Good,7.3,12.6,2.8,2.1,163.0,55.0,,,,,,
2024-02-05T09:00,47,Good,7.4,12.7,2.3,2.0,163.0,62.0,,,,,,
2024-02-05T10:00,46,Good,7.3,12.6,1.5,1.6,161.0,72.0,,,,,,
2024-02-05T11:00,45,Good,7.0,12.4,0.9,1.3,158.0,80.0,,,,,,
2024-02-05T12:00,44,Good,6.7,12.2,0.6,1.0,154.0,83.0,,,,,,
2024-02-05T13:00,43,Good,6.4,12.0,0.5,0.6,149.0,84.0,,,,,,
2024-02-05T14:00,42,Good,6.4,12.0,0.4,0.4,146.0,84.0,,,,,,
2024-02-05T15:00,41,Good,6.7,12.6,0.4,0.3,145.0,85.0,,,,,,
2024-02-05T16:00,41,Good,7.2,13.8,0.6,0.3,145.0,85.0,,,,,,
2024-02-05T17:00,40,Good,8.6,16.5,0.9,0.5,142.0,87.0,,,,,,
2024-02-05T18:00,40,Good,10.0,18.8,1.0,0.5,142.0,87.0,,,,,,
2024-02-05T19:00,40,Good,10.6,19.8,1.0,0.5,142.0,87.0,,,,,,
2024-02-05T20:00,41,Good,11.0,20.3,1.1,0.5,142.0,85.0,,,,,,
2024-02-05T21:00,42,Good,11.3,20.5,1.1,0.4,141.0,81.0,,,,,,
2024-02-05T22:00,42,Good,11.5,20.5,1.2,0.3,140.0,75.0,,,,,,
2024-02-05T23:00,44,Good,11.8,20.8,1.2,0.3,139.0,70.0,,,,,,
2024-02-06T00:00,45,Good,12.3,21.4,1.2,0.3,138.0,67.0,,,,,,
2024-02-06T01:00,46,Good,13.1,22.5,1.3,0.4,138.0,65.0,,,,,,
2024-02-06T02:00,47,Good,14.0,24.0,1.3,0.5,138.0,64.0,,,,,,
2024-02-06T03:00,49,Good,14.9,25.4,1.3,0.6,138.0,63.0,,,,,,
2024-02-06T04:00,50,Good,15.8,27.0,1.4,0.7,138.0,64.0,,,,,,
2024-02-06T05:00,51,Moderate,15.3,26.0,1.4,0.6,139.0,62.0,,,,,,
2024-02-06T06:00,52,Moderate,15.9,27.0,1.5,0.7,141.0,63.0,,,,,,
2024-02-06T07:00,52,Moderate,17.6,30.0,1.6,0.9,144.0,65.0,,,,,,
2024-02-06T08:00,53,Moderate,19.0,32.2,1.5,0.9,147.0,68.0,,,,,,
2024-02-06T09:00,54,Moderate,20.6,34.8,1.2,0.7,149.0,74.0,,,,,,
2024-02-06T10:00,55,Moderate,21.7,36.6,0.7,0.3,151.0,81.0,,,,,,
2024-02-06T11:00,56,Moderate,22.7,38.3,0.4,0.1,155.0,87.0,,,,,,
2024-02-06T12:00,57,Moderate,23.6,39.8,0.3,0.0,162.0,90.0,,,,,,
2024-02-06T13:00,59,Moderate,24.6,41.6,0.3,0.1,172.0,92.0,,,,,,
2024-02-06T14:00,60,Moderate,25.5,43.4,0.4,0.1,180.0,94.0,,,,,,
2024-02-06T15:00,62,Moderate,26.1,44.6,0.5,0.1,186.0,95.0,,,,,,
2024-02-06T16:00,63,Moderate,25.9,44.6,0.6,0.1,191.0,96.0,,,,,,
2024-02-06T17:00,65,Moderate,26.7,46.3,0.7,0.1,189.0,96.0,,,,,,
2024-02-06T18:00,66,Moderate,26.8,46.7,0.8,0.1,190.0,94.0,,,,,,
2024-02-06T19:00,67,Moderate,26.6,46.4,0.9,0.2,191.0,91.0,,,,,,
2024-02-06T20:00,69,Moderate,26.1,45.9,1.0,0.2,192.0,88.0,,,,,,
2024-02-06T21:00,70,Moderate,25.5,45.1,1.0,0.2,192.0,85.0,,,,,,
2024-02-06T22:00,71,Moderate,24.9,44.4,1.0,0.2,191.0,82.0,,,,,,
2024-02-06T23:00,72,Moderate,24.5,44.1,1.0,0.2,190.0,80.0,,,,,,
2024-02-07T00:00,73,Moderate,24.3,44.2,1.0,0.3,189.0,78.0,,,,,,
2024-02-07T01:00,74,Moderate,24.3,44.7,1.1,0.5,189.0,77.0,,,,,,
2024-02-07T02:00,75,Moderate,24.3,45.2,1.2,0.7,189.0,75.0,,,,,,
2024-02-07T03:00,76,Moderate,24.3,45.6,1.3,0.9,191.0,73.0,,,,,,
2024-02-07T04:00,76,Moderate,24.3,46.1,1.4,1.2,193.0,71.0,,,,,,
2024-02-07T05:00,77,Moderate,24.0,45.3,1.3,1.0,194.0,71.0,,,,,,
2024-02-07T06:00,78,Moderate,24.0,45.5,1.6,1.6,199.0,70.0,,,,,,
2024-02-07T07:00,78,Moderate,24.0,45.5,1.9,2.3,206.0,68.0,,,,,,
2024-02-07T08:00,79,Moderate,24.0,46.1,2.0,2.7,210.0,69.0,,,,,,
2024-02-07T09:00,79,Moderate,23.7,46.8,1.7,2.5,209.0,75.0,,,,,,
2024-02-07T10:00,80,Moderate,23.3,46.4,1.1,1.9,206.0,83.0,,,,,,
2024-02-07T11:00,80,Moderate,22.9,45.4,0.7,1.3,202.0,89.0,,,,,,
2024-02-07T12:00,80,Moderate,22.4,44.2,0.5,0.9,197.0,91.0,,,,,,
2024-02-07T13:00,80,Moderate,21.9,43.3,0.4,0.5,192.0,91.0,,,,,,
2024-02-07T14:00,79,Moderate,21.4,42.4,0.4,0.2,188.0,91.0,,,,,,
2024-02-07T15:00,79,Moderate,20.8,41.7,0.5,0.1,186.0,91.0,,,,,,
2024-02-07T16:00,79,Moderate,20.2,40.9,0.6,0.2,185.0,91.0,,,,,,
2024-02-07T17:00,78,Moderate,21.2,42.1,0.8,0.3,186.0,98.0,,,,,,
2024-02-07T18:00,78,Moderate,20.4,41.2,0.9,0.3,186.0,98.0,,,,,,
2024-02-07T19:00,77,Moderate,19.8,40.5,1.0,0.3,185.0,97.0,,,,,,
2024-02-07T20:00,77,Moderate,19.6,40.3,1.1,0.3,185.0,96.0,,,,,,
2024-02-07T21:00,76,Moderate,19.3,40.2,1.1,0.3,185.0,93.0,,,,,,
2024-02-07T22:00,76,Moderate,18.7,39.6,1.1,0.2,186.0,88.0,,,,,,
2024-02-07T23:00,75,Moderate,17.9,38.3,1.1,0.2,186.0,84.0,,,,,,
2024-02-08T00:00,75,Moderate,17.1,36.9,1.1,0.2,185.0,80.0,,,,,,
2024-02-08T01:00,74,Moderate,16.4,35.6,1.1,0.2,184.0,77.0,,,,,,
2024-02-08T02:00,74,Moderate,15.8,34.8,1.1,0.2,183.0,74.0,,,,,,
2024-02-08T03:00,73,Moderate,15.6,34.2,1.1,0.2,182.0,73.0,,,,,,
2024-02-08T04:00,72,Moderate,15.5,33.8,1.1,0.2,181.0,72.0,,,,,,
2024-02-08T05:00,72,Moderate,15.4,33.3,0.9,0.3,175.0,72.0,,,,,,
2024-02-08T06:00,71,Moderate,15.2,33.1,1.0,0.3,175.0,72.0,,,,,,
2024-02-08T07:00,70,Moderate,15.1,33.2,1.2,0.4,176.0,72.0,,,,,,
2024-02-08T08:00,69,Moderate,14.9,33.1,1.2,0.4,176.0,73.0,,,,,,
2024-02-08T09:00,69,Moderate,14.6,32.9,1.0,0.4,176.0,76.0,,,,,,
2024-02-08T10:00,68,Moderate,14.5,33.2,0.7,0.3,175.0,79.0,,,,,,
2024-02-08T11:00,67,Moderate,14.1,32.1,0.5,0.3,174.0,82.0,,,,,,
2024-02-08T12:00,67,Moderate,13.7,31.2,0.4,0.2,171.0,83.0,,,,,,
2024-02-08T13:00,66,Moderate,13.2,30.3,0.4,0.2,168.0,84.0,,,,,,
2024-02-08T14:00,65,Moderate,12.9,29.7,0.4,0.1,165.0,84.0,,,,,,
2024-02-08T15:00,65,Moderate,12.9,29.8,0.5,0.1,163.0,84.0,,,,,,
2024-02-08T16:00,64,Moderate,13.1,30.5,0.6,0.1,162.0,85.0,,,,,,
2024-02-08T17:00,63,Moderate,13.4,30.7,0.7,0.1,153.0,87.0,,,,,,
2024-02-08T18:00,63,Moderate,13.3,30.4,0.8,0.1,153.0,85.0,,,,,,
2024-02-08T19:00,62,Moderate,13.2,30.0,1.0,0.2,154.0,83.0,,,,,,
2024-02-08T20:00,62,Moderate,13.3,30.0,1.2,0.2,156.0,80.0,,,,,,
2024-02-08T21:00,61,Moderate,13.7,30.5,1.3,0.2,161.0,77.0,,,,,,
2024-02-08T22:00,61,Moderate,14.3,31.4,1.3,0.2,167.0,73.0,,,,,,
2024-02-08T23:00,60,Moderate,15.1,32.5,1.3,0.2,172.0,70.0,,,,,,
2024-02-09T00:00,60,Moderate,15.7,33.5,1.3,0.2,176.0,68.0,,,,,,
2024-02-09T01:00,60,Moderate,16.1,34.3,1.3,0.2,180.0,67.0,,,,,,
2024-02-09T02:00,60,Moderate,16.5,35.2,1.3,0.2,182.0,66.0,,,,,,
2024-02-09T03:00,60,Moderate,16.8,36.0,1.2,0.2,183.0,66.0,,,,,,
2024-02-09T04:00,60,Moderate,17.1,36.7,1.1,0.3,182.0,66.0,,,,,,
2024-02-09T05:00,60,Moderate,17.6,38.2,0.7,0.2,176.0,68.0,,,,,,
2024-02-09T06:00,61,Moderate,17.8,38.3,0.7,0.2,176.0,68.0,,,,,,
2024-02-09T07:00,61,Moderate,18.5,40.0,0.8,0.3,177.0,68.0,,,,,,
2024-02-09T08:00,61,Moderate,19.0,40.7,0.8,0.3,178.0,69.0,,,,,,
2024-02-09T09:00,61,Moderate,18.7,39.9,0.7,0.3,179.0,72.0,,,,,,
2024-02-09T10:00,62,Moderate,18.9,39.6,0.5,0.2,180.0,76.0,,,,,,
2024-02-09T11:00,62,Moderate,19.4,40.0,0.4,0.2,182.0,80.0,,,,,,
2024-02-09T12:00,62,Moderate,20.2,40.7,0.4,0.2,185.0,83.0,,,,,,
2024-02-09T13:00,63,Moderate,21.1,41.8,0.4,0.2,188.0,85.0,,,,,,
2024-02-09T14:00,64,Moderate,22.1,43.1,0.4,0.2,191.0,87.0,,,,,,
2024-02-09T15:00,64,Moderate,23.3,44.7,0.5,0.2,194.0,89.0,,,,,,
2024-02-09T16:00,65,Moderate,24.6,46.6,0.6,0.3,198.0,92.0,,,,,,
2024-02-09T17:00,66,Moderate,22.9,42.7,0.8,0.3,192.0,92.0,,,,,,
2024-02-09T18:00,67,Moderate,24.1,44.7,0.9,0.3,192.0,88.0,,,,,,
2024-02-09T19:00,68,Moderate,24.8,45.8,1.0,0.3,193.0,83.0,,,,,,
2024-02-09T20:00,69,Moderate,25.3,46.4,1.1,0.3,195.0,79.0,,,,,,
2024-02-09T21:00,69,Moderate,25.7,46.9,1.1,0.3,199.0,77.0,,,,,,
2024-02-09T22:00,70,Moderate,26.4,47.8,1.0,0.3,205.0,77.0,,,,,,
2024-02-09T23:00,71,Moderate,27.3,49.2,0.9,0.3,209.0,77.0,,,,,,
2024-02-10T00:00,72,Moderate,28.2,50.8,0.8,0.3,211.0,77.0,,,,,,
2024-02-10T01:00,73,Moderate,29.0,52.3,0.7,0.3,211.0,78.0,,,,,,
2024-02-10T02:00,74,Moderate,29.1,52.2,0.7,0.3,211.0,79.0,,,,,,
2024-02-10T03:00,75,Moderate,28.8,51.5,0.7,0.3,210.0,79.0,,,,,,
2024-02-10T04:00,76,Moderate,28.2,50.2,0.7,0.3,208.0,79.0,,,,,,
2024-02-10T05:00,77,Moderate,28.1,50.1,0.5,0.3,199.0,81.0,,,,,,
2024-02-10T06:00,78,Moderate,27.2,48.3,0.7,0.3,199.0,81.0,,,,,,
2024-02-10T07:00,79,Moderate,26.5,46.6,0.9,0.4,200.0,80.0,,,,,,
2024-02-10T08:00,79,Moderate,26.5,46.6,1.0,0.4,201.0,81.0,,,,,,
2024-02-10T09:00,80,Moderate,27.8,48.9,0.9,0.3,203.0,84.0,,,,,,
2024-02-10T10:00,81,Moderate,29.6,52.2,0.6,0.3,206.0,89.0,,,,,,
2024-02-10T11:00,81,Moderate,31.5,55.3,0.4,0.2,210.0,94.0,,,,,,
2024-02-10T12:00,82,Moderate,32.8,57.4,0.3,0.2,215.0,98.0,,,,,,
2024-02-10T13:00,83,Moderate,33.4,58.1,0.4,0.2,220.0,102.0,,,,,,
2024-02-10T14:00,84,Moderate,33.6,58.4,0.4,0.2,224.0,105.0,,,,,,
2024-02-10T15:00,85,Moderate,34.1,59.0,0.5,0.2,227.0,105.0,,,,,,
2024-02-10T16:00,86,Moderate,34.9,60.3,0.6,0.1,229.0,104.0,,,,,,
2024-02-10T17:00,87,Moderate,41.8,71.7,0.8,0.1,223.0,104.0,,,,,,
2024-02-10T18:00,88,Moderate,41.3,70.5,0.9,0.1,228.0,102.0,,,,,,
2024-02-10T19:00,90,Moderate,40.3,68.5,1.0,0.1,235.0,99.0,,,,,,
2024-02-10T20:00,91,Moderate,39.3,66.8,1.1,0.1,241.0,96.0,,,,,,
2024-02-10T21:00,92,Moderate,38.6,65.7,1.1,0.1,244.0,94.0,,,,,,
2024-02-10T22:00,93,Moderate,38.3,65.0,1.0,0.1,247.0,92.0,,,,,,
2024-02-10T23:00,94,Moderate,38.5,65.4,0.9,0.1,248.0,91.0,,,,,,
2024-02-11T00:00,95,Moderate,39.3,67.1,0.8,0.1,248.0,92.0,,,,,,
2024-02-11T01:00,96,Moderate,40.5,68.9,0.7,0.1,246.0,93.0,,,,,,
2024-02-11T02:00,97,Moderate,41.3,70.3,0.6,0.1,246.0,94.0,,,,,,
2024-02-11T03:00,98,Moderate,41.9,71.2,0.6,0.1,247.0,94.0,,,,,,
2024-02-11T04:00,99,Moderate,41.3,70.1,0.5,0.2,248.0,94.0,,,,,,
2024-02-11T05:00,100,Moderate,40.3,68.0,0.5,0.2,248.0,95.0,,,,,,
2024-02-11T06:00,101,Unhealthy for Sensitive Groups,38.2,64.0,0.7,0.3,251.0,94.0,,,,,,
2024-02-11T07:00,102,Unhealthy for Sensitive Groups,36.3,61.0,1.0,0.4,255.0,93.0,,,,,,
2024-02-11T08:00,103,Unhealthy for Sensitive Groups,35.3,59.3,1.1,0.5,256.0,93.0,,,,,,
2024-02-11T09:00,104,Unhealthy for Sensitive Groups,34.7,58.7,1.0,0.5,252.0,97.0,,,,,,
2024-02-11T10:00,105,Unhealthy for Sensitive Groups,34.5,59.1,0.7,0.4,245.0,102.0,,,,,,
2024-02-11T11:00,105,Unhealthy for Sensitive Groups,34.5,60.1,0.5,0.3,237.0,107.0,,,,,,
2024-02-11T12:00,106,Unhealthy for Sensitive Groups,33.8,59.8,0.4,0.3,228.0,110.0,,,,,,
2024-02-11T13:00,106,Unhealthy for Sensitive Groups,32.7,58.9,0.4,0.2,217.0,113.0,,,,,,
2024-02-11T14:00,106,Unhealthy for Sensitive Groups,31.2,56.9,0.4,0.2,207.0,114.0,,,,,,
2024-02-11T15:00,105,Unhealthy for Sensitive Groups,29.6,54.2,0.4,0.2,198.0,114.0,,,,,,
2024-02-11T16:00,105,Unhealthy for Sensitive Groups,27.3,50.4,0.5,0.2,191.0,113.0,,,,,,
2024-02-11T17:00,104,Unhealthy for Sensitive Groups,30.7,56.8,0.7,0.2,195.0,113.0,,,,,,
2024-02-11T18:00,103,Unhealthy for Sensitive Groups,27.7,51.2,0.8,0.2,192.0,111.0,,,,,,
2024-02-11T19:00,101,Unhealthy for Sensitive Groups,25.1,46.4,0.9,0.2,188.0,108.0,,,,,,
2024-02-11T20:00,100,Moderate,23.4,43.3,1.0,0.2,185.0,106.0,,,,,,
2024-02-11T21:00,99,Moderate,21.9,40.5,1.0,0.3,183.0,105.0,,,,,,
2024-02-11T22:00,97,Moderate,20.4,38.0,1.0,0.3,182.0,104.0,,,,,,
2024-02-11T23:00,96,Moderate,19.3,36.1,0.9,0.4,181.0,103.0,,,,,,
2024-02-12T00:00,94,Moderate,18.4,34.5,0.8,0.4,180.0,103.0,,,,,,
2024-02-12T01:00,93,Moderate,17.8,33.4,0.7,0.4,179.0,103.0,,,,,,
2024-02-12T02:00,91,Moderate,17.5,32.9,0.7,0.4,179.0,102.0,,,,,,
2024-02-12T03:00,89,Moderate,17.3,32.6,0.7,0.4,178.0,101.0,,,,,,
2024-02-12T04:00,87,Moderate,17.1,32.2,0.7,0.5,178.0,99.0,,,,,,
2024-02-12T05:00,85,Moderate,17.5,33.2,1.0,1.0,185.0,96.0,,,,,,
2024-02-12T06:00,84,Moderate,18.0,34.1,1.4,1.7,192.0,94.0,,,,,,
2024-02-12T07:00,82,Moderate,18.3,34.7,1.9,2.6,201.0,91.0,,,,,,
2024-02-12T08:00,81,Moderate,18.9,35.5,2.1,3.1,206.0,90.0,,,,,,
2024-02-12T09:00,79,Moderate,18.7,35.2,1.8,2.9,202.0,95.0,,,,,,
2024-02-12T10:00,78,Moderate,17.4,32.8,1.2,2.3,192.0,102.0,,,,,,
2024-02-12T11:00,77,Moderate,16.2,30.6,0.7,1.7,183.0,107.0,,,,,,
2024-02-12T12:00,75,Moderate,14.7,27.8,0.5,1.2,175.0,107.0,,,,,,
2024-02-12T13:00,74,Moderate,13.7,25.8,0.4,0.8,167.0,105.0,,,,,,
2024-02-12T14:00,72,Moderate,13.1,24.5,0.4,0.4,161.0,102.0,,,,,,
2024-02-12T15:00,71,Moderate,12.8,23.6,0.5,0.2,156.0,98.0,,,,,,
2024-02-12T16:00,69,Moderate,12.4,22.8,0.6,0.1,152.0,93.0,,,,,,
2024-02-12T17:00,68,Moderate,13.8,25.0,0.8,0.2,155.0,94.0,,,,,,
2024-02-12T18:00,67,Moderate,13.2,23.9,0.9,0.2,154.0,92.0,,,,,,
2024-02-12T19:00,66,Moderate,13.4,24.2,1.0,0.2,153.0,90.0,,,,,,
2024-02-12T20:00,65,Moderate,13.7,24.9,1.1,0.2,152.0,87.0,,,,,,
2024-02-12T21:00,64,Moderate,13.9,25.1,1.2,0.2,153.0,84.0,,,,,,
2024-02-12T22:00,63,Moderate,13.9,25.0,1.2,0.2,154.0,81.0,,,,,,
2024-02-12T23:00,63,Moderate,14.0,25.1,1.3,0.3,155.0,79.0,,,,,,
2024-02-13T00:00,63,Moderate,14.1,25.3,1.4,0.4,155.0,77.0,,,,,,
2024-02-13T01:00,62,Moderate,14.1,25.3,1.4,0.4,155.0,76.0,,,,,,
2024-02-13T02:00,62,Moderate,14.2,25.5,1.5,0.6,155.0,75.0,,,,,,
2024-02-13T03:00,62,Moderate,14.6,26.1,1.6,0.8,156.0,74.0,,,,,,
2024-02-13T04:00,61,Moderate,15.0,27.0,1.7,1.1,157.0,72.0,,,,,,
2024-02-13T05:00,61,Moderate,14.9,27.1,2.2,2.4,161.0,67.0,,,,,,
2024-02-13T06:00,61,Moderate,15.4,28.3,2.7,4.0,164.0,65.0,,,,,,
2024-02-13T07:00,61,Moderate,16.1,29.8,3.3,6.3,169.0,63.0,,,,,,
2024-02-13T08:00,61,Moderate,16.5,30.9,3.5,7.8,172.0,65.0,,,,,,
2024-02-13T09:00,61,Moderate,17.2,32.0,3.0,8.0,173.0,73.0,,,,,,
2024-02-13T10:00,60,Moderate,17.8,32.7,2.1,7.5,173.0,85.0,,,,,,
2024-02-13T11:00,60,Moderate,17.2,31.3,1.4,6.6,174.0,94.0,,,,,,
2024-02-13T12:00,61,Moderate,16.8,30.4,1.0,5.2,176.0,100.0,,,,,,
2024-02-13T13:00,61,Moderate,15.8,28.3,0.8,3.5,178.0,104.0,,,,,,
2024-02-13T14:00,61,Moderate,14.4,25.7,0.7,2.0,179.0,105.0,,,,,,
2024-02-13T15:00,61,Moderate,13.0,23.1,0.7,1.1,178.0,101.0,,,,,,
2024-02-13T16:00,61,Moderate,12.1,21.4,0.7,0.5,175.0,93.0,,,,,,
2024-02-13T17:00,61,Moderate,14.1,24.7,1.0,0.7,186.0,97.0,,,,,,
2024-02-13T18:00,61,Moderate,13.5,23.5,1.1,0.6,186.0,91.0,,,,,,
2024-02-13T19:00,61,Moderate,12.8,21.9,1.2,0.4,187.0,83.0,,,,,,
2024-02-13T20:00,61,Moderate,12.3,20.8,1.3,0.2,189.0,77.0,,,,,,
2024-02-13T21:00,61,Moderate,12.5,21.2,1.3,0.1,195.0,74.0,,,,,,
2024-02-13T22:00,61,Moderate,12.1,20.5,1.2,0.1,203.0,73.0,,,,,,
2024-02-13T23:00,61,Moderate,10.9,18.3,1.1,0.1,210.0,73.0,,,,,,
2024-02-14T00:00,60,Moderate,10.6,17.7,1.1,0.1,213.0,73.0,,,,,,
2024-02-14T01:00,60,Moderate,9.8,16.3,1.2,0.1,215.0,73.0,,,,,,
2024-02-14T02:00,60,Moderate,9.4,15.3,1.3,0.2,218.0,73.0,,,,,,
2024-02-14T03:00,59,Moderate,9.4,15.2,1.4,0.4,223.0,73.0,,,,,,
2024-02-14T04:00,59,Moderate,9.7,15.4,1.6,0.6,230.0,72.0,,,,,,
2024-02-14T05:00,59,Moderate,9.2,14.8,2.0,0.6,233.0,67.0,,,,,,
2024-02-14T06:00,58,Moderate,9.6,15.6,2.3,1.2,243.0,69.0,,,,,,
2024-02-14T07:00,58,Moderate,10.6,17.2,2.6,2.0,257.0,73.0,,,,,,
2024-02-14T08:00,57,Moderate,12.3,20.0,2.7,2.6,271.0,79.0,,,,,,
2024-02-14T09:00,57,Moderate,14.8,23.9,2.3,2.7,283.0,91.0,,,,,,
2024-02-14T10:00,57,Moderate,17.3,27.6,1.6,2.5,295.0,106.0,,,,,,
2024-02-14T11:00,57,Moderate,18.6,29.9,1.0,2.2,304.0,116.0,,,,,,
2024-02-14T12:00,57,Moderate,18.9,30.5,0.7,1.6,308.0,118.0,,,,,,
2024-02-14T13:00,57,Moderate,18.4,30.2,0.6,0.8,308.0,115.0,,,,,,
2024-02-14T14:00,57,Moderate,17.6,29.3,0.5,0.2,308.0,111.0,,,,,,
2024-02-14T15:00,57,Moderate,16.9,28.5,0.6,0.0,307.0,106.0,,,,,,
2024-02-14T16:00,58,Moderate,16.5,27.8,0.7,0.1,305.0,100.0,,,,,,
2024-02-14T17:00,58,Moderate,14.6,24.7,1.0,0.1,291.0,97.0,,,,,,
2024-02-14T18:00,58,Moderate,14.2,24.1,1.2,0.1,292.0,96.0,,,,,,
2024-02-14T19:00,58,Moderate,14.4,24.6,1.4,0.2,294.0,95.0,,,,,,
2024-02-14T20:00,58,Moderate,14.9,25.4,1.6,0.2,294.0,94.0,,,,,,
2024-02-14T21:00,58,Moderate,15.3,26.3,1.6,0.3,293.0,92.0,,,,,,
2024-02-14T22:00,59,Moderate,15.5,26.8,1.6,0.3,291.0,91.0,,,,,,
2024-02-14T23:00,59,Moderate,15.5,27.0,1.5,0.4,288.0,89.0,,,,,,
2024-02-15T00:00,59,Moderate,15.4,27.1,1.4,0.5,282.0,87.0,,,,,,
2024-02-15T01:00,60,Moderate,15.2,26.8,1.4,0.6,274.0,86.0,,,,,,
2024-02-15T02:00,60,Moderate,15.3,27.2,1.3,0.7,267.0,85.0,,,,,,
2024-02-15T03:00,61,Moderate,15.7,27.9,1.2,0.6,261.0,85.0,,,,,,
2024-02-15T04:00,61,Moderate,15.8,28.3,1.0,0.4,256.0,85.0,,,,,,
2024-02-15T05:00,62,Moderate,15.5,27.9,1.3,0.8,251.0,81.0,,,,,,
2024-02-15T06:00,62,Moderate,15.9,28.4,1.5,1.0,252.0,80.0,,,,,,
2024-02-15T07:00,63,Moderate,16.2,28.7,1.8,1.2,253.0,78.0,,,,,,
2024-02-15T08:00,63,Moderate,16.6,29.2,1.9,1.3,254.0,79.0,,,,,,
2024-02-15T09:00,63,Moderate,16.8,29.2,1.6,1.1,253.0,86.0,,,,,,
2024-02-15T10:00,63,Moderate,16.3,28.5,1.0,0.8,252.0,95.0,,,,,,
2024-02-15T11:00,63,Moderate,15.8,27.6,0.6,0.5,251.0,102.0,,,,,,
2024-02-15T12:00,63,Moderate,15.0,26.3,0.5,0.4,253.0,105.0,,,,,,
2024-02-15T13:00,63,Moderate,14.7,25.8,0.5,0.3,255.0,106.0,,,,,,
2024-02-15T14:00,63,Moderate,14.4,25.3,0.5,0.2,257.0,106.0,,,,,,
2024-02-15T15:00,62,Moderate,14.1,24.9,0.6,0.2,257.0,105.0,,,,,,
2024-02-15T16:00,62,Moderate,13.8,24.4,0.7,0.2,255.0,104.0,,,,,,
2024-02-15T17:00,62,Moderate,15.3,27.1,0.9,0.2,243.0,102.0,,,,,,
2024-02-15T18:00,62,Moderate,14.8,26.4,0.9,0.2,238.0,99.0,,,,,,
2024-02-15T19:00,62,Moderate,15.2,27.0,1.0,0.2,232.0,95.0,,,,,,
2024-02-15T20:00,62,Moderate,16.5,29.0,1.0,0.2,227.0,91.0,,,,,,
2024-02-15T21:00,62,Moderate,18.0,31.4,1.0,0.2,225.0,89.0,,,,,,
2024-02-15T22:00,62,Moderate,19.0,33.1,1.0,0.2,223.0,87.0,,,,,,
2024-02-15T23:00,63,Moderate,19.3,33.4,1.0,0.2,221.0,86.0,,,,,,
2024-02-16T00:00,63,Moderate,19.0,32.8,0.9,0.2,217.0,86.0,,,,,,
2024-02-16T01:00,63,Moderate,18.5,32.0,0.8,0.2,211.0,86.0,,,,,,
2024-02-16T02:00,63,Moderate,18.1,31.5,0.8,0.2,208.0,85.0,,,,,,
2024-02-16T03:00,64,Moderate,18.2,31.7,0.9,0.3,208.0,83.0,,,,,,
2024-02-16T04:00,64,Moderate,18.7,32.7,1.0,0.5,209.0,81.0,,,,,,
2024-02-16T05:00,64,Moderate,18.7,32.8,1.0,0.5,209.0,80.0,,,,,,
2024-02-16T06:00,64,Moderate,19.9,34.9,1.2,0.8,211.0,78.0,,,,,,
2024-02-16T07:00,65,Moderate,20.7,36.3,1.4,1.1,214.0,76.0,,,,,,
2024-02-16T08:00,65,Moderate,21.3,37.3,1.5,1.3,215.0,76.0,,,,,,
2024-02-16T09:00,65,Moderate,21.9,38.1,1.2,1.1,210.0,79.0,,,,,,
2024-02-16T10:00,66,Moderate,19.3,33.3,0.8,0.7,203.0,84.0,,,,,,
2024-02-16T11:00,66,Moderate,17.6,30.2,0.5,0.4,200.0,88.0,,,,,,
2024-02-16T12:00,66,Moderate,16.1,27.5,0.4,0.3,206.0,90.0,,,,,,
2024-02-16T13:00,66,Moderate,14.8,25.3,0.4,0.2,216.0,91.0,,,,,,
2024-02-16T14:00,66,Moderate,13.9,23.7,0.4,0.2,223.0,92.0,,,,,,
2024-02-16T15:00,66,Moderate,13.3,22.8,0.5,0.2,225.0,92.0,,,,,,
2024-02-16T16:00,66,Moderate,13.0,22.4,0.7,0.2,224.0,91.0,,,,,,
2024-02-16T17:00,66,Moderate,14.5,25.0,0.9,0.2,227.0,90.0,,,,,,
2024-02-16T18:00,66,Moderate,14.5,25.0,1.0,0.2,223.0,90.0,,,,,,
2024-02-16T19:00,66,Moderate,14.6,25.1,1.1,0.2,217.0,89.0,,,,,,
2024-02-16T20:00,66,Moderate,15.2,26.3,1.2,0.2,212.0,88.0,,,,,,
2024-02-16T21:00,66,Moderate,16.0,27.8,1.2,0.2,211.0,87.0,,,,,,
2024-02-16T22:00,66,Moderate,17.1,29.8,1.3,0.2,211.0,85.0,,,,,,
2024-02-16T23:00,66,Moderate,18.0,31.3,1.3,0.3,211.0,84.0,,,,,,
2024-02-17T00:00,65,Moderate,18.5,32.1,1.3,0.4,211.0,83.0,,,,,,
2024-02-17T01:00,65,Moderate,18.7,32.8,1.4,0.5,211.0,82.0,,,,,,
2024-02-17T02:00,65,Moderate,19.0,33.3,1.4,0.7,211.0,81.0,,,,,,
2024-02-17T03:00,66,Moderate,19.1,33.5,1.4,0.9,212.0,79.0,,,,,,
2024-02-17T04:00,66,Moderate,19.2,33.6,1.5,1.2,214.0,78.0,,,,,,
2024-02-17T05:00,66,Moderate,18.8,33.5,2.3,3.1,212.0,72.0,,,,,,
2024-02-17T06:00,66,Moderate,19.0,34.1,2.7,4.4,216.0,71.0,,,,,,
2024-02-17T07:00,66,Moderate,18.9,33.8,3.2,6.2,221.0,69.0,,,,,,
2024-02-17T08:00,65,Moderate,18.3,32.5,3.3,7.0,223.0,71.0,,,,,,
2024-02-17T09:00,65,Moderate,17.8,31.1,2.7,6.1,221.0,79.0,,,,,,
2024-02-17T10:00,65,Moderate,17.5,30.3,1.7,4.3,216.0,90.0,,,,,,
2024-02-17T11:00,65,Moderate,16.8,29.3,0.9,2.7,211.0,98.0,,,,,,
2024-02-17T12:00,65,Moderate,16.4,28.6,0.6,1.7,207.0,100.0,,,,,,
2024-02-17T13:00,65,Moderate,16.5,28.6,0.4,0.9,203.0,99.0,,,,,,
2024-02-17T14:00,65,Moderate,16.8,29.2,0.4,0.4,200.0,98.0,,,,,,
2024-02-17T15:00,65,Moderate,17.1,29.6,0.5,0.2,198.0,97.0,,,,,,
2024-02-17T16:00,65,Moderate,17.3,29.8,0.7,0.2,197.0,95.0,,,,,,
2024-02-17T17:00,66,Moderate,20.1,34.5,1.0,0.2,200.0,95.0,,,,,,
2024-02-17T18:00,66,Moderate,20.1,34.3,1.1,0.2,200.0,94.0,,,,,,
2024-02-17T19:00,67,Moderate,20.1,34.3,1.3,0.2,201.0,92.0,,,,,,
2024-02-17T20:00,67,Moderate,20.6,34.9,1.4,0.2,203.0,90.0,,,,,,
2024-02-17T21:00,67,Moderate,21.2,35.7,1.4,0.2,207.0,86.0,,,,,,
2024-02-17T22:00,68,Moderate,21.6,36.4,1.4,0.2,211.0,82.0,,,,,,
2024-02-17T23:00,68,Moderate,21.7,36.6,1.4,0.2,214.0,79.0,,,,,,
2024-02-18T00:00,68,Moderate,21.7,36.7,1.3,0.2,214.0,78.0,,,,,,
2024-02-18T01:00,69,Moderate,21.8,36.8,1.2,0.3,214.0,77.0,,,,,,
2024-02-18T02:00,69,Moderate,21.8,37.0,1.1,0.3,213.0,77.0,,,,,,
2024-02-18T03:00,69,Moderate,22.1,37.6,1.0,0.3,213.0,77.0,,,,,,
2024-02-18T04:00,69,Moderate,22.2,37.8,1.0,0.3,213.0,77.0,,,,,,
2024-02-18T05:00,70,Moderate,21.5,36.6,1.1,0.4,215.0,75.0,,,,,,
2024-02-18T06:00,70,Moderate,21.2,35.7,1.3,0.6,218.0,74.0,,,,,,
2024-02-18T07:00,70,Moderate,21.3,35.6,1.5,0.9,223.0,72.0,,,,,,
2024-02-18T08:00,70,Moderate,21.3,35.4,1.6,1.0,226.0,73.0,,,,,,
2024-02-18T09:00,70,Moderate,21.2,35.0,1.4,0.8,226.0,78.0,,,,,,
2024-02-18T10:00,71,Moderate,20.3,33.5,0.9,0.5,224.0,84.0,,,,,,
2024-02-18T11:00,71,Moderate,19.6,32.5,0.6,0.3,221.0,89.0,,,,,,
2024-02-18T12:00,71,Moderate,19.6,32.5,0.4,0.2,217.0,89.0,,,,,,
2024-02-18T13:00,71,Moderate,20.0,33.3,0.3,0.1,211.0,88.0,,,,,,
2024-02-18T14:00,72,Moderate,20.6,34.6,0.3,0.1,207.0,87.0,,,,,,
2024-02-18T15:00,72,Moderate,21.0,35.3,0.4,0.1,204.0,88.0,,,,,,
2024-02-18T16:00,72,Moderate,20.8,35.3,0.5,0.1,203.0,90.0,,,,,,
2024-02-18T17:00,73,Moderate,22.2,37.7,0.8,0.2,202.0,91.0,,,,,,
2024-02-18T18:00,73,Moderate,21.8,37.1,0.9,0.2,201.0,90.0,,,,,,
2024-02-18T19:00,73,Moderate,21.3,36.2,1.1,0.2,200.0,89.0,,,,,,
2024-02-18T20:00,73,Moderate,20.5,34.8,1.2,0.2,201.0,87.0,,,,,,
2024-02-18T21:00,73,Moderate,19.5,33.1,1.4,0.2,207.0,83.0,,,,,,
2024-02-18T22:00,73,Moderate,18.5,31.2,1.5,0.1,215.0,77.0,,,,,,
2024-02-18T23:00,73,Moderate,17.6,29.8,1.6,0.1,221.0,73.0,,,,,,
2024-02-19T00:00,72,Moderate,16.8,28.8,1.5,0.1,222.0,72.0,,,,,,
2024-02-19T01:00,72,Moderate,16.2,27.9,1.2,0.1,221.0,73.0,,,,,,
2024-02-19T02:00,71,Moderate,15.8,27.3,1.0,0.1,219.0,74.0,,,,,,
2024-02-19T03:00,71,Moderate,15.5,26.9,0.9,0.1,218.0,75.0,,,,,,
2024-02-19T04:00,70,Moderate,15.4,26.6,0.8,0.2,216.0,75.0,,,,,,
2024-02-19T05:00,70,Moderate,15.1,26.2,0.7,0.2,216.0,75.0,,,,,,
2024-02-19T06:00,69,Moderate,15.5,26.7,0.7,0.2,216.0,76.0,,,,,,
2024-02-19T07:00,69,Moderate,15.9,27.3,0.8,0.2,217.0,77.0,,,,,,
2024-02-19T08:00,69,Moderate,16.4,28.1,0.8,0.2,217.0,78.0,,,,,,
2024-02-19T09:00,68,Moderate,16.9,29.0,0.7,0.2,216.0,80.0,,,,,,
2024-02-19T10:00,68,Moderate,17.6,30.2,0.5,0.2,215.0,83.0,,,,,,
2024-02-19T11:00,68,Moderate,18.3,31.1,0.3,0.2,215.0,84.0,,,,,,
2024-02-19T12:00,68,Moderate,18.7,31.8,0.2,0.2,215.0,83.0,,,,,,
2024-02-19T13:00,67,Moderate,18.9,32.0,0.2,0.2,217.0,81.0,,,,,,
2024-02-19T14:00,67,Moderate,18.8,32.0,0.3,0.2,219.0,81.0,,,,,,
2024-02-19T15:00,67,Moderate,18.7,31.8,0.4,0.2,224.0,84.0,,,,,,
2024-02-19T16:00,67,Moderate,18.5,31.4,0.6,0.2,230.0,88.0,,,,,,
2024-02-19T17:00,67,Moderate,20.1,34.3,1.1,0.2,240.0,87.0,,,,,,
2024-02-19T18:00,67,Moderate,19.2,32.6,1.4,0.2,243.0,84.0,,,,,,
2024-02-19T19:00,66,Moderate,18.3,30.9,1.9,0.2,247.0,80.0,,,,,,
2024-02-19T20:00,66,Moderate,17.5,29.4,2.2,0.2,248.0,76.0,,,,,,
2024-02-19T21:00,66,Moderate,17.2,28.7,2.3,0.2,243.0,73.0,,,,,,
2024-02-19T22:00,66,Moderate,17.6,29.3,2.3,0.2,234.0,71.0,,,,,,
2024-02-19T23:00,66,Moderate,18.1,30.3,2.2,0.2,223.0,70.0,,,,,,
2024-02-20T00:00,66,Moderate,18.6,31.2,1.9,0.2,210.0,70.0,,,,,,
2024-02-20T01:00,66,Moderate,18.2,30.9,1.5,0.2,196.0,71.0,,,,,,
2024-02-20T02:00,66,Moderate,17.9,30.5,1.2,0.2,185.0,72.0,,,,,,
2024-02-20T03:00,66,Moderate,17.5,29.9,0.9,0.2,181.0,73.0,,,,,,
2024-02-20T04:00,66,Moderate,16.9,29.2,0.7,0.3,181.0,75.0,,,,,,
2024-02-20T05:00,67,Moderate,16.4,27.9,0.7,0.3,177.0,74.0,,,,,,
2024-02-20T06:00,67,Moderate,15.7,26.5,0.7,0.3,180.0,75.0,,,,,,
2024-02-20T07:00,67,Moderate,15.3,25.7,0.7,0.3,185.0,77.0,,,,,,
2024-02-20T08:00,67,Moderate,14.7,24.6,0.7,0.3,191.0,79.0,,,,,,
2024-02-20T09:00,66,Moderate,14.0,23.2,0.6,0.3,197.0,82.0,,,,,,
2024-02-20T10:00,66,Moderate,13.4,22.3,0.5,0.2,204.0,85.0,,,,,,
2024-02-20T11:00,66,Moderate,13.2,22.0,0.4,0.2,210.0,87.0,,,,,,
2024-02-20T12:00,66,Moderate,13.4,22.5,0.3,0.2,214.0,87.0,,,,,,
2024-02-20T13:00,65,Moderate,14.1,23.6,0.3,0.1,218.0,87.0,,,,,,
2024-02-20T14:00,65,Moderate,15.1,25.6,0.3,0.1,221.0,87.0,,,,,,
2024-02-20T15:00,64,Moderate,16.4,27.9,0.4,0.1,225.0,89.0,,,,,,
2024-02-20T16:00,64,Moderate,17.8,30.6,0.6,0.1,228.0,91.0,,,,,,
2024-02-20T17:00,64,Moderate,22.4,38.3,0.9,0.2,213.0,95.0,,,,,,
2024-02-20T18:00,64,Moderate,23.6,40.5,1.2,0.2,216.0,96.0,,,,,,
2024-02-20T19:00,65,Moderate,24.6,42.1,1.5,0.2,221.0,97.0,,,,,,
2024-02-20T20:00,65,Moderate,26.2,44.6,1.8,0.2,225.0,96.0,,,,,,
2024-02-20T21:00,66,Moderate,27.6,46.8,1.9,0.2,229.0,92.0,,,,,,
2024-02-20T22:00,67,Moderate,27.8,46.8,1.9,0.3,231.0,87.0,,,,,,
2024-02-20T23:00,68,Moderate,27.1,45.6,1.8,0.3,232.0,83.0,,,,,,
2024-02-21T00:00,68,Moderate,26.4,44.6,1.5,0.3,228.0,82.0,,,,,,
2024-02-21T01:00,69,Moderate,26.0,44.0,1.1,0.3,222.0,82.0,,,,,,
2024-02-21T02:00,69,Moderate,26.0,43.9,0.7,0.3,217.0,82.0,,,,,,
2024-02-21T03:00,70,Moderate,26.2,44.2,0.5,0.3,214.0,83.0,,,,,,
2024-02-21T04:00,71,Moderate,26.6,45.1,0.3,0.3,211.0,84.0,,,,,,
2024-02-21T05:00,72,Moderate,26.7,45.2,0.2,0.3,213.0,85.0,,,,,,
2024-02-21T06:00,72,Moderate,26.7,44.9,0.3,0.3,215.0,85.0,,,,,,
2024-02-21T07:00,73,Moderate,26.4,44.4,0.4,0.3,217.0,85.0,,,,,,
2024-02-21T08:00,74,Moderate,25.9,43.3,0.5,0.3,219.0,85.0,,,,,,
2024-02-21T09:00,75,Moderate,25.5,42.5,0.5,0.3,220.0,86.0,,,,,,
2024-02-21T10:00,76,Moderate,24.9,41.6,0.4,0.2,220.0,87.0,,,,,,
2024-02-21T11:00,77,Moderate,24.3,40.4,0.3,0.2,220.0,87.0,,,,,,
2024-02-21T12:00,78,Moderate,23.9,39.7,0.3,0.2,219.0,85.0,,,,,,
2024-02-21T13:00,78,Moderate,23.6,39.1,0.3,0.2,217.0,82.0,,,,,,
2024-02-21T14:00,79,Moderate,22.9,37.8,0.3,0.2,216.0,79.0,,,,,,
2024-02-21T15:00,80,Moderate,21.7,35.7,0.4,0.2,216.0,75.0,,,,,,
2024-02-21T16:00,80,Moderate,20.1,32.9,0.5,0.1,217.0,70.0,,,,,,
2024-02-21T17:00,80,Moderate,21.8,35.9,0.6,0.1,199.0,71.0,,,,,,
2024-02-21T18:00,80,Moderate,20.0,32.8,0.5,0.1,198.0,72.0,,,,,,
2024-02-21T19:00,80,Moderate,18.3,29.8,0.3,0.1,197.0,73.0,,,,,,
2024-02-21T20:00,80,Moderate,16.9,27.4,0.3,0.1,196.0,73.0,,,,,,
2024-02-21T21:00,79,Moderate,15.9,25.7,0.3,0.1,195.0,73.0,,,,,,
2024-02-21T22:00,78,Moderate,15.3,24.6,0.5,0.1,195.0,73.0,,,,,,
2024-02-21T23:00,77,Moderate,15.1,24.3,0.9,0.6,198.0,71.0,,,,,,
2024-02-22T00:00,76,Moderate,14.8,23.9,1.8,1.9,205.0,67.0,,,,,,
2024-02-22T01:00,75,Moderate,15.0,24.0,3.0,3.7,215.0,61.0,,,,,,
2024-02-22T02:00,74,Moderate,15.0,24.1,3.9,5.1,223.0,57.0,,,,,,
2024-02-22T03:00,73,Moderate,15.2,24.4,4.2,5.7,226.0,56.0,,,,,,
2024-02-22T04:00,73,Moderate,15.2,24.7,4.1,6.0,227.0,57.0,,,,,,
2024-02-22T05:00,72,Moderate,15.4,25.0,3.6,4.8,225.0,60.0,,,,,,
2024-02-22T06:00,71,Moderate,15.1,24.7,3.7,5.5,226.0,62.0,,,,,,
2024-02-22T07:00,70,Moderate,15.2,24.8,3.8,6.4,228.0,64.0,,,,,,
2024-02-22T08:00,69,Moderate,15.8,25.7,3.6,7.0,229.0,70.0,,,,,,
2024-02-22T09:00,68,Moderate,17.2,27.9,3.0,7.3,229.0,82.0,,,,,,
2024-02-22T10:00,68,Moderate,17.8,28.9,2.1,7.3,228.0,98.0,,,,,,
2024-02-22T11:00,67,Moderate,18.2,29.9,1.4,6.7,225.0,109.0,,,,,,
2024-02-22T12:00,66,Moderate,18.7,31.3,0.9,4.8,219.0,110.0,,,,,,
2024-02-22T13:00,66,Moderate,19.0,32.9,0.6,2.3,211.0,107.0,,,,,,
2024-02-22T14:00,66,Moderate,19.0,33.9,0.4,0.5,205.0,104.0,,,,,,
2024-02-22T15:00,65,Moderate,19.0,34.5,0.3,0.0,202.0,103.0,,,,,,
2024-02-22T16:00,65,Moderate,19.0,34.5,0.4,0.1,200.0,103.0,,,,,,
2024-02-22T17:00,65,Moderate,21.0,37.1,0.5,0.4,195.0,96.0,,,,,,
2024-02-22T18:00,65,Moderate,20.3,36.1,0.6,0.5,195.0,100.0,,,,,,
2024-02-22T19:00,65,Moderate,20.7,37.1,0.7,0.6,194.0,105.0,,,,,,
2024-02-22T20:00,65,Moderate,20.4,36.7,0.9,0.8,194.0,109.0,,,,,,
2024-02-22T21:00,66,Moderate,20.2,36.4,1.1,1.0,194.0,110.0,,,,,,
2024-02-22T22:00,66,Moderate,20.1,36.4,1.3,1.2,194.0,110.0,,,,,,
2024-02-22T23:00,66,Moderate,20.0,36.2,1.4,1.4,194.0,109.0,,,,,,
2024-02-23T00:00,67,Moderate,19.7,35.9,1.5,1.7,194.0,108.0,,,,,,
2024-02-23T01:00,67,Moderate,19.3,35.3,1.5,2.1,194.0,106.0,,,,,,
2024-02-23T02:00,67,Moderate,18.8,34.3,1.6,2.4,194.0,105.0,,,,,,
2024-02-23T03:00,68,Moderate,18.2,33.2,1.7,2.7,193.0,104.0,,,,,,
2024-02-23T04:00,68,Moderate,17.5,32.0,1.8,3.0,193.0,102.0,,,,,,
2024-02-23T05:00,68,Moderate,16.9,31.1,1.9,3.3,195.0,99.0,,,,,,
2024-02-23T06:00,68,Moderate,16.6,30.3,2.3,4.0,197.0,98.0,,,,,,
2024-02-23T07:00,68,Moderate,16.2,29.4,2.8,4.9,200.0,97.0,,,,,,
2024-02-23T08:00,68,Moderate,16.1,28.9,3.0,5.6,201.0,98.0,,,,,,
2024-02-23T09:00,68,Moderate,16.2,28.6,2.5,5.9,201.0,105.0,,,,,,
2024-02-23T10:00,68,Moderate,16.7,29.0,1.8,5.8,199.0,114.0,,,,,,
2024-02-23T11:00,68,Moderate,16.8,29.0,1.1,5.3,197.0,119.0,,,,,,
2024-02-23T12:00,68,Moderate,16.2,28.1,0.7,3.8,194.0,115.0,,,,,,
2024-02-23T13:00,68,Moderate,15.0,26.5,0.5,1.8,191.0,107.0,,,,,,
2024-02-23T14:00,68,Moderate,14.2,25.4,0.4,0.4,189.0,99.0,,,,,,
2024-02-23T15:00,67,Moderate,13.7,24.5,0.4,0.0,188.0,94.0,,,,,,
2024-02-23T16:00,67,Moderate,13.3,23.9,0.5,0.1,188.0,90.0,,,,,,
2024-02-23T17:00,66,Moderate,9.3,16.9,0.6,0.2,185.0,86.0,,,,,,
2024-02-23T18:00,65,Moderate,9.5,17.4,0.6,0.2,184.0,88.0,,,,,,
2024-02-23T19:00,65,Moderate,9.8,18.0,0.6,0.3,183.0,91.0,,,,,,
2024-02-23T20:00,64,Moderate,9.9,18.5,0.8,0.6,183.0,93.0,,,,,,
2024-02-23T21:00,63,Moderate,9.9,18.4,1.2,1.1,184.0,95.0,,,,,,
2024-02-23T22:00,62,Moderate,10.0,18.8,1.8,1.8,186.0,96.0,,,,,,
2024-02-23T23:00,61,Moderate,10.3,19.3,2.3,2.5,188.0,97.0,,,,,,
2024-02-24T00:00,61,Moderate,10.4,19.6,2.5,3.0,189.0,97.0,,,,,,
2024-02-24T01:00,60,Moderate,10.5,19.8,2.6,3.5,190.0,97.0,,,,,,
2024-02-24T02:00,59,Moderate,10.5,19.8,2.6,3.9,190.0,96.0,,,,,,
2024-02-24T03:00,58,Moderate,10.5,19.8,2.7,4.4,190.0,95.0,,,,,,
2024-02-24T04:00,58,Moderate,10.5,19.7,2.7,4.8,190.0,94.0,,,,,,
2024-02-24T05:00,57,Moderate,10.5,19.0,3.3,6.1,202.0,90.0,,,,,,
2024-02-24T06:00,57,Moderate,11.0,19.6,3.6,6.9,204.0,90.0,,,,,,
2024-02-24T07:00,56,Moderate,11.2,19.7,4.0,8.0,207.0,90.0,,,,,,
2024-02-24T08:00,56,Moderate,11.3,19.7,4.0,8.2,207.0,92.0,,,,,,
2024-02-24T09:00,56,Moderate,11.0,19.4,3.1,6.8,200.0,98.0,,,,,,
2024-02-24T10:00,55,Moderate,11.2,19.9,1.7,4.6,190.0,105.0,,,,,,
2024-02-24T11:00,55,Moderate,10.8,19.8,0.6,2.7,181.0,108.0,,,,,,
2024-02-24T12:00,54,Moderate,10.0,19.0,0.3,1.6,173.0,103.0,,,,,,
2024-02-24T13:00,54,Moderate,9.3,18.0,0.3,0.8,166.0,93.0,,,,,,
2024-02-24T14:00,53,Moderate,8.9,17.1,0.3,0.3,161.0,85.0,,,,,,
2024-02-24T15:00,53,Moderate,8.4,15.9,0.3,0.1,158.0,81.0,,,,,,
2024-02-24T16:00,53,Moderate,8.2,15.6,0.4,0.1,157.0,78.0,,,,,,
2024-02-24T17:00,52,Moderate,11.4,20.7,0.4,0.2,163.0,71.0,,,,,,
2024-02-24T18:00,52,Moderate,10.3,18.5,0.4,0.2,163.0,71.0,,,,,,
2024-02-24T19:00,52,Moderate,10.1,17.8,0.4,0.1,163.0,72.0,,,,,,
2024-02-24T20:00,52,Moderate,10.4,18.2,0.5,0.1,166.0,73.0,,,,,,
2024-02-24T21:00,52,Moderate,11.2,19.2,0.7,0.1,176.0,75.0,,,,,,
2024-02-24T22:00,53,Moderate,13.3,22.2,1.0,0.2,190.0,78.0,,,,,,
2024-02-24T23:00,53,Moderate,17.8,29.3,1.2,0.2,200.0,80.0,,,,,,
2024-02-25T00:00,53,Moderate,21.1,35.6,1.1,0.2,204.0,80.0,,,,,,
2024-02-25T01:00,54,Moderate,21.9,37.7,0.8,0.2,205.0,80.0,,,,,,
2024-02-25T02:00,55,Moderate,20.5,35.5,0.6,0.2,201.0,79.0,,,,,,
2024-02-25T03:00,56,Moderate,17.9,30.9,0.5,0.2,191.0,77.0,,,,,,
2024-02-25T04:00,56,Moderate,15.4,26.6,0.4,0.2,176.0,76.0,,,,,,
2024-02-25T05:00,57,Moderate,14.7,25.1,0.4,0.2,170.0,72.0,,,,,,
2024-02-25T06:00,57,Moderate,13.1,22.5,0.4,0.2,168.0,72.0,,,,,,
2024-02-25T07:00,57,Moderate,12.3,21.0,0.4,0.2,166.0,73.0,,,,,,
2024-02-25T08:00,57,Moderate,11.8,20.3,0.4,0.2,164.0,73.0,,,,,,
2024-02-25T09:00,57,Moderate,11.6,19.9,0.3,0.2,163.0,72.0,,,,,,
2024-02-25T10:00,58,Moderate,11.5,19.7,0.3,0.2,163.0,71.0,,,,,,
2024-02-25T11:00,58,Moderate,11.6,20.0,0.2,0.2,163.0,70.0,,,,,,
2024-02-25T12:00,58,Moderate,11.7,20.3,0.2,0.2,161.0,68.0,,,,,,
2024-02-25T13:00,58,Moderate,11.9,20.7,0.2,0.1,160.0,66.0,,,,,,
2024-02-25T14:00,58,Moderate,12.0,20.9,0.2,0.1,159.0,65.0,,,,,,
2024-02-25T15:00,58,Moderate,12.0,21.1,0.3,0.1,161.0,67.0,,,,,,
2024-02-25T16:00,58,Moderate,12.2,21.5,0.4,0.1,164.0,70.0,,,,,,
2024-02-25T17:00,59,Moderate,14.0,25.1,0.7,0.2,164.0,80.0,,,,,,
2024-02-25T18:00,59,Moderate,13.6,24.3,0.8,0.2,161.0,78.0,,,,,,
2024-02-25T19:00,59,Moderate,12.8,22.7,1.0,0.2,158.0,74.0,,,,,,
2024-02-25T20:00,59,Moderate,12.0,21.1,1.1,0.2,155.0,71.0,,,,,,
2024-02-25T21:00,60,Moderate,11.7,20.4,1.1,0.2,155.0,68.0,,,,,,
2024-02-25T22:00,60,Moderate,11.8,20.4,1.2,0.1,155.0,65.0,,,,,,
2024-02-25T23:00,60,Moderate,12.0,20.8,1.1,0.1,155.0,63.0,,,,,,
2024-02-26T00:00,59,Moderate,12.5,21.7,1.0,0.1,152.0,61.0,,,,,,
2024-02-26T01:00,58,Moderate,13.2,22.9,0.7,0.1,148.0,60.0,,,,,,
2024-02-26T02:00,58,Moderate,14.1,24.5,0.6,0.1,145.0,59.0,,,,,,
2024-02-26T03:00,57,Moderate,15.1,26.0,0.6,0.1,144.0,57.0,,,,,,
2024-02-26T04:00,57,Moderate,15.5,26.8,0.6,0.1,143.0,54.0,,,,,,
2024-02-26T05:00,57,Moderate,14.8,25.4,0.2,0.1,139.0,51.0,,,,,,
2024-02-26T06:00,57,Moderate,14.8,25.3,0.3,0.1,141.0,50.0,,,,,,
2024-02-26T07:00,57,Moderate,15.0,25.5,0.4,0.1,143.0,49.0,,,,,,
2024-02-26T08:00,57,Moderate,15.3,25.9,0.5,0.1,146.0,49.0,,,,,,
2024-02-26T09:00,58,Moderate,15.6,26.5,0.4,0.1,149.0,51.0,,,,,,
2024-02-26T10:00,58,Moderate,15.8,26.7,0.3,0.1,152.0,53.0,,,,,,
2024-02-26T11:00,58,Moderate,15.8,26.8,0.2,0.1,156.0,56.0,,,,,,
2024-02-26T12:00,59,Moderate,15.5,26.4,0.2,0.1,161.0,59.0,,,,,,
2024-02-26T13:00,59,Moderate,14.7,25.0,0.2,0.1,166.0,63.0,,,,,,
2024-02-26T14:00,59,Moderate,14.0,23.9,0.3,0.1,170.0,66.0,,,,,,
2024-02-26T15:00,59,Moderate,13.4,23.1,0.4,0.1,174.0,69.0,,,,,,
2024-02-26T16:00,59,Moderate,13.2,22.9,0.6,0.1,177.0,73.0,,,,,,
2024-02-26T17:00,59,Moderate,13.6,23.3,0.8,0.1,175.0,72.0,,,,,,
2024-02-26T18:00,59,Moderate,12.6,21.4,1.0,0.1,176.0,70.0,,,,,,
2024-02-26T19:00,59,Moderate,12.1,20.8,1.2,0.2,177.0,68.0,,,,,,
2024-02-26T20:00,59,Moderate,12.4,21.4,1.4,0.2,177.0,66.0,,,,,,
2024-02-26T21:00,59,Moderate,13.0,22.5,1.5,0.3,176.0,64.0,,,,,,
2024-02-26T22:00,59,Moderate,13.9,23.9,1.6,0.3,174.0,62.0,,,,,,
2024-02-26T23:00,60,Moderate,14.3,24.7,1.7,0.4,172.0,61.0,,,,,,
2024-02-27T00:00,60,Moderate,14.8,25.6,1.7,0.5,171.0,60.0,,,,,,
2024-02-27T01:00,60,Moderate,15.1,26.1,1.7,0.5,170.0,59.0,,,,,,
2024-02-27T02:00,60,Moderate,15.1,26.1,1.6,0.6,169.0,59.0,,,,,,
2024-02-27T03:00,60,Moderate,15.1,25.9,1.5,0.7,169.0,59.0,,,,,,
2024-02-27T04:00,60,Moderate,15.1,25.9,1.4,0.8,169.0,59.0,,,,,,
2024-02-27T05:00,60,Moderate,15.1,25.7,1.1,0.6,156.0,60.0,,,,,,
2024-02-27T06:00,60,Moderate,15.3,26.1,1.3,0.8,159.0,60.0,,,,,,
2024-02-27T07:00,60,Moderate,15.4,26.3,1.5,1.1,162.0,59.0,,,,,,
2024-02-27T08:00,60,Moderate,15.4,26.1,1.5,1.2,165.0,60.0,,,,,,
2024-02-27T09:00,60,Moderate,14.7,25.0,1.2,1.0,166.0,64.0,,,,,,
2024-02-27T10:00,60,Moderate,13.8,23.5,0.7,0.5,165.0,69.0,,,,,,
2024-02-27T11:00,60,Moderate,13.8,23.6,0.4,0.2,165.0,73.0,,,,,,
2024-02-27T12:00,60,Moderate,14.2,24.4,0.3,0.1,166.0,75.0,,,,,,
2024-02-27T13:00,60,Moderate,14.7,25.3,0.3,0.1,168.0,77.0,,,,,,
2024-02-27T14:00,60,Moderate,15.3,26.4,0.4,0.1,169.0,77.0,,,,,,
2024-02-27T15:00,60,Moderate,15.9,27.4,0.5,0.1,169.0,76.0,,,,,,
2024-02-27T16:00,60,Moderate,16.2,27.7,0.6,0.1,169.0,73.0,,,,,,
2024-02-27T17:00,60,Moderate,18.3,30.9,0.7,0.1,172.0,70.0,,,,,,
2024-02-27T18:00,61,Moderate,17.8,29.9,0.8,0.1,174.0,68.0,,,,,,
2024-02-27T19:00,61,Moderate,17.5,29.5,1.0,0.1,176.0,65.0,,,,,,
2024-02-27T20:00,61,Moderate,17.3,29.4,1.1,0.1,179.0,63.0,,,,,,
2024-02-27T21:00,62,Moderate,17.2,29.3,1.2,0.1,181.0,62.0,,,,,,
2024-02-27T22:00,62,Moderate,16.9,28.9,1.3,0.2,184.0,62.0,,,,,,
2024-02-27T23:00,62,Moderate,16.3,27.8,1.4,0.3,186.0,62.0,,,,,,
2024-02-28T00:00,63,Moderate,15.5,26.5,1.5,0.4,187.0,62.0,,,,,,
2024-02-28T01:00,63,Moderate,14.8,25.3,1.6,0.5,188.0,61.0,,,,,,
2024-02-28T02:00,63,Moderate,14.3,24.3,1.6,0.6,189.0,61.0,,,,,,
2024-02-28T03:00,63,Moderate,14.2,24.0,1.6,0.7,191.0,61.0,,,,,,
2024-02-28T04:00,63,Moderate,14.1,23.7,1.5,0.8,194.0,61.0,,,,,,
2024-02-28T05:00,62,Moderate,13.9,23.5,1.7,1.0,196.0,60.0,,,,,,
2024-02-28T06:00,62,Moderate,13.6,23.1,1.7,1.2,198.0,61.0,,,,,,
2024-02-28T07:00,62,Moderate,13.5,22.8,1.8,1.5,200.0,62.0,,,,,,
2024-02-28T08:00,62,Moderate,13.5,22.5,1.7,1.6,202.0,65.0,,,,,,
2024-02-28T09:00,62,Moderate,13.3,21.9,1.4,1.5,202.0,71.0,,,,,,
2024-02-28T10:00,62,Moderate,13.3,22.0,0.9,1.2,201.0,78.0,,,,,,
2024-02-28T11:00,62,Moderate,13.9,22.9,0.6,0.9,200.0,83.0,,,,,,
2024-02-28T12:00,62,Moderate,14.6,24.2,0.5,0.6,200.0,85.0,,,,,,
2024-02-28T13:00,62,Moderate,14.7,24.4,0.4,0.4,201.0,86.0,,,,,,
2024-02-28T14:00,62,Moderate,14.7,24.5,0.4,0.2,202.0,85.0,,,,,,
2024-02-28T15:00,62,Moderate,14.5,24.1,0.4,0.1,204.0,82.0,,,,,,
2024-02-28T16:00,62,Moderate,14.2,23.6,0.5,0.1,207.0,77.0,,,,,,
2024-02-28T17:00,61,Moderate,17.9,29.5,0.7,0.1,214.0,76.0,,,,,,
2024-02-28T18:00,61,Moderate,17.1,27.9,0.8,0.1,216.0,75.0,,,,,,
2024-02-28T19:00,61,Moderate,16.6,27.2,1.0,0.1,219.0,73.0,,,,,,
2024-02-28T20:00,61,Moderate,16.9,27.6,1.1,0.1,221.0,71.0,,,,,,
2024-02-28T21:00,61,Moderate,17.3,28.5,1.1,0.1,223.0,70.0,,,,,,
2024-02-28T22:00,61,Moderate,17.6,28.9,1.1,0.1,224.0,70.0,,,,,,
2024-02-28T23:00,61,Moderate,17.6,29.0,1.1,0.1,224.0,69.0,,,,,,
2024-02-29T00:00,61,Moderate,17.6,28.9,1.1,0.1,222.0,68.0,,,,,,
2024-02-29T01:00,62,Moderate,17.6,28.9,1.1,0.1,219.0,68.0,,,,,,
2024-02-29T02:00,62,Moderate,17.5,28.7,1.1,0.2,217.0,67.0,,,,,,
2024-02-29T03:00,62,Moderate,17.3,28.4,1.2,0.3,215.0,65.0,,,,,,
2024-02-29T04:00,62,Moderate,17.4,28.5,1.4,0.4,213.0,63.0,,,,,,
2024-02-29T05:00,63,Moderate,17.7,29.1,2.3,0.8,216.0,57.0,,,,,,
2024-02-29T06:00,63,Moderate,18.0,29.5,2.4,1.2,218.0,56.0,,,,,,
2024-02-29T07:00,63,Moderate,18.2,29.5,2.5,1.7,220.0,56.0,,,,,,
2024-02-29T08:00,64,Moderate,18.4,29.5,2.4,2.0,221.0,58.0,,,,,,
2024-02-29T09:00,64,Moderate,18.0,28.8,1.9,1.9,220.0,66.0,,,,,,
2024-02-29T10:00,64,Moderate,17.8,28.6,1.3,1.5,217.0,77.0,,,,,,
2024-02-29T11:00,65,Moderate,17.7,28.9,0.8,1.2,215.0,86.0,,,,,,
2024-02-29T12:00,65,Moderate,17.7,29.1,0.6,0.9,214.0,89.0,,,,,,
2024-02-29T13:00,65,Moderate,17.8,29.5,0.4,0.6,213.0,90.0,,,,,,
2024-02-29T14:00,65,Moderate,18.1,30.0,0.4,0.3,213.0,90.0,,,,,,
2024-02-29T15:00,66,Moderate,18.4,30.5,0.4,0.2,215.0,89.0,,,,,,
2024-02-29T16:00,66,Moderate,18.7,31.0,0.6,0.1,217.0,88.0,,,,,,
2024-02-29T17:00,66,Moderate,17.4,28.9,0.9,0.2,215.0,88.0,,,,,,
2024-02-29T18:00,66,Moderate,17.3,28.7,1.0,0.2,215.0,85.0,,,,,,
2024-02-29T19:00,66,Moderate,17.6,29.0,1.2,0.1,215.0,81.0,,,,,,
2024-02-29T20:00,66,Moderate,18.1,29.6,1.4,0.1,216.0,77.0,,,,,,
2024-02-29T21:00,67,Moderate,18.3,29.8,1.5,0.1,221.0,74.0,,,,,,
2024-02-29T22:00,67,Moderate,18.6,30.2,1.6,0.2,227.0,72.0,,,,,,
2024-02-29T23:00,67,Moderate,19.0,30.6,1.6,0.2,232.0,71.0,,,,,,
2024-03-01T00:00,67,Moderate,19.3,31.1,1.6,0.3,233.0,71.0,,,,,,
2024-03-01T01:00,67,Moderate,19.6,31.8,1.5,0.3,231.0,71.0,,,,,,
2024-03-01T02:00,67,Moderate,20.0,32.5,1.4,0.4,230.0,71.0,,,,,,
2024-03-01T03:00,67,Moderate,20.3,33.2,1.4,0.5,229.0,71.0,,,,,,
2024-03-01T04:00,68,Moderate,20.7,33.9,1.3,0.6,227.0,70.0,,,,,,
2024-03-01T05:00,68,Moderate,20.3,33.2,1.0,0.4,226.0,72.0,,,,,,
2024-03-01T06:00,68,Moderate,20.5,33.5,1.2,0.7,229.0,70.0,,,,,,
2024-03-01T07:00,68,Moderate,20.9,34.0,1.6,1.1,233.0,69.0,,,,,,
2024-03-01T08:00,68,Moderate,21.5,34.9,1.7,1.3,235.0,69.0,,,,,,
2024-03-01T09:00,69,Moderate,21.7,34.9,1.4,1.1,232.0,74.0,,,,,,
2024-03-01T10:00,69,Moderate,21.5,34.7,1.0,0.7,226.0,81.0,,,,,,
2024-03-01T11:00,69,Moderate,21.8,35.5,0.6,0.4,220.0,86.0,,,,,,
2024-03-01T12:00,70,Moderate,21.9,35.7,0.4,0.3,216.0,87.0,,,,,,
2024-03-01T13:00,70,Moderate,21.7,35.4,0.4,0.2,211.0,87.0,,,,,,
2024-03-01T14:00,70,Moderate,21.5,35.4,0.4,0.2,209.0,86.0,,,,,,
2024-03-01T15:00,70,Moderate,21.1,34.8,0.5,0.2,208.0,86.0,,,,,,
2024-03-01T16:00,71,Moderate,20.3,33.4,0.8,0.1,209.0,85.0,,,,,,
2024-03-01T17:00,71,Moderate,23.5,38.4,1.0,0.2,213.0,86.0,,,,,,
2024-03-01T18:00,71,Moderate,23.1,37.5,1.2,0.2,221.0,84.0,,,,,,
2024-03-01T19:00,72,Moderate,23.5,37.7,1.5,0.2,232.0,81.0,,,,,,
2024-03-01T20:00,72,Moderate,24.3,38.8,1.8,0.2,242.0,78.0,,,,,,
2024-03-01T21:00,73,Moderate,25.0,39.8,1.9,0.2,252.0,75.0,,,,,,
2024-03-01T22:00,73,Moderate,25.4,40.4,2.0,0.2,262.0,73.0,,,,,,
2024-03-01T23:00,74,Moderate,25.4,40.4,2.0,0.2,266.0,71.0,,,,,,
2024-03-02T00:00,74,Moderate,25.0,39.8,1.9,0.2,262.0,69.0,,,,,,
2024-03-02T01:00,75,Moderate,24.6,39.2,1.8,0.2,253.0,68.0,,,,,,
2024-03-02T02:00,75,Moderate,24.2,38.6,1.7,0.2,243.0,67.0,,,,,,
2024-03-02T03:00,75,Moderate,23.9,38.0,1.6,0.2,234.0,66.0,,,,,,
2024-03-02T04:00,76,Moderate,23.7,37.6,1.5,0.3,224.0,66.0,,,,,,
2024-03-02T05:00,76,Moderate,23.9,37.8,1.3,0.4,209.0,66.0,,,,,,
2024-03-02T06:00,76,Moderate,24.3,38.3,1.4,0.5,209.0,66.0,,,,,,
2024-03-02T07:00,77,Moderate,24.5,38.5,1.5,0.7,208.0,66.0,,,,,,
2024-03-02T08:00,77,Moderate,25.3,39.7,1.5,0.8,207.0,68.0,,,,,,
2024-03-02T09:00,77,Moderate,25.7,40.3,1.2,0.7,205.0,72.0,,,,,,
2024-03-02T10:00,77,Moderate,25.7,40.2,0.8,0.5,203.0,78.0,,,,,,
2024-03-02T11:00,78,Moderate,25.7,40.2,0.5,0.3,201.0,82.0,,,,,,
2024-03-02T12:00,78,Moderate,26.0,40.6,0.4,0.2,200.0,83.0,,,,,,
2024-03-02T13:00,78,Moderate,26.4,41.4,0.3,0.1,199.0,83.0,,,,,,
2024-03-02T14:00,79,Moderate,26.8,42.0,0.4,0.1,200.0,82.0,,,,,,
2024-03-02T15:00,79,Moderate,27.0,42.1,0.5,0.1,203.0,81.0,,,,,,
2024-03-02T16:00,80,Moderate,26.8,41.9,0.8,0.1,207.0,78.0,,,,,,
2024-03-02T17:00,80,Moderate,27.3,42.7,1.1,0.1,200.0,81.0,,,,,,
2024-03-02T18:00,80,Moderate,27.1,42.3,1.1,0.1,198.0,80.0,,,,,,
2024-03-02T19:00,81,Moderate,26.5,41.2,1.1,0.2,195.0,78.0,,,,,,
2024-03-02T20:00,81,Moderate,26.0,40.2,1.2,0.2,195.0,77.0,,,,,,
2024-03-02T21:00,81,Moderate,25.7,39.6,1.6,0.2,201.0,77.0,,,,,,
2024-03-02T22:00,81,Moderate,25.6,39.2,2.1,0.2,210.0,77.0,,,,,,
2024-03-02T23:00,81,Moderate,26.0,40.3,2.4,0.2,216.0,77.0,,,,,,
2024-03-03T00:00,81,Moderate,26.7,42.1,2.3,0.2,217.0,76.0,,,,,,
2024-03-03T01:00,81,Moderate,25.9,41.6,1.9,0.2,214.0,74.0,,,,,,
2024-03-03T02:00,82,Moderate,24.9,40.4,1.5,0.2,211.0,73.0,,,,,,
2024-03-03T03:00,82,Moderate,23.9,39.1,1.1,0.2,207.0,73.0,,,,,,
2024-03-03T04:00,82,Moderate,23.2,38.2,0.8,0.2,202.0,74.0,,,,,,
2024-03-03T05:00,82,Moderate,22.3,36.8,0.6,0.2,194.0,74.0,,,,,,
2024-03-03T06:00,81,Moderate,21.8,36.2,0.6,0.2,195.0,75.0,,,,,,
2024-03-03T07:00,81,Moderate,21.6,36.0,0.6,0.2,196.0,77.0,,,,,,
2024-03-03T08:00,81,Moderate,21.7,36.2,0.5,0.2,197.0,79.0,,,,,,
2024-03-03T09:00,81,Moderate,21.8,36.6,0.4,0.2,199.0,80.0,,,,,,
2024-03-03T10:00,80,Moderate,22.1,37.4,0.3,0.2,201.0,82.0,,,,,,
2024-03-03T11:00,80,Moderate,22.2,38.1,0.2,0.2,203.0,82.0,,,,,,
2024-03-03T12:00,80,Moderate,22.4,38.5,0.2,0.2,203.0,81.0,,,,,,
2024-03-03T13:00,80,Moderate,22.6,39.3,0.2,0.2,203.0,79.0,,,,,,
2024-03-03T14:00,79,Moderate,22.9,40.2,0.3,0.2,204.0,79.0,,,,,,
2024-03-03T15:00,79,Moderate,23.3,41.2,0.4,0.2,206.0,80.0,,,,,,
2024-03-03T16:00,79,Moderate,23.7,42.3,0.5,0.1,209.0,83.0,,,,,,
2024-03-03T17:00,78,Moderate,22.4,41.4,0.7,0.2,209.0,93.0,,,,,,
2024-03-03T18:00,78,Moderate,21.4,40.4,0.8,0.2,204.0,94.0,,,,,,
2024-03-03T19:00,78,Moderate,19.9,38.4,0.9,0.3,198.0,95.0,,,,,,
2024-03-03T20:00,77,Moderate,18.7,36.7,1.1,0.3,195.0,95.0,,,,,,
2024-03-03T21:00,76,Moderate,18.1,35.9,1.3,0.3,196.0,93.0,,,,,,
2024-03-03T22:00,76,Moderate,17.9,35.6,1.6,0.4,200.0,91.0,,,,,,
2024-03-03T23:00,75,Moderate,17.9,35.6,1.8,0.4,205.0,88.0,,,,,,
2024-03-04T00:00,75,Moderate,18.3,36.0,1.8,0.4,211.0,86.0,,,,,,
2024-03-04T01:00,74,Moderate,18.7,36.4,1.8,0.5,218.0,85.0,,,,,,
2024-03-04T02:00,73,Moderate,19.2,36.9,1.7,0.5,224.0,83.0,,,,,,
2024-03-04T03:00,73,Moderate,19.3,36.9,1.7,0.5,227.0,80.0,,,,,,
2024-03-04T04:00,73,Moderate,19.3,36.6,1.7,0.6,228.0,78.0,,,,,,
2024-03-04T05:00,72,Moderate,19.6,36.8,1.1,0.6,221.0,78.0,,,,,,
2024-03-04T06:00,72,Moderate,19.4,36.6,0.9,0.6,217.0,79.0,,,,,,
2024-03-04T07:00,72,Moderate,19.2,36.1,0.7,0.6,211.0,81.0,,,,,,
2024-03-04T08:00,72,Moderate,19.0,35.6,0.5,0.6,206.0,83.0,,,,,,
2024-03-04T09:00,71,Moderate,18.6,34.7,0.4,0.6,204.0,85.0,,,,,,
2024-03-04T10:00,71,Moderate,18.0,33.4,0.3,0.6,204.0,87.0,,,,,,
2024-03-04T11:00,71,Moderate,17.4,32.0,0.3,0.6,202.0,88.0,,,,,,
2024-03-04T12:00,71,Moderate,16.9,31.0,0.2,0.5,198.0,86.0,,,,,,
2024-03-04T13:00,70,Moderate,16.4,30.0,0.2,0.3,193.0,83.0,,,,,,
2024-03-04T14:00,70,Moderate,15.8,29.0,0.2,0.2,188.0,80.0,,,,,,
2024-03-04T15:00,69,Moderate,15.1,27.7,0.2,0.2,184.0,78.0,,,,,,
2024-03-04T16:00,68,Moderate,14.5,26.4,0.3,0.3,180.0,77.0,,,,,,
2024-03-04T17:00,68,Moderate,16.9,30.9,0.4,0.2,187.0,74.0,,,,,,
2024-03-04T18:00,67,Moderate,16.5,29.8,0.4,0.2,185.0,78.0,,,,,,
2024-03-04T19:00,67,Moderate,15.9,28.8,0.4,0.3,183.0,84.0,,,,,,
2024-03-04T20:00,67,Moderate,15.7,28.0,0.4,0.3,182.0,88.0,,,,,,
2024-03-04T21:00,66,Moderate,15.6,27.6,0.6,0.4,182.0,90.0,,,,,,
2024-03-04T22:00,66,Moderate,15.7,27.6,0.8,0.4,182.0,90.0,,,,,,
2024-03-04T23:00,66,Moderate,15.6,27.5,1.0,0.5,183.0,89.0,,,,,,
2024-03-05T00:00,66,Moderate,15.4,27.3,1.1,0.5,184.0,86.0,,,,,,
2024-03-05T01:00,66,Moderate,15.1,27.1,1.2,0.5,184.0,81.0,,,,,,
2024-03-05T02:00,65,Moderate,14.8,26.9,1.3,0.5,184.0,77.0,,,,,,
2024-03-05T03:00,65,Moderate,14.6,26.8,1.3,0.5,181.0,73.0,,,,,,
2024-03-05T04:00,65,Moderate,14.6,26.9,1.2,0.5,178.0,69.0,,,,,,
2024-03-05T05:00,64,Moderate,14.5,26.5,1.6,0.5,175.0,65.0,,,,,,
2024-03-05T06:00,64,Moderate,14.3,26.7,1.5,0.5,173.0,65.0,,,,,,
2024-03-05T07:00,63,Moderate,14.5,27.0,1.3,0.5,170.0,66.0,,,,,,
2024-03-05T08:00,63,Moderate,14.7,27.2,1.1,0.5,168.0,68.0,,,,,,
2024-03-05T09:00,63,Moderate,14.7,27.2,0.9,0.5,167.0,72.0,,,,,,
2024-03-05T10:00,62,Moderate,14.6,26.7,0.6,0.4,166.0,76.0,,,,,,
2024-03-05T11:00,62,Moderate,14.4,26.3,0.4,0.4,164.0,79.0,,,,,,
2024-03-05T12:00,62,Moderate,14.1,25.7,0.3,0.4,162.0,78.0,,,,,,
2024-03-05T13:00,62,Moderate,14.0,25.4,0.2,0.3,159.0,75.0,,,,,,
2024-03-05T14:00,61,Moderate,13.9,25.0,0.2,0.3,156.0,72.0,,,,,,
2024-03-05T15:00,61,Moderate,13.6,24.4,0.2,0.3,154.0,70.0,,,,,,
2024-03-05T16:00,61,Moderate,13.0,23.3,0.3,0.2,152.0,69.0,,,,,,
2024-03-05T17:00,61,Moderate,13.5,24.3,0.4,0.1,152.0,68.0,,,,,,
2024-03-05T18:00,61,Moderate,12.7,22.9,0.4,0.1,152.0,70.0,,,,,,
2024-03-05T19:00,60,Moderate,12.2,21.9,0.4,0.2,151.0,72.0,,,,,,
2024-03-05T20:00,60,Moderate,12.0,21.4,0.6,0.2,153.0,74.0,,,,,,
2024-03-05T21:00,60,Moderate,11.9,21.2,0.9,0.2,158.0,75.0,,,,,,
2024-03-05T22:00,60,Moderate,12.3,21.7,1.4,0.2,166.0,76.0,,,,,,
2024-03-05T23:00,59,Moderate,12.7,22.2,1.9,0.3,174.0,76.0,,,,,,
2024-03-06T00:00,59,Moderate,13.0,22.8,2.5,0.7,184.0,74.0,,,,,,
2024-03-06T01:00,59,Moderate,13.4,23.2,3.1,1.2,194.0,70.0,,,,,,
2024-03-06T02:00,59,Moderate,14.1,24.1,3.5,1.5,202.0,67.0,,,,,,
2024-03-06T03:00,59,Moderate,14.6,24.8,3.6,1.4,206.0,63.0,,,,,,
2024-03-06T04:00,59,Moderate,14.8,25.0,3.5,1.1,208.0,59.0,,,,,,
2024-03-06T05:00,59,Moderate,15.5,26.1,4.4,3.5,212.0,60.0,,,,,,
2024-03-06T06:00,59,Moderate,15.0,25.8,3.4,2.5,208.0,61.0,,,,,,
2024-03-06T07:00,59,Moderate,15.1,26.1,2.1,1.2,204.0,62.0,,,,,,
2024-03-06T08:00,59,Moderate,15.6,26.7,1.0,0.2,200.0,64.0,,,,,,
2024-03-06T09:00,59,Moderate,16.4,27.7,0.6,0.0,199.0,66.0,,,,,,
2024-03-06T10:00,59,Moderate,17.2,28.7,0.5,0.1,199.0,69.0,,,,,,
2024-03-06T11:00,59,Moderate,17.8,29.6,0.4,0.2,200.0,70.0,,,,,,
2024-03-06T12:00,60,Moderate,18.2,30.3,0.3,0.2,201.0,70.0,,,,,,
2024-03-06T13:00,60,Moderate,18.3,30.4,0.3,0.2,203.0,68.0,,,,,,
2024-03-06T14:00,60,Moderate,17.9,29.7,0.3,0.2,203.0,67.0,,,,,,
2024-03-06T15:00,61,Moderate,17.2,28.5,0.4,0.2,201.0,67.0,,,,,,
2024-03-06T16:00,61,Moderate,16.3,27.1,0.4,0.1,198.0,67.0,,,,,,
2024-03-06T17:00,61,Moderate,20.4,34.7,0.6,0.1,193.0,69.0,,,,,,
2024-03-06T18:00,62,Moderate,19.2,32.6,0.5,0.1,189.0,69.0,,,,,,
2024-03-06T19:00,62,Moderate,18.2,31.1,0.5,0.2,184.0,69.0,,,,,,
2024-03-06T20:00,63,Moderate,17.6,30.0,0.4,0.2,180.0,70.0,,,,,,
2024-03-06T21:00,63,Moderate,17.1,29.2,0.4,0.2,178.0,71.0,,,,,,
2024-03-06T22:00,64,Moderate,16.8,28.7,0.4,0.2,177.0,72.0,,,,,,
2024-03-06T23:00,64,Moderate,16.6,28.4,0.5,0.4,177.0,73.0,,,,,,
2024-03-07T00:00,64,Moderate,16.5,28.3,0.8,0.9,179.0,72.0,,,,,,
2024-03-07T01:00,64,Moderate,16.5,28.2,1.2,1.5,182.0,71.0,,,,,,
2024-03-07T02:00,65,Moderate,16.5,28.2,1.4,1.8,184.0,70.0,,,,,,
2024-03-07T03:00,65,Moderate,16.3,27.9,1.3,1.6,185.0,70.0,,,,,,
2024-03-07T04:00,65,Moderate,16.0,27.5,1.1,1.2,185.0,69.0,,,,,,
2024-03-07T05:00,65,Moderate,15.9,27.6,0.7,0.3,181.0,70.0,,,,,,
2024-03-07T06:00,65,Moderate,15.8,27.5,0.8,0.3,186.0,69.0,,,,,,
2024-03-07T07:00,65,Moderate,15.8,27.2,1.0,0.3,193.0,67.0,,,,,,
2024-03-07T08:00,65,Moderate,15.6,26.7,1.1,0.3,198.0,67.0,,,,,,
2024-03-07T09:00,65,Moderate,15.1,25.6,1.0,0.3,200.0,70.0,,,,,,
2024-03-07T10:00,65,Moderate,14.5,24.6,0.7,0.2,200.0,73.0,,,,,,
2024-03-07T11:00,65,Moderate,14.1,23.7,0.5,0.2,199.0,76.0,,,,,,
2024-03-07T12:00,65,Moderate,13.9,23.2,0.5,0.2,198.0,77.0,,,,,,
2024-03-07T13:00,64,Moderate,13.9,23.3,0.5,0.2,197.0,76.0,,,,,,
2024-03-07T14:00,64,Moderate,14.2,23.8,0.5,0.2,194.0,74.0,,,,,,
2024-03-07T15:00,64,Moderate,14.2,23.7,0.5,0.2,190.0,70.0,,,,,,
2024-03-07T16:00,63,Moderate,14.1,23.4,0.6,0.1,185.0,64.0,,,,,,
2024-03-07T17:00,63,Moderate,9.5,15.8,0.7,0.1,177.0,62.0,,,,,,
2024-03-07T18:00,62,Moderate,8.8,14.5,0.6,0.1,171.0,62.0,,,,,,
2024-03-07T19:00,62,Moderate,8.0,13.2,0.4,0.1,162.0,61.0,,,,,,
2024-03-07T20:00,61,Moderate,7.3,12.1,0.4,0.1,156.0,60.0,,,,,,
2024-03-07T21:00,60,Moderate,7.0,11.4,0.5,0.1,153.0,59.0,,,,,,
2024-03-07T22:00,59,Moderate,6.7,10.9,0.6,0.0,152.0,57.0,,,,,,
2024-03-07T23:00,58,Moderate,6.8,10.9,1.0,0.3,154.0,56.0,,,,,,
2024-03-08T00:00,58,Moderate,6.9,11.1,1.9,1.0,163.0,54.0,,,,,,
2024-03-08T01:00,57,Moderate,7.6,12.1,3.0,1.9,175.0,52.0,,,,,,
2024-03-08T02:00,56,Moderate,8.4,13.5,3.8,3.0,185.0,51.0,,,,,,
2024-03-08T03:00,56,Moderate,9.3,14.9,4.2,4.2,189.0,50.0,,,,,,
2024-03-08T04:00,55,Moderate,9.9,16.1,4.3,5.6,191.0,50.0,,,,,,
2024-03-08T05:00,55,Moderate,11.2,18.6,4.8,7.1,197.0,51.0,,,,,,
2024-03-08T06:00,54,Moderate,11.8,19.7,4.5,7.3,195.0,54.0,,,,,,
2024-03-08T07:00,54,Moderate,12.3,20.8,4.0,7.7,192.0,58.0,,,,,,
2024-03-08T08:00,54,Moderate,12.6,21.4,3.4,7.9,189.0,65.0,,,,,,
2024-03-08T09:00,53,Moderate,12.7,21.5,2.7,8.1,186.0,77.0,,,,,,
2024-03-08T10:00,53,Moderate,12.6,21.2,1.9,8.2,182.0,90.0,,,,,,
2024-03-08T11:00,53,Moderate,12.8,21.5,1.3,7.6,177.0,99.0,,,,,,
2024-03-08T12:00,53,Moderate,12.7,21.5,0.9,5.6,170.0,98.0,,,,,,
2024-03-08T13:00,53,Moderate,12.4,21.2,0.6,2.9,163.0,92.0,,,,,,
2024-03-08T14:00,53,Moderate,11.1,19.4,0.4,0.9,157.0,85.0,,,,,,
2024-03-08T15:00,52,Moderate,9.1,16.4,0.4,0.2,153.0,76.0,,,,,,
2024-03-08T16:00,52,Moderate,7.9,14.3,0.5,0.2,150.0,66.0,,,,,,
2024-03-08T17:00,52,Moderate,8.7,15.7,0.5,0.2,144.0,61.0,,,,,,
2024-03-08T18:00,51,Moderate,8.6,15.4,0.4,0.1,144.0,61.0,,,,,,
2024-03-08T19:00,51,Moderate,8.6,15.3,0.3,0.0,144.0,60.0,,,,,,
2024-03-08T20:00,51,Moderate,8.7,15.5,0.3,0.1,145.0,61.0,,,,,,
2024-03-08T21:00,52,Moderate,8.9,15.9,0.6,0.6,147.0,63.0,,,,,,
2024-03-08T22:00,52,Moderate,9.9,17.7,1.1,1.3,150.0,66.0,,,,,,
2024-03-08T23:00,52,Moderate,11.2,20.3,1.6,2.2,153.0,69.0,,,,,,
2024-03-09T00:00,52,Moderate,12.9,23.4,2.2,3.3,156.0,73.0,,,,,,
2024-03-09T01:00,53,Moderate,14.4,26.2,2.9,4.5,158.0,78.0,,,,,,
2024-03-09T02:00,53,Moderate,15.4,27.7,3.4,5.7,161.0,81.0,,,,,,
2024-03-09T03:00,54,Moderate,16.1,28.9,3.7,6.7,163.0,82.0,,,,,,
2024-03-09T04:00,54,Moderate,16.4,29.2,3.9,7.6,166.0,82.0,,,,,,
2024-03-09T05:00,55,Moderate,16.4,29.3,3.6,7.2,167.0,82.0,,,,,,
2024-03-09T06:00,55,Moderate,16.4,29.2,3.6,7.6,168.0,83.0,,,,,,
2024-03-09T07:00,56,Moderate,16.4,29.0,3.6,8.1,169.0,84.0,,,,,,
2024-03-09T08:00,56,Moderate,16.1,28.4,3.3,8.1,169.0,87.0,,,,,,
2024-03-09T09:00,56,Moderate,15.8,27.8,2.6,7.4,166.0,94.0,,,,,,
2024-03-09T10:00,57,Moderate,15.4,27.1,1.6,6.2,162.0,102.0,,,,,,
2024-03-09T11:00,57,Moderate,15.3,26.8,0.9,4.9,158.0,106.0,,,,,,
2024-03-09T12:00,57,Moderate,14.9,26.5,0.5,3.4,153.0,102.0,,,,,,
2024-03-09T13:00,57,Moderate,14.5,26.4,0.4,1.8,148.0,94.0,,,,,,
2024-03-09T14:00,57,Moderate,14.3,26.3,0.3,0.7,146.0,88.0,,,,,,
2024-03-09T15:00,58,Moderate,14.1,25.9,0.3,0.3,149.0,86.0,,,,,,
2024-03-09T16:00,58,Moderate,14.0,25.6,0.5,0.4,154.0,86.0,,,,,,
2024-03-09T17:00,58,Moderate,18.9,33.8,0.5,0.6,157.0,81.0,,,,,,
2024-03-09T18:00,59,Moderate,18.6,33.1,0.5,0.6,159.0,83.0,,,,,,
2024-03-09T19:00,60,Moderate,18.7,33.2,0.4,0.6,162.0,86.0,,,,,,
2024-03-09T20:00,61,Moderate,19.0,33.8,0.5,0.7,164.0,89.0,,,,,,
2024-03-09T21:00,62,Moderate,19.4,34.5,0.8,1.1,165.0,91.0,,,,,,
2024-03-09T22:00,62,Moderate,19.9,35.4,1.2,1.7,165.0,91.0,,,,,,
2024-03-09T23:00,63,Moderate,20.3,36.0,1.5,2.2,165.0,92.0,,,,,,
2024-03-10T00:00,64,Moderate,20.4,36.2,1.7,2.7,164.0,92.0,,,,,,
2024-03-10T01:00,65,Moderate,20.5,36.3,1.9,3.2,161.0,91.0,,,,,,
2024-03-10T02:00,65,Moderate,20.4,36.0,1.9,3.3,160.0,91.0,,,,,,
2024-03-10T03:00,65,Moderate,20.2,35.7,1.6,2.8,160.0,92.0,,,,,,
2024-03-10T04:00,66,Moderate,20.2,35.6,1.0,2.0,160.0,93.0,,,,,,
2024-03-10T05:00,66,Moderate,21.3,37.7,0.3,0.6,160.0,88.0,,,,,,
2024-03-10T06:00,66,Moderate,21.4,37.8,0.3,0.5,161.0,86.0,,,,,,
2024-03-10T07:00,67,Moderate,21.4,37.6,0.3,0.5,162.0,84.0,,,,,,
2024-03-10T08:00,67,Moderate,21.2,37.3,0.3,0.4,163.0,81.0,,,,,,
2024-03-10T09:00,68,Moderate,20.9,36.6,0.3,0.4,164.0,78.0,,,,,,
2024-03-10T10:00,68,Moderate,20.1,34.9,0.3,0.3,165.0,74.0,,,,,,
2024-03-10T11:00,68,Moderate,19.0,33.1,0.3,0.3,166.0,72.0,,,,,,
2024-03-10T12:00,69,Moderate,17.8,31.0,0.3,0.3,167.0,71.0,,,,,,
2024-03-10T13:00,69,Moderate,16.4,28.6,0.3,0.3,168.0,71.0,,,,,,
2024-03-10T14:00,69,Moderate,15.3,26.7,0.3,0.3,167.0,71.0,,,,,,
2024-03-10T15:00,69,Moderate,14.6,25.4,0.4,0.3,163.0,71.0,,,,,,
2024-03-10T16:00,69,Moderate,13.8,24.4,0.6,0.2,158.0,71.0,,,,,,
2024-03-10T17:00,69,Moderate,14.6,27.1,0.7,0.2,140.0,70.0,,,,,,
2024-03-10T18:00,69,Moderate,15.0,28.1,0.7,0.2,138.0,71.0,,,,,,
2024-03-10T19:00,69,Moderate,15.8,29.7,0.8,0.3,136.0,72.0,,,,,,
2024-03-10T20:00,68,Moderate,17.1,31.7,0.9,0.3,136.0,74.0,,,,,,
2024-03-10T21:00,68,Moderate,18.3,33.4,1.2,0.3,140.0,76.0,,,,,,
2024-03-10T22:00,68,Moderate,19.4,35.2,1.5,0.3,147.0,78.0,,,,,,
2024-03-10T23:00,68,Moderate,20.9,37.6,1.7,0.3,154.0,80.0,,,,,,
2024-03-11T00:00,68,Moderate,21.7,38.8,1.6,0.4,162.0,81.0,,,,,,
2024-03-11T01:00,68,Moderate,21.4,38.0,1.4,0.5,170.0,81.0,,,,,,
2024-03-11T02:00,68,Moderate,21.9,38.3,1.2,0.6,177.0,80.0,,,,,,
2024-03-11T03:00,68,Moderate,23.1,39.7,1.0,0.6,181.0,78.0,,,,,,
2024-03-11T04:00,69,Moderate,24.6,42.0,0.7,0.5,183.0,76.0,,,,,,
2024-03-11T05:00,69,Moderate,26.0,44.2,0.6,0.4,188.0,72.0,,,,,,
2024-03-11T06:00,69,Moderate,27.5,46.8,0.6,0.4,191.0,74.0,,,,,,
2024-03-11T07:00,70,Moderate,28.6,49.0,0.5,0.4,195.0,76.0,,,,,,
2024-03-11T08:00,70,Moderate,29.0,49.9,0.5,0.4,198.0,78.0,,,,,,
2024-03-11T09:00,71,Moderate,29.1,50.3,0.4,0.4,200.0,80.0,,,,,,
2024-03-11T10:00,72,Moderate,28.8,49.8,0.4,0.3,201.0,83.0,,,,,,
2024-03-11T11:00,72,Moderate,28.4,49.2,0.3,0.3,201.0,84.0,,,,,,
2024-03-11T12:00,73,Moderate,28.1,48.9,0.3,0.3,200.0,82.0,,,,,,
2024-03-11T13:00,74,Moderate,27.8,48.3,0.3,0.2,199.0,80.0,,,,,,
2024-03-11T14:00,75,Moderate,27.2,47.4,0.3,0.2,199.0,77.0,,,,,,
2024-03-11T15:00,76,Moderate,26.4,46.1,0.4,0.2,199.0,75.0,,,,,,
2024-03-11T16:00,77,Moderate,25.6,44.7,0.5,0.2,200.0,74.0,,,,,,
2024-03-11T17:00,78,Moderate,33.3,58.6,0.7,0.2,210.0,74.0,,,,,,
2024-03-11T18:00,79,Moderate,33.4,58.7,1.0,0.2,216.0,78.0,,,,,,
2024-03-11T19:00,80,Moderate,32.7,57.6,1.3,0.3,224.0,83.0,,,,,,
2024-03-11T20:00,82,Moderate,31.2,54.8,1.7,0.3,229.0,86.0,,,,,,
2024-03-11T21:00,83,Moderate,28.5,50.3,2.1,0.4,230.0,86.0,,,,,,
2024-03-11T22:00,84,Moderate,25.3,44.7,2.6,0.4,229.0,85.0,,,,,,
2024-03-11T23:00,84,Moderate,21.7,38.5,2.8,0.5,225.0,83.0,,,,,,
2024-03-12T00:00,84,Moderate,18.6,33.4,2.6,0.5,216.0,81.0,,,,,,
2024-03-12T01:00,84,Moderate,16.4,29.7,2.1,0.6,204.0,80.0,,,,,,
2024-03-12T02:00,84,Moderate,14.6,27.0,1.7,0.6,193.0,79.0,,,,,,
2024-03-12T03:00,83,Moderate,13.3,24.9,1.3,0.6,183.0,79.0,,,,,,
2024-03-12T04:00,82,Moderate,12.3,23.5,0.9,0.5,173.0,81.0,,,,,,
2024-03-12T05:00,81,Moderate,11.4,22.1,0.7,0.5,164.0,81.0,,,,,,
2024-03-12T06:00,80,Moderate,11.1,21.7,0.6,0.5,162.0,83.0,,,,,,
2024-03-12T07:00,79,Moderate,11.1,21.7,0.6,0.5,159.0,85.0,,,,,,
2024-03-12T08:00,77,Moderate,11.2,21.8,0.5,0.5,156.0,87.0,,,,,,
2024-03-12T09:00,76,Moderate,11.2,21.9,0.4,0.5,154.0,88.0,,,,,,
2024-03-12T10:00,75,Moderate,11.3,22.1,0.4,0.5,153.0,89.0,,,,,,
2024-03-12T11:00,73,Moderate,11.1,21.9,0.3,0.5,152.0,88.0,,,,,,
2024-03-12T12:00,72,Moderate,11.1,21.9,0.3,0.4,150.0,85.0,,,,,,
2024-03-12T13:00,71,Moderate,10.8,21.5,0.3,0.4,148.0,81.0,,,,,,
2024-03-12T14:00,69,Moderate,10.5,21.2,0.3,0.3,147.0,78.0,,,,,,
2024-03-12T15:00,68,Moderate,10.5,21.5,0.4,0.3,148.0,76.0,,,,,,
2024-03-12T16:00,67,Moderate,11.1,23.1,0.6,0.2,149.0,75.0,,,,,,
2024-03-12T17:00,66,Moderate,14.5,29.5,0.8,0.2,142.0,79.0,,,,,,
2024-03-12T18:00,64,Moderate,14.8,30.0,1.0,0.2,147.0,82.0,,,,,,
2024-03-12T19:00,63,Moderate,15.1,30.4,1.3,0.3,155.0,86.0,,,,,,
2024-03-12T20:00,61,Moderate,15.4,30.5,1.6,0.4,165.0,90.0,,,,,,
2024-03-12T21:00,60,Moderate,16.4,31.4,2.2,0.5,182.0,93.0,,,,,,
2024-03-12T22:00,59,Moderate,16.9,31.9,2.8,0.6,201.0,95.0,,,,,,
2024-03-12T23:00,58,Moderate,17.5,32.8,3.0,0.7,214.0,96.0,,,,,,
2024-03-13T00:00,58,Moderate,18.8,35.2,2.5,0.8,214.0,96.0,,,,,,
2024-03-13T01:00,58,Moderate,20.6,38.4,1.5,0.8,208.0,95.0,,,,,,
2024-03-13T02:00,58,Moderate,23.0,42.6,0.8,0.8,203.0,95.0,,,,,,
2024-03-13T03:00,59,Moderate,25.0,46.3,0.5,0.7,200.0,96.0,,,,,,
2024-03-13T04:00,60,Moderate,27.0,49.7,0.4,0.6,198.0,97.0,,,,,,
2024-03-13T05:00,61,Moderate,28.0,51.5,0.4,0.6,198.0,97.0,,,,,,
2024-03-13T06:00,62,Moderate,29.7,54.2,0.5,0.6,209.0,97.0,,,,,,
2024-03-13T07:00,64,Moderate,31.0,56.0,0.6,0.7,224.0,98.0,,,,,,
2024-03-13T08:00,65,Moderate,31.9,57.3,0.7,0.7,238.0,99.0,,,,,,
2024-03-13T09:00,67,Moderate,32.4,57.9,0.7,0.7,249.0,101.0,,,,,,
2024-03-13T10:00,69,Moderate,32.5,58.0,0.6,0.7,259.0,104.0,,,,,,
2024-03-13T11:00,70,Moderate,32.7,58.2,0.5,0.7,269.0,107.0,,,,,,
2024-03-13T12:00,72,Moderate,32.9,58.2,0.5,0.7,281.0,108.0,,,,,,
2024-03-13T13:00,74,Moderate,33.5,58.7,0.5,0.7,292.0,109.0,,,,,,
2024-03-13T14:00,76,Moderate,32.9,57.4,0.6,0.7,296.0,110.0,,,,,,
2024-03-13T15:00,77,Moderate,31.5,54.9,0.7,0.7,289.0,112.0,,,,,,
2024-03-13T16:00,79,Moderate,30.3,53.3,0.8,0.8,276.0,113.0,,,,,,
2024-03-13T17:00,81,Moderate,27.6,49.9,1.0,1.2,258.0,109.0,,,,,,
2024-03-13T18:00,82,Moderate,27.3,49.6,0.8,1.2,243.0,113.0,,,,,,
2024-03-13T19:00,83,Moderate,26.1,47.7,0.6,1.2,221.0,118.0,,,,,,
2024-03-13T20:00,83,Moderate,24.9,45.4,0.5,1.3,206.0,121.0,,,,,,
2024-03-13T21:00,84,Moderate,24.0,43.8,0.7,1.3,202.0,121.0,,,,,,
2024-03-13T22:00,85,Moderate,23.8,43.2,1.1,1.5,203.0,118.0,,,,,,
2024-03-13T23:00,85,Moderate,23.4,42.4,1.7,2.0,207.0,114.0,,,,,,
2024-03-14T00:00,86,Moderate,22.6,40.6,2.5,3.3,213.0,108.0,,,,,,
2024-03-14T01:00,86,Moderate,21.5,38.4,3.4,5.1,221.0,101.0,,,,,,
2024-03-14T02:00,86,Moderate,21.0,37.4,4.1,6.6,227.0,94.0,,,,,,
2024-03-14T03:00,86,Moderate,20.5,36.3,4.5,7.6,230.0,88.0,,,,,,
2024-03-14T04:00,86,Moderate,20.4,36.0,4.8,8.3,231.0,83.0,,,,,,
2024-03-14T05:00,85,Moderate,20.6,36.2,4.7,7.9,233.0,80.0,,,,,,
2024-03-14T06:00,85,Moderate,21.2,37.1,4.6,8.7,235.0,81.0,,,,,,
2024-03-14T07:00,84,Moderate,22.2,38.5,4.5,9.8,238.0,83.0,,,,,,
2024-03-14T08:00,83,Moderate,22.2,38.8,4.1,10.3,237.0,89.0,,,,,,
2024-03-14T09:00,82,Moderate,21.8,38.6,3.2,10.1,228.0,102.0,,,,,,
2024-03-14T10:00,82,Moderate,22.1,39.3,2.0,9.3,216.0,118.0,,,,,,
2024-03-14T11:00,81,Moderate,22.2,39.8,1.1,8.1,203.0,128.0,,,,,,
2024-03-14T12:00,80,Moderate,21.8,39.3,0.7,6.2,191.0,126.0,,,,,,
2024-03-14T13:00,79,Moderate,21.1,38.0,0.5,3.8,180.0,117.0,,,,,,
2024-03-14T14:00,78,Moderate,20.0,36.1,0.4,1.9,171.0,110.0,,,,,,
2024-03-14T15:00,77,Moderate,19.4,35.0,0.4,1.0,166.0,106.0,,,,,,
2024-03-14T16:00,76,Moderate,19.2,34.7,0.4,0.7,163.0,103.0,,,,,,
2024-03-14T17:00,75,Moderate,19.7,36.2,0.5,1.6,170.0,98.0,,,,,,
2024-03-14T18:00,75,Moderate,20.1,37.1,0.4,1.4,170.0,100.0,,,,,,
2024-03-14T19:00,74,Moderate,20.3,37.4,0.4,1.2,171.0,103.0,,,,,,
2024-03-14T20:00,74,Moderate,19.7,36.3,0.4,1.1,173.0,105.0,,,,,,
2024-03-14T21:00,73,Moderate,18.7,34.3,0.6,1.2,176.0,105.0,,,,,,
2024-03-14T22:00,73,Moderate,18.1,33.2,1.0,1.3,180.0,105.0,,,,,,
2024-03-14T23:00,72,Moderate,18.3,33.6,1.3,1.6,184.0,103.0,,,,,,
2024-03-15T00:00,72,Moderate,19.4,35.4,1.6,2.0,187.0,100.0,,,,,,
2024-03-15T01:00,72,Moderate,20.9,38.0,2.0,2.4,190.0,96.0,,,,,,
2024-03-15T02:00,72,Moderate,22.5,40.6,2.2,2.8,192.0,92.0,,,,,,
2024-03-15T03:00,72,Moderate,23.9,43.1,2.3,3.1,194.0,90.0,,,,,,
2024-03-15T04:00,72,Moderate,25.1,45.3,2.4,3.3,196.0,88.0,,,,,,
2024-03-15T05:00,72,Moderate,28.1,50.8,2.5,3.8,197.0,86.0,,,,,,
2024-03-15T06:00,73,Moderate,28.6,51.6,2.7,4.6,203.0,86.0,,,,,,
2024-03-15T07:00,74,Moderate,28.8,51.9,3.0,5.7,211.0,87.0,,,,,,
2024-03-15T08:00,74,Moderate,29.0,52.0,3.0,6.0,215.0,90.0,,,,,,
2024-03-15T09:00,75,Moderate,29.3,52.6,2.4,4.9,213.0,98.0,,,,,,
2024-03-15T10:00,75,Moderate,29.7,53.3,1.4,3.2,207.0,107.0,,,,,,
2024-03-15T11:00,76,Moderate,30.0,54.1,0.7,1.7,201.0,112.0,,,,,,
2024-03-15T12:00,76,Moderate,30.4,55.2,0.4,1.0,196.0,107.0,,,,,,
2024-03-15T13:00,77,Moderate,30.6,55.9,0.3,0.6,191.0,98.0,,,,,,
2024-03-15T14:00,78,Moderate,30.0,54.9,0.3,0.4,188.0,91.0,,,,,,
2024-03-15T15:00,79,Moderate,29.3,53.6,0.3,0.3,187.0,89.0,,,,,,
2024-03-15T16:00,79,Moderate,28.8,52.5,0.3,0.3,187.0,90.0,,,,,,
2024-03-15T17:00,80,Moderate,31.5,57.3,0.4,0.4,194.0,95.0,,,,,,
2024-03-15T18:00,81,Moderate,33.3,60.5,0.3,0.4,198.0,101.0,,,,,,
2024-03-15T19:00,82,Moderate,35.5,64.7,0.3,0.5,203.0,109.0,,,,,,
2024-03-15T20:00,83,Moderate,37.5,68.9,0.4,0.7,204.0,113.0,,,,,,
2024-03-15T21:00,85,Moderate,38.4,71.0,0.8,1.2,198.0,112.0,,,,,,
2024-03-15T22:00,86,Moderate,37.6,70.3,1.3,1.8,188.0,107.0,,,,,,
2024-03-15T23:00,88,Moderate,35.6,67.5,1.8,2.5,179.0,101.0,,,,,,
2024-03-16T00:00,89,Moderate,33.2,63.8,2.2,3.2,171.0,95.0,,,,,,
2024-03-16T01:00,90,Moderate,30.9,59.8,2.6,4.0,165.0,87.0,,,,,,
2024-03-16T02:00,91,Moderate,28.9,56.2,3.0,5.0,161.0,81.0,,,,,,
2024-03-16T03:00,92,Moderate,27.6,53.8,3.5,6.5,163.0,76.0,,,,,,
2024-03-16T04:00,92,Moderate,27.2,52.6,4.0,8.2,168.0,73.0,,,,,,
2024-03-16T05:00,92,Moderate,26.0,51.1,3.7,7.1,161.0,72.0,,,,,,
2024-03-16T06:00,92,Moderate,26.0,51.2,3.2,6.0,159.0,75.0,,,,,,
2024-03-16T07:00,92,Moderate,26.0,51.1,2.4,4.5,157.0,78.0,,,,,,
2024-03-16T08:00,91,Moderate,26.3,51.5,1.7,3.1,155.0,81.0,,,,,,
2024-03-16T09:00,91,Moderate,26.5,52.2,1.1,1.9,152.0,82.0,,,,,,
2024-03-16T10:00,91,Moderate,26.5,51.8,0.6,0.9,150.0,82.0,,,,,,
2024-03-16T11:00,91,Moderate,26.5,51.6,0.2,0.2,148.0,81.0,,,,,,
2024-03-16T12:00,90,Moderate,26.8,51.5,0.1,0.0,148.0,80.0,,,,,,
2024-03-16T13:00,90,Moderate,27.0,51.1,0.1,0.0,150.0,78.0,,,,,,
2024-03-16T14:00,90,Moderate,27.4,51.2,0.2,0.1,152.0,77.0,,,,,,
2024-03-16T15:00,90,Moderate,27.8,51.3,0.3,0.1,156.0,77.0,,,,,,
2024-03-16T16:00,90,Moderate,27.9,51.1,0.3,0.1,160.0,77.0,,,,,,
2024-03-16T17:00,89,Moderate,25.0,45.1,0.5,0.1,164.0,73.0,,,,,,
2024-03-16T18:00,89,Moderate,24.2,43.2,0.5,0.1,168.0,76.0,,,,,,
2024-03-16T19:00,88,Moderate,23.1,41.1,0.4,0.1,173.0,80.0,,,,,,
2024-03-16T20:00,87,Moderate,22.4,39.9,0.4,0.1,176.0,83.0,,,,,,
2024-03-16T21:00,86,Moderate,21.9,39.0,0.5,0.3,177.0,84.0,,,,,,
2024-03-16T22:00,85,Moderate,21.5,38.3,0.6,0.5,176.0,84.0,,,,,,
2024-03-16T23:00,84,Moderate,21.2,37.8,0.7,0.6,175.0,85.0,,,,,,
2024-03-17T00:00,82,Moderate,21.0,37.5,0.6,0.6,175.0,87.0,,,,,,
2024-03-17T01:00,81,Moderate,21.1,37.6,0.5,0.5,174.0,89.0,,,,,,
2024-03-17T02:00,81,Moderate,21.0,37.4,0.4,0.4,175.0,89.0,,,,,,
2024-03-17T03:00,80,Moderate,20.3,35.9,0.4,0.4,177.0,85.0,,,,,,
2024-03-17T04:00,79,Moderate,19.2,33.6,0.5,0.4,180.0,80.0,,,,,,
2024-03-17T05:00,79,Moderate,19.8,34.6,0.5,0.3,178.0,84.0,,,,,,
2024-03-17T06:00,78,Moderate,18.7,32.2,0.7,0.5,181.0,82.0,,,,,,
2024-03-17T07:00,78,Moderate,18.5,31.5,0.9,0.9,185.0,79.0,,,,,,
2024-03-17T08:00,77,Moderate,18.5,31.3,1.0,1.0,190.0,78.0,,,,,,
2024-03-17T09:00,77,Moderate,19.2,32.5,0.9,0.8,197.0,80.0,,,,,,
2024-03-17T10:00,76,Moderate,20.0,33.8,0.6,0.5,205.0,84.0,,,,,,
2024-03-17T11:00,75,Moderate,20.5,34.8,0.4,0.2,212.0,87.0,,,,,,
2024-03-17T12:00,75,Moderate,21.1,35.7,0.3,0.1,218.0,87.0,,,,,,
2024-03-17T13:00,75,Moderate,21.5,36.6,0.3,0.2,224.0,86.0,,,,,,
2024-03-17T14:00,74,Moderate,21.7,36.7,0.3,0.2,227.0,85.0,,,,,,
2024-03-17T15:00,74,Moderate,20.9,35.3,0.4,0.2,228.0,84.0,,,,,,
2024-03-17T16:00,73,Moderate,19.8,33.3,0.4,0.1,227.0,84.0,,,,,,
2024-03-17T17:00,72,Moderate,10.9,18.2,0.5,0.1,185.0,69.0,,,,,,
2024-03-17T18:00,71,Moderate,9.3,15.5,0.4,0.1,173.0,70.0,,,,,,
2024-03-17T19:00,70,Moderate,7.7,12.9,0.4,0.1,157.0,72.0,,,,,,
2024-03-17T20:00,69,Moderate,6.4,10.8,0.4,0.1,145.0,73.0,,,,,,
2024-03-17T21:00,68,Moderate,5.3,9.2,0.6,0.2,141.0,75.0,,,,,,
2024-03-17T22:00,66,Moderate,4.9,8.6,1.0,0.2,141.0,76.0,,,,,,
2024-03-17T23:00,65,Moderate,5.0,9.0,1.3,0.3,142.0,76.0,,,,,,
2024-03-18T00:00,64,Moderate,5.3,9.7,1.5,0.3,144.0,73.0,,,,,,
2024-03-18T01:00,63,Moderate,5.6,10.2,1.6,0.3,146.0,69.0,,,,,,
2024-03-18T02:00,61,Moderate,5.6,10.3,1.6,0.3,146.0,64.0,,,,,,
2024-03-18T03:00,60,Moderate,5.6,10.3,1.4,0.3,142.0,59.0,,,,,,
2024-03-18T04:00,59,Moderate,5.5,10.1,1.1,0.2,136.0,53.0,,,,,,
2024-03-18T05:00,58,Moderate,4.9,9.1,0.5,0.2,130.0,52.0,,,,,,
2024-03-18T06:00,57,Moderate,4.7,8.5,0.5,0.2,128.0,52.0,,,,,,
2024-03-18T07:00,56,Moderate,4.6,8.3,0.4,0.1,126.0,52.0,,,,,,
2024-03-18T08:00,55,Moderate,4.6,8.2,0.4,0.1,126.0,52.0,,,,,,
2024-03-18T09:00,54,Moderate,4.6,8.2,0.3,0.1,129.0,54.0,,,,,,
2024-03-18T10:00,52,Moderate,4.5,8.0,0.3,0.2,133.0,56.0,,,,,,
2024-03-18T11:00,51,Moderate,4.3,7.6,0.2,0.2,136.0,58.0,,,,,,
2024-03-18T12:00,50,Good,4.1,7.2,0.2,0.2,135.0,58.0,,,,,,
2024-03-18T13:00,46,Good,3.7,6.6,0.2,0.2,133.0,56.0,,,,,,
2024-03-18T14:00,42,Good,3.4,6.0,0.2,0.2,131.0,55.0,,,,,,
2024-03-18T15:00,37,Good,3.0,5.3,0.2,0.2,130.0,54.0,,,,,,
2024-03-18T16:00,33,Good,2.6,4.6,0.3,0.1,129.0,54.0,,,,,,
2024-03-18T17:00,29,Good,2.4,4.9,0.6,0.1,132.0,58.0,,,,,,
2024-03-18T18:00,27,Good,2.9,6.0,0.7,0.2,141.0,64.0,,,,,,
2024-03-18T19:00,26,Good,3.3,6.7,0.9,0.2,155.0,72.0,,,,,,
2024-03-18T20:00,27,Good,3.7,7.3,1.2,0.3,169.0,78.0,,,,,,
2024-03-18T21:00,28,Good,3.9,7.6,1.7,0.3,183.0,80.0,,,,,,
2024-03-18T22:00,30,Good,4.2,7.8,2.2,0.3,198.0,80.0,,,,,,
2024-03-18T23:00,31,Good,4.5,8.1,2.5,0.3,211.0,80.0,,,,,,
2024-03-19T00:00,33,Good,5.0,9.1,2.5,0.3,221.0,81.0,,,,,,
2024-03-19T01:00,34,Good,6.0,10.8,2.2,0.3,229.0,82.0,,,,,,
2024-03-19T02:00,36,Good,7.2,12.9,1.9,0.3,233.0,81.0,,,,,,
2024-03-19T03:00,37,Good,8.2,14.6,1.5,0.3,232.0,78.0,,,,,,
2024-03-19T04:00,37,Good,9.4,16.5,1.0,0.3,227.0,74.0,,,,,,
2024-03-19T05:00,37,Good,12.4,21.3,0.6,0.3,214.0,64.0,,,,,,
2024-03-19T06:00,36,Good,13.6,23.2,0.6,0.3,209.0,63.0,,,,,,
2024-03-19T07:00,35,Good,14.5,24.6,0.5,0.2,202.0,63.0,,,,,,
2024-03-19T08:00,34,Good,15.1,25.8,0.5,0.3,199.0,64.0,,,,,,
2024-03-19T09:00,34,Good,15.5,26.8,0.5,0.5,204.0,68.0,,,,,,
2024-03-19T10:00,36,Good,16.1,28.0,0.4,0.7,213.0,74.0,,,,,,
2024-03-19T11:00,39,Good,17.2,30.2,0.4,1.1,221.0,81.0,,,,,,
2024-03-19T12:00,42,Good,18.6,32.9,0.4,1.7,228.0,90.0,,,,,,
2024-03-19T13:00,45,Good,19.8,35.0,0.4,2.3,233.0,99.0,,,,,,
2024-03-19T14:00,49,Good,20.1,35.7,0.5,2.7,237.0,106.0,,,,,,
2024-03-19T15:00,51,Moderate,19.3,34.5,0.6,2.7,237.0,109.0,,,,,,
2024-03-19T16:00,52,Moderate,17.8,31.8,0.7,2.5,235.0,111.0,,,,,,
2024-03-19T17:00,54,Moderate,22.9,40.4,0.8,2.2,237.0,103.0,,,,,,
2024-03-19T18:00,55,Moderate,20.7,36.3,0.8,1.8,230.0,99.0,,,,,,
2024-03-19T19:00,57,Moderate,18.6,32.6,0.7,1.2,221.0,93.0,,,,,,
2024-03-19T20:00,58,Moderate,17.9,31.2,0.8,0.8,215.0,88.0,,,,,,
2024-03-19T21:00,59,Moderate,18.9,32.7,1.1,0.6,215.0,85.0,,,,,,
2024-03-19T22:00,60,Moderate,21.9,38.2,1.6,0.5,218.0,83.0,,,,,,
2024-03-19T23:00,61,Moderate,26.1,45.9,1.8,0.4,220.0,81.0,,,,,,
2024-03-20T00:00,63,Moderate,30.2,53.7,1.6,0.4,218.0,80.0,,,,,,
2024-03-20T01:00,65,Moderate,32.8,58.8,1.2,0.4,215.0,79.0,,,,,,
2024-03-20T02:00,67,Moderate,34.0,60.8,0.9,0.4,210.0,77.0,,,,,,
2024-03-20T03:00,69,Moderate,34.2,61.0,0.6,0.4,201.0,74.0,,,,,,
2024-03-20T04:00,71,Moderate,34.3,60.8,0.4,0.4,190.0,70.0,,,,,,
2024-03-20T05:00,73,Moderate,33.8,59.0,0.5,0.4,191.0,65.0,,,,,,
2024-03-20T06:00,75,Moderate,33.8,58.7,0.5,0.4,189.0,65.0,,,,,,
2024-03-20T07:00,77,Moderate,33.8,58.4,0.5,0.4,187.0,66.0,,,,,,
2024-03-20T08:00,78,Moderate,33.6,57.9,0.5,0.4,188.0,68.0,,,,,,
2024-03-20T09:00,80,Moderate,33.5,57.6,0.4,0.4,193.0,71.0,,,,,,
2024-03-20T10:00,81,Moderate,33.5,57.5,0.4,0.3,200.0,75.0,,,,,,
2024-03-20T11:00,82,Moderate,33.5,57.5,0.3,0.3,207.0,79.0,,,,,,
2024-03-20T12:00,84,Moderate,34.3,59.0,0.3,0.3,214.0,82.0,,,,,,
2024-03-20T13:00,85,Moderate,35.2,60.8,0.3,0.2,221.0,85.0,,,,,,
2024-03-20T14:00,86,Moderate,35.0,60.3,0.4,0.2,225.0,87.0,,,,,,
2024-03-20T15:00,87,Moderate,34.1,58.3,0.5,0.2,225.0,90.0,,,,,,
2024-03-20T16:00,88,Moderate,32.4,54.9,0.6,0.2,221.0,92.0,,,,,,
2024-03-20T17:00,90,Moderate,27.8,47.1,0.5,0.2,195.0,76.0,,,,,,
2024-03-20T18:00,90,Moderate,26.4,44.5,0.6,0.2,191.0,76.0,,,,,,
2024-03-20T19:00,90,Moderate,25.0,41.7,0.7,0.2,185.0,75.0,,,,,,
2024-03-20T20:00,91,Moderate,24.0,39.8,0.9,0.2,183.0,75.0,,,,,,
2024-03-20T21:00,91,Moderate,23.5,38.9,1.2,0.2,188.0,76.0,,,,,,
2024-03-20T22:00,92,Moderate,22.9,38.3,1.6,0.2,196.0,77.0,,,,,,
2024-03-20T23:00,92,Moderate,20.3,34.5,1.8,0.2,199.0,75.0,,,,,,
2024-03-21T00:00,91,Moderate,17.1,29.4,1.5,0.2,190.0,67.0,,,,,,
2024-03-21T01:00,90,Moderate,15.9,27.1,0.9,0.2,174.0,56.0,,,,,,
2024-03-21T02:00,89,Moderate,16.3,27.5,0.5,0.2,163.0,48.0,,,,,,
2024-03-21T03:00,88,Moderate,16.6,28.1,0.4,0.2,159.0,46.0,,,,,,
2024-03-21T04:00,86,Moderate,16.6,27.9,0.4,0.2,160.0,48.0,,,,,,
2024-03-21T05:00,85,Moderate,16.2,27.4,0.3,0.1,157.0,51.0,,,,,,
2024-03-21T06:00,83,Moderate,15.7,26.4,0.4,0.1,158.0,52.0,,,,,,
2024-03-21T07:00,82,Moderate,15.0,25.1,0.5,0.1,159.0,52.0,,,,,,
2024-03-21T08:00,81,Moderate,14.0,23.3,0.6,0.1,160.0,53.0,,,,,,
2024-03-21T09:00,79,Moderate,12.1,20.0,0.5,0.1,160.0,54.0,,,,,,
2024-03-21T10:00,77,Moderate,10.0,16.3,0.4,0.1,160.0,54.0,,,,,,
2024-03-21T11:00,75,Moderate,8.1,13.2,0.3,0.1,160.0,55.0,,,,,,
2024-03-21T12:00,73,Moderate,7.0,11.2,0.3,0.1,161.0,55.0,,,,,,
2024-03-21T13:00,71,Moderate,6.2,9.9,0.3,0.2,161.0,54.0,,,,,,
2024-03-21T14:00,69,Moderate,6.0,9.6,0.3,0.2,163.0,55.0,,,,,,
2024-03-21T15:00,67,Moderate,6.0,9.9,0.4,0.2,166.0,59.0,,,,,,
2024-03-21T16:00,65,Moderate,6.2,10.3,0.6,0.1,170.0,64.0,,,,,,
2024-03-21T17:00,62,Moderate,8.8,14.5,0.7,0.1,179.0,67.0,,,,,,
2024-03-21T18:00,61,Moderate,9.4,15.8,0.8,0.1,180.0,66.0,,,,,,
2024-03-21T19:00,60,Moderate,10.0,17.1,1.0,0.1,182.0,65.0,,,,,,
2024-03-21T20:00,58,Moderate,10.7,18.5,1.1,0.1,184.0,64.0,,,,,,
2024-03-21T21:00,57,Moderate,10.9,18.7,1.0,0.1,186.0,62.0,,,,,,
2024-03-21T22:00,56,Moderate,10.7,18.3,0.9,0.1,188.0,61.0,,,,,,
2024-03-21T23:00,55,Moderate,11.0,18.7,0.8,0.1,189.0,59.0,,,,,,
2024-03-22T00:00,55,Moderate,11.2,18.9,0.7,0.1,189.0,58.0,,,,,,
2024-03-22T01:00,54,Moderate,10.8,18.0,0.6,0.1,189.0,57.0,,,,,,
2024-03-22T02:00,54,Moderate,11.2,18.8,0.6,0.1,188.0,57.0,,,,,,
2024-03-22T03:00,53,Moderate,11.3,18.8,0.6,0.1,187.0,57.0,,,,,,
2024-03-22T04:00,53,Moderate,11.3,18.7,0.6,0.1,185.0,58.0,,,,,,
2024-03-22T05:00,53,Moderate,11.8,19.7,0.4,0.1,180.0,60.0,,,,,,
2024-03-22T06:00,52,Moderate,10.8,17.9,0.4,0.1,180.0,61.0,,,,,,
2024-03-22T07:00,52,Moderate,10.6,17.5,0.5,0.1,179.0,61.0,,,,,,
2024-03-22T08:00,52,Moderate,9.7,15.8,0.5,0.1,179.0,62.0,,,,,,
2024-03-22T09:00,51,Moderate,8.8,14.3,0.5,0.1,179.0,63.0,,,,,,
2024-03-22T10:00,51,Moderate,7.9,12.7,0.4,0.1,178.0,64.0,,,,,,
2024-03-22T11:00,51,Moderate,7.0,11.3,0.3,0.1,178.0,64.0,,,,,,
2024-03-22T12:00,51,Moderate,6.3,10.1,0.3,0.1,178.0,63.0,,,,,,
2024-03-22T13:00,51,Moderate,5.8,9.5,0.2,0.1,178.0,61.0,,,,,,
2024-03-22T14:00,51,Moderate,5.6,9.0,0.2,0.1,178.0,59.0,,,,,,
2024-03-22T15:00,51,Moderate,5.5,9.0,0.2,0.1,178.0,57.0,,,,,,
2024-03-22T16:00,51,Moderate,5.7,9.3,0.2,0.1,179.0,56.0,,,,,,
2024-03-22T17:00,51,Moderate,14.8,25.0,0.5,0.1,197.0,74.0,,,,,,
2024-03-22T18:00,51,Moderate,14.7,24.9,0.5,0.1,197.0,74.0,,,,,,
2024-03-22T19:00,51,Moderate,14.8,25.1,0.6,0.2,197.0,75.0,,,,,,
2024-03-22T20:00,52,Moderate,15.3,26.0,0.6,0.2,196.0,74.0,,,,,,
2024-03-22T21:00,52,Moderate,16.1,27.0,0.5,0.2,195.0,71.0,,,,,,
2024-03-22T22:00,53,Moderate,16.2,26.9,0.4,0.1,194.0,67.0,,,,,,
2024-03-22T23:00,53,Moderate,16.0,26.3,0.3,0.1,193.0,63.0,,,,,,
2024-03-23T00:00,53,Moderate,15.8,25.8,0.2,0.1,191.0,61.0,,,,,,
2024-03-23T01:00,54,Moderate,15.6,25.6,0.2,0.1,189.0,59.0,,,,,,
2024-03-23T02:00,54,Moderate,15.7,25.8,0.2,0.1,187.0,58.0,,,,,,
2024-03-23T03:00,54,Moderate,15.9,26.3,0.2,0.1,186.0,58.0,,,,,,
2024-03-23T04:00,55,Moderate,16.1,26.6,0.2,0.1,186.0,59.0,,,,,,
2024-03-23T05:00,55,Moderate,16.1,26.5,0.3,0.1,189.0,58.0,,,,,,
2024-03-23T06:00,56,Moderate,16.1,26.4,0.3,0.1,191.0,59.0,,,,,,
2024-03-23T07:00,56,Moderate,16.1,26.4,0.4,0.2,193.0,61.0,,,,,,
2024-03-23T08:00,56,Moderate,16.0,26.3,0.4,0.2,195.0,62.0,,,,,,
2024-03-23T09:00,57,Moderate,15.8,26.0,0.4,0.2,196.0,64.0,,,,,,
2024-03-23T10:00,57,Moderate,15.7,25.8,0.3,0.2,196.0,65.0,,,,,,
2024-03-23T11:00,58,Moderate,15.7,25.8,0.3,0.2,196.0,65.0,,,,,,
2024-03-23T12:00,59,Moderate,15.8,26.0,0.2,0.2,196.0,62.0,,,,,,
2024-03-23T13:00,60,Moderate,16.0,26.4,0.2,0.2,195.0,58.0,,,,,,
2024-03-23T14:00,60,Moderate,16.3,26.8,0.2,0.2,196.0,56.0,,,,,,
2024-03-23T15:00,61,Moderate,16.4,27.0,0.3,0.2,199.0,56.0,,,,,,
2024-03-23T16:00,62,Moderate,16.5,27.2,0.4,0.1,203.0,58.0,,,,,,
2024-03-23T17:00,63,Moderate,17.6,29.7,0.7,0.1,222.0,66.0,,,,,,
2024-03-23T18:00,63,Moderate,17.1,28.9,0.8,0.1,222.0,69.0,,,,,,
2024-03-23T19:00,63,Moderate,16.4,27.9,1.0,0.2,223.0,74.0,,,,,,
2024-03-23T20:00,63,Moderate,15.7,26.7,1.1,0.2,225.0,76.0,,,,,,
2024-03-23T21:00,63,Moderate,15.3,26.0,1.3,0.2,230.0,73.0,,,,,,
2024-03-23T22:00,63,Moderate,15.1,25.5,1.4,0.2,236.0,68.0,,,,,,
2024-03-23T23:00,63,Moderate,15.5,26.1,1.4,0.2,239.0,63.0,,,,,,
2024-03-24T00:00,63,Moderate,16.6,27.8,1.1,0.2,237.0,61.0,,,,,,
2024-03-24T01:00,63,Moderate,17.9,29.8,0.6,0.1,232.0,59.0,,,,,,
2024-03-24T02:00,63,Moderate,19.0,31.5,0.3,0.1,229.0,58.0,,,,,,
2024-03-24T03:00,64,Moderate,19.6,32.6,0.2,0.1,229.0,58.0,,,,,,
2024-03-24T04:00,64,Moderate,20.1,33.3,0.2,0.1,230.0,58.0,,,,,,
2024-03-24T05:00,64,Moderate,18.2,30.2,0.3,0.1,222.0,59.0,,,,,,
2024-03-24T06:00,65,Moderate,17.8,29.6,0.4,0.1,221.0,60.0,,,,,,
2024-03-24T07:00,65,Moderate,17.4,28.8,0.5,0.1,220.0,61.0,,,,,,
2024-03-24T08:00,65,Moderate,16.7,27.6,0.5,0.1,219.0,62.0,,,,,,
2024-03-24T09:00,65,Moderate,16.1,26.7,0.4,0.1,217.0,63.0,,,,,,
2024-03-24T10:00,65,Moderate,15.7,25.9,0.3,0.1,216.0,63.0,,,,,,
2024-03-24T11:00,65,Moderate,15.5,25.7,0.2,0.1,214.0,63.0,,,,,,
2024-03-24T12:00,65,Moderate,15.6,25.7,0.2,0.1,213.0,61.0,,,,,,
2024-03-24T13:00,65,Moderate,15.6,25.7,0.2,0.1,211.0,58.0,,,,,,
2024-03-24T14:00,65,Moderate,15.1,24.7,0.2,0.1,211.0,55.0,,,,,,
2024-03-24T15:00,65,Moderate,14.4,23.6,0.3,0.1,212.0,53.0,,,,,,
2024-03-24T16:00,65,Moderate,13.9,22.7,0.3,0.1,214.0,52.0,,,,,,
2024-03-24T17:00,64,Moderate,15.8,25.9,0.5,0.1,222.0,56.0,,,,,,
2024-03-24T18:00,64,Moderate,16.1,26.5,0.6,0.1,222.0,62.0,,,,,,
2024-03-24T19:00,64,Moderate,15.7,26.0,0.8,0.2,222.0,71.0,,,,,,
2024-03-24T20:00,64,Moderate,15.0,25.1,1.0,0.2,223.0,76.0,,,,,,
2024-03-24T21:00,64,Moderate,14.6,24.4,1.3,0.2,227.0,76.0,,,,,,
2024-03-24T22:00,64,Moderate,14.4,24.1,1.6,0.2,232.0,72.0,,,,,,
2024-03-24T23:00,64,Moderate,14.4,24.0,1.7,0.2,235.0,68.0,,,,,,
2024-03-25T00:00,64,Moderate,14.2,23.6,1.5,0.2,233.0,64.0,,,,,,
2024-03-25T01:00,64,Moderate,14.1,23.4,1.2,0.1,229.0,59.0,,,,,,
2024-03-25T02:00,63,Moderate,13.9,23.1,0.9,0.1,224.0,56.0,,,,,,
2024-03-25T03:00,63,Moderate,13.8,22.8,0.7,0.1,219.0,55.0,,,,,,
2024-03-25T04:00,62,Moderate,13.5,22.3,0.5,0.1,213.0,56.0,,,,,,
2024-03-25T05:00,62,Moderate,13.5,22.4,0.5,0.2,208.0,56.0,,,,,,
2024-03-25T06:00,62,Moderate,13.3,21.9,0.5,0.2,207.0,57.0,,,,,,
2024-03-25T07:00,61,Moderate,12.9,21.4,0.5,0.2,206.0,59.0,,,,,,
2024-03-25T08:00,61,Moderate,12.6,20.8,0.5,0.2,204.0,61.0,,,,,,
2024-03-25T09:00,61,Moderate,12.1,19.9,0.4,0.2,202.0,63.0,,,,,,
2024-03-25T10:00,60,Moderate,11.9,19.6,0.4,0.1,200.0,64.0,,,,,,
2024-03-25T11:00,60,Moderate,11.7,19.3,0.3,0.1,198.0,64.0,,,,,,
2024-03-25T12:00,60,Moderate,11.4,18.8,0.2,0.1,196.0,62.0,,,,,,
2024-03-25T13:00,59,Moderate,11.6,19.0,0.2,0.1,194.0,58.0,,,,,,
2024-03-25T14:00,59,Moderate,11.4,18.7,0.2,0.1,194.0,56.0,,,,,,
2024-03-25T15:00,59,Moderate,11.2,18.3,0.3,0.1,196.0,56.0,,,,,,
2024-03-25T16:00,58,Moderate,10.9,18.0,0.4,0.1,198.0,57.0,,,,,,
2024-03-25T17:00,58,Moderate,8.2,14.1,0.7,0.1,196.0,64.0,,,,,,
2024-03-25T18:00,58,Moderate,8.2,14.3,0.9,0.1,197.0,68.0,,,,,,
2024-03-25T19:00,57,Moderate,8.1,14.3,1.1,0.2,197.0,72.0,,,,,,
2024-03-25T20:00,56,Moderate,8.3,14.7,1.3,0.2,198.0,75.0,,,,,,
2024-03-25T21:00,56,Moderate,8.8,15.7,1.4,0.2,199.0,73.0,,,,,,
2024-03-25T22:00,55,Moderate,9.6,16.9,1.3,0.2,199.0,69.0,,,,,,
2024-03-25T23:00,55,Moderate,10.4,18.2,1.3,0.2,200.0,65.0,,,,,,
2024-03-26T00:00,55,Moderate,10.9,19.0,1.3,0.2,201.0,63.0,,,,,,
2024-03-26T01:00,54,Moderate,10.9,19.0,1.2,0.2,201.0,62.0,,,,,,
2024-03-26T02:00,54,Moderate,10.5,18.3,1.1,0.2,201.0,61.0,,,,,,
2024-03-26T03:00,54,Moderate,10.2,17.8,0.9,0.2,200.0,60.0,,,,,,
2024-03-26T04:00,54,Moderate,10.0,17.3,0.7,0.2,198.0,60.0,,,,,,
2024-03-26T05:00,53,Moderate,9.4,16.1,0.7,0.2,197.0,58.0,,,,,,
2024-03-26T06:00,53,Moderate,9.2,15.9,0.7,0.2,197.0,58.0,,,,,,
2024-03-26T07:00,53,Moderate,9.3,16.2,0.7,0.2,197.0,59.0,,,,,,
2024-03-26T08:00,52,Moderate,9.0,15.5,0.6,0.2,196.0,60.0,,,,,,
2024-03-26T09:00,52,Moderate,8.6,14.9,0.5,0.2,195.0,62.0,,,,,,
2024-03-26T10:00,52,Moderate,8.2,14.4,0.4,0.2,193.0,64.0,,,,,,
2024-03-26T11:00,52,Moderate,7.9,14.0,0.3,0.2,191.0,65.0,,,,,,
2024-03-26T12:00,51,Moderate,7.6,13.5,0.2,0.2,190.0,62.0,,,,,,
2024-03-26T13:00,51,Moderate,7.3,12.9,0.2,0.2,190.0,57.0,,,,,,
2024-03-26T14:00,51,Moderate,7.1,12.5,0.2,0.2,189.0,54.0,,,,,,
2024-03-26T15:00,50,Good,6.7,12.0,0.2,0.2,187.0,54.0,,,,,,
2024-03-26T16:00,50,Good,6.4,11.6,0.3,0.2,184.0,55.0,,,,,,
2024-03-26T17:00,49,Good,4.1,7.5,0.5,0.2,187.0,50.0,,,,,,
2024-03-26T18:00,48,Good,4.2,7.8,0.6,0.2,184.0,55.0,,,,,,
2024-03-26T19:00,47,Good,4.5,8.4,0.8,0.2,181.0,62.0,,,,,,
2024-03-26T20:00,46,Good,5.1,9.6,0.9,0.2,181.0,66.0,,,,,,
2024-03-26T21:00,45,Good,6.4,12.0,1.1,0.2,189.0,66.0,,,,,,
2024-03-26T22:00,45,Good,8.7,15.9,1.2,0.2,200.0,63.0,,,,,,
2024-03-26T23:00,45,Good,11.6,20.4,1.2,0.2,207.0,60.0,,,,,,
2024-03-27T00:00,45,Good,13.1,22.6,0.9,0.2,206.0,56.0,,,,,,
2024-03-27T01:00,45,Good,13.4,22.8,0.5,0.1,201.0,50.0,,,,,,
2024-03-27T02:00,46,Good,13.1,22.1,0.2,0.1,196.0,47.0,,,,,,
2024-03-27T03:00,47,Good,12.5,20.9,0.1,0.1,194.0,47.0,,,,,,
2024-03-27T04:00,47,Good,11.7,19.5,0.2,0.1,192.0,48.0,,,,,,
2024-03-27T05:00,47,Good,12.0,20.2,0.3,0.1,189.0,50.0,,,,,,
2024-03-27T06:00,48,Good,11.6,19.7,0.4,0.1,188.0,51.0,,,,,,
2024-03-27T07:00,49,Good,10.7,18.1,0.5,0.1,187.0,53.0,,,,,,
2024-03-27T08:00,49,Good,9.9,16.8,0.5,0.1,185.0,54.0,,,,,,
2024-03-27T09:00,49,Good,8.9,15.0,0.5,0.1,183.0,55.0,,,,,,
2024-03-27T10:00,49,Good,8.0,13.4,0.4,0.2,180.0,57.0,,,,,,
2024-03-27T11:00,49,Good,6.8,11.5,0.3,0.2,177.0,57.0,,,,,,
2024-03-27T12:00,49,Good,5.9,9.8,0.2,0.2,174.0,56.0,,,,,,
2024-03-27T13:00,49,Good,4.9,8.3,0.2,0.1,171.0,54.0,,,,,,
2024-03-27T14:00,48,Good,4.2,7.1,0.2,0.1,169.0,52.0,,,,,,
2024-03-27T15:00,47,Good,3.7,6.2,0.3,0.1,167.0,50.0,,,,,,
2024-03-27T16:00,47,Good,3.4,5.5,0.4,0.1,165.0,49.0,,,,,,
2024-03-27T17:00,46,Good,8.6,14.2,0.7,0.1,171.0,56.0,,,,,,
2024-03-27T18:00,47,Good,10.3,17.1,0.8,0.1,176.0,62.0,,,,,,
2024-03-27T19:00,48,Good,12.5,21.1,0.9,0.2,183.0,70.0,,,,,,
2024-03-27T20:00,50,Good,14.5,24.7,1.0,0.2,188.0,75.0,,,,,,
2024-03-27T21:00,51,Moderate,15.9,27.0,1.0,0.2,189.0,73.0,,,,,,
2024-03-27T22:00,52,Moderate,16.2,27.2,0.9,0.1,187.0,67.0,,,,,,
2024-03-27T23:00,52,Moderate,16.1,26.7,0.8,0.1,185.0,61.0,,,,,,
2024-03-28T00:00,53,Moderate,15.8,26.0,0.6,0.1,183.0,57.0,,,,,,
2024-03-28T01:00,53,Moderate,15.5,25.4,0.4,0.1,181.0,53.0,,,,,,
2024-03-28T02:00,53,Moderate,15.1,24.6,0.3,0.1,179.0,50.0,,,,,,
2024-03-28T03:00,53,Moderate,15.0,24.3,0.3,0.1,178.0,48.0,,,,,,
2024-03-28T04:00,53,Moderate,14.8,24.0,0.3,0.1,177.0,48.0,,,,,,
2024-03-28T05:00,53,Moderate,15.9,26.0,0.3,0.2,179.0,48.0,,,,,,
2024-03-28T06:00,54,Moderate,15.1,24.6,0.4,0.2,178.0,50.0,,,,,,
2024-03-28T07:00,54,Moderate,14.4,23.4,0.5,0.1,175.0,52.0,,,,,,
2024-03-28T08:00,54,Moderate,14.3,23.2,0.5,0.1,174.0,54.0,,,,,,
2024-03-28T09:00,55,Moderate,14.1,22.8,0.5,0.1,174.0,55.0,,,,,,
2024-03-28T10:00,55,Moderate,13.9,22.4,0.4,0.1,174.0,55.0,,,,,,
2024-03-28T11:00,56,Moderate,13.6,21.9,0.3,0.1,174.0,55.0,,,,,,
2024-03-28T12:00,56,Moderate,13.5,21.7,0.3,0.1,173.0,54.0,,,,,,
2024-03-28T13:00,57,Moderate,13.4,21.6,0.3,0.1,171.0,51.0,,,,,,
2024-03-28T14:00,57,Moderate,13.2,21.3,0.3,0.1,170.0,49.0,,,,,,
2024-03-28T15:00,58,Moderate,12.7,20.4,0.3,0.1,169.0,47.0,,,,,,
2024-03-28T16:00,59,Moderate,12.2,19.4,0.4,0.1,167.0,44.0,,,,,,
2024-03-28T17:00,59,Moderate,11.4,18.4,0.6,0.1,166.0,45.0,,,,,,
2024-03-28T18:00,60,Moderate,11.1,17.9,0.5,0.1,167.0,47.0,,,,,,
2024-03-28T19:00,60,Moderate,10.7,17.3,0.4,0.1,168.0,49.0,,,,,,
2024-03-28T20:00,60,Moderate,10.5,17.0,0.4,0.1,169.0,51.0,,,,,,
2024-03-28T21:00,59,Moderate,10.3,16.8,0.5,0.1,170.0,52.0,,,,,,
2024-03-28T22:00,59,Moderate,10.3,16.9,0.6,0.2,172.0,53.0,,,,,,
2024-03-28T23:00,58,Moderate,10.4,17.2,0.6,0.2,174.0,54.0,,,,,,
2024-03-29T00:00,58,Moderate,10.7,17.9,0.5,0.2,176.0,55.0,,,,,,
2024-03-29T01:00,58,Moderate,11.4,19.1,0.4,0.2,178.0,57.0,,,,,,
2024-03-29T02:00,57,Moderate,11.7,19.7,0.3,0.3,180.0,58.0,,,,,,
2024-03-29T03:00,57,Moderate,11.8,19.8,0.4,0.5,183.0,58.0,,,,,,
2024-03-29T04:00,57,Moderate,11.8,19.8,0.6,0.8,187.0,58.0,,,,,,
2024-03-29T05:00,56,Moderate,12.7,21.6,0.9,1.0,189.0,63.0,,,,,,
2024-03-29T06:00,56,Moderate,12.7,21.6,0.9,1.0,192.0,63.0,,,,,,
2024-03-29T07:00,56,Moderate,13.0,21.8,1.0,1.0,195.0,64.0,,,,,,
2024-03-29T08:00,56,Moderate,12.7,21.4,0.9,0.9,198.0,66.0,,,,,,
2024-03-29T09:00,56,Moderate,12.6,21.4,0.7,0.7,198.0,70.0,,,,,,
2024-03-29T10:00,56,Moderate,12.1,20.8,0.4,0.4,198.0,75.0,,,,,,
2024-03-29T11:00,56,Moderate,11.2,19.5,0.2,0.2,197.0,79.0,,,,,,
2024-03-29T12:00,55,Moderate,10.1,17.9,0.2,0.1,196.0,80.0,,,,,,
2024-03-29T13:00,55,Moderate,8.8,15.8,0.2,0.1,195.0,80.0,,,,,,
2024-03-29T14:00,55,Moderate,7.7,13.8,0.3,0.1,195.0,80.0,,,,,,
2024-03-29T15:00,54,Moderate,6.8,12.3,0.4,0.1,196.0,81.0,,,,,,
2024-03-29T16:00,54,Moderate,6.5,11.7,0.6,0.0,198.0,81.0,,,,,,
2024-03-29T17:00,53,Moderate,9.8,17.2,0.6,0.1,189.0,76.0,,,,,,
2024-03-29T18:00,53,Moderate,10.2,17.6,0.7,0.2,191.0,76.0,,,,,,
2024-03-29T19:00,53,Moderate,10.4,17.7,0.8,0.2,194.0,77.0,,,,,,
2024-03-29T20:00,53,Moderate,10.2,17.4,0.9,0.4,195.0,77.0,,,,,,
2024-03-29T21:00,53,Moderate,9.9,17.0,1.2,0.7,194.0,77.0,,,,,,
2024-03-29T22:00,53,Moderate,9.4,16.3,1.5,1.0,191.0,77.0,,,,,,
2024-03-29T23:00,53,Moderate,8.8,15.5,1.7,1.3,188.0,77.0,,,,,,
2024-03-30T00:00,53,Moderate,8.3,14.9,1.6,1.4,183.0,78.0,,,,,,
2024-03-30T01:00,53,Moderate,7.8,14.2,1.4,1.4,177.0,79.0,,,,,,
2024-03-30T02:00,52,Moderate,7.3,13.7,1.4,1.6,173.0,79.0,,,,,,
2024-03-30T03:00,52,Moderate,7.1,13.3,1.6,2.2,171.0,78.0,,,,,,
2024-03-30T04:00,52,Moderate,6.8,12.9,2.1,3.0,171.0,77.0,,,,,,
2024-03-30T05:00,51,Moderate,7.7,14.5,1.6,2.1,170.0,78.0,,,,,,
2024-03-30T06:00,51,Moderate,8.3,15.3,1.6,2.5,176.0,77.0,,,,,,
2024-03-30T07:00,51,Moderate,9.2,16.5,1.7,2.9,184.0,76.0,,,,,,
2024-03-30T08:00,50,Good,9.8,17.4,1.6,3.0,192.0,75.0,,,,,,
2024-03-30T09:00,50,Good,10.5,18.3,1.2,2.2,200.0,75.0,,,,,,
2024-03-30T10:00,50,Good,11.0,19.0,0.8,1.1,208.0,75.0,,,,,,
2024-03-30T11:00,49,Good,11.6,19.7,0.4,0.2,217.0,75.0,,,,,,
2024-03-30T12:00,50,Good,12.3,20.8,0.3,0.0,230.0,74.0,,,,,,
2024-03-30T13:00,50,Good,12.9,21.7,0.3,0.1,243.0,73.0,,,,,,
2024-03-30T14:00,50,Good,12.9,21.7,0.4,0.2,248.0,73.0,,,,,,
2024-03-30T15:00,51,Moderate,12.2,20.9,0.4,0.2,238.0,74.0,,,,,,
2024-03-30T16:00,51,Moderate,11.5,20.1,0.5,0.2,219.0,75.0,,,,,,
2024-03-30T17:00,52,Moderate,9.0,15.5,0.6,0.2,229.0,74.0,,,,,,
2024-03-30T18:00,52,Moderate,7.7,13.5,0.5,0.1,215.0,75.0,,,,,,
2024-03-30T19:00,51,Moderate,6.5,11.8,0.4,0.1,195.0,76.0,,,,,,
2024-03-30T20:00,51,Moderate,5.8,10.8,0.4,0.2,179.0,77.0,,,,,,
2024-03-30T21:00,51,Moderate,5.4,10.5,0.7,0.7,169.0,77.0,,,,,,
2024-03-30T22:00,50,Good,5.5,11.0,1.1,1.4,163.0,77.0,,,,,,
2024-03-30T23:00,50,Good,6.0,11.9,1.6,2.2,159.0,77.0,,,,,,
2024-03-31T00:00,49,Good,6.4,12.8,2.1,3.2,159.0,77.0,,,,,,
2024-03-31T01:00,49,Good,7.0,13.7,2.8,4.3,161.0,77.0,,,,,,
2024-03-31T02:00,49,Good,7.3,14.3,3.3,5.6,164.0,76.0,,,,,,
2024-03-31T03:00,49,Good,7.4,14.4,3.8,7.1,166.0,75.0,,,,,,
2024-03-31T04:00,49,Good,7.6,14.6,4.2,8.6,169.0,73.0,,,,,,
2024-03-31T05:00,49,Good,8.1,15.5,4.4,8.7,174.0,70.0,,,,,,
2024-03-31T06:00,49,Good,8.5,15.8,4.7,10.2,181.0,70.0,,,,,,
2024-03-31T07:00,49,Good,9.1,16.5,5.0,12.3,191.0,72.0,,,,,,
2024-03-31T08:00,49,Good,9.9,17.6,4.9,13.2,196.0,76.0,,,,,,
2024-03-31T09:00,49,Good,11.0,19.2,3.8,12.1,192.0,88.0,,,,,,
2024-03-31T10:00,49,Good,10.4,18.6,2.3,9.8,182.0,103.0,,,,,,
2024-03-31T11:00,49,Good,10.2,18.6,1.1,7.4,173.0,111.0,,,,,,
2024-03-31T12:00,49,Good,10.4,19.7,0.6,4.9,164.0,107.0,,,,,,
2024-03-31T13:00,48,Good,10.2,20.0,0.4,2.4,154.0,97.0,,,,,,
2024-03-31T14:00,48,Good,9.6,19.0,0.3,0.5,149.0,88.0,,,,,,
2024-03-31T15:00,47,Good,9.3,18.4,0.3,0.0,150.0,84.0,,,,,,
2024-03-31T16:00,46,Good,9.6,18.6,0.4,0.0,156.0,82.0,,,,,,
2024-03-31T17:00,46,Good,5.8,11.5,0.6,0.2,169.0,80.0,,,,,,
2024-03-31T18:00,45,Good,5.3,10.6,0.5,0.2,172.0,82.0,,,,,,
2024-03-31T19:00,45,Good,5.3,10.4,0.5,0.3,176.0,85.0,,,,,,
2024-03-31T20:00,44,Good,5.5,10.8,0.5,0.4,179.0,87.0,,,,,,
2024-03-31T21:00,44,Good,5.5,11.0,0.6,0.6,181.0,88.0,,,,,,
2024-03-31T22:00,44,Good,5.6,11.2,0.8,0.9,183.0,88.0,,,,,,
2024-03-31T23:00,44,Good,5.8,11.5,1.1,1.4,184.0,88.0,,,,,,
2024-04-01T00:00,44,Good,6.0,11.8,1.5,2.2,183.0,88.0,,,,,,
2024-04-01T01:00,44,Good,6.2,12.2,2.0,3.3,182.0,87.0,,,,,,
2024-04-01T02:00,44,Good,6.4,12.6,2.5,4.4,181.0,86.0,,,,,,
2024-04-01T03:00,44,Good,6.7,12.9,3.0,5.6,180.0,85.0,,,,,,
2024-04-01T04:00,44,Good,7.0,13.4,3.4,6.9,180.0,83.0,,,,,,
2024-04-01T05:00,43,Good,7.1,13.6,3.3,7.4,172.0,82.0,,,,,,
2024-04-01T06:00,43,Good,6.9,13.2,2.9,6.4,171.0,84.0,,,,,,
2024-04-01T07:00,43,Good,6.7,12.8,2.3,5.0,170.0,88.0,,,,,,
2024-04-01T08:00,42,Good,6.7,12.7,1.7,3.7,168.0,90.0,,,,,,
2024-04-01T09:00,41,Good,6.6,12.5,1.2,2.5,166.0,91.0,,,,,,
2024-04-01T10:00,40,Good,6.2,11.9,0.7,1.2,163.0,92.0,,,,,,
2024-04-01T11:00,40,Good,5.8,11.2,0.3,0.4,162.0,91.0,,,,,,
2024-04-01T12:00,41,Good,5.7,10.9,0.2,0.1,164.0,88.0,,,,,,
2024-04-01T13:00,41,Good,5.7,10.8,0.2,0.2,168.0,84.0,,,,,,
2024-04-01T14:00,41,Good,6.0,11.4,0.2,0.3,171.0,82.0,,,,,,
2024-04-01T15:00,41,Good,6.8,12.7,0.2,0.2,173.0,82.0,,,,,,
2024-04-01T16:00,41,Good,7.5,13.9,0.2,0.1,175.0,84.0,,,,,,
2024-04-01T17:00,40,Good,7.5,14.0,0.4,0.4,168.0,82.0,,,,,,
2024-04-01T18:00,40,Good,8.2,15.7,0.5,0.6,164.0,85.0,,,,,,
2024-04-01T19:00,39,Good,9.5,17.9,0.6,0.9,159.0,90.0,,,,,,
2024-04-01T20:00,39,Good,11.0,20.6,0.9,1.4,156.0,93.0,,,,,,
2024-04-01T21:00,40,Good,13.0,24.0,1.4,2.3,156.0,95.0,,,,,,
2024-04-01T22:00,40,Good,15.0,27.4,2.1,3.4,158.0,95.0,,,,,,
2024-04-01T23:00,42,Good,16.7,30.3,2.6,4.3,160.0,95.0,,,,,,
2024-04-02T00:00,44,Good,17.9,32.4,2.9,5.0,162.0,94.0,,,,,,
2024-04-02T01:00,47,Good,18.9,33.9,3.0,5.5,164.0,93.0,,,,,,
2024-04-02T02:00,50,Good,19.4,34.6,3.1,6.0,167.0,91.0,,,,,,
2024-04-02T03:00,51,Moderate,19.7,34.9,3.2,6.5,170.0,89.0,,,,,,
2024-04-02T04:00,52,Moderate,19.9,34.9,3.2,6.9,174.0,87.0,,,,,,
2024-04-02T05:00,53,Moderate,20.0,35.7,2.5,5.3,162.0,87.0,,,,,,
2024-04-02T06:00,54,Moderate,19.7,35.2,2.5,5.5,164.0,88.0,,,,,,
2024-04-02T07:00,55,Moderate,20.0,35.5,2.5,5.7,166.0,89.0,,,,,,
2024-04-02T08:00,56,Moderate,20.1,35.6,2.3,5.5,166.0,91.0,,,,,,
2024-04-02T09:00,57,Moderate,20.3,36.0,1.7,4.3,160.0,94.0,,,,,,
2024-04-02T10:00,58,Moderate,20.4,36.4,1.0,2.7,152.0,97.0,,,,,,
2024-04-02T11:00,59,Moderate,20.5,36.9,0.4,1.4,145.0,98.0,,,,,,
2024-04-02T12:00,60,Moderate,19.8,35.9,0.2,0.7,142.0,94.0,,,,,,
2024-04-02T13:00,62,Moderate,18.6,33.6,0.2,0.3,140.0,87.0,,,,,,
2024-04-02T14:00,63,Moderate,16.8,30.4,0.2,0.1,140.0,82.0,,,,,,
2024-04-02T15:00,63,Moderate,15.2,27.7,0.2,0.0,140.0,81.0,,,,,,
2024-04-02T16:00,64,Moderate,14.3,26.1,0.3,0.0,141.0,81.0,,,,,,
2024-04-02T17:00,65,Moderate,12.7,23.3,0.4,0.2,133.0,76.0,,,,,,
2024-04-02T18:00,65,Moderate,12.3,22.5,0.8,0.9,135.0,78.0,,,,,,
2024-04-02T19:00,65,Moderate,12.3,22.5,1.4,1.8,138.0,81.0,,,,,,
2024-04-02T20:00,66,Moderate,12.5,23.0,2.0,2.7,142.0,83.0,,,,,,
2024-04-02T21:00,66,Moderate,12.7,23.2,2.6,3.5,149.0,84.0,,,,,,
2024-04-02T22:00,66,Moderate,12.4,22.5,3.2,4.3,158.0,85.0,,,,,,
2024-04-02T23:00,65,Moderate,11.9,21.4,3.5,4.6,163.0,86.0,,,,,,
2024-04-03T00:00,65,Moderate,11.8,21.1,3.2,4.1,162.0,86.0,,,,,,
2024-04-03T01:00,65,Moderate,11.8,21.3,2.5,3.1,159.0,86.0,,,,,,
2024-04-03T02:00,64,Moderate,11.7,21.1,2.0,2.4,155.0,86.0,,,,,,
2024-04-03T03:00,63,Moderate,11.2,20.3,1.7,2.1,152.0,85.0,,,,,,
2024-04-03T04:00,63,Moderate,10.8,19.7,1.5,2.0,148.0,85.0,,,,,,
2024-04-03T05:00,62,Moderate,12.5,22.2,2.1,3.0,159.0,84.0,,,,,,
2024-04-03T06:00,62,Moderate,12.4,21.7,2.6,4.3,164.0,84.0,,,,,,
2024-04-03T07:00,61,Moderate,12.1,20.9,3.2,5.9,170.0,84.0,,,,,,
2024-04-03T08:00,60,Moderate,12.1,20.7,3.3,6.6,172.0,85.0,,,,,,
2024-04-03T09:00,60,Moderate,11.8,20.1,2.6,5.3,167.0,87.0,,,,,,
2024-04-03T10:00,59,Moderate,11.1,19.4,1.4,3.0,159.0,90.0,,,,,,
2024-04-03T11:00,58,Moderate,9.9,17.3,0.5,1.2,153.0,91.0,,,,,,
2024-04-03T12:00,57,Moderate,8.2,14.4,0.2,0.5,151.0,88.0,,,,,,
2024-04-03T13:00,57,Moderate,6.8,12.0,0.2,0.3,151.0,82.0,,,,,,
2024-04-03T14:00,56,Moderate,6.0,10.6,0.3,0.2,151.0,78.0,,,,,,
2024-04-03T15:00,55,Moderate,5.6,10.1,0.4,0.1,152.0,77.0,,,,,,
2024-04-03T16:00,54,Moderate,5.5,9.8,0.5,0.1,154.0,77.0,,,,,,
2024-04-03T17:00,53,Moderate,10.2,18.2,0.5,0.1,147.0,77.0,,,,,,
2024-04-03T18:00,53,Moderate,10.5,18.9,0.8,0.6,149.0,78.0,,,,,,
2024-04-03T19:00,53,Moderate,11.5,20.5,1.3,1.2,151.0,80.0,,,,,,
2024-04-03T20:00,53,Moderate,12.5,22.3,1.6,1.7,152.0,81.0,,,,,,
2024-04-03T21:00,53,Moderate,13.4,23.7,1.7,1.8,152.0,81.0,,,,,,
2024-04-03T22:00,53,Moderate,14.0,24.8,1.7,1.8,151.0,81.0,,,,,,
2024-04-03T23:00,53,Moderate,14.2,25.1,1.8,2.0,151.0,81.0,,,,,,
2024-04-04T00:00,53,Moderate,14.4,25.4,2.1,2.5,152.0,80.0,,,,,,
2024-04-04T01:00,53,Moderate,14.8,25.9,2.4,3.2,154.0,78.0,,,,,,
2024-04-04T02:00,54,Moderate,15.0,26.1,2.7,3.8,156.0,77.0,,,,,,
2024-04-04T03:00,54,Moderate,15.4,26.4,2.9,4.4,158.0,75.0,,,,,,
2024-04-04T04:00,54,Moderate,15.8,27.0,3.0,5.0,159.0,74.0,,,,,,
2024-04-04T05:00,55,Moderate,16.6,28.4,2.5,4.2,154.0,76.0,,,,,,
2024-04-04T06:00,55,Moderate,16.2,27.6,2.1,3.5,151.0,76.0,,,,,,
2024-04-04T07:00,55,Moderate,14.2,24.5,1.6,2.4,148.0,77.0,,,,,,
2024-04-04T08:00,55,Moderate,12.8,22.2,1.1,1.5,144.0,77.0,,,,,,
2024-04-04T09:00,56,Moderate,11.7,20.5,0.8,0.9,140.0,76.0,,,,,,
2024-04-04T10:00,56,Moderate,10.3,18.3,0.5,0.4,136.0,75.0,,,,,,
2024-04-04T11:00,55,Moderate,8.7,15.8,0.3,0.1,132.0,73.0,,,,,,
2024-04-04T12:00,55,Moderate,7.4,13.6,0.2,0.1,129.0,70.0,,,,,,
2024-04-04T13:00,55,Moderate,6.4,11.8,0.2,0.2,126.0,67.0,,,,,,
2024-04-04T14:00,55,Moderate,5.7,10.6,0.2,0.3,123.0,65.0,,,,,,
2024-04-04T15:00,55,Moderate,5.1,9.8,0.2,0.2,121.0,64.0,,,,,,
2024-04-04T16:00,55,Moderate,5.0,9.7,0.2,0.0,119.0,63.0,,,,,,
2024-04-04T17:00,55,Moderate,4.0,7.8,0.4,0.1,123.0,57.0,,,,,,
2024-04-04T18:00,55,Moderate,4.5,8.8,0.8,0.7,126.0,61.0,,,,,,
2024-04-04T19:00,54,Moderate,5.2,10.1,1.4,1.6,131.0,66.0,,,,,,
2024-04-04T20:00,54,Moderate,6.3,12.1,1.9,2.3,137.0,71.0,,,,,,
2024-04-04T21:00,53,Moderate,7.9,14.4,2.3,2.8,145.0,76.0,,,,,,
2024-04-04T22:00,53,Moderate,9.1,16.3,2.6,3.3,153.0,81.0,,,,,,
2024-04-04T23:00,52,Moderate,10.0,17.7,2.8,3.6,161.0,85.0,,,,,,
2024-04-05T00:00,52,Moderate,10.4,18.4,2.9,3.8,166.0,86.0,,,,,,
2024-04-05T01:00,52,Moderate,10.7,18.7,2.9,4.0,171.0,86.0,,,,,,
2024-04-05T02:00,51,Moderate,10.9,18.8,2.9,4.2,175.0,85.0,,,,,,
2024-04-05T03:00,51,Moderate,10.9,18.5,3.0,4.6,180.0,84.0,,,,,,
2024-04-05T04:00,51,Moderate,11.1,18.7,3.2,5.1,185.0,83.0,,,,,,
2024-04-05T05:00,50,Good,11.7,20.4,2.1,3.2,180.0,88.0,,,,,,
2024-04-05T06:00,50,Good,11.9,20.3,2.6,4.4,189.0,90.0,,,,,,
2024-04-05T07:00,49,Good,11.9,19.9,3.3,6.0,200.0,93.0,,,,,,
2024-04-05T08:00,49,Good,12.5,20.3,3.5,7.1,208.0,99.0,,,,,,
2024-04-05T09:00,48,Good,12.5,20.1,3.0,7.5,209.0,110.0,,,,,,
2024-04-05T10:00,49,Good,13.0,20.5,2.0,7.4,205.0,124.0,,,,,,
2024-04-05T11:00,49,Good,12.4,19.8,1.2,6.7,199.0,130.0,,,,,,
2024-04-05T12:00,50,Good,11.7,19.0,0.8,4.9,189.0,123.0,,,,,,
2024-04-05T13:00,50,Good,9.9,16.7,0.5,2.4,177.0,109.0,,,,,,
2024-04-05T14:00,53,Moderate,8.0,13.8,0.3,0.6,167.0,97.0,,,,,,
2024-04-05T15:00,55,Moderate,6.6,11.8,0.3,0.0,161.0,91.0,,,,,,
2024-04-05T16:00,54,Moderate,6.1,11.0,0.3,0.0,157.0,87.0,,,,,,
2024-04-05T17:00,52,Moderate,7.6,13.7,0.4,0.3,155.0,86.0,,,,,,
2024-04-05T18:00,51,Moderate,7.1,13.1,0.4,0.3,157.0,90.0,,,,,,
2024-04-05T19:00,52,Moderate,7.4,13.8,0.4,0.2,159.0,94.0,,,,,,
2024-04-05T20:00,52,Moderate,7.8,14.5,0.5,0.4,161.0,98.0,,,,,,
2024-04-05T21:00,52,Moderate,8.4,15.3,0.9,0.8,162.0,99.0,,,,,,
2024-04-05T22:00,52,Moderate,9.1,16.2,1.4,1.4,162.0,99.0,,,,,,
2024-04-05T23:00,52,Moderate,9.9,17.3,2.0,2.3,163.0,98.0,,,,,,
2024-04-06T00:00,52,Moderate,10.8,18.4,2.7,3.5,164.0,95.0,,,,,,
2024-04-06T01:00,52,Moderate,11.9,20.0,3.4,5.0,166.0,91.0,,,,,,
2024-04-06T02:00,52,Moderate,13.2,22.1,3.9,6.3,169.0,88.0,,,,,,
2024-04-06T03:00,52,Moderate,15.0,24.7,4.2,7.2,172.0,85.0,,,,,,
2024-04-06T04:00,52,Moderate,16.7,27.4,4.3,7.9,176.0,82.0,,,,,,
2024-04-06T05:00,53,Moderate,17.6,29.2,3.7,6.8,161.0,82.0,,,,,,
2024-04-06T06:00,53,Moderate,18.5,30.9,3.8,7.6,164.0,83.0,,,,,,
2024-04-06T07:00,54,Moderate,19.3,32.0,3.8,8.5,169.0,86.0,,,,,,
2024-04-06T08:00,54,Moderate,19.6,32.5,3.6,8.8,171.0,90.0,,,,,,
2024-04-06T09:00,55,Moderate,19.6,32.4,2.8,7.8,169.0,99.0,,,,,,
2024-04-06T10:00,56,Moderate,19.7,32.6,1.7,6.2,164.0,109.0,,,,,,
2024-04-06T11:00,56,Moderate,19.3,32.1,0.8,4.5,159.0,114.0,,,,,,
2024-04-06T12:00,57,Moderate,19.0,31.8,0.4,2.9,156.0,108.0,,,,,,
2024-04-06T13:00,57,Moderate,18.6,31.2,0.3,1.4,153.0,98.0,,,,,,
2024-04-06T14:00,58,Moderate,18.9,31.4,0.3,0.3,149.0,89.0,,,,,,
2024-04-06T15:00,59,Moderate,20.0,33.6,0.2,0.0,143.0,86.0,,,,,,
2024-04-06T16:00,60,Moderate,21.0,35.5,0.2,0.0,137.0,85.0,,,,,,
2024-04-06T17:00,61,Moderate,20.6,34.1,0.4,0.1,129.0,77.0,,,,,,
2024-04-06T18:00,62,Moderate,22.2,36.7,0.4,0.1,128.0,79.0,,,,,,
2024-04-06T19:00,63,Moderate,23.5,38.9,0.4,0.1,128.0,82.0,,,,,,
2024-04-06T20:00,64,Moderate,23.9,39.6,0.5,0.4,128.0,85.0,,,,,,
2024-04-06T21:00,66,Moderate,23.6,39.2,0.9,1.1,129.0,87.0,,,,,,
2024-04-06T22:00,67,Moderate,23.2,38.8,1.5,2.0,132.0,89.0,,,,,,
2024-04-06T23:00,68,Moderate,23.1,38.8,2.1,2.9,134.0,89.0,,,,,,
2024-04-07T00:00,69,Moderate,23.3,39.2,2.5,3.6,136.0,87.0,,,,,,
2024-04-07T01:00,70,Moderate,23.5,39.5,3.0,4.3,139.0,84.0,,,,,,
2024-04-07T02:00,71,Moderate,23.8,39.8,3.3,5.0,142.0,81.0,,,,,,
2024-04-07T03:00,72,Moderate,23.6,39.5,3.6,5.7,145.0,78.0,,,,,,
2024-04-07T04:00,72,Moderate,23.3,38.9,3.8,6.3,148.0,75.0,,,,,,
2024-04-07T05:00,73,Moderate,24.0,40.4,3.6,7.6,147.0,78.0,,,,,,
2024-04-07T06:00,74,Moderate,24.3,40.5,4.1,9.3,155.0,78.0,,,,,,
2024-04-07T07:00,74,Moderate,24.9,41.2,4.7,11.7,166.0,78.0,,,,,,
2024-04-07T08:00,74,Moderate,25.7,42.0,4.8,13.1,173.0,83.0,,,,,,
2024-04-07T09:00,75,Moderate,25.9,42.1,3.9,12.9,174.0,97.0,,,,,,
2024-04-07T10:00,75,Moderate,25.8,42.1,2.5,11.6,172.0,115.0,,,,,,
2024-04-07T11:00,76,Moderate,27.1,44.5,1.4,9.9,166.0,125.0,,,,,,
2024-04-07T12:00,76,Moderate,27.4,45.9,0.9,7.4,154.0,120.0,,,,,,
2024-04-07T13:00,77,Moderate,26.4,44.7,0.6,4.4,139.0,108.0,,,,,,
2024-04-07T14:00,78,Moderate,24.5,41.6,0.4,2.0,127.0,97.0,,,,,,
2024-04-07T15:00,78,Moderate,22.6,38.5,0.3,0.8,123.0,91.0,,,,,,
2024-04-07T16:00,78,Moderate,21.8,37.4,0.2,0.3,123.0,87.0,,,,,,
2024-04-07T17:00,78,Moderate,22.2,37.7,0.5,0.3,122.0,82.0,,,,,,
2024-04-07T18:00,79,Moderate,20.9,36.0,0.9,0.8,123.0,83.0,,,,,,
2024-04-07T19:00,78,Moderate,19.8,34.3,1.4,1.4,124.0,85.0,,,,,,
2024-04-07T20:00,78,Moderate,18.9,33.1,1.9,2.0,126.0,86.0,,,,,,
2024-04-07T21:00,78,Moderate,18.0,31.4,2.3,2.4,129.0,85.0,,,,,,
2024-04-07T22:00,77,Moderate,17.5,30.4,2.7,2.8,133.0,83.0,,,,,,
2024-04-07T23:00,77,Moderate,17.2,29.7,3.1,3.4,138.0,80.0,,,,,,
2024-04-08T00:00,76,Moderate,16.9,29.0,3.5,4.2,143.0,77.0,,,,,,
2024-04-08T01:00,76,Moderate,16.6,28.2,4.0,5.2,148.0,75.0,,,,,,
2024-04-08T02:00,75,Moderate,16.5,27.8,4.3,6.1,153.0,72.0,,,,,,
2024-04-08T03:00,75,Moderate,17.0,28.4,4.6,6.9,157.0,69.0,,,,,,
2024-04-08T04:00,74,Moderate,17.2,28.6,4.8,7.5,160.0,67.0,,,,,,
2024-04-08T05:00,74,Moderate,17.5,29.6,4.1,6.0,159.0,66.0,,,,,,
2024-04-08T06:00,73,Moderate,17.6,29.7,4.0,6.7,161.0,68.0,,,,,,
2024-04-08T07:00,73,Moderate,17.9,30.0,3.8,7.6,164.0,72.0,,,,,,
2024-04-08T08:00,72,Moderate,18.3,30.5,3.4,8.0,165.0,78.0,,,,,,
2024-04-08T09:00,72,Moderate,18.4,30.7,2.7,7.7,164.0,90.0,,,,,,
2024-04-08T10:00,71,Moderate,18.5,30.9,1.8,6.9,160.0,105.0,,,,,,
2024-04-08T11:00,70,Moderate,18.8,31.9,1.1,5.7,155.0,113.0,,,,,,
2024-04-08T12:00,70,Moderate,18.5,32.2,0.7,3.9,146.0,106.0,,,,,,
2024-04-08T13:00,69,Moderate,17.5,31.0,0.4,1.8,134.0,92.0,,,,,,
2024-04-08T14:00,68,Moderate,16.5,29.3,0.3,0.3,126.0,81.0,,,,,,
2024-04-08T15:00,68,Moderate,16.1,28.5,0.3,0.0,123.0,77.0,,,,,,
2024-04-08T16:00,67,Moderate,16.2,28.9,0.3,0.0,123.0,77.0,,,,,,
2024-04-08T17:00,67,Moderate,16.1,28.9,0.4,0.2,117.0,72.0,,,,,,
2024-04-08T18:00,66,Moderate,16.6,29.8,0.3,0.1,117.0,74.0,,,,,,
2024-04-08T19:00,66,Moderate,16.9,30.3,0.2,0.0,116.0,78.0,,,,,,
2024-04-08T20:00,66,Moderate,17.1,30.5,0.3,0.2,117.0,80.0,,,,,,
2024-04-08T21:00,66,Moderate,16.9,30.3,0.8,0.9,120.0,81.0,,,,,,
2024-04-08T22:00,66,Moderate,16.6,29.7,1.5,1.9,124.0,81.0,,,,,,
2024-04-08T23:00,66,Moderate,16.4,29.2,2.2,3.1,128.0,81.0,,,,,,
2024-04-09T00:00,65,Moderate,15.9,28.3,2.9,4.7,133.0,80.0,,,,,,
2024-04-09T01:00,65,Moderate,15.7,27.8,3.7,6.5,140.0,78.0,,,,,,
2024-04-09T02:00,65,Moderate,15.4,27.1,4.1,7.7,144.0,76.0,,,,,,
2024-04-09T03:00,65,Moderate,15.8,27.5,4.1,8.1,146.0,75.0,,,,,,
2024-04-09T04:00,65,Moderate,16.0,27.6,3.7,8.0,146.0,74.0,,,,,,
2024-04-09T05:00,65,Moderate,16.0,28.7,1.3,2.5,124.0,84.0,,,,,,
2024-04-09T06:00,65,Moderate,16.4,29.1,1.1,1.9,126.0,85.0,,,,,,
2024-04-09T07:00,65,Moderate,16.9,29.8,0.7,1.0,131.0,87.0,,,,,,
2024-04-09T08:00,65,Moderate,17.5,30.4,0.5,0.3,139.0,87.0,,,,,,
2024-04-09T09:00,65,Moderate,18.3,31.4,0.4,0.1,157.0,85.0,,,,,,
2024-04-09T10:00,65,Moderate,19.3,32.7,0.4,0.1,179.0,82.0,,,,,,
2024-04-09T11:00,65,Moderate,20.4,34.3,0.4,0.2,193.0,78.0,,,,,,
2024-04-09T12:00,65,Moderate,21.0,35.3,0.4,0.2,193.0,72.0,,,,,,
2024-04-09T13:00,65,Moderate,20.8,35.0,0.3,0.2,186.0,65.0,,,,,,
2024-04-09T14:00,65,Moderate,19.7,33.8,0.3,0.2,177.0,60.0,,,,,,
2024-04-09T15:00,66,Moderate,19.7,34.1,0.3,0.2,167.0,57.0,,,,,,
2024-04-09T16:00,66,Moderate,20.5,36.2,0.4,0.2,156.0,55.0,,,,,,
2024-04-09T17:00,66,Moderate,20.4,36.4,0.6,0.2,150.0,55.0,,,,,,
2024-04-09T18:00,67,Moderate,22.6,40.6,0.8,0.2,161.0,61.0,,,,,,
2024-04-09T19:00,67,Moderate,26.5,47.7,1.0,0.3,177.0,69.0,,,,,,
2024-04-09T20:00,68,Moderate,30.6,55.1,1.2,0.3,188.0,73.0,,,,,,
2024-04-09T21:00,69,Moderate,31.5,56.7,1.3,0.3,192.0,70.0,,,,,,
2024-04-09T22:00,70,Moderate,29.3,52.9,1.3,0.2,191.0,64.0,,,,,,
2024-04-09T23:00,71,Moderate,26.8,48.3,1.3,0.2,189.0,59.0,,,,,,
2024-04-10T00:00,72,Moderate,25.3,45.8,1.1,0.2,185.0,57.0,,,,,,
2024-04-10T01:00,73,Moderate,24.4,44.4,0.8,0.2,180.0,57.0,,,,,,
2024-04-10T02:00,73,Moderate,23.9,43.3,0.6,0.2,175.0,57.0,,,,,,
2024-04-10T03:00,74,Moderate,23.4,42.6,0.4,0.2,170.0,57.0,,,,,,
2024-04-10T04:00,74,Moderate,23.0,41.9,0.3,0.1,166.0,57.0,,,,,,
2024-04-10T05:00,75,Moderate,22.4,40.9,0.3,0.1,163.0,57.0,,,,,,
2024-04-10T06:00,76,Moderate,21.9,40.0,0.3,0.1,163.0,58.0,,,,,,
2024-04-10T07:00,76,Moderate,21.6,39.5,0.4,0.2,164.0,58.0,,,,,,
2024-04-10T08:00,76,Moderate,21.2,38.6,0.4,0.2,164.0,59.0,,,,,,
2024-04-10T09:00,77,Moderate,20.6,37.5,0.3,0.2,163.0,60.0,,,,,,
2024-04-10T10:00,77,Moderate,20.1,36.4,0.3,0.2,161.0,61.0,,,,,,
2024-04-10T11:00,77,Moderate,20.0,36.3,0.2,0.2,160.0,61.0,,,,,,
2024-04-10T12:00,77,Moderate,19.8,36.0,0.2,0.2,159.0,59.0,,,,,,
2024-04-10T13:00,77,Moderate,19.6,35.5,0.2,0.1,158.0,57.0,,,,,,
2024-04-10T14:00,77,Moderate,19.4,35.2,0.2,0.1,159.0,56.0,,,,,,
2024-04-10T15:00,77,Moderate,19.4,35.2,0.3,0.1,162.0,58.0,,,,,,
2024-04-10T16:00,77,Moderate,19.8,36.0,0.4,0.1,166.0,61.0,,,,,,
2024-04-10T17:00,77,Moderate,21.6,39.2,0.6,0.1,175.0,72.0,,,,,,
2024-04-10T18:00,77,Moderate,20.4,36.9,0.7,0.1,172.0,70.0,,,,,,
2024-04-10T19:00,76,Moderate,19.0,34.5,0.8,0.1,169.0,67.0,,,,,,
2024-04-10T20:00,76,Moderate,18.5,33.3,0.9,0.1,167.0,64.0,,,,,,
2024-04-10T21:00,75,Moderate,18.9,33.9,1.0,0.1,169.0,61.0,,,,,,
2024-04-10T22:00,74,Moderate,19.8,35.5,1.0,0.1,171.0,58.0,,,,,,
2024-04-10T23:00,73,Moderate,20.5,36.9,1.0,0.1,172.0,55.0,,,,,,
2024-04-11T00:00,73,Moderate,20.9,37.5,0.9,0.1,168.0,53.0,,,,,,
2024-04-11T01:00,72,Moderate,20.7,37.1,0.7,0.1,161.0,52.0,,,,,,
2024-04-11T02:00,72,Moderate,20.2,36.2,0.5,0.1,155.0,51.0,,,,,,
2024-04-11T03:00,72,Moderate,19.8,35.6,0.4,0.1,151.0,51.0,,,,,,
2024-04-11T04:00,71,Moderate,19.3,34.7,0.3,0.1,148.0,51.0,,,,,,
2024-04-11T05:00,71,Moderate,19.0,34.0,0.4,0.1,151.0,50.0,,,,,,
2024-04-11T06:00,71,Moderate,18.8,33.5,0.5,0.1,151.0,50.0,,,,,,
2024-04-11T07:00,71,Moderate,18.3,32.7,0.6,0.1,152.0,51.0,,,,,,
2024-04-11T08:00,70,Moderate,18.2,32.2,0.6,0.1,152.0,52.0,,,,,,
2024-04-11T09:00,70,Moderate,17.7,31.2,0.5,0.1,151.0,54.0,,,,,,
2024-04-11T10:00,70,Moderate,16.8,29.7,0.4,0.1,150.0,55.0,,,,,,
2024-04-11T11:00,70,Moderate,15.8,28.2,0.3,0.1,148.0,56.0,,,,,,
2024-04-11T12:00,69,Moderate,15.5,27.6,0.2,0.1,146.0,54.0,,,,,,
2024-04-11T13:00,69,Moderate,14.9,26.5,0.2,0.1,144.0,51.0,,,,,,
2024-04-11T14:00,69,Moderate,14.2,25.3,0.2,0.1,142.0,49.0,,,,,,
2024-04-11T15:00,68,Moderate,13.5,24.0,0.3,0.1,141.0,47.0,,,,,,
2024-04-11T16:00,68,Moderate,12.8,22.6,0.3,0.1,140.0,46.0,,,,,,
2024-04-11T17:00,67,Moderate,14.2,25.0,0.5,0.1,156.0,58.0,,,,,,
2024-04-11T18:00,67,Moderate,12.7,22.4,0.5,0.1,154.0,62.0,,,,,,
2024-04-11T19:00,66,Moderate,12.6,22.4,0.4,0.1,152.0,67.0,,,,,,
2024-04-11T20:00,66,Moderate,12.7,22.4,0.4,0.1,149.0,68.0,,,,,,
2024-04-11T21:00,65,Moderate,12.5,21.8,0.4,0.1,144.0,63.0,,,,,,
2024-04-11T22:00,65,Moderate,12.2,21.0,0.3,0.1,139.0,55.0,,,,,,
2024-04-11T23:00,64,Moderate,11.4,19.3,0.3,0.1,135.0,48.0,,,,,,
2024-04-12T00:00,63,Moderate,11.7,19.8,0.3,0.1,133.0,45.0,,,,,,
2024-04-12T01:00,63,Moderate,10.8,18.3,0.3,0.1,133.0,44.0,,,,,,
2024-04-12T02:00,62,Moderate,10.2,17.2,0.3,0.1,133.0,44.0,,,,,,
2024-04-12T03:00,61,Moderate,9.7,16.4,0.4,0.1,134.0,44.0,,,,,,
2024-04-12T04:00,60,Moderate,9.4,15.8,0.4,0.1,136.0,45.0,,,,,,
2024-04-12T05:00,59,Moderate,6.5,10.7,0.8,0.1,142.0,45.0,,,,,,
2024-04-12T06:00,58,Moderate,5.7,9.3,0.8,0.1,141.0,46.0,,,,,,
2024-04-12T07:00,57,Moderate,5.8,9.5,0.8,0.1,141.0,48.0,,,,,,
2024-04-12T08:00,56,Moderate,6.1,10.0,0.7,0.1,140.0,50.0,,,,,,
2024-04-12T09:00,55,Moderate,6.2,10.2,0.6,0.1,140.0,52.0,,,,,,
2024-04-12T10:00,55,Moderate,6.1,9.8,0.5,0.1,140.0,54.0,,,,,,
2024-04-12T11:00,54,Moderate,5.6,9.0,0.4,0.1,140.0,56.0,,,,,,
2024-04-12T12:00,53,Moderate,5.0,7.9,0.3,0.1,139.0,56.0,,,,,,
2024-04-12T13:00,52,Moderate,4.9,7.8,0.3,0.1,137.0,56.0,,,,,,
2024-04-12T14:00,51,Moderate,4.3,6.9,0.3,0.1,136.0,56.0,,,,,,
2024-04-12T15:00,51,Moderate,3.3,5.3,0.4,0.1,137.0,57.0,,,,,,
2024-04-12T16:00,49,Good,2.9,4.8,0.5,0.1,139.0,58.0,,,,,,
2024-04-12T17:00,47,Good,4.7,7.9,0.7,0.1,156.0,63.0,,,,,,
2024-04-12T18:00,45,Good,5.2,8.7,0.6,0.1,155.0,63.0,,,,,,
2024-04-12T19:00,43,Good,5.5,9.2,0.5,0.1,154.0,64.0,,,,,,
2024-04-12T20:00,41,Good,5.8,9.6,0.4,0.1,153.0,64.0,,,,,,
2024-04-12T21:00,40,Good,6.4,10.6,0.4,0.1,152.0,63.0,,,,,,
2024-04-12T22:00,38,Good,7.5,12.3,0.5,0.1,151.0,61.0,,,,,,
2024-04-12T23:00,37,Good,8.4,13.6,0.5,0.1,150.0,59.0,,,,,,
2024-04-13T00:00,37,Good,8.7,14.1,0.5,0.1,149.0,58.0,,,,,,
2024-04-13T01:00,36,Good,9.0,14.6,0.6,0.1,147.0,58.0,,,,,,
2024-04-13T02:00,35,Good,9.0,14.6,0.6,0.1,146.0,57.0,,,,,,
2024-04-13T03:00,35,Good,8.6,13.9,0.7,0.1,146.0,56.0,,,,,,
2024-04-13T04:00,35,Good,8.2,13.2,0.7,0.1,146.0,55.0,,,,,,
2024-04-13T05:00,35,Good,7.9,12.5,1.9,0.9,169.0,53.0,,,,,,
2024-04-13T06:00,35,Good,8.0,12.8,1.8,0.8,171.0,54.0,,,,,,
2024-04-13T07:00,35,Good,8.6,13.9,1.6,0.6,173.0,55.0,,,,,,
2024-04-13T08:00,36,Good,9.6,15.6,1.4,0.4,175.0,57.0,,,,,,
2024-04-13T09:00,37,Good,10.5,17.2,1.1,0.3,177.0,62.0,,,,,,
2024-04-13T10:00,38,Good,11.2,18.5,0.8,0.3,178.0,69.0,,,,,,
2024-04-13T11:00,39,Good,11.6,19.2,0.6,0.3,179.0,74.0,,,,,,
2024-04-13T12:00,40,Good,11.8,19.5,0.5,0.2,178.0,75.0,,,,,,
2024-04-13T13:00,42,Good,12.0,20.0,0.4,0.2,176.0,75.0,,,,,,
2024-04-13T14:00,44,Good,12.1,20.3,0.4,0.1,173.0,73.0,,,,,,
2024-04-13T15:00,45,Good,11.8,19.9,0.5,0.1,170.0,69.0,,,,,,
2024-04-13T16:00,47,Good,11.4,19.2,0.6,0.1,167.0,65.0,,,,,,
2024-04-13T17:00,49,Good,10.5,18.2,0.6,0.2,167.0,66.0,,,,,,
2024-04-13T18:00,50,Good,11.6,20.4,0.6,0.2,171.0,68.0,,,,,,
2024-04-13T19:00,51,Moderate,13.1,23.0,0.7,0.2,176.0,70.0,,,,,,
2024-04-13T20:00,51,Moderate,14.5,25.4,0.7,0.2,182.0,72.0,,,,,,
2024-04-13T21:00,52,Moderate,15.8,27.4,0.7,0.2,188.0,74.0,,,,,,
2024-04-13T22:00,53,Moderate,16.2,28.0,0.7,0.1,194.0,75.0,,,,,,
2024-04-13T23:00,53,Moderate,15.8,27.1,0.6,0.1,197.0,75.0,,,,,,
2024-04-14T00:00,54,Moderate,14.1,23.7,0.5,0.1,195.0,73.0,,,,,,
2024-04-14T01:00,54,Moderate,13.5,22.6,0.4,0.1,189.0,70.0,,,,,,
2024-04-14T02:00,55,Moderate,12.8,21.2,0.3,0.1,186.0,67.0,,,,,,
2024-04-14T03:00,55,Moderate,13.0,21.4,0.4,0.1,186.0,64.0,,,,,,
2024-04-14T04:00,55,Moderate,13.2,22.0,0.5,0.1,188.0,62.0,,,,,,
2024-04-14T05:00,56,Moderate,13.7,22.9,0.7,0.1,195.0,63.0,,,,,,
2024-04-14T06:00,56,Moderate,13.9,23.3,0.8,0.1,196.0,64.0,,,,,,
2024-04-14T07:00,57,Moderate,14.1,23.6,1.0,0.1,198.0,64.0,,,,,,
2024-04-14T08:00,57,Moderate,14.5,23.9,1.0,0.1,199.0,66.0,,,,,,
2024-04-14T09:00,58,Moderate,15.0,24.6,0.8,0.1,199.0,69.0,,,,,,
2024-04-14T10:00,58,Moderate,15.6,25.8,0.6,0.1,198.0,73.0,,,,,,
2024-04-14T11:00,58,Moderate,15.7,26.1,0.4,0.1,197.0,76.0,,,,,,
2024-04-14T12:00,59,Moderate,16.1,27.1,0.3,0.1,196.0,76.0,,,,,,
2024-04-14T13:00,59,Moderate,17.2,29.1,0.4,0.1,195.0,74.0,,,,,,
2024-04-14T14:00,59,Moderate,18.7,31.7,0.4,0.1,194.0,73.0,,,,,,
2024-04-14T15:00,60,Moderate,20.5,34.9,0.5,0.1,195.0,74.0,,,,,,
2024-04-14T16:00,61,Moderate,22.2,38.0,0.5,0.1,196.0,75.0,,,,,,
2024-04-14T17:00,61,Moderate,20.4,35.0,0.7,0.2,178.0,81.0,,,,,,
2024-04-14T18:00,62,Moderate,20.5,35.3,0.7,0.2,175.0,79.0,,,,,,
2024-04-14T19:00,63,Moderate,19.8,34.0,0.7,0.1,170.0,75.0,,,,,,
2024-04-14T20:00,63,Moderate,18.6,32.0,0.7,0.1,166.0,72.0,,,,,,
2024-04-14T21:00,64,Moderate,17.6,30.2,0.7,0.1,164.0,69.0,,,,,,
2024-04-14T22:00,64,Moderate,16.7,28.6,0.6,0.1,164.0,65.0,,,,,,
2024-04-14T23:00,64,Moderate,16.1,27.4,0.6,0.1,163.0,62.0,,,,,,
2024-04-15T00:00,64,Moderate,15.4,26.1,0.6,0.1,162.0,60.0,,,,,,
2024-04-15T01:00,64,Moderate,14.7,25.0,0.5,0.1,160.0,58.0,,,,,,
2024-04-15T02:00,64,Moderate,13.8,23.5,0.5,0.1,159.0,57.0,,,,,,
2024-04-15T03:00,64,Moderate,13.6,23.1,0.6,0.1,158.0,56.0,,,,,,
2024-04-15T04:00,64,Moderate,12.8,21.7,0.6,0.1,158.0,55.0,,,,,,
2024-04-15T05:00,64,Moderate,13.2,22.4,0.8,0.1,157.0,55.0,,,,,,
2024-04-15T06:00,64,Moderate,12.9,21.9,0.8,0.1,154.0,55.0,,,,,,
2024-04-15T07:00,64,Moderate,11.8,19.9,0.8,0.1,150.0,56.0,,,,,,
2024-04-15T08:00,64,Moderate,10.3,17.5,0.7,0.1,145.0,56.0,,,,,,
2024-04-15T09:00,64,Moderate,8.7,14.7,0.6,0.1,138.0,56.0,,,,,,
2024-04-15T10:00,63,Moderate,7.3,12.5,0.4,0.1,130.0,56.0,,,,,,
2024-04-15T11:00,62,Moderate,5.8,9.9,0.3,0.1,123.0,55.0,,,,,,
2024-04-15T12:00,62,Moderate,4.4,7.6,0.2,0.1,117.0,53.0,,,,,,
2024-04-15T13:00,61,Moderate,3.7,6.4,0.2,0.1,112.0,50.0,,,,,,
2024-04-15T14:00,60,Moderate,3.4,5.9,0.2,0.1,110.0,49.0,,,,,,
2024-04-15T15:00,59,Moderate,3.6,6.1,0.3,0.1,112.0,51.0,,,,,,
2024-04-15T16:00,57,Moderate,3.9,6.7,0.5,0.1,116.0,54.0,,,,,,
2024-04-15T17:00,56,Moderate,5.7,10.4,0.7,0.1,138.0,66.0,,,,,,
2024-04-15T18:00,55,Moderate,6.3,11.7,0.7,0.1,135.0,65.0,,,,,,
2024-04-15T19:00,53,Moderate,6.4,11.7,0.6,0.1,132.0,63.0,,,,,,
2024-04-15T20:00,52,Moderate,6.2,11.2,0.5,0.1,128.0,62.0,,,,,,
2024-04-15T21:00,51,Moderate,6.0,10.5,0.4,0.1,124.0,61.0,,,,,,
2024-04-15T22:00,51,Moderate,5.6,9.8,0.3,0.1,120.0,59.0,,,,,,
2024-04-15T23:00,49,Good,5.5,9.6,0.2,0.1,117.0,58.0,,,,,,
2024-04-16T00:00,47,Good,5.6,9.7,0.2,0.1,115.0,57.0,,,,,,
2024-04-16T01:00,44,Good,5.8,10.1,0.2,0.1,114.0,57.0,,,,,,
2024-04-16T02:00,42,Good,5.9,10.5,0.2,0.1,113.0,56.0,,,,,,
2024-04-16T03:00,40,Good,6.1,10.7,0.2,0.1,112.0,55.0,,,,,,
2024-04-16T04:00,39,Good,5.9,10.6,0.2,0.1,112.0,54.0,,,,,,
2024-04-16T05:00,37,Good,5.5,9.8,0.6,0.1,118.0,53.0,,,,,,
2024-04-16T06:00,35,Good,5.5,9.7,0.6,0.1,119.0,53.0,,,,,,
2024-04-16T07:00,34,Good,5.5,9.7,0.6,0.1,120.0,54.0,,,,,,
2024-04-16T08:00,32,Good,5.4,9.6,0.6,0.1,120.0,54.0,,,,,,
2024-04-16T09:00,31,Good,5.3,9.5,0.5,0.1,118.0,54.0,,,,,,
2024-04-16T10:00,30,Good,5.1,9.3,0.3,0.1,114.0,54.0,,,,,,
2024-04-16T11:00,30,Good,5.0,9.3,0.2,0.1,111.0,54.0,,,,,,
2024-04-16T12:00,29,Good,4.7,8.8,0.2,0.1,108.0,53.0,,,,,,
2024-04-16T13:00,30,Good,4.4,8.3,0.2,0.1,106.0,51.0,,,,,,
2024-04-16T14:00,30,Good,4.1,7.7,0.2,0.1,105.0,49.0,,,,,,
2024-04-16T15:00,30,Good,3.9,7.2,0.3,0.1,105.0,48.0,,,,,,
2024-04-16T16:00,30,Good,3.6,6.7,0.3,0.1,106.0,48.0,,,,,,
2024-04-16T17:00,30,Good,8.6,15.4,0.4,0.1,107.0,44.0,,,,,,
2024-04-16T18:00,31,Good,8.3,14.8,0.4,0.1,110.0,45.0,,,,,,
2024-04-16T19:00,31,Good,8.3,14.7,0.4,0.1,114.0,47.0,,,,,,
2024-04-16T20:00,31,Good,8.3,14.7,0.5,0.2,119.0,50.0,,,,,,
2024-04-16T21:00,32,Good,8.4,14.7,0.7,0.5,126.0,53.0,,,,,,
2024-04-16T22:00,32,Good,8.3,14.6,0.9,0.8,133.0,58.0,,,,,,
2024-04-16T23:00,33,Good,8.1,14.2,1.0,1.0,139.0,62.0,,,,,,
2024-04-17T00:00,34,Good,8.1,14.3,0.8,0.8,141.0,67.0,,,,,,
2024-04-17T01:00,34,Good,8.6,15.5,0.4,0.4,141.0,72.0,,,,,,
2024-04-17T02:00,35,Good,8.9,16.0,0.2,0.3,142.0,76.0,,,,,,
2024-04-17T03:00,36,Good,8.8,15.7,0.4,0.6,146.0,77.0,,,,,,
2024-04-17T04:00,36,Good,8.6,15.3,0.8,1.2,152.0,78.0,,,,,,
2024-04-17T05:00,37,Good,8.4,14.3,3.5,5.6,165.0,70.0,,,,,,
2024-04-17T06:00,38,Good,8.6,14.6,3.8,7.1,169.0,72.0,,,,,,
2024-04-17T07:00,38,Good,9.1,15.3,4.1,9.0,173.0,74.0,,,,,,
2024-04-17T08:00,39,Good,9.8,16.5,4.0,10.1,173.0,78.0,,,,,,
2024-04-17T09:00,40,Good,10.5,17.8,3.2,9.7,165.0,86.0,,,,,,
2024-04-17T10:00,41,Good,9.7,17.1,2.1,8.4,152.0,95.0,,,,,,
2024-04-17T11:00,42,Good,9.6,17.5,1.2,6.8,140.0,99.0,,,,,,
2024-04-17T12:00,43,Good,9.1,16.8,0.7,4.9,128.0,93.0,,,,,,
2024-04-17T13:00,44,Good,8.1,15.4,0.5,2.6,117.0,81.0,,,,,,
2024-04-17T14:00,45,Good,7.3,13.9,0.4,1.0,109.0,72.0,,,,,,
2024-04-17T15:00,46,Good,7.0,13.2,0.4,0.4,107.0,68.0,,,,,,
2024-04-17T16:00,47,Good,7.1,13.3,0.4,0.4,108.0,65.0,,,,,,
2024-04-17T17:00,48,Good,6.3,11.9,0.7,0.6,97.0,60.0,,,,,,
2024-04-17T18:00,47,Good,5.0,9.8,1.0,1.0,98.0,61.0,,,,,,
2024-04-17T19:00,46,Good,4.6,9.2,1.4,1.7,99.0,62.0,,,,,,
2024-04-17T20:00,45,Good,4.5,9.2,1.8,2.2,101.0,63.0,,,,,,
2024-04-17T21:00,45,Good,4.6,9.4,2.2,2.5,103.0,65.0,,,,,,
2024-04-17T22:00,44,Good,4.8,9.9,2.6,2.7,105.0,67.0,,,,,,
2024-04-17T23:00,43,Good,5.0,10.2,3.0,3.1,108.0,69.0,,,,,,
2024-04-18T00:00,42,Good,5.4,10.6,3.3,3.7,112.0,69.0,,,,,,
2024-04-18T01:00,42,Good,6.0,11.4,3.6,4.5,117.0,68.0,,,,,,
2024-04-18T02:00,41,Good,6.4,12.0,3.9,5.2,123.0,67.0,,,,,,
2024-04-18T03:00,40,Good,6.9,12.6,4.2,5.8,130.0,66.0,,,,,,
2024-04-18T04:00,40,Good,7.3,13.2,4.4,6.4,137.0,66.0,,,,,,
2024-04-18T05:00,40,Good,7.2,13.2,3.8,5.8,131.0,68.0,,,,,,
2024-04-18T06:00,39,Good,7.7,13.7,3.9,6.5,139.0,71.0,,,,,,
2024-04-18T07:00,39,Good,8.4,14.7,3.9,7.5,149.0,75.0,,,,,,
2024-04-18T08:00,39,Good,9.3,16.1,3.7,7.9,157.0,82.0,,,,,,
2024-04-18T09:00,39,Good,11.1,18.7,3.0,7.5,159.0,94.0,,,,,,
2024-04-18T10:00,39,Good,11.5,19.6,1.9,6.7,159.0,108.0,,,,,,
2024-04-18T11:00,39,Good,11.0,19.4,1.1,5.5,156.0,115.0,,,,,,
2024-04-18T12:00,40,Good,10.8,19.6,0.7,3.8,149.0,111.0,,,,,,
2024-04-18T13:00,42,Good,10.3,19.3,0.4,1.8,140.0,100.0,,,,,,
2024-04-18T14:00,44,Good,9.5,18.2,0.3,0.4,133.0,91.0,,,,,,
2024-04-18T15:00,45,Good,8.7,16.7,0.3,0.0,129.0,88.0,,,,,,
2024-04-18T16:00,46,Good,8.4,16.1,0.4,0.2,128.0,86.0,,,,,,
2024-04-18T17:00,46,Good,11.1,21.0,0.7,0.4,119.0,85.0,,,,,,
2024-04-18T18:00,45,Good,11.6,21.6,1.5,1.1,126.0,84.0,,,,,,
2024-04-18T19:00,44,Good,12.7,22.8,2.5,2.1,136.0,84.0,,,,,,
2024-04-18T20:00,46,Good,14.1,24.6,3.4,2.9,145.0,82.0,,,,,,
2024-04-18T21:00,49,Good,15.1,26.0,4.0,3.4,151.0,79.0,,,,,,
2024-04-18T22:00,50,Good,15.8,26.7,4.4,3.7,155.0,76.0,,,,,,
2024-04-18T23:00,51,Moderate,16.4,27.5,4.6,4.1,159.0,73.0,,,,,,
2024-04-19T00:00,52,Moderate,16.8,27.9,4.6,4.5,163.0,72.0,,,,,,
2024-04-19T01:00,53,Moderate,17.0,28.2,4.5,4.9,165.0,71.0,,,,,,
2024-04-19T02:00,54,Moderate,17.3,28.6,4.4,5.4,168.0,71.0,,,,,,
2024-04-19T03:00,55,Moderate,17.7,29.4,4.4,5.8,170.0,70.0,,,,,,
2024-04-19T04:00,56,Moderate,18.3,30.3,4.4,6.3,171.0,69.0,,,,,,
2024-04-19T05:00,56,Moderate,18.2,30.2,4.3,6.7,169.0,70.0,,,,,,
2024-04-19T06:00,57,Moderate,18.3,30.4,4.2,7.2,171.0,73.0,,,,,,
2024-04-19T07:00,58,Moderate,18.6,30.7,4.0,7.9,175.0,78.0,,,,,,
2024-04-19T08:00,59,Moderate,19.0,31.4,3.6,8.3,177.0,85.0,,,,,,
2024-04-19T09:00,60,Moderate,19.1,31.7,2.9,8.3,179.0,99.0,,,,,,
2024-04-19T10:00,60,Moderate,19.2,31.7,2.1,8.1,179.0,116.0,,,,,,
2024-04-19T11:00,61,Moderate,19.1,31.7,1.4,7.3,177.0,126.0,,,,,,
2024-04-19T12:00,62,Moderate,18.3,30.6,0.9,5.6,169.0,123.0,,,,,,
2024-04-19T13:00,62,Moderate,16.9,28.8,0.6,3.4,158.0,112.0,,,,,,
2024-04-19T14:00,63,Moderate,15.7,27.3,0.5,1.7,149.0,103.0,,,,,,
2024-04-19T15:00,63,Moderate,14.4,25.6,0.5,1.1,144.0,98.0,,,,,,
2024-04-19T16:00,64,Moderate,13.3,23.7,0.8,1.1,141.0,95.0,,,,,,
2024-04-19T17:00,64,Moderate,14.4,25.7,0.6,0.3,142.0,88.0,,,,,,
2024-04-19T18:00,64,Moderate,12.3,22.1,1.2,0.9,144.0,87.0,,,,,,
2024-04-19T19:00,64,Moderate,11.2,20.0,2.2,1.7,148.0,84.0,,,,,,
2024-04-19T20:00,64,Moderate,11.1,19.4,3.0,2.4,153.0,82.0,,,,,,
2024-04-19T21:00,64,Moderate,11.4,19.6,3.7,3.0,162.0,79.0,,,,,,
2024-04-19T22:00,64,Moderate,12.3,20.7,4.4,3.5,172.0,76.0,,,,,,
2024-04-19T23:00,63,Moderate,13.2,21.9,4.8,4.0,181.0,73.0,,,,,,
2024-04-20T00:00,63,Moderate,14.1,23.5,5.0,4.5,187.0,71.0,,,,,,
2024-04-20T01:00,63,Moderate,15.3,25.4,4.9,5.1,191.0,69.0,,,,,,
2024-04-20T02:00,63,Moderate,16.3,27.1,4.8,5.5,193.0,68.0,,,,,,
2024-04-20T03:00,63,Moderate,16.8,27.9,4.6,5.7,191.0,67.0,,,,,,
2024-04-20T04:00,63,Moderate,16.8,27.9,4.4,5.9,188.0,66.0,,,,,,
2024-04-20T05:00,63,Moderate,17.2,28.9,4.5,6.0,198.0,60.0,,,,,,
2024-04-20T06:00,62,Moderate,16.9,28.4,4.3,6.7,196.0,64.0,,,,,,
2024-04-20T07:00,62,Moderate,16.9,28.3,4.1,7.5,193.0,70.0,,,,,,
2024-04-20T08:00,62,Moderate,17.4,29.2,3.7,8.0,190.0,78.0,,,,,,
2024-04-20T09:00,62,Moderate,17.1,28.9,3.0,7.8,188.0,91.0,,,,,,
2024-04-20T10:00,62,Moderate,16.6,28.2,2.1,7.2,185.0,107.0,,,,,,
2024-04-20T11:00,62,Moderate,16.3,27.6,1.4,6.2,179.0,116.0,,,,,,
2024-04-20T12:00,61,Moderate,14.1,24.3,0.9,4.5,168.0,112.0,,,,,,
2024-04-20T13:00,61,Moderate,11.8,21.1,0.6,2.5,154.0,101.0,,,,,,
2024-04-20T14:00,61,Moderate,9.5,17.9,0.5,1.0,142.0,92.0,,,,,,
2024-04-20T15:00,60,Moderate,8.0,15.5,0.5,0.5,134.0,87.0,,,,,,
2024-04-20T16:00,60,Moderate,7.7,14.8,0.7,0.5,128.0,83.0,,,,,,
2024-04-20T17:00,59,Moderate,12.2,22.8,1.1,0.5,127.0,76.0,,,,,,
2024-04-20T18:00,59,Moderate,12.9,24.0,1.8,1.0,135.0,78.0,,,,,,
2024-04-20T19:00,59,Moderate,13.8,25.1,2.7,1.7,146.0,80.0,,,,,,
2024-04-20T20:00,59,Moderate,14.3,25.4,3.5,2.4,158.0,81.0,,,,,,
2024-04-20T21:00,60,Moderate,14.8,25.4,4.2,3.1,172.0,79.0,,,,,,
2024-04-20T22:00,60,Moderate,15.4,25.8,4.8,3.9,187.0,76.0,,,,,,
2024-04-20T23:00,60,Moderate,15.5,25.8,5.1,4.5,197.0,73.0,,,,,,
2024-04-21T00:00,60,Moderate,15.5,25.8,5.1,4.8,198.0,71.0,,,,,,
2024-04-21T01:00,60,Moderate,15.3,25.6,4.8,4.8,195.0,69.0,,,,,,
2024-04-21T02:00,60,Moderate,15.1,25.4,4.5,5.0,191.0,67.0,,,,,,
2024-04-21T03:00,60,Moderate,15.0,25.3,4.4,5.3,189.0,65.0,,,,,,
2024-04-21T04:00,60,Moderate,15.0,25.2,4.2,5.6,187.0,63.0,,,,,,
2024-04-21T05:00,60,Moderate,15.3,26.0,3.7,4.6,188.0,65.0,,,,,,
2024-04-21T06:00,60,Moderate,15.4,26.1,3.7,5.6,192.0,69.0,,,,,,
2024-04-21T07:00,60,Moderate,15.7,26.5,3.6,6.9,197.0,75.0,,,,,,
2024-04-21T08:00,60,Moderate,16.6,27.6,3.3,7.6,198.0,82.0,,,,,,
2024-04-21T09:00,60,Moderate,17.8,29.5,2.6,7.1,194.0,93.0,,,,,,
2024-04-21T10:00,60,Moderate,17.2,29.0,1.7,6.0,186.0,104.0,,,,,,
2024-04-21T11:00,60,Moderate,17.0,29.3,1.0,4.7,177.0,110.0,,,,,,
2024-04-21T12:00,60,Moderate,16.5,29.3,0.6,3.2,167.0,104.0,,,,,,
2024-04-21T13:00,60,Moderate,15.9,28.8,0.4,1.5,155.0,91.0,,,,,,
2024-04-21T14:00,60,Moderate,15.3,27.9,0.3,0.3,146.0,82.0,,,,,,
2024-04-21T15:00,61,Moderate,14.9,27.5,0.3,0.0,140.0,80.0,,,,,,
2024-04-21T16:00,61,Moderate,14.4,26.8,0.4,0.0,136.0,81.0,,,,,,
2024-04-21T17:00,62,Moderate,22.6,40.7,0.7,0.5,156.0,95.0,,,,,,
2024-04-21T18:00,63,Moderate,22.6,40.6,0.9,0.8,155.0,95.0,,,,,,
2024-04-21T19:00,63,Moderate,22.6,40.9,1.3,1.2,154.0,95.0,,,,,,
2024-04-21T20:00,64,Moderate,22.4,40.5,1.7,1.7,155.0,93.0,,,,,,
2024-04-21T21:00,65,Moderate,22.4,40.3,2.3,2.4,158.0,89.0,,,,,,
2024-04-21T22:00,65,Moderate,22.5,40.2,2.9,3.1,162.0,84.0,,,,,,
2024-04-21T23:00,66,Moderate,22.5,39.9,3.6,4.0,167.0,79.0,,,,,,
2024-04-22T00:00,66,Moderate,23.2,40.6,4.2,5.0,174.0,74.0,,,,,,
2024-04-22T01:00,67,Moderate,23.2,40.3,4.9,6.1,181.0,70.0,,,,,,
2024-04-22T02:00,68,Moderate,24.0,41.1,5.3,7.0,188.0,66.0,,,,,,
2024-04-22T03:00,68,Moderate,25.7,43.5,5.5,7.7,193.0,62.0,,,,,,
2024-04-22T04:00,69,Moderate,26.7,45.2,5.5,8.2,197.0,59.0,,,,,,
2024-04-22T05:00,70,Moderate,28.1,47.7,6.1,8.8,215.0,56.0,,,,,,
2024-04-22T06:00,71,Moderate,29.1,49.7,5.7,9.7,219.0,61.0,,,,,,
2024-04-22T07:00,72,Moderate,30.0,51.3,5.1,10.8,225.0,69.0,,,,,,
2024-04-22T08:00,73,Moderate,31.3,53.4,4.4,11.3,228.0,80.0,,,,,,
2024-04-22T09:00,75,Moderate,32.9,56.0,3.4,10.8,226.0,97.0,,,,,,
2024-04-22T10:00,76,Moderate,33.6,57.4,2.3,9.7,221.0,117.0,,,,,,
2024-04-22T11:00,77,Moderate,32.8,56.7,1.4,8.2,212.0,128.0,,,,,,
2024-04-22T12:00,78,Moderate,31.3,55.3,0.9,6.1,197.0,124.0,,,,,,
2024-04-22T13:00,79,Moderate,30.2,53.9,0.6,3.7,177.0,111.0,,,,,,
2024-04-22T14:00,81,Moderate,29.4,52.9,0.5,1.9,163.0,101.0,,,,,,
2024-04-22T15:00,82,Moderate,28.2,50.8,0.4,1.1,157.0,98.0,,,,,,
2024-04-22T16:00,83,Moderate,27.2,49.4,0.5,0.9,156.0,97.0,,,,,,
2024-04-22T17:00,84,Moderate,25.6,46.0,0.6,0.9,159.0,94.0,,,,,,
2024-04-22T18:00,84,Moderate,24.2,43.4,0.6,1.0,161.0,98.0,,,,,,
2024-04-22T19:00,84,Moderate,23.2,41.9,0.7,1.2,163.0,105.0,,,,,,
2024-04-22T20:00,84,Moderate,22.4,40.4,0.8,1.3,166.0,108.0,,,,,,
2024-04-22T21:00,84,Moderate,21.8,39.2,1.1,1.4,168.0,107.0,,,,,,
2024-04-22T22:00,84,Moderate,21.3,38.2,1.5,1.4,171.0,103.0,,,,,,
2024-04-22T23:00,84,Moderate,20.6,36.8,1.9,1.7,174.0,99.0,,,,,,
2024-04-23T00:00,84,Moderate,20.3,35.9,2.3,2.3,179.0,95.0,,,,,,
2024-04-23T01:00,84,Moderate,20.0,35.0,2.7,3.0,184.0,91.0,,,,,,
2024-04-23T02:00,83,Moderate,19.8,34.3,3.0,3.7,189.0,88.0,,,,,,
2024-04-23T03:00,83,Moderate,20.0,34.5,3.1,4.3,193.0,85.0,,,,,,
2024-04-23T04:00,83,Moderate,20.4,34.8,3.2,4.7,197.0,83.0,,,,,,
2024-04-23T05:00,82,Moderate,21.6,36.1,3.6,6.1,211.0,80.0,,,,,,
2024-04-23T06:00,82,Moderate,21.8,36.6,3.1,5.8,208.0,84.0,,,,,,
2024-04-23T07:00,81,Moderate,21.4,36.2,2.4,5.2,204.0,90.0,,,,,,
2024-04-23T08:00,80,Moderate,20.7,35.3,1.8,4.5,198.0,95.0,,,,,,
2024-04-23T09:00,79,Moderate,19.9,34.2,1.2,3.4,190.0,97.0,,,,,,
2024-04-23T10:00,78,Moderate,18.8,32.7,0.7,2.0,181.0,97.0,,,,,,
2024-04-23T11:00,77,Moderate,18.7,32.8,0.3,1.0,173.0,96.0,,,,,,
2024-04-23T12:00,76,Moderate,18.6,32.9,0.2,0.5,169.0,94.0,,,,,,
2024-04-23T13:00,75,Moderate,18.0,32.2,0.2,0.3,167.0,90.0,,,,,,
2024-04-23T14:00,74,Moderate,17.0,30.4,0.3,0.2,165.0,87.0,,,,,,
2024-04-23T15:00,73,Moderate,16.2,29.2,0.3,0.1,162.0,85.0,,,,,,
2024-04-23T16:00,72,Moderate,16.1,29.0,0.4,0.1,159.0,83.0,,,,,,
2024-04-23T17:00,71,Moderate,10.0,18.3,0.4,0.1,151.0,83.0,,,,,,
2024-04-23T18:00,70,Moderate,9.7,17.7,0.3,0.0,150.0,84.0,,,,,,
2024-04-23T19:00,69,Moderate,10.0,18.2,0.2,0.0,149.0,85.0,,,,,,
2024-04-23T20:00,68,Moderate,10.8,19.6,0.3,0.2,151.0,88.0,,,,,,
2024-04-23T21:00,67,Moderate,12.2,22.3,0.8,1.3,160.0,93.0,,,,,,
2024-04-23T22:00,66,Moderate,14.8,26.9,1.6,2.8,172.0,99.0,,,,,,
2024-04-23T23:00,66,Moderate,18.3,33.1,2.3,4.2,181.0,103.0,,,,,,
2024-04-24T00:00,66,Moderate,21.2,38.0,2.7,5.2,185.0,103.0,,,,,,
2024-04-24T01:00,66,Moderate,22.5,39.8,3.1,6.0,187.0,101.0,,,,,,
2024-04-24T02:00,66,Moderate,22.6,39.8,3.4,6.9,189.0,98.0,,,,,,
2024-04-24T03:00,66,Moderate,22.6,39.6,3.7,7.9,193.0,94.0,,,,,,
2024-04-24T04:00,66,Moderate,23.6,40.4,4.0,8.9,197.0,89.0,,,,,,
2024-04-24T05:00,67,Moderate,24.0,40.4,3.6,10.5,210.0,90.0,,,,,,
2024-04-24T06:00,67,Moderate,23.1,39.2,3.1,9.6,205.0,94.0,,,,,,
2024-04-24T07:00,67,Moderate,21.7,37.4,2.4,8.3,198.0,99.0,,,,,,
2024-04-24T08:00,67,Moderate,20.8,36.3,1.7,6.8,190.0,102.0,,,,,,
2024-04-24T09:00,67,Moderate,21.2,37.3,1.1,4.9,179.0,101.0,,,,,,
2024-04-24T10:00,67,Moderate,21.2,38.0,0.7,2.7,167.0,98.0,,,,,,
2024-04-24T11:00,67,Moderate,21.4,38.6,0.3,1.1,157.0,95.0,,,,,,
2024-04-24T12:00,67,Moderate,20.5,37.3,0.2,0.5,151.0,91.0,,,,,,
2024-04-24T13:00,68,Moderate,19.3,35.0,0.2,0.5,146.0,86.0,,,,,,
2024-04-24T14:00,68,Moderate,18.7,33.8,0.2,0.5,145.0,84.0,,,,,,
2024-04-24T15:00,68,Moderate,18.7,33.6,0.3,0.4,148.0,87.0,,,,,,
2024-04-24T16:00,68,Moderate,19.0,34.1,0.4,0.5,153.0,92.0,,,,,,
2024-04-24T17:00,68,Moderate,13.6,24.8,0.4,0.4,143.0,86.0,,,,,,
2024-04-24T18:00,69,Moderate,14.3,26.2,0.4,0.3,144.0,90.0,,,,,,
2024-04-24T19:00,69,Moderate,14.7,27.0,0.3,0.3,145.0,94.0,,,,,,
2024-04-24T20:00,69,Moderate,14.8,27.0,0.5,0.6,147.0,97.0,,,,,,
2024-04-24T21:00,70,Moderate,14.3,26.1,1.0,1.4,149.0,96.0,,,,,,
2024-04-24T22:00,70,Moderate,13.7,25.0,1.8,2.5,151.0,92.0,,,,,,
2024-04-24T23:00,70,Moderate,13.1,23.6,2.5,3.6,154.0,89.0,,,,,,
2024-04-25T00:00,69,Moderate,13.0,23.1,3.2,4.8,159.0,86.0,,,,,,
2024-04-25T01:00,69,Moderate,13.1,23.0,3.8,6.0,166.0,83.0,,,,,,
2024-04-25T02:00,68,Moderate,14.0,24.0,4.3,7.0,172.0,80.0,,,,,,
2024-04-25T03:00,67,Moderate,14.5,24.7,4.5,7.7,177.0,77.0,,,,,,
2024-04-25T04:00,67,Moderate,15.0,25.4,4.6,8.1,182.0,75.0,,,,,,
2024-04-25T05:00,66,Moderate,15.7,26.3,5.0,8.0,202.0,69.0,,,,,,
2024-04-25T06:00,65,Moderate,15.9,26.6,4.7,8.4,202.0,73.0,,,,,,
2024-04-25T07:00,65,Moderate,15.9,26.7,4.2,8.8,202.0,78.0,,,,,,
2024-04-25T08:00,64,Moderate,16.6,27.7,3.6,8.7,199.0,85.0,,,,,,
2024-04-25T09:00,64,Moderate,17.1,28.4,2.7,7.6,191.0,95.0,,,,,,
2024-04-25T10:00,64,Moderate,15.5,26.2,1.6,5.8,180.0,105.0,,,,,,
2024-04-25T11:00,63,Moderate,14.6,25.2,0.8,4.2,170.0,110.0,,,,,,
2024-04-25T12:00,63,Moderate,13.8,24.2,0.4,2.7,161.0,105.0,,,,,,
2024-04-25T13:00,62,Moderate,13.0,22.9,0.3,1.4,152.0,94.0,,,,,,
2024-04-25T14:00,62,Moderate,12.5,22.1,0.3,0.4,146.0,85.0,,,,,,
2024-04-25T15:00,61,Moderate,12.5,22.1,0.3,0.0,144.0,82.0,,,,,,
2024-04-25T16:00,61,Moderate,12.8,22.6,0.3,0.1,144.0,82.0,,,,,,
2024-04-25T17:00,60,Moderate,14.6,25.8,0.4,0.3,131.0,75.0,,,,,,
2024-04-25T18:00,60,Moderate,13.1,23.1,0.4,0.3,130.0,76.0,,,,,,
2024-04-25T19:00,60,Moderate,12.0,21.3,0.4,0.4,128.0,77.0,,,,,,
2024-04-25T20:00,60,Moderate,11.1,19.9,0.6,0.7,127.0,77.0,,,,,,
2024-04-25T21:00,60,Moderate,10.6,19.0,1.1,1.4,128.0,76.0,,,,,,
2024-04-25T22:00,59,Moderate,10.2,18.4,1.7,2.4,131.0,75.0,,,,,,
2024-04-25T23:00,59,Moderate,9.8,17.9,2.3,3.4,133.0,74.0,,,,,,
2024-04-26T00:00,59,Moderate,9.4,17.2,2.8,4.4,134.0,72.0,,,,,,
2024-04-26T01:00,58,Moderate,9.3,17.2,3.3,5.5,135.0,71.0,,,,,,
2024-04-26T02:00,58,Moderate,9.1,16.9,3.7,6.4,136.0,69.0,,,,,,
2024-04-26T03:00,58,Moderate,9.5,17.3,3.9,7.1,136.0,67.0,,,,,,
2024-04-26T04:00,57,Moderate,9.9,18.0,4.0,7.7,137.0,66.0,,,,,,
2024-04-26T05:00,57,Moderate,10.8,19.6,3.9,7.5,141.0,66.0,,,,,,
2024-04-26T06:00,57,Moderate,10.4,19.2,3.6,7.1,139.0,68.0,,,,,,
2024-04-26T07:00,56,Moderate,9.7,18.5,3.1,6.5,135.0,70.0,,,,,,
2024-04-26T08:00,56,Moderate,9.7,18.6,2.6,5.7,131.0,73.0,,,,,,
2024-04-26T09:00,55,Moderate,10.1,19.3,1.9,4.4,127.0,78.0,,,,,,
2024-04-26T10:00,55,Moderate,10.1,19.7,1.1,2.9,122.0,83.0,,,,,,
2024-04-26T11:00,54,Moderate,10.0,19.8,0.5,1.7,118.0,85.0,,,,,,
2024-04-26T12:00,54,Moderate,9.4,19.2,0.2,1.0,114.0,82.0,,,,,,
2024-04-26T13:00,53,Moderate,9.3,18.7,0.2,0.7,110.0,76.0,,,,,,
2024-04-26T14:00,53,Moderate,9.2,18.5,0.2,0.4,108.0,72.0,,,,,,
2024-04-26T15:00,53,Moderate,9.3,18.5,0.2,0.2,109.0,71.0,,,,,,
2024-04-26T16:00,53,Moderate,9.6,18.9,0.3,0.1,113.0,73.0,,,,,,
2024-04-26T17:00,52,Moderate,4.8,9.8,0.4,0.2,117.0,65.0,,,,,,
2024-04-26T18:00,52,Moderate,4.9,9.9,0.3,0.1,119.0,67.0,,,,,,
2024-04-26T19:00,51,Moderate,5.2,10.2,0.2,0.1,121.0,70.0,,,,,,
2024-04-26T20:00,50,Good,5.4,10.8,0.3,0.3,123.0,72.0,,,,,,
2024-04-26T21:00,50,Good,5.7,11.3,0.7,0.9,125.0,73.0,,,,,,
2024-04-26T22:00,49,Good,6.1,12.0,1.2,1.9,127.0,74.0,,,,,,
2024-04-26T23:00,48,Good,6.4,12.7,1.9,3.0,130.0,74.0,,,,,,
2024-04-27T00:00,47,Good,6.7,13.2,2.7,4.5,133.0,73.0,,,,,,
2024-04-27T01:00,46,Good,6.8,13.2,3.6,6.1,136.0,70.0,,,,,,
2024-04-27T02:00,46,Good,7.5,14.0,4.3,7.6,139.0,68.0,,,,,,
2024-04-27T03:00,45,Good,7.7,14.2,4.7,8.6,143.0,66.0,,,,,,
2024-04-27T04:00,45,Good,8.0,14.5,5.0,9.5,147.0,64.0,,,,,,
2024-04-27T05:00,45,Good,8.3,14.9,5.4,10.9,152.0,61.0,,,,,,
2024-04-27T06:00,44,Good,8.8,15.4,5.0,10.8,154.0,64.0,,,,,,
2024-04-27T07:00,44,Good,8.7,15.3,4.4,10.7,156.0,68.0,,,,,,
2024-04-27T08:00,43,Good,8.6,15.2,3.7,9.9,157.0,73.0,,,,,,
2024-04-27T09:00,43,Good,8.8,15.5,2.7,8.1,155.0,81.0,,,,,,
2024-04-27T10:00,43,Good,8.8,15.6,1.5,5.7,151.0,90.0,,,,,,
2024-04-27T11:00,43,Good,8.2,15.0,0.6,3.7,146.0,95.0,,,,,,
2024-04-27T12:00,42,Good,7.3,14.0,0.2,2.3,139.0,91.0,,,,,,
2024-04-27T13:00,42,Good,6.7,13.4,0.2,1.3,131.0,82.0,,,,,,
2024-04-27T14:00,41,Good,6.1,12.1,0.2,0.6,126.0,75.0,,,,,,
2024-04-27T15:00,40,Good,5.5,11.0,0.2,0.3,127.0,71.0,,,,,,
2024-04-27T16:00,39,Good,5.4,10.7,0.3,0.3,130.0,69.0,,,,,,
2024-04-27T17:00,39,Good,7.1,13.8,0.4,0.2,143.0,64.0,,,,,,
2024-04-27T18:00,39,Good,7.3,14.1,0.4,0.2,144.0,64.0,,,,,,
2024-04-27T19:00,40,Good,7.4,14.2,0.5,0.3,145.0,64.0,,,,,,
2024-04-27T20:00,40,Good,7.5,14.4,0.5,0.4,145.0,65.0,,,,,,
2024-04-27T21:00,41,Good,7.6,14.6,0.5,0.5,142.0,67.0,,,,,,
2024-04-27T22:00,41,Good,7.9,15.3,0.5,0.7,139.0,69.0,,,,,,
2024-04-27T23:00,41,Good,8.4,16.4,0.6,1.0,136.0,72.0,,,,,,
2024-04-28T00:00,42,Good,9.0,17.8,0.7,1.4,135.0,76.0,,,,,,
2024-04-28T01:00,42,Good,9.8,19.3,0.9,1.9,135.0,80.0,,,,,,
2024-04-28T02:00,43,Good,10.4,20.4,1.2,2.6,137.0,83.0,,,,,,
2024-04-28T03:00,44,Good,10.7,20.7,1.6,3.5,141.0,84.0,,,,,,
2024-04-28T04:00,45,Good,10.7,20.6,2.2,4.6,146.0,84.0,,,,,,
2024-04-28T05:00,45,Good,9.5,18.6,2.4,5.7,146.0,79.0,,,,,,
2024-04-28T06:00,45,Good,9.7,18.9,2.1,5.3,144.0,81.0,,,,,,
2024-04-28T07:00,46,Good,10.3,20.1,1.8,4.7,141.0,84.0,,,,,,
2024-04-28T08:00,46,Good,10.3,20.1,1.4,3.9,138.0,87.0,,,,,,
2024-04-28T09:00,46,Good,10.1,19.6,1.0,2.9,136.0,90.0,,,,,,
2024-04-28T10:00,47,Good,10.0,19.3,0.6,1.7,135.0,92.0,,,,,,
2024-04-28T11:00,47,Good,9.7,18.9,0.3,0.8,134.0,92.0,,,,,,
2024-04-28T12:00,47,Good,9.3,18.0,0.2,0.4,134.0,88.0,,,,,,
2024-04-28T13:00,48,Good,8.8,17.0,0.2,0.3,134.0,82.0,,,,,,
2024-04-28T14:00,48,Good,8.3,15.9,0.2,0.3,136.0,77.0,,,,,,
2024-04-28T15:00,49,Good,8.1,15.3,0.2,0.2,140.0,76.0,,,,,,
2024-04-28T16:00,49,Good,8.3,15.5,0.3,0.2,145.0,77.0,,,,,,
2024-04-28T17:00,50,Good,9.6,17.5,0.4,0.2,140.0,70.0,,,,,,
2024-04-28T18:00,50,Good,10.1,18.2,0.3,0.1,139.0,71.0,,,,,,
2024-04-28T19:00,50,Good,10.4,18.7,0.2,0.0,137.0,72.0,,,,,,
2024-04-28T20:00,51,Moderate,10.8,19.4,0.3,0.3,136.0,73.0,,,,,,
2024-04-28T21:00,51,Moderate,11.2,20.3,0.8,1.2,137.0,75.0,,,,,,
2024-04-28T22:00,51,Moderate,11.7,21.5,1.5,2.5,139.0,78.0,,,,,,
2024-04-28T23:00,52,Moderate,11.9,22.2,2.0,3.4,141.0,80.0,,,,,,
2024-04-29T00:00,52,Moderate,11.8,22.2,2.2,3.7,142.0,82.0,,,,,,
2024-04-29T01:00,52,Moderate,11.6,21.8,2.2,3.7,143.0,84.0,,,,,,
2024-04-29T02:00,52,Moderate,11.8,22.1,2.1,3.6,143.0,85.0,,,,,,
2024-04-29T03:00,52,Moderate,11.7,21.9,2.0,3.5,142.0,86.0,,,,,,
2024-04-29T04:00,52,Moderate,11.3,21.3,1.8,3.3,141.0,87.0,,,,,,
2024-04-29T05:00,52,Moderate,9.6,17.5,0.4,0.6,131.0,90.0,,,,,,
2024-04-29T06:00,52,Moderate,9.5,17.4,0.9,1.7,134.0,90.0,,,,,,
2024-04-29T07:00,52,Moderate,9.6,17.8,1.7,3.2,139.0,91.0,,,,,,
2024-04-29T08:00,52,Moderate,9.9,18.2,2.1,4.4,142.0,93.0,,,,,,
2024-04-29T09:00,52,Moderate,10.5,19.1,1.9,5.0,143.0,99.0,,,,,,
2024-04-29T10:00,52,Moderate,10.9,19.7,1.4,5.2,143.0,107.0,,,,,,
2024-04-29T11:00,52,Moderate,10.9,19.8,0.9,4.8,142.0,110.0,,,,,,
2024-04-29T12:00,52,Moderate,10.2,19.0,0.6,3.5,139.0,105.0,,,,,,
2024-04-29T13:00,53,Moderate,9.0,17.1,0.3,1.6,136.0,96.0,,,,,,
2024-04-29T14:00,53,Moderate,7.9,15.0,0.2,0.2,133.0,88.0,,,,,,
2024-04-29T15:00,53,Moderate,7.3,13.7,0.1,0.0,131.0,85.0,,,,,,
2024-04-29T16:00,52,Moderate,7.4,13.9,0.2,0.0,129.0,83.0,,,,,,
2024-04-29T17:00,52,Moderate,5.0,8.9,0.4,0.3,156.0,82.0,,,,,,
2024-04-29T18:00,52,Moderate,4.0,7.6,0.6,0.5,153.0,82.0,,,,,,
2024-04-29T19:00,52,Moderate,3.7,7.3,0.8,0.8,149.0,83.0,,,,,,
2024-04-29T20:00,51,Moderate,3.8,7.5,0.9,1.0,146.0,83.0,,,,,,
2024-04-29T21:00,50,Good,4.0,7.7,0.9,1.0,144.0,82.0,,,,,,
2024-04-29T22:00,50,Good,4.8,8.8,0.9,0.8,142.0,80.0,,,,,,
2024-04-29T23:00,48,Good,5.5,10.1,0.8,0.7,141.0,79.0,,,,,,
2024-04-30T00:00,47,Good,5.6,10.4,0.7,0.6,140.0,79.0,,,,,,
2024-04-30T01:00,45,Good,5.4,10.1,0.7,0.5,139.0,80.0,,,,,,
2024-04-30T02:00,44,Good,5.7,10.6,0.7,0.6,138.0,80.0,,,,,,
2024-04-30T03:00,42,Good,5.6,10.2,1.0,1.1,138.0,78.0,,,,,,
2024-04-30T04:00,41,Good,4.9,8.9,1.3,1.7,139.0,75.0,,,,,,
2024-04-30T05:00,40,Good,4.4,8.0,1.2,2.0,134.0,76.0,,,,,,
2024-04-30T06:00,38,Good,4.2,7.3,1.9,3.8,141.0,75.0,,,,,,
2024-04-30T07:00,37,Good,4.1,6.7,2.8,6.1,152.0,74.0,,,,,,
2024-04-30T08:00,36,Good,4.6,7.3,3.2,7.6,159.0,76.0,,,,,,
2024-04-30T09:00,36,Good,5.5,8.5,2.7,7.4,161.0,83.0,,,,,,
2024-04-30T10:00,36,Good,5.2,8.2,1.8,6.3,161.0,92.0,,,,,,
2024-04-30T11:00,36,Good,4.8,7.9,1.0,5.0,160.0,97.0,,,,,,
2024-04-30T12:00,38,Good,4.5,7.7,0.7,3.4,160.0,93.0,,,,,,
2024-04-30T13:00,39,Good,4.0,6.9,0.5,1.5,161.0,84.0,,,,,,
2024-04-30T14:00,39,Good,3.5,6.1,0.4,0.2,160.0,78.0,,,,,,
2024-04-30T15:00,39,Good,3.5,6.1,0.3,0.0,158.0,77.0,,,,,,
2024-04-30T16:00,39,Good,3.7,6.6,0.4,0.0,155.0,79.0,,,,,,
2024-04-30T17:00,40,Good,3.0,5.7,0.7,0.5,141.0,74.0,,,,,,
2024-04-30T18:00,39,Good,3.4,6.5,1.1,1.0,137.0,72.0,,,,,,
2024-04-30T19:00,38,Good,3.2,6.1,1.8,1.7,133.0,70.0,,,,,,
2024-04-30T20:00,36,Good,2.9,5.5,2.4,2.5,130.0,67.0,,,,,,
2024-04-30T21:00,35,Good,2.9,5.4,3.0,3.4,131.0,65.0,,,,,,
2024-04-30T22:00,34,Good,2.7,4.8,3.7,4.3,135.0,62.0,,,,,,
2024-04-30T23:00,33,Good,2.6,4.5,4.1,5.0,138.0,61.0,,,,,,
2024-05-01T00:00,32,Good,2.6,4.4,4.2,5.2,139.0,61.0,,,,,,
2024-05-01T01:00,31,Good,2.7,4.6,4.0,5.2,139.0,61.0,,,,,,
2024-05-01T02:00,30,Good,2.9,4.9,3.9,5.2,140.0,62.0,,,,,,
2024-05-01T03:00,30,Good,3.1,5.1,3.9,5.4,142.0,62.0,,,,,,
2024-05-01T04:00,29,Good,3.4,5.5,4.0,5.7,144.0,63.0,,,,,,
2024-05-01T05:00,29,Good,3.9,6.1,4.4,6.6,150.0,63.0,,,,,,
2024-05-01T06:00,29,Good,4.1,6.5,4.2,6.9,151.0,65.0,,,,,,
2024-05-01T07:00,29,Good,4.4,6.9,3.9,7.3,153.0,68.0,,,,,,
2024-05-01T08:00,29,Good,4.8,7.5,3.4,7.5,153.0,73.0,,,,,,
2024-05-01T09:00,30,Good,5.7,8.8,2.7,7.4,151.0,81.0,,,,,,
2024-05-01T10:00,31,Good,5.4,8.5,2.0,7.0,148.0,92.0,,,,,,
2024-05-01T11:00,33,Good,5.2,8.4,1.3,6.1,145.0,98.0,,,,,,
2024-05-01T12:00,35,Good,5.1,8.6,0.8,4.2,143.0,97.0,,,,,,
2024-05-01T13:00,37,Good,4.7,8.5,0.5,1.9,141.0,92.0,,,,,,
2024-05-01T14:00,39,Good,4.5,8.4,0.3,0.2,140.0,89.0,,,,,,
2024-05-01T15:00,40,Good,4.9,9.3,0.3,0.0,140.0,90.0,,,,,,
2024-05-01T16:00,41,Good,5.4,10.3,0.4,0.1,141.0,94.0,,,,,,
2024-05-01T17:00,42,Good,5.2,10.2,0.9,0.5,144.0,97.0,,,,,,
2024-05-01T18:00,43,Good,6.1,11.8,1.6,1.0,151.0,98.0,,,,,,
2024-05-01T19:00,44,Good,6.8,12.4,2.5,1.7,160.0,99.0,,,,,,
2024-05-01T20:00,44,Good,7.8,13.5,3.3,2.4,168.0,97.0,,,,,,
2024-05-01T21:00,44,Good,9.4,15.6,3.9,3.1,173.0,91.0,,,,,,
2024-05-01T22:00,44,Good,11.0,17.9,4.3,3.8,176.0,82.0,,,,,,
2024-05-01T23:00,43,Good,12.7,20.6,4.6,4.3,177.0,75.0,,,,,,
2024-05-02T00:00,42,Good,14.1,23.0,4.5,4.5,175.0,71.0,,,,,,
2024-05-02T01:00,41,Good,15.1,24.7,4.2,4.5,172.0,70.0,,,,,,
2024-05-02T02:00,40,Good,16.1,26.5,4.0,4.6,169.0,68.0,,,,,,
2024-05-02T03:00,39,Good,16.9,27.9,4.0,4.9,168.0,66.0,,,,,,
2024-05-02T04:00,42,Good,17.6,28.9,4.0,5.2,169.0,63.0,,,,,,
2024-05-02T05:00,46,Good,18.0,29.9,3.9,5.7,171.0,64.0,,,,,,
2024-05-02T06:00,49,Good,18.7,31.1,3.9,6.3,174.0,66.0,,,,,,
2024-05-02T07:00,51,Moderate,19.4,32.5,3.9,7.2,177.0,69.0,,,,,,
2024-05-02T08:00,52,Moderate,20.4,34.1,3.7,7.5,179.0,75.0,,,,,,
2024-05-02T09:00,53,Moderate,21.6,36.2,3.0,6.9,178.0,87.0,,,,,,
2024-05-02T10:00,54,Moderate,21.9,37.3,2.0,5.8,176.0,102.0,,,,,,
2024-05-02T11:00,56,Moderate,22.9,39.3,1.2,4.6,172.0,110.0,,,,,,
2024-05-02T12:00,57,Moderate,22.9,39.7,0.8,3.1,166.0,107.0,,,,,,
2024-05-02T13:00,58,Moderate,21.7,37.8,0.5,1.5,159.0,97.0,,,,,,
2024-05-02T14:00,60,Moderate,20.3,35.5,0.4,0.3,153.0,90.0,,,,,,
2024-05-02T15:00,61,Moderate,18.7,32.7,0.4,0.0,148.0,88.0,,,,,,
2024-05-02T16:00,62,Moderate,17.7,30.9,0.5,0.0,144.0,88.0,,,,,,
2024-05-02T17:00,63,Moderate,19.7,34.8,0.4,0.2,143.0,88.0,,,,,,
2024-05-02T18:00,64,Moderate,19.4,34.6,0.5,0.3,141.0,89.0,,,,,,
2024-05-02T19:00,65,Moderate,19.0,34.2,0.6,0.5,139.0,89.0,,,,,,
2024-05-02T20:00,66,Moderate,18.4,33.2,0.9,0.9,138.0,89.0,,,,,,
2024-05-02T21:00,67,Moderate,17.8,32.1,1.4,1.6,138.0,87.0,,,,,,
2024-05-02T22:00,68,Moderate,17.2,31.0,2.0,2.4,140.0,84.0,,,,,,
2024-05-02T23:00,68,Moderate,16.6,29.8,2.5,3.1,141.0,81.0,,,,,,
2024-05-03T00:00,69,Moderate,16.3,28.9,2.8,3.5,143.0,78.0,,,,,,
2024-05-03T01:00,69,Moderate,15.8,28.1,3.1,3.9,145.0,75.0,,,,,,
2024-05-03T02:00,69,Moderate,15.4,27.2,3.2,4.1,146.0,73.0,,,,,,
2024-05-03T03:00,69,Moderate,15.0,26.3,3.2,4.2,145.0,72.0,,,,,,
2024-05-03T04:00,69,Moderate,14.5,25.4,3.1,4.3,143.0,71.0,,,,,,
2024-05-03T05:00,68,Moderate,14.6,25.6,3.4,4.9,145.0,69.0,,,,,,
2024-05-03T06:00,68,Moderate,14.4,25.3,3.4,4.9,144.0,69.0,,,,,,
2024-05-03T07:00,68,Moderate,14.2,25.1,3.3,4.9,142.0,69.0,,,,,,
2024-05-03T08:00,67,Moderate,14.1,24.9,3.0,4.8,141.0,72.0,,,,,,
2024-05-03T09:00,67,Moderate,14.3,25.4,2.4,4.6,140.0,79.0,,,,,,
2024-05-03T10:00,66,Moderate,14.8,26.2,1.7,4.3,140.0,88.0,,,,,,
2024-05-03T11:00,66,Moderate,15.2,27.1,1.1,3.8,139.0,94.0,,,,,,
2024-05-03T12:00,65,Moderate,15.6,27.9,0.8,2.9,137.0,94.0,,,,,,
2024-05-03T13:00,65,Moderate,15.8,28.3,0.6,1.8,133.0,90.0,,,,,,
2024-05-03T14:00,64,Moderate,15.7,28.4,0.5,1.0,131.0,87.0,,,,,,
2024-05-03T15:00,64,Moderate,15.4,27.8,0.5,0.7,130.0,85.0,,,,,,
2024-05-03T16:00,63,Moderate,14.9,26.9,0.7,0.7,129.0,83.0,,,,,,
2024-05-03T17:00,63,Moderate,18.6,33.9,0.6,0.3,127.0,79.0,,,,,,
2024-05-03T18:00,63,Moderate,16.8,30.7,0.9,0.6,127.0,80.0,,,,,,
2024-05-03T19:00,63,Moderate,15.9,28.9,1.4,1.1,128.0,82.0,,,,,,
2024-05-03T20:00,63,Moderate,15.2,27.5,1.9,1.7,129.0,82.0,,,,,,
2024-05-03T21:00,62,Moderate,14.8,26.4,2.5,2.4,133.0,80.0,,,,,,
2024-05-03T22:00,62,Moderate,15.0,26.3,3.2,3.1,137.0,77.0,,,,,,
2024-05-03T23:00,62,Moderate,15.1,26.4,3.6,3.7,141.0,74.0,,,,,,
2024-05-04T00:00,62,Moderate,15.3,26.7,3.7,4.0,143.0,73.0,,,,,,
2024-05-04T01:00,62,Moderate,15.3,26.8,3.6,4.2,144.0,72.0,,,,,,
2024-05-04T02:00,62,Moderate,15.4,27.1,3.5,4.4,145.0,71.0,,,,,,
2024-05-04T03:00,62,Moderate,15.5,27.4,3.4,4.5,146.0,70.0,,,,,,
2024-05-04T04:00,62,Moderate,15.7,27.8,3.3,4.6,146.0,68.0,,,,,,
2024-05-04T05:00,62,Moderate,15.5,27.0,3.7,5.9,156.0,65.0,,,,,,
2024-05-04T06:00,62,Moderate,15.5,27.3,3.6,6.3,156.0,67.0,,,,,,
2024-05-04T07:00,62,Moderate,15.4,27.5,3.4,6.7,156.0,71.0,,,,,,
2024-05-04T08:00,62,Moderate,15.5,27.6,3.1,6.7,155.0,76.0,,,,,,
2024-05-04T09:00,62,Moderate,15.6,27.8,2.4,6.0,154.0,84.0,,,,,,
2024-05-04T10:00,62,Moderate,16.4,29.3,1.6,4.8,151.0,94.0,,,,,,
2024-05-04T11:00,63,Moderate,17.5,31.3,0.9,3.6,149.0,100.0,,,,,,
2024-05-04T12:00,63,Moderate,18.6,33.5,0.6,2.4,146.0,98.0,,,,,,
2024-05-04T13:00,63,Moderate,19.4,35.0,0.4,1.2,142.0,93.0,,,,,,
2024-05-04T14:00,63,Moderate,19.5,35.3,0.4,0.4,139.0,89.0,,,,,,
2024-05-04T15:00,64,Moderate,19.7,35.9,0.5,0.2,137.0,89.0,,,,,,
2024-05-04T16:00,64,Moderate,20.1,36.7,0.7,0.3,135.0,91.0,,,,,,
2024-05-04T17:00,64,Moderate,21.1,38.5,0.8,0.4,139.0,89.0,,,,,,
2024-05-04T18:00,64,Moderate,21.1,38.8,1.2,0.7,140.0,88.0,,,,,,
2024-05-04T19:00,65,Moderate,20.7,38.3,1.9,1.2,141.0,87.0,,,,,,
2024-05-04T20:00,65,Moderate,19.6,36.0,2.5,1.8,144.0,85.0,,,,,,
2024-05-04T21:00,66,Moderate,17.6,31.9,3.1,2.4,150.0,83.0,,,,,,
2024-05-04T22:00,66,Moderate,16.1,28.6,3.6,3.1,157.0,80.0,,,,,,
2024-05-04T23:00,66,Moderate,14.7,26.0,4.0,3.7,163.0,78.0,,,,,,
2024-05-05T00:00,66,Moderate,14.1,24.8,4.2,4.2,168.0,77.0,,,,,,
2024-05-05T01:00,66,Moderate,13.8,24.4,4.1,4.7,172.0,77.0,,,,,,
2024-05-05T02:00,66,Moderate,13.9,24.7,4.1,5.2,174.0,77.0,,,,,,
2024-05-05T03:00,65,Moderate,14.1,25.3,4.0,5.6,174.0,76.0,,,,,,
2024-05-05T04:00,65,Moderate,14.6,26.3,3.9,6.0,174.0,76.0,,,,,,
2024-05-05T05:00,65,Moderate,13.6,23.5,4.0,7.0,190.0,73.0,,,,,,
2024-05-05T06:00,65,Moderate,13.2,22.8,3.9,7.2,189.0,76.0,,,,,,
2024-05-05T07:00,65,Moderate,12.9,22.2,3.8,7.5,188.0,80.0,,,,,,
2024-05-05T08:00,65,Moderate,13.1,21.9,3.5,7.6,187.0,88.0,,,,,,
2024-05-05T09:00,65,Moderate,13.8,22.6,2.9,7.5,187.0,103.0,,,,,,
2024-05-05T10:00,64,Moderate,15.3,24.7,2.1,7.3,188.0,120.0,,,,,,
2024-05-05T11:00,64,Moderate,15.9,26.0,1.5,6.5,185.0,131.0,,,,,,
2024-05-05T12:00,64,Moderate,15.8,26.7,1.0,4.8,177.0,129.0,,,,,,
2024-05-05T13:00,64,Moderate,15.7,27.7,0.7,2.6,165.0,120.0,,,,,,
2024-05-05T14:00,64,Moderate,16.5,29.7,0.5,1.0,154.0,111.0,,,,,,
2024-05-05T15:00,63,Moderate,17.5,31.8,0.5,0.5,142.0,104.0,,,,,,
2024-05-05T16:00,63,Moderate,17.8,32.2,0.7,0.5,130.0,97.0,,,,,,
2024-05-05T17:00,63,Moderate,20.4,37.6,1.2,0.8,112.0,97.0,,,,,,
2024-05-05T18:00,63,Moderate,19.8,36.0,2.0,1.6,119.0,97.0,,,,,,
2024-05-05T19:00,63,Moderate,19.5,34.7,3.2,2.8,129.0,96.0,,,,,,
2024-05-05T20:00,63,Moderate,19.4,34.0,4.1,3.9,138.0,95.0,,,,,,
2024-05-05T21:00,63,Moderate,19.6,33.9,4.5,4.7,147.0,93.0,,,,,,
2024-05-05T22:00,63,Moderate,20.3,34.6,4.6,5.4,154.0,91.0,,,,,,
2024-05-05T23:00,63,Moderate,20.8,35.6,4.6,5.9,158.0,88.0,,,,,,
2024-05-06T00:00,64,Moderate,20.9,36.2,4.5,6.1,155.0,86.0,,,,,,
2024-05-06T01:00,64,Moderate,20.4,36.3,4.2,6.2,147.0,83.0,,,,,,
2024-05-06T02:00,65,Moderate,19.4,35.6,4.0,6.3,140.0,81.0,,,,,,
2024-05-06T03:00,65,Moderate,18.5,34.6,3.9,6.5,135.0,78.0,,,,,,
2024-05-06T04:00,66,Moderate,17.7,33.6,3.9,6.8,131.0,75.0,,,,,,
2024-05-06T05:00,66,Moderate,18.6,36.1,3.8,7.4,141.0,74.0,,,,,,
2024-05-06T06:00,66,Moderate,17.7,35.2,3.8,7.5,138.0,75.0,,,,,,
2024-05-06T07:00,67,Moderate,17.2,34.5,3.7,7.6,134.0,77.0,,,,,,
2024-05-06T08:00,67,Moderate,17.2,34.3,3.4,7.5,131.0,81.0,,,,,,
2024-05-06T09:00,67,Moderate,17.9,34.9,2.7,7.1,131.0,90.0,,,,,,
2024-05-06T10:00,68,Moderate,18.8,35.9,1.9,6.4,133.0,102.0,,,,,,
2024-05-06T11:00,68,Moderate,19.5,36.6,1.2,5.4,133.0,109.0,,,,,,
2024-05-06T12:00,68,Moderate,19.6,36.7,0.8,3.9,128.0,106.0,,,,,,
2024-05-06T13:00,68,Moderate,19.4,36.2,0.5,2.0,122.0,98.0,,,,,,
2024-05-06T14:00,69,Moderate,19.4,35.6,0.5,0.8,118.0,92.0,,,,,,
2024-05-06T15:00,69,Moderate,19.3,35.2,0.7,0.6,119.0,92.0,,,,,,
2024-05-06T16:00,69,Moderate,19.3,35.0,1.2,0.9,122.0,94.0,,,,,,
2024-05-06T17:00,69,Moderate,20.1,36.9,1.2,0.6,121.0,89.0,,,,,,
2024-05-06T18:00,69,Moderate,19.7,36.0,1.9,1.3,127.0,90.0,,,,,,
2024-05-06T19:00,69,Moderate,19.0,34.3,2.8,2.3,136.0,91.0,,,,,,
2024-05-06T20:00,69,Moderate,18.1,32.0,3.6,3.3,144.0,90.0,,,,,,
2024-05-06T21:00,69,Moderate,17.5,30.3,4.2,4.3,151.0,87.0,,,,,,
2024-05-06T22:00,69,Moderate,17.2,29.5,4.7,5.4,158.0,83.0,,,,,,
2024-05-06T23:00,69,Moderate,16.9,29.2,5.0,6.1,161.0,79.0,,,,,,
2024-05-07T00:00,68,Moderate,16.5,29.1,5.0,6.4,159.0,76.0,,,,,,
2024-05-07T01:00,68,Moderate,16.2,29.3,4.7,6.3,153.0,74.0,,,,,,
2024-05-07T02:00,68,Moderate,16.1,29.4,4.5,6.3,148.0,72.0,,,,,,
2024-05-07T03:00,67,Moderate,15.9,29.5,4.4,6.4,144.0,70.0,,,,,,
2024-05-07T04:00,67,Moderate,15.6,29.2,4.2,6.5,141.0,68.0,,,,,,
2024-05-07T05:00,67,Moderate,15.2,28.7,4.5,7.5,148.0,66.0,,,,,,
2024-05-07T06:00,67,Moderate,15.0,28.4,4.3,7.8,147.0,69.0,,,,,,
2024-05-07T07:00,67,Moderate,14.9,28.2,4.1,8.3,145.0,73.0,,,,,,
2024-05-07T08:00,66,Moderate,15.1,28.5,3.6,8.3,141.0,78.0,,,,,,
2024-05-07T09:00,66,Moderate,15.2,28.5,2.8,7.8,135.0,87.0,,,,,,
2024-05-07T10:00,66,Moderate,15.2,28.5,1.9,6.8,128.0,98.0,,,,,,
2024-05-07T11:00,66,Moderate,15.3,28.8,1.1,5.6,121.0,103.0,,,,,,
2024-05-07T12:00,65,Moderate,15.0,29.2,0.7,3.8,113.0,98.0,,,,,,
2024-05-07T13:00,65,Moderate,14.8,29.2,0.4,1.8,105.0,88.0,,,,,,
2024-05-07T14:00,65,Moderate,14.9,29.0,0.3,0.4,99.0,81.0,,,,,,
2024-05-07T15:00,64,Moderate,14.8,28.9,0.4,0.1,97.0,81.0,,,,,,
2024-05-07T16:00,64,Moderate,14.6,28.4,0.6,0.4,98.0,83.0,,,,,,
2024-05-07T17:00,64,Moderate,15.9,31.0,0.8,0.7,104.0,89.0,,,,,,
2024-05-07T18:00,63,Moderate,14.9,28.8,1.4,1.2,108.0,87.0,,,,,,
2024-05-07T19:00,63,Moderate,13.6,26.0,2.3,1.9,114.0,84.0,,,,,,
2024-05-07T20:00,62,Moderate,12.6,23.8,3.1,2.6,119.0,81.0,,,,,,
2024-05-07T21:00,62,Moderate,12.3,22.9,3.6,3.3,123.0,78.0,,,,,,
2024-05-07T22:00,62,Moderate,12.4,23.1,4.0,3.9,127.0,75.0,,,,,,
2024-05-07T23:00,61,Moderate,12.5,23.3,4.2,4.5,130.0,73.0,,,,,,
2024-05-08T00:00,61,Moderate,12.6,23.9,4.2,4.9,130.0,72.0,,,,,,
2024-05-08T01:00,61,Moderate,12.8,24.6,4.1,5.3,130.0,71.0,,,,,,
2024-05-08T02:00,60,Moderate,13.0,25.2,4.0,5.7,129.0,71.0,,,,,,
2024-05-08T03:00,60,Moderate,13.2,26.0,4.0,6.3,129.0,70.0,,,,,,
2024-05-08T04:00,60,Moderate,13.6,27.0,4.0,6.9,130.0,69.0,,,,,,
2024-05-08T05:00,60,Moderate,15.0,28.6,4.4,7.8,148.0,65.0,,,,,,
2024-05-08T06:00,60,Moderate,15.8,29.1,4.1,7.4,156.0,68.0,,,,,,
2024-05-08T07:00,60,Moderate,16.5,29.0,3.6,6.8,168.0,73.0,,,,,,
2024-05-08T08:00,60,Moderate,16.6,28.3,3.0,6.1,175.0,80.0,,,,,,
2024-05-08T09:00,60,Moderate,16.9,28.3,2.3,5.1,174.0,90.0,,,,,,
2024-05-08T10:00,60,Moderate,17.5,29.4,1.5,4.0,170.0,102.0,,,,,,
2024-05-08T11:00,60,Moderate,17.8,30.3,0.9,3.1,163.0,110.0,,,,,,
2024-05-08T12:00,61,Moderate,17.6,31.1,0.6,2.6,154.0,111.0,,,,,,
2024-05-08T13:00,61,Moderate,16.4,31.4,0.4,2.3,143.0,107.0,,,,,,
2024-05-08T14:00,61,Moderate,17.6,34.7,0.3,2.1,135.0,104.0,,,,,,
2024-05-08T15:00,61,Moderate,18.2,36.6,0.2,1.7,130.0,103.0,,,,,,
2024-05-08T16:00,61,Moderate,20.0,39.8,0.2,1.3,128.0,102.0,,,,,,
2024-05-08T17:00,62,Moderate,19.4,39.7,0.4,1.2,115.0,99.0,,,,,,
2024-05-08T18:00,62,Moderate,20.7,41.8,0.6,1.5,125.0,103.0,,,,,,
2024-05-08T19:00,62,Moderate,21.9,43.2,0.9,1.9,140.0,109.0,,,,,,
2024-05-08T20:00,63,Moderate,22.4,43.0,1.3,2.4,151.0,112.0,,,,,,
2024-05-08T21:00,64,Moderate,22.0,41.0,1.9,3.1,157.0,109.0,,,,,,
2024-05-08T22:00,65,Moderate,21.6,39.6,2.5,4.0,160.0,102.0,,,,,,
2024-05-08T23:00,65,Moderate,21.2,38.4,3.1,4.8,162.0,95.0,,,,,,
2024-05-09T00:00,66,Moderate,21.2,38.1,3.5,5.5,163.0,89.0,,,,,,
2024-05-09T01:00,67,Moderate,20.8,37.0,3.9,6.1,163.0,82.0,,,,,,
2024-05-09T02:00,67,Moderate,20.1,35.4,4.2,6.8,165.0,77.0,,,,,,
2024-05-09T03:00,68,Moderate,20.3,34.9,4.6,7.6,172.0,73.0,,,,,,
2024-05-09T04:00,68,Moderate,21.0,35.4,5.0,8.5,181.0,70.0,,,,,,
2024-05-09T05:00,69,Moderate,26.2,42.5,5.1,12.8,222.0,78.0,,,,,,
2024-05-09T06:00,70,Moderate,26.6,43.2,4.7,12.8,220.0,82.0,,,,,,
2024-05-09T07:00,71,Moderate,26.0,42.5,4.1,12.7,217.0,87.0,,,,,,
2024-05-09T08:00,72,Moderate,25.6,42.0,3.4,11.8,210.0,93.0,,,,,,
2024-05-09T09:00,72,Moderate,24.7,41.1,2.5,9.6,198.0,99.0,,,,,,
2024-05-09T10:00,73,Moderate,22.5,38.3,1.5,6.8,183.0,106.0,,,,,,
2024-05-09T11:00,73,Moderate,21.4,37.6,0.8,4.3,167.0,108.0,,,,,,
2024-05-09T12:00,74,Moderate,20.8,37.6,0.5,2.7,151.0,102.0,,,,,,
2024-05-09T13:00,74,Moderate,20.7,38.0,0.4,1.4,135.0,91.0,,,,,,
2024-05-09T14:00,74,Moderate,20.8,38.3,0.3,0.6,123.0,83.0,,,,,,
2024-05-09T15:00,74,Moderate,21.1,39.1,0.2,0.2,118.0,80.0,,,,,,
2024-05-09T16:00,75,Moderate,21.1,39.1,0.2,0.3,116.0,80.0,,,,,,
2024-05-09T17:00,75,Moderate,24.2,44.9,0.3,0.4,109.0,76.0,,,,,,
2024-05-09T18:00,75,Moderate,23.9,44.4,0.4,0.6,110.0,78.0,,,,,,
2024-05-09T19:00,75,Moderate,23.5,43.5,0.5,0.9,112.0,82.0,,,,,,
2024-05-09T20:00,75,Moderate,22.8,41.9,0.8,1.3,114.0,84.0,,,,,,
2024-05-09T21:00,75,Moderate,21.7,39.6,1.3,2.0,118.0,84.0,,,,,,
2024-05-09T22:00,75,Moderate,20.0,36.0,1.9,2.8,122.0,83.0,,,,,,
2024-05-09T23:00,75,Moderate,18.5,32.7,2.3,3.2,126.0,82.0,,,,,,
2024-05-10T00:00,75,Moderate,16.4,28.7,2.2,2.8,127.0,82.0,,,,,,
2024-05-10T01:00,75,Moderate,14.8,25.7,1.8,2.1,126.0,82.0,,,,,,
2024-05-10T02:00,74,Moderate,14.1,24.3,1.7,2.0,128.0,81.0,,,,,,
2024-05-10T03:00,74,Moderate,13.8,23.5,2.2,3.2,133.0,79.0,,,,,,
2024-05-10T04:00,73,Moderate,14.7,24.6,3.0,5.0,141.0,77.0,,,,,,
2024-05-10T05:00,73,Moderate,17.7,28.9,2.2,4.7,148.0,78.0,,,,,,
2024-05-10T06:00,72,Moderate,16.1,26.4,2.1,4.7,149.0,80.0,,,,,,
2024-05-10T07:00,71,Moderate,14.7,23.9,1.9,4.7,149.0,83.0,,,,,,
2024-05-10T08:00,70,Moderate,14.7,23.9,1.7,4.4,148.0,86.0,,,,,,
2024-05-10T09:00,70,Moderate,14.0,23.0,1.3,3.4,144.0,89.0,,,,,,
2024-05-10T10:00,69,Moderate,12.9,21.3,0.8,2.1,138.0,91.0,,,,,,
2024-05-10T11:00,68,Moderate,11.9,19.8,0.4,1.3,133.0,93.0,,,,,,
2024-05-10T12:00,67,Moderate,11.7,19.3,0.3,1.4,131.0,95.0,,,,,,
2024-05-10T13:00,66,Moderate,11.3,18.7,0.4,2.0,129.0,96.0,,,,,,
2024-05-10T14:00,66,Moderate,9.6,16.1,0.5,2.2,127.0,94.0,,,,,,
2024-05-10T15:00,65,Moderate,7.4,12.7,0.4,1.7,123.0,87.0,,,,,,
2024-05-10T16:00,64,Moderate,5.4,9.7,0.3,0.8,118.0,78.0,,,,,,
2024-05-10T17:00,63,Moderate,8.6,15.7,0.5,1.4,124.0,96.0,,,,,,
2024-05-10T18:00,61,Moderate,7.1,13.6,0.5,1.2,123.0,93.0,,,,,,
2024-05-10T19:00,60,Moderate,6.4,12.4,0.5,0.9,120.0,88.0,,,,,,
2024-05-10T20:00,59,Moderate,6.5,12.4,0.6,0.9,119.0,84.0,,,,,,
2024-05-10T21:00,57,Moderate,6.6,12.3,1.0,1.3,118.0,80.0,,,,,,
2024-05-10T22:00,56,Moderate,6.3,11.7,1.5,1.9,118.0,76.0,,,,,,
2024-05-10T23:00,55,Moderate,6.2,11.3,2.0,2.6,119.0,73.0,,,,,,
2024-05-11T00:00,54,Moderate,5.7,10.2,2.5,3.5,120.0,70.0,,,,,,
2024-05-11T01:00,53,Moderate,5.1,9.1,3.0,4.5,122.0,68.0,,,,,,
2024-05-11T02:00,53,Moderate,4.9,8.6,3.3,5.4,124.0,67.0,,,,,,
2024-05-11T03:00,52,Moderate,5.1,8.8,3.5,6.1,126.0,66.0,,,,,,
2024-05-11T04:00,51,Moderate,5.3,9.0,3.6,6.6,127.0,66.0,,,,,,
2024-05-11T05:00,50,Good,8.8,14.2,3.4,4.9,149.0,68.0,,,,,,
2024-05-11T06:00,49,Good,8.9,14.0,3.0,4.1,149.0,70.0,,,,,,
2024-05-11T07:00,47,Good,7.8,12.3,2.5,3.1,148.0,74.0,,,,,,
2024-05-11T08:00,46,Good,6.9,11.1,2.0,2.1,145.0,76.0,,,,,,
2024-05-11T09:00,44,Good,6.5,10.8,1.4,1.3,137.0,77.0,,,,,,
2024-05-11T10:00,42,Good,6.4,10.8,0.8,0.6,127.0,78.0,,,,,,
2024-05-11T11:00,41,Good,5.6,9.5,0.3,0.1,119.0,77.0,,,,,,
2024-05-11T12:00,39,Good,4.8,8.3,0.1,0.0,114.0,74.0,,,,,,
2024-05-11T13:00,38,Good,4.3,7.4,0.2,0.0,110.0,69.0,,,,,,
2024-05-11T14:00,36,Good,3.8,6.6,0.2,0.1,108.0,65.0,,,,,,
2024-05-11T15:00,35,Good,3.6,6.2,0.2,0.0,106.0,62.0,,,,,,
2024-05-11T16:00,34,Good,3.4,5.9,0.3,0.0,106.0,60.0,,,,,,
2024-05-11T17:00,33,Good,9.2,13.8,6.1,14.4,148.0,84.0,,,,,,
2024-05-11T18:00,34,Good,10.9,16.3,6.3,14.9,151.0,84.0,,,,,,
2024-05-11T19:00,34,Good,11.4,17.1,6.5,15.6,155.0,84.0,,,,,,
2024-05-11T20:00,36,Good,10.9,16.6,6.6,16.1,159.0,83.0,,,,,,
2024-05-11T21:00,37,Good,10.2,15.7,6.5,16.0,161.0,81.0,,,,,,
2024-05-11T22:00,37,Good,10.4,16.1,6.2,15.7,162.0,79.0,,,,,,
2024-05-11T23:00,38,Good,10.7,16.5,6.0,15.5,164.0,77.0,,,,,,
2024-05-12T00:00,39,Good,10.8,16.8,6.1,15.9,168.0,75.0,,,,,,
2024-05-12T01:00,41,Good,11.5,17.8,6.2,16.4,173.0,73.0,,,,,,
2024-05-12T02:00,42,Good,12.0,18.5,6.0,15.6,173.0,72.0,,,,,,
2024-05-12T03:00,44,Good,11.5,17.9,5.0,12.5,165.0,73.0,,,,,,
2024-05-12T04:00,45,Good,9.5,15.3,3.6,8.2,153.0,75.0,,,,,,
2024-05-12T05:00,46,Good,6.0,10.3,0.8,1.0,125.0,80.0,,,,,,
2024-05-12T06:00,46,Good,5.5,9.3,0.7,0.7,124.0,79.0,,,,,,
2024-05-12T07:00,45,Good,5.5,9.3,0.6,0.3,123.0,77.0,,,,,,
2024-05-12T08:00,44,Good,5.2,8.9,0.5,0.1,122.0,76.0,,,,,,
2024-05-12T09:00,44,Good,4.7,8.0,0.5,0.3,120.0,75.0,,,,,,
2024-05-12T10:00,43,Good,4.2,7.1,0.6,0.7,119.0,74.0,,,,,,
2024-05-12T11:00,43,Good,4.0,6.8,0.6,1.1,117.0,73.0,,,,,,
2024-05-12T12:00,43,Good,4.1,6.9,0.6,1.3,115.0,74.0,,,,,,
2024-05-12T13:00,42,Good,4.2,7.2,0.6,1.5,114.0,75.0,,,,,,
2024-05-12T14:00,42,Good,3.8,6.6,0.6,1.6,112.0,75.0,,,,,,
2024-05-12T15:00,42,Good,3.7,6.3,0.8,1.6,110.0,72.0,,,,,,
2024-05-12T16:00,42,Good,3.5,6.1,1.0,1.5,109.0,68.0,,,,,,
2024-05-12T17:00,42,Good,3.0,5.0,2.7,4.4,114.0,68.0,,,,,,
2024-05-12T18:00,41,Good,3.6,6.0,2.3,3.6,111.0,67.0,,,,,,
2024-05-12T19:00,39,Good,4.2,6.8,1.8,2.5,107.0,67.0,,,,,,
2024-05-12T20:00,38,Good,4.2,6.8,1.3,1.6,104.0,66.0,,,,,,
2024-05-12T21:00,36,Good,3.4,5.5,0.8,0.8,102.0,66.0,,,,,,
2024-05-12T22:00,35,Good,2.9,4.7,0.3,0.1,100.0,66.0,,,,,,
2024-05-12T23:00,33,Good,2.5,4.0,0.2,0.1,100.0,66.0,,,,,,
2024-05-13T00:00,31,Good,2.5,3.9,0.8,1.2,103.0,64.0,,,,,,
2024-05-13T01:00,31,Good,2.6,4.1,1.8,3.0,107.0,62.0,,,,,,
2024-05-13T02:00,30,Good,2.4,3.6,2.7,4.9,112.0,60.0,,,,,,
2024-05-13T03:00,30,Good,2.5,3.6,3.5,6.9,116.0,58.0,,,,,,
2024-05-13T04:00,29,Good,2.8,4.1,4.1,9.0,120.0,56.0,,,,,,
2024-05-13T05:00,29,Good,2.9,4.3,4.8,11.2,115.0,56.0,,,,,,
2024-05-13T06:00,28,Good,3.4,5.1,5.2,12.3,121.0,55.0,,,,,,
2024-05-13T07:00,28,Good,4.0,5.9,5.8,13.9,128.0,53.0,,,,,,
2024-05-13T08:00,27,Good,4.5,6.6,5.8,14.6,133.0,55.0,,,,,,
2024-05-13T09:00,26,Good,5.3,7.8,4.7,14.0,133.0,64.0,,,,,,
2024-05-13T10:00,26,Good,5.6,8.3,3.0,12.6,130.0,77.0,,,,,,
2024-05-13T11:00,27,Good,6.1,9.0,1.7,10.8,126.0,85.0,,,,,,
2024-05-13T12:00,29,Good,5.8,8.7,1.0,8.3,121.0,86.0,,,,,,
2024-05-13T13:00,31,Good,5.2,8.0,0.6,5.3,114.0,83.0,,,,,,
2024-05-13T14:00,32,Good,4.3,6.7,0.4,2.9,109.0,79.0,,,,,,
2024-05-13T15:00,34,Good,3.4,5.6,0.3,1.5,106.0,73.0,,,,,,
2024-05-13T16:00,35,Good,2.9,5.0,0.3,0.6,105.0,66.0,,,,,,
2024-05-13T17:00,36,Good,5.4,8.3,0.6,1.2,132.0,82.0,,,,,,
2024-05-13T18:00,37,Good,4.5,7.1,0.5,0.9,130.0,80.0,,,,,,
2024-05-13T19:00,37,Good,4.1,6.8,0.3,0.4,126.0,77.0,,,,,,
2024-05-13T20:00,36,Good,4.1,6.8,0.2,0.1,124.0,75.0,,,,,,
2024-05-13T21:00,36,Good,4.1,7.0,0.2,0.0,123.0,75.0,,,,,,
2024-05-13T22:00,35,Good,4.5,7.7,0.2,0.1,124.0,76.0,,,,,,
2024-05-13T23:00,35,Good,5.3,9.1,0.2,0.1,126.0,77.0,,,,,,
2024-05-14T00:00,35,Good,6.2,10.8,0.2,0.1,131.0,78.0,,,,,,
2024-05-14T01:00,36,Good,7.2,12.5,0.2,0.1,138.0,78.0,,,,,,
2024-05-14T02:00,36,Good,8.4,14.5,0.3,0.2,143.0,78.0,,,,,,
2024-05-14T03:00,36,Good,8.9,15.2,0.4,0.4,145.0,77.0,,,,,,
2024-05-14T04:00,36,Good,8.6,14.6,0.5,0.6,146.0,75.0,,,,,,
2024-05-14T05:00,36,Good,8.8,14.6,0.5,0.3,145.0,74.0,,,,,,
2024-05-14T06:00,36,Good,8.6,14.0,0.5,0.2,147.0,74.0,,,,,,
2024-05-14T07:00,35,Good,7.8,12.5,0.6,0.1,151.0,74.0,,,,,,
2024-05-14T08:00,35,Good,7.1,11.3,0.6,0.1,154.0,75.0,,,,,,
2024-05-14T09:00,35,Good,7.0,11.0,0.5,0.1,157.0,77.0,,,,,,
2024-05-14T10:00,35,Good,7.2,11.2,0.5,0.2,161.0,80.0,,,,,,
2024-05-14T11:00,35,Good,6.9,10.7,0.4,0.3,164.0,82.0,,,,,,
2024-05-14T12:00,35,Good,6.7,10.4,0.4,0.2,167.0,82.0,,,,,,
2024-05-14T13:00,36,Good,6.3,9.7,0.4,0.1,168.0,80.0,,,,,,
2024-05-14T14:00,36,Good,6.0,9.4,0.4,0.2,169.0,79.0,,,,,,
2024-05-14T15:00,36,Good,6.0,9.3,0.5,0.4,168.0,78.0,,,,,,
2024-05-14T16:00,37,Good,6.1,9.6,0.6,0.7,165.0,77.0,,,,,,
2024-05-14T17:00,37,Good,11.0,17.6,0.6,0.1,171.0,71.0,,,,,,
2024-05-14T18:00,37,Good,9.8,15.9,0.7,0.5,168.0,70.0,,,,,,
2024-05-14T19:00,39,Good,9.3,15.3,0.9,1.0,164.0,70.0,,,,,,
2024-05-14T20:00,40,Good,8.8,14.8,1.2,1.8,160.0,69.0,,,,,,
2024-05-14T21:00,41,Good,8.8,14.6,1.7,2.9,158.0,69.0,,,,,,
2024-05-14T22:00,42,Good,8.8,14.6,2.3,4.3,156.0,68.0,,,,,,
2024-05-14T23:00,43,Good,8.8,14.6,2.9,5.9,156.0,68.0,,,,,,
2024-05-15T00:00,44,Good,8.9,14.6,3.7,8.1,158.0,67.0,,,,,,
2024-05-15T01:00,44,Good,9.2,14.8,4.5,10.5,161.0,66.0,,,,,,
2024-05-15T02:00,45,Good,10.3,16.3,4.9,11.8,164.0,65.0,,,,,,
2024-05-15T03:00,45,Good,11.2,17.5,4.6,11.1,166.0,64.0,,,,,,
2024-05-15T04:00,46,Good,11.1,17.4,3.8,9.4,167.0,63.0,,,,,,
2024-05-15T05:00,46,Good,14.8,21.9,5.1,10.9,192.0,65.0,,,,,,
2024-05-15T06:00,48,Good,16.0,23.8,4.4,9.4,191.0,68.0,,,,,,
2024-05-15T07:00,50,Good,16.4,24.5,3.5,7.4,191.0,72.0,,,,,,
2024-05-15T08:00,51,Moderate,16.4,24.6,2.8,6.4,189.0,78.0,,,,,,
2024-05-15T09:00,51,Moderate,15.7,23.9,2.4,7.3,186.0,85.0,,,,,,
2024-05-15T10:00,52,Moderate,15.8,24.5,2.3,9.0,182.0,93.0,,,,,,
2024-05-15T11:00,53,Moderate,16.1,25.0,2.1,10.3,179.0,101.0,,,,,,
2024-05-15T12:00,53,Moderate,16.4,25.2,1.9,10.4,177.0,109.0,,,,,,
2024-05-15T13:00,54,Moderate,15.8,24.5,1.7,10.0,176.0,116.0,,,,,,
2024-05-15T14:00,55,Moderate,15.5,24.0,1.6,9.4,174.0,121.0,,,,,,
2024-05-15T15:00,56,Moderate,13.9,21.8,1.6,8.7,171.0,121.0,,,,,,
2024-05-15T16:00,56,Moderate,12.8,20.3,1.8,7.9,168.0,118.0,,,,,,
2024-05-15T17:00,57,Moderate,11.5,17.3,3.9,10.2,184.0,110.0,,,,,,
2024-05-15T18:00,57,Moderate,11.2,16.9,3.2,8.0,174.0,104.0,,,,,,
2024-05-15T19:00,58,Moderate,8.6,13.5,2.1,4.9,160.0,96.0,,,,,,
2024-05-15T20:00,57,Moderate,6.9,11.1,1.4,2.7,150.0,89.0,,,,,,
2024-05-15T21:00,57,Moderate,5.1,8.5,1.2,2.1,145.0,86.0,,,,,,
2024-05-15T22:00,56,Moderate,3.7,6.2,1.3,2.3,144.0,84.0,,,,,,
2024-05-15T23:00,56,Moderate,4.6,7.3,1.6,3.1,146.0,82.0,,,,,,
2024-05-16T00:00,56,Moderate,6.2,9.4,2.1,4.7,154.0,80.0,,,,,,
2024-05-16T01:00,55,Moderate,6.8,10.1,2.9,7.0,165.0,79.0,,,,,,
2024-05-16T02:00,55,Moderate,7.0,10.3,3.4,8.7,174.0,78.0,,,,,,
2024-05-16T03:00,55,Moderate,6.8,10.0,3.5,9.3,179.0,76.0,,,,,,
2024-05-16T04:00,55,Moderate,6.9,10.1,3.5,9.5,182.0,75.0,,,,,,
2024-05-16T05:00,54,Moderate,11.5,16.7,4.9,11.6,213.0,70.0,,,,,,
2024-05-16T06:00,54,Moderate,11.1,16.1,4.6,10.8,214.0,72.0,,,,,,
2024-05-16T07:00,54,Moderate,10.5,15.4,4.2,9.7,216.0,76.0,,,,,,
2024-05-16T08:00,53,Moderate,10.2,15.0,3.7,8.6,216.0,82.0,,,,,,
2024-05-16T09:00,53,Moderate,10.5,15.3,2.9,7.6,212.0,91.0,,,,,,
2024-05-16T10:00,52,Moderate,10.2,15.0,1.8,6.6,207.0,103.0,,,,,,
2024-05-16T11:00,52,Moderate,10.1,14.8,1.1,5.8,202.0,112.0,,,,,,
2024-05-16T12:00,51,Moderate,10.8,15.9,0.8,5.3,201.0,117.0,,,,,,
2024-05-16T13:00,51,Moderate,11.1,16.4,0.7,4.9,200.0,119.0,,,,,,
2024-05-16T14:00,51,Moderate,11.4,17.1,0.8,4.6,198.0,120.0,,,,,,
2024-05-16T15:00,50,Good,10.0,15.3,1.0,4.2,191.0,118.0,,,,,,
2024-05-16T16:00,50,Good,9.3,14.6,1.2,3.9,183.0,114.0,,,,,,
2024-05-16T17:00,57,Moderate,10.1,15.7,2.6,6.1,177.0,105.0,,,,,,
2024-05-16T18:00,60,Moderate,10.8,16.6,3.0,7.1,178.0,106.0,,,,,,
2024-05-16T19:00,60,Moderate,11.1,17.1,3.5,8.4,180.0,106.0,,,,,,
2024-05-16T20:00,59,Moderate,11.2,17.2,4.1,9.8,184.0,105.0,,,,,,
2024-05-16T21:00,57,Moderate,11.3,17.2,4.8,11.0,191.0,100.0,,,,,,
2024-05-16T22:00,52,Moderate,14.1,21.0,5.5,12.3,200.0,93.0,,,,,,
2024-05-16T23:00,51,Moderate,15.4,22.7,5.9,13.5,205.0,88.0,,,,,,
2024-05-17T00:00,52,Moderate,15.1,22.1,5.8,14.9,204.0,86.0,,,,,,
2024-05-17T01:00,53,Moderate,14.6,21.2,5.5,16.4,199.0,86.0,,,,,,
2024-05-17T02:00,54,Moderate,14.3,20.7,5.2,17.4,196.0,86.0,,,,,,
2024-05-17T03:00,54,Moderate,13.7,19.9,5.1,17.7,197.0,84.0,,,,,,
2024-05-17T04:00,55,Moderate,14.4,20.9,5.0,17.6,201.0,81.0,,,,,,
2024-05-17T05:00,55,Moderate,11.4,16.5,4.9,9.8,209.0,72.0,,,,,,
2024-05-17T06:00,55,Moderate,11.3,16.2,5.4,10.8,219.0,72.0,,,,,,
2024-05-17T07:00,55,Moderate,11.3,16.2,6.0,12.1,232.0,73.0,,,,,,
2024-05-17T08:00,55,Moderate,11.1,15.9,6.1,13.0,242.0,78.0,,,,,,
2024-05-17T09:00,55,Moderate,11.4,16.3,5.4,13.1,246.0,89.0,,,,,,
2024-05-17T10:00,55,Moderate,11.7,16.8,4.1,12.7,246.0,104.0,,,,,,
2024-05-17T11:00,56,Moderate,12.6,18.0,3.1,12.1,244.0,118.0,,,,,,
2024-05-17T12:00,56,Moderate,12.6,18.0,2.5,11.4,238.0,130.0,,,,,,
2024-05-17T13:00,56,Moderate,12.5,17.9,2.0,10.4,229.0,140.0,,,,,,
2024-05-17T14:00,56,Moderate,12.0,17.4,1.7,9.5,221.0,147.0,,,,,,
2024-05-17T15:00,56,Moderate,12.3,17.8,1.7,8.6,214.0,148.0,,,,,,
2024-05-17T16:00,69,Moderate,11.7,17.2,1.9,7.7,208.0,144.0,,,,,,
2024-05-17T17:00,84,Moderate,8.0,13.3,1.8,2.3,138.0,83.0,,,,,,
2024-05-17T18:00,82,Moderate,8.4,13.4,2.9,3.5,147.0,81.0,,,,,,
2024-05-17T19:00,77,Moderate,9.7,15.0,4.4,5.3,159.0,78.0,,,,,,
2024-05-17T20:00,69,Moderate,10.7,16.1,5.7,6.9,172.0,75.0,,,,,,
2024-05-17T21:00,57,Moderate,11.2,16.8,6.4,8.0,184.0,73.0,,,,,,
2024-05-17T22:00,56,Moderate,12.1,18.0,6.8,9.0,196.0,72.0,,,,,,
2024-05-17T23:00,56,Moderate,14.4,21.0,7.0,10.0,207.0,72.0,,,,,,
2024-05-18T00:00,56,Moderate,16.5,23.9,7.0,11.4,218.0,73.0,,,,,,
2024-05-18T01:00,56,Moderate,17.6,25.7,6.8,13.0,228.0,75.0,,,,,,
2024-05-18T02:00,56,Moderate,19.4,28.2,6.6,14.0,236.0,75.0,,,,,,
2024-05-18T03:00,56,Moderate,18.9,27.3,6.4,14.1,241.0,73.0,,,,,,
2024-05-18T04:00,57,Moderate,17.3,25.0,6.2,13.7,244.0,70.0,,,,,,
2024-05-18T05:00,57,Moderate,7.7,11.2,5.0,9.2,188.0,65.0,,,,,,
2024-05-18T06:00,57,Moderate,6.1,8.8,5.1,9.1,186.0,65.0,,,,,,
2024-05-18T07:00,56,Moderate,5.3,7.6,5.3,9.0,184.0,65.0,,,,,,
2024-05-18T08:00,56,Moderate,5.2,7.4,5.2,9.1,185.0,67.0,,,,,,
2024-05-18T09:00,55,Moderate,5.5,7.9,4.8,9.8,192.0,73.0,,,,,,
2024-05-18T10:00,55,Moderate,6.2,8.9,4.1,10.8,201.0,80.0,,,,,,
2024-05-18T11:00,55,Moderate,8.2,11.7,3.5,11.3,208.0,89.0,,,,,,
2024-05-18T12:00,54,Moderate,9.9,14.2,2.9,10.9,209.0,99.0,,,,,,
2024-05-18T13:00,54,Moderate,10.2,14.6,2.4,9.9,207.0,110.0,,,,,,
2024-05-18T14:00,54,Moderate,10.7,15.3,2.1,9.2,204.0,117.0,,,,,,
2024-05-18T15:00,54,Moderate,11.1,15.9,2.2,8.8,199.0,118.0,,,,,,
2024-05-18T16:00,54,Moderate,11.3,16.2,2.5,8.7,194.0,115.0,,,,,,
2024-05-18T17:00,54,Moderate,11.0,16.3,4.7,7.8,180.0,85.0,,,,,,
2024-05-18T18:00,54,Moderate,9.8,14.2,5.8,9.0,189.0,81.0,,,,,,
2024-05-18T19:00,54,Moderate,9.2,13.2,7.3,10.6,201.0,76.0,,,,,,
2024-05-18T20:00,54,Moderate,9.8,14.0,8.4,11.8,213.0,71.0,,,,,,
2024-05-18T21:00,54,Moderate,11.6,16.5,8.7,12.3,226.0,69.0,,,,,,
2024-05-18T22:00,54,Moderate,12.6,18.0,8.5,12.4,238.0,67.0,,,,,,
2024-05-18T23:00,54,Moderate,12.9,18.4,8.2,12.4,247.0,66.0,,,,,,
2024-05-19T00:00,54,Moderate,13.0,18.6,7.9,12.4,249.0,65.0,,,,,,
2024-05-19T01:00,53,Moderate,12.5,17.9,7.4,12.4,247.0,65.0,,,,,,
2024-05-19T02:00,53,Moderate,12.0,17.2,7.0,12.2,246.0,64.0,,,,,,
2024-05-19T03:00,53,Moderate,11.9,17.1,6.8,11.9,250.0,62.0,,,,,,
2024-05-19T04:00,52,Moderate,12.5,18.0,6.6,11.4,256.0,61.0,,,,,,
2024-05-19T05:00,52,Moderate,5.9,8.4,5.6,8.9,218.0,62.0,,,,,,
2024-05-19T06:00,51,Moderate,6.3,9.0,5.7,8.9,226.0,62.0,,,,,,
2024-05-19T07:00,51,Moderate,6.9,9.9,5.8,8.8,237.0,62.0,,,,,,
2024-05-19T08:00,52,Moderate,7.7,10.9,5.6,8.6,245.0,66.0,,,,,,
2024-05-19T09:00,52,Moderate,9.0,12.8,5.0,8.2,248.0,76.0,,,,,,
2024-05-19T10:00,52,Moderate,9.7,13.8,4.1,7.7,249.0,89.0,,,,,,
2024-05-19T11:00,52,Moderate,10.6,15.1,3.4,7.1,248.0,98.0,,,,,,
2024-05-19T12:00,53,Moderate,10.6,15.1,3.0,6.0,245.0,100.0,,,,,,
2024-05-19T13:00,53,Moderate,10.4,14.8,2.8,4.8,242.0,98.0,,,,,,
2024-05-19T14:00,53,Moderate,10.5,15.0,3.1,4.8,239.0,98.0,,,,,,
2024-05-19T15:00,53,Moderate,10.9,15.5,4.1,7.1,238.0,102.0,,,,,,
2024-05-19T16:00,53,Moderate,12.0,17.2,5.4,10.6,239.0,107.0,,,,,,
2024-05-19T17:00,53,Moderate,12.9,18.7,1.7,1.6,224.0,107.0,,,,,,
2024-05-19T18:00,53,Moderate,11.2,16.4,2.1,2.9,218.0,109.0,,,,,,
2024-05-19T19:00,53,Moderate,10.6,15.6,2.6,4.7,210.0,111.0,,,,,,
2024-05-19T20:00,53,Moderate,10.5,15.5,3.2,6.6,205.0,111.0,,,,,,
2024-05-19T21:00,53,Moderate,10.5,15.6,3.8,8.3,206.0,109.0,,,,,,
2024-05-19T22:00,53,Moderate,11.2,16.6,4.5,10.1,209.0,106.0,,,,,,
2024-05-19T23:00,53,Moderate,12.7,18.7,5.3,12.0,216.0,101.0,,,,,,
2024-05-20T00:00,53,Moderate,13.9,20.6,6.2,14.3,227.0,95.0,,,,,,
2024-05-20T01:00,53,Moderate,15.0,22.0,7.2,16.8,240.0,88.0,,,,,,
2024-05-20T02:00,53,Moderate,15.9,23.3,7.8,18.0,251.0,82.0,,,,,,
2024-05-20T03:00,53,Moderate,16.2,23.9,7.7,17.2,259.0,77.0,,,,,,
2024-05-20T04:00,54,Moderate,15.7,23.2,7.2,15.2,265.0,73.0,,,,,,
2024-05-20T05:00,54,Moderate,10.5,15.7,6.0,10.3,245.0,71.0,,,,,,
2024-05-20T06:00,54,Moderate,8.8,13.1,5.8,9.6,238.0,73.0,,,,,,
2024-05-20T07:00,55,Moderate,7.4,10.9,5.4,8.7,228.0,75.0,,,,,,
2024-05-20T08:00,55,Moderate,6.0,8.9,5.2,8.2,222.0,78.0,,,,,,
2024-05-20T09:00,54,Moderate,5.3,7.6,5.3,8.4,222.0,81.0,,,,,,
2024-05-20T10:00,54,Moderate,5.1,7.3,5.5,8.9,225.0,84.0,,,,,,
2024-05-20T11:00,54,Moderate,5.2,7.4,5.4,9.2,228.0,89.0,,,,,,
2024-05-20T12:00,53,Moderate,5.3,7.6,4.8,8.9,230.0,96.0,,,,,,
2024-05-20T13:00,53,Moderate,5.7,8.1,3.9,8.4,232.0,104.0,,,,,,
2024-05-20T14:00,53,Moderate,6.2,8.8,3.4,7.9,233.0,110.0,,,,,,
2024-05-20T15:00,52,Moderate,6.4,9.2,3.5,7.7,231.0,111.0,,,,,,
2024-05-20T16:00,52,Moderate,6.1,8.7,4.0,7.5,228.0,110.0,,,,,,
2024-05-20T17:00,51,Moderate,7.6,10.9,4.8,6.5,198.0,93.0,,,,,,
2024-05-20T18:00,51,Moderate,8.7,12.7,4.9,6.2,196.0,88.0,,,,,,
2024-05-20T19:00,51,Moderate,10.7,15.7,5.1,5.7,192.0,81.0,,,,,,
2024-05-20T20:00,51,Moderate,10.5,15.4,5.3,5.5,191.0,76.0,,,,,,
2024-05-20T21:00,51,Moderate,8.0,11.9,5.4,5.9,193.0,73.0,,,,,,
2024-05-20T22:00,51,Moderate,7.3,10.9,5.5,6.5,197.0,72.0,,,,,,
2024-05-20T23:00,50,Good,7.1,10.9,5.4,6.9,199.0,71.0,,,,,,
2024-05-21T00:00,50,Good,6.7,10.3,5.2,6.8,198.0,70.0,,,,,,
2024-05-21T01:00,48,Good,6.1,9.4,4.8,6.5,196.0,69.0,,,,,,
2024-05-21T02:00,46,Good,5.6,8.6,4.5,6.2,194.0,68.0,,,,,,
2024-05-21T03:00,44,Good,5.4,8.4,4.3,6.0,193.0,66.0,,,,,,
2024-05-21T04:00,41,Good,5.3,8.3,4.1,5.9,193.0,65.0,,,,,,
2024-05-21T05:00,39,Good,6.1,9.3,4.9,7.9,203.0,64.0,,,,,,
2024-05-21T06:00,38,Good,5.8,8.7,5.1,8.2,204.0,64.0,,,,,,
2024-05-21T07:00,37,Good,5.8,8.9,5.3,8.6,204.0,64.0,,,,,,
2024-05-21T08:00,37,Good,6.6,10.1,5.2,8.9,205.0,69.0,,,,,,
2024-05-21T09:00,37,Good,8.1,12.4,4.4,9.0,206.0,81.0,,,,,,
2024-05-21T10:00,37,Good,9.6,14.6,3.2,9.0,206.0,97.0,,,,,,
2024-05-21T11:00,38,Good,10.7,16.4,2.2,8.9,205.0,110.0,,,,,,
2024-05-21T12:00,40,Good,11.7,18.2,1.6,8.5,200.0,120.0,,,,,,
2024-05-21T13:00,41,Good,13.3,20.9,1.3,8.0,193.0,126.0,,,,,,
2024-05-21T14:00,43,Good,14.7,23.5,1.4,7.6,188.0,128.0,,,,,,
2024-05-21T15:00,46,Good,14.6,23.6,2.2,7.4,184.0,121.0,,,,,,
2024-05-21T16:00,49,Good,13.9,22.1,3.4,7.3,182.0,108.0,,,,,,
2024-05-21T17:00,56,Moderate,13.5,21.2,4.2,7.0,192.0,99.0,,,,,,
2024-05-21T18:00,60,Moderate,12.6,19.7,4.9,7.2,194.0,92.0,,,,,,
2024-05-21T19:00,59,Moderate,11.9,18.6,5.8,7.4,197.0,83.0,,,,,,
2024-05-21T20:00,53,Moderate,11.2,17.6,6.3,7.4,196.0,76.0,,,,,,
2024-05-21T21:00,50,Good,10.5,16.6,6.2,7.1,189.0,73.0,,,,,,
2024-05-21T22:00,51,Moderate,9.5,15.2,5.7,6.7,179.0,73.0,,,,,,
2024-05-21T23:00,51,Moderate,9.5,15.4,5.1,6.2,170.0,73.0,,,,,,
2024-05-22T00:00,51,Moderate,8.9,14.3,4.5,5.7,162.0,72.0,,,,,,
2024-05-22T01:00,51,Moderate,7.7,12.2,3.9,5.2,155.0,72.0,,,,,,
2024-05-22T02:00,51,Moderate,7.8,12.5,3.5,4.9,149.0,71.0,,,,,,
2024-05-22T03:00,51,Moderate,8.1,13.4,3.3,4.9,144.0,69.0,,,,,,
2024-05-22T04:00,52,Moderate,8.0,13.4,3.3,5.1,141.0,67.0,,,,,,
2024-05-22T05:00,52,Moderate,7.9,12.7,3.2,4.5,154.0,69.0,,,,,,
2024-05-22T06:00,52,Moderate,8.1,13.2,3.2,4.6,156.0,69.0,,,,,,
2024-05-22T07:00,52,Moderate,8.3,13.4,3.2,4.9,160.0,69.0,,,,,,
2024-05-22T08:00,52,Moderate,8.9,14.4,3.1,5.0,162.0,70.0,,,,,,
2024-05-22T09:00,53,Moderate,10.5,17.2,2.8,5.0,162.0,74.0,,,,,,
2024-05-22T10:00,53,Moderate,11.2,18.3,2.3,5.0,162.0,80.0,,,,,,
2024-05-22T11:00,53,Moderate,10.1,16.2,2.0,5.0,161.0,84.0,,,,,,
2024-05-22T12:00,53,Moderate,9.1,14.6,2.0,5.0,160.0,86.0,,,,,,
2024-05-22T13:00,53,Moderate,8.8,14.2,2.1,4.9,158.0,86.0,,,,,,
2024-05-22T14:00,52,Moderate,8.6,13.8,2.3,4.9,158.0,86.0,,,,,,
2024-05-22T15:00,52,Moderate,9.4,15.3,2.7,4.9,160.0,85.0,,,,,,
2024-05-22T16:00,51,Moderate,10.6,17.3,3.1,5.0,163.0,83.0,,,,,,
2024-05-22T17:00,51,Moderate,11.1,18.0,3.3,4.5,165.0,83.0,,,,,,
2024-05-22T18:00,51,Moderate,10.3,16.5,3.5,4.2,161.0,78.0,,,,,,
2024-05-22T19:00,51,Moderate,8.8,14.2,3.8,3.9,156.0,72.0,,,,,,
2024-05-22T20:00,51,Moderate,6.7,10.7,4.0,3.6,152.0,67.0,,,,,,
2024-05-22T21:00,50,Good,6.1,9.7,3.8,3.4,150.0,66.0,,,,,,
2024-05-22T22:00,50,Good,7.2,11.6,3.5,3.3,149.0,66.0,,,,,,
2024-05-22T23:00,49,Good,8.0,13.0,3.3,3.3,148.0,66.0,,,,,,
2024-05-23T00:00,49,Good,7.4,11.9,3.2,3.5,147.0,65.0,,,,,,
2024-05-23T01:00,48,Good,5.9,9.3,3.2,3.7,146.0,65.0,,,,,,
2024-05-23T02:00,48,Good,6.1,9.6,3.2,3.9,146.0,65.0,,,,,,
2024-05-23T03:00,48,Good,6.8,10.7,3.0,3.9,147.0,67.0,,,,,,
2024-05-23T04:00,47,Good,7.3,11.6,2.7,3.7,149.0,69.0,,,,,,
2024-05-23T05:00,47,Good,9.3,15.0,3.2,4.8,159.0,69.0,,,,,,
2024-05-23T06:00,47,Good,10.1,16.3,3.4,4.8,164.0,70.0,,,,,,
2024-05-23T07:00,48,Good,10.0,16.2,3.7,4.9,170.0,73.0,,,,,,
2024-05-23T08:00,48,Good,9.5,15.4,3.8,5.0,174.0,75.0,,,,,,
2024-05-23T09:00,48,Good,7.7,12.3,3.5,5.3,173.0,78.0,,,,,,
2024-05-23T10:00,48,Good,6.8,10.7,3.0,5.7,170.0,81.0,,,,,,
2024-05-23T11:00,47,Good,6.5,10.0,2.5,5.9,168.0,84.0,,,,,,
2024-05-23T12:00,46,Good,6.5,9.7,2.1,5.8,170.0,89.0,,,,,,
2024-05-23T13:00,45,Good,7.6,11.6,1.8,5.6,173.0,95.0,,,,,,
2024-05-23T14:00,45,Good,8.9,14.0,1.7,5.3,174.0,97.0,,,,,,
2024-05-23T15:00,45,Good,10.2,16.3,1.9,4.8,171.0,94.0,,,,,,
2024-05-23T16:00,45,Good,12.5,20.9,2.3,4.3,167.0,88.0,,,,,,
2024-05-23T17:00,46,Good,14.9,26.3,4.2,4.5,174.0,78.0,,,,,,
2024-05-23T18:00,47,Good,17.1,31.2,4.2,4.3,174.0,76.0,,,,,,
2024-05-23T19:00,48,Good,17.4,32.2,4.3,4.0,175.0,73.0,,,,,,
2024-05-23T20:00,50,Good,15.8,28.8,4.2,3.7,174.0,71.0,,,,,,
2024-05-23T21:00,51,Moderate,15.3,27.4,3.9,3.5,170.0,69.0,,,,,,
2024-05-23T22:00,51,Moderate,15.0,26.4,3.4,3.3,166.0,68.0,,,,,,
2024-05-23T23:00,52,Moderate,13.7,23.7,3.2,3.3,163.0,66.0,,,,,,
2024-05-24T00:00,53,Moderate,11.6,19.8,3.5,3.6,163.0,64.0,,,,,,
2024-05-24T01:00,53,Moderate,8.9,14.7,4.0,4.2,166.0,62.0,,,,,,
2024-05-24T02:00,53,Moderate,6.6,10.3,4.4,4.7,170.0,60.0,,,,,,
2024-05-24T03:00,53,Moderate,5.6,8.4,4.7,5.1,179.0,58.0,,,,,,
2024-05-24T04:00,53,Moderate,4.9,7.2,5.0,5.4,190.0,55.0,,,,,,
2024-05-24T05:00,53,Moderate,7.1,12.2,1.7,2.1,130.0,63.0,,,,,,
2024-05-24T06:00,53,Moderate,6.5,11.2,2.3,2.6,133.0,61.0,,,,,,
2024-05-24T07:00,52,Moderate,6.0,10.3,3.2,3.2,138.0,59.0,,,,,,
2024-05-24T08:00,52,Moderate,5.7,9.7,3.7,3.8,142.0,59.0,,,,,,
2024-05-24T09:00,52,Moderate,6.0,10.2,3.5,4.2,146.0,63.0,,,,,,
2024-05-24T10:00,52,Moderate,7.3,12.3,3.0,4.5,151.0,68.0,,,,,,
2024-05-24T11:00,52,Moderate,8.4,14.2,2.5,4.6,153.0,74.0,,,,,,
2024-05-24T12:00,52,Moderate,7.9,13.1,2.0,4.3,151.0,80.0,,,,,,
2024-05-24T13:00,52,Moderate,7.1,11.8,1.5,3.7,147.0,86.0,,,,,,
2024-05-24T14:00,52,Moderate,7.2,12.5,1.4,3.3,145.0,89.0,,,,,,
2024-05-24T15:00,52,Moderate,7.9,13.9,1.8,3.2,148.0,88.0,,,,,,
2024-05-24T16:00,52,Moderate,8.5,14.7,2.6,3.2,154.0,84.0,,,,,,
2024-05-24T17:00,51,Moderate,8.6,14.3,3.4,3.0,154.0,78.0,,,,,,
2024-05-24T18:00,51,Moderate,6.4,10.2,3.8,3.2,160.0,77.0,,,,,,
2024-05-24T19:00,50,Good,6.0,9.3,4.4,3.4,168.0,76.0,,,,,,
2024-05-24T20:00,47,Good,5.2,8.0,4.7,3.6,174.0,75.0,,,,,,
2024-05-24T21:00,45,Good,4.4,6.7,4.7,3.7,175.0,75.0,,,,,,
2024-05-24T22:00,42,Good,4.0,6.3,4.5,3.9,174.0,74.0,,,,,,
2024-05-24T23:00,40,Good,4.3,6.9,4.2,3.9,172.0,74.0,,,,,,
2024-05-25T00:00,38,Good,4.9,8.1,3.9,3.8,170.0,73.0,,,,,,
2024-05-25T01:00,36,Good,5.5,9.3,3.6,3.6,167.0,72.0,,,,,,
2024-05-25T02:00,35,Good,5.4,9.1,3.3,3.5,164.0,71.0,,,,,,
2024-05-25T03:00,35,Good,4.8,7.9,2.9,3.4,159.0,70.0,,,,,,
2024-05-25T04:00,35,Good,4.2,6.9,2.6,3.3,154.0,69.0,,,,,,
2024-05-25T05:00,35,Good,4.1,6.8,2.6,3.5,153.0,72.0,,,,,,
2024-05-25T06:00,34,Good,4.4,7.2,2.7,3.6,156.0,73.0,,,,,,
2024-05-25T07:00,33,Good,4.5,7.3,2.8,3.8,160.0,75.0,,,,,,
2024-05-25T08:00,33,Good,4.8,7.6,2.8,3.9,163.0,78.0,,,,,,
2024-05-25T09:00,34,Good,5.6,8.8,2.5,4.0,165.0,84.0,,,,,,
2024-05-25T10:00,34,Good,6.9,10.9,2.0,4.1,166.0,92.0,,,,,,
2024-05-25T11:00,36,Good,8.3,13.5,1.7,4.2,167.0,99.0,,,,,,
2024-05-25T12:00,37,Good,8.0,13.1,1.5,4.2,167.0,103.0,,,,,,
2024-05-25T13:00,39,Good,7.5,11.9,1.4,4.2,167.0,105.0,,,,,,
2024-05-25T14:00,41,Good,8.7,14.1,1.5,4.2,169.0,107.0,,,,,,
2024-05-25T15:00,43,Good,11.1,18.2,1.9,4.3,173.0,110.0,,,,,,
2024-05-25T16:00,45,Good,13.0,21.2,2.5,4.5,180.0,112.0,,,,,,
2024-05-25T17:00,47,Good,11.2,17.0,3.6,4.6,183.0,99.0,,,,,,
2024-05-25T18:00,48,Good,9.5,14.7,4.1,4.5,185.0,94.0,,,,,,
2024-05-25T19:00,48,Good,7.9,12.3,4.7,4.3,187.0,86.0,,,,,,
2024-05-25T20:00,47,Good,6.8,10.4,5.2,4.2,190.0,81.0,,,,,,
2024-05-25T21:00,46,Good,5.7,8.5,5.3,4.3,194.0,80.0,,,,,,
2024-05-25T22:00,45,Good,4.9,7.2,5.2,4.4,198.0,80.0,,,,,,
2024-05-25T23:00,43,Good,5.1,7.6,4.9,4.4,200.0,81.0,,,,,,
2024-05-26T00:00,41,Good,5.5,8.2,4.5,4.2,200.0,82.0,,,,,,
2024-05-26T01:00,40,Good,5.9,8.7,3.9,3.9,198.0,84.0,,,,,,
2024-05-26T02:00,39,Good,6.3,8.8,3.5,3.8,194.0,84.0,,,,,,
2024-05-26T03:00,38,Good,5.7,7.9,3.2,3.9,188.0,81.0,,,,,,
2024-05-26T04:00,38,Good,4.9,7.1,3.0,4.1,180.0,76.0,,,,,,
2024-05-26T05:00,38,Good,4.0,6.1,2.4,3.5,181.0,80.0,,,,,,
2024-05-26T06:00,38,Good,4.3,7.1,2.9,3.7,181.0,79.0,,,,,,
2024-05-26T07:00,38,Good,5.7,10.5,3.5,3.9,181.0,77.0,,,,,,
2024-05-26T08:00,39,Good,8.7,16.9,3.8,4.2,182.0,78.0,,,,,,
2024-05-26T09:00,40,Good,12.6,24.6,3.3,4.5,183.0,85.0,,,,,,
2024-05-26T10:00,41,Good,15.7,30.9,2.5,4.7,185.0,94.0,,,,,,
2024-05-26T11:00,43,Good,18.3,35.7,1.9,4.9,185.0,102.0,,,,,,
2024-05-26T12:00,46,Good,19.7,38.0,1.6,4.8,183.0,108.0,,,,,,
2024-05-26T13:00,48,Good,20.0,37.7,1.6,4.6,180.0,112.0,,,,,,
2024-05-26T14:00,50,Good,19.3,35.3,1.7,4.5,178.0,113.0,,,,,,
2024-05-26T15:00,51,Moderate,17.5,31.2,2.1,4.5,177.0,109.0,,,,,,
2024-05-26T16:00,52,Moderate,14.6,25.3,2.8,4.5,176.0,102.0,,,,,,
2024-05-26T17:00,52,Moderate,15.4,26.2,4.0,4.6,191.0,99.0,,,,,,
2024-05-26T18:00,52,Moderate,13.0,21.7,4.6,4.5,187.0,86.0,,,,,,
2024-05-26T19:00,52,Moderate,11.3,18.8,5.4,4.4,181.0,69.0,,,,,,
2024-05-26T20:00,53,Moderate,9.9,16.4,5.9,4.3,176.0,56.0,,,,,,
2024-05-26T21:00,53,Moderate,8.1,13.1,5.8,4.2,173.0,53.0,,,,,,
2024-05-26T22:00,53,Moderate,6.5,10.2,5.4,4.1,171.0,55.0,,,,,,
2024-05-26T23:00,53,Moderate,5.3,8.2,4.9,4.0,168.0,57.0,,,,,,
2024-05-27T00:00,53,Moderate,4.5,7.0,4.4,3.8,164.0,57.0,,,,,,
2024-05-27T01:00,53,Moderate,4.0,6.3,3.9,3.5,159.0,57.0,,,,,,
2024-05-27T02:00,53,Moderate,4.0,6.4,3.4,3.4,155.0,57.0,,,,,,
2024-05-27T03:00,53,Moderate,3.9,6.4,3.1,3.4,153.0,57.0,,,,,,
2024-05-27T04:00,53,Moderate,3.8,6.2,2.9,3.5,153.0,58.0,,,,,,
2024-05-27T05:00,53,Moderate,3.8,6.1,3.0,3.7,153.0,56.0,,,,,,
2024-05-27T06:00,53,Moderate,3.2,5.0,3.0,3.7,155.0,57.0,,,,,,
2024-05-27T07:00,53,Moderate,3.2,5.1,2.9,3.7,159.0,59.0,,,,,,
2024-05-27T08:00,52,Moderate,3.7,5.9,2.8,3.8,163.0,63.0,,,,,,
2024-05-27T09:00,52,Moderate,4.7,7.3,2.4,4.0,169.0,73.0,,,,,,
2024-05-27T10:00,51,Moderate,6.1,9.2,2.0,4.2,175.0,85.0,,,,,,
2024-05-27T11:00,51,Moderate,6.9,10.5,1.6,4.2,178.0,94.0,,,,,,
2024-05-27T12:00,49,Good,7.7,11.9,1.4,4.0,176.0,97.0,,,,,,
2024-05-27T13:00,46,Good,8.8,13.9,1.3,3.6,170.0,97.0,,,,,,
2024-05-27T14:00,44,Good,10.0,16.0,1.4,3.3,166.0,95.0,,,,,,
2024-05-27T15:00,42,Good,10.4,16.9,1.8,3.3,164.0,91.0,,,,,,
2024-05-27T16:00,40,Good,10.2,16.6,2.4,3.3,162.0,86.0,,,,,,
2024-05-27T17:00,42,Good,11.5,18.2,3.4,3.5,183.0,93.0,,,,,,
2024-05-27T18:00,43,Good,10.2,16.1,3.8,3.5,181.0,85.0,,,,,,
2024-05-27T19:00,43,Good,8.8,13.9,4.4,3.5,177.0,73.0,,,,,,
2024-05-27T20:00,42,Good,7.5,11.8,4.8,3.5,174.0,64.0,,,,,,
2024-05-27T21:00,40,Good,6.5,10.0,4.9,3.7,172.0,60.0,,,,,,
2024-05-27T22:00,38,Good,5.5,8.3,4.8,3.9,171.0,58.0,,,,,,
2024-05-27T23:00,36,Good,4.2,6.3,4.6,4.0,169.0,56.0,,,,,,
2024-05-28T00:00,35,Good,3.3,4.8,4.4,4.0,167.0,54.0,,,,,,
2024-05-28T01:00,35,Good,2.9,4.3,4.1,3.9,164.0,52.0,,,,,,
2024-05-28T02:00,35,Good,3.1,4.7,3.8,3.9,160.0,51.0,,,,,,
2024-05-28T03:00,35,Good,3.4,5.1,3.5,3.9,154.0,50.0,,,,,,
2024-05-28T04:00,35,Good,3.4,5.2,3.3,3.9,147.0,49.0,,,,,,
2024-05-28T05:00,34,Good,3.8,6.0,2.8,3.6,139.0,50.0,,,,,,
2024-05-28T06:00,34,Good,3.7,6.0,2.8,3.8,142.0,51.0,,,,,,
2024-05-28T07:00,35,Good,3.7,5.9,2.8,4.0,147.0,53.0,,,,,,
2024-05-28T08:00,35,Good,3.7,5.8,2.7,4.2,150.0,57.0,,,,,,
2024-05-28T09:00,35,Good,4.2,6.4,2.3,4.3,149.0,64.0,,,,,,
2024-05-28T10:00,35,Good,4.7,6.9,1.9,4.4,147.0,72.0,,,,,,
2024-05-28T11:00,34,Good,4.9,7.1,1.5,4.3,144.0,78.0,,,,,,
2024-05-28T12:00,34,Good,4.7,6.9,1.3,4.0,139.0,81.0,,,,,,
2024-05-28T13:00,33,Good,4.6,6.9,1.2,3.6,134.0,81.0,,,,,,
2024-05-28T14:00,32,Good,4.4,6.7,1.3,3.4,132.0,81.0,,,,,,
2024-05-28T15:00,33,Good,4.3,6.4,1.8,3.5,136.0,81.0,,,,,,
2024-05-28T16:00,34,Good,4.4,6.5,2.6,3.7,143.0,81.0,,,,,,
2024-05-28T17:00,36,Good,5.5,7.7,3.6,3.7,157.0,82.0,,,,,,
2024-05-28T18:00,37,Good,5.5,7.9,4.3,4.0,157.0,73.0,,,,,,
2024-05-28T19:00,37,Good,5.3,8.0,5.3,4.4,156.0,60.0,,,,,,
2024-05-28T20:00,36,Good,4.8,7.2,5.9,4.7,155.0,50.0,,,,,,
2024-05-28T21:00,34,Good,4.5,6.9,5.9,4.9,154.0,46.0,,,,,,
2024-05-28T22:00,32,Good,4.5,6.9,5.6,5.1,152.0,46.0,,,,,,
2024-05-28T23:00,30,Good,4.7,7.2,5.3,5.2,151.0,46.0,,,,,,
2024-05-29T00:00,28,Good,4.8,7.5,5.1,5.3,149.0,46.0,,,,,,
2024-05-29T01:00,26,Good,5.0,7.9,4.9,5.4,147.0,46.0,,,,,,
2024-05-29T02:00,24,Good,5.2,8.1,4.7,5.5,146.0,46.0,,,,,,
2024-05-29T03:00,25,Good,5.3,8.4,4.5,5.6,146.0,45.0,,,,,,
2024-05-29T04:00,25,Good,5.1,8.1,4.3,5.7,146.0,44.0,,,,,,
2024-05-29T05:00,26,Good,5.3,8.4,3.7,4.9,147.0,46.0,,,,,,
2024-05-29T06:00,26,Good,4.9,7.7,3.7,5.2,146.0,46.0,,,,,,
2024-05-29T07:00,26,Good,4.7,7.4,3.7,5.6,145.0,46.0,,,,,,
2024-05-29T08:00,27,Good,5.0,7.7,3.5,5.8,144.0,50.0,,,,,,
2024-05-29T09:00,27,Good,6.1,9.4,3.0,5.8,145.0,61.0,,,,,,
2024-05-29T10:00,27,Good,7.9,11.9,2.3,5.7,148.0,76.0,,,,,,
2024-05-29T11:00,28,Good,8.6,12.8,1.8,5.5,148.0,87.0,,,,,,
2024-05-29T12:00,29,Good,7.9,11.8,1.5,5.0,145.0,92.0,,,,,,
2024-05-29T13:00,30,Good,7.1,10.8,1.4,4.3,140.0,94.0,,,,,,
2024-05-29T14:00,32,Good,6.6,10.3,1.6,3.8,136.0,93.0,,,,,,
2024-05-29T15:00,35,Good,6.7,11.0,2.1,3.7,134.0,89.0,,,,,,
2024-05-29T16:00,37,Good,6.7,11.0,2.9,3.8,133.0,83.0,,,,,,
2024-05-29T17:00,39,Good,5.6,8.5,3.3,3.8,123.0,72.0,,,,,,
2024-05-29T18:00,40,Good,3.4,5.1,3.7,3.8,125.0,66.0,,,,,,
2024-05-29T19:00,39,Good,2.6,3.8,4.3,3.7,128.0,58.0,,,,,,
2024-05-29T20:00,38,Good,2.3,3.4,4.7,3.7,129.0,51.0,,,,,,
2024-05-29T21:00,35,Good,2.0,2.9,4.6,3.8,128.0,48.0,,,,,,
2024-05-29T22:00,32,Good,1.8,2.6,4.4,3.9,127.0,47.0,,,,,,
2024-05-29T23:00,30,Good,1.8,2.6,4.1,4.1,125.0,47.0,,,,,,
2024-05-30T00:00,28,Good,2.0,2.9,4.0,4.2,124.0,46.0,,,,,,
2024-05-30T01:00,28,Good,2.2,3.3,3.9,4.4,122.0,46.0,,,,,,
2024-05-30T02:00,27,Good,2.4,3.6,3.8,4.6,121.0,46.0,,,,,,
2024-05-30T03:00,26,Good,2.6,3.9,3.8,5.0,120.0,45.0,,,,,,
2024-05-30T04:00,26,Good,2.5,3.7,3.9,5.4,119.0,44.0,,,,,,
2024-05-30T05:00,25,Good,2.5,3.7,3.3,4.7,115.0,45.0,,,,,,
2024-05-30T06:00,25,Good,2.3,3.3,3.3,4.9,117.0,45.0,,,,,,
2024-05-30T07:00,24,Good,2.3,3.3,3.2,5.2,120.0,45.0,,,,,,
2024-05-30T08:00,23,Good,3.0,4.3,3.0,5.5,123.0,49.0,,,,,,
2024-05-30T09:00,23,Good,4.6,6.7,2.6,5.9,128.0,60.0,,,,,,
2024-05-30T10:00,23,Good,6.5,9.5,2.2,6.2,133.0,74.0,,,,,,
2024-05-30T11:00,24,Good,7.8,11.3,1.8,6.3,138.0,86.0,,,,,,
2024-05-30T12:00,26,Good,7.9,11.6,1.5,5.9,142.0,95.0,,,,,,
2024-05-30T13:00,29,Good,7.9,11.8,1.4,5.2,145.0,101.0,,,,,,
2024-05-30T14:00,32,Good,8.4,12.7,1.7,4.7,151.0,106.0,,,,,,
2024-05-30T15:00,36,Good,9.3,14.1,2.7,4.4,163.0,110.0,,,,,,
2024-05-30T16:00,39,Good,10.2,15.5,4.2,4.3,178.0,111.0,,,,,,
2024-05-30T17:00,43,Good,14.4,22.8,5.5,5.5,180.0,105.0,,,,,,
2024-05-30T18:00,46,Good,10.9,16.9,5.5,5.2,173.0,91.0,,,,,,
2024-05-30T19:00,47,Good,7.1,10.9,5.6,4.8,164.0,71.0,,,,,,
2024-05-30T20:00,46,Good,4.4,6.6,5.5,4.5,156.0,56.0,,,,,,
2024-05-30T21:00,44,Good,3.1,4.5,5.3,4.4,150.0,50.0,,,,,,
2024-05-30T22:00,41,Good,2.4,3.4,5.0,4.4,146.0,48.0,,,,,,
2024-05-30T23:00,37,Good,2.0,2.9,4.8,4.4,143.0,46.0,,,,,,
2024-05-31T00:00,34,Good,1.8,2.6,4.7,4.4,143.0,44.0,,,,,,
2024-05-31T01:00,30,Good,1.7,2.5,4.6,4.4,145.0,42.0,,,,,,
2024-05-31T02:00,30,Good,1.9,2.7,4.5,4.4,146.0,41.0,,,,,,
2024-05-31T03:00,30,Good,1.9,2.7,4.3,4.5,146.0,40.0,,,,,,
2024-05-31T04:00,29,Good,1.9,2.8,4.1,4.6,145.0,38.0,,,,,,
2024-05-31T05:00,29,Good,4.8,7.6,5.3,5.7,185.0,36.0,,,,,,
2024-05-31T06:00,30,Good,4.8,7.5,4.9,6.1,189.0,42.0,,,,,,
2024-05-31T07:00,30,Good,5.4,8.2,4.4,6.7,194.0,51.0,,,,,,
2024-05-31T08:00,31,Good,6.3,9.3,3.8,7.3,197.0,62.0,,,,,,
2024-05-31T09:00,32,Good,7.7,11.3,3.2,8.0,195.0,79.0,,,,,,
2024-05-31T10:00,33,Good,10.2,14.8,2.5,8.8,191.0,98.0,,,,,,
2024-05-31T11:00,33,Good,12.8,18.9,2.0,8.9,186.0,113.0,,,,,,
2024-05-31T12:00,35,Good,14.1,21.1,1.6,7.9,182.0,121.0,,,,,,
2024-05-31T13:00,36,Good,14.5,22.2,1.2,6.3,177.0,125.0,,,,,,
2024-05-31T14:00,40,Good,13.3,21.1,1.1,4.9,172.0,126.0,,,,,,
2024-05-31T15:00,45,Good,11.6,19.3,1.2,3.7,165.0,122.0,,,,,,
2024-05-31T16:00,49,Good,10.1,17.8,1.5,2.7,158.0,115.0,,,,,,
2024-05-31T17:00,58,Moderate,13.2,24.7,2.9,1.6,162.0,100.0,,,,,,
2024-05-31T18:00,62,Moderate,13.1,24.0,3.8,2.6,168.0,94.0,,,,,,
2024-05-31T19:00,61,Moderate,14.4,25.1,5.0,4.1,176.0,84.0,,,,,,
2024-05-31T20:00,55,Moderate,17.3,30.5,5.8,5.2,182.0,76.0,,,,,,
2024-05-31T21:00,49,Good,18.3,31.4,5.9,5.6,186.0,70.0,,,,,,
2024-05-31T22:00,48,Good,16.5,28.2,5.7,5.6,188.0,64.0,,,,,,
2024-05-31T23:00,50,Good,13.8,23.5,5.5,5.7,187.0,59.0,,,,,,
2024-06-01T00:00,51,Moderate,10.9,18.2,5.3,5.9,182.0,55.0,,,,,,
2024-06-01T01:00,52,Moderate,9.0,14.9,5.2,6.1,175.0,52.0,,,,,,
2024-06-01T02:00,52,Moderate,7.8,12.9,5.0,6.3,168.0,50.0,,,,,,
2024-06-01T03:00,53,Moderate,6.5,10.8,4.9,6.4,162.0,48.0,,,,,,
2024-06-01T04:00,53,Moderate,5.4,9.1,4.8,6.6,157.0,46.0,,,,,,
2024-06-01T05:00,54,Moderate,10.5,16.9,6.1,6.6,205.0,42.0,,,,,,
2024-06-01T06:00,54,Moderate,7.2,11.4,5.9,7.1,199.0,45.0,,,,,,
2024-06-01T07:00,54,Moderate,6.0,9.3,5.5,7.7,191.0,49.0,,,,,,
2024-06-01T08:00,54,Moderate,6.3,9.9,5.0,8.2,182.0,55.0,,,,,,
2024-06-01T09:00,54,Moderate,7.6,12.8,4.2,8.3,172.0,63.0,,,,,,
2024-06-01T10:00,54,Moderate,7.2,13.0,3.3,8.2,162.0,72.0,,,,,,
2024-06-01T11:00,54,Moderate,8.3,15.3,2.6,8.3,156.0,81.0,,,,,,
2024-06-01T12:00,54,Moderate,9.3,17.4,2.2,8.6,157.0,92.0,,,,,,
2024-06-01T13:00,53,Moderate,10.4,19.7,2.1,9.0,163.0,103.0,,,,,,
2024-06-01T14:00,53,Moderate,13.4,24.4,2.4,9.7,169.0,111.0,,,,,,
2024-06-01T15:00,53,Moderate,15.7,26.5,3.2,10.9,176.0,114.0,,,,,,
2024-06-01T16:00,53,Moderate,16.5,27.1,4.4,12.3,183.0,113.0,,,,,,
2024-06-01T17:00,54,Moderate,21.4,41.0,1.7,5.1,173.0,123.0,,,,,,
2024-06-01T18:00,54,Moderate,20.8,40.0,2.2,4.7,173.0,118.0,,,,,,
2024-06-01T19:00,55,Moderate,19.3,36.7,2.9,4.1,175.0,109.0,,,,,,
2024-06-01T20:00,55,Moderate,17.4,31.8,3.8,4.0,178.0,100.0,,,,,,
2024-06-01T21:00,56,Moderate,15.1,26.8,4.9,4.7,186.0,88.0,,,,,,
2024-06-01T22:00,55,Moderate,14.8,24.8,6.2,5.8,196.0,75.0,,,,,,
2024-06-01T23:00,55,Moderate,14.0,22.6,7.1,6.6,205.0,64.0,,,,,,
2024-06-02T00:00,55,Moderate,13.0,20.3,7.5,6.9,210.0,55.0,,,,,,
2024-06-02T01:00,55,Moderate,11.9,18.5,7.5,6.9,214.0,48.0,,,,,,
2024-06-02T02:00,55,Moderate,11.8,18.4,7.4,7.0,216.0,43.0,,,,,,
2024-06-02T03:00,56,Moderate,12.2,19.2,7.2,7.1,216.0,40.0,,,,,,
2024-06-02T04:00,56,Moderate,12.5,19.7,6.8,7.3,215.0,40.0,,,,,,
2024-06-02T05:00,57,Moderate,19.2,32.2,5.9,6.8,233.0,61.0,,,,,,
2024-06-02T06:00,57,Moderate,18.0,30.2,5.6,7.3,233.0,63.0,,,,,,
2024-06-02T07:00,58,Moderate,17.6,29.3,5.1,8.1,233.0,67.0,,,,,,
2024-06-02T08:00,59,Moderate,17.9,29.5,4.5,9.1,232.0,76.0,,,,,,
2024-06-02T09:00,60,Moderate,19.6,31.5,3.9,11.0,231.0,97.0,,,,,,
2024-06-02T10:00,61,Moderate,21.7,34.8,3.2,13.1,229.0,122.0,,,,,,
2024-06-02T11:00,62,Moderate,21.8,36.4,2.6,13.9,222.0,138.0,,,,,,
2024-06-02T12:00,63,Moderate,21.8,37.7,2.1,12.0,204.0,135.0,,,,,,
2024-06-02T13:00,64,Moderate,17.2,31.4,1.7,8.8,181.0,121.0,,,,,,
2024-06-02T14:00,65,Moderate,13.2,24.6,1.7,6.4,166.0,109.0,,,,,,
2024-06-02T15:00,65,Moderate,12.3,21.4,2.3,6.0,164.0,103.0,,,,,,
2024-06-02T16:00,65,Moderate,13.2,22.6,3.3,6.4,170.0,99.0,,,,,,
2024-06-02T17:00,64,Moderate,14.8,25.4,6.0,5.7,183.0,94.0,,,,,,
2024-06-02T18:00,64,Moderate,12.7,21.8,6.3,5.9,182.0,86.0,,,,,,
2024-06-02T19:00,63,Moderate,11.4,19.4,6.7,6.1,180.0,74.0,,,,,,
2024-06-02T20:00,63,Moderate,9.7,16.9,7.0,6.3,178.0,64.0,,,,,,
2024-06-02T21:00,62,Moderate,9.1,16.4,7.1,6.3,175.0,56.0,,,,,,
2024-06-02T22:00,61,Moderate,8.8,16.2,7.1,6.3,172.0,48.0,,,,,,
2024-06-02T23:00,61,Moderate,8.3,15.7,7.1,6.3,170.0,43.0,,,,,,
2024-06-03T00:00,61,Moderate,8.0,15.1,7.1,6.5,172.0,40.0,,,,,,
2024-06-03T01:00,60,Moderate,7.7,14.4,7.0,6.8,176.0,39.0,,,,,,
2024-06-03T02:00,60,Moderate,7.4,13.9,6.7,6.8,175.0,39.0,,,,,,
2024-06-03T03:00,59,Moderate,6.7,13.3,5.8,6.3,165.0,39.0,,,,,,
2024-06-03T04:00,59,Moderate,8.1,17.9,4.7,5.6,150.0,40.0,,,,,,
2024-06-03T05:00,59,Moderate,12.0,20.0,5.3,8.0,199.0,54.0,,,,,,
2024-06-03T06:00,58,Moderate,9.3,15.6,4.8,7.8,187.0,53.0,,,,,,
2024-06-03T07:00,57,Moderate,6.8,11.8,4.2,7.4,171.0,53.0,,,,,,
2024-06-03T08:00,57,Moderate,6.7,12.5,3.5,7.2,159.0,56.0,,,,,,
2024-06-03T09:00,56,Moderate,8.1,15.4,2.9,7.2,157.0,65.0,,,,,,
2024-06-03T10:00,55,Moderate,9.3,18.1,2.4,7.3,160.0,77.0,,,,,,
2024-06-03T11:00,54,Moderate,10.0,20.2,1.9,7.2,161.0,87.0,,,,,,
2024-06-03T12:00,53,Moderate,11.1,22.3,1.6,6.5,159.0,93.0,,,,,,
2024-06-03T13:00,52,Moderate,11.7,23.5,1.3,5.6,155.0,97.0,,,,,,
2024-06-03T14:00,52,Moderate,11.6,23.8,1.3,4.8,152.0,99.0,,,,,,
2024-06-03T15:00,51,Moderate,11.9,24.2,1.4,4.2,149.0,98.0,,,,,,
2024-06-03T16:00,51,Moderate,12.0,24.3,1.7,3.7,147.0,95.0,,,,,,
2024-06-03T17:00,51,Moderate,15.3,31.2,2.8,6.5,154.0,100.0,,,,,,
2024-06-03T18:00,51,Moderate,15.5,31.5,3.2,6.5,156.0,94.0,,,,,,
2024-06-03T19:00,52,Moderate,14.7,29.4,3.9,6.4,158.0,86.0,,,,,,
2024-06-03T20:00,52,Moderate,13.8,27.2,4.5,6.4,160.0,78.0,,,,,,
2024-06-03T21:00,52,Moderate,13.2,25.1,5.0,6.4,162.0,70.0,,,,,,
2024-06-03T22:00,53,Moderate,12.7,23.3,5.6,6.5,165.0,63.0,,,,,,
2024-06-03T23:00,53,Moderate,12.0,21.7,6.0,6.6,167.0,56.0,,,,,,
2024-06-04T00:00,53,Moderate,11.8,20.8,6.4,6.9,170.0,51.0,,,,,,
2024-06-04T01:00,53,Moderate,11.2,19.7,6.7,7.3,173.0,46.0,,,,,,
2024-06-04T02:00,54,Moderate,10.5,18.9,6.7,7.4,172.0,43.0,,,,,,
2024-06-04T03:00,54,Moderate,9.9,18.5,6.2,6.9,164.0,42.0,,,,,,
2024-06-04T04:00,54,Moderate,9.3,18.2,5.4,6.2,152.0,41.0,,,,,,
2024-06-04T05:00,54,Moderate,8.5,17.8,4.1,4.7,135.0,44.0,,,,,,
2024-06-04T06:00,54,Moderate,8.1,17.7,3.8,4.6,132.0,44.0,,,,,,
2024-06-04T07:00,54,Moderate,7.8,17.4,3.4,4.4,128.0,45.0,,,,,,
2024-06-04T08:00,54,Moderate,7.3,16.5,3.0,4.3,125.0,48.0,,,,,,
2024-06-04T09:00,54,Moderate,7.0,15.7,2.5,4.5,125.0,54.0,,,,,,
2024-06-04T10:00,54,Moderate,7.2,15.9,2.0,4.7,127.0,61.0,,,,,,
2024-06-04T11:00,54,Moderate,7.8,17.1,1.6,4.8,128.0,67.0,,,,,,
2024-06-04T12:00,54,Moderate,8.4,18.5,1.3,4.5,126.0,72.0,,,,,,
2024-06-04T13:00,53,Moderate,9.0,20.0,1.1,4.0,124.0,76.0,,,,,,
2024-06-04T14:00,53,Moderate,9.5,21.7,1.1,3.7,122.0,78.0,,,,,,
2024-06-04T15:00,53,Moderate,10.7,24.3,1.4,3.6,121.0,78.0,,,,,,
2024-06-04T16:00,53,Moderate,9.8,22.8,1.8,3.7,121.0,76.0,,,,,,
2024-06-04T17:00,53,Moderate,13.8,32.2,1.9,2.7,116.0,72.0,,,,,,
2024-06-04T18:00,53,Moderate,13.2,31.2,2.5,3.0,117.0,68.0,,,,,,
2024-06-04T19:00,52,Moderate,12.5,29.7,3.3,3.4,119.0,63.0,,,,,,
2024-06-04T20:00,52,Moderate,12.4,29.3,4.0,3.8,121.0,59.0,,,,,,
2024-06-04T21:00,52,Moderate,12.0,28.4,4.3,4.1,123.0,56.0,,,,,,
2024-06-04T22:00,52,Moderate,11.5,27.1,4.5,4.2,124.0,54.0,,,,,,
2024-06-04T23:00,52,Moderate,11.1,25.8,4.5,4.4,125.0,52.0,,,,,,
2024-06-05T00:00,52,Moderate,10.5,24.5,4.4,4.5,124.0,50.0,,,,,,
2024-06-05T01:00,52,Moderate,10.0,23.7,4.3,4.6,122.0,49.0,,,,,,
2024-06-05T02:00,52,Moderate,9.7,23.2,4.1,4.6,120.0,48.0,,,,,,
2024-06-05T03:00,52,Moderate,9.5,22.6,3.9,4.5,119.0,47.0,,,,,,
2024-06-05T04:00,52,Moderate,8.9,21.1,3.8,4.3,117.0,46.0,,,,,,
2024-06-05T05:00,52,Moderate,10.2,23.9,3.8,4.6,121.0,44.0,,,,,,
2024-06-05T06:00,52,Moderate,9.8,23.5,3.7,4.7,120.0,45.0,,,,,,
2024-06-05T07:00,52,Moderate,9.4,22.9,3.6,4.9,119.0,45.0,,,,,,
2024-06-05T08:00,52,Moderate,9.6,23.1,3.4,5.0,119.0,48.0,,,,,,
2024-06-05T09:00,52,Moderate,9.1,21.3,2.9,5.1,120.0,54.0,,,,,,
2024-06-05T10:00,52,Moderate,9.1,20.8,2.3,5.2,122.0,61.0,,,,,,
2024-06-05T11:00,52,Moderate,10.2,22.6,1.8,5.0,123.0,66.0,,,,,,
2024-06-05T12:00,53,Moderate,9.5,20.7,1.5,4.3,121.0,68.0,,,,,,
2024-06-05T13:00,53,Moderate,9.1,20.0,1.2,3.4,117.0,69.0,,,,,,
2024-06-05T14:00,53,Moderate,8.8,19.6,1.2,2.8,115.0,69.0,,,,,,
2024-06-05T15:00,53,Moderate,8.6,19.3,1.5,2.9,115.0,67.0,,,,,,
2024-06-05T16:00,53,Moderate,7.7,16.6,2.1,3.3,115.0,65.0,,,,,,
2024-06-05T17:00,52,Moderate,10.0,23.6,2.0,2.5,109.0,61.0,,,,,,
2024-06-05T18:00,52,Moderate,9.3,20.9,2.4,2.7,110.0,58.0,,,,,,
2024-06-05T19:00,52,Moderate,8.9,19.8,3.0,3.0,111.0,54.0,,,,,,
2024-06-05T20:00,51,Moderate,8.9,19.8,3.4,3.3,112.0,51.0,,,,,,
2024-06-05T21:00,51,Moderate,8.4,18.6,3.5,3.4,112.0,48.0,,,,,,
2024-06-05T22:00,51,Moderate,8.2,18.0,3.4,3.5,111.0,46.0,,,,,,
2024-06-05T23:00,51,Moderate,7.8,16.9,3.4,3.5,110.0,44.0,,,,,,
2024-06-06T00:00,50,Good,7.4,15.8,3.5,3.6,110.0,43.0,,,,,,
2024-06-06T01:00,50,Good,6.8,14.3,3.5,3.6,110.0,41.0,,,,,,
2024-06-06T02:00,50,Good,6.0,12.0,3.5,3.7,109.0,41.0,,,,,,
2024-06-06T03:00,49,Good,4.9,9.5,3.3,3.7,108.0,41.0,,,,,,
2024-06-06T04:00,48,Good,4.0,7.6,3.1,3.7,106.0,42.0,,,,,,
2024-06-06T05:00,47,Good,2.4,3.8,2.7,3.6,103.0,46.0,,,,,,
2024-06-06T06:00,45,Good,1.9,3.0,2.6,3.5,103.0,46.0,,,,,,
2024-06-06T07:00,43,Good,1.8,3.0,2.5,3.4,102.0,46.0,,,,,,
2024-06-06T08:00,41,Good,3.0,5.3,2.3,3.4,102.0,47.0,,,,,,
2024-06-06T09:00,40,Good,3.8,6.7,2.0,3.6,103.0,51.0,,,,,,
2024-06-06T10:00,39,Good,4.5,7.8,1.7,4.0,104.0,57.0,,,,,,
2024-06-06T11:00,37,Good,4.9,8.6,1.4,4.0,104.0,61.0,,,,,,
2024-06-06T12:00,36,Good,5.6,10.1,1.1,3.4,101.0,62.0,,,,,,
2024-06-06T13:00,35,Good,5.7,11.3,1.0,2.5,98.0,62.0,,,,,,
2024-06-06T14:00,35,Good,6.3,12.8,1.0,2.0,96.0,61.0,,,,,,
2024-06-06T15:00,34,Good,6.6,13.6,1.4,2.5,98.0,61.0,,,,,,
2024-06-06T16:00,34,Good,5.7,11.6,2.1,3.4,101.0,60.0,,,,,,
2024-06-06T17:00,33,Good,6.4,11.9,2.1,3.4,103.0,59.0,,,,,,
2024-06-06T18:00,32,Good,5.8,11.2,2.6,3.6,104.0,55.0,,,,,,
2024-06-06T19:00,31,Good,5.7,11.4,3.4,3.8,106.0,49.0,,,,,,
2024-06-06T20:00,31,Good,5.7,11.7,3.9,3.9,107.0,45.0,,,,,,
2024-06-06T21:00,30,Good,6.0,12.7,4.0,3.9,107.0,43.0,,,,,,
2024-06-06T22:00,29,Good,6.3,13.7,3.8,3.8,107.0,42.0,,,,,,
2024-06-06T23:00,29,Good,6.2,13.4,3.7,3.7,107.0,41.0,,,,,,
2024-06-07T00:00,29,Good,5.9,12.6,3.6,3.6,107.0,40.0,,,,,,
2024-06-07T01:00,28,Good,6.1,12.7,3.6,3.5,107.0,40.0,,,,,,
2024-06-07T02:00,28,Good,5.7,11.8,3.4,3.4,107.0,39.0,,,,,,
2024-06-07T03:00,28,Good,5.2,11.1,3.0,3.2,105.0,39.0,,,,,,
2024-06-07T04:00,28,Good,5.1,10.8,2.6,2.9,102.0,38.0,,,,,,
2024-06-07T05:00,28,Good,5.1,10.4,2.6,3.4,102.0,43.0,,,,,,
2024-06-07T06:00,29,Good,5.8,11.9,2.8,3.4,104.0,42.0,,,,,,
2024-06-07T07:00,30,Good,5.9,12.4,3.1,3.5,107.0,40.0,,,,,,
2024-06-07T08:00,31,Good,6.0,12.6,3.2,3.6,109.0,40.0,,,,,,
2024-06-07T09:00,31,Good,6.2,13.0,3.0,3.8,111.0,42.0,,,,,,
2024-06-07T10:00,32,Good,6.4,13.2,2.6,4.0,112.0,45.0,,,,,,
2024-06-07T11:00,32,Good,6.6,13.8,2.2,4.1,113.0,48.0,,,,,,
2024-06-07T12:00,33,Good,6.8,14.8,1.9,3.9,113.0,52.0,,,,,,
2024-06-07T13:00,33,Good,7.0,15.5,1.5,3.5,112.0,56.0,,,,,,
2024-06-07T14:00,33,Good,7.0,15.5,1.4,3.2,111.0,58.0,,,,,,
2024-06-07T15:00,34,Good,7.1,15.6,1.6,3.2,111.0,58.0,,,,,,
2024-06-07T16:00,34,Good,7.1,15.7,1.9,3.3,112.0,57.0,,,,,,
2024-06-07T17:00,34,Good,11.3,24.9,2.1,3.1,108.0,55.0,,,,,,
2024-06-07T18:00,35,Good,11.6,25.9,2.5,3.1,109.0,52.0,,,,,,
2024-06-07T19:00,37,Good,11.8,25.8,3.0,3.1,111.0,48.0,,,,,,
2024-06-07T20:00,38,Good,12.0,26.4,3.4,3.1,112.0,45.0,,,,,,
2024-06-07T21:00,39,Good,11.8,25.8,3.5,3.1,112.0,43.0,,,,,,
2024-06-07T22:00,41,Good,10.4,22.2,3.4,3.0,113.0,42.0,,,,,,
2024-06-07T23:00,42,Good,9.6,20.4,3.2,3.0,112.0,41.0,,,,,,
2024-06-08T00:00,42,Good,9.1,19.1,3.0,2.9,111.0,40.0,,,,,,
2024-06-08T01:00,43,Good,9.0,18.5,2.8,2.8,109.0,39.0,,,,,,
2024-06-08T02:00,44,Good,8.1,16.5,2.6,2.8,107.0,38.0,,,,,,
2024-06-08T03:00,44,Good,6.9,14.0,2.4,2.8,105.0,37.0,,,,,,
2024-06-08T04:00,45,Good,6.0,12.0,2.3,2.8,104.0,37.0,,,,,,
2024-06-08T05:00,45,Good,7.2,14.3,2.3,3.1,102.0,37.0,,,,,,
2024-06-08T06:00,46,Good,6.5,12.6,2.4,3.1,103.0,37.0,,,,,,
2024-06-08T07:00,46,Good,6.2,11.8,2.5,3.2,106.0,38.0,,,,,,
2024-06-08T08:00,46,Good,6.5,12.2,2.6,3.3,108.0,39.0,,,,,,
2024-06-08T09:00,46,Good,7.0,13.1,2.6,3.7,111.0,41.0,,,,,,
2024-06-08T10:00,46,Good,6.8,12.5,2.5,4.2,115.0,44.0,,,,,,
2024-06-08T11:00,46,Good,6.5,11.6,2.3,4.4,117.0,47.0,,,,,,
2024-06-08T12:00,46,Good,6.9,12.7,1.9,4.1,116.0,51.0,,,,,,
2024-06-08T13:00,46,Good,7.2,14.0,1.4,3.6,114.0,56.0,,,,,,
2024-06-08T14:00,46,Good,7.5,14.5,1.2,3.2,112.0,59.0,,,,,,
2024-06-08T15:00,46,Good,6.9,12.8,1.4,3.0,112.0,58.0,,,,,,
2024-06-08T16:00,46,Good,6.3,11.2,1.8,3.0,113.0,56.0,,,,,,
2024-06-08T17:00,46,Good,9.8,18.8,2.4,3.1,119.0,52.0,,,,,,
2024-06-08T18:00,46,Good,8.4,15.8,2.9,3.2,120.0,49.0,,,,,,
2024-06-08T19:00,45,Good,7.8,14.1,3.6,3.4,123.0,45.0,,,,,,
2024-06-08T20:00,44,Good,6.9,12.2,4.1,3.5,124.0,42.0,,,,,,
2024-06-08T21:00,43,Good,6.8,11.8,4.2,3.6,124.0,41.0,,,,,,
2024-06-08T22:00,42,Good,6.8,11.8,4.1,3.6,124.0,40.0,,,,,,
2024-06-08T23:00,41,Good,7.2,12.5,3.9,3.6,124.0,40.0,,,,,,
2024-06-09T00:00,40,Good,7.0,12.3,3.7,3.5,123.0,40.0,,,,,,
2024-06-09T01:00,40,Good,6.3,11.2,3.3,3.4,122.0,39.0,,,,,,
2024-06-09T02:00,39,Good,6.1,11.4,3.1,3.3,121.0,39.0,,,,,,
2024-06-09T03:00,39,Good,6.1,11.8,3.0,3.3,120.0,39.0,,,,,,
2024-06-09T04:00,39,Good,5.9,11.5,3.0,3.4,120.0,38.0,,,,,,
2024-06-09T05:00,39,Good,6.0,12.1,2.4,3.0,117.0,42.0,,,,,,
2024-06-09T06:00,38,Good,5.8,11.8,2.5,3.3,119.0,42.0,,,,,,
2024-06-09T07:00,38,Good,6.0,12.0,2.6,3.8,122.0,41.0,,,,,,
2024-06-09T08:00,38,Good,6.2,12.5,2.6,4.2,125.0,43.0,,,,,,
2024-06-09T09:00,38,Good,6.2,12.2,2.3,4.5,127.0,49.0,,,,,,
2024-06-09T10:00,38,Good,6.4,12.3,1.9,4.6,129.0,57.0,,,,,,
2024-06-09T11:00,38,Good,6.8,13.1,1.5,4.6,130.0,64.0,,,,,,
2024-06-09T12:00,38,Good,6.9,13.5,1.3,4.2,129.0,68.0,,,,,,
2024-06-09T13:00,38,Good,6.8,13.3,1.1,3.6,127.0,71.0,,,,,,
2024-06-09T14:00,38,Good,6.9,13.7,1.1,3.2,125.0,71.0,,,,,,
2024-06-09T15:00,38,Good,6.8,14.1,1.3,3.0,124.0,69.0,,,,,,
2024-06-09T16:00,38,Good,6.7,14.2,1.7,3.0,123.0,65.0,,,,,,
2024-06-09T17:00,38,Good,8.9,18.2,3.5,3.2,128.0,55.0,,,,,,
2024-06-09T18:00,37,Good,8.7,17.5,4.1,3.5,131.0,51.0,,,,,,
2024-06-09T19:00,37,Good,8.8,17.4,4.8,3.8,134.0,45.0,,,,,,
2024-06-09T20:00,38,Good,9.1,18.0,5.4,4.2,137.0,41.0,,,,,,
2024-06-09T21:00,38,Good,8.8,17.3,5.7,4.5,139.0,39.0,,,,,,
2024-06-09T22:00,39,Good,8.1,15.6,5.7,4.8,140.0,38.0,,,,,,
2024-06-09T23:00,39,Good,7.1,13.1,5.7,5.0,140.0,38.0,,,,,,
2024-06-10T00:00,39,Good,5.7,10.3,5.5,5.1,139.0,38.0,,,,,,
2024-06-10T01:00,39,Good,4.9,8.6,5.2,5.2,136.0,39.0,,,,,,
2024-06-10T02:00,38,Good,4.7,8.1,4.9,5.1,133.0,40.0,,,,,,
2024-06-10T03:00,38,Good,4.9,8.8,4.5,4.9,128.0,40.0,,,,,,
2024-06-10T04:00,38,Good,5.7,10.6,4.1,4.6,122.0,40.0,,,,,,
2024-06-10T05:00,38,Good,5.6,10.4,3.8,4.6,120.0,40.0,,,,,,
2024-06-10T06:00,38,Good,5.5,10.1,3.6,4.7,119.0,41.0,,,,,,
2024-06-10T07:00,38,Good,5.5,10.0,3.3,4.9,119.0,42.0,,,,,,
2024-06-10T08:00,37,Good,6.2,11.2,2.9,5.0,119.0,46.0,,,,,,
2024-06-10T09:00,37,Good,7.4,13.4,2.4,5.0,122.0,56.0,,,,,,
2024-06-10T10:00,38,Good,8.6,15.9,1.9,4.8,125.0,68.0,,,,,,
2024-06-10T11:00,38,Good,9.8,18.7,1.5,4.5,126.0,77.0,,,,,,
2024-06-10T12:00,39,Good,10.5,20.6,1.2,3.8,122.0,80.0,,,,,,
2024-06-10T13:00,40,Good,11.1,21.8,1.0,2.8,117.0,81.0,,,,,,
2024-06-10T14:00,41,Good,11.3,22.4,1.1,2.2,112.0,79.0,,,,,,
2024-06-10T15:00,42,Good,10.9,21.6,1.5,2.1,110.0,76.0,,,,,,
2024-06-10T16:00,43,Good,10.4,20.4,2.0,2.2,109.0,70.0,,,,,,
2024-06-10T17:00,44,Good,9.7,18.7,2.5,2.5,106.0,70.0,,,,,,
2024-06-10T18:00,44,Good,9.1,17.2,3.1,2.9,106.0,64.0,,,,,,
2024-06-10T19:00,44,Good,8.5,15.8,4.0,3.4,107.0,56.0,,,,,,
2024-06-10T20:00,44,Good,8.4,15.7,4.7,3.9,107.0,50.0,,,,,,
2024-06-10T21:00,44,Good,8.6,16.4,5.0,4.3,108.0,47.0,,,,,,
2024-06-10T22:00,44,Good,8.8,16.8,5.0,4.5,109.0,44.0,,,,,,
2024-06-10T23:00,44,Good,8.6,16.5,5.0,4.7,109.0,43.0,,,,,,
2024-06-11T00:00,44,Good,8.0,15.2,4.9,4.7,108.0,42.0,,,,,,
2024-06-11T01:00,45,Good,7.2,13.6,4.6,4.5,106.0,41.0,,,,,,
2024-06-11T02:00,45,Good,6.6,12.5,4.3,4.4,104.0,41.0,,,,,,
2024-06-11T03:00,46,Good,6.4,12.0,4.0,4.3,102.0,41.0,,,,,,
2024-06-11T04:00,46,Good,6.0,11.2,3.6,4.3,99.0,41.0,,,,,,
2024-06-11T05:00,46,Good,7.3,13.8,3.2,4.2,96.0,41.0,,,,,,
2024-06-11T06:00,46,Good,6.8,12.5,3.1,4.4,98.0,41.0,,,,,,
2024-06-11T07:00,47,Good,6.4,11.5,3.0,4.6,102.0,41.0,,,,,,
2024-06-11T08:00,47,Good,6.2,10.9,2.8,4.7,105.0,44.0,,,,,,
2024-06-11T09:00,47,Good,6.5,11.1,2.4,4.8,109.0,52.0,,,,,,
2024-06-11T10:00,47,Good,7.3,12.3,1.9,4.8,113.0,63.0,,,,,,
2024-06-11T11:00,46,Good,7.8,13.4,1.5,4.6,116.0,72.0,,,,,,
2024-06-11T12:00,46,Good,8.4,14.9,1.3,4.2,117.0,78.0,,,,,,
2024-06-11T13:00,45,Good,9.0,16.2,1.1,3.6,116.0,82.0,,,,,,
2024-06-11T14:00,45,Good,9.4,16.9,1.2,3.2,116.0,83.0,,,,,,
2024-06-11T15:00,45,Good,9.2,16.5,1.6,3.2,118.0,82.0,,,,,,
2024-06-11T16:00,44,Good,8.8,15.3,2.3,3.3,122.0,78.0,,,,,,
2024-06-11T17:00,44,Good,9.5,16.9,3.0,3.3,121.0,74.0,,,,,,
2024-06-11T18:00,44,Good,9.0,15.8,3.6,3.6,123.0,68.0,,,,,,
2024-06-11T19:00,44,Good,8.4,14.6,4.4,4.0,125.0,61.0,,,,,,
2024-06-11T20:00,44,Good,7.9,13.6,5.0,4.3,127.0,54.0,,,,,,
2024-06-11T21:00,44,Good,7.5,12.8,5.2,4.6,128.0,50.0,,,,,,
2024-06-11T22:00,43,Good,7.1,12.0,5.3,4.8,129.0,47.0,,,,,,
2024-06-11T23:00,43,Good,6.7,11.4,5.2,4.9,129.0,45.0,,,,,,
2024-06-12T00:00,42,Good,6.2,10.3,5.0,4.8,127.0,43.0,,,,,,
2024-06-12T01:00,42,Good,5.4,8.9,4.6,4.7,125.0,42.0,,,,,,
2024-06-12T02:00,42,Good,4.7,7.8,4.3,4.5,122.0,41.0,,,,,,
2024-06-12T03:00,41,Good,4.5,7.6,4.0,4.3,119.0,40.0,,,,,,
2024-06-12T04:00,41,Good,4.5,7.8,3.6,4.1,115.0,40.0,,,,,,
2024-06-12T05:00,40,Good,4.6,8.1,3.5,4.0,114.0,40.0,,,,,,
2024-06-12T06:00,40,Good,4.4,7.6,3.4,4.3,116.0,40.0,,,,,,
2024-06-12T07:00,39,Good,4.4,7.7,3.3,4.7,118.0,41.0,,,,,,
2024-06-12T08:00,39,Good,4.7,8.1,3.1,5.0,120.0,44.0,,,,,,
2024-06-12T09:00,38,Good,5.3,8.9,2.7,5.3,122.0,51.0,,,,,,
2024-06-12T10:00,38,Good,6.7,11.4,2.3,5.5,123.0,61.0,,,,,,
2024-06-12T11:00,38,Good,7.8,13.9,1.9,5.5,123.0,69.0,,,,,,
2024-06-12T12:00,38,Good,8.6,16.4,1.6,5.1,121.0,73.0,,,,,,
2024-06-12T13:00,38,Good,9.3,18.8,1.3,4.4,119.0,76.0,,,,,,
2024-06-12T14:00,38,Good,10.0,20.4,1.3,3.9,118.0,77.0,,,,,,
2024-06-12T15:00,38,Good,10.0,20.3,1.7,3.7,121.0,77.0,,,,,,
2024-06-12T16:00,38,Good,9.7,19.0,2.4,3.7,126.0,75.0,,,,,,
2024-06-12T17:00,39,Good,8.9,16.9,3.2,3.8,130.0,71.0,,,,,,
2024-06-12T18:00,38,Good,7.8,14.1,4.1,4.2,133.0,65.0,,,,,,
2024-06-12T19:00,38,Good,7.0,12.3,5.0,4.8,136.0,57.0,,,,,,
2024-06-12T20:00,38,Good,6.7,11.6,5.6,5.2,138.0,51.0,,,,,,
2024-06-12T21:00,38,Good,6.6,11.5,5.8,5.4,139.0,47.0,,,,,,
2024-06-12T22:00,37,Good,6.7,11.9,5.8,5.5,139.0,45.0,,,,,,
2024-06-12T23:00,37,Good,6.7,12.2,5.6,5.5,138.0,43.0,,,,,,
2024-06-13T00:00,37,Good,6.6,12.2,5.3,5.4,135.0,42.0,,,,,,
2024-06-13T01:00,37,Good,6.3,11.9,4.9,5.1,130.0,42.0,,,,,,
2024-06-13T02:00,38,Good,6.2,11.8,4.6,5.0,127.0,42.0,,,,,,
2024-06-13T03:00,38,Good,6.1,11.8,4.4,5.0,125.0,42.0,,,,,,
2024-06-13T04:00,38,Good,6.2,11.9,4.3,5.1,124.0,41.0,,,,,,
2024-06-13T05:00,39,Good,6.3,12.3,4.2,5.2,124.0,41.0,,,,,,
2024-06-13T06:00,39,Good,6.5,12.7,4.3,5.3,125.0,40.0,,,,,,
2024-06-13T07:00,40,Good,6.7,13.1,4.4,5.4,128.0,40.0,,,,,,
2024-06-13T08:00,40,Good,6.9,13.5,4.3,5.5,130.0,42.0,,,,,,
2024-06-13T09:00,41,Good,7.0,13.9,3.9,5.8,132.0,48.0,,,,,,
2024-06-13T10:00,41,Good,7.7,14.9,3.3,6.0,134.0,57.0,,,,,,
2024-06-13T11:00,41,Good,8.5,15.9,2.8,6.0,135.0,65.0,,,,,,
2024-06-13T12:00,41,Good,8.4,16.1,2.3,5.3,135.0,73.0,,,,,,
2024-06-13T13:00,41,Good,8.9,16.7,1.8,4.3,133.0,82.0,,,,,,
2024-06-13T14:00,41,Good,9.2,16.8,1.6,3.5,132.0,86.0,,,,,,
2024-06-13T15:00,41,Good,8.9,16.1,1.9,3.0,130.0,84.0,,,,,,
2024-06-13T16:00,41,Good,8.5,15.5,2.5,2.6,128.0,79.0,,,,,,
2024-06-13T17:00,41,Good,10.7,19.9,3.1,2.3,122.0,71.0,,,,,,
2024-06-13T18:00,41,Good,9.7,17.9,3.6,2.8,125.0,68.0,,,,,,
2024-06-13T19:00,41,Good,8.9,16.0,4.3,3.5,128.0,63.0,,,,,,
2024-06-13T20:00,42,Good,8.8,15.7,4.9,4.1,131.0,58.0,,,,,,
2024-06-13T21:00,42,Good,8.8,15.7,5.2,4.5,132.0,54.0,,,,,,
2024-06-13T22:00,43,Good,9.1,16.7,5.3,4.8,132.0,51.0,,,,,,
2024-06-13T23:00,43,Good,9.4,17.9,5.3,5.0,131.0,48.0,,,,,,
2024-06-14T00:00,44,Good,9.5,18.9,5.1,5.1,129.0,46.0,,,,,,
2024-06-14T01:00,45,Good,9.4,19.3,4.8,5.0,126.0,45.0,,,,,,
2024-06-14T02:00,45,Good,9.2,19.4,4.6,5.0,124.0,44.0,,,,,,
2024-06-14T03:00,46,Good,9.0,19.7,4.5,5.0,123.0,43.0,,,,,,
2024-06-14T04:00,47,Good,8.8,19.7,4.4,5.1,123.0,42.0,,,,,,
2024-06-14T05:00,47,Good,9.6,21.5,4.3,4.9,122.0,43.0,,,,,,
2024-06-14T06:00,48,Good,9.4,21.4,4.1,5.3,125.0,43.0,,,,,,
2024-06-14T07:00,49,Good,9.2,21.4,3.8,5.8,130.0,45.0,,,,,,
2024-06-14T08:00,49,Good,9.2,21.8,3.4,6.1,133.0,49.0,,,,,,
2024-06-14T09:00,50,Good,9.3,22.6,2.8,6.0,135.0,60.0,,,,,,
2024-06-14T10:00,50,Good,10.0,24.0,2.2,5.8,137.0,73.0,,,,,,
2024-06-14T11:00,50,Good,10.9,25.7,1.6,5.2,136.0,84.0,,,,,,
2024-06-14T12:00,51,Moderate,11.9,27.5,1.2,4.2,132.0,89.0,,,,,,
2024-06-14T13:00,51,Moderate,12.6,28.4,0.9,2.9,126.0,90.0,,,,,,
2024-06-14T14:00,51,Moderate,12.5,27.6,0.9,1.9,121.0,89.0,,,,,,
2024-06-14T15:00,51,Moderate,11.8,26.0,1.2,1.5,120.0,86.0,,,,,,
2024-06-14T16:00,52,Moderate,11.7,25.3,1.8,1.3,120.0,81.0,,,,,,
2024-06-14T17:00,52,Moderate,12.2,25.1,2.6,1.6,128.0,83.0,,,,,,
2024-06-14T18:00,52,Moderate,10.5,21.6,3.1,2.0,128.0,77.0,,,,,,
2024-06-14T19:00,52,Moderate,9.3,18.8,3.8,2.7,129.0,68.0,,,,,,
2024-06-14T20:00,52,Moderate,8.7,17.3,4.4,3.2,129.0,61.0,,,,,,
2024-06-14T21:00,52,Moderate,8.7,17.4,4.7,3.6,129.0,56.0,,,,,,
2024-06-14T22:00,52,Moderate,8.6,17.8,4.9,4.0,129.0,52.0,,,,,,
2024-06-14T23:00,52,Moderate,8.6,18.5,4.9,4.2,129.0,49.0,,,,,,
2024-06-15T00:00,52,Moderate,8.5,19.3,4.7,4.2,128.0,47.0,,,,,,
2024-06-15T01:00,52,Moderate,8.3,20.0,4.4,4.1,127.0,45.0,,,,,,
2024-06-15T02:00,52,Moderate,8.2,20.7,4.1,4.0,126.0,44.0,,,,,,
2024-06-15T03:00,52,Moderate,8.1,21.0,3.9,4.0,125.0,43.0,,,,,,
2024-06-15T04:00,52,Moderate,7.9,20.8,3.7,4.1,125.0,42.0,,,,,,
2024-06-15T05:00,52,Moderate,8.2,20.5,3.6,4.2,124.0,43.0,,,,,,
2024-06-15T06:00,51,Moderate,8.1,20.5,3.6,4.5,126.0,43.0,,,,,,
2024-06-15T07:00,51,Moderate,8.1,20.7,3.6,4.9,129.0,43.0,,,,,,
2024-06-15T08:00,51,Moderate,8.4,21.8,3.4,5.2,131.0,46.0,,,,,,
2024-06-15T09:00,51,Moderate,9.0,24.3,2.9,5.3,133.0,55.0,,,,,,
2024-06-15T10:00,51,Moderate,10.0,27.3,2.2,5.2,135.0,66.0,,,,,,
2024-06-15T11:00,51,Moderate,11.1,29.6,1.6,4.9,136.0,76.0,,,,,,
2024-06-15T12:00,51,Moderate,11.9,29.6,1.3,4.0,134.0,81.0,,,,,,
2024-06-15T13:00,51,Moderate,12.3,28.1,1.1,2.9,131.0,85.0,,,,,,
2024-06-15T14:00,51,Moderate,12.5,26.7,1.1,2.0,129.0,86.0,,,,,,
2024-06-15T15:00,51,Moderate,11.4,23.9,1.5,1.7,129.0,85.0,,,,,,
2024-06-15T16:00,51,Moderate,10.9,22.2,2.1,1.7,130.0,82.0,,,,,,
2024-06-15T17:00,51,Moderate,14.7,28.2,2.9,1.6,149.0,80.0,,,,,,
2024-06-15T18:00,51,Moderate,13.3,25.4,3.5,2.2,149.0,75.0,,,,,,
2024-06-15T19:00,51,Moderate,12.0,22.9,4.3,3.0,149.0,68.0,,,,,,
2024-06-15T20:00,52,Moderate,11.8,22.6,4.9,3.7,149.0,62.0,,,,,,
2024-06-15T21:00,52,Moderate,11.7,22.9,5.2,4.1,149.0,58.0,,,,,,
2024-06-15T22:00,52,Moderate,12.0,24.2,5.2,4.5,149.0,54.0,,,,,,
2024-06-15T23:00,52,Moderate,12.1,25.0,5.2,4.7,149.0,51.0,,,,,,
2024-06-16T00:00,53,Moderate,12.1,25.1,5.1,4.9,148.0,48.0,,,,,,
2024-06-16T01:00,53,Moderate,12.0,25.0,4.9,4.9,145.0,47.0,,,,,,
2024-06-16T02:00,53,Moderate,11.8,24.7,4.8,5.0,144.0,45.0,,,,,,
2024-06-16T03:00,54,Moderate,11.7,24.2,4.8,5.0,143.0,44.0,,,,,,
2024-06-16T04:00,54,Moderate,11.6,23.6,4.8,5.1,143.0,43.0,,,,,,
2024-06-16T05:00,54,Moderate,11.7,23.8,4.6,4.7,142.0,44.0,,,,,,
2024-06-16T06:00,54,Moderate,11.8,23.8,4.3,4.9,143.0,45.0,,,,,,
2024-06-16T07:00,55,Moderate,11.8,23.7,3.8,5.1,143.0,47.0,,,,,,
2024-06-16T08:00,55,Moderate,11.7,23.6,3.3,5.2,144.0,52.0,,,,,,
2024-06-16T09:00,55,Moderate,11.7,23.6,2.7,5.2,144.0,61.0,,,,,,
2024-06-16T10:00,55,Moderate,12.0,24.1,2.2,5.1,144.0,72.0,,,,,,
2024-06-16T11:00,56,Moderate,12.6,25.3,1.7,4.8,144.0,81.0,,,,,,
2024-06-16T12:00,56,Moderate,13.3,26.3,1.4,4.0,144.0,85.0,,,,,,
2024-06-16T13:00,56,Moderate,14.0,27.5,1.2,2.9,144.0,85.0,,,,,,
2024-06-16T14:00,56,Moderate,14.1,27.5,1.3,2.1,144.0,84.0,,,,,,
2024-06-16T15:00,56,Moderate,14.0,27.3,1.7,1.8,143.0,81.0,,,,,,
2024-06-16T16:00,56,Moderate,12.9,25.4,2.2,1.8,140.0,75.0,,,,,,
2024-06-16T17:00,56,Moderate,12.5,24.7,4.1,2.6,156.0,72.0,,,,,,
2024-06-16T18:00,56,Moderate,11.3,22.5,4.4,3.0,150.0,67.0,,,,,,
2024-06-16T19:00,56,Moderate,9.7,19.6,4.9,3.5,141.0,60.0,,,,,,
2024-06-16T20:00,56,Moderate,8.7,17.7,5.2,4.0,135.0,54.0,,,,,,
2024-06-16T21:00,56,Moderate,8.1,16.5,5.4,4.4,133.0,50.0,,,,,,
2024-06-16T22:00,55,Moderate,8.1,16.7,5.4,4.8,134.0,48.0,,,,,,
2024-06-16T23:00,55,Moderate,8.1,17.1,5.4,5.1,134.0,46.0,,,,,,
2024-06-17T00:00,55,Moderate,8.1,17.4,5.2,5.1,132.0,44.0,,,,,,
2024-06-17T01:00,55,Moderate,8.2,17.7,5.0,5.0,130.0,43.0,,,,,,
2024-06-17T02:00,54,Moderate,8.2,17.7,4.8,4.9,129.0,42.0,,,,,,
2024-06-17T03:00,54,Moderate,8.4,18.0,4.7,4.8,131.0,41.0,,,,,,
2024-06-17T04:00,54,Moderate,8.7,18.2,4.6,4.7,134.0,40.0,,,,,,
2024-06-17T05:00,53,Moderate,9.6,20.2,4.8,4.7,143.0,40.0,,,,,,
2024-06-17T06:00,53,Moderate,10.0,20.9,4.4,4.9,143.0,41.0,,,,,,
2024-06-17T07:00,53,Moderate,10.2,21.4,3.9,5.3,142.0,43.0,,,,,,
2024-06-17T08:00,53,Moderate,10.1,21.5,3.3,5.4,141.0,48.0,,,,,,
2024-06-17T09:00,53,Moderate,10.2,22.0,2.7,5.3,139.0,58.0,,,,,,
2024-06-17T10:00,53,Moderate,10.9,23.1,2.0,5.1,137.0,70.0,,,,,,
2024-06-17T11:00,53,Moderate,12.0,25.0,1.5,4.6,135.0,79.0,,,,,,
2024-06-17T12:00,53,Moderate,12.7,26.1,1.2,3.6,133.0,81.0,,,,,,
2024-06-17T13:00,53,Moderate,13.0,26.0,0.9,2.4,132.0,80.0,,,,,,
2024-06-17T14:00,52,Moderate,12.8,24.9,1.0,1.7,131.0,77.0,,,,,,
2024-06-17T15:00,52,Moderate,12.5,23.6,1.4,1.7,132.0,74.0,,,,,,
2024-06-17T16:00,52,Moderate,11.5,21.3,2.1,2.2,135.0,70.0,,,,,,
2024-06-17T17:00,52,Moderate,8.6,16.5,2.2,2.6,101.0,66.0,,,,,,
2024-06-17T18:00,52,Moderate,8.6,16.5,2.8,3.0,104.0,63.0,,,,,,
2024-06-17T19:00,52,Moderate,8.5,16.2,3.6,3.5,107.0,58.0,,,,,,
2024-06-17T20:00,52,Moderate,8.4,16.2,4.2,4.0,110.0,54.0,,,,,,
2024-06-17T21:00,52,Moderate,8.3,15.9,4.6,4.3,112.0,51.0,,,,,,
2024-06-17T22:00,52,Moderate,7.9,15.0,4.8,4.5,113.0,47.0,,,,,,
2024-06-17T23:00,52,Moderate,7.1,13.4,4.9,4.7,114.0,45.0,,,,,,
2024-06-18T00:00,51,Moderate,6.3,11.5,4.9,4.8,116.0,43.0,,,,,,
2024-06-18T01:00,51,Moderate,5.9,10.7,4.8,4.8,117.0,43.0,,,,,,
2024-06-18T02:00,51,Moderate,5.7,10.2,4.7,4.8,118.0,42.0,,,,,,
2024-06-18T03:00,51,Moderate,5.6,9.9,4.6,4.8,118.0,41.0,,,,,,
2024-06-18T04:00,51,Moderate,5.4,9.7,4.4,4.9,116.0,41.0,,,,,,
2024-06-18T05:00,50,Good,4.9,8.7,3.6,4.3,120.0,43.0,,,,,,
2024-06-18T06:00,50,Good,5.0,9.1,3.4,4.6,120.0,43.0,,,,,,
2024-06-18T07:00,49,Good,5.2,9.3,3.2,4.9,121.0,44.0,,,,,,
2024-06-18T08:00,48,Good,5.5,9.9,2.9,5.1,121.0,47.0,,,,,,
2024-06-18T09:00,47,Good,6.4,11.4,2.4,5.0,121.0,55.0,,,,,,
2024-06-18T10:00,46,Good,7.4,13.2,1.9,4.7,122.0,65.0,,,,,,
2024-06-18T11:00,45,Good,7.9,14.6,1.4,4.2,121.0,72.0,,,,,,
2024-06-18T12:00,44,Good,8.2,15.7,1.1,3.4,117.0,74.0,,,,,,
2024-06-18T13:00,43,Good,8.9,17.2,0.9,2.4,112.0,73.0,,,,,,
2024-06-18T14:00,42,Good,9.2,17.8,0.9,1.9,110.0,72.0,,,,,,
2024-06-18T15:00,41,Good,8.6,16.3,1.4,2.2,114.0,71.0,,,,,,
2024-06-18T16:00,41,Good,7.9,14.3,2.1,3.0,120.0,70.0,,,,,,
2024-06-18T17:00,40,Good,9.9,17.8,2.7,3.9,121.0,75.0,,,,,,
2024-06-18T18:00,40,Good,9.3,16.7,3.3,4.1,121.0,69.0,,,,,,
2024-06-18T19:00,40,Good,8.6,15.4,4.2,4.3,121.0,61.0,,,,,,
2024-06-18T20:00,40,Good,7.6,13.5,4.8,4.5,121.0,54.0,,,,,,
2024-06-18T21:00,40,Good,6.9,12.0,5.1,4.7,121.0,50.0,,,,,,
2024-06-18T22:00,40,Good,6.5,11.3,5.1,4.9,121.0,47.0,,,,,,
2024-06-18T23:00,39,Good,6.1,10.6,5.1,5.0,121.0,45.0,,,,,,
2024-06-19T00:00,39,Good,5.7,9.7,5.0,5.0,120.0,43.0,,,,,,
2024-06-19T01:00,39,Good,5.3,9.0,4.9,4.8,119.0,41.0,,,,,,
2024-06-19T02:00,39,Good,5.1,8.5,4.7,4.7,118.0,40.0,,,,,,
2024-06-19T03:00,39,Good,4.6,7.8,4.4,4.5,115.0,39.0,,,,,,
2024-06-19T04:00,38,Good,4.3,7.2,4.1,4.4,112.0,39.0,,,,,,
2024-06-19T05:00,38,Good,5.0,8.8,3.8,4.5,110.0,39.0,,,,,,
2024-06-19T06:00,38,Good,5.0,8.8,3.5,4.6,111.0,39.0,,,,,,
2024-06-19T07:00,38,Good,5.1,9.0,3.1,4.7,111.0,40.0,,,,,,
2024-06-19T08:00,38,Good,5.2,8.9,2.7,4.7,112.0,43.0,,,,,,
2024-06-19T09:00,38,Good,5.5,9.4,2.2,4.5,112.0,49.0,,,,,,
2024-06-19T10:00,38,Good,6.2,10.8,1.8,4.3,112.0,56.0,,,,,,
2024-06-19T11:00,38,Good,6.8,12.1,1.4,4.0,111.0,62.0,,,,,,
2024-06-19T12:00,37,Good,7.2,13.2,1.2,3.7,110.0,66.0,,,,,,
2024-06-19T13:00,37,Good,5.8,10.4,1.1,3.4,109.0,69.0,,,,,,
2024-06-19T14:00,36,Good,5.6,9.6,1.2,3.2,108.0,70.0,,,,,,
2024-06-19T15:00,36,Good,6.0,10.2,1.6,3.1,108.0,68.0,,,,,,
2024-06-19T16:00,35,Good,6.0,10.5,2.1,3.0,109.0,64.0,,,,,,
2024-06-19T17:00,35,Good,4.8,8.0,3.1,3.3,108.0,54.0,,,,,,
2024-06-19T18:00,33,Good,3.8,6.2,3.8,3.6,111.0,51.0,,,,,,
2024-06-19T19:00,32,Good,3.7,6.0,4.7,4.1,116.0,48.0,,,,,,
2024-06-19T20:00,31,Good,3.6,5.9,5.3,4.4,120.0,45.0,,,,,,
2024-06-19T21:00,30,Good,3.8,6.2,5.4,4.5,122.0,44.0,,,,,,
2024-06-19T22:00,29,Good,4.2,6.9,5.3,4.6,122.0,43.0,,,,,,
2024-06-19T23:00,29,Good,4.7,7.9,5.1,4.6,123.0,43.0,,,,,,
2024-06-20T00:00,28,Good,5.0,8.4,5.0,4.6,124.0,43.0,,,,,,
2024-06-20T01:00,28,Good,5.0,8.3,4.9,4.6,126.0,42.0,,,,,,
2024-06-20T02:00,28,Good,4.7,7.8,4.7,4.6,126.0,42.0,,,,,,
2024-06-20T03:00,28,Good,4.4,7.3,4.4,4.6,125.0,42.0,,,,,,
2024-06-20T04:00,28,Good,4.0,6.6,4.1,4.6,123.0,42.0,,,,,,
2024-06-20T05:00,28,Good,4.0,6.7,3.7,4.4,118.0,41.0,,,,,,
2024-06-20T06:00,28,Good,3.8,6.4,3.5,4.4,119.0,41.0,,,,,,
2024-06-20T07:00,28,Good,4.4,7.5,3.2,4.5,120.0,41.0,,,,,,
2024-06-20T08:00,27,Good,5.1,8.9,2.9,4.5,121.0,43.0,,,,,,
2024-06-20T09:00,27,Good,5.6,9.7,2.5,4.4,123.0,49.0,,,,,,
2024-06-20T10:00,27,Good,6.1,10.8,2.0,4.3,125.0,57.0,,,,,,
2024-06-20T11:00,27,Good,6.7,12.3,1.6,4.0,126.0,64.0,,,,,,
2024-06-20T12:00,27,Good,7.3,13.7,1.3,3.5,126.0,68.0,,,,,,
2024-06-20T13:00,27,Good,7.6,14.7,1.2,2.9,124.0,71.0,,,,,,
2024-06-20T14:00,28,Good,7.7,15.0,1.3,2.5,124.0,72.0,,,,,,
2024-06-20T15:00,28,Good,7.5,14.3,1.7,2.5,125.0,72.0,,,,,,
2024-06-20T16:00,29,Good,7.0,13.3,2.4,2.7,126.0,70.0,,,,,,
2024-06-20T17:00,30,Good,7.2,13.0,3.6,4.3,134.0,73.0,,,,,,
2024-06-20T18:00,32,Good,6.5,11.4,4.3,4.7,135.0,66.0,,,,,,
2024-06-20T19:00,32,Good,6.2,10.9,5.3,5.3,137.0,57.0,,,,,,
2024-06-20T20:00,32,Good,6.2,11.3,6.0,5.8,139.0,50.0,,,,,,
2024-06-20T21:00,31,Good,6.6,12.6,6.2,6.0,140.0,46.0,,,,,,
2024-06-20T22:00,32,Good,7.0,14.5,6.2,6.0,140.0,44.0,,,,,,
2024-06-20T23:00,32,Good,7.5,16.6,6.1,5.9,140.0,43.0,,,,,,
2024-06-21T00:00,33,Good,7.9,18.5,5.9,5.8,139.0,43.0,,,,,,
2024-06-21T01:00,34,Good,8.2,20.1,5.5,5.6,136.0,43.0,,,,,,
2024-06-21T02:00,35,Good,8.1,19.6,5.2,5.4,135.0,44.0,,,,,,
2024-06-21T03:00,35,Good,7.9,18.6,5.0,5.3,135.0,44.0,,,,,,
2024-06-21T04:00,36,Good,7.6,17.3,4.9,5.3,135.0,44.0,,,,,,
2024-06-21T05:00,37,Good,7.8,16.8,4.4,4.9,127.0,44.0,,,,,,
2024-06-21T06:00,38,Good,7.1,15.2,4.2,5.1,128.0,44.0,,,,,,
2024-06-21T07:00,39,Good,6.2,12.6,3.9,5.4,128.0,44.0,,,,,,
2024-06-21T08:00,39,Good,5.4,10.3,3.5,5.6,128.0,47.0,,,,,,
2024-06-21T09:00,39,Good,5.0,9.0,2.9,5.5,127.0,54.0,,,,,,
2024-06-21T10:00,39,Good,5.4,9.0,2.2,5.3,124.0,64.0,,,,,,
2024-06-21T11:00,39,Good,6.0,10.1,1.7,5.0,122.0,72.0,,,,,,
2024-06-21T12:00,39,Good,5.9,10.4,1.5,4.4,120.0,76.0,,,,,,
2024-06-21T13:00,38,Good,6.1,11.1,1.4,3.7,117.0,79.0,,,,,,
2024-06-21T14:00,38,Good,6.4,12.4,1.5,3.2,116.0,79.0,,,,,,
2024-06-21T15:00,38,Good,6.2,12.6,1.9,2.9,117.0,76.0,,,,,,
2024-06-21T16:00,37,Good,5.8,12.4,2.4,2.7,120.0,71.0,,,,,,
2024-06-21T17:00,37,Good,5.2,10.3,3.4,3.6,128.0,64.0,,,,,,
2024-06-21T18:00,37,Good,5.3,10.4,3.9,3.8,128.0,60.0,,,,,,
2024-06-21T19:00,36,Good,5.5,10.6,4.6,4.2,128.0,53.0,,,,,,
2024-06-21T20:00,36,Good,5.5,10.8,5.2,4.5,129.0,48.0,,,,,,
2024-06-21T21:00,36,Good,5.4,10.4,5.5,4.8,131.0,45.0,,,,,,
2024-06-21T22:00,36,Good,5.4,9.8,5.6,5.0,133.0,43.0,,,,,,
2024-06-21T23:00,35,Good,5.3,9.3,5.6,5.1,134.0,41.0,,,,,,
2024-06-22T00:00,35,Good,5.1,9.0,5.4,5.1,133.0,40.0,,,,,,
2024-06-22T01:00,34,Good,4.5,7.7,5.1,4.9,131.0,39.0,,,,,,
2024-06-22T02:00,33,Good,4.2,7.3,4.8,4.8,128.0,38.0,,,,,,
2024-06-22T03:00,32,Good,4.3,7.8,4.4,4.6,124.0,38.0,,,,,,
2024-06-22T04:00,32,Good,3.8,6.8,4.0,4.4,120.0,38.0,,,,,,
2024-06-22T05:00,31,Good,3.1,5.1,3.9,4.9,119.0,39.0,,,,,,
2024-06-22T06:00,30,Good,2.7,4.3,3.7,5.2,120.0,40.0,,,,,,
2024-06-22T07:00,29,Good,2.7,4.3,3.4,5.6,122.0,41.0,,,,,,
2024-06-22T08:00,28,Good,3.2,5.0,3.1,5.8,123.0,44.0,,,,,,
2024-06-22T09:00,27,Good,4.0,6.3,2.6,5.7,123.0,52.0,,,,,,
2024-06-22T10:00,27,Good,5.0,7.9,2.1,5.5,122.0,62.0,,,,,,
2024-06-22T11:00,27,Good,5.4,8.5,1.7,5.1,121.0,70.0,,,,,,
2024-06-22T12:00,27,Good,5.2,8.3,1.4,4.4,120.0,76.0,,,,,,
2024-06-22T13:00,27,Good,5.2,8.4,1.2,3.5,119.0,80.0,,,,,,
2024-06-22T14:00,27,Good,5.7,9.6,1.3,3.0,118.0,81.0,,,,,,
2024-06-22T15:00,29,Good,5.5,9.6,1.7,3.1,119.0,78.0,,,,,,
2024-06-22T16:00,31,Good,5.4,9.3,2.4,3.5,121.0,72.0,,,,,,
2024-06-22T17:00,33,Good,10.6,19.0,2.8,3.1,125.0,79.0,,,,,,
2024-06-22T18:00,35,Good,9.0,15.9,3.4,3.3,127.0,72.0,,,,,,
2024-06-22T19:00,35,Good,8.4,14.4,4.3,3.7,129.0,63.0,,,,,,
2024-06-22T20:00,35,Good,7.4,12.4,5.0,4.0,130.0,55.0,,,,,,
2024-06-22T21:00,34,Good,6.0,9.8,5.3,4.2,129.0,49.0,,,,,,
2024-06-22T22:00,32,Good,5.1,8.1,5.3,4.5,127.0,45.0,,,,,,
2024-06-22T23:00,30,Good,4.7,7.3,5.2,4.6,125.0,42.0,,,,,,
2024-06-23T00:00,29,Good,4.5,6.9,5.0,4.6,123.0,40.0,,,,,,
2024-06-23T01:00,29,Good,4.3,6.5,4.7,4.6,122.0,39.0,,,,,,
2024-06-23T02:00,29,Good,3.5,5.1,4.4,4.5,120.0,39.0,,,,,,
2024-06-23T03:00,29,Good,2.7,3.9,4.0,4.4,118.0,40.0,,,,,,
2024-06-23T04:00,28,Good,2.2,3.1,3.7,4.4,115.0,41.0,,,,,,
2024-06-23T05:00,28,Good,1.8,2.6,3.2,4.6,109.0,43.0,,,,,,
2024-06-23T06:00,28,Good,2.1,3.2,3.1,4.7,108.0,43.0,,,,,,
2024-06-23T07:00,28,Good,2.9,4.6,3.0,4.9,107.0,44.0,,,,,,
2024-06-23T08:00,28,Good,3.9,6.3,2.8,5.0,107.0,46.0,,,,,,
2024-06-23T09:00,28,Good,5.0,8.0,2.5,5.0,109.0,51.0,,,,,,
2024-06-23T10:00,28,Good,5.5,9.0,2.1,5.0,112.0,59.0,,,,,,
2024-06-23T11:00,28,Good,5.6,9.0,1.8,5.0,115.0,65.0,,,,,,
2024-06-23T12:00,28,Good,5.8,9.5,1.6,4.9,116.0,70.0,,,,,,
2024-06-23T13:00,28,Good,6.5,10.8,1.5,4.8,117.0,75.0,,,,,,
2024-06-23T14:00,29,Good,6.8,11.3,1.6,4.7,118.0,77.0,,,,,,
2024-06-23T15:00,29,Good,6.8,11.0,2.0,4.7,118.0,75.0,,,,,,
2024-06-23T16:00,30,Good,6.2,9.8,2.6,4.8,118.0,70.0,,,,,,
2024-06-23T17:00,31,Good,8.7,14.2,4.2,5.5,129.0,64.0,,,,,,
2024-06-23T18:00,32,Good,7.5,12.4,4.7,5.3,129.0,59.0,,,,,,
2024-06-23T19:00,32,Good,6.8,11.4,5.4,5.1,128.0,53.0,,,,,,
2024-06-23T20:00,31,Good,5.3,8.4,5.9,4.9,127.0,48.0,,,,,,
2024-06-23T21:00,30,Good,4.5,7.0,6.0,4.9,126.0,45.0,,,,,,
2024-06-23T22:00,28,Good,4.4,6.9,5.8,5.0,125.0,43.0,,,,,,
2024-06-23T23:00,27,Good,4.4,6.9,5.5,5.0,123.0,42.0,,,,,,
2024-06-24T00:00,27,Good,4.5,7.2,5.1,4.7,121.0,42.0,,,,,,
2024-06-24T01:00,27,Good,4.5,7.4,4.6,4.4,118.0,43.0,,,,,,
2024-06-24T02:00,27,Good,3.9,6.3,4.1,4.1,115.0,44.0,,,,,,
2024-06-24T03:00,27,Good,3.5,5.6,3.8,4.0,112.0,45.0,,,,,,
2024-06-24T04:00,28,Good,3.3,5.2,3.5,3.9,110.0,45.0,,,,,,
2024-06-24T05:00,28,Good,2.7,4.3,3.2,4.2,106.0,47.0,,,,,,
2024-06-24T06:00,28,Good,2.3,3.6,3.2,4.4,108.0,47.0,,,,,,
2024-06-24T07:00,28,Good,2.2,3.6,3.2,4.6,111.0,48.0,,,,,,
2024-06-24T08:00,28,Good,2.9,4.7,3.0,4.7,114.0,50.0,,,,,,
2024-06-24T09:00,28,Good,3.9,6.5,2.6,4.8,116.0,56.0,,,,,,
2024-06-24T10:00,27,Good,5.1,8.6,2.0,4.8,118.0,65.0,,,,,,
2024-06-24T11:00,27,Good,5.8,10.0,1.6,4.6,118.0,71.0,,,,,,
2024-06-24T12:00,27,Good,6.0,11.2,1.3,4.1,116.0,74.0,,,,,,
2024-06-24T13:00,27,Good,6.0,11.3,1.1,3.5,112.0,75.0,,,,,,
2024-06-24T14:00,28,Good,5.3,9.7,1.1,3.1,109.0,74.0,,,,,,
2024-06-24T15:00,30,Good,4.9,8.7,1.3,3.0,107.0,71.0,,,,,,
2024-06-24T16:00,31,Good,4.8,8.5,1.8,3.2,107.0,66.0,,,,,,
2024-06-24T17:00,32,Good,8.1,15.9,2.7,3.4,109.0,62.0,,,,,,
2024-06-24T18:00,32,Good,6.7,13.2,3.5,3.8,113.0,57.0,,,,,,
2024-06-24T19:00,32,Good,6.2,11.7,4.7,4.2,117.0,49.0,,,,,,
2024-06-24T20:00,31,Good,5.9,10.8,5.5,4.6,121.0,44.0,,,,,,
2024-06-24T21:00,29,Good,5.7,10.4,5.7,4.8,122.0,42.0,,,,,,
2024-06-24T22:00,27,Good,5.5,9.9,5.5,4.8,122.0,42.0,,,,,,
2024-06-24T23:00,26,Good,5.4,9.7,5.2,4.7,121.0,42.0,,,,,,
2024-06-25T00:00,27,Good,5.3,9.5,4.8,4.4,119.0,42.0,,,,,,
2024-06-25T01:00,27,Good,4.8,8.6,4.3,4.1,116.0,42.0,,,,,,
2024-06-25T02:00,27,Good,4.5,7.9,3.9,3.8,114.0,42.0,,,,,,
2024-06-25T03:00,27,Good,4.0,7.2,3.6,3.7,112.0,42.0,,,,,,
2024-06-25T04:00,27,Good,3.3,5.8,3.4,3.7,110.0,41.0,,,,,,
2024-06-25T05:00,27,Good,2.4,4.1,3.2,4.2,107.0,42.0,,,,,,
2024-06-25T06:00,27,Good,2.4,4.0,3.2,4.4,109.0,41.0,,,,,,
2024-06-25T07:00,27,Good,2.6,4.4,3.1,4.7,112.0,41.0,,,,,,
2024-06-25T08:00,27,Good,2.9,5.0,2.9,4.9,115.0,43.0,,,,,,
2024-06-25T09:00,27,Good,4.0,6.8,2.5,5.0,118.0,51.0,,,,,,
2024-06-25T10:00,27,Good,5.5,9.4,2.1,5.0,122.0,62.0,,,,,,
2024-06-25T11:00,27,Good,6.4,10.9,1.7,4.9,123.0,70.0,,,,,,
2024-06-25T12:00,27,Good,6.5,11.0,1.4,4.5,120.0,74.0,,,,,,
2024-06-25T13:00,28,Good,5.9,10.2,1.2,3.9,115.0,76.0,,,,,,
2024-06-25T14:00,28,Good,5.3,9.0,1.2,3.5,111.0,75.0,,,,,,
2024-06-25T15:00,29,Good,4.5,7.8,1.4,3.3,109.0,71.0,,,,,,
2024-06-25T16:00,30,Good,3.9,6.8,1.9,3.1,108.0,65.0,,,,,,
2024-06-25T17:00,32,Good,6.1,10.4,2.8,3.6,105.0,58.0,,,,,,
2024-06-25T18:00,32,Good,4.7,8.1,3.8,3.9,110.0,53.0,,,,,,
2024-06-25T19:00,31,Good,4.4,7.6,5.2,4.4,116.0,45.0,,,,,,
2024-06-25T20:00,30,Good,4.0,6.6,6.0,4.7,120.0,40.0,,,,,,
2024-06-25T21:00,28,Good,3.1,4.9,5.8,4.6,120.0,39.0,,,,,,
2024-06-25T22:00,26,Good,2.8,4.3,5.1,4.3,117.0,39.0,,,,,,
2024-06-25T23:00,24,Good,3.0,4.8,4.4,4.1,115.0,40.0,,,,,,
2024-06-26T00:00,24,Good,3.2,5.3,4.1,4.0,113.0,40.0,,,,,,
2024-06-26T01:00,23,Good,3.4,5.7,3.8,3.9,111.0,39.0,,,,,,
2024-06-26T02:00,23,Good,3.0,5.1,3.6,3.9,109.0,39.0,,,,,,
2024-06-26T03:00,23,Good,2.4,3.9,3.4,3.9,107.0,39.0,,,,,,
2024-06-26T04:00,22,Good,2.1,3.3,3.3,3.8,106.0,38.0,,,,,,
2024-06-26T05:00,22,Good,2.4,4.4,2.5,3.4,99.0,38.0,,,,,,
2024-06-26T06:00,22,Good,2.5,4.5,2.8,3.8,100.0,37.0,,,,,,
2024-06-26T07:00,22,Good,2.8,5.0,3.2,4.4,103.0,36.0,,,,,,
2024-06-26T08:00,22,Good,3.5,6.2,3.4,4.9,105.0,36.0,,,,,,
2024-06-26T09:00,22,Good,4.2,7.3,3.4,5.1,108.0,38.0,,,,,,
2024-06-26T10:00,22,Good,4.2,7.2,3.2,5.2,110.0,41.0,,,,,,
2024-06-26T11:00,22,Good,4.4,7.1,3.0,5.2,113.0,45.0,,,,,,
2024-06-26T12:00,21,Good,4.5,7.2,2.8,5.1,115.0,50.0,,,,,,
2024-06-26T13:00,21,Good,4.7,7.5,2.5,4.9,116.0,55.0,,,,,,
2024-06-26T14:00,21,Good,5.0,8.2,2.6,4.8,118.0,57.0,,,,,,
2024-06-26T15:00,21,Good,5.1,8.3,3.3,4.9,121.0,55.0,,,,,,
2024-06-26T16:00,22,Good,4.9,7.7,4.4,5.1,124.0,50.0,,,,,,
2024-06-26T17:00,23,Good,6.3,11.2,4.3,4.9,118.0,48.0,,,,,,
2024-06-26T18:00,23,Good,6.4,11.2,5.0,5.0,121.0,44.0,,,,,,
2024-06-26T19:00,23,Good,6.5,11.4,5.9,5.1,126.0,39.0,,,,,,
2024-06-26T20:00,23,Good,6.6,11.4,6.6,5.2,130.0,35.0,,,,,,
2024-06-26T21:00,22,Good,5.9,10.0,6.8,5.2,133.0,33.0,,,,,,
2024-06-26T22:00,23,Good,4.5,7.3,6.7,5.1,136.0,33.0,,,,,,
2024-06-26T23:00,23,Good,3.6,5.5,6.4,4.9,137.0,33.0,,,,,,
2024-06-27T00:00,24,Good,3.1,4.7,5.9,4.5,135.0,33.0,,,,,,
2024-06-27T01:00,24,Good,2.9,4.5,5.3,4.1,130.0,33.0,,,,,,
2024-06-27T02:00,23,Good,2.6,4.2,4.7,3.8,126.0,33.0,,,,,,
2024-06-27T03:00,23,Good,2.4,3.9,4.3,3.8,122.0,33.0,,,,,,
2024-06-27T04:00,23,Good,2.3,3.7,3.9,3.9,118.0,33.0,,,,,,
2024-06-27T05:00,23,Good,2.6,4.6,3.5,4.3,112.0,33.0,,,,,,
2024-06-27T06:00,23,Good,3.2,5.8,3.4,4.5,113.0,33.0,,,,,,
2024-06-27T07:00,24,Good,3.6,6.7,3.1,4.9,114.0,34.0,,,,,,
2024-06-27T08:00,24,Good,4.0,7.4,2.9,5.2,116.0,37.0,,,,,,
2024-06-27T09:00,24,Good,4.4,7.8,2.6,5.6,119.0,43.0,,,,,,
2024-06-27T10:00,24,Good,5.3,9.1,2.4,5.9,123.0,52.0,,,,,,
2024-06-27T11:00,24,Good,5.9,10.0,2.1,6.0,125.0,59.0,,,,,,
2024-06-27T12:00,25,Good,6.2,10.6,1.8,5.6,125.0,65.0,,,,,,
2024-06-27T13:00,25,Good,6.3,11.0,1.6,5.0,125.0,70.0,,,,,,
2024-06-27T14:00,25,Good,6.2,10.7,1.6,4.4,124.0,72.0,,,,,,
2024-06-27T15:00,26,Good,5.6,9.8,1.9,4.0,123.0,71.0,,,,,,
2024-06-27T16:00,27,Good,5.0,8.6,2.4,3.8,122.0,67.0,,,,,,
2024-06-27T17:00,29,Good,5.9,9.7,4.0,4.4,128.0,57.0,,,,,,
2024-06-27T18:00,30,Good,5.4,8.8,4.6,4.7,129.0,53.0,,,,,,
2024-06-27T19:00,30,Good,5.2,8.6,5.5,5.1,130.0,47.0,,,,,,
2024-06-27T20:00,29,Good,5.0,8.5,6.1,5.4,131.0,42.0,,,,,,
2024-06-27T21:00,28,Good,4.7,7.9,6.3,5.5,131.0,39.0,,,,,,
2024-06-27T22:00,26,Good,4.2,7.1,6.2,5.4,131.0,37.0,,,,,,
2024-06-27T23:00,24,Good,3.8,6.3,6.0,5.3,130.0,36.0,,,,,,
2024-06-28T00:00,24,Good,3.7,6.2,5.7,5.1,127.0,36.0,,,,,,
2024-06-28T01:00,25,Good,3.6,6.0,5.2,4.9,124.0,36.0,,,,,,
2024-06-28T02:00,25,Good,3.4,5.7,4.8,4.7,120.0,36.0,,,,,,
2024-06-28T03:00,25,Good,3.5,6.3,4.5,4.7,116.0,36.0,,,,,,
2024-06-28T04:00,25,Good,4.1,7.9,4.2,4.8,112.0,36.0,,,,,,
2024-06-28T05:00,26,Good,5.4,10.9,4.0,5.3,109.0,37.0,,,,,,
2024-06-28T06:00,26,Good,6.0,12.3,3.8,5.6,110.0,37.0,,,,,,
2024-06-28T07:00,27,Good,6.4,13.1,3.5,6.0,111.0,38.0,,,,,,
2024-06-28T08:00,28,Good,6.8,14.0,3.1,6.3,112.0,41.0,,,,,,
2024-06-28T09:00,28,Good,7.6,15.4,2.7,6.5,115.0,49.0,,,,,,
2024-06-28T10:00,29,Good,8.7,17.9,2.2,6.5,118.0,60.0,,,,,,
2024-06-28T11:00,30,Good,10.0,21.1,1.8,6.2,120.0,69.0,,,,,,
2024-06-28T12:00,31,Good,11.0,24.0,1.4,5.3,118.0,74.0,,,,,,
2024-06-28T13:00,32,Good,11.7,26.0,1.1,4.2,115.0,78.0,,,,,,
2024-06-28T14:00,33,Good,11.7,26.4,1.1,3.3,113.0,79.0,,,,,,
2024-06-28T15:00,34,Good,10.9,24.8,1.4,2.9,113.0,78.0,,,,,,
2024-06-28T16:00,36,Good,10.2,22.9,2.0,2.8,114.0,75.0,,,,,,
2024-06-28T17:00,37,Good,10.2,21.1,2.6,2.4,105.0,70.0,,,,,,
2024-06-28T18:00,38,Good,9.3,19.2,3.5,2.9,111.0,64.0,,,,,,
2024-06-28T19:00,39,Good,8.9,18.0,4.7,3.6,119.0,57.0,,,,,,
2024-06-28T20:00,40,Good,9.2,18.1,5.6,4.2,125.0,50.0,,,,,,
2024-06-28T21:00,41,Good,9.0,17.6,5.8,4.5,127.0,46.0,,,,,,
2024-06-28T22:00,42,Good,8.4,16.8,5.6,4.7,128.0,43.0,,,,,,
2024-06-28T23:00,42,Good,8.3,16.5,5.4,4.8,127.0,41.0,,,,,,
2024-06-29T00:00,44,Good,8.3,16.7,5.2,4.8,126.0,40.0,,,,,,
2024-06-29T01:00,45,Good,8.1,16.5,4.9,4.8,124.0,39.0,,,,,,
2024-06-29T02:00,46,Good,7.8,16.1,4.7,4.8,122.0,39.0,,,,,,
2024-06-29T03:00,47,Good,7.7,16.0,4.5,4.8,120.0,38.0,,,,,,
2024-06-29T04:00,48,Good,7.8,16.2,4.4,4.8,119.0,38.0,,,,,,
2024-06-29T05:00,48,Good,7.8,16.2,4.0,4.7,115.0,38.0,,,,,,
2024-06-29T06:00,49,Good,7.6,16.1,3.7,4.9,115.0,38.0,,,,,,
2024-06-29T07:00,49,Good,7.2,15.3,3.3,5.1,115.0,39.0,,,,,,
2024-06-29T08:00,50,Good,6.8,14.3,2.9,5.3,116.0,43.0,,,,,,
2024-06-29T09:00,50,Good,6.8,13.5,2.5,5.5,119.0,53.0,,,,,,
2024-06-29T10:00,49,Good,7.1,13.6,2.1,5.7,123.0,65.0,,,,,,
2024-06-29T11:00,49,Good,7.4,14.5,1.7,5.6,125.0,75.0,,,,,,
2024-06-29T12:00,48,Good,7.6,15.6,1.4,4.8,122.0,80.0,,,,,,
2024-06-29T13:00,48,Good,7.9,16.9,1.1,3.7,118.0,82.0,,,,,,
2024-06-29T14:00,47,Good,8.4,17.9,1.0,2.9,114.0,82.0,,,,,,
2024-06-29T15:00,46,Good,8.7,18.8,1.3,2.6,113.0,80.0,,,,,,
2024-06-29T16:00,45,Good,8.3,18.7,1.7,2.5,112.0,77.0,,,,,,
2024-06-29T17:00,45,Good,9.9,21.3,2.2,2.1,106.0,72.0,,,,,,
2024-06-29T18:00,45,Good,9.5,20.4,3.1,2.8,111.0,67.0,,,,,,
2024-06-29T19:00,45,Good,8.5,18.3,4.3,3.8,117.0,61.0,,,,,,
2024-06-29T20:00,45,Good,8.4,18.0,5.2,4.6,122.0,55.0,,,,,,
2024-06-29T21:00,45,Good,8.4,17.7,5.6,4.9,125.0,50.0,,,,,,
2024-06-29T22:00,45,Good,8.1,16.8,5.7,4.9,127.0,46.0,,,,,,
2024-06-29T23:00,45,Good,7.4,15.1,5.7,4.9,127.0,42.0,,,,,,
2024-06-30T00:00,44,Good,6.6,13.3,5.5,4.8,126.0,40.0,,,,,,
2024-06-30T01:00,44,Good,6.2,12.2,5.2,4.7,123.0,38.0,,,,,,
2024-06-30T02:00,43,Good,5.8,11.2,4.9,4.6,121.0,37.0,,,,,,
2024-06-30T03:00,43,Good,5.5,10.4,4.7,4.5,119.0,36.0,,,,,,
2024-06-30T04:00,43,Good,5.3,9.9,4.5,4.3,118.0,35.0,,,,,,
2024-06-30T05:00,42,Good,5.8,11.0,4.3,3.9,119.0,35.0,,,,,,
2024-06-30T06:00,41,Good,5.5,10.4,4.0,4.2,120.0,35.0,,,,,,
2024-06-30T07:00,41,Good,5.6,10.4,3.7,4.5,121.0,36.0,,,,,,
2024-06-30T08:00,41,Good,5.8,10.7,3.2,4.7,122.0,40.0,,,,,,
2024-06-30T09:00,40,Good,6.4,11.6,2.6,4.7,123.0,49.0,,,,,,
2024-06-30T10:00,40,Good,7.4,13.4,2.0,4.5,123.0,62.0,,,,,,
2024-06-30T11:00,40,Good,7.6,14.6,1.5,4.1,122.0,71.0,,,,,,
2024-06-30T12:00,40,Good,8.4,17.2,1.1,3.3,117.0,75.0,,,,,,
2024-06-30T13:00,41,Good,9.2,19.4,0.8,2.3,110.0,75.0,,,,,,
2024-06-30T14:00,41,Good,9.6,20.3,0.8,1.7,106.0,75.0,,,,,,
2024-06-30T15:00,41,Good,8.6,18.7,1.2,2.0,109.0,76.0,,,,,,
2024-06-30T16:00,41,Good,8.1,17.6,1.8,2.8,116.0,76.0,,,,,,
2024-06-30T17:00,41,Good,9.2,19.9,2.3,2.9,123.0,80.0,,,,,,
2024-06-30T18:00,41,Good,9.4,20.0,2.9,3.0,123.0,74.0,,,,,,
2024-06-30T19:00,41,Good,9.0,18.7,3.6,3.1,123.0,66.0,,,,,,
2024-06-30T20:00,41,Good,8.7,17.5,4.3,3.3,123.0,59.0,,,,,,
2024-06-30T21:00,41,Good,8.5,16.6,4.7,3.6,124.0,54.0,,,,,,
2024-06-30T22:00,41,Good,8.1,15.9,5.0,4.0,126.0,49.0,,,,,,
2024-06-30T23:00,41,Good,7.7,15.4,5.1,4.3,127.0,45.0,,,,,,
2024-07-01T00:00,41,Good,7.5,15.3,5.1,4.4,125.0,42.0,,,,,,
2024-07-01T01:00,41,Good,7.3,15.0,4.9,4.4,122.0,40.0,,,,,,
2024-07-01T02:00,42,Good,6.9,14.2,4.7,4.4,119.0,39.0,,,,,,
2024-07-01T03:00,42,Good,6.6,13.4,4.5,4.4,116.0,38.0,,,,,,
2024-07-01T04:00,42,Good,6.2,12.5,4.2,4.4,113.0,36.0,,,,,,
2024-07-01T05:00,42,Good,7.0,14.0,4.3,4.6,116.0,35.0,,,,,,
2024-07-01T06:00,43,Good,6.8,13.6,3.9,4.7,115.0,36.0,,,,,,
2024-07-01T07:00,43,Good,6.5,12.7,3.4,4.8,115.0,37.0,,,,,,
2024-07-01T08:00,43,Good,6.1,11.7,2.9,4.8,114.0,40.0,,,,,,
2024-07-01T09:00,43,Good,5.7,10.6,2.4,4.7,115.0,47.0,,,,,,
2024-07-01T10:00,43,Good,5.7,10.1,2.0,4.5,116.0,57.0,,,,,,
2024-07-01T11:00,43,Good,5.7,10.2,1.6,4.2,115.0,64.0,,,,,,
2024-07-01T12:00,42,Good,5.6,10.6,1.3,3.5,111.0,67.0,,,,,,
2024-07-01T13:00,42,Good,5.8,11.1,1.0,2.6,106.0,68.0,,,,,,
2024-07-01T14:00,41,Good,5.4,11.0,1.0,2.2,103.0,68.0,,,,,,
2024-07-01T15:00,40,Good,5.1,10.5,1.4,2.6,106.0,69.0,,,,,,
2024-07-01T16:00,39,Good,5.4,10.3,2.1,3.5,111.0,70.0,,,,,,
2024-07-01T17:00,38,Good,6.9,13.8,3.0,2.6,116.0,70.0,,,,,,
2024-07-01T18:00,38,Good,6.8,13.2,3.7,3.1,120.0,66.0,,,,,,
2024-07-01T19:00,37,Good,6.4,12.1,4.7,3.8,125.0,60.0,,,,,,
2024-07-01T20:00,37,Good,6.1,11.1,5.4,4.4,128.0,54.0,,,,,,
2024-07-01T21:00,36,Good,5.7,10.0,5.7,4.9,129.0,49.0,,,,,,
2024-07-01T22:00,35,Good,5.4,9.4,5.8,5.3,128.0,44.0,,,,,,
2024-07-01T23:00,35,Good,5.0,9.1,5.8,5.6,127.0,40.0,,,,,,
2024-07-02T00:00,34,Good,4.8,9.0,5.6,5.7,125.0,38.0,,,,,,
2024-07-02T01:00,34,Good,4.6,9.0,5.4,5.6,122.0,36.0,,,,,,
2024-07-02T02:00,33,Good,4.3,8.9,5.1,5.5,120.0,35.0,,,,,,
2024-07-02T03:00,32,Good,4.1,8.6,4.9,5.3,119.0,34.0,,,,,,
2024-07-02T04:00,32,Good,3.9,8.1,4.7,5.0,119.0,33.0,,,,,,
2024-07-02T05:00,31,Good,3.4,6.5,4.7,5.3,119.0,32.0,,,,,,
2024-07-02T06:00,30,Good,3.2,5.9,4.5,5.7,122.0,32.0,,,,,,
2024-07-02T07:00,30,Good,3.3,5.8,4.2,6.3,127.0,33.0,,,,,,
2024-07-02T08:00,29,Good,3.8,6.3,3.8,6.7,130.0,37.0,,,,,,
2024-07-02T09:00,28,Good,4.5,7.2,3.2,6.7,131.0,47.0,,,,,,
2024-07-02T10:00,28,Good,5.7,9.1,2.4,6.4,130.0,60.0,,,,,,
2024-07-02T11:00,28,Good,6.6,10.9,1.9,5.9,130.0,71.0,,,,,,
2024-07-02T12:00,28,Good,7.0,12.4,1.7,4.9,132.0,79.0,,,,,,
2024-07-02T13:00,29,Good,8.0,14.7,1.6,3.6,133.0,85.0,,,,,,
2024-07-02T14:00,29,Good,9.1,17.0,1.7,2.6,134.0,88.0,,,,,,
2024-07-02T15:00,30,Good,8.6,17.1,2.0,2.0,131.0,85.0,,,,,,
2024-07-02T16:00,32,Good,7.8,16.0,2.4,1.7,127.0,79.0,,,,,,
2024-07-02T17:00,34,Good,11.6,22.6,3.0,1.3,134.0,79.0,,,,,,
2024-07-02T18:00,36,Good,9.8,19.4,3.3,1.4,131.0,73.0,,,,,,
2024-07-02T19:00,37,Good,8.9,17.3,3.7,1.6,128.0,65.0,,,,,,
2024-07-02T20:00,37,Good,7.8,15.3,4.2,2.1,127.0,57.0,,,,,,
2024-07-02T21:00,35,Good,7.3,13.7,4.8,3.1,131.0,50.0,,,,,,
2024-07-02T22:00,34,Good,6.8,12.5,5.5,4.3,137.0,44.0,,,,,,
2024-07-02T23:00,35,Good,6.3,11.4,5.9,5.1,140.0,39.0,,,,,,
2024-07-03T00:00,35,Good,5.5,9.9,5.8,5.2,137.0,36.0,,,,,,
2024-07-03T01:00,35,Good,4.6,8.2,5.3,4.9,131.0,34.0,,,,,,
2024-07-03T02:00,35,Good,3.9,6.8,4.9,4.6,126.0,32.0,,,,,,
2024-07-03T03:00,35,Good,3.4,5.8,4.7,4.5,122.0,30.0,,,,,,
2024-07-03T04:00,35,Good,2.8,4.9,4.5,4.5,118.0,29.0,,,,,,
2024-07-03T05:00,35,Good,3.1,5.3,4.3,4.4,115.0,29.0,,,,,,
2024-07-03T06:00,35,Good,2.8,5.0,4.0,4.7,116.0,29.0,,,,,,
2024-07-03T07:00,34,Good,2.9,5.0,3.6,5.2,118.0,31.0,,,,,,
2024-07-03T08:00,34,Good,3.3,5.4,3.2,5.5,120.0,35.0,,,,,,
2024-07-03T09:00,34,Good,4.1,6.5,2.7,5.6,122.0,46.0,,,,,,
2024-07-03T10:00,34,Good,5.2,8.0,2.1,5.5,123.0,59.0,,,,,,
2024-07-03T11:00,34,Good,5.4,8.8,1.7,5.1,123.0,70.0,,,,,,
2024-07-03T12:00,34,Good,5.8,11.0,1.4,4.3,121.0,75.0,,,,,,
2024-07-03T13:00,34,Good,6.3,13.6,1.3,3.1,117.0,77.0,,,,,,
2024-07-03T14:00,33,Good,7.1,15.0,1.4,2.3,115.0,77.0,,,,,,
2024-07-03T15:00,33,Good,7.7,16.3,1.9,1.9,117.0,75.0,,,,,,
2024-07-03T16:00,32,Good,7.1,15.4,2.7,1.8,120.0,71.0,,,,,,
2024-07-03T17:00,32,Good,7.3,16.0,3.0,2.6,118.0,70.0,,,,,,
2024-07-03T18:00,33,Good,6.8,14.5,3.8,3.1,121.0,64.0,,,,,,
2024-07-03T19:00,34,Good,6.4,13.4,4.8,3.8,124.0,56.0,,,,,,
2024-07-03T20:00,33,Good,6.5,13.2,5.5,4.4,127.0,49.0,,,,,,
2024-07-03T21:00,31,Good,6.4,12.3,5.6,4.8,129.0,45.0,,,,,,
2024-07-03T22:00,30,Good,6.2,11.6,5.5,5.1,130.0,42.0,,,,,,
2024-07-03T23:00,29,Good,6.0,11.4,5.2,5.2,129.0,39.0,,,,,,
2024-07-04T00:00,29,Good,5.7,11.1,4.9,4.9,125.0,37.0,,,,,,
2024-07-04T01:00,29,Good,5.3,10.7,4.4,4.5,119.0,35.0,,,,,,
2024-07-04T02:00,30,Good,4.7,9.6,4.1,4.2,115.0,33.0,,,,,,
2024-07-04T03:00,30,Good,4.1,8.4,4.0,4.2,114.0,32.0,,,,,,
2024-07-04T04:00,30,Good,3.9,7.8,3.9,4.4,114.0,31.0,,,,,,
2024-07-04T05:00,30,Good,4.3,8.0,4.2,5.2,120.0,30.0,,,,,,
2024-07-04T06:00,30,Good,4.3,7.8,4.0,5.5,122.0,31.0,,,,,,
2024-07-04T07:00,31,Good,4.6,8.1,3.6,5.8,124.0,32.0,,,,,,
2024-07-04T08:00,31,Good,4.7,8.4,3.2,6.1,126.0,36.0,,,,,,
2024-07-04T09:00,31,Good,5.1,8.9,2.7,6.4,127.0,46.0,,,,,,
2024-07-04T10:00,32,Good,6.4,10.9,2.2,6.7,127.0,58.0,,,,,,
2024-07-04T11:00,32,Good,7.1,12.5,1.8,6.4,126.0,69.0,,,,,,
2024-07-04T12:00,32,Good,7.5,14.4,1.4,5.1,125.0,76.0,,,,,,
2024-07-04T13:00,33,Good,8.1,16.8,1.0,3.3,123.0,82.0,,,,,,
2024-07-04T14:00,33,Good,8.6,18.5,0.9,2.0,121.0,85.0,,,,,,
2024-07-04T15:00,34,Good,8.9,19.8,1.1,1.5,119.0,84.0,,,,,,
2024-07-04T16:00,34,Good,9.1,21.6,1.5,1.5,117.0,81.0,,,,,,
2024-07-04T17:00,34,Good,11.4,23.5,1.7,0.8,114.0,79.0,,,,,,
2024-07-04T18:00,36,Good,11.3,23.7,2.0,1.0,112.0,75.0,,,,,,
2024-07-04T19:00,37,Good,10.6,22.2,2.4,1.2,110.0,70.0,,,,,,
2024-07-04T20:00,37,Good,9.8,20.1,3.0,1.7,111.0,65.0,,,,,,
2024-07-04T21:00,38,Good,8.8,17.8,4.1,2.7,120.0,60.0,,,,,,
2024-07-04T22:00,39,Good,9.0,18.3,5.4,3.8,133.0,55.0,,,,,,
2024-07-04T23:00,39,Good,10.1,20.4,6.2,4.8,142.0,51.0,,,,,,
2024-07-05T00:00,40,Good,10.6,21.4,6.3,5.3,144.0,48.0,,,,,,
2024-07-05T01:00,41,Good,10.4,20.9,5.9,5.6,142.0,45.0,,,,,,
2024-07-05T02:00,42,Good,9.6,19.3,5.5,5.7,138.0,43.0,,,,,,
2024-07-05T03:00,44,Good,8.2,16.5,5.1,5.6,129.0,41.0,,,,,,
2024-07-05T04:00,45,Good,6.5,13.0,4.7,5.5,118.0,38.0,,,,,,
2024-07-05T05:00,45,Good,6.6,13.4,4.6,5.8,115.0,37.0,,,,,,
2024-07-05T06:00,46,Good,5.6,11.1,4.2,5.8,115.0,36.0,,,,,,
2024-07-05T07:00,46,Good,4.8,9.1,3.7,5.8,114.0,35.0,,,,,,
2024-07-05T08:00,46,Good,4.3,7.7,3.2,5.8,114.0,38.0,,,,,,
2024-07-05T09:00,46,Good,4.8,7.8,2.7,5.9,115.0,47.0,,,,,,
2024-07-05T10:00,46,Good,5.8,9.1,2.2,5.9,117.0,59.0,,,,,,
2024-07-05T11:00,46,Good,5.7,9.2,1.8,5.7,118.0,68.0,,,,,,
2024-07-05T12:00,45,Good,6.4,11.5,1.5,4.9,117.0,73.0,,,,,,
2024-07-05T13:00,45,Good,6.6,13.4,1.4,3.7,114.0,75.0,,,,,,
2024-07-05T14:00,45,Good,6.8,13.9,1.5,2.9,114.0,75.0,,,,,,
2024-07-05T15:00,44,Good,7.4,16.0,2.1,2.7,117.0,73.0,,,,,,
2024-07-05T16:00,44,Good,7.0,15.2,3.0,2.8,123.0,69.0,,,,,,
2024-07-05T17:00,44,Good,9.2,19.7,3.2,3.2,132.0,72.0,,,,,,
2024-07-05T18:00,43,Good,8.4,18.1,3.6,3.3,129.0,63.0,,,,,,
2024-07-05T19:00,42,Good,7.8,15.9,4.2,3.5,125.0,51.0,,,,,,
2024-07-05T20:00,42,Good,7.3,14.3,4.7,3.8,123.0,42.0,,,,,,
2024-07-05T21:00,41,Good,6.8,13.1,5.0,4.1,124.0,38.0,,,,,,
2024-07-05T22:00,41,Good,6.1,11.4,5.2,4.5,126.0,36.0,,,,,,
2024-07-05T23:00,40,Good,5.7,10.3,5.3,4.8,128.0,35.0,,,,,,
2024-07-06T00:00,39,Good,5.3,9.2,5.3,4.9,129.0,33.0,,,,,,
2024-07-06T01:00,38,Good,4.8,8.2,5.2,4.9,129.0,32.0,,,,,,
2024-07-06T02:00,36,Good,4.3,7.4,5.0,4.8,127.0,32.0,,,,,,
2024-07-06T03:00,35,Good,3.9,7.0,4.6,4.6,123.0,32.0,,,,,,
2024-07-06T04:00,34,Good,3.4,6.5,4.1,4.4,117.0,34.0,,,,,,
2024-07-06T05:00,34,Good,4.3,8.4,3.8,4.6,115.0,34.0,,,,,,
2024-07-06T06:00,33,Good,4.1,8.3,3.6,4.9,115.0,35.0,,,,,,
2024-07-06T07:00,33,Good,3.8,7.6,3.4,5.4,115.0,36.0,,,,,,
2024-07-06T08:00,32,Good,3.7,7.0,3.1,5.7,116.0,40.0,,,,,,
2024-07-06T09:00,32,Good,4.2,7.7,2.8,5.9,118.0,48.0,,,,,,
2024-07-06T10:00,32,Good,4.9,9.2,2.4,6.1,122.0,59.0,,,,,,
2024-07-06T11:00,32,Good,5.6,11.1,2.1,5.9,123.0,68.0,,,,,,
2024-07-06T12:00,32,Good,6.0,12.8,1.8,5.1,121.0,73.0,,,,,,
2024-07-06T13:00,32,Good,6.5,14.6,1.6,3.9,117.0,77.0,,,,,,
2024-07-06T14:00,32,Good,7.1,16.1,1.6,3.1,114.0,77.0,,,,,,
2024-07-06T15:00,32,Good,7.4,16.9,2.1,2.8,114.0,74.0,,,,,,
2024-07-06T16:00,32,Good,7.1,16.9,2.9,2.8,115.0,67.0,,,,,,
2024-07-06T17:00,32,Good,8.4,18.5,4.7,2.7,124.0,61.0,,,,,,
2024-07-06T18:00,32,Good,7.8,17.3,4.9,3.2,123.0,57.0,,,,,,
2024-07-06T19:00,32,Good,6.7,15.2,5.2,3.9,122.0,51.0,,,,,,
2024-07-06T20:00,31,Good,6.4,14.3,5.4,4.4,121.0,46.0,,,,,,
2024-07-06T21:00,31,Good,6.2,13.4,5.5,4.7,120.0,42.0,,,,,,
2024-07-06T22:00,31,Good,6.3,14.0,5.6,4.9,120.0,39.0,,,,,,
2024-07-06T23:00,31,Good,6.4,14.8,5.6,5.0,119.0,37.0,,,,,,
2024-07-07T00:00,31,Good,6.6,15.4,5.5,5.0,118.0,35.0,,,,,,
2024-07-07T01:00,31,Good,6.7,15.4,5.4,4.9,117.0,34.0,,,,,,
2024-07-07T02:00,32,Good,6.7,15.0,5.3,4.9,116.0,33.0,,,,,,
2024-07-07T03:00,32,Good,6.4,14.1,5.2,4.9,115.0,32.0,,,,,,
2024-07-07T04:00,33,Good,6.0,12.8,5.1,5.0,115.0,31.0,,,,,,
2024-07-07T05:00,34,Good,5.3,11.0,4.6,5.0,112.0,31.0,,,,,,
2024-07-07T06:00,34,Good,4.6,9.5,4.2,5.3,113.0,32.0,,,,,,
2024-07-07T07:00,34,Good,4.3,8.5,3.7,5.6,116.0,34.0,,,,,,
2024-07-07T08:00,34,Good,4.4,8.5,3.2,5.8,117.0,38.0,,,,,,
2024-07-07T09:00,34,Good,5.1,9.8,2.7,5.8,118.0,47.0,,,,,,
2024-07-07T10:00,34,Good,5.8,11.6,2.1,5.6,119.0,59.0,,,,,,
2024-07-07T11:00,35,Good,6.0,12.9,1.7,5.2,117.0,67.0,,,,,,
2024-07-07T12:00,35,Good,6.4,14.9,1.3,4.3,112.0,70.0,,,,,,
2024-07-07T13:00,35,Good,7.0,17.5,1.1,3.1,104.0,69.0,,,,,,
2024-07-07T14:00,35,Good,7.4,18.0,1.0,2.3,99.0,68.0,,,,,,
2024-07-07T15:00,35,Good,7.6,17.9,1.2,2.0,97.0,66.0,,,,,,
2024-07-07T16:00,35,Good,7.7,18.2,1.5,2.0,98.0,63.0,,,,,,
2024-07-07T17:00,35,Good,7.1,17.3,2.5,2.4,117.0,68.0,,,,,,
2024-07-07T18:00,35,Good,7.1,17.8,3.1,2.8,118.0,64.0,,,,,,
2024-07-07T19:00,35,Good,6.6,15.8,4.0,3.4,119.0,57.0,,,,,,
2024-07-07T20:00,35,Good,6.1,13.9,4.7,3.9,120.0,52.0,,,,,,
2024-07-07T21:00,35,Good,5.8,11.8,5.1,4.4,122.0,48.0,,,,,,
2024-07-07T22:00,35,Good,5.7,11.1,5.3,4.9,124.0,45.0,,,,,,
2024-07-07T23:00,34,Good,5.6,11.5,5.4,5.2,125.0,42.0,,,,,,
2024-07-08T00:00,34,Good,5.6,11.8,5.3,5.2,124.0,40.0,,,,,,
2024-07-08T01:00,34,Good,5.3,11.6,5.0,5.0,122.0,38.0,,,,,,
2024-07-08T02:00,34,Good,4.9,10.9,4.7,4.9,120.0,36.0,,,,,,
2024-07-08T03:00,33,Good,4.4,9.8,4.6,4.9,120.0,35.0,,,,,,
2024-07-08T04:00,33,Good,3.8,8.1,4.5,5.0,120.0,33.0,,,,,,
2024-07-08T05:00,32,Good,3.3,6.8,4.0,4.7,114.0,34.0,,,,,,
2024-07-08T06:00,32,Good,2.8,5.6,3.8,5.1,115.0,34.0,,,,,,
2024-07-08T07:00,31,Good,2.8,5.5,3.5,5.6,117.0,34.0,,,,,,
2024-07-08T08:00,31,Good,3.0,5.5,3.2,5.9,118.0,36.0,,,,,,
2024-07-08T09:00,31,Good,3.7,6.4,2.7,6.0,119.0,44.0,,,,,,
2024-07-08T10:00,30,Good,4.9,8.8,2.2,5.9,119.0,54.0,,,,,,
2024-07-08T11:00,30,Good,5.4,10.9,1.8,5.7,119.0,61.0,,,,,,
2024-07-08T12:00,30,Good,6.7,14.4,1.6,5.3,117.0,63.0,,,,,,
2024-07-08T13:00,30,Good,8.0,18.1,1.5,4.8,114.0,62.0,,,,,,
2024-07-08T14:00,30,Good,9.3,22.1,1.6,4.4,112.0,61.0,,,,,,
2024-07-08T15:00,31,Good,9.7,23.2,1.9,4.2,113.0,60.0,,,,,,
2024-07-08T16:00,31,Good,10.0,24.2,2.3,4.2,115.0,59.0,,,,,,
2024-07-08T17:00,32,Good,10.2,23.2,2.8,3.5,120.0,59.0,,,,,,
2024-07-08T18:00,33,Good,9.7,22.0,3.5,3.9,123.0,55.0,,,,,,
2024-07-08T19:00,33,Good,8.9,19.7,4.4,4.5,126.0,49.0,,,,,,
2024-07-08T20:00,34,Good,8.2,18.4,5.1,5.0,129.0,44.0,,,,,,
2024-07-08T21:00,34,Good,7.7,17.5,5.5,5.5,130.0,40.0,,,,,,
2024-07-08T22:00,35,Good,7.5,17.3,5.8,6.0,129.0,37.0,,,,,,
2024-07-08T23:00,35,Good,7.5,18.0,5.9,6.4,128.0,35.0,,,,,,
2024-07-09T00:00,35,Good,7.7,18.7,5.8,6.5,126.0,34.0,,,,,,
2024-07-09T01:00,36,Good,8.0,20.0,5.6,6.4,123.0,33.0,,,,,,
2024-07-09T02:00,37,Good,8.3,21.1,5.3,6.3,120.0,33.0,,,,,,
2024-07-09T03:00,37,Good,8.5,22.2,5.0,6.2,117.0,33.0,,,,,,
2024-07-09T04:00,38,Good,8.6,22.6,4.7,6.1,114.0,33.0,,,,,,
2024-07-09T05:00,39,Good,9.5,24.4,4.1,5.6,112.0,33.0,,,,,,
2024-07-09T06:00,41,Good,9.8,25.2,4.1,6.0,113.0,33.0,,,,,,
2024-07-09T07:00,43,Good,10.0,25.4,4.0,6.6,115.0,34.0,,,,,,
2024-07-09T08:00,44,Good,9.9,24.9,3.8,7.0,117.0,38.0,,,,,,
2024-07-09T09:00,46,Good,9.7,23.9,3.4,7.1,121.0,46.0,,,,,,
2024-07-09T10:00,47,Good,10.0,23.9,2.8,7.0,126.0,57.0,,,,,,
2024-07-09T11:00,48,Good,10.7,24.9,2.3,6.5,129.0,66.0,,,,,,
2024-07-09T12:00,50,Good,11.7,27.1,1.8,5.4,128.0,74.0,,,,,,
2024-07-09T13:00,50,Good,12.5,29.7,1.3,4.1,125.0,81.0,,,,,,
2024-07-09T14:00,51,Moderate,13.2,32.1,1.1,3.0,122.0,84.0,,,,,,
2024-07-09T15:00,51,Moderate,13.0,31.1,1.3,2.5,118.0,80.0,,,,,,
2024-07-09T16:00,51,Moderate,12.0,28.1,1.9,2.4,113.0,73.0,,,,,,
2024-07-09T17:00,51,Moderate,12.9,31.5,2.4,2.3,110.0,71.0,,,,,,
2024-07-09T18:00,52,Moderate,13.3,34.3,3.2,2.9,112.0,65.0,,,,,,
2024-07-09T19:00,52,Moderate,11.0,25.1,4.3,3.8,115.0,57.0,,,,,,
2024-07-09T20:00,52,Moderate,9.2,19.1,5.1,4.5,117.0,50.0,,,,,,
2024-07-09T21:00,52,Moderate,8.0,16.1,5.4,4.9,118.0,45.0,,,,,,
2024-07-09T22:00,52,Moderate,7.4,15.1,5.5,5.1,119.0,42.0,,,,,,
2024-07-09T23:00,52,Moderate,7.3,15.2,5.5,5.3,119.0,39.0,,,,,,
2024-07-10T00:00,52,Moderate,7.5,16.0,5.4,5.4,118.0,37.0,,,,,,
2024-07-10T01:00,52,Moderate,7.7,16.9,5.2,5.5,116.0,37.0,,,,,,
2024-07-10T02:00,52,Moderate,7.7,17.3,5.0,5.6,114.0,36.0,,,,,,
2024-07-10T03:00,52,Moderate,7.5,17.4,4.9,5.6,112.0,35.0,,,,,,
2024-07-10T04:00,52,Moderate,7.4,17.3,4.7,5.5,110.0,35.0,,,,,,
2024-07-10T05:00,52,Moderate,5.3,11.7,4.0,5.4,109.0,36.0,,,,,,
2024-07-10T06:00,51,Moderate,4.8,10.5,3.8,5.6,111.0,37.0,,,,,,
2024-07-10T07:00,51,Moderate,4.8,10.2,3.4,5.9,115.0,38.0,,,,,,
2024-07-10T08:00,51,Moderate,5.2,11.0,3.0,6.1,118.0,43.0,,,,,,
2024-07-10T09:00,50,Good,5.7,11.9,2.6,6.1,121.0,54.0,,,,,,
2024-07-10T10:00,50,Good,6.4,13.4,2.1,6.1,124.0,67.0,,,,,,
2024-07-10T11:00,49,Good,7.7,15.9,1.7,5.7,126.0,78.0,,,,,,
2024-07-10T12:00,48,Good,9.0,18.7,1.4,4.8,124.0,84.0,,,,,,
2024-07-10T13:00,48,Good,9.8,20.3,1.2,3.6,121.0,86.0,,,,,,
2024-07-10T14:00,47,Good,9.9,20.7,1.2,2.7,119.0,86.0,,,,,,
2024-07-10T15:00,46,Good,9.3,20.0,1.7,2.5,120.0,83.0,,,,,,
2024-07-10T16:00,46,Good,7.9,16.3,2.4,2.6,123.0,77.0,,,,,,
2024-07-10T17:00,45,Good,7.7,14.1,3.1,3.1,122.0,74.0,,,,,,
2024-07-10T18:00,43,Good,7.3,13.2,3.9,3.5,123.0,67.0,,,,,,
2024-07-10T19:00,42,Good,6.8,12.3,4.9,4.1,124.0,58.0,,,,,,
2024-07-10T20:00,41,Good,6.7,12.1,5.7,4.6,125.0,50.0,,,,,,
2024-07-10T21:00,40,Good,6.3,11.3,5.9,4.9,126.0,45.0,,,,,,
2024-07-10T22:00,40,Good,6.2,10.9,5.8,5.2,126.0,42.0,,,,,,
2024-07-10T23:00,40,Good,5.9,10.2,5.6,5.3,126.0,40.0,,,,,,
2024-07-11T00:00,39,Good,5.5,9.6,5.3,5.3,125.0,38.0,,,,,,
2024-07-11T01:00,39,Good,5.4,9.3,5.0,5.2,123.0,37.0,,,,,,
2024-07-11T02:00,38,Good,5.4,9.5,4.7,5.1,121.0,36.0,,,,,,
2024-07-11T03:00,38,Good,5.4,9.6,4.5,5.1,119.0,35.0,,,,,,
2024-07-11T04:00,37,Good,5.3,9.6,4.3,5.2,116.0,35.0,,,,,,
2024-07-11T05:00,37,Good,5.2,9.5,3.8,5.1,112.0,37.0,,,,,,
2024-07-11T06:00,37,Good,5.2,9.5,3.7,5.6,115.0,37.0,,,,,,
2024-07-11T07:00,37,Good,5.4,9.7,3.5,6.2,118.0,38.0,,,,,,
2024-07-11T08:00,37,Good,5.9,10.2,3.2,6.7,122.0,43.0,,,,,,
2024-07-11T09:00,37,Good,6.8,11.4,2.7,6.9,126.0,54.0,,,,,,
2024-07-11T10:00,38,Good,7.7,12.8,2.2,7.0,131.0,68.0,,,,,,
2024-07-11T11:00,38,Good,8.4,14.2,1.7,6.6,134.0,80.0,,,,,,
2024-07-11T12:00,38,Good,8.8,15.3,1.3,5.4,135.0,88.0,,,,,,
2024-07-11T13:00,38,Good,9.1,16.1,1.0,3.7,134.0,95.0,,,,,,
2024-07-11T14:00,38,Good,9.7,17.6,0.9,2.4,133.0,98.0,,,,,,
2024-07-11T15:00,38,Good,9.9,18.4,0.9,1.6,130.0,97.0,,,,,,
2024-07-11T16:00,38,Good,9.7,18.0,1.2,1.1,125.0,92.0,,,,,,
2024-07-11T17:00,39,Good,10.0,18.3,1.2,0.6,127.0,88.0,,,,,,
2024-07-11T18:00,41,Good,9.1,16.4,1.5,0.6,125.0,84.0,,,,,,
2024-07-11T19:00,42,Good,8.4,15.0,1.9,0.8,123.0,79.0,,,,,,
2024-07-11T20:00,42,Good,8.1,14.4,2.6,1.3,124.0,74.0,,,,,,
2024-07-11T21:00,41,Good,7.6,13.4,3.7,2.7,133.0,69.0,,,,,,
2024-07-11T22:00,40,Good,8.0,13.3,5.1,4.4,147.0,64.0,,,,,,
2024-07-11T23:00,41,Good,8.8,14.6,6.0,5.7,155.0,59.0,,,,,,
2024-07-12T00:00,41,Good,9.2,15.4,6.0,6.0,154.0,55.0,,,,,,
2024-07-12T01:00,42,Good,8.6,14.9,5.5,5.8,149.0,51.0,,,,,,
2024-07-12T02:00,43,Good,8.1,14.7,5.0,5.6,143.0,48.0,,,,,,
2024-07-12T03:00,44,Good,7.9,14.7,4.7,5.6,138.0,45.0,,,,,,
2024-07-12T04:00,44,Good,7.6,14.6,4.5,5.6,132.0,42.0,,,,,,
2024-07-12T05:00,45,Good,7.5,14.7,4.4,5.9,132.0,40.0,,,,,,
2024-07-12T06:00,45,Good,7.4,14.3,4.2,6.1,134.0,40.0,,,,,,
2024-07-12T07:00,46,Good,7.2,13.6,3.8,6.3,136.0,40.0,,,,,,
2024-07-12T08:00,46,Good,6.9,12.7,3.4,6.4,137.0,44.0,,,,,,
2024-07-12T09:00,46,Good,7.1,12.1,2.8,6.3,136.0,54.0,,,,,,
2024-07-12T10:00,46,Good,7.2,11.7,2.2,6.0,135.0,68.0,,,,,,
2024-07-12T11:00,46,Good,6.8,11.2,1.7,5.5,132.0,78.0,,,,,,
2024-07-12T12:00,46,Good,6.9,11.7,1.4,4.5,127.0,82.0,,,,,,
2024-07-12T13:00,46,Good,7.3,12.8,1.2,3.3,121.0,83.0,,,,,,
2024-07-12T14:00,45,Good,7.3,13.1,1.3,2.5,117.0,82.0,,,,,,
2024-07-12T15:00,45,Good,6.9,12.7,1.7,2.7,118.0,79.0,,,,,,
2024-07-12T16:00,44,Good,6.1,11.2,2.4,3.3,121.0,73.0,,,,,,
2024-07-12T17:00,43,Good,7.1,12.0,3.3,4.3,130.0,67.0,,,,,,
2024-07-12T18:00,42,Good,6.9,11.6,4.0,4.4,129.0,60.0,,,,,,
2024-07-12T19:00,42,Good,6.5,10.9,4.9,4.7,128.0,50.0,,,,,,
2024-07-12T20:00,41,Good,6.2,10.0,5.6,4.9,127.0,42.0,,,,,,
2024-07-12T21:00,41,Good,5.6,8.9,6.1,5.2,128.0,38.0,,,,,,
2024-07-12T22:00,41,Good,5.3,8.2,6.4,5.6,129.0,35.0,,,,,,
2024-07-12T23:00,40,Good,4.9,7.6,6.4,5.7,129.0,33.0,,,,,,
2024-07-13T00:00,39,Good,4.5,7.1,6.1,5.5,127.0,32.0,,,,,,
2024-07-13T01:00,38,Good,4.3,7.0,5.4,5.1,123.0,32.0,,,,,,
2024-07-13T02:00,37,Good,4.4,7.5,4.9,4.8,120.0,32.0,,,,,,
2024-07-13T03:00,36,Good,4.6,8.1,4.5,4.7,117.0,32.0,,,,,,
2024-07-13T04:00,35,Good,4.7,8.3,4.2,4.6,115.0,32.0,,,,,,
2024-07-13T05:00,35,Good,4.9,9.3,4.4,5.8,116.0,32.0,,,,,,
2024-07-13T06:00,34,Good,5.1,9.5,4.3,5.9,119.0,32.0,,,,,,
2024-07-13T07:00,33,Good,4.9,8.9,4.0,6.1,124.0,32.0,,,,,,
2024-07-13T08:00,33,Good,4.9,8.4,3.7,6.2,128.0,36.0,,,,,,
2024-07-13T09:00,33,Good,5.1,8.1,3.2,6.1,131.0,46.0,,,,,,
2024-07-13T10:00,32,Good,5.8,8.8,2.5,5.9,133.0,60.0,,,,,,
2024-07-13T11:00,32,Good,5.6,8.7,2.0,5.5,132.0,70.0,,,,,,
2024-07-13T12:00,31,Good,5.4,9.0,1.6,4.7,127.0,74.0,,,,,,
2024-07-13T13:00,31,Good,5.5,9.6,1.3,3.7,119.0,74.0,,,,,,
2024-07-13T14:00,31,Good,5.3,9.4,1.3,3.0,114.0,72.0,,,,,,
2024-07-13T15:00,30,Good,4.8,8.2,1.7,2.8,114.0,68.0,,,,,,
2024-07-13T16:00,30,Good,4.2,7.2,2.3,2.9,117.0,62.0,,,,,,
2024-07-13T17:00,30,Good,5.9,12.8,3.4,3.5,123.0,51.0,,,,,,
2024-07-13T18:00,31,Good,7.3,18.1,4.0,4.0,124.0,47.0,,,,,,
2024-07-13T19:00,30,Good,10.1,28.0,4.9,4.7,125.0,41.0,,,,,,
2024-07-13T20:00,30,Good,11.2,29.7,5.5,5.2,126.0,37.0,,,,,,
2024-07-13T21:00,31,Good,9.4,22.4,5.7,5.5,126.0,35.0,,,,,,
2024-07-13T22:00,32,Good,7.3,15.8,5.6,5.6,126.0,34.0,,,,,,
2024-07-13T23:00,32,Good,6.2,12.6,5.5,5.7,125.0,33.0,,,,,,
2024-07-14T00:00,33,Good,5.7,11.7,5.3,5.6,124.0,32.0,,,,,,
2024-07-14T01:00,33,Good,5.3,11.2,5.1,5.5,123.0,31.0,,,,,,
2024-07-14T02:00,33,Good,4.8,10.4,4.8,5.3,122.0,31.0,,,,,,
2024-07-14T03:00,33,Good,4.4,9.9,4.5,5.1,120.0,31.0,,,,,,
2024-07-14T04:00,33,Good,4.4,10.1,4.1,4.9,117.0,31.0,,,,,,
2024-07-14T05:00,33,Good,5.0,12.5,3.7,4.9,116.0,31.0,,,,,,
2024-07-14T06:00,33,Good,5.0,12.3,3.7,5.1,117.0,31.0,,,,,,
2024-07-14T07:00,33,Good,4.9,11.8,3.8,5.5,118.0,31.0,,,,,,
2024-07-14T08:00,33,Good,4.9,11.8,3.8,5.8,120.0,32.0,,,,,,
2024-07-14T09:00,33,Good,5.2,12.1,3.8,6.2,123.0,36.0,,,,,,
2024-07-14T10:00,33,Good,5.5,12.5,3.9,6.7,126.0,41.0,,,,,,
2024-07-14T11:00,33,Good,6.1,13.6,3.7,6.7,128.0,47.0,,,,,,
2024-07-14T12:00,33,Good,6.7,15.8,3.2,6.0,127.0,54.0,,,,,,
2024-07-14T13:00,34,Good,7.0,17.7,2.4,4.8,124.0,62.0,,,,,,
2024-07-14T14:00,34,Good,7.2,18.2,2.1,3.9,122.0,67.0,,,,,,
2024-07-14T15:00,34,Good,7.4,17.7,2.5,3.5,122.0,67.0,,,,,,
2024-07-14T16:00,35,Good,7.0,15.9,3.2,3.2,124.0,65.0,,,,,,
2024-07-14T17:00,36,Good,8.3,20.5,3.5,3.4,124.0,68.0,,,,,,
2024-07-14T18:00,36,Good,6.4,14.3,4.0,3.8,122.0,61.0,,,,,,
2024-07-14T19:00,36,Good,5.4,11.0,4.7,4.3,120.0,50.0,,,,,,
2024-07-14T20:00,35,Good,4.8,9.3,5.3,4.7,119.0,42.0,,,,,,
2024-07-14T21:00,33,Good,4.6,8.4,5.6,4.9,121.0,37.0,,,,,,
2024-07-14T22:00,32,Good,4.5,8.1,5.8,5.1,125.0,35.0,,,,,,
2024-07-14T23:00,32,Good,4.4,7.9,5.8,5.1,127.0,33.0,,,,,,
2024-07-15T00:00,31,Good,3.9,6.8,5.5,4.9,125.0,32.0,,,,,,
2024-07-15T01:00,31,Good,3.4,5.8,5.1,4.6,121.0,31.0,,,,,,
2024-07-15T02:00,30,Good,3.2,5.6,4.7,4.4,117.0,31.0,,,,,,
2024-07-15T03:00,30,Good,3.1,5.7,4.3,4.3,113.0,31.0,,,,,,
2024-07-15T04:00,30,Good,2.9,5.4,3.9,4.3,109.0,31.0,,,,,,
2024-07-15T05:00,29,Good,3.7,6.9,3.8,4.4,109.0,31.0,,,,,,
2024-07-15T06:00,29,Good,3.0,5.4,3.8,4.4,109.0,31.0,,,,,,
2024-07-15T07:00,29,Good,2.8,4.9,3.8,4.5,109.0,31.0,,,,,,
2024-07-15T08:00,28,Good,2.8,5.0,3.7,4.5,109.0,32.0,,,,,,
2024-07-15T09:00,28,Good,3.2,5.6,3.4,4.5,111.0,35.0,,,,,,
2024-07-15T10:00,27,Good,3.9,6.8,3.0,4.5,113.0,39.0,,,,,,
2024-07-15T11:00,27,Good,4.4,7.5,2.6,4.4,114.0,43.0,,,,,,
2024-07-15T12:00,26,Good,4.1,7.1,2.1,4.0,113.0,49.0,,,,,,
2024-07-15T13:00,26,Good,3.7,6.6,1.5,3.5,112.0,56.0,,,,,,
2024-07-15T14:00,25,Good,3.8,6.7,1.3,3.1,111.0,60.0,,,,,,
2024-07-15T15:00,24,Good,3.8,7.0,1.5,3.0,111.0,59.0,,,,,,
2024-07-15T16:00,23,Good,3.4,6.2,2.1,3.1,111.0,54.0,,,,,,
2024-07-15T17:00,23,Good,4.9,9.3,3.3,3.9,110.0,49.0,,,,,,
2024-07-15T18:00,24,Good,4.4,8.1,4.1,4.2,114.0,45.0,,,,,,
2024-07-15T19:00,24,Good,4.3,8.0,5.2,4.6,119.0,39.0,,,,,,
2024-07-15T20:00,24,Good,5.3,10.9,6.0,4.9,123.0,34.0,,,,,,
2024-07-15T21:00,23,Good,3.4,5.7,6.1,5.0,123.0,32.0,,,,,,
2024-07-15T22:00,22,Good,3.3,5.2,5.8,5.0,122.0,31.0,,,,,,
2024-07-15T23:00,21,Good,3.5,5.7,5.4,4.9,120.0,30.0,,,,,,
2024-07-16T00:00,20,Good,3.8,6.2,5.1,4.8,118.0,29.0,,,,,,
2024-07-16T01:00,20,Good,3.5,6.1,4.7,4.7,115.0,28.0,,,,,,
2024-07-16T02:00,20,Good,2.7,4.3,4.3,4.6,112.0,28.0,,,,,,
2024-07-16T03:00,20,Good,2.2,3.6,4.0,4.4,109.0,28.0,,,,,,
2024-07-16T04:00,20,Good,1.9,3.1,3.6,4.3,106.0,28.0,,,,,,
2024-07-16T05:00,20,Good,1.9,3.3,2.9,3.8,101.0,30.0,,,,,,
2024-07-16T06:00,19,Good,2.2,4.1,3.0,4.2,102.0,30.0,,,,,,
2024-07-16T07:00,19,Good,2.2,4.1,3.1,4.8,104.0,30.0,,,,,,
2024-07-16T08:00,19,Good,2.6,5.0,3.1,5.2,106.0,32.0,,,,,,
2024-07-16T09:00,19,Good,4.0,8.0,2.9,5.3,109.0,36.0,,,,,,
2024-07-16T10:00,19,Good,5.1,10.4,2.6,5.1,112.0,41.0,,,,,,
2024-07-16T11:00,20,Good,5.3,11.1,2.3,4.8,114.0,46.0,,,,,,
2024-07-16T12:00,20,Good,5.2,12.1,1.9,4.2,114.0,53.0,,,,,,
2024-07-16T13:00,20,Good,5.7,13.6,1.4,3.4,112.0,59.0,,,,,,
2024-07-16T14:00,20,Good,7.9,21.3,1.3,2.8,111.0,63.0,,,,,,
2024-07-16T15:00,21,Good,6.6,16.2,1.6,2.6,109.0,61.0,,,,,,
2024-07-16T16:00,23,Good,6.2,15.6,2.2,2.7,108.0,55.0,,,,,,
2024-07-16T17:00,24,Good,6.6,16.9,2.8,3.1,107.0,53.0,,,,,,
2024-07-16T18:00,25,Good,6.6,16.0,3.6,3.7,109.0,49.0,,,,,,
2024-07-16T19:00,25,Good,6.2,14.1,4.7,4.5,112.0,43.0,,,,,,
2024-07-16T20:00,25,Good,6.1,12.8,5.5,5.1,114.0,38.0,,,,,,
2024-07-16T21:00,24,Good,6.4,12.6,5.8,5.1,115.0,36.0,,,,,,
2024-07-16T22:00,25,Good,6.3,12.0,5.9,4.9,116.0,35.0,,,,,,
2024-07-16T23:00,26,Good,5.5,10.2,5.8,4.8,116.0,34.0,,,,,,
2024-07-17T00:00,26,Good,4.2,7.4,5.7,4.9,116.0,33.0,,,,,,
2024-07-17T01:00,26,Good,3.3,5.7,5.4,5.0,114.0,32.0,,,,,,
2024-07-17T02:00,26,Good,2.9,4.8,5.1,5.1,113.0,32.0,,,,,,
2024-07-17T03:00,26,Good,2.8,4.6,4.7,5.0,111.0,32.0,,,,,,
2024-07-17T04:00,26,Good,3.0,5.3,4.3,4.9,108.0,32.0,,,,,,
2024-07-17T05:00,27,Good,2.9,5.0,3.2,4.0,101.0,34.0,,,,,,
2024-07-17T06:00,27,Good,2.4,4.1,3.2,4.2,103.0,34.0,,,,,,
2024-07-17T07:00,27,Good,2.3,3.8,3.2,4.6,105.0,34.0,,,,,,
2024-07-17T08:00,27,Good,2.5,4.1,3.1,4.9,108.0,36.0,,,,,,
2024-07-17T09:00,27,Good,3.1,4.9,2.9,5.3,112.0,40.0,,,,,,
2024-07-17T10:00,27,Good,3.8,6.1,2.6,5.6,116.0,46.0,,,,,,
2024-07-17T11:00,26,Good,4.3,6.9,2.3,5.6,118.0,52.0,,,,,,
2024-07-17T12:00,26,Good,4.6,8.1,1.8,4.9,116.0,59.0,,,,,,
2024-07-17T13:00,26,Good,4.4,8.1,1.3,3.8,113.0,66.0,,,,,,
2024-07-17T14:00,26,Good,4.9,8.8,1.2,3.1,110.0,69.0,,,,,,
2024-07-17T15:00,25,Good,4.7,8.5,1.6,3.0,109.0,65.0,,,,,,
2024-07-17T16:00,25,Good,4.9,9.4,2.3,3.2,109.0,57.0,,,,,,
2024-07-17T17:00,26,Good,6.1,11.0,3.5,3.5,112.0,48.0,,,,,,
2024-07-17T18:00,27,Good,5.3,9.9,4.1,4.0,114.0,45.0,,,,,,
2024-07-17T19:00,27,Good,4.8,8.7,5.0,4.6,118.0,41.0,,,,,,
2024-07-17T20:00,26,Good,5.0,9.1,5.6,5.1,120.0,38.0,,,,,,
2024-07-17T21:00,25,Good,5.2,9.3,5.7,5.3,121.0,36.0,,,,,,
2024-07-17T22:00,23,Good,4.9,8.7,5.6,5.4,121.0,35.0,,,,,,
2024-07-17T23:00,23,Good,4.6,8.0,5.4,5.4,121.0,34.0,,,,,,
2024-07-18T00:00,22,Good,4.0,6.8,5.2,5.2,120.0,34.0,,,,,,
2024-07-18T01:00,22,Good,3.5,5.8,4.8,4.9,119.0,34.0,,,,,,
2024-07-18T02:00,22,Good,3.2,5.5,4.5,4.6,118.0,35.0,,,,,,
2024-07-18T03:00,22,Good,3.0,5.2,4.1,4.4,116.0,35.0,,,,,,
2024-07-18T04:00,23,Good,2.9,5.2,3.8,4.2,113.0,36.0,,,,,,
2024-07-18T05:00,23,Good,3.2,5.7,4.0,4.6,113.0,35.0,,,,,,
2024-07-18T06:00,23,Good,3.3,5.9,4.0,4.7,113.0,35.0,,,,,,
2024-07-18T07:00,23,Good,3.4,6.2,3.9,4.8,113.0,35.0,,,,,,
2024-07-18T08:00,23,Good,3.1,5.4,3.7,4.9,114.0,37.0,,,,,,
2024-07-18T09:00,23,Good,3.3,5.8,3.4,5.2,116.0,42.0,,,,,,
2024-07-18T10:00,23,Good,4.1,8.2,3.0,5.5,118.0,48.0,,,,,,
2024-07-18T11:00,23,Good,4.7,8.8,2.6,5.5,119.0,54.0,,,,,,
2024-07-18T12:00,23,Good,4.8,9.1,2.1,4.8,116.0,60.0,,,,,,
2024-07-18T13:00,23,Good,4.6,9.2,1.5,3.7,112.0,66.0,,,,,,
2024-07-18T14:00,23,Good,5.3,10.8,1.3,2.9,109.0,69.0,,,,,,
2024-07-18T15:00,24,Good,5.5,10.7,1.5,2.7,108.0,67.0,,,,,,
2024-07-18T16:00,26,Good,5.4,11.0,2.1,2.9,108.0,61.0,,,,,,
2024-07-18T17:00,27,Good,5.7,11.3,3.1,3.5,106.0,51.0,,,,,,
2024-07-18T18:00,28,Good,6.0,11.6,3.7,3.9,109.0,48.0,,,,,,
2024-07-18T19:00,28,Good,6.3,12.4,4.6,4.4,114.0,44.0,,,,,,
2024-07-18T20:00,27,Good,6.7,13.2,5.2,4.8,117.0,41.0,,,,,,
2024-07-18T21:00,26,Good,6.9,13.8,5.3,4.9,118.0,40.0,,,,,,
2024-07-18T22:00,25,Good,7.0,14.3,5.1,4.9,117.0,39.0,,,,,,
2024-07-18T23:00,26,Good,6.9,14.3,4.9,4.9,116.0,39.0,,,,,,
2024-07-19T00:00,26,Good,6.9,14.1,4.7,4.9,115.0,39.0,,,,,,
2024-07-19T01:00,27,Good,7.2,14.6,4.5,4.9,113.0,38.0,,,,,,
2024-07-19T02:00,28,Good,7.6,15.4,4.3,4.9,112.0,38.0,,,,,,
2024-07-19T03:00,29,Good,8.1,16.3,4.2,5.0,112.0,37.0,,,,,,
2024-07-19T04:00,30,Good,8.3,16.6,4.2,5.2,112.0,37.0,,,,,,
2024-07-19T05:00,31,Good,8.1,16.5,3.9,5.1,111.0,38.0,,,,,,
2024-07-19T06:00,32,Good,8.1,16.5,3.7,5.3,113.0,38.0,,,,,,
2024-07-19T07:00,33,Good,8.0,16.2,3.4,5.5,115.0,39.0,,,,,,
2024-07-19T08:00,34,Good,8.2,16.6,3.1,5.6,117.0,43.0,,,,,,
2024-07-19T09:00,36,Good,8.5,17.2,2.6,5.5,118.0,52.0,,,,,,
2024-07-19T10:00,37,Good,8.7,17.6,2.0,5.1,119.0,63.0,,,,,,
2024-07-19T11:00,38,Good,8.3,17.4,1.6,4.7,119.0,72.0,,,,,,
2024-07-19T12:00,39,Good,7.9,17.1,1.3,4.0,118.0,76.0,,,,,,
2024-07-19T13:00,39,Good,8.0,17.3,1.2,3.1,116.0,77.0,,,,,,
2024-07-19T14:00,40,Good,7.6,16.4,1.2,2.5,115.0,76.0,,,,,,
2024-07-19T15:00,41,Good,7.1,15.1,1.5,2.4,114.0,73.0,,,,,,
2024-07-19T16:00,41,Good,6.6,13.8,2.1,2.6,114.0,68.0,,,,,,
2024-07-19T17:00,41,Good,6.9,14.1,2.6,2.7,113.0,63.0,,,,,,
2024-07-19T18:00,42,Good,7.1,14.6,3.3,3.1,115.0,58.0,,,,,,
2024-07-19T19:00,42,Good,7.4,14.9,4.1,3.6,117.0,51.0,,,,,,
2024-07-19T20:00,42,Good,7.5,14.8,4.8,4.0,118.0,45.0,,,,,,
2024-07-19T21:00,42,Good,7.4,14.3,5.0,4.3,118.0,42.0,,,,,,
2024-07-19T22:00,42,Good,7.4,14.6,4.9,4.6,117.0,40.0,,,,,,
2024-07-19T23:00,43,Good,7.5,14.8,4.8,4.8,116.0,39.0,,,,,,
2024-07-20T00:00,43,Good,7.6,15.0,4.6,4.7,114.0,38.0,,,,,,
2024-07-20T01:00,43,Good,7.7,15.2,4.3,4.5,112.0,38.0,,,,,,
2024-07-20T02:00,43,Good,8.0,15.7,4.1,4.4,111.0,38.0,,,,,,
2024-07-20T03:00,43,Good,8.4,16.2,4.1,4.4,111.0,37.0,,,,,,
2024-07-20T04:00,43,Good,8.5,16.3,4.1,4.5,112.0,36.0,,,,,,
2024-07-20T05:00,43,Good,7.2,14.1,3.8,4.3,111.0,37.0,,,,,,
2024-07-20T06:00,43,Good,6.8,13.2,3.7,4.5,111.0,37.0,,,,,,
2024-07-20T07:00,43,Good,7.1,13.6,3.5,4.8,112.0,38.0,,,,,,
2024-07-20T08:00,42,Good,7.7,14.8,3.2,4.9,112.0,41.0,,,,,,
2024-07-20T09:00,42,Good,8.3,16.1,2.7,4.9,112.0,48.0,,,,,,
2024-07-20T10:00,42,Good,9.0,17.6,2.2,4.8,111.0,56.0,,,,,,
2024-07-20T11:00,42,Good,9.6,19.7,1.7,4.5,111.0,64.0,,,,,,
2024-07-20T12:00,43,Good,10.6,22.9,1.4,4.0,112.0,70.0,,,,,,
2024-07-20T13:00,43,Good,10.8,23.3,1.2,3.3,113.0,74.0,,,,,,
2024-07-20T14:00,44,Good,10.4,22.5,1.3,2.8,114.0,76.0,,,,,,
2024-07-20T15:00,45,Good,10.7,23.6,1.6,2.6,115.0,74.0,,,,,,
2024-07-20T16:00,45,Good,9.7,20.5,2.2,2.6,115.0,70.0,,,,,,
2024-07-20T17:00,46,Good,9.4,20.1,2.8,3.0,121.0,67.0,,,,,,
2024-07-20T18:00,47,Good,8.2,16.5,3.5,3.3,122.0,61.0,,,,,,
2024-07-20T19:00,47,Good,8.0,15.7,4.5,3.7,123.0,53.0,,,,,,
2024-07-20T20:00,47,Good,8.3,16.6,5.2,4.1,124.0,46.0,,,,,,
2024-07-20T21:00,47,Good,8.4,17.0,5.5,4.5,125.0,42.0,,,,,,
2024-07-20T22:00,48,Good,8.6,17.6,5.6,4.9,126.0,40.0,,,,,,
2024-07-20T23:00,48,Good,9.0,18.1,5.6,5.2,126.0,39.0,,,,,,
2024-07-21T00:00,48,Good,8.9,18.0,5.4,5.3,124.0,38.0,,,,,,
2024-07-21T01:00,48,Good,8.6,17.1,5.2,5.4,121.0,37.0,,,,,,
2024-07-21T02:00,49,Good,8.2,16.2,4.9,5.4,119.0,37.0,,,,,,
2024-07-21T03:00,49,Good,8.1,15.7,4.7,5.3,117.0,36.0,,,,,,
2024-07-21T04:00,49,Good,8.0,15.4,4.5,5.2,116.0,36.0,,,,,,
2024-07-21T05:00,49,Good,8.9,17.1,4.3,5.3,113.0,37.0,,,,,,
2024-07-21T06:00,49,Good,9.0,17.3,4.1,5.5,114.0,37.0,,,,,,
2024-07-21T07:00,49,Good,9.2,17.6,3.7,5.7,116.0,38.0,,,,,,
2024-07-21T08:00,50,Good,9.5,18.3,3.3,5.8,118.0,42.0,,,,,,
2024-07-21T09:00,50,Good,9.9,19.3,2.8,5.6,121.0,51.0,,,,,,
2024-07-21T10:00,50,Good,10.4,20.5,2.1,5.1,123.0,63.0,,,,,,
2024-07-21T11:00,50,Good,10.7,21.8,1.7,4.6,126.0,73.0,,,,,,
2024-07-21T12:00,50,Good,10.5,22.1,1.5,3.9,128.0,79.0,,,,,,
2024-07-21T13:00,50,Good,10.3,22.2,1.5,3.1,130.0,82.0,,,,,,
2024-07-21T14:00,50,Good,10.1,21.9,1.7,2.5,131.0,82.0,,,,,,
2024-07-21T15:00,50,Good,9.1,20.2,2.0,2.3,130.0,78.0,,,,,,
2024-07-21T16:00,50,Good,7.6,17.9,2.6,2.3,129.0,71.0,,,,,,
2024-07-21T17:00,50,Good,8.8,23.5,2.7,2.5,128.0,68.0,,,,,,
2024-07-21T18:00,50,Good,8.0,19.9,3.2,2.8,128.0,64.0,,,,,,
2024-07-21T19:00,50,Good,7.8,17.0,3.9,3.2,129.0,58.0,,,,,,
2024-07-21T20:00,50,Good,7.8,16.1,4.4,3.5,129.0,53.0,,,,,,
2024-07-21T21:00,50,Good,7.8,15.8,4.5,3.7,129.0,50.0,,,,,,
2024-07-21T22:00,50,Good,8.0,15.7,4.5,3.9,129.0,48.0,,,,,,
2024-07-21T23:00,50,Good,8.4,16.6,4.5,4.1,129.0,46.0,,,,,,
2024-07-22T00:00,49,Good,8.8,16.6,4.7,4.5,128.0,44.0,,,,,,
2024-07-22T01:00,49,Good,9.2,17.2,4.9,5.0,126.0,43.0,,,,,,
2024-07-22T02:00,50,Good,9.5,17.7,5.0,5.3,123.0,42.0,,,,,,
2024-07-22T03:00,50,Good,9.6,17.9,4.8,5.4,119.0,42.0,,,,,,
2024-07-22T04:00,50,Good,9.5,17.7,4.5,5.4,115.0,42.0,,,,,,
2024-07-22T05:00,50,Good,8.2,15.5,3.9,4.7,118.0,41.0,,,,,,
2024-07-22T06:00,50,Good,7.4,13.6,3.8,4.8,118.0,41.0,,,,,,
2024-07-22T07:00,50,Good,6.6,11.6,3.5,4.9,119.0,41.0,,,,,,
2024-07-22T08:00,49,Good,6.1,10.6,3.2,5.0,119.0,44.0,,,,,,
2024-07-22T09:00,49,Good,6.0,10.5,2.7,5.0,119.0,52.0,,,,,,
2024-07-22T10:00,48,Good,6.2,11.0,2.0,4.8,119.0,63.0,,,,,,
2024-07-22T11:00,47,Good,6.7,12.8,1.5,4.5,119.0,72.0,,,,,,
2024-07-22T12:00,46,Good,6.7,13.2,1.3,3.8,118.0,77.0,,,,,,
2024-07-22T13:00,45,Good,6.6,13.0,1.2,2.9,116.0,80.0,,,,,,
2024-07-22T14:00,44,Good,7.3,13.8,1.3,2.3,116.0,81.0,,,,,,
2024-07-22T15:00,43,Good,6.3,11.6,1.7,2.2,118.0,80.0,,,,,,
2024-07-22T16:00,43,Good,5.3,9.4,2.3,2.5,122.0,77.0,,,,,,
2024-07-22T17:00,42,Good,6.5,11.6,2.8,3.0,117.0,70.0,,,,,,
2024-07-22T18:00,42,Good,5.6,9.9,3.5,3.3,117.0,62.0,,,,,,
2024-07-22T19:00,41,Good,4.9,8.7,4.5,3.7,117.0,52.0,,,,,,
2024-07-22T20:00,41,Good,4.5,7.9,5.3,4.1,117.0,43.0,,,,,,
2024-07-22T21:00,40,Good,4.7,8.1,5.7,4.6,118.0,39.0,,,,,,
2024-07-22T22:00,39,Good,4.6,7.8,5.9,5.1,119.0,36.0,,,,,,
2024-07-22T23:00,38,Good,4.4,7.5,5.9,5.5,119.0,35.0,,,,,,
2024-07-23T00:00,37,Good,4.4,7.5,5.7,5.6,118.0,34.0,,,,,,
2024-07-23T01:00,36,Good,4.4,7.7,5.4,5.6,116.0,34.0,,,,,,
2024-07-23T02:00,35,Good,4.6,8.1,5.1,5.5,114.0,34.0,,,,,,
2024-07-23T03:00,34,Good,4.8,8.3,4.9,5.4,112.0,33.0,,,,,,
2024-07-23T04:00,33,Good,4.5,7.7,4.7,5.3,111.0,32.0,,,,,,
2024-07-23T05:00,32,Good,4.5,8.0,4.4,5.3,109.0,33.0,,,,,,
2024-07-23T06:00,31,Good,4.3,7.6,4.1,5.3,109.0,33.0,,,,,,
2024-07-23T07:00,30,Good,4.2,7.3,3.6,5.4,110.0,33.0,,,,,,
2024-07-23T08:00,30,Good,4.2,7.3,3.1,5.3,111.0,36.0,,,,,,
2024-07-23T09:00,29,Good,4.8,8.1,2.6,5.0,114.0,44.0,,,,,,
2024-07-23T10:00,29,Good,5.4,9.1,2.2,4.7,119.0,54.0,,,,,,
2024-07-23T11:00,29,Good,5.4,9.6,1.8,4.2,121.0,63.0,,,,,,
2024-07-23T12:00,28,Good,5.3,10.2,1.5,3.5,119.0,68.0,,,,,,
2024-07-23T13:00,28,Good,5.6,10.9,1.3,2.7,115.0,71.0,,,,,,
2024-07-23T14:00,28,Good,5.7,11.4,1.3,2.2,112.0,72.0,,,,,,
2024-07-23T15:00,28,Good,5.7,11.7,1.6,2.0,110.0,70.0,,,,,,
2024-07-23T16:00,28,Good,5.6,11.6,2.0,2.0,110.0,65.0,,,,,,
2024-07-23T17:00,29,Good,6.6,13.6,2.5,2.2,117.0,67.0,,,,,,
2024-07-23T18:00,31,Good,5.8,11.5,3.3,2.6,119.0,61.0,,,,,,
2024-07-23T19:00,31,Good,5.7,10.8,4.4,3.3,123.0,53.0,,,,,,
2024-07-23T20:00,31,Good,5.7,10.4,5.2,3.8,125.0,46.0,,,,,,
2024-07-23T21:00,29,Good,5.8,10.4,5.6,4.1,126.0,42.0,,,,,,
2024-07-23T22:00,28,Good,6.0,10.7,5.8,4.4,127.0,38.0,,,,,,
2024-07-23T23:00,29,Good,5.8,10.4,5.8,4.6,126.0,36.0,,,,,,
2024-07-24T00:00,29,Good,5.7,10.2,5.7,4.8,124.0,34.0,,,,,,
2024-07-24T01:00,29,Good,5.5,9.7,5.5,4.9,120.0,33.0,,,,,,
2024-07-24T02:00,29,Good,5.2,9.1,5.2,4.9,117.0,32.0,,,,,,
2024-07-24T03:00,30,Good,5.0,8.6,4.9,4.8,114.0,31.0,,,,,,
2024-07-24T04:00,30,Good,4.8,8.3,4.6,4.6,110.0,30.0,,,,,,
2024-07-24T05:00,30,Good,4.7,8.0,4.2,4.8,116.0,30.0,,,,,,
2024-07-24T06:00,30,Good,4.5,7.6,3.9,5.0,115.0,30.0,,,,,,
2024-07-24T07:00,30,Good,4.4,7.5,3.5,5.4,115.0,29.0,,,,,,
2024-07-24T08:00,30,Good,4.6,7.9,3.1,5.5,115.0,32.0,,,,,,
2024-07-24T09:00,30,Good,5.2,8.7,2.7,5.4,117.0,40.0,,,,,,
2024-07-24T10:00,30,Good,6.1,10.4,2.3,5.1,119.0,50.0,,,,,,
2024-07-24T11:00,30,Good,6.2,11.2,1.9,4.6,121.0,60.0,,,,,,
2024-07-24T12:00,30,Good,6.9,13.4,1.6,3.8,123.0,69.0,,,,,,
2024-07-24T13:00,31,Good,7.5,15.4,1.4,2.9,125.0,77.0,,,,,,
2024-07-24T14:00,31,Good,8.3,17.9,1.4,2.2,126.0,81.0,,,,,,
2024-07-24T15:00,32,Good,8.6,19.2,1.7,2.1,125.0,80.0,,,,,,
2024-07-24T16:00,32,Good,8.1,17.9,2.1,2.2,124.0,75.0,,,,,,
2024-07-24T17:00,33,Good,8.2,17.3,2.9,2.1,118.0,76.0,,,,,,
2024-07-24T18:00,33,Good,7.5,14.9,3.6,2.6,119.0,68.0,,,,,,
2024-07-24T19:00,34,Good,7.3,13.7,4.5,3.4,120.0,58.0,,,,,,
2024-07-24T20:00,34,Good,6.6,11.6,5.2,4.0,121.0,49.0,,,,,,
2024-07-24T21:00,34,Good,6.3,10.9,5.4,4.4,120.0,44.0,,,,,,
2024-07-24T22:00,34,Good,6.3,11.0,5.4,4.6,118.0,40.0,,,,,,
2024-07-24T23:00,35,Good,6.1,11.1,5.3,4.8,117.0,37.0,,,,,,
2024-07-25T00:00,35,Good,6.3,11.3,5.3,5.0,117.0,35.0,,,,,,
2024-07-25T01:00,35,Good,6.4,11.4,5.3,5.1,116.0,34.0,,,,,,
2024-07-25T02:00,35,Good,6.0,10.8,5.2,5.2,116.0,34.0,,,,,,
2024-07-25T03:00,35,Good,5.1,9.1,4.9,5.2,114.0,34.0,,,,,,
2024-07-25T04:00,35,Good,4.8,8.2,4.6,5.2,112.0,34.0,,,,,,
2024-07-25T05:00,35,Good,3.9,6.7,4.5,4.8,114.0,34.0,,,,,,
2024-07-25T06:00,35,Good,3.5,5.8,4.2,5.2,116.0,34.0,,,,,,
2024-07-25T07:00,35,Good,2.8,4.7,3.8,5.7,118.0,35.0,,,,,,
2024-07-25T08:00,34,Good,3.2,5.2,3.4,5.9,119.0,37.0,,,,,,
2024-07-25T09:00,34,Good,3.8,6.3,2.9,5.6,119.0,42.0,,,,,,
2024-07-25T10:00,34,Good,4.8,8.0,2.3,4.9,119.0,49.0,,,,,,
2024-07-25T11:00,33,Good,4.9,8.8,1.8,4.3,118.0,55.0,,,,,,
2024-07-25T12:00,33,Good,5.0,9.4,1.5,3.7,116.0,59.0,,,,,,
2024-07-25T13:00,33,Good,5.6,10.8,1.3,3.1,113.0,63.0,,,,,,
2024-07-25T14:00,32,Good,5.9,11.4,1.3,2.7,111.0,64.0,,,,,,
2024-07-25T15:00,32,Good,6.0,12.0,1.6,2.5,111.0,62.0,,,,,,
2024-07-25T16:00,31,Good,5.9,12.4,2.1,2.5,112.0,58.0,,,,,,
2024-07-25T17:00,31,Good,5.4,11.1,3.0,3.0,115.0,52.0,,,,,,
2024-07-25T18:00,30,Good,5.2,10.3,3.8,3.3,118.0,47.0,,,,,,
2024-07-25T19:00,29,Good,5.0,9.4,4.9,3.7,121.0,40.0,,,,,,
2024-07-25T20:00,29,Good,4.9,8.8,5.8,4.2,124.0,35.0,,,,,,
2024-07-25T21:00,28,Good,4.9,8.6,6.3,4.9,126.0,32.0,,,,,,
2024-07-25T22:00,28,Good,4.7,8.0,6.5,5.7,127.0,31.0,,,,,,
2024-07-25T23:00,28,Good,4.2,7.1,6.6,6.2,127.0,30.0,,,,,,
2024-07-26T00:00,27,Good,4.0,6.6,6.5,6.3,127.0,29.0,,,,,,
2024-07-26T01:00,27,Good,3.4,5.6,6.2,6.1,126.0,29.0,,,,,,
2024-07-26T02:00,26,Good,3.1,4.9,5.8,5.8,125.0,29.0,,,,,,
2024-07-26T03:00,25,Good,2.7,4.3,5.3,5.5,122.0,29.0,,,,,,
2024-07-26T04:00,25,Good,2.4,3.8,4.7,5.2,119.0,30.0,,,,,,
2024-07-26T05:00,24,Good,2.0,3.3,3.8,4.8,114.0,32.0,,,,,,
2024-07-26T06:00,24,Good,2.1,3.6,3.7,4.9,114.0,32.0,,,,,,
2024-07-26T07:00,24,Good,2.8,4.9,3.5,5.1,115.0,33.0,,,,,,
2024-07-26T08:00,24,Good,3.6,6.7,3.3,5.2,116.0,35.0,,,,,,
2024-07-26T09:00,24,Good,4.7,8.6,2.9,5.2,117.0,41.0,,,,,,
2024-07-26T10:00,24,Good,5.7,10.1,2.5,5.2,119.0,49.0,,,,,,
2024-07-26T11:00,24,Good,5.9,11.1,2.1,4.9,119.0,56.0,,,,,,
2024-07-26T12:00,24,Good,6.1,12.4,1.8,4.2,117.0,62.0,,,,,,
2024-07-26T13:00,25,Good,6.3,13.7,1.5,3.3,114.0,66.0,,,,,,
2024-07-26T14:00,25,Good,6.5,15.3,1.4,2.7,112.0,68.0,,,,,,
2024-07-26T15:00,25,Good,6.5,16.0,1.7,2.4,110.0,66.0,,,,,,
2024-07-26T16:00,26,Good,6.4,15.5,2.2,2.4,108.0,61.0,,,,,,
2024-07-26T17:00,27,Good,6.8,15.1,2.6,2.7,105.0,58.0,,,,,,
2024-07-26T18:00,28,Good,6.4,13.9,3.3,3.1,107.0,53.0,,,,,,
2024-07-26T19:00,28,Good,6.4,13.0,4.4,3.7,110.0,46.0,,,,,,
2024-07-26T20:00,28,Good,6.4,12.5,5.2,4.3,112.0,40.0,,,,,,
2024-07-26T21:00,27,Good,6.3,11.9,5.6,5.0,112.0,37.0,,,,,,
2024-07-26T22:00,27,Good,6.1,11.3,5.7,5.7,112.0,35.0,,,,,,
2024-07-26T23:00,27,Good,5.7,10.6,5.8,6.2,111.0,33.0,,,,,,
2024-07-27T00:00,27,Good,5.6,10.1,5.8,6.4,110.0,32.0,,,,,,
2024-07-27T01:00,28,Good,5.8,10.4,5.7,6.3,109.0,31.0,,,,,,
2024-07-27T02:00,28,Good,6.1,11.1,5.5,6.1,107.0,30.0,,,,,,
2024-07-27T03:00,29,Good,6.6,12.0,5.1,5.7,105.0,29.0,,,,,,
2024-07-27T04:00,30,Good,6.2,11.3,4.7,5.1,103.0,29.0,,,,,,
2024-07-27T05:00,31,Good,6.8,12.6,4.3,4.8,106.0,28.0,,,,,,
2024-07-27T06:00,32,Good,6.5,12.0,4.1,5.2,109.0,28.0,,,,,,
2024-07-27T07:00,33,Good,5.8,10.4,3.9,5.8,112.0,28.0,,,,,,
2024-07-27T08:00,34,Good,5.2,8.8,3.5,6.0,115.0,32.0,,,,,,
2024-07-27T09:00,34,Good,5.1,8.3,2.9,5.7,116.0,41.0,,,,,,
2024-07-27T10:00,34,Good,5.2,8.9,2.2,5.1,116.0,54.0,,,,,,
2024-07-27T11:00,34,Good,5.0,9.9,1.6,4.4,116.0,64.0,,,,,,
2024-07-27T12:00,34,Good,5.4,11.1,1.3,3.7,115.0,70.0,,,,,,
2024-07-27T13:00,34,Good,6.3,13.4,1.2,2.9,114.0,74.0,,,,,,
2024-07-27T14:00,34,Good,7.4,15.5,1.3,2.4,113.0,75.0,,,,,,
2024-07-27T15:00,34,Good,7.2,15.7,1.7,2.4,114.0,73.0,,,,,,
2024-07-27T16:00,34,Good,6.5,15.1,2.4,2.7,115.0,69.0,,,,,,
2024-07-27T17:00,34,Good,8.4,19.8,3.0,2.9,115.0,65.0,,,,,,
2024-07-27T18:00,34,Good,6.9,15.8,3.8,3.2,117.0,58.0,,,,,,
2024-07-27T19:00,34,Good,6.2,13.3,4.8,3.7,120.0,49.0,,,,,,
2024-07-27T20:00,34,Good,6.0,11.4,5.6,4.1,122.0,42.0,,,,,,
2024-07-27T21:00,34,Good,6.0,11.1,5.9,4.5,123.0,38.0,,,,,,
2024-07-27T22:00,34,Good,5.7,10.7,5.9,4.8,124.0,36.0,,,,,,
2024-07-27T23:00,34,Good,5.3,9.9,5.7,4.9,122.0,34.0,,,,,,
2024-07-28T00:00,34,Good,5.0,9.5,5.2,4.8,117.0,33.0,,,,,,
2024-07-28T01:00,34,Good,4.3,8.0,4.5,4.4,110.0,33.0,,,,,,
2024-07-28T02:00,34,Good,3.7,7.1,4.0,4.2,105.0,33.0,,,,,,
2024-07-28T03:00,33,Good,3.4,6.6,3.8,4.1,103.0,33.0,,,,,,
2024-07-28T04:00,32,Good,3.4,6.9,3.8,4.1,103.0,32.0,,,,,,
2024-07-28T05:00,32,Good,3.9,7.9,3.7,4.3,104.0,32.0,,,,,,
2024-07-28T06:00,31,Good,3.7,7.2,3.5,4.4,105.0,32.0,,,,,,
2024-07-28T07:00,30,Good,3.4,6.5,3.3,4.6,106.0,32.0,,,,,,
2024-07-28T08:00,30,Good,3.4,6.1,3.0,4.7,107.0,35.0,,,,,,
2024-07-28T09:00,29,Good,3.8,6.5,2.6,4.8,109.0,42.0,,,,,,
2024-07-28T10:00,29,Good,4.7,7.7,2.2,4.8,111.0,52.0,,,,,,
2024-07-28T11:00,29,Good,5.1,9.2,1.8,4.6,113.0,61.0,,,,,,
2024-07-28T12:00,29,Good,5.2,10.1,1.5,4.1,113.0,67.0,,,,,,
2024-07-28T13:00,29,Good,5.1,9.9,1.3,3.5,112.0,72.0,,,,,,
2024-07-28T14:00,29,Good,4.6,8.8,1.3,3.1,111.0,74.0,,,,,,
2024-07-28T15:00,28,Good,4.6,8.8,1.7,3.0,112.0,72.0,,,,,,
2024-07-28T16:00,28,Good,4.9,10.8,2.3,3.0,113.0,67.0,,,,,,
2024-07-28T17:00,29,Good,6.1,11.9,3.0,3.4,113.0,63.0,,,,,,
2024-07-28T18:00,31,Good,4.9,9.1,3.7,3.7,114.0,57.0,,,,,,
2024-07-28T19:00,31,Good,4.3,7.8,4.8,4.2,117.0,48.0,,,,,,
2024-07-28T20:00,30,Good,3.9,6.9,5.6,4.6,119.0,41.0,,,,,,
2024-07-28T21:00,29,Good,3.6,6.1,6.0,5.0,122.0,37.0,,,,,,
2024-07-28T22:00,27,Good,3.7,6.2,6.2,5.3,126.0,35.0,,,,,,
2024-07-28T23:00,24,Good,3.9,6.5,6.2,5.5,127.0,34.0,,,,,,
2024-07-29T00:00,24,Good,3.7,6.1,5.8,5.3,125.0,33.0,,,,,,
2024-07-29T01:00,23,Good,3.6,6.0,5.2,5.0,122.0,32.0,,,,,,
2024-07-29T02:00,23,Good,3.5,6.1,4.7,4.7,118.0,32.0,,,,,,
2024-07-29T03:00,23,Good,3.6,6.5,4.3,4.6,114.0,32.0,,,,,,
2024-07-29T04:00,23,Good,3.5,6.6,3.9,4.6,109.0,33.0,,,,,,
2024-07-29T05:00,23,Good,2.4,4.5,3.3,4.2,105.0,33.0,,,,,,
2024-07-29T06:00,23,Good,2.5,5.2,3.2,4.4,105.0,33.0,,,,,,
2024-07-29T07:00,23,Good,3.1,6.7,3.1,4.6,106.0,33.0,,,,,,
2024-07-29T08:00,23,Good,4.2,8.8,3.0,4.9,108.0,34.0,,,,,,
2024-07-29T09:00,23,Good,5.4,11.1,3.2,5.2,112.0,34.0,,,,,,
2024-07-29T10:00,23,Good,6.0,11.7,3.4,5.5,116.0,35.0,,,,,,
2024-07-29T11:00,23,Good,5.9,11.0,3.4,5.5,119.0,38.0,,,,,,
2024-07-29T12:00,24,Good,5.7,10.7,2.8,5.1,118.0,46.0,,,,,,
2024-07-29T13:00,24,Good,5.6,11.3,1.9,4.5,116.0,55.0,,,,,,
2024-07-29T14:00,24,Good,5.4,10.3,1.5,4.0,114.0,61.0,,,,,,
2024-07-29T15:00,24,Good,4.9,9.3,1.8,3.6,114.0,60.0,,,,,,
2024-07-29T16:00,24,Good,4.4,8.2,2.5,3.2,115.0,54.0,,,,,,
2024-07-29T17:00,24,Good,5.7,11.0,3.3,3.2,120.0,54.0,,,,,,
2024-07-29T18:00,24,Good,4.6,8.2,4.0,3.6,123.0,49.0,,,,,,
2024-07-29T19:00,24,Good,4.3,7.7,5.0,4.1,127.0,43.0,,,,,,
2024-07-29T20:00,24,Good,4.6,8.8,5.8,4.5,130.0,38.0,,,,,,
2024-07-29T21:00,24,Good,5.0,10.1,6.1,4.9,131.0,36.0,,,,,,
2024-07-29T22:00,24,Good,4.2,7.9,6.1,5.2,132.0,35.0,,,,,,
2024-07-29T23:00,24,Good,4.2,7.2,6.0,5.3,131.0,34.0,,,,,,
2024-07-30T00:00,25,Good,4.5,7.8,5.7,5.2,128.0,33.0,,,,,,
2024-07-30T01:00,25,Good,5.0,9.2,5.3,4.8,125.0,33.0,,,,,,
2024-07-30T02:00,25,Good,4.9,9.0,4.9,4.6,121.0,33.0,,,,,,
2024-07-30T03:00,25,Good,4.4,8.0,4.6,4.5,118.0,33.0,,,,,,
2024-07-30T04:00,26,Good,4.0,7.3,4.3,4.5,115.0,33.0,,,,,,
2024-07-30T05:00,26,Good,4.4,8.4,3.3,3.7,110.0,33.0,,,,,,
2024-07-30T06:00,26,Good,3.3,6.3,3.1,3.9,111.0,33.0,,,,,,
2024-07-30T07:00,26,Good,2.7,5.0,2.9,4.2,113.0,33.0,,,,,,
2024-07-30T08:00,26,Good,2.7,4.9,2.7,4.5,116.0,35.0,,,,,,
2024-07-30T09:00,26,Good,3.0,5.2,2.6,4.8,120.0,40.0,,,,,,
2024-07-30T10:00,25,Good,4.0,6.8,2.6,5.2,125.0,47.0,,,,,,
2024-07-30T11:00,25,Good,5.1,8.5,2.5,5.2,128.0,54.0,,,,,,
2024-07-30T12:00,25,Good,5.3,9.3,2.2,4.7,128.0,62.0,,,,,,
2024-07-30T13:00,25,Good,6.2,11.8,1.7,3.9,125.0,70.0,,,,,,
2024-07-30T14:00,25,Good,7.1,14.0,1.6,3.3,124.0,74.0,,,,,,
2024-07-30T15:00,25,Good,8.1,15.6,1.9,3.1,124.0,73.0,,,,,,
2024-07-30T16:00,26,Good,8.8,17.6,2.6,3.0,125.0,69.0,,,,,,
2024-07-30T17:00,28,Good,7.8,15.7,3.3,2.8,130.0,64.0,,,,,,
2024-07-30T18:00,30,Good,7.1,14.0,4.0,3.2,132.0,59.0,,,,,,
2024-07-30T19:00,30,Good,7.0,13.4,4.9,3.7,134.0,51.0,,,,,,
2024-07-30T20:00,30,Good,7.1,13.9,5.5,4.1,136.0,45.0,,,,,,
2024-07-30T21:00,29,Good,7.3,14.6,5.6,4.4,137.0,42.0,,,,,,
2024-07-30T22:00,30,Good,7.4,15.3,5.4,4.6,138.0,41.0,,,,,,
2024-07-30T23:00,30,Good,7.2,15.1,5.2,4.8,137.0,40.0,,,,,,
2024-07-31T00:00,31,Good,6.9,14.3,5.0,5.1,133.0,39.0,,,,,,
2024-07-31T01:00,32,Good,6.1,12.8,4.8,5.3,128.0,39.0,,,,,,
2024-07-31T02:00,32,Good,5.4,11.1,4.6,5.5,124.0,38.0,,,,,,
2024-07-31T03:00,32,Good,5.0,10.0,4.6,5.5,123.0,37.0,,,,,,
2024-07-31T04:00,32,Good,5.1,9.8,4.6,5.5,124.0,36.0,,,,,,
2024-07-31T05:00,32,Good,5.0,9.1,4.7,5.2,128.0,35.0,,,,,,
2024-07-31T06:00,33,Good,4.9,9.1,4.5,5.4,130.0,35.0,,,,,,
2024-07-31T07:00,33,Good,4.9,9.1,4.2,5.7,132.0,35.0,,,,,,
2024-07-31T08:00,33,Good,5.1,9.3,3.9,5.9,135.0,39.0,,,,,,
2024-07-31T09:00,34,Good,5.5,9.8,3.4,6.0,138.0,48.0,,,,,,
2024-07-31T10:00,35,Good,6.3,10.6,2.9,5.9,140.0,60.0,,,,,,
2024-07-31T11:00,35,Good,6.8,11.1,2.4,5.6,141.0,71.0,,,,,,
2024-07-31T12:00,36,Good,6.7,11.2,1.9,4.8,138.0,79.0,,,,,,
2024-07-31T13:00,36,Good,6.9,11.9,1.5,3.8,133.0,86.0,,,,,,
2024-07-31T14:00,36,Good,7.3,12.8,1.4,3.1,129.0,88.0,,,,,,
2024-07-31T15:00,36,Good,7.1,12.9,1.8,3.0,127.0,84.0,,,,,,
2024-07-31T16:00,36,Good,6.5,12.3,2.5,3.2,126.0,75.0,,,,,,
2024-07-31T17:00,35,Good,9.2,18.5,3.4,2.9,127.0,73.0,,,,,,
2024-07-31T18:00,36,Good,7.7,15.6,4.0,3.2,126.0,65.0,,,,,,
2024-07-31T19:00,36,Good,6.3,12.1,4.8,3.6,126.0,55.0,,,,,,
2024-07-31T20:00,36,Good,5.3,9.7,5.5,4.1,125.0,46.0,,,,,,
2024-07-31T21:00,35,Good,4.8,8.6,5.8,4.7,124.0,42.0,,,,,,
2024-07-31T22:00,35,Good,4.7,8.2,5.9,5.3,124.0,40.0,,,,,,
2024-07-31T23:00,34,Good,4.5,7.7,5.9,5.7,123.0,38.0,,,,,,
2024-08-01T00:00,33,Good,4.4,7.6,5.8,5.7,123.0,37.0,,,,,,
2024-08-01T01:00,33,Good,4.9,8.5,5.6,5.5,124.0,36.0,,,,,,
2024-08-01T02:00,32,Good,5.2,9.1,5.3,5.2,123.0,35.0,,,,,,
2024-08-01T03:00,32,Good,5.2,9.3,4.9,5.0,120.0,35.0,,,,,,
2024-08-01T04:00,32,Good,5.2,9.4,4.4,4.7,117.0,35.0,,,,,,
2024-08-01T05:00,33,Good,5.2,10.2,3.8,4.3,117.0,35.0,,,,,,
2024-08-01T06:00,33,Good,5.7,11.4,3.6,4.4,120.0,36.0,,,,,,
2024-08-01T07:00,33,Good,5.8,11.5,3.3,4.6,124.0,37.0,,,,,,
2024-08-01T08:00,33,Good,5.7,11.0,3.0,4.7,127.0,41.0,,,,,,
2024-08-01T09:00,33,Good,6.0,11.2,2.6,4.8,131.0,52.0,,,,,,
2024-08-01T10:00,33,Good,6.7,12.3,2.1,4.9,134.0,65.0,,,,,,
2024-08-01T11:00,33,Good,6.7,13.2,1.7,4.7,134.0,75.0,,,,,,
2024-08-01T12:00,33,Good,7.7,15.6,1.4,3.9,128.0,78.0,,,,,,
2024-08-01T13:00,33,Good,9.1,18.7,1.1,2.7,119.0,77.0,,,,,,
2024-08-01T14:00,34,Good,9.8,20.1,1.1,2.0,113.0,75.0,,,,,,
2024-08-01T15:00,35,Good,8.8,18.2,1.5,2.1,115.0,74.0,,,,,,
2024-08-01T16:00,35,Good,7.2,14.6,2.1,2.7,120.0,73.0,,,,,,
2024-08-01T17:00,35,Good,7.8,15.2,2.7,2.8,121.0,69.0,,,,,,
2024-08-01T18:00,35,Good,6.7,12.9,3.5,3.1,123.0,62.0,,,,,,
2024-08-01T19:00,35,Good,6.0,11.4,4.6,3.6,126.0,53.0,,,,,,
2024-08-01T20:00,35,Good,5.4,9.9,5.4,4.0,129.0,46.0,,,,,,
2024-08-01T21:00,35,Good,4.9,8.6,5.7,4.3,130.0,42.0,,,,,,
2024-08-01T22:00,35,Good,4.8,8.4,5.6,4.6,131.0,40.0,,,,,,
2024-08-01T23:00,35,Good,4.7,8.5,5.5,4.7,131.0,39.0,,,,,,
2024-08-02T00:00,35,Good,4.8,8.8,5.3,4.6,130.0,38.0,,,,,,
2024-08-02T01:00,35,Good,4.8,9.1,4.9,4.5,127.0,37.0,,,,,,
2024-08-02T02:00,35,Good,4.9,9.5,4.6,4.3,125.0,36.0,,,,,,
2024-08-02T03:00,35,Good,5.0,9.7,4.3,4.2,123.0,35.0,,,,,,
2024-08-02T04:00,35,Good,4.9,9.5,4.0,4.0,121.0,35.0,,,,,,
2024-08-02T05:00,35,Good,3.5,6.4,3.5,3.7,118.0,36.0,,,,,,
2024-08-02T06:00,34,Good,3.2,6.0,3.3,4.0,117.0,36.0,,,,,,
2024-08-02T07:00,34,Good,2.9,5.3,3.0,4.4,117.0,37.0,,,,,,
2024-08-02T08:00,33,Good,3.0,5.4,2.7,4.6,116.0,40.0,,,,,,
2024-08-02T09:00,32,Good,3.8,6.8,2.3,4.6,116.0,48.0,,,,,,
2024-08-02T10:00,32,Good,4.7,8.8,1.8,4.6,115.0,58.0,,,,,,
2024-08-02T11:00,31,Good,5.3,10.8,1.4,4.3,115.0,66.0,,,,,,
2024-08-02T12:00,31,Good,6.0,12.5,1.2,3.7,114.0,71.0,,,,,,
2024-08-02T13:00,31,Good,6.8,13.9,1.1,3.0,113.0,75.0,,,,,,
2024-08-02T14:00,30,Good,7.3,14.9,1.2,2.5,113.0,76.0,,,,,,
2024-08-02T15:00,29,Good,7.8,15.8,1.6,2.3,114.0,74.0,,,,,,
2024-08-02T16:00,29,Good,7.6,15.1,2.2,2.2,115.0,70.0,,,,,,
2024-08-02T17:00,31,Good,8.4,17.0,2.9,2.6,122.0,70.0,,,,,,
2024-08-02T18:00,32,Good,7.7,15.1,3.6,2.9,123.0,64.0,,,,,,
2024-08-02T19:00,33,Good,7.2,13.7,4.6,3.4,125.0,56.0,,,,,,
2024-08-02T20:00,32,Good,6.8,12.3,5.3,3.9,126.0,49.0,,,,,,
2024-08-02T21:00,31,Good,6.5,11.7,5.5,4.3,128.0,45.0,,,,,,
2024-08-02T22:00,31,Good,6.6,11.8,5.5,4.6,129.0,43.0,,,,,,
2024-08-02T23:00,31,Good,6.7,12.2,5.4,4.9,129.0,41.0,,,,,,
2024-08-03T00:00,32,Good,6.5,12.3,5.2,5.0,126.0,39.0,,,,,,
2024-08-03T01:00,32,Good,6.2,12.2,4.8,5.1,121.0,38.0,,,,,,
2024-08-03T02:00,32,Good,5.9,12.0,4.5,5.1,117.0,37.0,,,,,,
2024-08-03T03:00,32,Good,5.6,11.5,4.3,5.1,115.0,36.0,,,,,,
2024-08-03T04:00,33,Good,5.4,10.8,4.1,5.2,114.0,35.0,,,,,,
2024-08-03T05:00,33,Good,4.8,9.5,4.2,5.7,117.0,35.0,,,,,,
2024-08-03T06:00,33,Good,4.9,9.5,4.1,5.9,120.0,35.0,,,,,,
2024-08-03T07:00,33,Good,5.1,9.7,4.0,6.2,123.0,35.0,,,,,,
2024-08-03T08:00,34,Good,5.4,10.2,3.8,6.4,126.0,39.0,,,,,,
2024-08-03T09:00,34,Good,6.0,11.1,3.3,6.6,127.0,48.0,,,,,,
2024-08-03T10:00,35,Good,6.6,12.1,2.7,6.7,127.0,61.0,,,,,,
2024-08-03T11:00,35,Good,7.3,13.8,2.1,6.3,127.0,72.0,,,,,,
2024-08-03T12:00,36,Good,8.2,15.5,1.6,5.0,129.0,82.0,,,,,,
2024-08-03T13:00,36,Good,9.2,17.6,1.3,3.3,131.0,90.0,,,,,,
2024-08-03T14:00,37,Good,10.1,19.9,1.2,2.1,133.0,95.0,,,,,,
2024-08-03T15:00,38,Good,10.5,20.9,1.6,1.7,133.0,95.0,,,,,,
2024-08-03T16:00,38,Good,10.3,21.0,2.2,1.8,132.0,90.0,,,,,,
2024-08-03T17:00,39,Good,9.8,19.7,3.4,3.2,131.0,83.0,,,,,,
2024-08-03T18:00,39,Good,8.9,17.2,4.1,3.5,132.0,75.0,,,,,,
2024-08-03T19:00,40,Good,8.8,16.3,5.1,3.8,134.0,64.0,,,,,,
2024-08-03T20:00,40,Good,8.4,15.4,5.8,4.3,135.0,55.0,,,,,,
2024-08-03T21:00,40,Good,9.3,19.7,5.9,4.9,134.0,50.0,,,,,,
2024-08-03T22:00,41,Good,8.7,17.8,5.8,5.6,133.0,46.0,,,,,,
2024-08-03T23:00,41,Good,8.2,16.5,5.7,6.1,134.0,43.0,,,,,,
2024-08-04T00:00,42,Good,8.1,15.6,5.8,6.3,139.0,40.0,,,,,,
2024-08-04T01:00,42,Good,8.1,15.3,5.9,6.3,145.0,38.0,,,,,,
2024-08-04T02:00,43,Good,7.9,14.6,6.0,6.4,149.0,36.0,,,,,,
2024-08-04T03:00,43,Good,7.5,13.4,6.0,6.8,149.0,33.0,,,,,,
2024-08-04T04:00,43,Good,6.9,12.2,6.0,7.4,146.0,31.0,,,,,,
2024-08-04T05:00,44,Good,7.8,14.0,6.5,7.5,161.0,29.0,,,,,,
2024-08-04T06:00,44,Good,7.6,13.4,5.8,7.9,159.0,33.0,,,,,,
2024-08-04T07:00,45,Good,7.8,13.5,4.8,8.5,156.0,39.0,,,,,,
2024-08-04T08:00,46,Good,8.2,14.1,3.9,8.8,153.0,48.0,,,,,,
2024-08-04T09:00,46,Good,9.0,15.1,3.1,8.9,150.0,62.0,,,,,,
2024-08-04T10:00,47,Good,9.2,15.7,2.3,8.8,146.0,79.0,,,,,,
2024-08-04T11:00,48,Good,9.4,16.6,1.6,8.1,142.0,92.0,,,,,,
2024-08-04T12:00,48,Good,9.4,17.0,1.1,6.3,137.0,96.0,,,,,,
2024-08-04T13:00,48,Good,9.0,16.5,0.8,3.9,132.0,96.0,,,,,,
2024-08-04T14:00,48,Good,7.8,14.8,0.7,2.2,128.0,95.0,,,,,,
2024-08-04T15:00,48,Good,7.0,13.9,0.9,1.6,126.0,93.0,,,,,,
2024-08-04T16:00,47,Good,6.2,12.5,1.3,1.7,125.0,91.0,,,,,,
2024-08-04T17:00,46,Good,5.8,11.6,0.9,0.9,124.0,86.0,,,,,,
2024-08-04T18:00,45,Good,5.7,10.9,1.6,1.2,127.0,83.0,,,,,,
2024-08-04T19:00,44,Good,5.9,11.2,2.6,1.7,131.0,79.0,,,,,,
2024-08-04T20:00,44,Good,6.7,12.3,3.6,2.4,137.0,74.0,,,,,,
2024-08-04T21:00,43,Good,7.5,13.3,4.9,3.7,147.0,67.0,,,,,,
2024-08-04T22:00,43,Good,8.4,14.7,6.2,5.3,159.0,58.0,,,,,,
2024-08-04T23:00,43,Good,9.6,16.7,6.9,6.4,166.0,52.0,,,,,,
2024-08-05T00:00,43,Good,10.4,18.1,6.5,6.5,165.0,51.0,,,,,,
2024-08-05T01:00,44,Good,10.9,19.9,5.5,6.0,160.0,52.0,,,,,,
2024-08-05T02:00,44,Good,10.7,20.1,4.6,5.5,156.0,53.0,,,,,,
2024-08-05T03:00,45,Good,10.2,19.6,4.1,5.0,154.0,54.0,,,,,,
2024-08-05T04:00,46,Good,10.1,19.7,3.8,4.4,153.0,55.0,,,,,,
2024-08-05T05:00,46,Good,11.1,20.6,3.5,5.0,151.0,57.0,,,,,,
2024-08-05T06:00,47,Good,11.8,21.5,3.3,4.8,152.0,58.0,,,,,,
2024-08-05T07:00,48,Good,12.0,21.8,3.0,4.5,154.0,60.0,,,,,,
2024-08-05T08:00,49,Good,11.8,21.7,2.6,4.2,155.0,64.0,,,,,,
2024-08-05T09:00,50,Good,11.7,21.6,2.0,3.8,154.0,72.0,,,,,,
2024-08-05T10:00,50,Good,12.1,22.4,1.4,3.4,152.0,82.0,,,,,,
2024-08-05T11:00,50,Good,12.7,23.5,0.9,3.0,149.0,90.0,,,,,,
2024-08-05T12:00,51,Moderate,13.3,24.9,0.6,2.4,145.0,93.0,,,,,,
2024-08-05T13:00,51,Moderate,13.5,25.3,0.3,1.7,140.0,94.0,,,,,,
2024-08-05T14:00,51,Moderate,13.0,24.6,0.5,1.7,136.0,93.0,,,,,,
2024-08-05T15:00,52,Moderate,11.5,22.4,1.2,2.7,134.0,89.0,,,,,,
2024-08-05T16:00,52,Moderate,9.7,18.7,2.2,4.3,133.0,83.0,,,,,,
2024-08-05T17:00,52,Moderate,13.4,26.4,2.5,4.0,133.0,79.0,,,,,,
2024-08-05T18:00,53,Moderate,12.8,24.5,3.7,5.2,140.0,74.0,,,,,,
2024-08-05T19:00,54,Moderate,12.5,23.5,5.3,6.9,148.0,67.0,,,,,,
2024-08-05T20:00,54,Moderate,12.5,23.2,6.5,8.1,154.0,60.0,,,,,,
2024-08-05T21:00,54,Moderate,12.1,22.6,6.9,8.2,153.0,54.0,,,,,,
2024-08-05T22:00,55,Moderate,10.6,19.5,6.8,7.8,150.0,47.0,,,,,,
2024-08-05T23:00,55,Moderate,9.1,16.6,6.7,7.4,146.0,42.0,,,,,,
2024-08-06T00:00,55,Moderate,7.8,14.2,6.6,7.2,143.0,38.0,,,,,,
2024-08-06T01:00,55,Moderate,6.9,12.1,6.3,7.0,141.0,35.0,,,,,,
2024-08-06T02:00,54,Moderate,6.2,10.7,6.0,6.8,138.0,33.0,,,,,,
2024-08-06T03:00,54,Moderate,5.7,9.7,5.6,6.6,135.0,31.0,,,,,,
2024-08-06T04:00,54,Moderate,5.4,9.3,5.2,6.3,133.0,29.0,,,,,,
2024-08-06T05:00,53,Moderate,7.1,11.4,6.6,7.8,168.0,28.0,,,,,,
2024-08-06T06:00,53,Moderate,7.0,11.2,6.3,7.9,170.0,29.0,,,,,,
2024-08-06T07:00,53,Moderate,7.3,11.7,5.8,8.1,173.0,31.0,,,,,,
2024-08-06T08:00,52,Moderate,7.9,12.6,5.2,8.2,174.0,37.0,,,,,,
2024-08-06T09:00,52,Moderate,8.5,13.6,4.3,8.5,172.0,49.0,,,,,,
2024-08-06T10:00,52,Moderate,9.0,14.6,3.1,8.7,169.0,64.0,,,,,,
2024-08-06T11:00,52,Moderate,9.6,15.9,2.2,8.4,164.0,77.0,,,,,,
2024-08-06T12:00,51,Moderate,10.2,17.1,1.5,7.1,156.0,85.0,,,,,,
2024-08-06T13:00,51,Moderate,9.5,16.9,1.0,5.2,146.0,91.0,,,,,,
2024-08-06T14:00,51,Moderate,8.8,16.4,0.7,3.6,138.0,93.0,,,,,,
2024-08-06T15:00,50,Good,8.3,16.3,0.5,2.4,133.0,91.0,,,,,,
2024-08-06T16:00,50,Good,8.3,16.7,0.5,1.5,129.0,86.0,,,,,,
2024-08-06T17:00,50,Good,14.0,28.1,0.7,1.1,129.0,83.0,,,,,,
2024-08-06T18:00,50,Good,13.2,26.1,1.2,1.4,130.0,81.0,,,,,,
2024-08-06T19:00,50,Good,12.1,23.5,1.9,1.8,131.0,78.0,,,,,,
2024-08-06T20:00,50,Good,11.3,21.4,2.9,2.5,137.0,74.0,,,,,,
2024-08-06T21:00,50,Good,10.9,19.8,4.3,3.7,149.0,67.0,,,,,,
2024-08-06T22:00,50,Good,10.4,17.9,6.0,5.3,165.0,58.0,,,,,,
2024-08-06T23:00,50,Good,10.5,17.2,7.3,6.5,180.0,51.0,,,,,,
2024-08-07T00:00,50,Good,10.7,16.9,7.9,7.2,192.0,46.0,,,,,,
2024-08-07T01:00,50,Good,10.9,17.1,8.2,7.6,202.0,41.0,,,,,,
2024-08-07T02:00,51,Moderate,11.2,17.6,8.3,7.7,211.0,38.0,,,,,,
2024-08-07T03:00,51,Moderate,11.6,18.3,8.4,7.5,219.0,35.0,,,,,,
2024-08-07T04:00,51,Moderate,12.0,19.2,8.4,7.1,225.0,32.0,,,,,,
2024-08-07T05:00,52,Moderate,15.1,25.2,6.8,5.9,233.0,48.0,,,,,,
2024-08-07T06:00,53,Moderate,15.8,26.4,6.2,6.1,237.0,54.0,,,,,,
2024-08-07T07:00,53,Moderate,16.5,27.5,5.3,6.4,243.0,63.0,,,,,,
2024-08-07T08:00,54,Moderate,17.5,29.0,4.4,6.7,246.0,75.0,,,,,,
2024-08-07T09:00,55,Moderate,19.0,31.3,3.4,7.0,243.0,93.0,,,,,,
2024-08-07T10:00,56,Moderate,19.5,32.4,2.4,7.4,237.0,114.0,,,,,,
2024-08-07T11:00,56,Moderate,19.0,31.7,1.6,7.3,230.0,130.0,,,,,,
2024-08-07T12:00,57,Moderate,18.6,31.1,1.2,6.7,225.0,138.0,,,,,,
2024-08-07T13:00,58,Moderate,18.8,32.6,1.0,5.6,220.0,140.0,,,,,,
2024-08-07T14:00,58,Moderate,18.2,32.8,0.9,4.6,210.0,138.0,,,,,,
2024-08-07T15:00,59,Moderate,16.6,31.1,0.8,3.4,190.0,129.0,,,,,,
2024-08-07T16:00,70,Moderate,14.8,28.2,0.7,2.3,166.0,116.0,,,,,,
2024-08-07T17:00,79,Moderate,15.9,31.1,1.6,2.2,156.0,105.0,,,,,,
2024-08-07T18:00,81,Moderate,13.9,26.4,2.8,3.8,160.0,97.0,,,,,,
2024-08-07T19:00,78,Moderate,13.2,24.2,4.5,5.9,165.0,85.0,,,,,,
2024-08-07T20:00,68,Moderate,13.7,24.1,5.9,7.5,171.0,74.0,,,,,,
2024-08-07T21:00,61,Moderate,14.3,24.3,6.5,8.0,178.0,67.0,,,,,,
2024-08-07T22:00,61,Moderate,14.3,23.8,6.8,8.0,185.0,61.0,,,,,,
2024-08-07T23:00,61,Moderate,13.7,22.3,7.0,7.9,190.0,55.0,,,,,,
2024-08-08T00:00,62,Moderate,12.8,20.3,7.1,7.8,192.0,49.0,,,,,,
2024-08-08T01:00,62,Moderate,11.9,18.6,7.0,7.6,192.0,44.0,,,,,,
2024-08-08T02:00,62,Moderate,11.3,17.5,6.9,7.5,190.0,40.0,,,,,,
2024-08-08T03:00,62,Moderate,10.7,16.5,6.8,7.8,185.0,36.0,,,,,,
2024-08-08T04:00,62,Moderate,9.5,14.6,6.7,8.2,178.0,33.0,,,,,,
2024-08-08T05:00,62,Moderate,9.6,14.6,7.1,8.9,194.0,33.0,,,,,,
2024-08-08T06:00,61,Moderate,9.7,14.8,6.5,9.0,198.0,38.0,,,,,,
2024-08-08T07:00,61,Moderate,10.9,16.6,5.6,9.2,204.0,45.0,,,,,,
2024-08-08T08:00,60,Moderate,12.1,18.5,4.6,9.1,208.0,56.0,,,,,,
2024-08-08T09:00,60,Moderate,13.7,21.0,3.6,8.6,209.0,75.0,,,,,,
2024-08-08T10:00,59,Moderate,14.6,22.4,2.4,8.0,209.0,97.0,,,,,,
2024-08-08T11:00,59,Moderate,15.3,23.6,1.6,7.2,207.0,115.0,,,,,,
2024-08-08T12:00,59,Moderate,15.6,24.3,1.2,6.4,206.0,125.0,,,,,,
2024-08-08T13:00,59,Moderate,15.9,25.6,1.0,5.5,204.0,131.0,,,,,,
2024-08-08T14:00,58,Moderate,15.4,25.7,0.9,4.6,196.0,130.0,,,,,,
2024-08-08T15:00,58,Moderate,13.4,23.6,0.8,3.5,176.0,121.0,,,,,,
2024-08-08T16:00,58,Moderate,11.6,21.8,0.9,2.5,150.0,106.0,,,,,,
2024-08-08T17:00,58,Moderate,15.3,29.0,1.4,2.3,147.0,98.0,,,,,,
2024-08-08T18:00,63,Moderate,13.2,25.6,2.3,2.9,148.0,90.0,,,,,,
2024-08-08T19:00,61,Moderate,12.1,23.5,3.5,3.6,148.0,80.0,,,,,,
2024-08-08T20:00,57,Moderate,10.9,20.5,4.4,4.3,148.0,69.0,,,,,,
2024-08-08T21:00,57,Moderate,9.8,17.9,4.8,4.7,146.0,59.0,,,,,,
2024-08-08T22:00,57,Moderate,8.4,15.7,4.9,5.0,142.0,49.0,,,,,,
2024-08-08T23:00,56,Moderate,8.0,15.6,4.9,5.3,139.0,42.0,,,,,,
2024-08-09T00:00,56,Moderate,7.9,15.8,4.8,5.5,136.0,39.0,,,,,,
2024-08-09T01:00,56,Moderate,7.8,16.1,4.7,5.6,132.0,38.0,,,,,,
2024-08-09T02:00,55,Moderate,7.8,16.3,4.6,5.8,130.0,38.0,,,,,,
2024-08-09T03:00,55,Moderate,7.8,16.6,4.6,6.2,129.0,36.0,,,,,,
2024-08-09T04:00,55,Moderate,7.8,17.0,4.7,6.6,128.0,35.0,,,,,,
2024-08-09T05:00,55,Moderate,7.6,16.4,5.1,7.6,134.0,35.0,,,,,,
2024-08-09T06:00,54,Moderate,8.0,17.3,4.8,8.1,140.0,37.0,,,,,,
2024-08-09T07:00,54,Moderate,8.6,18.5,4.3,8.9,149.0,39.0,,,,,,
2024-08-09T08:00,54,Moderate,9.6,20.4,3.8,9.2,156.0,46.0,,,,,,
2024-08-09T09:00,54,Moderate,10.0,22.3,3.1,8.9,159.0,60.0,,,,,,
2024-08-09T10:00,54,Moderate,11.1,25.4,2.3,8.3,159.0,78.0,,,,,,
2024-08-09T11:00,53,Moderate,12.2,27.8,1.6,7.4,157.0,91.0,,,,,,
2024-08-09T12:00,53,Moderate,12.8,28.6,1.1,6.0,151.0,95.0,,,,,,
2024-08-09T13:00,53,Moderate,13.4,29.5,0.8,4.4,143.0,94.0,,,,,,
2024-08-09T14:00,53,Moderate,13.8,30.0,0.6,3.0,136.0,93.0,,,,,,
2024-08-09T15:00,53,Moderate,13.7,29.7,0.5,1.9,131.0,92.0,,,,,,
2024-08-09T16:00,53,Moderate,14.0,30.0,0.6,1.1,128.0,91.0,,,,,,
2024-08-09T17:00,53,Moderate,13.6,28.5,1.2,1.1,127.0,92.0,,,,,,
2024-08-09T18:00,53,Moderate,13.4,28.1,1.8,1.6,128.0,88.0,,,,,,
2024-08-09T19:00,53,Moderate,13.0,27.1,2.6,2.3,130.0,83.0,,,,,,
2024-08-09T20:00,53,Moderate,12.3,25.1,3.4,3.1,134.0,76.0,,,,,,
2024-08-09T21:00,53,Moderate,11.5,22.5,4.2,4.1,142.0,68.0,,,,,,
2024-08-09T22:00,53,Moderate,11.0,20.8,5.0,5.2,151.0,59.0,,,,,,
2024-08-09T23:00,53,Moderate,11.2,20.8,5.5,5.9,158.0,52.0,,,,,,
2024-08-10T00:00,53,Moderate,11.3,21.8,5.5,6.0,159.0,47.0,,,,,,
2024-08-10T01:00,54,Moderate,11.5,23.0,5.3,5.8,158.0,45.0,,,,,,
2024-08-10T02:00,54,Moderate,11.5,23.5,5.1,5.6,157.0,42.0,,,,,,
2024-08-10T03:00,54,Moderate,11.4,23.3,5.0,5.7,157.0,39.0,,,,,,
2024-08-10T04:00,55,Moderate,11.0,22.4,5.0,5.8,157.0,37.0,,,,,,
2024-08-10T05:00,55,Moderate,11.9,22.6,5.8,6.3,180.0,37.0,,,,,,
2024-08-10T06:00,55,Moderate,11.8,22.4,5.3,6.7,180.0,40.0,,,,,,
2024-08-10T07:00,55,Moderate,12.0,22.5,4.5,7.3,179.0,45.0,,,,,,
2024-08-10T08:00,56,Moderate,12.4,22.9,3.8,7.7,177.0,53.0,,,,,,
2024-08-10T09:00,56,Moderate,12.2,22.5,3.1,7.9,173.0,65.0,,,,,,
2024-08-10T10:00,56,Moderate,11.4,21.8,2.4,7.9,167.0,80.0,,,,,,
2024-08-10T11:00,56,Moderate,11.6,22.0,1.8,7.5,161.0,91.0,,,,,,
2024-08-10T12:00,56,Moderate,12.1,23.1,1.3,6.2,154.0,96.0,,,,,,
2024-08-10T13:00,56,Moderate,12.6,24.2,0.8,4.4,146.0,97.0,,,,,,
2024-08-10T14:00,56,Moderate,12.6,24.9,0.8,3.2,141.0,95.0,,,,,,
2024-08-10T15:00,56,Moderate,12.7,25.0,1.4,3.1,139.0,88.0,,,,,,
2024-08-10T16:00,56,Moderate,9.8,18.6,2.4,3.7,139.0,78.0,,,,,,
2024-08-10T17:00,55,Moderate,15.8,30.0,1.9,2.1,138.0,82.0,,,,,,
2024-08-10T18:00,56,Moderate,14.4,26.8,2.5,2.5,141.0,78.0,,,,,,
2024-08-10T19:00,56,Moderate,13.6,24.8,3.5,3.1,145.0,73.0,,,,,,
2024-08-10T20:00,56,Moderate,13.0,23.1,4.4,3.7,153.0,68.0,,,,,,
2024-08-10T21:00,56,Moderate,13.0,22.5,5.4,4.4,167.0,63.0,,,,,,
2024-08-10T22:00,56,Moderate,13.4,22.5,6.5,5.2,184.0,58.0,,,,,,
2024-08-10T23:00,56,Moderate,13.6,22.2,7.2,5.9,197.0,53.0,,,,,,
2024-08-11T00:00,56,Moderate,13.5,21.5,7.4,6.4,202.0,49.0,,,,,,
2024-08-11T01:00,57,Moderate,13.1,20.5,7.4,6.9,204.0,44.0,,,,,,
2024-08-11T02:00,57,Moderate,12.5,19.4,7.3,7.2,205.0,41.0,,,,,,
2024-08-11T03:00,57,Moderate,12.2,18.7,7.3,7.3,207.0,38.0,,,,,,
2024-08-11T04:00,57,Moderate,12.1,18.7,7.3,7.3,210.0,36.0,,,,,,
2024-08-11T05:00,57,Moderate,13.0,20.0,7.6,7.4,228.0,36.0,,,,,,
2024-08-11T06:00,57,Moderate,12.7,19.6,6.8,8.0,226.0,42.0,,,,,,
2024-08-11T07:00,57,Moderate,12.8,19.6,5.6,8.8,223.0,51.0,,,,,,
2024-08-11T08:00,57,Moderate,13.3,20.3,4.5,9.2,219.0,62.0,,,,,,
2024-08-11T09:00,57,Moderate,13.8,21.1,3.6,9.1,210.0,75.0,,,,,,
2024-08-11T10:00,57,Moderate,13.4,21.0,2.8,8.7,199.0,90.0,,,,,,
2024-08-11T11:00,57,Moderate,13.3,20.8,2.2,8.0,195.0,103.0,,,,,,
2024-08-11T12:00,58,Moderate,14.5,22.6,1.8,7.0,206.0,115.0,,,,,,
2024-08-11T13:00,58,Moderate,16.6,25.9,1.5,5.8,224.0,125.0,,,,,,
2024-08-11T14:00,58,Moderate,18.0,28.8,1.4,4.7,230.0,129.0,,,,,,
2024-08-11T15:00,58,Moderate,17.9,30.2,1.2,3.7,211.0,124.0,,,,,,
2024-08-11T16:00,59,Moderate,15.5,27.5,1.1,2.8,180.0,112.0,,,,,,
2024-08-11T17:00,59,Moderate,17.6,33.2,1.0,1.9,171.0,105.0,,,,,,
2024-08-11T18:00,59,Moderate,14.8,28.4,2.1,3.2,168.0,98.0,,,,,,
2024-08-11T19:00,60,Moderate,13.4,25.5,3.6,5.1,165.0,88.0,,,,,,
2024-08-11T20:00,60,Moderate,13.0,24.2,5.1,7.1,167.0,79.0,,,,,,
2024-08-11T21:00,60,Moderate,14.0,25.1,6.4,9.3,180.0,73.0,,,,,,
2024-08-11T22:00,60,Moderate,15.5,27.0,7.7,11.6,199.0,69.0,,,,,,
2024-08-11T23:00,60,Moderate,17.1,28.6,8.4,13.0,215.0,65.0,,,,,,
2024-08-12T00:00,60,Moderate,17.6,29.1,8.4,13.0,226.0,62.0,,,,,,
2024-08-12T01:00,60,Moderate,18.0,29.2,7.9,12.0,234.0,59.0,,,,,,
2024-08-12T02:00,61,Moderate,18.3,29.3,7.1,10.6,237.0,59.0,,,,,,
2024-08-12T03:00,61,Moderate,18.6,29.4,5.9,8.6,235.0,62.0,,,,,,
2024-08-12T04:00,62,Moderate,18.7,29.3,4.5,6.2,228.0,66.0,,,,,,
2024-08-12T05:00,62,Moderate,17.8,28.1,6.6,9.0,243.0,51.0,,,,,,
2024-08-12T06:00,63,Moderate,18.0,28.3,5.6,7.4,240.0,57.0,,,,,,
2024-08-12T07:00,63,Moderate,17.9,28.1,4.2,5.2,236.0,66.0,,,,,,
2024-08-12T08:00,63,Moderate,17.6,27.6,3.0,3.5,231.0,76.0,,,,,,
2024-08-12T09:00,64,Moderate,17.7,27.6,2.2,2.7,225.0,88.0,,,,,,
2024-08-12T10:00,64,Moderate,17.7,27.8,1.5,2.4,219.0,101.0,,,,,,
2024-08-12T11:00,64,Moderate,17.7,28.1,1.0,2.2,213.0,109.0,,,,,,
2024-08-12T12:00,65,Moderate,17.8,28.6,0.7,1.8,208.0,108.0,,,,,,
2024-08-12T13:00,65,Moderate,17.4,28.9,0.5,1.5,203.0,102.0,,,,,,
2024-08-12T14:00,65,Moderate,16.4,28.5,0.4,1.3,197.0,96.0,,,,,,
2024-08-12T15:00,65,Moderate,15.0,27.2,0.3,0.9,189.0,91.0,,,,,,
2024-08-12T16:00,65,Moderate,15.0,27.9,0.2,0.5,180.0,86.0,,,,,,
2024-08-12T17:00,65,Moderate,16.1,29.9,0.5,0.8,177.0,90.0,,,,,,
2024-08-12T18:00,65,Moderate,17.2,32.2,1.2,2.4,176.0,95.0,,,,,,
2024-08-12T19:00,65,Moderate,17.8,33.2,2.2,4.7,175.0,101.0,,,,,,
2024-08-12T20:00,65,Moderate,17.5,32.4,3.3,7.0,178.0,104.0,,,,,,
2024-08-12T21:00,65,Moderate,16.9,30.6,4.9,9.7,192.0,100.0,,,,,,
2024-08-12T22:00,66,Moderate,17.3,29.9,6.6,12.5,210.0,93.0,,,,,,
2024-08-12T23:00,66,Moderate,19.4,31.8,7.2,13.6,218.0,88.0,,,,,,
2024-08-13T00:00,66,Moderate,17.3,28.5,5.8,11.7,204.0,88.0,,,,,,
2024-08-13T01:00,66,Moderate,15.0,25.8,3.3,8.2,179.0,91.0,,,,,,
2024-08-13T02:00,66,Moderate,13.1,23.1,1.4,5.3,161.0,93.0,,,,,,
2024-08-13T03:00,65,Moderate,11.1,19.6,0.7,4.0,156.0,93.0,,,,,,
2024-08-13T04:00,65,Moderate,10.0,17.3,0.6,3.5,158.0,93.0,,,,,,
2024-08-13T05:00,64,Moderate,12.5,21.0,1.0,6.0,171.0,93.0,,,,,,
2024-08-13T06:00,64,Moderate,12.4,20.8,1.0,5.4,173.0,93.0,,,,,,
2024-08-13T07:00,63,Moderate,12.2,20.5,0.9,4.5,175.0,94.0,,,,,,
2024-08-13T08:00,63,Moderate,12.1,19.9,0.8,3.6,176.0,94.0,,,,,,
2024-08-13T09:00,62,Moderate,11.9,19.4,0.7,2.9,177.0,95.0,,,,,,
2024-08-13T10:00,62,Moderate,11.3,18.5,0.6,2.2,176.0,97.0,,,,,,
2024-08-13T11:00,61,Moderate,10.5,17.2,0.5,1.6,174.0,96.0,,,,,,
2024-08-13T12:00,61,Moderate,9.9,16.3,0.4,1.1,168.0,90.0,,,,,,
2024-08-13T13:00,60,Moderate,9.5,15.9,0.3,0.8,159.0,82.0,,,,,,
2024-08-13T14:00,60,Moderate,9.1,15.5,0.2,0.5,153.0,76.0,,,,,,
2024-08-13T15:00,59,Moderate,8.8,15.1,0.2,0.3,151.0,73.0,,,,,,
2024-08-13T16:00,58,Moderate,8.5,14.6,0.3,0.2,150.0,71.0,,,,,,
2024-08-13T17:00,58,Moderate,12.4,21.4,0.4,0.2,147.0,68.0,,,,,,
2024-08-13T18:00,58,Moderate,11.6,20.3,0.4,0.3,148.0,70.0,,,,,,
2024-08-13T19:00,57,Moderate,11.0,19.4,0.3,0.4,148.0,73.0,,,,,,
2024-08-13T20:00,57,Moderate,10.6,18.8,0.3,0.5,149.0,75.0,,,,,,
2024-08-13T21:00,56,Moderate,10.5,18.7,0.3,0.5,149.0,77.0,,,,,,
2024-08-13T22:00,56,Moderate,10.1,18.0,0.3,0.4,148.0,79.0,,,,,,
2024-08-13T23:00,55,Moderate,10.0,17.8,0.5,0.9,148.0,79.0,,,,,,
2024-08-14T00:00,54,Moderate,9.9,17.5,1.1,2.2,149.0,77.0,,,,,,
2024-08-14T01:00,54,Moderate,9.9,17.4,1.9,4.1,150.0,75.0,,,,,,
2024-08-14T02:00,53,Moderate,10.3,18.0,2.6,5.8,152.0,72.0,,,,,,
2024-08-14T03:00,53,Moderate,10.8,18.7,3.2,7.2,155.0,70.0,,,,,,
2024-08-14T04:00,53,Moderate,10.5,18.0,3.6,8.4,158.0,69.0,,,,,,
2024-08-14T05:00,53,Moderate,16.9,24.9,6.1,11.4,228.0,69.0,,,,,,
2024-08-14T06:00,54,Moderate,15.8,23.2,5.7,11.2,232.0,72.0,,,,,,
2024-08-14T07:00,54,Moderate,15.4,22.4,5.0,10.8,236.0,78.0,,,,,,
2024-08-14T08:00,54,Moderate,15.5,22.5,4.3,10.3,238.0,86.0,,,,,,
2024-08-14T09:00,54,Moderate,15.2,22.0,3.3,9.7,235.0,101.0,,,,,,
2024-08-14T10:00,55,Moderate,14.6,21.2,2.3,9.0,230.0,118.0,,,,,,
2024-08-14T11:00,55,Moderate,13.9,20.5,1.4,8.0,220.0,129.0,,,,,,
2024-08-14T12:00,55,Moderate,14.2,21.5,0.9,6.2,203.0,128.0,,,,,,
2024-08-14T13:00,55,Moderate,13.4,21.1,0.6,4.1,183.0,121.0,,,,,,
2024-08-14T14:00,56,Moderate,12.5,20.9,0.6,2.8,165.0,112.0,,,,,,
2024-08-14T15:00,56,Moderate,11.0,19.0,1.1,3.1,151.0,103.0,,,,,,
2024-08-14T16:00,58,Moderate,8.5,14.5,1.9,4.2,140.0,92.0,,,,,,
2024-08-14T17:00,59,Moderate,10.6,18.6,1.1,1.4,112.0,81.0,,,,,,
2024-08-14T18:00,56,Moderate,8.3,14.3,2.4,2.9,119.0,75.0,,,,,,
2024-08-14T19:00,56,Moderate,7.3,12.3,4.2,5.0,129.0,68.0,,,,,,
2024-08-14T20:00,55,Moderate,7.3,11.8,5.6,6.7,136.0,61.0,,,,,,
2024-08-14T21:00,55,Moderate,7.4,11.8,6.1,7.4,139.0,57.0,,,,,,
2024-08-14T22:00,55,Moderate,7.3,11.4,6.2,7.6,141.0,53.0,,,,,,
2024-08-14T23:00,55,Moderate,6.9,10.7,6.2,7.8,141.0,50.0,,,,,,
2024-08-15T00:00,55,Moderate,6.5,10.0,6.4,8.1,141.0,46.0,,,,,,
2024-08-15T01:00,54,Moderate,6.2,9.4,6.6,8.4,139.0,42.0,,,,,,
2024-08-15T02:00,54,Moderate,5.6,8.6,6.6,8.6,137.0,38.0,,,,,,
2024-08-15T03:00,54,Moderate,5.1,7.9,6.5,8.6,133.0,35.0,,,,,,
2024-08-15T04:00,53,Moderate,4.7,7.5,6.3,8.4,127.0,33.0,,,,,,
2024-08-15T05:00,53,Moderate,3.7,6.0,4.9,6.5,115.0,32.0,,,,,,
2024-08-15T06:00,52,Moderate,3.5,5.6,4.5,6.7,115.0,33.0,,,,,,
2024-08-15T07:00,51,Moderate,3.4,5.4,3.8,6.9,115.0,35.0,,,,,,
2024-08-15T08:00,49,Good,3.6,5.6,3.2,7.0,115.0,39.0,,,,,,
2024-08-15T09:00,46,Good,4.2,6.4,2.7,7.1,116.0,47.0,,,,,,
2024-08-15T10:00,44,Good,4.6,7.2,2.1,7.1,118.0,56.0,,,,,,
2024-08-15T11:00,42,Good,5.1,8.4,1.7,6.8,118.0,64.0,,,,,,
2024-08-15T12:00,40,Good,5.8,9.9,1.4,5.9,115.0,68.0,,,,,,
2024-08-15T13:00,38,Good,6.2,10.9,1.1,4.8,111.0,70.0,,,,,,
2024-08-15T14:00,36,Good,6.2,11.3,1.0,3.8,107.0,69.0,,,,,,
2024-08-15T15:00,34,Good,6.7,12.3,1.1,3.2,104.0,66.0,,,,,,
2024-08-15T16:00,33,Good,7.1,13.2,1.3,2.9,102.0,60.0,,,,,,
2024-08-15T17:00,33,Good,12.3,23.0,1.2,1.7,97.0,58.0,,,,,,
2024-08-15T18:00,34,Good,9.9,18.7,1.8,2.0,100.0,54.0,,,,,,
2024-08-15T19:00,34,Good,8.6,15.9,2.6,2.5,104.0,48.0,,,,,,
2024-08-15T20:00,34,Good,7.9,14.1,3.4,3.0,108.0,43.0,,,,,,
2024-08-15T21:00,34,Good,7.4,12.9,4.0,3.4,113.0,41.0,,,,,,
2024-08-15T22:00,34,Good,7.3,12.6,4.5,3.9,118.0,40.0,,,,,,
2024-08-15T23:00,34,Good,7.6,12.9,4.9,4.3,124.0,40.0,,,,,,
2024-08-16T00:00,35,Good,8.0,13.4,5.2,4.8,131.0,41.0,,,,,,
2024-08-16T01:00,35,Good,8.5,14.0,5.5,5.4,138.0,43.0,,,,,,
2024-08-16T02:00,35,Good,8.9,14.7,5.6,5.8,143.0,45.0,,,,,,
2024-08-16T03:00,36,Good,9.2,15.3,5.5,6.0,144.0,47.0,,,,,,
2024-08-16T04:00,37,Good,9.4,15.7,5.2,6.1,143.0,49.0,,,,,,
2024-08-16T05:00,38,Good,9.0,15.2,5.6,6.9,154.0,49.0,,,,,,
2024-08-16T06:00,39,Good,9.3,15.5,5.4,7.8,159.0,52.0,,,,,,
2024-08-16T07:00,41,Good,9.7,16.1,5.1,9.0,166.0,57.0,,,,,,
2024-08-16T08:00,42,Good,10.7,17.4,4.5,9.6,170.0,65.0,,,,,,
2024-08-16T09:00,44,Good,11.8,19.3,3.5,9.0,168.0,79.0,,,,,,
2024-08-16T10:00,46,Good,11.9,20.5,2.2,7.8,163.0,96.0,,,,,,
2024-08-16T11:00,47,Good,12.6,22.2,1.3,6.7,159.0,109.0,,,,,,
2024-08-16T12:00,49,Good,13.7,24.4,0.8,5.7,158.0,115.0,,,,,,
2024-08-16T13:00,50,Good,14.6,26.1,0.7,4.8,157.0,116.0,,,,,,
2024-08-16T14:00,51,Moderate,15.6,28.1,0.8,4.2,156.0,115.0,,,,,,
2024-08-16T15:00,52,Moderate,15.9,29.2,1.2,3.9,151.0,110.0,,,,,,
2024-08-16T16:00,52,Moderate,14.7,27.4,1.8,3.9,145.0,101.0,,,,,,
2024-08-16T17:00,53,Moderate,12.1,20.8,3.4,6.6,167.0,96.0,,,,,,
2024-08-16T18:00,53,Moderate,11.2,19.2,4.3,7.3,171.0,89.0,,,,,,
2024-08-16T19:00,53,Moderate,11.1,18.7,5.6,8.2,177.0,80.0,,,,,,
2024-08-16T20:00,53,Moderate,10.4,17.5,6.6,8.9,180.0,71.0,,,,,,
2024-08-16T21:00,54,Moderate,9.7,16.4,7.0,9.0,179.0,63.0,,,,,,
2024-08-16T22:00,54,Moderate,9.0,15.3,7.2,8.9,176.0,56.0,,,,,,
2024-08-16T23:00,54,Moderate,8.2,14.2,7.4,8.9,175.0,49.0,,,,,,
2024-08-17T00:00,54,Moderate,7.9,13.2,7.8,9.3,179.0,43.0,,,,,,
2024-08-17T01:00,54,Moderate,7.6,12.3,8.2,9.8,185.0,39.0,,,,,,
2024-08-17T02:00,54,Moderate,7.3,11.6,8.3,10.0,188.0,35.0,,,,,,
2024-08-17T03:00,54,Moderate,6.6,10.4,7.9,9.5,186.0,31.0,,,,,,
2024-08-17T04:00,53,Moderate,5.8,9.0,7.3,8.7,180.0,29.0,,,,,,
2024-08-17T05:00,53,Moderate,3.5,5.1,5.4,6.9,153.0,30.0,,,,,,
2024-08-17T06:00,53,Moderate,3.0,4.4,4.7,7.0,151.0,32.0,,,,,,
2024-08-17T07:00,52,Moderate,3.0,4.3,3.8,7.2,148.0,36.0,,,,,,
2024-08-17T08:00,52,Moderate,3.4,4.9,3.0,7.3,145.0,41.0,,,,,,
2024-08-17T09:00,51,Moderate,4.3,6.3,2.5,7.5,141.0,50.0,,,,,,
2024-08-17T10:00,51,Moderate,5.2,7.7,2.1,7.6,136.0,60.0,,,,,,
2024-08-17T11:00,50,Good,5.7,8.7,1.8,7.4,132.0,69.0,,,,,,
2024-08-17T12:00,48,Good,6.2,10.0,1.4,6.7,127.0,75.0,,,,,,
2024-08-17T13:00,47,Good,7.2,11.9,1.1,5.6,123.0,79.0,,,,,,
2024-08-17T14:00,45,Good,7.3,12.6,1.1,4.8,120.0,80.0,,,,,,
2024-08-17T15:00,43,Good,7.5,13.2,1.4,4.4,119.0,78.0,,,,,,
2024-08-17T16:00,41,Good,6.8,12.1,2.0,4.2,120.0,73.0,,,,,,
2024-08-17T17:00,39,Good,7.4,12.2,3.1,4.4,122.0,65.0,,,,,,
2024-08-17T18:00,38,Good,6.5,10.3,3.9,4.9,126.0,59.0,,,,,,
2024-08-17T19:00,37,Good,5.8,9.0,5.0,5.5,132.0,52.0,,,,,,
2024-08-17T20:00,36,Good,5.4,8.4,5.8,5.9,135.0,45.0,,,,,,
2024-08-17T21:00,35,Good,4.5,7.0,6.0,6.0,134.0,40.0,,,,,,
2024-08-17T22:00,34,Good,3.6,5.6,5.9,5.8,131.0,37.0,,,,,,
2024-08-17T23:00,32,Good,3.3,5.2,5.8,5.7,129.0,34.0,,,,,,
2024-08-18T00:00,31,Good,3.4,5.1,5.7,5.7,129.0,32.0,,,,,,
2024-08-18T01:00,30,Good,3.2,4.8,5.6,5.6,130.0,32.0,,,,,,
2024-08-18T02:00,29,Good,2.9,4.2,5.5,5.7,131.0,31.0,,,,,,
2024-08-18T03:00,28,Good,2.6,3.7,5.4,5.9,131.0,30.0,,,,,,
2024-08-18T04:00,27,Good,2.4,3.5,5.3,6.2,131.0,29.0,,,,,,
2024-08-18T05:00,26,Good,2.4,3.6,4.6,6.1,128.0,30.0,,,,,,
2024-08-18T06:00,26,Good,2.5,3.7,4.2,6.5,127.0,31.0,,,,,,
2024-08-18T07:00,26,Good,2.7,4.1,3.6,7.1,127.0,33.0,,,,,,
2024-08-18T08:00,26,Good,3.3,4.9,3.1,7.6,126.0,37.0,,,,,,
2024-08-18T09:00,26,Good,4.2,6.3,2.7,8.0,126.0,46.0,,,,,,
2024-08-18T10:00,26,Good,4.9,7.4,2.3,8.3,127.0,57.0,,,,,,
2024-08-18T11:00,26,Good,5.3,8.4,1.9,8.1,127.0,66.0,,,,,,
2024-08-18T12:00,26,Good,6.0,10.1,1.5,7.1,125.0,73.0,,,,,,
2024-08-18T13:00,26,Good,7.0,12.3,1.1,5.7,121.0,79.0,,,,,,
2024-08-18T14:00,26,Good,7.8,14.3,0.9,4.5,118.0,81.0,,,,,,
2024-08-18T15:00,27,Good,8.4,16.0,1.0,3.5,115.0,78.0,,,,,,
2024-08-18T16:00,30,Good,8.3,16.1,1.3,2.7,112.0,73.0,,,,,,
2024-08-18T17:00,32,Good,10.7,19.7,1.6,2.4,115.0,72.0,,,,,,
2024-08-18T18:00,34,Good,8.8,16.5,2.1,2.8,118.0,70.0,,,,,,
2024-08-18T19:00,34,Good,8.3,15.5,2.7,3.4,121.0,68.0,,,,,,
2024-08-18T20:00,34,Good,7.9,14.8,3.5,4.0,128.0,64.0,,,,,,
2024-08-18T21:00,34,Good,7.6,14.1,4.4,4.6,138.0,59.0,,,,,,
2024-08-18T22:00,33,Good,7.8,13.8,5.5,5.2,152.0,53.0,,,,,,
2024-08-18T23:00,31,Good,8.0,13.4,6.4,5.9,164.0,48.0,,,,,,
2024-08-19T00:00,32,Good,8.3,13.1,7.2,6.8,175.0,44.0,,,,,,
2024-08-19T01:00,33,Good,8.4,12.9,7.8,7.9,186.0,41.0,,,,,,
2024-08-19T02:00,34,Good,8.5,13.0,8.2,8.7,195.0,39.0,,,,,,
2024-08-19T03:00,35,Good,8.7,13.2,8.4,9.1,202.0,36.0,,,,,,
2024-08-19T04:00,37,Good,8.9,13.5,8.4,9.2,206.0,34.0,,,,,,
2024-08-19T05:00,38,Good,7.5,11.9,7.2,9.1,181.0,36.0,,,,,,
2024-08-19T06:00,39,Good,6.7,11.0,6.3,8.7,171.0,39.0,,,,,,
2024-08-19T07:00,40,Good,5.8,9.9,5.0,8.1,157.0,44.0,,,,,,
2024-08-19T08:00,41,Good,6.0,10.3,3.9,7.6,146.0,49.0,,,,,,
2024-08-19T09:00,42,Good,6.6,11.2,3.2,7.2,140.0,54.0,,,,,,
2024-08-19T10:00,42,Good,6.5,11.3,2.7,6.8,135.0,58.0,,,,,,
2024-08-19T11:00,43,Good,6.2,11.0,2.2,6.2,131.0,62.0,,,,,,
2024-08-19T12:00,43,Good,6.2,11.4,1.7,5.2,125.0,64.0,,,,,,
2024-08-19T13:00,43,Good,6.4,12.0,1.3,4.1,118.0,66.0,,,,,,
2024-08-19T14:00,43,Good,6.8,12.9,1.1,3.2,114.0,66.0,,,,,,
2024-08-19T15:00,42,Good,7.4,14.1,1.1,2.6,112.0,65.0,,,,,,
2024-08-19T16:00,42,Good,7.8,14.7,1.4,2.2,112.0,62.0,,,,,,
2024-08-19T17:00,42,Good,7.9,14.3,2.4,3.1,121.0,60.0,,,,,,
2024-08-19T18:00,41,Good,6.9,12.3,3.1,3.6,124.0,57.0,,,,,,
2024-08-19T19:00,41,Good,6.9,11.9,4.0,4.2,129.0,52.0,,,,,,
2024-08-19T20:00,41,Good,6.8,11.6,4.7,4.7,133.0,48.0,,,,,,
2024-08-19T21:00,40,Good,6.7,11.4,5.1,5.0,135.0,45.0,,,,,,
2024-08-19T22:00,40,Good,6.8,11.4,5.3,5.2,137.0,43.0,,,,,,
2024-08-19T23:00,40,Good,6.8,11.3,5.4,5.3,138.0,41.0,,,,,,
2024-08-20T00:00,40,Good,6.8,11.3,5.5,5.4,139.0,39.0,,,,,,
2024-08-20T01:00,39,Good,6.8,11.3,5.5,5.6,141.0,38.0,,,,,,
2024-08-20T02:00,39,Good,6.6,11.1,5.4,5.7,141.0,37.0,,,,,,
2024-08-20T03:00,39,Good,6.1,10.1,5.3,5.8,140.0,36.0,,,,,,
2024-08-20T04:00,38,Good,5.7,9.4,5.2,5.9,138.0,35.0,,,,,,
2024-08-20T05:00,37,Good,6.1,10.2,5.4,6.6,145.0,33.0,,,,,,
2024-08-20T06:00,37,Good,6.1,10.2,4.7,6.3,142.0,34.0,,,,,,
2024-08-20T07:00,37,Good,6.2,10.4,3.8,5.8,138.0,36.0,,,,,,
2024-08-20T08:00,37,Good,6.1,10.5,3.0,5.5,134.0,39.0,,,,,,
2024-08-20T09:00,37,Good,5.7,9.9,2.5,5.5,131.0,43.0,,,,,,
2024-08-20T10:00,37,Good,5.5,9.6,2.2,5.6,129.0,48.0,,,,,,
2024-08-20T11:00,36,Good,5.6,10.1,1.9,5.3,126.0,52.0,,,,,,
2024-08-20T12:00,36,Good,5.3,9.6,1.4,4.3,122.0,54.0,,,,,,
2024-08-20T13:00,36,Good,4.7,8.6,1.0,2.9,117.0,55.0,,,,,,
2024-08-20T14:00,36,Good,3.6,6.5,0.8,2.0,114.0,55.0,,,,,,
2024-08-20T15:00,35,Good,3.0,5.3,1.1,1.9,113.0,54.0,,,,,,
2024-08-20T16:00,34,Good,3.7,6.6,1.6,2.2,112.0,52.0,,,,,,
2024-08-20T17:00,33,Good,4.7,8.4,1.9,2.7,113.0,52.0,,,,,,
2024-08-20T18:00,32,Good,5.0,9.1,2.2,2.7,113.0,51.0,,,,,,
2024-08-20T19:00,32,Good,5.5,10.0,2.6,2.8,112.0,49.0,,,,,,
2024-08-20T20:00,31,Good,5.4,9.7,2.9,2.9,112.0,47.0,,,,,,
2024-08-20T21:00,31,Good,5.7,10.3,3.0,3.0,112.0,46.0,,,,,,
2024-08-20T22:00,31,Good,5.9,10.7,3.0,3.2,111.0,45.0,,,,,,
2024-08-20T23:00,31,Good,6.4,11.5,3.0,3.3,111.0,44.0,,,,,,
2024-08-21T00:00,31,Good,6.5,11.8,3.0,3.5,111.0,43.0,,,,,,
2024-08-21T01:00,31,Good,6.3,11.3,3.0,3.6,111.0,43.0,,,,,,
2024-08-21T02:00,30,Good,6.1,10.9,3.0,3.7,111.0,42.0,,,,,,
2024-08-21T03:00,30,Good,6.1,10.9,2.9,3.6,110.0,41.0,,,,,,
2024-08-21T04:00,30,Good,6.0,10.7,2.7,3.5,107.0,41.0,,,,,,
2024-08-21T05:00,30,Good,5.3,9.1,3.4,4.5,116.0,37.0,,,,,,
2024-08-21T06:00,30,Good,5.0,8.5,3.5,4.9,117.0,37.0,,,,,,
2024-08-21T07:00,30,Good,5.1,8.4,3.6,5.4,119.0,38.0,,,,,,
2024-08-21T08:00,30,Good,5.4,8.7,3.7,5.9,121.0,39.0,,,,,,
2024-08-21T09:00,30,Good,6.0,9.6,3.6,6.5,122.0,41.0,,,,,,
2024-08-21T10:00,30,Good,6.8,10.9,3.5,7.1,124.0,43.0,,,,,,
2024-08-21T11:00,30,Good,7.5,12.2,3.2,7.3,125.0,48.0,,,,,,
2024-08-21T12:00,30,Good,8.8,14.7,2.6,6.7,127.0,58.0,,,,,,
2024-08-21T13:00,31,Good,9.9,17.1,1.8,5.7,128.0,69.0,,,,,,
2024-08-21T14:00,32,Good,10.3,18.0,1.3,4.7,128.0,76.0,,,,,,
2024-08-21T15:00,34,Good,10.1,17.7,1.4,3.9,124.0,74.0,,,,,,
2024-08-21T16:00,36,Good,9.7,17.1,1.7,3.2,119.0,68.0,,,,,,
2024-08-21T17:00,37,Good,12.6,22.0,1.4,1.7,100.0,55.0,,,,,,
2024-08-21T18:00,39,Good,11.3,19.8,2.0,2.1,103.0,53.0,,,,,,
2024-08-21T19:00,40,Good,9.5,16.5,2.9,2.8,106.0,50.0,,,,,,
2024-08-21T20:00,41,Good,8.0,13.6,3.6,3.4,110.0,48.0,,,,,,
2024-08-21T21:00,42,Good,6.7,11.4,4.1,4.0,114.0,46.0,,,,,,
2024-08-21T22:00,42,Good,5.9,9.8,4.5,4.5,118.0,44.0,,,,,,
2024-08-21T23:00,42,Good,4.9,7.9,4.8,4.9,121.0,43.0,,,,,,
2024-08-22T00:00,42,Good,4.2,6.7,4.9,5.1,124.0,42.0,,,,,,
2024-08-22T01:00,41,Good,4.1,6.4,4.8,5.1,127.0,41.0,,,,,,
2024-08-22T02:00,41,Good,4.0,6.3,4.6,5.0,127.0,41.0,,,,,,
2024-08-22T03:00,40,Good,4.2,6.7,4.2,4.8,124.0,41.0,,,,,,
2024-08-22T04:00,40,Good,4.3,7.2,3.7,4.6,119.0,41.0,,,,,,
2024-08-22T05:00,39,Good,4.3,7.3,3.5,4.7,115.0,42.0,,,,,,
2024-08-22T06:00,39,Good,4.4,7.6,3.6,4.7,115.0,42.0,,,,,,
2024-08-22T07:00,39,Good,4.7,8.1,3.8,4.7,115.0,42.0,,,,,,
2024-08-22T08:00,39,Good,5.3,9.1,3.7,4.9,117.0,44.0,,,,,,
2024-08-22T09:00,39,Good,6.4,10.7,3.3,5.4,122.0,50.0,,,,,,
2024-08-22T10:00,39,Good,7.9,13.1,2.6,5.9,128.0,59.0,,,,,,
2024-08-22T11:00,39,Good,9.5,15.8,2.1,6.2,132.0,67.0,,,,,,
2024-08-22T12:00,40,Good,10.4,17.6,1.8,5.9,134.0,74.0,,,,,,
2024-08-22T13:00,40,Good,10.5,17.9,1.6,5.3,133.0,80.0,,,,,,
2024-08-22T14:00,40,Good,10.8,18.6,1.5,4.6,132.0,84.0,,,,,,
2024-08-22T15:00,40,Good,11.8,20.6,1.4,3.6,128.0,83.0,,,,,,
2024-08-22T16:00,41,Good,12.7,22.5,1.4,2.6,122.0,79.0,,,,,,
2024-08-22T17:00,41,Good,15.0,26.5,1.4,1.7,118.0,75.0,,,,,,
2024-08-22T18:00,42,Good,14.1,24.7,1.8,2.0,123.0,74.0,,,,,,
2024-08-22T19:00,43,Good,12.7,21.9,2.5,2.5,130.0,72.0,,,,,,
2024-08-22T20:00,43,Good,11.5,19.6,3.0,2.9,136.0,69.0,,,,,,
2024-08-22T21:00,44,Good,10.7,18.0,3.4,3.3,139.0,65.0,,,,,,
2024-08-22T22:00,45,Good,10.4,17.2,3.8,3.6,140.0,60.0,,,,,,
2024-08-22T23:00,46,Good,10.3,16.9,4.0,3.9,139.0,56.0,,,,,,
2024-08-23T00:00,47,Good,10.1,16.8,4.0,4.1,136.0,53.0,,,,,,
2024-08-23T01:00,49,Good,9.7,16.1,3.9,4.1,132.0,51.0,,,,,,
2024-08-23T02:00,50,Good,9.4,15.5,3.8,4.2,129.0,49.0,,,,,,
2024-08-23T03:00,50,Good,9.3,15.4,3.7,4.2,127.0,47.0,,,,,,
2024-08-23T04:00,51,Moderate,9.5,15.8,3.6,4.2,126.0,46.0,,,,,,
2024-08-23T05:00,51,Moderate,9.0,15.1,3.5,4.1,130.0,45.0,,,,,,
2024-08-23T06:00,52,Moderate,9.2,15.6,3.4,4.4,131.0,45.0,,,,,,
2024-08-23T07:00,52,Moderate,9.5,16.2,3.2,4.8,132.0,45.0,,,,,,
2024-08-23T08:00,52,Moderate,10.0,17.3,2.9,5.0,132.0,47.0,,,,,,
2024-08-23T09:00,53,Moderate,10.7,19.0,2.4,4.9,130.0,54.0,,,,,,
2024-08-23T10:00,53,Moderate,11.5,21.1,1.7,4.5,127.0,64.0,,,,,,
2024-08-23T11:00,53,Moderate,12.1,22.7,1.2,4.1,123.0,71.0,,,,,,
2024-08-23T12:00,54,Moderate,12.1,23.1,0.9,3.4,118.0,72.0,,,,,,
2024-08-23T13:00,54,Moderate,11.9,22.8,0.8,2.6,113.0,71.0,,,,,,
2024-08-23T14:00,54,Moderate,12.0,23.1,0.8,2.1,110.0,69.0,,,,,,
2024-08-23T15:00,54,Moderate,11.9,23.0,1.0,2.0,109.0,68.0,,,,,,
2024-08-23T16:00,54,Moderate,11.4,22.2,1.4,2.2,110.0,68.0,,,,,,
2024-08-23T17:00,54,Moderate,12.7,25.0,1.7,2.3,110.0,70.0,,,,,,
2024-08-23T18:00,54,Moderate,12.8,25.4,2.1,2.5,112.0,67.0,,,,,,
2024-08-23T19:00,53,Moderate,12.9,25.5,2.6,2.8,115.0,63.0,,,,,,
2024-08-23T20:00,54,Moderate,12.9,25.6,3.0,3.1,118.0,60.0,,,,,,
2024-08-23T21:00,54,Moderate,12.9,25.6,3.2,3.3,120.0,58.0,,,,,,
2024-08-23T22:00,54,Moderate,12.9,25.7,3.2,3.5,121.0,56.0,,,,,,
2024-08-23T23:00,54,Moderate,13.0,26.1,3.2,3.7,122.0,54.0,,,,,,
2024-08-24T00:00,54,Moderate,13.1,26.5,3.2,3.8,122.0,52.0,,,,,,
2024-08-24T01:00,54,Moderate,13.0,26.3,3.2,3.9,122.0,51.0,,,,,,
2024-08-24T02:00,55,Moderate,12.7,25.6,3.2,4.0,122.0,49.0,,,,,,
2024-08-24T03:00,55,Moderate,12.3,24.9,3.2,4.1,122.0,47.0,,,,,,
2024-08-24T04:00,55,Moderate,11.8,24.0,3.1,4.2,122.0,45.0,,,,,,
2024-08-24T05:00,55,Moderate,11.7,23.8,3.4,4.6,127.0,46.0,,,,,,
2024-08-24T06:00,56,Moderate,11.4,23.2,3.3,4.8,128.0,45.0,,,,,,
2024-08-24T07:00,56,Moderate,10.9,22.1,3.2,5.0,129.0,44.0,,,,,,
2024-08-24T08:00,56,Moderate,10.2,20.3,3.0,5.2,130.0,46.0,,,,,,
2024-08-24T09:00,56,Moderate,9.5,18.5,2.5,5.2,131.0,53.0,,,,,,
2024-08-24T10:00,56,Moderate,8.8,16.9,1.9,5.2,132.0,63.0,,,,,,
2024-08-24T11:00,56,Moderate,8.2,15.5,1.4,4.9,132.0,71.0,,,,,,
2024-08-24T12:00,55,Moderate,7.7,14.4,1.1,4.2,130.0,74.0,,,,,,
2024-08-24T13:00,55,Moderate,7.4,13.9,0.9,3.4,126.0,75.0,,,,,,
2024-08-24T14:00,55,Moderate,7.4,14.1,1.0,2.7,124.0,74.0,,,,,,
2024-08-24T15:00,54,Moderate,7.5,14.2,1.3,2.3,123.0,71.0,,,,,,
2024-08-24T16:00,54,Moderate,7.4,14.0,1.9,2.1,124.0,66.0,,,,,,
2024-08-24T17:00,54,Moderate,6.9,12.7,2.8,2.5,128.0,64.0,,,,,,
2024-08-24T18:00,53,Moderate,6.6,12.0,3.4,2.9,132.0,60.0,,,,,,
2024-08-24T19:00,53,Moderate,6.4,11.3,4.3,3.5,138.0,55.0,,,,,,
2024-08-24T20:00,52,Moderate,6.4,11.1,5.0,4.0,142.0,50.0,,,,,,
2024-08-24T21:00,52,Moderate,6.3,11.0,5.3,4.4,143.0,47.0,,,,,,
2024-08-24T22:00,51,Moderate,6.4,11.1,5.5,4.8,143.0,44.0,,,,,,
2024-08-24T23:00,51,Moderate,6.5,11.4,5.5,5.1,142.0,42.0,,,,,,
2024-08-25T00:00,50,Good,6.5,11.5,5.4,5.3,140.0,41.0,,,,,,
2024-08-25T01:00,49,Good,6.4,11.4,5.2,5.4,137.0,40.0,,,,,,
2024-08-25T02:00,47,Good,6.3,11.1,5.0,5.5,135.0,39.0,,,,,,
2024-08-25T03:00,46,Good,6.2,11.0,4.9,5.6,133.0,38.0,,,,,,
2024-08-25T04:00,44,Good,6.1,10.8,4.7,5.6,130.0,38.0,,,,,,
2024-08-25T05:00,43,Good,6.0,10.7,4.6,5.8,129.0,38.0,,,,,,
2024-08-25T06:00,42,Good,6.0,10.9,4.3,6.0,131.0,38.0,,,,,,
2024-08-25T07:00,40,Good,6.2,11.3,3.9,6.2,133.0,39.0,,,,,,
2024-08-25T08:00,39,Good,6.7,12.1,3.4,6.3,136.0,44.0,,,,,,
2024-08-25T09:00,38,Good,7.1,13.3,2.8,6.1,140.0,55.0,,,,,,
2024-08-25T10:00,38,Good,8.1,15.5,2.1,5.8,145.0,70.0,,,,,,
2024-08-25T11:00,38,Good,8.8,17.1,1.6,5.3,147.0,82.0,,,,,,
2024-08-25T12:00,38,Good,9.0,17.6,1.3,4.5,146.0,88.0,,,,,,
2024-08-25T13:00,38,Good,9.2,18.0,1.1,3.5,143.0,90.0,,,,,,
2024-08-25T14:00,39,Good,9.9,19.4,1.2,2.8,140.0,89.0,,,,,,
2024-08-25T15:00,39,Good,9.8,19.4,1.5,2.4,139.0,85.0,,,,,,
2024-08-25T16:00,40,Good,9.1,17.9,2.1,2.3,138.0,78.0,,,,,,
2024-08-25T17:00,40,Good,7.5,14.1,2.6,2.6,124.0,70.0,,,,,,
2024-08-25T18:00,40,Good,7.0,13.1,3.2,3.0,124.0,65.0,,,,,,
2024-08-25T19:00,40,Good,6.9,12.5,4.0,3.6,123.0,57.0,,,,,,
2024-08-25T20:00,40,Good,7.1,13.0,4.7,4.2,123.0,51.0,,,,,,
2024-08-25T21:00,41,Good,7.2,13.1,5.1,4.8,124.0,48.0,,,,,,
2024-08-25T22:00,41,Good,7.4,13.4,5.4,5.4,126.0,46.0,,,,,,
2024-08-25T23:00,41,Good,7.5,13.6,5.5,5.8,127.0,44.0,,,,,,
2024-08-26T00:00,41,Good,7.4,13.6,5.3,5.8,126.0,43.0,,,,,,
2024-08-26T01:00,41,Good,7.2,13.2,4.9,5.6,123.0,42.0,,,,,,
2024-08-26T02:00,42,Good,7.1,12.9,4.5,5.3,121.0,42.0,,,,,,
2024-08-26T03:00,42,Good,7.2,12.9,4.2,5.0,120.0,42.0,,,,,,
2024-08-26T04:00,42,Good,7.1,12.5,3.9,4.6,121.0,42.0,,,,,,
2024-08-26T05:00,42,Good,6.8,12.2,3.7,4.9,117.0,42.0,,,,,,
2024-08-26T06:00,42,Good,6.6,11.9,3.6,5.1,118.0,43.0,,,,,,
2024-08-26T07:00,43,Good,6.7,11.9,3.3,5.3,120.0,44.0,,,,,,
2024-08-26T08:00,43,Good,7.0,12.2,3.0,5.4,122.0,47.0,,,,,,
2024-08-26T09:00,43,Good,7.4,13.1,2.5,5.3,124.0,55.0,,,,,,
2024-08-26T10:00,43,Good,7.9,14.3,1.9,5.0,126.0,64.0,,,,,,
2024-08-26T11:00,43,Good,8.4,15.5,1.4,4.6,128.0,72.0,,,,,,
2024-08-26T12:00,43,Good,8.6,16.1,1.1,3.9,128.0,75.0,,,,,,
2024-08-26T13:00,43,Good,8.7,16.2,1.0,3.1,127.0,77.0,,,,,,
2024-08-26T14:00,42,Good,8.8,16.4,1.1,2.5,127.0,76.0,,,,,,
2024-08-26T15:00,42,Good,8.9,16.6,1.4,2.2,128.0,74.0,,,,,,
2024-08-26T16:00,42,Good,8.8,16.2,1.9,2.2,129.0,70.0,,,,,,
2024-08-26T17:00,42,Good,8.1,14.8,2.6,2.4,121.0,65.0,,,,,,
2024-08-26T18:00,42,Good,7.7,13.8,3.1,2.8,122.0,61.0,,,,,,
2024-08-26T19:00,42,Good,7.3,13.0,3.8,3.4,122.0,55.0,,,,,,
2024-08-26T20:00,42,Good,7.2,12.5,4.4,3.9,123.0,50.0,,,,,,
2024-08-26T21:00,42,Good,7.2,12.4,4.7,4.3,124.0,47.0,,,,,,
2024-08-26T22:00,42,Good,7.3,12.6,4.9,4.7,125.0,46.0,,,,,,
2024-08-26T23:00,42,Good,7.3,12.6,4.9,4.9,125.0,44.0,,,,,,
2024-08-27T00:00,42,Good,7.3,12.7,4.7,4.9,124.0,42.0,,,,,,
2024-08-27T01:00,42,Good,7.4,12.9,4.4,4.8,123.0,41.0,,,,,,
2024-08-27T02:00,42,Good,7.5,13.0,4.2,4.7,122.0,40.0,,,,,,
2024-08-27T03:00,42,Good,7.3,12.6,4.1,4.7,121.0,39.0,,,,,,
2024-08-27T04:00,42,Good,7.0,12.0,4.1,4.8,121.0,38.0,,,,,,
2024-08-27T05:00,42,Good,6.8,11.9,3.2,4.2,112.0,38.0,,,,,,
2024-08-27T06:00,42,Good,6.4,11.3,3.0,4.4,112.0,37.0,,,,,,
2024-08-27T07:00,42,Good,6.3,11.1,2.8,4.7,113.0,36.0,,,,,,
2024-08-27T08:00,42,Good,6.1,10.8,2.5,4.9,114.0,38.0,,,,,,
2024-08-27T09:00,42,Good,6.2,10.9,2.1,4.9,116.0,45.0,,,,,,
2024-08-27T10:00,42,Good,6.5,11.6,1.7,4.8,119.0,54.0,,,,,,
2024-08-27T11:00,41,Good,7.0,12.7,1.4,4.5,121.0,61.0,,,,,,
2024-08-27T12:00,41,Good,7.5,13.7,1.2,4.0,121.0,66.0,,,,,,
2024-08-27T13:00,41,Good,8.1,15.0,1.1,3.2,120.0,69.0,,,,,,
2024-08-27T14:00,41,Good,8.8,16.2,1.2,2.7,120.0,69.0,,,,,,
2024-08-27T15:00,41,Good,8.9,16.6,1.6,2.4,120.0,66.0,,,,,,
2024-08-27T16:00,41,Good,8.5,15.8,2.2,2.2,121.0,60.0,,,,,,
2024-08-27T17:00,41,Good,9.7,17.5,2.8,2.3,126.0,65.0,,,,,,
2024-08-27T18:00,41,Good,8.7,15.6,3.3,2.7,128.0,60.0,,,,,,
2024-08-27T19:00,41,Good,8.1,14.3,4.1,3.3,130.0,53.0,,,,,,
2024-08-27T20:00,41,Good,8.1,14.0,4.7,3.9,132.0,47.0,,,,,,
2024-08-27T21:00,42,Good,8.2,14.1,5.1,4.5,135.0,43.0,,,,,,
2024-08-27T22:00,42,Good,8.2,14.1,5.4,5.1,137.0,40.0,,,,,,
2024-08-27T23:00,42,Good,8.1,13.7,5.6,5.4,139.0,38.0,,,,,,
2024-08-28T00:00,42,Good,7.8,13.3,5.5,5.4,139.0,36.0,,,,,,
2024-08-28T01:00,42,Good,7.5,12.7,5.3,5.1,139.0,36.0,,,,,,
2024-08-28T02:00,42,Good,7.0,11.9,5.0,4.9,138.0,35.0,,,,,,
2024-08-28T03:00,42,Good,6.6,11.1,4.7,4.8,137.0,34.0,,,,,,
2024-08-28T04:00,42,Good,6.3,10.6,4.4,4.7,135.0,34.0,,,,,,
2024-08-28T05:00,42,Good,6.3,10.7,4.0,4.7,132.0,34.0,,,,,,
2024-08-28T06:00,42,Good,5.8,9.9,4.1,5.0,135.0,34.0,,,,,,
2024-08-28T07:00,42,Good,5.4,9.1,4.1,5.4,139.0,34.0,,,,,,
2024-08-28T08:00,42,Good,5.6,9.3,4.0,5.6,143.0,37.0,,,,,,
2024-08-28T09:00,41,Good,6.1,10.0,3.5,5.6,145.0,45.0,,,,,,
2024-08-28T10:00,41,Good,6.9,11.1,2.7,5.4,147.0,56.0,,,,,,
2024-08-28T11:00,41,Good,6.9,11.6,2.1,5.1,148.0,66.0,,,,,,
2024-08-28T12:00,41,Good,7.5,12.7,1.8,4.4,147.0,73.0,,,,,,
2024-08-28T13:00,41,Good,8.3,14.2,1.6,3.6,145.0,78.0,,,,,,
2024-08-28T14:00,42,Good,8.6,15.0,1.7,3.0,145.0,80.0,,,,,,
2024-08-28T15:00,41,Good,8.2,14.5,2.3,2.8,147.0,77.0,,,,,,
2024-08-28T16:00,41,Good,7.0,12.0,3.2,2.7,151.0,71.0,,,,,,
2024-08-28T17:00,41,Good,7.6,13.1,4.3,3.0,157.0,64.0,,,,,,
2024-08-28T18:00,40,Good,6.9,12.0,4.6,3.5,156.0,59.0,,,,,,
2024-08-28T19:00,40,Good,6.2,10.5,5.0,4.1,155.0,51.0,,,,,,
2024-08-28T20:00,40,Good,5.8,9.7,5.3,4.6,155.0,45.0,,,,,,
2024-08-28T21:00,39,Good,5.9,9.8,5.4,4.9,156.0,41.0,,,,,,
2024-08-28T22:00,39,Good,6.0,10.1,5.5,5.0,158.0,39.0,,,,,,
2024-08-28T23:00,38,Good,6.0,10.4,5.4,5.1,159.0,37.0,,,,,,
2024-08-29T00:00,38,Good,5.9,10.3,5.3,5.0,157.0,35.0,,,,,,
2024-08-29T01:00,37,Good,5.6,9.7,5.0,4.9,155.0,34.0,,,,,,
2024-08-29T02:00,37,Good,5.3,9.0,4.8,4.8,152.0,33.0,,,,,,
2024-08-29T03:00,36,Good,4.9,8.3,4.5,4.7,149.0,32.0,,,,,,
2024-08-29T04:00,36,Good,4.5,7.7,4.2,4.7,146.0,31.0,,,,,,
2024-08-29T05:00,35,Good,4.1,6.9,3.8,4.5,140.0,31.0,,,,,,
2024-08-29T06:00,35,Good,3.5,5.6,3.9,4.9,143.0,30.0,,,,,,
2024-08-29T07:00,34,Good,3.1,4.9,4.0,5.5,147.0,30.0,,,,,,
2024-08-29T08:00,34,Good,3.2,4.9,3.9,5.8,150.0,32.0,,,,,,
2024-08-29T09:00,33,Good,3.8,5.8,3.3,5.8,150.0,40.0,,,,,,
2024-08-29T10:00,33,Good,4.5,7.0,2.5,5.7,149.0,52.0,,,,,,
2024-08-29T11:00,32,Good,5.0,8.1,1.9,5.3,147.0,61.0,,,,,,
2024-08-29T12:00,32,Good,6.0,10.6,1.5,4.5,144.0,67.0,,,,,,
2024-08-29T13:00,31,Good,6.7,12.1,1.3,3.4,140.0,70.0,,,,,,
2024-08-29T14:00,31,Good,7.1,13.2,1.3,2.7,137.0,71.0,,,,,,
2024-08-29T15:00,31,Good,7.1,13.5,1.7,2.5,137.0,68.0,,,,,,
2024-08-29T16:00,30,Good,7.0,13.4,2.5,2.6,138.0,63.0,,,,,,
2024-08-29T17:00,30,Good,7.8,14.6,3.1,3.0,138.0,60.0,,,,,,
2024-08-29T18:00,31,Good,6.8,12.1,3.8,3.3,142.0,55.0,,,,,,
2024-08-29T19:00,31,Good,5.8,10.1,4.7,3.8,147.0,47.0,,,,,,
2024-08-29T20:00,30,Good,5.0,8.5,5.4,4.2,151.0,41.0,,,,,,
2024-08-29T21:00,30,Good,4.6,7.5,5.8,4.6,154.0,37.0,,,,,,
2024-08-29T22:00,30,Good,4.3,6.9,6.1,5.0,156.0,34.0,,,,,,
2024-08-29T23:00,30,Good,3.9,6.2,6.1,5.3,157.0,32.0,,,,,,
2024-08-30T00:00,29,Good,3.4,5.3,5.9,5.3,155.0,31.0,,,,,,
2024-08-30T01:00,28,Good,3.1,4.8,5.5,5.2,152.0,30.0,,,,,,
2024-08-30T02:00,28,Good,3.2,4.9,5.1,5.0,148.0,29.0,,,,,,
2024-08-30T03:00,27,Good,3.0,4.8,4.7,4.9,143.0,28.0,,,,,,
2024-08-30T04:00,27,Good,2.7,4.2,4.2,4.7,137.0,27.0,,,,,,
2024-08-30T05:00,27,Good,2.6,4.3,3.7,4.1,125.0,24.0,,,,,,
2024-08-30T06:00,26,Good,2.5,4.1,3.7,4.3,124.0,23.0,,,,,,
2024-08-30T07:00,26,Good,2.4,3.9,3.6,4.5,123.0,21.0,,,,,,
2024-08-30T08:00,26,Good,3.0,5.6,3.5,4.8,124.0,22.0,,,,,,
2024-08-30T09:00,26,Good,2.7,4.5,3.3,5.4,128.0,25.0,,,,,,
2024-08-30T10:00,26,Good,3.2,5.1,3.0,6.0,133.0,30.0,,,,,,
2024-08-30T11:00,25,Good,4.0,6.4,2.6,6.2,135.0,37.0,,,,,,
2024-08-30T12:00,25,Good,5.2,8.3,2.1,5.3,131.0,48.0,,,,,,
2024-08-30T13:00,25,Good,5.4,9.2,1.4,4.0,124.0,60.0,,,,,,
2024-08-30T14:00,24,Good,5.5,9.6,1.2,3.0,120.0,68.0,,,,,,
2024-08-30T15:00,24,Good,5.3,9.3,1.6,2.8,121.0,67.0,,,,,,
2024-08-30T16:00,24,Good,4.6,7.9,2.3,3.0,124.0,62.0,,,,,,
2024-08-30T17:00,23,Good,4.6,7.7,2.9,3.5,127.0,58.0,,,,,,
2024-08-30T18:00,25,Good,3.9,6.5,3.5,3.8,127.0,51.0,,,,,,
2024-08-30T19:00,26,Good,3.3,5.6,4.3,4.2,127.0,42.0,,,,,,
2024-08-30T20:00,26,Good,3.3,5.6,5.0,4.5,127.0,35.0,,,,,,
2024-08-30T21:00,26,Good,3.6,6.2,5.3,4.8,128.0,31.0,,,,,,
2024-08-30T22:00,24,Good,3.9,6.8,5.5,5.0,129.0,29.0,,,,,,
2024-08-30T23:00,22,Good,4.1,7.0,5.6,5.2,130.0,28.0,,,,,,
2024-08-31T00:00,20,Good,4.2,7.1,5.6,5.3,130.0,27.0,,,,,,
2024-08-31T01:00,21,Good,4.3,7.2,5.5,5.4,130.0,27.0,,,,,,
2024-08-31T02:00,21,Good,4.1,6.9,5.3,5.4,130.0,27.0,,,,,,
2024-08-31T03:00,21,Good,3.9,6.4,5.1,5.4,129.0,27.0,,,,,,
2024-08-31T04:00,21,Good,3.5,5.7,4.8,5.3,127.0,27.0,,,,,,
2024-08-31T05:00,22,Good,2.7,4.5,4.0,4.6,121.0,27.0,,,,,,
2024-08-31T06:00,22,Good,2.6,4.3,3.8,4.7,122.0,27.0,,,,,,
2024-08-31T07:00,22,Good,2.5,4.1,3.5,4.9,124.0,28.0,,,,,,
2024-08-31T08:00,22,Good,2.6,4.3,3.1,5.0,126.0,32.0,,,,,,
2024-08-31T09:00,22,Good,3.1,5.0,2.6,5.1,127.0,41.0,,,,,,
2024-08-31T10:00,22,Good,4.1,6.6,2.0,5.1,129.0,52.0,,,,,,
2024-08-31T11:00,22,Good,4.5,7.5,1.5,4.9,129.0,62.0,,,,,,
2024-08-31T12:00,22,Good,5.0,8.6,1.2,4.2,128.0,68.0,,,,,,
2024-08-31T13:00,22,Good,5.9,10.3,1.1,3.2,126.0,72.0,,,,,,
2024-08-31T14:00,22,Good,6.1,10.9,1.3,2.5,125.0,73.0,,,,,,
2024-08-31T15:00,25,Good,6.0,10.7,1.9,2.4,127.0,71.0,,,,,,
2024-08-31T16:00,27,Good,5.2,9.1,2.7,2.7,129.0,66.0,,,,,,
2024-08-31T17:00,29,Good,7.6,13.6,3.4,3.4,131.0,67.0,,,,,,
2024-08-31T18:00,31,Good,6.8,11.8,4.1,3.7,134.0,61.0,,,,,,
2024-08-31T19:00,31,Good,6.1,10.2,5.0,4.1,138.0,53.0,,,,,,
2024-08-31T20:00,31,Good,5.7,9.3,5.7,4.5,141.0,46.0,,,,,,
2024-08-31T21:00,30,Good,4.9,8.0,5.8,4.7,142.0,41.0,,,,,,
2024-08-31T22:00,28,Good,4.4,7.0,5.7,4.9,141.0,38.0,,,,,,
2024-08-31T23:00,26,Good,4.0,6.4,5.5,5.0,140.0,35.0,,,,,,
2024-09-01T00:00,25,Good,3.7,5.9,5.2,4.9,138.0,34.0,,,,,,
2024-09-01T01:00,25,Good,3.3,5.3,4.9,4.7,135.0,34.0,,,,,,
2024-09-01T02:00,25,Good,3.1,4.9,4.5,4.5,133.0,34.0,,,,,,
2024-09-01T03:00,25,Good,3.1,4.9,4.2,4.4,130.0,33.0,,,,,,
2024-09-01T04:00,25,Good,3.3,5.5,3.9,4.3,128.0,32.0,,,,,,
2024-09-01T05:00,25,Good,3.7,6.4,3.4,4.2,125.0,33.0,,,,,,
2024-09-01T06:00,25,Good,3.7,6.4,3.3,4.6,128.0,33.0,,,,,,
2024-09-01T07:00,25,Good,3.5,6.1,3.2,5.1,132.0,33.0,,,,,,
2024-09-01T08:00,25,Good,3.8,6.2,3.0,5.4,135.0,36.0,,,,,,
2024-09-01T09:00,26,Good,4.3,6.9,2.5,5.3,136.0,46.0,,,,,,
2024-09-01T10:00,26,Good,4.7,7.7,1.9,4.9,135.0,59.0,,,,,,
2024-09-01T11:00,26,Good,5.1,8.5,1.5,4.4,134.0,69.0,,,,,,
2024-09-01T12:00,26,Good,5.6,9.4,1.3,3.8,132.0,74.0,,,,,,
2024-09-01T13:00,26,Good,6.1,10.4,1.2,3.2,129.0,77.0,,,,,,
2024-09-01T14:00,26,Good,6.4,11.0,1.3,2.8,128.0,78.0,,,,,,
2024-09-01T15:00,27,Good,5.6,9.5,1.8,2.7,130.0,77.0,,,,,,
2024-09-01T16:00,30,Good,4.8,8.0,2.5,2.7,134.0,74.0,,,,,,
2024-09-01T17:00,32,Good,5.7,9.8,3.1,3.4,132.0,70.0,,,,,,
2024-09-01T18:00,34,Good,4.9,8.3,3.7,3.6,131.0,62.0,,,,,,
2024-09-01T19:00,34,Good,4.5,7.6,4.6,3.8,131.0,51.0,,,,,,
2024-09-01T20:00,33,Good,4.0,6.6,5.2,4.0,130.0,42.0,,,,,,
2024-09-01T21:00,31,Good,3.6,5.8,5.4,4.3,130.0,38.0,,,,,,
2024-09-01T22:00,29,Good,3.3,5.1,5.3,4.5,130.0,37.0,,,,,,
2024-09-01T23:00,26,Good,3.3,5.2,5.2,4.7,130.0,36.0,,,,,,
2024-09-02T00:00,24,Good,3.4,5.4,5.0,4.6,129.0,35.0,,,,,,
2024-09-02T01:00,24,Good,3.3,5.1,4.6,4.4,127.0,35.0,,,,,,
2024-09-02T02:00,24,Good,2.8,4.4,4.3,4.3,125.0,35.0,,,,,,
2024-09-02T03:00,24,Good,2.3,3.6,4.1,4.3,124.0,34.0,,,,,,
2024-09-02T04:00,24,Good,1.9,2.9,3.9,4.4,123.0,34.0,,,,,,
2024-09-02T05:00,23,Good,1.8,2.7,3.8,4.6,126.0,34.0,,,,,,
2024-09-02T06:00,23,Good,1.7,2.4,3.6,4.9,127.0,34.0,,,,,,
2024-09-02T07:00,22,Good,1.8,2.6,3.4,5.2,129.0,35.0,,,,,,
2024-09-02T08:00,22,Good,2.3,3.4,3.1,5.5,131.0,39.0,,,,,,
2024-09-02T09:00,22,Good,3.3,5.0,2.6,5.7,132.0,49.0,,,,,,
2024-09-02T10:00,21,Good,4.8,7.2,2.1,5.8,133.0,61.0,,,,,,
2024-09-02T11:00,21,Good,5.7,9.0,1.7,5.6,133.0,72.0,,,,,,
2024-09-02T12:00,22,Good,6.7,11.0,1.4,4.7,133.0,80.0,,,,,,
2024-09-02T13:00,23,Good,8.7,14.6,1.2,3.5,132.0,86.0,,,,,,
2024-09-02T14:00,26,Good,9.3,16.6,1.3,2.6,132.0,89.0,,,,,,
2024-09-02T15:00,30,Good,8.9,16.7,1.9,2.2,132.0,86.0,,,,,,
2024-09-02T16:00,33,Good,7.5,14.5,2.7,2.0,132.0,80.0,,,,,,
2024-09-02T17:00,35,Good,9.5,17.5,3.2,1.7,131.0,75.0,,,,,,
2024-09-02T18:00,36,Good,8.3,15.9,3.7,2.3,130.0,68.0,,,,,,
2024-09-02T19:00,37,Good,7.2,13.9,4.3,3.1,128.0,57.0,,,,,,
2024-09-02T20:00,36,Good,6.5,12.4,4.8,3.8,126.0,48.0,,,,,,
2024-09-02T21:00,34,Good,6.2,11.6,5.0,4.1,125.0,42.0,,,,,,
2024-09-02T22:00,32,Good,5.6,10.2,5.1,4.2,124.0,37.0,,,,,,
2024-09-02T23:00,29,Good,4.9,8.8,5.0,4.3,123.0,34.0,,,,,,
2024-09-03T00:00,29,Good,4.1,7.0,4.8,4.3,122.0,32.0,,,,,,
2024-09-03T01:00,29,Good,3.6,5.9,4.5,4.2,122.0,31.0,,,,,,
2024-09-03T02:00,29,Good,3.0,5.0,4.2,4.1,120.0,30.0,,,,,,
2024-09-03T03:00,29,Good,2.5,4.1,3.9,4.1,116.0,30.0,,,,,,
2024-09-03T04:00,29,Good,2.2,3.7,3.5,4.2,112.0,30.0,,,,,,
2024-09-03T05:00,29,Good,1.9,3.6,3.0,3.9,108.0,30.0,,,,,,
2024-09-03T06:00,29,Good,1.9,3.6,3.0,4.2,109.0,30.0,,,,,,
2024-09-03T07:00,29,Good,1.7,3.3,2.9,4.6,110.0,30.0,,,,,,
2024-09-03T08:00,29,Good,1.8,3.3,2.8,5.0,112.0,33.0,,,,,,
2024-09-03T09:00,29,Good,2.5,4.3,2.6,5.3,116.0,39.0,,,,,,
2024-09-03T10:00,29,Good,3.7,6.0,2.4,5.6,121.0,47.0,,,,,,
2024-09-03T11:00,29,Good,4.6,7.2,2.1,5.6,124.0,55.0,,,,,,
2024-09-03T12:00,28,Good,4.7,7.8,1.8,5.1,124.0,62.0,,,,,,
2024-09-03T13:00,28,Good,4.9,8.9,1.5,4.4,122.0,69.0,,,,,,
2024-09-03T14:00,27,Good,5.6,10.4,1.4,3.7,120.0,72.0,,,,,,
2024-09-03T15:00,26,Good,6.2,11.7,1.6,3.2,118.0,70.0,,,,,,
2024-09-03T16:00,26,Good,6.5,12.4,2.0,2.9,116.0,66.0,,,,,,
2024-09-03T17:00,28,Good,9.1,17.5,3.0,3.9,128.0,68.0,,,,,,
2024-09-03T18:00,30,Good,7.9,15.4,3.5,4.0,126.0,61.0,,,,,,
2024-09-03T19:00,30,Good,7.3,13.8,4.3,4.1,124.0,50.0,,,,,,
2024-09-03T20:00,30,Good,6.7,12.4,4.9,4.3,123.0,42.0,,,,,,
2024-09-03T21:00,29,Good,6.2,11.3,5.3,4.5,123.0,37.0,,,,,,
2024-09-03T22:00,27,Good,5.9,10.7,5.5,4.8,125.0,35.0,,,,,,
2024-09-03T23:00,25,Good,5.7,10.3,5.5,5.0,125.0,33.0,,,,,,
2024-09-04T00:00,26,Good,5.5,9.8,5.3,5.0,123.0,32.0,,,,,,
2024-09-04T01:00,26,Good,5.2,9.2,4.9,4.9,121.0,32.0,,,,,,
2024-09-04T02:00,26,Good,4.6,8.2,4.6,4.9,119.0,32.0,,,,,,
2024-09-04T03:00,27,Good,4.2,7.3,4.4,4.9,117.0,31.0,,,,,,
2024-09-04T04:00,27,Good,3.7,6.3,4.2,5.0,116.0,30.0,,,,,,
2024-09-04T05:00,27,Good,3.8,6.8,3.8,4.9,114.0,31.0,,,,,,
2024-09-04T06:00,28,Good,3.8,6.6,3.6,5.2,116.0,31.0,,,,,,
2024-09-04T07:00,28,Good,3.9,6.7,3.3,5.6,119.0,32.0,,,,,,
2024-09-04T08:00,29,Good,4.2,7.2,2.9,5.8,122.0,37.0,,,,,,
2024-09-04T09:00,29,Good,5.1,8.6,2.5,5.9,126.0,48.0,,,,,,
2024-09-04T10:00,30,Good,5.7,10.1,2.1,5.8,131.0,62.0,,,,,,
2024-09-04T11:00,30,Good,6.5,12.0,1.7,5.5,134.0,74.0,,,,,,
2024-09-04T12:00,31,Good,6.7,12.7,1.4,4.8,133.0,81.0,,,,,,
2024-09-04T13:00,31,Good,6.9,13.2,1.3,3.8,131.0,86.0,,,,,,
2024-09-04T14:00,32,Good,7.6,14.1,1.3,3.1,128.0,87.0,,,,,,
2024-09-04T15:00,32,Good,7.2,13.6,1.7,2.8,126.0,84.0,,,,,,
2024-09-04T16:00,32,Good,6.9,12.9,2.3,2.7,125.0,79.0,,,,,,
2024-09-04T17:00,35,Good,8.0,15.0,3.1,2.8,130.0,79.0,,,,,,
2024-09-04T18:00,37,Good,7.2,13.7,3.7,3.3,132.0,72.0,,,,,,
2024-09-04T19:00,37,Good,6.7,12.6,4.4,4.0,134.0,63.0,,,,,,
2024-09-04T20:00,37,Good,6.3,11.4,5.0,4.5,135.0,55.0,,,,,,
2024-09-04T21:00,35,Good,6.6,11.8,5.2,4.8,135.0,50.0,,,,,,
2024-09-04T22:00,33,Good,6.8,12.4,5.1,5.0,134.0,46.0,,,,,,
2024-09-04T23:00,32,Good,6.7,12.9,5.0,5.0,133.0,43.0,,,,,,
2024-09-05T00:00,32,Good,6.6,13.4,4.8,4.9,131.0,41.0,,,,,,
2024-09-05T01:00,33,Good,6.5,14.0,4.5,4.7,128.0,39.0,,,,,,
2024-09-05T02:00,33,Good,6.4,14.5,4.2,4.5,126.0,38.0,,,,,,
2024-09-05T03:00,33,Good,6.1,14.8,3.9,4.5,123.0,37.0,,,,,,
2024-09-05T04:00,34,Good,5.9,14.8,3.7,4.5,121.0,37.0,,,,,,
2024-09-05T05:00,34,Good,5.5,13.5,3.7,4.9,121.0,37.0,,,,,,
2024-09-05T06:00,35,Good,5.7,14.0,3.6,5.3,126.0,38.0,,,,,,
2024-09-05T07:00,35,Good,6.2,15.1,3.5,5.9,133.0,39.0,,,,,,
2024-09-05T08:00,36,Good,6.9,16.6,3.2,6.3,139.0,44.0,,,,,,
2024-09-05T09:00,36,Good,7.3,17.6,2.7,6.3,141.0,56.0,,,,,,
2024-09-05T10:00,37,Good,7.8,18.6,2.1,6.2,142.0,71.0,,,,,,
2024-09-05T11:00,37,Good,8.6,19.8,1.7,5.7,142.0,84.0,,,,,,
2024-09-05T12:00,38,Good,10.5,21.5,1.4,4.7,142.0,92.0,,,,,,
2024-09-05T13:00,39,Good,11.4,22.2,1.3,3.4,143.0,97.0,,,,,,
2024-09-05T14:00,40,Good,10.9,21.6,1.4,2.5,143.0,98.0,,,,,,
2024-09-05T15:00,40,Good,10.4,21.1,1.9,2.1,144.0,95.0,,,,,,
2024-09-05T16:00,41,Good,9.3,20.4,2.7,2.0,145.0,90.0,,,,,,
2024-09-05T17:00,42,Good,10.9,24.0,2.6,1.4,136.0,86.0,,,,,,
2024-09-05T18:00,42,Good,10.3,23.5,3.3,1.9,141.0,80.0,,,,,,
2024-09-05T19:00,43,Good,9.8,22.2,4.4,2.7,149.0,71.0,,,,,,
2024-09-05T20:00,44,Good,8.7,19.8,5.1,3.4,154.0,63.0,,,,,,
2024-09-05T21:00,44,Good,8.0,17.8,5.3,4.0,155.0,56.0,,,,,,
2024-09-05T22:00,45,Good,7.3,16.8,5.1,4.4,153.0,49.0,,,,,,
2024-09-05T23:00,45,Good,6.9,18.2,4.9,4.7,151.0,44.0,,,,,,
2024-09-06T00:00,45,Good,6.8,20.1,4.5,4.6,147.0,41.0,,,,,,
2024-09-06T01:00,45,Good,6.7,20.5,4.0,4.2,143.0,40.0,,,,,,
2024-09-06T02:00,45,Good,6.4,18.9,3.6,4.0,139.0,39.0,,,,,,
2024-09-06T03:00,45,Good,5.9,16.2,3.4,4.0,137.0,38.0,,,,,,
2024-09-06T04:00,45,Good,5.4,13.9,3.3,4.0,136.0,37.0,,,,,,
2024-09-06T05:00,45,Good,5.6,14.8,3.4,4.4,141.0,37.0,,,,,,
2024-09-06T06:00,45,Good,5.5,14.3,3.4,4.8,143.0,37.0,,,,,,
2024-09-06T07:00,45,Good,5.3,13.9,3.4,5.3,145.0,38.0,,,,,,
2024-09-06T08:00,45,Good,5.5,13.6,3.2,5.6,147.0,43.0,,,,,,
2024-09-06T09:00,44,Good,5.6,13.7,2.7,5.6,149.0,54.0,,,,,,
2024-09-06T10:00,44,Good,6.2,15.0,2.2,5.4,151.0,68.0,,,,,,
2024-09-06T11:00,43,Good,6.9,17.2,1.7,5.0,152.0,80.0,,,,,,
2024-09-06T12:00,43,Good,7.6,18.3,1.5,4.2,152.0,87.0,,,,,,
2024-09-06T13:00,42,Good,9.3,19.8,1.3,3.2,152.0,92.0,,,,,,
2024-09-06T14:00,42,Good,10.3,21.6,1.5,2.5,151.0,93.0,,,,,,
2024-09-06T15:00,42,Good,10.2,22.4,2.1,2.3,149.0,89.0,,,,,,
2024-09-06T16:00,42,Good,8.6,19.6,2.9,2.5,147.0,82.0,,,,,,
2024-09-06T17:00,42,Good,9.2,20.7,4.0,2.8,149.0,76.0,,,,,,
2024-09-06T18:00,41,Good,8.7,19.2,4.8,3.2,155.0,70.0,,,,,,
2024-09-06T19:00,41,Good,8.3,17.2,5.8,3.8,163.0,62.0,,,,,,
2024-09-06T20:00,40,Good,7.7,15.1,6.4,4.4,167.0,55.0,,,,,,
2024-09-06T21:00,40,Good,7.0,13.7,6.2,4.9,165.0,50.0,,,,,,
2024-09-06T22:00,40,Good,6.7,13.9,5.7,5.3,160.0,47.0,,,,,,
2024-09-06T23:00,40,Good,6.7,14.1,5.2,5.5,155.0,44.0,,,,,,
2024-09-07T00:00,40,Good,6.5,14.3,5.0,5.5,152.0,42.0,,,,,,
2024-09-07T01:00,40,Good,6.3,14.7,4.8,5.3,150.0,40.0,,,,,,
2024-09-07T02:00,40,Good,6.1,15.3,4.6,5.2,148.0,39.0,,,,,,
2024-09-07T03:00,40,Good,6.0,15.9,4.3,5.1,145.0,38.0,,,,,,
2024-09-07T04:00,40,Good,6.0,16.5,4.0,5.0,143.0,37.0,,,,,,
2024-09-07T05:00,40,Good,6.0,16.7,3.8,5.0,144.0,37.0,,,,,,
2024-09-07T06:00,40,Good,6.0,16.3,3.8,5.2,145.0,37.0,,,,,,
2024-09-07T07:00,40,Good,6.0,15.4,3.7,5.5,147.0,38.0,,,,,,
2024-09-07T08:00,40,Good,6.0,14.1,3.6,5.7,149.0,42.0,,,,,,
2024-09-07T09:00,40,Good,6.4,13.6,3.2,5.8,152.0,51.0,,,,,,
2024-09-07T10:00,40,Good,7.1,14.4,2.8,5.8,154.0,63.0,,,,,,
2024-09-07T11:00,41,Good,7.8,16.1,2.4,5.5,156.0,73.0,,,,,,
2024-09-07T12:00,41,Good,8.9,18.2,2.1,4.6,156.0,81.0,,,,,,
2024-09-07T13:00,41,Good,9.6,19.8,1.9,3.4,156.0,87.0,,,,,,
2024-09-07T14:00,41,Good,10.0,21.3,1.9,2.5,154.0,89.0,,,,,,
2024-09-07T15:00,41,Good,9.2,21.9,2.3,2.3,151.0,85.0,,,,,,
2024-09-07T16:00,41,Good,8.5,21.3,2.9,2.6,147.0,78.0,,,,,,
2024-09-07T17:00,41,Good,10.6,25.7,3.9,3.0,153.0,77.0,,,,,,
2024-09-07T18:00,41,Good,9.5,22.8,4.3,3.4,152.0,71.0,,,,,,
2024-09-07T19:00,41,Good,8.4,19.3,4.8,4.0,152.0,62.0,,,,,,
2024-09-07T20:00,41,Good,7.9,17.5,5.2,4.5,150.0,54.0,,,,,,
2024-09-07T21:00,41,Good,7.9,17.5,5.2,4.7,147.0,49.0,,,,,,
2024-09-07T22:00,42,Good,8.0,17.9,5.1,4.7,144.0,45.0,,,,,,
2024-09-07T23:00,42,Good,8.0,18.7,4.9,4.7,141.0,42.0,,,,,,
2024-09-08T00:00,42,Good,8.0,19.0,4.7,4.7,138.0,40.0,,,,,,
2024-09-08T01:00,43,Good,8.0,19.0,4.5,4.6,134.0,38.0,,,,,,
2024-09-08T02:00,43,Good,8.0,19.0,4.3,4.6,132.0,37.0,,,,,,
2024-09-08T03:00,43,Good,7.9,18.5,4.2,4.5,130.0,36.0,,,,,,
2024-09-08T04:00,44,Good,7.3,16.7,4.0,4.5,130.0,34.0,,,,,,
2024-09-08T05:00,44,Good,6.6,14.9,3.8,4.6,128.0,34.0,,,,,,
2024-09-08T06:00,44,Good,6.2,13.4,3.7,4.9,130.0,34.0,,,,,,
2024-09-08T07:00,44,Good,5.8,11.9,3.6,5.3,132.0,34.0,,,,,,
2024-09-08T08:00,44,Good,5.5,10.8,3.4,5.5,134.0,37.0,,,,,,
2024-09-08T09:00,44,Good,5.9,11.1,2.9,5.5,136.0,46.0,,,,,,
2024-09-08T10:00,44,Good,6.3,12.8,2.4,5.4,138.0,57.0,,,,,,
2024-09-08T11:00,44,Good,7.5,16.5,1.9,5.1,139.0,67.0,,,,,,
2024-09-08T12:00,44,Good,8.5,19.7,1.6,4.4,138.0,73.0,,,,,,
2024-09-08T13:00,44,Good,9.3,21.6,1.4,3.5,135.0,77.0,,,,,,
2024-09-08T14:00,44,Good,9.5,22.1,1.4,2.9,133.0,78.0,,,,,,
2024-09-08T15:00,44,Good,9.0,20.8,1.8,2.7,133.0,75.0,,,,,,
2024-09-08T16:00,44,Good,8.1,18.2,2.5,2.7,134.0,69.0,,,,,,
2024-09-08T17:00,43,Good,8.6,19.1,3.4,3.1,139.0,66.0,,,,,,
2024-09-08T18:00,43,Good,7.4,15.6,3.8,3.5,137.0,59.0,,,,,,
2024-09-08T19:00,43,Good,5.9,11.5,4.4,4.0,134.0,50.0,,,,,,
2024-09-08T20:00,42,Good,5.1,9.4,4.9,4.4,133.0,42.0,,,,,,
2024-09-08T21:00,41,Good,4.7,8.1,5.2,4.7,134.0,39.0,,,,,,
2024-09-08T22:00,41,Good,4.4,7.3,5.4,4.9,137.0,37.0,,,,,,
2024-09-08T23:00,40,Good,4.4,7.2,5.4,5.0,138.0,36.0,,,,,,
2024-09-09T00:00,39,Good,4.4,7.2,5.2,4.9,136.0,35.0,,,,,,
2024-09-09T01:00,38,Good,4.2,7.1,4.8,4.7,133.0,34.0,,,,,,
2024-09-09T02:00,37,Good,3.9,6.9,4.5,4.5,130.0,34.0,,,,,,
2024-09-09T03:00,36,Good,3.9,7.0,4.3,4.4,127.0,33.0,,,,,,
2024-09-09T04:00,35,Good,3.9,7.0,4.0,4.3,123.0,33.0,,,,,,
2024-09-09T05:00,34,Good,3.4,6.4,3.6,4.0,120.0,33.0,,,,,,
2024-09-09T06:00,34,Good,3.3,6.3,3.5,4.3,120.0,33.0,,,,,,
2024-09-09T07:00,33,Good,3.9,7.4,3.3,4.7,120.0,32.0,,,,,,
2024-09-09T08:00,33,Good,4.4,8.2,3.0,5.0,120.0,35.0,,,,,,
2024-09-09T09:00,32,Good,5.1,9.2,2.5,5.0,120.0,43.0,,,,,,
2024-09-09T10:00,32,Good,5.7,10.4,2.0,4.9,119.0,53.0,,,,,,
2024-09-09T11:00,32,Good,5.9,11.0,1.5,4.6,118.0,61.0,,,,,,
2024-09-09T12:00,32,Good,6.2,11.8,1.2,4.1,114.0,65.0,,,,,,
2024-09-09T13:00,31,Good,6.4,12.3,1.0,3.4,109.0,66.0,,,,,,
2024-09-09T14:00,30,Good,6.2,11.8,1.0,2.9,106.0,66.0,,,,,,
2024-09-09T15:00,30,Good,6.1,11.3,1.3,2.7,106.0,64.0,,,,,,
2024-09-09T16:00,29,Good,5.6,10.1,1.9,2.7,108.0,61.0,,,,,,
2024-09-09T17:00,28,Good,5.4,9.5,2.8,3.1,111.0,57.0,,,,,,
2024-09-09T18:00,29,Good,4.8,8.3,3.6,3.6,114.0,52.0,,,,,,
2024-09-09T19:00,29,Good,4.3,7.2,4.6,4.2,119.0,44.0,,,,,,
2024-09-09T20:00,28,Good,4.1,6.6,5.4,4.7,123.0,38.0,,,,,,
2024-09-09T21:00,27,Good,3.8,6.1,5.7,5.0,125.0,35.0,,,,,,
2024-09-09T22:00,26,Good,3.8,6.1,5.7,5.1,126.0,34.0,,,,,,
2024-09-09T23:00,26,Good,3.7,6.2,5.6,5.1,126.0,33.0,,,,,,
2024-09-10T00:00,26,Good,3.8,6.9,5.3,5.0,124.0,33.0,,,,,,
2024-09-10T01:00,26,Good,4.0,7.5,4.8,4.7,121.0,33.0,,,,,,
2024-09-10T02:00,26,Good,4.0,7.7,4.4,4.6,119.0,33.0,,,,,,
2024-09-10T03:00,26,Good,3.9,7.4,4.2,4.6,117.0,32.0,,,,,,
2024-09-10T04:00,26,Good,3.8,7.2,4.2,4.7,116.0,32.0,,,,,,
2024-09-10T05:00,26,Good,4.1,7.7,3.9,4.6,116.0,32.0,,,,,,
2024-09-10T06:00,26,Good,4.1,7.6,3.6,4.8,116.0,33.0,,,,,,
2024-09-10T07:00,26,Good,4.2,7.7,3.1,5.0,115.0,34.0,,,,,,
2024-09-10T08:00,26,Good,4.1,7.3,2.6,5.1,115.0,38.0,,,,,,
2024-09-10T09:00,26,Good,4.6,8.0,2.2,5.0,115.0,47.0,,,,,,
2024-09-10T10:00,26,Good,5.4,9.7,1.7,4.8,116.0,58.0,,,,,,
2024-09-10T11:00,26,Good,6.3,12.0,1.4,4.4,116.0,66.0,,,,,,
2024-09-10T12:00,26,Good,7.4,14.6,1.1,3.7,114.0,69.0,,,,,,
2024-09-10T13:00,26,Good,8.1,16.0,1.0,2.8,111.0,69.0,,,,,,
2024-09-10T14:00,27,Good,7.8,15.1,1.0,2.2,110.0,68.0,,,,,,
2024-09-10T15:00,27,Good,6.7,12.6,1.3,2.2,111.0,65.0,,,,,,
2024-09-10T16:00,28,Good,6.0,10.9,1.9,2.4,113.0,61.0,,,,,,
2024-09-10T17:00,29,Good,5.8,10.8,2.6,2.8,114.0,61.0,,,,,,
2024-09-10T18:00,30,Good,5.3,9.5,3.3,3.1,116.0,55.0,,,,,,
2024-09-10T19:00,30,Good,4.9,8.7,4.3,3.6,119.0,46.0,,,,,,
2024-09-10T20:00,29,Good,4.7,8.1,5.0,4.1,122.0,39.0,,,,,,
2024-09-10T21:00,28,Good,4.5,7.7,5.3,4.5,124.0,36.0,,,,,,
2024-09-10T22:00,28,Good,4.4,7.3,5.4,4.8,126.0,34.0,,,,,,
2024-09-10T23:00,28,Good,4.1,6.8,5.5,5.1,127.0,33.0,,,,,,
2024-09-11T00:00,28,Good,3.8,6.1,5.5,5.3,128.0,32.0,,,,,,
2024-09-11T01:00,28,Good,3.6,5.8,5.5,5.4,130.0,31.0,,,,,,
2024-09-11T02:00,28,Good,3.5,5.5,5.4,5.5,130.0,31.0,,,,,,
2024-09-11T03:00,28,Good,3.4,5.2,5.4,5.6,129.0,30.0,,,,,,
2024-09-11T04:00,28,Good,3.3,5.1,5.3,5.7,128.0,30.0,,,,,,
2024-09-11T05:00,28,Good,2.9,4.6,4.2,5.1,121.0,30.0,,,,,,
2024-09-11T06:00,28,Good,2.8,4.5,3.9,5.4,121.0,30.0,,,,,,
2024-09-11T07:00,27,Good,2.8,4.6,3.4,5.7,121.0,31.0,,,,,,
2024-09-11T08:00,27,Good,3.2,5.3,2.9,5.9,121.0,34.0,,,,,,
2024-09-11T09:00,27,Good,4.0,6.6,2.4,5.7,121.0,41.0,,,,,,
2024-09-11T10:00,27,Good,4.5,7.5,1.9,5.3,121.0,49.0,,,,,,
2024-09-11T11:00,26,Good,4.6,7.7,1.5,4.8,120.0,56.0,,,,,,
2024-09-11T12:00,26,Good,4.8,8.2,1.2,4.1,118.0,60.0,,,,,,
2024-09-11T13:00,25,Good,4.8,8.4,1.1,3.3,116.0,62.0,,,,,,
2024-09-11T14:00,25,Good,4.9,8.5,1.1,2.8,114.0,63.0,,,,,,
2024-09-11T15:00,24,Good,4.9,8.5,1.4,2.7,114.0,61.0,,,,,,
2024-09-11T16:00,25,Good,4.5,7.7,2.0,2.8,115.0,57.0,,,,,,
2024-09-11T17:00,26,Good,5.4,9.0,3.0,3.5,121.0,57.0,,,,,,
2024-09-11T18:00,27,Good,5.0,8.4,3.7,3.8,123.0,52.0,,,,,,
2024-09-11T19:00,27,Good,5.0,8.4,4.7,4.3,125.0,44.0,,,,,,
2024-09-11T20:00,26,Good,4.9,8.2,5.5,4.7,127.0,38.0,,,,,,
2024-09-11T21:00,25,Good,4.8,7.9,5.8,5.0,130.0,35.0,,,,,,
2024-09-11T22:00,24,Good,4.7,7.6,5.9,5.2,132.0,33.0,,,,,,
2024-09-11T23:00,23,Good,4.6,7.4,5.9,5.4,134.0,31.0,,,,,,
2024-09-12T00:00,23,Good,4.3,6.8,5.8,5.5,134.0,30.0,,,,,,
2024-09-12T01:00,23,Good,4.0,6.2,5.5,5.4,133.0,29.0,,,,,,
2024-09-12T02:00,24,Good,3.6,5.5,5.2,5.4,132.0,29.0,,,,,,
2024-09-12T03:00,24,Good,3.3,5.1,4.9,5.3,129.0,29.0,,,,,,
2024-09-12T04:00,24,Good,3.2,5.0,4.6,5.3,126.0,28.0,,,,,,
2024-09-12T05:00,23,Good,4.1,6.9,4.0,5.0,119.0,29.0,,,,,,
2024-09-12T06:00,24,Good,4.2,7.1,3.7,5.3,121.0,30.0,,,,,,
2024-09-12T07:00,24,Good,4.3,7.3,3.3,5.6,123.0,31.0,,,,,,
2024-09-12T08:00,24,Good,4.4,7.4,2.9,5.8,126.0,36.0,,,,,,
2024-09-12T09:00,25,Good,4.9,8.1,2.5,5.9,129.0,46.0,,,,,,
2024-09-12T10:00,25,Good,5.7,9.5,2.1,5.8,131.0,60.0,,,,,,
2024-09-12T11:00,25,Good,6.5,11.2,1.7,5.4,132.0,70.0,,,,,,
2024-09-12T12:00,26,Good,7.3,13.3,1.4,4.3,128.0,75.0,,,,,,
2024-09-12T13:00,26,Good,8.4,15.7,1.1,2.9,123.0,77.0,,,,,,
2024-09-12T14:00,27,Good,8.8,16.8,1.1,1.9,119.0,77.0,,,,,,
2024-09-12T15:00,28,Good,7.7,14.9,1.5,1.6,119.0,75.0,,,,,,
2024-09-12T16:00,30,Good,7.1,13.6,2.1,1.8,122.0,72.0,,,,,,
2024-09-12T17:00,32,Good,8.2,15.8,3.1,2.2,123.0,68.0,,,,,,
2024-09-12T18:00,33,Good,7.8,14.8,3.7,2.7,126.0,63.0,,,,,,
2024-09-12T19:00,33,Good,7.7,14.4,4.5,3.4,131.0,57.0,,,,,,
2024-09-12T20:00,33,Good,7.7,14.1,5.2,4.0,135.0,51.0,,,,,,
2024-09-12T21:00,32,Good,7.8,14.2,5.5,4.3,139.0,47.0,,,,,,
2024-09-12T22:00,32,Good,7.9,14.3,5.7,4.4,142.0,44.0,,,,,,
2024-09-12T23:00,33,Good,8.0,14.7,5.8,4.5,145.0,41.0,,,,,,
2024-09-13T00:00,34,Good,8.1,15.3,5.8,4.6,147.0,39.0,,,,,,
2024-09-13T01:00,35,Good,8.0,15.5,5.7,4.8,149.0,37.0,,,,,,
2024-09-13T02:00,36,Good,8.0,15.7,5.6,4.9,150.0,36.0,,,,,,
2024-09-13T03:00,37,Good,7.9,15.9,5.4,5.0,149.0,34.0,,,,,,
2024-09-13T04:00,38,Good,8.0,16.2,5.2,5.2,148.0,32.0,,,,,,
2024-09-13T05:00,39,Good,7.1,14.8,4.3,4.9,135.0,32.0,,,,,,
2024-09-13T06:00,40,Good,7.2,14.8,4.0,5.3,137.0,33.0,,,,,,
2024-09-13T07:00,40,Good,7.4,14.9,3.6,5.7,140.0,36.0,,,,,,
2024-09-13T08:00,41,Good,7.7,15.1,3.2,6.0,142.0,41.0,,,,,,
2024-09-13T09:00,42,Good,8.2,15.4,2.7,5.9,142.0,52.0,,,,,,
2024-09-13T10:00,43,Good,8.4,15.5,2.1,5.6,140.0,67.0,,,,,,
2024-09-13T11:00,43,Good,8.3,15.4,1.6,5.1,138.0,77.0,,,,,,
2024-09-13T12:00,44,Good,8.0,15.7,1.3,4.1,133.0,81.0,,,,,,
2024-09-13T13:00,44,Good,8.1,16.2,1.1,2.8,128.0,80.0,,,,,,
2024-09-13T14:00,44,Good,7.9,15.7,1.1,1.9,124.0,79.0,,,,,,
2024-09-13T15:00,44,Good,7.9,15.5,1.4,1.5,124.0,77.0,,,,,,
2024-09-13T16:00,44,Good,8.2,15.9,2.0,1.4,126.0,74.0,,,,,,
2024-09-13T17:00,44,Good,9.1,17.8,2.8,1.9,135.0,74.0,,,,,,
2024-09-13T18:00,44,Good,8.8,17.3,3.4,2.5,137.0,69.0,,,,,,
2024-09-13T19:00,44,Good,8.1,15.7,4.3,3.3,139.0,61.0,,,,,,
2024-09-13T20:00,44,Good,7.9,15.0,4.9,4.0,140.0,55.0,,,,,,
2024-09-13T21:00,44,Good,7.9,15.2,5.2,4.5,140.0,51.0,,,,,,
2024-09-13T22:00,44,Good,8.0,16.5,5.2,4.9,139.0,47.0,,,,,,
2024-09-13T23:00,44,Good,8.4,17.9,5.2,5.1,138.0,44.0,,,,,,
2024-09-14T00:00,45,Good,8.6,18.9,5.0,5.1,137.0,42.0,,,,,,
2024-09-14T01:00,45,Good,8.8,19.6,4.8,4.9,135.0,40.0,,,,,,
2024-09-14T02:00,45,Good,8.8,19.8,4.5,4.7,133.0,38.0,,,,,,
2024-09-14T03:00,45,Good,8.8,19.8,4.3,4.7,131.0,36.0,,,,,,
2024-09-14T04:00,45,Good,8.8,19.5,4.2,4.7,129.0,35.0,,,,,,
2024-09-14T05:00,45,Good,8.2,17.6,3.9,4.7,125.0,35.0,,,,,,
2024-09-14T06:00,46,Good,7.8,16.5,3.7,4.9,126.0,35.0,,,,,,
2024-09-14T07:00,46,Good,7.5,15.3,3.4,5.2,129.0,36.0,,,,,,
2024-09-14T08:00,46,Good,7.2,14.4,3.0,5.4,130.0,40.0,,,,,,
2024-09-14T09:00,46,Good,7.3,13.9,2.5,5.5,131.0,50.0,,,,,,
2024-09-14T10:00,46,Good,7.6,14.1,2.0,5.5,131.0,64.0,,,,,,
2024-09-14T11:00,45,Good,7.2,13.7,1.6,5.2,130.0,75.0,,,,,,
2024-09-14T12:00,45,Good,7.4,14.1,1.3,4.4,128.0,80.0,,,,,,
2024-09-14T13:00,45,Good,8.1,15.4,1.1,3.3,125.0,82.0,,,,,,
2024-09-14T14:00,45,Good,7.8,14.6,1.2,2.6,124.0,82.0,,,,,,
2024-09-14T15:00,45,Good,7.7,14.4,1.7,2.5,125.0,80.0,,,,,,
2024-09-14T16:00,45,Good,7.0,12.9,2.5,2.7,128.0,76.0,,,,,,
2024-09-14T17:00,45,Good,6.5,11.8,3.4,2.9,131.0,74.0,,,,,,
2024-09-14T18:00,44,Good,6.9,12.3,4.3,3.4,139.0,68.0,,,,,,
2024-09-14T19:00,44,Good,7.5,13.0,5.6,4.1,149.0,59.0,,,,,,
2024-09-14T20:00,43,Good,7.6,13.0,6.4,4.6,155.0,52.0,,,,,,
2024-09-14T21:00,43,Good,7.4,12.7,6.2,4.9,153.0,47.0,,,,,,
2024-09-14T22:00,43,Good,7.1,13.0,5.6,5.1,146.0,44.0,,,,,,
2024-09-14T23:00,43,Good,7.1,14.1,5.0,5.2,140.0,41.0,,,,,,
2024-09-15T00:00,43,Good,6.9,14.7,4.7,5.2,136.0,39.0,,,,,,
2024-09-15T01:00,42,Good,6.8,15.1,4.5,5.1,133.0,37.0,,,,,,
2024-09-15T02:00,42,Good,6.7,15.1,4.4,5.1,131.0,35.0,,,,,,
2024-09-15T03:00,41,Good,6.5,14.8,4.3,5.2,129.0,33.0,,,,,,
2024-09-15T04:00,41,Good,6.5,14.5,4.2,5.3,128.0,32.0,,,,,,
2024-09-15T05:00,40,Good,6.8,15.3,4.3,5.8,134.0,31.0,,,,,,
2024-09-15T06:00,40,Good,6.8,15.3,4.1,6.3,136.0,32.0,,,,,,
2024-09-15T07:00,40,Good,7.1,15.9,3.8,6.9,138.0,34.0,,,,,,
2024-09-15T08:00,40,Good,7.7,17.3,3.4,7.2,140.0,40.0,,,,,,
2024-09-15T09:00,40,Good,7.8,18.2,2.9,7.1,142.0,53.0,,,,,,
2024-09-15T10:00,40,Good,8.7,20.4,2.4,6.7,145.0,69.0,,,,,,
2024-09-15T11:00,40,Good,9.9,22.5,2.0,6.0,146.0,82.0,,,,,,
2024-09-15T12:00,41,Good,12.1,24.9,1.6,4.7,144.0,89.0,,,,,,
2024-09-15T13:00,42,Good,12.1,25.0,1.2,3.1,141.0,94.0,,,,,,
2024-09-15T14:00,43,Good,11.8,24.0,1.2,2.0,139.0,95.0,,,,,,
2024-09-15T15:00,44,Good,10.6,21.0,1.9,1.9,141.0,94.0,,,,,,
2024-09-15T16:00,44,Good,9.2,17.8,2.9,2.4,145.0,89.0,,,,,,
2024-09-15T17:00,45,Good,8.2,15.8,3.3,2.1,136.0,81.0,,,,,,
2024-09-15T18:00,45,Good,7.1,13.3,4.0,2.8,140.0,75.0,,,,,,
2024-09-15T19:00,45,Good,7.0,12.6,4.9,3.8,144.0,66.0,,,,,,
2024-09-15T20:00,45,Good,7.0,12.2,5.5,4.6,147.0,58.0,,,,,,
2024-09-15T21:00,45,Good,6.4,11.1,5.6,4.9,145.0,52.0,,,,,,
2024-09-15T22:00,45,Good,6.1,10.6,5.3,5.0,141.0,47.0,,,,,,
2024-09-15T23:00,45,Good,5.7,10.0,5.1,5.1,137.0,43.0,,,,,,
2024-09-16T00:00,44,Good,5.3,9.4,4.9,5.1,133.0,39.0,,,,,,
2024-09-16T01:00,44,Good,4.9,9.0,4.8,5.1,129.0,36.0,,,,,,
2024-09-16T02:00,44,Good,4.7,9.0,4.6,5.1,126.0,34.0,,,,,,
2024-09-16T03:00,43,Good,4.7,9.3,4.4,5.1,124.0,32.0,,,,,,
2024-09-16T04:00,43,Good,4.8,9.6,4.3,5.1,123.0,32.0,,,,,,
2024-09-16T05:00,42,Good,6.0,11.8,4.5,5.4,141.0,31.0,,,,,,
2024-09-16T06:00,42,Good,6.0,12.3,4.2,5.7,142.0,33.0,,,,,,
2024-09-16T07:00,42,Good,6.4,13.1,3.7,6.2,143.0,36.0,,,,,,
2024-09-16T08:00,42,Good,7.0,14.2,3.2,6.5,144.0,43.0,,,,,,
2024-09-16T09:00,42,Good,8.0,15.7,2.7,6.6,145.0,56.0,,,,,,
2024-09-16T10:00,42,Good,8.6,17.2,2.2,6.5,147.0,73.0,,,,,,
2024-09-16T11:00,42,Good,9.4,18.8,1.7,6.0,146.0,85.0,,,,,,
2024-09-16T12:00,41,Good,9.4,18.5,1.3,4.7,140.0,89.0,,,,,,
2024-09-16T13:00,41,Good,9.2,18.2,0.9,2.9,133.0,89.0,,,,,,
2024-09-16T14:00,40,Good,9.3,18.4,0.9,1.7,128.0,88.0,,,,,,
2024-09-16T15:00,40,Good,8.8,17.1,1.4,1.4,129.0,86.0,,,,,,
2024-09-16T16:00,39,Good,7.6,14.9,2.3,1.6,134.0,82.0,,,,,,
2024-09-16T17:00,39,Good,7.8,15.5,2.3,1.4,124.0,79.0,,,,,,
2024-09-16T18:00,39,Good,7.4,14.6,3.1,2.2,134.0,76.0,,,,,,
2024-09-16T19:00,39,Good,7.0,13.4,4.2,3.4,147.0,70.0,,,,,,
2024-09-16T20:00,39,Good,6.7,12.5,5.0,4.3,156.0,65.0,,,,,,
2024-09-16T21:00,39,Good,6.8,12.9,5.3,4.7,158.0,59.0,,,,,,
2024-09-16T22:00,39,Good,6.8,13.5,5.3,4.8,157.0,52.0,,,,,,
2024-09-16T23:00,39,Good,6.7,14.2,5.1,4.8,155.0,47.0,,,,,,
2024-09-17T00:00,39,Good,6.5,14.6,4.8,4.6,152.0,44.0,,,,,,
2024-09-17T01:00,39,Good,6.2,14.3,4.3,4.4,148.0,42.0,,,,,,
2024-09-17T02:00,40,Good,5.8,13.4,3.9,4.2,145.0,41.0,,,,,,
2024-09-17T03:00,40,Good,5.6,12.4,3.7,4.2,144.0,39.0,,,,,,
2024-09-17T04:00,40,Good,5.4,11.7,3.6,4.4,144.0,37.0,,,,,,
2024-09-17T05:00,40,Good,5.6,11.8,3.6,4.7,145.0,36.0,,,,,,
2024-09-17T06:00,40,Good,5.7,11.9,3.5,5.2,148.0,37.0,,,,,,
2024-09-17T07:00,40,Good,6.1,12.6,3.3,5.8,153.0,39.0,,,,,,
2024-09-17T08:00,40,Good,6.9,14.1,3.0,6.3,156.0,44.0,,,,,,
2024-09-17T09:00,40,Good,8.0,16.2,2.6,6.5,157.0,56.0,,,,,,
2024-09-17T10:00,40,Good,8.6,18.3,2.1,6.5,156.0,71.0,,,,,,
2024-09-17T11:00,40,Good,9.6,20.8,1.7,6.1,154.0,83.0,,,,,,
2024-09-17T12:00,40,Good,10.6,21.8,1.3,4.9,151.0,89.0,,,,,,
2024-09-17T13:00,40,Good,11.4,23.1,0.9,3.2,148.0,92.0,,,,,,
2024-09-17T14:00,41,Good,11.4,22.9,0.8,1.9,145.0,93.0,,,,,,
2024-09-17T15:00,41,Good,11.0,21.8,1.1,1.4,143.0,93.0,,,,,,
2024-09-17T16:00,42,Good,10.2,20.4,1.7,1.3,142.0,90.0,,,,,,
2024-09-17T17:00,43,Good,10.1,20.5,2.2,1.3,148.0,86.0,,,,,,
2024-09-17T18:00,43,Good,9.5,19.5,3.0,2.1,150.0,78.0,,,,,,
2024-09-17T19:00,44,Good,8.6,17.4,4.2,3.2,153.0,66.0,,,,,,
2024-09-17T20:00,44,Good,8.1,15.8,5.0,4.0,155.0,56.0,,,,,,
2024-09-17T21:00,44,Good,8.1,15.7,5.2,4.4,154.0,50.0,,,,,,
2024-09-17T22:00,45,Good,8.2,16.5,5.2,4.5,152.0,45.0,,,,,,
2024-09-17T23:00,45,Good,8.0,16.6,5.0,4.5,149.0,41.0,,,,,,
2024-09-18T00:00,45,Good,7.7,16.5,4.7,4.4,146.0,38.0,,,,,,
2024-09-18T01:00,45,Good,7.4,16.3,4.3,4.3,142.0,36.0,,,,,,
2024-09-18T02:00,46,Good,7.2,16.2,3.9,4.2,139.0,34.0,,,,,,
2024-09-18T03:00,46,Good,7.0,16.2,3.7,4.3,137.0,33.0,,,,,,
2024-09-18T04:00,46,Good,7.0,16.2,3.6,4.5,135.0,32.0,,,,,,
2024-09-18T05:00,47,Good,6.6,15.4,3.5,4.6,141.0,32.0,,,,,,
2024-09-18T06:00,47,Good,6.6,15.3,3.3,5.0,144.0,33.0,,,,,,
2024-09-18T07:00,47,Good,6.8,15.8,3.1,5.6,147.0,35.0,,,,,,
2024-09-18T08:00,47,Good,7.1,16.7,2.8,5.9,150.0,40.0,,,,,,
2024-09-18T09:00,47,Good,7.4,18.2,2.4,6.0,151.0,52.0,,,,,,
2024-09-18T10:00,47,Good,8.2,20.1,1.9,5.8,151.0,67.0,,,,,,
2024-09-18T11:00,47,Good,9.2,21.9,1.5,5.3,150.0,79.0,,,,,,
2024-09-18T12:00,47,Good,10.4,22.6,1.1,4.2,147.0,85.0,,,,,,
2024-09-18T13:00,47,Good,11.1,23.6,0.8,2.7,142.0,87.0,,,,,,
2024-09-18T14:00,47,Good,11.4,24.0,0.8,1.6,139.0,88.0,,,,,,
2024-09-18T15:00,47,Good,11.1,23.2,1.1,1.1,137.0,87.0,,,,,,
2024-09-18T16:00,47,Good,11.0,22.9,1.6,0.9,136.0,84.0,,,,,,
2024-09-18T17:00,47,Good,12.9,26.8,1.9,1.2,144.0,89.0,,,,,,
2024-09-18T18:00,48,Good,12.2,25.0,2.3,1.4,141.0,83.0,,,,,,
2024-09-18T19:00,48,Good,11.2,22.9,3.0,1.8,137.0,75.0,,,,,,
2024-09-18T20:00,49,Good,9.9,20.1,3.6,2.3,135.0,68.0,,,,,,
2024-09-18T21:00,49,Good,9.0,18.1,4.3,3.2,139.0,62.0,,,,,,
2024-09-18T22:00,50,Good,9.6,19.4,4.9,4.2,146.0,57.0,,,,,,
2024-09-18T23:00,50,Good,9.8,21.5,5.3,4.9,150.0,53.0,,,,,,
2024-09-19T00:00,50,Good,10.0,23.9,5.2,5.0,149.0,50.0,,,,,,
2024-09-19T01:00,50,Good,10.2,26.0,4.7,4.7,144.0,47.0,,,,,,
2024-09-19T02:00,51,Moderate,10.2,26.6,4.3,4.5,140.0,45.0,,,,,,
2024-09-19T03:00,51,Moderate,10.0,26.2,4.0,4.5,136.0,43.0,,,,,,
2024-09-19T04:00,51,Moderate,9.7,25.1,3.8,4.5,132.0,41.0,,,,,,
2024-09-19T05:00,51,Moderate,9.4,23.1,3.8,4.8,134.0,40.0,,,,,,
2024-09-19T06:00,51,Moderate,9.3,22.4,3.6,5.1,136.0,40.0,,,,,,
2024-09-19T07:00,52,Moderate,9.3,21.7,3.4,5.6,138.0,41.0,,,,,,
2024-09-19T08:00,52,Moderate,9.1,21.2,3.1,5.9,140.0,46.0,,,,,,
2024-09-19T09:00,52,Moderate,9.1,21.4,2.6,5.9,141.0,58.0,,,,,,
2024-09-19T10:00,52,Moderate,9.5,22.3,2.0,5.8,143.0,73.0,,,,,,
2024-09-19T11:00,52,Moderate,10.0,23.7,1.6,5.3,143.0,85.0,,,,,,
2024-09-19T12:00,52,Moderate,10.6,25.9,1.3,4.3,142.0,91.0,,,,,,
2024-09-19T13:00,52,Moderate,11.1,25.0,1.2,2.9,141.0,94.0,,,,,,
2024-09-19T14:00,52,Moderate,11.1,23.5,1.2,1.9,139.0,94.0,,,,,,
2024-09-19T15:00,52,Moderate,10.6,22.6,1.5,1.5,137.0,91.0,,,,,,
2024-09-19T16:00,52,Moderate,10.0,21.5,2.1,1.4,135.0,86.0,,,,,,
2024-09-19T17:00,52,Moderate,10.7,22.4,2.7,1.2,134.0,80.0,,,,,,
2024-09-19T18:00,52,Moderate,9.8,20.8,3.2,1.8,136.0,75.0,,,,,,
2024-09-19T19:00,52,Moderate,9.0,21.1,3.9,2.6,138.0,68.0,,,,,,
2024-09-19T20:00,52,Moderate,8.3,19.9,4.4,3.4,140.0,62.0,,,,,,
2024-09-19T21:00,52,Moderate,8.0,18.9,4.7,4.0,141.0,58.0,,,,,,
2024-09-19T22:00,51,Moderate,7.9,19.9,4.9,4.6,142.0,55.0,,,,,,
2024-09-19T23:00,51,Moderate,7.9,21.2,4.9,4.9,142.0,53.0,,,,,,
2024-09-20T00:00,51,Moderate,7.9,21.8,4.7,4.9,140.0,51.0,,,,,,
2024-09-20T01:00,51,Moderate,7.7,21.9,4.5,4.7,137.0,49.0,,,,,,
2024-09-20T02:00,51,Moderate,7.6,21.5,4.2,4.6,134.0,47.0,,,,,,
2024-09-20T03:00,51,Moderate,7.4,21.1,4.0,4.6,132.0,45.0,,,,,,
2024-09-20T04:00,50,Good,7.4,20.6,3.9,4.6,130.0,44.0,,,,,,
2024-09-20T05:00,50,Good,7.6,20.2,3.9,4.9,133.0,42.0,,,,,,
2024-09-20T06:00,50,Good,7.7,20.1,3.8,5.3,136.0,42.0,,,,,,
2024-09-20T07:00,50,Good,7.8,20.4,3.7,5.9,139.0,44.0,,,,,,
2024-09-20T08:00,49,Good,8.0,21.3,3.4,6.3,142.0,48.0,,,,,,
2024-09-20T09:00,49,Good,8.4,23.3,2.9,6.3,144.0,59.0,,,,,,
2024-09-20T10:00,49,Good,9.2,25.8,2.2,6.1,144.0,73.0,,,,,,
2024-09-20T11:00,49,Good,10.0,27.6,1.7,5.6,143.0,83.0,,,,,,
2024-09-20T12:00,49,Good,10.5,27.7,1.3,4.5,138.0,87.0,,,,,,
2024-09-20T13:00,49,Good,11.1,27.4,1.0,3.1,132.0,88.0,,,,,,
2024-09-20T14:00,49,Good,11.3,26.8,1.0,2.0,128.0,87.0,,,,,,
2024-09-20T15:00,49,Good,11.1,25.7,1.4,1.4,128.0,85.0,,,,,,
2024-09-20T16:00,49,Good,10.6,24.2,2.2,1.2,131.0,81.0,,,,,,
2024-09-20T17:00,49,Good,11.6,26.7,3.0,1.6,137.0,79.0,,,,,,
2024-09-20T18:00,49,Good,11.2,25.3,3.5,2.4,141.0,76.0,,,,,,
2024-09-20T19:00,50,Good,11.3,24.4,4.2,3.4,147.0,72.0,,,,,,
2024-09-20T20:00,50,Good,11.5,24.1,4.7,4.2,150.0,68.0,,,,,,
2024-09-20T21:00,50,Good,11.5,24.6,4.8,4.5,148.0,64.0,,,,,,
2024-09-20T22:00,51,Moderate,11.5,25.8,4.7,4.6,144.0,60.0,,,,,,
2024-09-20T23:00,51,Moderate,11.6,27.2,4.6,4.6,139.0,56.0,,,,,,
2024-09-21T00:00,51,Moderate,11.6,28.2,4.4,4.6,135.0,54.0,,,,,,
2024-09-21T01:00,52,Moderate,11.7,29.1,4.1,4.5,131.0,52.0,,,,,,
2024-09-21T02:00,52,Moderate,11.7,29.7,3.9,4.5,127.0,50.0,,,,,,
2024-09-21T03:00,52,Moderate,11.6,29.6,3.7,4.6,123.0,48.0,,,,,,
2024-09-21T04:00,52,Moderate,11.4,29.2,3.5,4.7,120.0,46.0,,,,,,
2024-09-21T05:00,53,Moderate,11.1,28.5,3.1,4.3,116.0,44.0,,,,,,
2024-09-21T06:00,53,Moderate,11.0,28.3,3.1,4.7,118.0,43.0,,,,,,
2024-09-21T07:00,53,Moderate,10.9,27.6,3.1,5.3,121.0,42.0,,,,,,
2024-09-21T08:00,54,Moderate,10.7,26.8,3.0,5.7,124.0,45.0,,,,,,
2024-09-21T09:00,54,Moderate,10.7,25.8,2.6,6.0,128.0,55.0,,,,,,
2024-09-21T10:00,54,Moderate,10.9,25.1,2.1,6.1,133.0,68.0,,,,,,
2024-09-21T11:00,54,Moderate,11.3,25.1,1.7,5.8,137.0,80.0,,,,,,
2024-09-21T12:00,54,Moderate,11.8,25.7,1.3,4.9,141.0,89.0,,,,,,
2024-09-21T13:00,54,Moderate,13.2,27.8,1.0,3.6,144.0,97.0,,,,,,
2024-09-21T14:00,54,Moderate,14.6,30.5,1.0,2.6,145.0,101.0,,,,,,
2024-09-21T15:00,55,Moderate,14.1,29.1,1.4,1.9,143.0,98.0,,,,,,
2024-09-21T16:00,55,Moderate,12.7,26.2,2.0,1.4,139.0,91.0,,,,,,
2024-09-21T17:00,55,Moderate,12.7,26.1,1.8,1.0,143.0,89.0,,,,,,
2024-09-21T18:00,55,Moderate,10.9,22.8,2.7,1.7,146.0,84.0,,,,,,
2024-09-21T19:00,55,Moderate,10.0,20.4,3.8,2.7,150.0,77.0,,,,,,
2024-09-21T20:00,55,Moderate,9.1,18.2,4.7,3.6,153.0,70.0,,,,,,
2024-09-21T21:00,55,Moderate,8.8,16.9,5.0,4.2,155.0,64.0,,,,,,
2024-09-21T22:00,55,Moderate,9.0,17.8,5.0,4.7,157.0,59.0,,,,,,
2024-09-21T23:00,54,Moderate,8.8,18.2,4.9,5.0,156.0,54.0,,,,,,
2024-09-22T00:00,54,Moderate,8.2,17.9,4.6,4.9,151.0,50.0,,,,,,
2024-09-22T01:00,54,Moderate,7.5,17.1,4.1,4.6,143.0,48.0,,,,,,
2024-09-22T02:00,54,Moderate,6.7,15.5,3.7,4.4,137.0,45.0,,,,,,
2024-09-22T03:00,53,Moderate,5.9,14.0,3.6,4.5,134.0,42.0,,,,,,
2024-09-22T04:00,53,Moderate,5.3,12.8,3.5,4.7,132.0,40.0,,,,,,
2024-09-22T05:00,52,Moderate,5.7,13.6,3.7,5.2,138.0,39.0,,,,,,
2024-09-22T06:00,52,Moderate,5.7,13.7,3.6,5.6,140.0,39.0,,,,,,
2024-09-22T07:00,52,Moderate,5.8,14.8,3.5,6.2,143.0,40.0,,,,,,
2024-09-22T08:00,51,Moderate,6.0,15.3,3.2,6.4,145.0,45.0,,,,,,
2024-09-22T09:00,51,Moderate,6.5,16.5,2.7,6.2,145.0,56.0,,,,,,
2024-09-22T10:00,50,Good,7.3,18.0,2.0,5.6,143.0,71.0,,,,,,
2024-09-22T11:00,50,Good,8.3,20.1,1.5,4.9,143.0,83.0,,,,,,
2024-09-22T12:00,50,Good,9.5,21.8,1.2,3.8,145.0,91.0,,,,,,
2024-09-22T13:00,49,Good,10.9,23.3,1.1,2.5,148.0,95.0,,,,,,
2024-09-22T14:00,49,Good,11.8,24.1,1.2,1.7,150.0,97.0,,,,,,
2024-09-22T15:00,48,Good,11.5,23.2,1.7,1.6,150.0,94.0,,,,,,
2024-09-22T16:00,47,Good,10.3,21.1,2.4,1.9,148.0,88.0,,,,,,
2024-09-22T17:00,47,Good,10.8,21.8,3.2,2.6,143.0,84.0,,,,,,
2024-09-22T18:00,46,Good,9.9,19.5,3.6,3.0,142.0,76.0,,,,,,
2024-09-22T19:00,46,Good,9.3,17.8,4.1,3.6,141.0,64.0,,,,,,
2024-09-22T20:00,46,Good,9.2,17.3,4.5,4.1,140.0,55.0,,,,,,
2024-09-22T21:00,46,Good,9.2,17.2,4.7,4.3,140.0,50.0,,,,,,
2024-09-22T22:00,46,Good,9.0,16.8,4.8,4.5,140.0,46.0,,,,,,
2024-09-22T23:00,46,Good,8.6,16.1,4.8,4.5,140.0,44.0,,,,,,
2024-09-23T00:00,46,Good,8.0,14.7,4.6,4.4,140.0,42.0,,,,,,
2024-09-23T01:00,46,Good,6.8,12.1,4.4,4.3,139.0,42.0,,,,,,
2024-09-23T02:00,46,Good,5.2,8.7,4.1,4.2,138.0,41.0,,,,,,
2024-09-23T03:00,45,Good,3.8,6.1,3.9,4.3,136.0,40.0,,,,,,
2024-09-23T04:00,45,Good,2.9,4.2,3.6,4.5,134.0,39.0,,,,,,
2024-09-23T05:00,44,Good,2.7,4.1,3.0,4.1,129.0,39.0,,,,,,
2024-09-23T06:00,44,Good,2.4,3.6,2.9,4.4,130.0,40.0,,,,,,
2024-09-23T07:00,43,Good,2.4,3.8,2.7,4.8,132.0,41.0,,,,,,
2024-09-23T08:00,42,Good,3.0,4.6,2.5,5.1,134.0,45.0,,,,,,
2024-09-23T09:00,42,Good,3.9,6.1,2.2,5.2,136.0,55.0,,,,,,
2024-09-23T10:00,41,Good,5.3,8.5,1.8,5.1,138.0,67.0,,,,,,
2024-09-23T11:00,40,Good,6.1,10.5,1.5,4.8,140.0,77.0,,,,,,
2024-09-23T12:00,40,Good,7.1,12.7,1.3,4.1,140.0,82.0,,,,,,
2024-09-23T13:00,39,Good,8.6,15.7,1.2,3.1,139.0,85.0,,,,,,
2024-09-23T14:00,39,Good,9.9,18.2,1.3,2.5,139.0,85.0,,,,,,
2024-09-23T15:00,38,Good,9.1,16.6,1.8,2.4,140.0,82.0,,,,,,
2024-09-23T16:00,38,Good,7.8,14.1,2.5,2.6,141.0,75.0,,,,,,
2024-09-23T17:00,37,Good,9.7,17.8,3.2,3.0,145.0,72.0,,,,,,
2024-09-23T18:00,37,Good,9.3,17.0,3.6,3.3,145.0,66.0,,,,,,
2024-09-23T19:00,37,Good,9.2,17.0,4.1,3.8,145.0,58.0,,,,,,
2024-09-23T20:00,37,Good,9.7,18.1,4.5,4.2,145.0,51.0,,,,,,
2024-09-23T21:00,37,Good,9.7,18.3,4.7,4.6,145.0,47.0,,,,,,
2024-09-23T22:00,37,Good,9.8,18.9,4.8,4.9,145.0,45.0,,,,,,
2024-09-23T23:00,37,Good,9.8,19.4,4.8,5.1,144.0,44.0,,,,,,
2024-09-24T00:00,38,Good,9.8,19.7,4.6,5.0,142.0,43.0,,,,,,
2024-09-24T01:00,38,Good,9.7,19.8,4.3,4.8,139.0,42.0,,,,,,
2024-09-24T02:00,39,Good,9.6,19.8,4.1,4.7,137.0,42.0,,,,,,
2024-09-24T03:00,40,Good,9.3,19.2,4.0,4.8,136.0,41.0,,,,,,
2024-09-24T04:00,41,Good,9.0,18.5,3.9,5.0,135.0,41.0,,,,,,
2024-09-24T05:00,42,Good,8.8,18.3,3.5,4.8,133.0,41.0,,,,,,
2024-09-24T06:00,44,Good,8.7,18.2,3.4,5.2,134.0,41.0,,,,,,
2024-09-24T07:00,45,Good,8.6,17.8,3.3,5.6,137.0,41.0,,,,,,
2024-09-24T08:00,47,Good,8.4,17.2,3.0,5.9,139.0,45.0,,,,,,
2024-09-24T09:00,48,Good,8.5,17.1,2.6,5.9,143.0,55.0,,,,,,
2024-09-24T10:00,49,Good,8.9,17.4,2.0,5.6,147.0,69.0,,,,,,
2024-09-24T11:00,50,Good,8.9,17.2,1.6,5.2,148.0,79.0,,,,,,
2024-09-24T12:00,50,Good,8.4,15.9,1.3,4.4,145.0,81.0,,,,,,
2024-09-24T13:00,50,Good,7.0,13.0,1.1,3.3,139.0,79.0,,,,,,
2024-09-24T14:00,50,Good,5.8,10.3,1.2,2.6,134.0,76.0,,,,,,
2024-09-24T15:00,49,Good,5.2,8.9,1.6,2.4,132.0,72.0,,,,,,
2024-09-24T16:00,49,Good,4.5,7.5,2.2,2.5,132.0,66.0,,,,,,
2024-09-24T17:00,48,Good,4.6,7.8,2.8,2.7,131.0,62.0,,,,,,
2024-09-24T18:00,47,Good,4.4,7.5,3.4,3.1,132.0,56.0,,,,,,
2024-09-24T19:00,45,Good,4.6,7.9,4.2,3.6,132.0,49.0,,,,,,
2024-09-24T20:00,44,Good,4.6,7.9,4.9,4.1,133.0,42.0,,,,,,
2024-09-24T21:00,43,Good,4.5,7.5,5.2,4.4,134.0,38.0,,,,,,
2024-09-24T22:00,42,Good,4.3,7.1,5.3,4.7,134.0,36.0,,,,,,
2024-09-24T23:00,41,Good,4.1,6.8,5.3,4.8,134.0,34.0,,,,,,
2024-09-25T00:00,39,Good,4.0,6.5,5.1,4.8,132.0,33.0,,,,,,
2024-09-25T01:00,38,Good,3.7,6.0,4.7,4.6,130.0,32.0,,,,,,
2024-09-25T02:00,37,Good,3.3,5.1,4.3,4.5,128.0,31.0,,,,,,
2024-09-25T03:00,35,Good,2.8,4.3,4.1,4.5,126.0,30.0,,,,,,
2024-09-25T04:00,34,Good,2.4,3.5,3.9,4.5,125.0,29.0,,,,,,
2024-09-25T05:00,32,Good,1.9,2.7,3.5,4.2,120.0,29.0,,,,,,
2024-09-25T06:00,31,Good,1.8,2.7,3.3,4.7,121.0,29.0,,,,,,
2024-09-25T07:00,29,Good,2.0,2.9,3.1,5.4,123.0,30.0,,,,,,
2024-09-25T08:00,27,Good,2.4,3.5,2.8,5.8,124.0,34.0,,,,,,
2024-09-25T09:00,26,Good,3.4,4.9,2.4,5.8,126.0,44.0,,,,,,
2024-09-25T10:00,25,Good,4.4,6.4,2.0,5.5,128.0,57.0,,,,,,
2024-09-25T11:00,24,Good,4.5,6.9,1.6,5.0,128.0,68.0,,,,,,
2024-09-25T12:00,23,Good,5.4,8.8,1.3,4.1,126.0,74.0,,,,,,
2024-09-25T13:00,22,Good,6.0,10.2,1.1,2.9,122.0,76.0,,,,,,
2024-09-25T14:00,24,Good,6.1,10.8,1.1,2.1,120.0,77.0,,,,,,
2024-09-25T15:00,27,Good,6.2,10.9,1.5,1.9,120.0,75.0,,,,,,
2024-09-25T16:00,29,Good,5.0,8.7,2.2,2.2,122.0,70.0,,,,,,
2024-09-25T17:00,31,Good,7.9,13.5,3.1,2.7,130.0,69.0,,,,,,
2024-09-25T18:00,33,Good,6.7,11.3,3.8,3.1,133.0,63.0,,,,,,
2024-09-25T19:00,33,Good,6.4,10.9,4.7,3.6,137.0,55.0,,,,,,
2024-09-25T20:00,32,Good,6.0,10.1,5.4,4.1,140.0,48.0,,,,,,
2024-09-25T21:00,31,Good,6.0,10.0,5.5,4.5,139.0,44.0,,,,,,
2024-09-25T22:00,29,Good,5.6,9.5,5.3,4.9,137.0,42.0,,,,,,
2024-09-25T23:00,27,Good,5.5,9.3,5.0,5.1,135.0,40.0,,,,,,
2024-09-26T00:00,25,Good,5.4,9.2,4.7,5.1,133.0,39.0,,,,,,
2024-09-26T01:00,26,Good,5.3,9.0,4.4,5.0,131.0,38.0,,,,,,
2024-09-26T02:00,26,Good,5.2,8.8,4.2,4.9,130.0,38.0,,,,,,
2024-09-26T03:00,26,Good,5.2,8.8,4.1,4.9,129.0,37.0,,,,,,
2024-09-26T04:00,27,Good,5.1,8.8,4.0,5.0,129.0,37.0,,,,,,
2024-09-26T05:00,28,Good,4.5,7.6,3.9,5.3,134.0,38.0,,,,,,
2024-09-26T06:00,28,Good,4.4,7.5,3.8,6.0,136.0,38.0,,,,,,
2024-09-26T07:00,29,Good,4.5,7.5,3.8,6.9,138.0,38.0,,,,,,
2024-09-26T08:00,29,Good,4.9,8.0,3.5,7.5,140.0,42.0,,,,,,
2024-09-26T09:00,30,Good,5.7,9.3,3.0,7.5,142.0,53.0,,,,,,
2024-09-26T10:00,31,Good,7.1,11.6,2.3,7.1,143.0,67.0,,,,,,
2024-09-26T11:00,31,Good,7.9,13.7,1.7,6.3,144.0,79.0,,,,,,
2024-09-26T12:00,32,Good,8.6,15.9,1.3,5.0,145.0,87.0,,,,,,
2024-09-26T13:00,33,Good,9.7,18.5,1.0,3.3,146.0,94.0,,,,,,
2024-09-26T14:00,34,Good,10.3,19.9,0.9,2.0,146.0,97.0,,,,,,
2024-09-26T15:00,35,Good,9.9,19.2,1.2,1.5,144.0,96.0,,,,,,
2024-09-26T16:00,36,Good,9.1,17.8,1.7,1.3,141.0,92.0,,,,,,
2024-09-26T17:00,39,Good,11.6,22.3,1.9,0.9,140.0,94.0,,,,,,
2024-09-26T18:00,41,Good,10.6,20.0,2.1,1.1,137.0,89.0,,,,,,
2024-09-26T19:00,42,Good,9.5,18.0,2.5,1.4,133.0,82.0,,,,,,
2024-09-26T20:00,42,Good,8.5,15.8,3.0,2.0,132.0,75.0,,,,,,
2024-09-26T21:00,42,Good,7.5,13.6,3.8,3.0,138.0,68.0,,,,,,
2024-09-26T22:00,40,Good,7.1,12.4,4.8,4.3,146.0,60.0,,,,,,
2024-09-26T23:00,40,Good,7.0,12.0,5.4,5.2,153.0,53.0,,,,,,
2024-09-27T00:00,40,Good,7.1,12.3,5.4,5.6,155.0,48.0,,,,,,
2024-09-27T01:00,41,Good,7.1,12.7,5.1,5.6,154.0,44.0,,,,,,
2024-09-27T02:00,41,Good,7.0,13.2,4.9,5.6,155.0,41.0,,,,,,
2024-09-27T03:00,42,Good,6.9,13.7,4.9,5.6,158.0,37.0,,,,,,
2024-09-27T04:00,42,Good,7.1,14.2,4.9,5.5,162.0,34.0,,,,,,
2024-09-27T05:00,43,Good,7.0,14.7,4.1,5.3,152.0,35.0,,,,,,
2024-09-27T06:00,43,Good,7.2,14.9,3.9,5.7,155.0,38.0,,,,,,
2024-09-27T07:00,44,Good,7.6,15.7,3.5,6.2,158.0,42.0,,,,,,
2024-09-27T08:00,44,Good,8.3,16.7,3.1,6.6,161.0,49.0,,,,,,
2024-09-27T09:00,45,Good,8.8,17.9,2.6,6.7,163.0,62.0,,,,,,
2024-09-27T10:00,46,Good,9.5,19.5,2.1,6.7,163.0,78.0,,,,,,
2024-09-27T11:00,47,Good,10.5,21.9,1.6,6.3,163.0,90.0,,,,,,
2024-09-27T12:00,47,Good,10.8,22.8,1.3,5.3,161.0,97.0,,,,,,
2024-09-27T13:00,48,Good,10.9,22.9,1.0,4.0,158.0,100.0,,,,,,
2024-09-27T14:00,48,Good,10.7,22.1,0.8,2.8,155.0,101.0,,,,,,
2024-09-27T15:00,48,Good,10.3,21.1,0.7,1.9,153.0,99.0,,,,,,
2024-09-27T16:00,48,Good,10.0,20.5,0.7,1.1,151.0,95.0,,,,,,
2024-09-27T17:00,48,Good,11.2,23.3,0.7,0.7,147.0,87.0,,,,,,
2024-09-27T18:00,48,Good,10.1,21.1,0.7,0.8,145.0,86.0,,,,,,
2024-09-27T19:00,48,Good,9.4,19.8,0.8,0.8,143.0,83.0,,,,,,
2024-09-27T20:00,48,Good,9.1,19.2,0.8,0.9,141.0,82.0,,,,,,
2024-09-27T21:00,48,Good,8.8,18.7,0.7,0.9,139.0,82.0,,,,,,
2024-09-27T22:00,48,Good,8.6,18.4,0.6,1.0,138.0,82.0,,,,,,
2024-09-27T23:00,49,Good,8.4,18.0,0.6,1.0,137.0,82.0,,,,,,
2024-09-28T00:00,49,Good,8.5,18.0,0.7,1.0,138.0,82.0,,,,,,
2024-09-28T01:00,49,Good,9.4,19.5,0.9,1.0,141.0,82.0,,,,,,
2024-09-28T02:00,50,Good,9.2,19.0,1.0,1.0,142.0,82.0,,,,,,
2024-09-28T03:00,50,Good,9.2,18.6,1.0,0.9,142.0,81.0,,,,,,
2024-09-28T04:00,50,Good,9.0,17.9,0.9,0.7,141.0,80.0,,,,,,
2024-09-28T05:00,51,Moderate,9.5,19.2,1.1,0.9,146.0,75.0,,,,,,
2024-09-28T06:00,51,Moderate,9.5,19.4,1.1,0.9,145.0,73.0,,,,,,
2024-09-28T07:00,51,Moderate,9.5,19.4,1.2,0.8,144.0,71.0,,,,,,
2024-09-28T08:00,51,Moderate,9.5,19.3,1.2,0.8,143.0,71.0,,,,,,
2024-09-28T09:00,51,Moderate,9.5,18.7,1.1,0.7,143.0,74.0,,,,,,
2024-09-28T10:00,51,Moderate,8.9,16.6,0.9,0.7,143.0,78.0,,,,,,
2024-09-28T11:00,51,Moderate,8.8,16.1,0.7,0.6,143.0,82.0,,,,,,
2024-09-28T12:00,51,Moderate,8.7,15.8,0.6,0.6,142.0,84.0,,,,,,
2024-09-28T13:00,51,Moderate,8.7,15.9,0.5,0.5,142.0,86.0,,,,,,
2024-09-28T14:00,51,Moderate,8.7,16.1,0.5,0.5,141.0,86.0,,,,,,
2024-09-28T15:00,51,Moderate,8.2,15.5,0.6,0.4,141.0,85.0,,,,,,
2024-09-28T16:00,50,Good,7.5,14.5,0.8,0.3,141.0,83.0,,,,,,
2024-09-28T17:00,50,Good,6.5,12.8,0.9,0.2,136.0,82.0,,,,,,
2024-09-28T18:00,49,Good,6.3,12.3,1.5,0.7,139.0,80.0,,,,,,
2024-09-28T19:00,48,Good,6.5,12.4,2.2,1.4,144.0,77.0,,,,,,
2024-09-28T20:00,48,Good,6.9,12.6,2.5,1.7,147.0,76.0,,,,,,
2024-09-28T21:00,47,Good,7.7,14.3,1.9,1.4,147.0,79.0,,,,,,
2024-09-28T22:00,47,Good,9.0,17.0,0.9,0.7,145.0,84.0,,,,,,
2024-09-28T23:00,47,Good,10.2,19.1,0.3,0.3,144.0,87.0,,,,,,
2024-09-29T00:00,48,Good,10.5,19.4,0.4,0.3,146.0,86.0,,,,,,
2024-09-29T01:00,48,Good,10.4,18.9,0.9,0.5,149.0,82.0,,,,,,
2024-09-29T02:00,48,Good,10.1,17.8,1.3,0.7,152.0,78.0,,,,,,
2024-09-29T03:00,48,Good,10.0,17.0,1.6,0.8,156.0,74.0,,,,,,
2024-09-29T04:00,49,Good,9.5,15.9,1.8,0.9,160.0,69.0,,,,,,
2024-09-29T05:00,49,Good,8.4,14.2,1.7,1.0,158.0,68.0,,,,,,
2024-09-29T06:00,48,Good,8.5,14.1,1.6,0.9,159.0,68.0,,,,,,
2024-09-29T07:00,48,Good,8.8,14.3,1.6,0.8,160.0,67.0,,,,,,
2024-09-29T08:00,48,Good,8.4,13.6,1.4,0.7,156.0,65.0,,,,,,
2024-09-29T09:00,48,Good,7.3,12.0,1.1,0.6,144.0,62.0,,,,,,
2024-09-29T10:00,47,Good,6.1,10.2,0.7,0.5,126.0,58.0,,,,,,
2024-09-29T11:00,47,Good,5.4,9.2,0.4,0.4,112.0,54.0,,,,,,
2024-09-29T12:00,46,Good,4.7,8.1,0.3,0.4,103.0,50.0,,,,,,
2024-09-29T13:00,45,Good,4.1,7.2,0.3,0.3,96.0,45.0,,,,,,
2024-09-29T14:00,44,Good,3.8,6.8,0.3,0.3,92.0,42.0,,,,,,
2024-09-29T15:00,43,Good,3.6,6.4,0.4,0.3,90.0,40.0,,,,,,
2024-09-29T16:00,42,Good,3.4,6.0,0.6,0.2,90.0,38.0,,,,,,
2024-09-29T17:00,41,Good,4.7,8.4,0.8,0.2,94.0,41.0,,,,,,
2024-09-29T18:00,40,Good,4.7,8.6,0.5,0.1,95.0,44.0,,,,,,
2024-09-29T19:00,40,Good,5.0,9.2,0.2,0.0,96.0,49.0,,,,,,
2024-09-29T20:00,40,Good,5.1,9.6,0.2,0.1,100.0,52.0,,,,,,
2024-09-29T21:00,39,Good,5.5,10.3,0.9,0.5,109.0,52.0,,,,,,
2024-09-29T22:00,39,Good,5.6,10.4,1.9,1.1,120.0,51.0,,,,,,
2024-09-29T23:00,38,Good,6.1,10.9,2.8,1.6,130.0,49.0,,,,,,
2024-09-30T00:00,37,Good,6.2,10.9,3.4,1.8,137.0,46.0,,,,,,
2024-09-30T01:00,36,Good,6.5,11.4,3.7,1.8,141.0,42.0,,,,,,
2024-09-30T02:00,35,Good,6.6,11.3,3.7,1.7,142.0,39.0,,,,,,
2024-09-30T03:00,34,Good,5.6,9.6,3.0,1.3,135.0,39.0,,,,,,
2024-09-30T04:00,33,Good,5.0,8.6,1.9,0.7,124.0,40.0,,,,,,
2024-09-30T05:00,32,Good,5.5,9.7,0.8,0.2,116.0,45.0,,,,,,
2024-09-30T06:00,32,Good,5.6,9.8,0.8,0.2,117.0,46.0,,,,,,
2024-09-30T07:00,31,Good,5.4,9.5,0.7,0.3,117.0,47.0,,,,,,
2024-09-30T08:00,30,Good,5.3,9.3,0.6,0.3,118.0,48.0,,,,,,
2024-09-30T09:00,29,Good,5.3,9.3,0.5,0.3,119.0,49.0,,,,,,
2024-09-30T10:00,29,Good,5.2,9.1,0.4,0.3,120.0,51.0,,,,,,
2024-09-30T11:00,29,Good,4.8,8.5,0.3,0.3,120.0,51.0,,,,,,
2024-09-30T12:00,29,Good,4.6,8.1,0.2,0.3,118.0,50.0,,,,,,
2024-09-30T13:00,29,Good,4.3,7.7,0.2,0.2,114.0,47.0,,,,,,
2024-09-30T14:00,29,Good,4.0,7.3,0.2,0.2,111.0,45.0,,,,,,
2024-09-30T15:00,29,Good,3.8,6.8,0.3,0.2,109.0,43.0,,,,,,
2024-09-30T16:00,29,Good,3.5,6.4,0.4,0.1,109.0,41.0,,,,,,
2024-09-30T17:00,29,Good,4.6,8.1,0.4,0.1,108.0,41.0,,,,,,
2024-09-30T18:00,29,Good,4.7,8.3,0.4,0.1,109.0,42.0,,,,,,
2024-09-30T19:00,29,Good,4.8,8.4,0.5,0.1,109.0,43.0,,,,,,
2024-09-30T20:00,29,Good,4.9,8.7,0.5,0.1,111.0,45.0,,,,,,
2024-09-30T21:00,29,Good,5.3,9.4,0.6,0.1,114.0,49.0,,,,,,
2024-09-30T22:00,29,Good,5.7,10.4,0.7,0.2,117.0,53.0,,,,,,
2024-09-30T23:00,29,Good,6.2,11.4,0.7,0.2,120.0,56.0,,,,,,
2024-10-01T00:00,29,Good,6.7,12.4,0.6,0.2,121.0,57.0,,,,,,
2024-10-01T01:00,29,Good,6.7,12.2,0.4,0.1,122.0,57.0,,,,,,
2024-10-01T02:00,29,Good,5.9,10.7,0.3,0.1,122.0,57.0,,,,,,
2024-10-01T03:00,29,Good,5.3,9.5,0.2,0.0,121.0,56.0,,,,,,
2024-10-01T04:00,28,Good,4.9,8.7,0.2,0.0,120.0,55.0,,,,,,
2024-10-01T05:00,28,Good,5.2,9.0,0.2,0.1,113.0,45.0,,,,,,
2024-10-01T06:00,28,Good,5.0,8.7,0.4,0.4,116.0,46.0,,,,,,
2024-10-01T07:00,28,Good,4.7,8.1,0.7,0.9,121.0,49.0,,,,,,
2024-10-01T08:00,28,Good,4.6,7.9,0.9,1.6,126.0,53.0,,,,,,
2024-10-01T09:00,28,Good,4.7,8.0,1.1,3.0,132.0,62.0,,,,,,
2024-10-01T10:00,28,Good,5.1,8.7,1.2,4.7,138.0,73.0,,,,,,
2024-10-01T11:00,28,Good,6.1,10.4,1.2,5.6,143.0,81.0,,,,,,
2024-10-01T12:00,28,Good,7.2,12.5,1.0,5.2,148.0,86.0,,,,,,
2024-10-01T13:00,29,Good,7.9,14.4,0.7,4.2,152.0,88.0,,,,,,
2024-10-01T14:00,31,Good,8.3,15.6,0.5,3.1,152.0,87.0,,,,,,
2024-10-01T15:00,34,Good,8.2,15.9,0.5,2.2,145.0,81.0,,,,,,
2024-10-01T16:00,35,Good,7.7,15.3,0.5,1.4,133.0,71.0,,,,,,
2024-10-01T17:00,36,Good,7.1,13.8,0.9,1.3,110.0,65.0,,,,,,
2024-10-01T18:00,37,Good,6.0,11.8,0.8,1.0,107.0,62.0,,,,,,
2024-10-01T19:00,36,Good,5.4,10.8,0.6,0.6,103.0,58.0,,,,,,
2024-10-01T20:00,35,Good,5.5,11.1,0.5,0.4,100.0,54.0,,,,,,
2024-10-01T21:00,34,Good,5.9,11.8,0.5,0.4,100.0,52.0,,,,,,
2024-10-01T22:00,34,Good,6.4,12.9,0.5,0.5,100.0,50.0,,,,,,
2024-10-01T23:00,34,Good,6.8,13.6,0.6,0.7,101.0,48.0,,,,,,
2024-10-02T00:00,34,Good,7.0,14.1,0.8,1.1,101.0,45.0,,,,,,
2024-10-02T01:00,34,Good,7.2,14.3,1.1,1.5,102.0,41.0,,,,,,
2024-10-02T02:00,34,Good,6.9,13.6,1.3,1.8,102.0,38.0,,,,,,
2024-10-02T03:00,35,Good,6.9,13.5,1.3,1.7,101.0,36.0,,,,,,
2024-10-02T04:00,35,Good,6.3,12.1,1.2,1.5,100.0,35.0,,,,,,
2024-10-02T05:00,35,Good,8.4,16.1,0.9,0.7,99.0,33.0,,,,,,
2024-10-02T06:00,36,Good,7.0,13.4,1.2,1.2,100.0,33.0,,,,,,
2024-10-02T07:00,36,Good,6.4,12.1,1.6,1.9,102.0,32.0,,,,,,
2024-10-02T08:00,37,Good,6.2,11.8,1.8,2.4,103.0,34.0,,,,,,
2024-10-02T09:00,37,Good,5.1,9.6,1.6,2.8,103.0,40.0,,,,,,
2024-10-02T10:00,37,Good,4.8,9.0,1.2,3.0,102.0,48.0,,,,,,
2024-10-02T11:00,37,Good,4.8,9.2,0.9,3.0,101.0,54.0,,,,,,
2024-10-02T12:00,37,Good,5.1,9.8,0.7,2.6,99.0,57.0,,,,,,
2024-10-02T13:00,36,Good,5.6,10.8,0.5,1.9,98.0,58.0,,,,,,
2024-10-02T14:00,36,Good,6.0,11.6,0.5,1.5,97.0,58.0,,,,,,
2024-10-02T15:00,35,Good,6.0,11.7,0.8,1.5,98.0,57.0,,,,,,
2024-10-02T16:00,35,Good,5.7,11.1,1.2,1.7,100.0,54.0,,,,,,
2024-10-02T17:00,34,Good,6.7,13.1,1.2,1.5,96.0,52.0,,,,,,
2024-10-02T18:00,34,Good,6.7,12.9,1.4,1.6,97.0,51.0,,,,,,
2024-10-02T19:00,34,Good,6.5,12.6,1.6,1.9,100.0,49.0,,,,,,
2024-10-02T20:00,35,Good,6.4,12.4,1.8,2.1,102.0,47.0,,,,,,
2024-10-02T21:00,35,Good,6.4,12.3,2.0,2.4,105.0,45.0,,,,,,
2024-10-02T22:00,35,Good,6.3,12.0,2.2,2.6,108.0,42.0,,,,,,
2024-10-02T23:00,35,Good,6.1,11.6,2.4,2.9,111.0,40.0,,,,,,
2024-10-03T00:00,35,Good,6.0,11.4,2.5,3.1,114.0,38.0,,,,,,
2024-10-03T01:00,35,Good,6.1,11.4,2.6,3.3,117.0,36.0,,,,,,
2024-10-03T02:00,34,Good,5.8,10.8,2.7,3.5,120.0,35.0,,,,,,
2024-10-03T03:00,34,Good,5.6,10.4,2.9,3.8,123.0,34.0,,,,,,
2024-10-03T04:00,34,Good,5.5,10.0,3.2,4.2,125.0,33.0,,,,,,
2024-10-03T05:00,34,Good,5.9,10.9,3.3,4.7,129.0,32.0,,,,,,
2024-10-03T06:00,33,Good,5.7,10.4,3.3,5.1,133.0,32.0,,,,,,
2024-10-03T07:00,33,Good,5.7,10.2,3.2,5.7,138.0,33.0,,,,,,
2024-10-03T08:00,33,Good,6.0,10.4,3.0,6.0,142.0,36.0,,,,,,
2024-10-03T09:00,33,Good,6.1,10.8,2.6,5.9,143.0,42.0,,,,,,
2024-10-03T10:00,33,Good,6.4,11.6,2.0,5.5,143.0,49.0,,,,,,
2024-10-03T11:00,33,Good,7.2,13.2,1.5,4.9,141.0,55.0,,,,,,
2024-10-03T12:00,34,Good,7.8,14.6,1.1,4.0,138.0,58.0,,,,,,
2024-10-03T13:00,34,Good,8.0,15.2,0.8,3.0,133.0,59.0,,,,,,
2024-10-03T14:00,35,Good,8.1,15.4,0.7,2.3,130.0,59.0,,,,,,
2024-10-03T15:00,35,Good,8.1,15.5,1.0,2.2,130.0,57.0,,,,,,
2024-10-03T16:00,36,Good,8.1,15.4,1.5,2.4,131.0,54.0,,,,,,
2024-10-03T17:00,36,Good,8.1,15.0,1.8,2.1,131.0,55.0,,,,,,
2024-10-03T18:00,37,Good,7.5,13.9,2.2,2.4,132.0,52.0,,,,,,
2024-10-03T19:00,37,Good,6.9,12.5,2.7,2.7,134.0,49.0,,,,,,
2024-10-03T20:00,37,Good,6.3,11.2,3.2,3.1,135.0,46.0,,,,,,
2024-10-03T21:00,37,Good,5.8,10.4,3.4,3.4,135.0,45.0,,,,,,
2024-10-03T22:00,37,Good,5.6,9.8,3.6,3.6,134.0,44.0,,,,,,
2024-10-03T23:00,37,Good,5.4,9.5,3.7,3.9,134.0,43.0,,,,,,
2024-10-04T00:00,37,Good,5.3,9.4,3.9,4.3,134.0,42.0,,,,,,
2024-10-04T01:00,36,Good,5.0,8.8,4.1,4.7,135.0,41.0,,,,,,
2024-10-04T02:00,36,Good,4.9,8.5,4.3,5.0,135.0,40.0,,,,,,
2024-10-04T03:00,36,Good,4.7,8.1,4.5,5.3,135.0,39.0,,,,,,
2024-10-04T04:00,36,Good,4.6,7.8,4.6,5.5,136.0,38.0,,,,,,
2024-10-04T05:00,35,Good,5.5,9.6,3.8,4.6,132.0,37.0,,,,,,
2024-10-04T06:00,35,Good,5.4,9.5,3.6,5.0,134.0,37.0,,,,,,
2024-10-04T07:00,35,Good,5.3,9.1,3.4,5.5,136.0,37.0,,,,,,
2024-10-04T08:00,35,Good,5.4,9.1,3.0,5.8,137.0,40.0,,,,,,
2024-10-04T09:00,35,Good,6.1,10.0,2.5,5.9,137.0,48.0,,,,,,
2024-10-04T10:00,35,Good,6.2,10.5,1.9,5.8,136.0,60.0,,,,,,
2024-10-04T11:00,35,Good,6.4,11.4,1.4,5.3,134.0,67.0,,,,,,
2024-10-04T12:00,35,Good,7.2,13.1,1.0,4.1,128.0,67.0,,,,,,
2024-10-04T13:00,35,Good,7.7,14.3,0.7,2.5,120.0,64.0,,,,,,
2024-10-04T14:00,35,Good,8.2,15.3,0.7,1.6,116.0,61.0,,,,,,
2024-10-04T15:00,35,Good,8.2,15.2,1.2,2.0,118.0,60.0,,,,,,
2024-10-04T16:00,35,Good,7.0,12.5,2.0,3.0,123.0,59.0,,,,,,
2024-10-04T17:00,34,Good,8.4,15.0,2.4,2.8,127.0,60.0,,,,,,
2024-10-04T18:00,34,Good,7.5,13.3,3.0,3.3,130.0,57.0,,,,,,
2024-10-04T19:00,34,Good,7.1,12.6,3.9,4.1,135.0,53.0,,,,,,
2024-10-04T20:00,35,Good,7.2,12.5,4.6,4.8,139.0,49.0,,,,,,
2024-10-04T21:00,35,Good,7.2,12.3,5.1,5.3,143.0,47.0,,,,,,
2024-10-04T22:00,35,Good,7.0,12.0,5.5,5.6,146.0,45.0,,,,,,
2024-10-04T23:00,35,Good,6.9,11.7,5.7,6.0,148.0,43.0,,,,,,
2024-10-05T00:00,36,Good,6.6,11.2,5.7,6.4,148.0,41.0,,,,,,
2024-10-05T01:00,36,Good,6.4,10.8,5.6,6.7,146.0,40.0,,,,,,
2024-10-05T02:00,36,Good,6.2,10.4,5.6,7.1,146.0,39.0,,,,,,
2024-10-05T03:00,37,Good,5.9,10.0,5.8,7.5,149.0,37.0,,,,,,
2024-10-05T04:00,37,Good,6.0,10.0,6.1,7.9,153.0,36.0,,,,,,
2024-10-05T05:00,37,Good,8.1,12.6,7.0,9.2,189.0,38.0,,,,,,
2024-10-05T06:00,38,Good,8.5,13.0,6.5,10.0,190.0,42.0,,,,,,
2024-10-05T07:00,39,Good,8.6,13.2,5.8,11.0,190.0,49.0,,,,,,
2024-10-05T08:00,39,Good,8.7,13.3,4.9,11.5,188.0,58.0,,,,,,
2024-10-05T09:00,40,Good,8.9,13.6,3.8,11.1,183.0,72.0,,,,,,
2024-10-05T10:00,41,Good,8.6,13.5,2.6,10.2,175.0,88.0,,,,,,
2024-10-05T11:00,41,Good,8.2,13.4,1.6,8.8,166.0,97.0,,,,,,
2024-10-05T12:00,42,Good,8.0,13.8,1.0,6.6,155.0,93.0,,,,,,
2024-10-05T13:00,42,Good,7.4,13.4,0.6,3.9,143.0,81.0,,,,,,
2024-10-05T14:00,42,Good,6.7,12.6,0.5,1.9,134.0,71.0,,,,,,
2024-10-05T15:00,42,Good,6.4,12.3,0.7,1.2,130.0,64.0,,,,,,
2024-10-05T16:00,41,Good,6.4,12.3,1.3,1.2,130.0,59.0,,,,,,
2024-10-05T17:00,41,Good,6.6,12.1,2.2,2.7,135.0,58.0,,,,,,
2024-10-05T18:00,41,Good,6.4,11.4,3.0,3.7,141.0,58.0,,,,,,
2024-10-05T19:00,40,Good,6.8,11.6,4.2,5.1,150.0,57.0,,,,,,
2024-10-05T20:00,40,Good,6.8,11.5,5.2,6.1,158.0,56.0,,,,,,
2024-10-05T21:00,40,Good,6.8,11.3,5.7,6.4,164.0,54.0,,,,,,
2024-10-05T22:00,40,Good,6.9,11.2,6.0,6.4,168.0,51.0,,,,,,
2024-10-05T23:00,40,Good,6.9,11.1,6.3,6.6,174.0,48.0,,,,,,
2024-10-06T00:00,40,Good,7.5,12.0,6.8,7.3,182.0,46.0,,,,,,
2024-10-06T01:00,40,Good,7.9,12.6,7.2,8.1,191.0,43.0,,,,,,
2024-10-06T02:00,41,Good,8.7,13.7,7.5,8.9,198.0,42.0,,,,,,
2024-10-06T03:00,41,Good,9.5,14.8,7.5,9.4,202.0,41.0,,,,,,
2024-10-06T04:00,42,Good,10.0,15.4,7.3,9.8,205.0,41.0,,,,,,
2024-10-06T05:00,43,Good,8.6,13.6,7.2,9.5,201.0,38.0,,,,,,
2024-10-06T06:00,43,Good,8.8,13.9,6.7,9.5,199.0,40.0,,,,,,
2024-10-06T07:00,43,Good,8.8,14.0,6.1,9.6,196.0,42.0,,,,,,
2024-10-06T08:00,43,Good,9.1,14.3,5.3,9.6,193.0,48.0,,,,,,
2024-10-06T09:00,43,Good,9.6,15.1,4.4,9.7,192.0,59.0,,,,,,
2024-10-06T10:00,43,Good,10.6,16.6,3.4,9.8,191.0,72.0,,,,,,
2024-10-06T11:00,44,Good,11.4,18.0,2.5,9.4,188.0,83.0,,,,,,
2024-10-06T12:00,45,Good,12.0,19.4,1.9,8.3,182.0,89.0,,,,,,
2024-10-06T13:00,46,Good,11.4,19.1,1.4,6.7,173.0,92.0,,,,,,
2024-10-06T14:00,46,Good,9.9,17.5,1.2,5.4,164.0,91.0,,,,,,
2024-10-06T15:00,47,Good,8.6,16.1,1.2,4.4,153.0,84.0,,,,,,
2024-10-06T16:00,48,Good,7.8,15.2,1.4,3.7,142.0,73.0,,,,,,
2024-10-06T17:00,48,Good,7.9,15.0,1.9,2.4,132.0,55.0,,,,,,
2024-10-06T18:00,48,Good,6.0,11.1,3.0,3.5,134.0,51.0,,,,,,
2024-10-06T19:00,48,Good,4.9,8.8,4.7,5.1,138.0,45.0,,,,,,
2024-10-06T20:00,48,Good,4.7,8.1,6.1,6.6,145.0,41.0,,,,,,
2024-10-06T21:00,47,Good,5.1,8.4,7.2,8.0,158.0,39.0,,,,,,
2024-10-06T22:00,47,Good,6.2,9.7,8.2,9.4,175.0,39.0,,,,,,
2024-10-06T23:00,47,Good,7.8,12.0,8.7,10.4,187.0,39.0,,,,,,
2024-10-07T00:00,47,Good,8.6,13.1,8.6,10.6,190.0,38.0,,,,,,
2024-10-07T01:00,47,Good,8.2,12.5,8.2,10.4,189.0,38.0,,,,,,
2024-10-07T02:00,47,Good,8.5,12.7,7.6,10.2,190.0,39.0,,,,,,
2024-10-07T03:00,47,Good,9.6,14.2,7.0,10.1,195.0,43.0,,,,,,
2024-10-07T04:00,47,Good,10.5,15.5,6.2,9.9,200.0,48.0,,,,,,
2024-10-07T05:00,47,Good,6.8,9.9,7.6,11.5,186.0,34.0,,,,,,
2024-10-07T06:00,47,Good,6.0,8.8,7.0,11.5,186.0,37.0,,,,,,
2024-10-07T07:00,46,Good,6.5,9.5,6.1,11.5,186.0,41.0,,,,,,
2024-10-07T08:00,46,Good,7.3,10.6,5.2,11.6,183.0,47.0,,,,,,
2024-10-07T09:00,45,Good,7.8,11.3,4.4,11.9,177.0,57.0,,,,,,
2024-10-07T10:00,45,Good,8.4,12.2,3.6,12.3,169.0,68.0,,,,,,
2024-10-07T11:00,44,Good,7.7,11.2,2.9,12.2,161.0,78.0,,,,,,
2024-10-07T12:00,44,Good,7.0,10.4,2.2,11.3,153.0,85.0,,,,,,
2024-10-07T13:00,42,Good,7.4,11.3,1.7,9.9,145.0,91.0,,,,,,
2024-10-07T14:00,41,Good,7.3,11.6,1.4,8.5,137.0,91.0,,,,,,
2024-10-07T15:00,41,Good,6.9,11.6,1.5,7.1,129.0,84.0,,,,,,
2024-10-07T16:00,40,Good,6.1,11.1,1.8,5.6,121.0,71.0,,,,,,
2024-10-07T17:00,40,Good,6.7,12.5,1.1,2.4,105.0,56.0,,,,,,
2024-10-07T18:00,40,Good,5.6,10.7,2.0,2.8,111.0,51.0,,,,,,
2024-10-07T19:00,40,Good,5.5,10.3,3.2,3.3,119.0,44.0,,,,,,
2024-10-07T20:00,40,Good,4.7,8.6,4.2,3.9,126.0,38.0,,,,,,
2024-10-07T21:00,40,Good,4.7,8.3,4.9,4.5,131.0,35.0,,,,,,
2024-10-07T22:00,40,Good,5.1,8.8,5.3,5.0,136.0,34.0,,,,,,
2024-10-07T23:00,40,Good,5.8,9.7,5.7,5.6,140.0,33.0,,,,,,
2024-10-08T00:00,39,Good,5.6,9.2,5.9,6.1,143.0,32.0,,,,,,
2024-10-08T01:00,38,Good,5.7,9.3,6.0,6.6,146.0,32.0,,,,,,
2024-10-08T02:00,38,Good,5.8,9.4,6.2,7.2,148.0,32.0,,,,,,
2024-10-08T03:00,37,Good,5.6,9.1,6.6,8.0,150.0,31.0,,,,,,
2024-10-08T04:00,36,Good,5.5,8.9,7.1,9.0,152.0,29.0,,,,,,
2024-10-08T05:00,35,Good,3.8,5.9,5.7,9.4,132.0,35.0,,,,,,
2024-10-08T06:00,34,Good,3.3,5.1,6.0,9.9,132.0,35.0,,,,,,
2024-10-08T07:00,34,Good,3.2,5.0,6.4,10.6,133.0,35.0,,,,,,
2024-10-08T08:00,33,Good,3.5,5.5,6.5,11.4,134.0,36.0,,,,,,
2024-10-08T09:00,32,Good,3.9,6.1,6.2,12.2,136.0,38.0,,,,,,
2024-10-08T10:00,31,Good,4.3,6.7,5.7,13.0,138.0,42.0,,,,,,
2024-10-08T11:00,30,Good,4.7,7.2,5.3,13.6,140.0,46.0,,,,,,
2024-10-08T12:00,30,Good,4.9,7.7,5.1,14.0,141.0,51.0,,,,,,
2024-10-08T13:00,29,Good,5.3,8.4,5.0,14.3,143.0,57.0,,,,,,
2024-10-08T14:00,29,Good,5.8,9.5,5.2,14.5,144.0,61.0,,,,,,
2024-10-08T15:00,28,Good,6.2,10.4,5.8,14.6,146.0,62.0,,,,,,
2024-10-08T16:00,28,Good,6.2,10.6,6.6,14.6,147.0,61.0,,,,,,
2024-10-08T17:00,28,Good,6.9,11.8,8.3,15.2,142.0,55.0,,,,,,
2024-10-08T18:00,28,Good,6.9,12.3,7.5,13.0,140.0,55.0,,,,,,
2024-10-08T19:00,28,Good,7.1,12.9,6.4,10.0,138.0,55.0,,,,,,
2024-10-08T20:00,29,Good,7.4,13.6,5.7,8.1,137.0,54.0,,,,,,
2024-10-08T21:00,29,Good,7.4,13.5,5.8,8.0,139.0,53.0,,,,,,
2024-10-08T22:00,30,Good,7.4,13.2,6.4,9.0,144.0,52.0,,,,,,
2024-10-08T23:00,31,Good,7.3,12.8,7.1,10.3,150.0,50.0,,,,,,
2024-10-09T00:00,31,Good,8.0,13.4,7.8,11.8,159.0,48.0,,,,,,
2024-10-09T01:00,32,Good,8.8,14.3,8.7,13.7,169.0,46.0,,,,,,
2024-10-09T02:00,32,Good,9.4,14.9,9.3,15.4,179.0,44.0,,,,,,
2024-10-09T03:00,33,Good,10.4,16.0,9.7,17.0,188.0,42.0,,,,,,
2024-10-09T04:00,34,Good,11.4,17.3,9.9,18.4,196.0,40.0,,,,,,
2024-10-09T05:00,36,Good,7.1,11.8,4.5,5.9,139.0,37.0,,,,,,
2024-10-09T06:00,36,Good,7.4,12.4,4.5,6.2,140.0,36.0,,,,,,
2024-10-09T07:00,37,Good,7.7,13.0,4.4,6.6,142.0,36.0,,,,,,
2024-10-09T08:00,38,Good,8.1,13.4,4.1,6.9,144.0,38.0,,,,,,
2024-10-09T09:00,39,Good,8.2,13.5,3.5,7.2,146.0,47.0,,,,,,
2024-10-09T10:00,40,Good,8.2,13.6,2.6,7.3,147.0,59.0,,,,,,
2024-10-09T11:00,41,Good,8.0,13.7,1.9,7.1,146.0,67.0,,,,,,
2024-10-09T12:00,42,Good,7.5,13.3,1.4,6.2,139.0,68.0,,,,,,
2024-10-09T13:00,43,Good,7.0,12.8,1.1,4.9,130.0,66.0,,,,,,
2024-10-09T14:00,43,Good,6.3,11.6,1.0,3.8,122.0,63.0,,,,,,
2024-10-09T15:00,43,Good,5.8,10.7,1.1,3.2,117.0,61.0,,,,,,
2024-10-09T16:00,43,Good,5.4,10.1,1.5,2.8,114.0,58.0,,,,,,
2024-10-09T17:00,43,Good,5.7,10.6,2.8,4.3,122.0,56.0,,,,,,
2024-10-09T18:00,43,Good,5.3,9.6,4.1,5.5,129.0,54.0,,,,,,
2024-10-09T19:00,42,Good,5.6,9.5,5.9,7.2,140.0,51.0,,,,,,
2024-10-09T20:00,42,Good,5.9,9.6,7.4,8.6,150.0,49.0,,,,,,
2024-10-09T21:00,42,Good,6.0,9.5,8.1,9.4,158.0,47.0,,,,,,
2024-10-09T22:00,41,Good,6.4,9.9,8.5,10.0,166.0,46.0,,,,,,
2024-10-09T23:00,41,Good,6.6,10.1,8.7,10.5,173.0,44.0,,,,,,
2024-10-10T00:00,41,Good,6.6,10.0,8.9,11.0,180.0,42.0,,,,,,
2024-10-10T01:00,40,Good,6.8,10.1,9.1,11.4,187.0,40.0,,,,,,
2024-10-10T02:00,40,Good,7.0,10.4,9.1,11.7,192.0,39.0,,,,,,
2024-10-10T03:00,39,Good,7.2,10.6,9.0,11.8,195.0,37.0,,,,,,
2024-10-10T04:00,39,Good,7.2,10.6,8.8,11.9,196.0,35.0,,,,,,
2024-10-10T05:00,38,Good,6.2,9.3,8.0,10.8,186.0,36.0,,,,,,
2024-10-10T06:00,38,Good,5.9,8.8,7.4,11.2,185.0,40.0,,,,,,
2024-10-10T07:00,37,Good,6.3,9.3,6.6,11.8,184.0,47.0,,,,,,
2024-10-10T08:00,37,Good,6.8,10.1,5.6,12.2,183.0,57.0,,,,,,
2024-10-10T09:00,37,Good,7.9,11.6,4.5,12.2,181.0,72.0,,,,,,
2024-10-10T10:00,36,Good,8.8,12.9,3.2,12.0,178.0,90.0,,,,,,
2024-10-10T11:00,37,Good,8.8,13.2,2.2,11.5,175.0,104.0,,,,,,
2024-10-10T12:00,37,Good,9.3,14.3,1.5,10.6,172.0,114.0,,,,,,
2024-10-10T13:00,37,Good,9.7,15.5,1.1,9.4,169.0,121.0,,,,,,
2024-10-10T14:00,38,Good,10.4,17.4,1.1,8.2,164.0,121.0,,,,,,
2024-10-10T15:00,42,Good,10.6,18.9,1.5,7.0,156.0,110.0,,,,,,
2024-10-10T16:00,46,Good,9.8,17.9,2.2,5.9,146.0,92.0,,,,,,
2024-10-10T17:00,48,Good,11.7,21.7,2.0,5.5,144.0,102.0,,,,,,
2024-10-10T18:00,50,Good,10.4,19.3,3.1,5.8,147.0,90.0,,,,,,
2024-10-10T19:00,50,Good,8.6,15.4,4.7,6.3,151.0,74.0,,,,,,
2024-10-10T20:00,48,Good,8.0,13.4,6.0,6.6,156.0,60.0,,,,,,
2024-10-10T21:00,45,Good,7.5,12.0,6.7,6.8,163.0,52.0,,,,,,
2024-10-10T22:00,45,Good,7.3,11.4,7.2,6.9,172.0,47.0,,,,,,
2024-10-10T23:00,45,Good,7.0,10.7,7.4,6.9,180.0,44.0,,,,,,
2024-10-11T00:00,45,Good,7.4,11.2,7.4,6.9,188.0,43.0,,,,,,
2024-10-11T01:00,46,Good,8.0,12.1,7.2,6.9,196.0,43.0,,,,,,
2024-10-11T02:00,46,Good,8.5,12.8,6.9,6.9,201.0,44.0,,,,,,
2024-10-11T03:00,46,Good,9.0,13.5,6.6,7.1,203.0,45.0,,,,,,
2024-10-11T04:00,47,Good,9.0,13.4,6.4,7.4,203.0,45.0,,,,,,
2024-10-11T05:00,47,Good,6.7,10.2,6.9,8.3,187.0,36.0,,,,,,
2024-10-11T06:00,47,Good,7.9,11.8,6.3,8.4,195.0,42.0,,,,,,
2024-10-11T07:00,48,Good,9.3,14.0,5.5,8.5,205.0,51.0,,,,,,
2024-10-11T08:00,48,Good,10.7,16.1,4.7,8.5,212.0,61.0,,,,,,
2024-10-11T09:00,49,Good,12.1,18.0,3.8,8.3,213.0,75.0,,,,,,
2024-10-11T10:00,50,Good,12.8,19.1,2.9,7.9,210.0,91.0,,,,,,
2024-10-11T11:00,50,Good,12.5,18.7,2.2,7.4,204.0,101.0,,,,,,
2024-10-11T12:00,51,Moderate,12.0,18.3,1.7,6.5,193.0,103.0,,,,,,
2024-10-11T13:00,51,Moderate,11.0,17.1,1.3,5.4,179.0,99.0,,,,,,
2024-10-11T14:00,51,Moderate,10.4,16.8,1.6,5.2,168.0,93.0,,,,,,
2024-10-11T15:00,51,Moderate,9.4,15.9,2.8,6.6,160.0,84.0,,,,,,
2024-10-11T16:00,51,Moderate,8.8,15.1,4.6,8.9,154.0,73.0,,,,,,
2024-10-11T17:00,51,Moderate,10.9,19.0,5.8,10.3,162.0,65.0,,,,,,
2024-10-11T18:00,51,Moderate,9.9,16.8,6.3,10.2,163.0,60.0,,,,,,
2024-10-11T19:00,51,Moderate,9.7,16.1,7.0,10.0,164.0,54.0,,,,,,
2024-10-11T20:00,51,Moderate,8.9,14.6,7.6,9.8,165.0,48.0,,,,,,
2024-10-11T21:00,51,Moderate,8.7,14.0,7.8,9.7,166.0,44.0,,,,,,
2024-10-11T22:00,51,Moderate,7.6,12.1,7.9,9.6,166.0,41.0,,,,,,
2024-10-11T23:00,51,Moderate,7.0,11.1,8.0,9.6,168.0,39.0,,,,,,
2024-10-12T00:00,51,Moderate,6.9,10.8,8.1,9.7,172.0,37.0,,,,,,
2024-10-12T01:00,51,Moderate,6.9,10.8,8.1,9.8,176.0,36.0,,,,,,
2024-10-12T02:00,51,Moderate,7.3,11.3,8.1,9.8,182.0,35.0,,,,,,
2024-10-12T03:00,51,Moderate,8.3,12.7,8.1,9.7,189.0,33.0,,,,,,
2024-10-12T04:00,51,Moderate,8.5,12.9,8.0,9.5,196.0,32.0,,,,,,
2024-10-12T05:00,51,Moderate,2.5,3.6,4.0,5.6,132.0,36.0,,,,,,
2024-10-12T06:00,50,Good,2.7,3.8,4.0,6.6,140.0,37.0,,,,,,
2024-10-12T07:00,50,Good,3.1,4.3,3.9,7.9,150.0,40.0,,,,,,
2024-10-12T08:00,48,Good,3.9,5.6,3.8,9.0,156.0,44.0,,,,,,
2024-10-12T09:00,47,Good,5.3,7.7,3.5,9.5,153.0,52.0,,,,,,
2024-10-12T10:00,45,Good,5.7,8.5,3.1,9.8,147.0,61.0,,,,,,
2024-10-12T11:00,43,Good,6.1,9.4,2.7,9.9,141.0,70.0,,,,,,
2024-10-12T12:00,42,Good,6.7,10.7,2.4,10.1,139.0,77.0,,,,,,
2024-10-12T13:00,41,Good,7.7,12.9,2.3,10.2,138.0,83.0,,,,,,
2024-10-12T14:00,40,Good,8.7,15.1,2.2,10.0,138.0,87.0,,,,,,
2024-10-12T15:00,40,Good,9.3,16.6,2.4,9.3,138.0,88.0,,,,,,
2024-10-12T16:00,40,Good,9.4,17.1,2.7,8.4,137.0,86.0,,,,,,
2024-10-12T17:00,40,Good,13.0,23.4,1.5,5.4,131.0,99.0,,,,,,
2024-10-12T18:00,40,Good,11.6,21.9,1.3,4.2,126.0,93.0,,,,,,
2024-10-12T19:00,41,Good,10.0,19.6,1.0,2.5,120.0,84.0,,,,,,
2024-10-12T20:00,41,Good,8.8,16.9,1.1,1.6,117.0,76.0,,,,,,
2024-10-12T21:00,41,Good,7.9,14.8,1.8,2.0,120.0,71.0,,,,,,
2024-10-12T22:00,40,Good,7.6,13.7,2.9,3.1,126.0,67.0,,,,,,
2024-10-12T23:00,40,Good,7.3,13.0,3.9,4.2,136.0,64.0,,,,,,
2024-10-13T00:00,41,Good,7.9,13.5,5.0,5.1,153.0,60.0,,,,,,
2024-10-13T01:00,41,Good,8.8,14.7,6.0,5.9,174.0,56.0,,,,,,
2024-10-13T02:00,41,Good,10.4,16.6,6.6,6.5,190.0,54.0,,,,,,
2024-10-13T03:00,42,Good,12.0,18.9,6.4,6.6,198.0,54.0,,,,,,
2024-10-13T04:00,43,Good,12.8,20.0,5.8,6.5,202.0,56.0,,,,,,
2024-10-13T05:00,44,Good,10.8,17.3,7.8,8.2,206.0,44.0,,,,,,
2024-10-13T06:00,46,Good,11.1,17.7,7.2,8.7,207.0,48.0,,,,,,
2024-10-13T07:00,48,Good,11.8,18.6,6.3,9.4,207.0,55.0,,,,,,
2024-10-13T08:00,50,Good,12.2,19.2,5.4,10.0,205.0,63.0,,,,,,
2024-10-13T09:00,51,Moderate,13.2,20.5,4.4,10.4,199.0,75.0,,,,,,
2024-10-13T10:00,51,Moderate,14.0,21.7,3.4,10.7,191.0,90.0,,,,,,
2024-10-13T11:00,52,Moderate,13.4,21.3,2.6,10.6,182.0,101.0,,,,,,
2024-10-13T12:00,52,Moderate,12.8,21.2,2.0,9.9,172.0,107.0,,,,,,
2024-10-13T13:00,53,Moderate,11.8,20.0,1.6,8.7,162.0,111.0,,,,,,
2024-10-13T14:00,53,Moderate,11.4,19.6,1.3,7.4,151.0,109.0,,,,,,
2024-10-13T15:00,53,Moderate,10.7,19.2,1.2,5.7,137.0,100.0,,,,,,
2024-10-13T16:00,54,Moderate,9.6,18.2,1.2,3.9,121.0,86.0,,,,,,
2024-10-13T17:00,54,Moderate,10.5,18.8,2.5,6.6,158.0,100.0,,,,,,
2024-10-13T18:00,53,Moderate,9.8,17.9,3.1,6.7,154.0,93.0,,,,,,
2024-10-13T19:00,53,Moderate,9.6,17.4,3.9,6.8,149.0,83.0,,,,,,
2024-10-13T20:00,53,Moderate,9.6,16.9,4.6,7.0,148.0,75.0,,,,,,
2024-10-13T21:00,53,Moderate,9.9,16.8,4.9,7.1,154.0,72.0,,,,,,
2024-10-13T22:00,53,Moderate,10.4,17.3,5.0,7.4,164.0,72.0,,,,,,
2024-10-13T23:00,54,Moderate,11.0,17.5,5.3,8.0,175.0,71.0,,,,,,
2024-10-14T00:00,54,Moderate,11.9,18.3,6.0,9.6,188.0,69.0,,,,,,
2024-10-14T01:00,54,Moderate,12.9,19.4,6.9,11.6,203.0,66.0,,,,,,
2024-10-14T02:00,55,Moderate,13.9,20.4,7.3,12.9,213.0,65.0,,,,,,
2024-10-14T03:00,55,Moderate,13.9,20.1,6.9,12.8,216.0,65.0,,,,,,
2024-10-14T04:00,55,Moderate,13.2,19.0,6.1,12.0,214.0,67.0,,,,,,
2024-10-14T05:00,55,Moderate,13.2,19.4,7.7,13.1,218.0,53.0,,,,,,
2024-10-14T06:00,55,Moderate,12.8,18.7,7.2,12.8,218.0,57.0,,,,,,
2024-10-14T07:00,55,Moderate,12.6,18.6,6.5,12.3,218.0,63.0,,,,,,
2024-10-14T08:00,55,Moderate,12.8,19.0,5.8,11.9,216.0,69.0,,,,,,
2024-10-14T09:00,55,Moderate,12.5,18.8,5.2,11.8,212.0,75.0,,,,,,
2024-10-14T10:00,55,Moderate,12.4,19.1,4.7,11.7,206.0,82.0,,,,,,
2024-10-14T11:00,55,Moderate,12.8,19.6,4.2,11.3,203.0,89.0,,,,,,
2024-10-14T12:00,55,Moderate,13.4,20.3,3.6,10.4,204.0,97.0,,,,,,
2024-10-14T13:00,55,Moderate,14.1,21.1,3.0,9.2,208.0,106.0,,,,,,
2024-10-14T14:00,55,Moderate,14.0,20.7,2.5,8.0,209.0,111.0,,,,,,
2024-10-14T15:00,56,Moderate,13.2,19.4,2.3,6.7,204.0,111.0,,,,,,
2024-10-14T16:00,56,Moderate,12.2,18.0,2.2,5.4,197.0,108.0,,,,,,
2024-10-14T17:00,56,Moderate,10.4,16.0,2.7,3.2,152.0,75.0,,,,,,
2024-10-14T18:00,56,Moderate,10.4,16.1,3.0,4.4,150.0,74.0,,,,,,
2024-10-14T19:00,56,Moderate,10.2,16.1,3.5,6.2,146.0,72.0,,,,,,
2024-10-14T20:00,56,Moderate,10.3,16.7,4.2,8.1,147.0,70.0,,,,,,
2024-10-14T21:00,56,Moderate,10.8,18.0,5.3,10.4,154.0,67.0,,,,,,
2024-10-14T22:00,56,Moderate,11.4,19.4,6.6,12.9,164.0,63.0,,,,,,
2024-10-14T23:00,56,Moderate,11.7,20.8,7.5,14.3,174.0,60.0,,,,,,
2024-10-15T00:00,56,Moderate,12.2,22.3,7.6,13.7,181.0,58.0,,,,,,
2024-10-15T01:00,56,Moderate,12.6,23.3,7.3,12.0,188.0,56.0,,,,,,
2024-10-15T02:00,56,Moderate,13.1,24.0,7.0,10.5,194.0,55.0,,,,,,
2024-10-15T03:00,56,Moderate,13.5,24.4,6.8,9.8,201.0,54.0,,,,,,
2024-10-15T04:00,56,Moderate,13.9,25.0,6.6,9.3,208.0,53.0,,,,,,
2024-10-15T05:00,56,Moderate,18.7,30.6,9.9,21.9,240.0,46.0,,,,,,
2024-10-15T06:00,57,Moderate,19.4,31.7,9.8,21.4,247.0,49.0,,,,,,
2024-10-15T07:00,57,Moderate,19.5,32.1,9.6,20.6,256.0,53.0,,,,,,
2024-10-15T08:00,58,Moderate,19.1,31.9,8.9,19.4,260.0,63.0,,,,,,
2024-10-15T09:00,58,Moderate,19.2,32.6,7.1,17.7,255.0,84.0,,,,,,
2024-10-15T10:00,59,Moderate,18.7,32.5,4.7,15.6,246.0,111.0,,,,,,
2024-10-15T11:00,59,Moderate,18.0,31.4,2.9,13.7,236.0,131.0,,,,,,
2024-10-15T12:00,60,Moderate,17.2,30.0,2.1,12.0,226.0,140.0,,,,,,
2024-10-15T13:00,60,Moderate,16.9,29.6,1.8,10.5,216.0,143.0,,,,,,
2024-10-15T14:00,60,Moderate,16.2,28.5,1.7,9.1,206.0,142.0,,,,,,
2024-10-15T15:00,60,Moderate,17.4,30.6,1.8,7.9,197.0,136.0,,,,,,
2024-10-15T16:00,69,Moderate,15.0,26.5,2.2,6.9,189.0,126.0,,,,,,
2024-10-15T17:00,82,Moderate,18.2,33.1,3.4,5.6,178.0,96.0,,,,,,
2024-10-15T18:00,85,Moderate,17.2,30.7,4.4,7.1,183.0,90.0,,,,,,
2024-10-15T19:00,80,Moderate,17.2,30.2,5.7,9.1,191.0,83.0,,,,,,
2024-10-15T20:00,70,Moderate,16.9,29.5,6.8,10.6,197.0,75.0,,,,,,
2024-10-15T21:00,63,Moderate,16.5,28.8,7.4,11.2,201.0,68.0,,,,,,
2024-10-15T22:00,64,Moderate,16.0,27.6,7.7,11.4,204.0,62.0,,,,,,
2024-10-15T23:00,64,Moderate,15.5,26.4,8.0,11.4,207.0,57.0,,,,,,
2024-10-16T00:00,64,Moderate,14.7,24.9,8.2,11.4,211.0,53.0,,,,,,
2024-10-16T01:00,65,Moderate,13.9,23.1,8.3,11.2,216.0,50.0,,,,,,
2024-10-16T02:00,65,Moderate,13.2,21.6,8.3,11.1,220.0,48.0,,,,,,
2024-10-16T03:00,65,Moderate,12.8,20.4,8.2,11.1,224.0,45.0,,,,,,
2024-10-16T04:00,65,Moderate,12.2,19.0,8.1,11.1,227.0,42.0,,,,,,
2024-10-16T05:00,64,Moderate,11.5,17.3,7.6,10.1,238.0,42.0,,,,,,
2024-10-16T06:00,64,Moderate,11.3,16.9,7.1,10.6,241.0,46.0,,,,,,
2024-10-16T07:00,63,Moderate,11.4,16.9,6.4,11.3,245.0,53.0,,,,,,
2024-10-16T08:00,63,Moderate,11.8,17.3,5.5,11.8,245.0,64.0,,,,,,
2024-10-16T09:00,62,Moderate,12.4,18.1,4.4,12.0,239.0,82.0,,,,,,
2024-10-16T10:00,61,Moderate,12.3,18.2,3.2,12.0,228.0,104.0,,,,,,
2024-10-16T11:00,61,Moderate,11.8,17.9,2.3,11.5,217.0,119.0,,,,,,
2024-10-16T12:00,60,Moderate,11.4,17.8,1.7,10.1,205.0,124.0,,,,,,
2024-10-16T13:00,60,Moderate,10.7,17.3,1.3,8.1,192.0,124.0,,,,,,
2024-10-16T14:00,60,Moderate,10.0,16.9,1.3,6.5,180.0,119.0,,,,,,
2024-10-16T15:00,59,Moderate,8.7,15.2,1.8,5.6,169.0,109.0,,,,,,
2024-10-16T16:00,58,Moderate,7.2,12.7,2.6,5.1,159.0,94.0,,,,,,
2024-10-16T17:00,58,Moderate,8.3,14.0,3.4,4.8,157.0,87.0,,,,,,
2024-10-16T18:00,57,Moderate,7.5,12.6,4.2,5.2,159.0,78.0,,,,,,
2024-10-16T19:00,56,Moderate,7.0,11.4,5.4,5.7,160.0,64.0,,,,,,
2024-10-16T20:00,55,Moderate,6.9,11.0,6.2,6.1,161.0,54.0,,,,,,
2024-10-16T21:00,55,Moderate,6.8,10.8,6.4,6.4,159.0,49.0,,,,,,
2024-10-16T22:00,54,Moderate,6.7,10.7,6.4,6.7,155.0,47.0,,,,,,
2024-10-16T23:00,53,Moderate,6.5,10.3,6.2,6.8,152.0,45.0,,,,,,
2024-10-17T00:00,52,Moderate,6.1,9.7,6.0,6.7,151.0,44.0,,,,,,
2024-10-17T01:00,52,Moderate,5.8,9.1,5.7,6.4,151.0,43.0,,,,,,
2024-10-17T02:00,51,Moderate,5.5,8.6,5.4,6.2,152.0,43.0,,,,,,
2024-10-17T03:00,51,Moderate,5.2,8.1,5.3,6.2,153.0,42.0,,,,,,
2024-10-17T04:00,50,Good,5.1,7.9,5.3,6.4,154.0,41.0,,,,,,
2024-10-17T05:00,48,Good,4.4,6.8,4.6,5.6,151.0,42.0,,,,,,
2024-10-17T06:00,46,Good,4.7,7.4,4.3,5.8,149.0,44.0,,,,,,
2024-10-17T07:00,45,Good,5.3,8.5,3.9,6.2,147.0,47.0,,,,,,
2024-10-17T08:00,44,Good,6.2,10.0,3.4,6.4,145.0,52.0,,,,,,
2024-10-17T09:00,42,Good,6.7,11.0,2.8,6.4,145.0,62.0,,,,,,
2024-10-17T10:00,41,Good,7.6,12.9,2.1,6.3,146.0,75.0,,,,,,
2024-10-17T11:00,40,Good,8.3,14.4,1.6,6.1,146.0,85.0,,,,,,
2024-10-17T12:00,39,Good,8.8,15.4,1.3,5.6,145.0,92.0,,,,,,
2024-10-17T13:00,38,Good,8.8,15.5,1.1,4.9,144.0,97.0,,,,,,
2024-10-17T14:00,38,Good,8.8,15.7,1.2,4.4,143.0,98.0,,,,,,
2024-10-17T15:00,38,Good,8.4,15.3,1.7,4.1,142.0,95.0,,,,,,
2024-10-17T16:00,38,Good,7.7,14.0,2.5,4.0,140.0,88.0,,,,,,
2024-10-17T17:00,40,Good,7.7,14.4,3.0,3.0,134.0,88.0,,,,,,
2024-10-17T18:00,42,Good,7.3,13.7,3.8,3.2,136.0,80.0,,,,,,
2024-10-17T19:00,42,Good,7.1,12.8,4.8,3.5,139.0,70.0,,,,,,
2024-10-17T20:00,41,Good,6.9,11.8,5.6,3.8,140.0,61.0,,,,,,
2024-10-17T21:00,39,Good,7.0,11.9,5.8,4.3,139.0,57.0,,,,,,
2024-10-17T22:00,38,Good,7.1,12.1,5.6,4.8,136.0,55.0,,,,,,
2024-10-17T23:00,38,Good,7.2,12.3,5.5,5.3,134.0,53.0,,,,,,
2024-10-18T00:00,38,Good,7.2,12.3,5.5,5.5,134.0,51.0,,,,,,
2024-10-18T01:00,38,Good,7.2,12.3,5.4,5.7,135.0,50.0,,,,,,
2024-10-18T02:00,38,Good,7.2,12.3,5.4,5.8,137.0,49.0,,,,,,
2024-10-18T03:00,39,Good,7.3,12.4,5.4,5.9,139.0,47.0,,,,,,
2024-10-18T04:00,39,Good,7.4,12.4,5.3,6.0,141.0,45.0,,,,,,
2024-10-18T05:00,40,Good,7.5,12.8,5.0,5.3,145.0,46.0,,,,,,
2024-10-18T06:00,41,Good,7.7,13.0,4.7,5.7,145.0,47.0,,,,,,
2024-10-18T07:00,41,Good,8.0,13.7,4.3,6.3,144.0,50.0,,,,,,
2024-10-18T08:00,42,Good,8.6,14.7,3.8,6.7,143.0,55.0,,,,,,
2024-10-18T09:00,42,Good,8.9,15.9,3.1,6.8,141.0,65.0,,,,,,
2024-10-18T10:00,43,Good,9.4,17.7,2.3,6.8,138.0,78.0,,,,,,
2024-10-18T11:00,43,Good,10.4,20.0,1.6,6.4,135.0,87.0,,,,,,
2024-10-18T12:00,44,Good,10.9,21.1,1.2,5.5,131.0,90.0,,,,,,
2024-10-18T13:00,44,Good,11.6,23.1,0.9,4.3,127.0,90.0,,,,,,
2024-10-18T14:00,45,Good,12.1,24.2,0.9,3.3,123.0,87.0,,,,,,
2024-10-18T15:00,46,Good,12.1,23.9,1.1,2.7,119.0,81.0,,,,,,
2024-10-18T16:00,47,Good,11.6,22.6,1.4,2.3,116.0,73.0,,,,,,
2024-10-18T17:00,48,Good,11.7,22.9,1.8,2.1,112.0,74.0,,,,,,
2024-10-18T18:00,48,Good,10.4,20.1,2.6,2.6,118.0,70.0,,,,,,
2024-10-18T19:00,49,Good,9.1,17.2,3.7,3.4,126.0,64.0,,,,,,
2024-10-18T20:00,50,Good,8.3,15.1,4.7,4.1,134.0,59.0,,,,,,
2024-10-18T21:00,50,Good,8.3,14.5,5.4,4.8,141.0,55.0,,,,,,
2024-10-18T22:00,50,Good,8.3,14.3,6.0,5.4,148.0,51.0,,,,,,
2024-10-18T23:00,50,Good,8.5,14.5,6.4,5.9,155.0,48.0,,,,,,
2024-10-19T00:00,50,Good,9.8,16.6,6.6,6.0,165.0,47.0,,,,,,
2024-10-19T01:00,50,Good,10.6,17.8,6.6,6.0,175.0,47.0,,,,,,
2024-10-19T02:00,51,Moderate,10.9,18.4,6.5,6.1,183.0,47.0,,,,,,
2024-10-19T03:00,51,Moderate,11.1,18.6,6.4,6.4,186.0,46.0,,,,,,
2024-10-19T04:00,51,Moderate,11.1,18.6,6.3,6.8,187.0,45.0,,,,,,
2024-10-19T05:00,52,Moderate,7.5,12.9,5.5,7.3,138.0,35.0,,,,,,
2024-10-19T06:00,52,Moderate,7.5,12.9,5.1,7.9,140.0,37.0,,,,,,
2024-10-19T07:00,52,Moderate,7.6,13.0,4.5,8.6,142.0,40.0,,,,,,
2024-10-19T08:00,52,Moderate,8.0,13.4,3.8,9.0,145.0,46.0,,,,,,
2024-10-19T09:00,52,Moderate,8.8,14.5,3.1,8.8,149.0,58.0,,,,,,
2024-10-19T10:00,52,Moderate,9.5,16.1,2.3,8.1,153.0,74.0,,,,,,
2024-10-19T11:00,52,Moderate,10.3,18.0,1.7,7.3,155.0,85.0,,,,,,
2024-10-19T12:00,52,Moderate,12.0,21.7,1.2,6.1,152.0,90.0,,,,,,
2024-10-19T13:00,52,Moderate,11.4,21.0,0.8,4.7,146.0,91.0,,,,,,
2024-10-19T14:00,52,Moderate,11.3,21.7,0.7,3.6,140.0,89.0,,,,,,
2024-10-19T15:00,52,Moderate,10.4,20.5,0.8,2.9,134.0,83.0,,,,,,
2024-10-19T16:00,51,Moderate,9.2,18.2,1.1,2.5,128.0,73.0,,,,,,
2024-10-19T17:00,51,Moderate,10.3,20.4,1.6,3.7,129.0,69.0,,,,,,
2024-10-19T18:00,51,Moderate,9.6,18.9,2.1,4.3,131.0,67.0,,,,,,
2024-10-19T19:00,51,Moderate,9.5,18.4,2.8,5.2,134.0,65.0,,,,,,
2024-10-19T20:00,51,Moderate,9.3,17.8,3.7,6.1,144.0,63.0,,,,,,
2024-10-19T21:00,51,Moderate,10.3,18.7,5.2,7.2,167.0,62.0,,,,,,
2024-10-19T22:00,51,Moderate,12.2,20.7,7.0,8.4,197.0,60.0,,,,,,
2024-10-19T23:00,52,Moderate,13.6,22.2,8.1,9.2,221.0,60.0,,,,,,
2024-10-20T00:00,52,Moderate,14.2,23.1,8.1,9.4,232.0,61.0,,,,,,
2024-10-20T01:00,52,Moderate,14.6,23.3,7.4,9.2,236.0,63.0,,,,,,
2024-10-20T02:00,53,Moderate,14.7,23.3,6.9,9.2,239.0,64.0,,,,,,
2024-10-20T03:00,53,Moderate,14.6,22.7,6.8,9.8,241.0,63.0,,,,,,
2024-10-20T04:00,53,Moderate,14.2,21.8,6.8,10.7,241.0,60.0,,,,,,
2024-10-20T05:00,54,Moderate,13.8,21.1,7.7,11.0,247.0,53.0,,,,,,
2024-10-20T06:00,54,Moderate,13.0,20.0,7.1,11.5,238.0,56.0,,,,,,
2024-10-20T07:00,54,Moderate,12.5,19.5,6.2,12.2,226.0,61.0,,,,,,
2024-10-20T08:00,55,Moderate,12.6,19.7,5.2,12.4,216.0,70.0,,,,,,
2024-10-20T09:00,55,Moderate,12.7,20.1,4.0,11.8,210.0,85.0,,,,,,
2024-10-20T10:00,55,Moderate,13.2,21.3,2.7,10.7,206.0,104.0,,,,,,
2024-10-20T11:00,56,Moderate,13.4,21.2,1.7,9.5,201.0,118.0,,,,,,
2024-10-20T12:00,56,Moderate,13.6,21.8,1.1,8.2,196.0,124.0,,,,,,
2024-10-20T13:00,56,Moderate,13.9,23.1,0.9,6.7,191.0,126.0,,,,,,
2024-10-20T14:00,56,Moderate,13.4,23.2,0.8,5.5,184.0,123.0,,,,,,
2024-10-20T15:00,57,Moderate,12.7,23.0,0.9,4.6,172.0,114.0,,,,,,
2024-10-20T16:00,57,Moderate,12.3,23.1,1.3,4.0,157.0,101.0,,,,,,
2024-10-20T17:00,57,Moderate,13.0,25.0,1.1,2.9,149.0,98.0,,,,,,
2024-10-20T18:00,60,Moderate,12.2,23.6,2.0,4.2,152.0,94.0,,,,,,
2024-10-20T19:00,58,Moderate,11.4,21.7,3.4,6.0,157.0,89.0,,,,,,
2024-10-20T20:00,58,Moderate,11.1,20.6,4.6,7.9,165.0,84.0,,,,,,
2024-10-20T21:00,58,Moderate,11.8,20.8,5.6,10.0,177.0,81.0,,,,,,
2024-10-20T22:00,58,Moderate,13.0,22.1,6.5,12.1,192.0,78.0,,,,,,
2024-10-20T23:00,58,Moderate,14.6,24.0,7.1,13.5,205.0,75.0,,,,,,
2024-10-21T00:00,58,Moderate,15.8,25.4,7.2,13.5,214.0,72.0,,,,,,
2024-10-21T01:00,58,Moderate,16.5,25.7,6.9,12.7,220.0,70.0,,,,,,
2024-10-21T02:00,58,Moderate,15.8,24.3,6.5,12.1,223.0,68.0,,,,,,
2024-10-21T03:00,58,Moderate,14.3,21.9,6.1,12.2,220.0,67.0,,,,,,
2024-10-21T04:00,58,Moderate,13.3,20.4,5.6,12.5,213.0,68.0,,,,,,
2024-10-21T05:00,58,Moderate,7.0,10.5,3.3,9.0,187.0,80.0,,,,,,
2024-10-21T06:00,58,Moderate,6.8,10.2,3.8,9.8,189.0,80.0,,,,,,
2024-10-21T07:00,57,Moderate,7.4,10.9,4.4,10.8,192.0,80.0,,,,,,
2024-10-21T08:00,57,Moderate,7.4,10.9,4.6,11.3,193.0,82.0,,,,,,
2024-10-21T09:00,56,Moderate,7.6,11.3,3.9,10.9,192.0,89.0,,,,,,
2024-10-21T10:00,56,Moderate,8.1,12.0,2.8,10.0,189.0,99.0,,,,,,
2024-10-21T11:00,56,Moderate,8.3,12.7,1.9,8.8,184.0,105.0,,,,,,
2024-10-21T12:00,55,Moderate,8.2,12.9,1.4,7.2,176.0,105.0,,,,,,
2024-10-21T13:00,55,Moderate,7.4,11.8,1.1,5.4,165.0,101.0,,,,,,
2024-10-21T14:00,54,Moderate,6.3,10.1,1.1,4.4,157.0,97.0,,,,,,
2024-10-21T15:00,54,Moderate,6.0,9.7,1.4,4.6,151.0,94.0,,,,,,
2024-10-21T16:00,53,Moderate,5.8,9.8,2.0,5.6,147.0,91.0,,,,,,
2024-10-21T17:00,53,Moderate,8.6,13.3,1.1,0.2,157.0,83.0,,,,,,
2024-10-21T18:00,52,Moderate,7.1,11.3,1.1,0.4,154.0,82.0,,,,,,
2024-10-21T19:00,52,Moderate,6.3,10.2,1.0,0.8,150.0,80.0,,,,,,
2024-10-21T20:00,51,Moderate,5.7,9.4,1.0,1.1,146.0,78.0,,,,,,
2024-10-21T21:00,51,Moderate,5.3,8.9,1.0,1.4,143.0,77.0,,,,,,
2024-10-21T22:00,51,Moderate,5.1,8.6,1.0,1.6,142.0,76.0,,,,,,
2024-10-21T23:00,50,Good,5.0,8.5,1.2,2.2,141.0,74.0,,,,,,
2024-10-22T00:00,47,Good,5.0,8.6,1.5,3.3,142.0,72.0,,,,,,
2024-10-22T01:00,45,Good,5.0,8.7,2.0,4.6,145.0,69.0,,,,,,
2024-10-22T02:00,42,Good,5.1,9.0,2.5,6.0,148.0,67.0,,,,,,
2024-10-22T03:00,40,Good,5.2,9.1,3.0,7.2,150.0,65.0,,,,,,
2024-10-22T04:00,38,Good,5.3,9.2,3.6,8.5,151.0,63.0,,,,,,
2024-10-22T05:00,36,Good,4.2,7.4,4.3,9.0,143.0,58.0,,,,,,
2024-10-22T06:00,35,Good,4.6,7.9,4.9,9.9,148.0,57.0,,,,,,
2024-10-22T07:00,35,Good,5.1,8.5,5.6,11.1,154.0,56.0,,,,,,
2024-10-22T08:00,34,Good,5.3,8.8,5.8,12.0,160.0,58.0,,,,,,
2024-10-22T09:00,34,Good,6.1,10.0,5.1,12.7,166.0,67.0,,,,,,
2024-10-22T10:00,33,Good,7.4,11.8,3.8,13.1,171.0,81.0,,,,,,
2024-10-22T11:00,33,Good,8.5,13.6,2.7,12.6,172.0,91.0,,,,,,
2024-10-22T12:00,33,Good,8.6,14.0,1.9,10.5,168.0,96.0,,,,,,
2024-10-22T13:00,33,Good,7.9,13.1,1.3,7.5,160.0,99.0,,,,,,
2024-10-22T14:00,35,Good,6.7,11.6,0.8,4.9,152.0,99.0,,,,,,
2024-10-22T15:00,38,Good,5.4,9.8,0.5,3.1,145.0,95.0,,,,,,
2024-10-22T16:00,40,Good,4.4,8.4,0.4,1.8,137.0,87.0,,,,,,
2024-10-22T17:00,41,Good,9.3,15.4,1.4,2.9,149.0,82.0,,,,,,
2024-10-22T18:00,42,Good,9.0,15.3,1.3,2.6,148.0,81.0,,,,,,
2024-10-22T19:00,42,Good,9.3,15.7,1.2,2.3,146.0,79.0,,,,,,
2024-10-22T20:00,42,Good,9.3,15.7,1.2,2.0,146.0,78.0,,,,,,
2024-10-22T21:00,41,Good,9.2,15.4,1.3,1.7,148.0,77.0,,,,,,
2024-10-22T22:00,39,Good,8.6,14.1,1.4,1.4,151.0,77.0,,,,,,
2024-10-22T23:00,38,Good,8.3,13.4,1.6,1.7,154.0,77.0,,,,,,
2024-10-23T00:00,38,Good,8.0,12.9,2.0,3.0,158.0,77.0,,,,,,
2024-10-23T01:00,38,Good,8.3,13.0,2.5,4.8,162.0,76.0,,,,,,
2024-10-23T02:00,39,Good,8.4,12.8,2.9,6.4,167.0,76.0,,,,,,
2024-10-23T03:00,40,Good,8.5,12.7,3.2,7.6,173.0,75.0,,,,,,
2024-10-23T04:00,41,Good,9.3,13.6,3.4,8.6,181.0,75.0,,,,,,
2024-10-23T05:00,42,Good,11.4,16.6,4.0,11.8,199.0,76.0,,,,,,
2024-10-23T06:00,43,Good,11.3,16.3,3.9,11.6,202.0,78.0,,,,,,
2024-10-23T07:00,45,Good,11.4,16.4,3.7,11.3,207.0,82.0,,,,,,
2024-10-23T08:00,46,Good,11.7,16.9,3.4,10.5,209.0,86.0,,,,,,
2024-10-23T09:00,48,Good,11.7,16.8,2.7,8.7,206.0,92.0,,,,,,
2024-10-23T10:00,49,Good,10.7,15.4,1.8,6.4,201.0,100.0,,,,,,
2024-10-23T11:00,50,Good,9.6,13.8,1.1,4.4,195.0,104.0,,,,,,
2024-10-23T12:00,50,Good,8.8,12.9,0.7,2.8,189.0,104.0,,,,,,
2024-10-23T13:00,50,Good,8.4,12.5,0.4,1.6,182.0,100.0,,,,,,
2024-10-23T14:00,50,Good,7.5,11.4,0.4,0.9,175.0,97.0,,,,,,
2024-10-23T15:00,50,Good,7.2,11.4,0.7,0.9,168.0,95.0,,,,,,
2024-10-23T16:00,50,Good,6.9,11.1,1.1,1.6,162.0,93.0,,,,,,
2024-10-23T17:00,50,Good,9.0,14.8,1.2,2.0,151.0,93.0,,,,,,
2024-10-23T18:00,50,Good,8.2,13.4,2.5,4.1,150.0,86.0,,,,,,
2024-10-23T19:00,50,Good,7.7,12.3,4.3,7.0,149.0,75.0,,,,,,
2024-10-23T20:00,50,Good,7.1,11.2,5.7,9.1,149.0,66.0,,,,,,
2024-10-23T21:00,50,Good,6.1,9.7,6.4,9.8,149.0,59.0,,,,,,
2024-10-23T22:00,50,Good,6.3,9.8,6.7,9.7,151.0,52.0,,,,,,
2024-10-23T23:00,49,Good,7.1,10.9,6.9,9.6,154.0,48.0,,,,,,
2024-10-24T00:00,49,Good,7.6,11.5,7.2,9.9,163.0,46.0,,,,,,
2024-10-24T01:00,49,Good,8.1,12.2,7.4,10.3,174.0,47.0,,,,,,
2024-10-24T02:00,49,Good,8.4,12.6,7.3,10.2,178.0,46.0,,,,,,
2024-10-24T03:00,49,Good,8.0,12.2,6.7,9.4,171.0,43.0,,,,,,
2024-10-24T04:00,48,Good,6.9,10.6,5.9,8.2,157.0,39.0,,,,,,
2024-10-24T05:00,48,Good,5.7,8.8,5.6,8.0,154.0,38.0,,,,,,
2024-10-24T06:00,47,Good,4.7,7.6,4.9,7.4,146.0,36.0,,,,,,
2024-10-24T07:00,45,Good,3.9,6.6,3.9,6.7,135.0,35.0,,,,,,
2024-10-24T08:00,43,Good,3.9,6.4,3.1,6.2,127.0,35.0,,,,,,
2024-10-24T09:00,42,Good,4.3,6.8,2.6,6.4,125.0,39.0,,,,,,
2024-10-24T10:00,40,Good,4.5,7.2,2.3,6.8,127.0,46.0,,,,,,
2024-10-24T11:00,38,Good,4.7,8.0,2.0,6.9,127.0,52.0,,,,,,
2024-10-24T12:00,37,Good,5.5,10.0,1.7,6.3,124.0,57.0,,,,,,
2024-10-24T13:00,37,Good,6.3,12.3,1.4,5.3,120.0,62.0,,,,,,
2024-10-24T14:00,36,Good,7.3,14.7,1.3,4.5,117.0,64.0,,,,,,
2024-10-24T15:00,36,Good,7.8,15.9,1.6,4.0,116.0,63.0,,,,,,
2024-10-24T16:00,36,Good,7.9,16.0,2.1,3.6,116.0,59.0,,,,,,
2024-10-24T17:00,36,Good,8.9,16.6,3.3,4.9,124.0,58.0,,,,,,
2024-10-24T18:00,36,Good,7.5,14.0,3.9,5.1,128.0,55.0,,,,,,
2024-10-24T19:00,36,Good,6.7,12.5,4.8,5.4,133.0,50.0,,,,,,
2024-10-24T20:00,36,Good,6.5,12.0,5.4,5.6,137.0,46.0,,,,,,
2024-10-24T21:00,36,Good,6.2,11.4,5.5,5.7,137.0,43.0,,,,,,
2024-10-24T22:00,36,Good,5.7,10.8,5.4,5.8,135.0,40.0,,,,,,
2024-10-24T23:00,36,Good,5.5,10.4,5.4,5.9,135.0,37.0,,,,,,
2024-10-25T00:00,35,Good,5.6,10.3,5.6,6.1,138.0,35.0,,,,,,
2024-10-25T01:00,35,Good,5.5,10.1,5.9,6.4,144.0,33.0,,,,,,
2024-10-25T02:00,34,Good,5.5,9.9,6.1,6.5,147.0,32.0,,,,,,
2024-10-25T03:00,34,Good,5.5,9.8,6.0,6.5,147.0,31.0,,,,,,
2024-10-25T04:00,33,Good,5.1,9.1,5.7,6.3,146.0,29.0,,,,,,
2024-10-25T05:00,33,Good,6.3,11.1,7.2,9.5,155.0,30.0,,,,,,
2024-10-25T06:00,33,Good,6.4,11.3,6.7,9.4,155.0,32.0,,,,,,
2024-10-25T07:00,33,Good,6.7,11.7,5.9,9.1,156.0,34.0,,,,,,
2024-10-25T08:00,34,Good,6.8,11.7,5.1,8.9,154.0,38.0,,,,,,
2024-10-25T09:00,34,Good,6.1,10.8,4.2,8.8,149.0,44.0,,,,,,
2024-10-25T10:00,35,Good,5.8,10.3,3.1,8.7,143.0,52.0,,,,,,
2024-10-25T11:00,35,Good,6.0,10.6,2.3,8.1,137.0,58.0,,,,,,
2024-10-25T12:00,35,Good,6.2,11.0,1.7,6.6,132.0,61.0,,,,,,
2024-10-25T13:00,36,Good,6.6,11.7,1.2,4.6,127.0,63.0,,,,,,
2024-10-25T14:00,36,Good,5.4,9.5,1.2,3.4,125.0,63.0,,,,,,
2024-10-25T15:00,35,Good,4.1,6.9,1.9,3.7,127.0,61.0,,,,,,
2024-10-25T16:00,34,Good,4.1,6.7,3.1,4.7,132.0,58.0,,,,,,
2024-10-25T17:00,33,Good,4.9,8.6,4.1,5.0,130.0,43.0,,,,,,
2024-10-25T18:00,33,Good,4.6,7.8,5.1,5.8,137.0,40.0,,,,,,
2024-10-25T19:00,32,Good,4.2,6.8,6.5,6.9,146.0,36.0,,,,,,
2024-10-25T20:00,31,Good,4.3,6.6,7.5,7.7,153.0,33.0,,,,,,
2024-10-25T21:00,31,Good,4.4,6.7,7.9,8.1,157.0,31.0,,,,,,
2024-10-25T22:00,30,Good,4.2,6.5,7.9,8.2,158.0,29.0,,,,,,
2024-10-25T23:00,30,Good,4.1,6.2,7.9,8.2,160.0,28.0,,,,,,
2024-10-26T00:00,30,Good,4.2,6.3,8.0,8.2,163.0,27.0,,,,,,
2024-10-26T01:00,29,Good,4.2,6.4,8.0,8.1,167.0,26.0,,,,,,
2024-10-26T02:00,29,Good,4.1,6.3,7.8,8.0,167.0,26.0,,,,,,
2024-10-26T03:00,29,Good,3.6,5.5,7.1,7.7,160.0,27.0,,,,,,
2024-10-26T04:00,28,Good,3.1,4.7,6.2,7.4,150.0,29.0,,,,,,
2024-10-26T05:00,28,Good,2.4,3.5,5.8,7.1,369.0,28.0,,,,,,
2024-10-26T06:00,27,Good,2.2,3.3,5.1,7.1,363.0,28.0,,,,,,
2024-10-26T07:00,26,Good,2.2,3.3,4.1,7.0,354.0,29.0,,,,,,
2024-10-26T08:00,25,Good,2.3,3.5,3.3,7.0,334.0,32.0,,,,,,
2024-10-26T09:00,24,Good,3.0,4.6,2.8,7.2,294.0,39.0,,,,,,
2024-10-26T10:00,23,Good,3.6,5.5,2.4,7.3,244.0,48.0,,,,,,
2024-10-26T11:00,23,Good,3.8,5.9,2.0,7.2,204.0,56.0,,,,,,
2024-10-26T12:00,22,Good,4.3,6.9,1.5,6.4,179.0,63.0,,,,,,
2024-10-26T13:00,22,Good,4.4,7.4,1.1,5.2,165.0,68.0,,,,,,
2024-10-26T14:00,21,Good,4.4,7.7,1.1,4.5,168.0,70.0,,,,,,
2024-10-26T15:00,23,Good,3.7,6.5,2.0,4.7,194.0,66.0,,,,,,
2024-10-26T16:00,26,Good,3.7,6.1,3.4,5.3,237.0,59.0,,,,,,
2024-10-26T17:00,27,Good,7.3,12.0,3.9,5.7,283.0,58.0,,,,,,
2024-10-26T18:00,28,Good,6.1,10.1,4.6,6.0,338.0,54.0,,,,,,
2024-10-26T19:00,29,Good,5.7,9.5,5.6,6.4,395.0,49.0,,,,,,
2024-10-26T20:00,28,Good,5.8,9.5,6.5,6.8,420.0,45.0,,,,,,
2024-10-26T21:00,27,Good,6.4,10.5,7.0,7.2,389.0,43.0,,,,,,
2024-10-26T22:00,26,Good,6.9,11.5,7.4,7.5,326.0,41.0,,,,,,
2024-10-26T23:00,24,Good,7.5,12.3,7.6,7.9,272.0,40.0,,,,,,
2024-10-27T00:00,24,Good,7.7,12.7,7.7,8.3,237.0,38.0,,,,,,
2024-10-27T01:00,25,Good,7.3,12.1,7.7,8.7,211.0,37.0,,,,,,
2024-10-27T02:00,26,Good,6.6,11.1,7.7,9.0,202.0,35.0,,,,,,
2024-10-27T03:00,26,Good,6.3,10.7,7.8,9.2,221.0,33.0,,,,,,
2024-10-27T04:00,27,Good,6.2,10.4,7.8,9.3,256.0,31.0,,,,,,
2024-10-27T05:00,28,Good,6.2,10.0,7.0,7.9,285.0,32.0,,,,,,
2024-10-27T06:00,29,Good,6.3,10.1,6.2,8.2,298.0,37.0,,,,,,
2024-10-27T07:00,30,Good,6.8,10.8,5.1,8.7,305.0,44.0,,,,,,
2024-10-27T08:00,31,Good,7.8,12.1,4.1,9.1,305.0,53.0,,,,,,
2024-10-27T09:00,32,Good,8.5,13.2,3.2,9.4,300.0,66.0,,,,,,
2024-10-27T10:00,33,Good,8.4,13.6,2.4,9.7,290.0,82.0,,,,,,
2024-10-27T11:00,34,Good,8.5,14.3,1.8,9.5,272.0,93.0,,,,,,
2024-10-27T12:00,35,Good,9.2,16.1,1.2,8.4,238.0,98.0,,,,,,
2024-10-27T13:00,37,Good,9.6,17.1,0.9,6.8,196.0,98.0,,,,,,
2024-10-27T14:00,38,Good,9.2,17.1,1.0,5.9,176.0,95.0,,,,,,
2024-10-27T15:00,39,Good,7.5,14.0,2.0,6.2,195.0,87.0,,,,,,
2024-10-27T16:00,40,Good,5.5,9.6,3.6,7.2,235.0,75.0,,,,,,
2024-10-27T17:00,40,Good,10.4,19.2,3.0,7.2,270.0,97.0,,,,,,
2024-10-27T18:00,42,Good,9.1,16.6,4.2,8.0,292.0,88.0,,,,,,
2024-10-27T19:00,42,Good,9.5,16.2,5.9,9.0,310.0,76.0,,,,,,
2024-10-27T20:00,42,Good,10.0,16.3,7.2,9.7,320.0,66.0,,,,,,
2024-10-27T21:00,43,Good,10.1,16.1,7.8,9.8,320.0,59.0,,,,,,
2024-10-27T22:00,44,Good,10.0,15.7,8.1,9.7,313.0,54.0,,,,,,
2024-10-27T23:00,45,Good,9.7,15.3,8.1,9.4,303.0,50.0,,,,,,
2024-10-28T00:00,45,Good,9.2,14.6,7.9,9.2,292.0,48.0,,,,,,
2024-10-28T01:00,46,Good,8.5,13.6,7.4,8.8,277.0,46.0,,,,,,
2024-10-28T02:00,46,Good,7.7,12.5,6.8,8.4,261.0,45.0,,,,,,
2024-10-28T03:00,46,Good,6.6,10.7,6.1,7.7,235.0,43.0,,,,,,
2024-10-28T04:00,46,Good,5.3,8.6,5.3,6.9,207.0,42.0,,,,,,
2024-10-28T05:00,46,Good,5.5,9.1,5.3,7.2,199.0,43.0,,,,,,
2024-10-28T06:00,46,Good,5.2,8.6,4.8,7.1,236.0,42.0,,,,,,
2024-10-28T07:00,46,Good,4.9,8.2,4.0,7.1,293.0,42.0,,,,,,
2024-10-28T08:00,45,Good,5.0,8.2,3.3,7.1,318.0,44.0,,,,,,
2024-10-28T09:00,45,Good,5.4,8.8,2.8,7.5,275.0,51.0,,,,,,
2024-10-28T10:00,44,Good,5.6,9.3,2.3,7.9,200.0,61.0,,,,,,
2024-10-28T11:00,43,Good,6.3,10.7,1.9,8.0,142.0,69.0,,,,,,
2024-10-28T12:00,43,Good,6.9,11.9,1.5,7.4,120.0,74.0,,,,,,
2024-10-28T13:00,42,Good,7.1,12.7,1.2,6.4,116.0,78.0,,,,,,
2024-10-28T14:00,42,Good,7.1,12.9,1.1,5.5,120.0,80.0,,,,,,
2024-10-28T15:00,41,Good,6.8,12.7,1.4,4.9,134.0,78.0,,,,,,
2024-10-28T16:00,41,Good,6.3,12.0,1.9,4.4,156.0,74.0,,,,,,
2024-10-28T17:00,41,Good,9.1,17.2,2.5,4.5,179.0,71.0,,,,,,
2024-10-28T18:00,41,Good,8.1,15.1,3.5,5.1,201.0,69.0,,,,,,
2024-10-28T19:00,41,Good,8.7,15.7,4.9,5.9,223.0,66.0,,,,,,
2024-10-28T20:00,41,Good,9.4,16.5,6.0,6.6,239.0,63.0,,,,,,
2024-10-28T21:00,40,Good,10.1,17.6,6.5,6.9,247.0,61.0,,,,,,
2024-10-28T22:00,40,Good,10.6,18.3,6.7,7.0,250.0,58.0,,,,,,
2024-10-28T23:00,41,Good,10.8,18.7,6.7,7.0,248.0,56.0,,,,,,
2024-10-29T00:00,41,Good,10.8,18.6,6.6,7.0,238.0,54.0,,,,,,
2024-10-29T01:00,41,Good,10.8,18.5,6.3,6.9,223.0,52.0,,,,,,
2024-10-29T02:00,42,Good,10.5,17.9,6.1,6.9,213.0,51.0,,,,,,
2024-10-29T03:00,42,Good,10.1,17.1,5.9,7.0,214.0,50.0,,,,,,
2024-10-29T04:00,43,Good,9.6,16.2,5.7,7.1,221.0,49.0,,,,,,
2024-10-29T05:00,44,Good,11.1,18.9,6.0,7.5,228.0,47.0,,,,,,
2024-10-29T06:00,45,Good,11.0,18.8,5.7,8.2,236.0,50.0,,,,,,
2024-10-29T07:00,47,Good,11.3,19.1,5.1,9.1,245.0,55.0,,,,,,
2024-10-29T08:00,48,Good,12.1,20.3,4.5,9.7,251.0,64.0,,,,,,
2024-10-29T09:00,50,Good,13.3,21.9,3.6,9.8,254.0,80.0,,,,,,
2024-10-29T10:00,51,Moderate,13.9,22.7,2.6,9.5,255.0,100.0,,,,,,
2024-10-29T11:00,51,Moderate,14.5,24.0,1.8,9.0,248.0,115.0,,,,,,
2024-10-29T12:00,52,Moderate,15.8,26.3,1.3,7.9,228.0,121.0,,,,,,
2024-10-29T13:00,53,Moderate,15.1,25.9,0.9,6.6,201.0,121.0,,,,,,
2024-10-29T14:00,53,Moderate,14.7,25.9,0.9,5.5,182.0,119.0,,,,,,
2024-10-29T15:00,54,Moderate,14.2,25.7,1.3,4.8,178.0,114.0,,,,,,
2024-10-29T16:00,54,Moderate,13.9,25.3,2.1,4.5,183.0,106.0,,,,,,
2024-10-29T17:00,55,Moderate,15.9,28.8,1.8,3.8,193.0,105.0,,,,,,
2024-10-29T18:00,58,Moderate,15.5,27.9,2.3,4.3,212.0,103.0,,,,,,
2024-10-29T19:00,59,Moderate,15.5,27.5,3.0,5.0,237.0,100.0,,,,,,
2024-10-29T20:00,57,Moderate,15.4,26.9,3.7,5.6,256.0,97.0,,,,,,
2024-10-29T21:00,57,Moderate,15.5,26.8,4.1,6.0,266.0,94.0,,,,,,
2024-10-29T22:00,58,Moderate,15.8,27.2,4.5,6.4,270.0,90.0,,,,,,
2024-10-29T23:00,58,Moderate,16.9,28.7,5.2,6.8,268.0,85.0,,,,,,
2024-10-30T00:00,58,Moderate,19.2,31.5,6.5,7.3,255.0,78.0,,,,,,
2024-10-30T01:00,59,Moderate,20.8,33.6,8.1,7.9,237.0,70.0,,,,,,
2024-10-30T02:00,60,Moderate,22.5,35.6,9.4,8.4,229.0,63.0,,,,,,
2024-10-30T03:00,61,Moderate,23.9,37.4,10.5,8.7,239.0,54.0,,,,,,
2024-10-30T04:00,62,Moderate,24.9,38.5,11.4,8.8,260.0,47.0,,,,,,
2024-10-30T05:00,63,Moderate,26.2,40.4,14.0,8.2,281.0,41.0,,,,,,
2024-10-30T06:00,64,Moderate,27.2,41.8,11.8,8.8,302.0,56.0,,,,,,
2024-10-30T07:00,66,Moderate,30.2,46.4,8.7,9.6,324.0,77.0,,,,,,
2024-10-30T08:00,67,Moderate,32.9,51.6,6.0,10.4,340.0,99.0,,,,,,
2024-10-30T09:00,69,Moderate,34.5,54.1,4.3,11.1,349.0,121.0,,,,,,
2024-10-30T10:00,70,Moderate,33.1,52.4,3.0,11.8,351.0,144.0,,,,,,
2024-10-30T11:00,72,Moderate,32.6,51.8,2.1,11.8,344.0,159.0,,,,,,
2024-10-30T12:00,73,Moderate,32.7,52.5,1.5,10.7,322.0,163.0,,,,,,
2024-10-30T13:00,75,Moderate,34.6,55.8,1.2,8.8,290.0,161.0,,,,,,
2024-10-30T14:00,76,Moderate,34.3,56.5,1.1,7.2,262.0,154.0,,,,,,
2024-10-30T15:00,96,Moderate,34.1,57.4,1.0,5.9,244.0,143.0,,,,,,
2024-10-30T16:00,110,Unhealthy for Sensitive Groups,33.1,56.5,1.1,4.7,230.0,128.0,,,,,,
2024-10-30T17:00,116,Unhealthy for Sensitive Groups,31.0,53.7,0.9,2.4,219.0,111.0,,,,,,
2024-10-30T18:00,114,Unhealthy for Sensitive Groups,28.0,49.2,1.0,2.3,206.0,106.0,,,,,,
2024-10-30T19:00,106,Unhealthy for Sensitive Groups,25.5,45.2,1.2,2.2,195.0,99.0,,,,,,
2024-10-30T20:00,93,Moderate,23.6,41.8,1.4,2.2,196.0,94.0,,,,,,
2024-10-30T21:00,84,Moderate,22.3,39.5,1.6,2.4,218.0,91.0,,,,,,
2024-10-30T22:00,85,Moderate,21.6,38.2,1.8,2.7,251.0,90.0,,,,,,
2024-10-30T23:00,85,Moderate,21.4,37.8,2.1,3.1,282.0,88.0,,,,,,
2024-10-31T00:00,86,Moderate,21.7,38.2,2.4,3.7,310.0,85.0,,,,,,
2024-10-31T01:00,86,Moderate,22.0,38.6,2.8,4.5,335.0,82.0,,,,,,
2024-10-31T02:00,86,Moderate,22.6,39.5,3.2,5.3,341.0,79.0,,,,,,
2024-10-31T03:00,86,Moderate,23.3,40.4,3.7,6.2,310.0,75.0,,,,,,
2024-10-31T04:00,86,Moderate,24.3,41.3,4.1,7.2,259.0,72.0,,,,,,
2024-10-31T05:00,86,Moderate,25.5,40.5,5.0,8.3,227.0,69.0,,,,,,
2024-10-31T06:00,86,Moderate,24.5,38.6,4.6,8.1,235.0,74.0,,,,,,
2024-10-31T07:00,86,Moderate,24.9,38.9,4.0,7.8,262.0,81.0,,,,,,
2024-10-31T08:00,85,Moderate,22.6,35.6,3.3,7.2,280.0,88.0,,,,,,
2024-10-31T09:00,84,Moderate,20.5,32.5,2.5,6.2,278.0,93.0,,,,,,
2024-10-31T10:00,83,Moderate,20.0,31.8,1.7,5.1,268.0,97.0,,,,,,
2024-10-31T11:00,82,Moderate,19.5,31.0,1.1,4.1,256.0,101.0,,,,,,
2024-10-31T12:00,81,Moderate,17.6,27.8,0.8,3.4,243.0,105.0,,,,,,
2024-10-31T13:00,80,Moderate,15.2,23.7,0.7,3.0,228.0,108.0,,,,,,
2024-10-31T14:00,79,Moderate,14.5,22.7,0.7,2.8,217.0,112.0,,,,,,
2024-10-31T15:00,77,Moderate,16.5,25.9,0.9,3.0,214.0,117.0,,,,,,
2024-10-31T16:00,76,Moderate,18.2,28.8,1.3,3.4,216.0,123.0,,,,,,
2024-10-31T17:00,74,Moderate,22.8,37.0,1.7,5.2,216.0,133.0,,,,,,
2024-10-31T18:00,74,Moderate,23.5,38.6,2.1,5.8,210.0,129.0,,,,,,
2024-10-31T19:00,73,Moderate,23.4,38.6,2.8,6.7,203.0,122.0,,,,,,
2024-10-31T20:00,73,Moderate,22.6,37.1,3.3,7.6,204.0,116.0,,,,,,
2024-10-31T21:00,73,Moderate,21.7,35.4,3.7,8.3,223.0,110.0,,,,,,
2024-10-31T22:00,73,Moderate,19.7,31.7,4.1,9.0,250.0,103.0,,,,,,
2024-10-31T23:00,73,Moderate,19.4,30.2,4.3,9.7,269.0,99.0,,,,,,
2024-11-01T00:00,73,Moderate,19.7,30.0,4.2,10.6,269.0,98.0,,,,,,
2024-11-01T01:00,73,Moderate,18.9,28.5,4.0,11.4,261.0,98.0,,,,,,
2024-11-01T02:00,72,Moderate,18.4,27.4,3.6,11.5,260.0,98.0,,,,,,
2024-11-01T03:00,72,Moderate,16.6,24.6,3.1,10.3,277.0,97.0,,,,,,
2024-11-01T04:00,72,Moderate,14.7,21.8,2.4,8.3,302.0,95.0,,,,,,
2024-11-01T05:00,71,Moderate,16.0,23.4,3.1,10.5,320.0,91.0,,,,,,
2024-11-01T06:00,70,Moderate,14.3,20.9,2.9,9.2,325.0,92.0,,,,,,
2024-11-01T07:00,69,Moderate,12.6,18.5,2.7,7.4,323.0,95.0,,,,,,
2024-11-01T08:00,68,Moderate,11.1,16.2,2.3,5.7,316.0,98.0,,,,,,
2024-11-01T09:00,67,Moderate,10.2,14.9,1.8,4.5,302.0,104.0,,,,,,
2024-11-01T10:00,67,Moderate,10.2,15.0,1.2,3.4,284.0,111.0,,,,,,
2024-11-01T11:00,66,Moderate,10.5,15.5,0.7,2.6,270.0,116.0,,,,,,
2024-11-01T12:00,65,Moderate,11.4,16.9,0.5,2.1,265.0,118.0,,,,,,
2024-11-01T13:00,65,Moderate,12.0,17.9,0.6,1.9,264.0,118.0,,,,,,
2024-11-01T14:00,64,Moderate,12.2,18.5,0.6,1.7,263.0,118.0,,,,,,
2024-11-01T15:00,64,Moderate,12.5,19.2,0.6,1.5,259.0,117.0,,,,,,
2024-11-01T16:00,64,Moderate,12.7,19.9,0.7,1.4,255.0,116.0,,,,,,
2024-11-01T17:00,63,Moderate,13.4,20.3,0.8,2.0,261.0,118.0,,,,,,
2024-11-01T18:00,65,Moderate,13.3,20.1,1.0,1.8,287.0,115.0,,,,,,
2024-11-01T19:00,66,Moderate,13.3,20.1,1.2,1.5,323.0,110.0,,,,,,
2024-11-01T20:00,64,Moderate,13.0,19.6,1.3,1.3,348.0,106.0,,,,,,
2024-11-01T21:00,62,Moderate,12.5,18.8,1.3,1.2,353.0,103.0,,,,,,
2024-11-01T22:00,60,Moderate,11.6,17.5,1.3,1.2,347.0,101.0,,,,,,
2024-11-01T23:00,59,Moderate,10.8,16.0,1.2,1.2,336.0,98.0,,,,,,
2024-11-02T00:00,58,Moderate,9.9,14.7,1.1,1.2,317.0,95.0,,,,,,
2024-11-02T01:00,58,Moderate,9.3,13.8,1.0,1.2,292.0,93.0,,,,,,
2024-11-02T02:00,57,Moderate,7.1,10.4,1.0,1.2,277.0,90.0,,,,,,
2024-11-02T03:00,56,Moderate,5.9,8.7,1.0,1.2,278.0,86.0,,,,,,
2024-11-02T04:00,55,Moderate,4.9,7.1,1.1,1.1,289.0,83.0,,,,,,
2024-11-02T05:00,54,Moderate,9.4,13.6,1.8,1.4,305.0,78.0,,,,,,
2024-11-02T06:00,54,Moderate,9.1,13.2,2.0,1.7,334.0,78.0,,,,,,
2024-11-02T07:00,53,Moderate,9.6,13.9,2.3,2.1,368.0,77.0,,,,,,
2024-11-02T08:00,53,Moderate,9.9,14.3,2.3,2.3,383.0,78.0,,,,,,
2024-11-02T09:00,53,Moderate,9.1,13.2,1.9,2.3,364.0,81.0,,,,,,
2024-11-02T10:00,53,Moderate,8.0,11.7,1.4,2.1,327.0,85.0,,,,,,
2024-11-02T11:00,53,Moderate,7.2,10.6,0.9,1.8,293.0,87.0,,,,,,
2024-11-02T12:00,53,Moderate,6.0,8.9,0.6,1.3,270.0,85.0,,,,,,
2024-11-02T13:00,52,Moderate,4.3,6.7,0.4,0.6,251.0,81.0,,,,,,
2024-11-02T14:00,51,Moderate,3.1,5.0,0.3,0.1,235.0,77.0,,,,,,
2024-11-02T15:00,51,Moderate,2.5,4.1,0.3,0.0,222.0,75.0,,,,,,
2024-11-02T16:00,50,Good,2.2,3.7,0.3,0.0,213.0,73.0,,,,,,
2024-11-02T17:00,48,Good,1.3,2.4,0.3,0.1,212.0,59.0,,,,,,
2024-11-02T18:00,45,Good,1.5,2.9,0.3,0.1,226.0,59.0,,,,,,
2024-11-02T19:00,42,Good,1.7,3.2,0.3,0.1,248.0,58.0,,,,,,
2024-11-02T20:00,39,Good,1.8,3.2,0.3,0.1,263.0,58.0,,,,,,
2024-11-02T21:00,37,Good,1.7,3.2,0.5,0.1,265.0,58.0,,,,,,
2024-11-02T22:00,34,Good,1.7,3.0,0.7,0.1,260.0,58.0,,,,,,
2024-11-02T23:00,32,Good,1.9,3.3,0.8,0.1,256.0,58.0,,,,,,
2024-11-03T00:00,30,Good,2.0,3.4,0.8,0.1,256.0,59.0,,,,,,
2024-11-03T01:00,28,Good,2.1,3.5,0.7,0.1,256.0,60.0,,,,,,
2024-11-03T02:00,27,Good,2.2,3.5,0.7,0.1,254.0,61.0,,,,,,
2024-11-03T03:00,27,Good,1.9,3.1,0.7,0.1,250.0,60.0,,,,,,
2024-11-03T04:00,27,Good,1.8,2.8,0.8,0.1,244.0,58.0,,,,,,
2024-11-03T05:00,27,Good,2.9,4.6,1.8,0.5,234.0,54.0,,,,,,
2024-11-03T06:00,27,Good,3.3,5.3,1.8,0.4,217.0,53.0,,,,,,
2024-11-03T07:00,27,Good,3.7,5.8,1.7,0.3,196.0,52.0,,,,,,
2024-11-03T08:00,26,Good,4.2,6.6,1.6,0.2,180.0,52.0,,,,,,
2024-11-03T09:00,26,Good,4.3,6.7,1.2,0.1,171.0,54.0,,,,,,
2024-11-03T10:00,26,Good,3.6,5.7,0.7,0.1,167.0,58.0,,,,,,
2024-11-03T11:00,26,Good,3.2,5.1,0.4,0.1,164.0,61.0,,,,,,
2024-11-03T12:00,26,Good,3.2,5.1,0.3,0.1,162.0,62.0,,,,,,
2024-11-03T13:00,26,Good,3.1,5.1,0.4,0.1,161.0,63.0,,,,,,
2024-11-03T14:00,26,Good,2.9,4.9,0.4,0.1,160.0,62.0,,,,,,
2024-11-03T15:00,27,Good,2.7,4.5,0.4,0.1,158.0,60.0,,,,,,
2024-11-03T16:00,27,Good,2.5,4.2,0.4,0.1,155.0,57.0,,,,,,
2024-11-03T17:00,28,Good,4.0,6.7,0.4,0.1,150.0,51.0,,,,,,
2024-11-03T18:00,27,Good,3.6,5.9,0.3,0.1,142.0,51.0,,,,,,
2024-11-03T19:00,27,Good,3.3,5.6,0.2,0.1,133.0,52.0,,,,,,
2024-11-03T20:00,27,Good,3.2,5.4,0.2,0.1,127.0,52.0,,,,,,
2024-11-03T21:00,26,Good,3.1,5.2,0.2,0.1,129.0,52.0,,,,,,
2024-11-03T22:00,25,Good,3.0,4.9,0.3,0.1,135.0,52.0,,,,,,
2024-11-03T23:00,25,Good,3.0,5.0,0.4,0.1,139.0,52.0,,,,,,
2024-11-04T00:00,24,Good,3.7,5.9,0.5,0.1,137.0,52.0,,,,,,
2024-11-04T01:00,24,Good,3.6,5.8,0.7,0.2,133.0,53.0,,,,,,
2024-11-04T02:00,24,Good,3.5,5.6,0.8,0.2,135.0,53.0,,,,,,
2024-11-04T03:00,24,Good,3.6,5.8,0.9,0.2,149.0,54.0,,,,,,
2024-11-04T04:00,24,Good,3.5,5.7,0.9,0.2,169.0,54.0,,,,,,
2024-11-04T05:00,24,Good,3.6,6.0,1.0,0.1,183.0,55.0,,,,,,
2024-11-04T06:00,25,Good,3.8,6.3,1.1,0.1,185.0,54.0,,,,,,
2024-11-04T07:00,25,Good,4.1,6.9,1.1,0.1,182.0,54.0,,,,,,
2024-11-04T08:00,25,Good,4.1,6.9,1.1,0.1,179.0,54.0,,,,,,
2024-11-04T09:00,25,Good,3.9,6.5,0.9,0.1,181.0,56.0,,,,,,
2024-11-04T10:00,25,Good,3.7,6.1,0.6,0.1,184.0,59.0,,,,,,
2024-11-04T11:00,26,Good,3.5,5.8,0.4,0.1,182.0,61.0,,,,,,
2024-11-04T12:00,26,Good,3.3,5.5,0.3,0.1,171.0,61.0,,,,,,
2024-11-04T13:00,26,Good,2.9,4.8,0.2,0.1,155.0,61.0,,,,,,
2024-11-04T14:00,27,Good,2.7,4.5,0.2,0.1,143.0,60.0,,,,,,
2024-11-04T15:00,27,Good,2.6,4.4,0.2,0.1,140.0,58.0,,,,,,
2024-11-04T16:00,27,Good,2.6,4.3,0.3,0.1,141.0,56.0,,,,,,
2024-11-04T17:00,27,Good,4.4,7.5,0.4,0.1,145.0,58.0,,,,,,
2024-11-04T18:00,27,Good,4.6,8.0,0.7,0.3,147.0,58.0,,,,,,
2024-11-04T19:00,27,Good,4.5,7.7,1.1,0.5,152.0,58.0,,,,,,
2024-11-04T20:00,27,Good,4.8,8.0,1.7,1.2,167.0,58.0,,,,,,
2024-11-04T21:00,27,Good,5.4,8.8,2.8,2.7,204.0,57.0,,,,,,
2024-11-04T22:00,27,Good,5.6,9.1,4.0,4.6,252.0,55.0,,,,,,
2024-11-04T23:00,27,Good,6.1,9.7,4.8,5.6,282.0,54.0,,,,,,
2024-11-05T00:00,26,Good,6.2,9.8,4.6,4.8,278.0,54.0,,,,,,
2024-11-05T01:00,26,Good,6.5,10.4,3.9,3.0,257.0,56.0,,,,,,
2024-11-05T02:00,26,Good,7.3,11.7,3.2,1.6,244.0,57.0,,,,,,
2024-11-05T03:00,26,Good,7.3,11.7,2.7,1.0,250.0,58.0,,,,,,
2024-11-05T04:00,26,Good,6.9,11.4,2.3,0.9,265.0,60.0,,,,,,
2024-11-05T05:00,26,Good,9.1,14.3,3.7,2.5,280.0,55.0,,,,,,
2024-11-05T06:00,27,Good,8.9,14.8,3.3,2.7,299.0,57.0,,,,,,
2024-11-05T07:00,28,Good,9.0,15.7,2.8,3.1,319.0,59.0,,,,,,
2024-11-05T08:00,29,Good,9.5,17.2,2.3,3.3,319.0,63.0,,,,,,
2024-11-05T09:00,30,Good,10.0,18.0,1.8,3.3,283.0,69.0,,,,,,
2024-11-05T10:00,32,Good,9.9,18.0,1.3,3.2,228.0,77.0,,,,,,
2024-11-05T11:00,33,Good,9.6,17.7,0.9,3.0,186.0,83.0,,,,,,
2024-11-05T12:00,35,Good,9.5,17.6,0.7,2.6,171.0,88.0,,,,,,
2024-11-05T13:00,36,Good,9.5,17.7,0.6,2.2,169.0,91.0,,,,,,
2024-11-05T14:00,38,Good,9.3,17.5,0.6,1.8,168.0,94.0,,,,,,
2024-11-05T15:00,39,Good,9.2,17.3,0.7,1.6,164.0,95.0,,,,,,
2024-11-05T16:00,41,Good,9.0,17.2,0.8,1.5,160.0,96.0,,,,,,
2024-11-05T17:00,42,Good,8.8,16.4,0.9,1.4,157.0,89.0,,,,,,
2024-11-05T18:00,43,Good,9.0,16.6,1.0,1.4,154.0,90.0,,,,,,
2024-11-05T19:00,44,Good,9.3,17.2,1.1,1.3,152.0,92.0,,,,,,
2024-11-05T20:00,45,Good,9.7,17.9,1.1,1.2,152.0,93.0,,,,,,
2024-11-05T21:00,46,Good,10.7,19.4,1.1,1.1,149.0,94.0,,,,,,
2024-11-05T22:00,48,Good,12.4,22.3,1.0,0.9,148.0,94.0,,,,,,
2024-11-05T23:00,49,Good,14.3,25.4,0.9,0.9,166.0,96.0,,,,,,
2024-11-06T00:00,50,Good,15.7,27.4,0.8,1.1,225.0,99.0,,,,,,
2024-11-06T01:00,51,Moderate,16.6,28.6,0.7,1.4,304.0,104.0,,,,,,
2024-11-06T02:00,52,Moderate,17.5,29.8,0.7,1.9,357.0,107.0,,,,,,
2024-11-06T03:00,53,Moderate,18.4,31.4,0.7,2.7,359.0,109.0,,,,,,
2024-11-06T04:00,54,Moderate,19.6,33.4,0.8,3.7,334.0,110.0,,,,,,
2024-11-06T05:00,55,Moderate,24.0,39.2,4.6,7.1,315.0,83.0,,,,,,
2024-11-06T06:00,56,Moderate,25.3,41.3,4.6,8.6,312.0,87.0,,,,,,
2024-11-06T07:00,57,Moderate,26.9,44.0,4.6,10.8,314.0,94.0,,,,,,
2024-11-06T08:00,58,Moderate,29.5,48.4,4.3,12.9,317.0,103.0,,,,,,
2024-11-06T09:00,60,Moderate,30.9,52.0,3.4,14.9,319.0,116.0,,,,,,
2024-11-06T10:00,62,Moderate,35.0,60.8,2.2,16.9,322.0,131.0,,,,,,
2024-11-06T11:00,64,Moderate,37.6,65.4,1.3,17.6,324.0,143.0,,,,,,
2024-11-06T12:00,66,Moderate,38.8,67.1,1.0,16.2,324.0,148.0,,,,,,
2024-11-06T13:00,68,Moderate,39.1,67.5,0.9,13.7,323.0,149.0,,,,,,
2024-11-06T14:00,73,Moderate,39.2,67.5,1.0,11.5,324.0,149.0,,,,,,
2024-11-06T15:00,86,Moderate,39.1,67.1,1.1,10.2,325.0,149.0,,,,,,
2024-11-06T16:00,98,Moderate,39.0,66.8,1.3,9.3,327.0,147.0,,,,,,
2024-11-06T17:00,107,Unhealthy for Sensitive Groups,44.8,77.3,1.4,7.2,335.0,136.0,,,,,,
2024-11-06T18:00,112,Unhealthy for Sensitive Groups,44.1,76.1,1.3,6.5,355.0,137.0,,,,,,
2024-11-06T19:00,113,Unhealthy for Sensitive Groups,43.3,74.7,1.1,5.6,382.0,138.0,,,,,,
2024-11-06T20:00,112,Unhealthy for Sensitive Groups,42.4,73.1,1.0,5.1,405.0,139.0,,,,,,
2024-11-06T21:00,110,Unhealthy for Sensitive Groups,41.3,71.2,1.0,5.0,424.0,139.0,,,,,,
2024-11-06T22:00,108,Unhealthy for Sensitive Groups,40.4,69.2,1.2,5.3,439.0,139.0,,,,,,
2024-11-06T23:00,106,Unhealthy for Sensitive Groups,38.8,65.9,1.4,6.3,445.0,135.0,,,,,,
2024-11-07T00:00,103,Unhealthy for Sensitive Groups,37.3,62.9,1.8,8.6,433.0,127.0,,,,,,
2024-11-07T01:00,98,Moderate,33.6,56.2,2.3,11.6,412.0,115.0,,,,,,
2024-11-07T02:00,98,Moderate,30.4,50.2,2.9,14.0,395.0,104.0,,,,,,
2024-11-07T03:00,99,Moderate,28.6,46.2,3.6,15.6,389.0,93.0,,,,,,
2024-11-07T04:00,100,Moderate,27.3,43.4,4.3,16.6,387.0,82.0,,,,,,
2024-11-07T05:00,100,Moderate,23.0,36.2,5.4,16.7,389.0,68.0,,,,,,
2024-11-07T06:00,100,Moderate,22.4,35.0,5.0,15.4,400.0,71.0,,,,,,
2024-11-07T07:00,100,Moderate,21.8,34.0,4.3,13.6,413.0,75.0,,,,,,
2024-11-07T08:00,100,Moderate,19.4,30.3,3.6,11.5,411.0,81.0,,,,,,
2024-11-07T09:00,99,Moderate,16.6,26.1,2.7,9.0,376.0,90.0,,,,,,
2024-11-07T10:00,98,Moderate,13.5,21.1,1.8,6.3,325.0,100.0,,,,,,
2024-11-07T11:00,96,Moderate,11.6,17.9,1.1,4.2,288.0,108.0,,,,,,
2024-11-07T12:00,94,Moderate,10.1,15.6,0.8,3.0,282.0,111.0,,,,,,
2024-11-07T13:00,92,Moderate,8.8,13.7,0.7,2.5,291.0,110.0,,,,,,
2024-11-07T14:00,89,Moderate,7.4,11.7,0.8,2.1,298.0,109.0,,,,,,
2024-11-07T15:00,87,Moderate,6.5,10.3,0.9,1.9,292.0,107.0,,,,,,
2024-11-07T16:00,84,Moderate,5.8,9.3,1.2,1.8,284.0,104.0,,,,,,
2024-11-07T17:00,82,Moderate,10.1,16.5,2.2,3.4,295.0,93.0,,,,,,
2024-11-07T18:00,79,Moderate,9.1,15.0,3.1,4.4,342.0,88.0,,,,,,
2024-11-07T19:00,76,Moderate,9.5,15.4,4.3,5.8,407.0,82.0,,,,,,
2024-11-07T20:00,74,Moderate,10.3,16.5,5.2,7.1,455.0,77.0,,,,,,
2024-11-07T21:00,71,Moderate,10.9,17.3,5.5,8.1,469.0,74.0,,,,,,
2024-11-07T22:00,69,Moderate,11.0,17.7,5.5,9.1,466.0,72.0,,,,,,
2024-11-07T23:00,66,Moderate,10.8,17.8,5.4,10.1,460.0,71.0,,,,,,
2024-11-08T00:00,64,Moderate,11.0,18.5,5.3,11.4,460.0,70.0,,,,,,
2024-11-08T01:00,62,Moderate,11.1,19.4,5.2,12.9,456.0,69.0,,,,,,
2024-11-08T02:00,60,Moderate,10.5,19.2,5.0,13.9,437.0,68.0,,,,,,
2024-11-08T03:00,59,Moderate,10.3,19.6,4.7,14.3,386.0,67.0,,,,,,
2024-11-08T04:00,57,Moderate,10.3,19.7,4.4,14.4,319.0,65.0,,,,,,
2024-11-08T05:00,56,Moderate,10.3,19.8,4.6,14.6,274.0,63.0,,,,,,
2024-11-08T06:00,55,Moderate,9.9,19.4,4.7,13.1,272.0,63.0,,,,,,
2024-11-08T07:00,54,Moderate,9.0,17.7,4.8,11.0,291.0,63.0,,,,,,
2024-11-08T08:00,53,Moderate,8.0,15.5,4.8,9.0,306.0,64.0,,,,,,
2024-11-08T09:00,52,Moderate,6.9,12.9,4.6,7.4,305.0,65.0,,,,,,
2024-11-08T10:00,51,Moderate,6.0,10.7,4.4,5.9,299.0,66.0,,,,,,
2024-11-08T11:00,51,Moderate,6.3,10.9,4.2,4.8,293.0,68.0,,,,,,
2024-11-08T12:00,50,Good,7.0,11.9,4.1,4.1,288.0,70.0,,,,,,
2024-11-08T13:00,50,Good,7.1,11.9,4.0,3.8,283.0,71.0,,,,,,
2024-11-08T14:00,50,Good,7.0,11.9,4.0,3.5,277.0,73.0,,,,,,
2024-11-08T15:00,50,Good,6.4,11.0,3.9,3.0,268.0,75.0,,,,,,
2024-11-08T16:00,50,Good,6.2,10.6,3.8,2.7,258.0,76.0,,,,,,
2024-11-08T17:00,50,Good,12.3,21.8,4.5,4.3,260.0,80.0,,,,,,
2024-11-08T18:00,50,Good,13.4,23.7,4.5,4.6,282.0,79.0,,,,,,
2024-11-08T19:00,50,Good,14.7,26.3,4.6,5.0,315.0,78.0,,,,,,
2024-11-08T20:00,51,Moderate,14.5,26.0,4.7,5.4,344.0,77.0,,,,,,
2024-11-08T21:00,51,Moderate,15.5,27.7,5.1,6.0,364.0,75.0,,,,,,
2024-11-08T22:00,52,Moderate,16.4,29.0,5.6,6.6,380.0,73.0,,,,,,
2024-11-08T23:00,52,Moderate,17.2,30.4,5.8,7.0,387.0,71.0,,,,,,
2024-11-09T00:00,52,Moderate,17.4,31.0,5.3,6.9,381.0,72.0,,,,,,
2024-11-09T01:00,53,Moderate,17.2,31.1,4.5,6.7,365.0,74.0,,,,,,
2024-11-09T02:00,53,Moderate,16.2,30.0,4.1,7.1,353.0,73.0,,,,,,
2024-11-09T03:00,54,Moderate,13.5,25.4,4.6,8.8,349.0,66.0,,,,,,
2024-11-09T04:00,54,Moderate,10.4,19.6,5.5,11.2,347.0,55.0,,,,,,
2024-11-09T05:00,54,Moderate,13.8,25.3,4.9,10.3,342.0,58.0,,,,,,
2024-11-09T06:00,54,Moderate,11.6,21.3,5.3,11.3,332.0,55.0,,,,,,
2024-11-09T07:00,55,Moderate,10.5,18.9,5.8,12.7,320.0,51.0,,,,,,
2024-11-09T08:00,55,Moderate,9.7,17.4,5.9,13.4,307.0,52.0,,,,,,
2024-11-09T09:00,55,Moderate,9.0,16.4,5.1,12.8,292.0,60.0,,,,,,
2024-11-09T10:00,55,Moderate,8.8,16.3,3.9,11.4,276.0,73.0,,,,,,
2024-11-09T11:00,55,Moderate,8.9,16.9,2.8,9.9,262.0,85.0,,,,,,
2024-11-09T12:00,55,Moderate,9.3,17.9,2.1,8.4,250.0,94.0,,,,,,
2024-11-09T13:00,56,Moderate,9.4,18.3,1.6,6.7,241.0,103.0,,,,,,
2024-11-09T14:00,56,Moderate,9.5,18.6,1.3,5.4,235.0,109.0,,,,,,
2024-11-09T15:00,56,Moderate,9.7,19.2,1.4,4.7,234.0,112.0,,,,,,
2024-11-09T16:00,56,Moderate,10.0,19.8,1.7,4.2,237.0,112.0,,,,,,
2024-11-09T17:00,57,Moderate,12.7,25.1,1.9,3.1,240.0,105.0,,,,,,
2024-11-09T18:00,57,Moderate,12.3,24.3,2.1,2.7,241.0,102.0,,,,,,
2024-11-09T19:00,56,Moderate,11.9,23.2,2.3,2.1,241.0,98.0,,,,,,
2024-11-09T20:00,56,Moderate,11.5,22.4,2.5,2.0,242.0,94.0,,,,,,
2024-11-09T21:00,56,Moderate,11.7,22.9,2.5,2.5,238.0,92.0,,,,,,
2024-11-09T22:00,56,Moderate,12.3,24.0,2.5,3.5,234.0,90.0,,,,,,
2024-11-09T23:00,55,Moderate,12.3,24.2,2.6,4.8,244.0,87.0,,,,,,
2024-11-10T00:00,55,Moderate,12.3,24.4,3.0,6.5,279.0,82.0,,,,,,
2024-11-10T01:00,55,Moderate,13.2,26.5,3.6,8.6,327.0,76.0,,,,,,
2024-11-10T02:00,54,Moderate,14.3,29.2,4.2,10.7,367.0,70.0,,,,,,
2024-11-10T03:00,54,Moderate,15.2,31.4,4.7,13.2,390.0,64.0,,,,,,
2024-11-10T04:00,54,Moderate,15.9,32.8,5.1,15.9,404.0,59.0,,,,,,
2024-11-10T05:00,55,Moderate,17.1,34.3,5.2,14.9,414.0,55.0,,,,,,
2024-11-10T06:00,55,Moderate,18.0,35.3,5.0,15.0,424.0,58.0,,,,,,
2024-11-10T07:00,55,Moderate,19.2,36.0,4.8,15.0,430.0,64.0,,,,,,
2024-11-10T08:00,56,Moderate,20.7,37.4,4.3,14.3,426.0,72.0,,,,,,
2024-11-10T09:00,57,Moderate,21.7,37.8,3.4,12.4,405.0,85.0,,,,,,
2024-11-10T10:00,58,Moderate,19.7,34.1,2.2,9.8,374.0,102.0,,,,,,
2024-11-10T11:00,59,Moderate,16.9,29.3,1.3,7.5,349.0,114.0,,,,,,
2024-11-10T12:00,59,Moderate,14.8,25.6,0.9,6.0,337.0,119.0,,,,,,
2024-11-10T13:00,60,Moderate,13.5,23.3,0.8,4.8,332.0,120.0,,,,,,
2024-11-10T14:00,60,Moderate,12.7,22.1,0.8,4.0,332.0,121.0,,,,,,
2024-11-10T15:00,61,Moderate,12.5,22.2,0.9,3.6,337.0,123.0,,,,,,
2024-11-10T16:00,61,Moderate,12.6,22.8,1.2,3.6,346.0,124.0,,,,,,
2024-11-10T17:00,61,Moderate,16.4,30.6,1.4,3.7,355.0,121.0,,,,,,
2024-11-10T18:00,67,Moderate,16.6,31.4,1.5,3.6,365.0,119.0,,,,,,
2024-11-10T19:00,71,Moderate,16.7,32.0,1.7,3.5,374.0,116.0,,,,,,
2024-11-10T20:00,71,Moderate,16.6,32.1,1.9,3.4,378.0,112.0,,,,,,
2024-11-10T21:00,70,Moderate,16.8,32.7,2.1,3.2,365.0,108.0,,,,,,
2024-11-10T22:00,67,Moderate,16.7,32.6,2.2,3.0,345.0,104.0,,,,,,
2024-11-10T23:00,64,Moderate,16.6,32.7,2.4,3.4,346.0,99.0,,,,,,
2024-11-11T00:00,63,Moderate,17.2,34.0,2.7,4.6,395.0,93.0,,,,,,
2024-11-11T01:00,64,Moderate,18.1,36.0,3.0,6.4,463.0,87.0,,,,,,
2024-11-11T02:00,64,Moderate,18.9,38.2,3.2,8.2,493.0,82.0,,,,,,
2024-11-11T03:00,65,Moderate,19.8,40.3,3.4,10.2,444.0,77.0,,,,,,
2024-11-11T04:00,65,Moderate,20.8,42.5,3.5,12.3,357.0,73.0,,,,,,
2024-11-11T05:00,65,Moderate,21.5,43.9,3.8,12.1,293.0,69.0,,,,,,
2024-11-11T06:00,66,Moderate,22.8,46.0,3.9,13.0,283.0,71.0,,,,,,
2024-11-11T07:00,66,Moderate,24.2,47.4,3.9,14.3,297.0,73.0,,,,,,
2024-11-11T08:00,66,Moderate,26.0,48.9,3.7,14.8,309.0,81.0,,,,,,
2024-11-11T09:00,67,Moderate,28.5,51.1,3.0,14.0,312.0,98.0,,,,,,
2024-11-11T10:00,67,Moderate,29.9,52.3,2.0,12.4,313.0,119.0,,,,,,
2024-11-11T11:00,68,Moderate,31.1,53.1,1.3,10.9,306.0,136.0,,,,,,
2024-11-11T12:00,69,Moderate,30.6,51.6,1.0,9.5,283.0,145.0,,,,,,
2024-11-11T13:00,71,Moderate,29.3,48.9,0.9,8.1,251.0,150.0,,,,,,
2024-11-11T14:00,72,Moderate,28.0,46.6,0.9,7.0,232.0,153.0,,,,,,
2024-11-11T15:00,73,Moderate,26.9,44.7,1.1,6.4,237.0,155.0,,,,,,
2024-11-11T16:00,87,Moderate,26.1,43.4,1.4,6.2,254.0,155.0,,,,,,
2024-11-11T17:00,103,Unhealthy for Sensitive Groups,23.4,39.6,1.6,6.1,268.0,153.0,,,,,,
2024-11-11T18:00,115,Unhealthy for Sensitive Groups,25.1,43.1,1.6,6.1,273.0,153.0,,,,,,
2024-11-11T19:00,122,Unhealthy for Sensitive Groups,26.1,45.6,1.7,6.0,274.0,152.0,,,,,,
2024-11-11T20:00,125,Unhealthy for Sensitive Groups,26.5,46.9,1.7,5.9,272.0,151.0,,,,,,
2024-11-11T21:00,126,Unhealthy for Sensitive Groups,26.4,47.1,1.6,5.7,266.0,148.0,,,,,,
2024-11-11T22:00,126,Unhealthy for Sensitive Groups,25.8,46.7,1.4,5.4,257.0,144.0,,,,,,
2024-11-11T23:00,124,Unhealthy for Sensitive Groups,25.0,45.9,1.2,5.0,249.0,140.0,,,,,,
2024-11-12T00:00,121,Unhealthy for Sensitive Groups,24.0,44.9,1.0,4.4,243.0,135.0,,,,,,
2024-11-12T01:00,117,Unhealthy for Sensitive Groups,22.5,42.7,0.8,3.7,239.0,129.0,,,,,,
2024-11-12T02:00,112,Unhealthy for Sensitive Groups,21.0,40.5,0.8,3.6,240.0,125.0,,,,,,
2024-11-12T03:00,106,Unhealthy for Sensitive Groups,20.5,39.6,1.0,4.3,249.0,122.0,,,,,,
2024-11-12T04:00,99,Moderate,21.6,40.7,1.3,5.6,264.0,120.0,,,,,,
2024-11-12T05:00,93,Moderate,25.2,44.5,3.5,9.4,280.0,113.0,,,,,,
2024-11-12T06:00,85,Moderate,24.2,42.5,3.8,11.7,299.0,116.0,,,,,,
2024-11-12T07:00,82,Moderate,23.5,40.9,4.3,14.9,319.0,121.0,,,,,,
2024-11-12T08:00,82,Moderate,23.0,39.8,4.3,17.0,330.0,127.0,,,,,,
2024-11-12T09:00,81,Moderate,23.6,40.6,3.5,17.2,322.0,136.0,,,,,,
2024-11-12T10:00,81,Moderate,24.9,42.7,2.3,16.2,305.0,147.0,,,,,,
2024-11-12T11:00,81,Moderate,26.2,44.8,1.3,15.1,292.0,155.0,,,,,,
2024-11-12T12:00,87,Moderate,27.1,46.2,0.9,13.8,290.0,157.0,,,,,,
2024-11-12T13:00,95,Moderate,27.5,46.9,0.8,12.3,292.0,156.0,,,,,,
2024-11-12T14:00,104,Unhealthy for Sensitive Groups,27.4,46.8,0.8,11.0,296.0,155.0,,,,,,
2024-11-12T15:00,112,Unhealthy for Sensitive Groups,27.0,46.1,0.9,10.1,300.0,153.0,,,,,,
2024-11-12T16:00,119,Unhealthy for Sensitive Groups,26.3,44.9,1.1,9.5,306.0,151.0,,,,,,
2024-11-12T17:00,124,Unhealthy for Sensitive Groups,33.1,35.6,0.9,8.0,310.0,139.0,,,,,,
2024-11-12T18:00,125,Unhealthy for Sensitive Groups,30.5,32.9,1.6,8.4,311.0,139.0,,,,,,
2024-11-12T19:00,123,Unhealthy for Sensitive Groups,28.9,31.3,2.6,9.0,311.0,139.0,,,,,,
2024-11-12T20:00,119,Unhealthy for Sensitive Groups,27.0,29.1,3.4,9.5,311.0,139.0,,,,,,
2024-11-12T21:00,116,Unhealthy for Sensitive Groups,25.8,27.8,3.7,10.0,313.0,137.0,,,,,,
2024-11-12T22:00,112,Unhealthy for Sensitive Groups,24.1,26.0,3.8,10.5,316.0,135.0,,,,,,
2024-11-12T23:00,107,Unhealthy for Sensitive Groups,23.6,25.5,3.6,10.5,319.0,134.0,,,,,,
2024-11-13T00:00,103,Unhealthy for Sensitive Groups,23.5,25.3,2.9,9.8,323.0,134.0,,,,,,
2024-11-13T01:00,100,Moderate,23.3,25.1,1.9,8.7,328.0,135.0,,,,,,
2024-11-13T02:00,99,Moderate,23.3,25.3,1.2,7.7,330.0,135.0,,,,,,
2024-11-13T03:00,98,Moderate,23.7,25.6,1.1,7.2,330.0,133.0,,,,,,
2024-11-13T04:00,97,Moderate,24.9,26.7,1.2,6.8,328.0,131.0,,,,,,
2024-11-13T05:00,95,Moderate,23.6,25.1,2.1,5.6,316.0,121.0,,,,,,
2024-11-13T06:00,92,Moderate,23.5,24.9,2.0,5.8,286.0,121.0,,,,,,
2024-11-13T07:00,89,Moderate,23.3,24.6,1.9,6.1,247.0,121.0,,,,,,
2024-11-13T08:00,86,Moderate,22.3,23.5,1.8,6.2,213.0,121.0,,,,,,
2024-11-13T09:00,83,Moderate,20.1,21.1,1.5,6.0,190.0,120.0,,,,,,
2024-11-13T10:00,81,Moderate,17.5,18.2,1.2,5.6,173.0,118.0,,,,,,
2024-11-13T11:00,80,Moderate,16.0,16.6,1.0,5.2,162.0,117.0,,,,,,
2024-11-13T12:00,80,Moderate,14.6,15.2,0.9,4.8,161.0,116.0,,,,,,
2024-11-13T13:00,79,Moderate,12.9,13.4,0.8,4.3,167.0,115.0,,,,,,
2024-11-13T14:00,78,Moderate,10.7,11.2,0.8,3.8,170.0,113.0,,,,,,
2024-11-13T15:00,76,Moderate,8.5,9.1,0.7,3.3,166.0,108.0,,,,,,
2024-11-13T16:00,75,Moderate,7.7,8.4,0.7,2.9,159.0,102.0,,,,,,
2024-11-13T17:00,73,Moderate,12.5,13.5,1.5,3.6,155.0,90.0,,,,,,
2024-11-13T18:00,72,Moderate,11.1,11.7,2.1,4.6,153.0,86.0,,,,,,
2024-11-13T19:00,70,Moderate,10.2,11.0,2.9,6.0,153.0,81.0,,,,,,
2024-11-13T20:00,69,Moderate,9.8,10.9,3.9,7.3,160.0,75.0,,,,,,
2024-11-13T21:00,67,Moderate,9.2,10.1,5.3,8.7,181.0,67.0,,,,,,
2024-11-13T22:00,66,Moderate,8.9,9.9,6.9,10.0,209.0,58.0,,,,,,
2024-11-13T23:00,65,Moderate,8.7,9.9,8.0,10.7,226.0,51.0,,,,,,
2024-11-14T00:00,64,Moderate,8.7,10.2,8.3,10.5,219.0,48.0,,,,,,
2024-11-14T01:00,63,Moderate,8.6,10.2,8.2,9.7,201.0,47.0,,,,,,
2024-11-14T02:00,61,Moderate,8.4,10.2,7.7,8.6,188.0,47.0,,,,,,
2024-11-14T03:00,60,Moderate,7.3,9.1,6.7,6.9,190.0,49.0,,,,,,
2024-11-14T04:00,59,Moderate,6.3,7.9,5.4,4.9,198.0,52.0,,,,,,
2024-11-14T05:00,57,Moderate,6.1,7.8,5.5,4.3,204.0,49.0,,,,,,
2024-11-14T06:00,56,Moderate,5.0,6.6,4.5,3.4,205.0,53.0,,,,,,
2024-11-14T07:00,55,Moderate,4.6,6.0,3.1,2.1,204.0,60.0,,,,,,
2024-11-14T08:00,53,Moderate,4.4,5.7,2.0,1.1,204.0,66.0,,,,,,
2024-11-14T09:00,52,Moderate,4.6,5.9,1.4,0.8,206.0,72.0,,,,,,
2024-11-14T10:00,50,Good,4.5,5.9,1.1,0.8,208.0,79.0,,,,,,
2024-11-14T11:00,48,Good,4.3,5.5,0.9,0.8,209.0,83.0,,,,,,
2024-11-14T12:00,46,Good,4.0,5.1,0.7,0.6,208.0,85.0,,,,,,
2024-11-14T13:00,43,Good,3.8,5.0,0.6,0.3,206.0,85.0,,,,,,
2024-11-14T14:00,41,Good,3.7,4.9,0.5,0.1,202.0,84.0,,,,,,
2024-11-14T15:00,40,Good,3.4,4.7,0.5,0.0,196.0,81.0,,,,,,
2024-11-14T16:00,38,Good,3.1,4.3,0.5,0.1,188.0,78.0,,,,,,
2024-11-14T17:00,38,Good,3.0,4.2,0.9,0.1,183.0,71.0,,,,,,
2024-11-14T18:00,37,Good,2.6,3.7,1.2,0.1,183.0,70.0,,,,,,
2024-11-14T19:00,37,Good,2.6,3.6,1.6,0.2,186.0,69.0,,,,,,
2024-11-14T20:00,36,Good,2.7,3.8,1.9,0.2,186.0,67.0,,,,,,
2024-11-14T21:00,35,Good,3.0,4.0,1.9,0.2,181.0,66.0,,,,,,
2024-11-14T22:00,34,Good,2.8,3.8,1.8,0.2,173.0,64.0,,,,,,
2024-11-14T23:00,33,Good,2.5,3.4,1.8,0.3,166.0,62.0,,,,,,
2024-11-15T00:00,32,Good,2.5,3.3,2.1,0.3,160.0,59.0,,,,,,
2024-11-15T01:00,31,Good,2.8,3.6,2.5,0.4,154.0,55.0,,,,,,
2024-11-15T02:00,30,Good,3.0,3.8,2.9,0.8,150.0,51.0,,,,,,
2024-11-15T03:00,29,Good,3.2,4.0,3.4,1.7,146.0,48.0,,,,,,
2024-11-15T04:00,27,Good,3.3,3.9,4.0,3.0,144.0,46.0,,,,,,
2024-11-15T05:00,26,Good,1.9,2.0,3.2,1.8,149.0,46.0,,,,,,
2024-11-15T06:00,25,Good,2.6,2.7,3.9,3.2,167.0,46.0,,,,,,
2024-11-15T07:00,24,Good,3.0,3.1,4.8,5.1,191.0,46.0,,,,,,
2024-11-15T08:00,23,Good,3.5,3.6,5.3,6.2,211.0,47.0,,,,,,
2024-11-15T09:00,22,Good,3.9,3.9,5.1,5.7,221.0,50.0,,,,,,
2024-11-15T10:00,22,Good,3.6,3.7,4.6,4.4,227.0,55.0,,,,,,
2024-11-15T11:00,22,Good,3.2,3.2,4.1,3.5,231.0,60.0,,,,,,
2024-11-15T12:00,23,Good,3.2,3.3,3.7,3.6,237.0,64.0,,,,,,
2024-11-15T13:00,24,Good,3.1,3.2,3.4,4.2,241.0,68.0,,,,,,
2024-11-15T14:00,25,Good,3.3,3.3,3.1,4.4,241.0,72.0,,,,,,
2024-11-15T15:00,27,Good,3.6,3.7,2.9,3.9,233.0,76.0,,,,,,
2024-11-15T16:00,29,Good,3.5,3.6,2.7,3.2,221.0,79.0,,,,,,
2024-11-15T17:00,30,Good,10.1,11.1,2.2,2.4,209.0,79.0,,,,,,
2024-11-15T18:00,32,Good,8.8,9.7,2.6,2.6,200.0,77.0,,,,,,
2024-11-15T19:00,33,Good,7.9,8.8,3.2,2.8,193.0,75.0,,,,,,
2024-11-15T20:00,34,Good,7.9,9.5,3.6,2.8,186.0,71.0,,,,,,
2024-11-15T21:00,35,Good,6.4,7.9,3.5,2.2,181.0,65.0,,,,,,
2024-11-15T22:00,34,Good,5.2,6.5,3.1,1.4,176.0,58.0,,,,,,
2024-11-15T23:00,34,Good,4.2,5.3,2.8,0.7,171.0,53.0,,,,,,
2024-11-16T00:00,32,Good,3.4,4.4,2.5,0.5,162.0,50.0,,,,,,
2024-11-16T01:00,31,Good,3.0,4.0,2.2,0.5,152.0,48.0,,,,,,
2024-11-16T02:00,29,Good,3.0,4.0,2.0,0.5,146.0,47.0,,,,,,
2024-11-16T03:00,27,Good,2.2,3.0,1.9,0.5,147.0,46.0,,,,,,
2024-11-16T04:00,25,Good,2.2,2.9,1.9,0.6,151.0,45.0,,,,,,
2024-11-16T05:00,24,Good,3.6,4.9,3.0,1.6,156.0,45.0,,,,,,
2024-11-16T06:00,24,Good,3.6,4.8,2.8,1.5,161.0,46.0,,,,,,
2024-11-16T07:00,24,Good,3.4,4.5,2.5,1.4,167.0,47.0,,,,,,
2024-11-16T08:00,24,Good,2.9,3.8,2.1,1.2,170.0,49.0,,,,,,
2024-11-16T09:00,24,Good,2.5,3.4,1.6,0.9,168.0,53.0,,,,,,
2024-11-16T10:00,24,Good,2.3,3.1,0.9,0.5,164.0,57.0,,,,,,
2024-11-16T11:00,24,Good,2.1,2.9,0.5,0.2,160.0,60.0,,,,,,
2024-11-16T12:00,23,Good,2.1,2.9,0.3,0.1,157.0,60.0,,,,,,
2024-11-16T13:00,24,Good,2.0,2.9,0.3,0.2,154.0,59.0,,,,,,
2024-11-16T14:00,25,Good,1.9,2.8,0.4,0.2,152.0,59.0,,,,,,
2024-11-16T15:00,26,Good,1.9,2.7,0.5,0.2,151.0,60.0,,,,,,
2024-11-16T16:00,26,Good,2.0,2.9,0.6,0.1,150.0,62.0,,,,,,
2024-11-16T17:00,27,Good,3.2,4.3,0.9,0.1,149.0,56.0,,,,,,
2024-11-16T18:00,27,Good,3.1,4.2,1.3,0.2,148.0,57.0,,,,,,
2024-11-16T19:00,27,Good,3.2,4.4,1.9,0.2,146.0,58.0,,,,,,
2024-11-16T20:00,27,Good,3.5,4.6,2.3,0.3,145.0,58.0,,,,,,
2024-11-16T21:00,27,Good,3.6,4.8,2.3,0.3,145.0,58.0,,,,,,
2024-11-16T22:00,27,Good,3.7,5.0,2.1,0.3,146.0,57.0,,,,,,
2024-11-16T23:00,27,Good,4.3,5.8,2.0,0.3,147.0,56.0,,,,,,
2024-11-17T00:00,27,Good,3.6,4.8,2.0,0.3,146.0,54.0,,,,,,
2024-11-17T01:00,26,Good,3.7,4.8,2.1,0.4,144.0,52.0,,,,,,
2024-11-17T02:00,26,Good,3.8,5.2,2.2,0.6,144.0,50.0,,,,,,
2024-11-17T03:00,26,Good,4.2,5.5,2.4,1.1,144.0,49.0,,,,,,
2024-11-17T04:00,25,Good,4.8,6.1,2.7,1.7,146.0,47.0,,,,,,
2024-11-17T05:00,25,Good,3.9,4.8,2.8,0.9,153.0,46.0,,,,,,
2024-11-17T06:00,24,Good,3.6,4.5,2.7,1.2,172.0,46.0,,,,,,
2024-11-17T07:00,23,Good,3.3,4.1,2.6,1.6,196.0,47.0,,,,,,
2024-11-17T08:00,23,Good,3.5,4.2,2.4,1.8,215.0,50.0,,,,,,
2024-11-17T09:00,22,Good,3.7,4.4,1.9,1.6,223.0,57.0,,,,,,
2024-11-17T10:00,23,Good,3.6,4.3,1.2,1.2,224.0,66.0,,,,,,
2024-11-17T11:00,24,Good,3.3,4.0,0.7,0.8,224.0,73.0,,,,,,
2024-11-17T12:00,25,Good,3.1,3.8,0.5,0.6,223.0,76.0,,,,,,
2024-11-17T13:00,27,Good,2.8,3.4,0.4,0.4,220.0,77.0,,,,,,
2024-11-17T14:00,29,Good,2.5,3.2,0.5,0.3,217.0,78.0,,,,,,
2024-11-17T15:00,30,Good,2.3,2.8,0.7,0.2,211.0,81.0,,,,,,
2024-11-17T16:00,32,Good,2.4,2.8,0.9,0.2,204.0,85.0,,,,,,
2024-11-17T17:00,34,Good,5.9,6.5,1.5,0.2,203.0,84.0,,,,,,
2024-11-17T18:00,36,Good,5.9,6.5,1.8,0.2,215.0,82.0,,,,,,
2024-11-17T19:00,37,Good,6.2,6.6,2.1,0.2,232.0,80.0,,,,,,
2024-11-17T20:00,37,Good,6.8,7.3,2.4,0.3,244.0,78.0,,,,,,
2024-11-17T21:00,37,Good,8.2,8.8,2.5,0.4,243.0,77.0,,,,,,
2024-11-17T22:00,37,Good,10.2,10.9,2.4,0.6,236.0,76.0,,,,,,
2024-11-17T23:00,37,Good,12.6,13.6,2.3,0.8,233.0,76.0,,,,,,
2024-11-18T00:00,37,Good,15.1,16.3,2.2,1.0,238.0,76.0,,,,,,
2024-11-18T01:00,36,Good,17.5,18.9,2.0,1.2,248.0,77.0,,,,,,
2024-11-18T02:00,36,Good,17.7,19.2,1.9,1.5,262.0,78.0,,,,,,
2024-11-18T03:00,36,Good,17.5,18.9,1.8,1.7,282.0,78.0,,,,,,
2024-11-18T04:00,39,Good,18.7,20.3,1.8,1.9,307.0,78.0,,,,,,
2024-11-18T05:00,42,Good,21.2,22.9,1.2,1.3,329.0,86.0,,,,,,
2024-11-18T06:00,46,Good,22.1,23.9,1.5,1.8,352.0,87.0,,,,,,
2024-11-18T07:00,50,Good,23.3,25.2,2.0,2.5,373.0,88.0,,,,,,
2024-11-18T08:00,52,Moderate,22.7,24.4,2.2,2.9,379.0,90.0,,,,,,
2024-11-18T09:00,53,Moderate,21.0,22.5,1.9,2.7,359.0,94.0,,,,,,
2024-11-18T10:00,54,Moderate,18.9,20.1,1.3,2.3,325.0,99.0,,,,,,
2024-11-18T11:00,56,Moderate,14.9,15.9,0.9,1.8,293.0,102.0,,,,,,
2024-11-18T12:00,57,Moderate,11.6,12.5,0.7,1.4,269.0,102.0,,,,,,
2024-11-18T13:00,57,Moderate,10.0,10.8,0.6,0.9,247.0,99.0,,,,,,
2024-11-18T14:00,58,Moderate,9.0,9.8,0.6,0.6,235.0,97.0,,,,,,
2024-11-18T15:00,58,Moderate,8.7,9.7,0.7,0.4,238.0,95.0,,,,,,
2024-11-18T16:00,59,Moderate,8.8,10.0,0.8,0.3,250.0,92.0,,,,,,
2024-11-18T17:00,59,Moderate,11.7,13.2,1.0,0.4,256.0,93.0,,,,,,
2024-11-18T18:00,60,Moderate,11.9,13.3,1.3,0.4,246.0,91.0,,,,,,
2024-11-18T19:00,60,Moderate,12.3,13.7,1.7,0.4,231.0,89.0,,,,,,
2024-11-18T20:00,61,Moderate,12.2,13.4,2.0,0.4,222.0,86.0,,,,,,
2024-11-18T21:00,61,Moderate,11.5,12.7,1.9,0.4,227.0,83.0,,,,,,
2024-11-18T22:00,61,Moderate,11.0,12.2,1.7,0.4,239.0,81.0,,,,,,
2024-11-18T23:00,61,Moderate,11.8,13.1,1.6,0.5,249.0,79.0,,,,,,
2024-11-19T00:00,61,Moderate,12.4,13.6,1.7,0.9,254.0,78.0,,,,,,
2024-11-19T01:00,61,Moderate,13.9,15.0,1.8,1.4,256.0,79.0,,,,,,
2024-11-19T02:00,61,Moderate,16.0,17.3,1.9,2.0,257.0,79.0,,,,,,
2024-11-19T03:00,61,Moderate,16.4,17.8,1.8,2.4,250.0,79.0,,,,,,
2024-11-19T04:00,61,Moderate,16.2,17.5,1.7,2.8,242.0,80.0,,,,,,
2024-11-19T05:00,60,Moderate,26.8,28.5,2.6,6.0,246.0,79.0,,,,,,
2024-11-19T06:00,61,Moderate,29.2,30.9,2.9,5.9,277.0,83.0,,,,,,
2024-11-19T07:00,61,Moderate,30.6,32.2,3.2,5.7,321.0,89.0,,,,,,
2024-11-19T08:00,62,Moderate,29.7,31.2,3.6,5.6,350.0,94.0,,,,,,
2024-11-19T09:00,63,Moderate,28.2,29.5,4.0,5.5,350.0,97.0,,,,,,
2024-11-19T10:00,63,Moderate,28.2,29.5,4.4,5.5,336.0,98.0,,,,,,
2024-11-19T11:00,64,Moderate,31.4,32.8,4.8,5.8,323.0,100.0,,,,,,
2024-11-19T12:00,65,Moderate,35.3,36.8,5.1,7.0,316.0,103.0,,,,,,
2024-11-19T13:00,67,Moderate,34.9,36.4,5.4,8.7,312.0,107.0,,,,,,
2024-11-19T14:00,69,Moderate,32.8,34.2,5.4,9.4,311.0,109.0,,,,,,
2024-11-19T15:00,71,Moderate,32.8,34.1,5.1,8.5,320.0,108.0,,,,,,
2024-11-19T16:00,73,Moderate,27.6,28.6,4.6,6.7,333.0,105.0,,,,,,
2024-11-19T17:00,74,Moderate,23.0,24.0,3.4,4.6,338.0,108.0,,,,,,
2024-11-19T18:00,75,Moderate,17.8,18.6,3.0,3.7,326.0,103.0,,,,,,
2024-11-19T19:00,76,Moderate,11.8,12.9,2.4,2.6,305.0,96.0,,,,,,
2024-11-19T20:00,76,Moderate,9.5,10.8,2.0,1.7,285.0,90.0,,,,,,
2024-11-19T21:00,75,Moderate,9.4,10.8,2.0,1.5,266.0,86.0,,,,,,
2024-11-19T22:00,75,Moderate,10.1,12.0,2.2,1.5,247.0,82.0,,,,,,
2024-11-19T23:00,75,Moderate,10.4,12.4,2.2,1.5,237.0,80.0,,,,,,
2024-11-20T00:00,75,Moderate,11.4,13.6,1.9,1.2,243.0,80.0,,,,,,
2024-11-20T01:00,75,Moderate,10.1,11.8,1.4,0.8,259.0,81.0,,,,,,
2024-11-20T02:00,75,Moderate,7.9,9.0,1.0,0.6,272.0,82.0,,,,,,
2024-11-20T03:00,74,Moderate,6.4,7.0,0.9,0.6,280.0,83.0,,,,,,
2024-11-20T04:00,73,Moderate,6.2,6.6,0.9,0.7,286.0,83.0,,,,,,
2024-11-20T05:00,72,Moderate,23.6,23.6,4.0,10.8,283.0,85.0,,,,,,
2024-11-20T06:00,72,Moderate,24.6,24.7,4.3,10.3,260.0,88.0,,,,,,
2024-11-20T07:00,72,Moderate,25.0,25.1,4.7,9.7,228.0,92.0,,,,,,
2024-11-20T08:00,71,Moderate,24.6,24.7,5.1,9.1,213.0,95.0,,,,,,
2024-11-20T09:00,71,Moderate,23.9,24.2,5.3,8.6,231.0,96.0,,,,,,
2024-11-20T10:00,71,Moderate,23.2,23.5,5.5,8.1,267.0,95.0,,,,,,
2024-11-20T11:00,70,Moderate,21.9,22.4,5.6,7.7,296.0,95.0,,,,,,
2024-11-20T12:00,70,Moderate,21.5,22.1,5.5,7.6,311.0,97.0,,,,,,
2024-11-20T13:00,68,Moderate,20.7,21.3,5.4,7.6,320.0,99.0,,,,,,
2024-11-20T14:00,67,Moderate,18.7,19.3,5.2,7.3,327.0,100.0,,,,,,
2024-11-20T15:00,66,Moderate,16.6,17.2,5.0,6.6,336.0,98.0,,,,,,
2024-11-20T16:00,65,Moderate,14.4,15.0,4.8,5.6,344.0,94.0,,,,,,
2024-11-20T17:00,64,Moderate,18.5,19.2,6.3,7.8,340.0,97.0,,,,,,
2024-11-20T18:00,64,Moderate,16.4,17.1,5.9,7.5,314.0,93.0,,,,,,
2024-11-20T19:00,63,Moderate,14.8,15.5,5.4,7.0,276.0,88.0,,,,,,
2024-11-20T20:00,64,Moderate,15.4,16.1,4.9,6.4,251.0,83.0,,,,,,
2024-11-20T21:00,64,Moderate,13.2,14.1,4.4,5.5,251.0,79.0,,,,,,
2024-11-20T22:00,64,Moderate,11.8,13.0,4.0,4.6,264.0,76.0,,,,,,
2024-11-20T23:00,65,Moderate,10.1,11.2,3.5,3.7,274.0,74.0,,,,,,
2024-11-21T00:00,65,Moderate,8.9,10.0,3.0,3.1,275.0,73.0,,,,,,
2024-11-21T01:00,64,Moderate,9.3,10.5,2.6,2.6,274.0,73.0,,,,,,
2024-11-21T02:00,64,Moderate,9.1,10.4,2.2,2.3,269.0,73.0,,,,,,
2024-11-21T03:00,64,Moderate,9.2,10.6,1.9,1.9,256.0,74.0,,,,,,
2024-11-21T04:00,65,Moderate,9.6,11.0,1.6,1.7,241.0,76.0,,,,,,
2024-11-21T05:00,65,Moderate,9.4,10.7,1.4,1.6,238.0,80.0,,,,,,
2024-11-21T06:00,64,Moderate,10.3,11.6,1.7,1.9,261.0,81.0,,,,,,
2024-11-21T07:00,63,Moderate,11.6,13.0,2.1,2.2,296.0,82.0,,,,,,
2024-11-21T08:00,62,Moderate,13.8,15.2,2.4,2.9,321.0,85.0,,,,,,
2024-11-21T09:00,61,Moderate,18.2,19.7,2.4,4.1,324.0,91.0,,,,,,
2024-11-21T10:00,60,Moderate,22.4,24.2,2.3,5.6,317.0,99.0,,,,,,
2024-11-21T11:00,60,Moderate,25.1,27.0,2.2,6.5,311.0,107.0,,,,,,
2024-11-21T12:00,60,Moderate,26.8,28.5,2.0,6.5,309.0,116.0,,,,,,
2024-11-21T13:00,61,Moderate,26.0,27.5,1.7,5.9,307.0,125.0,,,,,,
2024-11-21T14:00,61,Moderate,23.7,25.0,1.5,5.2,307.0,130.0,,,,,,
2024-11-21T15:00,62,Moderate,21.5,22.6,1.5,4.3,309.0,130.0,,,,,,
2024-11-21T16:00,62,Moderate,20.0,21.0,1.7,3.2,312.0,127.0,,,,,,
2024-11-21T17:00,63,Moderate,21.0,22.1,2.1,2.6,313.0,119.0,,,,,,
2024-11-21T18:00,69,Moderate,21.4,22.5,2.1,2.8,311.0,119.0,,,,,,
2024-11-21T19:00,74,Moderate,20.7,21.8,2.1,3.0,307.0,119.0,,,,,,
2024-11-21T20:00,76,Moderate,22.2,23.4,2.2,3.4,307.0,118.0,,,,,,
2024-11-21T21:00,76,Moderate,24.9,26.4,2.3,4.0,313.0,116.0,,,,,,
2024-11-21T22:00,75,Moderate,27.6,29.5,2.5,4.8,322.0,113.0,,,,,,
2024-11-21T23:00,71,Moderate,31.3,33.6,2.5,5.4,329.0,110.0,,,,,,
2024-11-22T00:00,68,Moderate,33.9,36.7,2.4,5.6,329.0,107.0,,,,,,
2024-11-22T01:00,70,Moderate,34.9,38.0,2.2,5.6,326.0,104.0,,,,,,
2024-11-22T02:00,72,Moderate,36.6,39.9,2.0,5.5,327.0,102.0,,,,,,
2024-11-22T03:00,74,Moderate,36.6,39.8,1.9,5.3,335.0,100.0,,,,,,
2024-11-22T04:00,76,Moderate,36.3,39.5,1.9,5.1,348.0,98.0,,,,,,
2024-11-22T05:00,78,Moderate,34.7,37.6,2.0,3.6,357.0,95.0,,,,,,
2024-11-22T06:00,80,Moderate,34.9,37.8,2.3,3.7,362.0,94.0,,,,,,
2024-11-22T07:00,82,Moderate,35.0,37.8,2.8,3.9,365.0,93.0,,,,,,
2024-11-22T08:00,84,Moderate,35.4,38.2,3.0,4.2,364.0,94.0,,,,,,
2024-11-22T09:00,86,Moderate,35.6,38.3,2.8,4.8,359.0,99.0,,,,,,
2024-11-22T10:00,87,Moderate,35.0,37.6,2.3,5.5,350.0,107.0,,,,,,
2024-11-22T11:00,88,Moderate,33.4,35.5,1.9,6.1,341.0,114.0,,,,,,
2024-11-22T12:00,89,Moderate,32.4,34.2,1.6,6.3,331.0,120.0,,,,,,
2024-11-22T13:00,89,Moderate,32.2,34.0,1.4,6.2,321.0,125.0,,,,,,
2024-11-22T14:00,90,Moderate,33.3,35.0,1.4,6.3,315.0,130.0,,,,,,
2024-11-22T15:00,90,Moderate,34.9,36.6,1.7,6.8,317.0,135.0,,,,,,
2024-11-22T16:00,92,Moderate,36.8,38.2,2.2,7.5,324.0,140.0,,,,,,
2024-11-22T17:00,93,Moderate,41.3,43.4,1.9,5.2,326.0,143.0,,,,,,
2024-11-22T18:00,94,Moderate,38.6,40.7,1.9,4.8,322.0,140.0,,,,,,
2024-11-22T19:00,96,Moderate,35.0,37.0,2.0,4.3,313.0,136.0,,,,,,
2024-11-22T20:00,97,Moderate,33.3,35.2,2.0,3.7,301.0,131.0,,,,,,
2024-11-22T21:00,98,Moderate,28.3,30.2,1.9,3.1,281.0,125.0,,,,,,
2024-11-22T22:00,98,Moderate,25.2,27.1,1.7,2.5,257.0,118.0,,,,,,
2024-11-22T23:00,98,Moderate,25.4,27.4,1.6,2.2,241.0,112.0,,,,,,
2024-11-23T00:00,97,Moderate,25.6,27.6,1.6,2.3,240.0,106.0,,,,,,
2024-11-23T01:00,97,Moderate,23.7,25.7,1.7,2.7,247.0,100.0,,,,,,
2024-11-23T02:00,96,Moderate,21.0,22.9,1.8,3.2,256.0,95.0,,,,,,
2024-11-23T03:00,95,Moderate,19.6,21.4,1.9,3.6,269.0,90.0,,,,,,
2024-11-23T04:00,93,Moderate,19.7,21.5,2.1,4.0,286.0,86.0,,,,,,
2024-11-23T05:00,92,Moderate,11.8,13.2,1.2,1.3,294.0,87.0,,,,,,
2024-11-23T06:00,90,Moderate,11.0,12.5,1.5,1.5,286.0,85.0,,,,,,
2024-11-23T07:00,88,Moderate,11.5,13.1,1.9,1.9,271.0,83.0,,,,,,
2024-11-23T08:00,86,Moderate,12.9,14.5,2.1,2.3,264.0,83.0,,,,,,
2024-11-23T09:00,85,Moderate,13.7,15.1,2.1,3.0,274.0,87.0,,,,,,
2024-11-23T10:00,83,Moderate,13.7,14.8,1.9,3.8,292.0,94.0,,,,,,
2024-11-23T11:00,81,Moderate,14.3,15.4,1.8,4.3,304.0,99.0,,,,,,
2024-11-23T12:00,80,Moderate,14.7,15.6,1.7,4.2,306.0,101.0,,,,,,
2024-11-23T13:00,78,Moderate,13.6,14.5,1.6,3.8,303.0,100.0,,,,,,
2024-11-23T14:00,77,Moderate,11.9,12.7,1.6,3.4,297.0,100.0,,,,,,
2024-11-23T15:00,75,Moderate,11.1,11.9,1.7,3.2,287.0,100.0,,,,,,
2024-11-23T16:00,73,Moderate,11.1,11.9,1.9,3.0,276.0,99.0,,,,,,
2024-11-23T17:00,71,Moderate,20.5,23.1,2.0,3.1,270.0,103.0,,,,,,
2024-11-23T18:00,70,Moderate,19.3,22.3,2.0,3.0,277.0,102.0,,,,,,
2024-11-23T19:00,68,Moderate,18.2,21.3,2.1,2.9,291.0,101.0,,,,,,
2024-11-23T20:00,67,Moderate,17.5,20.4,2.2,3.0,299.0,98.0,,,,,,
2024-11-23T21:00,66,Moderate,16.8,19.7,2.4,3.2,293.0,94.0,,,,,,
2024-11-23T22:00,65,Moderate,16.2,19.0,2.6,3.6,281.0,89.0,,,,,,
2024-11-23T23:00,64,Moderate,15.8,18.5,3.0,4.5,278.0,84.0,,,,,,
2024-11-24T00:00,63,Moderate,16.4,18.9,3.5,6.1,297.0,79.0,,,,,,
2024-11-24T01:00,63,Moderate,17.2,19.6,4.1,8.2,325.0,74.0,,,,,,
2024-11-24T02:00,62,Moderate,17.6,19.7,4.7,10.1,342.0,70.0,,,,,,
2024-11-24T03:00,62,Moderate,17.5,19.0,5.1,11.7,337.0,66.0,,,,,,
2024-11-24T04:00,62,Moderate,17.6,18.9,5.5,13.1,322.0,63.0,,,,,,
2024-11-24T05:00,61,Moderate,15.5,16.8,5.8,13.5,311.0,60.0,,,,,,
2024-11-24T06:00,62,Moderate,15.0,16.2,6.0,14.0,310.0,60.0,,,,,,
2024-11-24T07:00,62,Moderate,15.7,16.8,6.3,14.6,314.0,59.0,,,,,,
2024-11-24T08:00,62,Moderate,17.4,18.5,6.2,14.5,317.0,62.0,,,,,,
2024-11-24T09:00,63,Moderate,19.0,20.1,5.4,13.1,318.0,70.0,,,,,,
2024-11-24T10:00,63,Moderate,19.9,21.0,4.2,11.1,318.0,80.0,,,,,,
2024-11-24T11:00,64,Moderate,19.8,20.8,3.3,9.2,318.0,88.0,,,,,,
2024-11-24T12:00,64,Moderate,18.6,19.6,2.8,7.7,319.0,92.0,,,,,,
2024-11-24T13:00,64,Moderate,17.4,18.3,2.4,6.3,319.0,94.0,,,,,,
2024-11-24T14:00,65,Moderate,16.6,17.5,2.3,5.4,315.0,96.0,,,,,,
2024-11-24T15:00,65,Moderate,16.5,17.3,2.5,5.0,304.0,98.0,,,,,,
2024-11-24T16:00,65,Moderate,16.3,17.1,2.8,5.1,288.0,99.0,,,,,,
2024-11-24T17:00,66,Moderate,19.7,21.1,3.4,5.6,277.0,100.0,,,,,,
2024-11-24T18:00,66,Moderate,19.7,21.0,3.6,5.8,273.0,99.0,,,,,,
2024-11-24T19:00,66,Moderate,20.2,21.4,3.8,6.2,274.0,97.0,,,,,,
2024-11-24T20:00,66,Moderate,21.0,22.4,4.0,6.7,276.0,95.0,,,,,,
2024-11-24T21:00,66,Moderate,21.9,23.3,4.2,7.5,279.0,93.0,,,,,,
2024-11-24T22:00,67,Moderate,22.8,24.3,4.4,8.3,284.0,91.0,,,,,,
2024-11-24T23:00,67,Moderate,23.7,25.4,4.5,9.0,290.0,90.0,,,,,,
2024-11-25T00:00,68,Moderate,24.5,26.3,4.3,9.2,295.0,89.0,,,,,,
2024-11-25T01:00,68,Moderate,24.9,27.0,3.9,9.1,300.0,89.0,,,,,,
2024-11-25T02:00,69,Moderate,25.1,27.2,3.7,9.3,308.0,88.0,,,,,,
2024-11-25T03:00,70,Moderate,25.0,27.1,3.6,9.9,319.0,86.0,,,,,,
2024-11-25T04:00,70,Moderate,25.3,27.2,3.7,10.8,332.0,83.0,,,,,,
2024-11-25T05:00,71,Moderate,26.1,28.2,3.8,10.8,346.0,79.0,,,,,,
2024-11-25T06:00,72,Moderate,26.9,28.9,4.8,12.0,361.0,78.0,,,,,,
2024-11-25T07:00,73,Moderate,27.6,29.4,6.1,13.6,377.0,77.0,,,,,,
2024-11-25T08:00,74,Moderate,28.3,30.2,7.0,14.5,389.0,77.0,,,,,,
2024-11-25T09:00,74,Moderate,29.2,30.9,7.3,14.2,399.0,80.0,,,,,,
2024-11-25T10:00,75,Moderate,30.0,31.8,7.2,13.3,405.0,85.0,,,,,,
2024-11-25T11:00,76,Moderate,30.4,31.9,6.8,12.1,403.0,91.0,,,,,,
2024-11-25T12:00,77,Moderate,30.0,31.7,5.9,10.7,384.0,98.0,,,,,,
2024-11-25T13:00,78,Moderate,29.9,31.3,4.6,9.1,357.0,105.0,,,,,,
2024-11-25T14:00,79,Moderate,30.4,31.7,3.8,8.0,341.0,111.0,,,,,,
2024-11-25T15:00,80,Moderate,31.2,32.4,3.8,7.8,348.0,114.0,,,,,,
2024-11-25T16:00,81,Moderate,32.0,33.1,4.2,8.0,366.0,115.0,,,,,,
2024-11-25T17:00,82,Moderate,35.2,36.3,5.1,8.5,377.0,109.0,,,,,,
2024-11-25T18:00,83,Moderate,36.4,37.5,5.1,9.3,374.0,112.0,,,,,,
2024-11-25T19:00,85,Moderate,36.9,37.7,5.0,10.4,364.0,115.0,,,,,,
2024-11-25T20:00,86,Moderate,35.6,36.4,4.9,11.3,356.0,118.0,,,,,,
2024-11-25T21:00,87,Moderate,34.1,34.8,4.6,11.8,350.0,119.0,,,,,,
2024-11-25T22:00,88,Moderate,33.4,34.2,4.2,12.0,345.0,119.0,,,,,,
2024-11-25T23:00,89,Moderate,34.6,35.5,3.9,12.5,344.0,118.0,,,,,,
2024-11-26T00:00,90,Moderate,36.7,37.6,3.9,13.6,352.0,114.0,,,,,,
2024-11-26T01:00,91,Moderate,38.4,39.6,4.1,14.8,364.0,109.0,,,,,,
2024-11-26T02:00,92,Moderate,39.7,40.9,4.1,15.2,373.0,105.0,,,,,,
2024-11-26T03:00,93,Moderate,40.2,41.4,3.8,13.9,371.0,103.0,,,,,,
2024-11-26T04:00,94,Moderate,40.3,41.4,3.3,11.7,366.0,102.0,,,,,,
2024-11-26T05:00,95,Moderate,39.9,41.2,3.5,11.5,370.0,98.0,,,,,,
2024-11-26T06:00,96,Moderate,41.2,42.4,3.9,10.3,395.0,97.0,,,,,,
2024-11-26T07:00,98,Moderate,41.9,43.0,4.4,8.6,429.0,97.0,,,,,,
2024-11-26T08:00,99,Moderate,40.5,41.4,4.7,7.1,452.0,97.0,,,,,,
2024-11-26T09:00,100,Moderate,37.6,38.5,4.6,6.1,455.0,100.0,,,,,,
2024-11-26T10:00,100,Moderate,35.7,36.6,4.3,5.3,446.0,104.0,,,,,,
2024-11-26T11:00,101,Unhealthy for Sensitive Groups,34.2,34.9,4.1,4.7,437.0,106.0,,,,,,
2024-11-26T12:00,101,Unhealthy for Sensitive Groups,32.7,33.3,4.1,4.5,432.0,104.0,,,,,,
2024-11-26T13:00,102,Unhealthy for Sensitive Groups,30.2,30.5,4.2,4.5,426.0,101.0,,,,,,
2024-11-26T14:00,102,Unhealthy for Sensitive Groups,27.5,27.8,4.5,4.6,413.0,98.0,,,,,,
2024-11-26T15:00,101,Unhealthy for Sensitive Groups,26.3,26.5,5.2,4.8,385.0,97.0,,,,,,
2024-11-26T16:00,101,Unhealthy for Sensitive Groups,24.4,24.6,6.0,5.0,350.0,96.0,,,,,,
2024-11-26T17:00,100,Moderate,28.7,29.1,5.4,4.1,330.0,97.0,,,,,,
2024-11-26T18:00,100,Moderate,27.0,27.1,5.4,4.1,335.0,95.0,,,,,,
2024-11-26T19:00,99,Moderate,27.4,27.5,5.4,4.1,355.0,93.0,,,,,,
2024-11-26T20:00,98,Moderate,27.8,28.0,5.3,4.2,382.0,91.0,,,,,,
2024-11-26T21:00,98,Moderate,28.3,28.4,5.2,4.4,422.0,90.0,,,,,,
2024-11-26T22:00,97,Moderate,27.0,27.1,5.0,4.6,470.0,88.0,,,,,,
2024-11-26T23:00,97,Moderate,23.9,24.0,4.8,4.7,497.0,87.0,,,,,,
2024-11-27T00:00,96,Moderate,20.1,20.2,4.5,4.5,491.0,85.0,,,,,,
2024-11-27T01:00,94,Moderate,17.6,17.7,4.0,4.2,465.0,83.0,,,,,,
2024-11-27T02:00,93,Moderate,16.1,16.3,3.7,3.9,433.0,82.0,,,,,,
2024-11-27T03:00,91,Moderate,14.9,15.1,3.4,3.7,393.0,81.0,,,,,,
2024-11-27T04:00,89,Moderate,13.6,13.8,3.2,3.6,347.0,81.0,,,,,,
2024-11-27T05:00,87,Moderate,14.9,15.1,4.8,5.6,319.0,74.0,,,,,,
2024-11-27T06:00,85,Moderate,14.4,14.6,5.4,5.7,325.0,73.0,,,,,,
2024-11-27T07:00,83,Moderate,14.3,14.6,6.3,5.9,349.0,72.0,,,,,,
2024-11-27T08:00,81,Moderate,14.7,15.0,6.8,6.0,368.0,73.0,,,,,,
2024-11-27T09:00,79,Moderate,15.6,15.9,6.8,5.9,374.0,78.0,,,,,,
2024-11-27T10:00,77,Moderate,17.1,17.4,6.6,5.6,374.0,84.0,,,,,,
2024-11-27T11:00,75,Moderate,17.9,18.3,6.2,5.2,369.0,90.0,,,,,,
2024-11-27T12:00,74,Moderate,17.8,18.0,5.5,4.7,355.0,94.0,,,,,,
2024-11-27T13:00,73,Moderate,17.5,17.7,4.6,4.0,336.0,98.0,,,,,,
2024-11-27T14:00,72,Moderate,17.8,18.1,4.1,3.6,325.0,100.0,,,,,,
2024-11-27T15:00,71,Moderate,18.7,19.2,4.1,3.5,330.0,101.0,,,,,,
2024-11-27T16:00,71,Moderate,19.6,20.3,4.5,3.6,343.0,101.0,,,,,,
2024-11-27T17:00,70,Moderate,28.8,30.3,3.3,3.5,356.0,115.0,,,,,,
2024-11-27T18:00,70,Moderate,29.8,31.3,3.8,3.8,363.0,111.0,,,,,,
2024-11-27T19:00,70,Moderate,29.8,31.3,4.4,4.3,370.0,106.0,,,,,,
2024-11-27T20:00,71,Moderate,29.8,31.2,5.0,4.9,379.0,101.0,,,,,,
2024-11-27T21:00,71,Moderate,29.7,31.0,5.5,5.8,393.0,97.0,,,,,,
2024-11-27T22:00,71,Moderate,29.8,31.1,5.9,6.8,410.0,94.0,,,,,,
2024-11-27T23:00,71,Moderate,30.3,31.4,6.1,7.7,423.0,92.0,,,,,,
2024-11-28T00:00,72,Moderate,31.0,32.1,5.7,8.2,429.0,92.0,,,,,,
2024-11-28T01:00,72,Moderate,31.3,32.5,5.1,8.5,432.0,92.0,,,,,,
2024-11-28T02:00,74,Moderate,31.2,32.5,4.7,8.8,432.0,92.0,,,,,,
2024-11-28T03:00,75,Moderate,31.4,32.6,4.7,9.4,424.0,91.0,,,,,,
2024-11-28T04:00,76,Moderate,31.9,33.1,4.8,10.0,415.0,88.0,,,,,,
2024-11-28T05:00,77,Moderate,37.5,38.6,3.5,9.0,421.0,86.0,,,,,,
2024-11-28T06:00,79,Moderate,38.4,39.6,4.8,10.3,466.0,85.0,,,,,,
2024-11-28T07:00,81,Moderate,38.3,39.6,6.6,12.2,526.0,84.0,,,,,,
2024-11-28T08:00,83,Moderate,37.1,38.4,7.7,14.2,555.0,90.0,,,,,,
2024-11-28T09:00,85,Moderate,36.1,37.4,7.4,16.5,519.0,108.0,,,,,,
2024-11-28T10:00,86,Moderate,35.9,37.0,6.3,18.8,450.0,132.0,,,,,,
2024-11-28T11:00,88,Moderate,35.7,36.9,5.4,19.9,400.0,150.0,,,,,,
2024-11-28T12:00,89,Moderate,35.5,36.7,5.0,19.2,389.0,155.0,,,,,,
2024-11-28T13:00,91,Moderate,35.2,36.2,4.8,17.3,396.0,154.0,,,,,,
2024-11-28T14:00,92,Moderate,33.1,34.1,4.5,15.0,409.0,149.0,,,,,,
2024-11-28T15:00,93,Moderate,29.2,30.2,4.2,12.1,430.0,140.0,,,,,,
2024-11-28T16:00,96,Moderate,30.4,31.5,3.9,8.6,458.0,127.0,,,,,,
2024-11-28T17:00,104,Unhealthy for Sensitive Groups,46.4,47.7,5.2,13.0,474.0,147.0,,,,,,
2024-11-28T18:00,112,Unhealthy for Sensitive Groups,47.3,48.5,4.7,11.8,463.0,143.0,,,,,,
2024-11-28T19:00,114,Unhealthy for Sensitive Groups,48.0,49.2,3.9,10.2,441.0,138.0,,,,,,
2024-11-28T20:00,112,Unhealthy for Sensitive Groups,48.7,49.9,3.4,9.0,436.0,134.0,,,,,,
2024-11-28T21:00,107,Unhealthy for Sensitive Groups,49.7,51.0,3.0,8.2,471.0,132.0,,,,,,
2024-11-28T22:00,103,Unhealthy for Sensitive Groups,50.6,52.0,2.9,7.9,522.0,130.0,,,,,,
2024-11-28T23:00,105,Unhealthy for Sensitive Groups,51.1,52.5,3.3,8.7,547.0,127.0,,,,,,
2024-11-29T00:00,107,Unhealthy for Sensitive Groups,50.8,52.0,4.9,11.7,516.0,122.0,,,,,,
2024-11-29T01:00,109,Unhealthy for Sensitive Groups,49.2,50.4,7.0,15.9,458.0,115.0,,,,,,
2024-11-29T02:00,111,Unhealthy for Sensitive Groups,47.1,48.3,8.5,18.9,417.0,109.0,,,,,,
2024-11-29T03:00,113,Unhealthy for Sensitive Groups,45.9,47.1,8.7,19.5,411.0,104.0,,,,,,
2024-11-29T04:00,114,Unhealthy for Sensitive Groups,45.9,47.1,8.2,19.0,423.0,99.0,,,,,,
2024-11-29T05:00,116,Unhealthy for Sensitive Groups,50.1,51.1,13.1,16.0,445.0,75.0,,,,,,
2024-11-29T06:00,117,Unhealthy for Sensitive Groups,49.6,50.6,11.5,15.6,491.0,79.0,,,,,,
2024-11-29T07:00,118,Unhealthy for Sensitive Groups,51.0,52.2,9.2,15.0,548.0,86.0,,,,,,
2024-11-29T08:00,120,Unhealthy for Sensitive Groups,52.2,53.3,7.2,14.3,561.0,94.0,,,,,,
2024-11-29T09:00,121,Unhealthy for Sensitive Groups,52.3,53.6,5.8,13.7,486.0,105.0,,,,,,
2024-11-29T10:00,123,Unhealthy for Sensitive Groups,50.9,52.0,4.6,13.0,369.0,117.0,,,,,,
2024-11-29T11:00,124,Unhealthy for Sensitive Groups,48.7,49.8,3.7,12.3,291.0,127.0,,,,,,
2024-11-29T12:00,126,Unhealthy for Sensitive Groups,46.6,47.6,3.1,11.4,294.0,132.0,,,,,,
2024-11-29T13:00,127,Unhealthy for Sensitive Groups,43.9,44.9,2.9,10.5,337.0,134.0,,,,,,
2024-11-29T14:00,128,Unhealthy for Sensitive Groups,40.7,41.8,2.8,9.8,375.0,135.0,,,,,,
2024-11-29T15:00,129,Unhealthy for Sensitive Groups,38.6,39.6,3.1,9.3,392.0,134.0,,,,,,
2024-11-29T16:00,130,Unhealthy for Sensitive Groups,37.8,38.6,3.5,8.9,405.0,132.0,,,,,,
2024-11-29T17:00,130,Unhealthy for Sensitive Groups,42.5,43.4,4.3,12.0,413.0,144.0,,,,,,
2024-11-29T18:00,130,Unhealthy for Sensitive Groups,40.7,41.7,3.9,10.6,405.0,141.0,,,,,,
2024-11-29T19:00,129,Unhealthy for Sensitive Groups,39.0,39.9,3.3,8.9,393.0,137.0,,,,,,
2024-11-29T20:00,128,Unhealthy for Sensitive Groups,37.7,38.5,3.0,8.2,414.0,134.0,,,,,,
2024-11-29T21:00,127,Unhealthy for Sensitive Groups,37.5,38.3,3.3,9.3,505.0,133.0,,,,,,
2024-11-29T22:00,126,Unhealthy for Sensitive Groups,38.4,39.2,3.8,11.5,628.0,132.0,,,,,,
2024-11-29T23:00,125,Unhealthy for Sensitive Groups,40.2,40.9,4.5,14.6,710.0,130.0,,,,,,
2024-11-30T00:00,123,Unhealthy for Sensitive Groups,42.3,43.0,5.4,19.4,709.0,125.0,,,,,,
2024-11-30T01:00,123,Unhealthy for Sensitive Groups,43.9,44.5,6.5,25.0,666.0,118.0,,,,,,
2024-11-30T02:00,122,Unhealthy for Sensitive Groups,44.9,45.5,7.1,28.5,635.0,112.0,,,,,,
2024-11-30T03:00,122,Unhealthy for Sensitive Groups,45.4,46.0,7.0,28.2,637.0,107.0,,,,,,
2024-11-30T04:00,122,Unhealthy for Sensitive Groups,45.4,46.1,6.5,25.8,651.0,104.0,,,,,,
2024-11-30T05:00,122,Unhealthy for Sensitive Groups,42.3,42.7,5.9,24.6,658.0,110.0,,,,,,
2024-11-30T06:00,121,Unhealthy for Sensitive Groups,42.3,43.0,5.7,22.6,659.0,116.0,,,,,,
2024-11-30T07:00,120,Unhealthy for Sensitive Groups,41.9,42.7,5.3,19.8,654.0,125.0,,,,,,
2024-11-30T08:00,119,Unhealthy for Sensitive Groups,41.7,42.7,4.8,17.4,629.0,137.0,,,,,,
2024-11-30T09:00,118,Unhealthy for Sensitive Groups,42.0,43.3,4.1,16.0,568.0,154.0,,,,,,
2024-11-30T10:00,117,Unhealthy for Sensitive Groups,42.5,44.0,3.3,14.9,487.0,175.0,,,,,,
2024-11-30T11:00,116,Unhealthy for Sensitive Groups,42.6,44.1,2.7,14.0,422.0,190.0,,,,,,
2024-11-30T12:00,116,Unhealthy for Sensitive Groups,41.9,43.2,2.5,13.1,384.0,198.0,,,,,,
2024-11-30T13:00,123,Unhealthy for Sensitive Groups,39.9,41.1,2.6,12.3,363.0,200.0,,,,,,
2024-11-30T14:00,142,Unhealthy for Sensitive Groups,36.8,37.7,3.0,11.4,360.0,197.0,,,,,,
2024-11-30T15:00,157,Unhealthy,33.5,34.3,4.1,10.0,393.0,186.0,,,,,,
2024-11-30T16:00,167,Unhealthy,30.0,31.0,5.5,8.4,444.0,169.0,,,,,,
2024-11-30T17:00,172,Unhealthy,34.0,35.2,5.9,9.5,467.0,145.0,,,,,,
2024-11-30T18:00,170,Unhealthy,31.9,32.9,6.2,8.8,429.0,136.0,,,,,,
2024-11-30T19:00,164,Unhealthy,32.5,33.5,6.6,7.9,362.0,124.0,,,,,,
2024-11-30T20:00,154,Unhealthy,34.7,36.0,6.7,7.1,313.0,115.0,,,,,,
2024-11-30T21:00,137,Unhealthy for Sensitive Groups,36.9,38.5,6.2,6.5,302.0,113.0,,,,,,
2024-11-30T22:00,119,Unhealthy for Sensitive Groups,37.7,39.6,5.4,6.1,308.0,115.0,,,,,,
2024-11-30T23:00,110,Unhealthy for Sensitive Groups,37.1,39.1,4.7,5.7,315.0,116.0,,,,,,
2024-12-01T00:00,110,Unhealthy for Sensitive Groups,36.1,38.0,4.2,5.4,314.0,116.0,,,,,,
2024-12-01T01:00,109,Unhealthy for Sensitive Groups,34.9,36.9,3.7,5.3,314.0,115.0,,,,,,
2024-12-01T02:00,108,Unhealthy for Sensitive Groups,34.1,36.2,3.4,5.2,320.0,114.0,,,,,,
2024-12-01T03:00,107,Unhealthy for Sensitive Groups,33.5,35.6,3.1,5.2,342.0,113.0,,,,,,
2024-12-01T04:00,106,Unhealthy for Sensitive Groups,32.9,35.2,3.0,5.3,372.0,113.0,,,,,,
2024-12-01T05:00,104,Unhealthy for Sensitive Groups,33.3,35.3,3.0,5.1,388.0,115.0,,,,,,
2024-12-01T06:00,103,Unhealthy for Sensitive Groups,30.9,32.7,3.5,5.0,379.0,113.0,,,,,,
2024-12-01T07:00,102,Unhealthy for Sensitive Groups,28.1,29.7,4.2,4.9,358.0,111.0,,,,,,
2024-12-01T08:00,101,Unhealthy for Sensitive Groups,25.6,27.0,4.5,5.0,337.0,112.0,,,,,,
2024-12-01T09:00,99,Moderate,24.3,25.6,4.0,5.4,321.0,119.0,,,,,,
2024-12-01T10:00,98,Moderate,24.0,25.2,3.1,6.0,306.0,128.0,,,,,,
2024-12-01T11:00,96,Moderate,24.1,25.4,2.4,6.3,297.0,136.0,,,,,,
2024-12-01T12:00,95,Moderate,23.8,25.1,2.1,6.1,296.0,140.0,,,,,,
2024-12-01T13:00,94,Moderate,22.5,23.7,2.0,5.6,302.0,142.0,,,,,,
2024-12-01T14:00,92,Moderate,21.2,22.4,2.2,5.2,312.0,141.0,,,,,,
2024-12-01T15:00,91,Moderate,20.5,21.7,2.9,5.1,332.0,135.0,,,,,,
2024-12-01T16:00,91,Moderate,19.4,20.5,3.9,5.1,357.0,127.0,,,,,,
2024-12-01T17:00,94,Moderate,26.2,27.9,5.2,5.5,372.0,113.0,,,,,,
2024-12-01T18:00,92,Moderate,24.8,26.5,5.2,5.2,365.0,110.0,,,,,,
2024-12-01T19:00,89,Moderate,22.9,24.7,5.1,4.7,347.0,107.0,,,,,,
2024-12-01T20:00,87,Moderate,20.6,22.3,5.0,4.4,337.0,104.0,,,,,,
2024-12-01T21:00,86,Moderate,18.5,19.9,4.9,4.5,344.0,103.0,,,,,,
2024-12-01T22:00,85,Moderate,17.2,18.7,4.8,4.7,359.0,102.0,,,,,,
2024-12-01T23:00,83,Moderate,16.9,18.5,4.6,4.8,366.0,102.0,,,,,,
2024-12-02T00:00,81,Moderate,16.5,18.0,4.2,4.7,357.0,102.0,,,,,,
2024-12-02T01:00,80,Moderate,16.1,17.7,3.8,4.5,341.0,103.0,,,,,,
2024-12-02T02:00,78,Moderate,15.8,17.3,3.4,4.4,330.0,103.0,,,,,,
2024-12-02T03:00,77,Moderate,15.5,17.0,3.1,4.3,328.0,103.0,,,,,,
2024-12-02T04:00,76,Moderate,15.2,16.8,2.9,4.3,331.0,103.0,,,,,,
2024-12-02T05:00,74,Moderate,22.7,26.1,3.0,4.6,334.0,103.0,,,,,,
2024-12-02T06:00,73,Moderate,24.0,27.9,3.4,5.0,338.0,103.0,,,,,,
2024-12-02T07:00,73,Moderate,24.7,28.9,3.9,5.6,342.0,104.0,,,,,,
2024-12-02T08:00,73,Moderate,25.1,29.7,4.1,6.1,339.0,107.0,,,,,,
2024-12-02T09:00,73,Moderate,25.4,30.2,3.6,6.3,324.0,113.0,,,,,,
2024-12-02T10:00,73,Moderate,25.8,30.6,2.7,6.3,301.0,122.0,,,,,,
2024-12-02T11:00,73,Moderate,25.3,29.7,2.0,6.2,285.0,128.0,,,,,,
2024-12-02T12:00,73,Moderate,24.2,28.2,1.7,5.9,279.0,132.0,,,,,,
2024-12-02T13:00,73,Moderate,22.9,26.2,1.5,5.4,279.0,134.0,,,,,,
2024-12-02T14:00,73,Moderate,21.7,24.4,1.7,5.1,281.0,133.0,,,,,,
2024-12-02T15:00,74,Moderate,20.2,22.6,2.3,5.0,286.0,129.0,,,,,,
2024-12-02T16:00,79,Moderate,18.1,20.3,3.2,5.0,293.0,122.0,,,,,,
2024-12-02T17:00,82,Moderate,22.1,25.6,4.6,5.6,298.0,110.0,,,,,,
2024-12-02T18:00,81,Moderate,22.6,26.4,4.9,5.6,295.0,106.0,,,,,,
2024-12-02T19:00,78,Moderate,23.2,27.4,5.2,5.7,289.0,100.0,,,,,,
2024-12-02T20:00,72,Moderate,24.6,29.2,5.5,5.9,289.0,95.0,,,,,,
2024-12-02T21:00,73,Moderate,25.1,30.2,5.7,6.5,304.0,92.0,,,,,,
2024-12-02T22:00,73,Moderate,25.2,30.9,5.9,7.3,325.0,90.0,,,,,,
2024-12-02T23:00,74,Moderate,24.9,30.5,5.9,7.9,336.0,88.0,,,,,,
2024-12-03T00:00,74,Moderate,24.0,29.7,5.6,8.1,329.0,87.0,,,,,,
2024-12-03T01:00,75,Moderate,22.5,27.9,5.2,8.1,312.0,87.0,,,,,,
2024-12-03T02:00,76,Moderate,21.1,26.3,4.9,8.1,296.0,87.0,,,,,,
2024-12-03T03:00,76,Moderate,19.7,24.3,4.7,8.2,277.0,87.0,,,,,,
2024-12-03T04:00,76,Moderate,18.4,22.4,4.6,8.2,259.0,87.0,,,,,,
2024-12-03T05:00,77,Moderate,19.4,23.8,4.3,6.6,263.0,85.0,,,,,,
2024-12-03T06:00,76,Moderate,19.2,23.7,4.6,7.0,316.0,85.0,,,,,,
2024-12-03T07:00,76,Moderate,19.0,23.2,5.1,7.5,392.0,86.0,,,,,,
2024-12-03T08:00,75,Moderate,19.3,23.4,5.1,8.0,434.0,90.0,,,,,,
2024-12-03T09:00,75,Moderate,19.8,24.0,4.3,8.5,409.0,102.0,,,,,,
2024-12-03T10:00,75,Moderate,20.8,25.4,3.1,8.9,349.0,117.0,,,,,,
2024-12-03T11:00,74,Moderate,21.2,25.5,2.1,9.1,298.0,130.0,,,,,,
2024-12-03T12:00,74,Moderate,21.7,25.3,1.6,8.9,271.0,138.0,,,,,,
2024-12-03T13:00,74,Moderate,22.1,25.7,1.4,8.3,253.0,143.0,,,,,,
2024-12-03T14:00,74,Moderate,21.9,25.4,1.3,7.6,240.0,145.0,,,,,,
2024-12-03T15:00,74,Moderate,21.9,26.2,1.3,6.6,233.0,143.0,,,,,,
2024-12-03T16:00,81,Moderate,20.9,25.5,1.5,5.5,232.0,137.0,,,,,,
2024-12-03T17:00,91,Moderate,24.1,29.4,1.3,5.3,232.0,139.0,,,,,,
2024-12-03T18:00,99,Moderate,21.3,26.5,1.0,4.1,234.0,134.0,,,,,,
2024-12-03T19:00,102,Unhealthy for Sensitive Groups,20.5,27.0,0.6,2.5,237.0,127.0,,,,,,
2024-12-03T20:00,102,Unhealthy for Sensitive Groups,19.2,25.6,0.3,1.2,241.0,121.0,,,,,,
2024-12-03T21:00,98,Moderate,18.7,25.4,0.2,0.7,244.0,117.0,,,,,,
2024-12-03T22:00,93,Moderate,18.5,25.4,0.2,0.6,247.0,114.0,,,,,,
2024-12-03T23:00,86,Moderate,18.1,25.1,0.2,0.5,253.0,111.0,,,,,,
2024-12-04T00:00,79,Moderate,17.9,25.0,0.2,0.4,268.0,109.0,,,,,,
2024-12-04T01:00,73,Moderate,17.8,24.9,0.2,0.5,286.0,107.0,,,,,,
2024-12-04T02:00,71,Moderate,17.6,24.9,0.2,0.5,293.0,106.0,,,,,,
2024-12-04T03:00,71,Moderate,17.6,24.9,0.2,0.5,278.0,105.0,,,,,,
2024-12-04T04:00,71,Moderate,17.3,24.4,0.2,0.5,251.0,103.0,,,,,,
2024-12-04T05:00,70,Moderate,16.8,23.7,0.2,0.4,228.0,102.0,,,,,,
2024-12-04T06:00,70,Moderate,16.6,23.2,0.3,0.4,212.0,101.0,,,,,,
2024-12-04T07:00,70,Moderate,16.4,22.8,0.3,0.4,200.0,99.0,,,,,,
2024-12-04T08:00,70,Moderate,16.2,22.3,0.4,0.4,192.0,97.0,,,,,,
2024-12-04T09:00,70,Moderate,16.2,22.1,0.4,0.4,190.0,96.0,,,,,,
2024-12-04T10:00,69,Moderate,16.2,22.1,0.3,0.5,193.0,96.0,,,,,,
2024-12-04T11:00,69,Moderate,16.3,22.2,0.3,0.5,197.0,96.0,,,,,,
2024-12-04T12:00,69,Moderate,16.5,22.5,0.3,0.5,201.0,96.0,,,,,,
2024-12-04T13:00,68,Moderate,16.7,22.8,0.3,0.4,207.0,96.0,,,,,,
2024-12-04T14:00,68,Moderate,16.7,22.8,0.3,0.4,213.0,96.0,,,,,,
2024-12-04T15:00,67,Moderate,16.6,22.5,0.4,0.4,220.0,97.0,,,,,,
2024-12-04T16:00,67,Moderate,16.5,22.2,0.5,0.3,227.0,98.0,,,,,,
2024-12-04T17:00,67,Moderate,18.0,24.0,0.5,0.3,233.0,96.0,,,,,,
2024-12-04T18:00,66,Moderate,17.3,23.1,0.4,0.3,241.0,99.0,,,,,,
2024-12-04T19:00,66,Moderate,16.6,22.1,0.4,0.4,247.0,102.0,,,,,,
2024-12-04T20:00,65,Moderate,16.3,21.4,0.3,0.4,246.0,104.0,,,,,,
2024-12-04T21:00,65,Moderate,16.8,21.7,0.3,0.4,229.0,103.0,,,,,,
2024-12-04T22:00,65,Moderate,16.8,20.8,0.3,0.4,205.0,101.0,,,,,,
2024-12-04T23:00,65,Moderate,15.8,19.3,0.3,0.4,187.0,98.0,,,,,,
2024-12-05T00:00,65,Moderate,13.6,16.0,0.3,0.4,182.0,95.0,,,,,,
2024-12-05T01:00,64,Moderate,11.8,13.6,0.2,0.3,184.0,93.0,,,,,,
2024-12-05T02:00,64,Moderate,10.2,11.7,0.2,0.3,189.0,90.0,,,,,,
2024-12-05T03:00,63,Moderate,9.6,10.9,0.2,0.3,200.0,88.0,,,,,,
2024-12-05T04:00,63,Moderate,8.7,9.8,0.3,0.2,215.0,86.0,,,,,,
2024-12-05T05:00,62,Moderate,10.1,11.5,0.5,0.3,225.0,83.0,,,,,,
2024-12-05T06:00,62,Moderate,8.9,10.0,0.6,0.3,227.0,81.0,,,,,,
2024-12-05T07:00,61,Moderate,8.0,9.0,0.7,0.2,224.0,79.0,,,,,,
2024-12-05T08:00,60,Moderate,7.4,8.2,0.8,0.2,222.0,77.0,,,,,,
2024-12-05T09:00,60,Moderate,7.0,7.8,0.7,0.2,223.0,77.0,,,,,,
2024-12-05T10:00,59,Moderate,7.2,8.1,0.6,0.1,223.0,78.0,,,,,,
2024-12-05T11:00,58,Moderate,7.0,7.9,0.5,0.1,222.0,78.0,,,,,,
2024-12-05T12:00,57,Moderate,7.0,8.0,0.5,0.1,216.0,78.0,,,,,,
2024-12-05T13:00,57,Moderate,7.3,8.4,0.5,0.2,207.0,78.0,,,,,,
2024-12-05T14:00,56,Moderate,7.5,8.8,0.5,0.2,201.0,77.0,,,,,,
2024-12-05T15:00,55,Moderate,7.6,9.0,0.6,0.2,201.0,75.0,,,,,,
2024-12-05T16:00,54,Moderate,7.8,9.3,0.7,0.1,202.0,72.0,,,,,,
2024-12-05T17:00,54,Moderate,5.6,6.6,0.9,0.1,202.0,67.0,,,,,,
2024-12-05T18:00,53,Moderate,5.4,6.5,1.0,0.1,196.0,65.0,,,,,,
2024-12-05T19:00,52,Moderate,4.8,6.0,1.2,0.1,188.0,63.0,,,,,,
2024-12-05T20:00,51,Moderate,4.4,5.8,1.3,0.2,181.0,62.0,,,,,,
2024-12-05T21:00,50,Good,4.1,5.5,1.3,0.3,177.0,62.0,,,,,,
2024-12-05T22:00,47,Good,4.1,5.7,1.2,0.4,175.0,63.0,,,,,,
2024-12-05T23:00,44,Good,4.3,5.9,1.1,0.5,175.0,63.0,,,,,,
2024-12-06T00:00,42,Good,4.5,6.2,1.1,0.6,175.0,61.0,,,,,,
2024-12-06T01:00,39,Good,4.7,6.5,1.2,0.6,176.0,58.0,,,,,,
2024-12-06T02:00,38,Good,4.8,6.7,1.3,0.7,183.0,55.0,,,,,,
2024-12-06T03:00,37,Good,5.0,6.9,1.5,0.8,200.0,52.0,,,,,,
2024-12-06T04:00,35,Good,5.3,7.2,1.8,0.8,223.0,50.0,,,,,,
2024-12-06T05:00,35,Good,5.0,6.9,1.4,0.7,242.0,51.0,,,,,,
2024-12-06T06:00,33,Good,5.2,7.1,1.5,0.8,255.0,50.0,,,,,,
2024-12-06T07:00,33,Good,5.3,7.2,1.7,0.9,264.0,49.0,,,,,,
2024-12-06T08:00,32,Good,5.4,7.4,1.7,0.9,267.0,50.0,,,,,,
2024-12-06T09:00,32,Good,5.6,7.7,1.4,0.8,259.0,55.0,,,,,,
2024-12-06T10:00,31,Good,5.9,8.2,1.0,0.7,245.0,63.0,,,,,,
2024-12-06T11:00,31,Good,6.2,8.6,0.7,0.6,232.0,69.0,,,,,,
2024-12-06T12:00,31,Good,6.3,8.7,0.6,0.6,225.0,73.0,,,,,,
2024-12-06T13:00,31,Good,6.3,8.6,0.5,0.5,219.0,75.0,,,,,,
2024-12-06T14:00,30,Good,6.2,8.4,0.5,0.5,213.0,77.0,,,,,,
2024-12-06T15:00,30,Good,6.0,8.1,0.6,0.5,204.0,78.0,,,,,,
2024-12-06T16:00,31,Good,5.8,7.9,0.7,0.4,194.0,79.0,,,,,,
2024-12-06T17:00,33,Good,6.4,8.6,1.0,0.5,188.0,78.0,,,,,,
2024-12-06T18:00,34,Good,5.6,7.6,1.1,0.5,188.0,76.0,,,,,,
2024-12-06T19:00,35,Good,5.2,7.3,1.3,0.4,191.0,74.0,,,,,,
2024-12-06T20:00,35,Good,5.3,7.4,1.4,0.4,191.0,71.0,,,,,,
2024-12-06T21:00,35,Good,5.5,7.8,1.5,0.4,184.0,67.0,,,,,,
2024-12-06T22:00,35,Good,6.0,8.4,1.5,0.4,174.0,61.0,,,,,,
2024-12-06T23:00,34,Good,6.4,8.9,1.6,0.4,169.0,57.0,,,,,,
2024-12-07T00:00,33,Good,6.8,9.3,1.6,0.4,173.0,55.0,,,,,,
2024-12-07T01:00,32,Good,7.0,9.6,1.7,0.5,181.0,53.0,,,,,,
2024-12-07T02:00,32,Good,7.0,9.6,1.8,0.6,190.0,52.0,,,,,,
2024-12-07T03:00,33,Good,7.0,9.5,2.0,0.7,199.0,51.0,,,,,,
2024-12-07T04:00,33,Good,7.0,9.5,2.3,0.8,208.0,50.0,,,,,,
2024-12-07T05:00,33,Good,6.8,9.3,2.2,0.8,216.0,50.0,,,,,,
2024-12-07T06:00,34,Good,7.0,9.5,2.2,1.0,226.0,50.0,,,,,,
2024-12-07T07:00,34,Good,7.2,9.6,2.2,1.3,234.0,50.0,,,,,,
2024-12-07T08:00,35,Good,7.7,10.4,2.1,1.4,235.0,53.0,,,,,,
2024-12-07T09:00,35,Good,8.7,11.6,1.7,1.3,221.0,60.0,,,,,,
2024-12-07T10:00,36,Good,9.0,11.6,1.2,1.1,199.0,69.0,,,,,,
2024-12-07T11:00,37,Good,8.8,11.0,0.8,0.9,182.0,76.0,,,,,,
2024-12-07T12:00,37,Good,8.4,10.4,0.6,0.7,175.0,78.0,,,,,,
2024-12-07T13:00,38,Good,8.2,10.4,0.5,0.5,173.0,78.0,,,,,,
2024-12-07T14:00,38,Good,8.0,10.7,0.5,0.4,171.0,78.0,,,,,,
2024-12-07T15:00,39,Good,7.6,10.3,0.5,0.3,165.0,78.0,,,,,,
2024-12-07T16:00,39,Good,7.7,10.4,0.7,0.3,159.0,78.0,,,,,,
2024-12-07T17:00,39,Good,10.9,14.7,0.8,0.2,157.0,75.0,,,,,,
2024-12-07T18:00,40,Good,10.0,13.7,0.9,0.2,159.0,75.0,,,,,,
2024-12-07T19:00,41,Good,9.2,12.8,1.1,0.3,166.0,75.0,,,,,,
2024-12-07T20:00,42,Good,8.6,12.0,1.3,0.3,178.0,74.0,,,,,,
2024-12-07T21:00,43,Good,8.3,11.6,1.5,0.3,200.0,72.0,,,,,,
2024-12-07T22:00,44,Good,8.2,11.4,1.6,0.4,227.0,69.0,,,,,,
2024-12-07T23:00,44,Good,8.2,11.3,1.7,0.4,253.0,67.0,,,,,,
2024-12-08T00:00,45,Good,8.3,11.4,1.7,0.4,278.0,66.0,,,,,,
2024-12-08T01:00,45,Good,8.5,11.7,1.7,0.4,301.0,65.0,,,,,,
2024-12-08T02:00,45,Good,8.8,12.2,1.7,0.4,311.0,64.0,,,,,,
2024-12-08T03:00,46,Good,9.3,12.8,1.8,0.4,296.0,63.0,,,,,,
2024-12-08T04:00,46,Good,9.8,13.4,1.9,0.5,269.0,63.0,,,,,,
2024-12-08T05:00,47,Good,9.8,13.4,2.3,0.6,254.0,62.0,,,,,,
2024-12-08T06:00,48,Good,10.6,14.4,2.5,0.7,270.0,61.0,,,,,,
2024-12-08T07:00,49,Good,11.4,15.2,2.7,0.9,298.0,61.0,,,,,,
2024-12-08T08:00,50,Good,11.9,15.9,2.6,1.0,311.0,63.0,,,,,,
2024-12-08T09:00,50,Good,12.1,16.2,2.1,0.9,291.0,70.0,,,,,,
2024-12-08T10:00,50,Good,12.2,16.2,1.3,0.7,254.0,79.0,,,,,,
2024-12-08T11:00,51,Moderate,12.3,16.2,0.7,0.5,225.0,85.0,,,,,,
2024-12-08T12:00,51,Moderate,12.3,16.1,0.5,0.4,210.0,86.0,,,,,,
2024-12-08T13:00,51,Moderate,12.2,15.7,0.4,0.3,203.0,85.0,,,,,,
2024-12-08T14:00,52,Moderate,12.3,15.7,0.4,0.3,200.0,84.0,,,,,,
2024-12-08T15:00,52,Moderate,12.5,15.9,0.5,0.3,204.0,84.0,,,,,,
2024-12-08T16:00,52,Moderate,12.8,16.1,0.7,0.3,213.0,85.0,,,,,,
2024-12-08T17:00,53,Moderate,18.0,22.2,1.0,0.3,222.0,89.0,,,,,,
2024-12-08T18:00,53,Moderate,18.3,22.3,1.2,0.4,231.0,89.0,,,,,,
2024-12-08T19:00,54,Moderate,18.5,22.1,1.4,0.5,240.0,89.0,,,,,,
2024-12-08T20:00,55,Moderate,19.1,22.5,1.6,0.6,249.0,90.0,,,,,,
2024-12-08T21:00,55,Moderate,20.1,23.1,1.6,0.7,258.0,91.0,,,,,,
2024-12-08T22:00,56,Moderate,21.9,24.9,1.4,0.7,267.0,93.0,,,,,,
2024-12-08T23:00,57,Moderate,23.5,26.4,1.3,0.8,271.0,94.0,,,,,,
2024-12-09T00:00,59,Moderate,24.8,27.8,1.2,0.9,264.0,95.0,,,,,,
2024-12-09T01:00,60,Moderate,26.1,29.2,1.2,1.1,252.0,95.0,,,,,,
2024-12-09T02:00,61,Moderate,27.4,30.4,1.2,1.3,254.0,94.0,,,,,,
2024-12-09T03:00,63,Moderate,28.5,31.5,1.3,1.5,283.0,92.0,,,,,,
2024-12-09T04:00,64,Moderate,29.2,32.0,1.5,1.7,326.0,90.0,,,,,,
2024-12-09T05:00,66,Moderate,29.0,31.9,1.5,1.5,357.0,91.0,,,,,,
2024-12-09T06:00,67,Moderate,29.5,32.2,1.7,1.7,366.0,89.0,,,,,,
2024-12-09T07:00,69,Moderate,29.7,32.4,2.0,2.0,363.0,87.0,,,,,,
2024-12-09T08:00,70,Moderate,29.9,32.5,2.1,2.2,357.0,88.0,,,,,,
2024-12-09T09:00,72,Moderate,30.2,32.6,1.8,2.2,349.0,93.0,,,,,,
2024-12-09T10:00,73,Moderate,30.2,32.5,1.3,2.1,338.0,101.0,,,,,,
2024-12-09T11:00,75,Moderate,30.5,32.6,0.9,1.9,331.0,108.0,,,,,,
2024-12-09T12:00,76,Moderate,30.9,32.9,0.7,1.7,333.0,112.0,,,,,,
2024-12-09T13:00,77,Moderate,31.0,33.1,0.7,1.6,339.0,115.0,,,,,,
2024-12-09T14:00,79,Moderate,31.0,32.9,0.7,1.4,337.0,117.0,,,,,,
2024-12-09T15:00,80,Moderate,30.9,32.8,0.8,1.2,321.0,117.0,,,,,,
2024-12-09T16:00,82,Moderate,30.7,32.7,0.9,1.0,299.0,116.0,,,,,,
2024-12-09T17:00,83,Moderate,40.4,42.8,1.3,1.2,279.0,126.0,,,,,,
2024-12-09T18:00,85,Moderate,40.4,43.0,1.3,1.2,266.0,126.0,,,,,,
2024-12-09T19:00,87,Moderate,39.9,42.6,1.4,1.2,256.0,125.0,,,,,,
2024-12-09T20:00,88,Moderate,39.1,41.8,1.4,1.2,249.0,124.0,,,,,,
2024-12-09T21:00,90,Moderate,37.8,40.6,1.4,1.1,243.0,121.0,,,,,,
2024-12-09T22:00,91,Moderate,36.3,39.1,1.3,1.1,240.0,117.0,,,,,,
2024-12-09T23:00,93,Moderate,34.9,37.7,1.3,1.1,242.0,113.0,,,,,,
2024-12-10T00:00,93,Moderate,33.9,36.8,1.3,1.2,249.0,109.0,,,,,,
2024-12-10T01:00,94,Moderate,33.5,36.3,1.4,1.3,260.0,104.0,,,,,,
2024-12-10T02:00,95,Moderate,33.8,36.6,1.5,1.7,278.0,100.0,,,,,,
2024-12-10T03:00,95,Moderate,34.1,36.8,1.7,2.1,306.0,95.0,,,,,,
2024-12-10T04:00,96,Moderate,35.4,38.1,1.9,2.8,341.0,91.0,,,,,,
2024-12-10T05:00,96,Moderate,36.2,38.6,2.5,3.3,370.0,84.0,,,,,,
2024-12-10T06:00,97,Moderate,38.4,41.2,2.9,5.5,393.0,83.0,,,,,,
2024-12-10T07:00,97,Moderate,40.7,43.7,3.4,8.5,410.0,81.0,,,,,,
2024-12-10T08:00,98,Moderate,42.7,45.8,3.6,10.6,412.0,84.0,,,,,,
2024-12-10T09:00,99,Moderate,43.8,46.8,3.1,11.0,388.0,94.0,,,,,,
2024-12-10T10:00,100,Moderate,43.4,46.0,2.3,10.6,349.0,107.0,,,,,,
2024-12-10T11:00,102,Unhealthy for Sensitive Groups,41.4,43.7,1.6,9.7,319.0,119.0,,,,,,
2024-12-10T12:00,103,Unhealthy for Sensitive Groups,39.0,40.9,1.2,8.3,307.0,126.0,,,,,,
2024-12-10T13:00,104,Unhealthy for Sensitive Groups,36.4,38.0,1.0,6.6,303.0,131.0,,,,,,
2024-12-10T14:00,104,Unhealthy for Sensitive Groups,34.2,35.5,1.0,5.4,303.0,135.0,,,,,,
2024-12-10T15:00,105,Unhealthy for Sensitive Groups,32.7,34.0,1.2,5.1,308.0,138.0,,,,,,
2024-12-10T16:00,105,Unhealthy for Sensitive Groups,32.2,33.3,1.6,5.3,316.0,141.0,,,,,,
2024-12-10T17:00,105,Unhealthy for Sensitive Groups,40.4,41.8,2.0,5.7,323.0,136.0,,,,,,
2024-12-10T18:00,105,Unhealthy for Sensitive Groups,40.9,42.3,2.4,6.2,323.0,135.0,,,,,,
2024-12-10T19:00,105,Unhealthy for Sensitive Groups,40.7,41.9,2.9,7.0,321.0,132.0,,,,,,
2024-12-10T20:00,105,Unhealthy for Sensitive Groups,40.0,41.1,3.4,8.0,324.0,129.0,,,,,,
2024-12-10T21:00,105,Unhealthy for Sensitive Groups,39.2,40.3,3.8,9.4,339.0,124.0,,,,,,
2024-12-10T22:00,105,Unhealthy for Sensitive Groups,38.6,39.7,4.1,11.0,359.0,119.0,,,,,,
2024-12-10T23:00,106,Unhealthy for Sensitive Groups,38.1,39.1,4.3,12.7,373.0,113.0,,,,,,
2024-12-11T00:00,106,Unhealthy for Sensitive Groups,37.7,38.8,4.4,14.6,375.0,107.0,,,,,,
2024-12-11T01:00,106,Unhealthy for Sensitive Groups,37.5,38.6,4.5,16.5,372.0,101.0,,,,,,
2024-12-11T02:00,107,Unhealthy for Sensitive Groups,37.4,38.6,4.6,17.8,373.0,95.0,,,,,,
2024-12-11T03:00,107,Unhealthy for Sensitive Groups,37.1,38.5,4.7,18.3,385.0,88.0,,,,,,
2024-12-11T04:00,108,Unhealthy for Sensitive Groups,36.4,37.8,4.8,18.3,400.0,81.0,,,,,,
2024-12-11T05:00,108,Unhealthy for Sensitive Groups,36.1,37.4,4.7,18.9,408.0,79.0,,,,,,
2024-12-11T06:00,108,Unhealthy for Sensitive Groups,34.3,35.6,4.8,16.4,406.0,80.0,,,,,,
2024-12-11T07:00,107,Unhealthy for Sensitive Groups,32.2,33.4,4.9,12.8,397.0,81.0,,,,,,
2024-12-11T08:00,106,Unhealthy for Sensitive Groups,30.5,31.5,4.7,9.6,377.0,84.0,,,,,,
2024-12-11T09:00,105,Unhealthy for Sensitive Groups,29.3,30.4,4.1,7.3,337.0,90.0,,,,,,
2024-12-11T10:00,104,Unhealthy for Sensitive Groups,28.3,29.3,3.2,5.4,286.0,98.0,,,,,,
2024-12-11T11:00,102,Unhealthy for Sensitive Groups,27.0,27.8,2.5,3.8,251.0,104.0,,,,,,
2024-12-11T12:00,100,Moderate,24.1,24.8,1.9,2.5,243.0,105.0,,,,,,
2024-12-11T13:00,99,Moderate,20.1,20.6,1.5,1.6,251.0,103.0,,,,,,
2024-12-11T14:00,98,Moderate,16.8,17.3,1.4,1.4,264.0,102.0,,,,,,
2024-12-11T15:00,97,Moderate,17.1,17.6,2.0,2.3,283.0,104.0,,,,,,
2024-12-11T16:00,95,Moderate,20.4,21.1,3.1,3.9,308.0,106.0,,,,,,
2024-12-11T17:00,94,Moderate,28.2,29.1,5.1,6.9,326.0,101.0,,,,,,
2024-12-11T18:00,93,Moderate,26.4,27.1,5.4,7.0,332.0,97.0,,,,,,
2024-12-11T19:00,92,Moderate,25.8,26.5,5.8,7.2,331.0,92.0,,,,,,
2024-12-11T20:00,91,Moderate,25.1,25.7,6.0,7.1,326.0,87.0,,,,,,
2024-12-11T21:00,90,Moderate,24.0,24.5,5.8,6.4,314.0,84.0,,,,,,
2024-12-11T22:00,89,Moderate,22.1,22.4,5.3,5.4,299.0,82.0,,,,,,
2024-12-11T23:00,87,Moderate,20.9,21.2,4.8,4.7,295.0,81.0,,,,,,
2024-12-12T00:00,86,Moderate,20.8,21.2,4.3,4.6,313.0,81.0,,,,,,
2024-12-12T01:00,85,Moderate,21.7,22.2,3.9,4.7,342.0,82.0,,,,,,
2024-12-12T02:00,83,Moderate,22.9,23.3,3.5,4.9,371.0,83.0,,,,,,
2024-12-12T03:00,82,Moderate,23.8,24.3,3.2,5.0,403.0,82.0,,,,,,
2024-12-12T04:00,81,Moderate,23.5,23.9,3.1,5.2,434.0,81.0,,,,,,
2024-12-12T05:00,80,Moderate,23.9,24.4,2.9,5.8,439.0,86.0,,,,,,
2024-12-12T06:00,79,Moderate,17.5,17.8,2.9,5.0,396.0,82.0,,,,,,
2024-12-12T07:00,78,Moderate,12.6,12.8,3.0,3.9,327.0,76.0,,,,,,
2024-12-12T08:00,76,Moderate,10.1,10.2,3.0,3.3,276.0,73.0,,,,,,
2024-12-12T09:00,75,Moderate,9.5,9.6,2.9,3.5,264.0,77.0,,,,,,
2024-12-12T10:00,73,Moderate,9.5,9.6,2.8,4.1,269.0,84.0,,,,,,
2024-12-12T11:00,72,Moderate,10.3,10.4,2.7,4.6,270.0,90.0,,,,,,
2024-12-12T12:00,71,Moderate,11.0,11.1,2.7,5.1,257.0,95.0,,,,,,
2024-12-12T13:00,69,Moderate,10.5,10.5,2.8,5.5,240.0,100.0,,,,,,
2024-12-12T14:00,69,Moderate,10.0,10.1,3.0,5.5,227.0,100.0,,,,,,
2024-12-12T15:00,68,Moderate,8.8,8.8,3.4,5.0,222.0,93.0,,,,,,
2024-12-12T16:00,68,Moderate,7.1,7.1,3.8,4.1,221.0,81.0,,,,,,
2024-12-12T17:00,67,Moderate,9.8,10.2,2.4,1.3,216.0,68.0,,,,,,
2024-12-12T18:00,65,Moderate,8.0,8.5,2.0,0.9,202.0,71.0,,,,,,
2024-12-12T19:00,64,Moderate,7.4,8.0,1.4,0.5,186.0,74.0,,,,,,
2024-12-12T20:00,62,Moderate,6.5,7.3,1.0,0.1,176.0,76.0,,,,,,
2024-12-12T21:00,61,Moderate,4.9,5.6,0.8,0.0,181.0,75.0,,,,,,
2024-12-12T22:00,59,Moderate,3.8,4.6,0.8,0.1,193.0,73.0,,,,,,
2024-12-12T23:00,58,Moderate,3.1,3.9,0.8,0.1,199.0,71.0,,,,,,
2024-12-13T00:00,56,Moderate,2.8,3.5,0.8,0.1,191.0,70.0,,,,,,
2024-12-13T01:00,55,Moderate,2.4,3.2,0.7,0.1,178.0,69.0,,,,,,
2024-12-13T02:00,53,Moderate,2.2,2.9,0.7,0.1,170.0,68.0,,,,,,
2024-12-13T03:00,52,Moderate,2.0,2.7,0.6,0.1,173.0,68.0,,,,,,
2024-12-13T04:00,50,Good,2.0,2.6,0.5,0.1,182.0,68.0,,,,,,
2024-12-13T05:00,45,Good,1.9,2.5,0.4,0.1,189.0,70.0,,,,,,
2024-12-13T06:00,40,Good,1.8,2.4,0.6,0.1,193.0,69.0,,,,,,
2024-12-13T07:00,37,Good,2.2,2.9,0.8,0.2,195.0,69.0,,,,,,
2024-12-13T08:00,34,Good,2.5,3.2,0.9,0.2,199.0,69.0,,,,,,
2024-12-13T09:00,32,Good,2.9,3.7,0.8,0.2,206.0,71.0,,,,,,
2024-12-13T10:00,32,Good,3.3,4.2,0.7,0.2,213.0,75.0,,,,,,
2024-12-13T11:00,32,Good,4.2,5.4,0.5,0.2,216.0,79.0,,,,,,
2024-12-13T12:00,33,Good,5.2,6.8,0.4,0.2,209.0,84.0,,,,,,
2024-12-13T13:00,34,Good,5.5,7.0,0.3,0.3,197.0,89.0,,,,,,
2024-12-13T14:00,35,Good,5.7,7.3,0.3,0.3,189.0,93.0,,,,,,
2024-12-13T15:00,36,Good,5.9,7.6,0.3,0.3,188.0,96.0,,,,,,
2024-12-13T16:00,38,Good,6.1,7.8,0.4,0.2,190.0,98.0,,,,,,
2024-12-13T17:00,40,Good,11.1,13.2,0.5,0.2,192.0,98.0,,,,,,
2024-12-13T18:00,41,Good,9.1,10.8,0.6,0.2,194.0,95.0,,,,,,
2024-12-13T19:00,42,Good,8.1,9.6,0.8,0.2,196.0,91.0,,,,,,
2024-12-13T20:00,43,Good,7.2,8.8,1.0,0.2,200.0,87.0,,,,,,
2024-12-13T21:00,43,Good,5.9,7.2,1.2,0.2,207.0,82.0,,,,,,
2024-12-13T22:00,43,Good,5.0,6.2,1.3,0.2,215.0,77.0,,,,,,
2024-12-13T23:00,42,Good,4.2,5.2,1.4,0.2,219.0,73.0,,,,,,
2024-12-14T00:00,41,Good,3.8,4.7,1.3,0.2,214.0,70.0,,,,,,
2024-12-14T01:00,39,Good,3.4,4.2,1.1,0.2,204.0,69.0,,,,,,
2024-12-14T02:00,37,Good,3.0,3.7,1.0,0.2,196.0,68.0,,,,,,
2024-12-14T03:00,36,Good,3.0,3.6,1.0,0.3,193.0,68.0,,,,,,
2024-12-14T04:00,34,Good,2.9,3.4,1.0,0.3,192.0,69.0,,,,,,
2024-12-14T05:00,33,Good,2.3,2.6,1.7,1.8,193.0,69.0,,,,,,
2024-12-14T06:00,33,Good,4.5,4.9,2.3,2.5,196.0,70.0,,,,,,
2024-12-14T07:00,32,Good,8.1,8.6,3.1,3.4,201.0,71.0,,,,,,
2024-12-14T08:00,32,Good,11.5,12.0,3.8,4.2,210.0,72.0,,,,,,
2024-12-14T09:00,32,Good,14.1,14.6,4.1,4.8,226.0,74.0,,,,,,
2024-12-14T10:00,33,Good,13.7,14.0,4.3,5.4,245.0,77.0,,,,,,
2024-12-14T11:00,36,Good,14.3,14.6,4.2,5.4,259.0,79.0,,,,,,
2024-12-14T12:00,38,Good,15.1,15.5,3.7,4.7,266.0,81.0,,,,,,
2024-12-14T13:00,40,Good,14.8,15.5,2.9,3.4,267.0,83.0,,,,,,
2024-12-14T14:00,42,Good,12.6,13.6,2.2,2.3,262.0,85.0,,,,,,
2024-12-14T15:00,44,Good,9.9,11.5,1.6,1.4,244.0,87.0,,,,,,
2024-12-14T16:00,45,Good,10.4,12.7,1.0,0.6,220.0,88.0,,,,,,
2024-12-14T17:00,46,Good,19.2,22.2,0.9,0.5,207.0,100.0,,,,,,
2024-12-14T18:00,48,Good,17.3,20.3,1.1,0.6,216.0,99.0,,,,,,
2024-12-14T19:00,50,Good,17.4,20.5,1.4,0.8,235.0,99.0,,,,,,
2024-12-14T20:00,51,Moderate,20.1,23.6,1.7,1.4,250.0,98.0,,,,,,
2024-12-14T21:00,52,Moderate,22.9,26.9,2.1,2.6,254.0,98.0,,,,,,
2024-12-14T22:00,53,Moderate,23.2,27.0,2.4,4.1,253.0,98.0,,,,,,
2024-12-14T23:00,54,Moderate,24.2,27.4,2.8,5.7,252.0,97.0,,,,,,
2024-12-15T00:00,56,Moderate,26.9,30.2,3.1,7.3,253.0,96.0,,,,,,
2024-12-15T01:00,58,Moderate,28.6,31.4,3.4,8.8,254.0,94.0,,,,,,
2024-12-15T02:00,60,Moderate,30.4,33.1,3.6,10.1,258.0,92.0,,,,,,
2024-12-15T03:00,62,Moderate,30.9,33.5,3.6,10.9,266.0,91.0,,,,,,
2024-12-15T04:00,64,Moderate,30.4,32.8,3.6,11.4,276.0,90.0,,,,,,
2024-12-15T05:00,66,Moderate,28.6,31.0,3.4,10.9,286.0,90.0,,,,,,
2024-12-15T06:00,68,Moderate,28.3,30.6,3.8,10.9,299.0,91.0,,,,,,
2024-12-15T07:00,70,Moderate,27.7,30.0,4.4,10.9,312.0,93.0,,,,,,
2024-12-15T08:00,72,Moderate,27.2,29.5,4.5,10.4,314.0,98.0,,,,,,
2024-12-15T09:00,73,Moderate,26.5,29.0,3.7,9.0,296.0,109.0,,,,,,
2024-12-15T10:00,74,Moderate,25.8,28.3,2.3,7.0,268.0,122.0,,,,,,
2024-12-15T11:00,75,Moderate,24.3,26.5,1.3,5.5,244.0,132.0,,,,,,
2024-12-15T12:00,76,Moderate,22.9,25.1,0.9,4.7,232.0,135.0,,,,,,
2024-12-15T13:00,76,Moderate,21.7,23.7,0.8,4.2,225.0,135.0,,,,,,
2024-12-15T14:00,77,Moderate,21.2,23.1,0.8,4.0,220.0,134.0,,,,,,
2024-12-15T15:00,78,Moderate,21.4,23.1,1.0,4.0,215.0,133.0,,,,,,
2024-12-15T16:00,79,Moderate,21.7,23.4,1.3,4.2,212.0,132.0,,,,,,
2024-12-15T17:00,86,Moderate,23.5,25.1,1.8,4.8,214.0,128.0,,,,,,
2024-12-15T18:00,90,Moderate,25.3,27.2,2.0,5.2,225.0,128.0,,,,,,
2024-12-15T19:00,91,Moderate,27.6,29.8,2.3,5.7,242.0,127.0,,,,,,
2024-12-15T20:00,90,Moderate,29.8,32.2,2.6,6.4,257.0,126.0,,,,,,
2024-12-15T21:00,88,Moderate,31.5,34.2,2.9,7.4,267.0,124.0,,,,,,
2024-12-15T22:00,86,Moderate,32.9,36.0,3.1,8.5,275.0,121.0,,,,,,
2024-12-15T23:00,83,Moderate,34.0,37.3,3.3,9.7,281.0,118.0,,,,,,
2024-12-16T00:00,84,Moderate,34.5,37.7,3.4,11.0,282.0,114.0,,,,,,
2024-12-16T01:00,85,Moderate,34.9,38.0,3.4,12.3,281.0,110.0,,,,,,
2024-12-16T02:00,85,Moderate,35.4,38.1,3.4,13.2,282.0,107.0,,,,,,
2024-12-16T03:00,86,Moderate,35.5,38.0,3.3,13.6,287.0,104.0,,,,,,
2024-12-16T04:00,86,Moderate,35.7,38.1,3.0,13.6,294.0,102.0,,,,,,
2024-12-16T05:00,86,Moderate,36.9,39.1,2.8,12.7,299.0,102.0,,,,,,
2024-12-16T06:00,87,Moderate,44.6,48.3,2.5,10.5,301.0,107.0,,,,,,
2024-12-16T07:00,88,Moderate,37.8,40.7,2.0,7.5,301.0,113.0,,,,,,
2024-12-16T08:00,89,Moderate,34.6,37.1,1.7,5.4,298.0,119.0,,,,,,
2024-12-16T09:00,90,Moderate,33.4,35.9,1.6,5.0,290.0,123.0,,,,,,
2024-12-16T10:00,90,Moderate,35.6,38.2,1.6,5.5,280.0,127.0,,,,,,
2024-12-16T11:00,91,Moderate,35.9,38.3,1.6,5.9,275.0,130.0,,,,,,
2024-12-16T12:00,92,Moderate,36.4,38.6,1.6,6.0,279.0,133.0,,,,,,
2024-12-16T13:00,93,Moderate,35.9,38.0,1.5,6.1,288.0,135.0,,,,,,
2024-12-16T14:00,94,Moderate,35.5,37.4,1.6,6.1,298.0,136.0,,,,,,
2024-12-16T15:00,95,Moderate,35.0,36.8,1.8,5.9,308.0,134.0,,,,,,
2024-12-16T16:00,96,Moderate,34.2,35.9,2.2,5.6,318.0,131.0,,,,,,
2024-12-16T17:00,97,Moderate,39.3,41.0,2.7,6.1,326.0,126.0,,,,,,
2024-12-16T18:00,98,Moderate,40.6,42.1,2.9,6.2,324.0,126.0,,,,,,
2024-12-16T19:00,100,Moderate,40.9,42.4,3.1,6.3,320.0,127.0,,,,,,
2024-12-16T20:00,101,Unhealthy for Sensitive Groups,41.4,43.1,3.3,7.0,331.0,127.0,,,,,,
2024-12-16T21:00,102,Unhealthy for Sensitive Groups,40.9,42.5,3.3,8.4,378.0,128.0,,,,,,
2024-12-16T22:00,103,Unhealthy for Sensitive Groups,39.5,41.1,3.3,10.3,441.0,129.0,,,,,,
2024-12-16T23:00,104,Unhealthy for Sensitive Groups,38.0,39.7,3.3,12.2,479.0,129.0,,,,,,
2024-12-17T00:00,104,Unhealthy for Sensitive Groups,36.9,38.8,3.3,14.4,467.0,126.0,,,,,,
2024-12-17T01:00,104,Unhealthy for Sensitive Groups,36.1,38.0,3.3,16.6,431.0,122.0,,,,,,
2024-12-17T02:00,105,Unhealthy for Sensitive Groups,36.0,37.8,3.3,17.9,402.0,118.0,,,,,,
2024-12-17T03:00,105,Unhealthy for Sensitive Groups,36.0,37.8,3.2,17.8,395.0,114.0,,,,,,
2024-12-17T04:00,105,Unhealthy for Sensitive Groups,35.7,37.5,3.1,16.8,395.0,110.0,,,,,,
2024-12-17T05:00,105,Unhealthy for Sensitive Groups,33.6,35.4,3.3,16.3,394.0,104.0,,,,,,
2024-12-17T06:00,104,Unhealthy for Sensitive Groups,32.6,34.3,3.4,14.4,386.0,104.0,,,,,,
2024-12-17T07:00,103,Unhealthy for Sensitive Groups,31.5,33.3,3.4,11.6,377.0,104.0,,,,,,
2024-12-17T08:00,102,Unhealthy for Sensitive Groups,30.7,32.5,3.3,9.3,375.0,107.0,,,,,,
2024-12-17T09:00,102,Unhealthy for Sensitive Groups,31.2,32.9,2.7,7.8,386.0,117.0,,,,,,
2024-12-17T10:00,102,Unhealthy for Sensitive Groups,32.6,34.2,2.0,6.6,403.0,130.0,,,,,,
2024-12-17T11:00,102,Unhealthy for Sensitive Groups,30.9,32.4,1.4,5.6,414.0,140.0,,,,,,
2024-12-17T12:00,101,Unhealthy for Sensitive Groups,27.8,29.2,1.1,4.8,412.0,143.0,,,,,,
2024-12-17T13:00,100,Moderate,25.4,26.7,1.1,4.3,404.0,142.0,,,,,,
2024-12-17T14:00,99,Moderate,23.7,24.9,1.1,3.8,399.0,140.0,,,,,,
2024-12-17T15:00,98,Moderate,22.4,23.3,1.3,3.5,403.0,138.0,,,,,,
2024-12-17T16:00,97,Moderate,20.8,21.7,1.6,3.2,410.0,134.0,,,,,,
2024-12-17T17:00,97,Moderate,23.5,25.1,1.8,2.8,411.0,126.0,,,,,,
2024-12-17T18:00,99,Moderate,24.3,25.9,2.0,2.8,391.0,122.0,,,,,,
2024-12-17T19:00,97,Moderate,25.0,26.7,2.2,2.8,364.0,116.0,,,,,,
2024-12-17T20:00,92,Moderate,25.0,26.7,2.4,2.7,370.0,110.0,,,,,,
2024-12-17T21:00,91,Moderate,23.7,25.5,2.3,2.4,446.0,103.0,,,,,,
2024-12-17T22:00,90,Moderate,21.1,22.8,2.2,2.0,553.0,97.0,,,,,,
2024-12-17T23:00,88,Moderate,19.2,20.9,2.1,2.1,617.0,92.0,,,,,,
2024-12-18T00:00,87,Moderate,18.9,20.5,2.3,2.8,591.0,90.0,,,,,,
2024-12-18T01:00,86,Moderate,19.7,21.2,2.6,3.9,521.0,91.0,,,,,,
2024-12-18T02:00,84,Moderate,21.1,22.6,2.9,5.6,468.0,92.0,,,,,,
2024-12-18T03:00,83,Moderate,23.1,24.4,3.3,8.4,457.0,94.0,,,,,,
2024-12-18T04:00,82,Moderate,24.6,25.8,3.7,11.8,463.0,97.0,,,,,,
2024-12-18T05:00,81,Moderate,28.6,29.7,3.6,16.7,474.0,110.0,,,,,,
2024-12-18T06:00,81,Moderate,28.2,29.3,3.4,15.1,493.0,109.0,,,,,,
2024-12-18T07:00,80,Moderate,27.2,28.5,3.0,12.8,516.0,107.0,,,,,,
2024-12-18T08:00,80,Moderate,26.3,27.6,2.6,10.6,520.0,107.0,,,,,,
2024-12-18T09:00,80,Moderate,25.8,27.1,2.1,8.5,487.0,111.0,,,,,,
2024-12-18T10:00,79,Moderate,25.6,27.0,1.5,6.4,436.0,116.0,,,,,,
2024-12-18T11:00,79,Moderate,25.4,26.8,1.0,4.7,395.0,121.0,,,,,,
2024-12-18T12:00,78,Moderate,25.1,26.5,0.8,3.6,381.0,123.0,,,,,,
2024-12-18T13:00,78,Moderate,24.4,25.8,0.7,3.0,379.0,124.0,,,,,,
2024-12-18T14:00,78,Moderate,23.1,24.4,0.7,2.7,371.0,125.0,,,,,,
2024-12-18T15:00,78,Moderate,21.2,22.5,0.7,2.6,349.0,126.0,,,,,,
2024-12-18T16:00,78,Moderate,19.3,20.5,0.9,2.9,322.0,126.0,,,,,,
2024-12-18T17:00,78,Moderate,25.7,27.2,1.7,5.9,299.0,117.0,,,,,,
2024-12-18T18:00,78,Moderate,23.2,24.6,2.2,7.3,286.0,117.0,,,,,,
2024-12-18T19:00,78,Moderate,21.0,22.2,2.8,9.2,278.0,117.0,,,,,,
2024-12-18T20:00,78,Moderate,19.1,20.2,3.6,10.9,271.0,115.0,,,,,,
2024-12-18T21:00,77,Moderate,17.3,18.3,4.5,12.3,259.0,111.0,,,,,,
2024-12-18T22:00,77,Moderate,16.0,16.9,5.4,13.5,247.0,106.0,,,,,,
2024-12-18T23:00,76,Moderate,15.7,16.4,6.3,14.3,251.0,101.0,,,,,,
2024-12-19T00:00,76,Moderate,16.2,16.8,7.1,14.4,284.0,95.0,,,,,,
2024-12-19T01:00,76,Moderate,17.2,17.7,7.7,14.1,333.0,90.0,,,,,,
2024-12-19T02:00,76,Moderate,18.9,19.4,8.0,13.8,370.0,85.0,,,,,,
2024-12-19T03:00,75,Moderate,20.5,21.0,7.8,13.7,384.0,81.0,,,,,,
2024-12-19T04:00,75,Moderate,21.8,22.3,7.2,13.7,385.0,79.0,,,,,,
2024-12-19T05:00,75,Moderate,21.1,21.6,7.7,9.2,378.0,76.0,,,,,,
2024-12-19T06:00,74,Moderate,21.7,22.2,6.9,9.4,361.0,80.0,,,,,,
2024-12-19T07:00,74,Moderate,22.1,22.5,5.8,9.6,335.0,86.0,,,,,,
2024-12-19T08:00,73,Moderate,22.0,22.5,4.7,9.7,314.0,94.0,,,,,,
2024-12-19T09:00,73,Moderate,22.2,22.6,3.5,9.5,302.0,106.0,,,,,,
2024-12-19T10:00,73,Moderate,22.3,22.7,2.2,9.2,294.0,120.0,,,,,,
2024-12-19T11:00,73,Moderate,22.1,22.6,1.2,8.7,290.0,130.0,,,,,,
2024-12-19T12:00,72,Moderate,21.7,22.2,0.8,7.8,291.0,131.0,,,,,,
2024-12-19T13:00,72,Moderate,21.0,21.5,0.7,6.7,295.0,128.0,,,,,,
2024-12-19T14:00,72,Moderate,20.2,20.7,0.7,5.8,298.0,127.0,,,,,,
2024-12-19T15:00,72,Moderate,20.0,20.6,0.8,5.4,297.0,130.0,,,,,,
2024-12-19T16:00,72,Moderate,20.7,21.4,1.0,5.3,296.0,135.0,,,,,,
2024-12-19T17:00,81,Moderate,23.3,24.6,0.7,3.6,299.0,106.0,,,,,,
2024-12-19T18:00,81,Moderate,22.5,23.9,1.0,3.6,312.0,108.0,,,,,,
2024-12-19T19:00,78,Moderate,23.2,24.5,1.4,3.7,330.0,111.0,,,,,,
2024-12-19T20:00,74,Moderate,23.1,24.2,1.8,4.1,337.0,115.0,,,,,,
2024-12-19T21:00,72,Moderate,23.8,24.9,2.0,5.0,318.0,120.0,,,,,,
2024-12-19T22:00,72,Moderate,24.0,25.1,2.1,6.3,289.0,125.0,,,,,,
2024-12-19T23:00,73,Moderate,23.6,24.8,2.2,7.4,282.0,128.0,,,,,,
2024-12-20T00:00,74,Moderate,22.8,24.0,2.3,8.1,317.0,127.0,,,,,,
2024-12-20T01:00,74,Moderate,22.2,23.5,2.5,8.7,374.0,124.0,,,,,,
2024-12-20T02:00,74,Moderate,22.5,23.7,2.7,9.6,425.0,121.0,,,,,,
2024-12-20T03:00,75,Moderate,23.3,24.6,3.0,11.2,463.0,118.0,,,,,,
2024-12-20T04:00,75,Moderate,24.6,25.7,3.4,13.2,495.0,115.0,,,,,,
2024-12-20T05:00,75,Moderate,22.1,23.3,6.3,10.2,509.0,83.0,,,,,,
2024-12-20T06:00,75,Moderate,24.1,25.1,6.8,10.5,495.0,81.0,,,,,,
2024-12-20T07:00,75,Moderate,26.4,27.3,7.5,10.9,463.0,80.0,,,,,,
2024-12-20T08:00,76,Moderate,28.6,29.5,7.5,11.5,433.0,87.0,,,,,,
2024-12-20T09:00,76,Moderate,30.9,31.8,6.2,12.8,411.0,110.0,,,,,,
2024-12-20T10:00,77,Moderate,33.2,34.2,4.3,14.3,392.0,141.0,,,,,,
2024-12-20T11:00,78,Moderate,34.5,35.5,2.7,14.9,372.0,164.0,,,,,,
2024-12-20T12:00,79,Moderate,34.6,35.7,1.9,13.9,348.0,175.0,,,,,,
2024-12-20T13:00,80,Moderate,33.8,34.9,1.6,12.1,324.0,178.0,,,,,,
2024-12-20T14:00,83,Moderate,31.3,32.6,1.5,10.5,314.0,174.0,,,,,,
2024-12-20T15:00,102,Unhealthy for Sensitive Groups,25.9,27.4,1.8,9.4,332.0,158.0,,,,,,
2024-12-20T16:00,119,Unhealthy for Sensitive Groups,20.0,22.5,2.4,8.4,365.0,134.0,,,,,,
2024-12-20T17:00,129,Unhealthy for Sensitive Groups,12.2,14.2,1.5,6.0,383.0,122.0,,,,,,
2024-12-20T18:00,132,Unhealthy for Sensitive Groups,7.9,9.5,2.6,6.5,368.0,114.0,,,,,,
2024-12-20T19:00,126,Unhealthy for Sensitive Groups,5.9,7.0,4.1,7.3,340.0,102.0,,,,,,
2024-12-20T20:00,113,Unhealthy for Sensitive Groups,5.3,6.3,5.2,7.7,327.0,93.0,,,,,,
2024-12-20T21:00,95,Moderate,5.5,6.5,5.6,7.5,349.0,89.0,,,,,,
2024-12-20T22:00,76,Moderate,6.0,7.0,5.7,7.1,387.0,86.0,,,,,,
2024-12-20T23:00,74,Moderate,6.6,7.6,5.8,6.9,412.0,85.0,,,,,,
2024-12-21T00:00,73,Moderate,7.3,8.4,5.9,7.2,410.0,84.0,,,,,,
2024-12-21T01:00,72,Moderate,8.0,8.9,6.0,7.7,395.0,84.0,,,,,,
2024-12-21T02:00,71,Moderate,8.6,9.1,6.3,8.3,388.0,83.0,,,,,,
2024-12-21T03:00,70,Moderate,10.2,10.7,7.0,8.9,399.0,80.0,,,,,,
2024-12-21T04:00,69,Moderate,12.3,12.7,7.8,9.6,417.0,76.0,,,,,,
2024-12-21T05:00,68,Moderate,11.9,12.5,8.4,7.2,432.0,72.0,,,,,,
2024-12-21T06:00,67,Moderate,13.8,14.4,8.4,7.7,442.0,75.0,,,,,,
2024-12-21T07:00,66,Moderate,16.5,17.1,8.4,8.5,450.0,80.0,,,,,,
2024-12-21T08:00,65,Moderate,18.8,19.4,7.8,9.3,452.0,91.0,,,,,,
2024-12-21T09:00,65,Moderate,20.7,21.2,6.2,10.2,446.0,114.0,,,,,,
2024-12-21T10:00,64,Moderate,22.9,23.3,4.1,11.2,435.0,143.0,,,,,,
2024-12-21T11:00,63,Moderate,24.2,24.6,2.5,11.4,423.0,165.0,,,,,,
2024-12-21T12:00,62,Moderate,24.6,24.9,1.8,10.4,414.0,173.0,,,,,,
2024-12-21T13:00,61,Moderate,24.2,24.4,1.6,8.7,405.0,175.0,,,,,,
2024-12-21T14:00,83,Moderate,23.3,23.6,1.5,7.2,393.0,174.0,,,,,,
2024-12-21T15:00,104,Unhealthy for Sensitive Groups,22.4,22.8,1.5,6.4,375.0,173.0,,,,,,
2024-12-21T16:00,123,Unhealthy for Sensitive Groups,21.6,22.1,1.6,5.9,356.0,171.0,,,,,,
2024-12-21T17:00,140,Unhealthy for Sensitive Groups,19.6,19.8,1.2,4.9,341.0,137.0,,,,,,
2024-12-21T18:00,145,Unhealthy for Sensitive Groups,21.2,21.5,1.4,5.3,336.0,137.0,,,,,,
2024-12-21T19:00,144,Unhealthy for Sensitive Groups,22.4,22.6,1.7,5.9,336.0,137.0,,,,,,
2024-12-21T20:00,138,Unhealthy for Sensitive Groups,21.1,21.2,2.0,5.9,338.0,135.0,,,,,,
2024-12-21T21:00,130,Unhealthy for Sensitive Groups,19.7,19.8,2.1,5.0,335.0,131.0,,,,,,
2024-12-21T22:00,121,Unhealthy for Sensitive Groups,18.7,18.9,2.2,3.5,334.0,124.0,,,,,,
2024-12-21T23:00,110,Unhealthy for Sensitive Groups,18.3,18.5,2.2,2.4,351.0,119.0,,,,,,
2024-12-22T00:00,99,Moderate,18.8,18.9,2.3,2.0,415.0,115.0,,,,,,
2024-12-22T01:00,87,Moderate,19.5,19.6,2.4,1.8,498.0,111.0,,,,,,
2024-12-22T02:00,81,Moderate,20.9,21.1,2.4,1.8,532.0,108.0,,,,,,
2024-12-22T03:00,75,Moderate,22.1,22.2,2.3,1.8,465.0,107.0,,,,,,
2024-12-22T04:00,71,Moderate,22.9,23.1,2.2,1.8,349.0,107.0,,,,,,
2024-12-22T05:00,72,Moderate,22.1,22.3,2.2,1.5,269.0,105.0,,,,,,
2024-12-22T06:00,72,Moderate,22.3,22.5,2.1,1.5,265.0,107.0,,,,,,
2024-12-22T07:00,73,Moderate,22.1,22.3,2.0,1.6,296.0,111.0,,,,,,
2024-12-22T08:00,73,Moderate,21.1,21.3,1.8,1.7,325.0,115.0,,,,,,
2024-12-22T09:00,74,Moderate,20.1,20.3,1.5,2.0,339.0,120.0,,,,,,
2024-12-22T10:00,74,Moderate,19.4,19.6,1.2,2.4,351.0,125.0,,,,,,
2024-12-22T11:00,73,Moderate,18.7,18.8,1.0,2.9,359.0,128.0,,,,,,
2024-12-22T12:00,73,Moderate,17.8,17.9,0.9,3.4,365.0,129.0,,,,,,
2024-12-22T13:00,72,Moderate,16.9,17.2,0.9,3.9,368.0,127.0,,,,,,
2024-12-22T14:00,72,Moderate,17.0,17.2,0.9,4.3,361.0,127.0,,,,,,
2024-12-22T15:00,75,Moderate,16.8,17.1,0.9,4.6,335.0,129.0,,,,,,
2024-12-22T16:00,79,Moderate,16.8,17.2,1.0,4.8,299.0,131.0,,,,,,
2024-12-22T17:00,83,Moderate,28.4,29.2,1.5,6.1,275.0,128.0,,,,,,
2024-12-22T18:00,84,Moderate,29.8,30.6,1.6,6.2,268.0,130.0,,,,,,
2024-12-22T19:00,85,Moderate,29.7,30.5,1.7,6.3,273.0,132.0,,,,,,
2024-12-22T20:00,86,Moderate,30.2,30.9,1.8,6.5,293.0,133.0,,,,,,
2024-12-22T21:00,87,Moderate,30.2,31.0,2.0,6.7,342.0,133.0,,,,,,
2024-12-22T22:00,88,Moderate,30.2,31.0,2.3,7.0,406.0,132.0,,,,,,
2024-12-22T23:00,89,Moderate,31.0,31.7,2.6,7.3,442.0,130.0,,,,,,
2024-12-23T00:00,90,Moderate,31.7,32.1,2.9,7.8,421.0,125.0,,,,,,
2024-12-23T01:00,88,Moderate,31.8,32.2,3.1,8.4,371.0,118.0,,,,,,
2024-12-23T02:00,86,Moderate,30.0,30.5,3.1,8.8,335.0,113.0,,,,,,
2024-12-23T03:00,83,Moderate,28.3,28.8,2.7,8.9,329.0,112.0,,,,,,
2024-12-23T04:00,79,Moderate,28.1,28.6,2.2,8.7,337.0,114.0,,,,,,
2024-12-23T05:00,79,Moderate,30.7,31.2,3.0,9.4,347.0,111.0,,,,,,
2024-12-23T06:00,80,Moderate,30.7,31.2,3.1,9.5,363.0,112.0,,,,,,
2024-12-23T07:00,81,Moderate,30.9,31.4,3.3,9.5,381.0,113.0,,,,,,
2024-12-23T08:00,81,Moderate,30.0,30.7,3.2,9.5,386.0,116.0,,,,,,
2024-12-23T09:00,82,Moderate,28.6,29.3,2.7,9.3,364.0,121.0,,,,,,
2024-12-23T10:00,83,Moderate,26.7,27.5,1.9,9.1,328.0,127.0,,,,,,
2024-12-23T11:00,83,Moderate,25.1,26.0,1.3,8.9,302.0,133.0,,,,,,
2024-12-23T12:00,84,Moderate,24.1,25.0,1.1,9.0,298.0,138.0,,,,,,
2024-12-23T13:00,84,Moderate,23.9,24.7,1.1,9.2,304.0,142.0,,,,,,
2024-12-23T14:00,85,Moderate,23.9,24.8,1.1,9.3,308.0,145.0,,,,,,
2024-12-23T15:00,87,Moderate,23.9,24.7,1.2,9.0,306.0,146.0,,,,,,
2024-12-23T16:00,94,Moderate,23.8,24.7,1.4,8.6,303.0,146.0,,,,,,
2024-12-23T17:00,100,Moderate,24.0,25.3,1.0,7.0,302.0,120.0,,,,,,
2024-12-23T18:00,100,Moderate,23.7,25.0,0.8,6.5,297.0,119.0,,,,,,
2024-12-23T19:00,98,Moderate,23.3,24.7,0.5,5.8,294.0,117.0,,,,,,
2024-12-23T20:00,95,Moderate,23.1,24.6,0.3,5.2,311.0,116.0,,,,,,
2024-12-23T21:00,90,Moderate,22.9,24.4,0.2,4.9,370.0,115.0,,,,,,
2024-12-23T22:00,84,Moderate,22.4,23.9,0.3,4.8,448.0,115.0,,,,,,
2024-12-23T23:00,84,Moderate,22.1,23.6,0.3,4.7,497.0,115.0,,,,,,
2024-12-24T00:00,83,Moderate,22.1,23.6,0.3,4.6,487.0,116.0,,,,,,
2024-12-24T01:00,82,Moderate,22.2,23.8,0.2,4.6,447.0,117.0,,,,,,
2024-12-24T02:00,81,Moderate,22.2,23.8,0.3,4.8,414.0,118.0,,,,,,
2024-12-24T03:00,81,Moderate,21.7,23.2,0.5,5.3,402.0,118.0,,,,,,
2024-12-24T04:00,80,Moderate,21.0,22.4,0.8,6.0,397.0,116.0,,,,,,
2024-12-24T05:00,80,Moderate,18.2,19.3,2.7,7.5,391.0,108.0,,,,,,
2024-12-24T06:00,79,Moderate,16.8,17.8,3.7,9.0,382.0,104.0,,,,,,
2024-12-24T07:00,78,Moderate,15.9,16.8,4.9,11.2,371.0,99.0,,,,,,
2024-12-24T08:00,76,Moderate,16.1,16.9,5.5,12.9,357.0,100.0,,,,,,
2024-12-24T09:00,75,Moderate,17.3,18.1,4.7,13.9,338.0,111.0,,,,,,
2024-12-24T10:00,74,Moderate,19.1,19.8,3.3,14.5,315.0,127.0,,,,,,
2024-12-24T11:00,74,Moderate,21.5,22.2,2.1,14.5,291.0,140.0,,,,,,
2024-12-24T12:00,74,Moderate,23.2,24.0,1.6,13.9,264.0,148.0,,,,,,
2024-12-24T13:00,73,Moderate,24.2,24.9,1.3,12.7,235.0,153.0,,,,,,
2024-12-24T14:00,75,Moderate,24.4,25.1,1.1,11.3,215.0,155.0,,,,,,
2024-12-24T15:00,86,Moderate,23.9,24.6,1.0,9.7,211.0,153.0,,,,,,
2024-12-24T16:00,98,Moderate,22.5,23.3,0.9,7.8,215.0,149.0,,,,,,
2024-12-24T17:00,108,Unhealthy for Sensitive Groups,16.9,18.5,0.5,3.5,215.0,116.0,,,,,,
2024-12-24T18:00,109,Unhealthy for Sensitive Groups,15.7,18.5,0.4,2.7,205.0,113.0,,,,,,
2024-12-24T19:00,106,Unhealthy for Sensitive Groups,14.3,17.1,0.3,1.5,192.0,108.0,,,,,,
2024-12-24T20:00,99,Moderate,13.3,16.4,0.3,0.7,181.0,105.0,,,,,,
2024-12-24T21:00,90,Moderate,14.0,18.0,0.3,0.5,170.0,105.0,,,,,,
2024-12-24T22:00,80,Moderate,13.6,17.7,0.3,0.6,162.0,106.0,,,,,,
2024-12-24T23:00,70,Moderate,13.4,17.5,0.6,1.0,173.0,107.0,,,,,,
2024-12-25T00:00,69,Moderate,13.6,17.5,1.1,1.7,223.0,107.0,,,,,,
2024-12-25T01:00,68,Moderate,13.9,17.6,1.7,2.8,292.0,106.0,,,,,,
2024-12-25T02:00,67,Moderate,14.4,18.1,2.7,4.0,334.0,103.0,,,,,,
2024-12-25T03:00,67,Moderate,15.0,18.2,4.2,5.7,316.0,95.0,,,,,,
2024-12-25T04:00,66,Moderate,16.0,18.7,6.0,7.6,271.0,86.0,,,,,,
2024-12-25T05:00,66,Moderate,15.5,18.3,5.4,8.5,247.0,89.0,,,,,,
2024-12-25T06:00,66,Moderate,17.1,19.8,6.3,9.0,274.0,85.0,,,,,,
2024-12-25T07:00,66,Moderate,18.1,20.3,7.6,9.7,322.0,81.0,,,,,,
2024-12-25T08:00,66,Moderate,18.4,19.7,8.0,10.9,352.0,84.0,,,,,,
2024-12-25T09:00,66,Moderate,18.9,20.2,6.9,13.1,344.0,101.0,,,,,,
2024-12-25T10:00,66,Moderate,20.0,21.4,4.9,15.9,318.0,126.0,,,,,,
2024-12-25T11:00,66,Moderate,22.6,24.0,3.3,17.4,299.0,146.0,,,,,,
2024-12-25T12:00,66,Moderate,24.7,26.1,2.4,16.9,298.0,158.0,,,,,,
2024-12-25T13:00,66,Moderate,25.9,27.3,1.9,15.2,303.0,165.0,,,,,,
2024-12-25T14:00,68,Moderate,26.3,27.6,1.5,13.5,301.0,169.0,,,,,,
2024-12-25T15:00,86,Moderate,26.0,27.4,1.4,12.1,283.0,170.0,,,,,,
2024-12-25T16:00,105,Unhealthy for Sensitive Groups,25.4,26.8,1.4,10.7,257.0,167.0,,,,,,
2024-12-25T17:00,122,Unhealthy for Sensitive Groups,19.7,21.4,1.1,3.7,235.0,117.0,,,,,,
2024-12-25T18:00,126,Unhealthy for Sensitive Groups,18.8,20.5,0.9,3.3,223.0,115.0,,,,,,
2024-12-25T19:00,123,Unhealthy for Sensitive Groups,17.9,19.7,0.6,2.8,216.0,111.0,,,,,,
2024-12-25T20:00,116,Unhealthy for Sensitive Groups,17.3,19.3,0.4,2.6,209.0,110.0,,,,,,
2024-12-25T21:00,106,Unhealthy for Sensitive Groups,17.2,19.3,0.3,2.9,195.0,112.0,,,,,,
2024-12-25T22:00,94,Moderate,17.6,19.8,0.3,3.5,181.0,116.0,,,,,,
2024-12-25T23:00,83,Moderate,17.9,20.3,0.3,3.9,183.0,119.0,,,,,,
2024-12-26T00:00,72,Moderate,18.3,21.0,0.3,4.1,215.0,122.0,,,,,,
2024-12-26T01:00,69,Moderate,18.5,21.5,0.3,4.1,264.0,124.0,,,,,,
2024-12-26T02:00,70,Moderate,18.5,21.5,0.3,4.1,301.0,125.0,,,,,,
2024-12-26T03:00,70,Moderate,18.6,21.5,0.3,4.0,316.0,125.0,,,,,,
2024-12-26T04:00,70,Moderate,18.6,21.0,0.3,3.8,319.0,124.0,,,,,,
2024-12-26T05:00,72,Moderate,17.9,20.5,1.6,5.5,320.0,119.0,,,,,,
2024-12-26T06:00,74,Moderate,17.6,19.7,1.8,5.5,322.0,118.0,,,,,,
2024-12-26T07:00,74,Moderate,17.9,19.8,2.1,5.5,321.0,118.0,,,,,,
2024-12-26T08:00,74,Moderate,19.1,20.9,2.2,5.3,311.0,118.0,,,,,,
2024-12-26T09:00,73,Moderate,20.3,22.1,1.8,4.8,284.0,121.0,,,,,,
2024-12-26T10:00,72,Moderate,21.0,22.8,1.1,4.0,248.0,125.0,,,,,,
2024-12-26T11:00,72,Moderate,21.2,23.0,0.6,3.3,222.0,127.0,,,,,,
2024-12-26T12:00,73,Moderate,20.9,22.8,0.4,2.7,216.0,124.0,,,,,,
2024-12-26T13:00,73,Moderate,21.6,23.6,0.3,2.1,219.0,119.0,,,,,,
2024-12-26T14:00,73,Moderate,20.5,22.5,0.3,1.6,222.0,114.0,,,,,,
2024-12-26T15:00,72,Moderate,20.3,22.4,0.3,1.3,220.0,110.0,,,,,,
2024-12-26T16:00,70,Moderate,20.3,22.5,0.4,1.2,216.0,107.0,,,,,,
2024-12-26T17:00,69,Moderate,20.8,22.6,0.6,1.5,212.0,110.0,,,,,,
2024-12-26T18:00,69,Moderate,21.3,23.1,0.7,2.0,206.0,110.0,,,,,,
2024-12-26T19:00,69,Moderate,22.3,23.9,1.0,2.6,200.0,111.0,,,,,,
2024-12-26T20:00,70,Moderate,23.2,24.6,1.2,3.4,196.0,111.0,,,,,,
2024-12-26T21:00,70,Moderate,24.3,25.4,1.5,4.3,194.0,111.0,,,,,,
2024-12-26T22:00,71,Moderate,23.5,24.3,1.8,5.3,194.0,111.0,,,,,,
2024-12-26T23:00,71,Moderate,21.1,21.8,2.0,6.0,197.0,110.0,,,,,,
2024-12-27T00:00,71,Moderate,18.1,18.6,1.9,6.3,204.0,109.0,,,,,,
2024-12-27T01:00,71,Moderate,15.2,15.5,1.7,6.3,213.0,108.0,,,,,,
2024-12-27T02:00,71,Moderate,13.3,13.6,1.5,6.2,224.0,106.0,,,,,,
2024-12-27T03:00,71,Moderate,12.7,13.1,1.5,5.9,236.0,101.0,,,,,,
2024-12-27T04:00,70,Moderate,11.8,12.1,1.6,5.4,250.0,96.0,,,,,,
2024-12-27T05:00,70,Moderate,14.7,15.1,2.0,5.8,264.0,93.0,,,,,,
2024-12-27T06:00,69,Moderate,13.1,13.4,2.2,5.6,282.0,90.0,,,,,,
2024-12-27T07:00,69,Moderate,12.0,12.3,2.6,5.2,300.0,86.0,,,,,,
2024-12-27T08:00,69,Moderate,12.0,12.3,2.6,4.6,309.0,85.0,,,,,,
2024-12-27T09:00,68,Moderate,12.4,12.8,2.1,3.5,303.0,89.0,,,,,,
2024-12-27T10:00,67,Moderate,11.9,12.5,1.3,2.2,287.0,94.0,,,,,,
2024-12-27T11:00,67,Moderate,10.9,11.7,0.7,1.2,274.0,98.0,,,,,,
2024-12-27T12:00,66,Moderate,10.0,10.8,0.5,0.8,268.0,97.0,,,,,,
2024-12-27T13:00,65,Moderate,8.7,9.6,0.4,0.7,265.0,94.0,,,,,,
2024-12-27T14:00,64,Moderate,7.3,8.2,0.5,0.6,259.0,91.0,,,,,,
2024-12-27T15:00,63,Moderate,5.6,6.5,0.6,0.4,245.0,91.0,,,,,,
2024-12-27T16:00,62,Moderate,4.1,5.0,0.9,0.3,228.0,91.0,,,,,,
2024-12-27T17:00,61,Moderate,6.6,8.8,1.1,0.2,218.0,92.0,,,,,,
2024-12-27T18:00,59,Moderate,6.9,9.3,1.3,0.3,220.0,90.0,,,,,,
2024-12-27T19:00,58,Moderate,7.2,9.7,1.5,0.4,229.0,87.0,,,,,,
2024-12-27T20:00,57,Moderate,7.5,10.0,1.7,0.5,234.0,85.0,,,,,,
2024-12-27T21:00,56,Moderate,7.7,10.4,1.7,0.5,228.0,84.0,,,,,,
2024-12-27T22:00,55,Moderate,7.4,9.9,1.7,0.5,217.0,83.0,,,,,,
2024-12-27T23:00,53,Moderate,7.0,9.3,1.7,0.6,217.0,82.0,,,,,,
2024-12-28T00:00,52,Moderate,8.3,11.0,1.9,1.0,238.0,80.0,,,,,,
2024-12-28T01:00,51,Moderate,9.9,13.0,2.2,1.6,268.0,78.0,,,,,,
2024-12-28T02:00,51,Moderate,11.7,15.3,2.5,2.3,287.0,76.0,,,,,,
2024-12-28T03:00,51,Moderate,12.6,16.4,2.6,3.0,280.0,76.0,,,,,,
2024-12-28T04:00,51,Moderate,13.2,16.9,2.8,3.9,261.0,76.0,,,,,,
2024-12-28T05:00,51,Moderate,13.6,17.5,3.3,3.9,249.0,71.0,,,,,,
2024-12-28T06:00,51,Moderate,14.3,18.3,3.6,4.5,254.0,72.0,,,,,,
2024-12-28T07:00,51,Moderate,14.4,18.3,4.0,5.3,266.0,74.0,,,,,,
2024-12-28T08:00,51,Moderate,14.4,18.5,4.0,5.6,271.0,78.0,,,,,,
2024-12-28T09:00,51,Moderate,14.6,18.7,3.1,4.8,262.0,86.0,,,,,,
2024-12-28T10:00,52,Moderate,14.1,18.4,1.9,3.4,245.0,96.0,,,,,,
2024-12-28T11:00,52,Moderate,13.6,17.7,0.9,2.2,230.0,103.0,,,,,,
2024-12-28T12:00,52,Moderate,12.7,16.7,0.5,1.6,219.0,105.0,,,,,,
2024-12-28T13:00,52,Moderate,12.0,15.7,0.5,1.3,208.0,104.0,,,,,,
2024-12-28T14:00,52,Moderate,11.1,14.7,0.5,1.1,199.0,103.0,,,,,,
2024-12-28T15:00,53,Moderate,10.5,13.9,0.6,0.9,191.0,102.0,,,,,,
2024-12-28T16:00,53,Moderate,10.0,13.3,0.8,0.7,184.0,101.0,,,,,,
2024-12-28T17:00,54,Moderate,12.0,15.9,1.0,0.6,179.0,98.0,,,,,,
2024-12-28T18:00,54,Moderate,11.7,15.7,1.1,0.5,175.0,95.0,,,,,,
2024-12-28T19:00,54,Moderate,11.8,15.8,1.2,0.4,172.0,90.0,,,,,,
2024-12-28T20:00,55,Moderate,11.9,15.9,1.3,0.4,172.0,87.0,,,,,,
2024-12-28T21:00,55,Moderate,12.0,15.8,1.3,0.4,175.0,86.0,,,,,,
2024-12-28T22:00,55,Moderate,12.1,15.8,1.3,0.5,181.0,86.0,,,,,,
2024-12-28T23:00,56,Moderate,12.5,16.2,1.4,0.8,190.0,85.0,,,,,,
2024-12-29T00:00,56,Moderate,13.3,17.2,1.7,1.3,205.0,83.0,,,,,,
2024-12-29T01:00,57,Moderate,14.1,18.3,2.1,2.1,225.0,80.0,,,,,,
2024-12-29T02:00,57,Moderate,15.1,19.7,2.6,3.3,240.0,77.0,,,,,,
2024-12-29T03:00,57,Moderate,16.4,21.2,3.2,5.3,248.0,74.0,,,,,,
2024-12-29T04:00,58,Moderate,17.8,23.1,3.8,7.8,253.0,70.0,,,,,,
2024-12-29T05:00,58,Moderate,17.2,22.1,4.3,8.4,258.0,68.0,,,,,,
2024-12-29T06:00,58,Moderate,18.5,23.6,5.0,10.6,265.0,68.0,,,,,,
2024-12-29T07:00,58,Moderate,19.9,25.3,6.0,13.6,272.0,68.0,,,,,,
2024-12-29T08:00,59,Moderate,21.0,26.3,6.2,15.1,276.0,72.0,,,,,,
2024-12-29T09:00,59,Moderate,21.2,26.0,5.1,13.7,273.0,84.0,,,,,,
2024-12-29T10:00,60,Moderate,20.7,24.2,3.3,10.9,267.0,100.0,,,,,,
2024-12-29T11:00,60,Moderate,20.7,23.3,1.9,8.3,261.0,113.0,,,,,,
2024-12-29T12:00,61,Moderate,20.5,23.1,1.3,6.6,257.0,120.0,,,,,,
2024-12-29T13:00,62,Moderate,20.3,22.6,1.1,5.1,253.0,123.0,,,,,,
2024-12-29T14:00,62,Moderate,19.7,21.8,1.0,4.1,249.0,125.0,,,,,,
2024-12-29T15:00,63,Moderate,18.9,20.8,1.1,3.6,244.0,126.0,,,,,,
2024-12-29T16:00,64,Moderate,18.2,19.8,1.3,3.6,240.0,126.0,,,,,,
2024-12-29T17:00,64,Moderate,25.3,28.0,1.8,3.9,239.0,120.0,,,,,,
2024-12-29T18:00,69,Moderate,25.1,27.4,2.2,4.4,244.0,119.0,,,,,,
2024-12-29T19:00,73,Moderate,25.2,27.1,2.7,5.2,253.0,117.0,,,,,,
2024-12-29T20:00,74,Moderate,25.4,27.1,3.3,6.5,260.0,114.0,,,,,,
2024-12-29T21:00,73,Moderate,25.7,27.4,3.8,8.6,262.0,108.0,,,,,,
2024-12-29T22:00,70,Moderate,26.0,27.7,4.4,11.2,261.0,101.0,,,,,,
2024-12-29T23:00,71,Moderate,26.1,27.9,4.8,13.0,263.0,94.0,,,,,,
2024-12-30T00:00,72,Moderate,25.6,27.2,5.1,13.6,268.0,87.0,,,,,,
2024-12-30T01:00,73,Moderate,24.2,25.6,5.3,13.4,276.0,81.0,,,,,,
2024-12-30T02:00,73,Moderate,21.9,23.1,5.2,12.7,282.0,77.0,,,,,,
2024-12-30T03:00,74,Moderate,18.3,19.2,4.6,11.1,285.0,76.0,,,,,,
2024-12-30T04:00,74,Moderate,14.5,15.1,3.8,9.0,288.0,78.0,,,,,,
2024-12-30T05:00,74,Moderate,11.7,12.1,3.7,8.7,294.0,77.0,,,,,,
2024-12-30T06:00,73,Moderate,10.4,10.7,4.0,8.5,309.0,76.0,,,,,,
2024-12-30T07:00,73,Moderate,10.8,11.0,4.4,8.3,328.0,76.0,,,,,,
2024-12-30T08:00,72,Moderate,11.2,11.5,4.4,7.8,338.0,78.0,,,,,,
2024-12-30T09:00,71,Moderate,11.3,11.6,3.8,7.1,330.0,85.0,,,,,,
2024-12-30T10:00,71,Moderate,10.9,11.2,2.8,6.1,313.0,95.0,,,,,,
2024-12-30T11:00,70,Moderate,10.0,10.3,2.0,5.1,297.0,103.0,,,,,,
2024-12-30T12:00,69,Moderate,7.8,8.1,1.5,4.0,286.0,107.0,,,,,,
2024-12-30T13:00,68,Moderate,6.3,6.6,1.2,2.8,277.0,109.0,,,,,,
2024-12-30T14:00,67,Moderate,5.2,5.4,1.0,1.9,269.0,109.0,,,,,,
2024-12-30T15:00,66,Moderate,4.4,5.1,1.1,1.3,261.0,106.0,,,,,,
2024-12-30T16:00,65,Moderate,3.8,4.4,1.5,0.9,253.0,100.0,,,,,,
2024-12-30T17:00,63,Moderate,8.5,10.0,1.3,0.6,247.0,95.0,,,,,,
2024-12-30T18:00,62,Moderate,7.7,9.1,1.5,0.6,242.0,92.0,,,,,,
2024-12-30T19:00,61,Moderate,8.3,10.1,1.8,0.6,238.0,88.0,,,,,,
2024-12-30T20:00,59,Moderate,9.9,12.0,2.1,0.7,237.0,85.0,,,,,,
2024-12-30T21:00,58,Moderate,10.8,13.0,2.4,1.1,238.0,82.0,,,,,,
2024-12-30T22:00,57,Moderate,11.7,13.8,2.6,1.7,242.0,80.0,,,,,,
2024-12-30T23:00,56,Moderate,11.9,13.9,2.8,2.3,246.0,78.0,,,,,,
2024-12-31T00:00,55,Moderate,12.2,13.9,2.9,3.1,250.0,78.0,,,,,,
2024-12-31T01:00,54,Moderate,13.3,15.0,3.0,3.9,255.0,78.0,,,,,,
2024-12-31T02:00,53,Moderate,14.3,16.2,3.0,4.6,259.0,78.0,,,,,,
2024-12-31T03:00,52,Moderate,12.6,14.1,2.9,5.1,263.0,78.0,,,,,,
2024-12-31T04:00,52,Moderate,12.1,13.5,2.8,5.5,268.0,77.0,,,,,,
2024-12-31T05:00,52,Moderate,9.3,10.3,1.9,3.2,272.0,81.0,,,,,,
2024-12-31T06:00,51,Moderate,7.8,8.6,2.4,3.6,278.0,80.0,,,,,,
2024-12-31T07:00,51,Moderate,7.9,8.6,3.1,4.2,285.0,79.0,,,,,,
2024-12-31T08:00,51,Moderate,8.9,9.7,3.4,4.4,287.0,79.0,,,,,,
2024-12-31T09:00,51,Moderate,9.9,10.8,3.1,4.0,282.0,83.0,,,,,,
2024-12-31T10:00,51,Moderate,9.0,9.8,2.4,3.2,273.0,88.0,,,,,,
2024-12-31T11:00,51,Moderate,8.6,9.7,1.8,2.5,266.0,93.0,,,,,,
2024-12-31T12:00,50,Good,7.6,8.8,1.4,2.0,265.0,96.0,,,,,,
2024-12-31T13:00,50,Good,7.3,8.7,1.0,1.6,266.0,99.0,,,,,,
2024-12-31T14:00,51,Moderate,6.8,8.2,0.8,1.2,265.0,100.0,,,,,,
2024-12-31T15:00,51,Moderate,6.1,7.1,0.9,0.9,258.0,98.0,,,,,,
2024-12-31T16:00,51,Moderate,5.3,6.2,1.2,0.7,251.0,94.0,,,,,,
2024-12-31T17:00,51,Moderate,8.9,11.5,1.1,0.3,251.0,90.0,,,,,,
2024-12-31T18:00,51,Moderate,9.1,11.5,1.2,0.5,266.0,90.0,,,,,,
2024-12-31T19:00,51,Moderate,10.0,12.4,1.5,0.7,290.0,89.0,,,,,,
2024-12-31T20:00,51,Moderate,12.2,14.8,1.8,1.3,313.0,88.0,,,,,,
2024-12-31T21:00,51,Moderate,15.9,18.9,2.3,2.4,333.0,87.0,,,,,,
2024-12-31T22:00,52,Moderate,17.2,19.7,3.0,3.7,351.0,86.0,,,,,,
2024-12-31T23:00,52,Moderate,21.7,24.4,3.4,4.9,364.0,85.0,,,,,,
