recorded_at,aqi,aqi_category,pm25,pm10,no2,so2,co,o3,nh3,temperature,humidity,wind_speed,wind_direction,pressure
2026-01-01T00:00,121,Unhealthy for Sensitive Groups,31.0,32.7,0.6,1.8,287.0,125.0,,,,,,
2026-01-01T01:00,119,Unhealthy for Sensitive Groups,25.0,26.3,0.4,1.4,272.0,123.0,,,,,,
2026-01-01T02:00,117,Unhealthy for Sensitive Groups,19.6,20.6,0.4,1.1,267.0,118.0,,,,,,
2026-01-01T03:00,114,Unhealthy for Sensitive Groups,13.6,14.3,0.5,1.0,279.0,110.0,,,,,,
2026-01-01T04:00,111,Unhealthy for Sensitive Groups,8.4,8.9,0.8,1.0,302.0,99.0,,,,,,
2026-01-01T05:00,107,Unhealthy for Sensitive Groups,11.4,11.7,1.0,1.4,324.0,105.0,,,,,,
2026-01-01T06:00,104,Unhealthy for Sensitive Groups,8.3,8.4,1.5,1.8,345.0,99.0,,,,,,
2026-01-01T07:00,100,Moderate,7.0,7.1,2.2,2.4,366.0,91.0,,,,,,
2026-01-01T08:00,97,Moderate,7.0,7.1,2.6,3.4,376.0,86.0,,,,,,
2026-01-01T09:00,94,Moderate,8.2,8.3,2.5,5.1,368.0,88.0,,,,,,
2026-01-01T10:00,91,Moderate,10.1,10.3,2.2,7.2,350.0,93.0,,,,,,
2026-01-01T11:00,89,Moderate,11.2,11.5,1.8,8.4,334.0,98.0,,,,,,
2026-01-01T12:00,87,Moderate,11.5,11.9,1.5,8.1,326.0,104.0,,,,,,
2026-01-01T13:00,84,Moderate,11.3,11.8,1.1,6.9,320.0,110.0,,,,,,
2026-01-01T14:00,82,Moderate,10.8,11.4,0.9,5.5,312.0,114.0,,,,,,
2026-01-01T15:00,80,Moderate,9.8,10.5,0.9,4.1,295.0,114.0,,,,,,
2026-01-01T16:00,78,Moderate,8.7,9.7,1.1,2.5,275.0,111.0,,,,,,
2026-01-01T17:00,76,Moderate,15.1,16.6,1.4,1.6,267.0,102.0,,,,,,
2026-01-01T18:00,72,Moderate,11.7,13.9,1.3,1.2,282.0,95.0,,,,,,
2026-01-01T19:00,69,Moderate,8.7,11.3,1.3,0.6,308.0,85.0,,,,,,
2026-01-01T20:00,66,Moderate,6.0,8.0,1.3,0.2,326.0,77.0,,,,,,
2026-01-01T21:00,63,Moderate,4.6,6.2,1.5,0.1,326.0,73.0,,,,,,
2026-01-01T22:00,60,Moderate,4.0,5.4,1.8,0.3,317.0,71.0,,,,,,
2026-01-01T23:00,57,Moderate,3.8,4.9,2.0,0.4,308.0,70.0,,,,,,
2026-01-02T00:00,54,Moderate,3.4,4.5,2.0,0.4,298.0,69.0,,,,,,
2026-01-02T01:00,52,Moderate,3.4,4.5,1.9,0.4,288.0,69.0,,,,,,
2026-01-02T02:00,50,Good,3.3,4.3,1.9,0.6,283.0,69.0,,,,,,
2026-01-02T03:00,47,Good,3.3,4.4,1.9,0.8,287.0,68.0,,,,,,
2026-01-02T04:00,44,Good,3.5,4.6,2.0,1.2,298.0,68.0,,,,,,
2026-01-02T05:00,43,Good,10.3,11.0,4.5,4.1,313.0,63.0,,,,,,
2026-01-02T06:00,43,Good,10.5,11.3,4.5,4.3,341.0,63.0,,,,,,
2026-01-02T07:00,43,Good,10.9,11.6,4.4,4.7,374.0,64.0,,,,,,
2026-01-02T08:00,44,Good,11.6,12.4,4.2,5.7,388.0,68.0,,,,,,
2026-01-02T09:00,45,Good,14.1,15.1,3.6,8.0,364.0,78.0,,,,,,
2026-01-02T10:00,47,Good,19.0,20.3,2.9,10.8,320.0,92.0,,,,,,
2026-01-02T11:00,49,Good,24.4,26.0,2.2,12.5,289.0,104.0,,,,,,
2026-01-02T12:00,51,Moderate,28.2,30.0,1.7,12.1,286.0,113.0,,,,,,
2026-01-02T13:00,52,Moderate,29.6,31.3,1.4,10.4,296.0,122.0,,,,,,
2026-01-02T14:00,53,Moderate,29.3,31.1,1.2,8.6,305.0,127.0,,,,,,
2026-01-02T15:00,55,Moderate,29.7,31.4,1.2,6.7,308.0,129.0,,,,,,
2026-01-02T16:00,56,Moderate,26.8,28.3,1.3,4.6,309.0,128.0,,,,,,
2026-01-02T17:00,58,Moderate,29.5,31.2,1.7,4.1,309.0,123.0,,,,,,
2026-01-02T18:00,66,Moderate,27.7,29.4,1.8,3.4,306.0,123.0,,,,,,
2026-01-02T19:00,73,Moderate,26.1,27.8,1.9,2.5,302.0,122.0,,,,,,
2026-01-02T20:00,76,Moderate,25.0,26.7,2.1,1.8,301.0,120.0,,,,,,
2026-01-02T21:00,78,Moderate,24.6,26.3,2.3,1.5,307.0,116.0,,,,,,
2026-01-02T22:00,77,Moderate,24.9,26.8,2.6,1.5,317.0,112.0,,,,,,
2026-01-02T23:00,74,Moderate,26.0,28.0,2.8,1.9,326.0,106.0,,,,,,
2026-01-03T00:00,69,Moderate,27.1,29.5,3.0,2.7,334.0,99.0,,,,,,
2026-01-03T01:00,70,Moderate,28.0,30.5,3.1,3.9,341.0,91.0,,,,,,
2026-01-03T02:00,72,Moderate,29.0,31.7,3.2,5.1,350.0,85.0,,,,,,
2026-01-03T03:00,74,Moderate,29.7,32.2,3.3,6.2,363.0,81.0,,,,,,
2026-01-03T04:00,76,Moderate,30.5,33.1,3.5,7.3,377.0,79.0,,,,,,
2026-01-03T05:00,78,Moderate,31.8,34.5,3.9,9.6,387.0,75.0,,,,,,
2026-01-03T06:00,80,Moderate,32.9,35.6,4.1,9.4,390.0,77.0,,,,,,
2026-01-03T07:00,81,Moderate,33.2,35.5,4.2,9.1,390.0,80.0,,,,,,
2026-01-03T08:00,83,Moderate,35.0,37.4,4.1,8.5,392.0,87.0,,,,,,
2026-01-03T09:00,85,Moderate,37.6,39.8,3.3,7.3,401.0,101.0,,,,,,
2026-01-03T10:00,87,Moderate,38.4,40.6,2.3,5.8,413.0,118.0,,,,,,
2026-01-03T11:00,88,Moderate,37.3,39.5,1.4,4.5,417.0,131.0,,,,,,
2026-01-03T12:00,89,Moderate,35.6,38.0,1.0,3.6,409.0,137.0,,,,,,
2026-01-03T13:00,90,Moderate,33.1,35.5,0.8,2.8,394.0,138.0,,,,,,
2026-01-03T14:00,90,Moderate,31.0,33.5,0.7,2.2,376.0,137.0,,,,,,
2026-01-03T15:00,90,Moderate,28.6,31.4,0.8,1.7,353.0,133.0,,,,,,
2026-01-03T16:00,90,Moderate,26.4,29.3,0.9,1.3,327.0,126.0,,,,,,
2026-01-03T17:00,90,Moderate,28.5,31.0,1.3,1.6,307.0,125.0,,,,,,
2026-01-03T18:00,90,Moderate,28.5,31.1,1.4,1.5,298.0,123.0,,,,,,
2026-01-03T19:00,90,Moderate,28.1,31.0,1.4,1.3,295.0,119.0,,,,,,
2026-01-03T20:00,90,Moderate,27.9,31.1,1.5,1.2,294.0,116.0,,,,,,
2026-01-03T21:00,91,Moderate,28.0,31.3,1.5,1.2,292.0,113.0,,,,,,
2026-01-03T22:00,91,Moderate,28.3,31.8,1.5,1.4,292.0,110.0,,,,,,
2026-01-03T23:00,91,Moderate,28.8,32.5,1.6,1.7,296.0,108.0,,,,,,
2026-01-04T00:00,91,Moderate,28.9,32.6,1.7,2.2,309.0,107.0,,,,,,
2026-01-04T01:00,92,Moderate,29.0,32.5,1.8,2.9,327.0,106.0,,,,,,
2026-01-04T02:00,92,Moderate,29.2,32.6,2.0,3.8,340.0,105.0,,,,,,
2026-01-04T03:00,92,Moderate,29.2,32.5,2.2,5.2,345.0,103.0,,,,,,
2026-01-04T04:00,92,Moderate,29.0,32.2,2.4,6.8,346.0,100.0,,,,,,
2026-01-04T05:00,92,Moderate,29.8,32.7,3.0,8.1,345.0,92.0,,,,,,
2026-01-04T06:00,91,Moderate,29.3,32.4,3.6,9.5,345.0,91.0,,,,,,
2026-01-04T07:00,91,Moderate,28.6,31.5,4.4,11.3,345.0,90.0,,,,,,
2026-01-04T08:00,91,Moderate,27.9,30.7,4.7,12.2,340.0,94.0,,,,,,
2026-01-04T09:00,90,Moderate,27.5,30.2,4.0,11.5,328.0,106.0,,,,,,
2026-01-04T10:00,89,Moderate,26.5,29.0,2.8,9.9,313.0,122.0,,,,,,
2026-01-04T11:00,88,Moderate,25.9,28.3,1.8,8.4,301.0,135.0,,,,,,
2026-01-04T12:00,88,Moderate,25.7,28.0,1.3,7.2,297.0,142.0,,,,,,
2026-01-04T13:00,87,Moderate,25.7,28.0,1.0,5.9,297.0,147.0,,,,,,
2026-01-04T14:00,86,Moderate,25.6,27.9,0.9,4.8,295.0,148.0,,,,,,
2026-01-04T15:00,86,Moderate,25.0,27.5,0.9,3.7,290.0,145.0,,,,,,
2026-01-04T16:00,88,Moderate,23.9,26.3,1.0,2.7,284.0,138.0,,,,,,
2026-01-04T17:00,97,Moderate,24.2,26.1,1.3,4.1,277.0,140.0,,,,,,
2026-01-04T18:00,104,Unhealthy for Sensitive Groups,23.5,25.6,1.3,3.4,268.0,135.0,,,,,,
2026-01-04T19:00,107,Unhealthy for Sensitive Groups,23.3,25.6,1.4,2.5,259.0,129.0,,,,,,
2026-01-04T20:00,106,Unhealthy for Sensitive Groups,23.9,26.3,1.6,2.0,255.0,122.0,,,,,,
2026-01-04T21:00,101,Unhealthy for Sensitive Groups,24.9,27.4,1.9,2.2,262.0,116.0,,,,,,
2026-01-04T22:00,95,Moderate,26.0,28.6,2.3,2.8,276.0,110.0,,,,,,
2026-01-04T23:00,87,Moderate,27.0,29.6,2.7,3.8,285.0,105.0,,,,,,
2026-01-05T00:00,83,Moderate,27.5,30.3,3.1,5.4,286.0,100.0,,,,,,
2026-01-05T01:00,83,Moderate,27.8,30.6,3.4,7.4,283.0,94.0,,,,,,
2026-01-05T02:00,83,Moderate,27.9,30.9,3.7,9.3,282.0,90.0,,,,,,
2026-01-05T03:00,83,Moderate,28.1,31.1,3.9,11.0,284.0,87.0,,,,,,
2026-01-05T04:00,83,Moderate,28.4,31.5,4.0,12.5,288.0,84.0,,,,,,
2026-01-05T05:00,83,Moderate,29.5,32.4,4.2,15.6,294.0,79.0,,,,,,
2026-01-05T06:00,83,Moderate,30.0,32.9,4.7,15.4,304.0,79.0,,,,,,
2026-01-05T07:00,83,Moderate,30.6,33.6,5.4,14.9,315.0,80.0,,,,,,
2026-01-05T08:00,83,Moderate,31.2,34.3,5.5,14.1,321.0,84.0,,,,,,
2026-01-05T09:00,83,Moderate,32.0,35.0,4.6,12.6,316.0,96.0,,,,,,
2026-01-05T10:00,84,Moderate,32.4,35.3,3.2,10.6,306.0,111.0,,,,,,
2026-01-05T11:00,84,Moderate,31.2,33.9,2.0,8.7,296.0,123.0,,,,,,
2026-01-05T12:00,85,Moderate,29.0,31.4,1.4,7.1,288.0,129.0,,,,,,
2026-01-05T13:00,85,Moderate,26.8,29.1,1.1,5.5,281.0,132.0,,,,,,
2026-01-05T14:00,85,Moderate,25.2,27.4,1.0,4.3,277.0,133.0,,,,,,
2026-01-05T15:00,85,Moderate,24.6,26.7,1.1,3.4,279.0,131.0,,,,,,
2026-01-05T16:00,85,Moderate,23.5,25.8,1.3,2.8,284.0,128.0,,,,,,
2026-01-05T17:00,85,Moderate,29.7,32.1,2.6,4.8,287.0,119.0,,,,,,
2026-01-05T18:00,85,Moderate,29.0,31.4,2.8,4.8,286.0,115.0,,,,,,
2026-01-05T19:00,86,Moderate,28.6,31.3,3.0,4.8,283.0,109.0,,,,,,
2026-01-05T20:00,86,Moderate,28.2,31.1,3.1,4.7,281.0,104.0,,,,,,
2026-01-05T21:00,86,Moderate,28.6,31.8,3.1,4.6,280.0,99.0,,,,,,
2026-01-05T22:00,87,Moderate,29.2,32.7,3.1,4.4,279.0,94.0,,,,,,
2026-01-05T23:00,87,Moderate,27.9,31.3,3.0,4.4,280.0,91.0,,,,,,
2026-01-06T00:00,87,Moderate,28.9,32.4,2.9,4.6,285.0,91.0,,,,,,
2026-01-06T01:00,87,Moderate,30.4,33.9,2.7,5.0,293.0,92.0,,,,,,
2026-01-06T02:00,87,Moderate,32.6,36.1,2.5,5.4,300.0,94.0,,,,,,
2026-01-06T03:00,88,Moderate,35.4,38.9,2.2,5.7,306.0,96.0,,,,,,
2026-01-06T04:00,88,Moderate,37.8,41.2,2.0,6.0,311.0,99.0,,,,,,
2026-01-06T05:00,89,Moderate,39.1,42.5,2.3,7.5,320.0,97.0,,,,,,
2026-01-06T06:00,90,Moderate,40.3,43.5,2.4,7.1,336.0,100.0,,,,,,
2026-01-06T07:00,91,Moderate,41.3,44.6,2.6,6.6,354.0,104.0,,,,,,
2026-01-06T08:00,91,Moderate,41.6,44.9,2.6,6.1,367.0,109.0,,,,,,
2026-01-06T09:00,92,Moderate,41.8,45.2,2.4,5.6,370.0,115.0,,,,,,
2026-01-06T10:00,93,Moderate,42.6,46.2,2.0,5.0,368.0,121.0,,,,,,
2026-01-06T11:00,94,Moderate,42.5,46.1,1.7,4.5,364.0,125.0,,,,,,
2026-01-06T12:00,95,Moderate,40.7,44.1,1.5,4.0,358.0,127.0,,,,,,
2026-01-06T13:00,96,Moderate,39.5,42.7,1.4,3.6,350.0,127.0,,,,,,
2026-01-06T14:00,97,Moderate,39.0,42.1,1.4,3.2,344.0,127.0,,,,,,
2026-01-06T15:00,98,Moderate,39.7,43.0,1.5,2.9,341.0,126.0,,,,,,
2026-01-06T16:00,99,Moderate,40.6,44.0,1.7,2.6,339.0,124.0,,,,,,
2026-01-06T17:00,100,Moderate,40.9,43.9,2.6,3.1,337.0,119.0,,,,,,
2026-01-06T18:00,101,Unhealthy for Sensitive Groups,40.0,43.1,2.5,2.8,334.0,118.0,,,,,,
2026-01-06T19:00,103,Unhealthy for Sensitive Groups,40.7,43.9,2.3,2.5,332.0,117.0,,,,,,
2026-01-06T20:00,104,Unhealthy for Sensitive Groups,41.2,44.5,2.2,2.3,330.0,115.0,,,,,,
2026-01-06T21:00,105,Unhealthy for Sensitive Groups,39.3,42.6,2.3,2.5,330.0,111.0,,,,,,
2026-01-06T22:00,106,Unhealthy for Sensitive Groups,36.8,40.0,2.5,2.8,332.0,105.0,,,,,,
2026-01-06T23:00,107,Unhealthy for Sensitive Groups,34.9,38.0,2.6,3.2,333.0,101.0,,,,,,
2026-01-07T00:00,108,Unhealthy for Sensitive Groups,33.6,36.7,2.5,3.5,333.0,99.0,,,,,,
2026-01-07T01:00,108,Unhealthy for Sensitive Groups,33.3,36.3,2.4,3.9,333.0,99.0,,,,,,
2026-01-07T02:00,109,Unhealthy for Sensitive Groups,33.5,36.6,2.2,4.1,335.0,99.0,,,,,,
2026-01-07T03:00,109,Unhealthy for Sensitive Groups,33.9,37.1,2.0,4.2,339.0,100.0,,,,,,
2026-01-07T04:00,109,Unhealthy for Sensitive Groups,34.8,38.2,1.8,4.2,345.0,102.0,,,,,,
2026-01-07T05:00,108,Unhealthy for Sensitive Groups,35.9,39.1,1.5,3.0,353.0,102.0,,,,,,
2026-01-07T06:00,108,Unhealthy for Sensitive Groups,37.4,40.6,1.7,3.0,365.0,103.0,,,,,,
2026-01-07T07:00,108,Unhealthy for Sensitive Groups,38.8,42.1,2.0,3.1,379.0,105.0,,,,,,
2026-01-07T08:00,107,Unhealthy for Sensitive Groups,40.3,43.8,2.2,3.3,384.0,108.0,,,,,,
2026-01-07T09:00,107,Unhealthy for Sensitive Groups,42.1,45.9,2.1,3.7,374.0,114.0,,,,,,
2026-01-07T10:00,107,Unhealthy for Sensitive Groups,43.0,46.6,1.9,4.2,356.0,120.0,,,,,,
2026-01-07T11:00,107,Unhealthy for Sensitive Groups,43.4,46.7,1.7,4.5,343.0,127.0,,,,,,
2026-01-07T12:00,107,Unhealthy for Sensitive Groups,43.8,46.8,1.4,4.4,344.0,133.0,,,,,,
2026-01-07T13:00,108,Unhealthy for Sensitive Groups,44.0,46.9,1.2,4.0,349.0,139.0,,,,,,
2026-01-07T14:00,108,Unhealthy for Sensitive Groups,43.4,46.2,1.0,3.6,346.0,142.0,,,,,,
2026-01-07T15:00,109,Unhealthy for Sensitive Groups,41.7,44.5,1.0,3.2,325.0,140.0,,,,,,
2026-01-07T16:00,109,Unhealthy for Sensitive Groups,39.5,42.5,1.1,2.8,296.0,136.0,,,,,,
2026-01-07T17:00,109,Unhealthy for Sensitive Groups,39.3,42.1,1.5,3.3,274.0,134.0,,,,,,
2026-01-07T18:00,109,Unhealthy for Sensitive Groups,33.2,35.9,1.6,3.2,265.0,130.0,,,,,,
2026-01-07T19:00,108,Unhealthy for Sensitive Groups,28.7,31.7,1.8,3.1,264.0,123.0,,,,,,
2026-01-07T20:00,107,Unhealthy for Sensitive Groups,26.3,29.9,2.0,3.0,264.0,117.0,,,,,,
2026-01-07T21:00,105,Unhealthy for Sensitive Groups,25.1,29.7,2.0,2.8,266.0,112.0,,,,,,
2026-01-07T22:00,104,Unhealthy for Sensitive Groups,25.6,31.3,2.0,2.6,270.0,106.0,,,,,,
2026-01-07T23:00,102,Unhealthy for Sensitive Groups,27.9,34.9,2.1,2.9,271.0,102.0,,,,,,
2026-01-08T00:00,102,Unhealthy for Sensitive Groups,29.5,36.6,2.5,4.2,264.0,98.0,,,,,,
2026-01-08T01:00,101,Unhealthy for Sensitive Groups,30.9,37.8,2.9,6.0,254.0,96.0,,,,,,
2026-01-08T02:00,101,Unhealthy for Sensitive Groups,31.9,38.5,3.3,7.7,248.0,93.0,,,,,,
2026-01-08T03:00,101,Unhealthy for Sensitive Groups,32.6,38.8,3.5,9.4,248.0,90.0,,,,,,
2026-01-08T04:00,101,Unhealthy for Sensitive Groups,33.4,39.3,3.5,11.0,251.0,87.0,,,,,,
2026-01-08T05:00,101,Unhealthy for Sensitive Groups,33.8,38.3,3.7,13.8,257.0,86.0,,,,,,
2026-01-08T06:00,100,Moderate,34.5,39.0,3.9,12.9,268.0,87.0,,,,,,
2026-01-08T07:00,100,Moderate,34.9,39.6,4.1,11.6,282.0,90.0,,,,,,
2026-01-08T08:00,100,Moderate,34.7,39.1,4.0,10.3,288.0,94.0,,,,,,
2026-01-08T09:00,99,Moderate,34.2,39.0,3.4,8.9,279.0,103.0,,,,,,
2026-01-08T10:00,99,Moderate,32.7,37.8,2.4,7.4,262.0,114.0,,,,,,
2026-01-08T11:00,98,Moderate,28.8,33.8,1.7,6.1,248.0,122.0,,,,,,
2026-01-08T12:00,97,Moderate,25.3,29.9,1.4,5.0,240.0,124.0,,,,,,
2026-01-08T13:00,95,Moderate,22.9,27.3,1.2,4.1,234.0,123.0,,,,,,
2026-01-08T14:00,94,Moderate,22.0,26.2,1.2,3.4,235.0,122.0,,,,,,
2026-01-08T15:00,92,Moderate,22.2,26.1,1.3,3.0,248.0,122.0,,,,,,
2026-01-08T16:00,90,Moderate,22.2,25.9,1.6,2.7,266.0,122.0,,,,,,
2026-01-08T17:00,89,Moderate,26.8,29.7,1.8,4.1,275.0,127.0,,,,,,
2026-01-08T18:00,88,Moderate,25.1,27.6,1.9,4.0,264.0,123.0,,,,,,
2026-01-08T19:00,87,Moderate,23.4,26.2,2.1,3.8,243.0,118.0,,,,,,
2026-01-08T20:00,87,Moderate,21.8,24.6,2.4,3.9,228.0,112.0,,,,,,
2026-01-08T21:00,87,Moderate,21.2,24.7,2.8,4.5,227.0,105.0,,,,,,
2026-01-08T22:00,86,Moderate,20.4,24.1,3.2,5.4,232.0,96.0,,,,,,
2026-01-08T23:00,86,Moderate,19.6,23.5,3.6,6.3,235.0,90.0,,,,,,
2026-01-09T00:00,85,Moderate,19.3,23.4,3.8,7.3,230.0,87.0,,,,,,
2026-01-09T01:00,84,Moderate,19.6,23.9,3.9,8.3,223.0,85.0,,,,,,
2026-01-09T02:00,84,Moderate,20.0,24.5,4.0,9.2,219.0,84.0,,,,,,
2026-01-09T03:00,83,Moderate,20.5,25.2,4.1,10.1,220.0,82.0,,,,,,
2026-01-09T04:00,82,Moderate,21.2,26.0,4.1,11.0,225.0,80.0,,,,,,
2026-01-09T05:00,81,Moderate,23.1,28.2,4.7,13.4,233.0,76.0,,,,,,
2026-01-09T06:00,80,Moderate,23.9,29.2,5.0,12.7,248.0,77.0,,,,,,
2026-01-09T07:00,79,Moderate,24.6,29.8,5.3,11.8,266.0,78.0,,,,,,
2026-01-09T08:00,78,Moderate,24.3,29.2,5.3,10.8,275.0,82.0,,,,,,
2026-01-09T09:00,77,Moderate,24.1,29.0,4.5,9.9,266.0,91.0,,,,,,
2026-01-09T10:00,77,Moderate,23.6,28.5,3.3,8.9,247.0,103.0,,,,,,
2026-01-09T11:00,76,Moderate,21.9,26.2,2.3,7.9,232.0,112.0,,,,,,
2026-01-09T12:00,75,Moderate,18.4,20.8,1.7,6.6,226.0,118.0,,,,,,
2026-01-09T13:00,75,Moderate,17.1,18.7,1.3,5.2,225.0,121.0,,,,,,
2026-01-09T14:00,74,Moderate,16.5,17.9,1.2,4.3,227.0,123.0,,,,,,
2026-01-09T15:00,74,Moderate,16.6,17.9,1.4,4.0,237.0,123.0,,,,,,
2026-01-09T16:00,74,Moderate,16.8,18.0,1.9,4.1,251.0,121.0,,,,,,
2026-01-09T17:00,73,Moderate,19.2,20.7,2.5,4.5,259.0,118.0,,,,,,
2026-01-09T18:00,73,Moderate,20.9,22.4,2.9,5.5,253.0,120.0,,,,,,
2026-01-09T19:00,72,Moderate,22.5,24.2,3.4,6.8,241.0,122.0,,,,,,
2026-01-09T20:00,72,Moderate,23.3,24.9,3.9,8.2,234.0,123.0,,,,,,
2026-01-09T21:00,73,Moderate,23.6,25.3,4.2,9.6,238.0,120.0,,,,,,
2026-01-09T22:00,73,Moderate,24.0,26.0,4.4,11.1,248.0,115.0,,,,,,
2026-01-09T23:00,73,Moderate,24.4,26.5,4.5,12.0,252.0,110.0,,,,,,
2026-01-10T00:00,73,Moderate,24.7,27.0,4.5,12.3,244.0,104.0,,,,,,
2026-01-10T01:00,73,Moderate,25.1,27.4,4.4,12.1,231.0,98.0,,,,,,
2026-01-10T02:00,74,Moderate,24.7,27.0,4.1,11.3,226.0,94.0,,,,,,
2026-01-10T03:00,74,Moderate,23.3,25.3,3.6,9.7,238.0,93.0,,,,,,
2026-01-10T04:00,75,Moderate,20.5,22.3,2.9,7.5,258.0,93.0,,,,,,
2026-01-10T05:00,74,Moderate,23.2,25.3,3.2,9.2,275.0,91.0,,,,,,
2026-01-10T06:00,74,Moderate,22.6,24.6,3.4,8.5,285.0,91.0,,,,,,
2026-01-10T07:00,74,Moderate,21.5,23.3,3.6,7.5,291.0,91.0,,,,,,
2026-01-10T08:00,74,Moderate,20.5,22.1,3.5,6.4,291.0,93.0,,,,,,
2026-01-10T09:00,74,Moderate,19.9,21.5,2.9,5.2,281.0,98.0,,,,,,
2026-01-10T10:00,73,Moderate,18.7,20.1,2.0,4.0,265.0,105.0,,,,,,
2026-01-10T11:00,73,Moderate,16.9,18.0,1.4,3.0,252.0,110.0,,,,,,
2026-01-10T12:00,73,Moderate,14.5,15.3,1.1,2.4,247.0,111.0,,,,,,
2026-01-10T13:00,72,Moderate,12.1,12.7,1.1,2.0,246.0,110.0,,,,,,
2026-01-10T14:00,72,Moderate,11.0,11.5,1.2,1.9,247.0,109.0,,,,,,
2026-01-10T15:00,72,Moderate,10.8,11.2,1.6,1.9,248.0,109.0,,,,,,
2026-01-10T16:00,71,Moderate,10.7,11.0,2.3,2.2,250.0,110.0,,,,,,
2026-01-10T17:00,71,Moderate,19.6,20.3,3.1,5.9,257.0,121.0,,,,,,
2026-01-10T18:00,71,Moderate,22.5,23.3,3.8,6.9,274.0,119.0,,,,,,
2026-01-10T19:00,71,Moderate,24.3,25.1,4.8,8.3,296.0,116.0,,,,,,
2026-01-10T20:00,71,Moderate,24.3,25.0,5.4,9.3,311.0,113.0,,,,,,
2026-01-10T21:00,71,Moderate,22.9,23.7,5.4,9.4,312.0,110.0,,,,,,
2026-01-10T22:00,71,Moderate,20.3,21.0,5.1,9.2,305.0,106.0,,,,,,
2026-01-10T23:00,71,Moderate,18.2,18.9,4.8,9.1,296.0,103.0,,,,,,
2026-01-11T00:00,70,Moderate,17.2,17.9,4.6,9.5,283.0,100.0,,,,,,
2026-01-11T01:00,70,Moderate,17.0,17.8,4.4,10.1,268.0,97.0,,,,,,
2026-01-11T02:00,69,Moderate,17.1,17.8,4.2,10.3,260.0,95.0,,,,,,
2026-01-11T03:00,68,Moderate,15.9,16.6,3.8,9.8,263.0,93.0,,,,,,
2026-01-11T04:00,68,Moderate,14.8,15.3,3.4,9.0,273.0,93.0,,,,,,
2026-01-11T05:00,67,Moderate,12.6,13.1,3.3,8.0,283.0,91.0,,,,,,
2026-01-11T06:00,67,Moderate,12.5,13.1,3.6,7.8,292.0,91.0,,,,,,
2026-01-11T07:00,66,Moderate,12.5,12.9,4.1,7.4,300.0,91.0,,,,,,
2026-01-11T08:00,65,Moderate,12.4,12.8,4.2,7.0,305.0,92.0,,,,,,
2026-01-11T09:00,64,Moderate,12.6,13.0,3.7,6.5,304.0,96.0,,,,,,
2026-01-11T10:00,64,Moderate,12.7,13.0,2.9,5.9,298.0,102.0,,,,,,
2026-01-11T11:00,63,Moderate,11.4,11.7,2.1,5.1,290.0,106.0,,,,,,
2026-01-11T12:00,63,Moderate,10.8,11.1,1.5,3.8,279.0,109.0,,,,,,
2026-01-11T13:00,63,Moderate,10.4,10.7,1.1,2.3,265.0,110.0,,,,,,
2026-01-11T14:00,62,Moderate,9.1,9.5,0.8,1.1,253.0,110.0,,,,,,
2026-01-11T15:00,62,Moderate,8.1,8.4,0.8,0.6,244.0,109.0,,,,,,
2026-01-11T16:00,62,Moderate,7.0,7.4,1.1,0.5,236.0,106.0,,,,,,
2026-01-11T17:00,62,Moderate,6.2,6.8,1.4,0.4,230.0,102.0,,,,,,
2026-01-11T18:00,61,Moderate,5.7,6.6,1.7,0.3,224.0,96.0,,,,,,
2026-01-11T19:00,59,Moderate,4.7,5.5,2.1,0.2,219.0,88.0,,,,,,
2026-01-11T20:00,58,Moderate,3.9,4.6,2.4,0.4,216.0,82.0,,,,,,
2026-01-11T21:00,56,Moderate,3.4,4.0,2.5,0.9,215.0,78.0,,,,,,
2026-01-11T22:00,55,Moderate,3.6,4.1,2.6,1.5,216.0,76.0,,,,,,
2026-01-11T23:00,53,Moderate,3.8,4.3,2.7,2.4,222.0,73.0,,,,,,
2026-01-12T00:00,52,Moderate,5.0,5.5,3.1,3.6,237.0,69.0,,,,,,
2026-01-12T01:00,51,Moderate,5.5,6.1,3.6,4.9,256.0,66.0,,,,,,
2026-01-12T02:00,50,Good,4.9,5.4,4.0,6.0,273.0,62.0,,,,,,
2026-01-12T03:00,48,Good,5.0,5.2,4.3,6.6,284.0,58.0,,,,,,
2026-01-12T04:00,46,Good,5.2,5.4,4.6,6.9,292.0,55.0,,,,,,
2026-01-12T05:00,44,Good,7.4,7.7,4.9,10.4,299.0,72.0,,,,,,
2026-01-12T06:00,43,Good,7.7,8.0,5.7,10.9,305.0,73.0,,,,,,
2026-01-12T07:00,41,Good,8.1,8.6,6.7,11.4,309.0,75.0,,,,,,
2026-01-12T08:00,40,Good,8.2,8.6,6.9,11.4,309.0,80.0,,,,,,
2026-01-12T09:00,39,Good,8.4,8.7,5.6,10.3,302.0,90.0,,,,,,
2026-01-12T10:00,38,Good,9.0,9.3,3.6,8.7,290.0,102.0,,,,,,
2026-01-12T11:00,38,Good,9.4,9.7,2.0,7.0,279.0,111.0,,,,,,
2026-01-12T12:00,38,Good,9.6,10.0,1.3,5.4,270.0,114.0,,,,,,
2026-01-12T13:00,42,Good,9.6,10.1,1.0,3.9,260.0,115.0,,,,,,
2026-01-12T14:00,44,Good,8.8,9.3,0.9,2.8,253.0,114.0,,,,,,
2026-01-12T15:00,46,Good,8.1,8.6,1.1,2.3,247.0,113.0,,,,,,
2026-01-12T16:00,49,Good,7.4,7.9,1.4,2.2,243.0,111.0,,,,,,
2026-01-12T17:00,52,Moderate,12.7,13.8,1.6,1.9,241.0,104.0,,,,,,
2026-01-12T18:00,55,Moderate,11.0,12.0,2.2,2.5,242.0,100.0,,,,,,
2026-01-12T19:00,54,Moderate,10.9,12.2,3.1,3.3,245.0,94.0,,,,,,
2026-01-12T20:00,51,Moderate,10.7,12.0,3.9,4.2,249.0,89.0,,,,,,
2026-01-12T21:00,49,Good,11.0,12.4,4.7,5.2,255.0,84.0,,,,,,
2026-01-12T22:00,47,Good,11.3,12.6,5.4,6.3,263.0,79.0,,,,,,
2026-01-12T23:00,46,Good,10.9,12.1,5.8,7.0,268.0,75.0,,,,,,
2026-01-13T00:00,48,Good,10.3,11.4,5.5,7.2,269.0,74.0,,,,,,
2026-01-13T01:00,49,Good,9.5,10.3,4.8,7.0,268.0,74.0,,,,,,
2026-01-13T02:00,50,Good,8.1,8.6,4.2,6.9,267.0,75.0,,,,,,
2026-01-13T03:00,50,Good,7.9,8.2,3.8,7.1,268.0,76.0,,,,,,
2026-01-13T04:00,50,Good,9.7,10.1,3.5,7.3,269.0,77.0,,,,,,
2026-01-13T05:00,51,Moderate,1.9,1.9,2.3,4.1,272.0,81.0,,,,,,
2026-01-13T06:00,50,Good,3.5,3.6,2.9,4.6,281.0,82.0,,,,,,
2026-01-13T07:00,50,Good,5.6,5.8,3.8,5.3,292.0,84.0,,,,,,
2026-01-13T08:00,49,Good,6.9,7.2,4.2,5.5,294.0,87.0,,,,,,
2026-01-13T09:00,49,Good,7.0,7.2,3.7,4.9,278.0,93.0,,,,,,
2026-01-13T10:00,49,Good,6.2,6.4,2.7,3.8,253.0,101.0,,,,,,
2026-01-13T11:00,48,Good,6.0,6.2,1.9,3.0,240.0,107.0,,,,,,
2026-01-13T12:00,47,Good,6.4,6.7,1.5,2.9,249.0,111.0,,,,,,
2026-01-13T13:00,47,Good,7.0,7.3,1.3,3.0,269.0,113.0,,,,,,
2026-01-13T14:00,46,Good,7.0,7.2,1.2,2.8,285.0,112.0,,,,,,
2026-01-13T15:00,47,Good,5.7,5.9,1.1,2.0,294.0,106.0,,,,,,
2026-01-13T16:00,48,Good,3.2,3.5,1.1,1.0,299.0,96.0,,,,,,
2026-01-13T17:00,49,Good,9.7,10.4,2.2,2.2,300.0,105.0,,,,,,
2026-01-13T18:00,49,Good,7.6,8.2,2.6,2.1,294.0,100.0,,,,,,
2026-01-13T19:00,49,Good,6.5,7.0,3.2,2.0,285.0,94.0,,,,,,
2026-01-13T20:00,49,Good,6.3,6.8,3.6,1.9,277.0,90.0,,,,,,
2026-01-13T21:00,47,Good,7.0,7.6,3.4,1.8,274.0,90.0,,,,,,
2026-01-13T22:00,46,Good,8.8,10.2,3.1,1.8,272.0,91.0,,,,,,
2026-01-13T23:00,45,Good,11.7,14.1,2.8,2.0,273.0,92.0,,,,,,
2026-01-14T00:00,44,Good,13.8,16.6,2.9,2.3,274.0,91.0,,,,,,
2026-01-14T01:00,44,Good,16.0,19.2,3.1,2.8,278.0,89.0,,,,,,
2026-01-14T02:00,43,Good,18.5,22.1,3.3,3.7,288.0,87.0,,,,,,
2026-01-14T03:00,44,Good,22.7,27.4,3.3,5.3,312.0,86.0,,,,,,
2026-01-14T04:00,47,Good,24.6,29.3,3.3,7.3,342.0,86.0,,,,,,
2026-01-14T05:00,50,Good,24.0,28.5,2.9,6.0,364.0,88.0,,,,,,
2026-01-14T06:00,52,Moderate,25.6,30.2,3.2,7.0,370.0,87.0,,,,,,
2026-01-14T07:00,54,Moderate,27.0,31.9,3.6,8.4,366.0,87.0,,,,,,
2026-01-14T08:00,55,Moderate,27.4,32.7,3.7,9.4,359.0,90.0,,,,,,
2026-01-14T09:00,57,Moderate,26.4,32.0,3.1,9.6,347.0,100.0,,,,,,
2026-01-14T10:00,59,Moderate,24.7,29.3,2.2,9.4,331.0,114.0,,,,,,
2026-01-14T11:00,60,Moderate,22.8,25.8,1.4,8.9,317.0,125.0,,,,,,
2026-01-14T12:00,61,Moderate,22.1,24.4,1.0,8.1,310.0,131.0,,,,,,
2026-01-14T13:00,63,Moderate,21.5,23.6,0.9,6.9,306.0,133.0,,,,,,
2026-01-14T14:00,64,Moderate,20.5,22.5,0.8,5.7,299.0,134.0,,,,,,
2026-01-14T15:00,65,Moderate,19.1,21.1,0.9,4.3,285.0,133.0,,,,,,
2026-01-14T16:00,71,Moderate,18.2,20.7,1.0,2.7,267.0,130.0,,,,,,
2026-01-14T17:00,79,Moderate,11.7,13.6,1.2,1.0,252.0,111.0,,,,,,
2026-01-14T18:00,82,Moderate,11.6,13.6,1.4,0.8,242.0,110.0,,,,,,
2026-01-14T19:00,81,Moderate,12.4,15.0,1.6,0.6,234.0,107.0,,,,,,
2026-01-14T20:00,77,Moderate,13.2,16.1,1.8,0.4,230.0,105.0,,,,,,
2026-01-14T21:00,71,Moderate,14.1,17.2,1.8,0.4,232.0,102.0,,,,,,
2026-01-14T22:00,69,Moderate,15.0,18.3,1.6,0.4,237.0,100.0,,,,,,
2026-01-14T23:00,70,Moderate,15.9,19.3,1.5,0.4,241.0,97.0,,,,,,
2026-01-15T00:00,70,Moderate,16.9,20.4,1.4,0.4,239.0,95.0,,,,,,
2026-01-15T01:00,70,Moderate,17.9,21.5,1.2,0.4,235.0,93.0,,,,,,
2026-01-15T02:00,70,Moderate,18.6,22.2,1.1,0.5,238.0,92.0,,,,,,
2026-01-15T03:00,70,Moderate,19.5,23.1,1.1,0.6,255.0,91.0,,,,,,
2026-01-15T04:00,70,Moderate,20.4,24.0,1.1,0.7,279.0,90.0,,,,,,
2026-01-15T05:00,70,Moderate,19.8,23.5,0.9,0.6,295.0,91.0,,,,,,
2026-01-15T06:00,69,Moderate,20.6,24.3,1.0,0.6,295.0,91.0,,,,,,
2026-01-15T07:00,69,Moderate,21.1,24.9,1.2,0.7,288.0,90.0,,,,,,
2026-01-15T08:00,69,Moderate,21.9,25.6,1.3,0.7,283.0,91.0,,,,,,
2026-01-15T09:00,68,Moderate,22.5,26.2,1.1,0.7,285.0,94.0,,,,,,
2026-01-15T10:00,68,Moderate,22.4,25.7,0.8,0.6,290.0,99.0,,,,,,
2026-01-15T11:00,68,Moderate,22.0,25.0,0.5,0.6,290.0,102.0,,,,,,
2026-01-15T12:00,68,Moderate,21.8,24.6,0.4,0.5,282.0,103.0,,,,,,
2026-01-15T13:00,68,Moderate,21.7,24.3,0.4,0.5,270.0,103.0,,,,,,
2026-01-15T14:00,68,Moderate,21.6,24.2,0.4,0.4,262.0,103.0,,,,,,
2026-01-15T15:00,68,Moderate,21.8,24.4,0.5,0.4,263.0,105.0,,,,,,
2026-01-15T16:00,68,Moderate,21.8,24.3,0.7,0.4,269.0,109.0,,,,,,
2026-01-15T17:00,68,Moderate,23.0,25.6,1.0,0.4,273.0,99.0,,,,,,
2026-01-15T18:00,69,Moderate,24.0,26.6,1.1,0.5,273.0,102.0,,,,,,
2026-01-15T19:00,70,Moderate,25.1,27.8,1.2,0.6,272.0,106.0,,,,,,
2026-01-15T20:00,71,Moderate,25.8,28.6,1.3,0.8,272.0,109.0,,,,,,
2026-01-15T21:00,72,Moderate,26.0,28.7,1.3,1.0,275.0,110.0,,,,,,
2026-01-15T22:00,73,Moderate,25.7,28.3,1.2,1.2,280.0,109.0,,,,,,
2026-01-15T23:00,74,Moderate,25.6,28.1,1.1,1.4,283.0,109.0,,,,,,
2026-01-16T00:00,74,Moderate,25.7,28.1,1.0,1.6,280.0,110.0,,,,,,
2026-01-16T01:00,75,Moderate,26.0,28.3,1.0,1.7,276.0,112.0,,,,,,
2026-01-16T02:00,76,Moderate,26.3,28.7,0.9,1.8,279.0,113.0,,,,,,
2026-01-16T03:00,76,Moderate,26.3,28.7,0.8,1.9,297.0,114.0,,,,,,
2026-01-16T04:00,77,Moderate,26.0,28.4,0.8,2.0,322.0,114.0,,,,,,
2026-01-16T05:00,77,Moderate,26.1,28.3,1.0,1.8,345.0,111.0,,,,,,
2026-01-16T06:00,78,Moderate,26.0,28.2,1.1,1.9,365.0,111.0,,,,,,
2026-01-16T07:00,78,Moderate,25.8,28.1,1.3,1.9,382.0,111.0,,,,,,
2026-01-16T08:00,79,Moderate,25.6,27.8,1.3,2.0,387.0,113.0,,,,,,
2026-01-16T09:00,79,Moderate,25.6,27.8,1.1,2.1,371.0,117.0,,,,,,
2026-01-16T10:00,79,Moderate,25.0,27.2,0.9,2.2,342.0,122.0,,,,,,
2026-01-16T11:00,79,Moderate,24.2,26.3,0.7,2.2,319.0,126.0,,,,,,
2026-01-16T12:00,80,Moderate,23.6,25.6,0.6,2.2,309.0,129.0,,,,,,
2026-01-16T13:00,80,Moderate,23.7,25.6,0.6,2.2,304.0,130.0,,,,,,
2026-01-16T14:00,80,Moderate,24.7,26.5,0.6,2.1,301.0,132.0,,,,,,
2026-01-16T15:00,80,Moderate,26.3,28.1,0.7,2.0,299.0,134.0,,,,,,
2026-01-16T16:00,80,Moderate,27.2,29.0,0.9,1.9,299.0,136.0,,,,,,
2026-01-16T17:00,85,Moderate,41.2,44.1,1.2,1.9,298.0,132.0,,,,,,
2026-01-16T18:00,88,Moderate,39.6,42.3,1.2,1.9,293.0,130.0,,,,,,
2026-01-16T19:00,90,Moderate,37.8,40.6,1.2,1.9,287.0,126.0,,,,,,
2026-01-16T20:00,90,Moderate,36.9,39.8,1.2,1.9,282.0,123.0,,,,,,
2026-01-16T21:00,88,Moderate,36.8,39.7,1.1,1.9,279.0,121.0,,,,,,
2026-01-16T22:00,86,Moderate,36.8,39.8,1.1,2.0,277.0,119.0,,,,,,
2026-01-16T23:00,87,Moderate,37.4,40.4,1.0,2.1,278.0,118.0,,,,,,
2026-01-17T00:00,88,Moderate,38.1,41.1,0.9,2.2,280.0,118.0,,,,,,
2026-01-17T01:00,89,Moderate,38.8,41.9,0.9,2.4,283.0,118.0,,,,,,
2026-01-17T02:00,90,Moderate,39.6,42.7,0.9,2.6,294.0,118.0,,,,,,
2026-01-17T03:00,91,Moderate,40.3,43.4,1.0,2.8,316.0,116.0,,,,,,
2026-01-17T04:00,92,Moderate,40.7,43.8,1.1,2.9,345.0,114.0,,,,,,
2026-01-17T05:00,93,Moderate,40.2,43.1,1.2,2.6,371.0,113.0,,,,,,
2026-01-17T06:00,94,Moderate,41.6,44.5,1.4,2.8,394.0,112.0,,,,,,
2026-01-17T07:00,96,Moderate,42.3,45.2,1.8,3.0,413.0,110.0,,,,,,
2026-01-17T08:00,97,Moderate,43.4,46.3,1.9,3.3,417.0,111.0,,,,,,
2026-01-17T09:00,98,Moderate,44.5,47.5,1.7,3.6,394.0,116.0,,,,,,
2026-01-17T10:00,100,Moderate,45.9,48.8,1.2,3.9,355.0,124.0,,,,,,
2026-01-17T11:00,102,Unhealthy for Sensitive Groups,46.2,49.0,0.9,4.0,321.0,131.0,,,,,,
2026-01-17T12:00,104,Unhealthy for Sensitive Groups,45.3,48.2,0.7,3.8,298.0,135.0,,,,,,
2026-01-17T13:00,107,Unhealthy for Sensitive Groups,44.2,47.1,0.7,3.5,280.0,137.0,,,,,,
2026-01-17T14:00,109,Unhealthy for Sensitive Groups,43.8,46.8,0.7,3.2,269.0,139.0,,,,,,
2026-01-17T15:00,111,Unhealthy for Sensitive Groups,43.7,46.6,0.8,3.1,266.0,141.0,,,,,,
2026-01-17T16:00,113,Unhealthy for Sensitive Groups,43.3,46.2,1.0,3.0,270.0,142.0,,,,,,
2026-01-17T17:00,114,Unhealthy for Sensitive Groups,39.0,41.4,1.2,3.4,276.0,132.0,,,,,,
2026-01-17T18:00,114,Unhealthy for Sensitive Groups,40.0,42.8,1.4,3.2,285.0,133.0,,,,,,
2026-01-17T19:00,114,Unhealthy for Sensitive Groups,40.3,43.2,1.8,3.0,296.0,134.0,,,,,,
2026-01-17T20:00,114,Unhealthy for Sensitive Groups,40.4,43.5,1.9,2.7,299.0,134.0,,,,,,
2026-01-17T21:00,115,Unhealthy for Sensitive Groups,40.0,43.7,1.7,2.3,288.0,132.0,,,,,,
2026-01-17T22:00,115,Unhealthy for Sensitive Groups,39.0,42.8,1.3,2.0,270.0,128.0,,,,,,
2026-01-17T23:00,115,Unhealthy for Sensitive Groups,37.5,41.7,1.0,1.6,255.0,125.0,,,,,,
2026-01-18T00:00,115,Unhealthy for Sensitive Groups,36.6,40.9,0.8,1.3,246.0,122.0,,,,,,
2026-01-18T01:00,115,Unhealthy for Sensitive Groups,36.2,40.5,0.7,1.1,240.0,118.0,,,,,,
2026-01-18T02:00,115,Unhealthy for Sensitive Groups,36.0,40.4,0.7,0.9,245.0,115.0,,,,,,
2026-01-18T03:00,114,Unhealthy for Sensitive Groups,36.0,40.3,0.7,0.8,268.0,112.0,,,,,,
2026-01-18T04:00,114,Unhealthy for Sensitive Groups,36.2,40.5,0.8,0.7,301.0,109.0,,,,,,
2026-01-18T05:00,114,Unhealthy for Sensitive Groups,31.9,35.6,1.0,0.9,332.0,107.0,,,,,,
2026-01-18T06:00,113,Unhealthy for Sensitive Groups,32.7,36.4,1.3,1.0,361.0,105.0,,,,,,
2026-01-18T07:00,112,Unhealthy for Sensitive Groups,33.8,37.5,1.8,1.0,387.0,101.0,,,,,,
2026-01-18T08:00,111,Unhealthy for Sensitive Groups,35.2,39.0,2.0,1.1,393.0,101.0,,,,,,
2026-01-18T09:00,110,Unhealthy for Sensitive Groups,35.9,39.8,1.7,1.1,361.0,105.0,,,,,,
2026-01-18T10:00,109,Unhealthy for Sensitive Groups,36.0,40.0,1.1,1.0,309.0,112.0,,,,,,
2026-01-18T11:00,108,Unhealthy for Sensitive Groups,34.8,38.9,0.7,1.1,270.0,119.0,,,,,,
2026-01-18T12:00,107,Unhealthy for Sensitive Groups,33.8,37.6,0.6,1.5,263.0,125.0,,,,,,
2026-01-18T13:00,106,Unhealthy for Sensitive Groups,32.9,36.4,0.6,2.2,270.0,132.0,,,,,,
2026-01-18T14:00,104,Unhealthy for Sensitive Groups,32.2,35.5,0.7,2.7,272.0,137.0,,,,,,
2026-01-18T15:00,103,Unhealthy for Sensitive Groups,31.7,34.7,0.8,3.1,259.0,141.0,,,,,,
2026-01-18T16:00,102,Unhealthy for Sensitive Groups,31.2,34.0,1.0,3.4,242.0,143.0,,,,,,
2026-01-18T17:00,101,Unhealthy for Sensitive Groups,37.5,40.5,1.1,3.9,232.0,133.0,,,,,,
2026-01-18T18:00,101,Unhealthy for Sensitive Groups,34.9,37.4,1.2,3.6,239.0,134.0,,,,,,
2026-01-18T19:00,100,Moderate,33.8,36.1,1.3,3.1,253.0,135.0,,,,,,
2026-01-18T20:00,100,Moderate,32.9,35.5,1.4,2.7,260.0,135.0,,,,,,
2026-01-18T21:00,99,Moderate,32.2,35.2,1.3,2.3,247.0,132.0,,,,,,
2026-01-18T22:00,98,Moderate,31.7,34.9,1.1,2.0,227.0,127.0,,,,,,
2026-01-18T23:00,98,Moderate,31.2,34.7,0.9,1.8,219.0,122.0,,,,,,
2026-01-19T00:00,97,Moderate,30.7,34.6,0.8,1.7,235.0,117.0,,,,,,
2026-01-19T01:00,97,Moderate,30.5,34.3,0.9,1.7,264.0,112.0,,,,,,
2026-01-19T02:00,96,Moderate,30.3,34.1,0.9,1.7,291.0,108.0,,,,,,
2026-01-19T03:00,96,Moderate,30.3,33.9,1.0,1.7,315.0,104.0,,,,,,
2026-01-19T04:00,95,Moderate,30.5,34.0,1.1,1.8,338.0,100.0,,,,,,
2026-01-19T05:00,95,Moderate,30.4,33.5,2.0,2.1,352.0,94.0,,,,,,
2026-01-19T06:00,95,Moderate,30.9,34.0,2.1,2.2,354.0,93.0,,,,,,
2026-01-19T07:00,95,Moderate,31.3,34.6,2.2,2.3,348.0,92.0,,,,,,
2026-01-19T08:00,95,Moderate,31.7,35.0,2.2,2.4,337.0,93.0,,,,,,
2026-01-19T09:00,94,Moderate,31.5,34.9,1.8,2.4,318.0,98.0,,,,,,
2026-01-19T10:00,94,Moderate,30.6,33.9,1.2,2.4,293.0,106.0,,,,,,
2026-01-19T11:00,94,Moderate,28.8,31.9,0.8,2.3,274.0,112.0,,,,,,
2026-01-19T12:00,93,Moderate,26.5,29.4,0.6,2.0,267.0,115.0,,,,,,
2026-01-19T13:00,92,Moderate,24.2,26.9,0.6,1.5,266.0,115.0,,,,,,
2026-01-19T14:00,92,Moderate,22.4,25.0,0.6,1.2,259.0,116.0,,,,,,
2026-01-19T15:00,91,Moderate,21.6,24.1,0.6,1.0,238.0,116.0,,,,,,
2026-01-19T16:00,90,Moderate,21.1,23.5,0.7,1.0,211.0,116.0,,,,,,
2026-01-19T17:00,89,Moderate,18.3,20.6,0.8,1.3,195.0,106.0,,,,,,
2026-01-19T18:00,88,Moderate,18.9,21.2,0.9,1.3,200.0,108.0,,,,,,
2026-01-19T19:00,87,Moderate,19.8,22.3,0.9,1.3,215.0,112.0,,,,,,
2026-01-19T20:00,86,Moderate,20.5,22.9,1.0,1.3,226.0,114.0,,,,,,
2026-01-19T21:00,85,Moderate,20.6,23.1,1.0,1.3,223.0,115.0,,,,,,
2026-01-19T22:00,84,Moderate,20.4,23.0,0.9,1.2,216.0,116.0,,,,,,
2026-01-19T23:00,83,Moderate,20.3,22.8,0.9,1.2,215.0,115.0,,,,,,
2026-01-20T00:00,82,Moderate,20.3,22.9,0.9,1.2,227.0,112.0,,,,,,
2026-01-20T01:00,81,Moderate,20.7,23.3,0.9,1.3,246.0,108.0,,,,,,
2026-01-20T02:00,80,Moderate,21.3,24.0,0.9,1.4,265.0,104.0,,,,,,
2026-01-20T03:00,80,Moderate,22.2,24.9,1.0,1.5,282.0,101.0,,,,,,
2026-01-20T04:00,79,Moderate,23.4,26.1,1.1,1.5,299.0,99.0,,,,,,
2026-01-20T05:00,78,Moderate,22.5,24.7,2.3,2.0,311.0,89.0,,,,,,
2026-01-20T06:00,78,Moderate,24.5,26.8,2.5,2.8,319.0,90.0,,,,,,
2026-01-20T07:00,77,Moderate,26.8,29.3,2.8,3.9,322.0,93.0,,,,,,
2026-01-20T08:00,77,Moderate,29.6,32.5,2.8,4.6,320.0,97.0,,,,,,
2026-01-20T09:00,77,Moderate,32.9,36.2,2.3,4.7,308.0,105.0,,,,,,
2026-01-20T10:00,77,Moderate,35.3,38.6,1.5,4.5,290.0,116.0,,,,,,
2026-01-20T11:00,77,Moderate,36.1,39.5,0.9,4.2,277.0,124.0,,,,,,
2026-01-20T12:00,78,Moderate,36.3,39.6,0.7,3.8,275.0,128.0,,,,,,
2026-01-20T13:00,79,Moderate,36.6,39.7,0.7,3.2,279.0,130.0,,,,,,
2026-01-20T14:00,80,Moderate,37.0,40.2,0.7,2.8,279.0,133.0,,,,,,
2026-01-20T15:00,81,Moderate,37.0,39.9,0.8,2.7,272.0,137.0,,,,,,
2026-01-20T16:00,82,Moderate,36.8,39.7,1.0,2.6,262.0,142.0,,,,,,
2026-01-20T17:00,83,Moderate,34.3,37.0,1.2,2.9,256.0,125.0,,,,,,
2026-01-20T18:00,87,Moderate,34.9,37.5,1.3,2.9,257.0,131.0,,,,,,
2026-01-20T19:00,90,Moderate,35.7,38.3,1.4,2.9,261.0,138.0,,,,,,
2026-01-20T20:00,93,Moderate,36.0,38.6,1.5,2.8,266.0,142.0,,,,,,
2026-01-20T21:00,96,Moderate,35.2,37.8,1.4,2.7,269.0,139.0,,,,,,
2026-01-20T22:00,98,Moderate,33.4,36.2,1.3,2.6,272.0,133.0,,,,,,
2026-01-20T23:00,98,Moderate,31.9,34.7,1.2,2.5,277.0,127.0,,,,,,
2026-01-21T00:00,96,Moderate,31.3,34.2,1.1,2.4,286.0,122.0,,,,,,
2026-01-21T01:00,92,Moderate,31.2,34.2,1.1,2.3,297.0,116.0,,,,,,
2026-01-21T02:00,93,Moderate,31.3,34.3,1.2,2.4,309.0,111.0,,,,,,
2026-01-21T03:00,94,Moderate,31.9,34.7,1.4,2.8,321.0,107.0,,,,,,
2026-01-21T04:00,94,Moderate,32.6,35.4,1.7,3.5,333.0,103.0,,,,,,
2026-01-21T05:00,95,Moderate,32.9,35.4,2.2,4.8,346.0,98.0,,,,,,
2026-01-21T06:00,96,Moderate,34.3,36.9,2.6,6.0,364.0,97.0,,,,,,
2026-01-21T07:00,97,Moderate,35.7,38.4,3.1,7.6,383.0,96.0,,,,,,
2026-01-21T08:00,98,Moderate,37.1,39.9,3.3,8.5,392.0,98.0,,,,,,
2026-01-21T09:00,98,Moderate,38.5,41.3,2.8,8.1,383.0,108.0,,,,,,
2026-01-21T10:00,99,Moderate,39.1,42.1,1.9,7.0,363.0,121.0,,,,,,
2026-01-21T11:00,99,Moderate,37.6,40.6,1.2,6.0,342.0,131.0,,,,,,
2026-01-21T12:00,99,Moderate,35.3,38.2,0.9,5.1,323.0,135.0,,,,,,
2026-01-21T13:00,99,Moderate,33.2,35.9,0.7,4.3,304.0,137.0,,,,,,
2026-01-21T14:00,99,Moderate,31.1,33.5,0.7,3.7,288.0,137.0,,,,,,
2026-01-21T15:00,98,Moderate,28.9,31.3,0.8,3.4,275.0,138.0,,,,,,
2026-01-21T16:00,97,Moderate,27.2,29.6,1.1,3.3,266.0,137.0,,,,,,
2026-01-21T17:00,97,Moderate,27.0,28.8,1.3,3.6,261.0,135.0,,,,,,
2026-01-21T18:00,96,Moderate,26.9,28.6,1.6,4.0,265.0,136.0,,,,,,
2026-01-21T19:00,98,Moderate,27.2,28.9,2.0,4.5,275.0,138.0,,,,,,
2026-01-21T20:00,99,Moderate,26.8,28.8,2.3,4.7,278.0,136.0,,,,,,
2026-01-21T21:00,99,Moderate,24.4,27.0,2.3,4.5,268.0,129.0,,,,,,
2026-01-21T22:00,98,Moderate,21.7,24.8,2.1,4.0,252.0,118.0,,,,,,
2026-01-21T23:00,93,Moderate,20.1,24.0,2.0,3.6,242.0,109.0,,,,,,
2026-01-22T00:00,91,Moderate,18.3,22.3,1.9,3.2,245.0,102.0,,,,,,
2026-01-22T01:00,90,Moderate,16.8,20.9,1.9,2.8,254.0,96.0,,,,,,
2026-01-22T02:00,89,Moderate,15.5,19.7,1.9,2.6,263.0,90.0,,,,,,
2026-01-22T03:00,88,Moderate,14.6,18.6,2.0,2.4,272.0,85.0,,,,,,
2026-01-22T04:00,87,Moderate,14.1,18.0,2.2,2.2,280.0,80.0,,,,,,
2026-01-22T05:00,85,Moderate,15.1,18.9,3.2,3.3,287.0,73.0,,,,,,
2026-01-22T06:00,84,Moderate,15.6,19.6,4.1,5.0,293.0,70.0,,,,,,
2026-01-22T07:00,82,Moderate,16.2,20.4,5.2,7.2,296.0,66.0,,,,,,
2026-01-22T08:00,81,Moderate,17.1,21.5,5.7,8.8,291.0,67.0,,,,,,
2026-01-22T09:00,79,Moderate,18.3,23.1,4.9,9.1,270.0,78.0,,,,,,
2026-01-22T10:00,78,Moderate,19.0,24.5,3.4,8.7,241.0,94.0,,,,,,
2026-01-22T11:00,76,Moderate,18.8,24.4,2.1,7.8,218.0,106.0,,,,,,
2026-01-22T12:00,75,Moderate,17.5,22.9,1.4,6.3,209.0,111.0,,,,,,
2026-01-22T13:00,73,Moderate,16.2,21.2,1.0,4.4,206.0,112.0,,,,,,
2026-01-22T14:00,72,Moderate,15.3,19.8,0.7,2.9,203.0,113.0,,,,,,
2026-01-22T15:00,71,Moderate,14.4,18.6,0.7,2.3,195.0,114.0,,,,,,
2026-01-22T16:00,70,Moderate,13.7,17.5,0.8,2.1,187.0,115.0,,,,,,
2026-01-22T17:00,68,Moderate,11.5,13.8,1.1,2.4,183.0,112.0,,,,,,
2026-01-22T18:00,67,Moderate,13.3,15.5,1.3,2.6,189.0,115.0,,,,,,
2026-01-22T19:00,66,Moderate,14.9,17.1,1.7,3.0,199.0,118.0,,,,,,
2026-01-22T20:00,65,Moderate,16.1,18.4,1.9,3.2,204.0,119.0,,,,,,
2026-01-22T21:00,64,Moderate,16.9,20.1,1.9,3.2,195.0,115.0,,,,,,
2026-01-22T22:00,64,Moderate,16.8,20.3,1.9,3.1,180.0,109.0,,,,,,
2026-01-22T23:00,63,Moderate,16.1,19.8,1.9,3.0,172.0,103.0,,,,,,
2026-01-23T00:00,63,Moderate,15.6,19.5,2.0,2.9,178.0,98.0,,,,,,
2026-01-23T01:00,63,Moderate,15.7,19.7,2.1,2.8,192.0,93.0,,,,,,
2026-01-23T02:00,63,Moderate,16.2,20.3,2.3,3.1,208.0,89.0,,,,,,
2026-01-23T03:00,63,Moderate,17.1,21.2,2.6,3.8,227.0,85.0,,,,,,
2026-01-23T04:00,63,Moderate,18.5,22.8,2.9,4.8,248.0,81.0,,,,,,
2026-01-23T05:00,63,Moderate,17.0,19.7,3.8,8.2,268.0,77.0,,,,,,
2026-01-23T06:00,64,Moderate,18.6,21.0,4.4,9.8,289.0,75.0,,,,,,
2026-01-23T07:00,64,Moderate,20.4,22.9,5.3,11.9,309.0,73.0,,,,,,
2026-01-23T08:00,64,Moderate,22.4,24.9,5.5,13.0,319.0,76.0,,,,,,
2026-01-23T09:00,64,Moderate,24.2,26.8,4.6,12.1,313.0,88.0,,,,,,
2026-01-23T10:00,65,Moderate,25.1,27.7,3.0,10.2,298.0,105.0,,,,,,
2026-01-23T11:00,65,Moderate,23.7,26.1,1.8,8.3,285.0,118.0,,,,,,
2026-01-23T12:00,66,Moderate,21.4,23.5,1.2,6.8,281.0,124.0,,,,,,
2026-01-23T13:00,66,Moderate,19.8,21.7,0.9,5.3,280.0,127.0,,,,,,
2026-01-23T14:00,66,Moderate,19.5,21.4,0.8,4.3,275.0,130.0,,,,,,
2026-01-23T15:00,67,Moderate,20.1,22.0,0.9,4.0,259.0,133.0,,,,,,
2026-01-23T16:00,67,Moderate,21.4,23.5,1.1,4.1,239.0,136.0,,,,,,
2026-01-23T17:00,71,Moderate,19.8,21.7,1.4,3.9,227.0,132.0,,,,,,
2026-01-23T18:00,80,Moderate,22.1,23.9,1.7,3.9,231.0,134.0,,,,,,
2026-01-23T19:00,86,Moderate,24.3,26.1,2.2,4.0,243.0,137.0,,,,,,
2026-01-23T20:00,91,Moderate,26.3,28.1,2.5,4.0,253.0,137.0,,,,,,
2026-01-23T21:00,93,Moderate,27.2,29.2,2.5,3.7,257.0,135.0,,,,,,
2026-01-23T22:00,95,Moderate,26.7,28.6,2.5,3.5,259.0,130.0,,,,,,
2026-01-23T23:00,95,Moderate,25.0,26.8,2.6,4.1,265.0,123.0,,,,,,
2026-01-24T00:00,93,Moderate,23.1,24.8,3.3,6.5,279.0,111.0,,,,,,
2026-01-24T01:00,88,Moderate,21.9,23.5,4.2,9.7,296.0,96.0,,,,,,
2026-01-24T02:00,80,Moderate,21.3,22.6,4.7,12.1,312.0,86.0,,,,,,
2026-01-24T03:00,74,Moderate,20.3,21.3,4.5,12.9,323.0,84.0,,,,,,
2026-01-24T04:00,75,Moderate,18.3,19.1,4.0,12.8,331.0,86.0,,,,,,
2026-01-24T05:00,75,Moderate,18.6,19.2,4.0,13.4,342.0,87.0,,,,,,
2026-01-24T06:00,75,Moderate,18.9,19.4,4.2,13.0,359.0,89.0,,,,,,
2026-01-24T07:00,75,Moderate,19.6,20.2,4.4,12.3,379.0,93.0,,,,,,
2026-01-24T08:00,75,Moderate,20.7,21.4,4.3,11.4,389.0,100.0,,,,,,
2026-01-24T09:00,75,Moderate,22.2,23.1,3.5,10.0,383.0,112.0,,,,,,
2026-01-24T10:00,74,Moderate,23.3,24.2,2.4,8.4,367.0,127.0,,,,,,
2026-01-24T11:00,74,Moderate,22.6,23.5,1.5,6.8,354.0,137.0,,,,,,
2026-01-24T12:00,74,Moderate,20.5,21.3,1.1,5.4,348.0,139.0,,,,,,
2026-01-24T13:00,74,Moderate,18.3,19.0,0.9,4.0,345.0,136.0,,,,,,
2026-01-24T14:00,74,Moderate,17.1,17.7,1.0,3.2,343.0,133.0,,,,,,
2026-01-24T15:00,74,Moderate,16.9,17.5,1.3,3.0,343.0,130.0,,,,,,
2026-01-24T16:00,82,Moderate,16.7,17.1,1.8,3.2,345.0,126.0,,,,,,
2026-01-24T17:00,88,Moderate,18.2,18.5,3.6,5.6,348.0,114.0,,,,,,
2026-01-24T18:00,88,Moderate,16.9,17.3,4.3,6.3,352.0,108.0,,,,,,
2026-01-24T19:00,84,Moderate,18.7,19.4,5.2,7.2,357.0,99.0,,,,,,
2026-01-24T20:00,76,Moderate,20.1,21.0,6.0,8.1,359.0,91.0,,,,,,
2026-01-24T21:00,72,Moderate,20.7,21.7,6.5,8.9,355.0,84.0,,,,,,
2026-01-24T22:00,71,Moderate,20.5,21.7,6.8,9.6,348.0,78.0,,,,,,
2026-01-24T23:00,71,Moderate,20.5,21.7,6.9,10.3,339.0,74.0,,,,,,
2026-01-25T00:00,70,Moderate,21.2,22.4,6.7,10.8,329.0,72.0,,,,,,
2026-01-25T01:00,70,Moderate,20.9,21.9,6.3,11.3,317.0,72.0,,,,,,
2026-01-25T02:00,70,Moderate,21.3,22.4,5.9,11.6,306.0,72.0,,,,,,
2026-01-25T03:00,70,Moderate,22.2,23.3,5.5,11.9,296.0,72.0,,,,,,
2026-01-25T04:00,70,Moderate,22.8,23.7,5.1,12.1,287.0,71.0,,,,,,
2026-01-25T05:00,71,Moderate,25.6,26.9,4.8,12.4,284.0,73.0,,,,,,
2026-01-25T06:00,71,Moderate,23.4,24.4,4.8,12.0,289.0,74.0,,,,,,
2026-01-25T07:00,72,Moderate,22.1,23.1,4.9,11.4,299.0,75.0,,,,,,
2026-01-25T08:00,72,Moderate,20.7,21.5,4.6,10.5,309.0,79.0,,,,,,
2026-01-25T09:00,72,Moderate,18.7,19.3,3.8,9.2,319.0,87.0,,,,,,
2026-01-25T10:00,72,Moderate,16.5,17.1,2.8,7.6,329.0,97.0,,,,,,
2026-01-25T11:00,71,Moderate,14.3,14.8,1.9,6.2,333.0,105.0,,,,,,
2026-01-25T12:00,70,Moderate,13.6,14.1,1.4,5.1,327.0,110.0,,,,,,
2026-01-25T13:00,70,Moderate,13.3,13.7,1.2,4.1,314.0,114.0,,,,,,
2026-01-25T14:00,69,Moderate,12.9,13.4,1.1,3.3,300.0,116.0,,,,,,
2026-01-25T15:00,69,Moderate,12.4,12.9,1.2,2.8,286.0,117.0,,,,,,
2026-01-25T16:00,69,Moderate,12.0,12.5,1.4,2.4,271.0,116.0,,,,,,
2026-01-25T17:00,68,Moderate,9.2,9.5,1.6,2.2,258.0,106.0,,,,,,
2026-01-25T18:00,68,Moderate,9.2,9.4,2.4,2.8,246.0,103.0,,,,,,
2026-01-25T19:00,67,Moderate,9.5,9.7,3.5,3.7,235.0,99.0,,,,,,
2026-01-25T20:00,66,Moderate,9.6,9.8,4.3,4.4,228.0,94.0,,,,,,
2026-01-25T21:00,65,Moderate,9.2,9.5,4.6,4.7,229.0,89.0,,,,,,
2026-01-25T22:00,65,Moderate,8.5,9.0,4.5,4.9,234.0,84.0,,,,,,
2026-01-25T23:00,64,Moderate,8.4,9.6,4.2,4.6,237.0,81.0,,,,,,
2026-01-26T00:00,63,Moderate,8.1,9.6,3.5,3.6,234.0,83.0,,,,,,
2026-01-26T01:00,62,Moderate,8.4,10.4,2.6,2.3,229.0,88.0,,,,,,
2026-01-26T02:00,61,Moderate,8.8,11.1,1.8,1.2,226.0,92.0,,,,,,
2026-01-26T03:00,60,Moderate,9.7,12.1,1.4,0.8,227.0,93.0,,,,,,
2026-01-26T04:00,59,Moderate,10.2,12.8,1.3,0.6,231.0,94.0,,,,,,
2026-01-26T05:00,58,Moderate,7.5,9.3,1.0,0.4,235.0,94.0,,,,,,
2026-01-26T06:00,56,Moderate,7.5,9.1,1.1,0.4,240.0,95.0,,,,,,
2026-01-26T07:00,55,Moderate,7.1,8.5,1.3,0.3,247.0,96.0,,,,,,
2026-01-26T08:00,54,Moderate,7.3,8.8,1.4,0.3,252.0,97.0,,,,,,
2026-01-26T09:00,53,Moderate,7.8,9.4,1.5,0.4,255.0,98.0,,,,,,
2026-01-26T10:00,52,Moderate,8.4,10.1,1.5,0.5,257.0,99.0,,,,,,
2026-01-26T11:00,51,Moderate,8.8,10.4,1.7,0.8,259.0,99.0,,,,,,
2026-01-26T12:00,51,Moderate,9.6,10.9,2.2,1.4,262.0,98.0,,,,,,
2026-01-26T13:00,51,Moderate,10.7,11.5,2.8,2.2,265.0,95.0,,,,,,
2026-01-26T14:00,50,Good,12.9,13.7,3.3,2.7,267.0,94.0,,,,,,
2026-01-26T15:00,50,Good,14.7,15.5,3.6,2.7,267.0,94.0,,,,,,
2026-01-26T16:00,51,Moderate,15.1,16.0,3.9,2.5,266.0,96.0,,,,,,
2026-01-26T17:00,51,Moderate,12.4,14.0,1.6,0.7,265.0,115.0,,,,,,
2026-01-26T18:00,51,Moderate,10.6,12.3,1.7,0.6,263.0,111.0,,,,,,
2026-01-26T19:00,51,Moderate,9.3,11.0,1.7,0.6,260.0,104.0,,,,,,
2026-01-26T20:00,51,Moderate,9.6,11.9,1.8,0.5,258.0,99.0,,,,,,
2026-01-26T21:00,51,Moderate,10.3,12.9,1.8,0.5,256.0,95.0,,,,,,
2026-01-26T22:00,51,Moderate,11.5,14.3,1.8,0.4,255.0,92.0,,,,,,
2026-01-26T23:00,51,Moderate,12.7,15.8,1.9,0.5,256.0,89.0,,,,,,
2026-01-27T00:00,52,Moderate,13.8,17.1,2.0,0.6,261.0,86.0,,,,,,
2026-01-27T01:00,52,Moderate,15.0,18.5,2.2,0.7,269.0,84.0,,,,,,
2026-01-27T02:00,53,Moderate,15.9,19.6,2.5,1.1,280.0,81.0,,,,,,
2026-01-27T03:00,53,Moderate,16.9,20.8,2.9,2.0,298.0,77.0,,,,,,
2026-01-27T04:00,54,Moderate,17.6,21.8,3.4,3.2,320.0,74.0,,,,,,
2026-01-27T05:00,54,Moderate,17.2,21.2,2.4,1.0,336.0,76.0,,,,,,
2026-01-27T06:00,55,Moderate,17.9,22.4,2.8,1.7,341.0,75.0,,,,,,
2026-01-27T07:00,56,Moderate,18.2,22.8,3.3,2.7,341.0,73.0,,,,,,
2026-01-27T08:00,57,Moderate,18.3,22.9,3.5,3.3,336.0,75.0,,,,,,
2026-01-27T09:00,58,Moderate,18.0,22.4,2.9,3.3,327.0,84.0,,,,,,
2026-01-27T10:00,59,Moderate,16.6,20.3,2.0,2.9,314.0,97.0,,,,,,
2026-01-27T11:00,59,Moderate,16.0,19.1,1.2,2.5,301.0,107.0,,,,,,
2026-01-27T12:00,60,Moderate,16.4,19.6,0.9,2.2,289.0,113.0,,,,,,
2026-01-27T13:00,60,Moderate,17.8,21.0,0.8,1.9,276.0,117.0,,,,,,
2026-01-27T14:00,61,Moderate,19.6,22.7,0.8,1.6,263.0,120.0,,,,,,
2026-01-27T15:00,61,Moderate,22.1,25.1,0.9,1.5,248.0,123.0,,,,,,
2026-01-27T16:00,62,Moderate,26.2,29.5,1.0,1.4,234.0,126.0,,,,,,
2026-01-27T17:00,63,Moderate,36.8,41.4,1.2,1.4,226.0,123.0,,,,,,
2026-01-27T18:00,65,Moderate,39.2,44.0,1.2,1.3,231.0,121.0,,,,,,
2026-01-27T19:00,69,Moderate,39.8,44.9,1.2,1.1,242.0,117.0,,,,,,
2026-01-27T20:00,71,Moderate,39.2,44.6,1.2,0.9,252.0,114.0,,,,,,
2026-01-27T21:00,72,Moderate,38.3,44.0,1.2,0.8,255.0,112.0,,,,,,
2026-01-27T22:00,74,Moderate,38.3,44.2,1.1,0.8,256.0,110.0,,,,,,
2026-01-27T23:00,76,Moderate,39.1,45.5,1.1,0.8,260.0,109.0,,,,,,
2026-01-28T00:00,78,Moderate,40.0,46.9,1.1,0.9,270.0,109.0,,,,,,
2026-01-28T01:00,80,Moderate,41.2,48.2,1.1,1.0,284.0,109.0,,,,,,
2026-01-28T02:00,82,Moderate,41.7,48.4,1.2,1.3,297.0,108.0,,,,,,
2026-01-28T03:00,84,Moderate,41.8,48.3,1.3,1.7,310.0,106.0,,,,,,
2026-01-28T04:00,86,Moderate,41.9,47.8,1.5,2.2,323.0,103.0,,,,,,
2026-01-28T05:00,88,Moderate,40.3,45.8,1.7,2.2,335.0,98.0,,,,,,
2026-01-28T06:00,90,Moderate,40.5,45.6,2.0,2.9,349.0,97.0,,,,,,
2026-01-28T07:00,92,Moderate,40.6,45.3,2.5,3.7,362.0,96.0,,,,,,
2026-01-28T08:00,94,Moderate,40.9,45.3,2.6,4.1,365.0,98.0,,,,,,
2026-01-28T09:00,95,Moderate,41.2,45.5,2.1,3.5,349.0,106.0,,,,,,
2026-01-28T10:00,97,Moderate,41.4,45.8,1.3,2.3,322.0,118.0,,,,,,
2026-01-28T11:00,99,Moderate,40.7,45.2,0.7,1.4,299.0,127.0,,,,,,
2026-01-28T12:00,101,Unhealthy for Sensitive Groups,40.0,44.5,0.5,1.0,287.0,131.0,,,,,,
2026-01-28T13:00,104,Unhealthy for Sensitive Groups,39.5,43.9,0.5,0.7,279.0,131.0,,,,,,
2026-01-28T14:00,106,Unhealthy for Sensitive Groups,38.2,42.4,0.5,0.6,272.0,131.0,,,,,,
2026-01-28T15:00,108,Unhealthy for Sensitive Groups,36.4,40.4,0.6,0.5,266.0,130.0,,,,,,
2026-01-28T16:00,110,Unhealthy for Sensitive Groups,34.1,38.1,0.7,0.6,261.0,128.0,,,,,,
2026-01-28T17:00,110,Unhealthy for Sensitive Groups,31.0,34.3,1.1,0.7,258.0,125.0,,,,,,
2026-01-28T18:00,110,Unhealthy for Sensitive Groups,29.9,33.3,1.3,0.7,257.0,123.0,,,,,,
2026-01-28T19:00,109,Unhealthy for Sensitive Groups,29.1,32.5,1.6,0.7,256.0,121.0,,,,,,
2026-01-28T20:00,108,Unhealthy for Sensitive Groups,28.6,32.1,1.7,0.8,255.0,118.0,,,,,,
2026-01-28T21:00,107,Unhealthy for Sensitive Groups,28.4,32.2,1.6,0.9,250.0,115.0,,,,,,
2026-01-28T22:00,106,Unhealthy for Sensitive Groups,28.8,33.1,1.4,1.0,245.0,112.0,,,,,,
2026-01-28T23:00,105,Unhealthy for Sensitive Groups,29.7,34.2,1.3,1.2,242.0,109.0,,,,,,
2026-01-29T00:00,104,Unhealthy for Sensitive Groups,30.7,35.5,1.2,1.5,243.0,106.0,,,,,,
2026-01-29T01:00,103,Unhealthy for Sensitive Groups,31.8,36.8,1.2,1.7,248.0,103.0,,,,,,
2026-01-29T02:00,102,Unhealthy for Sensitive Groups,32.6,37.7,1.2,1.9,258.0,101.0,,,,,,
2026-01-29T03:00,101,Unhealthy for Sensitive Groups,33.1,38.4,1.1,1.8,278.0,100.0,,,,,,
2026-01-29T04:00,100,Moderate,33.9,39.6,1.1,1.5,304.0,101.0,,,,,,
2026-01-29T05:00,99,Moderate,33.1,38.2,1.2,1.2,328.0,98.0,,,,,,
2026-01-29T06:00,99,Moderate,34.0,39.1,1.7,1.7,350.0,95.0,,,,,,
2026-01-29T07:00,98,Moderate,35.0,39.9,2.3,2.4,370.0,91.0,,,,,,
2026-01-29T08:00,98,Moderate,36.0,40.7,2.6,2.8,375.0,91.0,,,,,,
2026-01-29T09:00,97,Moderate,37.7,42.7,2.2,2.8,353.0,98.0,,,,,,
2026-01-29T10:00,97,Moderate,38.0,43.0,1.6,2.5,316.0,109.0,,,,,,
2026-01-29T11:00,97,Moderate,36.7,41.3,1.0,2.2,286.0,118.0,,,,,,
2026-01-29T12:00,96,Moderate,35.4,39.9,0.7,1.8,273.0,121.0,,,,,,
2026-01-29T13:00,96,Moderate,34.5,38.8,0.6,1.4,268.0,122.0,,,,,,
2026-01-29T14:00,96,Moderate,33.6,38.2,0.6,1.1,264.0,122.0,,,,,,
2026-01-29T15:00,95,Moderate,33.1,37.7,0.7,0.9,259.0,121.0,,,,,,
2026-01-29T16:00,95,Moderate,32.6,37.3,0.8,0.9,254.0,119.0,,,,,,
2026-01-29T17:00,95,Moderate,28.3,31.4,1.4,1.3,248.0,119.0,,,,,,
2026-01-29T18:00,95,Moderate,29.5,32.6,1.6,1.2,239.0,118.0,,,,,,
2026-01-29T19:00,95,Moderate,29.7,32.8,1.9,1.2,229.0,116.0,,,,,,
2026-01-29T20:00,95,Moderate,29.4,32.5,2.2,1.4,223.0,113.0,,,,,,
2026-01-29T21:00,95,Moderate,28.4,31.5,2.3,2.1,224.0,110.0,,,,,,
2026-01-29T22:00,95,Moderate,27.8,31.0,2.4,3.0,229.0,106.0,,,,,,
2026-01-29T23:00,95,Moderate,28.0,31.2,2.4,3.9,234.0,101.0,,,,,,
2026-01-30T00:00,95,Moderate,29.0,32.5,2.5,4.6,239.0,96.0,,,,,,
2026-01-30T01:00,94,Moderate,29.8,33.8,2.6,5.3,244.0,90.0,,,,,,
2026-01-30T02:00,94,Moderate,30.0,34.3,2.6,5.6,251.0,85.0,,,,,,
2026-01-30T03:00,94,Moderate,29.7,34.5,2.5,5.2,260.0,83.0,,,,,,
2026-01-30T04:00,94,Moderate,29.4,34.2,2.4,4.5,269.0,82.0,,,,,,
2026-01-30T05:00,93,Moderate,31.1,35.6,3.1,6.1,278.0,77.0,,,,,,
2026-01-30T06:00,93,Moderate,31.8,36.7,3.4,6.6,288.0,76.0,,,,,,
2026-01-30T07:00,93,Moderate,32.1,37.1,3.8,7.3,297.0,76.0,,,,,,
2026-01-30T08:00,93,Moderate,32.8,38.1,3.8,7.6,294.0,79.0,,,,,,
2026-01-30T09:00,93,Moderate,33.8,39.2,3.1,7.2,269.0,89.0,,,,,,
2026-01-30T10:00,92,Moderate,32.8,38.2,2.1,6.5,233.0,103.0,,,,,,
2026-01-30T11:00,92,Moderate,30.3,35.0,1.3,5.6,206.0,114.0,,,,,,
2026-01-30T12:00,91,Moderate,28.8,32.9,0.9,4.6,197.0,119.0,,,,,,
2026-01-30T13:00,91,Moderate,27.5,31.4,0.8,3.6,198.0,121.0,,,,,,
2026-01-30T14:00,90,Moderate,25.9,29.7,0.7,2.7,199.0,122.0,,,,,,
2026-01-30T15:00,90,Moderate,23.7,27.4,0.7,2.2,199.0,122.0,,,,,,
2026-01-30T16:00,89,Moderate,21.8,25.4,0.8,1.8,201.0,121.0,,,,,,
2026-01-30T17:00,88,Moderate,18.3,20.5,1.0,2.3,200.0,118.0,,,,,,
2026-01-30T18:00,87,Moderate,19.8,22.1,1.1,2.0,195.0,118.0,,,,,,
2026-01-30T19:00,87,Moderate,20.0,22.3,1.3,1.6,189.0,117.0,,,,,,
2026-01-30T20:00,86,Moderate,18.3,21.0,1.5,1.4,185.0,115.0,,,,,,
2026-01-30T21:00,85,Moderate,16.2,19.5,1.6,1.4,185.0,109.0,,,,,,
2026-01-30T22:00,84,Moderate,15.1,19.0,1.7,1.6,188.0,102.0,,,,,,
2026-01-30T23:00,83,Moderate,14.6,18.9,1.8,1.9,192.0,95.0,,,,,,
2026-01-31T00:00,82,Moderate,14.1,18.6,2.0,2.3,197.0,89.0,,,,,,
2026-01-31T01:00,81,Moderate,13.5,18.2,2.3,2.7,203.0,83.0,,,,,,
2026-01-31T02:00,80,Moderate,13.1,18.0,2.5,3.2,211.0,79.0,,,,,,
2026-01-31T03:00,78,Moderate,13.1,18.1,2.7,3.7,221.0,76.0,,,,,,
2026-01-31T04:00,77,Moderate,13.3,18.6,2.8,4.2,232.0,75.0,,,,,,
2026-01-31T05:00,76,Moderate,14.8,20.4,3.7,6.8,241.0,71.0,,,,,,
2026-01-31T06:00,74,Moderate,15.6,21.7,4.5,8.4,248.0,69.0,,,,,,
2026-01-31T07:00,73,Moderate,16.4,22.8,5.5,10.5,252.0,67.0,,,,,,
2026-01-31T08:00,72,Moderate,17.3,23.7,5.9,11.6,251.0,69.0,,,,,,
2026-01-31T09:00,71,Moderate,18.5,24.9,5.0,11.0,240.0,79.0,,,,,,
2026-01-31T10:00,69,Moderate,19.1,25.4,3.3,9.4,224.0,92.0,,,,,,
2026-01-31T11:00,68,Moderate,18.6,23.9,2.0,7.7,212.0,103.0,,,,,,
2026-01-31T12:00,67,Moderate,18.5,22.9,1.3,6.2,207.0,108.0,,,,,,
2026-01-31T13:00,67,Moderate,18.5,22.3,1.0,4.6,206.0,110.0,,,,,,
2026-01-31T14:00,66,Moderate,18.0,21.5,0.8,3.3,206.0,111.0,,,,,,
2026-01-31T15:00,65,Moderate,17.2,20.4,0.8,2.5,204.0,110.0,,,,,,
2026-01-31T16:00,65,Moderate,16.6,20.0,1.1,2.0,203.0,108.0,,,,,,
2026-01-31T17:00,64,Moderate,16.2,18.6,1.7,2.6,204.0,113.0,,,,,,
2026-01-31T18:00,64,Moderate,17.2,20.1,1.8,2.4,209.0,112.0,,,,,,
2026-01-31T19:00,64,Moderate,16.7,19.5,2.0,2.2,215.0,110.0,,,,,,
2026-01-31T20:00,64,Moderate,15.5,18.5,2.2,2.0,219.0,107.0,,,,,,
2026-01-31T21:00,63,Moderate,15.1,18.8,2.4,1.8,218.0,102.0,,,,,,
2026-01-31T22:00,63,Moderate,15.3,19.6,2.5,1.7,214.0,96.0,,,,,,
2026-01-31T23:00,63,Moderate,14.9,19.2,2.6,1.6,211.0,90.0,,,,,,
2026-02-01T00:00,63,Moderate,13.5,17.6,2.6,1.6,211.0,85.0,,,,,,
2026-02-01T01:00,63,Moderate,12.0,15.8,2.5,1.6,213.0,81.0,,,,,,
2026-02-01T02:00,63,Moderate,11.0,14.4,2.4,1.9,214.0,77.0,,,,,,
2026-02-01T03:00,63,Moderate,10.4,13.8,2.4,2.5,214.0,74.0,,,,,,
2026-02-01T04:00,63,Moderate,10.1,13.5,2.5,3.3,213.0,72.0,,,,,,
2026-02-01T05:00,63,Moderate,10.4,14.1,2.8,4.4,215.0,70.0,,,,,,
2026-02-01T06:00,62,Moderate,10.3,14.0,3.8,5.3,223.0,69.0,,,,,,
2026-02-01T07:00,62,Moderate,8.8,11.8,5.2,6.4,233.0,69.0,,,,,,
2026-02-01T08:00,61,Moderate,6.3,7.6,5.8,6.8,241.0,70.0,,,,,,
2026-02-01T09:00,60,Moderate,5.5,5.8,4.8,5.6,245.0,75.0,,,,,,
2026-02-01T10:00,59,Moderate,5.1,5.2,3.0,3.5,246.0,82.0,,,,,,
2026-02-01T11:00,58,Moderate,4.6,4.7,1.7,2.2,245.0,89.0,,,,,,
2026-02-01T12:00,57,Moderate,5.7,5.8,1.4,2.3,242.0,94.0,,,,,,
2026-02-01T13:00,56,Moderate,6.8,7.1,1.6,3.1,237.0,98.0,,,,,,
2026-02-01T14:00,55,Moderate,8.7,9.1,1.9,3.7,233.0,101.0,,,,,,
2026-02-01T15:00,55,Moderate,9.6,10.1,2.1,3.8,229.0,103.0,,,,,,
2026-02-01T16:00,54,Moderate,10.1,10.7,2.4,3.8,226.0,105.0,,,,,,
2026-02-01T17:00,53,Moderate,18.0,19.1,3.2,5.3,224.0,106.0,,,,,,
2026-02-01T18:00,54,Moderate,18.7,19.7,3.6,5.9,224.0,104.0,,,,,,
2026-02-01T19:00,54,Moderate,21.6,23.1,4.0,6.6,226.0,100.0,,,,,,
2026-02-01T20:00,54,Moderate,17.3,18.4,4.2,6.6,227.0,96.0,,,,,,
2026-02-01T21:00,54,Moderate,12.8,13.9,3.7,5.2,228.0,89.0,,,,,,
2026-02-01T22:00,54,Moderate,8.8,11.1,2.9,3.0,228.0,82.0,,,,,,
2026-02-01T23:00,54,Moderate,7.0,9.2,2.3,1.5,228.0,77.0,,,,,,
2026-02-02T00:00,53,Moderate,8.8,11.6,2.0,1.1,227.0,78.0,,,,,,
2026-02-02T01:00,53,Moderate,11.9,15.3,2.0,1.4,225.0,81.0,,,,,,
2026-02-02T02:00,53,Moderate,14.7,18.4,1.9,1.7,227.0,84.0,,,,,,
2026-02-02T03:00,53,Moderate,17.1,21.0,1.7,1.8,233.0,84.0,,,,,,
2026-02-02T04:00,53,Moderate,19.2,23.4,1.6,2.0,242.0,84.0,,,,,,
2026-02-02T05:00,54,Moderate,20.6,24.9,2.0,2.9,252.0,81.0,,,,,,
2026-02-02T06:00,55,Moderate,23.3,27.2,2.6,4.0,266.0,80.0,,,,,,
2026-02-02T07:00,56,Moderate,26.2,29.8,3.3,5.6,281.0,79.0,,,,,,
2026-02-02T08:00,57,Moderate,29.5,32.9,3.6,6.5,289.0,82.0,,,,,,
2026-02-02T09:00,59,Moderate,32.5,36.0,3.1,6.4,282.0,92.0,,,,,,
2026-02-02T10:00,61,Moderate,34.2,37.8,2.1,5.7,268.0,105.0,,,,,,
2026-02-02T11:00,63,Moderate,33.9,37.4,1.3,4.9,258.0,116.0,,,,,,
2026-02-02T12:00,66,Moderate,32.2,35.4,1.0,4.0,261.0,121.0,,,,,,
2026-02-02T13:00,68,Moderate,30.3,33.3,0.8,3.0,268.0,122.0,,,,,,
2026-02-02T14:00,70,Moderate,28.8,31.7,0.8,2.2,272.0,123.0,,,,,,
2026-02-02T15:00,71,Moderate,28.1,30.9,0.9,1.7,269.0,123.0,,,,,,
2026-02-02T16:00,73,Moderate,28.2,31.0,1.0,1.5,262.0,122.0,,,,,,
2026-02-02T17:00,74,Moderate,31.7,34.3,1.5,1.6,252.0,123.0,,,,,,
2026-02-02T18:00,75,Moderate,30.6,33.4,1.6,1.6,236.0,122.0,,,,,,
2026-02-02T19:00,76,Moderate,29.6,32.4,1.8,1.7,217.0,120.0,,,,,,
2026-02-02T20:00,77,Moderate,28.9,31.7,1.9,1.8,205.0,117.0,,,,,,
2026-02-02T21:00,78,Moderate,29.4,32.1,2.0,2.0,207.0,113.0,,,,,,
2026-02-02T22:00,79,Moderate,31.5,34.5,2.0,2.3,217.0,108.0,,,,,,
2026-02-02T23:00,81,Moderate,34.2,37.3,2.0,2.4,227.0,105.0,,,,,,
2026-02-03T00:00,83,Moderate,35.9,39.2,1.8,2.3,236.0,104.0,,,,,,
2026-02-03T01:00,85,Moderate,36.0,39.6,1.6,2.1,246.0,104.0,,,,,,
2026-02-03T02:00,87,Moderate,35.3,39.0,1.4,2.1,257.0,104.0,,,,,,
2026-02-03T03:00,89,Moderate,34.6,38.3,1.4,2.3,268.0,102.0,,,,,,
2026-02-03T04:00,90,Moderate,34.3,38.2,1.5,2.7,280.0,100.0,,,,,,
2026-02-03T05:00,91,Moderate,36.8,40.4,2.0,4.2,291.0,95.0,,,,,,
2026-02-03T06:00,92,Moderate,36.1,39.8,2.2,4.7,305.0,95.0,,,,,,
2026-02-03T07:00,93,Moderate,35.9,39.6,2.5,5.3,319.0,95.0,,,,,,
2026-02-03T08:00,94,Moderate,36.0,39.6,2.6,5.5,321.0,97.0,,,,,,
2026-02-03T09:00,95,Moderate,35.2,38.9,2.2,4.9,302.0,104.0,,,,,,
2026-02-03T10:00,95,Moderate,32.9,36.6,1.5,3.9,272.0,113.0,,,,,,
2026-02-03T11:00,95,Moderate,30.7,34.0,0.9,3.0,246.0,120.0,,,,,,
2026-02-03T12:00,95,Moderate,29.0,32.1,0.6,2.3,230.0,121.0,,,,,,
2026-02-03T13:00,94,Moderate,27.0,30.0,0.5,1.8,219.0,120.0,,,,,,
2026-02-03T14:00,94,Moderate,24.7,27.8,0.5,1.3,207.0,118.0,,,,,,
2026-02-03T15:00,94,Moderate,22.7,25.9,0.5,0.9,192.0,116.0,,,,,,
2026-02-03T16:00,93,Moderate,21.5,25.0,0.7,0.7,177.0,113.0,,,,,,
2026-02-03T17:00,93,Moderate,22.1,25.3,0.9,0.9,168.0,112.0,,,,,,
2026-02-03T18:00,92,Moderate,20.7,24.0,1.0,0.8,170.0,110.0,,,,,,
2026-02-03T19:00,91,Moderate,18.9,22.3,1.1,0.6,178.0,107.0,,,,,,
2026-02-03T20:00,90,Moderate,17.2,20.6,1.3,0.5,185.0,103.0,,,,,,
2026-02-03T21:00,90,Moderate,16.3,20.2,1.5,0.5,189.0,98.0,,,,,,
2026-02-03T22:00,88,Moderate,15.3,19.3,1.7,0.6,192.0,91.0,,,,,,
2026-02-03T23:00,87,Moderate,14.4,18.2,1.9,0.8,197.0,86.0,,,,,,
2026-02-04T00:00,86,Moderate,13.6,17.3,2.1,1.2,206.0,82.0,,,,,,
2026-02-04T01:00,84,Moderate,13.1,16.8,2.2,1.8,216.0,80.0,,,,,,
2026-02-04T02:00,82,Moderate,12.8,16.4,2.4,2.4,224.0,78.0,,,,,,
2026-02-04T03:00,80,Moderate,12.8,16.4,2.5,2.8,228.0,77.0,,,,,,
2026-02-04T04:00,79,Moderate,12.8,16.3,2.6,3.2,230.0,76.0,,,,,,
2026-02-04T05:00,77,Moderate,12.7,16.2,2.8,3.8,230.0,73.0,,,,,,
2026-02-04T06:00,75,Moderate,13.1,16.6,3.6,5.0,228.0,72.0,,,,,,
2026-02-04T07:00,73,Moderate,13.4,17.1,4.5,6.6,223.0,70.0,,,,,,
2026-02-04T08:00,71,Moderate,13.8,17.5,4.9,7.5,219.0,72.0,,,,,,
2026-02-04T09:00,70,Moderate,14.3,18.2,4.0,7.1,216.0,81.0,,,,,,
2026-02-04T10:00,68,Moderate,15.0,19.4,2.6,5.9,212.0,93.0,,,,,,
2026-02-04T11:00,67,Moderate,14.8,19.0,1.4,4.7,209.0,102.0,,,,,,
2026-02-04T12:00,65,Moderate,14.4,18.2,0.9,3.6,205.0,106.0,,,,,,
2026-02-04T13:00,64,Moderate,14.3,17.9,0.7,2.4,201.0,107.0,,,,,,
2026-02-04T14:00,63,Moderate,14.3,17.9,0.6,1.5,199.0,107.0,,,,,,
2026-02-04T15:00,62,Moderate,14.3,17.8,0.6,1.0,199.0,107.0,,,,,,
2026-02-04T16:00,62,Moderate,14.4,17.9,0.8,0.8,201.0,107.0,,,,,,
2026-02-04T17:00,61,Moderate,12.5,15.4,1.0,0.6,201.0,102.0,,,,,,
2026-02-04T18:00,60,Moderate,13.2,16.2,1.0,0.5,196.0,99.0,,,,,,
2026-02-04T19:00,60,Moderate,13.6,16.9,1.1,0.4,189.0,94.0,,,,,,
2026-02-04T20:00,59,Moderate,14.0,17.4,1.2,0.4,185.0,89.0,,,,,,
2026-02-04T21:00,59,Moderate,13.9,17.3,1.4,0.4,185.0,85.0,,,,,,
2026-02-04T22:00,59,Moderate,13.7,17.1,1.6,0.4,188.0,81.0,,,,,,
2026-02-04T23:00,59,Moderate,13.3,16.5,1.9,0.6,193.0,78.0,,,,,,
2026-02-05T00:00,59,Moderate,13.0,16.0,2.2,1.1,200.0,75.0,,,,,,
2026-02-05T01:00,59,Moderate,12.7,15.6,2.5,1.7,208.0,74.0,,,,,,
2026-02-05T02:00,59,Moderate,12.7,15.7,2.8,2.5,216.0,72.0,,,,,,
2026-02-05T03:00,59,Moderate,13.0,16.2,2.9,3.4,223.0,71.0,,,,,,
2026-02-05T04:00,59,Moderate,13.6,16.9,2.9,4.5,230.0,71.0,,,,,,
2026-02-05T05:00,59,Moderate,11.9,14.7,2.0,2.4,235.0,75.0,,,,,,
2026-02-05T06:00,59,Moderate,11.0,13.6,2.3,3.1,236.0,75.0,,,,,,
2026-02-05T07:00,59,Moderate,10.0,12.3,2.8,4.1,236.0,75.0,,,,,,
2026-02-05T08:00,58,Moderate,10.3,12.7,2.9,4.7,238.0,78.0,,,,,,
2026-02-05T09:00,58,Moderate,11.2,13.9,2.5,4.7,246.0,85.0,,,,,,
2026-02-05T10:00,58,Moderate,11.7,14.4,1.8,4.2,257.0,95.0,,,,,,
2026-02-05T11:00,58,Moderate,11.9,14.4,1.3,3.8,265.0,103.0,,,,,,
2026-02-05T12:00,57,Moderate,11.7,13.7,1.0,3.4,268.0,109.0,,,,,,
2026-02-05T13:00,57,Moderate,12.1,14.1,0.9,2.9,269.0,115.0,,,,,,
2026-02-05T14:00,57,Moderate,12.5,14.5,0.8,2.5,269.0,118.0,,,,,,
2026-02-05T15:00,57,Moderate,12.8,14.9,0.8,2.1,269.0,118.0,,,,,,
2026-02-05T16:00,57,Moderate,12.6,14.7,1.0,1.6,268.0,116.0,,,,,,
2026-02-05T17:00,57,Moderate,15.5,17.7,1.4,1.8,267.0,117.0,,,,,,
2026-02-05T18:00,57,Moderate,13.9,15.9,1.6,1.5,267.0,114.0,,,,,,
2026-02-05T19:00,60,Moderate,13.5,15.4,1.9,1.2,268.0,110.0,,,,,,
2026-02-05T20:00,62,Moderate,13.3,15.1,2.1,1.0,269.0,105.0,,,,,,
2026-02-05T21:00,61,Moderate,13.2,15.0,2.3,1.1,270.0,99.0,,,,,,
2026-02-05T22:00,57,Moderate,13.8,16.1,2.5,1.5,272.0,92.0,,,,,,
2026-02-05T23:00,57,Moderate,14.7,17.6,2.6,1.7,274.0,86.0,,,,,,
2026-02-06T00:00,57,Moderate,15.2,18.3,2.6,1.7,277.0,82.0,,,,,,
2026-02-06T01:00,57,Moderate,15.4,18.6,2.6,1.7,280.0,79.0,,,,,,
2026-02-06T02:00,57,Moderate,15.7,18.9,2.6,1.8,282.0,77.0,,,,,,
2026-02-06T03:00,57,Moderate,15.9,19.2,2.5,2.2,281.0,76.0,,,,,,
2026-02-06T04:00,58,Moderate,16.1,19.4,2.5,2.8,280.0,75.0,,,,,,
2026-02-06T05:00,58,Moderate,17.1,20.8,3.2,3.2,280.0,69.0,,,,,,
2026-02-06T06:00,58,Moderate,17.1,21.0,3.8,4.9,286.0,68.0,,,,,,
2026-02-06T07:00,59,Moderate,16.9,20.5,4.5,7.2,293.0,67.0,,,,,,
2026-02-06T08:00,59,Moderate,16.7,20.3,4.7,8.7,296.0,71.0,,,,,,
2026-02-06T09:00,60,Moderate,16.8,20.3,4.0,8.5,288.0,83.0,,,,,,
2026-02-06T10:00,60,Moderate,16.5,19.4,2.7,7.5,276.0,98.0,,,,,,
2026-02-06T11:00,61,Moderate,16.2,18.6,1.7,6.3,265.0,111.0,,,,,,
2026-02-06T12:00,61,Moderate,15.8,18.2,1.2,5.0,260.0,117.0,,,,,,
2026-02-06T13:00,61,Moderate,15.9,18.3,0.9,3.5,256.0,120.0,,,,,,
2026-02-06T14:00,62,Moderate,15.9,18.2,0.8,2.3,255.0,121.0,,,,,,
2026-02-06T15:00,62,Moderate,15.2,17.4,0.8,1.6,255.0,120.0,,,,,,
2026-02-06T16:00,62,Moderate,14.3,16.5,1.0,1.1,258.0,118.0,,,,,,
2026-02-06T17:00,62,Moderate,15.5,17.8,1.3,1.1,260.0,117.0,,,,,,
2026-02-06T18:00,63,Moderate,15.0,17.3,1.4,1.1,262.0,114.0,,,,,,
2026-02-06T19:00,66,Moderate,15.4,18.3,1.6,1.0,265.0,110.0,,,,,,
2026-02-06T20:00,66,Moderate,15.3,18.3,1.8,1.1,267.0,105.0,,,,,,
2026-02-06T21:00,63,Moderate,15.1,18.2,2.0,1.2,267.0,99.0,,,,,,
2026-02-06T22:00,63,Moderate,15.1,18.2,2.2,1.5,267.0,93.0,,,,,,
2026-02-06T23:00,63,Moderate,15.1,18.3,2.4,1.8,268.0,87.0,,,,,,
2026-02-07T00:00,63,Moderate,15.1,18.5,2.6,2.3,271.0,83.0,,,,,,
2026-02-07T01:00,63,Moderate,15.1,18.5,2.7,2.9,274.0,80.0,,,,,,
2026-02-07T02:00,63,Moderate,15.0,18.5,2.9,3.6,278.0,77.0,,,,,,
2026-02-07T03:00,63,Moderate,15.0,18.6,3.1,4.4,283.0,74.0,,,,,,
2026-02-07T04:00,63,Moderate,15.0,18.6,3.3,5.4,287.0,72.0,,,,,,
2026-02-07T05:00,63,Moderate,15.3,19.1,3.7,6.9,290.0,70.0,,,,,,
2026-02-07T06:00,62,Moderate,15.7,19.7,4.4,8.1,289.0,69.0,,,,,,
2026-02-07T07:00,62,Moderate,15.8,19.8,5.3,9.7,286.0,69.0,,,,,,
2026-02-07T08:00,62,Moderate,16.2,20.3,5.5,10.4,282.0,72.0,,,,,,
2026-02-07T09:00,62,Moderate,17.0,21.3,4.5,9.5,278.0,83.0,,,,,,
2026-02-07T10:00,62,Moderate,17.6,21.9,2.9,7.7,274.0,98.0,,,,,,
2026-02-07T11:00,62,Moderate,16.8,20.3,1.6,6.0,270.0,110.0,,,,,,
2026-02-07T12:00,62,Moderate,16.6,19.7,1.1,4.7,268.0,116.0,,,,,,
2026-02-07T13:00,62,Moderate,16.5,19.5,0.9,3.5,267.0,118.0,,,,,,
2026-02-07T14:00,62,Moderate,16.1,18.9,0.8,2.5,263.0,119.0,,,,,,
2026-02-07T15:00,62,Moderate,15.5,18.2,0.8,1.8,251.0,118.0,,,,,,
2026-02-07T16:00,63,Moderate,15.4,18.4,0.9,1.2,236.0,116.0,,,,,,
2026-02-07T17:00,63,Moderate,16.1,18.3,1.2,1.2,227.0,115.0,,,,,,
2026-02-07T18:00,63,Moderate,15.2,17.5,1.4,1.1,229.0,112.0,,,,,,
2026-02-07T19:00,63,Moderate,15.2,17.5,1.6,1.0,236.0,107.0,,,,,,
2026-02-07T20:00,63,Moderate,16.7,19.6,1.8,0.9,241.0,103.0,,,,,,
2026-02-07T21:00,63,Moderate,18.3,21.3,1.8,0.8,239.0,100.0,,,,,,
2026-02-07T22:00,63,Moderate,20.7,23.6,1.8,0.8,234.0,98.0,,,,,,
2026-02-07T23:00,63,Moderate,23.4,26.0,1.8,1.1,233.0,95.0,,,,,,
2026-02-08T00:00,64,Moderate,26.7,29.2,2.0,1.8,239.0,92.0,,,,,,
2026-02-08T01:00,65,Moderate,29.2,31.7,2.3,2.8,249.0,89.0,,,,,,
2026-02-08T02:00,66,Moderate,31.5,34.0,2.6,3.8,261.0,87.0,,,,,,
2026-02-08T03:00,67,Moderate,33.6,36.2,2.7,5.0,277.0,85.0,,,,,,
2026-02-08T04:00,69,Moderate,35.2,37.6,2.8,6.2,295.0,84.0,,,,,,
2026-02-08T05:00,70,Moderate,35.9,38.6,2.3,3.8,309.0,84.0,,,,,,
2026-02-08T06:00,72,Moderate,37.6,40.4,2.5,3.9,317.0,84.0,,,,,,
2026-02-08T07:00,74,Moderate,38.8,41.6,2.6,4.1,322.0,86.0,,,,,,
2026-02-08T08:00,76,Moderate,39.8,42.6,2.6,4.2,326.0,90.0,,,,,,
2026-02-08T09:00,77,Moderate,40.9,43.7,2.1,4.2,330.0,100.0,,,,,,
2026-02-08T10:00,79,Moderate,42.0,44.7,1.4,4.1,332.0,114.0,,,,,,
2026-02-08T11:00,81,Moderate,43.3,45.9,0.8,4.1,330.0,125.0,,,,,,
2026-02-08T12:00,83,Moderate,44.0,46.3,0.6,4.4,321.0,130.0,,,,,,
2026-02-08T13:00,86,Moderate,43.7,45.9,0.6,4.7,308.0,133.0,,,,,,
2026-02-08T14:00,88,Moderate,42.6,44.8,0.6,5.0,299.0,134.0,,,,,,
2026-02-08T15:00,90,Moderate,41.7,43.8,0.7,5.0,298.0,135.0,,,,,,
2026-02-08T16:00,92,Moderate,41.2,43.3,0.8,4.9,300.0,134.0,,,,,,
2026-02-08T17:00,94,Moderate,43.2,45.4,0.9,4.6,301.0,129.0,,,,,,
2026-02-08T18:00,96,Moderate,42.6,44.7,1.0,4.7,299.0,129.0,,,,,,
2026-02-08T19:00,98,Moderate,42.6,44.7,1.0,4.9,296.0,128.0,,,,,,
2026-02-08T20:00,100,Moderate,43.1,45.3,1.1,5.0,294.0,127.0,,,,,,
2026-02-08T21:00,103,Unhealthy for Sensitive Groups,43.9,46.2,1.1,5.1,291.0,125.0,,,,,,
2026-02-08T22:00,106,Unhealthy for Sensitive Groups,44.6,47.0,1.1,5.1,289.0,123.0,,,,,,
2026-02-08T23:00,108,Unhealthy for Sensitive Groups,45.1,47.4,1.1,5.2,290.0,121.0,,,,,,
2026-02-09T00:00,110,Unhealthy for Sensitive Groups,45.2,47.6,1.1,5.2,295.0,119.0,,,,,,
2026-02-09T01:00,112,Unhealthy for Sensitive Groups,45.1,47.6,1.1,5.3,303.0,116.0,,,,,,
2026-02-09T02:00,114,Unhealthy for Sensitive Groups,45.1,47.6,1.1,5.3,316.0,114.0,,,,,,
2026-02-09T03:00,116,Unhealthy for Sensitive Groups,44.9,47.6,1.1,5.3,336.0,112.0,,,,,,
2026-02-09T04:00,117,Unhealthy for Sensitive Groups,44.9,47.6,1.1,5.4,360.0,109.0,,,,,,
2026-02-09T05:00,118,Unhealthy for Sensitive Groups,43.4,46.1,1.2,5.2,379.0,107.0,,,,,,
2026-02-09T06:00,118,Unhealthy for Sensitive Groups,43.3,46.1,1.4,5.3,394.0,106.0,,,,,,
2026-02-09T07:00,119,Unhealthy for Sensitive Groups,43.2,46.0,1.6,5.3,404.0,105.0,,,,,,
2026-02-09T08:00,120,Unhealthy for Sensitive Groups,43.3,46.2,1.7,5.3,403.0,106.0,,,,,,
2026-02-09T09:00,120,Unhealthy for Sensitive Groups,43.0,45.9,1.4,5.1,384.0,111.0,,,,,,
2026-02-09T10:00,120,Unhealthy for Sensitive Groups,40.5,43.3,1.0,4.7,353.0,117.0,,,,,,
2026-02-09T11:00,120,Unhealthy for Sensitive Groups,37.1,39.8,0.7,4.3,327.0,123.0,,,,,,
2026-02-09T12:00,119,Unhealthy for Sensitive Groups,34.8,37.3,0.6,3.9,311.0,127.0,,,,,,
2026-02-09T13:00,118,Unhealthy for Sensitive Groups,32.9,35.3,0.6,3.4,299.0,129.0,,,,,,
2026-02-09T14:00,117,Unhealthy for Sensitive Groups,30.9,33.2,0.6,3.0,287.0,131.0,,,,,,
2026-02-09T15:00,116,Unhealthy for Sensitive Groups,29.0,31.2,0.7,2.7,271.0,132.0,,,,,,
2026-02-09T16:00,115,Unhealthy for Sensitive Groups,27.5,29.8,0.8,2.4,255.0,133.0,,,,,,
2026-02-09T17:00,113,Unhealthy for Sensitive Groups,33.2,36.3,0.9,1.9,242.0,124.0,,,,,,
2026-02-09T18:00,112,Unhealthy for Sensitive Groups,30.9,34.2,0.9,1.8,233.0,122.0,,,,,,
2026-02-09T19:00,111,Unhealthy for Sensitive Groups,28.4,31.9,0.9,1.6,227.0,118.0,,,,,,
2026-02-09T20:00,110,Unhealthy for Sensitive Groups,27.5,31.2,0.9,1.5,223.0,116.0,,,,,,
2026-02-09T21:00,108,Unhealthy for Sensitive Groups,27.8,31.5,0.9,1.5,219.0,115.0,,,,,,
2026-02-09T22:00,106,Unhealthy for Sensitive Groups,28.2,31.9,0.8,1.7,216.0,115.0,,,,,,
2026-02-09T23:00,105,Unhealthy for Sensitive Groups,28.6,32.4,0.8,1.8,217.0,116.0,,,,,,
2026-02-10T00:00,103,Unhealthy for Sensitive Groups,28.8,32.6,0.8,1.9,224.0,118.0,,,,,,
2026-02-10T01:00,101,Unhealthy for Sensitive Groups,28.9,32.7,0.7,2.0,236.0,120.0,,,,,,
2026-02-10T02:00,100,Moderate,28.9,32.5,0.7,2.2,251.0,121.0,,,,,,
2026-02-10T03:00,98,Moderate,29.1,32.6,0.7,2.4,272.0,121.0,,,,,,
2026-02-10T04:00,97,Moderate,29.2,32.4,0.7,2.6,296.0,121.0,,,,,,
2026-02-10T05:00,96,Moderate,29.4,32.1,1.2,2.7,315.0,112.0,,,,,,
2026-02-10T06:00,95,Moderate,30.0,32.7,1.6,3.0,327.0,110.0,,,,,,
2026-02-10T07:00,94,Moderate,31.1,33.6,2.0,3.4,334.0,108.0,,,,,,
2026-02-10T08:00,93,Moderate,32.0,34.7,2.2,3.7,332.0,109.0,,,,,,
2026-02-10T09:00,92,Moderate,32.7,35.5,1.8,3.7,314.0,116.0,,,,,,
2026-02-10T10:00,91,Moderate,33.1,35.9,1.2,3.4,287.0,126.0,,,,,,
2026-02-10T11:00,90,Moderate,32.4,35.2,0.7,3.2,266.0,135.0,,,,,,
2026-02-10T12:00,90,Moderate,31.5,34.5,0.5,2.9,257.0,140.0,,,,,,
2026-02-10T13:00,90,Moderate,30.7,33.8,0.5,2.7,255.0,143.0,,,,,,
2026-02-10T14:00,90,Moderate,30.4,33.3,0.5,2.4,253.0,145.0,,,,,,
2026-02-10T15:00,90,Moderate,30.4,33.4,0.6,2.2,252.0,146.0,,,,,,
2026-02-10T16:00,92,Moderate,30.3,33.3,0.8,1.9,251.0,146.0,,,,,,
2026-02-10T17:00,100,Moderate,33.8,37.0,1.0,2.1,248.0,144.0,,,,,,
2026-02-10T18:00,106,Unhealthy for Sensitive Groups,30.0,33.4,1.0,2.0,241.0,139.0,,,,,,
2026-02-10T19:00,109,Unhealthy for Sensitive Groups,26.3,29.7,0.9,1.9,231.0,133.0,,,,,,
2026-02-10T20:00,108,Unhealthy for Sensitive Groups,22.8,26.3,0.9,1.8,222.0,127.0,,,,,,
2026-02-10T21:00,105,Unhealthy for Sensitive Groups,20.1,23.5,0.9,1.7,213.0,122.0,,,,,,
2026-02-10T22:00,101,Unhealthy for Sensitive Groups,18.5,21.9,0.8,1.5,204.0,117.0,,,,,,
2026-02-10T23:00,95,Moderate,17.5,21.1,0.8,1.4,200.0,113.0,,,,,,
2026-02-11T00:00,88,Moderate,16.9,20.8,0.7,1.3,201.0,112.0,,,,,,
2026-02-11T01:00,86,Moderate,16.0,20.2,0.6,1.2,206.0,112.0,,,,,,
2026-02-11T02:00,85,Moderate,15.4,19.9,0.6,1.2,215.0,112.0,,,,,,
2026-02-11T03:00,84,Moderate,15.4,20.3,0.6,1.2,231.0,111.0,,,,,,
2026-02-11T04:00,83,Moderate,15.8,21.2,0.6,1.2,251.0,109.0,,,,,,
2026-02-11T05:00,82,Moderate,17.5,22.6,1.5,2.0,268.0,100.0,,,,,,
2026-02-11T06:00,81,Moderate,18.6,24.2,2.0,2.9,281.0,98.0,,,,,,
2026-02-11T07:00,80,Moderate,20.0,26.2,2.7,4.1,290.0,96.0,,,,,,
2026-02-11T08:00,79,Moderate,21.7,28.3,3.0,4.8,289.0,97.0,,,,,,
2026-02-11T09:00,78,Moderate,23.3,30.3,2.5,4.7,270.0,105.0,,,,,,
2026-02-11T10:00,78,Moderate,25.3,32.5,1.7,4.2,241.0,116.0,,,,,,
2026-02-11T11:00,77,Moderate,26.2,33.5,1.0,3.6,221.0,125.0,,,,,,
2026-02-11T12:00,77,Moderate,26.5,33.5,0.7,3.0,219.0,128.0,,,,,,
2026-02-11T13:00,76,Moderate,26.6,33.4,0.6,2.2,225.0,129.0,,,,,,
2026-02-11T14:00,76,Moderate,27.2,34.0,0.5,1.6,230.0,128.0,,,,,,
2026-02-11T15:00,76,Moderate,27.6,34.3,0.5,1.2,230.0,127.0,,,,,,
2026-02-11T16:00,75,Moderate,27.2,33.8,0.6,0.9,229.0,126.0,,,,,,
2026-02-11T17:00,76,Moderate,26.4,31.9,0.9,1.7,224.0,128.0,,,,,,
2026-02-11T18:00,81,Moderate,26.3,31.7,1.0,1.6,211.0,127.0,,,,,,
2026-02-11T19:00,83,Moderate,26.7,32.0,1.0,1.4,194.0,126.0,,,,,,
2026-02-11T20:00,83,Moderate,27.2,32.8,1.1,1.2,182.0,123.0,,,,,,
2026-02-11T21:00,82,Moderate,27.4,33.6,1.1,1.1,177.0,117.0,,,,,,
2026-02-11T22:00,80,Moderate,26.2,32.5,1.1,0.9,177.0,110.0,,,,,,
2026-02-11T23:00,76,Moderate,24.9,31.1,1.2,0.9,183.0,103.0,,,,,,
2026-02-12T00:00,76,Moderate,24.2,30.4,1.3,0.9,197.0,98.0,,,,,,
2026-02-12T01:00,77,Moderate,23.9,30.0,1.5,1.0,217.0,94.0,,,,,,
2026-02-12T02:00,78,Moderate,23.9,29.9,1.8,1.4,235.0,90.0,,,,,,
2026-02-12T03:00,78,Moderate,23.9,29.9,2.1,2.3,247.0,86.0,,,,,,
2026-02-12T04:00,79,Moderate,23.8,29.9,2.4,3.5,256.0,82.0,,,,,,
2026-02-12T05:00,80,Moderate,25.0,30.7,3.1,8.6,264.0,83.0,,,,,,
2026-02-12T06:00,80,Moderate,23.9,29.5,4.0,10.8,274.0,80.0,,,,,,
2026-02-12T07:00,81,Moderate,23.0,28.5,5.1,13.7,284.0,76.0,,,,,,
2026-02-12T08:00,81,Moderate,22.4,27.7,5.5,15.1,286.0,77.0,,,,,,
2026-02-12T09:00,81,Moderate,22.1,27.5,4.6,13.8,274.0,87.0,,,,,,
2026-02-12T10:00,81,Moderate,22.4,28.1,2.9,11.1,253.0,102.0,,,,,,
2026-02-12T11:00,81,Moderate,22.8,28.5,1.6,8.6,237.0,114.0,,,,,,
2026-02-12T12:00,80,Moderate,22.4,27.7,1.0,6.7,229.0,120.0,,,,,,
2026-02-12T13:00,80,Moderate,21.7,26.7,0.8,5.0,226.0,122.0,,,,,,
2026-02-12T14:00,80,Moderate,21.7,26.3,0.8,3.6,224.0,125.0,,,,,,
2026-02-12T15:00,79,Moderate,22.3,26.9,0.9,2.8,224.0,129.0,,,,,,
2026-02-12T16:00,79,Moderate,23.6,28.5,1.2,2.3,226.0,133.0,,,,,,
2026-02-12T17:00,78,Moderate,26.0,30.5,1.8,2.3,225.0,135.0,,,,,,
2026-02-12T18:00,78,Moderate,26.0,30.4,1.7,1.9,217.0,132.0,,,,,,
2026-02-12T19:00,81,Moderate,25.4,29.9,1.6,1.3,207.0,129.0,,,,,,
2026-02-12T20:00,85,Moderate,24.4,28.8,1.5,0.9,202.0,124.0,,,,,,
2026-02-12T21:00,85,Moderate,22.9,27.0,1.6,0.9,208.0,118.0,,,,,,
2026-02-12T22:00,85,Moderate,21.2,25.3,1.8,1.0,219.0,111.0,,,,,,
2026-02-12T23:00,82,Moderate,19.8,23.9,1.9,1.2,224.0,104.0,,,,,,
2026-02-13T00:00,77,Moderate,18.7,22.7,2.0,1.3,215.0,99.0,,,,,,
2026-02-13T01:00,77,Moderate,18.0,22.0,2.0,1.5,202.0,94.0,,,,,,
2026-02-13T02:00,76,Moderate,17.5,21.5,2.0,1.7,197.0,90.0,,,,,,
2026-02-13T03:00,76,Moderate,17.2,21.1,2.0,2.1,212.0,88.0,,,,,,
2026-02-13T04:00,75,Moderate,16.9,20.5,2.1,2.6,236.0,87.0,,,,,,
2026-02-13T05:00,74,Moderate,13.6,16.9,1.1,1.0,255.0,88.0,,,,,,
2026-02-13T06:00,74,Moderate,13.6,16.6,1.5,1.4,264.0,86.0,,,,,,
2026-02-13T07:00,73,Moderate,13.0,15.5,2.0,1.9,269.0,84.0,,,,,,
2026-02-13T08:00,72,Moderate,13.3,15.5,2.2,2.3,271.0,84.0,,,,,,
2026-02-13T09:00,71,Moderate,13.6,15.9,1.9,2.5,268.0,90.0,,,,,,
2026-02-13T10:00,71,Moderate,13.8,16.1,1.4,2.5,262.0,98.0,,,,,,
2026-02-13T11:00,70,Moderate,13.5,15.7,1.0,2.4,259.0,105.0,,,,,,
2026-02-13T12:00,69,Moderate,13.4,15.7,0.8,2.0,263.0,109.0,,,,,,
2026-02-13T13:00,68,Moderate,13.5,15.8,0.6,1.4,270.0,110.0,,,,,,
2026-02-13T14:00,68,Moderate,13.8,16.1,0.6,0.9,275.0,111.0,,,,,,
2026-02-13T15:00,67,Moderate,14.0,16.4,0.7,0.6,274.0,110.0,,,,,,
2026-02-13T16:00,67,Moderate,14.1,16.7,0.9,0.4,270.0,108.0,,,,,,
2026-02-13T17:00,66,Moderate,16.2,19.7,1.1,0.1,266.0,99.0,,,,,,
2026-02-13T18:00,65,Moderate,15.3,18.7,1.1,0.1,262.0,96.0,,,,,,
2026-02-13T19:00,64,Moderate,15.8,19.3,1.2,0.1,258.0,92.0,,,,,,
2026-02-13T20:00,63,Moderate,17.1,20.8,1.3,0.1,255.0,89.0,,,,,,
2026-02-13T21:00,63,Moderate,18.3,22.1,1.4,0.1,255.0,87.0,,,,,,
2026-02-13T22:00,63,Moderate,19.2,22.9,1.6,0.2,256.0,85.0,,,,,,
2026-02-13T23:00,62,Moderate,19.8,23.6,1.7,0.3,258.0,83.0,,,,,,
2026-02-14T00:00,62,Moderate,20.0,23.7,1.8,0.5,258.0,81.0,,,,,,
2026-02-14T01:00,62,Moderate,19.9,23.2,1.9,0.7,258.0,79.0,,,,,,
2026-02-14T02:00,63,Moderate,19.7,23.0,2.0,0.9,261.0,77.0,,,,,,
2026-02-14T03:00,63,Moderate,19.4,22.5,2.1,1.2,272.0,75.0,,,,,,
2026-02-14T04:00,63,Moderate,18.9,21.9,2.1,1.5,287.0,73.0,,,,,,
2026-02-14T05:00,63,Moderate,17.9,20.3,2.3,1.8,297.0,73.0,,,,,,
2026-02-14T06:00,63,Moderate,17.5,19.7,2.7,2.4,300.0,72.0,,,,,,
2026-02-14T07:00,64,Moderate,17.6,19.6,3.1,3.1,298.0,70.0,,,,,,
2026-02-14T08:00,64,Moderate,18.8,20.7,3.2,3.4,295.0,72.0,,,,,,
2026-02-14T09:00,65,Moderate,19.2,20.8,2.6,2.9,289.0,81.0,,,,,,
2026-02-14T10:00,65,Moderate,18.5,20.0,1.6,2.0,282.0,94.0,,,,,,
2026-02-14T11:00,65,Moderate,16.8,18.2,0.9,1.2,277.0,104.0,,,,,,
2026-02-14T12:00,66,Moderate,14.6,16.2,0.6,0.8,278.0,108.0,,,,,,
2026-02-14T13:00,66,Moderate,13.5,15.8,0.6,0.6,281.0,109.0,,,,,,
2026-02-14T14:00,66,Moderate,12.5,15.0,0.6,0.5,281.0,108.0,,,,,,
2026-02-14T15:00,66,Moderate,12.3,15.3,0.7,0.4,275.0,106.0,,,,,,
2026-02-14T16:00,65,Moderate,11.8,14.7,0.8,0.3,266.0,103.0,,,,,,
2026-02-14T17:00,65,Moderate,13.0,15.7,1.0,0.3,257.0,101.0,,,,,,
2026-02-14T18:00,65,Moderate,12.4,15.1,1.1,0.3,250.0,102.0,,,,,,
2026-02-14T19:00,65,Moderate,12.6,15.4,1.2,0.4,245.0,102.0,,,,,,
2026-02-14T20:00,65,Moderate,13.6,16.5,1.3,0.5,240.0,103.0,,,,,,
2026-02-14T21:00,64,Moderate,14.5,17.3,1.4,0.6,236.0,104.0,,,,,,
2026-02-14T22:00,64,Moderate,15.5,18.6,1.4,0.8,233.0,105.0,,,,,,
2026-02-14T23:00,64,Moderate,16.5,19.7,1.5,1.0,233.0,105.0,,,,,,
2026-02-15T00:00,63,Moderate,17.4,20.8,1.6,1.3,239.0,104.0,,,,,,
2026-02-15T01:00,63,Moderate,18.3,21.8,1.7,1.7,248.0,103.0,,,,,,
2026-02-15T02:00,63,Moderate,19.0,22.4,1.9,2.3,259.0,101.0,,,,,,
2026-02-15T03:00,63,Moderate,20.4,23.8,2.1,3.1,273.0,98.0,,,,,,
2026-02-15T04:00,63,Moderate,21.8,25.4,2.3,4.1,289.0,96.0,,,,,,
2026-02-15T05:00,63,Moderate,23.2,26.8,2.2,3.6,303.0,97.0,,,,,,
2026-02-15T06:00,64,Moderate,24.9,28.6,2.5,4.3,319.0,97.0,,,,,,
2026-02-15T07:00,64,Moderate,27.2,31.1,3.0,5.2,333.0,97.0,,,,,,
2026-02-15T08:00,65,Moderate,29.9,34.0,3.1,5.8,335.0,101.0,,,,,,
2026-02-15T09:00,66,Moderate,32.8,36.9,2.6,5.7,314.0,112.0,,,,,,
2026-02-15T10:00,67,Moderate,35.0,39.0,1.7,5.3,281.0,126.0,,,,,,
2026-02-15T11:00,68,Moderate,36.7,40.2,1.0,4.7,258.0,138.0,,,,,,
2026-02-15T12:00,70,Moderate,37.8,41.1,0.7,4.0,256.0,144.0,,,,,,
2026-02-15T13:00,72,Moderate,38.5,41.7,0.7,3.3,264.0,146.0,,,,,,
2026-02-15T14:00,74,Moderate,39.0,42.0,0.7,2.7,273.0,148.0,,,,,,
2026-02-15T15:00,82,Moderate,39.2,42.3,0.8,2.4,280.0,149.0,,,,,,
2026-02-15T16:00,93,Moderate,39.6,42.5,1.0,2.3,287.0,150.0,,,,,,
2026-02-15T17:00,103,Unhealthy for Sensitive Groups,39.3,42.4,1.0,1.9,290.0,145.0,,,,,,
2026-02-15T18:00,110,Unhealthy for Sensitive Groups,38.6,41.7,1.0,2.0,286.0,145.0,,,,,,
2026-02-15T19:00,114,Unhealthy for Sensitive Groups,38.1,41.1,1.0,2.1,279.0,145.0,,,,,,
2026-02-15T20:00,116,Unhealthy for Sensitive Groups,37.7,40.9,1.0,2.2,274.0,144.0,,,,,,
2026-02-15T21:00,116,Unhealthy for Sensitive Groups,38.0,41.1,1.0,2.3,272.0,141.0,,,,,,
2026-02-15T22:00,115,Unhealthy for Sensitive Groups,38.2,41.3,1.1,2.5,273.0,137.0,,,,,,
2026-02-15T23:00,112,Unhealthy for Sensitive Groups,38.4,41.3,1.1,2.6,275.0,133.0,,,,,,
2026-02-16T00:00,109,Unhealthy for Sensitive Groups,38.5,41.6,1.0,2.7,278.0,131.0,,,,,,
2026-02-16T01:00,105,Unhealthy for Sensitive Groups,38.8,41.9,1.0,2.7,283.0,130.0,,,,,,
2026-02-16T02:00,102,Unhealthy for Sensitive Groups,39.1,42.4,0.9,2.8,292.0,128.0,,,,,,
2026-02-16T03:00,98,Moderate,39.3,42.8,0.9,2.9,308.0,126.0,,,,,,
2026-02-16T04:00,100,Moderate,39.7,43.2,0.9,3.0,328.0,124.0,,,,,,
2026-02-16T05:00,102,Unhealthy for Sensitive Groups,39.6,43.1,0.9,2.7,345.0,123.0,,,,,,
2026-02-16T06:00,103,Unhealthy for Sensitive Groups,40.3,43.8,1.1,2.9,360.0,120.0,,,,,,
2026-02-16T07:00,105,Unhealthy for Sensitive Groups,40.0,43.5,1.5,3.1,373.0,117.0,,,,,,
2026-02-16T08:00,106,Unhealthy for Sensitive Groups,41.0,44.6,1.6,3.2,375.0,116.0,,,,,,
2026-02-16T09:00,107,Unhealthy for Sensitive Groups,41.2,44.8,1.4,3.0,360.0,120.0,,,,,,
2026-02-16T10:00,108,Unhealthy for Sensitive Groups,41.2,44.8,1.0,2.7,336.0,126.0,,,,,,
2026-02-16T11:00,109,Unhealthy for Sensitive Groups,41.0,44.4,0.7,2.5,314.0,131.0,,,,,,
2026-02-16T12:00,109,Unhealthy for Sensitive Groups,40.7,44.0,0.6,2.4,300.0,134.0,,,,,,
2026-02-16T13:00,110,Unhealthy for Sensitive Groups,40.9,43.9,0.6,2.4,288.0,136.0,,,,,,
2026-02-16T14:00,110,Unhealthy for Sensitive Groups,40.6,43.7,0.6,2.5,279.0,138.0,,,,,,
2026-02-16T15:00,110,Unhealthy for Sensitive Groups,40.2,43.2,0.7,2.6,273.0,139.0,,,,,,
2026-02-16T16:00,110,Unhealthy for Sensitive Groups,39.3,42.3,0.8,2.8,270.0,139.0,,,,,,
2026-02-16T17:00,110,Unhealthy for Sensitive Groups,36.3,39.0,1.0,2.8,267.0,139.0,,,,,,
2026-02-16T18:00,110,Unhealthy for Sensitive Groups,33.8,36.3,1.1,3.0,264.0,137.0,,,,,,
2026-02-16T19:00,109,Unhealthy for Sensitive Groups,31.3,33.6,1.2,3.3,263.0,135.0,,,,,,
2026-02-16T20:00,109,Unhealthy for Sensitive Groups,29.7,32.1,1.3,3.5,263.0,132.0,,,,,,
2026-02-16T21:00,108,Unhealthy for Sensitive Groups,29.4,31.9,1.3,3.5,265.0,129.0,,,,,,
2026-02-16T22:00,107,Unhealthy for Sensitive Groups,29.9,32.5,1.4,3.4,270.0,125.0,,,,,,
2026-02-16T23:00,106,Unhealthy for Sensitive Groups,30.7,33.4,1.4,3.5,275.0,122.0,,,,,,
2026-02-17T00:00,105,Unhealthy for Sensitive Groups,31.5,34.2,1.4,3.9,281.0,119.0,,,,,,
2026-02-17T01:00,105,Unhealthy for Sensitive Groups,32.1,34.9,1.5,4.5,288.0,117.0,,,,,,
2026-02-17T02:00,104,Unhealthy for Sensitive Groups,32.8,35.6,1.6,5.3,297.0,114.0,,,,,,
2026-02-17T03:00,103,Unhealthy for Sensitive Groups,33.8,36.4,1.7,6.6,308.0,111.0,,,,,,
2026-02-17T04:00,103,Unhealthy for Sensitive Groups,34.7,37.5,1.9,8.1,321.0,107.0,,,,,,
2026-02-17T05:00,102,Unhealthy for Sensitive Groups,35.2,37.4,2.6,12.4,335.0,102.0,,,,,,
2026-02-17T06:00,102,Unhealthy for Sensitive Groups,36.4,38.8,3.0,14.1,356.0,101.0,,,,,,
2026-02-17T07:00,101,Unhealthy for Sensitive Groups,37.8,40.3,3.4,16.2,378.0,100.0,,,,,,
2026-02-17T08:00,101,Unhealthy for Sensitive Groups,39.1,41.7,3.5,16.7,384.0,103.0,,,,,,
2026-02-17T09:00,101,Unhealthy for Sensitive Groups,39.1,41.9,2.8,14.0,363.0,112.0,,,,,,
2026-02-17T10:00,101,Unhealthy for Sensitive Groups,36.9,39.8,1.8,9.7,326.0,125.0,,,,,,
2026-02-17T11:00,100,Moderate,33.2,35.7,1.0,6.2,293.0,134.0,,,,,,
2026-02-17T12:00,99,Moderate,30.2,32.6,0.7,4.4,269.0,137.0,,,,,,
2026-02-17T13:00,99,Moderate,27.8,30.2,0.6,3.3,249.0,136.0,,,,,,
2026-02-17T14:00,98,Moderate,25.3,27.5,0.6,2.5,237.0,135.0,,,,,,
2026-02-17T15:00,96,Moderate,22.5,24.7,0.7,1.9,236.0,134.0,,,,,,
2026-02-17T16:00,95,Moderate,19.4,21.7,0.8,1.6,243.0,131.0,,,,,,
2026-02-17T17:00,93,Moderate,24.5,27.3,0.9,1.4,247.0,130.0,,,,,,
2026-02-17T18:00,93,Moderate,20.4,23.6,0.9,1.2,242.0,126.0,,,,,,
2026-02-17T19:00,93,Moderate,16.5,19.8,0.9,0.9,234.0,119.0,,,,,,
2026-02-17T20:00,90,Moderate,15.0,18.7,0.9,0.7,230.0,114.0,,,,,,
2026-02-17T21:00,89,Moderate,14.8,18.5,1.0,0.7,232.0,110.0,,,,,,
2026-02-17T22:00,88,Moderate,15.8,19.6,1.0,0.7,236.0,108.0,,,,,,
2026-02-17T23:00,87,Moderate,17.8,21.4,1.1,0.9,243.0,106.0,,,,,,
2026-02-18T00:00,86,Moderate,19.8,23.1,1.1,1.1,252.0,105.0,,,,,,
2026-02-18T01:00,85,Moderate,21.9,25.0,1.2,1.4,263.0,105.0,,,,,,
2026-02-18T02:00,84,Moderate,23.3,26.2,1.3,1.9,272.0,105.0,,,,,,
2026-02-18T03:00,83,Moderate,24.8,27.6,1.5,2.6,277.0,104.0,,,,,,
2026-02-18T04:00,83,Moderate,25.9,28.7,1.7,3.5,279.0,102.0,,,,,,
2026-02-18T05:00,82,Moderate,26.5,29.1,2.0,5.5,283.0,99.0,,,,,,
2026-02-18T06:00,81,Moderate,27.2,29.9,2.4,6.4,290.0,99.0,,,,,,
2026-02-18T07:00,81,Moderate,27.4,30.3,3.0,7.5,299.0,99.0,,,,,,
2026-02-18T08:00,80,Moderate,27.0,29.9,3.2,7.9,304.0,101.0,,,,,,
2026-02-18T09:00,79,Moderate,26.5,29.5,2.6,6.8,304.0,109.0,,,,,,
2026-02-18T10:00,78,Moderate,24.9,28.1,1.6,4.8,302.0,119.0,,,,,,
2026-02-18T11:00,77,Moderate,22.9,26.0,0.8,3.2,297.0,126.0,,,,,,
2026-02-18T12:00,76,Moderate,21.5,24.9,0.5,2.3,291.0,127.0,,,,,,
2026-02-18T13:00,75,Moderate,20.4,23.8,0.5,1.8,282.0,125.0,,,,,,
2026-02-18T14:00,75,Moderate,19.6,23.1,0.5,1.4,274.0,123.0,,,,,,
2026-02-18T15:00,74,Moderate,18.7,22.3,0.6,1.0,266.0,121.0,,,,,,
2026-02-18T16:00,74,Moderate,18.2,22.5,0.7,0.8,258.0,120.0,,,,,,
2026-02-18T17:00,74,Moderate,16.2,19.8,1.2,0.8,249.0,120.0,,,,,,
2026-02-18T18:00,75,Moderate,16.2,20.5,1.1,0.7,237.0,117.0,,,,,,
2026-02-18T19:00,75,Moderate,15.5,19.8,1.1,0.6,223.0,112.0,,,,,,
2026-02-18T20:00,73,Moderate,15.3,19.7,1.0,0.5,214.0,108.0,,,,,,
2026-02-18T21:00,73,Moderate,14.7,18.9,1.0,0.4,212.0,104.0,,,,,,
2026-02-18T22:00,73,Moderate,14.1,18.2,1.0,0.4,215.0,100.0,,,,,,
2026-02-18T23:00,73,Moderate,14.2,18.4,1.0,0.4,218.0,96.0,,,,,,
2026-02-19T00:00,73,Moderate,14.5,18.8,1.0,0.4,220.0,93.0,,,,,,
2026-02-19T01:00,72,Moderate,15.0,19.4,1.1,0.5,223.0,90.0,,,,,,
2026-02-19T02:00,72,Moderate,15.4,20.0,1.2,0.7,227.0,88.0,,,,,,
2026-02-19T03:00,71,Moderate,16.0,20.8,1.3,0.9,233.0,86.0,,,,,,
2026-02-19T04:00,70,Moderate,16.6,21.4,1.4,1.2,241.0,85.0,,,,,,
2026-02-19T05:00,70,Moderate,16.9,21.9,1.5,1.1,249.0,85.0,,,,,,
2026-02-19T06:00,69,Moderate,17.3,22.4,2.2,2.1,258.0,83.0,,,,,,
2026-02-19T07:00,68,Moderate,17.9,23.0,3.1,3.5,267.0,80.0,,,,,,
2026-02-19T08:00,67,Moderate,18.7,24.0,3.5,4.3,272.0,81.0,,,,,,
2026-02-19T09:00,67,Moderate,20.4,26.0,2.9,4.1,269.0,89.0,,,,,,
2026-02-19T10:00,66,Moderate,22.5,28.4,1.9,3.3,262.0,102.0,,,,,,
2026-02-19T11:00,66,Moderate,21.9,27.0,1.0,2.5,255.0,111.0,,,,,,
2026-02-19T12:00,66,Moderate,21.6,26.0,0.6,1.8,250.0,114.0,,,,,,
2026-02-19T13:00,66,Moderate,20.1,23.7,0.5,1.1,244.0,115.0,,,,,,
2026-02-19T14:00,66,Moderate,19.3,22.6,0.5,0.6,240.0,114.0,,,,,,
2026-02-19T15:00,66,Moderate,18.7,21.7,0.7,0.4,237.0,113.0,,,,,,
2026-02-19T16:00,66,Moderate,17.3,20.0,1.0,0.3,234.0,112.0,,,,,,
2026-02-19T17:00,66,Moderate,16.7,19.4,1.3,0.5,232.0,113.0,,,,,,
2026-02-19T18:00,66,Moderate,15.4,18.4,1.3,0.5,230.0,111.0,,,,,,
2026-02-19T19:00,66,Moderate,14.6,17.9,1.4,0.5,228.0,108.0,,,,,,
2026-02-19T20:00,66,Moderate,13.8,17.2,1.5,0.5,228.0,105.0,,,,,,
2026-02-19T21:00,66,Moderate,13.4,16.7,1.6,0.6,232.0,100.0,,,,,,
2026-02-19T22:00,65,Moderate,13.0,16.4,1.7,0.7,238.0,95.0,,,,,,
2026-02-19T23:00,65,Moderate,12.6,16.0,1.8,0.8,244.0,91.0,,,,,,
2026-02-20T00:00,65,Moderate,12.3,15.7,1.8,0.9,248.0,89.0,,,,,,
2026-02-20T01:00,65,Moderate,12.2,15.7,1.7,1.0,251.0,87.0,,,,,,
2026-02-20T02:00,65,Moderate,12.1,15.7,1.7,1.1,254.0,86.0,,,,,,
2026-02-20T03:00,65,Moderate,12.2,15.8,1.7,1.3,256.0,85.0,,,,,,
2026-02-20T04:00,64,Moderate,12.2,15.7,1.8,1.5,258.0,84.0,,,,,,
2026-02-20T05:00,64,Moderate,11.8,15.0,3.2,4.6,260.0,77.0,,,,,,
2026-02-20T06:00,64,Moderate,12.3,15.7,3.7,5.4,264.0,77.0,,,,,,
2026-02-20T07:00,63,Moderate,12.7,16.1,4.4,6.5,269.0,76.0,,,,,,
2026-02-20T08:00,63,Moderate,13.4,16.8,4.6,7.0,270.0,79.0,,,,,,
2026-02-20T09:00,62,Moderate,14.3,18.2,3.8,6.3,265.0,87.0,,,,,,
2026-02-20T10:00,62,Moderate,15.7,20.0,2.5,4.9,257.0,98.0,,,,,,
2026-02-20T11:00,61,Moderate,16.5,21.0,1.4,3.7,248.0,107.0,,,,,,
2026-02-20T12:00,61,Moderate,16.9,21.0,0.9,2.8,239.0,111.0,,,,,,
2026-02-20T13:00,60,Moderate,16.1,19.8,0.8,2.0,230.0,113.0,,,,,,
2026-02-20T14:00,60,Moderate,14.5,18.1,0.7,1.3,225.0,112.0,,,,,,
2026-02-20T15:00,60,Moderate,12.5,15.9,0.7,0.8,228.0,107.0,,,,,,
2026-02-20T16:00,59,Moderate,10.4,13.4,0.9,0.4,234.0,98.0,,,,,,
2026-02-20T17:00,59,Moderate,10.7,13.4,1.2,0.4,240.0,95.0,,,,,,
2026-02-20T18:00,58,Moderate,11.0,13.8,1.3,0.3,242.0,92.0,,,,,,
2026-02-20T19:00,58,Moderate,11.8,14.8,1.4,0.2,242.0,89.0,,,,,,
2026-02-20T20:00,58,Moderate,13.2,16.5,1.5,0.2,245.0,86.0,,,,,,
2026-02-20T21:00,58,Moderate,14.8,18.2,1.7,0.3,251.0,85.0,,,,,,
2026-02-20T22:00,58,Moderate,16.5,20.0,2.0,0.5,258.0,85.0,,,,,,
2026-02-20T23:00,58,Moderate,18.0,21.5,2.3,1.1,267.0,84.0,,,,,,
2026-02-21T00:00,58,Moderate,19.3,22.9,2.6,2.2,278.0,82.0,,,,,,
2026-02-21T01:00,59,Moderate,20.3,24.0,3.0,3.7,290.0,78.0,,,,,,
2026-02-21T02:00,60,Moderate,20.2,23.6,3.3,5.3,301.0,76.0,,,,,,
2026-02-21T03:00,60,Moderate,20.6,23.7,3.6,7.2,312.0,75.0,,,,,,
2026-02-21T04:00,61,Moderate,21.0,23.7,3.8,9.3,322.0,74.0,,,,,,
2026-02-21T05:00,62,Moderate,20.3,22.5,4.4,11.9,330.0,69.0,,,,,,
2026-02-21T06:00,62,Moderate,20.6,22.5,4.8,13.0,337.0,70.0,,,,,,
2026-02-21T07:00,63,Moderate,21.3,23.0,5.4,14.5,343.0,72.0,,,,,,
2026-02-21T08:00,64,Moderate,22.2,23.8,5.4,15.0,345.0,79.0,,,,,,
2026-02-21T09:00,64,Moderate,23.5,25.1,4.4,13.9,340.0,93.0,,,,,,
2026-02-21T10:00,65,Moderate,24.9,26.5,3.0,11.9,332.0,112.0,,,,,,
2026-02-21T11:00,66,Moderate,25.6,27.1,1.8,10.0,325.0,127.0,,,,,,
2026-02-21T12:00,67,Moderate,25.6,27.2,1.3,8.4,321.0,135.0,,,,,,
2026-02-21T13:00,67,Moderate,25.6,27.3,1.2,6.9,318.0,139.0,,,,,,
2026-02-21T14:00,68,Moderate,26.1,27.8,1.1,5.5,319.0,141.0,,,,,,
2026-02-21T15:00,69,Moderate,25.1,27.0,0.9,4.2,328.0,142.0,,,,,,
2026-02-21T16:00,72,Moderate,23.9,25.9,0.8,3.2,340.0,140.0,,,,,,
2026-02-21T17:00,85,Moderate,22.8,24.2,1.8,2.8,343.0,128.0,,,,,,
2026-02-21T18:00,93,Moderate,20.4,21.8,1.9,2.5,328.0,124.0,,,,,,
2026-02-21T19:00,95,Moderate,19.3,20.7,2.0,2.1,305.0,119.0,,,,,,
2026-02-21T20:00,94,Moderate,17.7,19.0,2.1,1.9,290.0,114.0,,,,,,
2026-02-21T21:00,89,Moderate,15.8,17.6,2.0,1.7,293.0,109.0,,,,,,
2026-02-21T22:00,83,Moderate,14.0,15.9,1.8,1.7,305.0,104.0,,,,,,
2026-02-21T23:00,75,Moderate,13.6,15.4,1.8,2.2,313.0,100.0,,,,,,
2026-02-22T00:00,73,Moderate,13.0,14.2,2.3,3.4,312.0,98.0,,,,,,
2026-02-22T01:00,73,Moderate,13.2,14.1,3.0,5.2,307.0,97.0,,,,,,
2026-02-22T02:00,72,Moderate,13.9,14.7,3.7,7.0,305.0,95.0,,,,,,
2026-02-22T03:00,72,Moderate,15.4,16.1,4.4,8.9,307.0,92.0,,,,,,
2026-02-22T04:00,71,Moderate,17.6,18.3,5.1,10.9,311.0,89.0,,,,,,
2026-02-22T05:00,71,Moderate,16.2,16.7,4.6,9.5,317.0,84.0,,,,,,
2026-02-22T06:00,71,Moderate,17.3,17.8,5.1,9.8,328.0,83.0,,,,,,
2026-02-22T07:00,70,Moderate,18.3,18.8,5.8,10.2,342.0,83.0,,,,,,
2026-02-22T08:00,70,Moderate,18.8,19.2,6.0,10.5,350.0,86.0,,,,,,
2026-02-22T09:00,70,Moderate,18.9,19.3,5.2,10.7,348.0,94.0,,,,,,
2026-02-22T10:00,69,Moderate,19.1,19.6,3.8,10.9,340.0,105.0,,,,,,
2026-02-22T11:00,69,Moderate,19.4,19.8,2.7,10.7,328.0,116.0,,,,,,
2026-02-22T12:00,68,Moderate,20.0,20.5,2.1,10.1,311.0,127.0,,,,,,
2026-02-22T13:00,68,Moderate,21.4,21.9,1.8,9.3,290.0,138.0,,,,,,
2026-02-22T14:00,68,Moderate,22.4,22.8,1.6,8.3,276.0,145.0,,,,,,
2026-02-22T15:00,67,Moderate,22.2,22.8,1.4,7.2,276.0,145.0,,,,,,
2026-02-22T16:00,70,Moderate,20.8,21.5,1.3,6.0,283.0,141.0,,,,,,
2026-02-22T17:00,82,Moderate,23.5,24.7,1.4,5.6,288.0,127.0,,,,,,
2026-02-22T18:00,89,Moderate,23.2,24.6,1.5,5.2,288.0,125.0,,,,,,
2026-02-22T19:00,93,Moderate,21.9,23.5,1.6,4.8,286.0,122.0,,,,,,
2026-02-22T20:00,94,Moderate,20.7,22.1,2.0,4.9,282.0,118.0,,,,,,
2026-02-22T21:00,92,Moderate,19.6,20.8,2.8,6.0,276.0,113.0,,,,,,
2026-02-22T22:00,87,Moderate,18.7,19.6,3.8,7.5,267.0,108.0,,,,,,
2026-02-22T23:00,79,Moderate,18.2,18.9,4.7,9.0,258.0,103.0,,,,,,
2026-02-23T00:00,70,Moderate,18.0,18.6,5.3,10.1,245.0,98.0,,,,,,
2026-02-23T01:00,69,Moderate,18.3,18.7,5.8,11.1,230.0,93.0,,,,,,
2026-02-23T02:00,69,Moderate,18.9,19.2,6.1,11.9,224.0,89.0,,,,,,
2026-02-23T03:00,70,Moderate,18.9,19.2,6.1,12.7,231.0,86.0,,,,,,
2026-02-23T04:00,70,Moderate,18.9,19.2,5.9,13.2,246.0,85.0,,,,,,
2026-02-23T05:00,70,Moderate,20.0,20.4,4.8,11.0,266.0,85.0,,,,,,
2026-02-23T06:00,71,Moderate,19.7,20.1,4.7,10.3,297.0,86.0,,,,,,
2026-02-23T07:00,71,Moderate,19.3,19.7,4.5,9.4,334.0,89.0,,,,,,
2026-02-23T08:00,71,Moderate,18.6,19.1,4.1,8.7,354.0,91.0,,,,,,
2026-02-23T09:00,71,Moderate,16.4,17.1,3.2,8.4,345.0,94.0,,,,,,
2026-02-23T10:00,71,Moderate,14.2,15.1,2.1,8.3,320.0,97.0,,,,,,
2026-02-23T11:00,70,Moderate,14.1,15.0,1.3,8.0,295.0,100.0,,,,,,
2026-02-23T12:00,70,Moderate,14.9,15.8,1.0,7.4,275.0,105.0,,,,,,
2026-02-23T13:00,69,Moderate,15.8,16.7,0.9,6.5,256.0,111.0,,,,,,
2026-02-23T14:00,69,Moderate,16.6,17.4,0.9,5.7,240.0,114.0,,,,,,
2026-02-23T15:00,69,Moderate,16.5,17.4,0.9,4.9,230.0,113.0,,,,,,
2026-02-23T16:00,68,Moderate,16.0,16.9,0.9,4.1,223.0,109.0,,,,,,
2026-02-23T17:00,68,Moderate,15.2,16.4,1.0,3.6,217.0,102.0,,,,,,
2026-02-23T18:00,67,Moderate,13.8,15.0,0.9,3.2,214.0,99.0,,,,,,
2026-02-23T19:00,66,Moderate,12.6,13.9,0.7,2.8,211.0,95.0,,,,,,
2026-02-23T20:00,66,Moderate,11.6,13.0,0.6,2.3,204.0,91.0,,,,,,
2026-02-23T21:00,65,Moderate,10.7,12.3,0.5,2.0,181.0,88.0,,,,,,
2026-02-23T22:00,64,Moderate,9.5,11.4,0.5,1.7,152.0,86.0,,,,,,
2026-02-23T23:00,63,Moderate,8.1,10.6,0.6,1.4,145.0,81.0,,,,,,
2026-02-24T00:00,63,Moderate,7.0,9.7,0.9,1.1,181.0,73.0,,,,,,
2026-02-24T01:00,62,Moderate,5.9,8.3,1.4,0.7,239.0,62.0,,,,,,
2026-02-24T02:00,61,Moderate,5.4,7.5,1.9,0.5,275.0,53.0,,,,,,
2026-02-24T03:00,60,Moderate,5.2,7.1,2.3,0.5,267.0,46.0,,,,,,
2026-02-24T04:00,59,Moderate,5.1,7.0,2.7,0.5,238.0,40.0,,,,,,
2026-02-24T05:00,58,Moderate,4.6,6.2,3.1,0.7,214.0,35.0,,,,,,
2026-02-24T06:00,56,Moderate,4.9,6.5,3.1,1.0,205.0,34.0,,,,,,
2026-02-24T07:00,55,Moderate,5.3,7.0,3.0,1.3,202.0,33.0,,,,,,
2026-02-24T08:00,54,Moderate,5.9,7.7,2.8,1.5,200.0,35.0,,,,,,
2026-02-24T09:00,53,Moderate,6.4,8.4,2.2,1.4,200.0,45.0,,,,,,
2026-02-24T10:00,52,Moderate,7.0,9.3,1.5,1.2,203.0,58.0,,,,,,
2026-02-24T11:00,52,Moderate,6.8,9.0,0.9,1.0,204.0,68.0,,,,,,
2026-02-24T12:00,51,Moderate,6.7,8.7,0.6,0.7,203.0,71.0,,,,,,
2026-02-24T13:00,51,Moderate,6.7,9.1,0.5,0.3,202.0,69.0,,,,,,
2026-02-24T14:00,49,Good,6.1,8.3,0.4,0.1,199.0,67.0,,,,,,
2026-02-24T15:00,47,Good,5.4,7.6,0.4,0.0,195.0,64.0,,,,,,
2026-02-24T16:00,44,Good,5.2,7.3,0.4,0.1,190.0,59.0,,,,,,
2026-02-24T17:00,42,Good,7.5,10.4,0.3,0.1,186.0,45.0,,,,,,
2026-02-24T18:00,40,Good,7.5,10.4,0.3,0.1,183.0,47.0,,,,,,
2026-02-24T19:00,39,Good,7.7,10.6,0.3,0.1,182.0,50.0,,,,,,
2026-02-24T20:00,38,Good,7.9,10.9,0.3,0.1,182.0,53.0,,,,,,
2026-02-24T21:00,37,Good,7.9,10.9,0.4,0.1,180.0,56.0,,,,,,
2026-02-24T22:00,36,Good,8.0,10.9,0.5,0.2,180.0,59.0,,,,,,
2026-02-24T23:00,36,Good,8.0,10.8,0.7,0.3,194.0,62.0,,,,,,
2026-02-25T00:00,36,Good,8.4,11.1,1.1,0.5,242.0,65.0,,,,,,
2026-02-25T01:00,36,Good,8.6,11.1,1.6,0.7,305.0,67.0,,,,,,
2026-02-25T02:00,37,Good,8.5,10.8,2.0,0.8,339.0,67.0,,,,,,
2026-02-25T03:00,37,Good,8.4,10.6,2.3,0.8,317.0,64.0,,,,,,
2026-02-25T04:00,38,Good,8.3,10.5,2.5,0.8,267.0,58.0,,,,,,
2026-02-25T05:00,39,Good,9.5,11.5,4.5,3.3,228.0,58.0,,,,,,
2026-02-25T06:00,40,Good,9.5,11.6,4.2,3.1,219.0,59.0,,,,,,
2026-02-25T07:00,41,Good,9.5,11.7,3.8,2.7,221.0,60.0,,,,,,
2026-02-25T08:00,42,Good,9.8,12.3,3.3,2.4,222.0,63.0,,,,,,
2026-02-25T09:00,43,Good,10.4,13.2,2.5,2.1,218.0,70.0,,,,,,
2026-02-25T10:00,44,Good,10.7,13.9,1.7,1.9,213.0,78.0,,,,,,
2026-02-25T11:00,45,Good,10.6,13.7,1.0,1.6,208.0,84.0,,,,,,
2026-02-25T12:00,46,Good,10.3,13.3,0.7,1.2,199.0,86.0,,,,,,
2026-02-25T13:00,46,Good,10.0,13.1,0.6,0.7,190.0,85.0,,,,,,
2026-02-25T14:00,47,Good,9.0,12.1,0.5,0.3,189.0,83.0,,,,,,
2026-02-25T15:00,48,Good,8.3,11.3,0.3,0.0,203.0,79.0,,,,,,
2026-02-25T16:00,48,Good,8.3,11.3,0.2,0.0,225.0,73.0,,,,,,
2026-02-25T17:00,49,Good,8.8,10.3,1.4,3.3,245.0,80.0,,,,,,
2026-02-25T18:00,50,Good,10.3,11.4,1.6,3.9,264.0,84.0,,,,,,
2026-02-25T19:00,50,Good,10.9,12.0,1.9,4.8,281.0,89.0,,,,,,
2026-02-25T20:00,50,Good,11.8,12.8,2.3,5.6,287.0,94.0,,,,,,
2026-02-25T21:00,51,Moderate,14.6,15.2,2.8,6.5,272.0,96.0,,,,,,
2026-02-25T22:00,51,Moderate,15.3,15.8,3.4,7.4,247.0,97.0,,,,,,
2026-02-25T23:00,52,Moderate,14.6,15.1,3.7,7.8,230.0,99.0,,,,,,
2026-02-26T00:00,52,Moderate,14.8,15.3,3.7,7.3,228.0,102.0,,,,,,
2026-02-26T01:00,53,Moderate,15.7,16.1,3.4,6.4,235.0,106.0,,,,,,
2026-02-26T02:00,53,Moderate,14.8,15.1,3.2,5.7,250.0,108.0,,,,,,
2026-02-26T03:00,54,Moderate,14.1,14.3,3.2,5.7,276.0,107.0,,,,,,
2026-02-26T04:00,54,Moderate,13.6,13.9,3.2,6.1,311.0,105.0,,,,,,
2026-02-26T05:00,55,Moderate,22.8,23.1,5.9,13.8,347.0,93.0,,,,,,
2026-02-26T06:00,56,Moderate,23.6,23.9,5.6,12.6,390.0,95.0,,,,,,
2026-02-26T07:00,57,Moderate,24.4,24.7,5.2,10.8,434.0,98.0,,,,,,
2026-02-26T08:00,58,Moderate,24.7,25.0,4.6,9.0,449.0,104.0,,,,,,
2026-02-26T09:00,59,Moderate,24.5,24.9,3.6,7.4,412.0,117.0,,,,,,
2026-02-26T10:00,60,Moderate,23.9,24.3,2.3,5.7,346.0,132.0,,,,,,
2026-02-26T11:00,61,Moderate,23.3,23.7,1.3,4.2,291.0,141.0,,,,,,
2026-02-26T12:00,62,Moderate,21.9,22.5,0.9,2.8,263.0,137.0,,,,,,
2026-02-26T13:00,63,Moderate,19.5,20.1,0.7,1.6,246.0,126.0,,,,,,
2026-02-26T14:00,69,Moderate,16.0,16.8,0.6,0.7,235.0,115.0,,,,,,
2026-02-26T15:00,73,Moderate,12.6,13.7,0.5,0.3,229.0,104.0,,,,,,
2026-02-26T16:00,74,Moderate,11.1,12.4,0.5,0.2,230.0,93.0,,,,,,
2026-02-26T17:00,72,Moderate,9.6,10.9,0.5,0.6,231.0,80.0,,,,,,
2026-02-26T18:00,65,Moderate,9.9,11.3,0.5,0.9,230.0,84.0,,,,,,
2026-02-26T19:00,65,Moderate,10.7,12.2,0.4,1.3,230.0,91.0,,,,,,
2026-02-26T20:00,65,Moderate,11.9,13.4,0.4,1.9,237.0,97.0,,,,,,
2026-02-26T21:00,65,Moderate,12.9,14.4,0.5,2.6,254.0,103.0,,,,,,
2026-02-26T22:00,65,Moderate,14.0,15.5,0.7,3.5,278.0,109.0,,,,,,
2026-02-26T23:00,65,Moderate,15.0,16.4,0.8,4.2,299.0,114.0,,,,,,
2026-02-27T00:00,65,Moderate,15.7,17.1,0.9,4.8,315.0,117.0,,,,,,
2026-02-27T01:00,65,Moderate,16.2,17.5,1.0,5.4,330.0,119.0,,,,,,
2026-02-27T02:00,65,Moderate,16.2,17.4,1.0,5.6,340.0,120.0,,,,,,
2026-02-27T03:00,65,Moderate,16.4,17.6,1.0,5.4,343.0,119.0,,,,,,
2026-02-27T04:00,65,Moderate,16.7,17.9,1.0,4.8,341.0,116.0,,,,,,
2026-02-27T05:00,66,Moderate,14.8,15.9,2.4,5.1,347.0,106.0,,,,,,
2026-02-27T06:00,65,Moderate,15.3,16.3,2.5,5.5,373.0,107.0,,,,,,
2026-02-27T07:00,64,Moderate,15.7,16.8,2.6,6.1,405.0,107.0,,,,,,
2026-02-27T08:00,64,Moderate,15.8,16.9,2.4,6.0,415.0,107.0,,,,,,
2026-02-27T09:00,63,Moderate,15.9,17.1,1.7,4.8,381.0,106.0,,,,,,
2026-02-27T10:00,62,Moderate,16.5,17.9,0.8,3.1,323.0,104.0,,,,,,
2026-02-27T11:00,62,Moderate,17.2,18.7,0.2,1.7,278.0,101.0,,,,,,
2026-02-27T12:00,61,Moderate,17.7,19.3,0.1,1.1,259.0,94.0,,,,,,
2026-02-27T13:00,61,Moderate,17.8,19.6,0.2,0.8,251.0,85.0,,,,,,
2026-02-27T14:00,61,Moderate,17.6,19.4,0.3,0.7,246.0,79.0,,,,,,
2026-02-27T15:00,61,Moderate,17.4,19.3,0.4,0.6,242.0,78.0,,,,,,
2026-02-27T16:00,61,Moderate,17.4,19.3,0.4,0.6,240.0,79.0,,,,,,
2026-02-27T17:00,62,Moderate,24.2,26.5,0.5,0.6,238.0,73.0,,,,,,
2026-02-27T18:00,63,Moderate,24.5,26.8,0.5,0.6,229.0,74.0,,,,,,
2026-02-27T19:00,64,Moderate,24.8,27.0,0.4,0.6,219.0,75.0,,,,,,
2026-02-27T20:00,65,Moderate,25.0,27.2,0.4,0.6,226.0,76.0,,,,,,
2026-02-27T21:00,66,Moderate,25.1,27.2,0.4,0.6,267.0,77.0,,,,,,
2026-02-27T22:00,67,Moderate,25.2,27.2,0.5,0.6,325.0,78.0,,,,,,
2026-02-27T23:00,68,Moderate,25.2,27.2,0.5,0.7,368.0,79.0,,,,,,
2026-02-28T00:00,69,Moderate,25.1,27.1,0.5,0.9,380.0,80.0,,,,,,
2026-02-28T01:00,69,Moderate,25.6,27.5,0.6,1.1,377.0,81.0,,,,,,
2026-02-28T02:00,70,Moderate,26.8,28.6,0.6,1.2,376.0,83.0,,,,,,
2026-02-28T03:00,71,Moderate,28.9,30.7,0.6,1.1,390.0,88.0,,,,,,
2026-02-28T04:00,72,Moderate,31.8,33.8,0.5,0.9,406.0,94.0,,,,,,
2026-02-28T05:00,73,Moderate,38.1,40.4,0.9,0.9,404.0,98.0,,,,,,
2026-02-28T06:00,75,Moderate,40.0,42.7,0.9,0.9,365.0,99.0,,,,,,
2026-02-28T07:00,77,Moderate,41.4,44.5,0.9,0.9,307.0,102.0,,,,,,
2026-02-28T08:00,79,Moderate,42.3,45.6,0.8,0.9,266.0,103.0,,,,,,
2026-02-28T09:00,81,Moderate,42.6,46.3,0.7,0.8,259.0,103.0,,,,,,
2026-02-28T10:00,83,Moderate,42.6,46.4,0.5,0.7,268.0,103.0,,,,,,
2026-02-28T11:00,85,Moderate,42.3,46.2,0.4,0.6,277.0,103.0,,,,,,
2026-02-28T12:00,87,Moderate,41.7,45.9,0.4,0.6,277.0,104.0,,,,,,
2026-02-28T13:00,89,Moderate,41.1,45.3,0.4,0.6,276.0,104.0,,,,,,
2026-02-28T14:00,91,Moderate,40.5,44.7,0.5,0.6,280.0,105.0,,,,,,
2026-02-28T15:00,93,Moderate,40.3,44.2,0.6,0.6,292.0,105.0,,,,,,
2026-02-28T16:00,95,Moderate,40.0,43.8,0.8,0.5,308.0,106.0,,,,,,
2026-02-28T17:00,96,Moderate,40.7,44.5,0.8,0.5,321.0,101.0,,,,,,
2026-02-28T18:00,98,Moderate,40.5,44.0,0.7,0.5,327.0,103.0,,,,,,
2026-02-28T19:00,99,Moderate,40.4,43.8,0.6,0.5,330.0,106.0,,,,,,
2026-02-28T20:00,100,Moderate,40.2,43.3,0.6,0.6,336.0,107.0,,,,,,
2026-02-28T21:00,102,Unhealthy for Sensitive Groups,40.0,43.1,0.7,0.7,346.0,105.0,,,,,,
2026-02-28T22:00,103,Unhealthy for Sensitive Groups,39.7,42.7,0.8,0.8,359.0,102.0,,,,,,
2026-02-28T23:00,105,Unhealthy for Sensitive Groups,39.1,42.1,1.0,1.1,376.0,99.0,,,,,,
2026-03-01T00:00,106,Unhealthy for Sensitive Groups,38.5,41.4,1.3,1.8,403.0,97.0,,,,,,
2026-03-01T01:00,108,Unhealthy for Sensitive Groups,38.3,41.1,1.7,2.6,435.0,95.0,,,,,,
2026-03-01T02:00,109,Unhealthy for Sensitive Groups,38.4,41.1,2.0,3.3,458.0,94.0,,,,,,
2026-03-01T03:00,110,Unhealthy for Sensitive Groups,38.6,41.2,2.0,3.7,466.0,93.0,,,,,,
2026-03-01T04:00,111,Unhealthy for Sensitive Groups,39.0,41.6,1.9,3.8,464.0,93.0,,,,,,
2026-03-01T05:00,112,Unhealthy for Sensitive Groups,40.7,43.1,2.7,2.4,454.0,89.0,,,,,,
2026-03-01T06:00,112,Unhealthy for Sensitive Groups,41.8,44.2,2.4,2.2,434.0,94.0,,,,,,
2026-03-01T07:00,112,Unhealthy for Sensitive Groups,43.1,45.6,2.0,1.9,405.0,101.0,,,,,,
2026-03-01T08:00,113,Unhealthy for Sensitive Groups,44.5,46.9,1.6,1.6,379.0,107.0,,,,,,
2026-03-01T09:00,113,Unhealthy for Sensitive Groups,45.2,47.6,1.2,1.2,359.0,113.0,,,,,,
2026-03-01T10:00,113,Unhealthy for Sensitive Groups,45.3,47.7,0.8,0.7,340.0,119.0,,,,,,
2026-03-01T11:00,113,Unhealthy for Sensitive Groups,44.7,47.1,0.5,0.4,322.0,122.0,,,,,,
2026-03-01T12:00,114,Unhealthy for Sensitive Groups,43.8,46.3,0.4,0.3,301.0,121.0,,,,,,
2026-03-01T13:00,114,Unhealthy for Sensitive Groups,43.1,45.6,0.5,0.3,280.0,116.0,,,,,,
2026-03-01T14:00,114,Unhealthy for Sensitive Groups,42.4,44.9,0.5,0.3,266.0,113.0,,,,,,
2026-03-01T15:00,114,Unhealthy for Sensitive Groups,41.2,43.8,0.5,0.3,266.0,111.0,,,,,,
2026-03-01T16:00,114,Unhealthy for Sensitive Groups,38.3,40.6,0.6,0.2,274.0,109.0,,,,,,
2026-03-01T17:00,114,Unhealthy for Sensitive Groups,39.3,42.3,0.5,0.2,278.0,98.0,,,,,,
2026-03-01T18:00,114,Unhealthy for Sensitive Groups,35.7,39.0,0.5,0.3,265.0,104.0,,,,,,
2026-03-01T19:00,113,Unhealthy for Sensitive Groups,33.9,37.5,0.4,0.4,247.0,112.0,,,,,,
2026-03-01T20:00,113,Unhealthy for Sensitive Groups,33.4,37.1,0.4,0.5,254.0,118.0,,,,,,
2026-03-01T21:00,112,Unhealthy for Sensitive Groups,33.6,37.5,0.4,0.7,311.0,121.0,,,,,,
2026-03-01T22:00,111,Unhealthy for Sensitive Groups,35.0,39.0,0.5,0.9,392.0,122.0,,,,,,
2026-03-01T23:00,111,Unhealthy for Sensitive Groups,36.4,40.4,0.6,1.1,446.0,123.0,,,,,,
2026-03-02T00:00,111,Unhealthy for Sensitive Groups,37.4,41.1,0.6,1.1,445.0,124.0,,,,,,
2026-03-02T01:00,111,Unhealthy for Sensitive Groups,37.7,41.2,0.5,1.0,417.0,125.0,,,,,,
2026-03-02T02:00,110,Unhealthy for Sensitive Groups,37.8,41.1,0.8,1.1,399.0,123.0,,,,,,
2026-03-02T03:00,110,Unhealthy for Sensitive Groups,38.5,41.4,1.8,1.7,408.0,114.0,,,,,,
2026-03-02T04:00,110,Unhealthy for Sensitive Groups,39.1,41.8,3.1,2.6,427.0,103.0,,,,,,
2026-03-02T05:00,110,Unhealthy for Sensitive Groups,39.3,41.7,5.9,3.0,436.0,84.0,,,,,,
2026-03-02T06:00,110,Unhealthy for Sensitive Groups,40.4,42.8,5.4,3.3,426.0,88.0,,,,,,
2026-03-02T07:00,110,Unhealthy for Sensitive Groups,41.0,43.5,4.6,3.8,405.0,93.0,,,,,,
2026-03-02T08:00,110,Unhealthy for Sensitive Groups,40.6,43.4,3.7,3.9,382.0,100.0,,,,,,
2026-03-02T09:00,109,Unhealthy for Sensitive Groups,39.5,42.3,2.6,3.5,356.0,109.0,,,,,,
2026-03-02T10:00,109,Unhealthy for Sensitive Groups,38.0,40.6,1.5,2.8,327.0,119.0,,,,,,
2026-03-02T11:00,108,Unhealthy for Sensitive Groups,36.3,39.0,0.6,2.2,302.0,124.0,,,,,,
2026-03-02T12:00,107,Unhealthy for Sensitive Groups,34.6,37.3,0.3,1.7,285.0,122.0,,,,,,
2026-03-02T13:00,106,Unhealthy for Sensitive Groups,33.1,35.9,0.3,1.3,271.0,115.0,,,,,,
2026-03-02T14:00,105,Unhealthy for Sensitive Groups,31.2,34.1,0.4,1.0,259.0,110.0,,,,,,
2026-03-02T15:00,104,Unhealthy for Sensitive Groups,29.2,32.0,0.4,0.8,247.0,108.0,,,,,,
2026-03-02T16:00,103,Unhealthy for Sensitive Groups,27.2,30.0,0.5,0.8,236.0,107.0,,,,,,
2026-03-02T17:00,102,Unhealthy for Sensitive Groups,17.5,19.5,0.5,1.2,226.0,103.0,,,,,,
2026-03-02T18:00,100,Moderate,16.8,18.8,0.4,1.4,216.0,108.0,,,,,,
2026-03-02T19:00,98,Moderate,15.9,18.0,0.3,1.7,206.0,114.0,,,,,,
2026-03-02T20:00,97,Moderate,15.9,17.9,0.3,2.0,204.0,120.0,,,,,,
2026-03-02T21:00,95,Moderate,17.1,19.1,0.4,2.1,211.0,125.0,,,,,,
2026-03-02T22:00,94,Moderate,19.3,21.4,0.6,2.2,225.0,129.0,,,,,,
2026-03-02T23:00,93,Moderate,22.2,24.5,0.7,2.2,245.0,131.0,,,,,,
2026-03-03T00:00,92,Moderate,24.7,27.1,0.7,2.1,276.0,128.0,,,,,,
2026-03-03T01:00,91,Moderate,25.8,28.3,0.7,2.0,314.0,123.0,,,,,,
2026-03-03T02:00,90,Moderate,25.7,28.2,0.7,1.9,342.0,118.0,,,,,,
2026-03-03T03:00,89,Moderate,24.8,27.2,0.7,1.8,354.0,113.0,,,,,,
2026-03-03T04:00,88,Moderate,23.6,26.0,0.7,1.8,357.0,108.0,,,,,,
2026-03-03T05:00,86,Moderate,18.9,21.1,0.5,1.7,355.0,104.0,,,,,,
2026-03-03T06:00,85,Moderate,17.4,19.6,0.6,1.7,350.0,105.0,,,,,,
2026-03-03T07:00,83,Moderate,16.5,18.5,0.7,1.8,340.0,107.0,,,,,,
2026-03-03T08:00,81,Moderate,16.1,18.0,0.7,1.8,323.0,108.0,,,,,,
2026-03-03T09:00,79,Moderate,15.7,17.5,0.6,1.7,293.0,110.0,,,,,,
2026-03-03T10:00,77,Moderate,15.1,16.9,0.5,1.6,256.0,112.0,,,,,,
2026-03-03T11:00,76,Moderate,14.5,16.2,0.4,1.4,230.0,112.0,,,,,,
2026-03-03T12:00,74,Moderate,14.1,15.8,0.3,1.2,226.0,110.0,,,,,,
2026-03-03T13:00,72,Moderate,13.8,15.6,0.2,1.1,232.0,107.0,,,,,,
2026-03-03T14:00,71,Moderate,13.1,14.9,0.2,0.9,234.0,104.0,,,,,,
2026-03-03T15:00,69,Moderate,11.7,13.2,0.2,0.7,224.0,103.0,,,,,,
2026-03-03T16:00,68,Moderate,10.1,11.4,0.3,0.5,209.0,103.0,,,,,,
2026-03-03T17:00,67,Moderate,19.3,21.8,0.4,0.4,196.0,99.0,,,,,,
2026-03-03T18:00,67,Moderate,18.5,20.8,0.4,0.4,185.0,101.0,,,,,,
2026-03-03T19:00,67,Moderate,18.2,20.5,0.3,0.3,176.0,103.0,,,,,,
2026-03-03T20:00,67,Moderate,18.6,20.9,0.3,0.3,171.0,105.0,,,,,,
2026-03-03T21:00,67,Moderate,19.7,22.1,0.4,0.3,173.0,106.0,,,,,,
2026-03-03T22:00,67,Moderate,21.8,24.3,0.5,0.4,180.0,106.0,,,,,,
2026-03-03T23:00,68,Moderate,24.3,26.9,0.6,0.4,190.0,106.0,,,,,,
2026-03-04T00:00,68,Moderate,25.5,28.2,0.6,0.4,204.0,105.0,,,,,,
2026-03-04T01:00,68,Moderate,25.1,27.9,0.6,0.5,223.0,104.0,,,,,,
2026-03-04T02:00,68,Moderate,24.1,26.9,0.6,0.5,243.0,102.0,,,,,,
2026-03-04T03:00,68,Moderate,23.0,25.8,0.6,0.5,269.0,99.0,,,,,,
2026-03-04T04:00,68,Moderate,22.2,25.2,0.5,0.4,296.0,95.0,,,,,,
2026-03-04T05:00,67,Moderate,18.7,21.1,0.8,0.7,314.0,89.0,,,,,,
2026-03-04T06:00,67,Moderate,18.4,20.8,0.9,0.8,316.0,89.0,,,,,,
2026-03-04T07:00,67,Moderate,18.5,21.0,1.1,1.0,307.0,88.0,,,,,,
2026-03-04T08:00,68,Moderate,18.8,21.3,1.2,1.0,296.0,89.0,,,,,,
2026-03-04T09:00,68,Moderate,18.6,21.1,1.0,0.9,282.0,92.0,,,,,,
2026-03-04T10:00,68,Moderate,17.6,20.1,0.7,0.6,264.0,95.0,,,,,,
2026-03-04T11:00,68,Moderate,17.1,19.6,0.4,0.4,249.0,96.0,,,,,,
2026-03-04T12:00,68,Moderate,16.9,19.5,0.3,0.3,237.0,93.0,,,,,,
2026-03-04T13:00,69,Moderate,16.7,19.5,0.2,0.2,226.0,88.0,,,,,,
2026-03-04T14:00,69,Moderate,16.4,19.2,0.2,0.2,219.0,84.0,,,,,,
2026-03-04T15:00,69,Moderate,15.7,18.5,0.2,0.2,215.0,82.0,,,,,,
2026-03-04T16:00,69,Moderate,14.9,17.5,0.3,0.1,214.0,80.0,,,,,,
2026-03-04T17:00,70,Moderate,17.9,21.2,0.3,0.1,216.0,77.0,,,,,,
2026-03-04T18:00,70,Moderate,17.6,20.8,0.3,0.1,222.0,81.0,,,,,,
2026-03-04T19:00,70,Moderate,16.6,19.7,0.3,0.1,230.0,87.0,,,,,,
2026-03-04T20:00,70,Moderate,15.4,18.5,0.3,0.1,237.0,91.0,,,,,,
2026-03-04T21:00,69,Moderate,13.9,16.8,0.4,0.1,241.0,91.0,,,,,,
2026-03-04T22:00,69,Moderate,12.6,15.3,0.5,0.2,244.0,89.0,,,,,,
2026-03-04T23:00,68,Moderate,11.4,13.8,0.6,0.2,246.0,86.0,,,,,,
2026-03-05T00:00,67,Moderate,10.3,12.5,0.6,0.2,245.0,83.0,,,,,,
2026-03-05T01:00,66,Moderate,9.7,11.7,0.6,0.1,244.0,80.0,,,,,,
2026-03-05T02:00,65,Moderate,9.4,11.4,0.7,0.2,245.0,77.0,,,,,,
2026-03-05T03:00,64,Moderate,9.3,11.3,1.0,0.5,251.0,74.0,,,,,,
2026-03-05T04:00,62,Moderate,9.7,11.5,1.3,0.9,261.0,71.0,,,,,,
2026-03-05T05:00,61,Moderate,10.5,12.5,1.7,1.5,271.0,69.0,,,,,,
2026-03-05T06:00,61,Moderate,10.8,12.5,1.8,1.6,286.0,67.0,,,,,,
2026-03-05T07:00,60,Moderate,11.2,12.8,2.0,1.7,301.0,65.0,,,,,,
2026-03-05T08:00,60,Moderate,11.5,13.2,2.0,1.7,305.0,65.0,,,,,,
2026-03-05T09:00,59,Moderate,11.4,13.1,1.6,1.3,286.0,70.0,,,,,,
2026-03-05T10:00,59,Moderate,11.0,12.7,1.0,0.8,254.0,77.0,,,,,,
2026-03-05T11:00,58,Moderate,10.8,12.5,0.6,0.4,230.0,81.0,,,,,,
2026-03-05T12:00,58,Moderate,10.9,13.0,0.4,0.2,222.0,79.0,,,,,,
2026-03-05T13:00,57,Moderate,10.8,13.2,0.3,0.1,221.0,74.0,,,,,,
2026-03-05T14:00,57,Moderate,10.6,13.2,0.3,0.1,219.0,70.0,,,,,,
2026-03-05T15:00,56,Moderate,10.4,13.3,0.3,0.1,213.0,69.0,,,,,,
2026-03-05T16:00,56,Moderate,10.3,13.1,0.4,0.1,205.0,69.0,,,,,,
2026-03-05T17:00,55,Moderate,15.9,19.2,0.4,0.1,199.0,67.0,,,,,,
2026-03-05T18:00,55,Moderate,14.1,17.1,0.3,0.1,190.0,69.0,,,,,,
2026-03-05T19:00,55,Moderate,13.3,16.2,0.3,0.0,182.0,71.0,,,,,,
2026-03-05T20:00,55,Moderate,12.9,15.8,0.3,0.1,191.0,73.0,,,,,,
2026-03-05T21:00,54,Moderate,12.6,15.5,0.5,0.2,232.0,74.0,,,,,,
2026-03-05T22:00,54,Moderate,12.8,15.7,0.7,0.4,290.0,74.0,,,,,,
2026-03-05T23:00,54,Moderate,13.9,16.5,1.3,1.2,329.0,74.0,,,,,,
2026-03-06T00:00,55,Moderate,16.6,19.2,2.4,3.0,329.0,75.0,,,,,,
2026-03-06T01:00,55,Moderate,19.6,22.0,3.8,5.5,311.0,75.0,,,,,,
2026-03-06T02:00,56,Moderate,22.4,24.6,5.0,7.4,304.0,76.0,,,,,,
2026-03-06T03:00,57,Moderate,24.9,27.1,5.8,8.4,323.0,76.0,,,,,,
2026-03-06T04:00,58,Moderate,27.2,29.3,6.3,9.0,353.0,76.0,,,,,,
2026-03-06T05:00,59,Moderate,24.9,26.5,9.5,8.9,385.0,57.0,,,,,,
2026-03-06T06:00,61,Moderate,27.2,28.9,8.8,10.1,428.0,65.0,,,,,,
2026-03-06T07:00,62,Moderate,29.3,31.0,7.7,11.8,472.0,78.0,,,,,,
2026-03-06T08:00,63,Moderate,28.9,31.0,6.5,12.9,481.0,90.0,,,,,,
2026-03-06T09:00,65,Moderate,25.3,27.7,4.9,13.0,423.0,104.0,,,,,,
2026-03-06T10:00,66,Moderate,21.5,24.1,3.2,12.5,330.0,118.0,,,,,,
2026-03-06T11:00,67,Moderate,20.3,22.9,1.8,11.4,256.0,126.0,,,,,,
2026-03-06T12:00,67,Moderate,19.8,22.3,1.1,9.2,225.0,125.0,,,,,,
2026-03-06T13:00,68,Moderate,19.1,21.3,0.8,6.3,215.0,118.0,,,,,,
2026-03-06T14:00,69,Moderate,17.7,19.8,0.6,3.9,209.0,111.0,,,,,,
2026-03-06T15:00,69,Moderate,15.8,18.2,0.5,2.3,205.0,105.0,,,,,,
2026-03-06T16:00,70,Moderate,14.7,17.6,0.4,1.1,206.0,98.0,,,,,,
2026-03-06T17:00,70,Moderate,18.3,22.1,0.6,0.6,210.0,96.0,,,,,,
2026-03-06T18:00,70,Moderate,18.5,22.9,0.6,0.6,216.0,100.0,,,,,,
2026-03-06T19:00,71,Moderate,19.4,24.4,0.6,0.5,226.0,105.0,,,,,,
2026-03-06T20:00,71,Moderate,20.8,25.8,0.8,0.9,242.0,110.0,,,,,,
2026-03-06T21:00,72,Moderate,23.4,28.0,1.5,1.9,271.0,115.0,,,,,,
2026-03-06T22:00,73,Moderate,26.3,30.3,2.5,3.4,307.0,119.0,,,,,,
2026-03-06T23:00,74,Moderate,28.9,32.4,3.3,4.6,335.0,121.0,,,,,,
2026-03-07T00:00,75,Moderate,30.7,33.9,3.8,5.4,349.0,119.0,,,,,,
2026-03-07T01:00,76,Moderate,32.1,35.0,4.1,6.1,355.0,113.0,,,,,,
2026-03-07T02:00,77,Moderate,33.2,36.0,4.4,6.5,354.0,108.0,,,,,,
2026-03-07T03:00,78,Moderate,34.0,36.6,4.7,6.7,343.0,102.0,,,,,,
2026-03-07T04:00,78,Moderate,34.6,36.9,4.9,6.7,326.0,96.0,,,,,,
2026-03-07T05:00,79,Moderate,34.9,37.1,5.3,6.5,317.0,87.0,,,,,,
2026-03-07T06:00,80,Moderate,34.5,36.6,5.2,6.6,329.0,88.0,,,,,,
2026-03-07T07:00,80,Moderate,34.1,36.0,5.1,6.7,349.0,90.0,,,,,,
2026-03-07T08:00,81,Moderate,33.9,35.7,4.7,6.9,357.0,97.0,,,,,,
2026-03-07T09:00,81,Moderate,33.6,35.5,3.8,7.4,342.0,114.0,,,,,,
2026-03-07T10:00,82,Moderate,34.1,36.3,2.6,8.0,314.0,137.0,,,,,,
2026-03-07T11:00,83,Moderate,34.6,36.7,1.7,7.8,292.0,151.0,,,,,,
2026-03-07T12:00,84,Moderate,34.6,36.7,1.2,6.3,282.0,151.0,,,,,,
2026-03-07T13:00,85,Moderate,33.9,36.2,0.8,4.0,277.0,142.0,,,,,,
2026-03-07T14:00,86,Moderate,32.4,35.0,0.6,2.2,270.0,134.0,,,,,,
2026-03-07T15:00,87,Moderate,30.0,34.0,0.5,1.3,257.0,127.0,,,,,,
2026-03-07T16:00,91,Moderate,28.3,33.1,0.5,0.9,243.0,120.0,,,,,,
2026-03-07T17:00,95,Moderate,25.9,28.9,0.7,0.5,233.0,113.0,,,,,,
2026-03-07T18:00,95,Moderate,25.1,29.0,0.6,0.5,226.0,115.0,,,,,,
2026-03-07T19:00,91,Moderate,25.2,29.6,0.5,0.5,224.0,117.0,,,,,,
2026-03-07T20:00,91,Moderate,25.6,30.3,0.5,0.6,236.0,119.0,,,,,,
2026-03-07T21:00,92,Moderate,26.0,31.0,0.6,0.7,272.0,120.0,,,,,,
2026-03-07T22:00,92,Moderate,26.3,31.4,0.8,0.8,322.0,121.0,,,,,,
2026-03-07T23:00,92,Moderate,26.3,31.2,1.2,1.2,362.0,120.0,,,,,,
2026-03-08T00:00,92,Moderate,25.9,30.5,1.8,2.1,378.0,117.0,,,,,,
2026-03-08T01:00,91,Moderate,25.7,29.9,2.6,3.2,385.0,112.0,,,,,,
2026-03-08T02:00,91,Moderate,26.0,30.3,3.1,4.1,396.0,109.0,,,,,,
2026-03-08T03:00,90,Moderate,26.5,31.1,3.2,4.9,431.0,108.0,,,,,,
2026-03-08T04:00,89,Moderate,27.0,31.8,3.0,5.4,470.0,107.0,,,,,,
2026-03-08T05:00,89,Moderate,27.8,31.1,4.7,6.1,475.0,91.0,,,,,,
2026-03-08T06:00,88,Moderate,27.9,31.9,3.8,5.2,412.0,97.0,,,,,,
2026-03-08T07:00,88,Moderate,28.1,33.3,2.5,4.0,314.0,106.0,,,,,,
2026-03-08T08:00,87,Moderate,28.5,34.8,1.5,2.9,239.0,112.0,,,,,,
2026-03-08T09:00,87,Moderate,28.8,35.9,0.9,2.0,214.0,112.0,,,,,,
2026-03-08T10:00,87,Moderate,27.8,34.9,0.5,1.2,212.0,109.0,,,,,,
2026-03-08T11:00,86,Moderate,25.8,32.6,0.3,0.6,215.0,106.0,,,,,,
2026-03-08T12:00,85,Moderate,22.9,28.9,0.2,0.4,219.0,104.0,,,,,,
2026-03-08T13:00,84,Moderate,20.8,26.4,0.3,0.4,228.0,103.0,,,,,,
2026-03-08T14:00,83,Moderate,20.4,25.8,0.4,0.4,233.0,102.0,,,,,,
2026-03-08T15:00,82,Moderate,19.8,25.6,0.5,0.4,231.0,102.0,,,,,,
2026-03-08T16:00,82,Moderate,19.1,25.7,0.7,0.4,226.0,103.0,,,,,,
2026-03-08T17:00,81,Moderate,21.9,29.1,0.7,0.5,222.0,96.0,,,,,,
2026-03-08T18:00,81,Moderate,20.5,28.9,0.6,0.5,222.0,98.0,,,,,,
2026-03-08T19:00,80,Moderate,19.4,29.2,0.5,0.5,223.0,100.0,,,,,,
2026-03-08T20:00,80,Moderate,18.2,28.9,0.4,0.5,224.0,100.0,,,,,,
2026-03-08T21:00,79,Moderate,16.6,27.6,0.5,0.5,215.0,98.0,,,,,,
2026-03-08T22:00,78,Moderate,15.0,25.4,0.7,0.6,205.0,95.0,,,,,,
2026-03-08T23:00,78,Moderate,13.2,22.1,0.8,0.6,220.0,90.0,,,,,,
2026-03-09T00:00,77,Moderate,11.8,19.3,0.9,0.6,291.0,82.0,,,,,,
2026-03-09T01:00,75,Moderate,10.9,16.8,0.9,0.5,388.0,73.0,,,,,,
2026-03-09T02:00,74,Moderate,10.5,15.3,0.9,0.4,443.0,65.0,,,,,,
2026-03-09T03:00,73,Moderate,10.2,14.2,0.8,0.4,417.0,59.0,,,,,,
2026-03-09T04:00,72,Moderate,10.2,13.9,0.5,0.3,350.0,55.0,,,,,,
2026-03-09T05:00,70,Moderate,8.8,12.0,0.5,0.3,291.0,52.0,,,,,,
2026-03-09T06:00,69,Moderate,9.4,13.1,0.5,0.3,257.0,55.0,,,,,,
2026-03-09T07:00,68,Moderate,9.9,14.3,0.5,0.3,231.0,59.0,,,,,,
2026-03-09T08:00,66,Moderate,10.4,15.5,0.5,0.3,215.0,62.0,,,,,,
2026-03-09T09:00,65,Moderate,11.2,17.3,0.4,0.3,216.0,65.0,,,,,,
2026-03-09T10:00,63,Moderate,12.0,18.6,0.3,0.2,227.0,67.0,,,,,,
2026-03-09T11:00,62,Moderate,12.5,19.1,0.2,0.2,231.0,69.0,,,,,,
2026-03-09T12:00,61,Moderate,12.8,19.4,0.2,0.2,215.0,70.0,,,,,,
2026-03-09T13:00,60,Moderate,14.1,21.4,0.2,0.2,192.0,71.0,,,,,,
2026-03-09T14:00,60,Moderate,15.5,23.2,0.3,0.2,180.0,73.0,,,,,,
2026-03-09T15:00,59,Moderate,18.6,27.5,0.4,0.2,191.0,76.0,,,,,,
2026-03-09T16:00,59,Moderate,20.5,30.0,0.4,0.2,215.0,80.0,,,,,,
2026-03-09T17:00,59,Moderate,28.1,40.6,0.5,0.2,233.0,76.0,,,,,,
2026-03-09T18:00,60,Moderate,29.7,42.5,0.6,0.4,241.0,84.0,,,,,,
2026-03-09T19:00,60,Moderate,31.8,44.9,0.8,0.6,244.0,94.0,,,,,,
2026-03-09T20:00,61,Moderate,35.0,49.5,0.9,0.8,245.0,102.0,,,,,,
2026-03-09T21:00,63,Moderate,36.3,51.7,0.9,0.9,245.0,104.0,,,,,,
2026-03-09T22:00,64,Moderate,34.0,47.7,0.9,0.9,243.0,103.0,,,,,,
2026-03-09T23:00,66,Moderate,30.4,41.3,0.9,0.9,238.0,101.0,,,,,,
2026-03-10T00:00,67,Moderate,27.6,36.4,0.8,0.8,226.0,98.0,,,,,,
2026-03-10T01:00,68,Moderate,26.0,33.4,0.8,0.6,211.0,93.0,,,,,,
2026-03-10T02:00,70,Moderate,25.0,31.9,0.7,0.5,201.0,90.0,,,,,,
2026-03-10T03:00,71,Moderate,24.2,30.6,0.6,0.5,200.0,89.0,,,,,,
2026-03-10T04:00,72,Moderate,23.8,30.2,0.6,0.5,204.0,89.0,,,,,,
2026-03-10T05:00,73,Moderate,25.7,32.7,1.1,0.9,212.0,85.0,,,,,,
2026-03-10T06:00,74,Moderate,25.4,32.0,1.3,1.2,229.0,84.0,,,,,,
2026-03-10T07:00,76,Moderate,25.9,32.6,1.6,1.7,249.0,83.0,,,,,,
2026-03-10T08:00,77,Moderate,25.6,31.9,1.7,1.9,260.0,84.0,,,,,,
2026-03-10T09:00,78,Moderate,25.3,31.3,1.4,1.7,252.0,89.0,,,,,,
2026-03-10T10:00,79,Moderate,23.9,29.6,0.9,1.3,233.0,96.0,,,,,,
2026-03-10T11:00,80,Moderate,21.7,26.9,0.5,0.9,216.0,99.0,,,,,,
2026-03-10T12:00,81,Moderate,19.0,23.5,0.3,0.6,203.0,96.0,,,,,,
2026-03-10T13:00,81,Moderate,15.9,19.7,0.3,0.4,191.0,90.0,,,,,,
2026-03-10T14:00,81,Moderate,13.1,16.2,0.3,0.2,185.0,85.0,,,,,,
2026-03-10T15:00,81,Moderate,10.5,13.1,0.3,0.1,190.0,83.0,,,,,,
2026-03-10T16:00,81,Moderate,8.4,10.6,0.4,0.1,201.0,81.0,,,,,,
2026-03-10T17:00,80,Moderate,4.6,5.6,0.6,0.1,208.0,78.0,,,,,,
2026-03-10T18:00,78,Moderate,4.5,5.8,0.7,0.1,206.0,77.0,,,,,,
2026-03-10T19:00,76,Moderate,5.6,7.3,0.8,0.1,200.0,76.0,,,,,,
2026-03-10T20:00,74,Moderate,7.9,10.0,0.9,0.1,195.0,74.0,,,,,,
2026-03-10T21:00,72,Moderate,9.5,12.0,1.0,0.1,193.0,72.0,,,,,,
2026-03-10T22:00,69,Moderate,10.1,12.7,1.0,0.2,191.0,70.0,,,,,,
2026-03-10T23:00,68,Moderate,10.3,12.7,1.0,0.2,189.0,68.0,,,,,,
2026-03-11T00:00,66,Moderate,9.9,12.0,1.0,0.2,185.0,67.0,,,,,,
2026-03-11T01:00,65,Moderate,10.3,12.7,0.9,0.3,181.0,66.0,,,,,,
2026-03-11T02:00,63,Moderate,10.6,13.2,0.9,0.3,180.0,66.0,,,,,,
2026-03-11T03:00,62,Moderate,9.9,12.2,0.9,0.4,184.0,65.0,,,,,,
2026-03-11T04:00,61,Moderate,9.7,12.0,1.0,0.4,191.0,65.0,,,,,,
2026-03-11T05:00,60,Moderate,10.5,13.0,1.2,0.3,196.0,63.0,,,,,,
2026-03-11T06:00,59,Moderate,10.7,13.4,1.2,0.3,195.0,65.0,,,,,,
2026-03-11T07:00,58,Moderate,10.8,13.5,1.1,0.2,192.0,67.0,,,,,,
2026-03-11T08:00,56,Moderate,10.0,12.6,1.0,0.2,189.0,69.0,,,,,,
2026-03-11T09:00,55,Moderate,10.0,12.7,0.8,0.2,186.0,72.0,,,,,,
2026-03-11T10:00,54,Moderate,10.0,12.9,0.5,0.1,182.0,74.0,,,,,,
2026-03-11T11:00,53,Moderate,10.3,13.4,0.3,0.1,179.0,76.0,,,,,,
2026-03-11T12:00,52,Moderate,10.6,14.0,0.2,0.1,177.0,75.0,,,,,,
2026-03-11T13:00,51,Moderate,10.9,14.3,0.3,0.1,176.0,73.0,,,,,,
2026-03-11T14:00,51,Moderate,11.0,14.6,0.3,0.1,177.0,72.0,,,,,,
2026-03-11T15:00,51,Moderate,11.1,14.8,0.3,0.1,183.0,73.0,,,,,,
2026-03-11T16:00,51,Moderate,11.2,15.1,0.4,0.1,192.0,75.0,,,,,,
2026-03-11T17:00,51,Moderate,14.3,18.6,0.7,0.1,196.0,77.0,,,,,,
2026-03-11T18:00,52,Moderate,13.5,17.5,0.8,0.1,189.0,77.0,,,,,,
2026-03-11T19:00,53,Moderate,12.9,16.6,0.9,0.1,177.0,76.0,,,,,,
2026-03-11T20:00,53,Moderate,12.6,16.2,1.0,0.1,170.0,75.0,,,,,,
2026-03-11T21:00,54,Moderate,12.7,16.2,1.1,0.1,171.0,73.0,,,,,,
2026-03-11T22:00,54,Moderate,13.0,16.6,1.1,0.1,177.0,70.0,,,,,,
2026-03-11T23:00,54,Moderate,13.4,17.1,1.1,0.1,185.0,68.0,,,,,,
2026-03-12T00:00,54,Moderate,13.7,17.3,1.0,0.1,195.0,67.0,,,,,,
2026-03-12T01:00,55,Moderate,13.8,17.5,0.9,0.1,207.0,67.0,,,,,,
2026-03-12T02:00,55,Moderate,13.9,17.5,0.8,0.1,217.0,67.0,,,,,,
2026-03-12T03:00,55,Moderate,13.8,17.5,0.7,0.1,225.0,67.0,,,,,,
2026-03-12T04:00,55,Moderate,13.8,17.5,0.7,0.1,230.0,67.0,,,,,,
2026-03-12T05:00,56,Moderate,13.5,17.1,0.6,0.1,234.0,67.0,,,,,,
2026-03-12T06:00,56,Moderate,13.3,16.9,0.7,0.1,235.0,67.0,,,,,,
2026-03-12T07:00,56,Moderate,13.3,16.9,0.8,0.2,234.0,68.0,,,,,,
2026-03-12T08:00,56,Moderate,13.3,16.8,0.8,0.2,231.0,69.0,,,,,,
2026-03-12T09:00,57,Moderate,13.0,16.6,0.7,0.2,228.0,72.0,,,,,,
2026-03-12T10:00,57,Moderate,12.7,16.4,0.5,0.2,224.0,75.0,,,,,,
2026-03-12T11:00,57,Moderate,12.2,15.9,0.4,0.2,217.0,77.0,,,,,,
2026-03-12T12:00,57,Moderate,11.6,15.3,0.3,0.2,204.0,76.0,,,,,,
2026-03-12T13:00,57,Moderate,11.1,14.8,0.2,0.1,188.0,72.0,,,,,,
2026-03-12T14:00,57,Moderate,10.7,14.4,0.2,0.1,178.0,70.0,,,,,,
2026-03-12T15:00,57,Moderate,10.5,14.2,0.3,0.1,178.0,69.0,,,,,,
2026-03-12T16:00,57,Moderate,10.4,14.2,0.4,0.1,183.0,68.0,,,,,,
2026-03-12T17:00,57,Moderate,11.5,15.4,0.5,0.1,188.0,63.0,,,,,,
2026-03-12T18:00,57,Moderate,12.4,16.5,0.5,0.1,190.0,67.0,,,,,,
2026-03-12T19:00,57,Moderate,13.7,17.9,0.6,0.1,192.0,73.0,,,,,,
2026-03-12T20:00,57,Moderate,15.4,19.9,0.7,0.1,193.0,77.0,,,,,,
2026-03-12T21:00,57,Moderate,16.5,21.2,0.9,0.1,193.0,78.0,,,,,,
2026-03-12T22:00,57,Moderate,16.9,21.5,1.1,0.1,193.0,78.0,,,,,,
2026-03-12T23:00,58,Moderate,16.1,20.6,1.2,0.1,192.0,76.0,,,,,,
2026-03-13T00:00,58,Moderate,14.3,18.5,1.1,0.1,187.0,72.0,,,,,,
2026-03-13T01:00,58,Moderate,12.5,16.2,1.0,0.1,182.0,67.0,,,,,,
2026-03-13T02:00,58,Moderate,11.1,14.5,0.8,0.1,184.0,64.0,,,,,,
2026-03-13T03:00,58,Moderate,10.6,13.9,0.6,0.1,203.0,63.0,,,,,,
2026-03-13T04:00,57,Moderate,10.5,13.9,0.4,0.1,230.0,64.0,,,,,,
2026-03-13T05:00,57,Moderate,10.9,14.6,0.4,0.1,246.0,64.0,,,,,,
2026-03-13T06:00,57,Moderate,11.4,15.3,0.4,0.1,240.0,65.0,,,,,,
2026-03-13T07:00,57,Moderate,11.8,15.7,0.5,0.1,224.0,66.0,,,,,,
2026-03-13T08:00,57,Moderate,12.2,16.2,0.5,0.1,210.0,68.0,,,,,,
2026-03-13T09:00,57,Moderate,12.7,16.8,0.4,0.1,204.0,70.0,,,,,,
2026-03-13T10:00,57,Moderate,13.0,17.1,0.4,0.1,202.0,72.0,,,,,,
2026-03-13T11:00,57,Moderate,13.3,17.5,0.3,0.1,201.0,74.0,,,,,,
2026-03-13T12:00,57,Moderate,13.7,17.8,0.3,0.1,202.0,75.0,,,,,,
2026-03-13T13:00,57,Moderate,13.9,18.0,0.3,0.1,205.0,75.0,,,,,,
2026-03-13T14:00,57,Moderate,13.8,17.8,0.3,0.1,208.0,75.0,,,,,,
2026-03-13T15:00,57,Moderate,13.2,17.1,0.4,0.1,210.0,73.0,,,,,,
2026-03-13T16:00,58,Moderate,12.5,16.2,0.5,0.1,213.0,70.0,,,,,,
2026-03-13T17:00,58,Moderate,10.2,13.1,0.6,0.1,213.0,67.0,,,,,,
2026-03-13T18:00,58,Moderate,9.5,12.3,0.5,0.1,209.0,67.0,,,,,,
2026-03-13T19:00,57,Moderate,9.0,11.8,0.3,0.1,203.0,67.0,,,,,,
2026-03-13T20:00,57,Moderate,9.1,11.9,0.3,0.1,201.0,67.0,,,,,,
2026-03-13T21:00,57,Moderate,9.6,12.6,0.5,0.1,209.0,68.0,,,,,,
2026-03-13T22:00,56,Moderate,10.4,13.6,0.9,0.2,222.0,70.0,,,,,,
2026-03-13T23:00,55,Moderate,10.9,14.1,1.1,0.2,230.0,72.0,,,,,,
2026-03-14T00:00,55,Moderate,10.7,13.9,0.9,0.2,224.0,73.0,,,,,,
2026-03-14T01:00,55,Moderate,9.8,12.9,0.5,0.1,212.0,75.0,,,,,,
2026-03-14T02:00,55,Moderate,9.4,12.7,0.3,0.2,214.0,76.0,,,,,,
2026-03-14T03:00,54,Moderate,9.3,12.5,0.4,0.5,244.0,78.0,,,,,,
2026-03-14T04:00,54,Moderate,8.7,11.8,0.6,0.9,287.0,80.0,,,,,,
2026-03-14T05:00,54,Moderate,8.7,11.8,0.5,0.7,313.0,84.0,,,,,,
2026-03-14T06:00,54,Moderate,8.4,11.5,0.6,1.0,308.0,85.0,,,,,,
2026-03-14T07:00,54,Moderate,8.2,11.2,0.8,1.3,286.0,85.0,,,,,,
2026-03-14T08:00,53,Moderate,8.4,11.4,0.9,1.4,265.0,86.0,,,,,,
2026-03-14T09:00,53,Moderate,7.9,10.7,0.8,1.1,251.0,87.0,,,,,,
2026-03-14T10:00,53,Moderate,7.6,10.4,0.5,0.5,237.0,87.0,,,,,,
2026-03-14T11:00,52,Moderate,7.3,10.1,0.3,0.1,227.0,88.0,,,,,,
2026-03-14T12:00,52,Moderate,7.1,9.9,0.2,0.0,221.0,88.0,,,,,,
2026-03-14T13:00,51,Moderate,6.9,9.5,0.3,0.1,217.0,89.0,,,,,,
2026-03-14T14:00,51,Moderate,6.9,9.5,0.3,0.2,216.0,90.0,,,,,,
2026-03-14T15:00,50,Good,6.9,9.2,0.4,0.2,218.0,92.0,,,,,,
2026-03-14T16:00,49,Good,6.5,8.4,0.5,0.1,221.0,95.0,,,,,,
2026-03-14T17:00,48,Good,4.8,6.4,0.5,0.1,221.0,91.0,,,,,,
2026-03-14T18:00,47,Good,4.5,5.8,0.5,0.1,213.0,90.0,,,,,,
2026-03-14T19:00,46,Good,4.2,5.5,0.4,0.1,201.0,88.0,,,,,,
2026-03-14T20:00,44,Good,3.8,5.0,0.4,0.2,197.0,87.0,,,,,,
2026-03-14T21:00,43,Good,3.5,4.6,0.4,0.3,204.0,86.0,,,,,,
2026-03-14T22:00,42,Good,3.4,4.5,0.4,0.4,218.0,85.0,,,,,,
2026-03-14T23:00,41,Good,3.3,4.4,0.5,0.5,242.0,84.0,,,,,,
2026-03-15T00:00,41,Good,3.3,4.4,0.6,0.7,287.0,84.0,,,,,,
2026-03-15T01:00,40,Good,3.3,4.4,0.7,0.9,342.0,84.0,,,,,,
2026-03-15T02:00,40,Good,3.6,4.8,0.8,1.0,374.0,84.0,,,,,,
2026-03-15T03:00,40,Good,4.1,5.7,0.9,1.1,365.0,84.0,,,,,,
2026-03-15T04:00,39,Good,4.8,6.7,1.0,1.2,334.0,84.0,,,,,,
2026-03-15T05:00,39,Good,5.5,7.7,0.3,0.2,305.0,88.0,,,,,,
2026-03-15T06:00,39,Good,5.8,8.2,0.4,0.2,289.0,87.0,,,,,,
2026-03-15T07:00,39,Good,6.3,8.8,0.5,0.2,275.0,85.0,,,,,,
2026-03-15T08:00,39,Good,6.6,9.1,0.5,0.2,262.0,83.0,,,,,,
2026-03-15T09:00,39,Good,6.8,9.3,0.5,0.2,249.0,80.0,,,,,,
2026-03-15T10:00,39,Good,6.7,9.1,0.4,0.1,236.0,76.0,,,,,,
2026-03-15T11:00,39,Good,6.4,8.7,0.3,0.1,225.0,72.0,,,,,,
2026-03-15T12:00,38,Good,5.9,8.2,0.2,0.1,216.0,70.0,,,,,,
2026-03-15T13:00,37,Good,5.6,7.9,0.2,0.1,207.0,68.0,,,,,,
2026-03-15T14:00,36,Good,5.4,7.7,0.2,0.1,201.0,66.0,,,,,,
2026-03-15T15:00,35,Good,4.9,7.1,0.3,0.1,197.0,64.0,,,,,,
2026-03-15T16:00,34,Good,4.5,6.4,0.3,0.1,194.0,63.0,,,,,,
2026-03-15T17:00,32,Good,3.7,5.6,0.5,0.1,191.0,61.0,,,,,,
2026-03-15T18:00,31,Good,3.8,5.5,0.4,0.1,181.0,61.0,,,,,,
2026-03-15T19:00,30,Good,3.7,5.4,0.3,0.1,171.0,62.0,,,,,,
2026-03-15T20:00,30,Good,3.8,5.4,0.3,0.1,175.0,64.0,,,,,,
2026-03-15T21:00,30,Good,4.2,5.8,0.5,0.1,206.0,68.0,,,,,,
2026-03-15T22:00,30,Good,4.8,6.6,0.8,0.2,251.0,73.0,,,,,,
2026-03-15T23:00,30,Good,5.2,7.3,1.0,0.2,291.0,75.0,,,,,,
2026-03-16T00:00,31,Good,5.4,7.6,0.9,0.2,321.0,73.0,,,,,,
2026-03-16T01:00,31,Good,5.5,7.7,0.7,0.2,344.0,69.0,,,,,,
2026-03-16T02:00,32,Good,5.4,7.6,0.5,0.2,353.0,65.0,,,,,,
2026-03-16T03:00,32,Good,5.4,7.7,0.4,0.2,338.0,62.0,,,,,,
2026-03-16T04:00,32,Good,5.3,7.5,0.4,0.1,309.0,58.0,,,,,,
2026-03-16T05:00,31,Good,5.9,8.5,0.4,0.1,283.0,57.0,,,,,,
2026-03-16T06:00,31,Good,5.8,8.4,0.4,0.1,269.0,57.0,,,,,,
2026-03-16T07:00,30,Good,5.6,8.1,0.5,0.1,259.0,57.0,,,,,,
2026-03-16T08:00,29,Good,5.6,8.1,0.5,0.1,246.0,58.0,,,,,,
2026-03-16T09:00,29,Good,5.6,8.0,0.4,0.1,224.0,60.0,,,,,,
2026-03-16T10:00,29,Good,5.7,8.1,0.4,0.1,200.0,64.0,,,,,,
2026-03-16T11:00,28,Good,6.1,8.5,0.3,0.2,186.0,68.0,,,,,,
2026-03-16T12:00,28,Good,7.1,9.7,0.3,0.4,189.0,75.0,,,,,,
2026-03-16T13:00,29,Good,8.4,11.3,0.3,0.7,203.0,83.0,,,,,,
2026-03-16T14:00,30,Good,9.5,12.7,0.4,0.9,215.0,89.0,,,,,,
2026-03-16T15:00,32,Good,9.9,13.1,0.4,0.8,220.0,92.0,,,,,,
2026-03-16T16:00,34,Good,9.7,12.6,0.4,0.5,224.0,92.0,,,,,,
2026-03-16T17:00,36,Good,6.5,9.1,0.6,0.4,235.0,74.0,,,,,,
2026-03-16T18:00,37,Good,6.0,8.5,1.2,1.4,260.0,72.0,,,,,,
2026-03-16T19:00,37,Good,6.1,8.5,2.2,2.9,292.0,69.0,,,,,,
2026-03-16T20:00,37,Good,6.5,9.0,3.1,4.4,314.0,67.0,,,,,,
2026-03-16T21:00,37,Good,7.0,9.6,4.1,6.0,320.0,68.0,,,,,,
2026-03-16T22:00,36,Good,7.5,10.3,5.1,7.8,316.0,70.0,,,,,,
2026-03-16T23:00,36,Good,8.1,10.9,5.8,9.1,306.0,71.0,,,,,,
2026-03-17T00:00,37,Good,8.7,11.6,6.1,9.8,280.0,71.0,,,,,,
2026-03-17T01:00,38,Good,9.3,12.5,6.0,10.2,247.0,71.0,,,,,,
2026-03-17T02:00,39,Good,10.1,13.4,5.9,10.5,239.0,71.0,,,,,,
2026-03-17T03:00,40,Good,10.5,13.5,5.8,11.0,285.0,70.0,,,,,,
2026-03-17T04:00,41,Good,10.3,12.7,5.6,11.3,354.0,68.0,,,,,,
2026-03-17T05:00,42,Good,8.8,10.7,4.3,6.2,391.0,65.0,,,,,,
2026-03-17T06:00,43,Good,8.2,10.7,3.5,4.9,360.0,68.0,,,,,,
2026-03-17T07:00,43,Good,7.9,10.7,2.5,3.2,295.0,73.0,,,,,,
2026-03-17T08:00,44,Good,7.7,10.5,1.6,1.8,244.0,77.0,,,,,,
2026-03-17T09:00,44,Good,7.8,10.7,1.1,1.2,226.0,81.0,,,,,,
2026-03-17T10:00,45,Good,7.8,10.8,0.7,1.0,222.0,85.0,,,,,,
2026-03-17T11:00,45,Good,7.6,10.6,0.4,0.9,219.0,87.0,,,,,,
2026-03-17T12:00,46,Good,7.5,10.6,0.2,0.7,212.0,86.0,,,,,,
2026-03-17T13:00,46,Good,7.5,10.8,0.2,0.6,206.0,83.0,,,,,,
2026-03-17T14:00,45,Good,7.5,10.7,0.2,0.5,203.0,81.0,,,,,,
2026-03-17T15:00,45,Good,7.3,10.5,0.2,0.4,201.0,81.0,,,,,,
2026-03-17T16:00,44,Good,7.3,10.5,0.3,0.3,203.0,82.0,,,,,,
2026-03-17T17:00,44,Good,9.3,13.0,1.0,1.7,214.0,97.0,,,,,,
2026-03-17T18:00,45,Good,9.1,12.7,1.5,2.7,241.0,100.0,,,,,,
2026-03-17T19:00,45,Good,8.8,12.1,2.2,4.0,279.0,105.0,,,,,,
2026-03-17T20:00,46,Good,9.0,12.3,2.9,5.4,315.0,108.0,,,,,,
2026-03-17T21:00,46,Good,8.6,11.4,3.4,6.7,351.0,108.0,,,,,,
2026-03-17T22:00,47,Good,7.9,9.8,3.8,7.9,386.0,107.0,,,,,,
2026-03-17T23:00,47,Good,8.1,10.0,4.1,9.0,406.0,105.0,,,,,,
2026-03-18T00:00,47,Good,8.6,10.4,4.2,9.8,397.0,104.0,,,,,,
2026-03-18T01:00,48,Good,9.2,10.8,4.3,10.4,371.0,103.0,,,,,,
2026-03-18T02:00,49,Good,8.9,10.1,4.1,10.7,356.0,102.0,,,,,,
2026-03-18T03:00,49,Good,8.6,9.8,3.7,10.6,370.0,102.0,,,,,,
2026-03-18T04:00,49,Good,8.4,9.6,3.1,10.2,394.0,103.0,,,,,,
2026-03-18T05:00,48,Good,6.9,8.9,1.6,3.3,394.0,101.0,,,,,,
2026-03-18T06:00,48,Good,6.8,8.6,1.7,3.1,345.0,101.0,,,,,,
2026-03-18T07:00,48,Good,6.3,7.7,1.8,2.8,272.0,100.0,,,,,,
2026-03-18T08:00,47,Good,6.4,7.6,1.8,2.4,217.0,100.0,,,,,,
2026-03-18T09:00,47,Good,6.6,7.7,1.4,1.9,200.0,102.0,,,,,,
2026-03-18T10:00,47,Good,6.4,7.7,0.9,1.2,201.0,104.0,,,,,,
2026-03-18T11:00,47,Good,6.3,8.3,0.5,0.7,203.0,104.0,,,,,,
2026-03-18T12:00,47,Good,6.3,8.6,0.3,0.4,199.0,100.0,,,,,,
2026-03-18T13:00,47,Good,5.8,8.0,0.3,0.2,195.0,94.0,,,,,,
2026-03-18T14:00,47,Good,5.3,7.3,0.3,0.1,193.0,88.0,,,,,,
2026-03-18T15:00,46,Good,4.8,6.7,0.3,0.0,194.0,82.0,,,,,,
2026-03-18T16:00,45,Good,4.4,6.2,0.4,0.0,196.0,76.0,,,,,,
2026-03-18T17:00,43,Good,4.3,6.2,0.6,0.3,199.0,85.0,,,,,,
2026-03-18T18:00,42,Good,4.5,6.5,1.3,1.9,202.0,89.0,,,,,,
2026-03-18T19:00,42,Good,5.2,7.4,2.2,4.1,206.0,93.0,,,,,,
2026-03-18T20:00,41,Good,5.5,7.6,2.8,5.6,210.0,97.0,,,,,,
2026-03-18T21:00,41,Good,5.4,6.9,2.8,5.7,213.0,98.0,,,,,,
2026-03-18T22:00,41,Good,5.2,6.5,2.6,5.1,216.0,98.0,,,,,,
2026-03-18T23:00,42,Good,5.1,6.8,2.4,4.7,226.0,97.0,,,,,,
2026-03-19T00:00,42,Good,5.2,6.7,2.5,4.9,249.0,95.0,,,,,,
2026-03-19T01:00,44,Good,5.3,6.6,2.6,5.2,280.0,92.0,,,,,,
2026-03-19T02:00,44,Good,5.0,5.8,2.6,5.1,308.0,88.0,,,,,,
2026-03-19T03:00,44,Good,5.0,6.2,2.3,4.2,336.0,83.0,,,,,,
2026-03-19T04:00,43,Good,4.8,5.9,1.8,2.8,362.0,78.0,,,,,,
2026-03-19T05:00,42,Good,3.6,4.2,2.0,2.6,366.0,80.0,,,,,,
2026-03-19T06:00,41,Good,3.9,4.4,1.8,2.4,331.0,82.0,,,,,,
2026-03-19T07:00,40,Good,4.5,5.0,1.5,2.1,275.0,85.0,,,,,,
2026-03-19T08:00,40,Good,5.6,6.2,1.2,1.8,230.0,89.0,,,,,,
2026-03-19T09:00,39,Good,6.2,6.8,1.0,1.5,209.0,94.0,,,,,,
2026-03-19T10:00,39,Good,6.3,7.0,0.8,1.1,200.0,101.0,,,,,,
2026-03-19T11:00,40,Good,6.1,6.8,0.6,0.9,195.0,104.0,,,,,,
2026-03-19T12:00,41,Good,5.5,6.2,0.5,0.8,194.0,102.0,,,,,,
2026-03-19T13:00,43,Good,5.0,5.6,0.4,0.9,196.0,98.0,,,,,,
2026-03-19T14:00,44,Good,5.0,5.6,0.4,0.9,198.0,95.0,,,,,,
2026-03-19T15:00,45,Good,6.1,6.8,0.3,0.7,196.0,94.0,,,,,,
2026-03-19T16:00,45,Good,6.9,7.8,0.3,0.5,192.0,95.0,,,,,,
2026-03-19T17:00,45,Good,4.6,5.2,1.0,2.3,192.0,96.0,,,,,,
2026-03-19T18:00,46,Good,5.5,6.2,1.5,3.4,198.0,102.0,,,,,,
2026-03-19T19:00,46,Good,5.9,6.6,2.1,5.0,207.0,109.0,,,,,,
2026-03-19T20:00,46,Good,5.8,6.7,2.7,6.2,213.0,115.0,,,,,,
2026-03-19T21:00,47,Good,5.8,7.0,3.2,6.9,212.0,117.0,,,,,,
2026-03-19T22:00,48,Good,5.7,6.8,3.6,7.2,207.0,117.0,,,,,,
2026-03-19T23:00,49,Good,5.0,6.1,3.8,7.3,201.0,116.0,,,,,,
2026-03-20T00:00,51,Moderate,4.6,5.5,3.8,6.9,191.0,115.0,,,,,,
2026-03-20T01:00,55,Moderate,4.3,5.3,3.5,6.3,180.0,113.0,,,,,,
2026-03-20T02:00,59,Moderate,4.6,6.1,3.2,5.6,179.0,112.0,,,,,,
2026-03-20T03:00,61,Moderate,5.0,8.0,2.7,5.0,202.0,112.0,,,,,,
2026-03-20T04:00,62,Moderate,4.0,6.0,2.1,4.3,235.0,112.0,,,,,,
2026-03-20T05:00,61,Moderate,3.9,4.6,1.0,1.5,252.0,114.0,,,,,,
2026-03-20T06:00,60,Moderate,3.9,4.6,1.1,1.6,236.0,113.0,,,,,,
2026-03-20T07:00,59,Moderate,4.6,5.3,1.3,1.8,205.0,112.0,,,,,,
2026-03-20T08:00,59,Moderate,4.7,5.3,1.4,1.9,184.0,113.0,,,,,,
2026-03-20T09:00,58,Moderate,5.2,5.7,1.2,2.0,187.0,117.0,,,,,,
2026-03-20T10:00,59,Moderate,5.8,6.3,1.0,2.0,201.0,124.0,,,,,,
2026-03-20T11:00,62,Moderate,6.1,6.6,0.7,1.9,210.0,126.0,,,,,,
2026-03-20T12:00,65,Moderate,5.6,6.1,0.5,1.5,209.0,122.0,,,,,,
2026-03-20T13:00,67,Moderate,4.4,4.8,0.4,0.8,204.0,114.0,,,,,,
2026-03-20T14:00,67,Moderate,3.1,3.6,0.3,0.4,199.0,107.0,,,,,,
2026-03-20T15:00,65,Moderate,2.3,3.0,0.3,0.3,196.0,102.0,,,,,,
2026-03-20T16:00,63,Moderate,2.1,2.9,0.3,0.3,193.0,98.0,,,,,,
2026-03-20T17:00,60,Moderate,5.2,7.3,0.3,0.6,191.0,96.0,,,,,,
2026-03-20T18:00,56,Moderate,5.1,7.4,0.3,0.6,189.0,98.0,,,,,,
2026-03-20T19:00,50,Good,5.6,8.2,0.2,0.6,189.0,100.0,,,,,,
2026-03-20T20:00,49,Good,6.4,9.2,0.4,1.1,191.0,104.0,,,,,,
2026-03-20T21:00,47,Good,7.9,11.0,1.0,2.5,196.0,110.0,,,,,,
2026-03-20T22:00,47,Good,9.3,12.2,1.7,4.5,203.0,117.0,,,,,,
2026-03-20T23:00,48,Good,9.7,11.8,2.3,6.1,219.0,122.0,,,,,,
2026-03-21T00:00,49,Good,10.3,12.2,2.5,7.0,248.0,123.0,,,,,,
2026-03-21T01:00,52,Moderate,11.0,12.8,2.6,7.7,284.0,122.0,,,,,,
2026-03-21T02:00,57,Moderate,11.6,13.4,2.7,8.4,317.0,121.0,,,,,,
2026-03-21T03:00,62,Moderate,12.3,14.1,3.0,9.6,345.0,119.0,,,,,,
2026-03-21T04:00,66,Moderate,12.9,14.8,3.3,10.8,368.0,117.0,,,,,,
2026-03-21T05:00,69,Moderate,12.9,14.8,3.7,9.7,380.0,113.0,,,,,,
2026-03-21T06:00,69,Moderate,13.5,15.5,3.8,10.0,375.0,115.0,,,,,,
2026-03-21T07:00,69,Moderate,13.8,15.8,3.9,10.2,358.0,117.0,,,,,,
2026-03-21T08:00,68,Moderate,13.3,15.2,3.6,9.4,334.0,117.0,,,,,,
2026-03-21T09:00,67,Moderate,11.8,13.6,2.6,6.7,299.0,113.0,,,,,,
2026-03-21T10:00,65,Moderate,10.2,12.5,1.2,2.9,256.0,107.0,,,,,,
2026-03-21T11:00,62,Moderate,7.8,10.3,0.2,0.2,223.0,100.0,,,,,,
2026-03-21T12:00,58,Moderate,6.5,9.3,0.0,0.0,207.0,93.0,,,,,,
2026-03-21T13:00,53,Moderate,6.2,8.9,0.1,0.0,201.0,86.0,,,,,,
2026-03-21T14:00,49,Good,5.9,8.5,0.2,0.2,196.0,81.0,,,,,,
2026-03-21T15:00,49,Good,5.8,8.3,0.3,0.2,188.0,80.0,,,,,,
2026-03-21T16:00,50,Good,5.7,8.1,0.3,0.2,182.0,81.0,,,,,,
2026-03-21T17:00,50,Good,3.7,5.7,0.4,0.1,177.0,77.0,,,,,,
2026-03-21T18:00,50,Good,3.4,5.2,0.4,0.1,174.0,78.0,,,,,,
2026-03-21T19:00,50,Good,3.3,5.0,0.4,0.1,173.0,80.0,,,,,,
2026-03-21T20:00,50,Good,3.2,5.1,0.4,0.2,176.0,82.0,,,,,,
2026-03-21T21:00,49,Good,3.3,5.4,0.4,0.3,185.0,84.0,,,,,,
2026-03-21T22:00,48,Good,3.5,5.9,0.5,0.5,198.0,86.0,,,,,,
2026-03-21T23:00,47,Good,4.0,6.7,0.6,0.6,216.0,87.0,,,,,,
2026-03-22T00:00,45,Good,4.5,7.4,0.9,0.8,242.0,87.0,,,,,,
2026-03-22T01:00,44,Good,5.5,8.8,1.2,0.9,273.0,86.0,,,,,,
2026-03-22T02:00,43,Good,7.1,10.9,1.4,1.0,292.0,84.0,,,,,,
2026-03-22T03:00,42,Good,8.1,12.4,1.4,0.8,290.0,82.0,,,,,,
2026-03-22T04:00,41,Good,8.6,13.1,1.2,0.5,276.0,79.0,,,,,,
2026-03-22T05:00,40,Good,6.2,9.6,2.4,3.3,266.0,83.0,,,,,,
2026-03-22T06:00,39,Good,7.0,10.4,2.9,4.0,268.0,82.0,,,,,,
2026-03-22T07:00,39,Good,8.4,12.3,3.4,5.0,273.0,81.0,,,,,,
2026-03-22T08:00,38,Good,8.8,12.5,3.6,5.5,269.0,83.0,,,,,,
2026-03-22T09:00,38,Good,8.4,11.6,2.9,5.1,243.0,91.0,,,,,,
2026-03-22T10:00,39,Good,8.0,10.5,1.8,4.1,208.0,103.0,,,,,,
2026-03-22T11:00,40,Good,8.0,10.8,0.9,3.1,188.0,108.0,,,,,,
2026-03-22T12:00,41,Good,7.4,10.6,0.5,2.1,197.0,102.0,,,,,,
2026-03-22T13:00,42,Good,7.1,10.6,0.4,1.1,220.0,90.0,,,,,,
2026-03-22T14:00,43,Good,6.9,10.4,0.3,0.4,237.0,80.0,,,,,,
2026-03-22T15:00,43,Good,6.7,10.4,0.3,0.1,236.0,77.0,,,,,,
2026-03-22T16:00,43,Good,6.7,10.9,0.4,0.2,229.0,76.0,,,,,,
2026-03-22T17:00,42,Good,5.1,7.9,0.5,0.3,229.0,74.0,,,,,,
2026-03-22T18:00,41,Good,5.2,8.3,0.5,0.3,248.0,75.0,,,,,,
2026-03-22T19:00,40,Good,5.3,8.7,0.5,0.4,275.0,76.0,,,,,,
2026-03-22T20:00,38,Good,5.6,9.5,0.5,0.5,283.0,78.0,,,,,,
2026-03-22T21:00,36,Good,6.1,10.2,0.5,0.6,255.0,81.0,,,,,,
2026-03-22T22:00,37,Good,6.5,11.0,0.6,0.7,210.0,85.0,,,,,,
2026-03-22T23:00,37,Good,6.8,11.6,0.6,0.8,175.0,88.0,,,,,,
2026-03-23T00:00,38,Good,7.1,12.1,0.7,0.8,162.0,89.0,,,,,,
2026-03-23T01:00,39,Good,7.4,12.5,0.7,0.8,160.0,89.0,,,,,,
2026-03-23T02:00,39,Good,7.7,12.7,0.8,0.8,168.0,86.0,,,,,,
2026-03-23T03:00,39,Good,7.8,12.7,0.9,0.7,192.0,78.0,,,,,,
2026-03-23T04:00,39,Good,7.7,12.0,1.0,0.4,225.0,68.0,,,,,,
2026-03-23T05:00,39,Good,7.2,11.1,0.5,0.2,249.0,69.0,,,,,,
2026-03-23T06:00,39,Good,6.8,10.4,0.5,0.2,257.0,66.0,,,,,,
2026-03-23T07:00,39,Good,6.4,9.7,0.6,0.2,255.0,63.0,,,,,,
2026-03-23T08:00,39,Good,6.1,9.1,0.6,0.2,247.0,61.0,,,,,,
2026-03-23T09:00,38,Good,5.9,8.8,0.5,0.2,229.0,62.0,,,,,,
2026-03-23T10:00,37,Good,6.0,8.9,0.4,0.1,203.0,66.0,,,,,,
2026-03-23T11:00,37,Good,6.2,9.3,0.3,0.1,184.0,68.0,,,,,,
2026-03-23T12:00,37,Good,6.2,9.3,0.3,0.1,176.0,69.0,,,,,,
2026-03-23T13:00,36,Good,6.4,9.6,0.3,0.1,173.0,69.0,,,,,,
2026-03-23T14:00,36,Good,6.5,9.7,0.3,0.1,172.0,69.0,,,,,,
2026-03-23T15:00,36,Good,6.3,9.3,0.4,0.1,172.0,70.0,,,,,,
2026-03-23T16:00,36,Good,5.8,8.9,0.4,0.1,174.0,70.0,,,,,,
2026-03-23T17:00,36,Good,5.7,8.3,0.5,0.1,174.0,67.0,,,,,,
2026-03-23T18:00,36,Good,5.5,8.6,0.4,0.1,169.0,68.0,,,,,,
2026-03-23T19:00,36,Good,5.2,8.5,0.3,0.1,162.0,71.0,,,,,,
2026-03-23T20:00,36,Good,4.7,8.1,0.3,0.1,160.0,72.0,,,,,,
2026-03-23T21:00,36,Good,4.3,7.4,0.5,0.1,169.0,73.0,,,,,,
2026-03-23T22:00,35,Good,3.8,6.4,0.7,0.2,182.0,73.0,,,,,,
2026-03-23T23:00,35,Good,3.4,5.6,0.9,0.2,190.0,72.0,,,,,,
2026-03-24T00:00,34,Good,2.9,4.5,0.9,0.2,185.0,70.0,,,,,,
2026-03-24T01:00,33,Good,2.4,3.6,0.8,0.2,174.0,67.0,,,,,,
2026-03-24T02:00,33,Good,2.1,3.2,0.7,0.2,168.0,65.0,,,,,,
2026-03-24T03:00,33,Good,2.1,3.1,0.6,0.2,171.0,64.0,,,,,,
2026-03-24T04:00,32,Good,2.1,3.2,0.5,0.2,179.0,65.0,,,,,,
2026-03-24T05:00,32,Good,1.8,2.6,0.8,0.2,191.0,61.0,,,,,,
2026-03-24T06:00,31,Good,1.9,2.7,0.8,0.2,212.0,62.0,,,,,,
2026-03-24T07:00,30,Good,2.0,2.9,0.7,0.2,236.0,64.0,,,,,,
2026-03-24T08:00,30,Good,2.0,2.9,0.6,0.2,247.0,66.0,,,,,,
2026-03-24T09:00,30,Good,1.9,2.9,0.5,0.2,231.0,67.0,,,,,,
2026-03-24T10:00,30,Good,1.9,2.9,0.3,0.2,201.0,68.0,,,,,,
2026-03-24T11:00,30,Good,1.8,2.8,0.2,0.2,177.0,68.0,,,,,,
2026-03-24T12:00,30,Good,1.8,2.9,0.2,0.2,168.0,68.0,,,,,,
2026-03-24T13:00,30,Good,1.8,2.8,0.2,0.1,166.0,67.0,,,,,,
2026-03-24T14:00,31,Good,1.7,2.7,0.2,0.1,166.0,66.0,,,,,,
2026-03-24T15:00,31,Good,1.6,2.6,0.3,0.1,165.0,66.0,,,,,,
2026-03-24T16:00,31,Good,1.5,2.3,0.3,0.1,166.0,66.0,,,,,,
2026-03-24T17:00,31,Good,0.4,0.6,0.4,0.1,173.0,63.0,,,,,,
2026-03-24T18:00,31,Good,0.4,0.6,0.4,0.1,193.0,65.0,,,,,,
2026-03-24T19:00,31,Good,0.5,0.7,0.5,0.1,219.0,68.0,,,,,,
2026-03-24T20:00,31,Good,0.9,1.2,0.6,0.1,235.0,71.0,,,,,,
2026-03-24T21:00,31,Good,1.9,2.5,0.9,0.1,230.0,76.0,,,,,,
2026-03-24T22:00,31,Good,3.2,4.2,1.3,0.2,214.0,81.0,,,,,,
2026-03-24T23:00,32,Good,3.8,5.1,1.5,0.2,201.0,83.0,,,,,,
2026-03-25T00:00,33,Good,3.8,5.3,1.5,0.2,196.0,81.0,,,,,,
2026-03-25T01:00,34,Good,3.7,5.1,1.3,0.2,194.0,76.0,,,,,,
2026-03-25T02:00,35,Good,3.5,5.0,1.1,0.2,198.0,72.0,,,,,,
2026-03-25T03:00,35,Good,3.4,4.9,0.9,0.2,212.0,71.0,,,,,,
2026-03-25T04:00,35,Good,3.5,5.1,0.7,0.2,232.0,72.0,,,,,,
2026-03-25T05:00,35,Good,3.2,4.8,0.3,0.2,242.0,73.0,,,,,,
2026-03-25T06:00,35,Good,3.2,4.9,0.3,0.2,235.0,74.0,,,,,,
2026-03-25T07:00,35,Good,3.3,5.0,0.4,0.2,219.0,76.0,,,,,,
2026-03-25T08:00,34,Good,3.3,5.0,0.4,0.2,202.0,78.0,,,,,,
2026-03-25T09:00,34,Good,3.3,5.0,0.3,0.2,187.0,79.0,,,,,,
2026-03-25T10:00,34,Good,3.3,4.9,0.3,0.2,172.0,80.0,,,,,,
2026-03-25T11:00,35,Good,3.2,4.9,0.2,0.2,161.0,80.0,,,,,,
2026-03-25T12:00,35,Good,3.2,5.0,0.2,0.2,157.0,78.0,,,,,,
2026-03-25T13:00,36,Good,3.4,5.2,0.2,0.2,157.0,75.0,,,,,,
2026-03-25T14:00,36,Good,3.3,5.0,0.2,0.2,159.0,74.0,,,,,,
2026-03-25T15:00,36,Good,3.0,4.6,0.3,0.2,161.0,75.0,,,,,,
2026-03-25T16:00,36,Good,2.8,4.2,0.4,0.1,165.0,77.0,,,,,,
2026-03-25T17:00,36,Good,0.3,0.4,0.6,0.1,168.0,71.0,,,,,,
2026-03-25T18:00,35,Good,0.4,0.6,0.6,0.1,171.0,74.0,,,,,,
2026-03-25T19:00,35,Good,0.7,1.0,0.7,0.2,174.0,79.0,,,,,,
2026-03-25T20:00,35,Good,1.7,2.4,0.8,0.2,178.0,83.0,,,,,,
2026-03-25T21:00,35,Good,3.5,5.1,1.0,0.2,184.0,86.0,,,,,,
2026-03-25T22:00,36,Good,4.9,7.5,1.3,0.2,191.0,87.0,,,,,,
2026-03-25T23:00,37,Good,5.5,8.7,1.4,0.2,192.0,88.0,,,,,,
2026-03-26T00:00,37,Good,5.4,8.7,1.3,0.2,182.0,87.0,,,,,,
2026-03-26T01:00,38,Good,5.0,7.9,1.2,0.2,166.0,84.0,,,,,,
2026-03-26T02:00,39,Good,4.6,7.3,1.0,0.2,157.0,82.0,,,,,,
2026-03-26T03:00,39,Good,4.5,7.0,0.8,0.2,161.0,82.0,,,,,,
2026-03-26T04:00,39,Good,4.5,7.0,0.6,0.2,172.0,83.0,,,,,,
2026-03-26T05:00,39,Good,4.3,6.6,0.4,0.2,182.0,84.0,,,,,,
2026-03-26T06:00,39,Good,4.4,7.0,0.4,0.2,189.0,86.0,,,,,,
2026-03-26T07:00,39,Good,4.6,7.5,0.4,0.2,194.0,88.0,,,,,,
2026-03-26T08:00,39,Good,4.7,7.9,0.4,0.2,195.0,90.0,,,,,,
2026-03-26T09:00,39,Good,4.9,8.4,0.3,0.2,187.0,91.0,,,,,,
2026-03-26T10:00,40,Good,5.0,8.7,0.3,0.2,175.0,91.0,,,,,,
2026-03-26T11:00,40,Good,5.1,9.1,0.2,0.2,166.0,90.0,,,,,,
2026-03-26T12:00,41,Good,5.1,9.2,0.2,0.2,165.0,88.0,,,,,,
2026-03-26T13:00,41,Good,4.9,9.0,0.2,0.1,168.0,85.0,,,,,,
2026-03-26T14:00,41,Good,4.9,9.0,0.2,0.1,173.0,83.0,,,,,,
2026-03-26T15:00,41,Good,4.9,9.2,0.3,0.1,178.0,82.0,,,,,,
2026-03-26T16:00,41,Good,5.2,9.7,0.4,0.1,184.0,82.0,,,,,,
2026-03-26T17:00,40,Good,5.0,9.1,0.6,0.1,192.0,79.0,,,,,,
2026-03-26T18:00,39,Good,6.0,10.6,0.8,0.2,206.0,85.0,,,,,,
2026-03-26T19:00,39,Good,7.8,13.1,1.0,0.2,223.0,93.0,,,,,,
2026-03-26T20:00,39,Good,9.1,14.9,1.1,0.3,232.0,98.0,,,,,,
2026-03-26T21:00,40,Good,9.9,16.1,1.1,0.3,227.0,98.0,,,,,,
2026-03-26T22:00,41,Good,10.5,17.1,1.1,0.4,214.0,96.0,,,,,,
2026-03-26T23:00,41,Good,10.8,17.6,1.0,0.4,201.0,93.0,,,,,,
2026-03-27T00:00,42,Good,11.1,18.1,1.0,0.4,187.0,91.0,,,,,,
2026-03-27T01:00,42,Good,10.9,17.9,0.9,0.3,174.0,90.0,,,,,,
2026-03-27T02:00,43,Good,10.7,17.6,0.9,0.3,172.0,88.0,,,,,,
2026-03-27T03:00,43,Good,10.4,17.3,0.8,0.3,194.0,87.0,,,,,,
2026-03-27T04:00,43,Good,10.1,16.9,0.7,0.3,227.0,86.0,,,,,,
2026-03-27T05:00,42,Good,8.3,13.6,0.5,0.2,251.0,84.0,,,,,,
2026-03-27T06:00,41,Good,8.0,13.2,0.6,0.2,255.0,84.0,,,,,,
2026-03-27T07:00,41,Good,7.9,13.0,0.7,0.3,248.0,84.0,,,,,,
2026-03-27T08:00,42,Good,7.9,13.0,0.7,0.3,238.0,84.0,,,,,,
2026-03-27T09:00,43,Good,8.0,13.2,0.6,0.3,223.0,86.0,,,,,,
2026-03-27T10:00,43,Good,8.1,13.4,0.5,0.3,203.0,89.0,,,,,,
2026-03-27T11:00,44,Good,7.9,13.4,0.4,0.3,189.0,90.0,,,,,,
2026-03-27T12:00,45,Good,7.5,12.5,0.3,0.3,184.0,86.0,,,,,,
2026-03-27T13:00,45,Good,6.4,10.3,0.2,0.2,184.0,79.0,,,,,,
2026-03-27T14:00,46,Good,5.8,9.4,0.2,0.2,184.0,75.0,,,,,,
2026-03-27T15:00,46,Good,5.9,9.6,0.3,0.2,180.0,74.0,,,,,,
2026-03-27T16:00,46,Good,6.2,10.4,0.3,0.2,176.0,76.0,,,,,,
2026-03-27T17:00,46,Good,6.5,11.4,0.4,0.1,173.0,72.0,,,,,,
2026-03-27T18:00,47,Good,7.5,13.3,0.3,0.1,167.0,74.0,,,,,,
2026-03-27T19:00,47,Good,8.1,14.4,0.1,0.0,162.0,78.0,,,,,,
2026-03-27T20:00,47,Good,8.3,14.8,0.2,0.2,170.0,80.0,,,,,,
2026-03-27T21:00,47,Good,8.6,15.4,0.7,0.6,208.0,80.0,,,,,,
2026-03-27T22:00,47,Good,8.7,15.4,1.3,1.2,259.0,79.0,,,,,,
2026-03-27T23:00,46,Good,8.8,15.2,2.2,2.3,287.0,78.0,,,,,,
2026-03-28T00:00,46,Good,9.4,15.5,3.4,4.5,265.0,77.0,,,,,,
2026-03-28T01:00,45,Good,10.3,16.5,4.8,7.3,220.0,76.0,,,,,,
2026-03-28T02:00,45,Good,10.7,16.5,5.6,9.4,190.0,77.0,,,,,,
2026-03-28T03:00,45,Good,10.6,15.6,5.5,10.2,198.0,79.0,,,,,,
2026-03-28T04:00,45,Good,11.4,16.4,4.8,10.3,222.0,83.0,,,,,,
2026-03-28T05:00,46,Good,11.7,16.4,5.1,10.5,238.0,79.0,,,,,,
2026-03-28T06:00,46,Good,12.5,17.3,5.2,11.4,235.0,83.0,,,,,,
2026-03-28T07:00,47,Good,13.4,18.3,5.3,12.7,225.0,89.0,,,,,,
2026-03-28T08:00,49,Good,14.3,19.5,5.0,13.2,213.0,97.0,,,,,,
2026-03-28T09:00,50,Good,15.7,21.0,3.9,12.6,200.0,111.0,,,,,,
2026-03-28T10:00,51,Moderate,17.5,22.9,2.4,11.2,185.0,127.0,,,,,,
2026-03-28T11:00,51,Moderate,18.9,24.4,1.2,9.5,177.0,138.0,,,,,,
2026-03-28T12:00,52,Moderate,19.4,24.8,0.7,7.2,179.0,139.0,,,,,,
2026-03-28T13:00,53,Moderate,19.2,24.3,0.5,4.5,188.0,134.0,,,,,,
2026-03-28T14:00,62,Moderate,18.5,23.1,0.4,2.4,197.0,129.0,,,,,,
2026-03-28T15:00,72,Moderate,17.6,21.9,0.4,1.3,203.0,125.0,,,,,,
2026-03-28T16:00,79,Moderate,17.5,22.2,0.5,0.8,210.0,122.0,,,,,,
2026-03-28T17:00,85,Moderate,25.8,31.8,0.9,0.8,220.0,113.0,,,,,,
2026-03-28T18:00,85,Moderate,26.0,31.3,1.6,1.5,235.0,112.0,,,,,,
2026-03-28T19:00,82,Moderate,25.3,29.9,2.6,2.5,255.0,110.0,,,,,,
2026-03-28T20:00,76,Moderate,24.9,28.8,3.4,3.3,279.0,108.0,,,,,,
2026-03-28T21:00,69,Moderate,24.9,28.5,3.9,3.7,318.0,104.0,,,,,,
2026-03-28T22:00,64,Moderate,25.3,28.6,4.3,3.9,362.0,100.0,,,,,,
2026-03-28T23:00,65,Moderate,25.4,28.7,4.6,4.3,384.0,96.0,,,,,,
2026-03-29T00:00,67,Moderate,25.4,28.6,4.9,4.9,365.0,92.0,,,,,,
2026-03-29T01:00,68,Moderate,25.6,28.6,5.1,5.6,324.0,89.0,,,,,,
2026-03-29T02:00,69,Moderate,25.7,28.5,5.3,6.3,296.0,86.0,,,,,,
2026-03-29T03:00,70,Moderate,25.7,28.2,5.5,7.1,297.0,82.0,,,,,,
2026-03-29T04:00,71,Moderate,25.2,27.4,5.6,8.0,310.0,78.0,,,,,,
2026-03-29T05:00,72,Moderate,23.2,25.3,5.1,7.6,326.0,81.0,,,,,,
2026-03-29T06:00,73,Moderate,23.2,25.3,5.1,8.1,346.0,83.0,,,,,,
2026-03-29T07:00,74,Moderate,23.3,25.3,5.0,8.8,368.0,87.0,,,,,,
2026-03-29T08:00,75,Moderate,23.7,25.6,4.6,9.2,376.0,94.0,,,,,,
2026-03-29T09:00,76,Moderate,24.4,26.3,3.7,9.1,357.0,110.0,,,,,,
2026-03-29T10:00,76,Moderate,25.0,26.9,2.5,8.6,324.0,129.0,,,,,,
2026-03-29T11:00,77,Moderate,25.2,27.2,1.6,7.8,299.0,143.0,,,,,,
2026-03-29T12:00,77,Moderate,25.1,27.1,1.1,6.5,294.0,146.0,,,,,,
2026-03-29T13:00,78,Moderate,24.2,26.2,0.9,4.9,298.0,144.0,,,,,,
2026-03-29T14:00,78,Moderate,22.5,24.8,0.7,3.4,298.0,139.0,,,,,,
2026-03-29T15:00,79,Moderate,20.8,23.5,0.6,2.2,290.0,131.0,,,,,,
2026-03-29T16:00,87,Moderate,19.7,22.9,0.5,1.3,279.0,120.0,,,,,,
2026-03-29T17:00,92,Moderate,16.8,20.0,0.5,0.7,269.0,109.0,,,,,,
2026-03-29T18:00,92,Moderate,17.8,21.4,0.5,0.8,256.0,116.0,,,,,,
2026-03-29T19:00,89,Moderate,19.3,23.1,0.5,1.1,244.0,125.0,,,,,,
2026-03-29T20:00,86,Moderate,20.4,24.0,0.7,1.5,243.0,132.0,,,,,,
2026-03-29T21:00,83,Moderate,21.0,24.6,1.2,2.2,260.0,136.0,,,,,,
2026-03-29T22:00,81,Moderate,21.2,24.7,1.9,3.2,288.0,138.0,,,,,,
2026-03-29T23:00,81,Moderate,21.2,24.6,2.5,4.1,315.0,137.0,,,,,,
2026-03-30T00:00,82,Moderate,21.2,24.6,3.0,4.9,339.0,132.0,,,,,,
2026-03-30T01:00,85,Moderate,21.4,24.6,3.3,5.7,361.0,124.0,,,,,,
2026-03-30T02:00,88,Moderate,21.5,24.7,3.5,6.3,374.0,117.0,,,,,,
2026-03-30T03:00,88,Moderate,21.8,24.9,3.4,6.5,374.0,114.0,,,,,,
2026-03-30T04:00,86,Moderate,21.9,25.0,3.2,6.5,364.0,112.0,,,,,,
2026-03-30T05:00,81,Moderate,22.4,25.1,3.9,7.6,344.0,101.0,,,,,,
2026-03-30T06:00,74,Moderate,21.8,24.7,3.5,7.3,308.0,105.0,,,,,,
2026-03-30T07:00,74,Moderate,21.5,24.6,2.9,6.8,262.0,110.0,,,,,,
2026-03-30T08:00,74,Moderate,21.5,24.7,2.3,6.1,228.0,115.0,,,,,,
2026-03-30T09:00,74,Moderate,21.5,25.0,1.6,4.8,217.0,118.0,,,,,,
2026-03-30T10:00,74,Moderate,21.3,25.0,0.9,3.3,217.0,120.0,,,,,,
2026-03-30T11:00,73,Moderate,20.8,24.9,0.4,2.0,218.0,120.0,,,,,,
2026-03-30T12:00,73,Moderate,20.0,24.6,0.2,1.2,214.0,115.0,,,,,,
2026-03-30T13:00,73,Moderate,19.8,25.0,0.2,0.7,210.0,108.0,,,,,,
2026-03-30T14:00,72,Moderate,19.1,24.3,0.2,0.4,208.0,103.0,,,,,,
2026-03-30T15:00,72,Moderate,18.5,23.5,0.2,0.2,211.0,102.0,,,,,,
2026-03-30T16:00,72,Moderate,17.9,22.9,0.3,0.3,216.0,103.0,,,,,,
2026-03-30T17:00,72,Moderate,17.8,22.7,0.4,0.3,221.0,97.0,,,,,,
2026-03-30T18:00,72,Moderate,18.6,23.7,0.3,0.2,225.0,100.0,,,,,,
2026-03-30T19:00,72,Moderate,19.0,24.2,0.3,0.2,229.0,104.0,,,,,,
2026-03-30T20:00,72,Moderate,19.0,24.1,0.3,0.3,235.0,108.0,,,,,,
2026-03-30T21:00,72,Moderate,18.7,23.7,0.5,0.6,244.0,110.0,,,,,,
2026-03-30T22:00,71,Moderate,18.2,22.9,0.7,1.2,256.0,112.0,,,,,,
2026-03-30T23:00,71,Moderate,17.5,21.6,1.0,1.8,264.0,113.0,,,,,,
2026-03-31T00:00,71,Moderate,17.5,21.4,1.3,2.6,269.0,113.0,,,,,,
2026-03-31T01:00,71,Moderate,17.5,21.4,1.6,3.6,271.0,113.0,,,,,,
2026-03-31T02:00,70,Moderate,17.6,21.5,1.9,4.4,268.0,112.0,,,,,,
2026-03-31T03:00,70,Moderate,17.9,21.7,2.0,5.1,257.0,111.0,,,,,,
2026-03-31T04:00,70,Moderate,18.1,21.9,2.1,5.7,240.0,110.0,,,,,,
2026-03-31T05:00,69,Moderate,19.0,22.7,2.1,6.0,227.0,108.0,,,,,,
2026-03-31T06:00,69,Moderate,18.6,22.3,1.8,4.9,222.0,110.0,,,,,,
2026-03-31T07:00,69,Moderate,18.2,22.0,1.3,3.5,220.0,112.0,,,,,,
2026-03-31T08:00,69,Moderate,17.8,21.5,0.9,2.2,217.0,113.0,,,,,,
2026-03-31T09:00,68,Moderate,17.3,21.1,0.6,1.4,209.0,110.0,,,,,,
2026-03-31T10:00,68,Moderate,16.5,20.3,0.4,0.8,199.0,106.0,,,,,,
2026-03-31T11:00,68,Moderate,16.0,20.0,0.2,0.4,192.0,101.0,,,,,,
2026-03-31T12:00,67,Moderate,15.8,20.3,0.2,0.2,189.0,97.0,,,,,,
2026-03-31T13:00,67,Moderate,15.7,20.2,0.2,0.2,189.0,92.0,,,,,,
2026-03-31T14:00,67,Moderate,15.5,19.6,0.3,0.2,190.0,90.0,,,,,,
2026-03-31T15:00,66,Moderate,14.7,17.8,0.4,0.2,192.0,91.0,,,,,,
2026-03-31T16:00,66,Moderate,14.7,17.5,0.5,0.2,196.0,93.0,,,,,,
2026-03-31T17:00,66,Moderate,11.7,14.2,0.4,0.2,199.0,92.0,,,,,,
2026-03-31T18:00,65,Moderate,11.8,14.1,0.4,0.2,196.0,94.0,,,,,,
2026-03-31T19:00,65,Moderate,11.8,14.0,0.3,0.3,192.0,96.0,,,,,,
2026-03-31T20:00,64,Moderate,11.6,13.9,0.3,0.3,205.0,98.0,,,,,,
2026-03-31T21:00,64,Moderate,11.6,13.9,0.3,0.3,252.0,98.0,,,,,,
2026-03-31T22:00,63,Moderate,11.1,13.4,0.4,0.4,315.0,97.0,,,,,,
2026-03-31T23:00,63,Moderate,10.1,12.2,0.4,0.4,357.0,95.0,,,,,,
2026-04-01T00:00,62,Moderate,9.7,12.6,0.4,0.4,358.0,90.0,,,,,,
2026-04-01T01:00,61,Moderate,8.6,11.6,0.5,0.3,338.0,83.0,,,,,,
2026-04-01T02:00,61,Moderate,7.3,10.0,0.5,0.3,324.0,77.0,,,,,,
2026-04-01T03:00,60,Moderate,6.3,8.7,0.5,0.3,333.0,72.0,,,,,,
2026-04-01T04:00,59,Moderate,5.5,7.5,0.4,0.2,349.0,67.0,,,,,,
2026-04-01T05:00,58,Moderate,4.7,6.5,0.4,0.2,345.0,63.0,,,,,,
2026-04-01T06:00,57,Moderate,4.8,6.7,0.4,0.2,302.0,65.0,,,,,,
2026-04-01T07:00,56,Moderate,5.2,7.1,0.5,0.2,241.0,68.0,,,,,,
2026-04-01T08:00,55,Moderate,5.6,7.5,0.5,0.2,193.0,71.0,,,,,,
2026-04-01T09:00,54,Moderate,5.8,7.7,0.4,0.2,175.0,74.0,,,,,,
2026-04-01T10:00,53,Moderate,5.9,7.9,0.4,0.2,170.0,78.0,,,,,,
2026-04-01T11:00,52,Moderate,5.7,7.7,0.3,0.2,170.0,80.0,,,,,,
2026-04-01T12:00,51,Moderate,5.7,7.7,0.3,0.2,173.0,80.0,,,,,,
2026-04-01T13:00,50,Good,5.6,7.7,0.3,0.2,179.0,79.0,,,,,,
2026-04-01T14:00,49,Good,5.3,7.4,0.3,0.2,180.0,78.0,,,,,,
2026-04-01T15:00,46,Good,4.9,6.8,0.3,0.2,169.0,77.0,,,,,,
2026-04-01T16:00,44,Good,4.4,6.3,0.3,0.1,152.0,75.0,,,,,,
2026-04-01T17:00,42,Good,1.9,3.1,0.3,0.1,141.0,68.0,,,,,,
2026-04-01T18:00,40,Good,2.5,4.0,0.3,0.1,138.0,71.0,,,,,,
2026-04-01T19:00,37,Good,3.1,4.8,0.3,0.1,140.0,75.0,,,,,,
2026-04-01T20:00,35,Good,3.8,5.5,0.4,0.1,157.0,78.0,,,,,,
2026-04-01T21:00,35,Good,4.4,6.0,0.6,0.1,200.0,81.0,,,,,,
2026-04-01T22:00,35,Good,4.5,6.1,0.8,0.2,256.0,84.0,,,,,,
2026-04-01T23:00,35,Good,4.4,5.9,1.0,0.2,297.0,85.0,,,,,,
2026-04-02T00:00,36,Good,4.4,5.9,1.0,0.2,311.0,82.0,,,,,,
2026-04-02T01:00,36,Good,4.6,6.2,0.8,0.2,310.0,78.0,,,,,,
2026-04-02T02:00,37,Good,5.0,6.8,0.7,0.2,301.0,74.0,,,,,,
2026-04-02T03:00,37,Good,5.3,7.2,0.6,0.2,282.0,72.0,,,,,,
2026-04-02T04:00,37,Good,5.6,7.6,0.5,0.2,254.0,70.0,,,,,,
2026-04-02T05:00,36,Good,6.3,8.7,0.4,0.2,232.0,67.0,,,,,,
2026-04-02T06:00,35,Good,6.7,9.1,0.5,0.2,221.0,67.0,,,,,,
2026-04-02T07:00,34,Good,6.9,9.4,0.6,0.2,215.0,68.0,,,,,,
2026-04-02T08:00,34,Good,7.2,9.8,0.6,0.2,207.0,69.0,,,,,,
2026-04-02T09:00,33,Good,7.5,10.2,0.5,0.2,193.0,71.0,,,,,,
2026-04-02T10:00,32,Good,7.5,10.2,0.4,0.2,178.0,74.0,,,,,,
2026-04-02T11:00,32,Good,7.6,10.3,0.3,0.2,167.0,76.0,,,,,,
2026-04-02T12:00,33,Good,7.9,10.7,0.3,0.2,163.0,78.0,,,,,,
2026-04-02T13:00,33,Good,8.4,11.5,0.3,0.2,163.0,79.0,,,,,,
2026-04-02T14:00,34,Good,8.9,12.2,0.3,0.2,166.0,81.0,,,,,,
2026-04-02T15:00,35,Good,8.8,12.0,0.3,0.2,172.0,82.0,,,,,,
2026-04-02T16:00,35,Good,8.5,11.5,0.4,0.1,181.0,83.0,,,,,,
2026-04-02T17:00,36,Good,11.7,15.8,0.5,0.1,185.0,81.0,,,,,,
2026-04-02T18:00,37,Good,11.3,15.4,0.5,0.2,179.0,82.0,,,,,,
2026-04-02T19:00,37,Good,11.1,15.3,0.5,0.4,167.0,84.0,,,,,,
2026-04-02T20:00,39,Good,11.4,15.8,0.6,0.8,160.0,87.0,,,,,,
2026-04-02T21:00,41,Good,11.8,16.5,1.0,1.6,162.0,91.0,,,,,,
2026-04-02T22:00,42,Good,12.5,17.5,1.6,2.6,167.0,96.0,,,,,,
2026-04-02T23:00,44,Good,13.0,18.2,2.1,3.7,169.0,100.0,,,,,,
2026-04-03T00:00,46,Good,13.6,18.7,2.6,4.8,163.0,101.0,,,,,,
2026-04-03T01:00,48,Good,14.1,19.0,3.1,6.0,154.0,102.0,,,,,,
2026-04-03T02:00,50,Good,14.2,18.8,3.4,6.7,150.0,102.0,,,,,,
2026-04-03T03:00,51,Moderate,13.6,17.4,3.3,6.6,156.0,103.0,,,,,,
2026-04-03T04:00,52,Moderate,13.6,17.1,2.9,6.1,168.0,103.0,,,,,,
2026-04-03T05:00,52,Moderate,13.8,17.7,3.4,7.9,176.0,100.0,,,,,,
2026-04-03T06:00,53,Moderate,13.1,16.8,3.5,8.1,179.0,102.0,,,,,,
2026-04-03T07:00,53,Moderate,13.1,16.8,3.7,8.3,178.0,105.0,,,,,,
2026-04-03T08:00,54,Moderate,13.6,17.5,3.5,8.0,175.0,108.0,,,,,,
2026-04-03T09:00,54,Moderate,14.4,18.4,2.7,6.9,167.0,114.0,,,,,,
2026-04-03T10:00,55,Moderate,14.7,18.7,1.5,5.3,157.0,120.0,,,,,,
2026-04-03T11:00,55,Moderate,14.0,18.0,0.6,3.8,149.0,122.0,,,,,,
2026-04-03T12:00,56,Moderate,12.0,15.9,0.3,2.5,146.0,115.0,,,,,,
2026-04-03T13:00,56,Moderate,11.1,15.7,0.2,1.2,146.0,103.0,,,,,,
2026-04-03T14:00,56,Moderate,9.7,13.9,0.2,0.3,147.0,93.0,,,,,,
2026-04-03T15:00,57,Moderate,8.7,12.6,0.2,0.0,149.0,89.0,,,,,,
2026-04-03T16:00,56,Moderate,8.3,12.0,0.3,0.0,151.0,87.0,,,,,,
2026-04-03T17:00,56,Moderate,6.9,10.0,0.4,0.2,153.0,84.0,,,,,,
2026-04-03T18:00,56,Moderate,6.6,9.7,0.3,0.2,154.0,85.0,,,,,,
2026-04-03T19:00,56,Moderate,6.6,9.7,0.3,0.2,155.0,87.0,,,,,,
2026-04-03T20:00,55,Moderate,6.7,9.9,0.4,0.5,156.0,89.0,,,,,,
2026-04-03T21:00,55,Moderate,6.9,10.1,0.9,1.3,159.0,92.0,,,,,,
2026-04-03T22:00,55,Moderate,7.3,10.5,1.6,2.4,162.0,94.0,,,,,,
2026-04-03T23:00,54,Moderate,7.9,11.3,2.2,3.5,165.0,97.0,,,,,,
2026-04-04T00:00,54,Moderate,8.8,12.2,2.7,4.5,166.0,99.0,,,,,,
2026-04-04T01:00,53,Moderate,9.1,11.6,3.2,5.6,167.0,101.0,,,,,,
2026-04-04T02:00,53,Moderate,10.5,12.6,3.6,6.4,170.0,102.0,,,,,,
2026-04-04T03:00,53,Moderate,11.7,13.6,3.8,7.0,179.0,102.0,,,,,,
2026-04-04T04:00,53,Moderate,12.7,14.6,3.9,7.4,191.0,102.0,,,,,,
2026-04-04T05:00,53,Moderate,13.1,15.1,4.0,7.3,201.0,103.0,,,,,,
2026-04-04T06:00,52,Moderate,13.4,15.4,4.2,7.6,208.0,104.0,,,,,,
2026-04-04T07:00,52,Moderate,13.4,15.5,4.3,8.1,213.0,107.0,,,,,,
2026-04-04T08:00,53,Moderate,13.6,15.5,4.2,8.3,213.0,110.0,,,,,,
2026-04-04T09:00,53,Moderate,13.8,15.7,3.4,8.3,204.0,117.0,,,,,,
2026-04-04T10:00,52,Moderate,13.8,15.5,2.3,8.1,190.0,125.0,,,,,,
2026-04-04T11:00,52,Moderate,13.5,15.2,1.4,7.3,180.0,129.0,,,,,,
2026-04-04T12:00,57,Moderate,12.9,14.8,0.9,5.4,176.0,126.0,,,,,,
2026-04-04T13:00,62,Moderate,12.5,15.5,0.6,2.8,175.0,119.0,,,,,,
2026-04-04T14:00,66,Moderate,11.7,15.4,0.5,1.0,177.0,114.0,,,,,,
2026-04-04T15:00,68,Moderate,11.4,15.5,0.6,0.5,179.0,113.0,,,,,,
2026-04-04T16:00,69,Moderate,11.4,15.4,0.8,0.7,184.0,115.0,,,,,,
2026-04-04T17:00,70,Moderate,11.6,15.9,1.1,1.1,194.0,111.0,,,,,,
2026-04-04T18:00,69,Moderate,12.4,16.4,2.0,2.1,215.0,112.0,,,,,,
2026-04-04T19:00,66,Moderate,13.3,16.9,3.3,3.5,243.0,113.0,,,,,,
2026-04-04T20:00,63,Moderate,13.6,15.7,4.3,4.7,263.0,113.0,,,,,,
2026-04-04T21:00,60,Moderate,15.1,16.6,4.8,5.7,268.0,109.0,,,,,,
2026-04-04T22:00,58,Moderate,16.9,18.2,5.1,6.5,267.0,104.0,,,,,,
2026-04-04T23:00,56,Moderate,18.2,19.3,5.2,7.1,271.0,99.0,,,,,,
2026-04-05T00:00,57,Moderate,18.3,19.5,5.1,7.3,292.0,96.0,,,,,,
2026-04-05T01:00,58,Moderate,18.0,19.3,4.9,7.2,319.0,93.0,,,,,,
2026-04-05T02:00,59,Moderate,17.6,18.9,4.7,7.2,330.0,91.0,,,,,,
2026-04-05T03:00,59,Moderate,17.2,18.5,4.7,7.5,311.0,88.0,,,,,,
2026-04-05T04:00,60,Moderate,16.7,18.0,4.8,8.0,277.0,85.0,,,,,,
2026-04-05T05:00,60,Moderate,17.6,19.0,4.6,7.8,251.0,82.0,,,,,,
2026-04-05T06:00,60,Moderate,17.3,18.7,4.7,8.5,243.0,87.0,,,,,,
2026-04-05T07:00,61,Moderate,17.4,18.7,4.8,9.5,244.0,94.0,,,,,,
2026-04-05T08:00,61,Moderate,17.6,18.9,4.6,10.1,246.0,106.0,,,,,,
2026-04-05T09:00,61,Moderate,18.0,19.3,3.9,10.2,248.0,128.0,,,,,,
2026-04-05T10:00,62,Moderate,18.8,20.1,2.9,10.0,252.0,155.0,,,,,,
2026-04-05T11:00,62,Moderate,19.9,21.2,2.1,9.3,252.0,174.0,,,,,,
2026-04-05T12:00,63,Moderate,20.6,21.9,1.5,8.0,244.0,178.0,,,,,,
2026-04-05T13:00,80,Moderate,20.1,21.5,1.1,6.2,233.0,174.0,,,,,,
2026-04-05T14:00,100,Moderate,17.9,20.0,0.9,4.6,224.0,166.0,,,,,,
2026-04-05T15:00,116,Unhealthy for Sensitive Groups,15.5,18.5,0.9,3.3,220.0,153.0,,,,,,
2026-04-05T16:00,129,Unhealthy for Sensitive Groups,12.9,16.5,1.1,2.3,218.0,136.0,,,,,,
2026-04-05T17:00,135,Unhealthy for Sensitive Groups,11.6,14.9,2.6,3.3,222.0,120.0,,,,,,
2026-04-05T18:00,134,Unhealthy for Sensitive Groups,13.8,15.4,3.9,4.7,235.0,118.0,,,,,,
2026-04-05T19:00,126,Unhealthy for Sensitive Groups,16.1,17.5,5.6,6.7,252.0,114.0,,,,,,
2026-04-05T20:00,113,Unhealthy for Sensitive Groups,17.6,18.9,6.8,8.0,264.0,110.0,,,,,,
2026-04-05T21:00,99,Moderate,18.3,19.7,6.9,8.1,265.0,104.0,,,,,,
2026-04-05T22:00,84,Moderate,18.3,19.8,6.5,7.5,260.0,96.0,,,,,,
2026-04-05T23:00,69,Moderate,18.0,19.5,6.1,7.0,255.0,90.0,,,,,,
2026-04-06T00:00,66,Moderate,17.9,19.3,5.9,6.8,254.0,85.0,,,,,,
2026-04-06T01:00,66,Moderate,17.8,19.2,5.6,6.6,252.0,82.0,,,,,,
2026-04-06T02:00,66,Moderate,17.5,18.8,5.4,6.5,247.0,79.0,,,,,,
2026-04-06T03:00,66,Moderate,17.1,18.5,5.2,6.6,231.0,77.0,,,,,,
2026-04-06T04:00,66,Moderate,17.9,19.6,4.9,6.7,212.0,75.0,,,,,,
2026-04-06T05:00,66,Moderate,18.3,20.8,2.4,3.5,205.0,100.0,,,,,,
2026-04-06T06:00,66,Moderate,19.1,21.6,2.6,3.8,224.0,104.0,,,,,,
2026-04-06T07:00,66,Moderate,19.6,22.1,2.9,4.1,256.0,110.0,,,,,,
2026-04-06T08:00,66,Moderate,20.3,22.9,2.9,4.2,279.0,117.0,,,,,,
2026-04-06T09:00,66,Moderate,21.1,23.6,2.5,3.7,283.0,128.0,,,,,,
2026-04-06T10:00,67,Moderate,22.4,24.7,1.8,3.0,278.0,141.0,,,,,,
2026-04-06T11:00,67,Moderate,23.3,25.7,1.2,2.4,270.0,150.0,,,,,,
2026-04-06T12:00,67,Moderate,24.0,26.4,0.9,2.0,259.0,153.0,,,,,,
2026-04-06T13:00,80,Moderate,23.8,26.0,0.7,1.7,245.0,153.0,,,,,,
2026-04-06T14:00,91,Moderate,22.1,24.4,0.7,1.6,235.0,149.0,,,,,,
2026-04-06T15:00,101,Unhealthy for Sensitive Groups,19.2,22.6,0.7,1.7,233.0,141.0,,,,,,
2026-04-06T16:00,107,Unhealthy for Sensitive Groups,17.4,22.4,0.9,2.0,235.0,131.0,,,,,,
2026-04-06T17:00,110,Unhealthy for Sensitive Groups,21.3,26.0,0.8,1.0,237.0,129.0,,,,,,
2026-04-06T18:00,111,Unhealthy for Sensitive Groups,20.1,26.2,1.7,2.3,239.0,125.0,,,,,,
2026-04-06T19:00,107,Unhealthy for Sensitive Groups,22.4,29.6,2.9,4.1,241.0,119.0,,,,,,
2026-04-06T20:00,101,Unhealthy for Sensitive Groups,23.5,29.2,4.0,5.6,241.0,113.0,,,,,,
2026-04-06T21:00,92,Moderate,25.5,31.0,4.7,6.3,238.0,107.0,,,,,,
2026-04-06T22:00,82,Moderate,26.5,31.5,5.2,6.7,232.0,102.0,,,,,,
2026-04-06T23:00,72,Moderate,27.0,31.9,5.6,7.1,224.0,96.0,,,,,,
2026-04-07T00:00,73,Moderate,26.9,32.0,6.0,7.8,211.0,90.0,,,,,,
2026-04-07T01:00,73,Moderate,26.7,32.2,6.2,8.6,196.0,84.0,,,,,,
2026-04-07T02:00,74,Moderate,26.5,32.7,6.4,9.2,185.0,78.0,,,,,,
2026-04-07T03:00,75,Moderate,26.3,33.3,6.5,9.6,180.0,72.0,,,,,,
2026-04-07T04:00,76,Moderate,26.2,33.9,6.6,9.7,179.0,65.0,,,,,,
2026-04-07T05:00,76,Moderate,25.4,34.0,6.4,8.4,183.0,62.0,,,,,,
2026-04-07T06:00,77,Moderate,24.7,33.9,6.0,8.1,193.0,67.0,,,,,,
2026-04-07T07:00,77,Moderate,24.6,34.6,5.4,7.8,209.0,75.0,,,,,,
2026-04-07T08:00,78,Moderate,24.9,35.9,4.7,7.5,231.0,89.0,,,,,,
2026-04-07T09:00,78,Moderate,24.5,36.2,3.9,7.4,267.0,113.0,,,,,,
2026-04-07T10:00,78,Moderate,23.8,35.4,3.1,7.5,308.0,143.0,,,,,,
2026-04-07T11:00,78,Moderate,23.5,34.3,2.4,7.2,333.0,165.0,,,,,,
2026-04-07T12:00,78,Moderate,23.3,33.5,2.0,6.5,329.0,174.0,,,,,,
2026-04-07T13:00,78,Moderate,22.6,32.4,1.7,5.5,307.0,175.0,,,,,,
2026-04-07T14:00,79,Moderate,20.8,30.4,1.5,4.5,283.0,170.0,,,,,,
2026-04-07T15:00,101,Unhealthy for Sensitive Groups,18.5,27.4,1.3,3.3,256.0,157.0,,,,,,
2026-04-07T16:00,119,Unhealthy for Sensitive Groups,16.9,25.5,1.2,2.1,226.0,138.0,,,,,,
2026-04-07T17:00,129,Unhealthy for Sensitive Groups,20.4,29.7,1.3,1.9,204.0,135.0,,,,,,
2026-04-07T18:00,134,Unhealthy for Sensitive Groups,19.0,27.9,1.1,1.6,194.0,131.0,,,,,,
2026-04-07T19:00,131,Unhealthy for Sensitive Groups,18.1,26.6,0.8,1.2,192.0,125.0,,,,,,
2026-04-07T20:00,123,Unhealthy for Sensitive Groups,17.5,25.8,0.7,0.9,198.0,120.0,,,,,,
2026-04-07T21:00,111,Unhealthy for Sensitive Groups,16.8,24.9,0.8,0.8,221.0,115.0,,,,,,
2026-04-07T22:00,99,Moderate,16.4,24.3,1.0,0.8,253.0,111.0,,,,,,
2026-04-07T23:00,86,Moderate,15.7,23.2,1.5,1.0,267.0,106.0,,,,,,
2026-04-08T00:00,75,Moderate,15.6,22.6,2.5,1.5,244.0,100.0,,,,,,
2026-04-08T01:00,74,Moderate,16.0,22.7,3.7,2.3,204.0,93.0,,,,,,
2026-04-08T02:00,73,Moderate,16.7,23.1,4.8,3.2,175.0,87.0,,,,,,
2026-04-08T03:00,72,Moderate,17.2,23.1,5.7,4.3,169.0,80.0,,,,,,
2026-04-08T04:00,71,Moderate,17.5,22.9,6.5,5.6,175.0,72.0,,,,,,
2026-04-08T05:00,71,Moderate,17.3,22.8,7.1,6.9,189.0,65.0,,,,,,
2026-04-08T06:00,70,Moderate,18.2,24.8,6.5,6.9,215.0,71.0,,,,,,
2026-04-08T07:00,70,Moderate,18.7,25.4,5.7,6.9,249.0,81.0,,,,,,
2026-04-08T08:00,69,Moderate,19.1,25.7,4.7,6.6,278.0,92.0,,,,,,
2026-04-08T09:00,69,Moderate,19.3,26.0,3.5,5.8,303.0,107.0,,,,,,
2026-04-08T10:00,68,Moderate,19.7,27.0,2.3,4.8,324.0,124.0,,,,,,
2026-04-08T11:00,68,Moderate,19.9,27.7,1.3,3.8,327.0,135.0,,,,,,
2026-04-08T12:00,68,Moderate,19.6,27.8,0.8,2.9,297.0,133.0,,,,,,
2026-04-08T13:00,67,Moderate,18.6,26.4,0.6,2.1,249.0,125.0,,,,,,
2026-04-08T14:00,67,Moderate,18.2,25.8,0.6,1.6,214.0,120.0,,,,,,
2026-04-08T15:00,67,Moderate,17.5,25.1,0.7,1.4,206.0,121.0,,,,,,
2026-04-08T16:00,70,Moderate,17.3,24.7,0.9,1.5,211.0,125.0,,,,,,
2026-04-08T17:00,77,Moderate,17.6,24.4,0.9,1.7,214.0,131.0,,,,,,
2026-04-08T18:00,82,Moderate,17.3,24.1,0.9,1.6,203.0,131.0,,,,,,
2026-04-08T19:00,84,Moderate,17.1,24.0,0.9,1.6,190.0,131.0,,,,,,
2026-04-08T20:00,83,Moderate,16.5,23.3,1.1,1.6,194.0,127.0,,,,,,
2026-04-08T21:00,82,Moderate,15.5,22.1,1.8,1.9,239.0,118.0,,,,,,
2026-04-08T22:00,80,Moderate,14.6,20.7,2.7,2.2,302.0,105.0,,,,,,
2026-04-08T23:00,77,Moderate,13.9,19.7,3.5,2.6,333.0,94.0,,,,,,
2026-04-09T00:00,71,Moderate,13.3,18.8,4.0,2.8,299.0,86.0,,,,,,
2026-04-09T01:00,66,Moderate,12.9,18.3,4.4,3.0,233.0,80.0,,,,,,
2026-04-09T02:00,66,Moderate,12.9,18.0,4.9,3.4,184.0,74.0,,,,,,
2026-04-09T03:00,65,Moderate,13.6,18.4,5.8,4.3,170.0,68.0,,,,,,
2026-04-09T04:00,65,Moderate,14.0,17.8,6.7,5.6,173.0,62.0,,,,,,
2026-04-09T05:00,65,Moderate,15.4,19.1,6.7,6.8,183.0,67.0,,,,,,
2026-04-09T06:00,65,Moderate,15.4,18.6,6.3,7.2,200.0,73.0,,,,,,
2026-04-09T07:00,64,Moderate,15.7,18.7,5.7,7.8,223.0,83.0,,,,,,
2026-04-09T08:00,64,Moderate,16.2,19.4,5.0,8.3,242.0,97.0,,,,,,
2026-04-09T09:00,64,Moderate,17.9,21.2,4.0,8.8,254.0,121.0,,,,,,
2026-04-09T10:00,64,Moderate,20.3,23.8,2.9,9.2,262.0,149.0,,,,,,
2026-04-09T11:00,64,Moderate,21.8,25.5,2.0,9.0,260.0,169.0,,,,,,
2026-04-09T12:00,64,Moderate,21.4,24.9,1.5,7.8,243.0,175.0,,,,,,
2026-04-09T13:00,65,Moderate,19.0,22.4,1.1,6.0,216.0,172.0,,,,,,
2026-04-09T14:00,88,Moderate,17.2,21.7,0.9,4.4,193.0,165.0,,,,,,
2026-04-09T15:00,107,Unhealthy for Sensitive Groups,14.9,19.6,0.8,3.3,180.0,153.0,,,,,,
2026-04-09T16:00,122,Unhealthy for Sensitive Groups,14.7,20.7,0.7,2.5,170.0,137.0,,,,,,
2026-04-09T17:00,130,Unhealthy for Sensitive Groups,9.1,13.3,1.5,2.0,165.0,115.0,,,,,,
2026-04-09T18:00,129,Unhealthy for Sensitive Groups,9.7,13.8,2.5,3.0,158.0,115.0,,,,,,
2026-04-09T19:00,122,Unhealthy for Sensitive Groups,11.8,15.8,3.9,4.3,154.0,114.0,,,,,,
2026-04-09T20:00,110,Unhealthy for Sensitive Groups,13.2,15.3,5.0,5.6,170.0,113.0,,,,,,
2026-04-09T21:00,97,Moderate,15.7,17.6,5.4,6.6,227.0,111.0,,,,,,
2026-04-09T22:00,84,Moderate,16.9,18.7,5.5,7.5,304.0,109.0,,,,,,
2026-04-09T23:00,72,Moderate,18.4,20.2,5.5,8.2,353.0,105.0,,,,,,
2026-04-10T00:00,62,Moderate,19.4,21.1,5.5,8.5,346.0,100.0,,,,,,
2026-04-10T01:00,63,Moderate,19.8,21.5,5.5,8.5,311.0,93.0,,,,,,
2026-04-10T02:00,63,Moderate,19.7,21.4,5.4,8.6,283.0,88.0,,,,,,
2026-04-10T03:00,64,Moderate,19.3,21.0,5.3,8.8,279.0,83.0,,,,,,
2026-04-10T04:00,64,Moderate,18.7,20.5,5.1,8.9,282.0,79.0,,,,,,
2026-04-10T05:00,65,Moderate,18.9,20.7,5.2,8.2,282.0,75.0,,,,,,
2026-04-10T06:00,65,Moderate,19.2,21.0,4.7,8.3,275.0,83.0,,,,,,
2026-04-10T07:00,65,Moderate,19.6,21.6,4.0,8.5,264.0,94.0,,,,,,
2026-04-10T08:00,65,Moderate,20.3,22.4,3.3,8.2,253.0,106.0,,,,,,
2026-04-10T09:00,66,Moderate,20.5,22.7,2.5,7.2,242.0,119.0,,,,,,
2026-04-10T10:00,66,Moderate,19.0,21.3,1.7,5.8,231.0,133.0,,,,,,
2026-04-10T11:00,66,Moderate,15.9,19.0,1.1,4.4,215.0,138.0,,,,,,
2026-04-10T12:00,65,Moderate,14.1,19.2,0.7,3.0,189.0,128.0,,,,,,
2026-04-10T13:00,65,Moderate,13.3,18.9,0.4,1.7,158.0,111.0,,,,,,
2026-04-10T14:00,64,Moderate,13.3,19.8,0.3,0.7,137.0,99.0,,,,,,
2026-04-10T15:00,64,Moderate,13.9,21.2,0.2,0.3,132.0,98.0,,,,,,
2026-04-10T16:00,65,Moderate,14.9,22.6,0.3,0.3,136.0,103.0,,,,,,
2026-04-10T17:00,64,Moderate,14.0,21.9,0.3,0.4,146.0,88.0,,,,,,
2026-04-10T18:00,64,Moderate,15.0,23.5,0.5,0.7,164.0,94.0,,,,,,
2026-04-10T19:00,65,Moderate,15.8,24.9,0.7,1.1,187.0,101.0,,,,,,
2026-04-10T20:00,65,Moderate,16.4,26.0,1.1,1.7,205.0,106.0,,,,,,
2026-04-10T21:00,65,Moderate,16.5,26.5,1.6,2.5,213.0,106.0,,,,,,
2026-04-10T22:00,65,Moderate,16.4,26.8,2.3,3.4,215.0,104.0,,,,,,
2026-04-10T23:00,65,Moderate,16.2,27.0,2.9,4.3,218.0,101.0,,,,,,
2026-04-11T00:00,65,Moderate,16.3,27.2,3.4,5.0,223.0,98.0,,,,,,
2026-04-11T01:00,65,Moderate,16.5,27.7,3.8,5.7,229.0,93.0,,,,,,
2026-04-11T02:00,65,Moderate,16.9,28.3,4.1,6.4,230.0,90.0,,,,,,
2026-04-11T03:00,65,Moderate,17.5,29.0,4.4,7.1,219.0,87.0,,,,,,
2026-04-11T04:00,64,Moderate,18.0,29.7,4.6,7.8,205.0,85.0,,,,,,
2026-04-11T05:00,64,Moderate,17.6,27.6,4.9,6.8,207.0,84.0,,,,,,
2026-04-11T06:00,64,Moderate,18.0,27.9,4.9,7.5,246.0,87.0,,,,,,
2026-04-11T07:00,64,Moderate,18.6,28.2,4.8,8.3,302.0,92.0,,,,,,
2026-04-11T08:00,64,Moderate,19.5,28.5,4.5,8.8,332.0,101.0,,,,,,
2026-04-11T09:00,64,Moderate,19.7,27.7,3.6,8.6,310.0,118.0,,,,,,
2026-04-11T10:00,64,Moderate,20.1,27.6,2.4,8.0,262.0,138.0,,,,,,
2026-04-11T11:00,64,Moderate,20.1,27.9,1.4,7.1,223.0,149.0,,,,,,
2026-04-11T12:00,64,Moderate,19.8,28.6,0.9,5.8,206.0,144.0,,,,,,
2026-04-11T13:00,65,Moderate,19.5,29.3,0.6,4.2,199.0,130.0,,,,,,
2026-04-11T14:00,71,Moderate,18.9,28.2,0.4,2.8,193.0,117.0,,,,,,
2026-04-11T15:00,77,Moderate,18.6,27.4,0.3,1.8,189.0,108.0,,,,,,
2026-04-11T16:00,80,Moderate,17.5,25.8,0.4,0.9,186.0,100.0,,,,,,
2026-04-11T17:00,80,Moderate,22.1,34.7,0.4,0.5,183.0,91.0,,,,,,
2026-04-11T18:00,74,Moderate,21.5,33.9,0.3,0.4,174.0,92.0,,,,,,
2026-04-11T19:00,67,Moderate,21.1,33.4,0.3,0.3,163.0,93.0,,,,,,
2026-04-11T20:00,68,Moderate,20.7,33.1,0.4,0.5,162.0,94.0,,,,,,
2026-04-11T21:00,68,Moderate,20.5,32.8,0.9,1.2,178.0,95.0,,,,,,
2026-04-11T22:00,69,Moderate,20.5,32.6,1.7,2.2,203.0,96.0,,,,,,
2026-04-11T23:00,69,Moderate,20.7,32.7,2.4,3.3,229.0,96.0,,,,,,
2026-04-12T00:00,69,Moderate,21.2,33.4,3.0,4.4,257.0,95.0,,,,,,
2026-04-12T01:00,70,Moderate,21.5,33.6,3.5,5.5,285.0,93.0,,,,,,
2026-04-12T02:00,70,Moderate,21.5,33.4,3.9,6.5,303.0,91.0,,,,,,
2026-04-12T03:00,70,Moderate,21.8,33.5,4.0,7.3,307.0,89.0,,,,,,
2026-04-12T04:00,71,Moderate,21.7,33.3,3.9,7.9,300.0,88.0,,,,,,
2026-04-12T05:00,71,Moderate,19.9,29.7,3.2,6.7,286.0,87.0,,,,,,
2026-04-12T06:00,71,Moderate,19.5,29.1,2.5,5.1,260.0,91.0,,,,,,
2026-04-12T07:00,71,Moderate,19.3,29.0,1.5,3.0,226.0,96.0,,,,,,
2026-04-12T08:00,71,Moderate,19.3,29.4,0.7,1.3,197.0,99.0,,,,,,
2026-04-12T09:00,71,Moderate,19.8,30.3,0.4,0.6,178.0,98.0,,,,,,
2026-04-12T10:00,71,Moderate,19.6,29.9,0.3,0.5,164.0,95.0,,,,,,
2026-04-12T11:00,71,Moderate,19.5,29.7,0.2,0.4,155.0,92.0,,,,,,
2026-04-12T12:00,71,Moderate,19.6,29.8,0.2,0.3,152.0,90.0,,,,,,
2026-04-12T13:00,71,Moderate,19.8,30.3,0.2,0.3,153.0,87.0,,,,,,
2026-04-12T14:00,71,Moderate,19.9,30.6,0.2,0.3,155.0,86.0,,,,,,
2026-04-12T15:00,71,Moderate,20.0,30.9,0.3,0.3,157.0,85.0,,,,,,
2026-04-12T16:00,71,Moderate,19.9,31.1,0.3,0.3,160.0,86.0,,,,,,
2026-04-12T17:00,72,Moderate,24.3,37.4,0.5,0.3,161.0,84.0,,,,,,
2026-04-12T18:00,72,Moderate,23.9,36.7,0.4,0.3,159.0,87.0,,,,,,
2026-04-12T19:00,72,Moderate,23.3,35.9,0.3,0.3,155.0,91.0,,,,,,
2026-04-12T20:00,72,Moderate,22.7,34.9,0.3,0.4,152.0,94.0,,,,,,
2026-04-12T21:00,72,Moderate,22.2,34.5,0.4,0.6,151.0,97.0,,,,,,
2026-04-12T22:00,72,Moderate,21.9,34.1,0.7,1.0,150.0,99.0,,,,,,
2026-04-12T23:00,73,Moderate,21.7,34.0,1.0,1.6,153.0,101.0,,,,,,
2026-04-13T00:00,73,Moderate,21.4,34.1,1.5,2.5,159.0,101.0,,,,,,
2026-04-13T01:00,73,Moderate,21.4,34.3,2.0,3.7,169.0,100.0,,,,,,
2026-04-13T02:00,73,Moderate,21.2,34.3,2.5,4.7,180.0,99.0,,,,,,
2026-04-13T03:00,73,Moderate,21.5,34.9,2.8,5.5,197.0,98.0,,,,,,
2026-04-13T04:00,73,Moderate,21.8,35.9,2.9,6.1,216.0,96.0,,,,,,
2026-04-13T05:00,73,Moderate,22.7,37.0,4.1,8.9,226.0,93.0,,,,,,
2026-04-13T06:00,73,Moderate,23.2,37.7,4.2,9.4,222.0,95.0,,,,,,
2026-04-13T07:00,73,Moderate,23.3,37.8,4.2,10.0,210.0,99.0,,,,,,
2026-04-13T08:00,73,Moderate,23.3,37.3,3.9,9.7,196.0,102.0,,,,,,
2026-04-13T09:00,74,Moderate,22.7,35.7,2.9,7.8,181.0,106.0,,,,,,
2026-04-13T10:00,74,Moderate,22.1,34.6,1.5,5.1,165.0,111.0,,,,,,
2026-04-13T11:00,74,Moderate,21.7,34.1,0.5,2.8,152.0,112.0,,,,,,
2026-04-13T12:00,74,Moderate,20.6,32.8,0.2,1.6,145.0,106.0,,,,,,
2026-04-13T13:00,74,Moderate,18.5,29.2,0.2,0.9,142.0,97.0,,,,,,
2026-04-13T14:00,74,Moderate,16.7,26.0,0.2,0.4,140.0,90.0,,,,,,
2026-04-13T15:00,74,Moderate,15.5,23.5,0.2,0.2,139.0,88.0,,,,,,
2026-04-13T16:00,74,Moderate,14.9,22.2,0.2,0.2,141.0,89.0,,,,,,
2026-04-13T17:00,73,Moderate,14.1,21.6,0.3,0.4,143.0,93.0,,,,,,
2026-04-13T18:00,73,Moderate,14.5,22.1,0.3,0.4,147.0,94.0,,,,,,
2026-04-13T19:00,72,Moderate,14.3,21.7,0.3,0.3,152.0,96.0,,,,,,
2026-04-13T20:00,71,Moderate,14.1,21.3,0.3,0.4,157.0,97.0,,,,,,
2026-04-13T21:00,70,Moderate,14.5,21.7,0.5,0.8,164.0,98.0,,,,,,
2026-04-13T22:00,70,Moderate,15.3,22.8,0.7,1.3,172.0,100.0,,,,,,
2026-04-13T23:00,69,Moderate,15.9,24.0,0.9,1.7,175.0,101.0,,,,,,
2026-04-14T00:00,69,Moderate,16.8,25.5,0.9,1.8,167.0,102.0,,,,,,
2026-04-14T01:00,68,Moderate,17.2,26.2,0.9,1.8,154.0,103.0,,,,,,
2026-04-14T02:00,68,Moderate,18.2,27.9,0.9,1.9,148.0,103.0,,,,,,
2026-04-14T03:00,68,Moderate,18.9,29.1,1.0,2.2,156.0,103.0,,,,,,
2026-04-14T04:00,68,Moderate,19.6,30.2,1.2,2.5,170.0,102.0,,,,,,
2026-04-14T05:00,68,Moderate,23.5,36.2,2.6,5.0,180.0,99.0,,,,,,
2026-04-14T06:00,68,Moderate,23.6,36.4,3.0,5.8,180.0,98.0,,,,,,
2026-04-14T07:00,68,Moderate,23.2,35.5,3.6,7.0,175.0,98.0,,,,,,
2026-04-14T08:00,68,Moderate,22.4,33.9,3.7,7.7,169.0,100.0,,,,,,
2026-04-14T09:00,68,Moderate,22.7,33.6,3.0,7.9,161.0,108.0,,,,,,
2026-04-14T10:00,68,Moderate,23.1,33.4,2.0,7.7,153.0,119.0,,,,,,
2026-04-14T11:00,68,Moderate,23.5,33.6,1.1,6.9,146.0,124.0,,,,,,
2026-04-14T12:00,68,Moderate,23.7,34.1,0.6,5.0,143.0,118.0,,,,,,
2026-04-14T13:00,68,Moderate,23.1,34.0,0.4,2.4,141.0,107.0,,,,,,
2026-04-14T14:00,68,Moderate,21.1,32.0,0.2,0.5,143.0,98.0,,,,,,
2026-04-14T15:00,69,Moderate,19.4,29.7,0.2,0.0,149.0,93.0,,,,,,
2026-04-14T16:00,69,Moderate,18.5,28.3,0.2,0.0,157.0,91.0,,,,,,
2026-04-14T17:00,69,Moderate,15.4,22.9,0.3,0.2,164.0,85.0,,,,,,
2026-04-14T18:00,69,Moderate,15.3,22.8,0.2,0.2,166.0,87.0,,,,,,
2026-04-14T19:00,69,Moderate,15.4,22.8,0.2,0.1,166.0,91.0,,,,,,
2026-04-14T20:00,70,Moderate,16.1,23.9,0.3,0.3,167.0,94.0,,,,,,
2026-04-14T21:00,70,Moderate,16.6,24.7,0.7,0.8,172.0,96.0,,,,,,
2026-04-14T22:00,70,Moderate,17.2,25.6,1.2,1.6,179.0,98.0,,,,,,
2026-04-14T23:00,70,Moderate,17.6,26.3,1.7,2.4,183.0,99.0,,,,,,
2026-04-15T00:00,70,Moderate,17.8,26.5,2.3,3.4,181.0,98.0,,,,,,
2026-04-15T01:00,70,Moderate,17.2,25.4,2.8,4.5,177.0,95.0,,,,,,
2026-04-15T02:00,70,Moderate,16.6,24.3,3.3,5.4,176.0,93.0,,,,,,
2026-04-15T03:00,70,Moderate,16.5,24.1,3.6,6.0,181.0,91.0,,,,,,
2026-04-15T04:00,70,Moderate,16.4,23.7,3.7,6.5,189.0,88.0,,,,,,
2026-04-15T05:00,70,Moderate,16.6,24.0,4.0,6.8,204.0,86.0,,,,,,
2026-04-15T06:00,69,Moderate,17.1,24.7,4.4,7.8,235.0,87.0,,,,,,
2026-04-15T07:00,69,Moderate,17.8,25.4,4.8,9.1,271.0,90.0,,,,,,
2026-04-15T08:00,68,Moderate,18.6,26.1,4.8,9.9,286.0,95.0,,,,,,
2026-04-15T09:00,68,Moderate,19.5,26.8,3.9,9.9,260.0,107.0,,,,,,
2026-04-15T10:00,68,Moderate,20.4,27.6,2.4,9.3,212.0,123.0,,,,,,
2026-04-15T11:00,67,Moderate,21.0,28.1,1.3,8.2,174.0,131.0,,,,,,
2026-04-15T12:00,67,Moderate,20.4,27.4,0.7,6.0,160.0,125.0,,,,,,
2026-04-15T13:00,67,Moderate,20.0,27.9,0.5,3.3,157.0,112.0,,,,,,
2026-04-15T14:00,67,Moderate,17.5,24.8,0.3,1.2,156.0,101.0,,,,,,
2026-04-15T15:00,66,Moderate,15.6,22.8,0.2,0.4,155.0,96.0,,,,,,
2026-04-15T16:00,66,Moderate,14.5,21.6,0.3,0.3,155.0,92.0,,,,,,
2026-04-15T17:00,66,Moderate,9.9,14.5,0.5,0.3,157.0,87.0,,,,,,
2026-04-15T18:00,65,Moderate,10.5,15.5,0.7,0.6,159.0,90.0,,,,,,
2026-04-15T19:00,65,Moderate,11.5,16.9,1.0,1.0,161.0,93.0,,,,,,
2026-04-15T20:00,65,Moderate,12.8,18.6,1.3,1.4,165.0,96.0,,,,,,
2026-04-15T21:00,64,Moderate,14.4,20.8,1.7,1.8,172.0,97.0,,,,,,
2026-04-15T22:00,64,Moderate,16.2,23.3,2.1,2.3,180.0,96.0,,,,,,
2026-04-15T23:00,64,Moderate,17.7,25.3,2.5,2.8,190.0,95.0,,,,,,
2026-04-16T00:00,64,Moderate,18.3,25.9,2.8,3.5,200.0,93.0,,,,,,
2026-04-16T01:00,64,Moderate,19.0,26.9,3.1,4.2,210.0,90.0,,,,,,
2026-04-16T02:00,64,Moderate,19.5,27.6,3.4,5.0,225.0,87.0,,,,,,
2026-04-16T03:00,65,Moderate,19.6,27.5,3.8,5.8,248.0,83.0,,,,,,
2026-04-16T04:00,65,Moderate,20.1,27.9,4.2,6.6,275.0,79.0,,,,,,
2026-04-16T05:00,65,Moderate,21.2,28.7,5.2,8.2,294.0,78.0,,,,,,
2026-04-16T06:00,65,Moderate,22.2,29.7,5.3,9.2,303.0,81.0,,,,,,
2026-04-16T07:00,66,Moderate,23.5,31.1,5.5,10.5,304.0,85.0,,,,,,
2026-04-16T08:00,66,Moderate,25.1,32.5,5.2,11.3,295.0,94.0,,,,,,
2026-04-16T09:00,67,Moderate,26.3,33.6,4.2,11.3,268.0,115.0,,,,,,
2026-04-16T10:00,67,Moderate,27.1,34.1,2.8,10.7,230.0,140.0,,,,,,
2026-04-16T11:00,68,Moderate,27.8,34.8,1.6,9.5,200.0,154.0,,,,,,
2026-04-16T12:00,68,Moderate,27.5,35.2,0.9,7.0,185.0,146.0,,,,,,
2026-04-16T13:00,69,Moderate,26.6,35.6,0.5,3.8,177.0,127.0,,,,,,
2026-04-16T14:00,70,Moderate,24.2,33.3,0.3,1.4,173.0,112.0,,,,,,
2026-04-16T15:00,74,Moderate,22.6,32.1,0.2,0.5,171.0,107.0,,,,,,
2026-04-16T16:00,78,Moderate,21.6,30.9,0.3,0.4,172.0,106.0,,,,,,
2026-04-16T17:00,81,Moderate,26.2,37.5,0.5,0.4,174.0,97.0,,,,,,
2026-04-16T18:00,77,Moderate,26.9,38.4,0.6,0.6,177.0,101.0,,,,,,
2026-04-16T19:00,74,Moderate,28.0,39.8,0.7,0.9,180.0,106.0,,,,,,
2026-04-16T20:00,75,Moderate,29.0,40.9,1.0,1.4,183.0,109.0,,,,,,
2026-04-16T21:00,76,Moderate,29.7,41.4,1.4,2.0,183.0,108.0,,,,,,
2026-04-16T22:00,78,Moderate,29.7,40.7,1.9,2.8,182.0,106.0,,,,,,
2026-04-16T23:00,79,Moderate,30.6,41.7,2.4,3.6,183.0,103.0,,,,,,
2026-04-17T00:00,80,Moderate,31.4,42.5,2.8,4.4,184.0,100.0,,,,,,
2026-04-17T01:00,81,Moderate,31.7,42.6,3.2,5.2,186.0,98.0,,,,,,
2026-04-17T02:00,82,Moderate,32.2,43.3,3.5,5.9,195.0,95.0,,,,,,
2026-04-17T03:00,83,Moderate,32.7,43.9,3.7,6.4,213.0,92.0,,,,,,
2026-04-17T04:00,84,Moderate,33.1,44.5,3.8,6.8,237.0,90.0,,,,,,
2026-04-17T05:00,85,Moderate,34.2,45.6,3.7,7.0,262.0,90.0,,,,,,
2026-04-17T06:00,86,Moderate,33.9,45.4,3.4,6.8,293.0,93.0,,,,,,
2026-04-17T07:00,87,Moderate,33.5,45.1,3.0,6.5,325.0,97.0,,,,,,
2026-04-17T08:00,87,Moderate,32.8,44.2,2.5,5.8,333.0,100.0,,,,,,
2026-04-17T09:00,88,Moderate,32.1,43.2,1.8,4.2,297.0,102.0,,,,,,
2026-04-17T10:00,88,Moderate,30.9,41.6,0.9,2.2,237.0,103.0,,,,,,
2026-04-17T11:00,89,Moderate,29.7,40.4,0.3,0.7,193.0,102.0,,,,,,
2026-04-17T12:00,89,Moderate,29.2,39.8,0.1,0.2,182.0,99.0,,,,,,
2026-04-17T13:00,89,Moderate,28.6,39.0,0.1,0.3,187.0,95.0,,,,,,
2026-04-17T14:00,89,Moderate,27.2,36.6,0.2,0.4,192.0,92.0,,,,,,
2026-04-17T15:00,89,Moderate,25.8,34.1,0.3,0.3,192.0,91.0,,,,,,
2026-04-17T16:00,90,Moderate,24.8,32.5,0.3,0.2,192.0,91.0,,,,,,
2026-04-17T17:00,90,Moderate,23.1,29.8,0.4,0.2,193.0,90.0,,,,,,
2026-04-17T18:00,90,Moderate,21.7,27.8,0.3,0.1,193.0,91.0,,,,,,
2026-04-17T19:00,89,Moderate,20.6,26.3,0.3,0.1,193.0,93.0,,,,,,
2026-04-17T20:00,89,Moderate,19.7,24.9,0.3,0.2,199.0,94.0,,,,,,
2026-04-17T21:00,88,Moderate,19.3,24.3,0.5,0.5,216.0,95.0,,,,,,
2026-04-17T22:00,87,Moderate,19.4,24.4,0.7,0.9,240.0,95.0,,,,,,
2026-04-17T23:00,86,Moderate,20.4,25.5,1.1,1.6,259.0,96.0,,,,,,
2026-04-18T00:00,86,Moderate,22.3,27.7,1.7,2.9,267.0,97.0,,,,,,
2026-04-18T01:00,85,Moderate,24.5,30.4,2.5,4.6,271.0,98.0,,,,,,
2026-04-18T02:00,84,Moderate,26.2,32.5,3.1,6.0,282.0,98.0,,,,,,
2026-04-18T03:00,84,Moderate,27.0,33.3,3.3,7.0,316.0,98.0,,,,,,
2026-04-18T04:00,83,Moderate,27.2,33.5,3.4,7.8,356.0,97.0,,,,,,
2026-04-18T05:00,83,Moderate,29.3,36.1,3.9,8.5,371.0,96.0,,,,,,
2026-04-18T06:00,82,Moderate,29.3,35.9,4.1,9.2,335.0,98.0,,,,,,
2026-04-18T07:00,82,Moderate,27.7,33.8,4.2,10.0,273.0,101.0,,,,,,
2026-04-18T08:00,82,Moderate,26.1,31.7,4.0,10.1,223.0,105.0,,,,,,
2026-04-18T09:00,81,Moderate,25.5,30.5,3.0,8.9,200.0,113.0,,,,,,
2026-04-18T10:00,81,Moderate,25.0,29.8,1.7,7.1,189.0,123.0,,,,,,
2026-04-18T11:00,80,Moderate,25.2,30.0,0.7,5.2,182.0,127.0,,,,,,
2026-04-18T12:00,80,Moderate,25.5,30.6,0.3,3.5,177.0,122.0,,,,,,
2026-04-18T13:00,80,Moderate,24.2,29.6,0.2,1.8,175.0,112.0,,,,,,
2026-04-18T14:00,79,Moderate,22.1,27.3,0.2,0.6,175.0,104.0,,,,,,
2026-04-18T15:00,79,Moderate,20.5,25.9,0.2,0.2,176.0,101.0,,,,,,
2026-04-18T16:00,78,Moderate,19.2,24.6,0.2,0.3,179.0,101.0,,,,,,
2026-04-18T17:00,78,Moderate,15.0,20.1,0.3,0.6,182.0,98.0,,,,,,
2026-04-18T18:00,77,Moderate,14.6,19.7,0.2,0.5,184.0,100.0,,,,,,
2026-04-18T19:00,77,Moderate,14.4,19.4,0.1,0.4,187.0,103.0,,,,,,
2026-04-18T20:00,76,Moderate,14.3,19.2,0.3,0.7,191.0,105.0,,,,,,
2026-04-18T21:00,76,Moderate,14.1,18.9,0.9,1.6,198.0,106.0,,,,,,
2026-04-18T22:00,75,Moderate,13.8,18.5,1.7,2.8,207.0,106.0,,,,,,
2026-04-18T23:00,75,Moderate,13.1,17.3,2.4,3.9,213.0,105.0,,,,,,
2026-04-19T00:00,74,Moderate,12.2,15.7,2.9,4.9,211.0,103.0,,,,,,
2026-04-19T01:00,74,Moderate,12.1,15.5,3.4,5.8,207.0,101.0,,,,,,
2026-04-19T02:00,73,Moderate,11.9,15.0,3.7,6.5,210.0,98.0,,,,,,
2026-04-19T03:00,71,Moderate,12.3,15.6,3.8,6.9,229.0,95.0,,,,,,
2026-04-19T04:00,70,Moderate,12.9,16.5,3.8,7.0,255.0,93.0,,,,,,
2026-04-19T05:00,69,Moderate,14.4,18.7,4.4,7.6,272.0,88.0,,,,,,
2026-04-19T06:00,68,Moderate,15.1,19.8,4.5,8.1,274.0,90.0,,,,,,
2026-04-19T07:00,67,Moderate,15.7,20.8,4.6,8.8,268.0,92.0,,,,,,
2026-04-19T08:00,66,Moderate,16.2,21.5,4.3,9.1,257.0,97.0,,,,,,
2026-04-19T09:00,65,Moderate,16.6,21.7,3.4,9.0,238.0,108.0,,,,,,
2026-04-19T10:00,64,Moderate,17.2,21.9,2.2,8.6,215.0,120.0,,,,,,
2026-04-19T11:00,64,Moderate,17.2,21.6,1.2,7.6,195.0,127.0,,,,,,
2026-04-19T12:00,63,Moderate,16.3,20.7,0.7,5.5,183.0,121.0,,,,,,
2026-04-19T13:00,63,Moderate,15.2,20.1,0.4,2.8,175.0,109.0,,,,,,
2026-04-19T14:00,62,Moderate,14.0,19.1,0.2,0.8,170.0,100.0,,,,,,
2026-04-19T15:00,61,Moderate,13.7,19.2,0.2,0.2,171.0,99.0,,,,,,
2026-04-19T16:00,61,Moderate,13.5,18.9,0.3,0.4,175.0,101.0,,,,,,
2026-04-19T17:00,60,Moderate,15.5,21.8,0.4,0.7,178.0,101.0,,,,,,
2026-04-19T18:00,60,Moderate,14.9,20.8,0.3,0.7,178.0,105.0,,,,,,
2026-04-19T19:00,60,Moderate,14.4,20.0,0.3,0.6,176.0,109.0,,,,,,
2026-04-19T20:00,60,Moderate,13.8,19.2,0.4,0.9,177.0,112.0,,,,,,
2026-04-19T21:00,60,Moderate,13.3,18.5,0.9,1.6,180.0,111.0,,,,,,
2026-04-19T22:00,60,Moderate,13.3,18.4,1.7,2.6,185.0,108.0,,,,,,
2026-04-19T23:00,60,Moderate,13.6,18.5,2.4,3.6,192.0,104.0,,,,,,
2026-04-20T00:00,60,Moderate,13.9,18.5,2.9,4.4,201.0,100.0,,,,,,
2026-04-20T01:00,60,Moderate,14.5,18.9,3.4,5.2,211.0,95.0,,,,,,
2026-04-20T02:00,60,Moderate,15.5,20.1,3.8,5.8,224.0,90.0,,,,,,
2026-04-20T03:00,61,Moderate,16.4,21.4,4.0,6.1,242.0,86.0,,,,,,
2026-04-20T04:00,61,Moderate,17.1,22.3,4.1,6.2,262.0,82.0,,,,,,
2026-04-20T05:00,61,Moderate,17.9,23.0,4.5,6.2,274.0,78.0,,,,,,
2026-04-20T06:00,62,Moderate,18.0,23.1,4.4,6.6,274.0,81.0,,,,,,
2026-04-20T07:00,62,Moderate,17.9,22.9,4.2,7.1,266.0,84.0,,,,,,
2026-04-20T08:00,62,Moderate,17.8,22.8,3.7,7.1,251.0,89.0,,,,,,
2026-04-20T09:00,62,Moderate,17.8,22.9,2.8,6.1,224.0,96.0,,,,,,
2026-04-20T10:00,62,Moderate,17.6,22.8,1.6,4.5,191.0,104.0,,,,,,
2026-04-20T11:00,62,Moderate,17.0,22.5,0.7,3.1,167.0,108.0,,,,,,
2026-04-20T12:00,62,Moderate,16.7,23.2,0.3,2.0,162.0,105.0,,,,,,
2026-04-20T13:00,62,Moderate,15.8,22.2,0.2,1.0,167.0,98.0,,,,,,
2026-04-20T14:00,62,Moderate,15.3,21.9,0.2,0.4,172.0,93.0,,,,,,
2026-04-20T15:00,63,Moderate,15.0,21.8,0.2,0.2,172.0,92.0,,,,,,
2026-04-20T16:00,63,Moderate,14.6,21.1,0.3,0.3,172.0,93.0,,,,,,
2026-04-20T17:00,63,Moderate,12.0,17.5,0.3,0.3,172.0,91.0,,,,,,
2026-04-20T18:00,62,Moderate,12.0,17.4,0.5,0.7,171.0,94.0,,,,,,
2026-04-20T19:00,62,Moderate,12.5,18.0,0.8,1.2,170.0,98.0,,,,,,
2026-04-20T20:00,62,Moderate,13.4,19.0,1.1,1.6,169.0,101.0,,,,,,
2026-04-20T21:00,62,Moderate,14.5,20.3,1.3,1.8,167.0,102.0,,,,,,
2026-04-20T22:00,62,Moderate,15.3,21.4,1.5,1.9,164.0,102.0,,,,,,
2026-04-20T23:00,62,Moderate,15.7,22.1,1.7,2.1,163.0,101.0,,,,,,
2026-04-21T00:00,62,Moderate,15.8,22.3,1.8,2.4,161.0,101.0,,,,,,
2026-04-21T01:00,63,Moderate,15.8,22.2,2.0,2.8,161.0,100.0,,,,,,
2026-04-21T02:00,63,Moderate,15.8,22.2,2.1,3.2,167.0,99.0,,,,,,
2026-04-21T03:00,63,Moderate,15.7,22.0,2.3,3.7,184.0,97.0,,,,,,
2026-04-21T04:00,63,Moderate,15.4,21.2,2.4,4.2,207.0,95.0,,,,,,
2026-04-21T05:00,63,Moderate,12.0,17.2,1.9,3.9,228.0,103.0,,,,,,
2026-04-21T06:00,62,Moderate,12.4,17.8,2.5,5.0,247.0,102.0,,,,,,
2026-04-21T07:00,62,Moderate,13.2,18.7,3.2,6.6,264.0,101.0,,,,,,
2026-04-21T08:00,61,Moderate,13.4,18.5,3.5,7.7,267.0,103.0,,,,,,
2026-04-21T09:00,61,Moderate,14.8,19.9,2.9,8.1,247.0,111.0,,,,,,
2026-04-21T10:00,61,Moderate,15.4,19.9,1.9,8.0,213.0,122.0,,,,,,
2026-04-21T11:00,60,Moderate,15.3,19.1,1.1,7.2,187.0,127.0,,,,,,
2026-04-21T12:00,60,Moderate,14.8,19.0,0.6,5.3,178.0,121.0,,,,,,
2026-04-21T13:00,60,Moderate,11.8,15.7,0.4,2.8,178.0,109.0,,,,,,
2026-04-21T14:00,60,Moderate,10.0,14.2,0.2,0.9,177.0,99.0,,,,,,
2026-04-21T15:00,59,Moderate,8.2,11.9,0.2,0.2,174.0,95.0,,,,,,
2026-04-21T16:00,59,Moderate,7.6,11.1,0.3,0.3,172.0,94.0,,,,,,
2026-04-21T17:00,58,Moderate,8.0,11.6,0.3,0.2,170.0,82.0,,,,,,
2026-04-21T18:00,58,Moderate,7.7,11.2,0.4,0.5,168.0,82.0,,,,,,
2026-04-21T19:00,58,Moderate,7.6,11.2,0.6,0.9,168.0,82.0,,,,,,
2026-04-21T20:00,57,Moderate,7.9,11.6,1.0,1.6,169.0,82.0,,,,,,
2026-04-21T21:00,57,Moderate,8.4,12.2,1.7,2.7,174.0,84.0,,,,,,
2026-04-21T22:00,56,Moderate,9.1,13.0,2.7,4.1,181.0,86.0,,,,,,
2026-04-21T23:00,56,Moderate,10.1,14.1,3.4,5.2,188.0,88.0,,,,,,
2026-04-22T00:00,56,Moderate,11.1,15.0,3.8,5.9,192.0,90.0,,,,,,
2026-04-22T01:00,55,Moderate,11.3,14.4,4.0,6.4,195.0,91.0,,,,,,
2026-04-22T02:00,55,Moderate,12.1,15.2,4.0,6.7,207.0,92.0,,,,,,
2026-04-22T03:00,55,Moderate,12.3,15.4,3.9,6.9,234.0,92.0,,,,,,
2026-04-22T04:00,54,Moderate,12.3,15.3,3.7,6.9,269.0,93.0,,,,,,
2026-04-22T05:00,54,Moderate,15.8,18.4,4.7,8.6,297.0,89.0,,,,,,
2026-04-22T06:00,54,Moderate,16.5,19.1,5.0,9.8,317.0,92.0,,,,,,
2026-04-22T07:00,55,Moderate,17.1,19.7,5.2,11.2,331.0,97.0,,,,,,
2026-04-22T08:00,55,Moderate,17.8,20.4,5.0,11.4,328.0,102.0,,,,,,
2026-04-22T09:00,55,Moderate,16.6,19.2,3.7,9.1,296.0,107.0,,,,,,
2026-04-22T10:00,55,Moderate,14.3,16.8,1.9,5.4,247.0,112.0,,,,,,
2026-04-22T11:00,55,Moderate,11.8,14.3,0.5,2.5,209.0,113.0,,,,,,
2026-04-22T12:00,55,Moderate,10.4,13.3,0.1,1.2,193.0,107.0,,,,,,
2026-04-22T13:00,55,Moderate,9.2,12.2,0.1,0.6,188.0,98.0,,,,,,
2026-04-22T14:00,54,Moderate,9.0,12.4,0.2,0.3,185.0,91.0,,,,,,
2026-04-22T15:00,54,Moderate,8.9,12.6,0.2,0.1,180.0,89.0,,,,,,
2026-04-22T16:00,54,Moderate,9.1,12.9,0.3,0.2,177.0,90.0,,,,,,
2026-04-22T17:00,55,Moderate,6.7,9.7,0.5,0.2,175.0,80.0,,,,,,
2026-04-22T18:00,54,Moderate,7.5,10.8,0.7,0.6,176.0,84.0,,,,,,
2026-04-22T19:00,54,Moderate,8.5,12.1,0.9,1.2,179.0,90.0,,,,,,
2026-04-22T20:00,55,Moderate,9.7,13.5,1.2,1.8,181.0,95.0,,,,,,
2026-04-22T21:00,55,Moderate,10.8,14.8,1.5,2.4,181.0,100.0,,,,,,
2026-04-22T22:00,55,Moderate,11.7,15.8,1.8,2.9,181.0,105.0,,,,,,
2026-04-22T23:00,55,Moderate,12.2,16.0,2.1,3.5,180.0,108.0,,,,,,
2026-04-23T00:00,55,Moderate,12.4,15.9,2.3,4.0,177.0,109.0,,,,,,
2026-04-23T01:00,55,Moderate,12.7,16.3,2.5,4.4,173.0,107.0,,,,,,
2026-04-23T02:00,55,Moderate,13.1,16.6,2.8,5.0,174.0,106.0,,,,,,
2026-04-23T03:00,56,Moderate,13.4,16.5,3.1,5.9,184.0,104.0,,,,,,
2026-04-23T04:00,56,Moderate,13.9,16.8,3.5,7.1,199.0,102.0,,,,,,
2026-04-23T05:00,56,Moderate,15.0,17.9,3.9,7.2,213.0,101.0,,,,,,
2026-04-23T06:00,56,Moderate,16.0,19.0,4.2,8.0,227.0,104.0,,,,,,
2026-04-23T07:00,56,Moderate,16.9,20.1,4.5,9.1,239.0,109.0,,,,,,
2026-04-23T08:00,56,Moderate,17.5,20.6,4.4,9.3,241.0,113.0,,,,,,
2026-04-23T09:00,56,Moderate,17.1,20.2,3.4,8.1,222.0,118.0,,,,,,
2026-04-23T10:00,56,Moderate,16.5,19.6,1.8,6.0,192.0,122.0,,,,,,
2026-04-23T11:00,56,Moderate,15.3,18.3,0.7,4.1,169.0,122.0,,,,,,
2026-04-23T12:00,56,Moderate,14.2,18.1,0.3,2.6,161.0,114.0,,,,,,
2026-04-23T13:00,59,Moderate,12.2,16.0,0.3,1.2,161.0,101.0,,,,,,
2026-04-23T14:00,59,Moderate,11.2,15.2,0.3,0.3,162.0,92.0,,,,,,
2026-04-23T15:00,57,Moderate,11.1,15.4,0.3,0.1,162.0,91.0,,,,,,
2026-04-23T16:00,57,Moderate,11.0,15.3,0.5,0.4,162.0,93.0,,,,,,
2026-04-23T17:00,57,Moderate,10.3,14.5,0.4,0.3,165.0,81.0,,,,,,
2026-04-23T18:00,57,Moderate,10.8,15.1,0.5,0.6,171.0,85.0,,,,,,
2026-04-23T19:00,58,Moderate,11.5,15.9,0.7,0.9,178.0,90.0,,,,,,
2026-04-23T20:00,58,Moderate,12.3,16.6,1.0,1.4,185.0,94.0,,,,,,
2026-04-23T21:00,58,Moderate,13.4,17.6,1.4,2.0,190.0,97.0,,,,,,
2026-04-23T22:00,58,Moderate,13.9,17.7,2.0,2.7,195.0,100.0,,,,,,
2026-04-23T23:00,58,Moderate,14.6,18.0,2.4,3.4,198.0,102.0,,,,,,
2026-04-24T00:00,59,Moderate,15.0,18.2,2.6,4.0,196.0,102.0,,,,,,
2026-04-24T01:00,59,Moderate,15.3,18.3,2.8,4.6,194.0,101.0,,,,,,
2026-04-24T02:00,59,Moderate,15.7,18.7,2.9,5.2,198.0,100.0,,,,,,
2026-04-24T03:00,59,Moderate,16.5,19.6,3.1,5.8,221.0,98.0,,,,,,
2026-04-24T04:00,60,Moderate,17.2,20.3,3.3,6.5,252.0,96.0,,,,,,
2026-04-24T05:00,60,Moderate,18.0,21.2,3.4,6.7,265.0,94.0,,,,,,
2026-04-24T06:00,60,Moderate,17.5,20.8,3.0,6.1,245.0,96.0,,,,,,
2026-04-24T07:00,60,Moderate,17.0,20.5,2.5,5.3,209.0,98.0,,,,,,
2026-04-24T08:00,60,Moderate,16.8,20.3,1.9,4.3,179.0,100.0,,,,,,
2026-04-24T09:00,60,Moderate,17.1,20.5,1.3,3.1,166.0,102.0,,,,,,
2026-04-24T10:00,60,Moderate,16.6,20.3,0.8,1.9,160.0,103.0,,,,,,
2026-04-24T11:00,60,Moderate,15.0,19.0,0.4,0.9,157.0,103.0,,,,,,
2026-04-24T12:00,60,Moderate,13.3,17.5,0.3,0.5,154.0,100.0,,,,,,
2026-04-24T13:00,60,Moderate,12.1,16.2,0.3,0.4,153.0,96.0,,,,,,
2026-04-24T14:00,60,Moderate,11.5,15.2,0.3,0.3,155.0,94.0,,,,,,
2026-04-24T15:00,60,Moderate,11.6,15.4,0.3,0.2,159.0,96.0,,,,,,
2026-04-24T16:00,60,Moderate,11.7,15.5,0.3,0.2,166.0,100.0,,,,,,
2026-04-24T17:00,60,Moderate,11.5,15.9,0.8,0.4,173.0,82.0,,,,,,
2026-04-24T18:00,60,Moderate,12.0,16.4,0.9,0.8,183.0,84.0,,,,,,
2026-04-24T19:00,60,Moderate,12.6,17.1,1.1,1.3,193.0,86.0,,,,,,
2026-04-24T20:00,60,Moderate,13.3,17.8,1.3,1.8,199.0,89.0,,,,,,
2026-04-24T21:00,60,Moderate,14.0,18.6,1.4,2.0,196.0,92.0,,,,,,
2026-04-24T22:00,61,Moderate,14.5,19.1,1.4,2.1,188.0,95.0,,,,,,
2026-04-24T23:00,61,Moderate,14.6,18.9,1.5,2.3,181.0,97.0,,,,,,
2026-04-25T00:00,61,Moderate,14.6,18.5,1.6,2.7,175.0,98.0,,,,,,
2026-04-25T01:00,61,Moderate,14.8,18.5,1.8,3.1,170.0,98.0,,,,,,
2026-04-25T02:00,60,Moderate,14.9,18.6,2.0,3.6,168.0,98.0,,,,,,
2026-04-25T03:00,60,Moderate,15.0,18.7,2.2,4.2,173.0,97.0,,,,,,
2026-04-25T04:00,60,Moderate,15.1,18.7,2.5,4.8,181.0,96.0,,,,,,
2026-04-25T05:00,60,Moderate,15.1,18.7,2.5,4.9,186.0,96.0,,,,,,
2026-04-25T06:00,60,Moderate,15.0,18.5,2.4,4.8,183.0,97.0,,,,,,
2026-04-25T07:00,60,Moderate,14.8,18.4,2.3,4.6,177.0,98.0,,,,,,
2026-04-25T08:00,60,Moderate,14.6,18.2,2.0,4.1,171.0,98.0,,,,,,
2026-04-25T09:00,59,Moderate,14.0,17.5,1.4,2.9,166.0,96.0,,,,,,
2026-04-25T10:00,59,Moderate,13.0,16.5,0.7,1.4,161.0,93.0,,,,,,
2026-04-25T11:00,59,Moderate,12.7,16.9,0.2,0.3,155.0,90.0,,,,,,
2026-04-25T12:00,59,Moderate,12.0,16.3,0.1,0.0,148.0,86.0,,,,,,
2026-04-25T13:00,59,Moderate,10.9,15.1,0.1,0.2,140.0,80.0,,,,,,
2026-04-25T14:00,58,Moderate,9.8,13.6,0.2,0.3,135.0,77.0,,,,,,
2026-04-25T15:00,58,Moderate,9.0,12.4,0.3,0.3,135.0,76.0,,,,,,
2026-04-25T16:00,58,Moderate,8.3,11.4,0.3,0.2,137.0,77.0,,,,,,
2026-04-25T17:00,58,Moderate,3.6,5.5,0.5,0.3,140.0,73.0,,,,,,
2026-04-25T18:00,57,Moderate,3.4,5.0,0.5,0.3,141.0,73.0,,,,,,
2026-04-25T19:00,57,Moderate,3.3,4.8,0.4,0.4,142.0,73.0,,,,,,
2026-04-25T20:00,56,Moderate,3.3,4.8,0.4,0.5,146.0,73.0,,,,,,
2026-04-25T21:00,55,Moderate,3.4,5.0,0.4,0.6,153.0,73.0,,,,,,
2026-04-25T22:00,54,Moderate,3.5,5.2,0.4,0.6,161.0,73.0,,,,,,
2026-04-25T23:00,53,Moderate,3.7,5.4,0.6,1.0,172.0,73.0,,,,,,
2026-04-26T00:00,52,Moderate,4.0,5.8,1.2,2.0,186.0,72.0,,,,,,
2026-04-26T01:00,52,Moderate,4.3,6.2,1.9,3.2,202.0,70.0,,,,,,
2026-04-26T02:00,51,Moderate,4.6,6.6,2.2,3.9,213.0,70.0,,,,,,
2026-04-26T03:00,50,Good,4.8,7.0,1.7,3.4,215.0,74.0,,,,,,
2026-04-26T04:00,48,Good,5.1,7.5,0.9,2.3,212.0,79.0,,,,,,
2026-04-26T05:00,45,Good,5.0,7.3,1.2,3.1,210.0,79.0,,,,,,
2026-04-26T06:00,43,Good,5.1,7.4,1.7,4.3,211.0,79.0,,,,,,
2026-04-26T07:00,41,Good,5.3,7.6,2.3,5.9,213.0,78.0,,,,,,
2026-04-26T08:00,39,Good,5.8,8.2,2.6,6.8,210.0,80.0,,,,,,
2026-04-26T09:00,37,Good,6.2,8.5,2.1,6.6,200.0,86.0,,,,,,
2026-04-26T10:00,36,Good,6.3,8.2,1.3,5.7,185.0,94.0,,,,,,
2026-04-26T11:00,38,Good,6.6,8.6,0.6,4.6,170.0,99.0,,,,,,
2026-04-26T12:00,39,Good,6.2,8.2,0.3,3.3,155.0,97.0,,,,,,
2026-04-26T13:00,40,Good,6.5,9.1,0.2,1.9,140.0,91.0,,,,,,
2026-04-26T14:00,41,Good,6.3,9.2,0.2,0.8,129.0,87.0,,,,,,
2026-04-26T15:00,41,Good,5.9,8.6,0.2,0.4,126.0,86.0,,,,,,
2026-04-26T16:00,42,Good,5.7,8.3,0.3,0.5,128.0,86.0,,,,,,
2026-04-26T17:00,42,Good,6.1,8.6,0.4,0.5,130.0,79.0,,,,,,
2026-04-26T18:00,42,Good,6.1,8.7,0.4,0.4,130.0,81.0,,,,,,
2026-04-26T19:00,41,Good,6.0,8.6,0.3,0.4,129.0,84.0,,,,,,
2026-04-26T20:00,40,Good,6.1,8.7,0.4,0.6,129.0,86.0,,,,,,
2026-04-26T21:00,39,Good,6.1,8.7,0.7,1.2,131.0,87.0,,,,,,
2026-04-26T22:00,39,Good,6.2,8.8,1.2,2.1,133.0,88.0,,,,,,
2026-04-26T23:00,39,Good,6.2,8.8,1.7,3.0,134.0,88.0,,,,,,
2026-04-27T00:00,39,Good,6.3,8.8,2.2,3.9,131.0,88.0,,,,,,
2026-04-27T01:00,39,Good,6.4,8.9,2.7,4.8,127.0,87.0,,,,,,
2026-04-27T02:00,40,Good,6.4,8.6,3.2,5.7,128.0,86.0,,,,,,
2026-04-27T03:00,40,Good,6.2,7.9,3.6,6.5,140.0,85.0,,,,,,
2026-04-27T04:00,40,Good,6.5,8.0,4.0,7.2,156.0,84.0,,,,,,
2026-04-27T05:00,40,Good,7.1,8.8,3.9,6.9,169.0,82.0,,,,,,
2026-04-27T06:00,40,Good,7.2,8.9,3.9,7.2,173.0,85.0,,,,,,
2026-04-27T07:00,40,Good,7.2,8.8,3.8,7.6,172.0,88.0,,,,,,
2026-04-27T08:00,40,Good,7.3,9.1,3.5,7.5,171.0,92.0,,,,,,
2026-04-27T09:00,40,Good,7.5,9.4,2.6,6.4,170.0,96.0,,,,,,
2026-04-27T10:00,40,Good,7.4,9.4,1.5,4.7,168.0,101.0,,,,,,
2026-04-27T11:00,41,Good,7.2,9.4,0.7,3.3,165.0,103.0,,,,,,
2026-04-27T12:00,42,Good,7.8,11.3,0.4,2.3,158.0,101.0,,,,,,
2026-04-27T13:00,43,Good,7.5,10.8,0.4,1.6,150.0,96.0,,,,,,
2026-04-27T14:00,44,Good,7.2,10.4,0.5,1.2,144.0,93.0,,,,,,
2026-04-27T15:00,45,Good,7.0,10.0,0.6,1.2,143.0,93.0,,,,,,
2026-04-27T16:00,45,Good,6.7,9.6,0.8,1.4,145.0,93.0,,,,,,
2026-04-27T17:00,45,Good,9.5,13.1,0.6,0.5,148.0,89.0,,,,,,
2026-04-27T18:00,45,Good,8.8,12.4,0.7,0.7,153.0,90.0,,,,,,
2026-04-27T19:00,44,Good,8.7,12.1,0.8,0.9,158.0,91.0,,,,,,
2026-04-27T20:00,43,Good,8.7,12.1,1.0,1.3,163.0,92.0,,,,,,
2026-04-27T21:00,43,Good,9.2,12.4,1.5,2.0,165.0,93.0,,,,,,
2026-04-27T22:00,43,Good,10.0,13.2,2.0,2.9,165.0,94.0,,,,,,
2026-04-27T23:00,43,Good,10.7,13.8,2.5,3.6,166.0,95.0,,,,,,
2026-04-28T00:00,43,Good,10.8,13.5,2.7,3.9,168.0,95.0,,,,,,
2026-04-28T01:00,44,Good,11.4,13.9,2.9,4.1,171.0,95.0,,,,,,
2026-04-28T02:00,45,Good,12.3,14.9,3.0,4.3,174.0,94.0,,,,,,
2026-04-28T03:00,46,Good,13.1,15.6,3.1,4.6,177.0,92.0,,,,,,
2026-04-28T04:00,48,Good,13.5,16.0,3.3,4.9,180.0,90.0,,,,,,
2026-04-28T05:00,49,Good,13.4,15.7,3.4,5.1,186.0,88.0,,,,,,
2026-04-28T06:00,50,Good,14.0,16.3,3.9,6.0,199.0,87.0,,,,,,
2026-04-28T07:00,51,Moderate,14.8,17.1,4.6,7.3,215.0,86.0,,,,,,
2026-04-28T08:00,51,Moderate,15.4,17.7,4.7,7.9,223.0,88.0,,,,,,
2026-04-28T09:00,52,Moderate,15.7,18.0,3.8,7.5,215.0,96.0,,,,,,
2026-04-28T10:00,53,Moderate,15.7,18.0,2.4,6.5,199.0,108.0,,,,,,
2026-04-28T11:00,53,Moderate,15.0,17.4,1.3,5.4,187.0,115.0,,,,,,
2026-04-28T12:00,54,Moderate,14.4,16.9,0.8,4.1,183.0,113.0,,,,,,
2026-04-28T13:00,55,Moderate,13.5,16.6,0.5,2.5,184.0,107.0,,,,,,
2026-04-28T14:00,55,Moderate,11.6,14.8,0.4,1.5,183.0,102.0,,,,,,
2026-04-28T15:00,55,Moderate,10.9,14.6,0.5,1.2,181.0,101.0,,,,,,
2026-04-28T16:00,56,Moderate,10.4,13.9,0.8,1.4,177.0,102.0,,,,,,
2026-04-28T17:00,56,Moderate,12.8,16.9,1.2,1.6,174.0,99.0,,,,,,
2026-04-28T18:00,56,Moderate,12.7,16.6,1.6,2.1,169.0,99.0,,,,,,
2026-04-28T19:00,57,Moderate,12.5,15.8,2.2,2.8,164.0,99.0,,,,,,
2026-04-28T20:00,57,Moderate,12.6,15.5,2.6,3.3,161.0,99.0,,,,,,
2026-04-28T21:00,57,Moderate,12.7,15.6,2.6,3.3,162.0,99.0,,,,,,
2026-04-28T22:00,57,Moderate,12.4,15.4,2.5,3.0,164.0,98.0,,,,,,
2026-04-28T23:00,58,Moderate,11.8,14.7,2.4,2.9,168.0,97.0,,,,,,
2026-04-29T00:00,58,Moderate,11.2,14.0,2.5,3.1,171.0,95.0,,,,,,
2026-04-29T01:00,58,Moderate,10.9,13.6,2.6,3.4,176.0,92.0,,,,,,
2026-04-29T02:00,58,Moderate,10.9,13.4,2.7,3.6,182.0,89.0,,,,,,
2026-04-29T03:00,58,Moderate,10.4,12.5,2.7,3.7,193.0,87.0,,,,,,
2026-04-29T04:00,57,Moderate,9.4,11.3,2.7,3.7,207.0,85.0,,,,,,
2026-04-29T05:00,57,Moderate,10.4,12.0,3.5,4.8,215.0,86.0,,,,,,
2026-04-29T06:00,57,Moderate,9.5,11.0,3.5,4.8,213.0,87.0,,,,,,
2026-04-29T07:00,56,Moderate,9.1,10.8,3.4,4.9,206.0,89.0,,,,,,
2026-04-29T08:00,56,Moderate,8.4,10.0,3.1,4.8,197.0,92.0,,,,,,
2026-04-29T09:00,55,Moderate,7.8,9.5,2.5,4.7,185.0,98.0,,,,,,
2026-04-29T10:00,55,Moderate,7.7,9.4,1.6,4.5,172.0,105.0,,,,,,
2026-04-29T11:00,54,Moderate,7.3,9.0,1.0,4.1,161.0,109.0,,,,,,
2026-04-29T12:00,54,Moderate,6.5,8.3,0.7,3.2,155.0,106.0,,,,,,
2026-04-29T13:00,53,Moderate,6.7,9.3,0.5,2.0,152.0,100.0,,,,,,
2026-04-29T14:00,52,Moderate,6.3,8.8,0.5,1.1,151.0,96.0,,,,,,
2026-04-29T15:00,52,Moderate,6.3,8.9,0.5,0.8,154.0,95.0,,,,,,
2026-04-29T16:00,52,Moderate,6.1,8.6,0.7,0.8,158.0,96.0,,,,,,
2026-04-29T17:00,51,Moderate,8.8,11.0,2.0,3.0,162.0,95.0,,,,,,
2026-04-29T18:00,51,Moderate,7.9,9.8,2.1,2.9,163.0,91.0,,,,,,
2026-04-29T19:00,51,Moderate,7.5,9.2,2.4,2.7,163.0,86.0,,,,,,
2026-04-29T20:00,50,Good,6.7,8.4,2.6,2.7,162.0,81.0,,,,,,
2026-04-29T21:00,49,Good,6.5,8.6,2.9,3.2,161.0,79.0,,,,,,
2026-04-29T22:00,48,Good,6.4,8.4,3.3,3.8,159.0,77.0,,,,,,
2026-04-29T23:00,46,Good,6.0,7.5,3.5,4.3,158.0,76.0,,,,,,
2026-04-30T00:00,45,Good,6.2,7.6,3.4,4.4,158.0,75.0,,,,,,
2026-04-30T01:00,44,Good,6.0,7.5,3.2,4.3,160.0,75.0,,,,,,
2026-04-30T02:00,43,Good,5.7,7.2,3.1,4.2,163.0,75.0,,,,,,
2026-04-30T03:00,42,Good,5.3,6.8,3.1,4.2,168.0,74.0,,,,,,
2026-04-30T04:00,40,Good,5.0,6.5,3.2,4.2,176.0,74.0,,,,,,
2026-04-30T05:00,39,Good,3.5,4.4,3.0,4.1,185.0,71.0,,,,,,
2026-04-30T06:00,38,Good,3.8,4.6,3.3,4.8,201.0,73.0,,,,,,
2026-04-30T07:00,36,Good,4.1,4.9,3.6,5.8,218.0,75.0,,,,,,
2026-04-30T08:00,35,Good,4.3,4.9,3.6,6.4,225.0,79.0,,,,,,
2026-04-30T09:00,35,Good,4.8,5.4,2.9,6.4,211.0,87.0,,,,,,
2026-04-30T10:00,35,Good,5.3,6.0,1.9,6.1,187.0,97.0,,,,,,
2026-04-30T11:00,37,Good,5.4,6.1,1.1,5.4,169.0,102.0,,,,,,
2026-04-30T12:00,38,Good,5.2,6.3,0.6,3.9,166.0,98.0,,,,,,
2026-04-30T13:00,40,Good,4.3,5.6,0.3,2.1,170.0,90.0,,,,,,
2026-04-30T14:00,41,Good,4.7,6.7,0.3,0.9,174.0,85.0,,,,,,
2026-04-30T15:00,41,Good,4.7,6.9,0.8,1.0,174.0,86.0,,,,,,
2026-04-30T16:00,42,Good,4.2,6.0,1.7,1.9,174.0,89.0,,,,,,
2026-04-30T17:00,43,Good,7.6,10.2,2.8,3.8,176.0,97.0,,,,,,
2026-04-30T18:00,43,Good,7.1,8.8,3.5,4.3,182.0,95.0,,,,,,
2026-04-30T19:00,43,Good,7.3,8.7,4.5,5.0,191.0,92.0,,,,,,
2026-04-30T20:00,42,Good,7.5,8.8,5.2,5.5,196.0,89.0,,,,,,
2026-04-30T21:00,42,Good,7.5,8.7,5.3,5.5,195.0,86.0,,,,,,
2026-04-30T22:00,42,Good,6.8,7.9,5.1,5.3,191.0,83.0,,,,,,
2026-04-30T23:00,42,Good,6.0,7.1,4.9,5.3,187.0,81.0,,,,,,
2026-05-01T00:00,41,Good,5.1,6.1,4.8,5.6,184.0,79.0,,,,,,
2026-05-01T01:00,41,Good,4.6,5.4,4.8,6.0,181.0,78.0,,,,,,
2026-05-01T02:00,40,Good,4.4,5.2,4.7,6.3,182.0,77.0,,,,,,
2026-05-01T03:00,39,Good,4.4,5.1,4.5,6.1,190.0,76.0,,,,,,
2026-05-01T04:00,38,Good,4.5,5.2,4.3,5.8,203.0,75.0,,,,,,
2026-05-01T05:00,37,Good,3.7,4.4,4.5,6.2,215.0,74.0,,,,,,
2026-05-01T06:00,36,Good,4.0,4.6,4.6,6.6,227.0,75.0,,,,,,
2026-05-01T07:00,36,Good,4.4,5.1,4.6,7.3,239.0,77.0,,,,,,
2026-05-01T08:00,35,Good,5.2,6.1,4.4,7.8,244.0,83.0,,,,,,
2026-05-01T09:00,36,Good,6.0,6.8,3.7,8.4,238.0,99.0,,,,,,
2026-05-01T10:00,37,Good,7.6,8.3,2.7,8.9,226.0,119.0,,,,,,
2026-05-01T11:00,39,Good,9.3,10.0,1.9,8.7,212.0,131.0,,,,,,
2026-05-01T12:00,42,Good,9.8,10.6,1.3,7.2,197.0,127.0,,,,,,
2026-05-01T13:00,46,Good,8.6,9.7,0.8,4.9,181.0,115.0,,,,,,
2026-05-01T14:00,48,Good,7.3,9.2,0.5,3.1,172.0,106.0,,,,,,
2026-05-01T15:00,50,Good,6.7,9.3,0.5,2.2,175.0,103.0,,,,,,
2026-05-01T16:00,54,Moderate,6.6,9.4,0.7,1.9,184.0,102.0,,,,,,
2026-05-01T17:00,58,Moderate,7.5,10.0,2.6,3.7,195.0,111.0,,,,,,
2026-05-01T18:00,61,Moderate,8.1,9.7,3.3,4.4,205.0,109.0,,,,,,
2026-05-01T19:00,59,Moderate,8.7,10.3,4.3,5.3,215.0,107.0,,,,,,
2026-05-01T20:00,54,Moderate,8.9,10.5,5.0,6.1,228.0,104.0,,,,,,
2026-05-01T21:00,50,Good,8.9,10.5,5.3,6.6,245.0,100.0,,,,,,
2026-05-01T22:00,49,Good,8.9,10.5,5.4,7.0,264.0,95.0,,,,,,
2026-05-01T23:00,48,Good,9.2,10.8,5.5,7.3,280.0,90.0,,,,,,
2026-05-02T00:00,47,Good,9.6,11.3,5.6,7.4,288.0,86.0,,,,,,
2026-05-02T01:00,46,Good,9.9,11.7,5.6,7.4,292.0,84.0,,,,,,
2026-05-02T02:00,45,Good,10.1,11.8,5.6,7.4,299.0,81.0,,,,,,
2026-05-02T03:00,43,Good,10.5,12.5,5.5,7.3,316.0,78.0,,,,,,
2026-05-02T04:00,43,Good,10.8,12.9,5.4,7.3,335.0,76.0,,,,,,
2026-05-02T05:00,44,Good,10.4,12.9,4.9,6.8,340.0,78.0,,,,,,
2026-05-02T06:00,46,Good,10.9,13.6,5.0,7.5,319.0,81.0,,,,,,
2026-05-02T07:00,47,Good,11.5,14.3,5.0,8.4,283.0,85.0,,,,,,
2026-05-02T08:00,49,Good,12.1,15.3,4.7,8.8,255.0,91.0,,,,,,
2026-05-02T09:00,50,Good,12.9,16.6,3.7,8.4,244.0,102.0,,,,,,
2026-05-02T10:00,51,Moderate,13.9,18.2,2.4,7.5,240.0,115.0,,,,,,
2026-05-02T11:00,51,Moderate,15.3,20.8,1.4,6.3,235.0,122.0,,,,,,
2026-05-02T12:00,52,Moderate,13.6,18.6,0.8,4.5,224.0,116.0,,,,,,
2026-05-02T13:00,52,Moderate,12.4,17.8,0.5,2.4,212.0,105.0,,,,,,
2026-05-02T14:00,52,Moderate,10.5,15.3,0.6,1.2,207.0,98.0,,,,,,
2026-05-02T15:00,53,Moderate,10.1,14.2,1.3,1.8,214.0,103.0,,,,,,
2026-05-02T16:00,53,Moderate,10.3,13.2,2.3,3.2,228.0,112.0,,,,,,
2026-05-02T17:00,53,Moderate,20.0,25.1,3.5,5.1,243.0,128.0,,,,,,
2026-05-02T18:00,58,Moderate,18.2,22.5,3.8,4.6,260.0,120.0,,,,,,
2026-05-02T19:00,59,Moderate,15.8,19.6,4.1,3.9,279.0,109.0,,,,,,
2026-05-02T20:00,56,Moderate,13.8,17.0,4.5,3.5,291.0,99.0,,,,,,
2026-05-02T21:00,56,Moderate,13.4,16.2,4.9,3.8,292.0,91.0,,,,,,
2026-05-02T22:00,56,Moderate,13.6,16.5,5.2,4.5,287.0,84.0,,,,,,
2026-05-02T23:00,57,Moderate,14.2,17.4,5.4,5.1,284.0,78.0,,,,,,
2026-05-03T00:00,57,Moderate,14.7,18.5,5.3,5.3,286.0,75.0,,,,,,
2026-05-03T01:00,57,Moderate,15.0,19.2,5.1,5.5,289.0,74.0,,,,,,
2026-05-03T02:00,58,Moderate,14.9,19.3,4.9,5.6,291.0,73.0,,,,,,
2026-05-03T03:00,58,Moderate,14.8,19.4,4.8,5.8,287.0,71.0,,,,,,
2026-05-03T04:00,58,Moderate,14.6,19.2,4.8,6.0,282.0,70.0,,,,,,
2026-05-03T05:00,59,Moderate,15.7,20.8,5.0,6.7,282.0,70.0,,,,,,
2026-05-03T06:00,59,Moderate,15.7,21.1,5.1,6.9,297.0,71.0,,,,,,
2026-05-03T07:00,60,Moderate,16.1,21.6,5.1,7.2,317.0,73.0,,,,,,
2026-05-03T08:00,60,Moderate,16.5,22.1,4.9,7.4,321.0,79.0,,,,,,
2026-05-03T09:00,60,Moderate,16.8,22.5,4.2,7.8,293.0,93.0,,,,,,
2026-05-03T10:00,61,Moderate,17.4,23.0,3.1,8.1,249.0,110.0,,,,,,
2026-05-03T11:00,61,Moderate,18.1,23.5,2.3,7.9,215.0,123.0,,,,,,
2026-05-03T12:00,61,Moderate,17.9,22.9,1.7,6.7,201.0,127.0,,,,,,
2026-05-03T13:00,61,Moderate,16.6,21.6,1.4,5.1,196.0,126.0,,,,,,
2026-05-03T14:00,62,Moderate,14.8,19.6,1.3,3.8,201.0,123.0,,,,,,
2026-05-03T15:00,62,Moderate,13.0,17.2,1.6,3.2,214.0,119.0,,,,,,
2026-05-03T16:00,62,Moderate,12.8,17.5,2.3,3.1,235.0,114.0,,,,,,
2026-05-03T17:00,65,Moderate,16.6,21.4,3.4,2.7,267.0,118.0,,,,,,
2026-05-03T18:00,71,Moderate,16.2,20.0,4.0,3.3,325.0,112.0,,,,,,
2026-05-03T19:00,71,Moderate,16.6,20.1,4.8,4.0,394.0,104.0,,,,,,
2026-05-03T20:00,67,Moderate,16.6,20.0,5.3,4.6,427.0,96.0,,,,,,
2026-05-03T21:00,62,Moderate,16.4,19.9,5.4,4.8,391.0,90.0,,,,,,
2026-05-03T22:00,63,Moderate,16.5,20.6,5.3,4.7,320.0,84.0,,,,,,
2026-05-03T23:00,63,Moderate,16.5,21.4,5.1,4.7,268.0,79.0,,,,,,
2026-05-04T00:00,63,Moderate,16.5,21.8,5.0,4.7,259.0,75.0,,,,,,
2026-05-04T01:00,63,Moderate,16.5,22.4,4.8,4.8,268.0,73.0,,,,,,
2026-05-04T02:00,63,Moderate,16.6,23.1,4.7,4.8,276.0,70.0,,,,,,
2026-05-04T03:00,63,Moderate,16.6,23.7,4.6,4.7,278.0,67.0,,,,,,
2026-05-04T04:00,63,Moderate,16.6,24.2,4.5,4.6,279.0,64.0,,,,,,
2026-05-04T05:00,64,Moderate,17.5,26.8,4.7,5.3,273.0,63.0,,,,,,
2026-05-04T06:00,64,Moderate,17.6,29.8,4.5,5.4,256.0,64.0,,,,,,
2026-05-04T07:00,64,Moderate,18.0,32.2,4.1,5.6,232.0,66.0,,,,,,
2026-05-04T08:00,64,Moderate,18.7,35.2,3.7,5.8,214.0,71.0,,,,,,
2026-05-04T09:00,64,Moderate,19.8,38.8,3.1,6.1,207.0,82.0,,,,,,
2026-05-04T10:00,64,Moderate,20.8,41.6,2.3,6.5,205.0,96.0,,,,,,
2026-05-04T11:00,65,Moderate,21.2,41.9,1.7,6.2,202.0,105.0,,,,,,
2026-05-04T12:00,65,Moderate,21.1,40.5,1.2,4.7,196.0,106.0,,,,,,
2026-05-04T13:00,65,Moderate,19.5,36.2,0.8,2.6,188.0,102.0,,,,,,
2026-05-04T14:00,65,Moderate,18.5,33.4,0.7,1.1,185.0,99.0,,,,,,
2026-05-04T15:00,66,Moderate,18.0,32.5,0.9,0.9,187.0,100.0,,,,,,
2026-05-04T16:00,66,Moderate,18.0,32.8,1.4,1.3,192.0,103.0,,,,,,
2026-05-04T17:00,67,Moderate,18.0,33.2,1.8,2.3,200.0,100.0,,,,,,
2026-05-04T18:00,67,Moderate,18.6,35.6,2.5,2.8,208.0,98.0,,,,,,
2026-05-04T19:00,67,Moderate,20.1,39.9,3.5,3.6,219.0,96.0,,,,,,
2026-05-04T20:00,67,Moderate,21.7,44.2,4.3,4.2,233.0,93.0,,,,,,
2026-05-04T21:00,68,Moderate,22.6,47.1,4.7,4.6,260.0,89.0,,,,,,
2026-05-04T22:00,68,Moderate,23.3,48.8,5.0,5.0,290.0,83.0,,,,,,
2026-05-04T23:00,69,Moderate,23.7,50.9,5.1,5.2,300.0,78.0,,,,,,
2026-05-05T00:00,69,Moderate,22.6,51.6,5.0,5.3,268.0,73.0,,,,,,
2026-05-05T01:00,70,Moderate,21.9,53.7,4.8,5.3,215.0,69.0,,,,,,
2026-05-05T02:00,70,Moderate,21.8,56.3,4.7,5.4,182.0,65.0,,,,,,
2026-05-05T03:00,70,Moderate,21.9,59.0,4.8,5.7,191.0,62.0,,,,,,
2026-05-05T04:00,71,Moderate,22.2,61.0,5.0,6.0,219.0,59.0,,,,,,
2026-05-05T05:00,71,Moderate,28.6,59.6,5.3,6.5,242.0,76.0,,,,,,
2026-05-05T06:00,72,Moderate,30.3,61.0,5.0,6.4,252.0,81.0,,,,,,
2026-05-05T07:00,73,Moderate,31.1,61.9,4.6,6.4,257.0,88.0,,,,,,
2026-05-05T08:00,74,Moderate,31.7,62.6,4.1,6.6,256.0,96.0,,,,,,
2026-05-05T09:00,75,Moderate,31.4,64.5,3.5,7.4,246.0,107.0,,,,,,
2026-05-05T10:00,76,Moderate,31.7,66.8,2.9,8.4,229.0,120.0,,,,,,
2026-05-05T11:00,77,Moderate,32.5,68.7,2.3,8.9,214.0,129.0,,,,,,
2026-05-05T12:00,78,Moderate,32.8,69.4,1.8,8.7,201.0,131.0,,,,,,
2026-05-05T13:00,79,Moderate,31.1,67.8,1.4,8.0,189.0,128.0,,,,,,
2026-05-05T14:00,80,Moderate,27.8,65.2,1.2,7.0,184.0,124.0,,,,,,
2026-05-05T15:00,80,Moderate,24.9,60.3,1.2,5.5,191.0,117.0,,,,,,
2026-05-05T16:00,81,Moderate,22.1,52.6,1.3,3.8,206.0,107.0,,,,,,
2026-05-05T17:00,81,Moderate,18.1,42.5,1.1,0.8,217.0,83.0,,,,,,
2026-05-05T18:00,81,Moderate,18.6,41.8,1.5,1.4,217.0,89.0,,,,,,
2026-05-05T19:00,81,Moderate,20.0,43.0,2.1,2.3,214.0,98.0,,,,,,
2026-05-05T20:00,81,Moderate,20.4,42.1,2.7,3.1,220.0,104.0,,,,,,
2026-05-05T21:00,81,Moderate,19.2,38.1,3.3,3.7,250.0,105.0,,,,,,
2026-05-05T22:00,81,Moderate,17.5,33.1,4.0,4.3,290.0,103.0,,,,,,
2026-05-05T23:00,80,Moderate,15.0,27.1,4.6,5.0,311.0,99.0,,,,,,
2026-05-06T00:00,80,Moderate,12.4,21.4,5.2,5.9,293.0,94.0,,,,,,
2026-05-06T01:00,79,Moderate,11.2,17.8,5.8,6.8,257.0,88.0,,,,,,
2026-05-06T02:00,78,Moderate,11.1,16.5,6.3,7.6,236.0,82.0,,,,,,
2026-05-06T03:00,77,Moderate,11.7,16.5,6.8,8.3,248.0,75.0,,,,,,
2026-05-06T04:00,77,Moderate,13.0,17.9,7.2,8.9,276.0,67.0,,,,,,
2026-05-06T05:00,76,Moderate,16.7,24.4,7.0,10.7,300.0,70.0,,,,,,
2026-05-06T06:00,75,Moderate,18.0,27.0,6.4,10.3,317.0,77.0,,,,,,
2026-05-06T07:00,74,Moderate,18.6,28.5,5.5,9.7,331.0,86.0,,,,,,
2026-05-06T08:00,73,Moderate,18.8,29.6,4.5,9.0,331.0,97.0,,,,,,
2026-05-06T09:00,72,Moderate,18.8,30.2,3.4,8.0,307.0,111.0,,,,,,
2026-05-06T10:00,71,Moderate,17.9,29.2,2.2,6.9,271.0,127.0,,,,,,
2026-05-06T11:00,70,Moderate,15.6,25.7,1.3,5.7,244.0,137.0,,,,,,
2026-05-06T12:00,68,Moderate,14.4,24.1,0.8,4.3,237.0,136.0,,,,,,
2026-05-06T13:00,67,Moderate,13.4,21.8,0.6,2.8,240.0,129.0,,,,,,
2026-05-06T14:00,66,Moderate,12.2,20.1,0.5,1.6,245.0,122.0,,,,,,
2026-05-06T15:00,68,Moderate,11.5,19.7,0.4,0.9,251.0,116.0,,,,,,
2026-05-06T16:00,74,Moderate,11.3,20.1,0.4,0.6,259.0,110.0,,,,,,
2026-05-06T17:00,77,Moderate,10.5,18.7,0.6,0.8,263.0,99.0,,,,,,
2026-05-06T18:00,74,Moderate,11.6,20.3,1.4,2.5,260.0,105.0,,,,,,
2026-05-06T19:00,69,Moderate,12.6,21.7,2.6,4.9,252.0,113.0,,,,,,
2026-05-06T20:00,64,Moderate,13.6,23.2,3.2,6.3,239.0,118.0,,,,,,
2026-05-06T21:00,61,Moderate,13.9,23.1,2.9,6.0,218.0,117.0,,,,,,
2026-05-06T22:00,60,Moderate,14.3,23.9,2.0,4.7,192.0,114.0,,,,,,
2026-05-06T23:00,60,Moderate,14.0,25.4,1.3,3.4,175.0,110.0,,,,,,
2026-05-07T00:00,60,Moderate,12.3,23.3,0.9,2.2,176.0,107.0,,,,,,
2026-05-07T01:00,60,Moderate,11.8,22.1,0.6,1.1,187.0,105.0,,,,,,
2026-05-07T02:00,60,Moderate,11.0,20.3,0.4,0.3,194.0,103.0,,,,,,
2026-05-07T03:00,60,Moderate,10.4,19.1,0.4,0.1,188.0,102.0,,,,,,
2026-05-07T04:00,59,Moderate,9.8,17.8,0.5,0.4,177.0,103.0,,,,,,
2026-05-07T05:00,59,Moderate,8.8,14.9,2.4,4.5,179.0,100.0,,,,,,
2026-05-07T06:00,59,Moderate,8.8,14.3,2.8,5.3,206.0,100.0,,,,,,
2026-05-07T07:00,58,Moderate,8.7,13.8,3.4,6.5,245.0,100.0,,,,,,
2026-05-07T08:00,57,Moderate,8.2,12.4,3.6,7.2,270.0,102.0,,,,,,
2026-05-07T09:00,56,Moderate,8.1,11.4,3.0,7.1,269.0,108.0,,,,,,
2026-05-07T10:00,55,Moderate,8.9,12.0,1.9,6.6,255.0,117.0,,,,,,
2026-05-07T11:00,55,Moderate,9.4,12.6,1.1,5.9,242.0,123.0,,,,,,
2026-05-07T12:00,54,Moderate,9.7,12.8,0.7,5.0,233.0,124.0,,,,,,
2026-05-07T13:00,54,Moderate,9.7,12.7,0.6,4.0,225.0,123.0,,,,,,
2026-05-07T14:00,57,Moderate,9.0,11.8,0.5,3.1,221.0,121.0,,,,,,
2026-05-07T15:00,62,Moderate,7.6,10.4,0.4,2.3,226.0,118.0,,,,,,
2026-05-07T16:00,66,Moderate,6.6,9.5,0.4,1.5,236.0,113.0,,,,,,
2026-05-07T17:00,68,Moderate,8.2,13.6,0.5,0.5,242.0,93.0,,,,,,
2026-05-07T18:00,65,Moderate,9.7,15.6,1.2,2.3,236.0,100.0,,,,,,
2026-05-07T19:00,61,Moderate,11.1,16.4,2.3,4.9,226.0,109.0,,,,,,
2026-05-07T20:00,58,Moderate,13.8,18.9,3.3,7.3,224.0,115.0,,,,,,
2026-05-07T21:00,56,Moderate,16.6,21.8,4.5,9.6,239.0,113.0,,,,,,
2026-05-07T22:00,54,Moderate,17.5,22.0,5.7,11.7,262.0,107.0,,,,,,
2026-05-07T23:00,53,Moderate,16.6,20.3,6.2,12.2,279.0,102.0,,,,,,
2026-05-08T00:00,53,Moderate,14.5,17.5,5.3,9.9,286.0,98.0,,,,,,
2026-05-08T01:00,53,Moderate,10.5,12.6,3.6,6.0,287.0,94.0,,,,,,
2026-05-08T02:00,53,Moderate,7.1,8.8,2.3,2.9,283.0,91.0,,,,,,
2026-05-08T03:00,53,Moderate,5.3,6.6,1.8,1.5,270.0,89.0,,,,,,
2026-05-08T04:00,52,Moderate,4.3,5.3,1.7,0.8,253.0,87.0,,,,,,
2026-05-08T05:00,52,Moderate,4.3,4.9,2.2,0.6,241.0,82.0,,,,,,
2026-05-08T06:00,51,Moderate,3.6,4.2,2.3,0.6,242.0,81.0,,,,,,
2026-05-08T07:00,51,Moderate,3.4,3.9,2.5,0.5,249.0,79.0,,,,,,
2026-05-08T08:00,51,Moderate,3.2,3.6,2.5,0.5,251.0,78.0,,,,,,
2026-05-08T09:00,50,Good,3.3,3.7,2.2,0.5,243.0,80.0,,,,,,
2026-05-08T10:00,50,Good,3.3,3.7,1.6,0.4,231.0,83.0,,,,,,
2026-05-08T11:00,48,Good,3.3,3.7,1.2,0.4,221.0,85.0,,,,,,
2026-05-08T12:00,47,Good,3.3,3.7,1.0,0.4,214.0,87.0,,,,,,
2026-05-08T13:00,45,Good,3.5,4.0,0.8,0.4,210.0,88.0,,,,,,
2026-05-08T14:00,44,Good,3.8,4.4,0.8,0.4,206.0,88.0,,,,,,
2026-05-08T15:00,43,Good,3.8,4.4,0.8,0.4,205.0,88.0,,,,,,
2026-05-08T16:00,42,Good,3.6,4.3,1.0,0.3,205.0,87.0,,,,,,
2026-05-08T17:00,41,Good,7.2,8.2,1.3,0.7,203.0,78.0,,,,,,
2026-05-08T18:00,41,Good,7.6,8.6,2.1,1.4,200.0,75.0,,,,,,
2026-05-08T19:00,40,Good,7.8,8.8,3.3,2.4,195.0,71.0,,,,,,
2026-05-08T20:00,40,Good,6.7,7.3,4.2,3.2,187.0,67.0,,,,,,
2026-05-08T21:00,38,Good,6.4,6.7,4.6,3.6,171.0,63.0,,,,,,
2026-05-08T22:00,36,Good,5.6,5.8,4.7,3.8,152.0,59.0,,,,,,
2026-05-08T23:00,34,Good,4.5,4.7,4.8,3.9,147.0,55.0,,,,,,
2026-05-09T00:00,32,Good,3.8,4.3,5.0,3.9,170.0,51.0,,,,,,
2026-05-09T01:00,30,Good,3.6,4.5,5.2,3.8,206.0,47.0,,,,,,
2026-05-09T02:00,28,Good,3.9,4.8,5.4,3.8,231.0,43.0,,,,,,
2026-05-09T03:00,26,Good,4.0,4.7,5.8,3.9,231.0,40.0,,,,,,
2026-05-09T04:00,25,Good,4.1,4.7,6.2,4.1,220.0,38.0,,,,,,
2026-05-09T05:00,25,Good,3.3,4.0,5.2,2.9,213.0,40.0,,,,,,
2026-05-09T06:00,25,Good,4.6,5.2,6.3,4.4,217.0,39.0,,,,,,
2026-05-09T07:00,25,Good,6.1,6.7,7.7,6.3,224.0,38.0,,,,,,
2026-05-09T08:00,26,Good,7.2,7.9,8.3,7.6,226.0,40.0,,,,,,
2026-05-09T09:00,26,Good,7.0,7.6,7.4,7.6,219.0,47.0,,,,,,
2026-05-09T10:00,27,Good,6.6,7.1,5.6,6.9,207.0,56.0,,,,,,
2026-05-09T11:00,28,Good,5.4,5.6,4.1,5.9,195.0,64.0,,,,,,
2026-05-09T12:00,29,Good,4.5,4.6,3.2,4.6,183.0,70.0,,,,,,
2026-05-09T13:00,29,Good,4.0,4.2,2.4,3.0,170.0,75.0,,,,,,
2026-05-09T14:00,29,Good,3.6,3.7,1.9,1.7,164.0,79.0,,,,,,
2026-05-09T15:00,29,Good,3.2,3.3,1.5,1.0,167.0,81.0,,,,,,
2026-05-09T16:00,30,Good,2.9,3.2,1.4,0.7,177.0,81.0,,,,,,
2026-05-09T17:00,32,Good,13.4,14.2,1.7,4.5,188.0,109.0,,,,,,
2026-05-09T18:00,36,Good,11.5,12.1,1.8,3.9,201.0,105.0,,,,,,
2026-05-09T19:00,38,Good,10.7,11.3,2.0,3.0,216.0,98.0,,,,,,
2026-05-09T20:00,40,Good,9.7,10.2,2.4,2.6,224.0,91.0,,,,,,
2026-05-09T21:00,42,Good,8.6,9.0,3.1,2.9,221.0,83.0,,,,,,
2026-05-09T22:00,42,Good,7.4,7.7,4.2,3.6,211.0,74.0,,,,,,
2026-05-09T23:00,42,Good,6.2,6.4,5.6,4.9,202.0,65.0,,,,,,
2026-05-10T00:00,41,Good,5.5,5.6,7.9,7.3,198.0,55.0,,,,,,
2026-05-10T01:00,39,Good,5.5,5.6,10.6,10.3,195.0,44.0,,,,,,
2026-05-10T02:00,36,Good,5.6,5.7,12.5,12.7,190.0,36.0,,,,,,
2026-05-10T03:00,35,Good,5.5,5.6,13.1,14.1,181.0,32.0,,,,,,
2026-05-10T04:00,35,Good,5.5,5.6,12.9,14.8,171.0,31.0,,,,,,
2026-05-10T05:00,36,Good,5.4,5.5,11.2,14.0,166.0,34.0,,,,,,
2026-05-10T06:00,36,Good,5.3,5.6,11.1,13.1,172.0,35.0,,,,,,
2026-05-10T07:00,36,Good,5.4,6.0,10.8,11.8,183.0,36.0,,,,,,
2026-05-10T08:00,36,Good,5.6,6.4,10.0,10.6,193.0,39.0,,,,,,
2026-05-10T09:00,36,Good,5.4,6.4,8.3,9.8,201.0,45.0,,,,,,
2026-05-10T10:00,35,Good,5.1,6.1,6.0,9.1,208.0,54.0,,,,,,
2026-05-10T11:00,35,Good,4.8,5.9,4.0,8.1,209.0,62.0,,,,,,
2026-05-10T12:00,35,Good,4.8,5.6,2.6,6.3,200.0,71.0,,,,,,
2026-05-10T13:00,35,Good,4.9,5.7,1.5,4.2,184.0,81.0,,,,,,
2026-05-10T14:00,35,Good,4.5,5.3,0.8,2.4,171.0,87.0,,,,,,
2026-05-10T15:00,35,Good,3.9,4.8,0.4,1.1,158.0,86.0,,,,,,
2026-05-10T16:00,35,Good,3.6,5.0,0.5,0.3,148.0,82.0,,,,,,
2026-05-10T17:00,36,Good,3.3,4.7,0.8,0.3,152.0,79.0,,,,,,
2026-05-10T18:00,35,Good,3.6,5.1,1.6,1.7,183.0,78.0,,,,,,
2026-05-10T19:00,36,Good,3.9,5.1,2.8,3.9,228.0,78.0,,,,,,
2026-05-10T20:00,37,Good,4.7,5.1,3.9,6.0,262.0,79.0,,,,,,
2026-05-10T21:00,38,Good,6.7,7.1,4.8,7.6,272.0,80.0,,,,,,
2026-05-10T22:00,38,Good,8.0,8.4,5.6,9.1,269.0,81.0,,,,,,
2026-05-10T23:00,37,Good,8.2,8.6,6.1,10.3,266.0,82.0,,,,,,
2026-05-11T00:00,37,Good,7.9,8.3,6.3,11.2,262.0,81.0,,,,,,
2026-05-11T01:00,37,Good,7.7,8.0,6.3,11.7,258.0,79.0,,,,,,
2026-05-11T02:00,37,Good,8.0,8.4,6.2,11.9,261.0,78.0,,,,,,
2026-05-11T03:00,37,Good,8.7,9.1,5.9,11.5,284.0,77.0,,,,,,
2026-05-11T04:00,37,Good,9.1,9.5,5.5,10.7,314.0,76.0,,,,,,
2026-05-11T05:00,37,Good,13.3,14.0,9.1,22.6,325.0,68.0,,,,,,
2026-05-11T06:00,36,Good,13.2,14.0,8.5,20.6,298.0,74.0,,,,,,
2026-05-11T07:00,36,Good,12.9,13.7,7.6,17.7,253.0,82.0,,,,,,
2026-05-11T08:00,37,Good,12.6,13.4,6.5,15.4,219.0,93.0,,,,,,
2026-05-11T09:00,39,Good,13.1,13.9,5.2,14.2,211.0,109.0,,,,,,
2026-05-11T10:00,41,Good,14.6,15.4,3.7,13.4,214.0,128.0,,,,,,
2026-05-11T11:00,43,Good,16.4,17.3,2.6,12.7,216.0,143.0,,,,,,
2026-05-11T12:00,46,Good,18.2,19.2,2.0,11.9,209.0,154.0,,,,,,
2026-05-11T13:00,49,Good,19.7,20.8,1.8,11.2,199.0,161.0,,,,,,
2026-05-11T14:00,67,Moderate,20.0,21.2,1.6,10.2,196.0,164.0,,,,,,
2026-05-11T15:00,86,Moderate,18.7,19.6,1.4,8.6,203.0,159.0,,,,,,
2026-05-11T16:00,103,Unhealthy for Sensitive Groups,15.8,16.8,1.3,6.9,216.0,150.0,,,,,,
2026-05-11T17:00,115,Unhealthy for Sensitive Groups,16.1,17.8,1.4,6.8,229.0,129.0,,,,,,
2026-05-11T18:00,119,Unhealthy for Sensitive Groups,16.5,18.7,2.2,7.8,241.0,127.0,,,,,,
2026-05-11T19:00,119,Unhealthy for Sensitive Groups,17.5,20.4,3.4,9.3,253.0,125.0,,,,,,
2026-05-11T20:00,115,Unhealthy for Sensitive Groups,19.0,22.5,4.5,10.7,269.0,121.0,,,,,,
2026-05-11T21:00,108,Unhealthy for Sensitive Groups,19.4,23.2,5.4,12.1,289.0,116.0,,,,,,
2026-05-11T22:00,99,Moderate,19.7,23.5,6.2,13.4,312.0,109.0,,,,,,
2026-05-11T23:00,87,Moderate,20.1,23.9,6.9,14.3,337.0,103.0,,,,,,
2026-05-12T00:00,75,Moderate,20.3,24.0,7.5,14.6,370.0,96.0,,,,,,
2026-05-12T01:00,64,Moderate,20.2,23.8,8.0,14.5,405.0,90.0,,,,,,
2026-05-12T02:00,63,Moderate,20.2,23.6,8.4,14.3,419.0,84.0,,,,,,
2026-05-12T03:00,64,Moderate,20.3,23.5,8.7,14.1,395.0,78.0,,,,,,
2026-05-12T04:00,65,Moderate,20.5,23.5,8.9,13.7,350.0,73.0,,,,,,
2026-05-12T05:00,66,Moderate,21.2,24.3,5.3,12.2,311.0,100.0,,,,,,
2026-05-12T06:00,67,Moderate,21.0,23.6,4.9,10.9,291.0,102.0,,,,,,
2026-05-12T07:00,67,Moderate,19.8,22.2,4.4,9.1,278.0,104.0,,,,,,
2026-05-12T08:00,68,Moderate,18.6,20.9,3.7,7.4,264.0,106.0,,,,,,
2026-05-12T09:00,68,Moderate,17.5,19.7,2.7,6.1,245.0,107.0,,,,,,
2026-05-12T10:00,68,Moderate,16.1,18.4,1.5,5.0,226.0,108.0,,,,,,
2026-05-12T11:00,69,Moderate,14.9,17.4,0.7,4.1,207.0,108.0,,,,,,
2026-05-12T12:00,68,Moderate,14.6,17.4,0.4,3.7,188.0,106.0,,,,,,
2026-05-12T13:00,68,Moderate,15.9,19.4,0.4,3.5,169.0,104.0,,,,,,
2026-05-12T14:00,68,Moderate,14.3,17.3,0.5,3.3,158.0,101.0,,,,,,
2026-05-12T15:00,67,Moderate,13.5,16.4,0.4,2.9,157.0,96.0,,,,,,
2026-05-12T16:00,67,Moderate,12.2,15.0,0.4,2.4,163.0,92.0,,,,,,
2026-05-12T17:00,67,Moderate,12.5,15.4,0.5,2.4,173.0,92.0,,,,,,
2026-05-12T18:00,66,Moderate,14.0,17.1,0.7,3.0,190.0,103.0,,,,,,
2026-05-12T19:00,66,Moderate,16.6,19.8,1.1,4.1,211.0,119.0,,,,,,
2026-05-12T20:00,66,Moderate,19.0,22.6,1.6,5.2,225.0,131.0,,,,,,
2026-05-12T21:00,66,Moderate,20.2,24.3,2.3,6.3,222.0,136.0,,,,,,
2026-05-12T22:00,66,Moderate,20.1,24.4,3.2,7.3,212.0,137.0,,,,,,
2026-05-12T23:00,66,Moderate,19.3,23.5,4.1,8.3,216.0,133.0,,,,,,
2026-05-13T00:00,67,Moderate,18.6,22.6,5.3,9.2,257.0,122.0,,,,,,
2026-05-13T01:00,74,Moderate,18.5,22.2,6.5,9.9,314.0,107.0,,,,,,
2026-05-13T02:00,77,Moderate,18.5,21.8,7.4,10.3,338.0,94.0,,,,,,
2026-05-13T03:00,75,Moderate,18.3,21.4,7.6,10.1,297.0,86.0,,,,,,
2026-05-13T04:00,68,Moderate,17.8,20.7,7.5,9.5,224.0,79.0,,,,,,
2026-05-13T05:00,65,Moderate,18.7,23.5,6.6,12.3,176.0,89.0,,,,,,
2026-05-13T06:00,65,Moderate,18.1,22.7,6.9,11.9,180.0,88.0,,,,,,
2026-05-13T07:00,65,Moderate,17.7,22.3,7.3,11.3,209.0,86.0,,,,,,
2026-05-13T08:00,65,Moderate,17.5,22.6,7.3,10.8,237.0,89.0,,,,,,
2026-05-13T09:00,65,Moderate,17.3,22.9,6.8,10.5,261.0,99.0,,,,,,
2026-05-13T10:00,65,Moderate,16.9,22.7,5.9,10.3,285.0,113.0,,,,,,
2026-05-13T11:00,65,Moderate,16.4,21.7,5.1,9.9,296.0,124.0,,,,,,
2026-05-13T12:00,65,Moderate,16.2,20.9,4.4,9.1,284.0,130.0,,,,,,
2026-05-13T13:00,65,Moderate,16.3,21.5,3.7,8.0,259.0,132.0,,,,,,
2026-05-13T14:00,65,Moderate,15.5,20.8,3.3,6.9,236.0,131.0,,,,,,
2026-05-13T15:00,65,Moderate,15.4,21.8,3.2,5.7,219.0,124.0,,,,,,
2026-05-13T16:00,67,Moderate,14.8,21.5,3.4,4.5,205.0,114.0,,,,,,
2026-05-13T17:00,72,Moderate,16.5,24.5,4.2,5.6,199.0,110.0,,,,,,
2026-05-13T18:00,75,Moderate,16.1,24.2,4.3,5.0,194.0,107.0,,,,,,
2026-05-13T19:00,73,Moderate,16.1,24.2,4.5,4.2,197.0,103.0,,,,,,
2026-05-13T20:00,69,Moderate,16.3,24.0,5.0,3.9,231.0,98.0,,,,,,
2026-05-13T21:00,66,Moderate,16.6,23.9,6.1,4.7,339.0,92.0,,,,,,
2026-05-13T22:00,66,Moderate,17.3,24.6,7.5,6.1,478.0,85.0,,,,,,
2026-05-13T23:00,65,Moderate,18.0,25.6,8.4,7.1,545.0,80.0,,,,,,
2026-05-14T00:00,65,Moderate,18.5,26.8,8.2,7.3,472.0,77.0,,,,,,
2026-05-14T01:00,65,Moderate,18.5,27.3,7.5,7.1,326.0,76.0,,,,,,
2026-05-14T02:00,65,Moderate,18.3,27.4,6.9,6.8,211.0,75.0,,,,,,
2026-05-14T03:00,65,Moderate,17.8,27.1,6.5,6.5,166.0,73.0,,,,,,
2026-05-14T04:00,65,Moderate,17.4,26.8,6.1,6.2,151.0,71.0,,,,,,
2026-05-14T05:00,65,Moderate,17.3,27.0,5.9,7.2,149.0,73.0,,,,,,
2026-05-14T06:00,65,Moderate,16.8,26.2,6.3,7.4,160.0,72.0,,,,,,
2026-05-14T07:00,65,Moderate,16.3,25.3,6.8,7.6,185.0,72.0,,,,,,
2026-05-14T08:00,65,Moderate,16.1,24.9,6.7,7.8,208.0,76.0,,,,,,
2026-05-14T09:00,65,Moderate,16.4,25.6,5.5,8.2,227.0,90.0,,,,,,
2026-05-14T10:00,65,Moderate,17.3,27.4,3.9,8.5,244.0,108.0,,,,,,
2026-05-14T11:00,65,Moderate,19.2,30.3,2.8,8.3,251.0,122.0,,,,,,
2026-05-14T12:00,65,Moderate,20.0,30.9,3.0,7.0,239.0,128.0,,,,,,
2026-05-14T13:00,65,Moderate,18.5,26.9,3.7,5.1,217.0,129.0,,,,,,
2026-05-14T14:00,65,Moderate,16.4,23.5,4.4,3.9,206.0,129.0,,,,,,
2026-05-14T15:00,65,Moderate,15.9,24.1,4.7,3.9,218.0,128.0,,,,,,
2026-05-14T16:00,65,Moderate,14.2,21.8,4.9,4.6,241.0,125.0,,,,,,
2026-05-14T17:00,71,Moderate,21.2,34.0,6.0,7.6,255.0,111.0,,,,,,
2026-05-14T18:00,75,Moderate,19.6,31.1,6.8,8.5,252.0,107.0,,,,,,
2026-05-14T19:00,75,Moderate,19.7,31.2,7.9,9.7,241.0,102.0,,,,,,
2026-05-14T20:00,71,Moderate,20.2,32.0,8.8,10.5,229.0,96.0,,,,,,
2026-05-14T21:00,67,Moderate,20.0,30.9,9.2,10.6,219.0,90.0,,,,,,
2026-05-14T22:00,67,Moderate,19.2,28.9,9.4,10.2,209.0,83.0,,,,,,
2026-05-14T23:00,67,Moderate,17.5,26.1,9.2,9.6,197.0,78.0,,,,,,
2026-05-15T00:00,67,Moderate,14.6,21.5,8.4,8.7,182.0,75.0,,,,,,
2026-05-15T01:00,67,Moderate,12.4,18.0,7.2,7.6,165.0,74.0,,,,,,
2026-05-15T02:00,66,Moderate,10.7,15.8,6.2,6.8,153.0,73.0,,,,,,
2026-05-15T03:00,66,Moderate,10.0,15.4,5.6,6.5,144.0,72.0,,,,,,
2026-05-15T04:00,65,Moderate,10.6,17.7,5.2,6.6,141.0,71.0,,,,,,
2026-05-15T05:00,64,Moderate,11.9,19.2,7.9,12.5,155.0,68.0,,,,,,
2026-05-15T06:00,64,Moderate,11.4,18.1,7.7,11.1,207.0,68.0,,,,,,
2026-05-15T07:00,64,Moderate,11.8,19.2,7.5,9.2,278.0,69.0,,,,,,
2026-05-15T08:00,63,Moderate,12.7,20.8,7.0,7.7,320.0,71.0,,,,,,
2026-05-15T09:00,63,Moderate,13.4,22.3,6.2,7.2,305.0,76.0,,,,,,
2026-05-15T10:00,63,Moderate,13.3,21.8,5.3,7.2,263.0,83.0,,,,,,
2026-05-15T11:00,62,Moderate,13.8,22.5,4.4,6.9,230.0,90.0,,,,,,
2026-05-15T12:00,62,Moderate,14.2,23.5,3.6,5.9,224.0,96.0,,,,,,
2026-05-15T13:00,62,Moderate,14.1,23.2,2.8,4.6,229.0,103.0,,,,,,
2026-05-15T14:00,61,Moderate,13.0,21.1,2.3,3.7,233.0,107.0,,,,,,
2026-05-15T15:00,61,Moderate,12.2,20.7,2.2,3.4,230.0,109.0,,,,,,
2026-05-15T16:00,61,Moderate,12.7,22.4,2.5,3.5,227.0,109.0,,,,,,
2026-05-15T17:00,61,Moderate,15.1,25.1,2.7,2.9,234.0,114.0,,,,,,
2026-05-15T18:00,60,Moderate,14.0,22.5,3.3,3.5,258.0,113.0,,,,,,
2026-05-15T19:00,60,Moderate,12.7,19.2,4.3,4.4,294.0,111.0,,,,,,
2026-05-15T20:00,59,Moderate,11.6,16.5,5.2,5.2,331.0,106.0,,,,,,
2026-05-15T21:00,58,Moderate,10.8,14.9,6.3,5.9,382.0,97.0,,,,,,
2026-05-15T22:00,58,Moderate,10.4,14.0,7.4,6.6,436.0,86.0,,,,,,
2026-05-15T23:00,57,Moderate,10.2,13.7,8.0,6.9,448.0,77.0,,,,,,
2026-05-16T00:00,56,Moderate,10.4,14.1,7.8,6.8,382.0,73.0,,,,,,
2026-05-16T01:00,56,Moderate,10.4,14.2,7.2,6.3,274.0,71.0,,,,,,
2026-05-16T02:00,56,Moderate,10.2,14.4,6.5,5.9,194.0,70.0,,,,,,
2026-05-16T03:00,56,Moderate,10.2,14.8,5.7,5.6,170.0,70.0,,,,,,
2026-05-16T04:00,56,Moderate,10.1,15.4,4.9,5.2,174.0,71.0,,,,,,
2026-05-16T05:00,56,Moderate,14.3,22.0,8.1,8.7,184.0,73.0,,,,,,
2026-05-16T06:00,56,Moderate,15.0,22.9,7.6,8.7,197.0,78.0,,,,,,
2026-05-16T07:00,56,Moderate,15.3,23.2,6.8,8.8,217.0,86.0,,,,,,
2026-05-16T08:00,57,Moderate,15.0,22.6,5.9,8.5,237.0,96.0,,,,,,
2026-05-16T09:00,57,Moderate,15.0,22.6,4.8,7.8,259.0,112.0,,,,,,
2026-05-16T10:00,57,Moderate,15.5,22.8,3.5,6.9,280.0,132.0,,,,,,
2026-05-16T11:00,57,Moderate,15.6,21.6,2.5,5.9,287.0,145.0,,,,,,
2026-05-16T12:00,57,Moderate,15.2,20.8,1.8,4.7,266.0,147.0,,,,,,
2026-05-16T13:00,57,Moderate,15.7,21.9,1.3,3.4,230.0,143.0,,,,,,
2026-05-16T14:00,66,Moderate,16.0,23.1,1.1,2.6,206.0,138.0,,,,,,
2026-05-16T15:00,79,Moderate,15.5,22.8,1.3,2.4,206.0,134.0,,,,,,
2026-05-16T16:00,89,Moderate,15.4,23.3,1.7,2.7,218.0,129.0,,,,,,
2026-05-16T17:00,96,Moderate,26.6,43.2,1.8,3.0,233.0,131.0,,,,,,
2026-05-16T18:00,100,Moderate,23.4,38.1,1.9,3.1,253.0,127.0,,,,,,
2026-05-16T19:00,99,Moderate,21.9,36.4,2.0,3.3,276.0,122.0,,,,,,
2026-05-16T20:00,94,Moderate,22.1,37.1,2.3,3.7,289.0,118.0,,,,,,
2026-05-16T21:00,88,Moderate,22.7,38.3,2.9,4.5,283.0,117.0,,,,,,
2026-05-16T22:00,83,Moderate,24.0,40.2,3.6,5.5,266.0,116.0,,,,,,
2026-05-16T23:00,78,Moderate,25.1,42.0,4.2,6.4,251.0,115.0,,,,,,
2026-05-17T00:00,74,Moderate,25.8,43.2,4.6,6.9,242.0,112.0,,,,,,
2026-05-17T01:00,70,Moderate,26.0,43.2,4.9,7.3,235.0,108.0,,,,,,
2026-05-17T02:00,67,Moderate,25.6,42.6,5.1,7.8,232.0,104.0,,,,,,
2026-05-17T03:00,68,Moderate,24.6,41.2,5.3,8.7,236.0,98.0,,,,,,
2026-05-17T04:00,69,Moderate,23.1,38.3,5.5,9.8,244.0,91.0,,,,,,
2026-05-17T05:00,70,Moderate,16.8,26.5,5.2,9.6,252.0,82.0,,,,,,
2026-05-17T06:00,71,Moderate,14.8,22.8,5.4,9.8,260.0,83.0,,,,,,
2026-05-17T07:00,70,Moderate,13.3,19.7,5.6,10.0,267.0,85.0,,,,,,
2026-05-17T08:00,70,Moderate,12.3,17.3,5.4,10.1,271.0,92.0,,,,,,
2026-05-17T09:00,70,Moderate,12.6,17.2,4.6,10.1,271.0,108.0,,,,,,
2026-05-17T10:00,70,Moderate,14.0,19.0,3.4,9.9,266.0,128.0,,,,,,
2026-05-17T11:00,70,Moderate,14.5,19.0,2.4,9.0,256.0,140.0,,,,,,
2026-05-17T12:00,70,Moderate,13.2,16.6,1.7,6.7,231.0,136.0,,,,,,
2026-05-17T13:00,70,Moderate,10.4,13.3,1.2,3.8,200.0,123.0,,,,,,
2026-05-17T14:00,69,Moderate,9.5,13.4,1.0,1.8,184.0,112.0,,,,,,
2026-05-17T15:00,69,Moderate,7.8,11.1,1.2,1.6,197.0,106.0,,,,,,
2026-05-17T16:00,68,Moderate,6.9,10.0,1.7,2.3,225.0,102.0,,,,,,
2026-05-17T17:00,70,Moderate,5.2,7.5,1.8,2.4,243.0,94.0,,,,,,
2026-05-17T18:00,67,Moderate,4.7,6.7,2.4,3.0,238.0,92.0,,,,,,
2026-05-17T19:00,64,Moderate,3.9,5.1,3.1,3.8,224.0,90.0,,,,,,
2026-05-17T20:00,63,Moderate,3.9,4.8,3.8,4.5,214.0,87.0,,,,,,
2026-05-17T21:00,61,Moderate,4.0,5.0,4.2,5.0,217.0,84.0,,,,,,
2026-05-17T22:00,60,Moderate,4.3,5.5,4.4,5.4,225.0,80.0,,,,,,
2026-05-17T23:00,58,Moderate,4.6,6.0,4.6,5.6,229.0,76.0,,,,,,
2026-05-18T00:00,57,Moderate,4.7,6.3,4.7,5.7,226.0,73.0,,,,,,
2026-05-18T01:00,55,Moderate,4.7,6.4,4.7,5.6,220.0,70.0,,,,,,
2026-05-18T02:00,53,Moderate,4.8,6.6,4.6,5.5,214.0,68.0,,,,,,
2026-05-18T03:00,52,Moderate,4.9,6.8,4.5,5.4,211.0,65.0,,,,,,
2026-05-18T04:00,50,Good,5.0,7.1,4.4,5.3,208.0,63.0,,,,,,
2026-05-18T05:00,46,Good,5.5,8.3,4.5,5.5,206.0,63.0,,,,,,
2026-05-18T06:00,44,Good,6.1,9.2,4.4,5.6,205.0,63.0,,,,,,
2026-05-18T07:00,42,Good,7.4,11.5,4.1,5.7,204.0,64.0,,,,,,
2026-05-18T08:00,40,Good,9.1,14.1,3.7,5.7,203.0,68.0,,,,,,
2026-05-18T09:00,40,Good,11.2,17.3,2.9,5.5,202.0,77.0,,,,,,
2026-05-18T10:00,39,Good,13.0,20.0,2.0,5.1,201.0,89.0,,,,,,
2026-05-18T11:00,39,Good,13.2,20.1,1.3,4.6,197.0,97.0,,,,,,
2026-05-18T12:00,39,Good,12.5,18.7,1.0,3.8,185.0,100.0,,,,,,
2026-05-18T13:00,39,Good,11.4,16.9,0.9,2.9,169.0,100.0,,,,,,
2026-05-18T14:00,39,Good,9.9,14.7,1.0,2.3,160.0,98.0,,,,,,
2026-05-18T15:00,40,Good,8.6,12.9,1.3,2.2,165.0,95.0,,,,,,
2026-05-18T16:00,42,Good,8.0,12.2,1.7,2.4,177.0,90.0,,,,,,
2026-05-18T17:00,43,Good,11.4,17.9,2.5,2.7,188.0,81.0,,,,,,
2026-05-18T18:00,43,Good,11.8,18.5,3.0,3.1,195.0,77.0,,,,,,
2026-05-18T19:00,43,Good,12.0,18.8,3.8,3.6,200.0,70.0,,,,,,
2026-05-18T20:00,44,Good,12.0,18.7,4.3,4.0,201.0,65.0,,,,,,
2026-05-18T21:00,46,Good,11.5,17.9,4.5,4.3,196.0,62.0,,,,,,
2026-05-18T22:00,48,Good,11.3,17.6,4.5,4.5,187.0,60.0,,,,,,
2026-05-18T23:00,50,Good,10.9,17.0,4.5,4.6,178.0,58.0,,,,,,
2026-05-19T00:00,50,Good,9.9,15.4,4.5,4.7,170.0,57.0,,,,,,
2026-05-19T01:00,51,Moderate,9.3,14.5,4.4,4.7,161.0,56.0,,,,,,
2026-05-19T02:00,51,Moderate,9.1,14.2,4.3,4.7,153.0,55.0,,,,,,
2026-05-19T03:00,51,Moderate,8.9,13.9,4.2,4.6,144.0,54.0,,,,,,
2026-05-19T04:00,52,Moderate,8.6,13.6,4.0,4.5,135.0,53.0,,,,,,
2026-05-19T05:00,52,Moderate,7.9,12.3,3.5,4.0,132.0,53.0,,,,,,
2026-05-19T06:00,52,Moderate,7.5,11.6,3.5,4.4,140.0,53.0,,,,,,
2026-05-19T07:00,52,Moderate,6.8,10.4,3.4,4.9,154.0,53.0,,,,,,
2026-05-19T08:00,52,Moderate,6.3,9.4,3.2,5.2,162.0,56.0,,,,,,
2026-05-19T09:00,52,Moderate,6.6,9.7,2.6,5.1,158.0,65.0,,,,,,
2026-05-19T10:00,52,Moderate,7.4,10.9,1.9,4.7,148.0,76.0,,,,,,
2026-05-19T11:00,51,Moderate,7.8,11.6,1.3,4.2,144.0,83.0,,,,,,
2026-05-19T12:00,51,Moderate,7.4,11.1,1.0,3.4,151.0,83.0,,,,,,
2026-05-19T13:00,50,Good,6.7,10.0,0.8,2.6,163.0,79.0,,,,,,
2026-05-19T14:00,50,Good,6.2,9.3,0.9,2.0,171.0,75.0,,,,,,
2026-05-19T15:00,50,Good,5.5,8.2,1.3,2.0,168.0,72.0,,,,,,
2026-05-19T16:00,49,Good,5.2,7.7,1.9,2.3,160.0,69.0,,,,,,
2026-05-19T17:00,48,Good,7.1,10.9,2.6,2.1,158.0,68.0,,,,,,
2026-05-19T18:00,47,Good,6.9,10.5,3.1,2.4,166.0,64.0,,,,,,
2026-05-19T19:00,46,Good,6.8,10.3,3.8,2.9,179.0,59.0,,,,,,
2026-05-19T20:00,45,Good,6.6,9.8,4.4,3.4,190.0,55.0,,,,,,
2026-05-19T21:00,44,Good,6.2,9.1,4.8,3.8,196.0,52.0,,,,,,
2026-05-19T22:00,42,Good,6.0,8.6,5.2,4.2,200.0,50.0,,,,,,
2026-05-19T23:00,41,Good,5.6,7.7,5.4,4.5,199.0,48.0,,,,,,
2026-05-20T00:00,40,Good,5.0,6.9,5.4,4.6,191.0,47.0,,,,,,
2026-05-20T01:00,39,Good,4.8,6.5,5.3,4.5,178.0,46.0,,,,,,
2026-05-20T02:00,38,Good,4.4,6.0,5.1,4.5,167.0,45.0,,,,,,
2026-05-20T03:00,37,Good,4.0,5.4,5.0,4.5,157.0,44.0,,,,,,
2026-05-20T04:00,35,Good,3.5,4.7,4.8,4.5,149.0,44.0,,,,,,
2026-05-20T05:00,34,Good,3.4,4.5,4.5,4.6,147.0,45.0,,,,,,
2026-05-20T06:00,33,Good,3.0,3.9,4.3,5.0,156.0,46.0,,,,,,
2026-05-20T07:00,32,Good,2.9,3.6,4.0,5.5,172.0,47.0,,,,,,
2026-05-20T08:00,31,Good,3.0,3.8,3.6,5.7,189.0,52.0,,,,,,
2026-05-20T09:00,31,Good,3.8,4.8,2.9,5.5,210.0,63.0,,,,,,
2026-05-20T10:00,30,Good,4.9,6.4,2.2,5.1,233.0,78.0,,,,,,
2026-05-20T11:00,29,Good,6.0,8.0,1.6,4.6,242.0,88.0,,,,,,
2026-05-20T12:00,29,Good,6.1,8.1,1.4,3.8,225.0,91.0,,,,,,
2026-05-20T13:00,30,Good,6.0,8.1,1.4,2.9,195.0,90.0,,,,,,
2026-05-20T14:00,32,Good,5.9,8.3,1.6,2.2,173.0,88.0,,,,,,
2026-05-20T15:00,35,Good,5.4,7.6,2.1,2.0,172.0,85.0,,,,,,
2026-05-20T16:00,37,Good,5.0,7.0,2.7,2.1,179.0,80.0,,,,,,
2026-05-20T17:00,38,Good,5.1,7.4,3.4,2.6,183.0,75.0,,,,,,
2026-05-20T18:00,39,Good,4.9,7.0,3.9,3.0,177.0,70.0,,,,,,
2026-05-20T19:00,39,Good,4.9,6.9,4.6,3.5,167.0,62.0,,,,,,
2026-05-20T20:00,37,Good,5.0,7.1,5.2,4.0,161.0,56.0,,,,,,
2026-05-20T21:00,35,Good,5.3,7.5,5.5,4.3,165.0,52.0,,,,,,
2026-05-20T22:00,33,Good,5.6,7.9,5.7,4.5,173.0,50.0,,,,,,
2026-05-20T23:00,31,Good,5.6,7.9,5.8,4.6,176.0,48.0,,,,,,
2026-05-21T00:00,29,Good,5.5,7.9,5.7,4.6,171.0,46.0,,,,,,
2026-05-21T01:00,27,Good,5.4,7.9,5.4,4.5,161.0,45.0,,,,,,
2026-05-21T02:00,27,Good,5.3,7.7,5.1,4.4,150.0,44.0,,,,,,
2026-05-21T03:00,27,Good,5.0,7.2,4.9,4.4,137.0,43.0,,,,,,
2026-05-21T04:00,27,Good,4.4,6.3,4.7,4.3,124.0,41.0,,,,,,
2026-05-21T05:00,27,Good,3.8,5.2,4.7,4.5,118.0,41.0,,,,,,
2026-05-21T06:00,27,Good,3.4,4.6,4.4,4.8,125.0,42.0,,,,,,
2026-05-21T07:00,27,Good,3.1,4.2,4.0,5.3,138.0,43.0,,,,,,
2026-05-21T08:00,27,Good,3.4,4.4,3.5,5.5,151.0,48.0,,,,,,
2026-05-21T09:00,28,Good,4.8,6.5,2.9,5.2,160.0,59.0,,,,,,
2026-05-21T10:00,28,Good,6.3,8.5,2.3,4.7,168.0,73.0,,,,,,
2026-05-21T11:00,28,Good,7.5,10.4,1.8,4.1,172.0,83.0,,,,,,
2026-05-21T12:00,28,Good,7.8,11.0,1.5,3.4,166.0,86.0,,,,,,
2026-05-21T13:00,29,Good,7.4,10.7,1.3,2.6,155.0,86.0,,,,,,
2026-05-21T14:00,30,Good,7.1,10.4,1.4,2.1,152.0,85.0,,,,,,
2026-05-21T15:00,33,Good,6.6,9.5,2.1,2.1,166.0,84.0,,,,,,
2026-05-21T16:00,35,Good,6.5,9.2,3.2,2.3,188.0,82.0,,,,,,
2026-05-21T17:00,37,Good,6.7,9.8,3.4,3.0,201.0,79.0,,,,,,
2026-05-21T18:00,38,Good,6.3,9.2,4.0,3.3,193.0,72.0,,,,,,
2026-05-21T19:00,38,Good,5.9,8.4,4.9,3.7,176.0,62.0,,,,,,
2026-05-21T20:00,37,Good,5.4,7.5,5.5,4.1,164.0,54.0,,,,,,
2026-05-21T21:00,35,Good,4.7,6.5,5.7,4.3,164.0,50.0,,,,,,
2026-05-21T22:00,33,Good,4.2,5.7,5.7,4.4,169.0,48.0,,,,,,
2026-05-21T23:00,31,Good,3.9,5.1,5.6,4.5,169.0,46.0,,,,,,
2026-05-22T00:00,30,Good,3.9,5.0,5.5,4.5,158.0,45.0,,,,,,
2026-05-22T01:00,30,Good,3.8,4.9,5.3,4.5,142.0,44.0,,,,,,
2026-05-22T02:00,29,Good,3.6,4.7,5.1,4.5,131.0,44.0,,,,,,
2026-05-22T03:00,29,Good,3.5,4.6,5.0,4.5,130.0,43.0,,,,,,
2026-05-22T04:00,29,Good,3.5,4.5,4.9,4.6,134.0,43.0,,,,,,
2026-05-22T05:00,28,Good,2.0,2.4,4.1,4.2,141.0,45.0,,,,,,
2026-05-22T06:00,28,Good,2.0,2.4,3.9,4.4,148.0,46.0,,,,,,
2026-05-22T07:00,28,Good,2.2,2.6,3.6,4.7,158.0,48.0,,,,,,
2026-05-22T08:00,28,Good,2.6,3.3,3.2,4.8,174.0,53.0,,,,,,
2026-05-22T09:00,27,Good,3.4,4.3,2.7,4.7,202.0,65.0,,,,,,
2026-05-22T10:00,27,Good,4.2,5.2,2.1,4.4,235.0,80.0,,,,,,
2026-05-22T11:00,27,Good,4.8,6.0,1.7,4.0,259.0,91.0,,,,,,
2026-05-22T12:00,27,Good,4.9,6.2,1.6,3.4,269.0,96.0,,,,,,
2026-05-22T13:00,30,Good,5.4,6.9,1.6,2.7,269.0,98.0,,,,,,
2026-05-22T14:00,33,Good,5.6,7.7,1.8,2.2,259.0,97.0,,,,,,
2026-05-22T15:00,36,Good,5.5,7.9,2.3,2.2,232.0,94.0,,,,,,
2026-05-22T16:00,39,Good,5.1,7.4,2.9,2.4,195.0,90.0,,,,,,
2026-05-22T17:00,41,Good,6.9,10.4,3.2,2.5,167.0,80.0,,,,,,
2026-05-22T18:00,42,Good,6.2,9.0,3.8,2.9,158.0,75.0,,,,,,
2026-05-22T19:00,42,Good,5.8,8.1,4.7,3.4,157.0,67.0,,,,,,
2026-05-22T20:00,40,Good,5.4,7.4,5.4,3.9,157.0,61.0,,,,,,
2026-05-22T21:00,38,Good,5.2,6.9,5.6,4.2,154.0,58.0,,,,,,
2026-05-22T22:00,36,Good,5.0,6.7,5.7,4.5,151.0,56.0,,,,,,
2026-05-22T23:00,34,Good,4.9,6.6,5.6,4.6,149.0,55.0,,,,,,
2026-05-23T00:00,31,Good,4.8,6.4,5.5,4.6,149.0,54.0,,,,,,
2026-05-23T01:00,29,Good,4.7,6.2,5.4,4.5,151.0,53.0,,,,,,
2026-05-23T02:00,28,Good,4.7,6.1,5.2,4.4,154.0,52.0,,,,,,
2026-05-23T03:00,26,Good,4.7,6.1,5.0,4.3,158.0,52.0,,,,,,
2026-05-23T04:00,26,Good,4.7,6.2,4.7,4.2,164.0,52.0,,,,,,
2026-05-23T05:00,26,Good,4.8,6.2,5.3,4.7,171.0,50.0,,,,,,
2026-05-23T06:00,26,Good,4.8,6.1,5.2,4.9,182.0,51.0,,,,,,
2026-05-23T07:00,27,Good,5.2,6.5,5.1,5.1,194.0,54.0,,,,,,
2026-05-23T08:00,28,Good,5.9,7.4,4.8,5.1,200.0,59.0,,,,,,
2026-05-23T09:00,28,Good,6.7,8.6,4.4,4.8,192.0,70.0,,,,,,
2026-05-23T10:00,29,Good,7.4,9.2,3.9,4.4,177.0,84.0,,,,,,
2026-05-23T11:00,30,Good,8.1,10.0,3.4,3.9,168.0,96.0,,,,,,
2026-05-23T12:00,31,Good,9.1,11.2,2.7,3.2,171.0,103.0,,,,,,
2026-05-23T13:00,33,Good,10.2,13.6,2.0,2.4,179.0,107.0,,,,,,
2026-05-23T14:00,36,Good,10.0,13.9,1.8,2.0,183.0,108.0,,,,,,
2026-05-23T15:00,39,Good,9.1,13.0,2.4,2.2,179.0,106.0,,,,,,
2026-05-23T16:00,42,Good,8.6,12.3,3.4,2.7,172.0,101.0,,,,,,
2026-05-23T17:00,45,Good,11.2,17.3,5.5,3.1,163.0,88.0,,,,,,
2026-05-23T18:00,46,Good,9.4,13.9,6.0,3.4,152.0,82.0,,,,,,
2026-05-23T19:00,46,Good,7.8,10.9,6.7,3.9,140.0,73.0,,,,,,
2026-05-23T20:00,45,Good,7.0,9.3,7.2,4.3,134.0,65.0,,,,,,
2026-05-23T21:00,42,Good,6.6,8.5,7.1,4.5,142.0,61.0,,,,,,
2026-05-23T22:00,40,Good,6.2,7.9,6.8,4.7,156.0,58.0,,,,,,
2026-05-23T23:00,39,Good,5.8,7.4,6.5,4.7,162.0,55.0,,,,,,
2026-05-24T00:00,39,Good,5.3,6.6,6.4,4.6,152.0,52.0,,,,,,
2026-05-24T01:00,39,Good,4.8,5.9,6.3,4.4,133.0,50.0,,,,,,
2026-05-24T02:00,39,Good,4.4,5.4,6.1,4.2,120.0,49.0,,,,,,
2026-05-24T03:00,39,Good,4.1,5.1,5.7,4.0,117.0,48.0,,,,,,
2026-05-24T04:00,39,Good,3.8,4.9,5.2,3.8,118.0,48.0,,,,,,
2026-05-24T05:00,38,Good,3.5,4.3,5.3,4.2,123.0,48.0,,,,,,
2026-05-24T06:00,38,Good,3.6,4.4,5.0,4.4,133.0,49.0,,,,,,
2026-05-24T07:00,38,Good,3.8,4.7,4.5,4.7,146.0,51.0,,,,,,
2026-05-24T08:00,38,Good,4.1,5.2,3.9,4.8,152.0,56.0,,,,,,
2026-05-24T09:00,37,Good,4.6,6.0,3.2,4.6,144.0,69.0,,,,,,
2026-05-24T10:00,37,Good,4.5,5.5,2.5,4.2,129.0,85.0,,,,,,
2026-05-24T11:00,36,Good,4.8,5.7,2.0,3.7,119.0,97.0,,,,,,
2026-05-24T12:00,35,Good,5.8,7.1,1.7,3.1,119.0,102.0,,,,,,
2026-05-24T13:00,34,Good,5.8,7.4,1.6,2.5,124.0,103.0,,,,,,
2026-05-24T14:00,35,Good,6.3,8.7,1.7,2.2,130.0,102.0,,,,,,
2026-05-24T15:00,39,Good,6.5,9.4,2.3,2.3,139.0,98.0,,,,,,
2026-05-24T16:00,41,Good,6.4,9.4,3.2,2.6,150.0,92.0,,,,,,
2026-05-24T17:00,43,Good,8.6,13.3,3.5,4.0,156.0,82.0,,,,,,
2026-05-24T18:00,44,Good,7.7,11.6,3.9,3.8,152.0,75.0,,,,,,
2026-05-24T19:00,44,Good,6.9,10.1,4.3,3.6,143.0,66.0,,,,,,
2026-05-24T20:00,42,Good,6.5,9.1,4.7,3.5,135.0,59.0,,,,,,
2026-05-24T21:00,39,Good,5.9,8.2,4.8,3.8,128.0,55.0,,,,,,
2026-05-24T22:00,36,Good,5.4,7.4,4.8,4.4,121.0,53.0,,,,,,
2026-05-24T23:00,34,Good,5.1,7.1,4.8,4.8,120.0,51.0,,,,,,
2026-05-25T00:00,31,Good,5.0,7.1,4.8,5.0,131.0,49.0,,,,,,
2026-05-25T01:00,30,Good,5.0,7.3,4.9,5.1,147.0,48.0,,,,,,
2026-05-25T02:00,30,Good,5.1,7.5,4.9,5.1,159.0,47.0,,,,,,
2026-05-25T03:00,30,Good,5.2,7.7,4.9,5.0,158.0,46.0,,,,,,
2026-05-25T04:00,30,Good,5.2,7.6,4.8,4.9,153.0,46.0,,,,,,
2026-05-25T05:00,30,Good,5.5,8.3,4.9,5.1,155.0,45.0,,,,,,
2026-05-25T06:00,31,Good,5.8,8.5,4.7,5.2,173.0,46.0,,,,,,
2026-05-25T07:00,31,Good,6.0,8.7,4.4,5.4,199.0,47.0,,,,,,
2026-05-25T08:00,32,Good,6.6,9.3,4.0,5.4,215.0,52.0,,,,,,
2026-05-25T09:00,32,Good,7.4,10.4,3.5,5.3,213.0,64.0,,,,,,
2026-05-25T10:00,33,Good,8.9,12.3,3.0,5.1,201.0,80.0,,,,,,
2026-05-25T11:00,34,Good,9.8,13.3,2.5,4.8,188.0,92.0,,,,,,
2026-05-25T12:00,35,Good,10.4,14.2,2.1,4.2,171.0,98.0,,,,,,
2026-05-25T13:00,36,Good,10.6,15.0,1.7,3.4,153.0,100.0,,,,,,
2026-05-25T14:00,37,Good,10.4,15.0,1.6,2.8,147.0,99.0,,,,,,
2026-05-25T15:00,38,Good,9.4,13.9,2.0,2.7,166.0,95.0,,,,,,
2026-05-25T16:00,39,Good,8.6,12.5,2.7,2.8,197.0,89.0,,,,,,
2026-05-25T17:00,42,Good,12.6,18.5,3.8,3.6,216.0,84.0,,,,,,
2026-05-25T18:00,43,Good,11.3,16.1,4.4,4.0,208.0,79.0,,,,,,
2026-05-25T19:00,43,Good,10.0,14.0,5.1,4.6,188.0,73.0,,,,,,
2026-05-25T20:00,42,Good,9.1,12.8,5.7,5.0,175.0,67.0,,,,,,
2026-05-25T21:00,43,Good,8.6,12.2,5.9,5.2,178.0,63.0,,,,,,
2026-05-25T22:00,43,Good,8.3,11.8,5.9,5.2,187.0,59.0,,,,,,
2026-05-25T23:00,44,Good,8.2,11.6,5.8,5.2,196.0,56.0,,,,,,
2026-05-26T00:00,45,Good,8.2,11.5,5.7,5.1,204.0,54.0,,,,,,
2026-05-26T01:00,45,Good,8.0,11.1,5.5,4.9,211.0,53.0,,,,,,
2026-05-26T02:00,46,Good,7.4,10.2,5.3,4.8,213.0,53.0,,,,,,
2026-05-26T03:00,47,Good,6.5,8.9,5.0,4.7,205.0,52.0,,,,,,
2026-05-26T04:00,47,Good,5.9,7.9,4.7,4.6,193.0,52.0,,,,,,
2026-05-26T05:00,47,Good,7.6,10.6,4.4,4.4,184.0,53.0,,,,,,
2026-05-26T06:00,48,Good,6.5,9.2,4.2,4.5,184.0,54.0,,,,,,
2026-05-26T07:00,48,Good,6.1,8.6,3.8,4.7,189.0,57.0,,,,,,
2026-05-26T08:00,48,Good,6.2,8.8,3.4,4.7,191.0,62.0,,,,,,
2026-05-26T09:00,48,Good,7.0,9.9,2.8,4.6,189.0,72.0,,,,,,
2026-05-26T10:00,48,Good,8.4,11.7,2.0,4.4,185.0,85.0,,,,,,
2026-05-26T11:00,47,Good,9.1,12.9,1.5,4.0,176.0,94.0,,,,,,
2026-05-26T12:00,47,Good,8.5,12.1,1.2,3.2,157.0,95.0,,,,,,
2026-05-26T13:00,47,Good,7.3,10.5,1.1,2.2,135.0,93.0,,,,,,
2026-05-26T14:00,46,Good,6.9,10.1,1.2,1.6,122.0,90.0,,,,,,
2026-05-26T15:00,45,Good,6.6,9.7,1.6,1.6,129.0,88.0,,,,,,
2026-05-26T16:00,45,Good,6.2,9.2,2.3,2.0,147.0,86.0,,,,,,
2026-05-26T17:00,44,Good,9.0,13.1,3.5,2.9,161.0,88.0,,,,,,
2026-05-26T18:00,43,Good,7.7,11.1,4.0,3.3,166.0,83.0,,,,,,
2026-05-26T19:00,42,Good,6.6,9.4,4.7,3.7,167.0,75.0,,,,,,
2026-05-26T20:00,42,Good,5.8,8.1,5.3,4.2,167.0,69.0,,,,,,
2026-05-26T21:00,41,Good,5.3,7.2,5.6,4.6,168.0,65.0,,,,,,
2026-05-26T22:00,40,Good,4.9,6.6,5.7,4.9,168.0,61.0,,,,,,
2026-05-26T23:00,39,Good,4.7,6.3,5.7,5.1,165.0,58.0,,,,,,
2026-05-27T00:00,39,Good,4.5,5.9,5.7,5.2,158.0,56.0,,,,,,
2026-05-27T01:00,38,Good,4.3,5.7,5.6,5.2,149.0,54.0,,,,,,
2026-05-27T02:00,37,Good,4.3,5.6,5.5,5.2,142.0,53.0,,,,,,
2026-05-27T03:00,36,Good,4.2,5.5,5.4,5.2,138.0,51.0,,,,,,
2026-05-27T04:00,36,Good,4.1,5.3,5.3,5.2,137.0,50.0,,,,,,
2026-05-27T05:00,35,Good,4.0,5.2,4.8,4.8,139.0,49.0,,,,,,
2026-05-27T06:00,34,Good,3.8,5.0,4.6,5.1,148.0,49.0,,,,,,
2026-05-27T07:00,34,Good,3.8,5.0,4.4,5.6,161.0,49.0,,,,,,
2026-05-27T08:00,33,Good,4.2,5.5,4.0,5.8,173.0,53.0,,,,,,
2026-05-27T09:00,33,Good,5.4,7.1,3.5,5.7,183.0,64.0,,,,,,
2026-05-27T10:00,32,Good,6.6,8.7,2.8,5.5,191.0,79.0,,,,,,
2026-05-27T11:00,32,Good,7.6,10.1,2.3,5.0,193.0,90.0,,,,,,
2026-05-27T12:00,32,Good,8.1,11.4,1.8,4.1,184.0,92.0,,,,,,
2026-05-27T13:00,31,Good,7.9,11.5,1.3,3.1,169.0,90.0,,,,,,
2026-05-27T14:00,33,Good,7.2,11.0,1.3,2.3,161.0,86.0,,,,,,
2026-05-27T15:00,35,Good,6.6,10.5,1.9,2.1,166.0,82.0,,,,,,
2026-05-27T16:00,37,Good,6.5,10.4,3.0,2.2,178.0,78.0,,,,,,
2026-05-27T17:00,38,Good,6.7,10.7,3.7,3.2,187.0,78.0,,,,,,
2026-05-27T18:00,39,Good,6.4,10.0,4.3,3.6,190.0,73.0,,,,,,
2026-05-27T19:00,39,Good,5.8,9.1,5.2,4.1,190.0,67.0,,,,,,
2026-05-27T20:00,37,Good,5.5,8.5,5.9,4.5,189.0,61.0,,,,,,
2026-05-27T21:00,36,Good,5.5,8.4,6.1,4.8,189.0,57.0,,,,,,
2026-05-27T22:00,34,Good,5.7,8.6,6.1,5.1,189.0,53.0,,,,,,
2026-05-27T23:00,32,Good,5.7,8.8,6.1,5.3,187.0,50.0,,,,,,
2026-05-28T00:00,31,Good,5.7,8.7,6.2,5.4,181.0,48.0,,,,,,
2026-05-28T01:00,31,Good,5.8,8.8,6.3,5.5,173.0,46.0,,,,,,
2026-05-28T02:00,32,Good,6.0,9.1,6.3,5.6,168.0,45.0,,,,,,
2026-05-28T03:00,32,Good,6.3,9.8,6.3,5.6,168.0,43.0,,,,,,
2026-05-28T04:00,33,Good,6.6,10.5,6.2,5.6,171.0,42.0,,,,,,
2026-05-28T05:00,33,Good,6.6,11.4,5.1,4.8,172.0,40.0,,,,,,
2026-05-28T06:00,34,Good,6.3,10.9,5.0,4.9,169.0,39.0,,,,,,
2026-05-28T07:00,34,Good,5.9,10.1,4.8,5.0,164.0,38.0,,,,,,
2026-05-28T08:00,35,Good,5.7,9.4,4.5,5.1,165.0,40.0,,,,,,
2026-05-28T09:00,35,Good,5.8,9.1,3.9,5.4,181.0,48.0,,,,,,
2026-05-28T10:00,35,Good,6.6,10.0,3.2,5.8,202.0,59.0,,,,,,
2026-05-28T11:00,35,Good,7.4,11.1,2.6,5.7,211.0,68.0,,,,,,
2026-05-28T12:00,35,Good,7.9,11.6,2.1,4.8,192.0,75.0,,,,,,
2026-05-28T13:00,35,Good,8.4,12.7,1.7,3.5,160.0,80.0,,,,,,
2026-05-28T14:00,35,Good,7.7,11.8,1.6,2.6,145.0,82.0,,,,,,
2026-05-28T15:00,35,Good,7.2,11.2,1.9,2.4,161.0,81.0,,,,,,
2026-05-28T16:00,36,Good,7.2,11.1,2.6,2.7,194.0,76.0,,,,,,
2026-05-28T17:00,36,Good,6.2,9.0,4.1,3.4,224.0,72.0,,,,,,
2026-05-28T18:00,36,Good,5.6,8.1,4.7,3.7,250.0,65.0,,,,,,
2026-05-28T19:00,35,Good,5.1,7.4,5.5,4.0,273.0,56.0,,,,,,
2026-05-28T20:00,35,Good,4.9,7.1,6.1,4.4,284.0,49.0,,,,,,
2026-05-28T21:00,35,Good,5.0,7.3,6.4,4.7,274.0,45.0,,,,,,
2026-05-28T22:00,35,Good,5.0,7.2,6.6,5.1,251.0,43.0,,,,,,
2026-05-28T23:00,35,Good,4.9,7.0,6.6,5.3,230.0,41.0,,,,,,
2026-05-29T00:00,35,Good,4.6,6.6,6.5,5.4,215.0,40.0,,,,,,
2026-05-29T01:00,34,Good,4.4,6.5,6.3,5.4,201.0,40.0,,,,,,
2026-05-29T02:00,34,Good,4.4,6.6,6.0,5.3,193.0,39.0,,,,,,
2026-05-29T03:00,34,Good,4.3,6.6,5.7,5.1,193.0,38.0,,,,,,
2026-05-29T04:00,33,Good,4.1,6.2,5.4,4.9,198.0,36.0,,,,,,
2026-05-29T05:00,33,Good,3.4,5.0,4.9,4.5,202.0,37.0,,,,,,
2026-05-29T06:00,32,Good,3.2,4.7,4.6,4.9,202.0,38.0,,,,,,
2026-05-29T07:00,31,Good,3.2,4.6,4.2,5.4,199.0,39.0,,,,,,
2026-05-29T08:00,31,Good,3.5,4.9,3.7,5.6,196.0,43.0,,,,,,
2026-05-29T09:00,30,Good,4.0,5.4,3.2,5.4,192.0,53.0,,,,,,
2026-05-29T10:00,30,Good,4.6,5.9,2.6,5.0,186.0,67.0,,,,,,
2026-05-29T11:00,29,Good,5.1,6.5,2.1,4.5,178.0,77.0,,,,,,
2026-05-29T12:00,29,Good,5.1,6.8,1.7,3.7,161.0,80.0,,,,,,
2026-05-29T13:00,28,Good,5.8,8.6,1.4,2.9,142.0,80.0,,,,,,
2026-05-29T14:00,28,Good,5.2,7.6,1.4,2.3,134.0,78.0,,,,,,
2026-05-29T15:00,30,Good,5.0,7.5,1.9,2.2,148.0,75.0,,,,,,
2026-05-29T16:00,32,Good,4.8,7.2,2.8,2.4,174.0,71.0,,,,,,
2026-05-29T17:00,34,Good,5.2,8.5,3.2,2.6,194.0,62.0,,,,,,
2026-05-29T18:00,34,Good,4.9,8.0,3.8,3.0,200.0,57.0,,,,,,
2026-05-29T19:00,34,Good,4.7,7.7,4.6,3.6,200.0,49.0,,,,,,
2026-05-29T20:00,32,Good,4.5,7.2,5.3,4.1,199.0,43.0,,,,,,
2026-05-29T21:00,30,Good,4.5,7.0,5.6,4.4,201.0,39.0,,,,,,
2026-05-29T22:00,27,Good,4.7,7.3,5.8,4.7,204.0,37.0,,,,,,
2026-05-29T23:00,25,Good,4.9,7.8,5.9,4.8,202.0,35.0,,,,,,
2026-05-30T00:00,25,Good,5.0,8.1,5.9,4.8,194.0,34.0,,,,,,
2026-05-30T01:00,25,Good,5.1,8.5,5.8,4.7,182.0,33.0,,,,,,
2026-05-30T02:00,25,Good,5.3,8.8,5.6,4.7,172.0,32.0,,,,,,
2026-05-30T03:00,25,Good,5.0,8.4,5.4,4.7,162.0,32.0,,,,,,
2026-05-30T04:00,26,Good,4.5,7.3,5.3,4.7,154.0,31.0,,,,,,
2026-05-30T05:00,26,Good,4.8,7.7,5.2,4.8,153.0,31.0,,,,,,
2026-05-30T06:00,26,Good,4.4,7.0,4.9,4.9,167.0,32.0,,,,,,
2026-05-30T07:00,26,Good,4.4,6.7,4.6,5.1,188.0,33.0,,,,,,
2026-05-30T08:00,27,Good,4.4,6.7,4.1,5.2,199.0,37.0,,,,,,
2026-05-30T09:00,27,Good,5.1,7.6,3.5,5.1,191.0,47.0,,,,,,
2026-05-30T10:00,27,Good,6.0,8.8,2.9,4.8,174.0,60.0,,,,,,
2026-05-30T11:00,27,Good,6.3,9.2,2.4,4.4,160.0,70.0,,,,,,
2026-05-30T12:00,28,Good,6.9,10.0,2.0,3.7,154.0,76.0,,,,,,
2026-05-30T13:00,28,Good,7.0,10.2,1.8,2.9,152.0,80.0,,,,,,
2026-05-30T14:00,28,Good,6.5,9.4,1.9,2.3,154.0,81.0,,,,,,
2026-05-30T15:00,29,Good,5.9,8.6,2.4,2.1,163.0,80.0,,,,,,
2026-05-30T16:00,31,Good,5.6,8.1,3.3,2.1,177.0,77.0,,,,,,
2026-05-30T17:00,33,Good,5.7,8.7,3.4,2.5,186.0,68.0,,,,,,
2026-05-30T18:00,34,Good,5.5,8.5,3.9,2.8,185.0,63.0,,,,,,
2026-05-30T19:00,34,Good,5.3,8.0,4.7,3.3,179.0,56.0,,,,,,
2026-05-30T20:00,34,Good,5.0,7.3,5.3,3.7,176.0,50.0,,,,,,
2026-05-30T21:00,32,Good,4.8,6.9,5.7,4.1,183.0,47.0,,,,,,
2026-05-30T22:00,30,Good,4.6,6.5,5.9,4.6,194.0,46.0,,,,,,
2026-05-30T23:00,30,Good,4.5,6.2,6.0,4.9,198.0,45.0,,,,,,
2026-05-31T00:00,30,Good,4.5,6.1,6.1,5.0,188.0,44.0,,,,,,
2026-05-31T01:00,29,Good,4.5,6.0,6.0,4.9,171.0,44.0,,,,,,
2026-05-31T02:00,29,Good,4.4,5.8,5.9,4.8,157.0,44.0,,,,,,
2026-05-31T03:00,29,Good,4.1,5.4,5.7,4.7,147.0,44.0,,,,,,
2026-05-31T04:00,29,Good,3.9,5.2,5.3,4.5,140.0,45.0,,,,,,
2026-05-31T05:00,29,Good,5.1,7.2,5.0,4.7,137.0,45.0,,,,,,
2026-05-31T06:00,29,Good,5.0,7.1,4.7,4.9,141.0,46.0,,,,,,
2026-05-31T07:00,29,Good,5.1,7.2,4.2,5.1,149.0,47.0,,,,,,
2026-05-31T08:00,29,Good,5.4,7.5,3.7,5.3,154.0,52.0,,,,,,
2026-05-31T09:00,29,Good,6.2,8.6,3.0,5.4,155.0,63.0,,,,,,
2026-05-31T10:00,30,Good,7.4,10.2,2.1,5.4,153.0,78.0,,,,,,
2026-05-31T11:00,30,Good,8.4,11.9,1.5,5.0,149.0,89.0,,,,,,
2026-05-31T12:00,30,Good,8.4,11.9,1.1,3.9,141.0,92.0,,,,,,
2026-05-31T13:00,31,Good,7.2,10.2,1.0,2.4,131.0,91.0,,,,,,
2026-05-31T14:00,32,Good,7.2,10.5,1.0,1.3,124.0,89.0,,,,,,
2026-05-31T15:00,35,Good,6.7,9.9,1.3,0.9,124.0,88.0,,,,,,
2026-05-31T16:00,37,Good,6.6,9.9,1.8,1.0,128.0,87.0,,,,,,
2026-05-31T17:00,39,Good,5.3,8.0,1.8,1.1,133.0,76.0,,,,,,
2026-05-31T18:00,40,Good,5.4,7.9,2.4,1.6,140.0,75.0,,,,,,
2026-05-31T19:00,40,Good,5.8,8.5,3.3,2.4,148.0,73.0,,,,,,
2026-05-31T20:00,39,Good,6.3,9.1,4.0,3.1,154.0,70.0,,,,,,
2026-05-31T21:00,38,Good,6.4,9.0,4.4,3.7,158.0,66.0,,,,,,
2026-05-31T22:00,36,Good,6.2,8.8,4.7,4.3,161.0,62.0,,,,,,
2026-05-31T23:00,35,Good,5.8,8.2,4.8,4.7,162.0,58.0,,,,,,
2026-06-01T00:00,33,Good,5.5,7.6,4.8,4.8,160.0,55.0,,,,,,
2026-06-01T01:00,33,Good,5.1,7.1,4.8,4.8,156.0,54.0,,,,,,
2026-06-01T02:00,33,Good,4.8,6.7,4.7,4.7,155.0,52.0,,,,,,
2026-06-01T03:00,33,Good,4.6,6.4,4.7,4.7,157.0,50.0,,,,,,
2026-06-01T04:00,33,Good,4.4,6.2,4.6,4.7,161.0,49.0,,,,,,
2026-06-01T05:00,33,Good,4.5,6.2,5.0,5.4,167.0,48.0,,,,,,
2026-06-01T06:00,33,Good,4.6,6.3,4.7,5.7,180.0,49.0,,,,,,
2026-06-01T07:00,33,Good,4.9,6.8,4.4,6.1,195.0,51.0,,,,,,
2026-06-01T08:00,33,Good,5.5,7.5,3.9,6.2,202.0,55.0,,,,,,
2026-06-01T09:00,33,Good,6.5,9.0,3.3,5.6,193.0,65.0,,,,,,
2026-06-01T10:00,33,Good,7.8,10.7,2.5,4.7,176.0,78.0,,,,,,
2026-06-01T11:00,33,Good,8.7,12.3,1.9,3.8,159.0,86.0,,,,,,
2026-06-01T12:00,33,Good,8.4,11.8,1.4,2.8,144.0,85.0,,,,,,
2026-06-01T13:00,33,Good,7.6,11.1,1.0,1.7,129.0,79.0,,,,,,
2026-06-01T14:00,33,Good,6.6,9.8,0.9,1.1,120.0,74.0,,,,,,
2026-06-01T15:00,33,Good,6.2,9.3,1.0,1.1,120.0,73.0,,,,,,
2026-06-01T16:00,34,Good,6.0,9.0,1.4,1.6,126.0,72.0,,,,,,
2026-06-01T17:00,35,Good,6.1,9.5,1.6,1.4,134.0,72.0,,,,,,
2026-06-01T18:00,36,Good,5.5,8.3,2.2,1.9,142.0,71.0,,,,,,
2026-06-01T19:00,35,Good,5.0,7.2,3.1,2.5,150.0,69.0,,,,,,
2026-06-01T20:00,34,Good,4.7,6.7,3.8,3.1,160.0,67.0,,,,,,
2026-06-01T21:00,33,Good,4.8,6.8,4.2,3.5,173.0,65.0,,,,,,
2026-06-01T22:00,33,Good,5.1,7.1,4.4,3.8,188.0,62.0,,,,,,
2026-06-01T23:00,32,Good,5.3,7.5,4.6,4.0,193.0,60.0,,,,,,
2026-06-02T00:00,32,Good,5.4,7.7,4.7,4.2,182.0,58.0,,,,,,
2026-06-02T01:00,32,Good,5.5,7.9,4.7,4.3,163.0,56.0,,,,,,
2026-06-02T02:00,32,Good,5.6,7.9,4.7,4.4,146.0,54.0,,,,,,
2026-06-02T03:00,32,Good,5.5,7.8,4.7,4.5,134.0,52.0,,,,,,
2026-06-02T04:00,32,Good,5.5,7.8,4.7,4.5,124.0,50.0,,,,,,
2026-06-02T05:00,33,Good,5.5,8.0,4.6,4.9,121.0,48.0,,,,,,
2026-06-02T06:00,33,Good,5.5,8.2,4.2,5.1,129.0,47.0,,,,,,
2026-06-02T07:00,33,Good,5.6,8.4,3.7,5.2,143.0,45.0,,,,,,
2026-06-02T08:00,33,Good,6.1,9.1,3.2,5.1,152.0,45.0,,,,,,
2026-06-02T09:00,33,Good,6.8,10.1,2.7,4.4,149.0,49.0,,,,,,
2026-06-02T10:00,34,Good,7.5,11.2,2.2,3.3,140.0,54.0,,,,,,
2026-06-02T11:00,33,Good,6.6,9.6,1.7,2.5,132.0,59.0,,,,,,
2026-06-02T12:00,33,Good,5.8,8.7,1.3,2.1,126.0,62.0,,,,,,
2026-06-02T13:00,32,Good,5.1,7.9,0.9,1.9,121.0,64.0,,,,,,
2026-06-02T14:00,32,Good,4.6,7.1,0.8,1.8,118.0,65.0,,,,,,
2026-06-02T15:00,31,Good,4.6,7.2,1.0,1.7,119.0,65.0,,,,,,
2026-06-02T16:00,31,Good,4.6,7.2,1.5,1.7,124.0,63.0,,,,,,
2026-06-02T17:00,31,Good,4.4,6.9,2.0,1.5,130.0,67.0,,,,,,
2026-06-02T18:00,30,Good,4.6,7.1,2.5,2.0,139.0,64.0,,,,,,
2026-06-02T19:00,30,Good,4.7,7.2,3.3,2.7,151.0,61.0,,,,,,
2026-06-02T20:00,30,Good,5.1,7.7,3.9,3.3,162.0,58.0,,,,,,
2026-06-02T21:00,30,Good,5.1,7.5,4.4,3.8,173.0,56.0,,,,,,
2026-06-02T22:00,30,Good,4.9,7.1,4.8,4.1,183.0,55.0,,,,,,
2026-06-02T23:00,30,Good,4.5,6.2,5.0,4.4,188.0,55.0,,,,,,
2026-06-03T00:00,30,Good,4.2,5.7,5.0,4.5,184.0,55.0,,,,,,
2026-06-03T01:00,30,Good,4.0,5.4,4.9,4.5,176.0,56.0,,,,,,
2026-06-03T02:00,29,Good,3.9,5.4,4.8,4.5,167.0,56.0,,,,,,
2026-06-03T03:00,29,Good,4.0,5.4,4.7,4.5,158.0,56.0,,,,,,
2026-06-03T04:00,29,Good,4.0,5.5,4.6,4.6,149.0,55.0,,,,,,
2026-06-03T05:00,28,Good,2.1,2.7,4.0,4.3,147.0,59.0,,,,,,
2026-06-03T06:00,27,Good,2.3,3.0,4.0,4.6,156.0,59.0,,,,,,
2026-06-03T07:00,27,Good,2.8,3.7,4.0,5.1,172.0,60.0,,,,,,
2026-06-03T08:00,26,Good,3.4,4.7,3.7,5.3,183.0,64.0,,,,,,
2026-06-03T09:00,27,Good,4.3,5.9,3.0,5.0,186.0,73.0,,,,,,
2026-06-03T10:00,28,Good,5.2,7.3,2.1,4.5,185.0,85.0,,,,,,
2026-06-03T11:00,30,Good,5.4,7.8,1.5,4.0,180.0,93.0,,,,,,
2026-06-03T12:00,32,Good,5.0,7.2,1.3,3.4,166.0,93.0,,,,,,
2026-06-03T13:00,34,Good,4.8,6.6,1.4,2.8,148.0,90.0,,,,,,
2026-06-03T14:00,36,Good,4.5,6.4,1.6,2.4,136.0,85.0,,,,,,
2026-06-03T15:00,37,Good,4.5,6.6,2.0,2.2,135.0,80.0,,,,,,
2026-06-03T16:00,38,Good,4.3,6.3,2.5,2.2,140.0,74.0,,,,,,
2026-06-03T17:00,39,Good,4.8,7.6,3.1,2.5,147.0,68.0,,,,,,
2026-06-03T18:00,39,Good,5.1,8.0,3.7,2.9,158.0,62.0,,,,,,
2026-06-03T19:00,37,Good,5.6,8.8,4.5,3.4,172.0,55.0,,,,,,
2026-06-03T20:00,35,Good,6.1,9.7,5.2,3.9,182.0,48.0,,,,,,
2026-06-03T21:00,33,Good,6.5,10.1,5.6,4.3,187.0,44.0,,,,,,
2026-06-03T22:00,30,Good,6.6,10.1,5.9,4.7,187.0,41.0,,,,,,
2026-06-03T23:00,27,Good,6.7,10.3,6.0,5.0,184.0,39.0,,,,,,
2026-06-04T00:00,25,Good,6.8,10.8,5.8,5.0,174.0,37.0,,,,,,
2026-06-04T01:00,26,Good,6.9,11.1,5.4,4.9,160.0,35.0,,,,,,
2026-06-04T02:00,27,Good,6.6,10.6,5.1,4.7,147.0,34.0,,,,,,
2026-06-04T03:00,27,Good,6.3,10.1,4.9,4.6,133.0,32.0,,,,,,
2026-06-04T04:00,28,Good,5.8,9.3,4.7,4.4,120.0,31.0,,,,,,
2026-06-04T05:00,28,Good,3.8,5.6,4.7,4.5,116.0,31.0,,,,,,
2026-06-04T06:00,29,Good,3.1,4.6,4.3,4.6,132.0,31.0,,,,,,
2026-06-04T07:00,29,Good,2.8,4.0,3.8,4.8,158.0,32.0,,,,,,
2026-06-04T08:00,29,Good,2.8,3.8,3.3,4.9,174.0,36.0,,,,,,
2026-06-04T09:00,29,Good,3.5,4.8,2.7,4.9,168.0,46.0,,,,,,
2026-06-04T10:00,29,Good,4.2,5.7,2.1,4.8,152.0,59.0,,,,,,
2026-06-04T11:00,28,Good,4.7,6.3,1.7,4.5,138.0,69.0,,,,,,
2026-06-04T12:00,28,Good,4.6,6.1,1.5,3.9,130.0,74.0,,,,,,
2026-06-04T13:00,28,Good,4.6,6.3,1.4,3.1,124.0,75.0,,,,,,
2026-06-04T14:00,28,Good,5.2,7.6,1.5,2.5,122.0,75.0,,,,,,
2026-06-04T15:00,28,Good,5.0,7.3,1.9,2.4,127.0,72.0,,,,,,
2026-06-04T16:00,29,Good,4.8,7.2,2.5,2.5,137.0,68.0,,,,,,
2026-06-04T17:00,31,Good,5.5,8.6,3.1,3.2,146.0,63.0,,,,,,
2026-06-04T18:00,32,Good,5.4,8.4,3.8,3.5,154.0,58.0,,,,,,
2026-06-04T19:00,32,Good,5.4,8.4,4.8,3.9,163.0,52.0,,,,,,
2026-06-04T20:00,31,Good,5.0,7.7,5.6,4.3,169.0,47.0,,,,,,
2026-06-04T21:00,30,Good,4.6,6.8,6.0,4.6,174.0,45.0,,,,,,
2026-06-04T22:00,28,Good,4.4,6.3,6.3,4.9,177.0,44.0,,,,,,
2026-06-04T23:00,27,Good,4.1,5.8,6.3,5.0,175.0,43.0,,,,,,
2026-06-05T00:00,27,Good,3.8,5.5,6.1,4.9,165.0,42.0,,,,,,
2026-06-05T01:00,26,Good,3.6,5.2,5.8,4.7,149.0,42.0,,,,,,
2026-06-05T02:00,25,Good,3.4,5.0,5.4,4.5,136.0,42.0,,,,,,
2026-06-05T03:00,25,Good,3.2,4.8,5.1,4.4,125.0,42.0,,,,,,
2026-06-05T04:00,24,Good,3.1,4.8,4.7,4.3,115.0,42.0,,,,,,
2026-06-05T05:00,23,Good,1.2,1.4,3.9,3.9,115.0,42.0,,,,,,
2026-06-05T06:00,23,Good,1.2,1.5,3.8,4.3,133.0,41.0,,,,,,
2026-06-05T07:00,22,Good,1.4,1.6,3.7,4.8,160.0,40.0,,,,,,
2026-06-05T08:00,22,Good,1.7,2.1,3.5,5.2,174.0,42.0,,,,,,
2026-06-05T09:00,22,Good,2.2,3.0,3.1,5.4,161.0,49.0,,,,,,
2026-06-05T10:00,21,Good,3.5,5.5,2.5,5.4,135.0,59.0,,,,,,
2026-06-05T11:00,21,Good,5.1,8.8,2.1,5.3,118.0,68.0,,,,,,
2026-06-05T12:00,22,Good,6.4,11.4,1.8,4.8,120.0,74.0,,,,,,
2026-06-05T13:00,24,Good,6.7,11.9,1.5,4.1,130.0,79.0,,,,,,
2026-06-05T14:00,26,Good,6.5,11.0,1.6,3.7,138.0,80.0,,,,,,
2026-06-05T15:00,28,Good,6.2,10.1,2.1,3.7,140.0,74.0,,,,,,
2026-06-05T16:00,30,Good,5.2,8.4,2.8,4.0,139.0,65.0,,,,,,
2026-06-05T17:00,32,Good,4.9,8.6,3.5,3.2,142.0,65.0,,,,,,
2026-06-05T18:00,33,Good,4.6,7.9,4.3,3.6,151.0,59.0,,,,,,
2026-06-05T19:00,33,Good,4.5,7.8,5.4,4.2,163.0,51.0,,,,,,
2026-06-05T20:00,32,Good,4.6,7.7,6.2,4.7,170.0,44.0,,,,,,
2026-06-05T21:00,30,Good,4.8,7.7,6.6,5.1,168.0,41.0,,,,,,
2026-06-05T22:00,28,Good,4.9,7.7,6.8,5.5,162.0,40.0,,,,,,
2026-06-05T23:00,25,Good,4.8,7.5,6.8,5.6,153.0,39.0,,,,,,
2026-06-06T00:00,23,Good,4.7,7.3,6.4,5.4,141.0,38.0,,,,,,
2026-06-06T01:00,23,Good,4.3,6.7,5.8,4.9,128.0,38.0,,,,,,
2026-06-06T02:00,23,Good,3.8,5.9,5.3,4.5,117.0,38.0,,,,,,
2026-06-06T03:00,23,Good,3.5,5.5,4.9,4.2,111.0,37.0,,,,,,
2026-06-06T04:00,23,Good,3.7,6.0,4.5,4.1,107.0,36.0,,,,,,
2026-06-06T05:00,23,Good,4.1,6.9,4.7,4.2,108.0,35.0,,,,,,
2026-06-06T06:00,24,Good,3.8,6.8,4.2,4.2,117.0,35.0,,,,,,
2026-06-06T07:00,25,Good,3.7,6.9,3.6,4.3,130.0,36.0,,,,,,
2026-06-06T08:00,25,Good,4.0,7.2,3.0,4.3,139.0,40.0,,,,,,
2026-06-06T09:00,26,Good,4.4,7.5,2.5,4.3,139.0,49.0,,,,,,
2026-06-06T10:00,26,Good,5.5,9.1,2.0,4.4,134.0,61.0,,,,,,
2026-06-06T11:00,27,Good,6.3,10.2,1.6,4.2,129.0,71.0,,,,,,
2026-06-06T12:00,27,Good,6.0,9.6,1.4,3.7,125.0,77.0,,,,,,
2026-06-06T13:00,27,Good,5.1,8.2,1.4,2.9,120.0,80.0,,,,,,
2026-06-06T14:00,26,Good,4.9,8.1,1.5,2.4,117.0,80.0,,,,,,
2026-06-06T15:00,29,Good,5.2,8.8,1.8,2.3,114.0,76.0,,,,,,
2026-06-06T16:00,31,Good,4.7,8.0,2.2,2.4,113.0,70.0,,,,,,
2026-06-06T17:00,33,Good,8.5,17.7,3.3,2.6,116.0,67.0,,,,,,
2026-06-06T18:00,34,Good,8.2,16.5,3.8,2.9,128.0,61.0,,,,,,
2026-06-06T19:00,34,Good,7.9,15.3,4.6,3.3,145.0,53.0,,,,,,
2026-06-06T20:00,33,Good,7.6,14.7,5.2,3.8,158.0,46.0,,,,,,
2026-06-06T21:00,31,Good,7.5,14.1,5.7,4.3,163.0,42.0,,,,,,
2026-06-06T22:00,29,Good,7.4,13.7,6.0,4.8,164.0,39.0,,,,,,
2026-06-06T23:00,30,Good,6.8,12.0,6.2,5.1,161.0,37.0,,,,,,
2026-06-07T00:00,30,Good,6.1,10.4,6.2,5.2,153.0,36.0,,,,,,
2026-06-07T01:00,31,Good,5.1,8.8,6.0,5.2,140.0,35.0,,,,,,
2026-06-07T02:00,31,Good,4.6,8.3,5.7,5.1,131.0,35.0,,,,,,
2026-06-07T03:00,31,Good,4.3,7.9,5.4,4.9,127.0,34.0,,,,,,
2026-06-07T04:00,31,Good,4.0,7.3,5.0,4.7,125.0,33.0,,,,,,
2026-06-07T05:00,31,Good,3.9,6.9,3.6,3.4,125.0,36.0,,,,,,
2026-06-07T06:00,31,Good,3.5,5.8,3.4,3.6,127.0,36.0,,,,,,
2026-06-07T07:00,31,Good,3.4,5.6,3.1,3.9,131.0,38.0,,,,,,
2026-06-07T08:00,31,Good,3.4,5.4,2.7,4.1,132.0,41.0,,,,,,
2026-06-07T09:00,31,Good,3.6,5.5,2.2,4.1,129.0,49.0,,,,,,
2026-06-07T10:00,31,Good,4.5,6.8,1.7,4.0,124.0,60.0,,,,,,
2026-06-07T11:00,31,Good,5.6,8.8,1.3,3.7,119.0,68.0,,,,,,
2026-06-07T12:00,31,Good,6.1,9.7,1.1,3.2,112.0,71.0,,,,,,
2026-06-07T13:00,31,Good,6.2,9.9,1.1,2.5,105.0,72.0,,,,,,
2026-06-07T14:00,31,Good,5.9,9.4,1.2,2.1,101.0,71.0,,,,,,
2026-06-07T15:00,31,Good,5.2,8.5,1.4,2.1,103.0,69.0,,,,,,
2026-06-07T16:00,31,Good,4.7,8.0,1.8,2.3,107.0,67.0,,,,,,
2026-06-07T17:00,31,Good,3.9,5.8,2.4,2.6,113.0,62.0,,,,,,
2026-06-07T18:00,31,Good,3.9,6.1,2.9,2.8,120.0,58.0,,,,,,
2026-06-07T19:00,31,Good,3.9,6.1,3.6,3.2,127.0,52.0,,,,,,
2026-06-07T20:00,30,Good,4.0,6.4,4.1,3.5,132.0,47.0,,,,,,
2026-06-07T21:00,29,Good,4.3,6.8,4.4,3.8,133.0,45.0,,,,,,
2026-06-07T22:00,27,Good,4.7,7.4,4.6,4.0,131.0,44.0,,,,,,
2026-06-07T23:00,26,Good,4.7,7.5,4.6,4.1,127.0,43.0,,,,,,
2026-06-08T00:00,25,Good,4.4,7.0,4.4,4.0,118.0,42.0,,,,,,
2026-06-08T01:00,25,Good,4.2,6.7,4.2,3.9,107.0,41.0,,,,,,
2026-06-08T02:00,25,Good,3.7,6.0,3.9,3.7,99.0,41.0,,,,,,
2026-06-08T03:00,25,Good,3.4,5.5,3.7,3.5,97.0,41.0,,,,,,
2026-06-08T04:00,24,Good,3.4,5.8,3.6,3.4,99.0,41.0,,,,,,
2026-06-08T05:00,24,Good,3.4,6.0,3.5,3.5,106.0,41.0,,,,,,
2026-06-08T06:00,24,Good,3.5,6.4,3.5,3.8,124.0,41.0,,,,,,
2026-06-08T07:00,24,Good,3.6,6.8,3.4,4.3,147.0,41.0,,,,,,
2026-06-08T08:00,24,Good,3.9,7.1,3.2,4.5,159.0,44.0,,,,,,
2026-06-08T09:00,24,Good,4.5,7.7,2.7,4.3,150.0,53.0,,,,,,
2026-06-08T10:00,24,Good,4.6,7.3,2.0,4.0,131.0,66.0,,,,,,
2026-06-08T11:00,24,Good,4.1,6.4,1.5,3.6,116.0,75.0,,,,,,
2026-06-08T12:00,24,Good,3.7,6.1,1.3,3.2,110.0,77.0,,,,,,
2026-06-08T13:00,25,Good,4.0,7.0,1.2,2.8,108.0,76.0,,,,,,
2026-06-08T14:00,27,Good,4.2,7.2,1.4,2.5,109.0,73.0,,,,,,
2026-06-08T15:00,29,Good,4.3,7.4,1.8,2.5,114.0,68.0,,,,,,
2026-06-08T16:00,31,Good,4.2,7.1,2.5,2.6,122.0,62.0,,,,,,
2026-06-08T17:00,32,Good,5.9,10.9,3.1,2.8,132.0,60.0,,,,,,
2026-06-08T18:00,32,Good,5.3,9.3,3.8,3.2,144.0,54.0,,,,,,
2026-06-08T19:00,32,Good,5.3,9.2,4.8,3.8,156.0,46.0,,,,,,
2026-06-08T20:00,30,Good,5.6,9.4,5.6,4.3,165.0,40.0,,,,,,
2026-06-08T21:00,28,Good,5.8,9.6,6.1,4.7,167.0,36.0,,,,,,
2026-06-08T22:00,25,Good,6.0,9.9,6.3,5.1,166.0,34.0,,,,,,
2026-06-08T23:00,24,Good,6.1,10.2,6.4,5.3,162.0,33.0,,,,,,
2026-06-09T00:00,25,Good,6.0,10.1,6.3,5.4,157.0,32.0,,,,,,
2026-06-09T01:00,25,Good,5.4,9.3,6.0,5.3,151.0,32.0,,,,,,
2026-06-09T02:00,25,Good,4.9,8.4,5.6,5.2,143.0,32.0,,,,,,
2026-06-09T03:00,26,Good,4.5,7.8,5.2,4.9,132.0,32.0,,,,,,
2026-06-09T04:00,26,Good,4.6,8.0,4.7,4.6,120.0,32.0,,,,,,
2026-06-09T05:00,26,Good,6.1,10.4,4.3,4.1,115.0,30.0,,,,,,
2026-06-09T06:00,27,Good,5.4,9.0,4.0,4.4,124.0,30.0,,,,,,
2026-06-09T07:00,27,Good,5.0,8.1,3.6,4.8,141.0,31.0,,,,,,
2026-06-09T08:00,28,Good,5.2,8.3,3.2,5.0,150.0,35.0,,,,,,
2026-06-09T09:00,28,Good,5.7,8.8,2.7,4.8,144.0,44.0,,,,,,
2026-06-09T10:00,28,Good,5.9,9.2,2.1,4.3,130.0,57.0,,,,,,
2026-06-09T11:00,29,Good,6.1,9.8,1.7,3.8,118.0,67.0,,,,,,
2026-06-09T12:00,29,Good,6.0,10.0,1.5,3.3,111.0,73.0,,,,,,
2026-06-09T13:00,30,Good,5.7,9.7,1.5,2.9,106.0,76.0,,,,,,
2026-06-09T14:00,30,Good,5.6,9.7,1.7,2.6,104.0,77.0,,,,,,
2026-06-09T15:00,30,Good,5.2,9.1,2.0,2.5,104.0,74.0,,,,,,
2026-06-09T16:00,30,Good,4.5,7.9,2.5,2.6,107.0,68.0,,,,,,
2026-06-09T17:00,31,Good,5.8,11.2,3.1,2.8,112.0,62.0,,,,,,
2026-06-09T18:00,32,Good,5.0,9.2,3.8,3.2,121.0,57.0,,,,,,
2026-06-09T19:00,32,Good,4.5,7.7,4.7,3.7,132.0,50.0,,,,,,
2026-06-09T20:00,31,Good,4.2,6.8,5.5,4.2,144.0,45.0,,,,,,
2026-06-09T21:00,30,Good,4.4,6.9,6.1,4.7,157.0,42.0,,,,,,
2026-06-09T22:00,30,Good,4.7,7.2,6.5,5.2,170.0,40.0,,,,,,
2026-06-09T23:00,29,Good,5.0,7.4,6.7,5.5,176.0,39.0,,,,,,
2026-06-10T00:00,29,Good,5.0,7.2,6.7,5.7,167.0,38.0,,,,,,
2026-06-10T01:00,29,Good,4.7,6.8,6.5,5.7,151.0,37.0,,,,,,
2026-06-10T02:00,29,Good,4.3,6.2,6.2,5.7,140.0,37.0,,,,,,
2026-06-10T03:00,28,Good,3.7,5.3,5.8,5.5,139.0,37.0,,,,,,
2026-06-10T04:00,28,Good,3.3,4.8,5.2,5.1,144.0,37.0,,,,,,
2026-06-10T05:00,28,Good,2.7,3.9,4.5,4.3,148.0,35.0,,,,,,
2026-06-10T06:00,27,Good,2.7,3.9,4.5,4.6,151.0,34.0,,,,,,
2026-06-10T07:00,27,Good,2.9,4.2,4.4,5.0,154.0,34.0,,,,,,
2026-06-10T08:00,26,Good,3.4,5.0,4.1,5.2,154.0,37.0,,,,,,
2026-06-10T09:00,26,Good,3.8,5.4,3.5,5.3,149.0,47.0,,,,,,
2026-06-10T10:00,25,Good,4.6,6.3,2.6,5.2,140.0,61.0,,,,,,
2026-06-10T11:00,25,Good,4.8,6.5,2.0,4.9,132.0,73.0,,,,,,
2026-06-10T12:00,25,Good,4.6,6.2,1.7,4.3,125.0,81.0,,,,,,
2026-06-10T13:00,24,Good,4.6,6.2,1.6,3.5,118.0,87.0,,,,,,
2026-06-10T14:00,26,Good,4.2,5.9,1.7,2.9,114.0,89.0,,,,,,
2026-06-10T15:00,30,Good,4.4,6.3,2.2,2.7,115.0,87.0,,,,,,
2026-06-10T16:00,33,Good,4.5,6.9,2.9,2.6,120.0,82.0,,,,,,
2026-06-10T17:00,35,Good,4.8,8.1,3.6,3.1,127.0,79.0,,,,,,
2026-06-10T18:00,37,Good,5.1,8.5,4.2,3.4,138.0,72.0,,,,,,
2026-06-10T19:00,38,Good,4.8,7.7,5.2,3.7,151.0,62.0,,,,,,
2026-06-10T20:00,37,Good,4.2,6.5,5.9,4.2,162.0,54.0,,,,,,
2026-06-10T21:00,35,Good,3.8,5.7,6.4,4.8,168.0,50.0,,,,,,
2026-06-10T22:00,33,Good,3.8,5.6,6.7,5.6,172.0,48.0,,,,,,
2026-06-10T23:00,31,Good,4.1,5.9,6.8,6.1,172.0,46.0,,,,,,
2026-06-11T00:00,29,Good,4.3,6.3,6.8,6.3,167.0,44.0,,,,,,
2026-06-11T01:00,26,Good,4.5,6.6,6.6,6.2,159.0,44.0,,,,,,
2026-06-11T02:00,24,Good,4.3,6.2,6.3,6.0,153.0,43.0,,,,,,
2026-06-11T03:00,23,Good,3.9,5.6,5.9,5.7,149.0,43.0,,,,,,
2026-06-11T04:00,23,Good,3.4,4.9,5.3,5.2,147.0,43.0,,,,,,
2026-06-11T05:00,23,Good,3.0,4.7,4.5,4.3,147.0,45.0,,,,,,
2026-06-11T06:00,23,Good,3.1,5.0,4.3,4.4,151.0,46.0,,,,,,
2026-06-11T07:00,23,Good,3.4,5.5,3.9,4.6,157.0,47.0,,,,,,
2026-06-11T08:00,23,Good,3.8,6.2,3.5,4.7,158.0,50.0,,,,,,
2026-06-11T09:00,23,Good,4.4,6.9,3.0,4.8,149.0,58.0,,,,,,
2026-06-11T10:00,23,Good,5.3,7.8,2.4,4.9,135.0,68.0,,,,,,
2026-06-11T11:00,23,Good,6.3,9.3,1.9,4.8,126.0,76.0,,,,,,
2026-06-11T12:00,25,Good,5.9,8.5,1.6,4.3,128.0,82.0,,,,,,
2026-06-11T13:00,27,Good,5.2,7.3,1.5,3.6,136.0,86.0,,,,,,
2026-06-11T14:00,30,Good,4.8,6.6,1.6,3.1,143.0,86.0,,,,,,
2026-06-11T15:00,32,Good,4.4,6.2,2.0,3.0,147.0,81.0,,,,,,
2026-06-11T16:00,34,Good,3.5,5.0,2.6,3.1,150.0,72.0,,,,,,
2026-06-11T17:00,35,Good,4.7,8.0,3.8,3.6,153.0,79.0,,,,,,
2026-06-11T18:00,37,Good,4.9,8.0,4.4,3.8,157.0,72.0,,,,,,
2026-06-11T19:00,37,Good,4.9,8.1,5.2,4.2,162.0,63.0,,,,,,
2026-06-11T20:00,36,Good,5.2,8.8,5.8,4.4,162.0,55.0,,,,,,
2026-06-11T21:00,34,Good,5.6,9.4,6.1,4.4,156.0,50.0,,,,,,
2026-06-11T22:00,32,Good,5.7,9.4,6.2,4.4,146.0,47.0,,,,,,
2026-06-11T23:00,30,Good,5.4,8.8,6.2,4.3,136.0,45.0,,,,,,
2026-06-12T00:00,28,Good,5.0,8.0,6.0,4.1,125.0,45.0,,,,,,
2026-06-12T01:00,26,Good,4.6,7.3,5.6,3.9,112.0,45.0,,,,,,
2026-06-12T02:00,26,Good,4.2,6.6,5.2,3.8,104.0,46.0,,,,,,
2026-06-12T03:00,26,Good,3.8,5.9,4.8,3.8,100.0,46.0,,,,,,
2026-06-12T04:00,26,Good,3.3,5.3,4.4,3.8,99.0,47.0,,,,,,
2026-06-12T05:00,26,Good,2.7,4.5,4.0,3.8,106.0,48.0,,,,,,
2026-06-12T06:00,25,Good,2.7,4.6,4.0,3.9,126.0,49.0,,,,,,
2026-06-12T07:00,25,Good,2.8,4.5,3.9,4.1,152.0,51.0,,,,,,
2026-06-12T08:00,25,Good,2.9,4.5,3.7,4.3,172.0,54.0,,,,,,
2026-06-12T09:00,25,Good,3.2,4.7,3.3,4.6,178.0,61.0,,,,,,
2026-06-12T10:00,25,Good,3.7,5.2,2.7,4.9,177.0,69.0,,,,,,
2026-06-12T11:00,25,Good,3.9,5.0,2.3,5.0,173.0,77.0,,,,,,
2026-06-12T12:00,26,Good,4.2,5.2,2.0,4.6,166.0,83.0,,,,,,
2026-06-12T13:00,29,Good,4.3,5.4,1.7,4.0,158.0,88.0,,,,,,
2026-06-12T14:00,31,Good,4.5,5.8,1.7,3.5,152.0,90.0,,,,,,
2026-06-12T15:00,33,Good,4.3,5.8,2.0,3.2,152.0,86.0,,,,,,
2026-06-12T16:00,35,Good,3.8,5.7,2.6,3.1,156.0,79.0,,,,,,
2026-06-12T17:00,37,Good,4.8,6.8,4.4,2.7,162.0,71.0,,,,,,
2026-06-12T18:00,37,Good,4.7,6.8,4.8,3.0,172.0,67.0,,,,,,
2026-06-12T19:00,37,Good,4.6,6.6,5.3,3.5,183.0,62.0,,,,,,
2026-06-12T20:00,36,Good,4.4,6.3,5.6,3.8,188.0,58.0,,,,,,
2026-06-12T21:00,35,Good,4.3,6.1,5.7,3.8,180.0,55.0,,,,,,
2026-06-12T22:00,33,Good,4.2,5.9,5.6,3.6,165.0,53.0,,,,,,
2026-06-12T23:00,31,Good,4.2,6.0,5.5,3.5,150.0,52.0,,,,,,
2026-06-13T00:00,29,Good,4.0,5.9,5.2,3.4,136.0,51.0,,,,,,
2026-06-13T01:00,27,Good,3.6,5.5,4.8,3.4,122.0,51.0,,,,,,
2026-06-13T02:00,26,Good,3.2,4.8,4.5,3.4,113.0,51.0,,,,,,
2026-06-13T03:00,25,Good,3.0,4.7,4.4,3.5,109.0,51.0,,,,,,
2026-06-13T04:00,24,Good,2.9,4.8,4.3,3.6,109.0,50.0,,,,,,
2026-06-13T05:00,24,Good,4.7,8.6,5.3,4.8,114.0,49.0,,,,,,
2026-06-13T06:00,24,Good,4.7,8.6,5.0,4.9,129.0,49.0,,,,,,
2026-06-13T07:00,23,Good,4.7,8.5,4.6,5.1,149.0,50.0,,,,,,
2026-06-13T08:00,23,Good,4.8,8.5,4.1,5.1,163.0,53.0,,,,,,
2026-06-13T09:00,23,Good,4.7,7.7,3.6,4.9,163.0,61.0,,,,,,
2026-06-13T10:00,24,Good,4.3,6.2,3.0,4.6,157.0,73.0,,,,,,
2026-06-13T11:00,25,Good,5.1,6.8,2.5,4.2,154.0,82.0,,,,,,
2026-06-13T12:00,27,Good,5.5,7.7,2.1,3.6,161.0,88.0,,,,,,
2026-06-13T13:00,29,Good,5.5,8.2,1.8,2.8,171.0,92.0,,,,,,
2026-06-13T14:00,32,Good,6.0,9.6,1.7,2.3,176.0,94.0,,,,,,
2026-06-13T15:00,34,Good,6.4,10.5,2.0,2.2,170.0,92.0,,,,,,
2026-06-13T16:00,37,Good,6.8,11.7,2.6,2.3,159.0,88.0,,,,,,
2026-06-13T17:00,39,Good,8.2,15.1,3.5,3.3,153.0,82.0,,,,,,
2026-06-13T18:00,40,Good,9.1,17.2,4.2,3.5,157.0,75.0,,,,,,
2026-06-13T19:00,40,Good,9.9,18.6,5.1,3.7,166.0,66.0,,,,,,
2026-06-13T20:00,39,Good,10.6,20.1,5.8,3.9,173.0,59.0,,,,,,
2026-06-13T21:00,38,Good,10.8,20.3,6.2,4.0,176.0,55.0,,,,,,
2026-06-13T22:00,35,Good,10.6,20.0,6.4,4.1,176.0,53.0,,,,,,
2026-06-13T23:00,33,Good,10.6,20.6,6.5,4.2,176.0,51.0,,,,,,
2026-06-14T00:00,35,Good,11.0,22.4,6.3,4.2,176.0,50.0,,,,,,
2026-06-14T01:00,36,Good,11.3,23.3,6.0,4.3,176.0,50.0,,,,,,
2026-06-14T02:00,38,Good,11.1,22.7,5.7,4.3,172.0,50.0,,,,,,
2026-06-14T03:00,40,Good,10.4,20.8,5.5,4.3,161.0,49.0,,,,,,
2026-06-14T04:00,42,Good,9.4,18.5,5.2,4.4,147.0,48.0,,,,,,
2026-06-14T05:00,43,Good,10.0,19.3,5.0,4.4,139.0,48.0,,,,,,
2026-06-14T06:00,44,Good,10.0,19.2,4.9,4.6,146.0,48.0,,,,,,
2026-06-14T07:00,46,Good,9.8,18.3,4.7,4.8,160.0,48.0,,,,,,
2026-06-14T08:00,47,Good,8.9,16.0,4.4,4.9,167.0,51.0,,,,,,
2026-06-14T09:00,48,Good,8.4,14.4,3.7,4.8,158.0,61.0,,,,,,
2026-06-14T10:00,49,Good,8.7,14.6,2.9,4.7,141.0,74.0,,,,,,
2026-06-14T11:00,50,Good,9.2,15.2,2.2,4.3,129.0,85.0,,,,,,
2026-06-14T12:00,50,Good,9.5,15.6,1.9,3.6,127.0,91.0,,,,,,
2026-06-14T13:00,50,Good,9.8,15.9,1.7,2.7,130.0,95.0,,,,,,
2026-06-14T14:00,51,Moderate,9.7,15.9,1.8,2.2,131.0,96.0,,,,,,
2026-06-14T15:00,51,Moderate,10.1,17.5,2.1,2.2,127.0,94.0,,,,,,
2026-06-14T16:00,51,Moderate,10.1,18.0,2.6,2.6,120.0,90.0,,,,,,
2026-06-14T17:00,52,Moderate,12.3,21.7,3.8,2.6,116.0,86.0,,,,,,
2026-06-14T18:00,52,Moderate,11.8,20.7,4.1,3.0,116.0,79.0,,,,,,
2026-06-14T19:00,52,Moderate,12.0,21.5,4.5,3.5,118.0,70.0,,,,,,
2026-06-14T20:00,52,Moderate,12.7,22.7,4.8,4.0,120.0,62.0,,,,,,
2026-06-14T21:00,53,Moderate,13.5,23.9,4.9,4.4,120.0,58.0,,,,,,
2026-06-14T22:00,53,Moderate,14.0,25.1,4.9,4.6,119.0,57.0,,,,,,
2026-06-14T23:00,53,Moderate,14.3,26.8,4.9,4.8,117.0,55.0,,,,,,
2026-06-15T00:00,53,Moderate,14.3,26.7,5.0,4.8,113.0,53.0,,,,,,
2026-06-15T01:00,54,Moderate,14.3,26.5,5.2,4.6,107.0,50.0,,,,,,
2026-06-15T02:00,54,Moderate,14.2,26.8,5.3,4.5,104.0,48.0,,,,,,
2026-06-15T03:00,54,Moderate,14.1,27.0,5.4,4.5,102.0,46.0,,,,,,
2026-06-15T04:00,54,Moderate,13.9,27.0,5.4,4.7,102.0,45.0,,,,,,
2026-06-15T05:00,55,Moderate,15.0,29.1,5.5,4.8,109.0,44.0,,,,,,
2026-06-15T06:00,55,Moderate,14.3,27.3,5.5,5.1,127.0,44.0,,,,,,
2026-06-15T07:00,55,Moderate,13.9,25.6,5.6,5.4,152.0,44.0,,,,,,
2026-06-15T08:00,56,Moderate,13.8,24.7,5.5,5.6,173.0,47.0,,,,,,
2026-06-15T09:00,56,Moderate,14.1,24.9,5.2,5.5,189.0,57.0,,,,,,
2026-06-15T10:00,57,Moderate,15.1,25.0,4.8,5.2,201.0,70.0,,,,,,
2026-06-15T11:00,57,Moderate,15.8,24.6,4.3,4.7,206.0,82.0,,,,,,
2026-06-15T12:00,58,Moderate,15.0,22.9,3.3,3.8,193.0,92.0,,,,,,
2026-06-15T13:00,58,Moderate,13.6,20.3,2.2,2.6,173.0,101.0,,,,,,
2026-06-15T14:00,58,Moderate,12.3,18.5,1.7,1.9,172.0,106.0,,,,,,
2026-06-15T15:00,59,Moderate,11.3,17.8,2.4,1.9,217.0,106.0,,,,,,
2026-06-15T16:00,59,Moderate,10.9,17.8,3.8,2.4,281.0,102.0,,,,,,
2026-06-15T17:00,59,Moderate,12.0,19.6,3.5,1.1,313.0,94.0,,,,,,
2026-06-15T18:00,59,Moderate,12.5,20.5,4.3,1.5,280.0,89.0,,,,,,
2026-06-15T19:00,59,Moderate,13.2,21.5,5.4,2.1,215.0,83.0,,,,,,
2026-06-15T20:00,59,Moderate,13.8,21.8,6.3,2.9,164.0,76.0,,,,,,
2026-06-15T21:00,59,Moderate,15.4,25.2,6.9,4.0,145.0,70.0,,,,,,
2026-06-15T22:00,59,Moderate,16.5,27.4,7.4,5.3,140.0,65.0,,,,,,
2026-06-15T23:00,59,Moderate,16.9,28.4,7.7,6.2,136.0,60.0,,,,,,
2026-06-16T00:00,59,Moderate,16.6,27.4,7.6,6.3,127.0,56.0,,,,,,
2026-06-16T01:00,60,Moderate,16.3,26.6,7.3,6.0,119.0,52.0,,,,,,
2026-06-16T02:00,60,Moderate,15.7,25.6,7.0,5.8,114.0,49.0,,,,,,
2026-06-16T03:00,60,Moderate,14.8,24.2,6.9,5.7,112.0,46.0,,,,,,
2026-06-16T04:00,60,Moderate,14.1,23.1,6.9,5.7,113.0,43.0,,,,,,
2026-06-16T05:00,60,Moderate,14.5,23.6,7.1,6.4,116.0,43.0,,,,,,
2026-06-16T06:00,60,Moderate,14.1,22.8,6.8,6.7,121.0,43.0,,,,,,
2026-06-16T07:00,60,Moderate,13.8,21.9,6.2,7.1,127.0,43.0,,,,,,
2026-06-16T08:00,60,Moderate,13.6,21.3,5.7,7.1,137.0,47.0,,,,,,
2026-06-16T09:00,60,Moderate,14.1,21.6,5.1,6.5,153.0,58.0,,,,,,
2026-06-16T10:00,60,Moderate,15.1,22.4,4.5,5.6,172.0,72.0,,,,,,
2026-06-16T11:00,60,Moderate,14.8,21.2,3.9,4.6,185.0,84.0,,,,,,
2026-06-16T12:00,60,Moderate,13.8,19.4,3.1,3.6,186.0,91.0,,,,,,
2026-06-16T13:00,60,Moderate,12.6,17.4,2.2,2.5,181.0,96.0,,,,,,
2026-06-16T14:00,60,Moderate,11.2,15.6,1.7,1.7,181.0,99.0,,,,,,
2026-06-16T15:00,60,Moderate,10.2,14.8,1.9,1.3,189.0,99.0,,,,,,
2026-06-16T16:00,59,Moderate,9.8,14.8,2.5,1.1,203.0,96.0,,,,,,
2026-06-16T17:00,59,Moderate,12.5,19.3,3.5,1.4,226.0,89.0,,,,,,
2026-06-16T18:00,59,Moderate,13.3,21.5,4.3,2.2,272.0,86.0,,,,,,
2026-06-16T19:00,59,Moderate,13.9,22.5,5.4,3.4,327.0,81.0,,,,,,
2026-06-16T20:00,60,Moderate,14.8,24.1,6.3,4.3,349.0,76.0,,,,,,
2026-06-16T21:00,60,Moderate,15.8,26.0,6.7,4.8,309.0,70.0,,,,,,
2026-06-16T22:00,60,Moderate,15.9,26.1,6.9,5.2,237.0,63.0,,,,,,
2026-06-16T23:00,60,Moderate,15.6,25.6,7.0,5.4,179.0,57.0,,,,,,
2026-06-17T00:00,60,Moderate,15.1,24.9,7.0,5.5,157.0,54.0,,,,,,
2026-06-17T01:00,59,Moderate,14.7,24.6,6.9,5.5,149.0,52.0,,,,,,
2026-06-17T02:00,59,Moderate,14.0,24.0,6.7,5.5,143.0,50.0,,,,,,
2026-06-17T03:00,59,Moderate,12.9,22.8,6.4,5.4,132.0,48.0,,,,,,
2026-06-17T04:00,59,Moderate,11.8,21.3,6.1,5.2,123.0,46.0,,,,,,
2026-06-17T05:00,59,Moderate,12.0,22.1,6.3,5.5,122.0,44.0,,,,,,
2026-06-17T06:00,59,Moderate,11.2,21.0,6.2,5.8,133.0,43.0,,,,,,
2026-06-17T07:00,58,Moderate,10.4,19.5,6.0,6.2,152.0,42.0,,,,,,
2026-06-17T08:00,58,Moderate,10.2,19.0,5.6,6.3,168.0,46.0,,,,,,
2026-06-17T09:00,58,Moderate,10.9,19.7,4.9,6.1,178.0,58.0,,,,,,
2026-06-17T10:00,58,Moderate,12.4,21.3,4.0,5.6,187.0,75.0,,,,,,
2026-06-17T11:00,57,Moderate,13.7,22.2,3.2,5.1,192.0,89.0,,,,,,
2026-06-17T12:00,57,Moderate,13.1,20.5,2.3,4.4,194.0,96.0,,,,,,
2026-06-17T13:00,57,Moderate,12.0,19.2,1.6,3.5,194.0,100.0,,,,,,
2026-06-17T14:00,57,Moderate,11.0,17.9,1.3,3.0,193.0,102.0,,,,,,
2026-06-17T15:00,57,Moderate,9.5,15.3,2.0,3.0,194.0,101.0,,,,,,
2026-06-17T16:00,57,Moderate,9.8,16.8,3.2,3.2,194.0,97.0,,,,,,
2026-06-17T17:00,57,Moderate,10.3,17.8,3.8,2.9,190.0,88.0,,,,,,
2026-06-17T18:00,57,Moderate,10.3,17.9,4.7,3.4,177.0,82.0,,,,,,
2026-06-17T19:00,57,Moderate,10.9,19.6,5.9,4.2,159.0,73.0,,,,,,
2026-06-17T20:00,56,Moderate,10.9,19.3,6.7,4.8,145.0,66.0,,,,,,
2026-06-17T21:00,56,Moderate,10.7,18.8,6.8,5.1,140.0,62.0,,,,,,
2026-06-17T22:00,56,Moderate,10.5,18.6,6.7,5.2,139.0,59.0,,,,,,
2026-06-17T23:00,55,Moderate,10.6,19.3,6.5,5.4,137.0,57.0,,,,,,
2026-06-18T00:00,55,Moderate,11.0,20.7,6.5,5.7,130.0,54.0,,,,,,
2026-06-18T01:00,55,Moderate,11.6,22.5,6.6,6.1,122.0,52.0,,,,,,
2026-06-18T02:00,54,Moderate,12.1,24.4,6.7,6.4,120.0,50.0,,,,,,
2026-06-18T03:00,54,Moderate,12.9,26.7,6.8,6.4,130.0,49.0,,,,,,
2026-06-18T04:00,54,Moderate,14.1,28.9,6.8,6.4,146.0,49.0,,,,,,
2026-06-18T05:00,54,Moderate,14.4,32.4,6.8,7.4,158.0,46.0,,,,,,
2026-06-18T06:00,55,Moderate,15.1,33.9,6.8,7.8,163.0,47.0,,,,,,
2026-06-18T07:00,55,Moderate,15.8,35.2,6.7,8.2,165.0,48.0,,,,,,
2026-06-18T08:00,55,Moderate,16.6,36.1,6.5,8.3,166.0,52.0,,,,,,
2026-06-18T09:00,56,Moderate,17.7,36.9,6.1,7.7,165.0,61.0,,,,,,
2026-06-18T10:00,56,Moderate,19.6,37.4,5.5,6.6,163.0,72.0,,,,,,
2026-06-18T11:00,57,Moderate,20.8,36.1,4.8,5.5,166.0,82.0,,,,,,
2026-06-18T12:00,57,Moderate,20.8,35.3,3.7,4.3,179.0,90.0,,,,,,
2026-06-18T13:00,58,Moderate,19.7,33.3,2.3,3.1,196.0,98.0,,,,,,
2026-06-18T14:00,59,Moderate,17.2,29.0,1.6,2.4,205.0,102.0,,,,,,
2026-06-18T15:00,59,Moderate,16.5,28.5,1.8,2.5,196.0,102.0,,,,,,
2026-06-18T16:00,60,Moderate,16.9,29.6,2.6,3.1,178.0,99.0,,,,,,
2026-06-18T17:00,60,Moderate,12.0,18.6,4.1,1.9,169.0,88.0,,,,,,
2026-06-18T18:00,60,Moderate,10.6,16.2,4.8,3.1,180.0,83.0,,,,,,
2026-06-18T19:00,60,Moderate,10.9,17.0,5.8,4.7,199.0,75.0,,,,,,
2026-06-18T20:00,60,Moderate,12.8,20.7,6.6,5.9,208.0,69.0,,,,,,
2026-06-18T21:00,61,Moderate,12.6,20.5,6.9,6.2,194.0,65.0,,,,,,
2026-06-18T22:00,61,Moderate,12.8,20.8,7.0,6.0,169.0,62.0,,,,,,
2026-06-18T23:00,61,Moderate,13.2,21.5,7.0,5.8,152.0,60.0,,,,,,
2026-06-19T00:00,61,Moderate,12.9,21.1,7.0,5.9,149.0,59.0,,,,,,
2026-06-19T01:00,61,Moderate,12.6,20.4,7.0,5.9,154.0,59.0,,,,,,
2026-06-19T02:00,61,Moderate,12.3,19.8,6.9,6.1,164.0,58.0,,,,,,
2026-06-19T03:00,61,Moderate,11.8,19.4,6.9,6.3,185.0,55.0,,,,,,
2026-06-19T04:00,61,Moderate,11.3,19.1,6.8,6.5,212.0,51.0,,,,,,
2026-06-19T05:00,61,Moderate,10.6,21.0,5.9,6.4,227.0,46.0,,,,,,
2026-06-19T06:00,61,Moderate,11.1,22.4,5.6,6.7,220.0,47.0,,,,,,
2026-06-19T07:00,60,Moderate,11.7,23.6,5.2,7.2,202.0,48.0,,,,,,
2026-06-19T08:00,60,Moderate,12.5,25.0,4.7,7.3,186.0,52.0,,,,,,
2026-06-19T09:00,60,Moderate,14.1,27.2,4.3,6.8,178.0,62.0,,,,,,
2026-06-19T10:00,60,Moderate,16.5,29.8,3.8,6.1,171.0,74.0,,,,,,
2026-06-19T11:00,59,Moderate,18.6,31.2,3.3,5.1,165.0,84.0,,,,,,
2026-06-19T12:00,59,Moderate,18.3,30.2,2.5,3.8,155.0,88.0,,,,,,
2026-06-19T13:00,59,Moderate,18.0,29.9,1.7,2.4,145.0,89.0,,,,,,
2026-06-19T14:00,59,Moderate,16.2,27.0,1.2,1.5,141.0,90.0,,,,,,
2026-06-19T15:00,59,Moderate,14.4,24.4,1.4,1.4,148.0,91.0,,,,,,
2026-06-19T16:00,59,Moderate,13.3,22.9,1.9,1.8,161.0,91.0,,,,,,
2026-06-19T17:00,58,Moderate,12.1,20.7,1.5,0.8,176.0,85.0,,,,,,
2026-06-19T18:00,58,Moderate,11.5,19.2,2.4,1.6,193.0,87.0,,,,,,
2026-06-19T19:00,58,Moderate,11.4,18.4,3.7,2.7,211.0,89.0,,,,,,
2026-06-19T20:00,58,Moderate,11.8,18.3,4.9,3.7,222.0,89.0,,,,,,
2026-06-19T21:00,58,Moderate,12.5,19.1,5.9,4.4,219.0,86.0,,,,,,
2026-06-19T22:00,58,Moderate,13.1,19.7,6.9,5.1,207.0,81.0,,,,,,
2026-06-19T23:00,58,Moderate,13.5,19.8,7.7,5.6,198.0,77.0,,,,,,
2026-06-20T00:00,58,Moderate,13.7,19.7,8.2,5.9,192.0,75.0,,,,,,
2026-06-20T01:00,58,Moderate,13.4,18.7,8.6,6.1,188.0,74.0,,,,,,
2026-06-20T02:00,58,Moderate,13.4,18.3,8.7,6.4,190.0,73.0,,,,,,
2026-06-20T03:00,59,Moderate,13.8,19.5,8.6,6.7,203.0,70.0,,,,,,
2026-06-20T04:00,59,Moderate,14.5,21.5,8.2,7.1,222.0,66.0,,,,,,
2026-06-20T05:00,59,Moderate,17.1,26.2,7.4,8.1,237.0,62.0,,,,,,
2026-06-20T06:00,59,Moderate,18.1,28.7,7.0,8.7,247.0,63.0,,,,,,
2026-06-20T07:00,60,Moderate,19.0,31.2,6.3,9.4,253.0,64.0,,,,,,
2026-06-20T08:00,61,Moderate,20.1,34.3,5.6,9.6,246.0,68.0,,,,,,
2026-06-20T09:00,61,Moderate,21.7,38.8,4.7,8.8,216.0,79.0,,,,,,
2026-06-20T10:00,62,Moderate,23.2,43.1,3.7,7.5,173.0,92.0,,,,,,
2026-06-20T11:00,62,Moderate,22.4,40.6,2.8,6.0,138.0,100.0,,,,,,
2026-06-20T12:00,63,Moderate,20.4,37.6,2.1,4.3,121.0,97.0,,,,,,
2026-06-20T13:00,63,Moderate,16.6,29.9,1.5,2.6,112.0,88.0,,,,,,
2026-06-20T14:00,63,Moderate,14.5,27.1,1.1,1.3,108.0,81.0,,,,,,
2026-06-20T15:00,63,Moderate,12.7,23.7,1.1,0.8,107.0,79.0,,,,,,
2026-06-20T16:00,62,Moderate,11.6,21.2,1.3,0.9,110.0,80.0,,,,,,
2026-06-20T17:00,62,Moderate,10.1,17.8,1.3,0.9,115.0,75.0,,,,,,
2026-06-20T18:00,62,Moderate,9.8,16.7,1.6,1.2,122.0,74.0,,,,,,
2026-06-20T19:00,62,Moderate,9.3,15.4,2.1,1.5,130.0,72.0,,,,,,
2026-06-20T20:00,62,Moderate,8.8,14.3,2.6,2.0,137.0,70.0,,,,,,
2026-06-20T21:00,62,Moderate,9.1,14.5,3.3,2.6,140.0,66.0,,,,,,
2026-06-20T22:00,61,Moderate,9.1,14.3,4.1,3.3,142.0,61.0,,,,,,
2026-06-20T23:00,61,Moderate,8.5,13.4,4.7,3.9,141.0,57.0,,,,,,
2026-06-21T00:00,61,Moderate,7.6,11.9,5.0,4.2,137.0,54.0,,,,,,
2026-06-21T01:00,60,Moderate,6.7,10.4,5.2,4.4,131.0,51.0,,,,,,
2026-06-21T02:00,60,Moderate,6.2,9.4,5.3,4.5,128.0,49.0,,,,,,
2026-06-21T03:00,59,Moderate,5.8,8.7,5.5,4.6,130.0,47.0,,,,,,
2026-06-21T04:00,58,Moderate,5.3,7.9,5.7,4.8,135.0,45.0,,,,,,
2026-06-21T05:00,58,Moderate,5.2,7.4,5.5,4.7,138.0,44.0,,,,,,
2026-06-21T06:00,57,Moderate,4.8,6.6,5.1,5.1,139.0,44.0,,,,,,
2026-06-21T07:00,56,Moderate,4.5,6.1,4.5,5.5,139.0,44.0,,,,,,
2026-06-21T08:00,55,Moderate,4.6,6.1,4.0,5.7,137.0,47.0,,,,,,
2026-06-21T09:00,53,Moderate,5.3,6.9,3.5,5.3,133.0,55.0,,,,,,
2026-06-21T10:00,52,Moderate,6.2,8.2,3.1,4.6,127.0,66.0,,,,,,
2026-06-21T11:00,51,Moderate,6.8,9.0,2.6,3.8,122.0,74.0,,,,,,
2026-06-21T12:00,48,Good,6.9,9.7,1.9,2.8,118.0,77.0,,,,,,
2026-06-21T13:00,45,Good,6.5,9.5,1.2,1.6,115.0,77.0,,,,,,
2026-06-21T14:00,43,Good,6.5,9.7,0.9,1.0,113.0,77.0,,,,,,
2026-06-21T15:00,41,Good,6.4,9.8,1.3,1.3,112.0,77.0,,,,,,
2026-06-21T16:00,40,Good,6.1,9.3,2.1,2.2,112.0,75.0,,,,,,
2026-06-21T17:00,38,Good,8.1,12.5,2.1,1.1,115.0,74.0,,,,,,
2026-06-21T18:00,38,Good,7.4,11.3,2.7,1.9,124.0,71.0,,,,,,
2026-06-21T19:00,37,Good,7.1,10.5,3.6,3.0,136.0,67.0,,,,,,
2026-06-21T20:00,37,Good,6.9,9.8,4.3,3.8,145.0,63.0,,,,,,
2026-06-21T21:00,36,Good,6.4,8.8,4.7,4.2,147.0,58.0,,,,,,
2026-06-21T22:00,36,Good,6.1,8.2,5.0,4.3,146.0,53.0,,,,,,
2026-06-21T23:00,35,Good,5.7,7.6,5.1,4.4,143.0,49.0,,,,,,
2026-06-22T00:00,35,Good,5.0,6.8,5.1,4.4,137.0,47.0,,,,,,
2026-06-22T01:00,34,Good,4.5,6.1,5.0,4.4,129.0,45.0,,,,,,
2026-06-22T02:00,33,Good,4.3,5.8,4.9,4.5,122.0,44.0,,,,,,
2026-06-22T03:00,33,Good,3.9,5.4,4.9,4.7,116.0,43.0,,,,,,
2026-06-22T04:00,33,Good,3.7,5.0,5.0,5.0,112.0,42.0,,,,,,
2026-06-22T05:00,32,Good,2.8,3.7,4.8,5.1,112.0,40.0,,,,,,
2026-06-22T06:00,32,Good,2.7,3.6,4.8,5.5,120.0,40.0,,,,,,
2026-06-22T07:00,31,Good,2.6,3.4,4.7,6.0,133.0,40.0,,,,,,
2026-06-22T08:00,31,Good,2.8,3.5,4.4,6.2,141.0,44.0,,,,,,
2026-06-22T09:00,30,Good,3.3,4.0,3.6,6.0,140.0,55.0,,,,,,
2026-06-22T10:00,30,Good,4.3,5.4,2.6,5.5,134.0,70.0,,,,,,
2026-06-22T11:00,29,Good,5.1,6.5,1.8,4.9,128.0,81.0,,,,,,
2026-06-22T12:00,29,Good,5.3,6.9,1.4,3.9,122.0,85.0,,,,,,
2026-06-22T13:00,29,Good,6.1,8.6,1.2,2.7,116.0,86.0,,,,,,
2026-06-22T14:00,29,Good,5.9,8.5,1.2,2.0,115.0,86.0,,,,,,
2026-06-22T15:00,32,Good,5.3,7.7,1.6,2.0,124.0,85.0,,,,,,
2026-06-22T16:00,34,Good,5.0,7.1,2.2,2.5,138.0,84.0,,,,,,
2026-06-22T17:00,37,Good,5.2,7.5,3.2,2.4,151.0,75.0,,,,,,
2026-06-22T18:00,38,Good,4.6,6.5,3.9,3.1,163.0,69.0,,,,,,
2026-06-22T19:00,38,Good,4.3,5.8,4.9,4.1,173.0,61.0,,,,,,
2026-06-22T20:00,37,Good,4.0,5.3,5.7,4.9,180.0,54.0,,,,,,
2026-06-22T21:00,35,Good,3.7,4.7,6.0,5.2,180.0,50.0,,,,,,
2026-06-22T22:00,33,Good,3.4,4.2,6.1,5.4,176.0,46.0,,,,,,
2026-06-22T23:00,30,Good,3.0,3.7,6.1,5.4,172.0,44.0,,,,,,
2026-06-23T00:00,28,Good,2.8,3.5,5.8,5.3,171.0,43.0,,,,,,
2026-06-23T01:00,26,Good,2.7,3.6,5.4,5.2,169.0,42.0,,,,,,
2026-06-23T02:00,24,Good,2.7,3.9,5.1,5.1,163.0,42.0,,,,,,
2026-06-23T03:00,22,Good,2.9,4.3,4.9,5.1,145.0,42.0,,,,,,
2026-06-23T04:00,22,Good,3.0,4.6,4.8,5.2,123.0,42.0,,,,,,
2026-06-23T05:00,22,Good,3.6,5.5,5.1,5.2,111.0,41.0,,,,,,
2026-06-23T06:00,22,Good,3.8,5.9,5.0,5.6,120.0,41.0,,,,,,
2026-06-23T07:00,22,Good,4.1,6.2,4.9,6.1,139.0,41.0,,,,,,
2026-06-23T08:00,22,Good,4.4,6.5,4.6,6.4,150.0,45.0,,,,,,
2026-06-23T09:00,23,Good,5.0,7.3,4.0,6.6,142.0,54.0,,,,,,
2026-06-23T10:00,23,Good,5.9,8.6,3.3,6.6,127.0,66.0,,,,,,
2026-06-23T11:00,24,Good,7.7,11.1,2.7,6.3,116.0,77.0,,,,,,
2026-06-23T12:00,24,Good,8.6,12.0,2.3,5.2,116.0,89.0,,,,,,
2026-06-23T13:00,26,Good,8.6,11.5,2.0,3.8,122.0,100.0,,,,,,
2026-06-23T14:00,30,Good,8.6,11.5,2.0,2.8,125.0,106.0,,,,,,
2026-06-23T15:00,34,Good,8.8,12.6,2.4,2.6,123.0,103.0,,,,,,
2026-06-23T16:00,37,Good,7.5,10.6,3.2,2.9,118.0,95.0,,,,,,
2026-06-23T17:00,40,Good,8.3,11.6,5.8,3.1,116.0,86.0,,,,,,
2026-06-23T18:00,42,Good,7.7,10.8,6.0,3.6,118.0,79.0,,,,,,
2026-06-23T19:00,43,Good,7.2,10.2,6.3,4.3,122.0,70.0,,,,,,
2026-06-23T20:00,42,Good,6.9,9.8,6.5,4.9,129.0,62.0,,,,,,
2026-06-23T21:00,41,Good,6.8,9.7,6.5,5.2,145.0,57.0,,,,,,
2026-06-23T22:00,38,Good,7.0,10.0,6.4,5.4,164.0,54.0,,,,,,
2026-06-23T23:00,35,Good,7.0,10.1,6.2,5.5,172.0,51.0,,,,,,
2026-06-24T00:00,33,Good,6.5,9.4,6.1,5.3,160.0,49.0,,,,,,
2026-06-24T01:00,34,Good,5.8,8.4,5.9,5.0,137.0,47.0,,,,,,
2026-06-24T02:00,34,Good,5.2,7.5,5.7,4.8,120.0,46.0,,,,,,
2026-06-24T03:00,35,Good,5.0,7.1,5.4,4.7,117.0,45.0,,,,,,
2026-06-24T04:00,35,Good,4.8,6.9,5.1,4.6,120.0,44.0,,,,,,
2026-06-24T05:00,36,Good,4.8,7.0,4.8,4.3,124.0,44.0,,,,,,
2026-06-24T06:00,36,Good,5.6,8.3,4.6,4.5,130.0,44.0,,,,,,
2026-06-24T07:00,37,Good,6.5,9.7,4.4,4.8,136.0,45.0,,,,,,
2026-06-24T08:00,37,Good,7.3,10.9,4.1,5.0,140.0,48.0,,,,,,
2026-06-24T09:00,38,Good,8.1,12.0,3.9,5.0,135.0,56.0,,,,,,
2026-06-24T10:00,38,Good,9.6,13.5,3.8,4.8,126.0,66.0,,,,,,
2026-06-24T11:00,39,Good,10.8,15.0,3.5,4.4,126.0,76.0,,,,,,
2026-06-24T12:00,40,Good,11.4,15.7,2.8,3.6,146.0,87.0,,,,,,
2026-06-24T13:00,41,Good,11.2,15.3,1.9,2.6,175.0,97.0,,,,,,
2026-06-24T14:00,41,Good,10.6,14.5,1.6,2.1,189.0,102.0,,,,,,
2026-06-24T15:00,42,Good,9.8,13.7,2.2,2.4,175.0,99.0,,,,,,
2026-06-24T16:00,42,Good,7.8,10.7,3.3,3.2,146.0,90.0,,,,,,
2026-06-24T17:00,42,Good,5.6,7.3,4.3,3.9,124.0,81.0,,,,,,
2026-06-24T18:00,41,Good,4.8,6.1,5.2,4.5,118.0,73.0,,,,,,
2026-06-24T19:00,41,Good,4.1,5.1,6.0,5.0,118.0,64.0,,,,,,
2026-06-24T20:00,40,Good,3.6,4.3,6.5,5.4,121.0,57.0,,,,,,
2026-06-24T21:00,39,Good,3.3,3.9,6.6,5.4,126.0,52.0,,,,,,
2026-06-24T22:00,38,Good,3.3,4.0,6.5,5.3,132.0,47.0,,,,,,
2026-06-24T23:00,38,Good,3.4,4.0,6.4,5.1,136.0,44.0,,,,,,
2026-06-25T00:00,37,Good,3.5,4.1,6.3,5.0,135.0,42.0,,,,,,
2026-06-25T01:00,36,Good,3.3,3.9,6.2,4.8,131.0,40.0,,,,,,
2026-06-25T02:00,36,Good,3.1,3.7,6.0,4.8,126.0,39.0,,,,,,
2026-06-25T03:00,35,Good,2.9,3.4,5.9,4.9,119.0,38.0,,,,,,
2026-06-25T04:00,35,Good,2.7,3.2,5.7,5.0,111.0,37.0,,,,,,
2026-06-25T05:00,34,Good,2.5,2.9,5.5,5.2,112.0,37.0,,,,,,
2026-06-25T06:00,34,Good,2.5,2.9,5.2,5.6,132.0,37.0,,,,,,
2026-06-25T07:00,33,Good,2.6,3.0,4.8,6.1,160.0,39.0,,,,,,
2026-06-25T08:00,32,Good,3.0,3.7,4.3,6.4,174.0,44.0,,,,,,
2026-06-25T09:00,31,Good,3.8,4.7,3.6,6.4,159.0,56.0,,,,,,
2026-06-25T10:00,30,Good,5.0,6.5,2.8,6.3,129.0,71.0,,,,,,
2026-06-25T11:00,29,Good,6.2,8.3,2.3,5.9,110.0,84.0,,,,,,
2026-06-25T12:00,28,Good,6.8,9.0,2.1,5.0,114.0,93.0,,,,,,
2026-06-25T13:00,27,Good,7.2,9.3,2.2,3.9,128.0,99.0,,,,,,
2026-06-25T14:00,30,Good,7.2,9.1,2.6,3.1,136.0,101.0,,,,,,
2026-06-25T15:00,34,Good,7.2,9.1,3.4,2.9,130.0,98.0,,,,,,
2026-06-25T16:00,37,Good,6.6,8.7,4.4,3.1,117.0,91.0,,,,,,
2026-06-25T17:00,40,Good,7.2,10.0,3.7,2.8,110.0,87.0,,,,,,
2026-06-25T18:00,42,Good,6.5,8.9,4.2,3.3,114.0,79.0,,,,,,
2026-06-25T19:00,42,Good,6.3,8.6,5.0,3.9,123.0,67.0,,,,,,
2026-06-25T20:00,41,Good,6.9,9.4,5.6,4.4,127.0,58.0,,,,,,
2026-06-25T21:00,39,Good,7.5,10.5,5.9,4.7,121.0,52.0,,,,,,
2026-06-25T22:00,37,Good,8.2,11.7,6.1,4.8,111.0,49.0,,,,,,
2026-06-25T23:00,34,Good,8.7,12.5,6.2,4.8,105.0,46.0,,,,,,
2026-06-26T00:00,31,Good,8.6,12.5,6.2,4.6,110.0,44.0,,,,,,
2026-06-26T01:00,31,Good,8.1,11.8,6.0,4.2,120.0,42.0,,,,,,
2026-06-26T02:00,32,Good,7.2,10.4,5.8,4.0,126.0,41.0,,,,,,
2026-06-26T03:00,33,Good,6.0,8.6,5.6,4.0,121.0,40.0,,,,,,
2026-06-26T04:00,33,Good,4.7,6.5,5.4,4.1,112.0,39.0,,,,,,
2026-06-26T05:00,34,Good,6.8,10.1,5.6,4.7,106.0,38.0,,,,,,
2026-06-26T06:00,35,Good,6.4,9.1,5.2,5.0,110.0,39.0,,,,,,
2026-06-26T07:00,36,Good,6.1,8.3,4.7,5.4,118.0,41.0,,,,,,
2026-06-26T08:00,37,Good,5.8,7.7,4.2,5.5,122.0,46.0,,,,,,
2026-06-26T09:00,37,Good,5.7,7.7,3.6,5.2,116.0,57.0,,,,,,
2026-06-26T10:00,38,Good,6.0,8.4,2.9,4.7,106.0,72.0,,,,,,
2026-06-26T11:00,38,Good,6.3,9.2,2.5,4.2,100.0,84.0,,,,,,
2026-06-26T12:00,38,Good,6.9,9.9,2.4,3.6,104.0,91.0,,,,,,
2026-06-26T13:00,38,Good,7.5,10.4,2.5,2.9,113.0,96.0,,,,,,
2026-06-26T14:00,38,Good,7.0,9.4,2.9,2.5,120.0,97.0,,,,,,
2026-06-26T15:00,38,Good,6.5,9.1,3.6,2.5,122.0,94.0,,,,,,
2026-06-26T16:00,38,Good,7.1,10.3,4.5,2.9,121.0,88.0,,,,,,
2026-06-26T17:00,39,Good,9.3,12.9,5.3,2.2,120.0,86.0,,,,,,
2026-06-26T18:00,41,Good,9.1,12.5,6.4,2.9,119.0,78.0,,,,,,
2026-06-26T19:00,41,Good,8.7,11.6,7.9,3.9,118.0,68.0,,,,,,
2026-06-26T20:00,40,Good,8.0,10.9,8.7,4.7,117.0,59.0,,,,,,
2026-06-26T21:00,40,Good,7.5,10.4,8.3,5.2,115.0,54.0,,,,,,
2026-06-26T22:00,40,Good,7.6,11.1,7.3,5.4,113.0,51.0,,,,,,
2026-06-26T23:00,40,Good,8.2,12.2,6.5,5.6,111.0,48.0,,,,,,
2026-06-27T00:00,40,Good,8.6,13.1,6.2,5.6,109.0,46.0,,,,,,
2026-06-27T01:00,40,Good,8.8,13.9,6.1,5.5,106.0,45.0,,,,,,
2026-06-27T02:00,40,Good,8.8,14.5,6.0,5.3,104.0,44.0,,,,,,
2026-06-27T03:00,40,Good,8.9,15.1,5.9,5.1,101.0,43.0,,,,,,
2026-06-27T04:00,41,Good,8.9,15.4,5.8,5.0,99.0,42.0,,,,,,
2026-06-27T05:00,42,Good,9.0,15.0,6.0,5.5,101.0,43.0,,,,,,
2026-06-27T06:00,42,Good,9.1,15.1,5.9,5.6,107.0,43.0,,,,,,
2026-06-27T07:00,43,Good,9.2,15.2,5.8,5.8,118.0,44.0,,,,,,
2026-06-27T08:00,44,Good,9.4,15.3,5.5,5.8,132.0,47.0,,,,,,
2026-06-27T09:00,44,Good,9.8,15.8,5.1,5.5,156.0,55.0,,,,,,
2026-06-27T10:00,45,Good,10.8,16.8,4.6,5.1,184.0,66.0,,,,,,
2026-06-27T11:00,47,Good,11.8,17.5,4.0,4.5,202.0,77.0,,,,,,
2026-06-27T12:00,48,Good,12.2,17.5,3.1,3.7,200.0,88.0,,,,,,
2026-06-27T13:00,49,Good,12.2,17.3,2.2,2.9,189.0,98.0,,,,,,
2026-06-27T14:00,50,Good,11.6,16.6,1.7,2.3,179.0,104.0,,,,,,
2026-06-27T15:00,50,Good,10.7,15.4,2.0,2.1,176.0,102.0,,,,,,
2026-06-27T16:00,51,Moderate,9.4,13.7,2.8,2.1,176.0,96.0,,,,,,
2026-06-27T17:00,51,Moderate,10.0,14.2,3.1,1.4,177.0,89.0,,,,,,
2026-06-27T18:00,51,Moderate,9.3,13.4,4.1,2.3,183.0,83.0,,,,,,
2026-06-27T19:00,51,Moderate,8.6,12.7,5.5,3.5,192.0,74.0,,,,,,
2026-06-27T20:00,51,Moderate,9.2,14.4,6.5,4.4,193.0,66.0,,,,,,
2026-06-27T21:00,51,Moderate,10.2,16.5,6.8,4.8,182.0,60.0,,,,,,
2026-06-27T22:00,51,Moderate,11.1,18.5,6.8,5.0,164.0,56.0,,,,,,
2026-06-27T23:00,52,Moderate,11.5,19.6,6.7,5.1,146.0,52.0,,,,,,
2026-06-28T00:00,52,Moderate,11.5,20.0,6.8,5.2,129.0,49.0,,,,,,
2026-06-28T01:00,52,Moderate,11.4,20.1,6.8,5.2,112.0,46.0,,,,,,
2026-06-28T02:00,52,Moderate,11.1,20.2,6.7,5.1,101.0,44.0,,,,,,
2026-06-28T03:00,52,Moderate,10.7,20.0,6.4,5.0,98.0,42.0,,,,,,
2026-06-28T04:00,53,Moderate,10.2,19.7,6.1,4.8,101.0,42.0,,,,,,
2026-06-28T05:00,53,Moderate,9.7,19.3,5.7,4.9,108.0,41.0,,,,,,
2026-06-28T06:00,53,Moderate,9.1,18.2,5.2,5.1,121.0,43.0,,,,,,
2026-06-28T07:00,53,Moderate,8.5,16.7,4.6,5.4,138.0,45.0,,,,,,
2026-06-28T08:00,53,Moderate,8.0,15.0,3.9,5.5,146.0,51.0,,,,,,
2026-06-28T09:00,53,Moderate,7.9,14.2,3.3,5.3,135.0,63.0,,,,,,
2026-06-28T10:00,52,Moderate,8.4,14.7,2.7,4.9,115.0,78.0,,,,,,
2026-06-28T11:00,52,Moderate,9.2,14.8,2.2,4.4,100.0,90.0,,,,,,
2026-06-28T12:00,52,Moderate,8.5,12.5,1.8,3.7,98.0,96.0,,,,,,
2026-06-28T13:00,52,Moderate,7.7,10.6,1.5,2.9,101.0,98.0,,,,,,
2026-06-28T14:00,51,Moderate,7.4,10.8,1.5,2.4,103.0,97.0,,,,,,
2026-06-28T15:00,51,Moderate,6.3,9.3,1.8,2.4,102.0,93.0,,,,,,
2026-06-28T16:00,51,Moderate,6.1,9.0,2.4,2.7,100.0,85.0,,,,,,
2026-06-28T17:00,50,Good,5.3,8.2,2.9,3.0,99.0,77.0,,,,,,
2026-06-28T18:00,50,Good,4.5,6.8,3.3,3.3,101.0,68.0,,,,,,
2026-06-28T19:00,49,Good,3.9,5.9,3.8,3.7,105.0,58.0,,,,,,
2026-06-28T20:00,48,Good,3.2,4.7,4.1,4.0,108.0,51.0,,,,,,
2026-06-28T21:00,47,Good,2.5,3.5,4.3,4.1,109.0,47.0,,,,,,
2026-06-28T22:00,45,Good,2.3,3.0,4.4,4.2,109.0,45.0,,,,,,
2026-06-28T23:00,43,Good,2.2,2.8,4.4,4.2,109.0,44.0,,,,,,
2026-06-29T00:00,41,Good,2.1,2.7,4.4,4.2,110.0,43.0,,,,,,
2026-06-29T01:00,38,Good,2.2,2.9,4.4,4.1,111.0,42.0,,,,,,
2026-06-29T02:00,36,Good,2.2,2.9,4.4,4.1,113.0,42.0,,,,,,
2026-06-29T03:00,34,Good,2.1,2.7,4.4,4.1,115.0,42.0,,,,,,
2026-06-29T04:00,32,Good,1.9,2.4,4.3,4.2,118.0,41.0,,,,,,
2026-06-29T05:00,30,Good,3.2,4.7,4.9,5.2,119.0,40.0,,,,,,
2026-06-29T06:00,29,Good,3.1,4.4,4.6,5.4,119.0,41.0,,,,,,
2026-06-29T07:00,27,Good,3.2,4.4,4.3,5.7,119.0,43.0,,,,,,
2026-06-29T08:00,26,Good,3.3,4.3,3.8,5.8,117.0,49.0,,,,,,
2026-06-29T09:00,25,Good,3.1,3.6,3.1,5.8,113.0,61.0,,,,,,
2026-06-29T10:00,24,Good,3.7,4.3,2.3,5.6,107.0,77.0,,,,,,
2026-06-29T11:00,23,Good,4.7,6.3,1.8,5.2,104.0,89.0,,,,,,
2026-06-29T12:00,26,Good,5.8,8.1,1.6,4.3,105.0,96.0,,,,,,
2026-06-29T13:00,29,Good,6.9,9.8,1.7,3.1,108.0,100.0,,,,,,
2026-06-29T14:00,32,Good,8.0,11.8,1.9,2.4,111.0,101.0,,,,,,
2026-06-29T15:00,36,Good,8.4,12.9,2.3,2.4,114.0,98.0,,,,,,
2026-06-29T16:00,39,Good,7.1,11.1,2.8,2.8,117.0,91.0,,,,,,
2026-06-29T17:00,41,Good,5.2,9.8,2.7,2.8,118.0,68.0,,,,,,
2026-06-29T18:00,42,Good,5.8,11.6,3.4,3.2,117.0,63.0,,,,,,
2026-06-29T19:00,41,Good,6.7,13.3,4.3,3.7,114.0,57.0,,,,,,
2026-06-29T20:00,39,Good,7.5,14.7,5.1,4.2,112.0,51.0,,,,,,
2026-06-29T21:00,36,Good,8.2,15.9,5.6,4.6,111.0,48.0,,,,,,
2026-06-29T22:00,33,Good,8.6,16.8,6.0,5.0,111.0,46.0,,,,,,
2026-06-29T23:00,30,Good,8.9,17.2,6.2,5.3,111.0,44.0,,,,,,
2026-06-30T00:00,28,Good,8.8,17.2,6.1,5.4,111.0,43.0,,,,,,
2026-06-30T01:00,30,Good,8.1,15.9,5.7,5.3,112.0,42.0,,,,,,
2026-06-30T02:00,31,Good,6.8,12.8,5.3,5.1,112.0,41.0,,,,,,
2026-06-30T03:00,32,Good,5.5,10.2,4.9,4.8,110.0,41.0,,,,,,
2026-06-30T04:00,33,Good,4.7,8.6,4.4,4.4,108.0,41.0,,,,,,
2026-06-30T05:00,34,Good,4.9,9.3,4.1,4.6,108.0,41.0,,,,,,
2026-06-30T06:00,34,Good,4.5,8.5,4.0,4.9,113.0,41.0,,,,,,
2026-06-30T07:00,34,Good,4.5,8.3,3.8,5.4,119.0,42.0,,,,,,
2026-06-30T08:00,35,Good,4.9,9.1,3.5,5.6,122.0,47.0,,,,,,
2026-06-30T09:00,35,Good,6.0,11.1,3.0,5.5,117.0,58.0,,,,,,
2026-06-30T10:00,36,Good,7.4,13.2,2.4,5.1,107.0,73.0,,,,,,
2026-06-30T11:00,37,Good,8.6,14.6,2.0,4.6,100.0,85.0,,,,,,
2026-06-30T12:00,37,Good,9.1,16.0,1.9,3.9,98.0,91.0,,,,,,
2026-06-30T13:00,38,Good,9.5,17.4,1.9,3.0,98.0,94.0,,,,,,
2026-06-30T14:00,39,Good,10.7,19.9,2.1,2.5,100.0,94.0,,,,,,
2026-06-30T15:00,39,Good,11.1,21.4,2.3,2.4,102.0,90.0,,,,,,
2026-06-30T16:00,40,Good,9.9,19.6,2.7,2.7,106.0,84.0,,,,,,
2026-06-30T17:00,41,Good,9.4,20.5,3.1,2.9,110.0,72.0,,,,,,
2026-06-30T18:00,42,Good,7.8,16.4,3.4,3.1,115.0,64.0,,,,,,
2026-06-30T19:00,42,Good,6.9,14.0,3.9,3.4,120.0,53.0,,,,,,
2026-06-30T20:00,42,Good,7.2,14.6,4.4,3.8,124.0,44.0,,,,,,
2026-06-30T21:00,42,Good,7.7,15.8,4.9,4.3,127.0,39.0,,,,,,
2026-06-30T22:00,42,Good,8.4,17.5,5.3,5.0,129.0,37.0,,,,,,
2026-06-30T23:00,42,Good,9.0,19.4,5.6,5.4,130.0,35.0,,,,,,
2026-07-01T00:00,42,Good,9.6,21.1,5.7,5.6,125.0,34.0,,,,,,
2026-07-01T01:00,42,Good,9.9,21.9,5.6,5.5,118.0,34.0,,,,,,
2026-07-01T02:00,43,Good,9.8,21.3,5.5,5.5,120.0,34.0,,,,,,
2026-07-01T03:00,43,Good,9.3,19.5,5.3,5.4,142.0,34.0,,,,,,
2026-07-01T04:00,44,Good,8.3,16.8,5.1,5.3,173.0,35.0,,,,,,
2026-07-01T05:00,45,Good,6.1,12.1,4.6,5.0,190.0,36.0,,,,,,
2026-07-01T06:00,45,Good,5.2,10.0,4.4,5.0,180.0,37.0,,,,,,
2026-07-01T07:00,45,Good,4.9,9.4,4.1,5.0,157.0,38.0,,,,,,
2026-07-01T08:00,46,Good,5.3,10.0,3.7,5.0,137.0,43.0,,,,,,
2026-07-01T09:00,46,Good,6.3,11.8,3.1,5.1,122.0,54.0,,,,,,
2026-07-01T10:00,46,Good,7.9,14.4,2.4,5.1,111.0,67.0,,,,,,
2026-07-01T11:00,46,Good,9.5,17.2,1.8,4.9,116.0,78.0,,,,,,
2026-07-01T12:00,46,Good,9.9,17.9,1.5,4.2,154.0,84.0,,,,,,
2026-07-01T13:00,46,Good,10.2,19.8,1.4,3.3,209.0,87.0,,,,,,
2026-07-01T14:00,46,Good,10.3,19.6,1.5,2.7,237.0,88.0,,,,,,
2026-07-01T15:00,46,Good,10.3,19.6,2.0,2.6,213.0,85.0,,,,,,
2026-07-01T16:00,46,Good,10.2,19.3,2.8,2.8,164.0,79.0,,,,,,
2026-07-01T17:00,46,Good,12.0,23.5,3.4,3.0,126.0,80.0,,,,,,
2026-07-01T18:00,47,Good,10.2,18.6,3.9,3.3,118.0,72.0,,,,,,
2026-07-01T19:00,47,Good,9.1,16.4,4.7,3.7,121.0,62.0,,,,,,
2026-07-01T20:00,48,Good,9.1,16.4,5.4,4.2,124.0,53.0,,,,,,
2026-07-01T21:00,48,Good,9.4,17.1,5.9,4.9,121.0,48.0,,,,,,
2026-07-01T22:00,49,Good,9.4,16.7,6.4,5.7,117.0,45.0,,,,,,
2026-07-01T23:00,49,Good,9.3,15.8,6.7,6.3,115.0,43.0,,,,,,
2026-07-02T00:00,49,Good,9.1,15.1,6.7,6.4,116.0,41.0,,,,,,
2026-07-02T01:00,49,Good,8.8,14.3,6.6,6.2,119.0,41.0,,,,,,
2026-07-02T02:00,49,Good,8.3,13.5,6.4,6.1,121.0,40.0,,,,,,
2026-07-02T03:00,48,Good,7.9,13.0,6.2,6.0,118.0,39.0,,,,,,
2026-07-02T04:00,48,Good,7.6,12.6,5.9,5.9,114.0,39.0,,,,,,
2026-07-02T05:00,48,Good,7.8,12.1,6.1,5.9,115.0,38.0,,,,,,
2026-07-02T06:00,48,Good,7.6,11.8,5.6,6.1,128.0,38.0,,,,,,
2026-07-02T07:00,49,Good,7.4,11.4,4.9,6.4,147.0,40.0,,,,,,
2026-07-02T08:00,49,Good,7.5,11.4,4.2,6.5,161.0,45.0,,,,,,
2026-07-02T09:00,50,Good,8.2,12.0,3.4,6.3,165.0,58.0,,,,,,
2026-07-02T10:00,50,Good,9.4,13.9,2.5,6.0,164.0,75.0,,,,,,
2026-07-02T11:00,50,Good,10.1,15.3,1.9,5.4,159.0,88.0,,,,,,
2026-07-02T12:00,50,Good,10.1,15.4,1.6,4.4,150.0,93.0,,,,,,
2026-07-02T13:00,50,Good,10.2,15.8,1.6,3.1,139.0,95.0,,,,,,
2026-07-02T14:00,50,Good,9.6,15.6,1.7,2.2,129.0,93.0,,,,,,
2026-07-02T15:00,50,Good,8.8,14.6,2.1,2.1,122.0,89.0,,,,,,
2026-07-02T16:00,50,Good,7.9,13.2,2.6,2.3,117.0,82.0,,,,,,
2026-07-02T17:00,50,Good,8.6,14.7,3.6,2.8,115.0,75.0,,,,,,
2026-07-02T18:00,49,Good,7.6,12.3,4.1,3.1,118.0,67.0,,,,,,
2026-07-02T19:00,48,Good,6.5,10.2,4.7,3.6,124.0,55.0,,,,,,
2026-07-02T20:00,48,Good,5.2,7.7,5.3,4.0,130.0,46.0,,,,,,
2026-07-02T21:00,47,Good,4.2,5.9,5.7,4.4,137.0,41.0,,,,,,
2026-07-02T22:00,46,Good,3.9,5.2,6.1,4.8,145.0,38.0,,,,,,
2026-07-02T23:00,44,Good,3.7,5.0,6.3,5.1,149.0,36.0,,,,,,
2026-07-03T00:00,43,Good,3.7,5.0,6.2,5.2,145.0,35.0,,,,,,
2026-07-03T01:00,42,Good,3.6,5.2,6.0,5.1,137.0,35.0,,,,,,
2026-07-03T02:00,41,Good,3.4,5.1,5.7,5.0,132.0,35.0,,,,,,
2026-07-03T03:00,39,Good,3.2,4.8,5.4,4.9,131.0,35.0,,,,,,
2026-07-03T04:00,38,Good,3.0,4.6,5.1,4.8,132.0,35.0,,,,,,
2026-07-03T05:00,37,Good,2.8,3.9,5.0,4.8,136.0,34.0,,,,,,
2026-07-03T06:00,36,Good,2.7,3.6,4.7,5.1,146.0,35.0,,,,,,
2026-07-03T07:00,35,Good,2.6,3.5,4.2,5.5,158.0,36.0,,,,,,
2026-07-03T08:00,34,Good,2.7,3.6,3.7,5.6,162.0,40.0,,,,,,
2026-07-03T09:00,33,Good,3.6,5.2,3.0,5.3,149.0,50.0,,,,,,
2026-07-03T10:00,32,Good,4.9,7.8,2.2,4.7,127.0,64.0,,,,,,
2026-07-03T11:00,31,Good,5.7,9.2,1.7,4.1,111.0,74.0,,,,,,
2026-07-03T12:00,30,Good,6.3,10.3,1.6,3.4,108.0,78.0,,,,,,
2026-07-03T13:00,29,Good,7.0,11.3,1.7,2.7,111.0,80.0,,,,,,
2026-07-03T14:00,28,Good,7.2,11.5,2.0,2.2,114.0,79.0,,,,,,
2026-07-03T15:00,29,Good,7.0,11.4,2.4,2.2,116.0,77.0,,,,,,
2026-07-03T16:00,31,Good,6.9,11.6,2.9,2.5,118.0,72.0,,,,,,
2026-07-03T17:00,33,Good,6.7,12.4,3.1,2.8,121.0,69.0,,,,,,
2026-07-03T18:00,34,Good,7.6,14.7,3.6,3.2,127.0,63.0,,,,,,
2026-07-03T19:00,34,Good,8.2,15.9,4.4,3.8,135.0,55.0,,,,,,
2026-07-03T20:00,33,Good,8.5,16.9,5.0,4.3,141.0,48.0,,,,,,
2026-07-03T21:00,31,Good,8.4,16.9,5.4,4.7,145.0,44.0,,,,,,
2026-07-03T22:00,29,Good,8.8,18.3,5.8,5.1,149.0,42.0,,,,,,
2026-07-03T23:00,30,Good,9.4,19.7,6.0,5.4,150.0,41.0,,,,,,
2026-07-04T00:00,31,Good,9.5,19.8,6.1,5.5,149.0,40.0,,,,,,
2026-07-04T01:00,32,Good,9.1,18.7,6.2,5.4,147.0,39.0,,,,,,
2026-07-04T02:00,34,Good,8.3,16.5,6.1,5.3,141.0,39.0,,,,,,
2026-07-04T03:00,35,Good,7.3,14.2,5.9,5.1,129.0,39.0,,,,,,
2026-07-04T04:00,36,Good,6.3,12.4,5.5,4.8,113.0,40.0,,,,,,
2026-07-04T05:00,36,Good,4.7,7.3,5.3,4.7,105.0,40.0,,,,,,
2026-07-04T06:00,37,Good,3.9,6.1,5.1,4.6,112.0,41.0,,,,,,
2026-07-04T07:00,37,Good,3.6,5.9,4.8,4.4,125.0,42.0,,,,,,
2026-07-04T08:00,37,Good,3.6,5.8,4.3,4.2,132.0,45.0,,,,,,
2026-07-04T09:00,38,Good,3.5,5.6,3.5,4.1,124.0,53.0,,,,,,
2026-07-04T10:00,38,Good,4.0,6.8,2.6,4.0,109.0,63.0,,,,,,
2026-07-04T11:00,37,Good,4.8,8.8,2.0,3.8,99.0,71.0,,,,,,
2026-07-04T12:00,37,Good,5.2,10.4,1.8,3.5,101.0,75.0,,,,,,
2026-07-04T13:00,37,Good,5.0,9.7,1.8,3.1,108.0,77.0,,,,,,
2026-07-04T14:00,36,Good,4.4,7.9,2.0,2.9,114.0,76.0,,,,,,
2026-07-04T15:00,36,Good,3.8,6.8,2.3,2.8,116.0,70.0,,,,,,
2026-07-04T16:00,35,Good,3.3,6.8,2.7,2.9,116.0,62.0,,,,,,
2026-07-04T17:00,34,Good,5.7,13.7,2.9,2.8,117.0,58.0,,,,,,
2026-07-04T18:00,34,Good,7.0,17.3,3.6,3.3,119.0,55.0,,,,,,
2026-07-04T19:00,34,Good,8.1,20.5,4.6,3.9,121.0,50.0,,,,,,
2026-07-04T20:00,34,Good,9.5,24.4,5.5,4.5,126.0,46.0,,,,,,
2026-07-04T21:00,34,Good,10.0,25.4,6.2,5.1,138.0,43.0,,,,,,
2026-07-04T22:00,34,Good,10.7,26.0,6.7,5.6,152.0,41.0,,,,,,
2026-07-04T23:00,35,Good,10.9,25.0,7.0,5.9,160.0,40.0,,,,,,
2026-07-05T00:00,35,Good,10.4,22.1,6.9,5.8,154.0,39.0,,,,,,
2026-07-05T01:00,35,Good,9.3,18.7,6.6,5.6,142.0,40.0,,,,,,
2026-07-05T02:00,35,Good,8.2,15.9,6.2,5.3,130.0,40.0,,,,,,
2026-07-05T03:00,35,Good,7.1,13.9,5.7,5.1,121.0,40.0,,,,,,
2026-07-05T04:00,35,Good,6.2,12.5,5.1,4.9,113.0,41.0,,,,,,
2026-07-05T05:00,35,Good,5.9,12.3,4.8,4.7,109.0,42.0,,,,,,
2026-07-05T06:00,36,Good,5.7,11.8,4.5,4.9,109.0,42.0,,,,,,
2026-07-05T07:00,36,Good,5.7,11.6,4.1,5.2,114.0,43.0,,,,,,
2026-07-05T08:00,37,Good,5.8,11.5,3.6,5.3,121.0,47.0,,,,,,
2026-07-05T09:00,37,Good,6.6,12.4,3.0,5.1,136.0,56.0,,,,,,
2026-07-05T10:00,38,Good,8.4,15.5,2.3,4.8,154.0,67.0,,,,,,
2026-07-05T11:00,39,Good,10.2,18.8,1.8,4.3,162.0,76.0,,,,,,
2026-07-05T12:00,40,Good,11.7,22.4,1.6,3.7,148.0,82.0,,,,,,
2026-07-05T13:00,42,Good,12.4,24.3,1.5,2.9,124.0,87.0,,,,,,
2026-07-05T14:00,43,Good,12.7,25.7,1.6,2.4,106.0,88.0,,,,,,
2026-07-05T15:00,45,Good,12.7,26.9,1.7,2.2,101.0,85.0,,,,,,
2026-07-05T16:00,47,Good,12.3,26.6,2.0,2.2,103.0,80.0,,,,,,
2026-07-05T17:00,49,Good,10.8,22.5,2.1,2.3,106.0,76.0,,,,,,
2026-07-05T18:00,50,Good,11.3,24.0,2.5,2.6,111.0,71.0,,,,,,
2026-07-05T19:00,51,Moderate,12.0,25.1,3.1,3.0,117.0,64.0,,,,,,
2026-07-05T20:00,51,Moderate,12.7,26.5,3.7,3.4,123.0,58.0,,,,,,
2026-07-05T21:00,51,Moderate,13.3,27.6,4.2,3.9,126.0,54.0,,,,,,
2026-07-05T22:00,51,Moderate,13.8,28.9,4.6,4.5,129.0,51.0,,,,,,
2026-07-05T23:00,52,Moderate,14.1,29.3,4.9,4.9,131.0,49.0,,,,,,
2026-07-06T00:00,52,Moderate,14.1,28.9,5.0,5.1,135.0,48.0,,,,,,
2026-07-06T01:00,52,Moderate,13.8,28.0,4.9,5.1,139.0,47.0,,,,,,
2026-07-06T02:00,52,Moderate,13.0,26.1,4.8,5.1,141.0,47.0,,,,,,
2026-07-06T03:00,53,Moderate,11.9,23.7,4.5,5.0,141.0,47.0,,,,,,
2026-07-06T04:00,53,Moderate,10.7,21.1,4.2,4.8,140.0,46.0,,,,,,
2026-07-06T05:00,54,Moderate,9.9,19.9,4.3,5.3,138.0,47.0,,,,,,
2026-07-06T06:00,54,Moderate,9.6,19.4,4.2,5.7,136.0,47.0,,,,,,
2026-07-06T07:00,54,Moderate,9.5,18.9,4.0,6.1,133.0,49.0,,,,,,
2026-07-06T08:00,55,Moderate,9.6,18.7,3.7,6.3,129.0,53.0,,,,,,
2026-07-06T09:00,55,Moderate,10.4,19.8,3.2,5.9,123.0,63.0,,,,,,
2026-07-06T10:00,55,Moderate,12.3,22.7,2.5,5.2,116.0,77.0,,,,,,
2026-07-06T11:00,55,Moderate,13.4,23.9,2.0,4.4,110.0,88.0,,,,,,
2026-07-06T12:00,56,Moderate,14.1,25.0,1.8,3.6,107.0,95.0,,,,,,
2026-07-06T13:00,56,Moderate,14.3,24.9,1.8,2.9,106.0,99.0,,,,,,
2026-07-06T14:00,56,Moderate,14.1,24.6,1.9,2.3,106.0,99.0,,,,,,
2026-07-06T15:00,56,Moderate,13.4,24.2,2.1,2.1,108.0,95.0,,,,,,
2026-07-06T16:00,56,Moderate,12.7,24.0,2.4,2.1,112.0,87.0,,,,,,
2026-07-06T17:00,56,Moderate,11.0,20.8,2.7,2.5,116.0,79.0,,,,,,
2026-07-06T18:00,56,Moderate,11.1,21.1,3.2,2.8,121.0,73.0,,,,,,
2026-07-06T19:00,56,Moderate,11.6,21.5,4.0,3.2,126.0,65.0,,,,,,
2026-07-06T20:00,56,Moderate,12.5,23.1,4.6,3.7,133.0,59.0,,,,,,
2026-07-06T21:00,56,Moderate,13.2,24.1,5.0,4.2,146.0,56.0,,,,,,
2026-07-06T22:00,56,Moderate,13.8,25.3,5.4,4.7,161.0,54.0,,,,,,
2026-07-06T23:00,56,Moderate,14.0,25.3,5.6,5.1,167.0,52.0,,,,,,
2026-07-07T00:00,56,Moderate,14.0,24.9,5.8,5.4,156.0,50.0,,,,,,
2026-07-07T01:00,56,Moderate,13.3,23.3,5.9,5.6,135.0,49.0,,,,,,
2026-07-07T02:00,56,Moderate,12.0,20.8,5.8,5.7,119.0,48.0,,,,,,
2026-07-07T03:00,56,Moderate,10.7,18.4,5.4,5.5,111.0,48.0,,,,,,
2026-07-07T04:00,56,Moderate,9.3,15.9,4.8,5.2,107.0,48.0,,,,,,
2026-07-07T05:00,56,Moderate,12.0,20.9,4.5,4.8,110.0,47.0,,,,,,
2026-07-07T06:00,56,Moderate,11.2,19.6,4.2,4.9,125.0,47.0,,,,,,
2026-07-07T07:00,56,Moderate,10.8,18.7,3.8,5.0,146.0,48.0,,,,,,
2026-07-07T08:00,56,Moderate,11.1,19.4,3.4,5.0,156.0,51.0,,,,,,
2026-07-07T09:00,56,Moderate,12.5,21.5,3.0,4.6,143.0,58.0,,,,,,
2026-07-07T10:00,56,Moderate,14.6,25.3,2.5,4.1,119.0,68.0,,,,,,
2026-07-07T11:00,57,Moderate,15.7,26.4,2.2,3.6,102.0,77.0,,,,,,
2026-07-07T12:00,57,Moderate,16.6,28.1,2.1,3.1,100.0,85.0,,,,,,
2026-07-07T13:00,57,Moderate,16.4,28.6,2.0,2.7,104.0,91.0,,,,,,
2026-07-07T14:00,57,Moderate,15.8,28.9,2.1,2.4,108.0,94.0,,,,,,
2026-07-07T15:00,57,Moderate,15.9,32.6,2.2,2.3,110.0,91.0,,,,,,
2026-07-07T16:00,58,Moderate,16.5,37.1,2.3,2.2,111.0,84.0,,,,,,
2026-07-07T17:00,58,Moderate,20.1,46.1,3.4,2.6,113.0,78.0,,,,,,
2026-07-07T18:00,59,Moderate,21.9,49.5,3.8,2.9,116.0,71.0,,,,,,
2026-07-07T19:00,59,Moderate,22.7,47.6,4.4,3.3,119.0,62.0,,,,,,
2026-07-07T20:00,60,Moderate,22.6,45.2,4.9,3.8,120.0,55.0,,,,,,
2026-07-07T21:00,61,Moderate,22.1,43.2,5.2,4.3,117.0,51.0,,,,,,
2026-07-07T22:00,62,Moderate,21.7,42.7,5.4,4.8,113.0,50.0,,,,,,
2026-07-07T23:00,62,Moderate,21.1,41.7,5.6,5.2,114.0,48.0,,,,,,
2026-07-08T00:00,63,Moderate,19.3,36.2,5.8,5.3,128.0,46.0,,,,,,
2026-07-08T01:00,63,Moderate,17.5,31.5,5.9,5.2,146.0,44.0,,,,,,
2026-07-08T02:00,64,Moderate,15.8,27.5,5.9,5.2,157.0,42.0,,,,,,
2026-07-08T03:00,64,Moderate,14.4,24.7,5.8,5.2,149.0,41.0,,,,,,
2026-07-08T04:00,64,Moderate,13.5,22.7,5.5,5.2,133.0,39.0,,,,,,
2026-07-08T05:00,65,Moderate,13.3,22.1,5.4,5.1,124.0,39.0,,,,,,
2026-07-08T06:00,65,Moderate,12.1,19.7,5.0,5.2,133.0,39.0,,,,,,
2026-07-08T07:00,65,Moderate,11.1,17.6,4.4,5.3,149.0,39.0,,,,,,
2026-07-08T08:00,65,Moderate,10.6,16.3,3.8,5.2,155.0,42.0,,,,,,
2026-07-08T09:00,65,Moderate,10.5,15.6,3.3,4.8,140.0,51.0,,,,,,
2026-07-08T10:00,65,Moderate,10.8,15.7,2.9,4.1,115.0,63.0,,,,,,
2026-07-08T11:00,64,Moderate,10.9,16.1,2.5,3.5,97.0,73.0,,,,,,
2026-07-08T12:00,64,Moderate,11.0,16.4,2.1,2.9,95.0,81.0,,,,,,
2026-07-08T13:00,63,Moderate,10.8,16.4,1.7,2.2,101.0,86.0,,,,,,
2026-07-08T14:00,63,Moderate,10.5,16.5,1.7,1.9,106.0,89.0,,,,,,
2026-07-08T15:00,63,Moderate,10.6,17.3,2.2,2.1,105.0,87.0,,,,,,
2026-07-08T16:00,62,Moderate,10.1,17.8,3.1,2.5,104.0,82.0,,,,,,
2026-07-08T17:00,62,Moderate,11.4,23.0,3.8,3.1,104.0,70.0,,,,,,
2026-07-08T18:00,61,Moderate,9.7,19.2,4.3,3.3,109.0,63.0,,,,,,
2026-07-08T19:00,60,Moderate,8.7,17.1,5.0,3.7,117.0,52.0,,,,,,
2026-07-08T20:00,59,Moderate,8.5,15.5,5.6,4.1,121.0,44.0,,,,,,
2026-07-08T21:00,58,Moderate,8.3,14.1,6.2,4.7,119.0,39.0,,,,,,
2026-07-08T22:00,57,Moderate,8.0,13.0,6.7,5.4,113.0,37.0,,,,,,
2026-07-08T23:00,56,Moderate,7.9,12.2,7.0,5.9,107.0,35.0,,,,,,
2026-07-09T00:00,55,Moderate,7.7,11.9,7.0,6.0,100.0,34.0,,,,,,
2026-07-09T01:00,54,Moderate,7.5,11.8,6.8,6.0,94.0,33.0,,,,,,
2026-07-09T02:00,53,Moderate,7.2,11.5,6.5,5.9,90.0,33.0,,,,,,
2026-07-09T03:00,52,Moderate,6.9,11.1,6.3,5.9,92.0,33.0,,,,,,
2026-07-09T04:00,52,Moderate,6.7,10.9,6.0,5.9,97.0,32.0,,,,,,
2026-07-09T05:00,51,Moderate,6.0,8.6,6.2,5.7,102.0,31.0,,,,,,
2026-07-09T06:00,51,Moderate,5.6,8.1,5.6,5.7,108.0,33.0,,,,,,
2026-07-09T07:00,50,Good,5.5,8.4,4.7,5.7,115.0,36.0,,,,,,
2026-07-09T08:00,49,Good,6.2,10.0,3.9,5.5,117.0,41.0,,,,,,
2026-07-09T09:00,48,Good,7.8,12.5,3.5,5.1,110.0,51.0,,,,,,
2026-07-09T10:00,47,Good,9.8,15.3,3.2,4.5,99.0,64.0,,,,,,
2026-07-09T11:00,47,Good,11.7,17.8,2.9,3.9,95.0,75.0,,,,,,
2026-07-09T12:00,47,Good,12.3,18.2,2.3,3.2,104.0,84.0,,,,,,
2026-07-09T13:00,48,Good,12.5,18.9,1.7,2.4,119.0,91.0,,,,,,
2026-07-09T14:00,48,Good,12.6,19.6,1.6,1.9,130.0,96.0,,,,,,
2026-07-09T15:00,48,Good,12.8,20.8,2.5,1.9,132.0,97.0,,,,,,
2026-07-09T16:00,49,Good,12.4,20.8,3.9,2.2,131.0,95.0,,,,,,
2026-07-09T17:00,49,Good,12.5,19.8,3.5,1.2,129.0,87.0,,,,,,
2026-07-09T18:00,50,Good,12.5,20.0,4.8,2.1,128.0,79.0,,,,,,
2026-07-09T19:00,50,Good,12.8,20.4,6.5,3.3,127.0,68.0,,,,,,
2026-07-09T20:00,50,Good,13.1,20.7,7.7,4.2,126.0,59.0,,,,,,
2026-07-09T21:00,51,Moderate,12.5,19.7,7.7,4.5,125.0,52.0,,,,,,
2026-07-09T22:00,51,Moderate,11.4,18.2,7.1,4.6,123.0,47.0,,,,,,
2026-07-09T23:00,51,Moderate,10.6,16.8,6.6,4.5,119.0,43.0,,,,,,
2026-07-10T00:00,52,Moderate,10.0,15.5,6.7,4.4,112.0,41.0,,,,,,
2026-07-10T01:00,52,Moderate,9.6,14.9,7.0,4.2,103.0,40.0,,,,,,
2026-07-10T02:00,52,Moderate,9.4,14.8,7.0,4.1,96.0,39.0,,,,,,
2026-07-10T03:00,52,Moderate,9.0,14.6,6.6,4.1,91.0,38.0,,,,,,
2026-07-10T04:00,52,Moderate,8.4,14.4,5.9,4.1,89.0,38.0,,,,,,
2026-07-10T05:00,52,Moderate,7.5,13.0,6.0,4.6,91.0,36.0,,,,,,
2026-07-10T06:00,53,Moderate,7.2,12.4,5.6,4.8,104.0,37.0,,,,,,
2026-07-10T07:00,53,Moderate,6.7,11.3,5.1,5.1,123.0,38.0,,,,,,
2026-07-10T08:00,53,Moderate,6.3,10.0,4.6,5.2,133.0,43.0,,,,,,
2026-07-10T09:00,53,Moderate,6.1,8.8,4.2,5.0,126.0,55.0,,,,,,
2026-07-10T10:00,53,Moderate,6.3,8.6,3.8,4.5,110.0,70.0,,,,,,
2026-07-10T11:00,52,Moderate,6.5,8.2,3.4,4.0,99.0,83.0,,,,,,
2026-07-10T12:00,52,Moderate,7.2,9.1,2.8,3.3,100.0,92.0,,,,,,
2026-07-10T13:00,52,Moderate,7.4,9.8,2.1,2.6,106.0,98.0,,,,,,
2026-07-10T14:00,51,Moderate,8.4,12.5,1.8,2.2,112.0,101.0,,,,,,
2026-07-10T15:00,51,Moderate,8.1,12.4,2.2,2.3,117.0,99.0,,,,,,
2026-07-10T16:00,50,Good,7.7,12.1,3.0,2.7,122.0,94.0,,,,,,
2026-07-10T17:00,50,Good,8.8,15.9,4.1,3.0,125.0,84.0,,,,,,
2026-07-10T18:00,49,Good,8.6,15.4,4.7,3.4,124.0,76.0,,,,,,
2026-07-10T19:00,49,Good,8.4,15.3,5.6,3.8,120.0,64.0,,,,,,
2026-07-10T20:00,47,Good,8.4,15.5,6.3,4.3,116.0,55.0,,,,,,
2026-07-10T21:00,46,Good,8.1,14.8,6.6,4.7,112.0,50.0,,,,,,
2026-07-10T22:00,45,Good,7.7,13.5,6.7,5.0,108.0,48.0,,,,,,
2026-07-10T23:00,45,Good,7.3,12.4,6.7,5.2,107.0,46.0,,,,,,
2026-07-11T00:00,44,Good,7.0,11.7,6.7,5.2,111.0,44.0,,,,,,
2026-07-11T01:00,43,Good,6.7,11.6,6.7,5.0,118.0,42.0,,,,,,
2026-07-11T02:00,42,Good,6.8,12.1,6.6,4.9,121.0,41.0,,,,,,
2026-07-11T03:00,42,Good,6.7,12.4,6.4,4.8,115.0,40.0,,,,,,
2026-07-11T04:00,41,Good,6.7,12.9,6.0,4.8,105.0,40.0,,,,,,
2026-07-11T05:00,41,Good,6.2,12.4,5.8,5.3,103.0,40.0,,,,,,
2026-07-11T06:00,41,Good,6.2,12.5,5.4,5.4,119.0,40.0,,,,,,
2026-07-11T07:00,40,Good,6.1,12.0,4.8,5.5,142.0,41.0,,,,,,
2026-07-11T08:00,40,Good,6.1,11.0,4.2,5.5,154.0,46.0,,,,,,
2026-07-11T09:00,40,Good,6.2,9.8,3.6,5.4,139.0,58.0,,,,,,
2026-07-11T10:00,40,Good,6.6,9.6,3.0,5.2,112.0,75.0,,,,,,
2026-07-11T11:00,40,Good,6.0,7.8,2.6,4.8,100.0,88.0,,,,,,
2026-07-11T12:00,40,Good,6.4,7.8,2.3,4.0,121.0,97.0,,,,,,
2026-07-11T13:00,40,Good,7.2,8.9,2.1,3.0,156.0,103.0,,,,,,
2026-07-11T14:00,40,Good,7.5,9.6,2.2,2.3,178.0,105.0,,,,,,
2026-07-11T15:00,40,Good,8.7,12.5,2.6,2.0,171.0,102.0,,,,,,
2026-07-11T16:00,40,Good,8.4,12.6,3.2,2.0,150.0,95.0,,,,,,
2026-07-11T17:00,42,Good,9.7,15.6,4.1,2.1,134.0,88.0,,,,,,
2026-07-11T18:00,44,Good,7.9,12.7,5.0,2.7,130.0,79.0,,,,,,
2026-07-11T19:00,44,Good,7.3,12.2,6.3,3.5,130.0,66.0,,,,,,
2026-07-11T20:00,43,Good,7.4,13.2,7.2,4.2,129.0,56.0,,,,,,
2026-07-11T21:00,40,Good,8.0,14.4,7.3,4.6,126.0,51.0,,,,,,
2026-07-11T22:00,40,Good,9.0,16.9,6.9,4.8,123.0,48.0,,,,,,
2026-07-11T23:00,40,Good,9.6,19.5,6.6,4.9,118.0,46.0,,,,,,
2026-07-12T00:00,40,Good,9.9,21.3,6.6,4.8,111.0,44.0,,,,,,
2026-07-12T01:00,41,Good,9.6,20.9,6.7,4.6,102.0,41.0,,,,,,
2026-07-12T02:00,42,Good,9.1,19.1,6.6,4.4,96.0,40.0,,,,,,
2026-07-12T03:00,42,Good,8.3,17.1,6.3,4.2,94.0,39.0,,,,,,
2026-07-12T04:00,43,Good,7.4,14.8,5.8,4.1,94.0,39.0,,,,,,
2026-07-12T05:00,43,Good,7.5,14.9,6.2,4.6,96.0,37.0,,,,,,
2026-07-12T06:00,43,Good,7.0,13.8,5.6,4.7,102.0,38.0,,,,,,
2026-07-12T07:00,43,Good,6.8,13.2,4.7,4.7,111.0,39.0,,,,,,
2026-07-12T08:00,43,Good,6.8,13.3,3.9,4.7,116.0,44.0,,,,,,
2026-07-12T09:00,44,Good,7.4,14.7,3.2,4.5,112.0,55.0,,,,,,
2026-07-12T10:00,44,Good,8.6,17.2,2.5,4.3,104.0,70.0,,,,,,
2026-07-12T11:00,44,Good,9.5,19.2,2.0,3.9,103.0,81.0,,,,,,
2026-07-12T12:00,45,Good,10.0,19.0,1.8,3.4,118.0,87.0,,,,,,
2026-07-12T13:00,46,Good,9.6,17.5,1.7,2.7,140.0,91.0,,,,,,
2026-07-12T14:00,47,Good,9.1,16.8,1.8,2.3,152.0,91.0,,,,,,
2026-07-12T15:00,47,Good,9.3,18.4,2.1,2.3,142.0,88.0,,,,,,
2026-07-12T16:00,47,Good,9.1,19.2,2.6,2.4,121.0,81.0,,,,,,
2026-07-12T17:00,47,Good,10.1,18.4,3.6,2.8,107.0,80.0,,,,,,
2026-07-12T18:00,47,Good,9.8,19.3,3.8,3.1,108.0,73.0,,,,,,
2026-07-12T19:00,48,Good,9.7,19.6,4.1,3.4,115.0,63.0,,,,,,
2026-07-12T20:00,48,Good,9.5,18.6,4.4,3.8,121.0,55.0,,,,,,
2026-07-12T21:00,49,Good,9.3,18.3,4.7,4.1,121.0,50.0,,,,,,
2026-07-12T22:00,49,Good,9.2,18.3,5.0,4.5,120.0,46.0,,,,,,
2026-07-12T23:00,49,Good,9.1,17.6,5.1,4.6,117.0,43.0,,,,,,
2026-07-13T00:00,49,Good,8.9,18.0,5.0,4.4,112.0,41.0,,,,,,
2026-07-13T01:00,49,Good,8.9,18.8,4.9,4.1,106.0,39.0,,,,,,
2026-07-13T02:00,49,Good,9.0,20.2,4.7,3.8,101.0,38.0,,,,,,
2026-07-13T03:00,49,Good,9.1,21.0,4.6,3.7,97.0,37.0,,,,,,
2026-07-13T04:00,49,Good,8.9,21.3,4.5,3.7,95.0,37.0,,,,,,
2026-07-13T05:00,49,Good,8.8,21.7,4.7,4.2,97.0,37.0,,,,,,
2026-07-13T06:00,49,Good,8.6,21.4,4.5,4.5,107.0,37.0,,,,,,
2026-07-13T07:00,50,Good,8.5,20.8,4.2,5.0,121.0,37.0,,,,,,
2026-07-13T08:00,50,Good,8.7,20.8,3.9,5.2,133.0,41.0,,,,,,
2026-07-13T09:00,50,Good,9.5,21.9,3.7,5.1,141.0,50.0,,,,,,
2026-07-13T10:00,50,Good,11.1,22.4,3.5,4.8,146.0,63.0,,,,,,
2026-07-13T11:00,51,Moderate,12.7,22.9,3.2,4.3,149.0,74.0,,,,,,
2026-07-13T12:00,51,Moderate,12.5,21.1,2.6,3.5,143.0,83.0,,,,,,
2026-07-13T13:00,51,Moderate,12.0,19.2,1.8,2.5,135.0,91.0,,,,,,
2026-07-13T14:00,51,Moderate,11.4,17.9,1.5,1.8,138.0,96.0,,,,,,
2026-07-13T15:00,51,Moderate,11.1,17.5,2.0,1.6,169.0,97.0,,,,,,
2026-07-13T16:00,52,Moderate,11.2,18.2,3.0,1.7,211.0,94.0,,,,,,
2026-07-13T17:00,52,Moderate,11.5,18.1,3.5,1.6,232.0,91.0,,,,,,
2026-07-13T18:00,52,Moderate,11.8,19.5,4.3,2.3,211.0,84.0,,,,,,
2026-07-13T19:00,52,Moderate,11.6,19.2,5.4,3.3,168.0,74.0,,,,,,
2026-07-13T20:00,52,Moderate,11.6,18.5,6.3,4.2,135.0,65.0,,,,,,
2026-07-13T21:00,52,Moderate,11.1,17.2,6.7,4.9,125.0,59.0,,,,,,
2026-07-13T22:00,52,Moderate,11.1,17.9,6.9,5.4,124.0,54.0,,,,,,
2026-07-13T23:00,53,Moderate,11.1,18.5,7.0,5.7,122.0,50.0,,,,,,
2026-07-14T00:00,53,Moderate,11.0,18.3,7.2,5.7,114.0,46.0,,,,,,
2026-07-14T01:00,53,Moderate,10.7,17.8,7.4,5.5,105.0,43.0,,,,,,
2026-07-14T02:00,53,Moderate,10.3,17.3,7.4,5.3,99.0,40.0,,,,,,
2026-07-14T03:00,53,Moderate,9.9,16.9,7.3,5.3,97.0,38.0,,,,,,
2026-07-14T04:00,53,Moderate,9.5,16.6,7.0,5.3,97.0,36.0,,,,,,
2026-07-14T05:00,53,Moderate,8.8,15.3,7.8,6.3,101.0,35.0,,,,,,
2026-07-14T06:00,53,Moderate,8.8,15.3,7.2,6.6,109.0,35.0,,,,,,
2026-07-14T07:00,53,Moderate,8.9,15.5,6.5,7.1,120.0,36.0,,,,,,
2026-07-14T08:00,53,Moderate,9.5,16.6,5.8,7.3,134.0,40.0,,,,,,
2026-07-14T09:00,53,Moderate,10.7,18.7,5.4,7.3,154.0,50.0,,,,,,
2026-07-14T10:00,53,Moderate,12.7,21.8,5.2,7.0,176.0,62.0,,,,,,
2026-07-14T11:00,54,Moderate,14.7,24.4,4.7,6.4,187.0,74.0,,,,,,
2026-07-14T12:00,54,Moderate,14.9,23.4,3.7,5.2,174.0,84.0,,,,,,
2026-07-14T13:00,54,Moderate,14.4,21.9,2.5,3.6,150.0,93.0,,,,,,
2026-07-14T14:00,54,Moderate,13.6,20.2,1.9,2.4,135.0,99.0,,,,,,
2026-07-14T15:00,54,Moderate,12.5,18.5,2.2,1.8,143.0,100.0,,,,,,
2026-07-14T16:00,54,Moderate,11.8,17.8,3.1,1.6,161.0,97.0,,,,,,
2026-07-14T17:00,54,Moderate,13.5,19.4,3.2,1.0,171.0,99.0,,,,,,
2026-07-14T18:00,55,Moderate,13.3,19.7,4.1,1.9,166.0,94.0,,,,,,
2026-07-14T19:00,55,Moderate,13.2,19.7,5.3,3.1,153.0,87.0,,,,,,
2026-07-14T20:00,55,Moderate,13.2,19.1,6.3,4.1,142.0,79.0,,,,,,
2026-07-14T21:00,55,Moderate,13.2,18.9,6.8,4.7,137.0,71.0,,,,,,
2026-07-14T22:00,55,Moderate,13.4,19.4,7.0,5.0,133.0,64.0,,,,,,
2026-07-14T23:00,55,Moderate,13.5,19.9,7.1,5.2,128.0,57.0,,,,,,
2026-07-15T00:00,56,Moderate,13.4,20.0,7.1,5.3,118.0,53.0,,,,,,
2026-07-15T01:00,56,Moderate,13.3,20.7,7.0,5.3,106.0,49.0,,,,,,
2026-07-15T02:00,56,Moderate,13.5,21.7,6.7,5.3,98.0,47.0,,,,,,
2026-07-15T03:00,56,Moderate,13.6,22.5,6.3,5.1,96.0,45.0,,,,,,
2026-07-15T04:00,56,Moderate,13.5,22.6,5.8,4.9,99.0,44.0,,,,,,
2026-07-15T05:00,57,Moderate,12.7,20.9,6.0,5.5,104.0,43.0,,,,,,
2026-07-15T06:00,57,Moderate,12.7,21.2,5.7,5.7,114.0,43.0,,,,,,
2026-07-15T07:00,57,Moderate,12.9,21.8,5.3,5.9,127.0,43.0,,,,,,
2026-07-15T08:00,58,Moderate,13.3,22.9,4.8,5.9,139.0,46.0,,,,,,
2026-07-15T09:00,58,Moderate,14.3,24.7,4.4,5.6,151.0,55.0,,,,,,
2026-07-15T10:00,58,Moderate,15.9,27.3,4.0,5.2,163.0,68.0,,,,,,
2026-07-15T11:00,59,Moderate,16.9,27.5,3.5,4.6,169.0,79.0,,,,,,
2026-07-15T12:00,59,Moderate,16.7,26.2,2.9,3.7,163.0,87.0,,,,,,
2026-07-15T13:00,59,Moderate,15.7,24.3,2.2,2.7,151.0,94.0,,,,,,
2026-07-15T14:00,59,Moderate,14.3,22.2,1.9,2.0,146.0,97.0,,,,,,
2026-07-15T15:00,59,Moderate,13.2,20.5,2.3,1.8,156.0,96.0,,,,,,
2026-07-15T16:00,59,Moderate,12.4,19.7,3.1,1.8,172.0,91.0,,,,,,
2026-07-15T17:00,59,Moderate,12.9,21.0,3.9,2.0,181.0,85.0,,,,,,
2026-07-15T18:00,59,Moderate,13.1,21.7,4.4,2.5,174.0,81.0,,,,,,
2026-07-15T19:00,59,Moderate,13.6,22.2,5.0,3.3,159.0,75.0,,,,,,
2026-07-15T20:00,59,Moderate,14.1,22.5,5.6,3.9,150.0,69.0,,,,,,
2026-07-15T21:00,59,Moderate,15.0,23.6,6.1,4.3,154.0,63.0,,,,,,
2026-07-15T22:00,59,Moderate,15.4,24.0,6.5,4.7,162.0,58.0,,,,,,
2026-07-15T23:00,59,Moderate,14.8,23.1,6.7,4.9,166.0,53.0,,,,,,
2026-07-16T00:00,60,Moderate,14.2,22.2,6.8,5.0,159.0,50.0,,,,,,
2026-07-16T01:00,60,Moderate,13.7,21.8,6.7,4.9,148.0,48.0,,,,,,
2026-07-16T02:00,60,Moderate,13.6,22.2,6.5,4.9,136.0,46.0,,,,,,
2026-07-16T03:00,60,Moderate,13.6,22.8,6.1,4.9,124.0,45.0,,,,,,
2026-07-16T04:00,60,Moderate,13.8,23.8,5.7,4.8,112.0,44.0,,,,,,
2026-07-16T05:00,60,Moderate,13.6,23.5,6.0,5.6,107.0,44.0,,,,,,
2026-07-16T06:00,60,Moderate,13.9,24.3,5.8,5.9,114.0,44.0,,,,,,
2026-07-16T07:00,60,Moderate,14.3,25.6,5.5,6.2,127.0,44.0,,,,,,
2026-07-16T08:00,60,Moderate,15.1,27.4,5.1,6.3,138.0,47.0,,,,,,
2026-07-16T09:00,60,Moderate,16.3,29.8,4.5,6.1,143.0,56.0,,,,,,
2026-07-16T10:00,60,Moderate,18.2,32.5,3.7,5.7,145.0,69.0,,,,,,
2026-07-16T11:00,60,Moderate,19.4,32.4,3.0,5.1,147.0,80.0,,,,,,
2026-07-16T12:00,61,Moderate,19.1,31.2,2.4,4.2,149.0,89.0,,,,,,
2026-07-16T13:00,61,Moderate,18.3,29.7,1.8,3.1,152.0,96.0,,,,,,
2026-07-16T14:00,61,Moderate,17.7,29.0,1.6,2.3,155.0,100.0,,,,,,
2026-07-16T15:00,61,Moderate,16.8,27.8,1.9,2.0,162.0,99.0,,,,,,
2026-07-16T16:00,62,Moderate,15.6,26.3,2.5,2.0,169.0,94.0,,,,,,
2026-07-16T17:00,62,Moderate,15.0,25.5,3.5,1.8,171.0,85.0,,,,,,
2026-07-16T18:00,62,Moderate,14.0,23.7,4.0,2.4,163.0,80.0,,,,,,
2026-07-16T19:00,62,Moderate,13.4,23.1,4.8,3.3,150.0,74.0,,,,,,
2026-07-16T20:00,62,Moderate,13.2,23.6,5.4,4.0,139.0,67.0,,,,,,
2026-07-16T21:00,62,Moderate,13.2,24.0,5.7,4.3,133.0,61.0,,,,,,
2026-07-16T22:00,62,Moderate,13.2,24.9,5.8,4.4,129.0,55.0,,,,,,
2026-07-16T23:00,62,Moderate,13.2,25.8,5.8,4.4,125.0,51.0,,,,,,
2026-07-17T00:00,62,Moderate,13.3,26.3,5.6,4.3,120.0,48.0,,,,,,
2026-07-17T01:00,61,Moderate,13.2,26.3,5.4,4.2,115.0,47.0,,,,,,
2026-07-17T02:00,61,Moderate,13.0,26.0,5.1,4.1,117.0,46.0,,,,,,
2026-07-17T03:00,61,Moderate,12.2,24.6,4.9,4.1,131.0,45.0,,,,,,
2026-07-17T04:00,61,Moderate,10.9,22.1,4.6,4.1,152.0,45.0,,,,,,
2026-07-17T05:00,61,Moderate,10.9,22.0,4.6,4.5,167.0,45.0,,,,,,
2026-07-17T06:00,61,Moderate,10.0,20.2,4.3,4.8,170.0,45.0,,,,,,
2026-07-17T07:00,60,Moderate,9.2,18.5,3.9,5.2,169.0,45.0,,,,,,
2026-07-17T08:00,60,Moderate,8.7,17.3,3.5,5.3,172.0,49.0,,,,,,
2026-07-17T09:00,60,Moderate,9.5,18.3,3.0,5.1,190.0,59.0,,,,,,
2026-07-17T10:00,59,Moderate,11.3,21.1,2.4,4.6,214.0,73.0,,,,,,
2026-07-17T11:00,59,Moderate,12.6,22.7,2.0,4.1,223.0,83.0,,,,,,
2026-07-17T12:00,58,Moderate,13.8,24.9,1.6,3.3,204.0,88.0,,,,,,
2026-07-17T13:00,58,Moderate,14.3,25.4,1.4,2.5,171.0,89.0,,,,,,
2026-07-17T14:00,57,Moderate,13.6,23.9,1.4,1.9,144.0,89.0,,,,,,
2026-07-17T15:00,57,Moderate,12.7,22.5,1.8,1.9,132.0,88.0,,,,,,
2026-07-17T16:00,57,Moderate,12.4,21.3,2.5,2.2,127.0,85.0,,,,,,
2026-07-17T17:00,56,Moderate,12.4,23.1,2.9,2.3,126.0,77.0,,,,,,
2026-07-17T18:00,56,Moderate,11.3,20.3,3.5,2.7,132.0,71.0,,,,,,
2026-07-17T19:00,56,Moderate,11.1,19.8,4.3,3.4,142.0,63.0,,,,,,
2026-07-17T20:00,56,Moderate,11.1,19.2,5.0,3.9,151.0,56.0,,,,,,
2026-07-17T21:00,56,Moderate,10.8,18.2,5.4,4.3,155.0,52.0,,,,,,
2026-07-17T22:00,55,Moderate,10.2,16.8,5.7,4.6,158.0,50.0,,,,,,
2026-07-17T23:00,55,Moderate,9.8,16.1,5.8,4.8,160.0,48.0,,,,,,
2026-07-18T00:00,55,Moderate,9.5,15.7,5.7,4.8,164.0,47.0,,,,,,
2026-07-18T01:00,55,Moderate,9.4,16.0,5.4,4.7,168.0,46.0,,,,,,
2026-07-18T02:00,54,Moderate,9.4,16.6,5.2,4.6,169.0,45.0,,,,,,
2026-07-18T03:00,54,Moderate,9.3,16.8,5.1,4.6,164.0,44.0,,,,,,
2026-07-18T04:00,54,Moderate,9.2,16.8,5.1,4.7,157.0,43.0,,,,,,
2026-07-18T05:00,54,Moderate,9.3,16.2,4.7,4.6,151.0,43.0,,,,,,
2026-07-18T06:00,54,Moderate,9.1,16.1,4.5,4.9,150.0,43.0,,,,,,
2026-07-18T07:00,53,Moderate,8.8,15.7,4.2,5.3,150.0,43.0,,,,,,
2026-07-18T08:00,53,Moderate,8.8,15.4,3.8,5.5,148.0,47.0,,,,,,
2026-07-18T09:00,53,Moderate,9.2,15.3,3.3,5.4,138.0,58.0,,,,,,
2026-07-18T10:00,53,Moderate,9.7,15.7,2.8,5.1,125.0,73.0,,,,,,
2026-07-18T11:00,53,Moderate,10.5,16.2,2.4,4.6,125.0,85.0,,,,,,
2026-07-18T12:00,53,Moderate,11.3,17.1,2.0,3.8,151.0,92.0,,,,,,
2026-07-18T13:00,53,Moderate,11.4,17.1,1.6,2.7,189.0,95.0,,,,,,
2026-07-18T14:00,53,Moderate,11.4,17.4,1.6,2.0,214.0,97.0,,,,,,
2026-07-18T15:00,53,Moderate,11.6,17.7,2.2,1.8,214.0,97.0,,,,,,
2026-07-18T16:00,52,Moderate,11.4,17.0,3.1,1.8,202.0,96.0,,,,,,
2026-07-18T17:00,52,Moderate,10.1,14.2,4.1,2.1,185.0,92.0,,,,,,
2026-07-18T18:00,52,Moderate,10.5,14.1,5.0,2.8,164.0,86.0,,,,,,
2026-07-18T19:00,52,Moderate,11.4,14.7,6.3,3.8,138.0,77.0,,,,,,
2026-07-18T20:00,52,Moderate,12.0,15.1,7.1,4.5,122.0,68.0,,,,,,
2026-07-18T21:00,52,Moderate,10.7,13.7,7.0,4.8,122.0,60.0,,,,,,
2026-07-18T22:00,52,Moderate,8.7,11.9,6.5,4.8,131.0,51.0,,,,,,
2026-07-18T23:00,52,Moderate,7.1,11.0,6.0,4.7,138.0,45.0,,,,,,
2026-07-19T00:00,52,Moderate,6.5,10.9,5.7,4.6,139.0,42.0,,,,,,
2026-07-19T01:00,52,Moderate,6.4,10.4,5.5,4.4,139.0,42.0,,,,,,
2026-07-19T02:00,51,Moderate,5.8,9.2,5.3,4.3,138.0,42.0,,,,,,
2026-07-19T03:00,51,Moderate,4.9,7.6,5.1,4.2,137.0,41.0,,,,,,
2026-07-19T04:00,51,Moderate,4.4,6.6,4.9,4.2,135.0,40.0,,,,,,
2026-07-19T05:00,50,Good,4.0,6.0,4.9,4.5,133.0,39.0,,,,,,
2026-07-19T06:00,50,Good,3.7,5.4,4.6,4.8,132.0,39.0,,,,,,
2026-07-19T07:00,49,Good,3.4,5.2,4.2,5.2,130.0,40.0,,,,,,
2026-07-19T08:00,47,Good,3.8,5.8,3.8,5.3,132.0,43.0,,,,,,
2026-07-19T09:00,46,Good,4.6,7.2,3.5,5.0,140.0,51.0,,,,,,
2026-07-19T10:00,45,Good,6.5,10.1,3.2,4.4,150.0,62.0,,,,,,
2026-07-19T11:00,44,Good,8.3,12.3,2.8,3.8,154.0,72.0,,,,,,
2026-07-19T12:00,44,Good,9.2,13.9,2.2,3.0,146.0,80.0,,,,,,
2026-07-19T13:00,43,Good,10.3,16.1,1.5,2.2,132.0,87.0,,,,,,
2026-07-19T14:00,43,Good,10.3,16.5,1.2,1.7,124.0,91.0,,,,,,
2026-07-19T15:00,43,Good,10.7,17.3,1.6,1.6,128.0,91.0,,,,,,
2026-07-19T16:00,43,Good,10.1,16.1,2.5,1.8,138.0,88.0,,,,,,
2026-07-19T17:00,42,Good,8.1,12.3,2.5,1.2,143.0,83.0,,,,,,
2026-07-19T18:00,42,Good,7.2,10.9,3.5,1.9,139.0,76.0,,,,,,
2026-07-19T19:00,41,Good,6.9,10.4,4.8,2.9,130.0,67.0,,,,,,
2026-07-19T20:00,40,Good,6.8,10.0,5.7,3.7,124.0,59.0,,,,,,
2026-07-19T21:00,39,Good,6.3,9.3,5.6,4.1,123.0,53.0,,,,,,
2026-07-19T22:00,38,Good,5.7,8.5,5.1,4.4,124.0,49.0,,,,,,
2026-07-19T23:00,37,Good,5.3,7.9,4.7,4.5,127.0,45.0,,,,,,
2026-07-20T00:00,37,Good,4.7,7.1,4.6,4.4,133.0,43.0,,,,,,
2026-07-20T01:00,36,Good,4.3,6.6,4.6,4.2,141.0,42.0,,,,,,
2026-07-20T02:00,36,Good,4.2,6.5,4.6,4.0,144.0,41.0,,,,,,
2026-07-20T03:00,36,Good,4.3,6.9,4.5,4.0,138.0,40.0,,,,,,
2026-07-20T04:00,35,Good,4.4,7.3,4.4,4.0,127.0,39.0,,,,,,
2026-07-20T05:00,35,Good,4.9,8.1,4.3,4.2,120.0,39.0,,,,,,
2026-07-20T06:00,36,Good,4.4,7.1,4.3,4.5,119.0,39.0,,,,,,
2026-07-20T07:00,36,Good,3.9,6.1,4.2,5.0,121.0,39.0,,,,,,
2026-07-20T08:00,36,Good,3.4,5.2,4.0,5.2,124.0,43.0,,,,,,
2026-07-20T09:00,36,Good,3.3,4.8,3.5,5.2,127.0,53.0,,,,,,
2026-07-20T10:00,36,Good,3.8,5.4,3.0,4.9,132.0,65.0,,,,,,
2026-07-20T11:00,35,Good,4.5,6.2,2.5,4.5,141.0,76.0,,,,,,
2026-07-20T12:00,34,Good,5.4,7.4,2.2,3.7,162.0,82.0,,,,,,
2026-07-20T13:00,33,Good,6.1,8.4,2.1,2.8,187.0,87.0,,,,,,
2026-07-20T14:00,32,Good,7.1,10.5,2.2,2.2,198.0,88.0,,,,,,
2026-07-20T15:00,31,Good,7.3,11.2,2.6,2.1,181.0,86.0,,,,,,
2026-07-20T16:00,34,Good,7.7,12.3,3.3,2.4,149.0,81.0,,,,,,
2026-07-20T17:00,36,Good,9.2,13.6,4.3,2.7,127.0,78.0,,,,,,
2026-07-20T18:00,37,Good,9.7,13.3,4.8,3.2,125.0,70.0,,,,,,
2026-07-20T19:00,38,Good,10.3,13.3,5.5,4.0,132.0,59.0,,,,,,
2026-07-20T20:00,37,Good,9.8,12.7,6.0,4.5,136.0,50.0,,,,,,
2026-07-20T21:00,35,Good,8.0,11.2,6.2,4.7,131.0,44.0,,,,,,
2026-07-20T22:00,33,Good,6.6,9.7,6.3,4.7,123.0,41.0,,,,,,
2026-07-20T23:00,33,Good,5.7,9.0,6.3,4.7,120.0,38.0,,,,,,
2026-07-21T00:00,33,Good,5.7,9.5,6.2,4.6,128.0,37.0,,,,,,
2026-07-21T01:00,33,Good,5.5,9.7,5.9,4.4,140.0,36.0,,,,,,
2026-07-21T02:00,34,Good,5.4,9.8,5.6,4.3,148.0,36.0,,,,,,
2026-07-21T03:00,34,Good,5.3,9.7,5.2,4.2,144.0,35.0,,,,,,
2026-07-21T04:00,34,Good,5.2,9.6,4.8,4.1,136.0,35.0,,,,,,
2026-07-21T05:00,34,Good,5.3,9.4,5.0,4.7,133.0,35.0,,,,,,
2026-07-21T06:00,34,Good,5.1,8.8,4.8,4.9,143.0,35.0,,,,,,
2026-07-21T07:00,35,Good,5.1,8.4,4.4,5.2,159.0,35.0,,,,,,
2026-07-21T08:00,35,Good,5.3,8.1,4.2,5.3,168.0,38.0,,,,,,
2026-07-21T09:00,35,Good,5.9,8.9,4.3,5.3,161.0,45.0,,,,,,
2026-07-21T10:00,36,Good,7.1,10.5,4.5,5.1,147.0,56.0,,,,,,
2026-07-21T11:00,37,Good,9.0,13.4,4.4,4.7,140.0,66.0,,,,,,
2026-07-21T12:00,38,Good,10.4,15.0,3.6,3.9,147.0,78.0,,,,,,
2026-07-21T13:00,39,Good,11.1,16.1,2.5,2.9,160.0,91.0,,,,,,
2026-07-21T14:00,40,Good,10.7,15.7,1.9,2.2,169.0,97.0,,,,,,
2026-07-21T15:00,41,Good,10.2,15.2,2.4,1.9,168.0,93.0,,,,,,
2026-07-21T16:00,42,Good,9.2,14.0,3.4,1.8,163.0,84.0,,,,,,
2026-07-21T17:00,42,Good,11.0,17.1,3.2,2.0,159.0,84.0,,,,,,
2026-07-21T18:00,42,Good,11.3,18.3,3.7,2.5,157.0,78.0,,,,,,
2026-07-21T19:00,43,Good,11.4,18.2,4.4,3.1,156.0,69.0,,,,,,
2026-07-21T20:00,43,Good,10.2,15.9,5.0,3.6,157.0,61.0,,,,,,
2026-07-21T21:00,43,Good,9.3,14.6,5.4,3.9,163.0,55.0,,,,,,
2026-07-21T22:00,43,Good,9.4,14.6,5.6,4.1,172.0,50.0,,,,,,
2026-07-21T23:00,44,Good,8.9,13.6,5.8,4.2,176.0,46.0,,,,,,
2026-07-22T00:00,45,Good,8.2,12.5,6.0,4.2,170.0,43.0,,,,,,
2026-07-22T01:00,45,Good,7.6,11.5,6.2,4.2,158.0,41.0,,,,,,
2026-07-22T02:00,46,Good,6.8,10.0,6.2,4.2,149.0,39.0,,,,,,
2026-07-22T03:00,46,Good,5.9,8.5,6.1,4.2,145.0,37.0,,,,,,
2026-07-22T04:00,46,Good,4.8,6.8,5.8,4.2,144.0,36.0,,,,,,
2026-07-22T05:00,46,Good,5.7,8.2,6.1,4.9,145.0,35.0,,,,,,
2026-07-22T06:00,46,Good,5.4,7.7,5.7,5.2,151.0,35.0,,,,,,
2026-07-22T07:00,46,Good,5.4,7.7,5.1,5.6,159.0,36.0,,,,,,
2026-07-22T08:00,46,Good,5.7,8.2,4.6,5.7,164.0,40.0,,,,,,
2026-07-22T09:00,46,Good,6.6,9.8,4.2,5.4,165.0,50.0,,,,,,
2026-07-22T10:00,47,Good,8.3,12.3,3.9,4.9,163.0,64.0,,,,,,
2026-07-22T11:00,47,Good,9.5,13.7,3.4,4.3,158.0,75.0,,,,,,
2026-07-22T12:00,47,Good,8.9,12.5,2.6,3.5,146.0,81.0,,,,,,
2026-07-22T13:00,47,Good,9.1,13.2,1.7,2.5,131.0,84.0,,,,,,
2026-07-22T14:00,46,Good,8.4,12.4,1.2,1.8,124.0,84.0,,,,,,
2026-07-22T15:00,46,Good,8.1,12.1,1.3,1.4,133.0,81.0,,,,,,
2026-07-22T16:00,45,Good,7.9,12.0,1.7,1.3,151.0,76.0,,,,,,
2026-07-22T17:00,45,Good,8.6,12.9,2.9,1.1,162.0,70.0,,,,,,
2026-07-22T18:00,44,Good,8.4,12.8,3.6,1.9,161.0,67.0,,,,,,
2026-07-22T19:00,44,Good,7.9,12.0,4.6,2.9,155.0,63.0,,,,,,
2026-07-22T20:00,43,Good,8.7,13.5,5.4,3.8,148.0,59.0,,,,,,
2026-07-22T21:00,42,Good,8.4,12.7,5.9,4.2,141.0,54.0,,,,,,
2026-07-22T22:00,42,Good,8.3,12.3,6.2,4.5,133.0,48.0,,,,,,
2026-07-22T23:00,42,Good,7.7,11.3,6.4,4.6,126.0,44.0,,,,,,
2026-07-23T00:00,42,Good,7.1,10.0,6.6,4.7,118.0,41.0,,,,,,
2026-07-23T01:00,41,Good,6.1,8.3,6.7,4.7,110.0,40.0,,,,,,
2026-07-23T02:00,41,Good,5.4,7.2,6.7,4.7,106.0,38.0,,,,,,
2026-07-23T03:00,41,Good,5.0,6.7,6.5,4.8,107.0,36.0,,,,,,
2026-07-23T04:00,41,Good,4.7,6.4,6.1,4.8,112.0,35.0,,,,,,
2026-07-23T05:00,41,Good,5.1,6.8,6.7,5.0,118.0,33.0,,,,,,
2026-07-23T06:00,40,Good,5.2,7.0,6.4,5.2,126.0,33.0,,,,,,
2026-07-23T07:00,40,Good,5.5,7.5,6.0,5.5,135.0,33.0,,,,,,
2026-07-23T08:00,40,Good,6.1,8.5,5.5,5.5,144.0,36.0,,,,,,
2026-07-23T09:00,41,Good,7.0,10.2,5.0,5.1,154.0,45.0,,,,,,
2026-07-23T10:00,41,Good,8.5,12.4,4.4,4.5,164.0,57.0,,,,,,
2026-07-23T11:00,41,Good,9.8,14.3,3.7,3.9,169.0,68.0,,,,,,
2026-07-23T12:00,41,Good,10.2,14.8,2.8,3.2,163.0,79.0,,,,,,
2026-07-23T13:00,41,Good,10.1,14.7,2.0,2.3,152.0,88.0,,,,,,
2026-07-23T14:00,41,Good,9.8,14.4,1.5,1.8,150.0,94.0,,,,,,
2026-07-23T15:00,42,Good,9.2,13.6,1.8,1.6,168.0,93.0,,,,,,
2026-07-23T16:00,42,Good,8.4,12.7,2.5,1.7,194.0,88.0,,,,,,
2026-07-23T17:00,42,Good,8.6,12.5,2.6,1.3,207.0,88.0,,,,,,
2026-07-23T18:00,42,Good,8.7,12.9,3.5,1.9,194.0,82.0,,,,,,
2026-07-23T19:00,42,Good,8.6,13.0,4.8,2.8,168.0,72.0,,,,,,
2026-07-23T20:00,42,Good,8.6,14.2,5.8,3.5,150.0,64.0,,,,,,
2026-07-23T21:00,42,Good,8.8,15.4,6.1,3.9,149.0,57.0,,,,,,
2026-07-23T22:00,42,Good,8.9,15.8,6.1,4.2,155.0,51.0,,,,,,
2026-07-23T23:00,42,Good,8.7,15.2,6.0,4.4,157.0,46.0,,,,,,
2026-07-24T00:00,43,Good,8.1,13.9,6.1,4.4,151.0,43.0,,,,,,
2026-07-24T01:00,43,Good,7.4,12.0,6.1,4.4,141.0,42.0,,,,,,
2026-07-24T02:00,43,Good,6.5,10.0,6.0,4.3,133.0,40.0,,,,,,
2026-07-24T03:00,43,Good,5.7,8.3,5.7,4.2,130.0,38.0,,,,,,
2026-07-24T04:00,44,Good,4.9,6.8,5.2,4.1,130.0,35.0,,,,,,
2026-07-24T05:00,44,Good,4.9,6.8,4.7,4.2,129.0,34.0,,,,,,
2026-07-24T06:00,44,Good,4.8,6.9,4.3,4.4,125.0,34.0,,,,,,
2026-07-24T07:00,43,Good,4.9,7.3,3.7,4.8,120.0,35.0,,,,,,
2026-07-24T08:00,43,Good,5.3,8.1,3.3,4.9,123.0,38.0,,,,,,
2026-07-24T09:00,43,Good,6.3,9.5,3.3,4.7,142.0,46.0,,,,,,
2026-07-24T10:00,43,Good,7.9,11.6,3.4,4.3,168.0,56.0,,,,,,
2026-07-24T11:00,43,Good,10.0,14.4,3.3,3.8,185.0,67.0,,,,,,
2026-07-24T12:00,43,Good,11.0,15.4,2.7,3.1,178.0,78.0,,,,,,
2026-07-24T13:00,43,Good,11.4,15.9,1.9,2.4,162.0,89.0,,,,,,
2026-07-24T14:00,43,Good,11.1,15.7,1.5,1.8,160.0,96.0,,,,,,
2026-07-24T15:00,44,Good,10.3,14.6,1.8,1.5,195.0,97.0,,,,,,
2026-07-24T16:00,44,Good,9.6,13.6,2.5,1.5,245.0,94.0,,,,,,
2026-07-24T17:00,44,Good,7.5,10.7,2.1,0.7,268.0,84.0,,,,,,
2026-07-24T18:00,44,Good,7.2,10.4,3.1,1.2,235.0,78.0,,,,,,
2026-07-24T19:00,44,Good,6.6,9.4,4.4,1.9,175.0,69.0,,,,,,
2026-07-24T20:00,43,Good,6.3,8.7,5.5,2.7,129.0,61.0,,,,,,
2026-07-24T21:00,43,Good,6.5,9.1,6.1,3.5,115.0,54.0,,,,,,
2026-07-24T22:00,42,Good,7.1,10.4,6.6,4.4,115.0,47.0,,,,,,
2026-07-24T23:00,42,Good,7.7,11.9,6.9,4.9,116.0,41.0,,,,,,
2026-07-25T00:00,41,Good,8.2,13.4,7.2,4.9,114.0,38.0,,,,,,
2026-07-25T01:00,41,Good,8.8,15.5,7.5,4.7,112.0,36.0,,,,,,
2026-07-25T02:00,42,Good,9.5,17.8,7.6,4.5,110.0,35.0,,,,,,
2026-07-25T03:00,42,Good,10.3,20.7,7.6,4.4,105.0,33.0,,,,,,
2026-07-25T04:00,44,Good,10.9,24.0,7.4,4.4,100.0,32.0,,,,,,
2026-07-25T05:00,45,Good,10.4,21.0,8.1,5.0,102.0,31.0,,,,,,
2026-07-25T06:00,46,Good,10.7,23.0,7.3,5.1,116.0,33.0,,,,,,
2026-07-25T07:00,48,Good,11.1,24.4,6.2,5.2,138.0,35.0,,,,,,
2026-07-25T08:00,49,Good,11.7,25.4,5.2,5.0,161.0,40.0,,,,,,
2026-07-25T09:00,50,Good,12.6,25.7,4.6,4.4,191.0,48.0,,,,,,
2026-07-25T10:00,51,Moderate,13.2,23.6,4.1,3.5,223.0,58.0,,,,,,
2026-07-25T11:00,51,Moderate,13.3,22.9,3.6,2.7,236.0,68.0,,,,,,
2026-07-25T12:00,51,Moderate,13.6,23.7,2.7,2.1,212.0,77.0,,,,,,
2026-07-25T13:00,52,Moderate,13.3,22.9,1.7,1.6,169.0,85.0,,,,,,
2026-07-25T14:00,52,Moderate,12.5,20.6,1.2,1.2,141.0,91.0,,,,,,
2026-07-25T15:00,52,Moderate,11.6,18.3,1.3,1.0,147.0,93.0,,,,,,
2026-07-25T16:00,52,Moderate,10.5,15.8,1.9,0.9,167.0,92.0,,,,,,
2026-07-25T17:00,52,Moderate,9.1,13.2,1.7,0.6,178.0,87.0,,,,,,
2026-07-25T18:00,52,Moderate,9.0,13.4,2.6,1.1,167.0,84.0,,,,,,
2026-07-25T19:00,52,Moderate,9.4,14.0,3.9,1.8,146.0,79.0,,,,,,
2026-07-25T20:00,52,Moderate,9.5,13.8,5.0,2.5,129.0,74.0,,,,,,
2026-07-25T21:00,53,Moderate,9.7,14.1,5.8,3.4,122.0,68.0,,,,,,
2026-07-25T22:00,53,Moderate,10.3,15.2,6.4,4.4,119.0,60.0,,,,,,
2026-07-25T23:00,53,Moderate,10.6,16.3,6.8,5.0,116.0,54.0,,,,,,
2026-07-26T00:00,53,Moderate,10.7,16.9,6.9,5.0,110.0,49.0,,,,,,
2026-07-26T01:00,54,Moderate,10.8,17.8,6.7,4.6,104.0,44.0,,,,,,
2026-07-26T02:00,54,Moderate,10.5,17.3,6.4,4.2,99.0,40.0,,,,,,
2026-07-26T03:00,54,Moderate,9.7,16.1,5.9,4.0,95.0,38.0,,,,,,
2026-07-26T04:00,54,Moderate,9.1,15.1,5.3,3.8,91.0,36.0,,,,,,
2026-07-26T05:00,54,Moderate,9.3,15.1,5.5,4.0,91.0,35.0,,,,,,
2026-07-26T06:00,54,Moderate,8.8,14.7,4.9,4.3,97.0,36.0,,,,,,
2026-07-26T07:00,53,Moderate,8.7,14.3,4.0,4.6,106.0,37.0,,,,,,
2026-07-26T08:00,53,Moderate,8.7,14.3,3.3,4.8,112.0,42.0,,,,,,
2026-07-26T09:00,53,Moderate,9.0,14.1,2.8,4.6,108.0,53.0,,,,,,
2026-07-26T10:00,53,Moderate,9.6,14.7,2.4,4.2,101.0,68.0,,,,,,
2026-07-26T11:00,52,Moderate,10.2,15.1,2.1,3.8,99.0,79.0,,,,,,
2026-07-26T12:00,52,Moderate,10.1,14.8,1.8,3.2,109.0,85.0,,,,,,
2026-07-26T13:00,52,Moderate,10.0,15.1,1.6,2.6,124.0,88.0,,,,,,
2026-07-26T14:00,52,Moderate,10.2,16.3,1.6,2.2,133.0,89.0,,,,,,
2026-07-26T15:00,52,Moderate,10.8,17.9,1.9,2.1,128.0,88.0,,,,,,
2026-07-26T16:00,51,Moderate,11.4,19.6,2.3,2.3,116.0,86.0,,,,,,
2026-07-26T17:00,52,Moderate,11.7,19.8,3.4,2.3,107.0,85.0,,,,,,
2026-07-26T18:00,52,Moderate,12.9,22.8,3.5,2.7,107.0,78.0,,,,,,
2026-07-26T19:00,52,Moderate,13.2,22.8,3.7,3.2,110.0,69.0,,,,,,
2026-07-26T20:00,52,Moderate,12.9,21.5,3.9,3.7,112.0,61.0,,,,,,
2026-07-26T21:00,53,Moderate,11.6,18.6,4.2,4.0,113.0,55.0,,,,,,
2026-07-26T22:00,53,Moderate,9.8,15.1,4.4,4.2,113.0,49.0,,,,,,
2026-07-26T23:00,53,Moderate,8.1,11.7,4.6,4.3,112.0,45.0,,,,,,
2026-07-27T00:00,52,Moderate,7.2,10.1,4.6,4.3,109.0,42.0,,,,,,
2026-07-27T01:00,52,Moderate,6.8,10.3,4.5,4.1,104.0,40.0,,,,,,
2026-07-27T02:00,52,Moderate,6.9,11.2,4.4,4.0,101.0,39.0,,,,,,
2026-07-27T03:00,52,Moderate,7.1,12.0,4.3,3.9,101.0,38.0,,,,,,
2026-07-27T04:00,51,Moderate,7.1,12.1,4.1,3.9,102.0,38.0,,,,,,
2026-07-27T05:00,51,Moderate,6.9,11.7,4.5,4.2,105.0,37.0,,,,,,
2026-07-27T06:00,51,Moderate,6.4,10.7,4.2,4.4,110.0,37.0,,,,,,
2026-07-27T07:00,51,Moderate,5.8,9.2,3.8,4.8,116.0,37.0,,,,,,
2026-07-27T08:00,51,Moderate,5.1,7.5,3.4,4.9,118.0,41.0,,,,,,
2026-07-27T09:00,50,Good,4.7,6.5,3.0,4.8,112.0,53.0,,,,,,
2026-07-27T10:00,50,Good,5.0,6.8,2.6,4.5,103.0,68.0,,,,,,
2026-07-27T11:00,49,Good,5.7,7.6,2.3,4.1,97.0,81.0,,,,,,
2026-07-27T12:00,48,Good,6.4,8.3,2.0,3.5,98.0,88.0,,,,,,
2026-07-27T13:00,47,Good,7.9,11.4,1.7,2.8,103.0,92.0,,,,,,
2026-07-27T14:00,47,Good,9.2,14.5,1.7,2.4,107.0,93.0,,,,,,
2026-07-27T15:00,46,Good,9.5,15.5,1.9,2.4,109.0,91.0,,,,,,
2026-07-27T16:00,46,Good,8.5,14.1,2.4,2.7,111.0,87.0,,,,,,
2026-07-27T17:00,45,Good,8.9,15.1,3.4,2.8,115.0,79.0,,,,,,
2026-07-27T18:00,45,Good,9.3,16.1,3.7,3.1,125.0,71.0,,,,,,
2026-07-27T19:00,44,Good,10.0,17.1,4.2,3.4,139.0,60.0,,,,,,
2026-07-27T20:00,43,Good,10.4,17.5,4.7,3.8,148.0,51.0,,,,,,
2026-07-27T21:00,43,Good,10.6,17.3,5.1,4.2,150.0,47.0,,,,,,
2026-07-27T22:00,42,Good,10.6,16.9,5.5,4.7,148.0,45.0,,,,,,
2026-07-27T23:00,43,Good,10.3,16.3,5.7,5.0,145.0,43.0,,,,,,
2026-07-28T00:00,43,Good,10.0,15.5,5.8,5.1,142.0,41.0,,,,,,
2026-07-28T01:00,44,Good,8.9,13.8,5.7,5.1,139.0,41.0,,,,,,
2026-07-28T02:00,44,Good,8.0,12.3,5.5,5.1,133.0,40.0,,,,,,
2026-07-28T03:00,45,Good,7.3,11.4,5.2,5.0,121.0,40.0,,,,,,
2026-07-28T04:00,45,Good,6.9,10.9,4.8,4.8,108.0,40.0,,,,,,
2026-07-28T05:00,45,Good,5.5,8.5,4.1,4.3,103.0,42.0,,,,,,
2026-07-28T06:00,44,Good,5.1,7.9,4.1,4.6,116.0,42.0,,,,,,
2026-07-28T07:00,44,Good,4.6,6.9,4.2,5.0,138.0,42.0,,,,,,
2026-07-28T08:00,44,Good,4.4,6.6,4.0,5.2,151.0,45.0,,,,,,
2026-07-28T09:00,43,Good,5.0,7.4,3.4,5.0,147.0,53.0,,,,,,
2026-07-28T10:00,44,Good,6.7,10.2,2.6,4.6,134.0,64.0,,,,,,
2026-07-28T11:00,44,Good,8.0,12.1,2.0,4.1,123.0,73.0,,,,,,
2026-07-28T12:00,44,Good,8.3,12.5,1.7,3.6,119.0,80.0,,,,,,
2026-07-28T13:00,45,Good,8.1,12.2,1.5,3.0,117.0,86.0,,,,,,
2026-07-28T14:00,45,Good,7.9,12.0,1.6,2.6,116.0,88.0,,,,,,
2026-07-28T15:00,45,Good,7.8,12.3,1.9,2.5,114.0,85.0,,,,,,
2026-07-28T16:00,44,Good,7.6,12.3,2.5,2.6,113.0,79.0,,,,,,
2026-07-28T17:00,44,Good,10.4,17.8,3.4,2.6,116.0,74.0,,,,,,
2026-07-28T18:00,44,Good,9.9,17.0,3.9,3.0,125.0,68.0,,,,,,
2026-07-28T19:00,45,Good,9.1,15.3,4.6,3.5,138.0,60.0,,,,,,
2026-07-28T20:00,44,Good,8.3,13.8,5.2,4.0,150.0,53.0,,,,,,
2026-07-28T21:00,44,Good,7.3,11.5,5.5,4.4,160.0,49.0,,,,,,
2026-07-28T22:00,43,Good,6.5,9.8,5.8,4.8,169.0,47.0,,,,,,
2026-07-28T23:00,42,Good,6.3,9.3,5.9,5.1,172.0,45.0,,,,,,
2026-07-29T00:00,41,Good,5.9,8.8,5.9,5.2,164.0,44.0,,,,,,
2026-07-29T01:00,40,Good,5.6,8.2,5.8,5.3,150.0,43.0,,,,,,
2026-07-29T02:00,39,Good,5.5,8.1,5.7,5.3,138.0,42.0,,,,,,
2026-07-29T03:00,39,Good,5.7,8.5,5.5,5.3,130.0,41.0,,,,,,
2026-07-29T04:00,39,Good,6.0,9.1,5.2,5.2,125.0,41.0,,,,,,
2026-07-29T05:00,38,Good,4.5,6.9,4.3,4.9,124.0,42.0,,,,,,
2026-07-29T06:00,38,Good,4.6,7.0,4.2,5.1,131.0,42.0,,,,,,
2026-07-29T07:00,38,Good,4.6,7.0,3.9,5.3,143.0,42.0,,,,,,
2026-07-29T08:00,38,Good,4.9,7.3,3.6,5.4,147.0,45.0,,,,,,
2026-07-29T09:00,38,Good,5.4,7.9,3.0,5.1,137.0,54.0,,,,,,
2026-07-29T10:00,38,Good,6.7,9.7,2.3,4.7,119.0,67.0,,,,,,
2026-07-29T11:00,38,Good,7.9,11.8,1.7,4.2,105.0,77.0,,,,,,
2026-07-29T12:00,38,Good,8.4,12.9,1.4,3.6,99.0,83.0,,,,,,
2026-07-29T13:00,38,Good,8.1,13.2,1.3,2.9,98.0,86.0,,,,,,
2026-07-29T14:00,38,Good,8.0,14.1,1.4,2.4,98.0,86.0,,,,,,
2026-07-29T15:00,38,Good,8.6,16.7,1.6,2.2,100.0,82.0,,,,,,
2026-07-29T16:00,38,Good,8.8,17.3,2.1,2.2,104.0,76.0,,,,,,
2026-07-29T17:00,39,Good,6.8,14.9,2.7,2.4,109.0,67.0,,,,,,
2026-07-29T18:00,38,Good,6.9,15.3,3.3,2.7,114.0,61.0,,,,,,
2026-07-29T19:00,37,Good,7.1,14.9,4.2,3.2,118.0,53.0,,,,,,
2026-07-29T20:00,37,Good,7.5,14.6,5.0,3.7,123.0,46.0,,,,,,
2026-07-29T21:00,36,Good,7.9,14.8,5.6,4.3,128.0,42.0,,,,,,
2026-07-29T22:00,37,Good,8.2,14.6,6.1,4.9,132.0,40.0,,,,,,
2026-07-29T23:00,37,Good,8.6,14.4,6.4,5.3,135.0,38.0,,,,,,
2026-07-30T00:00,38,Good,8.9,14.2,6.5,5.5,135.0,36.0,,,,,,
2026-07-30T01:00,38,Good,8.7,13.7,6.4,5.6,134.0,35.0,,,,,,
2026-07-30T02:00,39,Good,7.5,11.6,6.1,5.6,130.0,34.0,,,,,,
2026-07-30T03:00,39,Good,5.8,8.8,5.7,5.4,120.0,34.0,,,,,,
2026-07-30T04:00,39,Good,4.2,6.4,5.2,5.1,108.0,35.0,,,,,,
2026-07-30T05:00,39,Good,2.8,4.0,4.6,4.8,104.0,35.0,,,,,,
2026-07-30T06:00,39,Good,2.8,4.0,4.2,4.7,116.0,36.0,,,,,,
2026-07-30T07:00,38,Good,3.1,4.5,3.7,4.6,135.0,38.0,,,,,,
2026-07-30T08:00,38,Good,3.5,5.1,3.2,4.4,145.0,42.0,,,,,,
2026-07-30T09:00,38,Good,4.0,5.8,2.7,4.2,136.0,52.0,,,,,,
2026-07-30T10:00,37,Good,5.9,9.0,2.1,4.0,118.0,64.0,,,,,,
2026-07-30T11:00,37,Good,7.2,11.5,1.7,3.7,105.0,74.0,,,,,,
2026-07-30T12:00,37,Good,8.1,13.7,1.5,3.3,103.0,80.0,,,,,,
2026-07-30T13:00,37,Good,8.2,14.4,1.5,2.9,105.0,83.0,,,,,,
2026-07-30T14:00,37,Good,8.1,14.7,1.6,2.6,108.0,83.0,,,,,,
2026-07-30T15:00,37,Good,7.7,14.3,1.9,2.5,109.0,79.0,,,,,,
2026-07-30T16:00,37,Good,6.9,12.7,2.3,2.4,111.0,72.0,,,,,,
2026-07-30T17:00,36,Good,9.0,19.2,3.2,2.7,114.0,70.0,,,,,,
2026-07-30T18:00,37,Good,8.6,18.6,3.7,3.0,119.0,63.0,,,,,,
2026-07-30T19:00,37,Good,7.9,15.5,4.4,3.4,126.0,53.0,,,,,,
2026-07-30T20:00,37,Good,7.3,12.5,5.1,3.8,134.0,45.0,,,,,,
2026-07-30T21:00,37,Good,7.3,12.1,5.7,4.3,144.0,41.0,,,,,,
2026-07-30T22:00,37,Good,8.0,13.3,6.3,4.9,156.0,38.0,,,,,,
2026-07-30T23:00,37,Good,8.6,14.2,6.6,5.2,160.0,36.0,,,,,,
2026-07-31T00:00,37,Good,8.8,14.8,6.5,5.2,153.0,34.0,,,,,,
2026-07-31T01:00,37,Good,8.9,15.4,6.2,5.0,138.0,33.0,,,,,,
2026-07-31T02:00,37,Good,8.7,15.7,5.8,4.8,126.0,32.0,,,,,,
2026-07-31T03:00,37,Good,8.3,15.1,5.6,4.7,117.0,31.0,,,,,,
2026-07-31T04:00,38,Good,7.1,12.3,5.3,4.6,109.0,30.0,,,,,,
2026-07-31T05:00,39,Good,4.7,7.2,5.5,5.3,108.0,30.0,,,,,,
2026-07-31T06:00,39,Good,3.7,5.8,4.9,5.3,119.0,32.0,,,,,,
2026-07-31T07:00,39,Good,3.1,5.1,4.0,5.3,136.0,35.0,,,,,,
2026-07-31T08:00,39,Good,3.1,5.2,3.2,5.2,147.0,41.0,,,,,,
2026-07-31T09:00,39,Good,4.0,6.6,2.8,4.8,143.0,51.0,,,,,,
2026-07-31T10:00,39,Good,5.2,8.3,2.4,4.3,132.0,63.0,,,,,,
2026-07-31T11:00,39,Good,6.9,10.8,2.2,3.8,124.0,73.0,,,,,,
2026-07-31T12:00,39,Good,9.1,14.7,1.9,3.2,122.0,80.0,,,,,,
2026-07-31T13:00,39,Good,10.2,16.7,1.7,2.6,122.0,86.0,,,,,,
2026-07-31T14:00,40,Good,9.9,16.4,1.7,2.2,121.0,87.0,,,,,,
2026-07-31T15:00,40,Good,8.5,13.8,1.9,2.2,117.0,82.0,,,,,,
2026-07-31T16:00,40,Good,6.3,10.1,2.3,2.4,112.0,74.0,,,,,,
2026-07-31T17:00,40,Good,9.5,16.4,3.9,3.1,111.0,77.0,,,,,,
2026-07-31T18:00,40,Good,7.2,12.8,4.5,3.4,116.0,67.0,,,,,,
2026-07-31T19:00,40,Good,6.1,11.0,5.3,3.7,124.0,53.0,,,,,,
2026-07-31T20:00,39,Good,5.7,10.1,5.9,4.0,130.0,42.0,,,,,,
2026-07-31T21:00,39,Good,5.6,9.5,6.1,4.1,132.0,38.0,,,,,,
2026-07-31T22:00,39,Good,5.7,9.3,6.1,4.2,133.0,37.0,,,,,,
2026-07-31T23:00,38,Good,5.3,8.4,6.1,4.3,132.0,36.0,,,,,,
2026-08-01T00:00,37,Good,4.7,7.3,6.1,4.5,130.0,35.0,,,,,,
2026-08-01T01:00,36,Good,4.3,7.2,6.1,4.7,126.0,34.0,,,,,,
2026-08-01T02:00,35,Good,3.4,5.3,6.0,4.9,123.0,34.0,,,,,,
2026-08-01T03:00,34,Good,2.5,3.3,5.8,5.1,119.0,34.0,,,,,,
2026-08-01T04:00,33,Good,2.0,2.5,5.6,5.3,116.0,34.0,,,,,,
2026-08-01T05:00,32,Good,2.2,3.4,3.5,3.0,114.0,38.0,,,,,,
2026-08-01T06:00,31,Good,2.1,3.2,3.4,3.4,116.0,38.0,,,,,,
2026-08-01T07:00,31,Good,2.1,3.1,3.3,4.0,119.0,38.0,,,,,,
2026-08-01T08:00,30,Good,2.2,3.1,3.1,4.3,121.0,41.0,,,,,,
2026-08-01T09:00,30,Good,2.8,4.3,2.6,4.2,120.0,48.0,,,,,,
2026-08-01T10:00,30,Good,3.7,5.8,2.0,3.8,117.0,57.0,,,,,,
2026-08-01T11:00,30,Good,3.5,5.6,1.5,3.5,115.0,64.0,,,,,,
2026-08-01T12:00,29,Good,3.4,5.5,1.3,3.3,113.0,69.0,,,,,,
2026-08-01T13:00,28,Good,3.3,5.4,1.2,3.0,112.0,71.0,,,,,,
2026-08-01T14:00,26,Good,3.4,5.5,1.3,2.9,112.0,72.0,,,,,,
2026-08-01T15:00,27,Good,3.6,5.8,1.7,2.9,114.0,70.0,,,,,,
2026-08-01T16:00,29,Good,3.7,5.8,2.3,2.9,117.0,65.0,,,,,,
2026-08-01T17:00,30,Good,6.4,11.5,3.2,2.6,119.0,57.0,,,,,,
2026-08-01T18:00,30,Good,6.2,11.5,3.8,2.8,117.0,53.0,,,,,,
2026-08-01T19:00,30,Good,5.9,11.2,4.6,3.1,113.0,48.0,,,,,,
2026-08-01T20:00,29,Good,6.0,11.2,5.2,3.4,110.0,44.0,,,,,,
2026-08-01T21:00,28,Good,5.9,10.7,5.5,3.6,111.0,42.0,,,,,,
2026-08-01T22:00,26,Good,5.7,9.9,5.6,3.8,113.0,41.0,,,,,,
2026-08-01T23:00,24,Good,5.9,10.2,5.6,4.0,113.0,40.0,,,,,,
2026-08-02T00:00,23,Good,6.4,11.3,5.6,4.3,110.0,39.0,,,,,,
2026-08-02T01:00,22,Good,6.8,12.3,5.6,4.7,105.0,39.0,,,,,,
2026-08-02T02:00,23,Good,7.1,12.8,5.6,5.1,100.0,39.0,,,,,,
2026-08-02T03:00,24,Good,7.0,12.6,5.6,5.4,95.0,39.0,,,,,,
2026-08-02T04:00,25,Good,6.3,11.1,5.5,5.7,91.0,39.0,,,,,,
2026-08-02T05:00,26,Good,6.4,10.9,4.6,4.8,90.0,40.0,,,,,,
2026-08-02T06:00,27,Good,6.4,11.4,4.3,4.8,97.0,41.0,,,,,,
2026-08-02T07:00,28,Good,6.8,13.0,3.9,4.9,108.0,43.0,,,,,,
2026-08-02T08:00,29,Good,7.6,14.8,3.4,4.9,115.0,47.0,,,,,,
2026-08-02T09:00,30,Good,8.5,16.1,2.8,5.0,112.0,54.0,,,,,,
2026-08-02T10:00,31,Good,9.8,17.5,2.1,5.0,104.0,63.0,,,,,,
2026-08-02T11:00,33,Good,11.0,19.2,1.8,4.9,98.0,71.0,,,,,,
2026-08-02T12:00,35,Good,11.9,20.2,2.1,4.3,96.0,77.0,,,,,,
2026-08-02T13:00,37,Good,13.3,21.8,2.7,3.5,95.0,82.0,,,,,,
2026-08-02T14:00,39,Good,13.5,21.1,3.3,3.0,96.0,84.0,,,,,,
2026-08-02T15:00,41,Good,12.9,20.1,3.7,2.9,99.0,82.0,,,,,,
2026-08-02T16:00,43,Good,11.6,18.6,4.0,3.0,103.0,77.0,,,,,,
2026-08-02T17:00,45,Good,10.1,16.6,5.4,3.6,106.0,65.0,,,,,,
2026-08-02T18:00,46,Good,8.1,13.7,5.3,3.8,107.0,61.0,,,,,,
2026-08-02T19:00,47,Good,6.9,11.3,5.2,4.1,107.0,56.0,,,,,,
2026-08-02T20:00,47,Good,5.7,9.0,5.1,4.3,106.0,51.0,,,,,,
2026-08-02T21:00,47,Good,4.6,6.6,5.1,4.4,105.0,48.0,,,,,,
2026-08-02T22:00,46,Good,4.0,5.4,5.1,4.5,103.0,46.0,,,,,,
2026-08-02T23:00,46,Good,3.8,5.0,5.1,4.5,101.0,44.0,,,,,,
2026-08-03T00:00,45,Good,3.3,4.5,4.9,4.4,99.0,43.0,,,,,,
2026-08-03T01:00,45,Good,2.8,3.7,4.6,4.3,97.0,44.0,,,,,,
2026-08-03T02:00,44,Good,2.4,3.1,4.4,4.2,96.0,44.0,,,,,,
2026-08-03T03:00,43,Good,2.0,2.6,4.2,4.2,94.0,44.0,,,,,,
2026-08-03T04:00,42,Good,1.9,2.6,4.1,4.2,92.0,44.0,,,,,,
2026-08-03T05:00,41,Good,1.9,3.6,2.8,2.5,95.0,50.0,,,,,,
2026-08-03T06:00,40,Good,2.0,3.8,3.1,3.0,109.0,50.0,,,,,,
2026-08-03T07:00,39,Good,3.2,6.3,3.6,3.7,128.0,50.0,,,,,,
2026-08-03T08:00,38,Good,4.0,8.0,3.9,4.3,140.0,51.0,,,,,,
2026-08-03T09:00,37,Good,4.2,7.5,4.0,4.9,138.0,54.0,,,,,,
2026-08-03T10:00,36,Good,4.8,8.0,3.9,5.4,128.0,58.0,,,,,,
2026-08-03T11:00,35,Good,5.8,9.4,3.8,5.6,123.0,62.0,,,,,,
2026-08-03T12:00,33,Good,7.5,12.7,3.6,5.1,128.0,65.0,,,,,,
2026-08-03T13:00,32,Good,8.4,14.1,3.3,4.3,137.0,68.0,,,,,,
2026-08-03T14:00,31,Good,8.5,13.9,3.3,3.8,141.0,70.0,,,,,,
2026-08-03T15:00,30,Good,8.5,13.9,3.7,3.8,136.0,71.0,,,,,,
2026-08-03T16:00,29,Good,8.9,15.2,4.4,4.1,127.0,70.0,,,,,,
2026-08-03T17:00,30,Good,10.2,17.6,6.0,4.5,120.0,65.0,,,,,,
2026-08-03T18:00,31,Good,9.9,17.2,6.1,4.5,118.0,61.0,,,,,,
2026-08-03T19:00,31,Good,9.5,16.3,6.3,4.6,119.0,57.0,,,,,,
2026-08-03T20:00,31,Good,9.4,16.0,6.3,4.6,118.0,53.0,,,,,,
2026-08-03T21:00,30,Good,8.1,13.4,6.2,4.6,114.0,52.0,,,,,,
2026-08-03T22:00,31,Good,6.3,9.6,5.9,4.5,109.0,53.0,,,,,,
2026-08-03T23:00,32,Good,4.6,6.3,5.7,4.4,105.0,53.0,,,,,,
2026-08-04T00:00,32,Good,3.7,4.8,5.6,4.4,101.0,51.0,,,,,,
2026-08-04T01:00,32,Good,3.2,4.2,5.5,4.3,98.0,49.0,,,,,,
2026-08-04T02:00,32,Good,2.9,3.6,5.4,4.3,96.0,47.0,,,,,,
2026-08-04T03:00,32,Good,2.5,3.0,5.1,4.3,95.0,46.0,,,,,,
2026-08-04T04:00,32,Good,2.2,2.5,4.8,4.3,95.0,46.0,,,,,,
2026-08-04T05:00,32,Good,2.4,3.6,4.4,3.9,99.0,47.0,,,,,,
2026-08-04T06:00,33,Good,2.7,4.6,4.2,4.1,109.0,48.0,,,,,,
2026-08-04T07:00,33,Good,3.9,7.5,3.9,4.4,122.0,49.0,,,,,,
2026-08-04T08:00,33,Good,5.6,11.4,3.5,4.6,131.0,54.0,,,,,,
2026-08-04T09:00,33,Good,7.3,14.3,3.0,4.5,130.0,64.0,,,,,,
2026-08-04T10:00,34,Good,8.8,16.4,2.5,4.3,125.0,78.0,,,,,,
2026-08-04T11:00,35,Good,9.7,17.0,2.2,4.0,123.0,89.0,,,,,,
2026-08-04T12:00,36,Good,10.5,17.2,2.1,3.5,130.0,96.0,,,,,,
2026-08-04T13:00,37,Good,10.9,16.7,2.1,3.0,140.0,101.0,,,,,,
2026-08-04T14:00,37,Good,10.0,15.9,2.3,2.7,145.0,101.0,,,,,,
2026-08-04T15:00,37,Good,9.8,16.4,2.9,2.7,141.0,93.0,,,,,,
2026-08-04T16:00,39,Good,8.9,16.1,3.7,3.0,131.0,81.0,,,,,,
2026-08-04T17:00,41,Good,9.6,15.4,8.0,3.6,125.0,73.0,,,,,,
2026-08-04T18:00,41,Good,9.2,15.0,7.9,4.0,125.0,67.0,,,,,,
2026-08-04T19:00,41,Good,8.6,14.2,7.7,4.4,128.0,59.0,,,,,,
2026-08-04T20:00,39,Good,8.2,14.4,7.4,4.8,130.0,52.0,,,,,,
2026-08-04T21:00,37,Good,8.3,15.5,6.9,4.9,131.0,49.0,,,,,,
2026-08-04T22:00,37,Good,8.5,16.5,6.4,4.9,132.0,48.0,,,,,,
2026-08-04T23:00,38,Good,8.4,16.7,5.9,4.8,130.0,48.0,,,,,,
2026-08-05T00:00,38,Good,8.0,16.2,5.5,4.7,123.0,48.0,,,,,,
2026-08-05T01:00,39,Good,7.4,15.1,5.2,4.6,114.0,48.0,,,,,,
2026-08-05T02:00,40,Good,6.6,13.5,4.9,4.5,106.0,48.0,,,,,,
2026-08-05T03:00,41,Good,5.7,11.3,4.7,4.5,101.0,48.0,,,,,,
2026-08-05T04:00,42,Good,4.8,9.3,4.5,4.6,98.0,48.0,,,,,,
2026-08-05T05:00,43,Good,5.6,10.4,5.1,5.4,99.0,46.0,,,,,,
2026-08-05T06:00,43,Good,4.9,8.3,4.8,5.6,105.0,47.0,,,,,,
2026-08-05T07:00,44,Good,4.3,6.6,4.5,5.9,115.0,48.0,,,,,,
2026-08-05T08:00,44,Good,4.1,5.9,4.1,6.0,123.0,52.0,,,,,,
2026-08-05T09:00,44,Good,4.6,6.6,3.7,5.9,125.0,61.0,,,,,,
2026-08-05T10:00,43,Good,5.4,8.4,3.3,5.6,126.0,74.0,,,,,,
2026-08-05T11:00,42,Good,7.1,11.6,3.0,5.1,129.0,84.0,,,,,,
2026-08-05T12:00,42,Good,9.0,14.8,2.8,4.3,139.0,91.0,,,,,,
2026-08-05T13:00,41,Good,9.3,14.3,2.7,3.3,152.0,96.0,,,,,,
2026-08-05T14:00,41,Good,10.4,16.7,2.9,2.6,159.0,97.0,,,,,,
2026-08-05T15:00,41,Good,12.0,21.7,3.7,2.6,155.0,94.0,,,,,,
2026-08-05T16:00,41,Good,12.0,23.7,4.7,2.9,145.0,87.0,,,,,,
2026-08-05T17:00,42,Good,14.5,28.9,8.0,2.9,137.0,79.0,,,,,,
2026-08-05T18:00,43,Good,13.6,27.9,7.8,3.4,133.0,73.0,,,,,,
2026-08-05T19:00,44,Good,12.4,25.6,7.5,4.2,131.0,64.0,,,,,,
2026-08-05T20:00,45,Good,10.5,20.0,7.2,4.7,129.0,57.0,,,,,,
2026-08-05T21:00,46,Good,9.2,15.9,6.8,4.8,126.0,52.0,,,,,,
2026-08-05T22:00,46,Good,8.5,14.1,6.5,4.7,123.0,49.0,,,,,,
2026-08-05T23:00,46,Good,7.9,12.5,6.2,4.6,120.0,46.0,,,,,,
2026-08-06T00:00,46,Good,7.4,11.4,6.1,4.5,115.0,43.0,,,,,,
2026-08-06T01:00,46,Good,6.6,10.2,6.2,4.4,109.0,41.0,,,,,,
2026-08-06T02:00,45,Good,5.5,8.1,6.1,4.3,105.0,40.0,,,,,,
2026-08-06T03:00,45,Good,4.3,5.9,5.8,4.4,101.0,39.0,,,,,,
2026-08-06T04:00,45,Good,3.2,4.1,5.4,4.5,99.0,39.0,,,,,,
2026-08-06T05:00,45,Good,4.6,6.3,5.8,4.5,102.0,38.0,,,,,,
2026-08-06T06:00,44,Good,3.4,4.4,5.4,4.6,117.0,39.0,,,,,,
2026-08-06T07:00,44,Good,2.9,3.8,4.8,4.8,137.0,40.0,,,,,,
2026-08-06T08:00,44,Good,3.3,5.1,4.2,4.9,149.0,45.0,,,,,,
2026-08-06T09:00,43,Good,4.8,8.4,3.4,4.9,143.0,55.0,,,,,,
2026-08-06T10:00,43,Good,7.3,13.6,2.6,4.7,128.0,68.0,,,,,,
2026-08-06T11:00,44,Good,8.9,17.1,2.0,4.5,119.0,78.0,,,,,,
2026-08-06T12:00,44,Good,8.5,16.4,1.7,4.1,125.0,84.0,,,,,,
2026-08-06T13:00,44,Good,7.7,14.5,1.7,3.6,138.0,86.0,,,,,,
2026-08-06T14:00,44,Good,7.7,13.8,1.9,3.3,146.0,86.0,,,,,,
2026-08-06T15:00,43,Good,7.5,13.8,2.4,3.2,142.0,82.0,,,,,,
2026-08-06T16:00,42,Good,10.3,22.5,3.0,3.3,132.0,74.0,,,,,,
2026-08-06T17:00,42,Good,8.0,15.8,4.3,4.7,127.0,62.0,,,,,,
2026-08-06T18:00,40,Good,7.5,13.9,5.3,4.8,130.0,58.0,,,,,,
2026-08-06T19:00,39,Good,7.4,12.9,6.6,5.1,137.0,53.0,,,,,,
2026-08-06T20:00,38,Good,6.8,11.1,7.5,5.2,146.0,48.0,,,,,,
2026-08-06T21:00,37,Good,6.2,9.8,7.7,5.2,161.0,46.0,,,,,,
2026-08-06T22:00,36,Good,5.7,8.8,7.4,5.2,178.0,44.0,,,,,,
2026-08-06T23:00,36,Good,5.3,8.2,7.1,5.2,187.0,43.0,,,,,,
2026-08-07T00:00,35,Good,4.7,7.4,6.8,5.2,181.0,42.0,,,,,,
2026-08-07T01:00,34,Good,4.2,6.4,6.5,5.2,167.0,41.0,,,,,,
2026-08-07T02:00,34,Good,3.7,5.6,6.1,5.1,156.0,40.0,,,,,,
2026-08-07T03:00,33,Good,3.1,4.4,5.6,5.0,151.0,40.0,,,,,,
2026-08-07T04:00,33,Good,2.5,3.5,5.0,4.8,147.0,41.0,,,,,,
2026-08-07T05:00,33,Good,2.7,3.9,4.9,4.6,146.0,39.0,,,,,,
2026-08-07T06:00,32,Good,2.3,3.2,4.9,4.7,149.0,39.0,,,,,,
2026-08-07T07:00,32,Good,2.1,2.6,5.0,4.9,153.0,39.0,,,,,,
2026-08-07T08:00,32,Good,1.9,2.3,4.8,5.1,152.0,41.0,,,,,,
2026-08-07T09:00,32,Good,1.9,2.3,4.3,5.4,139.0,46.0,,,,,,
2026-08-07T10:00,31,Good,2.2,2.9,3.7,5.7,119.0,54.0,,,,,,
2026-08-07T11:00,30,Good,3.0,4.2,3.1,5.8,105.0,61.0,,,,,,
2026-08-07T12:00,28,Good,3.7,5.8,2.7,5.5,101.0,68.0,,,,,,
2026-08-07T13:00,27,Good,4.3,7.1,2.4,5.0,102.0,75.0,,,,,,
2026-08-07T14:00,27,Good,5.0,8.5,2.4,4.6,104.0,80.0,,,,,,
2026-08-07T15:00,27,Good,5.4,9.3,2.9,4.2,107.0,81.0,,,,,,
2026-08-07T16:00,29,Good,5.8,9.9,3.6,3.8,110.0,79.0,,,,,,
2026-08-07T17:00,32,Good,8.9,17.3,4.7,3.7,115.0,75.0,,,,,,
2026-08-07T18:00,33,Good,9.0,17.9,5.3,4.1,122.0,67.0,,,,,,
2026-08-07T19:00,34,Good,9.1,18.5,6.1,4.6,129.0,56.0,,,,,,
2026-08-07T20:00,34,Good,9.1,18.9,6.7,5.0,133.0,47.0,,,,,,
2026-08-07T21:00,32,Good,8.6,17.3,7.0,5.2,130.0,44.0,,,,,,
2026-08-07T22:00,31,Good,7.7,13.9,7.2,5.2,123.0,43.0,,,,,,
2026-08-07T23:00,29,Good,6.4,10.1,7.1,5.2,121.0,43.0,,,,,,
2026-08-08T00:00,27,Good,5.0,7.0,6.8,5.0,129.0,42.0,,,,,,
2026-08-08T01:00,27,Good,3.8,4.8,6.2,4.7,141.0,41.0,,,,,,
2026-08-08T02:00,27,Good,2.6,3.1,5.7,4.4,147.0,40.0,,,,,,
2026-08-08T03:00,27,Good,1.9,2.3,5.1,4.3,139.0,40.0,,,,,,
2026-08-08T04:00,27,Good,1.6,2.0,4.5,4.2,126.0,40.0,,,,,,
2026-08-08T05:00,26,Good,2.3,3.6,5.1,4.5,120.0,36.0,,,,,,
2026-08-08T06:00,26,Good,2.1,3.0,4.8,4.6,132.0,37.0,,,,,,
2026-08-08T07:00,26,Good,2.0,2.6,4.4,4.8,152.0,38.0,,,,,,
2026-08-08T08:00,26,Good,2.2,2.8,3.9,5.0,161.0,42.0,,,,,,
2026-08-08T09:00,26,Good,2.6,3.2,3.3,5.1,149.0,52.0,,,,,,
2026-08-08T10:00,26,Good,3.2,3.8,2.8,5.2,127.0,64.0,,,,,,
2026-08-08T11:00,27,Good,3.9,4.9,2.3,5.1,110.0,74.0,,,,,,
2026-08-08T12:00,27,Good,4.4,6.4,2.0,4.5,105.0,79.0,,,,,,
2026-08-08T13:00,27,Good,4.9,7.6,1.9,3.6,104.0,81.0,,,,,,
2026-08-08T14:00,27,Good,5.3,8.4,2.0,3.0,106.0,81.0,,,,,,
2026-08-08T15:00,30,Good,5.4,8.7,2.4,3.0,110.0,78.0,,,,,,
2026-08-08T16:00,32,Good,5.5,9.3,3.1,3.2,115.0,73.0,,,,,,
2026-08-08T17:00,34,Good,9.6,16.3,4.7,3.5,118.0,73.0,,,,,,
2026-08-08T18:00,35,Good,8.8,14.8,5.1,3.7,116.0,66.0,,,,,,
2026-08-08T19:00,35,Good,8.1,13.4,5.6,4.1,112.0,57.0,,,,,,
2026-08-08T20:00,34,Good,7.4,12.3,6.0,4.4,111.0,49.0,,,,,,
2026-08-08T21:00,32,Good,6.5,10.6,6.2,4.7,117.0,46.0,,,,,,
2026-08-08T22:00,30,Good,6.0,9.7,6.3,5.0,127.0,44.0,,,,,,
2026-08-08T23:00,28,Good,6.0,9.8,6.3,5.2,134.0,43.0,,,,,,
2026-08-09T00:00,26,Good,6.6,10.9,6.1,5.1,137.0,42.0,,,,,,
2026-08-09T01:00,26,Good,7.3,12.5,5.7,4.8,138.0,41.0,,,,,,
2026-08-09T02:00,27,Good,7.6,13.4,5.4,4.6,137.0,41.0,,,,,,
2026-08-09T03:00,28,Good,7.0,12.1,5.2,4.5,132.0,40.0,,,,,,
2026-08-09T04:00,29,Good,6.0,10.0,4.9,4.5,125.0,40.0,,,,,,
2026-08-09T05:00,30,Good,4.5,6.8,5.3,4.6,119.0,38.0,,,,,,
2026-08-09T06:00,31,Good,3.8,5.4,4.9,4.7,115.0,38.0,,,,,,
2026-08-09T07:00,31,Good,3.3,4.4,4.4,4.8,112.0,38.0,,,,,,
2026-08-09T08:00,31,Good,2.9,3.8,3.8,4.9,109.0,42.0,,,,,,
2026-08-09T09:00,32,Good,3.0,4.0,3.2,4.9,104.0,51.0,,,,,,
2026-08-09T10:00,32,Good,3.7,5.2,2.6,4.9,99.0,64.0,,,,,,
2026-08-09T11:00,32,Good,4.6,6.4,2.1,4.6,96.0,74.0,,,,,,
2026-08-09T12:00,32,Good,6.0,8.2,1.8,3.9,97.0,81.0,,,,,,
2026-08-09T13:00,32,Good,7.6,11.1,1.6,3.1,99.0,86.0,,,,,,
2026-08-09T14:00,33,Good,8.1,11.9,1.6,2.5,102.0,88.0,,,,,,
2026-08-09T15:00,34,Good,7.7,11.6,2.1,2.5,104.0,85.0,,,,,,
2026-08-09T16:00,34,Good,6.7,10.3,2.8,2.8,106.0,80.0,,,,,,
2026-08-09T17:00,35,Good,11.8,19.7,4.6,3.0,108.0,76.0,,,,,,
2026-08-09T18:00,37,Good,12.4,20.5,5.7,3.5,112.0,69.0,,,,,,
2026-08-09T19:00,37,Good,12.9,21.2,7.2,4.2,116.0,60.0,,,,,,
2026-08-09T20:00,37,Good,12.5,20.1,8.0,4.7,118.0,52.0,,,,,,
2026-08-09T21:00,38,Good,10.9,17.1,7.4,4.9,116.0,47.0,,,,,,
2026-08-09T22:00,39,Good,9.1,14.0,6.2,4.8,112.0,44.0,,,,,,
2026-08-09T23:00,40,Good,7.9,11.8,5.2,4.8,108.0,42.0,,,,,,
2026-08-10T00:00,40,Good,7.2,10.5,5.0,4.8,103.0,40.0,,,,,,
2026-08-10T01:00,40,Good,6.2,9.1,5.0,4.7,99.0,40.0,,,,,,
2026-08-10T02:00,40,Good,5.7,8.3,5.1,4.7,95.0,39.0,,,,,,
2026-08-10T03:00,40,Good,5.5,8.2,5.1,4.6,92.0,38.0,,,,,,
2026-08-10T04:00,39,Good,5.3,8.0,5.0,4.6,90.0,37.0,,,,,,
2026-08-10T05:00,39,Good,5.3,7.8,5.4,5.0,93.0,36.0,,,,,,
2026-08-10T06:00,39,Good,5.4,7.9,5.1,5.3,103.0,36.0,,,,,,
2026-08-10T07:00,40,Good,5.6,8.2,4.6,5.7,118.0,37.0,,,,,,
2026-08-10T08:00,40,Good,6.1,8.9,4.2,5.8,137.0,41.0,,,,,,
2026-08-10T09:00,41,Good,7.0,10.4,4.0,5.6,167.0,50.0,,,,,,
2026-08-10T10:00,42,Good,8.7,12.7,3.9,5.2,202.0,62.0,,,,,,
2026-08-10T11:00,43,Good,9.9,14.1,3.6,4.6,220.0,73.0,,,,,,
2026-08-10T12:00,44,Good,9.7,13.2,2.8,3.8,207.0,83.0,,,,,,
2026-08-10T13:00,45,Good,10.6,14.7,1.9,2.8,176.0,92.0,,,,,,
2026-08-10T14:00,46,Good,10.3,14.4,1.6,2.2,150.0,98.0,,,,,,
2026-08-10T15:00,46,Good,8.8,12.3,2.4,2.3,136.0,98.0,,,,,,
2026-08-10T16:00,47,Good,8.0,11.4,3.7,2.7,126.0,95.0,,,,,,
2026-08-10T17:00,47,Good,9.2,13.0,3.6,1.6,120.0,85.0,,,,,,
2026-08-10T18:00,46,Good,9.1,13.3,5.4,2.5,118.0,78.0,,,,,,
2026-08-10T19:00,46,Good,9.7,14.4,7.8,3.7,120.0,69.0,,,,,,
2026-08-10T20:00,45,Good,11.0,16.6,9.4,4.7,122.0,60.0,,,,,,
2026-08-10T21:00,44,Good,11.2,17.3,9.5,5.2,125.0,54.0,,,,,,
2026-08-10T22:00,45,Good,11.1,17.7,8.8,5.4,129.0,48.0,,,,,,
2026-08-10T23:00,45,Good,11.2,18.4,8.1,5.5,128.0,44.0,,,,,,
2026-08-11T00:00,46,Good,11.2,19.0,7.7,5.5,119.0,41.0,,,,,,
2026-08-11T01:00,47,Good,10.9,18.8,7.4,5.5,106.0,38.0,,,,,,
2026-08-11T02:00,48,Good,10.4,18.0,7.1,5.4,98.0,36.0,,,,,,
2026-08-11T03:00,49,Good,9.9,16.9,7.0,5.2,97.0,34.0,,,,,,
2026-08-11T04:00,50,Good,9.4,16.0,6.9,5.0,100.0,33.0,,,,,,
2026-08-11T05:00,50,Good,10.7,17.1,8.4,5.6,107.0,31.0,,,,,,
2026-08-11T06:00,51,Moderate,10.4,17.1,7.5,6.0,121.0,33.0,,,,,,
2026-08-11T07:00,51,Moderate,10.1,17.3,6.2,6.6,139.0,35.0,,,,,,
2026-08-11T08:00,51,Moderate,10.2,18.0,5.1,6.8,156.0,41.0,,,,,,
2026-08-11T09:00,52,Moderate,10.9,19.4,4.4,6.3,172.0,52.0,,,,,,
2026-08-11T10:00,52,Moderate,12.3,19.9,3.8,5.4,187.0,65.0,,,,,,
2026-08-11T11:00,52,Moderate,12.5,19.6,3.2,4.5,194.0,77.0,,,,,,
2026-08-11T12:00,53,Moderate,12.5,19.0,2.3,3.5,180.0,87.0,,,,,,
2026-08-11T13:00,53,Moderate,12.5,18.2,1.5,2.4,158.0,96.0,,,,,,
2026-08-11T14:00,53,Moderate,12.5,17.8,1.2,1.8,155.0,101.0,,,,,,
2026-08-11T15:00,53,Moderate,11.0,15.5,2.0,1.9,197.0,99.0,,,,,,
2026-08-11T16:00,53,Moderate,9.4,13.2,3.5,2.6,258.0,94.0,,,,,,
2026-08-11T17:00,53,Moderate,10.6,15.1,3.5,2.3,286.0,89.0,,,,,,
2026-08-11T18:00,54,Moderate,10.4,14.8,4.8,3.3,246.0,83.0,,,,,,
2026-08-11T19:00,54,Moderate,10.6,15.1,6.7,4.8,173.0,75.0,,,,,,
2026-08-11T20:00,54,Moderate,10.9,16.1,7.9,5.8,117.0,67.0,,,,,,
2026-08-11T21:00,54,Moderate,10.9,16.8,7.9,6.1,101.0,60.0,,,,,,
2026-08-11T22:00,54,Moderate,10.6,16.9,7.3,5.9,103.0,53.0,,,,,,
2026-08-11T23:00,54,Moderate,10.4,17.1,6.7,5.7,106.0,47.0,,,,,,
2026-08-12T00:00,54,Moderate,9.7,16.4,6.4,5.5,104.0,44.0,,,,,,
2026-08-12T01:00,53,Moderate,9.1,15.7,6.2,5.3,104.0,42.0,,,,,,
2026-08-12T02:00,53,Moderate,8.8,15.8,6.0,5.1,103.0,41.0,,,,,,
2026-08-12T03:00,53,Moderate,8.6,16.0,5.8,5.1,101.0,40.0,,,,,,
2026-08-12T04:00,53,Moderate,8.1,15.4,5.6,5.1,99.0,39.0,,,,,,
2026-08-12T05:00,53,Moderate,6.2,10.0,5.8,5.6,100.0,38.0,,,,,,
2026-08-12T06:00,53,Moderate,5.8,9.8,5.4,5.8,109.0,38.0,,,,,,
2026-08-12T07:00,52,Moderate,5.9,10.4,4.7,6.0,121.0,39.0,,,,,,
2026-08-12T08:00,52,Moderate,6.3,11.4,4.2,6.0,128.0,43.0,,,,,,
2026-08-12T09:00,52,Moderate,7.2,13.2,3.9,5.7,120.0,53.0,,,,,,
2026-08-12T10:00,51,Moderate,8.8,15.0,3.7,5.1,106.0,65.0,,,,,,
2026-08-12T11:00,51,Moderate,10.1,16.0,3.4,4.5,103.0,77.0,,,,,,
2026-08-12T12:00,51,Moderate,9.5,14.3,2.7,3.8,123.0,87.0,,,,,,
2026-08-12T13:00,51,Moderate,9.4,13.7,1.8,3.0,154.0,97.0,,,,,,
2026-08-12T14:00,50,Good,10.6,15.9,1.4,2.4,172.0,102.0,,,,,,
2026-08-12T15:00,50,Good,10.9,16.4,2.0,2.1,162.0,101.0,,,,,,
2026-08-12T16:00,50,Good,10.9,16.7,3.0,2.1,140.0,95.0,,,,,,
2026-08-12T17:00,50,Good,12.9,19.8,3.5,1.7,124.0,84.0,,,,,,
2026-08-12T18:00,51,Moderate,12.3,19.7,4.3,2.5,125.0,76.0,,,,,,
2026-08-12T19:00,51,Moderate,11.4,18.7,5.5,3.7,133.0,66.0,,,,,,
2026-08-12T20:00,51,Moderate,11.0,18.3,6.3,4.6,138.0,57.0,,,,,,
2026-08-12T21:00,51,Moderate,11.1,18.3,6.5,4.9,136.0,52.0,,,,,,
2026-08-12T22:00,51,Moderate,10.5,17.2,6.4,4.9,132.0,48.0,,,,,,
2026-08-12T23:00,51,Moderate,9.7,15.3,6.2,4.9,129.0,46.0,,,,,,
2026-08-13T00:00,51,Moderate,8.8,13.8,6.0,4.8,130.0,44.0,,,,,,
2026-08-13T01:00,51,Moderate,8.1,12.7,5.8,4.7,132.0,44.0,,,,,,
2026-08-13T02:00,51,Moderate,7.7,12.7,5.6,4.6,136.0,43.0,,,,,,
2026-08-13T03:00,50,Good,7.6,13.3,5.3,4.5,142.0,42.0,,,,,,
2026-08-13T04:00,50,Good,7.8,14.1,5.0,4.5,150.0,42.0,,,,,,
2026-08-13T05:00,50,Good,8.8,15.3,5.2,4.8,154.0,41.0,,,,,,
2026-08-13T06:00,51,Moderate,8.6,14.8,4.9,5.1,154.0,41.0,,,,,,
2026-08-13T07:00,51,Moderate,7.7,12.6,4.6,5.5,151.0,43.0,,,,,,
2026-08-13T08:00,51,Moderate,6.7,10.2,4.1,5.6,145.0,47.0,,,,,,
2026-08-13T09:00,51,Moderate,6.2,8.9,3.5,5.3,135.0,58.0,,,,,,
2026-08-13T10:00,51,Moderate,6.3,9.1,2.8,4.8,122.0,72.0,,,,,,
2026-08-13T11:00,51,Moderate,6.2,8.5,2.2,4.2,114.0,83.0,,,,,,
2026-08-13T12:00,50,Good,6.3,8.0,1.8,3.5,117.0,89.0,,,,,,
2026-08-13T13:00,50,Good,6.4,8.3,1.6,2.8,126.0,93.0,,,,,,
2026-08-13T14:00,50,Good,7.1,10.0,1.6,2.4,131.0,94.0,,,,,,
2026-08-13T15:00,49,Good,6.7,9.6,2.1,2.5,128.0,92.0,,,,,,
2026-08-13T16:00,48,Good,5.8,8.3,2.9,2.9,122.0,87.0,,,,,,
2026-08-13T17:00,47,Good,8.1,12.5,4.0,3.0,117.0,76.0,,,,,,
2026-08-13T18:00,46,Good,6.9,10.4,4.6,3.3,116.0,69.0,,,,,,
2026-08-13T19:00,44,Good,6.2,9.3,5.4,3.8,117.0,60.0,,,,,,
2026-08-13T20:00,43,Good,5.9,8.8,6.1,4.3,119.0,52.0,,,,,,
2026-08-13T21:00,42,Good,5.8,8.7,6.4,4.9,123.0,47.0,,,,,,
2026-08-13T22:00,41,Good,5.8,8.8,6.5,5.5,129.0,44.0,,,,,,
2026-08-13T23:00,40,Good,5.8,9.1,6.6,5.9,135.0,42.0,,,,,,
2026-08-14T00:00,39,Good,6.1,9.8,6.7,5.9,140.0,40.0,,,,,,
2026-08-14T01:00,38,Good,6.5,10.5,6.7,5.7,145.0,38.0,,,,,,
2026-08-14T02:00,38,Good,6.7,10.4,6.7,5.6,147.0,37.0,,,,,,
2026-08-14T03:00,38,Good,6.1,9.0,6.6,5.7,142.0,36.0,,,,,,
2026-08-14T04:00,37,Good,5.2,7.2,6.5,5.8,135.0,36.0,,,,,,
2026-08-14T05:00,37,Good,4.4,6.0,6.1,6.0,132.0,37.0,,,,,,
2026-08-14T06:00,36,Good,3.9,5.1,5.5,6.1,141.0,38.0,,,,,,
2026-08-14T07:00,34,Good,3.8,4.8,4.7,6.2,155.0,40.0,,,,,,
2026-08-14T08:00,34,Good,4.0,5.1,3.9,6.2,161.0,44.0,,,,,,
2026-08-14T09:00,33,Good,4.5,5.8,3.3,6.0,150.0,53.0,,,,,,
2026-08-14T10:00,33,Good,5.2,6.9,2.8,5.8,131.0,65.0,,,,,,
2026-08-14T11:00,32,Good,5.9,7.9,2.4,5.3,122.0,76.0,,,,,,
2026-08-14T12:00,32,Good,6.2,8.4,2.1,4.5,136.0,84.0,,,,,,
2026-08-14T13:00,32,Good,6.5,8.6,1.9,3.5,160.0,91.0,,,,,,
2026-08-14T14:00,32,Good,6.7,8.7,1.9,2.9,173.0,94.0,,,,,,
2026-08-14T15:00,32,Good,7.3,10.7,2.3,2.8,161.0,91.0,,,,,,
2026-08-14T16:00,35,Good,6.2,9.0,2.8,3.1,138.0,83.0,,,,,,
2026-08-14T17:00,37,Good,6.9,10.3,3.8,3.2,121.0,82.0,,,,,,
2026-08-14T18:00,39,Good,7.1,11.1,4.2,3.5,116.0,74.0,,,,,,
2026-08-14T19:00,39,Good,7.2,11.1,4.8,3.9,117.0,64.0,,,,,,
2026-08-14T20:00,38,Good,6.8,10.3,5.3,4.3,124.0,55.0,,,,,,
2026-08-14T21:00,37,Good,6.4,9.3,5.6,4.5,143.0,50.0,,,,,,
2026-08-14T22:00,34,Good,5.5,7.8,5.9,4.7,169.0,46.0,,,,,,
2026-08-14T23:00,33,Good,4.8,6.6,6.0,4.8,183.0,43.0,,,,,,
2026-08-15T00:00,32,Good,4.3,6.0,5.9,4.9,173.0,42.0,,,,,,
2026-08-15T01:00,32,Good,4.0,5.7,5.7,4.9,152.0,41.0,,,,,,
2026-08-15T02:00,31,Good,3.7,5.6,5.4,4.9,135.0,41.0,,,,,,
2026-08-15T03:00,31,Good,3.5,5.5,5.2,5.0,129.0,41.0,,,,,,
2026-08-15T04:00,30,Good,3.5,5.8,4.9,5.1,128.0,41.0,,,,,,
2026-08-15T05:00,30,Good,4.5,8.0,4.8,4.9,130.0,41.0,,,,,,
2026-08-15T06:00,30,Good,5.0,9.5,4.6,5.1,136.0,42.0,,,,,,
2026-08-15T07:00,30,Good,5.1,9.7,4.4,5.4,144.0,43.0,,,,,,
2026-08-15T08:00,30,Good,5.3,9.7,4.0,5.6,147.0,47.0,,,,,,
2026-08-15T09:00,31,Good,5.8,10.5,3.4,5.6,137.0,56.0,,,,,,
2026-08-15T10:00,31,Good,7.0,12.4,2.8,5.4,122.0,68.0,,,,,,
2026-08-15T11:00,31,Good,7.5,12.6,2.3,5.1,114.0,79.0,,,,,,
2026-08-15T12:00,32,Good,7.5,12.1,2.0,4.4,122.0,87.0,,,,,,
2026-08-15T13:00,32,Good,7.4,11.3,1.9,3.6,137.0,93.0,,,,,,
2026-08-15T14:00,32,Good,7.9,11.7,2.1,2.9,145.0,96.0,,,,,,
2026-08-15T15:00,33,Good,8.6,12.9,2.6,2.6,138.0,93.0,,,,,,
2026-08-15T16:00,36,Good,8.3,12.9,3.4,2.4,124.0,86.0,,,,,,
2026-08-15T17:00,38,Good,9.5,14.8,4.3,2.3,116.0,81.0,,,,,,
2026-08-15T18:00,40,Good,8.8,14.1,4.5,2.8,121.0,74.0,,,,,,
2026-08-15T19:00,40,Good,8.6,14.0,4.9,3.4,132.0,63.0,,,,,,
2026-08-15T20:00,39,Good,8.9,14.3,5.2,3.9,142.0,55.0,,,,,,
2026-08-15T21:00,37,Good,9.2,14.6,5.5,4.2,150.0,51.0,,,,,,
2026-08-15T22:00,36,Good,9.3,14.4,5.8,4.3,158.0,49.0,,,,,,
2026-08-15T23:00,37,Good,9.3,14.3,5.9,4.4,161.0,48.0,,,,,,
2026-08-16T00:00,38,Good,8.8,13.9,5.8,4.5,155.0,47.0,,,,,,
2026-08-16T01:00,39,Good,8.2,12.8,5.5,4.5,145.0,46.0,,,,,,
2026-08-16T02:00,40,Good,7.8,12.2,5.2,4.5,137.0,46.0,,,,,,
2026-08-16T03:00,41,Good,7.5,12.0,4.9,4.5,133.0,45.0,,,,,,
2026-08-16T04:00,42,Good,7.2,11.8,4.6,4.4,132.0,45.0,,,,,,
2026-08-16T05:00,42,Good,5.2,8.1,4.7,4.6,132.0,44.0,,,,,,
2026-08-16T06:00,43,Good,4.8,7.3,4.4,4.9,135.0,44.0,,,,,,
2026-08-16T07:00,42,Good,4.7,7.1,4.1,5.2,139.0,44.0,,,,,,
2026-08-16T08:00,42,Good,4.9,7.6,3.6,5.4,142.0,48.0,,,,,,
2026-08-16T09:00,42,Good,5.8,9.2,3.0,5.3,141.0,59.0,,,,,,
2026-08-16T10:00,42,Good,7.0,11.3,2.3,4.9,138.0,72.0,,,,,,
2026-08-16T11:00,42,Good,7.9,12.4,1.8,4.4,134.0,83.0,,,,,,
2026-08-16T12:00,42,Good,8.1,12.1,1.4,3.6,128.0,87.0,,,,,,
2026-08-16T13:00,43,Good,8.4,12.5,1.2,2.7,121.0,88.0,,,,,,
2026-08-16T14:00,43,Good,8.1,12.4,1.2,2.0,117.0,87.0,,,,,,
2026-08-16T15:00,43,Good,7.5,11.6,1.5,1.9,120.0,84.0,,,,,,
2026-08-16T16:00,43,Good,7.1,10.9,2.0,2.0,126.0,79.0,,,,,,
2026-08-16T17:00,42,Good,8.8,13.9,2.9,2.3,132.0,75.0,,,,,,
2026-08-16T18:00,42,Good,7.7,12.0,3.2,2.7,136.0,70.0,,,,,,
2026-08-16T19:00,42,Good,7.1,11.0,3.6,3.2,140.0,63.0,,,,,,
2026-08-16T20:00,42,Good,6.6,10.0,4.0,3.7,142.0,57.0,,,,,,
2026-08-16T21:00,41,Good,6.7,10.0,4.2,4.0,143.0,54.0,,,,,,
2026-08-16T22:00,40,Good,6.5,9.5,4.4,4.1,143.0,52.0,,,,,,
2026-08-16T23:00,40,Good,6.1,9.0,4.4,4.2,141.0,50.0,,,,,,
2026-08-17T00:00,39,Good,5.7,8.4,4.3,4.2,134.0,49.0,,,,,,
2026-08-17T01:00,38,Good,5.4,8.0,4.1,4.1,125.0,48.0,,,,,,
2026-08-17T02:00,38,Good,4.9,7.2,4.0,4.1,118.0,47.0,,,,,,
2026-08-17T03:00,37,Good,4.2,6.0,3.9,4.1,113.0,46.0,,,,,,
2026-08-17T04:00,36,Good,3.5,5.0,3.9,4.1,110.0,45.0,,,,,,
2026-08-17T05:00,35,Good,4.7,7.2,4.0,4.3,112.0,44.0,,,,,,
2026-08-17T06:00,35,Good,4.4,6.4,3.9,4.6,127.0,44.0,,,,,,
2026-08-17T07:00,35,Good,4.2,6.1,3.7,5.0,147.0,44.0,,,,,,
2026-08-17T08:00,35,Good,4.1,6.0,3.5,5.2,158.0,48.0,,,,,,
2026-08-17T09:00,35,Good,4.6,6.7,3.1,5.0,147.0,58.0,,,,,,
2026-08-17T10:00,35,Good,5.4,7.9,2.6,4.6,127.0,71.0,,,,,,
2026-08-17T11:00,34,Good,6.2,9.1,2.2,4.1,118.0,82.0,,,,,,
2026-08-17T12:00,34,Good,6.8,10.3,1.8,3.4,137.0,88.0,,,,,,
2026-08-17T13:00,33,Good,8.0,12.7,1.5,2.6,167.0,92.0,,,,,,
2026-08-17T14:00,33,Good,9.2,15.2,1.5,2.2,184.0,94.0,,,,,,
2026-08-17T15:00,34,Good,9.0,15.0,2.1,2.3,171.0,93.0,,,,,,
2026-08-17T16:00,36,Good,8.3,13.7,3.1,2.8,145.0,89.0,,,,,,
2026-08-17T17:00,39,Good,11.1,19.6,3.6,2.1,126.0,83.0,,,,,,
2026-08-17T18:00,40,Good,10.7,18.5,4.1,2.6,125.0,77.0,,,,,,
2026-08-17T19:00,40,Good,10.7,18.4,4.9,3.4,132.0,70.0,,,,,,
2026-08-17T20:00,40,Good,10.9,18.6,5.4,4.0,139.0,63.0,,,,,,
2026-08-17T21:00,38,Good,10.9,19.1,5.6,4.3,143.0,58.0,,,,,,
2026-08-17T22:00,38,Good,10.3,17.8,5.6,4.4,145.0,55.0,,,,,,
2026-08-17T23:00,39,Good,9.5,15.9,5.6,4.5,147.0,52.0,,,,,,
2026-08-18T00:00,40,Good,9.0,15.0,5.6,4.7,147.0,49.0,,,,,,
2026-08-18T01:00,41,Good,8.4,14.4,5.7,4.8,145.0,47.0,,,,,,
2026-08-18T02:00,41,Good,8.1,14.4,5.6,4.9,142.0,46.0,,,,,,
2026-08-18T03:00,42,Good,7.9,14.9,5.5,4.9,135.0,45.0,,,,,,
2026-08-18T04:00,43,Good,7.8,15.5,5.2,4.8,127.0,45.0,,,,,,
2026-08-18T05:00,44,Good,7.7,14.4,5.1,4.9,126.0,45.0,,,,,,
2026-08-18T06:00,45,Good,7.4,13.9,4.9,5.2,137.0,45.0,,,,,,
2026-08-18T07:00,45,Good,7.3,13.5,4.6,5.6,154.0,46.0,,,,,,
2026-08-18T08:00,46,Good,7.6,13.9,4.3,5.8,169.0,50.0,,,,,,
2026-08-18T09:00,47,Good,8.5,15.9,4.0,5.6,180.0,61.0,,,,,,
2026-08-18T10:00,48,Good,10.2,17.6,3.6,5.1,189.0,75.0,,,,,,
2026-08-18T11:00,49,Good,11.8,19.2,3.1,4.5,191.0,87.0,,,,,,
2026-08-18T12:00,50,Good,11.3,17.1,2.4,3.7,177.0,95.0,,,,,,
2026-08-18T13:00,50,Good,11.8,17.7,1.7,2.7,156.0,100.0,,,,,,
2026-08-18T14:00,51,Moderate,11.8,17.6,1.3,2.0,147.0,102.0,,,,,,
2026-08-18T15:00,51,Moderate,11.3,16.9,1.6,1.7,166.0,100.0,,,,,,
2026-08-18T16:00,51,Moderate,10.6,16.2,2.3,1.6,198.0,94.0,,,,,,
2026-08-18T17:00,51,Moderate,10.3,16.0,3.0,1.9,215.0,87.0,,,,,,
2026-08-18T18:00,51,Moderate,9.6,14.9,3.8,2.5,200.0,80.0,,,,,,
2026-08-18T19:00,51,Moderate,8.6,13.1,4.9,3.3,170.0,70.0,,,,,,
2026-08-18T20:00,51,Moderate,7.1,10.4,5.7,4.0,145.0,61.0,,,,,,
2026-08-18T21:00,51,Moderate,6.3,8.8,6.0,4.5,135.0,56.0,,,,,,
2026-08-18T22:00,50,Good,6.1,8.4,6.1,4.8,131.0,51.0,,,,,,
2026-08-18T23:00,50,Good,6.2,8.5,6.2,5.0,127.0,48.0,,,,,,
2026-08-19T00:00,49,Good,6.4,8.8,6.4,5.1,119.0,45.0,,,,,,
2026-08-19T01:00,49,Good,6.5,9.5,6.6,5.0,110.0,42.0,,,,,,
2026-08-19T02:00,48,Good,6.8,10.3,6.7,5.0,105.0,40.0,,,,,,
2026-08-19T03:00,48,Good,6.9,11.1,6.6,5.0,104.0,38.0,,,,,,
2026-08-19T04:00,48,Good,7.1,12.0,6.3,4.9,106.0,37.0,,,,,,
2026-08-19T05:00,48,Good,6.6,11.2,6.7,5.4,111.0,36.0,,,,,,
2026-08-19T06:00,47,Good,7.0,12.2,6.1,5.7,117.0,37.0,,,,,,
2026-08-19T07:00,47,Good,7.4,12.9,5.4,6.0,124.0,38.0,,,,,,
2026-08-19T08:00,47,Good,7.8,13.4,4.7,6.0,138.0,43.0,,,,,,
2026-08-19T09:00,47,Good,8.2,13.6,4.3,5.5,165.0,53.0,,,,,,
2026-08-19T10:00,47,Good,9.5,14.5,4.1,4.8,197.0,66.0,,,,,,
2026-08-19T11:00,47,Good,10.6,15.3,3.7,4.0,217.0,77.0,,,,,,
2026-08-19T12:00,47,Good,11.1,15.8,2.8,3.2,213.0,85.0,,,,,,
2026-08-19T13:00,47,Good,10.8,15.5,1.8,2.5,196.0,90.0,,,,,,
2026-08-19T14:00,46,Good,10.0,14.5,1.4,2.0,178.0,93.0,,,,,,
2026-08-19T15:00,46,Good,9.2,13.6,2.0,2.1,162.0,92.0,,,,,,
2026-08-19T16:00,46,Good,8.3,12.4,3.2,2.4,145.0,88.0,,,,,,
2026-08-19T17:00,45,Good,8.4,12.0,3.6,1.6,133.0,81.0,,,,,,
2026-08-19T18:00,45,Good,8.0,11.6,4.4,2.4,129.0,76.0,,,,,,
2026-08-19T19:00,44,Good,8.0,11.6,5.6,3.5,130.0,69.0,,,,,,
2026-08-19T20:00,44,Good,8.5,12.5,6.4,4.3,131.0,62.0,,,,,,
2026-08-19T21:00,44,Good,8.7,12.9,6.6,4.7,130.0,56.0,,,,,,
2026-08-19T22:00,45,Good,8.8,13.1,6.6,4.8,128.0,49.0,,,,,,
2026-08-19T23:00,46,Good,8.9,13.2,6.6,4.9,127.0,44.0,,,,,,
2026-08-20T00:00,46,Good,8.9,13.3,6.8,5.0,127.0,40.0,,,,,,
2026-08-20T01:00,47,Good,8.9,13.5,7.0,5.1,128.0,36.0,,,,,,
2026-08-20T02:00,47,Good,8.8,13.8,7.1,5.1,128.0,34.0,,,,,,
2026-08-20T03:00,48,Good,8.6,14.0,6.9,5.1,128.0,32.0,,,,,,
2026-08-20T04:00,48,Good,8.5,14.1,6.6,5.1,127.0,32.0,,,,,,
2026-08-20T05:00,48,Good,10.8,16.5,8.6,5.5,128.0,30.0,,,,,,
2026-08-20T06:00,49,Good,10.7,17.1,7.6,5.8,130.0,31.0,,,,,,
2026-08-20T07:00,50,Good,10.6,17.5,6.2,6.2,134.0,34.0,,,,,,
2026-08-20T08:00,50,Good,10.6,17.9,5.1,6.3,142.0,39.0,,,,,,
2026-08-20T09:00,51,Moderate,11.1,18.3,4.7,5.9,161.0,49.0,,,,,,
2026-08-20T10:00,51,Moderate,12.5,19.8,4.7,5.3,184.0,63.0,,,,,,
2026-08-20T11:00,51,Moderate,13.7,20.6,4.4,4.6,197.0,74.0,,,,,,
2026-08-20T12:00,51,Moderate,13.2,19.2,3.5,3.7,192.0,81.0,,,,,,
2026-08-20T13:00,51,Moderate,11.8,17.0,2.4,2.8,178.0,86.0,,,,,,
2026-08-20T14:00,52,Moderate,9.9,14.4,1.9,2.2,162.0,89.0,,,,,,
2026-08-20T15:00,52,Moderate,8.8,12.6,2.6,2.2,144.0,90.0,,,,,,
2026-08-20T16:00,51,Moderate,7.9,11.1,3.9,2.6,125.0,88.0,,,,,,
2026-08-20T17:00,51,Moderate,11.4,16.7,4.8,2.2,114.0,82.0,,,,,,
2026-08-20T18:00,52,Moderate,11.0,15.7,5.7,2.9,118.0,75.0,,,,,,
2026-08-20T19:00,52,Moderate,11.2,16.2,6.9,3.9,129.0,64.0,,,,,,
2026-08-20T20:00,52,Moderate,11.0,16.6,7.7,4.7,136.0,55.0,,,,,,
2026-08-20T21:00,52,Moderate,10.3,15.8,7.7,5.1,133.0,48.0,,,,,,
2026-08-20T22:00,53,Moderate,9.7,15.3,7.2,5.3,126.0,42.0,,,,,,
2026-08-20T23:00,53,Moderate,9.5,14.8,6.9,5.4,120.0,38.0,,,,,,
2026-08-21T00:00,53,Moderate,9.3,14.1,6.9,5.4,115.0,35.0,,,,,,
2026-08-21T01:00,53,Moderate,9.1,13.5,7.1,5.3,111.0,33.0,,,,,,
2026-08-21T02:00,53,Moderate,8.7,13.1,7.0,5.1,108.0,32.0,,,,,,
2026-08-21T03:00,53,Moderate,8.3,13.1,6.4,4.8,105.0,32.0,,,,,,
2026-08-21T04:00,53,Moderate,8.1,13.4,5.6,4.5,102.0,33.0,,,,,,
2026-08-21T05:00,53,Moderate,9.2,13.9,7.8,5.3,104.0,29.0,,,,,,
2026-08-21T06:00,52,Moderate,9.1,14.5,7.2,5.5,114.0,30.0,,,,,,
2026-08-21T07:00,52,Moderate,9.2,15.2,6.4,5.8,128.0,32.0,,,,,,
2026-08-21T08:00,52,Moderate,9.5,15.9,5.6,5.9,135.0,36.0,,,,,,
2026-08-21T09:00,52,Moderate,10.0,16.6,5.0,5.8,127.0,44.0,,,,,,
2026-08-21T10:00,52,Moderate,10.8,17.2,4.5,5.5,112.0,55.0,,,,,,
2026-08-21T11:00,52,Moderate,11.8,18.2,4.1,5.0,105.0,65.0,,,,,,
2026-08-21T12:00,52,Moderate,13.1,19.1,3.6,4.2,114.0,75.0,,,,,,
2026-08-21T13:00,52,Moderate,12.9,18.4,3.1,3.2,130.0,85.0,,,,,,
2026-08-21T14:00,52,Moderate,12.3,17.7,3.0,2.5,141.0,90.0,,,,,,
2026-08-21T15:00,52,Moderate,11.5,16.4,3.5,2.3,138.0,89.0,,,,,,
2026-08-21T16:00,52,Moderate,10.7,15.0,4.3,2.4,130.0,83.0,,,,,,
2026-08-21T17:00,52,Moderate,9.9,14.8,3.3,1.8,125.0,82.0,,,,,,
2026-08-21T18:00,52,Moderate,9.3,13.8,4.0,2.5,131.0,76.0,,,,,,
2026-08-21T19:00,52,Moderate,9.9,14.5,4.9,3.5,140.0,68.0,,,,,,
2026-08-21T20:00,52,Moderate,10.4,15.2,5.6,4.2,146.0,61.0,,,,,,
2026-08-21T21:00,52,Moderate,10.7,16.0,5.9,4.6,144.0,56.0,,,,,,
2026-08-21T22:00,52,Moderate,10.7,16.0,6.0,4.7,138.0,51.0,,,,,,
2026-08-21T23:00,52,Moderate,10.5,15.8,5.9,4.7,131.0,47.0,,,,,,
2026-08-22T00:00,52,Moderate,10.2,15.4,5.7,4.5,121.0,44.0,,,,,,
2026-08-22T01:00,52,Moderate,9.7,15.0,5.3,4.1,110.0,42.0,,,,,,
2026-08-22T02:00,52,Moderate,9.4,14.6,5.0,3.9,103.0,41.0,,,,,,
2026-08-22T03:00,52,Moderate,9.1,14.2,4.7,3.9,101.0,41.0,,,,,,
2026-08-22T04:00,53,Moderate,8.7,13.5,4.3,3.9,103.0,41.0,,,,,,
2026-08-22T05:00,53,Moderate,8.4,12.9,4.7,4.2,110.0,40.0,,,,,,
2026-08-22T06:00,52,Moderate,8.1,12.5,4.6,4.5,128.0,40.0,,,,,,
2026-08-22T07:00,52,Moderate,8.0,12.1,4.4,4.8,151.0,40.0,,,,,,
2026-08-22T08:00,52,Moderate,8.1,12.0,4.2,5.0,161.0,43.0,,,,,,
2026-08-22T09:00,52,Moderate,8.4,12.2,3.8,5.0,144.0,53.0,,,,,,
2026-08-22T10:00,52,Moderate,9.1,12.9,3.3,4.9,115.0,66.0,,,,,,
2026-08-22T11:00,52,Moderate,9.7,13.8,2.9,4.6,101.0,77.0,,,,,,
2026-08-22T12:00,52,Moderate,10.9,15.4,2.5,3.9,123.0,86.0,,,,,,
2026-08-22T13:00,52,Moderate,11.1,15.6,2.1,3.1,161.0,93.0,,,,,,
2026-08-22T14:00,51,Moderate,10.8,15.6,2.0,2.4,183.0,97.0,,,,,,
2026-08-22T15:00,51,Moderate,10.2,14.9,2.6,2.1,172.0,95.0,,,,,,
2026-08-22T16:00,51,Moderate,9.2,13.4,3.5,2.1,146.0,90.0,,,,,,
2026-08-22T17:00,51,Moderate,8.8,12.4,4.4,1.6,126.0,82.0,,,,,,
2026-08-22T18:00,51,Moderate,7.9,11.1,5.1,2.4,123.0,75.0,,,,,,
2026-08-22T19:00,51,Moderate,7.1,9.7,6.2,3.4,126.0,64.0,,,,,,
2026-08-22T20:00,51,Moderate,6.4,8.9,6.8,4.2,128.0,55.0,,,,,,
2026-08-22T21:00,50,Good,6.3,9.3,6.7,4.3,124.0,49.0,,,,,,
2026-08-22T22:00,50,Good,6.8,10.2,6.3,4.2,119.0,44.0,,,,,,
2026-08-22T23:00,49,Good,6.9,10.1,5.9,4.0,114.0,40.0,,,,,,
2026-08-23T00:00,48,Good,6.7,9.3,5.8,3.9,109.0,38.0,,,,,,
2026-08-23T01:00,48,Good,6.0,8.2,5.7,3.7,104.0,37.0,,,,,,
2026-08-23T02:00,47,Good,5.3,7.5,5.5,3.6,101.0,36.0,,,,,,
2026-08-23T03:00,46,Good,5.2,7.5,5.1,3.5,100.0,36.0,,,,,,
2026-08-23T04:00,45,Good,5.2,7.8,4.5,3.4,100.0,35.0,,,,,,
2026-08-23T05:00,44,Good,5.3,8.0,4.8,3.9,101.0,35.0,,,,,,
2026-08-23T06:00,43,Good,4.9,7.1,4.5,4.1,102.0,35.0,,,,,,
2026-08-23T07:00,43,Good,4.6,6.4,4.2,4.4,103.0,35.0,,,,,,
2026-08-23T08:00,42,Good,4.6,6.1,3.7,4.6,103.0,39.0,,,,,,
2026-08-23T09:00,41,Good,4.6,6.1,3.0,4.5,99.0,48.0,,,,,,
2026-08-23T10:00,40,Good,4.7,6.5,2.3,4.3,94.0,61.0,,,,,,
2026-08-23T11:00,39,Good,5.3,7.6,1.7,3.9,93.0,71.0,,,,,,
2026-08-23T12:00,38,Good,6.8,10.2,1.5,3.4,102.0,78.0,,,,,,
2026-08-23T13:00,37,Good,8.4,12.7,1.5,2.7,116.0,82.0,,,,,,
2026-08-23T14:00,37,Good,9.5,14.8,1.6,2.3,124.0,84.0,,,,,,
2026-08-23T15:00,36,Good,10.2,16.0,1.9,2.2,121.0,82.0,,,,,,
2026-08-23T16:00,36,Good,9.9,15.8,2.4,2.3,113.0,78.0,,,,,,
2026-08-23T17:00,36,Good,10.7,17.0,2.8,2.4,109.0,72.0,,,,,,
2026-08-23T18:00,37,Good,10.0,16.0,3.1,2.8,116.0,65.0,,,,,,
2026-08-23T19:00,37,Good,9.8,15.7,3.6,3.3,127.0,55.0,,,,,,
2026-08-23T20:00,38,Good,10.0,16.1,4.0,3.7,136.0,47.0,,,,,,
2026-08-23T21:00,39,Good,9.8,15.4,4.2,3.9,141.0,43.0,,,,,,
2026-08-23T22:00,40,Good,9.1,13.9,4.4,4.0,144.0,41.0,,,,,,
2026-08-23T23:00,40,Good,8.6,13.0,4.5,4.0,143.0,39.0,,,,,,
2026-08-24T00:00,41,Good,7.7,11.6,4.5,4.0,135.0,38.0,,,,,,
2026-08-24T01:00,41,Good,6.9,10.5,4.4,4.1,124.0,37.0,,,,,,
2026-08-24T02:00,41,Good,6.4,9.8,4.3,4.1,115.0,37.0,,,,,,
2026-08-24T03:00,41,Good,6.0,9.2,4.2,4.1,110.0,36.0,,,,,,
2026-08-24T04:00,41,Good,5.8,8.9,4.0,4.1,107.0,36.0,,,,,,
2026-08-24T05:00,42,Good,5.8,8.8,4.0,4.3,108.0,35.0,,,,,,
2026-08-24T06:00,42,Good,5.2,7.8,4.0,4.6,118.0,34.0,,,,,,
2026-08-24T07:00,42,Good,4.7,6.8,4.1,5.0,132.0,34.0,,,,,,
2026-08-24T08:00,42,Good,4.5,6.2,3.9,5.2,139.0,37.0,,,,,,
2026-08-24T09:00,42,Good,4.7,6.6,3.3,5.0,131.0,47.0,,,,,,
2026-08-24T10:00,42,Good,5.0,6.8,2.6,4.6,117.0,60.0,,,,,,
2026-08-24T11:00,42,Good,4.7,6.3,2.0,4.2,111.0,71.0,,,,,,
2026-08-24T12:00,42,Good,4.8,6.3,1.8,3.7,126.0,79.0,,,,,,
2026-08-24T13:00,41,Good,5.6,7.7,1.8,3.0,149.0,86.0,,,,,,
2026-08-24T14:00,41,Good,6.3,9.1,2.0,2.6,162.0,88.0,,,,,,
2026-08-24T15:00,40,Good,7.1,11.1,2.4,2.4,152.0,84.0,,,,,,
2026-08-24T16:00,39,Good,7.1,11.5,3.0,2.4,131.0,75.0,,,,,,
2026-08-24T17:00,38,Good,6.8,11.0,4.0,2.5,120.0,70.0,,,,,,
2026-08-24T18:00,38,Good,6.2,10.1,4.3,3.0,130.0,63.0,,,,,,
2026-08-24T19:00,37,Good,5.6,9.1,4.7,3.6,149.0,54.0,,,,,,
2026-08-24T20:00,36,Good,5.0,7.8,5.0,4.2,165.0,46.0,,,,,,
2026-08-24T21:00,35,Good,4.8,7.1,5.3,4.6,175.0,42.0,,,,,,
2026-08-24T22:00,33,Good,4.8,7.1,5.5,4.9,183.0,40.0,,,,,,
2026-08-24T23:00,32,Good,4.6,6.7,5.6,5.0,182.0,38.0,,,,,,
2026-08-25T00:00,32,Good,4.6,7.0,5.5,4.9,167.0,37.0,,,,,,
2026-08-25T01:00,31,Good,4.0,5.8,5.2,4.7,144.0,36.0,,,,,,
2026-08-25T02:00,30,Good,3.4,4.8,4.9,4.5,126.0,36.0,,,,,,
2026-08-25T03:00,29,Good,2.9,4.1,4.7,4.4,118.0,36.0,,,,,,
2026-08-25T04:00,29,Good,2.8,3.9,4.4,4.2,116.0,36.0,,,,,,
2026-08-25T05:00,28,Good,3.1,4.2,4.3,4.2,118.0,34.0,,,,,,
2026-08-25T06:00,27,Good,3.0,4.3,4.1,4.3,126.0,34.0,,,,,,
2026-08-25T07:00,27,Good,3.1,4.5,3.9,4.5,139.0,35.0,,,,,,
2026-08-25T08:00,27,Good,3.3,4.7,3.5,4.6,145.0,39.0,,,,,,
2026-08-25T09:00,26,Good,4.0,6.0,2.9,4.5,139.0,49.0,,,,,,
2026-08-25T10:00,26,Good,5.3,8.5,2.2,4.2,127.0,62.0,,,,,,
2026-08-25T11:00,26,Good,6.3,10.4,1.7,3.8,119.0,72.0,,,,,,
2026-08-25T12:00,27,Good,7.2,11.7,1.7,3.2,120.0,76.0,,,,,,
2026-08-25T13:00,27,Good,8.0,12.7,2.0,2.6,124.0,76.0,,,,,,
2026-08-25T14:00,28,Good,7.8,12.4,2.4,2.2,128.0,75.0,,,,,,
2026-08-25T15:00,28,Good,7.2,11.6,2.8,2.2,128.0,71.0,,,,,,
2026-08-25T16:00,30,Good,7.1,12.0,3.2,2.5,129.0,66.0,,,,,,
2026-08-25T17:00,32,Good,7.3,11.9,4.3,3.3,133.0,66.0,,,,,,
2026-08-25T18:00,33,Good,6.2,9.7,4.7,3.7,147.0,59.0,,,,,,
2026-08-25T19:00,33,Good,5.2,7.8,5.3,4.2,165.0,50.0,,,,,,
2026-08-25T20:00,31,Good,4.7,6.9,5.8,4.6,178.0,43.0,,,,,,
2026-08-25T21:00,29,Good,4.4,6.4,6.0,4.9,182.0,39.0,,,,,,
2026-08-25T22:00,28,Good,4.5,6.3,6.2,5.2,181.0,37.0,,,,,,
2026-08-25T23:00,28,Good,4.7,6.7,6.2,5.4,176.0,36.0,,,,,,
2026-08-26T00:00,28,Good,4.7,6.8,6.2,5.5,165.0,35.0,,,,,,
2026-08-26T01:00,28,Good,4.7,6.7,6.0,5.6,150.0,34.0,,,,,,
2026-08-26T02:00,28,Good,4.4,6.3,5.8,5.6,137.0,34.0,,,,,,
2026-08-26T03:00,28,Good,4.0,5.6,5.5,5.5,124.0,34.0,,,,,,
2026-08-26T04:00,28,Good,3.5,4.9,5.1,5.3,113.0,35.0,,,,,,
2026-08-26T05:00,29,Good,3.4,4.7,5.2,5.6,111.0,35.0,,,,,,
2026-08-26T06:00,29,Good,3.2,4.4,4.9,5.6,126.0,35.0,,,,,,
2026-08-26T07:00,29,Good,3.2,4.4,4.4,5.7,150.0,37.0,,,,,,
2026-08-26T08:00,29,Good,3.3,4.4,3.9,5.6,165.0,41.0,,,,,,
2026-08-26T09:00,29,Good,3.8,4.9,3.2,5.3,162.0,52.0,,,,,,
2026-08-26T10:00,29,Good,4.2,5.4,2.5,4.9,150.0,66.0,,,,,,
2026-08-26T11:00,28,Good,4.9,6.4,2.0,4.4,139.0,77.0,,,,,,
2026-08-26T12:00,28,Good,5.5,7.2,1.8,3.8,133.0,82.0,,,,,,
2026-08-26T13:00,28,Good,5.6,7.6,1.8,3.1,129.0,83.0,,,,,,
2026-08-26T14:00,27,Good,5.9,8.2,2.0,2.6,127.0,83.0,,,,,,
2026-08-26T15:00,30,Good,5.4,7.5,2.4,2.6,126.0,81.0,,,,,,
2026-08-26T16:00,33,Good,4.2,5.5,3.0,2.8,127.0,78.0,,,,,,
2026-08-26T17:00,35,Good,3.6,4.3,4.1,2.8,129.0,78.0,,,,,,
2026-08-26T18:00,36,Good,3.5,4.4,4.6,3.2,132.0,71.0,,,,,,
2026-08-26T19:00,37,Good,3.6,4.9,5.3,3.8,137.0,61.0,,,,,,
2026-08-26T20:00,36,Good,4.0,6.2,5.8,4.3,144.0,53.0,,,,,,
2026-08-26T21:00,34,Good,4.5,7.2,6.0,4.5,155.0,49.0,,,,,,
2026-08-26T22:00,32,Good,4.7,7.2,6.1,4.6,168.0,47.0,,,,,,
2026-08-26T23:00,30,Good,4.5,7.0,6.1,4.7,176.0,45.0,,,,,,
2026-08-27T00:00,28,Good,4.4,6.8,5.9,4.8,174.0,44.0,,,,,,
2026-08-27T01:00,26,Good,4.4,7.0,5.7,4.9,166.0,44.0,,,,,,
2026-08-27T02:00,24,Good,4.5,7.2,5.4,5.0,158.0,43.0,,,,,,
2026-08-27T03:00,24,Good,4.5,7.0,5.2,5.0,148.0,42.0,,,,,,
2026-08-27T04:00,24,Good,4.3,6.5,5.0,5.0,136.0,41.0,,,,,,
2026-08-27T05:00,24,Good,4.2,6.7,5.0,4.8,132.0,40.0,,,,,,
2026-08-27T06:00,24,Good,4.3,7.2,4.9,5.2,144.0,40.0,,,,,,
2026-08-27T07:00,24,Good,4.5,7.7,4.7,5.7,163.0,40.0,,,,,,
2026-08-27T08:00,25,Good,4.7,8.1,4.4,6.0,171.0,44.0,,,,,,
2026-08-27T09:00,25,Good,5.1,8.5,3.8,5.8,157.0,56.0,,,,,,
2026-08-27T10:00,25,Good,6.1,9.6,3.0,5.2,132.0,71.0,,,,,,
2026-08-27T11:00,26,Good,6.6,9.9,2.4,4.6,114.0,83.0,,,,,,
2026-08-27T12:00,26,Good,6.9,9.6,2.1,3.9,111.0,89.0,,,,,,
2026-08-27T13:00,27,Good,7.9,11.4,1.9,3.0,116.0,92.0,,,,,,
2026-08-27T14:00,30,Good,9.2,14.3,2.0,2.5,119.0,92.0,,,,,,
2026-08-27T15:00,33,Good,8.5,13.6,2.6,2.5,117.0,88.0,,,,,,
2026-08-27T16:00,36,Good,7.9,13.2,3.4,2.8,114.0,81.0,,,,,,
2026-08-27T17:00,38,Good,6.8,11.7,4.2,3.1,115.0,74.0,,,,,,
2026-08-27T18:00,39,Good,6.1,10.7,4.7,3.5,122.0,66.0,,,,,,
2026-08-27T19:00,39,Good,5.4,9.1,5.1,3.9,132.0,57.0,,,,,,
2026-08-27T20:00,37,Good,4.8,7.7,5.4,4.3,142.0,50.0,,,,,,
2026-08-27T21:00,35,Good,4.5,6.6,5.7,4.5,152.0,46.0,,,,,,
2026-08-27T22:00,32,Good,4.1,5.9,5.9,4.6,162.0,43.0,,,,,,
2026-08-27T23:00,31,Good,3.8,5.4,5.9,4.6,168.0,41.0,,,,,,
2026-08-28T00:00,31,Good,3.7,5.2,5.7,4.5,166.0,40.0,,,,,,
2026-08-28T01:00,31,Good,3.6,5.2,5.4,4.4,160.0,39.0,,,,,,
2026-08-28T02:00,31,Good,3.3,4.9,5.1,4.3,154.0,39.0,,,,,,
2026-08-28T03:00,30,Good,3.1,4.8,4.9,4.3,148.0,39.0,,,,,,
2026-08-28T04:00,30,Good,3.2,5.4,4.7,4.4,142.0,38.0,,,,,,
2026-08-28T05:00,30,Good,6.8,13.8,5.4,4.6,138.0,38.0,,,,,,
2026-08-28T06:00,30,Good,7.0,14.7,5.0,4.8,137.0,39.0,,,,,,
2026-08-28T07:00,31,Good,7.5,16.8,4.4,5.0,138.0,41.0,,,,,,
2026-08-28T08:00,32,Good,8.1,18.6,3.9,5.0,137.0,46.0,,,,,,
2026-08-28T09:00,32,Good,9.3,21.1,3.4,4.8,128.0,58.0,,,,,,
2026-08-28T10:00,33,Good,11.3,24.8,3.0,4.4,116.0,73.0,,,,,,
2026-08-28T11:00,35,Good,12.7,26.2,2.6,3.9,116.0,85.0,,,,,,
2026-08-28T12:00,36,Good,12.9,24.3,2.1,3.3,140.0,92.0,,,,,,
2026-08-28T13:00,37,Good,12.1,21.1,1.6,2.6,175.0,96.0,,,,,,
2026-08-28T14:00,38,Good,11.5,19.8,1.6,2.1,193.0,97.0,,,,,,
2026-08-28T15:00,39,Good,10.5,18.4,2.3,2.0,176.0,93.0,,,,,,
2026-08-28T16:00,39,Good,9.2,16.4,3.4,2.2,142.0,85.0,,,,,,
2026-08-28T17:00,40,Good,10.1,18.9,4.7,2.7,119.0,79.0,,,,,,
2026-08-28T18:00,41,Good,9.3,18.9,4.7,3.0,120.0,71.0,,,,,,
2026-08-28T19:00,41,Good,9.3,19.2,4.8,3.4,132.0,60.0,,,,,,
2026-08-28T20:00,42,Good,9.5,19.8,5.0,3.8,142.0,51.0,,,,,,
2026-08-28T21:00,43,Good,9.4,19.3,5.4,4.2,146.0,47.0,,,,,,
2026-08-28T22:00,44,Good,9.2,18.2,5.8,4.5,148.0,45.0,,,,,,
2026-08-28T23:00,45,Good,9.2,17.3,6.1,4.7,150.0,43.0,,,,,,
2026-08-29T00:00,47,Good,9.0,20.1,6.1,4.7,151.0,42.0,,,,,,
2026-08-29T01:00,48,Good,8.8,18.8,5.9,4.6,152.0,41.0,,,,,,
2026-08-29T02:00,49,Good,8.5,18.3,5.6,4.5,150.0,40.0,,,,,,
2026-08-29T03:00,50,Good,8.1,18.6,5.3,4.5,143.0,40.0,,,,,,
2026-08-29T04:00,51,Moderate,7.6,18.2,4.9,4.5,134.0,40.0,,,,,,
2026-08-29T05:00,51,Moderate,7.3,15.7,5.3,4.7,128.0,38.0,,,,,,
2026-08-29T06:00,51,Moderate,7.1,16.3,4.9,4.7,131.0,38.0,,,,,,
2026-08-29T07:00,51,Moderate,7.1,17.3,4.4,4.8,137.0,40.0,,,,,,
2026-08-29T08:00,51,Moderate,7.3,18.2,3.8,4.7,140.0,44.0,,,,,,
2026-08-29T09:00,51,Moderate,8.0,19.4,3.3,4.5,131.0,55.0,,,,,,
2026-08-29T10:00,51,Moderate,9.6,21.8,2.7,4.3,118.0,69.0,,,,,,
2026-08-29T11:00,51,Moderate,11.0,23.2,2.3,3.9,117.0,80.0,,,,,,
2026-08-29T12:00,50,Good,11.9,22.1,2.0,3.3,145.0,88.0,,,,,,
2026-08-29T13:00,50,Good,12.0,20.7,1.7,2.6,185.0,93.0,,,,,,
2026-08-29T14:00,50,Good,11.1,18.5,1.8,2.1,207.0,94.0,,,,,,
2026-08-29T15:00,50,Good,10.4,17.5,2.4,1.9,189.0,90.0,,,,,,
2026-08-29T16:00,50,Good,9.9,16.6,3.3,2.0,152.0,82.0,,,,,,
2026-08-29T17:00,50,Good,11.7,23.3,4.0,2.4,126.0,73.0,,,,,,
2026-08-29T18:00,50,Good,11.0,21.5,4.3,2.8,124.0,67.0,,,,,,
2026-08-29T19:00,51,Moderate,10.5,20.0,4.8,3.4,133.0,59.0,,,,,,
2026-08-29T20:00,51,Moderate,10.2,18.6,5.2,3.9,141.0,52.0,,,,,,
2026-08-29T21:00,51,Moderate,9.7,17.2,5.6,4.3,146.0,48.0,,,,,,
2026-08-29T22:00,51,Moderate,9.3,15.9,5.9,4.6,150.0,45.0,,,,,,
2026-08-29T23:00,51,Moderate,8.8,14.6,6.0,4.7,150.0,43.0,,,,,,
2026-08-30T00:00,51,Moderate,8.2,14.0,5.8,4.6,143.0,41.0,,,,,,
2026-08-30T01:00,51,Moderate,8.0,13.9,5.5,4.3,132.0,40.0,,,,,,
2026-08-30T02:00,51,Moderate,7.9,13.8,5.2,4.1,128.0,39.0,,,,,,
2026-08-30T03:00,51,Moderate,7.8,13.8,5.1,4.1,139.0,38.0,,,,,,
2026-08-30T04:00,51,Moderate,7.7,13.9,4.9,4.2,157.0,38.0,,,,,,
2026-08-30T05:00,51,Moderate,7.9,14.5,4.9,4.4,167.0,38.0,,,,,,
2026-08-30T06:00,51,Moderate,7.6,13.9,4.6,4.7,161.0,38.0,,,,,,
2026-08-30T07:00,51,Moderate,7.5,13.2,4.1,5.0,148.0,39.0,,,,,,
2026-08-30T08:00,51,Moderate,7.5,12.9,3.6,5.2,135.0,44.0,,,,,,
2026-08-30T09:00,51,Moderate,7.7,12.8,3.0,5.0,123.0,55.0,,,,,,
2026-08-30T10:00,51,Moderate,8.0,12.6,2.4,4.7,112.0,70.0,,,,,,
2026-08-30T11:00,51,Moderate,8.3,12.4,1.9,4.2,106.0,82.0,,,,,,
2026-08-30T12:00,50,Good,8.4,12.0,1.5,3.5,110.0,88.0,,,,,,
2026-08-30T13:00,50,Good,8.5,12.3,1.3,2.8,119.0,91.0,,,,,,
2026-08-30T14:00,49,Good,8.4,12.4,1.4,2.2,124.0,90.0,,,,,,
2026-08-30T15:00,49,Good,7.9,11.8,2.0,2.0,119.0,85.0,,,,,,
2026-08-30T16:00,48,Good,7.0,10.7,2.8,2.0,110.0,77.0,,,,,,
2026-08-30T17:00,48,Good,8.4,13.4,4.0,2.4,105.0,69.0,,,,,,
2026-08-30T18:00,47,Good,8.2,13.7,4.0,2.8,109.0,65.0,,,,,,
2026-08-30T19:00,46,Good,8.6,15.2,4.1,3.3,118.0,60.0,,,,,,
2026-08-30T20:00,46,Good,8.7,15.7,4.2,3.8,123.0,55.0,,,,,,
2026-08-30T21:00,45,Good,8.7,15.8,4.4,4.1,121.0,52.0,,,,,,
2026-08-30T22:00,45,Good,8.6,15.3,4.7,4.2,115.0,49.0,,,,,,
2026-08-30T23:00,45,Good,8.2,14.1,4.9,4.3,109.0,47.0,,,,,,
2026-08-31T00:00,45,Good,7.8,13.2,4.9,4.2,105.0,45.0,,,,,,
2026-08-31T01:00,45,Good,7.4,12.4,4.7,4.1,101.0,43.0,,,,,,
2026-08-31T02:00,45,Good,6.9,11.2,4.6,4.0,99.0,42.0,,,,,,
2026-08-31T03:00,44,Good,6.3,10.0,4.5,4.0,98.0,40.0,,,,,,
2026-08-31T04:00,44,Good,5.7,9.0,4.4,4.0,99.0,39.0,,,,,,
2026-08-31T05:00,44,Good,5.5,8.6,4.7,4.4,102.0,38.0,,,,,,
2026-08-31T06:00,43,Good,5.3,8.6,4.5,4.7,108.0,38.0,,,,,,
2026-08-31T07:00,42,Good,5.3,8.6,4.1,5.0,116.0,38.0,,,,,,
2026-08-31T08:00,42,Good,5.5,8.8,3.8,5.3,127.0,42.0,,,,,,
2026-08-31T09:00,42,Good,6.1,9.6,3.7,5.6,146.0,52.0,,,,,,
2026-08-31T10:00,41,Good,7.3,10.9,3.6,5.8,167.0,65.0,,,,,,
2026-08-31T11:00,41,Good,9.1,13.4,3.3,5.6,179.0,77.0,,,,,,
2026-08-31T12:00,41,Good,9.7,13.5,2.6,4.8,167.0,86.0,,,,,,
2026-08-31T13:00,41,Good,10.7,13.6,1.8,3.6,145.0,93.0,,,,,,
2026-08-31T14:00,42,Good,10.4,14.6,1.4,2.6,142.0,97.0,,,,,,
2026-08-31T15:00,42,Good,10.6,15.4,1.6,1.9,185.0,96.0,,,,,,
2026-08-31T16:00,43,Good,9.6,14.3,2.1,1.4,246.0,91.0,,,,,,
2026-08-31T17:00,44,Good,8.3,11.9,2.5,0.8,276.0,87.0,,,,,,
2026-08-31T18:00,44,Good,7.9,11.6,3.1,1.2,241.0,83.0,,,,,,
2026-08-31T19:00,44,Good,8.0,11.6,4.1,1.9,174.0,77.0,,,,,,
2026-08-31T20:00,43,Good,7.9,11.1,4.9,2.6,125.0,71.0,,,,,,
2026-08-31T21:00,43,Good,8.1,11.1,5.6,3.6,116.0,65.0,,,,,,
2026-08-31T22:00,43,Good,8.3,11.5,6.2,4.8,123.0,58.0,,,,,,
2026-08-31T23:00,43,Good,8.3,11.7,6.6,5.5,128.0,52.0,,,,,,
2026-09-01T00:00,43,Good,8.1,11.9,6.7,5.5,121.0,47.0,,,,,,
2026-09-01T01:00,43,Good,8.0,12.0,6.7,5.0,110.0,43.0,,,,,,
2026-09-01T02:00,43,Good,7.8,11.9,6.6,4.7,103.0,40.0,,,,,,
2026-09-01T03:00,43,Good,7.5,11.7,6.6,4.6,100.0,38.0,,,,,,
2026-09-01T04:00,44,Good,7.2,11.5,6.5,4.7,100.0,36.0,,,,,,
2026-09-01T05:00,44,Good,10.9,16.2,7.6,5.0,104.0,35.0,,,,,,
2026-09-01T06:00,45,Good,10.9,16.2,7.0,5.4,110.0,37.0,,,,,,
2026-09-01T07:00,47,Good,11.0,16.5,6.2,5.8,119.0,40.0,,,,,,
2026-09-01T08:00,48,Good,11.5,17.3,5.5,5.9,136.0,46.0,,,,,,
2026-09-01T09:00,49,Good,12.6,18.7,5.0,5.3,174.0,56.0,,,,,,
2026-09-01T10:00,50,Good,14.0,20.2,4.7,4.3,220.0,68.0,,,,,,
2026-09-01T11:00,51,Moderate,13.3,18.3,4.1,3.4,243.0,78.0,,,,,,
2026-09-01T12:00,51,Moderate,12.7,17.7,3.1,2.7,220.0,86.0,,,,,,
2026-09-01T13:00,51,Moderate,12.0,17.1,1.9,2.2,173.0,93.0,,,,,,
2026-09-01T14:00,51,Moderate,11.2,16.0,1.2,1.7,140.0,96.0,,,,,,
2026-09-01T15:00,52,Moderate,10.2,14.7,1.2,1.3,140.0,95.0,,,,,,
2026-09-01T16:00,52,Moderate,9.3,13.3,1.6,0.9,154.0,92.0,,,,,,
2026-09-01T17:00,51,Moderate,8.5,12.2,2.0,0.8,162.0,84.0,,,,,,
2026-09-01T18:00,52,Moderate,8.5,12.4,2.4,1.0,153.0,80.0,,,,,,
2026-09-01T19:00,52,Moderate,8.4,12.3,3.1,1.4,137.0,75.0,,,,,,
2026-09-01T20:00,52,Moderate,8.3,12.0,3.9,2.1,124.0,69.0,,,,,,
2026-09-01T21:00,52,Moderate,7.7,10.7,5.0,3.4,120.0,62.0,,,,,,
2026-09-01T22:00,52,Moderate,7.6,10.3,6.2,5.0,119.0,54.0,,,,,,
2026-09-01T23:00,52,Moderate,7.5,10.1,7.0,6.0,116.0,47.0,,,,,,
2026-09-02T00:00,51,Moderate,7.4,10.1,7.1,6.0,108.0,42.0,,,,,,
2026-09-02T01:00,51,Moderate,7.4,10.2,6.8,5.4,98.0,39.0,,,,,,
2026-09-02T02:00,51,Moderate,7.2,10.2,6.5,5.0,91.0,36.0,,,,,,
2026-09-02T03:00,51,Moderate,7.0,10.3,6.3,4.9,89.0,33.0,,,,,,
2026-09-02T04:00,51,Moderate,6.8,10.5,6.1,4.9,89.0,32.0,,,,,,
2026-09-02T05:00,51,Moderate,7.3,10.9,6.5,5.3,94.0,31.0,,,,,,
2026-09-02T06:00,51,Moderate,7.4,11.3,5.9,5.6,105.0,32.0,,,,,,
2026-09-02T07:00,51,Moderate,7.6,11.9,5.2,6.0,120.0,34.0,,,,,,
2026-09-02T08:00,50,Good,8.1,12.7,4.5,6.0,133.0,38.0,,,,,,
2026-09-02T09:00,50,Good,9.3,14.1,4.1,5.4,141.0,47.0,,,,,,
2026-09-02T10:00,50,Good,10.8,15.7,3.9,4.3,147.0,59.0,,,,,,
2026-09-02T11:00,49,Good,11.5,16.4,3.5,3.4,153.0,69.0,,,,,,
2026-09-02T12:00,49,Good,12.2,17.6,2.7,2.6,160.0,78.0,,,,,,
2026-09-02T13:00,48,Good,12.0,17.6,1.7,2.0,168.0,85.0,,,,,,
2026-09-02T14:00,48,Good,11.4,17.1,1.2,1.5,174.0,89.0,,,,,,
2026-09-02T15:00,48,Good,10.5,16.0,1.4,1.3,179.0,88.0,,,,,,
2026-09-02T16:00,49,Good,9.6,15.0,1.9,1.4,182.0,83.0,,,,,,
2026-09-02T17:00,49,Good,9.0,13.5,2.7,1.4,182.0,80.0,,,,,,
2026-09-02T18:00,49,Good,8.4,12.7,3.3,2.0,177.0,77.0,,,,,,
2026-09-02T19:00,49,Good,7.9,11.9,4.1,2.9,168.0,71.0,,,,,,
2026-09-02T20:00,49,Good,8.2,12.0,4.8,3.6,157.0,66.0,,,,,,
2026-09-02T21:00,49,Good,8.4,12.0,5.3,4.0,143.0,60.0,,,,,,
2026-09-02T22:00,49,Good,8.6,12.3,5.7,4.4,127.0,54.0,,,,,,
2026-09-02T23:00,49,Good,8.7,12.4,6.0,4.6,117.0,48.0,,,,,,
2026-09-03T00:00,49,Good,8.7,12.3,6.3,4.8,120.0,44.0,,,,,,
2026-09-03T01:00,50,Good,8.6,12.1,6.6,4.9,128.0,40.0,,,,,,
2026-09-03T02:00,50,Good,8.3,11.7,6.8,5.0,134.0,37.0,,,,,,
2026-09-03T03:00,50,Good,7.9,11.3,6.8,5.1,130.0,34.0,,,,,,
2026-09-03T04:00,50,Good,7.3,10.9,6.6,5.2,123.0,32.0,,,,,,
2026-09-03T05:00,50,Good,6.9,10.3,6.8,5.5,121.0,31.0,,,,,,
2026-09-03T06:00,50,Good,6.9,10.6,6.1,5.8,133.0,32.0,,,,,,
2026-09-03T07:00,50,Good,6.9,10.9,5.2,6.1,150.0,33.0,,,,,,
2026-09-03T08:00,50,Good,7.2,11.6,4.4,6.1,161.0,38.0,,,,,,
2026-09-03T09:00,50,Good,8.1,12.8,3.8,5.6,158.0,48.0,,,,,,
2026-09-03T10:00,50,Good,9.2,14.1,3.4,4.9,149.0,62.0,,,,,,
2026-09-03T11:00,49,Good,9.7,14.5,2.9,4.1,141.0,73.0,,,,,,
2026-09-03T12:00,49,Good,10.5,15.4,2.2,3.2,133.0,79.0,,,,,,
2026-09-03T13:00,48,Good,10.3,15.0,1.5,2.3,127.0,83.0,,,,,,
2026-09-03T14:00,48,Good,9.0,13.0,1.1,1.6,131.0,85.0,,,,,,
2026-09-03T15:00,47,Good,8.7,12.6,1.3,1.3,160.0,85.0,,,,,,
2026-09-03T16:00,47,Good,8.5,12.2,1.9,1.3,200.0,82.0,,,,,,
2026-09-03T17:00,47,Good,8.0,11.6,2.2,1.1,220.0,76.0,,,,,,
2026-09-03T18:00,47,Good,8.1,11.4,3.1,1.7,201.0,73.0,,,,,,
2026-09-03T19:00,46,Good,7.9,10.9,4.4,2.5,163.0,69.0,,,,,,
2026-09-03T20:00,46,Good,8.1,11.0,5.5,3.3,133.0,64.0,,,,,,
2026-09-03T21:00,46,Good,8.1,11.1,6.2,4.2,124.0,58.0,,,,,,
2026-09-03T22:00,46,Good,8.2,11.2,6.8,5.1,124.0,52.0,,,,,,
2026-09-03T23:00,46,Good,8.0,10.8,7.1,5.7,124.0,47.0,,,,,,
2026-09-04T00:00,46,Good,7.7,10.5,7.0,5.9,122.0,44.0,,,,,,
2026-09-04T01:00,46,Good,7.5,10.3,6.7,5.8,120.0,41.0,,,,,,
2026-09-04T02:00,46,Good,7.2,10.2,6.5,5.8,118.0,39.0,,,,,,
2026-09-04T03:00,45,Good,7.1,10.3,6.6,5.9,113.0,36.0,,,,,,
2026-09-04T04:00,45,Good,7.0,10.3,6.8,6.0,108.0,33.0,,,,,,
2026-09-04T05:00,45,Good,6.6,9.7,6.7,6.1,110.0,32.0,,,,,,
2026-09-04T06:00,45,Good,6.5,9.9,6.1,6.4,127.0,33.0,,,,,,
2026-09-04T07:00,45,Good,6.5,10.2,5.2,6.7,151.0,34.0,,,,,,
2026-09-04T08:00,45,Good,6.9,10.9,4.4,6.7,165.0,38.0,,,,,,
2026-09-04T09:00,45,Good,7.8,12.2,3.9,6.0,159.0,47.0,,,,,,
2026-09-04T10:00,45,Good,9.3,13.6,3.6,4.9,143.0,59.0,,,,,,
2026-09-04T11:00,45,Good,10.0,14.3,3.1,3.8,133.0,69.0,,,,,,
2026-09-04T12:00,45,Good,10.5,14.8,2.3,2.8,135.0,76.0,,,,,,
2026-09-04T13:00,45,Good,10.4,14.7,1.5,1.9,143.0,82.0,,,,,,
2026-09-04T14:00,45,Good,9.7,13.7,1.0,1.3,149.0,85.0,,,,,,
2026-09-04T15:00,45,Good,9.3,13.3,1.1,1.1,147.0,86.0,,,,,,
2026-09-04T16:00,45,Good,8.8,12.7,1.5,1.3,144.0,84.0,,,,,,
2026-09-04T17:00,45,Good,7.7,11.4,1.3,0.9,146.0,81.0,,,,,,
2026-09-04T18:00,45,Good,7.9,11.6,2.2,1.6,164.0,80.0,,,,,,
2026-09-04T19:00,45,Good,8.1,11.4,3.4,2.6,188.0,78.0,,,,,,
2026-09-04T20:00,45,Good,8.1,11.2,4.5,3.5,198.0,75.0,,,,,,
2026-09-04T21:00,45,Good,7.8,10.5,5.3,4.0,182.0,69.0,,,,,,
2026-09-04T22:00,45,Good,7.6,10.2,6.0,4.3,152.0,62.0,,,,,,
2026-09-04T23:00,45,Good,7.7,10.2,6.6,4.6,128.0,56.0,,,,,,
2026-09-05T00:00,45,Good,7.9,10.3,7.0,5.0,116.0,51.0,,,,,,
2026-09-05T01:00,45,Good,8.0,10.4,7.2,5.4,109.0,48.0,,,,,,
2026-09-05T02:00,45,Good,8.2,10.7,7.3,5.7,105.0,45.0,,,,,,
2026-09-05T03:00,45,Good,8.4,10.9,7.2,5.8,101.0,43.0,,,,,,
2026-09-05T04:00,46,Good,8.0,10.6,7.0,5.8,99.0,43.0,,,,,,
2026-09-05T05:00,46,Good,8.1,10.9,7.2,6.8,103.0,42.0,,,,,,
2026-09-05T06:00,46,Good,8.2,11.2,6.6,7.2,119.0,43.0,,,,,,
2026-09-05T07:00,47,Good,8.4,11.7,5.8,7.6,141.0,45.0,,,,,,
2026-09-05T08:00,47,Good,9.0,12.9,5.0,7.6,156.0,49.0,,,,,,
2026-09-05T09:00,47,Good,10.2,14.9,4.2,6.7,159.0,58.0,,,,,,
2026-09-05T10:00,48,Good,11.6,16.7,3.4,5.4,155.0,70.0,,,,,,
2026-09-05T11:00,49,Good,11.6,16.6,2.7,4.1,151.0,79.0,,,,,,
2026-09-05T12:00,49,Good,12.3,18.1,1.9,3.0,146.0,81.0,,,,,,
2026-09-05T13:00,49,Good,11.4,16.8,1.1,2.0,139.0,79.0,,,,,,
2026-09-05T14:00,50,Good,11.4,17.1,0.7,1.3,137.0,78.0,,,,,,
2026-09-05T15:00,50,Good,10.9,16.1,1.0,1.2,140.0,81.0,,,,,,
2026-09-05T16:00,50,Good,9.7,14.2,1.7,1.5,146.0,85.0,,,,,,
2026-09-05T17:00,50,Good,8.2,12.0,2.2,1.5,157.0,76.0,,,,,,
2026-09-05T18:00,50,Good,7.8,11.2,2.7,1.6,179.0,73.0,,,,,,
2026-09-05T19:00,50,Good,7.4,10.6,3.4,1.7,206.0,70.0,,,,,,
2026-09-05T20:00,50,Good,7.1,10.1,4.0,1.9,217.0,66.0,,,,,,
2026-09-05T21:00,50,Good,7.0,10.0,4.2,2.2,197.0,63.0,,,,,,
2026-09-05T22:00,50,Good,6.9,9.9,4.3,2.5,160.0,60.0,,,,,,
2026-09-05T23:00,50,Good,7.0,10.0,4.5,3.0,130.0,57.0,,,,,,
2026-09-06T00:00,50,Good,7.3,10.2,4.8,3.6,117.0,55.0,,,,,,
2026-09-06T01:00,50,Good,7.4,10.4,5.2,4.4,111.0,53.0,,,,,,
2026-09-06T02:00,49,Good,7.5,10.4,5.5,5.0,107.0,51.0,,,,,,
2026-09-06T03:00,49,Good,7.4,10.4,5.6,5.3,102.0,48.0,,,,,,
2026-09-06T04:00,49,Good,7.2,10.3,5.6,5.5,99.0,46.0,,,,,,
2026-09-06T05:00,49,Good,9.3,13.6,5.9,5.7,101.0,42.0,,,,,,
2026-09-06T06:00,49,Good,9.1,13.4,5.5,6.2,113.0,42.0,,,,,,
2026-09-06T07:00,49,Good,9.0,13.6,5.0,6.9,131.0,42.0,,,,,,
2026-09-06T08:00,49,Good,9.4,14.5,4.4,7.2,146.0,46.0,,,,,,
2026-09-06T09:00,50,Good,10.5,16.4,3.7,6.9,156.0,56.0,,,,,,
2026-09-06T10:00,50,Good,11.8,18.3,3.0,6.2,164.0,69.0,,,,,,
2026-09-06T11:00,50,Good,12.8,19.8,2.3,5.2,164.0,78.0,,,,,,
2026-09-06T12:00,50,Good,12.5,19.1,1.6,3.8,149.0,80.0,,,,,,
2026-09-06T13:00,50,Good,10.9,16.6,1.1,2.2,126.0,77.0,,,,,,
2026-09-06T14:00,50,Good,9.4,14.4,0.8,1.1,115.0,75.0,,,,,,
2026-09-06T15:00,49,Good,8.5,13.3,1.1,0.9,127.0,75.0,,,,,,
2026-09-06T16:00,49,Good,8.1,12.7,1.7,1.2,151.0,74.0,,,,,,
2026-09-06T17:00,48,Good,7.8,11.9,1.9,1.2,174.0,70.0,,,,,,
2026-09-06T18:00,48,Good,7.6,11.3,2.9,2.1,194.0,69.0,,,,,,
2026-09-06T19:00,48,Good,7.9,11.4,4.4,3.4,212.0,67.0,,,,,,
2026-09-06T20:00,48,Good,8.6,12.3,5.4,4.4,221.0,65.0,,,,,,
2026-09-06T21:00,49,Good,9.2,13.3,5.6,4.9,212.0,62.0,,,,,,
2026-09-06T22:00,49,Good,9.5,14.1,5.4,5.1,194.0,59.0,,,,,,
2026-09-06T23:00,50,Good,9.8,14.7,5.2,5.3,180.0,56.0,,,,,,
2026-09-07T00:00,50,Good,10.1,15.4,5.3,5.7,178.0,53.0,,,,,,
2026-09-07T01:00,50,Good,10.0,15.3,5.5,6.2,180.0,50.0,,,,,,
2026-09-07T02:00,51,Moderate,9.7,15.1,5.6,6.6,181.0,48.0,,,,,,
2026-09-07T03:00,51,Moderate,9.6,15.0,5.7,6.7,178.0,45.0,,,,,,
2026-09-07T04:00,51,Moderate,9.4,15.1,5.7,6.7,173.0,43.0,,,,,,
2026-09-07T05:00,51,Moderate,9.3,14.9,5.8,6.6,171.0,42.0,,,,,,
2026-09-07T06:00,51,Moderate,9.0,14.6,5.4,6.7,176.0,42.0,,,,,,
2026-09-07T07:00,51,Moderate,8.9,14.4,4.8,6.8,185.0,43.0,,,,,,
2026-09-07T08:00,51,Moderate,9.1,15.1,4.2,6.6,186.0,47.0,,,,,,
2026-09-07T09:00,51,Moderate,10.0,16.4,3.6,5.7,173.0,57.0,,,,,,
2026-09-07T10:00,51,Moderate,10.9,16.8,3.0,4.5,154.0,70.0,,,,,,
2026-09-07T11:00,51,Moderate,11.2,16.9,2.5,3.5,140.0,80.0,,,,,,
2026-09-07T12:00,51,Moderate,10.7,16.1,1.9,2.8,137.0,86.0,,,,,,
2026-09-07T13:00,51,Moderate,10.4,16.1,1.3,2.2,140.0,89.0,,,,,,
2026-09-07T14:00,51,Moderate,9.9,15.5,1.1,1.9,147.0,90.0,,,,,,
2026-09-07T15:00,51,Moderate,9.1,14.0,1.6,1.9,159.0,89.0,,,,,,
2026-09-07T16:00,51,Moderate,8.1,12.5,2.5,2.1,175.0,87.0,,,,,,
2026-09-07T17:00,51,Moderate,10.2,15.9,3.1,2.1,190.0,84.0,,,,,,
2026-09-07T18:00,51,Moderate,10.7,16.9,3.6,2.6,204.0,80.0,,,,,,
2026-09-07T19:00,51,Moderate,11.1,17.8,4.2,3.2,217.0,75.0,,,,,,
2026-09-07T20:00,51,Moderate,11.4,18.5,4.8,3.8,218.0,69.0,,,,,,
2026-09-07T21:00,52,Moderate,11.9,19.7,5.2,4.2,196.0,63.0,,,,,,
2026-09-07T22:00,52,Moderate,12.5,21.4,5.4,4.6,162.0,58.0,,,,,,
2026-09-07T23:00,52,Moderate,12.7,22.2,5.6,4.8,139.0,53.0,,,,,,
2026-09-08T00:00,52,Moderate,12.6,22.9,5.6,4.9,137.0,50.0,,,,,,
2026-09-08T01:00,53,Moderate,12.4,23.0,5.6,4.9,146.0,47.0,,,,,,
2026-09-08T02:00,53,Moderate,11.9,22.5,5.5,4.9,153.0,45.0,,,,,,
2026-09-08T03:00,53,Moderate,11.3,21.7,5.4,4.9,153.0,43.0,,,,,,
2026-09-08T04:00,53,Moderate,10.7,20.7,5.3,4.9,151.0,41.0,,,,,,
2026-09-08T05:00,53,Moderate,9.8,19.3,5.3,5.1,150.0,41.0,,,,,,
2026-09-08T06:00,53,Moderate,9.5,18.7,4.9,5.4,152.0,42.0,,,,,,
2026-09-08T07:00,53,Moderate,9.3,18.3,4.4,5.7,155.0,43.0,,,,,,
2026-09-08T08:00,53,Moderate,9.6,18.6,3.9,5.7,160.0,48.0,,,,,,
2026-09-08T09:00,53,Moderate,10.7,20.1,3.4,5.2,169.0,60.0,,,,,,
2026-09-08T10:00,53,Moderate,12.0,20.5,2.9,4.4,179.0,75.0,,,,,,
2026-09-08T11:00,53,Moderate,13.0,21.6,2.5,3.6,182.0,87.0,,,,,,
2026-09-08T12:00,54,Moderate,13.0,21.3,2.0,3.0,170.0,94.0,,,,,,
2026-09-08T13:00,54,Moderate,12.7,20.7,1.6,2.5,151.0,98.0,,,,,,
2026-09-08T14:00,54,Moderate,12.4,20.1,1.5,2.1,137.0,99.0,,,,,,
2026-09-08T15:00,54,Moderate,11.8,19.1,2.0,2.0,134.0,97.0,,,,,,
2026-09-08T16:00,54,Moderate,10.8,17.6,2.9,2.1,137.0,91.0,,,,,,
2026-09-08T17:00,55,Moderate,10.2,16.6,4.0,2.2,139.0,89.0,,,,,,
2026-09-08T18:00,55,Moderate,10.1,16.8,4.3,2.7,139.0,83.0,,,,,,
2026-09-08T19:00,55,Moderate,10.2,17.7,4.7,3.4,138.0,74.0,,,,,,
2026-09-08T20:00,54,Moderate,10.9,19.6,5.0,4.0,137.0,66.0,,,,,,
2026-09-08T21:00,54,Moderate,11.8,22.2,5.3,4.4,136.0,60.0,,,,,,
2026-09-08T22:00,54,Moderate,12.0,23.1,5.5,4.6,134.0,55.0,,,,,,
2026-09-08T23:00,54,Moderate,12.3,25.0,5.6,4.8,133.0,50.0,,,,,,
2026-09-09T00:00,54,Moderate,12.3,26.5,5.6,4.8,133.0,46.0,,,,,,
2026-09-09T01:00,54,Moderate,12.3,27.5,5.6,4.7,133.0,43.0,,,,,,
2026-09-09T02:00,54,Moderate,12.0,28.0,5.5,4.6,132.0,40.0,,,,,,
2026-09-09T03:00,54,Moderate,11.5,27.5,5.3,4.5,128.0,38.0,,,,,,
2026-09-09T04:00,54,Moderate,10.7,26.0,5.0,4.5,124.0,37.0,,,,,,
2026-09-09T05:00,54,Moderate,10.4,24.1,5.5,5.2,124.0,36.0,,,,,,
2026-09-09T06:00,54,Moderate,9.8,22.1,5.1,5.6,132.0,37.0,,,,,,
2026-09-09T07:00,54,Moderate,9.4,20.1,4.6,6.1,146.0,38.0,,,,,,
2026-09-09T08:00,54,Moderate,9.3,18.6,4.3,6.2,158.0,42.0,,,,,,
2026-09-09T09:00,54,Moderate,10.0,18.5,4.4,5.6,170.0,49.0,,,,,,
2026-09-09T10:00,54,Moderate,11.2,18.5,4.6,4.6,181.0,59.0,,,,,,
2026-09-09T11:00,54,Moderate,11.3,17.5,4.4,3.7,185.0,68.0,,,,,,
2026-09-09T12:00,54,Moderate,11.1,17.1,3.4,2.8,173.0,75.0,,,,,,
2026-09-09T13:00,54,Moderate,11.1,17.2,2.1,2.0,155.0,82.0,,,,,,
2026-09-09T14:00,54,Moderate,10.3,16.1,1.3,1.5,151.0,86.0,,,,,,
2026-09-09T15:00,54,Moderate,9.3,14.6,1.5,1.4,182.0,87.0,,,,,,
2026-09-09T16:00,53,Moderate,8.9,13.9,2.3,1.6,229.0,86.0,,,,,,
2026-09-09T17:00,53,Moderate,8.6,13.6,2.9,1.0,251.0,80.0,,,,,,
2026-09-09T18:00,53,Moderate,8.4,13.1,3.3,1.3,225.0,77.0,,,,,,
2026-09-09T19:00,53,Moderate,8.1,12.6,3.9,1.7,176.0,73.0,,,,,,
2026-09-09T20:00,53,Moderate,7.9,12.1,4.5,2.4,137.0,68.0,,,,,,
2026-09-09T21:00,53,Moderate,7.9,12.2,5.3,3.4,125.0,62.0,,,,,,
2026-09-09T22:00,52,Moderate,8.6,14.3,6.2,4.7,124.0,56.0,,,,,,
2026-09-09T23:00,52,Moderate,9.0,15.3,6.8,5.6,123.0,51.0,,,,,,
2026-09-10T00:00,52,Moderate,9.4,16.3,7.0,5.9,116.0,48.0,,,,,,
2026-09-10T01:00,52,Moderate,9.7,17.6,7.0,5.9,109.0,45.0,,,,,,
2026-09-10T02:00,51,Moderate,10.0,19.0,6.9,5.9,104.0,43.0,,,,,,
2026-09-10T03:00,51,Moderate,10.2,20.4,6.8,5.8,100.0,40.0,,,,,,
2026-09-10T04:00,51,Moderate,10.3,21.7,6.7,5.7,97.0,37.0,,,,,,
2026-09-10T05:00,51,Moderate,10.2,21.8,6.5,5.8,101.0,36.0,,,,,,
2026-09-10T06:00,51,Moderate,10.3,22.1,6.0,6.1,115.0,37.0,,,,,,
2026-09-10T07:00,51,Moderate,10.5,22.2,5.4,6.5,134.0,39.0,,,,,,
2026-09-10T08:00,51,Moderate,11.2,22.8,4.8,6.5,152.0,43.0,,,,,,
2026-09-10T09:00,51,Moderate,12.5,24.0,4.4,5.9,169.0,52.0,,,,,,
2026-09-10T10:00,52,Moderate,13.7,23.6,4.1,4.9,184.0,65.0,,,,,,
2026-09-10T11:00,52,Moderate,13.3,21.9,3.7,4.0,188.0,75.0,,,,,,
2026-09-10T12:00,52,Moderate,13.1,21.4,2.9,3.1,169.0,83.0,,,,,,
2026-09-10T13:00,52,Moderate,12.3,19.7,2.0,2.2,138.0,89.0,,,,,,
2026-09-10T14:00,52,Moderate,11.4,18.2,1.4,1.6,121.0,92.0,,,,,,
2026-09-10T15:00,52,Moderate,10.7,17.2,1.4,1.3,136.0,92.0,,,,,,
2026-09-10T16:00,52,Moderate,10.0,16.3,1.8,1.2,164.0,89.0,,,,,,
2026-09-10T17:00,52,Moderate,8.9,13.1,2.7,1.1,181.0,83.0,,,,,,
2026-09-10T18:00,52,Moderate,8.4,12.4,3.4,1.5,171.0,79.0,,,,,,
2026-09-10T19:00,52,Moderate,8.4,12.2,4.3,2.2,150.0,73.0,,,,,,
2026-09-10T20:00,53,Moderate,8.1,11.4,5.1,2.9,133.0,67.0,,,,,,
2026-09-10T21:00,53,Moderate,7.8,11.0,5.7,3.7,128.0,60.0,,,,,,
2026-09-10T22:00,53,Moderate,7.7,10.9,6.1,4.6,128.0,54.0,,,,,,
2026-09-10T23:00,52,Moderate,7.6,11.1,6.4,5.2,127.0,48.0,,,,,,
2026-09-11T00:00,52,Moderate,8.0,12.0,6.5,5.4,121.0,44.0,,,,,,
2026-09-11T01:00,52,Moderate,8.2,12.7,6.4,5.3,113.0,42.0,,,,,,
2026-09-11T02:00,52,Moderate,8.1,12.8,6.3,5.3,107.0,40.0,,,,,,
2026-09-11T03:00,52,Moderate,8.1,13.5,6.3,5.3,104.0,38.0,,,,,,
2026-09-11T04:00,52,Moderate,8.1,14.3,6.2,5.4,103.0,36.0,,,,,,
2026-09-11T05:00,52,Moderate,9.1,16.0,6.5,5.5,105.0,34.0,,,,,,
2026-09-11T06:00,52,Moderate,8.6,15.4,6.2,5.8,114.0,34.0,,,,,,
2026-09-11T07:00,51,Moderate,8.3,15.1,5.7,6.2,126.0,34.0,,,,,,
2026-09-11T08:00,51,Moderate,8.3,15.3,5.3,6.2,135.0,37.0,,,,,,
2026-09-11T09:00,51,Moderate,9.0,15.9,5.0,5.5,138.0,44.0,,,,,,
2026-09-11T10:00,51,Moderate,10.2,16.3,4.8,4.3,138.0,54.0,,,,,,
2026-09-11T11:00,50,Good,10.3,15.5,4.3,3.3,141.0,63.0,,,,,,
2026-09-11T12:00,50,Good,10.3,15.5,3.3,2.5,150.0,71.0,,,,,,
2026-09-11T13:00,50,Good,9.8,15.1,2.0,1.7,161.0,78.0,,,,,,
2026-09-11T14:00,49,Good,9.2,14.3,1.2,1.2,169.0,83.0,,,,,,
2026-09-11T15:00,49,Good,9.3,14.4,1.3,1.0,173.0,85.0,,,,,,
2026-09-11T16:00,49,Good,9.6,14.9,1.8,1.0,173.0,85.0,,,,,,
2026-09-11T17:00,48,Good,8.9,13.6,2.7,0.9,170.0,80.0,,,,,,
2026-09-11T18:00,48,Good,9.5,15.0,3.0,1.2,159.0,77.0,,,,,,
2026-09-11T19:00,49,Good,10.1,15.9,3.5,1.6,144.0,72.0,,,,,,
2026-09-11T20:00,49,Good,10.6,16.9,4.1,2.2,134.0,67.0,,,,,,
2026-09-11T21:00,50,Good,10.8,17.1,4.8,3.1,135.0,62.0,,,,,,
2026-09-11T22:00,50,Good,11.1,17.7,5.6,4.1,140.0,57.0,,,,,,
2026-09-11T23:00,50,Good,11.9,19.2,6.2,4.9,143.0,52.0,,,,,,
2026-09-12T00:00,51,Moderate,12.2,19.8,6.4,5.3,138.0,49.0,,,,,,
2026-09-12T01:00,51,Moderate,12.1,19.7,6.3,5.5,130.0,46.0,,,,,,
2026-09-12T02:00,51,Moderate,11.8,19.5,6.3,5.6,124.0,44.0,,,,,,
2026-09-12T03:00,52,Moderate,11.6,19.5,6.4,5.8,120.0,41.0,,,,,,
2026-09-12T04:00,52,Moderate,11.5,19.5,6.5,5.9,117.0,39.0,,,,,,
2026-09-12T05:00,52,Moderate,11.4,18.9,6.9,5.7,122.0,39.0,,,,,,
2026-09-12T06:00,52,Moderate,11.6,19.0,6.7,6.0,140.0,42.0,,,,,,
2026-09-12T07:00,53,Moderate,12.2,19.3,6.5,6.4,166.0,47.0,,,,,,
2026-09-12T08:00,53,Moderate,13.1,20.3,6.1,6.3,189.0,53.0,,,,,,
2026-09-12T09:00,53,Moderate,15.0,22.3,5.7,5.4,208.0,62.0,,,,,,
2026-09-12T10:00,54,Moderate,16.4,23.5,5.2,4.2,223.0,73.0,,,,,,
2026-09-12T11:00,54,Moderate,16.0,21.4,4.5,3.1,226.0,82.0,,,,,,
2026-09-12T12:00,55,Moderate,15.5,21.2,3.4,2.5,204.0,87.0,,,,,,
2026-09-12T13:00,55,Moderate,14.0,21.1,2.0,2.0,169.0,89.0,,,,,,
2026-09-12T14:00,55,Moderate,13.7,21.0,1.2,1.8,146.0,91.0,,,,,,
2026-09-12T15:00,56,Moderate,13.2,20.4,1.2,1.8,149.0,93.0,,,,,,
2026-09-12T16:00,56,Moderate,12.9,20.3,1.8,1.9,165.0,94.0,,,,,,
2026-09-12T17:00,56,Moderate,12.6,19.6,2.2,1.3,177.0,86.0,,,,,,
2026-09-12T18:00,57,Moderate,12.3,19.2,3.0,2.0,180.0,83.0,,,,,,
2026-09-12T19:00,57,Moderate,12.7,19.6,4.2,3.0,179.0,79.0,,,,,,
2026-09-12T20:00,57,Moderate,13.2,20.0,5.3,3.9,178.0,74.0,,,,,,
2026-09-12T21:00,57,Moderate,13.0,19.4,6.1,4.4,178.0,68.0,,,,,,
2026-09-12T22:00,57,Moderate,12.8,19.0,6.7,4.7,178.0,62.0,,,,,,
2026-09-12T23:00,58,Moderate,12.9,19.1,7.3,5.0,179.0,57.0,,,,,,
2026-09-13T00:00,58,Moderate,13.5,19.7,8.1,5.3,183.0,55.0,,,,,,
2026-09-13T01:00,58,Moderate,14.7,21.1,8.9,5.6,189.0,54.0,,,,,,
2026-09-13T02:00,58,Moderate,15.5,21.8,9.2,5.6,194.0,55.0,,,,,,
2026-09-13T03:00,58,Moderate,15.9,21.7,8.7,5.2,200.0,57.0,,,,,,
2026-09-13T04:00,59,Moderate,16.1,21.8,7.8,4.6,205.0,61.0,,,,,,
2026-09-13T05:00,59,Moderate,15.7,21.2,6.6,4.5,207.0,68.0,,,,,,
2026-09-13T06:00,59,Moderate,15.4,20.5,6.0,4.1,199.0,76.0,,,,,,
2026-09-13T07:00,60,Moderate,15.1,20.1,5.1,3.6,187.0,87.0,,,,,,
2026-09-13T08:00,60,Moderate,15.0,19.8,4.3,3.1,184.0,98.0,,,,,,
2026-09-13T09:00,60,Moderate,14.1,17.7,3.5,2.6,200.0,108.0,,,,,,
2026-09-13T10:00,60,Moderate,14.1,17.4,2.8,2.1,224.0,118.0,,,,,,
2026-09-13T11:00,60,Moderate,15.1,19.2,2.2,1.6,238.0,123.0,,,,,,
2026-09-13T12:00,60,Moderate,17.2,20.3,1.7,1.2,232.0,120.0,,,,,,
2026-09-13T13:00,60,Moderate,14.1,18.0,1.3,0.9,217.0,112.0,,,,,,
2026-09-13T14:00,60,Moderate,14.6,19.8,1.1,0.8,202.0,105.0,,,,,,
2026-09-13T15:00,60,Moderate,14.9,21.3,1.2,0.9,190.0,102.0,,,,,,
2026-09-13T16:00,60,Moderate,15.5,23.5,1.4,1.1,180.0,100.0,,,,,,
2026-09-13T17:00,60,Moderate,18.8,30.6,2.1,1.3,174.0,86.0,,,,,,
2026-09-13T18:00,61,Moderate,18.2,30.4,3.1,3.0,177.0,84.0,,,,,,
2026-09-13T19:00,61,Moderate,19.2,31.5,4.5,5.3,184.0,81.0,,,,,,
2026-09-13T20:00,62,Moderate,20.9,33.6,5.9,7.3,193.0,78.0,,,,,,
2026-09-13T21:00,62,Moderate,22.1,34.6,7.4,8.7,203.0,74.0,,,,,,
2026-09-13T22:00,63,Moderate,22.8,35.2,9.0,9.8,214.0,70.0,,,,,,
2026-09-13T23:00,64,Moderate,22.8,34.5,9.9,10.3,218.0,67.0,,,,,,
2026-09-14T00:00,65,Moderate,22.5,33.6,9.8,10.1,210.0,65.0,,,,,,
2026-09-14T01:00,65,Moderate,23.1,34.1,9.1,9.4,196.0,64.0,,,,,,
2026-09-14T02:00,66,Moderate,23.4,34.3,8.4,8.5,184.0,63.0,,,,,,
2026-09-14T03:00,67,Moderate,23.1,33.6,7.8,7.4,175.0,62.0,,,,,,
2026-09-14T04:00,67,Moderate,22.8,32.8,7.3,6.0,167.0,61.0,,,,,,
2026-09-14T05:00,68,Moderate,17.3,26.4,4.7,4.3,165.0,63.0,,,,,,
2026-09-14T06:00,68,Moderate,18.3,26.7,4.5,4.0,174.0,69.0,,,,,,
2026-09-14T07:00,68,Moderate,19.4,27.2,4.3,3.6,189.0,78.0,,,,,,
2026-09-14T08:00,68,Moderate,20.1,28.2,3.9,3.1,199.0,86.0,,,,,,
2026-09-14T09:00,69,Moderate,20.7,29.3,3.3,2.6,198.0,95.0,,,,,,
2026-09-14T10:00,69,Moderate,20.5,28.7,2.5,2.0,191.0,103.0,,,,,,
2026-09-14T11:00,70,Moderate,19.8,27.8,1.8,1.6,182.0,106.0,,,,,,
2026-09-14T12:00,70,Moderate,19.3,27.9,1.3,1.4,169.0,100.0,,,,,,
2026-09-14T13:00,70,Moderate,18.5,27.5,0.8,1.3,154.0,88.0,,,,,,
2026-09-14T14:00,71,Moderate,17.2,26.7,0.6,1.2,144.0,80.0,,,,,,
2026-09-14T15:00,71,Moderate,17.0,26.8,0.5,0.8,140.0,78.0,,,,,,
2026-09-14T16:00,71,Moderate,16.6,26.3,0.5,0.4,141.0,80.0,,,,,,
2026-09-14T17:00,71,Moderate,24.7,39.8,1.3,1.3,148.0,90.0,,,,,,
2026-09-14T18:00,72,Moderate,24.6,39.9,3.3,3.8,164.0,92.0,,,,,,
2026-09-14T19:00,72,Moderate,24.7,38.3,6.1,7.2,186.0,93.0,,,,,,
2026-09-14T20:00,73,Moderate,24.9,36.0,8.2,9.4,204.0,93.0,,,,,,
2026-09-14T21:00,73,Moderate,22.8,30.0,9.1,9.4,215.0,88.0,,,,,,
2026-09-14T22:00,73,Moderate,23.0,28.9,9.3,8.2,223.0,82.0,,,,,,
2026-09-14T23:00,73,Moderate,22.9,28.2,9.3,7.0,229.0,76.0,,,,,,
2026-09-15T00:00,73,Moderate,22.5,27.6,9.2,6.0,234.0,72.0,,,,,,
2026-09-15T01:00,73,Moderate,22.4,27.4,8.9,4.9,236.0,70.0,,,,,,
2026-09-15T02:00,73,Moderate,22.4,27.2,8.6,4.1,237.0,68.0,,,,,,
2026-09-15T03:00,73,Moderate,22.5,27.2,8.3,3.6,233.0,67.0,,,,,,
2026-09-15T04:00,73,Moderate,22.6,27.2,8.0,3.4,228.0,67.0,,,,,,
2026-09-15T05:00,73,Moderate,19.3,23.1,6.2,3.6,227.0,76.0,,,,,,
2026-09-15T06:00,73,Moderate,19.3,23.2,6.4,4.0,238.0,76.0,,,,,,
2026-09-15T07:00,73,Moderate,19.4,23.5,6.6,4.7,253.0,77.0,,,,,,
2026-09-15T08:00,73,Moderate,19.3,24.0,6.7,5.1,258.0,82.0,,,,,,
2026-09-15T09:00,73,Moderate,20.0,25.7,6.4,5.3,244.0,95.0,,,,,,
2026-09-15T10:00,73,Moderate,20.7,25.8,6.0,5.3,219.0,111.0,,,,,,
2026-09-15T11:00,73,Moderate,23.9,27.7,5.4,5.1,199.0,124.0,,,,,,
2026-09-15T12:00,73,Moderate,25.8,29.5,4.6,4.7,189.0,131.0,,,,,,
2026-09-15T13:00,74,Moderate,23.9,29.4,3.6,4.0,182.0,134.0,,,,,,
2026-09-15T14:00,74,Moderate,22.5,29.7,2.8,3.4,178.0,133.0,,,,,,
2026-09-15T15:00,75,Moderate,20.8,30.3,2.3,2.8,177.0,125.0,,,,,,
2026-09-15T16:00,75,Moderate,20.5,31.9,2.1,2.2,177.0,113.0,,,,,,
2026-09-15T17:00,75,Moderate,16.1,26.7,1.9,1.5,172.0,101.0,,,,,,
2026-09-15T18:00,74,Moderate,15.5,25.9,2.2,2.0,156.0,96.0,,,,,,
2026-09-15T19:00,74,Moderate,14.8,24.6,2.6,2.8,135.0,89.0,,,,,,
2026-09-15T20:00,73,Moderate,14.8,24.3,3.2,3.6,122.0,83.0,,,,,,
2026-09-15T21:00,72,Moderate,14.7,23.9,4.2,4.5,124.0,78.0,,,,,,
2026-09-15T22:00,72,Moderate,14.8,23.5,5.4,5.4,134.0,73.0,,,,,,
2026-09-15T23:00,71,Moderate,15.2,23.5,6.4,6.2,148.0,68.0,,,,,,
2026-09-16T00:00,70,Moderate,15.5,23.7,7.0,6.8,168.0,64.0,,,,,,
2026-09-16T01:00,70,Moderate,16.1,24.5,7.5,7.3,192.0,59.0,,,,,,
2026-09-16T02:00,69,Moderate,16.6,25.4,7.7,7.7,205.0,56.0,,,,,,
2026-09-16T03:00,69,Moderate,17.2,26.7,7.8,8.1,194.0,53.0,,,,,,
2026-09-16T04:00,68,Moderate,17.8,28.1,7.6,8.4,172.0,50.0,,,,,,
2026-09-16T05:00,68,Moderate,21.7,35.2,7.6,10.8,167.0,56.0,,,,,,
2026-09-16T06:00,68,Moderate,21.9,35.4,7.6,10.6,199.0,59.0,,,,,,
2026-09-16T07:00,68,Moderate,21.9,35.0,7.7,10.3,248.0,63.0,,,,,,
2026-09-16T08:00,69,Moderate,22.2,34.9,7.7,9.8,280.0,69.0,,,,,,
2026-09-16T09:00,69,Moderate,22.6,34.9,7.9,9.0,277.0,77.0,,,,,,
2026-09-16T10:00,69,Moderate,23.1,34.1,8.0,7.9,257.0,86.0,,,,,,
2026-09-16T11:00,69,Moderate,22.8,32.5,7.6,6.8,235.0,94.0,,,,,,
2026-09-16T12:00,69,Moderate,23.7,31.1,6.0,5.6,212.0,99.0,,,,,,
2026-09-16T13:00,69,Moderate,20.0,28.6,3.8,4.3,188.0,103.0,,,,,,
2026-09-16T14:00,69,Moderate,17.9,26.2,2.3,3.4,171.0,104.0,,,,,,
2026-09-16T15:00,68,Moderate,13.7,20.4,2.1,3.0,167.0,101.0,,,,,,
2026-09-16T16:00,68,Moderate,11.4,16.9,2.5,2.9,171.0,96.0,,,,,,
2026-09-16T17:00,67,Moderate,11.2,17.2,1.5,1.5,180.0,89.0,,,,,,
2026-09-16T18:00,67,Moderate,9.7,14.7,2.5,2.4,197.0,87.0,,,,,,
2026-09-16T19:00,66,Moderate,9.4,13.5,3.8,3.6,219.0,84.0,,,,,,
2026-09-16T20:00,66,Moderate,9.6,13.4,4.9,4.6,230.0,80.0,,,,,,
2026-09-16T21:00,65,Moderate,10.4,14.3,5.3,4.9,220.0,76.0,,,,,,
2026-09-16T22:00,65,Moderate,10.8,15.0,5.4,5.0,199.0,71.0,,,,,,
2026-09-16T23:00,65,Moderate,11.2,15.6,5.5,5.1,189.0,67.0,,,,,,
2026-09-17T00:00,64,Moderate,11.4,15.9,5.6,5.3,202.0,62.0,,,,,,
2026-09-17T01:00,64,Moderate,11.6,16.2,5.7,5.6,224.0,58.0,,,,,,
2026-09-17T02:00,64,Moderate,11.7,16.3,5.8,5.9,238.0,54.0,,,,,,
2026-09-17T03:00,63,Moderate,11.6,16.1,6.1,6.4,231.0,50.0,,,,,,
2026-09-17T04:00,63,Moderate,11.4,15.8,6.5,7.0,216.0,47.0,,,,,,
2026-09-17T05:00,62,Moderate,10.2,14.5,5.5,5.9,209.0,45.0,,,,,,
2026-09-17T06:00,61,Moderate,9.7,13.9,5.2,6.3,224.0,45.0,,,,,,
2026-09-17T07:00,60,Moderate,9.1,13.0,4.8,6.8,247.0,45.0,,,,,,
2026-09-17T08:00,59,Moderate,9.2,13.1,4.3,6.9,259.0,47.0,,,,,,
2026-09-17T09:00,58,Moderate,9.8,13.9,3.8,6.5,250.0,54.0,,,,,,
2026-09-17T10:00,57,Moderate,10.8,14.9,3.3,5.7,228.0,64.0,,,,,,
2026-09-17T11:00,56,Moderate,10.7,14.7,2.8,4.9,205.0,72.0,,,,,,
2026-09-17T12:00,56,Moderate,10.7,15.1,2.1,4.1,177.0,77.0,,,,,,
2026-09-17T13:00,54,Moderate,9.6,13.7,1.3,3.3,147.0,81.0,,,,,,
2026-09-17T14:00,54,Moderate,8.4,12.0,0.9,2.6,129.0,83.0,,,,,,
2026-09-17T15:00,53,Moderate,7.4,10.7,1.1,2.1,135.0,82.0,,,,,,
2026-09-17T16:00,52,Moderate,6.6,9.6,1.6,1.8,154.0,80.0,,,,,,
2026-09-17T17:00,52,Moderate,6.5,9.5,2.1,1.7,168.0,77.0,,,,,,
2026-09-17T18:00,52,Moderate,6.2,9.0,2.6,2.1,169.0,73.0,,,,,,
2026-09-17T19:00,51,Moderate,5.8,8.4,3.2,2.7,164.0,69.0,,,,,,
2026-09-17T20:00,51,Moderate,5.3,7.7,3.6,3.2,162.0,65.0,,,,,,
2026-09-17T21:00,51,Moderate,5.1,7.3,3.8,3.5,164.0,62.0,,,,,,
2026-09-17T22:00,50,Good,4.9,7.0,3.8,3.7,168.0,59.0,,,,,,
2026-09-17T23:00,50,Good,4.6,6.6,3.9,3.9,172.0,56.0,,,,,,
